pdxasset (int, 2):  [1, 0]
info:
    fps (float, 1):  [24.0]
    sa (int, 1):  [55]
    j (int, 1):  [24]
    Hips:
        sa (str, 1):  ['tqs']
        t (float, 3):  [-0.03630160540342331, 3.9713921546936035, 1.0894548892974854]
        q (float, 4):  [0.26435551047325134, 0.7144553661346436, 0.1918015331029892, 0.6187745928764343]
        s (float, 1):  [0.9999999403953552]
    LeftUpLeg:
        sa (str, 1):  ['tqs']
        t (float, 3):  [-0.08712375164031982, -0.3571862578392029, 0.5555344223976135]
        q (float, 4):  [0.05769824981689453, -0.5703190565109253, 0.5962698459625244, 0.5620225667953491]
        s (float, 1):  [1.0]
    LeftLeg:
        sa (str, 1):  ['tqs']
        t (float, 3):  [5.7220458984375e-06, -2.8759241104125977e-06, 1.7364654541015625]
        q (float, 4):  [-0.3483792841434479, 0.06162716820836067, 0.02034258283674717, 0.9351043701171875]
        s (float, 1):  [0.9999999403953552]
    LeftFoot:
        sa (str, 1):  ['tqs']
        t (float, 3):  [-3.933906555175781e-06, -2.8908252716064453e-06, 1.6212767362594604]
        q (float, 4):  [0.6154099702835083, -0.08563835918903351, 0.05317016690969467, 0.7817349433898926]
        s (float, 1):  [1.0]
    LeftToeBase:
        sa (str, 1):  ['tqs']
        t (float, 3):  [-2.995133399963379e-06, -1.1458992958068848e-05, 0.6033934354782104]
        q (float, 4):  [0.3923800587654114, 0.0096770403906703, 0.08953788131475449, 0.9153836965560913]
        s (float, 1):  [0.9999998807907104]
    RightUpLeg:
        sa (str, 1):  ['tqs']
        t (float, 3):  [0.04908837750554085, -0.4983295798301697, -0.4918174743652344]
        q (float, 4):  [0.57377690076828, -0.5801681280136108, 0.14860346913337708, 0.5586609840393066]
        s (float, 1):  [1.0]
    RightLeg:
        sa (str, 1):  ['tqs']
        t (float, 3):  [-3.844499588012695e-06, 7.152557373046875e-07, 1.7200775146484375]
        q (float, 4):  [-0.2845678925514221, -0.026464149355888367, -0.0010709961643442512, 0.9582899808883667]
        s (float, 1):  [1.0]
    RightFoot:
        sa (str, 1):  ['tqs']
        t (float, 3):  [-3.546476364135742e-06, -2.950429916381836e-06, 1.6338958740234375]
        q (float, 4):  [0.49123796820640564, 0.1086588129401207, -0.12095370888710022, 0.8557153344154358]
        s (float, 1):  [1.0]
    RightToeBase:
        sa (str, 1):  ['tqs']
        t (float, 3):  [6.51925802230835e-09, 7.756054401397705e-06, 0.6061097383499146]
        q (float, 4):  [0.39505723118782043, -0.010654202662408352, -0.09020484238862991, 0.9141550064086914]
        s (float, 1):  [0.9999998807907104]
    Spine02:
        sa (str, 1):  ['tqs']
        t (float, 3):  [0.03803670033812523, 0.4860994815826416, -0.0637359768152237]
        q (float, 4):  [-0.5190086364746094, -0.5377615690231323, -0.5243583917617798, 0.40803292393684387]
        s (float, 1):  [0.9999999403953552]
    Spine01:
        sa (str, 1):  ['tqs']
        t (float, 3):  [4.656612873077393e-06, -1.0962830856442451e-06, 0.4917296767234802]
        q (float, 4):  [-0.04993205517530441, 0.0023050084710121155, -0.0033218564931303263, 0.9987444281578064]
        s (float, 1):  [0.9999998807907104]
    Spine:
        sa (str, 1):  ['tqs']
        t (float, 3):  [-3.5390257835388184e-08, -2.2392487153410912e-07, 0.4917335510253906]
        q (float, 4):  [0.0422016903758049, 0.011864007450640202, -0.011872661300003529, 0.9989681243896484]
        s (float, 1):  [1.0000001192092896]
    LeftShoulder:
        sa (str, 1):  ['tqs']
        t (float, 3):  [0.1497974991798401, -0.004515075124800205, 0.2672136127948761]
        q (float, 4):  [-0.5102949142456055, 0.4194380044937134, -0.5145542025566101, 0.5467219948768616]
        s (float, 1):  [0.9999999403953552]
    LeftArm:
        sa (str, 1):  ['tqs']
        t (float, 3):  [-3.725290298461914e-09, -1.959502696990967e-06, 0.6228752732276917]
        q (float, 4):  [-0.31746792793273926, -0.0930476114153862, -0.1242094486951828, 0.935482919216156]
        s (float, 1):  [1.0]
    LeftForeArm:
        sa (str, 1):  ['tqs']
        t (float, 3):  [7.599592208862305e-06, -8.180737495422363e-06, 1.1016771793365479]
        q (float, 4):  [0.3824828267097473, -0.4912014603614807, -0.026123899966478348, 0.7821416854858398]
        s (float, 1):  [0.9999999403953552]
    LeftHand:
        sa (str, 1):  ['tqs']
        t (float, 3):  [7.450580596923828e-08, -3.129243850708008e-07, 0.7726441621780396]
        q (float, 4):  [0.13064751029014587, -0.1904296576976776, -0.003229598281905055, 0.9729632139205933]
        s (float, 1):  [1.0]
    RightShoulder:
        sa (str, 1):  ['tqs']
        t (float, 3):  [-0.1407443881034851, -0.019361436367034912, 0.2530268728733063]
        q (float, 4):  [-0.5021562576293945, -0.4525439143180847, 0.5256215333938599, 0.5164932012557983]
        s (float, 1):  [0.9999999403953552]
    RightArm:
        sa (str, 1):  ['tqs']
        t (float, 3):  [5.289912223815918e-07, -5.140900611877441e-07, 0.5432052612304688]
        q (float, 4):  [-0.5941601395606995, -0.12849420309066772, -0.14145635068416595, 0.78131502866745]
        s (float, 1):  [1.0]
    RightForeArm:
        sa (str, 1):  ['tqs']
        t (float, 3):  [-3.635883331298828e-06, 3.933906555175781e-06, 1.1030584573745728]
        q (float, 4):  [0.43967732787132263, 0.5762976408004761, 0.018525945022702217, 0.6886375546455383]
        s (float, 1):  [1.0000001192092896]
    RightHand:
        sa (str, 1):  ['tqs']
        t (float, 3):  [1.1682510375976562e-05, -7.599592208862305e-06, 0.8240514993667603]
        q (float, 4):  [0.22722174227237701, 0.290114164352417, 0.31021055579185486, 0.8763409852981567]
        s (float, 1):  [1.0]
    neck:
        sa (str, 1):  ['tqs']
        t (float, 3):  [-0.009052769280970097, 0.023875858634710312, 0.3158414363861084]
        q (float, 4):  [0.04547173157334328, -0.01570918969810009, 0.013412757776677608, 0.9987520575523376]
        s (float, 1):  [0.9999998807907104]
    Head:
        sa (str, 1):  ['tqs']
        t (float, 3):  [1.73225998878479e-07, 4.394678398966789e-08, 0.3153607249259949]
        q (float, 4):  [-0.2720302939414978, 0.013382970355451107, -0.1079457625746727, 0.9561214447021484]
        s (float, 1):  [1.0000001192092896]
    head_end:
        sa (str, 1):  ['tqs']
        t (float, 3):  [-0.0012294948101043701, -0.2804090082645416, 1.0047489404678345]
        q (float, 4):  [0.13565927743911743, -0.000594825018197298, 7.046422556555854e-09, 0.9907553791999817]
        s (float, 1):  [0.9999999403953552]
    headfront:
        sa (str, 1):  ['tqs']
        t (float, 3):  [0.0012294277548789978, 0.28040504455566406, 0.17804311215877533]
        q (float, 4):  [-0.48164692521095276, 0.0021118333097547293, -3.447176766258053e-08, 0.8763628005981445]
        s (float, 1):  [0.9999998807907104]
samples:
    t (float, 3960):  [-0.03630160540342331, 3.971391439437866, 1.0894548892974854, -0.08712375164031982, -0.3571862578392029, 0.5555343627929688, 5.662441253662109e-06, -2.816319465637207e-06, 1.7364654541015625, -3.933906555175781e-06, -2.9802322387695312e-06, 1.62127685546875, -2.868473529815674e-06, -1.1354684829711914e-05, 0.6033934950828552, 0.04908837750554085, -0.4983295798301697, -0.4918174743652344, -3.725290298461914e-06, 5.364418029785156e-07, 1.7200775146484375, -3.7997961044311523e-06, -2.8759241104125977e-06, 1.633895754814148, -8.335337042808533e-08, 7.5623393058776855e-06, 0.6061096787452698, 0.03803670033812523, 0.4860992431640625, -0.06373599171638489, 4.656612873077393e-06, -1.0962830856442451e-06, 0.4917296767234802, -2.0489096641540527e-08, -2.2392487153410912e-07, 0.4917335510253906, 0.1497974991798401, -0.004515075124800205, 0.2672136127948761, -3.725290298461914e-09, -1.959502696990967e-06, 0.6228752136230469, 7.539987564086914e-06, -8.657574653625488e-06, 1.1016769409179688, 1.341104507446289e-07, -3.129243850708008e-07, 0.7726439237594604, -0.1407443881034851, -0.019361436367034912, 0.2530268728733063, 5.289912223815918e-07, -5.140900611877441e-07, 0.543205201625824, -3.635883331298828e-06, 3.874301910400391e-06, 1.1030584573745728, 1.1444091796875e-05, -7.4803829193115234e-06, 0.824051022529602, -0.009052769280970097, 0.023875858634710312, 0.3158414363861084, 1.73225998878479e-07, 4.394678398966789e-08, 0.3153612017631531, -0.0012294948101043701, -0.2804090678691864, 1.0047489404678345, 0.0012294277548789978, 0.2804049849510193, 0.17804311215877533, -0.04035230726003647, 3.9421117305755615, 1.087643027305603, -0.08712349086999893, -0.35718637704849243, 0.5555343627929688, 5.543231964111328e-06, -2.8014183044433594e-06, 1.736465573310852, -3.889203071594238e-06, -2.9206275939941406e-06, 1.6212769746780396, -2.9280781745910645e-06, -1.1369585990905762e-05, 0.6033934354782104, 0.049088552594184875, -0.49832984805107117, -0.4918174743652344, -3.9637088775634766e-06, 3.5762786865234375e-07, 1.7200775146484375, -3.948807716369629e-06, -2.995133399963379e-06, 1.6338956356048584, -7.543712854385376e-08, 7.62939453125e-06, 0.606109619140625, 0.038036830723285675, 0.4860988259315491, -0.0637359619140625, 4.6510249376297e-06, -1.2048403732478619e-06, 0.4917299151420593, 0.0, -5.676993168890476e-07, 0.4917339086532593, 0.1497974544763565, -0.004514954052865505, 0.2672140598297119, 4.209578037261963e-07, -2.041459083557129e-06, 0.6228752136230469, 7.599592208862305e-06, -7.897615432739258e-06, 1.1016769409179688, -1.1920928955078125e-07, -2.384185791015625e-07, 0.7726441621780396, -0.14074444770812988, -0.019361305981874466, 0.2530273199081421, 6.07222318649292e-07, -2.2351741790771484e-07, 0.5432053804397583, -3.7848949432373047e-06, 3.874301910400391e-06, 1.103057861328125, 1.1533498764038086e-05, -7.614493370056152e-06, 0.824051022529602, -0.009052789770066738, 0.02387569472193718, 0.315841943025589, 1.555308699607849e-07, -2.4450127966701984e-07, 0.3153609037399292, -0.0012294910848140717, -0.2804086208343506, 1.0047491788864136, 0.001229509711265564, 0.2804052233695984, 0.17804306745529175, -0.060490820556879044, 3.796544075012207, 1.0786350965499878, -0.08712366968393326, -0.35718590021133423, 0.5555343627929688, 5.677342414855957e-06, -2.950429916381836e-06, 1.7364654541015625, -3.7997961044311523e-06, -2.950429916381836e-06, 1.62127685546875, -2.7623027563095093e-06, -1.1414289474487305e-05, 0.6033934950828552, 0.049088478088378906, -0.49832937121391296, -0.49181753396987915, -3.874301910400391e-06, 3.5762786865234375e-07, 1.7200775146484375, -3.933906555175781e-06, -2.9206275939941406e-06, 1.633895754814148, -4.1443854570388794e-08, 7.577240467071533e-06, 0.6061097383499146, 0.03803693503141403, 0.4860994517803192, -0.0637359768152237, 4.6510249376297e-06, -7.539638318121433e-07, 0.4917304813861847, 6.51925802230835e-09, -1.2648524716496468e-07, 0.49173298478126526, 0.1497974991798401, -0.004515447188168764, 0.26721352338790894, 3.5762786865234375e-07, -1.773238182067871e-06, 0.6228752732276917, 7.86222517490387e-06, -7.718801498413086e-06, 1.1016765832901, 3.5390257835388184e-08, -2.384185791015625e-07, 0.7726436853408813, -0.1407443881034851, -0.019361453130841255, 0.25302669405937195, 6.556510925292969e-07, -7.078051567077637e-08, 0.5432053208351135, -3.919005393981934e-06, 4.231929779052734e-06, 1.1030577421188354, 1.169741153717041e-05, -7.53253698348999e-06, 0.824051022529602, -0.009052758105099201, 0.023875612765550613, 0.3158413767814636, 1.6111880540847778e-07, -2.0719016902148724e-07, 0.31536105275154114, -0.0012294873595237732, -0.2804090082645416, 1.0047492980957031, 0.0012295283377170563, 0.28040486574172974, 0.1780436784029007, -0.07364245504140854, 3.701479911804199, 1.0727524757385254, -0.08712364733219147, -0.3571859300136566, 0.5555343627929688, 5.6996941566467285e-06, -2.86102294921875e-06, 1.7364650964736938, -3.769993782043457e-06, -2.9802322387695312e-06, 1.62127685546875, -2.8740614652633667e-06, -1.1354684829711914e-05, 0.6033936738967896, 0.04908844828605652, -0.4983291029930115, -0.491817444562912, -3.725290298461914e-06, 5.364418029785156e-07, 1.7200772762298584, -3.7997961044311523e-06, -3.0100345611572266e-06, 1.633895754814148, -7.217749953269958e-08, 7.659196853637695e-06, 0.606109619140625, 0.0380367636680603, 0.4860993027687073, -0.0637359693646431, 4.643574357032776e-06, -7.606577128171921e-07, 0.4917292892932892, 1.1175870895385742e-08, -2.2316817194223404e-07, 0.4917333424091339, 0.14979751408100128, -0.004515800625085831, 0.26721444725990295, 1.4901161193847656e-07, -2.1457672119140625e-06, 0.6228751540184021, 7.539987564086914e-06, -7.62939453125e-06, 1.1016770601272583, 1.1920928955078125e-07, -1.7881393432617188e-07, 0.7726438641548157, -0.1407443881034851, -0.019361987709999084, 0.2530277967453003, 6.258487701416016e-07, -9.797513484954834e-07, 0.5432052612304688, -4.082918167114258e-06, 3.516674041748047e-06, 1.103057861328125, 1.1205673217773438e-05, -8.016824722290039e-06, 0.8240509629249573, -0.009052751585841179, 0.023875510320067406, 0.3158428966999054, 1.4156103134155273e-07, 4.209578037261963e-07, 0.3153611421585083, -0.0012293383479118347, -0.2804090082645416, 1.0047498941421509, 0.0012295320630073547, 0.2804049253463745, 0.17804329097270966, -0.07975039631128311, 3.657329797744751, 1.0700204372406006, -0.08712348341941833, -0.3571862578392029, 0.555534303188324, 5.7891011238098145e-06, -2.898275852203369e-06, 1.7364654541015625, -3.7848949432373047e-06, -2.9206275939941406e-06, 1.6212767362594604, -2.857297658920288e-06, -1.1324882507324219e-05, 0.6033934354782104, 0.04908880591392517, -0.4983294606208801, -0.4918173849582672, -3.814697265625e-06, 2.384185791015625e-07, 1.7200778722763062, -3.7997961044311523e-06, -2.913177013397217e-06, 1.633895993232727, -1.7741695046424866e-07, 7.733702659606934e-06, 0.6061094999313354, 0.03803732246160507, 0.48609933257102966, -0.0637359768152237, 4.616566002368927e-06, -8.209608495235443e-07, 0.4917294979095459, 3.725290298461914e-09, -4.300381988286972e-07, 0.4917336404323578, 0.14979751408100128, -0.004515358246862888, 0.2672128677368164, 3.8743019104003906e-07, -1.996755599975586e-06, 0.6228752136230469, 7.659196853637695e-06, -7.271766662597656e-06, 1.1016768217086792, 5.960464477539063e-08, -2.682209014892578e-07, 0.7726439833641052, -0.14074434340000153, -0.019361436367034912, 0.25302642583847046, 6.556510925292969e-07, -6.221234798431396e-07, 0.543205201625824, -3.7848949432373047e-06, 4.351139068603516e-06, 1.103057622909546, 1.1563301086425781e-05, -8.285045623779297e-06, 0.8240509033203125, -0.009052736684679985, 0.02387554943561554, 0.3158409297466278, 1.8998980522155762e-07, -1.3317912817001343e-07, 0.3153609335422516, -0.0012293905019760132, -0.2804088294506073, 1.0047491788864136, 0.0012295842170715332, 0.2804051339626312, 0.17804303765296936, -0.08014477789402008, 3.6544792652130127, 1.0698440074920654, -0.08712321519851685, -0.35718584060668945, 0.5555343627929688, 5.714595317840576e-06, -2.7976930141448975e-06, 1.7364656925201416, -3.9637088775634766e-06, -2.8014183044433594e-06, 1.6212767362594604, -2.911314368247986e-06, -1.1369585990905762e-05, 0.6033936738967896, 0.0490887314081192, -0.4983293414115906, -0.4918174147605896, -3.814697265625e-06, 4.76837158203125e-07, 1.7200771570205688, -3.5762786865234375e-06, -2.86102294921875e-06, 1.6338958740234375, 2.6030465960502625e-07, 7.890164852142334e-06, 0.6061094403266907, 0.03803713247179985, 0.48609936237335205, -0.06373599916696548, 4.673376679420471e-06, -6.635673344135284e-07, 0.49172908067703247, 3.725290298461914e-09, -7.404014468193054e-07, 0.4917338192462921, 0.1497974842786789, -0.004515432752668858, 0.2672133445739746, 7.450580596923828e-08, -1.6093254089355469e-06, 0.6228750944137573, 7.450580596923828e-06, -7.3909759521484375e-06, 1.1016769409179688, 1.1920928955078125e-07, 5.662441253662109e-07, 0.77264404296875, -0.1407443881034851, -0.01936168223619461, 0.2530272305011749, 8.344650268554688e-07, -6.034970283508301e-07, 0.5432051420211792, -3.814697265625e-06, 3.814697265625e-06, 1.103057861328125, 1.1444091796875e-05, -7.331371307373047e-06, 0.8240511417388916, -0.009052764624357224, 0.023875735700130463, 0.3158421814441681, 1.7881393432617188e-07, -2.2165477275848389e-07, 0.3153606057167053, -0.0012293457984924316, -0.28040841221809387, 1.0047498941421509, 0.0012295693159103394, 0.2804051637649536, 0.17804348468780518, -0.07590591907501221, 3.6851189136505127, 1.0717400312423706, -0.08712366968393326, -0.3571861684322357, 0.5555342435836792, 5.736947059631348e-06, -2.9355287551879883e-06, 1.7364648580551147, -3.7848949432373047e-06, -2.682209014892578e-06, 1.62127685546875, -2.86102294921875e-06, -1.1548399925231934e-05, 0.6033936738967896, 0.049088649451732635, -0.4983293116092682, -0.491817444562912, -3.635883331298828e-06, 4.76837158203125e-07, 1.7200775146484375, -3.948807716369629e-06, -2.8312206268310547e-06, 1.633895993232727, -8.847564458847046e-08, 7.644295692443848e-06, 0.6061097383499146, 0.0380367785692215, 0.4860992431640625, -0.0637359693646431, 4.652887582778931e-06, -8.759088814258575e-07, 0.49173006415367126, 7.450580596923828e-09, -5.253532435745001e-07, 0.49173417687416077, 0.1497974991798401, -0.004515152890235186, 0.26721447706222534, 1.4901161193847656e-08, -2.771615982055664e-06, 0.6228749752044678, 7.659196853637695e-06, -7.987022399902344e-06, 1.1016767024993896, 1.9371509552001953e-07, 1.7881393432617188e-07, 0.7726439833641052, -0.1407443732023239, -0.019361574202775955, 0.2530274987220764, 3.5762786865234375e-07, 2.60770320892334e-07, 0.5432054996490479, -3.933906555175781e-06, 4.082918167114258e-06, 1.1030573844909668, 1.1354684829711914e-05, -7.569789886474609e-06, 0.8240506649017334, -0.009052745997905731, 0.023875633254647255, 0.3158423602581024, 1.6158446669578552e-07, 2.1219602786004543e-07, 0.31536054611206055, -0.0012294873595237732, -0.2804085910320282, 1.0047497749328613, 0.0012295003980398178, 0.2804052531719208, 0.1780436784029007, -0.07450555264949799, 3.6952412128448486, 1.0723663568496704, -0.08712373673915863, -0.3571866750717163, 0.5555344223976135, 5.736947059631348e-06, -2.86102294921875e-06, 1.7364654541015625, -3.6507844924926758e-06, -2.8908252716064453e-06, 1.62127685546875, -2.991408109664917e-06, -1.1548399925231934e-05, 0.6033936738967896, 0.049088653177022934, -0.4983297884464264, -0.4918174743652344, -4.0531158447265625e-06, 4.76837158203125e-07, 1.7200772762298584, -3.814697265625e-06, -2.995133399963379e-06, 1.633895993232727, -2.8219074010849e-07, 7.718801498413086e-06, 0.606109619140625, 0.03803687542676926, 0.4860988259315491, -0.06373593211174011, 4.664063453674316e-06, -8.065253496170044e-07, 0.4917289614677429, -2.60770320892334e-08, -4.484318196773529e-07, 0.49173393845558167, 0.1497974395751953, -0.004515193402767181, 0.2672148048877716, 1.7881393432617188e-07, -1.4081597328186035e-06, 0.6228751540184021, 7.599592208862305e-06, -7.569789886474609e-06, 1.1016769409179688, 1.1920928955078125e-07, -5.662441253662109e-07, 0.7726441621780396, -0.1407444179058075, -0.019361821934580803, 0.25302746891975403, 4.470348358154297e-07, -8.009374141693115e-07, 0.5432053804397583, -3.7103891372680664e-06, 3.7550926208496094e-06, 1.103057622909546, 1.1324882507324219e-05, -7.31833279132843e-06, 0.824050784111023, -0.009052813053131104, 0.023875609040260315, 0.31584271788597107, 1.4528632164001465e-07, -2.062879502773285e-07, 0.31536105275154114, -0.0012293467298150063, -0.2804083824157715, 1.0047494173049927, 0.0012296326458454132, 0.28040528297424316, 0.17804303765296936, -0.07931769639253616, 3.6604576110839844, 1.0702139139175415, -0.08712328970432281, -0.3571861684322357, 0.5555343627929688, 5.677342414855957e-06, -2.8014183044433594e-06, 1.7364656925201416, -3.874301910400391e-06, -2.8908252716064453e-06, 1.6212769746780396, -2.8032809495925903e-06, -1.1518597602844238e-05, 0.6033936142921448, 0.049088601022958755, -0.4983295500278473, -0.4918174743652344, -3.844499588012695e-06, 5.960464477539062e-07, 1.720077395439148, -3.933906555175781e-06, -2.8759241104125977e-06, 1.6338958740234375, 8.195638656616211e-08, 7.547438144683838e-06, 0.6061094403266907, 0.03803706541657448, 0.48609915375709534, -0.0637359544634819, 4.6193599700927734e-06, -9.57399606704712e-07, 0.4917300045490265, -4.470348358154297e-08, -2.784654498100281e-07, 0.4917336702346802, 0.14979735016822815, -0.004515288397669792, 0.26721426844596863, 4.470348358154297e-07, -1.3783574104309082e-06, 0.6228750348091125, 7.838010787963867e-06, -7.525086402893066e-06, 1.1016764640808105, 2.384185791015625e-07, 1.341104507446289e-07, 0.7726438641548157, -0.14074453711509705, -0.019361641258001328, 0.2530272305011749, 5.662441253662109e-07, -3.166496753692627e-07, 0.5432051420211792, -3.725290298461914e-06, 3.866851329803467e-06, 1.1030575037002563, 1.1205673217773438e-05, -6.765127182006836e-06, 0.8240508437156677, -0.009052902460098267, 0.023875407874584198, 0.3158419728279114, 1.7136335372924805e-07, 1.2200325727462769e-07, 0.3153610825538635, -0.0012294985353946686, -0.2804092466831207, 1.0047492980957031, 0.0012294575572013855, 0.28040483593940735, 0.17804349958896637, -0.08791020512580872, 3.5983481407165527, 1.0663706064224243, -0.08712376654148102, -0.3571862578392029, 0.5555343627929688, 5.692243576049805e-06, -2.86102294921875e-06, 1.7364658117294312, -3.7550926208496094e-06, -2.9802322387695312e-06, 1.6212772130966187, -2.8852373361587524e-06, -1.1458992958068848e-05, 0.6033935546875, 0.04908815398812294, -0.4983298182487488, -0.4918173849582672, -3.725290298461914e-06, 5.364418029785156e-07, 1.7200775146484375, -3.7103891372680664e-06, -2.8908252716064453e-06, 1.633895993232727, -6.798654794692993e-08, 7.800757884979248e-06, 0.6061095595359802, 0.038036689162254333, 0.4860989451408386, -0.06373591721057892, 4.693865776062012e-06, -1.3131648302078247e-06, 0.49172911047935486, 8.940696716308594e-08, -4.600733518600464e-07, 0.4917338192462921, 0.14979735016822815, -0.004515025764703751, 0.2672145962715149, 2.682209014892578e-07, -1.933891326189041e-06, 0.6228750348091125, 7.584691047668457e-06, -7.68899917602539e-06, 1.1016764640808105, 2.384185791015625e-07, 4.172325134277344e-07, 0.77264404296875, -0.14074450731277466, -0.019361358135938644, 0.25302767753601074, 7.748603820800781e-07, -8.344650268554688e-07, 0.5432052612304688, -3.7103891372680664e-06, 3.7550926208496094e-06, 1.103057861328125, 1.150369644165039e-05, -7.450580596923828e-06, 0.8240508437156677, -0.009052805602550507, 0.023875519633293152, 0.31584230065345764, 2.3469328880310059e-07, -2.100132405757904e-07, 0.3153609037399292, -0.0012296363711357117, -0.280409038066864, 1.0047494173049927, 0.0012294352054595947, 0.2804048955440521, 0.17804311215877533, -0.10461866855621338, 3.477574110031128, 1.0588970184326172, -0.08712343126535416, -0.3571862280368805, 0.5555344820022583, 5.647540092468262e-06, -2.8461217880249023e-06, 1.7364656925201416, -3.904104232788086e-06, -2.8312206268310547e-06, 1.62127685546875, -2.944841980934143e-06, -1.154094934463501e-05, 0.6033937335014343, 0.049088865518569946, -0.4983295202255249, -0.49181753396987915, -3.7141144275665283e-06, 2.905726432800293e-07, 1.720077633857727, -3.6954879760742188e-06, -2.950429916381836e-06, 1.633895993232727, 4.563480615615845e-08, 7.547438144683838e-06, 0.6061095595359802, 0.03803747147321701, 0.4860994219779968, -0.0637359768152237, 4.693865776062012e-06, -8.25151801109314e-07, 0.4917294681072235, -1.1920928955078125e-07, -3.241002559661865e-07, 0.49173322319984436, 0.14979742467403412, -0.004515465348958969, 0.2672138810157776, 1.4156103134155273e-07, -1.564621925354004e-06, 0.6228753924369812, 7.510185241699219e-06, -7.62939453125e-06, 1.1016764640808105, -3.7997961044311523e-07, 2.682209014892578e-07, 0.7726441621780396, -0.14074444770812988, -0.01936175301671028, 0.25302740931510925, 4.842877388000488e-07, 1.4901161193847656e-07, 0.5432053804397583, -3.6954879760742188e-06, 3.814697265625e-06, 1.1030575037002563, 1.1324882507324219e-05, -7.417052984237671e-06, 0.8240510821342468, -0.009052861481904984, 0.023875553160905838, 0.31584203243255615, 2.1979212760925293e-07, 3.3527612686157227e-08, 0.31536123156547546, -0.001229614019393921, -0.2804088890552521, 1.0047498941421509, 0.0012293606996536255, 0.280405193567276, 0.1780441254377365, -0.11924760788679123, 3.3718316555023193, 1.0523535013198853, -0.08712334930896759, -0.35718584060668945, 0.555534303188324, 5.736947059631348e-06, -2.9280781745910645e-06, 1.736465334892273, -3.7997961044311523e-06, -2.950429916381836e-06, 1.62127685546875, -2.777203917503357e-06, -1.1403113603591919e-05, 0.6033934354782104, 0.049088820815086365, -0.49832913279533386, -0.49181750416755676, -3.8370490074157715e-06, 2.4586915969848633e-07, 1.720077633857727, -3.769993782043457e-06, -2.8312206268310547e-06, 1.6338958740234375, -5.541369318962097e-08, 7.621943950653076e-06, 0.6061097383499146, 0.03803757205605507, 0.48609960079193115, -0.06373599171638489, 4.723668098449707e-06, -8.866190910339355e-07, 0.49172890186309814, -7.450580596923828e-09, -4.3585896492004395e-07, 0.4917338192462921, 0.1497974693775177, -0.004515659995377064, 0.26721465587615967, 3.129243850708008e-07, -1.9073486328125e-06, 0.6228751540184021, 7.405877113342285e-06, -7.62939453125e-06, 1.1016769409179688, -2.0116567611694336e-07, -2.5331974029541016e-07, 0.7726439833641052, -0.14074449241161346, -0.01936190202832222, 0.2530277967453003, 2.1606683731079102e-07, -4.991888999938965e-07, 0.543205201625824, -3.993511199951172e-06, 3.829598426818848e-06, 1.1030577421188354, 1.1429190635681152e-05, -7.718801498413086e-06, 0.8240506052970886, -0.00905279815196991, 0.02387523278594017, 0.3158421218395233, 1.4156103134155273e-07, -1.862645149230957e-07, 0.3153613209724426, -0.0012295488268136978, -0.2804087698459625, 1.0047497749328613, 0.0012294272892177105, 0.28040531277656555, 0.1780434548854828, -0.12720654904842377, 3.3143019676208496, 1.0487935543060303, -0.08712347596883774, -0.35718628764152527, 0.555534303188324, 5.890382453799248e-06, -2.9373914003372192e-06, 1.736465334892273, -3.9637088775634766e-06, -2.8014183044433594e-06, 1.6212767362594604, -2.678483724594116e-06, -1.1466443538665771e-05, 0.6033936142921448, 0.04908869042992592, -0.4983295798301697, -0.491817444562912, -3.7476420402526855e-06, 5.550682544708252e-07, 1.7200775146484375, -3.933906555175781e-06, -2.86102294921875e-06, 1.6338958740234375, -9.639188647270203e-08, 7.621943950653076e-06, 0.606109619140625, 0.03803731128573418, 0.4860992729663849, -0.06373593956232071, 4.634261131286621e-06, -8.996576070785522e-07, 0.491729736328125, -2.2351741790771484e-08, -5.066394805908203e-07, 0.49173402786254883, 0.1497974842786789, -0.004515253007411957, 0.26721346378326416, 1.601874828338623e-07, -1.8104910850524902e-06, 0.6228751540184021, 7.867813110351562e-06, -7.808208465576172e-06, 1.1016767024993896, 5.960464477539063e-08, -2.2351741790771484e-08, 0.7726446390151978, -0.1407443732023239, -0.0193617045879364, 0.2530270218849182, 3.725290298461914e-07, -3.241002559661865e-07, 0.543205201625824, -3.2782554626464844e-06, 4.254747182130814e-06, 1.1030582189559937, 1.1622905731201172e-05, -8.314847946166992e-06, 0.8240510821342468, -0.00905272364616394, 0.023875582963228226, 0.31584179401397705, 1.4156103134155273e-07, -7.078051567077637e-08, 0.315360963344574, -0.0012293998152017593, -0.2804090976715088, 1.0047496557235718, 0.0012295488268136978, 0.2804049551486969, 0.17804387211799622, -0.13081854581832886, 3.2881932258605957, 1.0471779108047485, -0.08712349832057953, -0.3571862280368805, 0.5555344223976135, 5.698762834072113e-06, -2.9224902391433716e-06, 1.736465334892273, -3.859400749206543e-06, -3.069639205932617e-06, 1.62127685546875, -2.8032809495925903e-06, -1.1447817087173462e-05, 0.6033936738967896, 0.049088701605796814, -0.49832960963249207, -0.4918174743652344, -3.676861524581909e-06, 4.3213367462158203e-07, 1.720077395439148, -4.1425228118896484e-06, -2.771615982055664e-06, 1.6338956356048584, 1.6763806343078613e-08, 7.621943950653076e-06, 0.6061096787452698, 0.03803720697760582, 0.4860991835594177, -0.0637359470129013, 4.626810550689697e-06, -8.046627044677734e-07, 0.4917297959327698, 0.0, -4.731118679046631e-07, 0.4917331039905548, 0.14979752898216248, -0.004515425767749548, 0.2672135829925537, 6.705522537231445e-08, -1.519918441772461e-06, 0.6228752136230469, 7.778406143188477e-06, -7.450580596923828e-06, 1.1016768217086792, 2.384185791015625e-07, -8.940696716308594e-08, 0.7726439833641052, -0.1407443732023239, -0.01936161518096924, 0.25302642583847046, 5.662441253662109e-07, -3.8929283618927e-07, 0.5432051420211792, -4.0531158447265625e-06, 4.023313522338867e-06, 1.1030577421188354, 1.1563301086425781e-05, -7.271766662597656e-06, 0.8240508437156677, -0.00905277207493782, 0.023875616490840912, 0.315841406583786, 1.341104507446289e-07, 1.3783574104309082e-07, 0.31536024808883667, -0.0012295171618461609, -0.2804085910320282, 1.0047485828399658, 0.0012295916676521301, 0.2804047167301178, 0.17804354429244995, -0.13571253418922424, 3.2528178691864014, 1.0449888706207275, -0.08712360262870789, -0.357186496257782, 0.5555343627929688, 5.754642188549042e-06, -3.0063092708587646e-06, 1.736465573310852, -3.889203071594238e-06, -2.8908252716064453e-06, 1.6212769746780396, -2.86102294921875e-06, -1.1414289474487305e-05, 0.6033937335014343, 0.04908851161599159, -0.49832993745803833, -0.491817444562912, -3.844499588012695e-06, 6.07222318649292e-07, 1.720077633857727, -3.978610038757324e-06, -2.771615982055664e-06, 1.6338958740234375, -1.1594966053962708e-07, 7.569789886474609e-06, 0.606109619140625, 0.03803688660264015, 0.4860989451408386, -0.06373590230941772, 4.541128873825073e-06, -8.046627044677734e-07, 0.491729736328125, -2.9802322387695312e-08, -4.76837158203125e-07, 0.49173328280448914, 0.14979752898216248, -0.004515659064054489, 0.26721352338790894, 1.862645149230957e-07, -2.562999725341797e-06, 0.6228752732276917, 7.631606422364712e-06, -7.271766662597656e-06, 1.1016775369644165, 1.7881393432617188e-07, -1.7881393432617188e-07, 0.7726439237594604, -0.1407444179058075, -0.019361764192581177, 0.2530273199081421, 4.470348358154297e-07, -6.705522537231445e-07, 0.5432052612304688, -3.904104232788086e-06, 3.4570693969726562e-06, 1.103057861328125, 1.138448715209961e-05, -7.212162017822266e-06, 0.8240506649017334, -0.009052760899066925, 0.023875445127487183, 0.31584152579307556, 2.2351741790771484e-07, 0.0, 0.31536048650741577, -0.0012295171618461609, -0.28040921688079834, 1.0047491788864136, 0.0012294948101043701, 0.2804049849510193, 0.17804312705993652, -0.1416633278131485, 3.209803819656372, 1.0423270463943481, -0.08712358772754669, -0.35718637704849243, 0.5555343627929688, 5.885958671569824e-06, -2.771615982055664e-06, 1.736465573310852, -3.844499588012695e-06, -2.7418136596679688e-06, 1.6212769746780396, -2.9280781745910645e-06, -1.1533498764038086e-05, 0.6033936738967896, 0.04908856749534607, -0.49832963943481445, -0.4918174743652344, -3.926455974578857e-06, 4.6193599700927734e-07, 1.720077395439148, -3.7103891372680664e-06, -2.9206275939941406e-06, 1.6338961124420166, -1.2153759598731995e-07, 7.3909759521484375e-06, 0.606109619140625, 0.03803694620728493, 0.48609909415245056, -0.06373593211174011, 4.7013163566589355e-06, -1.0058283805847168e-06, 0.4917297661304474, -1.1920928955078125e-07, -3.427267074584961e-07, 0.49173399806022644, 0.1497974395751953, -0.004515424370765686, 0.267214834690094, 3.0547380447387695e-07, -2.2277235984802246e-06, 0.6228753328323364, 7.1302056312561035e-06, -7.718801498413086e-06, 1.1016772985458374, 1.7881393432617188e-07, -5.960464477539063e-08, 0.7726439237594604, -0.1407444030046463, -0.019361749291419983, 0.25302717089653015, 3.725290298461914e-07, -3.725290298461914e-07, 0.5432053208351135, -3.859400749206543e-06, 3.635883331298828e-06, 1.103057622909546, 1.1146068572998047e-05, -7.212162017822266e-06, 0.8240503668785095, -0.009052827954292297, 0.023875519633293152, 0.31584203243255615, 1.4901161193847656e-07, 2.5331974029541016e-07, 0.31536033749580383, -0.0012294650077819824, -0.2804088294506073, 1.0047496557235718, 0.0012294948101043701, 0.2804052233695984, 0.1780431717634201, -0.14471009373664856, 3.1877806186676025, 1.0409642457962036, -0.08712363988161087, -0.35718652606010437, 0.5555343627929688, 5.826354026794434e-06, -3.069639205932617e-06, 1.736465334892273, -3.874301910400391e-06, -2.950429916381836e-06, 1.621277093887329, -2.7939677238464355e-06, -1.1533498764038086e-05, 0.6033935546875, 0.04908834397792816, -0.498329758644104, -0.49181756377220154, -3.814697265625e-06, 6.817281246185303e-07, 1.720077395439148, -3.814697265625e-06, -2.950429916381836e-06, 1.633895993232727, 1.4528632164001465e-07, 7.68899917602539e-06, 0.6061095595359802, 0.03803713619709015, 0.48609915375709534, -0.0637359693646431, 4.625879228115082e-06, -4.246830940246582e-07, 0.49172961711883545, 2.421438694000244e-08, -5.364418029785156e-07, 0.4917329251766205, 0.1497974991798401, -0.004515096545219421, 0.2672135829925537, 7.674098014831543e-07, -1.911073923110962e-06, 0.6228751540184021, 8.262693881988525e-06, -7.972121238708496e-06, 1.1016767024993896, 3.417953848838806e-07, 3.2782554626464844e-07, 0.7726442813873291, -0.1407444179058075, -0.019361406564712524, 0.25302654504776, 8.642673492431641e-07, -1.1026859283447266e-06, 0.5432052612304688, -3.5762786865234375e-06, 3.769993782043457e-06, 1.103058099746704, 1.1622905731201172e-05, -7.949769496917725e-06, 0.824050784111023, -0.009052649140357971, 0.023875653743743896, 0.31584104895591736, 7.450580596923828e-09, -2.9802322387695312e-08, 0.3153606653213501, -0.0012292861938476562, -0.28040894865989685, 1.004749059677124, 0.0012297332286834717, 0.2804049849510193, 0.17804355919361115, -0.14706729352474213, 3.1707422733306885, 1.0399099588394165, -0.08712350577116013, -0.35718613862991333, 0.5555343627929688, 5.751848220825195e-06, -2.8312206268310547e-06, 1.7364654541015625, -3.874301910400391e-06, -2.8908252716064453e-06, 1.62127685546875, -2.8461217880249023e-06, -1.1429190635681152e-05, 0.6033935546875, 0.04908866062760353, -0.4983293414115906, -0.49181750416755676, -3.988388925790787e-06, 4.987232387065887e-07, 1.720077633857727, -3.844499588012695e-06, -2.8908252716064453e-06, 1.633895754814148, -9.639188647270203e-08, 7.577240467071533e-06, 0.6061095595359802, 0.03803713619709015, 0.4860994815826416, -0.06373600661754608, 4.559755325317383e-06, -7.078051567077637e-07, 0.4917302429676056, 2.9802322387695312e-08, -2.2351741790771484e-07, 0.4917331337928772, 0.1497974991798401, -0.004515603184700012, 0.26721420884132385, 4.78699803352356e-07, -1.5236437320709229e-06, 0.6228750348091125, 7.715076208114624e-06, -7.4803829193115234e-06, 1.1016770601272583, 1.7508864402770996e-07, 1.4901161193847656e-07, 0.7726439833641052, -0.1407444328069687, -0.019361943006515503, 0.25302720069885254, 4.76837158203125e-07, -2.9802322387695312e-08, 0.5432053208351135, -4.112720489501953e-06, 3.993511199951172e-06, 1.1030573844909668, 1.1205673217773438e-05, -7.539987564086914e-06, 0.824050784111023, -0.009052768349647522, 0.023875311017036438, 0.3158421516418457, 1.1920928955078125e-07, 7.450580596923828e-08, 0.31536102294921875, -0.0012295246124267578, -0.2804088592529297, 1.0047496557235718, 0.0012295544147491455, 0.28040504455566406, 0.1780431866645813, -0.15007303655147552, 3.1490156650543213, 1.0385655164718628, -0.08712384849786758, -0.3571867346763611, 0.5555343627929688, 5.602836608886719e-06, -2.86102294921875e-06, 1.7364659309387207, -3.6656856536865234e-06, -2.8312206268310547e-06, 1.6212769746780396, -2.9318034648895264e-06, -1.1399388313293457e-05, 0.6033935546875, 0.04908852279186249, -0.498329758644104, -0.4918174743652344, -4.056841135025024e-06, 5.21540641784668e-07, 1.7200772762298584, -3.933906555175781e-06, -2.7418136596679688e-06, 1.633895754814148, -8.312053978443146e-08, 7.7858567237854e-06, 0.6061094999313354, 0.03803703188896179, 0.4860990643501282, -0.0637359470129013, 4.738569259643555e-06, -6.705522537231445e-07, 0.491729736328125, 0.0, -7.450580596923828e-07, 0.4917331337928772, 0.1497974693775177, -0.004515126347541809, 0.2672141194343567, 4.5855995267629623e-07, -2.0189909264445305e-06, 0.6228752732276917, 7.662922143936157e-06, -7.543712854385376e-06, 1.1016765832901, 0.0, 3.8743019104003906e-07, 0.77264404296875, -0.14074444770812988, -0.01936173439025879, 0.25302696228027344, 4.6193599700927734e-07, -9.238719940185547e-07, 0.5432052612304688, -3.844499588012695e-06, 3.993511199951172e-06, 1.1030579805374146, 1.1205673217773438e-05, -7.808208465576172e-06, 0.824051022529602, -0.009052813053131104, 0.023875251412391663, 0.31584179401397705, 1.7881393432617188e-07, 4.3213367462158203e-07, 0.315361350774765, -0.001229703426361084, -0.28040894865989685, 1.0047494173049927, 0.0012293457984924316, 0.28040504455566406, 0.1780438870191574, -0.15135988593101501, 3.139714002609253, 1.037989854812622, -0.08712318539619446, -0.35718637704849243, 0.5555344223976135, 5.587935447692871e-06, -2.8759241104125977e-06, 1.7364652156829834, -3.7848949432373047e-06, -2.9802322387695312e-06, 1.62127685546875, -2.954155206680298e-06, -1.1473894119262695e-05, 0.6033937335014343, 0.04908868670463562, -0.4983295798301697, -0.4918174743652344, -3.956258296966553e-06, 5.103647708892822e-07, 1.720077395439148, -3.844499588012695e-06, -2.8014183044433594e-06, 1.6338961124420166, -1.7578713595867157e-07, 7.681548595428467e-06, 0.6061097383499146, 0.03803757578134537, 0.4860992431640625, -0.0637359544634819, 4.649162292480469e-06, -7.841736078262329e-07, 0.4917297661304474, -1.7881393432617188e-07, -2.086162567138672e-07, 0.4917336106300354, 0.14979761838912964, -0.0045156329870224, 0.2672135829925537, 2.7939677238464355e-09, -1.8365681171417236e-06, 0.6228753328323364, 7.82310962677002e-06, -7.53253698348999e-06, 1.1016762256622314, -1.1920928955078125e-07, -1.862645149230957e-09, 0.7726441025733948, -0.14074450731277466, -0.019361980259418488, 0.2530263066291809, 3.688037395477295e-07, -5.066394805908203e-07, 0.5432052612304688, -3.5017728805541992e-06, 3.818422555923462e-06, 1.103058099746704, 1.1533498764038086e-05, -7.927417755126953e-06, 0.8240509033203125, -0.009052693843841553, 0.02387547492980957, 0.3158412575721741, 1.7881393432617188e-07, 1.341104507446289e-07, 0.3153608739376068, -0.001229405403137207, -0.280408650636673, 1.004748821258545, 0.0012295246124267578, 0.2804052531719208, 0.178043395280838, -0.15240585803985596, 3.132153272628784, 1.0375219583511353, -0.08712361007928848, -0.35718613862991333, 0.5555343627929688, 5.908310413360596e-06, -2.8014183044433594e-06, 1.7364652156829834, -3.7848949432373047e-06, -2.8312206268310547e-06, 1.62127685546875, -2.9355287551879883e-06, -1.1533498764038086e-05, 0.6033936738967896, 0.04908864200115204, -0.4983293414115906, -0.491817444562912, -3.769993782043457e-06, 4.76837158203125e-07, 1.7200775146484375, -3.874301910400391e-06, -2.86102294921875e-06, 1.6338962316513062, -5.8673322200775146e-08, 7.5623393058776855e-06, 0.6061096787452698, 0.03803711384534836, 0.4860996603965759, -0.06373585760593414, 4.626810550689697e-06, -9.387731552124023e-07, 0.4917300343513489, -1.043081283569336e-07, -5.587935447692871e-07, 0.49173370003700256, 0.14979758858680725, -0.004515372216701508, 0.267213374376297, 5.438923835754395e-07, -1.519918441772461e-06, 0.6228750944137573, 7.510185241699219e-06, -7.718801498413086e-06, 1.1016768217086792, -5.960464477539062e-07, 6.556510925292969e-07, 0.7726441621780396, -0.14074429869651794, -0.01936175674200058, 0.25302654504776, 5.289912223815918e-07, -6.854534149169922e-07, 0.5432050824165344, -3.844499588012695e-06, 4.023313522338867e-06, 1.103057622909546, 1.119077205657959e-05, -7.808208465576172e-06, 0.8240511417388916, -0.00905272364616394, 0.0238754004240036, 0.3158412575721741, 7.450580596923828e-08, 1.341104507446289e-07, 0.31536033749580383, -0.0012294650077819824, -0.2804088294506073, 1.0047492980957031, 0.0012298822402954102, 0.28040504455566406, 0.17804372310638428, -0.15596903860569, 3.1063976287841797, 1.0359282493591309, -0.08712354302406311, -0.3571867346763611, 0.5555343627929688, 5.781650543212891e-06, -2.86102294921875e-06, 1.7364650964736938, -3.9637088775634766e-06, -2.86102294921875e-06, 1.62127685546875, -2.738088369369507e-06, -1.1369585990905762e-05, 0.6033936142921448, 0.049088433384895325, -0.4983299970626831, -0.4918174147605896, -3.6656856536865234e-06, 3.5762786865234375e-07, 1.7200775146484375, -3.6656856536865234e-06, -2.8908252716064453e-06, 1.6338958740234375, -5.4016709327697754e-08, 7.651746273040771e-06, 0.6061097383499146, 0.03803703188896179, 0.486098974943161, -0.06373593211174011, 4.502944648265839e-06, -1.0132789611816406e-06, 0.49172961711883545, -2.1979212760925293e-07, -5.21540641784668e-07, 0.49173328280448914, 0.1497977077960968, -0.00451505184173584, 0.2672136127948761, -5.960464477539063e-08, -2.0638108253479004e-06, 0.6228750944137573, 8.046627044677734e-06, -7.4067211244255304e-06, 1.1016770601272583, 0.0, -1.6391277313232422e-07, 0.77264404296875, -0.14074432849884033, -0.019361525774002075, 0.25302642583847046, 3.501772880554199e-07, -6.258487701416016e-07, 0.5432050824165344, -3.986060619354248e-06, 3.3080577850341797e-06, 1.1030575037002563, 1.1652708053588867e-05, -7.674098014831543e-06, 0.824050784111023, -0.009052813053131104, 0.023875460028648376, 0.31584104895591736, 1.5459954738616943e-07, 2.086162567138672e-07, 0.3153611719608307, -0.0012298524379730225, -0.28040891885757446, 1.0047492980957031, 0.001229599118232727, 0.2804047167301178, 0.17804348468780518, -0.16590853035449982, 3.0345518589019775, 1.0314823389053345, -0.08712323009967804, -0.357186496257782, 0.5555344820022583, 5.736947059631348e-06, -2.8908252716064453e-06, 1.736465573310852, -3.874301910400391e-06, -2.682209014892578e-06, 1.6212769746780396, -3.0882656574249268e-06, -1.138448715209961e-05, 0.6033936738967896, 0.04908888041973114, -0.49832984805107117, -0.4918174743652344, -3.7103891372680664e-06, 6.109476089477539e-07, 1.720077395439148, -3.9637088775634766e-06, -2.9206275939941406e-06, 1.6338955163955688, -7.450580596923828e-08, 7.592141628265381e-06, 0.6061096787452698, 0.0380374938249588, 0.48609909415245056, -0.06373585760593414, 4.582107067108154e-06, -1.0132789611816406e-06, 0.49172964692115784, -2.384185791015625e-07, -5.811452865600586e-07, 0.4917336106300354, 0.1497976928949356, -0.004515349864959717, 0.2672134339809418, 4.6193599700927734e-07, -1.7061829566955566e-06, 0.6228750348091125, 8.046627044677734e-06, -7.160007953643799e-06, 1.1016770601272583, 4.172325134277344e-07, 7.450580596923828e-08, 0.7726439833641052, -0.14074420928955078, -0.0193617045879364, 0.2530266344547272, 7.748603820800781e-07, -9.238719940185547e-07, 0.5432050228118896, -3.643333911895752e-06, 3.829598426818848e-06, 1.1030579805374146, 1.1414289474487305e-05, -7.718801498413086e-06, 0.8240506649017334, -0.009052440524101257, 0.023875847458839417, 0.3158412575721741, 1.043081283569336e-07, 1.6391277313232422e-07, 0.3153613805770874, -0.0012295246124267578, -0.2804088592529297, 1.0047495365142822, 0.001229599118232727, 0.28040504455566406, 0.17804336547851562, -0.17661690711975098, 2.957148313522339, 1.026692509651184, -0.08712366223335266, -0.3571861982345581, 0.5555343627929688, 5.677342414855957e-06, -2.950429916381836e-06, 1.736465334892273, -3.993511199951172e-06, -2.9355287551879883e-06, 1.62127685546875, -2.905726432800293e-06, -1.1578202247619629e-05, 0.6033934354782104, 0.0490884929895401, -0.4983294606208801, -0.49181750416755676, -3.986060619354248e-06, 2.8312206268310547e-07, 1.720077395439148, -4.202127456665039e-06, -2.7418136596679688e-06, 1.6338958740234375, 3.427267074584961e-07, 7.718801498413086e-06, 0.606109619140625, 0.03803686052560806, 0.4860993027687073, -0.06373602151870728, 4.678964614868164e-06, -9.238719940185547e-07, 0.4917295575141907, 7.450580596923828e-08, -3.948807716369629e-07, 0.491733193397522, 0.14979751408100128, -0.004515431821346283, 0.26721376180648804, 1.3969838619232178e-07, -1.8775463104248047e-06, 0.6228753924369812, 7.763504981994629e-06, -7.37607479095459e-06, 1.1016769409179688, 4.470348358154297e-07, -1.1548399925231934e-07, 0.77264404296875, -0.14074426889419556, -0.019361793994903564, 0.25302690267562866, 4.023313522338867e-07, -9.238719940185547e-07, 0.5432052612304688, -4.082918167114258e-06, 3.4570693969726562e-06, 1.103057861328125, 1.1652708053588867e-05, -7.584691047668457e-06, 0.824051022529602, -0.009052857756614685, 0.02387535572052002, 0.3158412575721741, 2.5331974029541016e-07, 2.8312206268310547e-07, 0.315360963344574, -0.0012295693159103394, -0.28040918707847595, 1.0047495365142822, 0.0012296289205551147, 0.2804049253463745, 0.17804348468780518, -0.19041673839092255, 2.857398748397827, 1.0205199718475342, -0.08712346106767654, -0.3571862280368805, 0.5555344223976135, 5.647540092468262e-06, -2.8014183044433594e-06, 1.7364656925201416, -3.904104232788086e-06, -2.977438271045685e-06, 1.6212769746780396, -2.8014183044433594e-06, -1.1563301086425781e-05, 0.6033934354782104, 0.049088746309280396, -0.4983295202255249, -0.491817444562912, -3.829598426818848e-06, 4.6193599700927734e-07, 1.720077395439148, -3.844499588012695e-06, -2.8312206268310547e-06, 1.633895754814148, 1.1920928955078125e-07, 7.6070427894592285e-06, 0.6061097383499146, 0.03803734481334686, 0.4860993027687073, -0.06373590230941772, 4.5746564865112305e-06, -9.797513484954834e-07, 0.4917300343513489, 1.7881393432617188e-07, -3.129243850708008e-07, 0.49173349142074585, 0.14979717135429382, -0.004515435546636581, 0.2672133445739746, 3.282912075519562e-07, -1.9818544387817383e-06, 0.6228750348091125, 7.659196853637695e-06, -7.659196853637695e-06, 1.1016768217086792, -3.5762786865234375e-07, 2.086162567138672e-07, 0.7726439833641052, -0.1407446563243866, -0.019361749291419983, 0.2530265748500824, 4.470348358154297e-07, -4.76837158203125e-07, 0.5432052612304688, -3.7848949432373047e-06, 3.993511199951172e-06, 1.103058099746704, 1.138448715209961e-05, -7.12275505065918e-06, 0.824050784111023, -0.009053051471710205, 0.02387554943561554, 0.31584131717681885, 1.7881393432617188e-07, 2.9802322387695312e-08, 0.3153613805770874, -0.0012295544147491455, -0.2804085612297058, 1.0047495365142822, 0.0012294948101043701, 0.2804051637649536, 0.17804357409477234, -0.20472954213619232, 2.753941297531128, 1.014117956161499, -0.08712344616651535, -0.35718634724617004, 0.555534303188324, 5.751848220825195e-06, -2.8908252716064453e-06, 1.7364656925201416, -3.814697265625e-06, -2.7939677238464355e-06, 1.62127685546875, -2.868473529815674e-06, -1.1187046766281128e-05, 0.6033933758735657, 0.049088746309280396, -0.49832963943481445, -0.4918174743652344, -3.904104232788086e-06, 3.5762786865234375e-07, 1.7200775146484375, -3.5762786865234375e-06, -2.771615982055664e-06, 1.6338962316513062, 1.043081283569336e-07, 7.797032594680786e-06, 0.6061095595359802, 0.0380372554063797, 0.48609912395477295, -0.06373601406812668, 4.544854164123535e-06, -7.7858567237854e-07, 0.4917296767234802, -5.960464477539063e-08, -4.6566128730773926e-07, 0.4917335510253906, 0.14979758858680725, -0.004515472799539566, 0.26721400022506714, 2.1979212760925293e-07, -1.773238182067871e-06, 0.6228753924369812, 7.4803829193115234e-06, -7.212162017822266e-06, 1.1016769409179688, 2.086162567138672e-07, 4.0978193283081055e-08, 0.7726441621780396, -0.14074435830116272, -0.019361838698387146, 0.25302693247795105, 5.699694156646729e-07, -4.880130290985107e-07, 0.5432053208351135, -3.874301910400391e-06, 3.814697265625e-06, 1.1030577421188354, 1.138448715209961e-05, -7.718801498413086e-06, 0.8240509629249573, -0.009052813053131104, 0.02387523278594017, 0.315841406583786, 5.960464477539063e-08, 2.4586915969848633e-07, 0.3153606653213501, -0.0012294650077819824, -0.2804090976715088, 1.0047498941421509, 0.0012295544147491455, 0.2804049849510193, 0.17804396152496338, -0.22197292745113373, 2.629300832748413, 1.006404995918274, -0.08712361007928848, -0.3571862280368805, 0.555534303188324, 5.930662155151367e-06, -2.950429916381836e-06, 1.7364654541015625, -3.844499588012695e-06, -2.902001142501831e-06, 1.621276617050171, -2.8386712074279785e-06, -1.139659434556961e-05, 0.6033936738967896, 0.049088507890701294, -0.49832963943481445, -0.4918174743652344, -3.7103891372680664e-06, 5.066394805908203e-07, 1.7200775146484375, -3.6954879760742188e-06, -2.960674464702606e-06, 1.633895754814148, 0.0, 7.580965757369995e-06, 0.6061093807220459, 0.03803712874650955, 0.4860993027687073, -0.0637359619140625, 4.610046744346619e-06, -7.972121238708496e-07, 0.4917299151420593, -2.849847078323364e-07, -4.991888999938965e-07, 0.4917336404323578, 0.14979758858680725, -0.004515446722507477, 0.26721397042274475, 4.6193599700927734e-07, -1.8253922462463379e-06, 0.6228752732276917, 7.666647434234619e-06, -7.539987564086914e-06, 1.1016768217086792, -5.960464477539063e-08, 1.7881393432617188e-07, 0.7726435661315918, -0.14074435830116272, -0.019361764192581177, 0.2530268430709839, 3.3155083656311035e-07, -2.384185791015625e-07, 0.5432051420211792, -3.725290298461914e-06, 3.635883331298828e-06, 1.1030579805374146, 1.1622905731201172e-05, -7.450580596923828e-06, 0.8240509629249573, -0.00905286893248558, 0.023875325918197632, 0.3158412575721741, 1.6391277313232422e-07, -1.043081283569336e-07, 0.31536179780960083, -0.0012293756008148193, -0.28040894865989685, 1.004750370979309, 0.0012295842170715332, 0.2804051637649536, 0.1780441552400589, -0.2238101214170456, 2.616020917892456, 1.0055832862854004, -0.08712340146303177, -0.35718581080436707, 0.5555344820022583, 5.781650543212891e-06, -2.7865171432495117e-06, 1.736465334892273, -3.814697265625e-06, -2.8014183044433594e-06, 1.621276617050171, -2.9206275939941406e-06, -1.1455267667770386e-05, 0.6033935546875, 0.04908871650695801, -0.4983293414115906, -0.4918174743652344, -4.172325134277344e-06, 4.172325134277344e-07, 1.7200775146484375, -3.993511199951172e-06, -2.86102294921875e-06, 1.6338956356048584, 2.980232238769531e-07, 7.554888725280762e-06, 0.6061093807220459, 0.038037270307540894, 0.48609980940818787, -0.06373593211174011, 4.634261131286621e-06, -6.332993507385254e-07, 0.4917299747467041, -2.086162567138672e-07, -4.76837158203125e-07, 0.4917336106300354, 0.1497974395751953, -0.004515374079346657, 0.2672136425971985, 7.636845111846924e-08, -1.4603137969970703e-06, 0.6228752136230469, 7.447786629199982e-06, -7.62939453125e-06, 1.1016769409179688, 3.3527612686157227e-07, 2.384185791015625e-07, 0.77264404296875, -0.1407444030046463, -0.019361624494194984, 0.2530269920825958, 1.3783574104309082e-07, -4.172325134277344e-07, 0.5432051420211792, -3.546476364135742e-06, 4.0531158447265625e-06, 1.1030575037002563, 1.138448715209961e-05, -7.569789886474609e-06, 0.8240507245063782, -0.009052999317646027, 0.023875391110777855, 0.31584134697914124, 4.3213367462158203e-07, 2.9802322387695312e-08, 0.31536155939102173, -0.001229315996170044, -0.28040894865989685, 1.0047496557235718, 0.0012296438217163086, 0.2804049849510193, 0.17804348468780518, -0.2238244116306305, 2.615917682647705, 1.0055768489837646, -0.08712349832057953, -0.3571861982345581, 0.5555344223976135, 5.513429641723633e-06, -2.9336661100387573e-06, 1.7364656925201416, -3.814697265625e-06, -2.86102294921875e-06, 1.6212767362594604, -2.86102294921875e-06, -1.1760741472244263e-05, 0.6033934354782104, 0.04908871650695801, -0.49832969903945923, -0.49181753396987915, -3.814697265625e-06, 3.725290298461914e-07, 1.7200777530670166, -3.6954879760742188e-06, -3.039836883544922e-06, 1.6338955163955688, 2.9802322387695312e-08, 7.4729323387146e-06, 0.606109619140625, 0.038037173449993134, 0.48609933257102966, -0.06373600661754608, 4.6193599700927734e-06, -7.292255759239197e-07, 0.4917294383049011, 8.940696716308594e-08, -5.811452865600586e-07, 0.49173370003700256, 0.14979758858680725, -0.0045152753591537476, 0.26721352338790894, 1.1734664440155029e-07, -1.8477439880371094e-06, 0.6228747367858887, 7.841736078262329e-06, -7.674098014831543e-06, 1.1016768217086792, -1.1920928955078125e-07, 2.980232238769531e-07, 0.7726437449455261, -0.14074449241161346, -0.019361793994903564, 0.25302645564079285, 3.2084062695503235e-07, -1.1175870895385742e-07, 0.5432050228118896, -4.336237907409668e-06, 3.7848949432373047e-06, 1.1030573844909668, 1.1563301086425781e-05, -7.450580596923828e-06, 0.8240508437156677, -0.009052708745002747, 0.023875713348388672, 0.31584158539772034, 2.086162567138672e-07, -2.980232238769531e-07, 0.31536102294921875, -0.0012297332286834717, -0.28040874004364014, 1.0047489404678345, 0.0012294650077819824, 0.2804049253463745, 0.17804311215877533, -0.22979837656021118, 2.5727360248565674, 1.0029047727584839, -0.08712352812290192, -0.35718628764152527, 0.5555344223976135, 5.7220458984375e-06, -2.8759241104125977e-06, 1.736465573310852, -3.814697265625e-06, -2.7418136596679688e-06, 1.6212767362594604, -2.7120113372802734e-06, -1.1477619409561157e-05, 0.6033936738967896, 0.04908844828605652, -0.4983297884464264, -0.49181750416755676, -3.6656856536865234e-06, 5.662441253662109e-07, 1.720077633857727, -3.814697265625e-06, -2.9206275939941406e-06, 1.633895993232727, 8.940696716308594e-08, 7.72625207901001e-06, 0.6061094999313354, 0.03803703188896179, 0.486098974943161, -0.06373602896928787, 4.723668098449707e-06, -9.98377799987793e-07, 0.4917296767234802, 0.0, -4.76837158203125e-07, 0.49173372983932495, 0.14979755878448486, -0.004515543580055237, 0.2672135829925537, 3.110617399215698e-07, -1.9371509552001953e-06, 0.6228753924369812, 7.515773177146912e-06, -7.597729563713074e-06, 1.1016768217086792, 5.066394805908203e-07, 1.4901161193847656e-08, 0.7726444005966187, -0.14074435830116272, -0.019361793994903564, 0.2530266344547272, 6.183981895446777e-07, -5.941838026046753e-07, 0.5432053804397583, -3.7848949432373047e-06, 3.874301910400391e-06, 1.103057861328125, 1.1593103408813477e-05, -7.68899917602539e-06, 0.824051022529602, -0.009052574634552002, 0.023875385522842407, 0.31584155559539795, 3.2782554626464844e-07, 5.21540641784668e-08, 0.3153610825538635, -0.0012294501066207886, -0.28040897846221924, 1.0047497749328613, 0.0012294277548789978, 0.28040504455566406, 0.17804338037967682, -0.24022725224494934, 2.4973528385162354, 0.9982399344444275, -0.08712351322174072, -0.35718628764152527, 0.5555343627929688, 5.781650543212891e-06, -2.820044755935669e-06, 1.7364654541015625, -3.7550926208496094e-06, -2.9206275939941406e-06, 1.621277093887329, -3.0994415283203125e-06, -1.1302530765533447e-05, 0.6033935546875, 0.049088623374700546, -0.49832943081855774, -0.4918173849582672, -3.725290298461914e-06, 3.725290298461914e-07, 1.7200777530670166, -3.933906555175781e-06, -2.9802322387695312e-06, 1.6338958740234375, -5.21540641784668e-08, 7.599592208862305e-06, 0.6061096787452698, 0.038037266582250595, 0.48609983921051025, -0.06373587250709534, 4.500150680541992e-06, -9.238719940185547e-07, 0.49172940850257874, 0.0, -4.470348358154297e-07, 0.4917341470718384, 0.14979732036590576, -0.004515394568443298, 0.26721400022506714, 2.4028122425079346e-07, -2.2351741790771484e-06, 0.6228753924369812, 7.368624210357666e-06, -7.644295692443848e-06, 1.1016768217086792, -4.991888999938965e-07, -1.4901161193847656e-08, 0.7726439833641052, -0.1407443881034851, -0.019361764192581177, 0.2530275881290436, 4.246830940246582e-07, -1.1026859283447266e-06, 0.543205201625824, -3.926455974578857e-06, 3.7550926208496094e-06, 1.103057861328125, 1.1648982763290405e-05, -7.241964340209961e-06, 0.824051022529602, -0.009052813053131104, 0.023875445127487183, 0.3158420920372009, 3.2782554626464844e-07, -1.1920928955078125e-07, 0.31536078453063965, -0.001229320652782917, -0.28040868043899536, 1.0047495365142822, 0.0012299488298594952, 0.28040510416030884, 0.17804360389709473, -0.23849359154701233, 2.5098841190338135, 0.9990153908729553, -0.08712346851825714, -0.35718610882759094, 0.5555344223976135, 5.841255187988281e-06, -2.9280781745910645e-06, 1.736465573310852, -3.933906555175781e-06, -2.9206275939941406e-06, 1.6212769746780396, -2.9318034648895264e-06, -1.1254101991653442e-05, 0.6033934950828552, 0.049088627099990845, -0.4983297288417816, -0.4918174147605896, -3.725290298461914e-06, 5.364418029785156e-07, 1.7200775146484375, -3.993511199951172e-06, -2.8014183044433594e-06, 1.6338953971862793, 2.9802322387695312e-08, 7.539987564086914e-06, 0.6061097383499146, 0.03803716599941254, 0.4860991835594177, -0.06373590230941772, 4.693865776062012e-06, -8.419156074523926e-07, 0.4917302131652832, 5.960464477539063e-08, -4.470348358154297e-07, 0.4917334020137787, 0.14979737997055054, -0.004515409469604492, 0.2672138512134552, 2.086162567138672e-07, -1.7881393432617188e-06, 0.6228753328323364, 7.696449756622314e-06, -7.584691047668457e-06, 1.1016769409179688, 8.381903171539307e-09, -4.470348358154297e-08, 0.7726441621780396, -0.1407443881034851, -0.019361674785614014, 0.25302720069885254, 4.3213367462158203e-07, -7.450580596923828e-07, 0.5432050228118896, -3.844499588012695e-06, 3.7997961044311523e-06, 1.1030583381652832, 1.1354684829711914e-05, -7.897615432739258e-06, 0.8240509629249573, -0.009052813053131104, 0.02387535572052002, 0.31584203243255615, 5.960464477539063e-08, -5.21540641784668e-08, 0.3153609335422516, -0.0012295693159103394, -0.28040868043899536, 1.0047489404678345, 0.0012292414903640747, 0.28040534257888794, 0.17804312705993652, -0.2409651279449463, 2.4920191764831543, 0.9979099035263062, -0.08712345361709595, -0.3571864664554596, 0.5555343627929688, 5.692243576049805e-06, -2.7865171432495117e-06, 1.736465334892273, -3.844499588012695e-06, -2.9802322387695312e-06, 1.6212767362594604, -2.9206275939941406e-06, -1.1429190635681152e-05, 0.6033935546875, 0.04908880591392517, -0.49832984805107117, -0.4918173551559448, -3.933906555175781e-06, 2.8312206268310547e-07, 1.720077395439148, -4.172325134277344e-06, -2.9802322387695312e-06, 1.6338956356048584, 0.0, 7.4356794357299805e-06, 0.6061094403266907, 0.038037270307540894, 0.48609885573387146, -0.0637359768152237, 4.67151403427124e-06, -1.043081283569336e-06, 0.49172982573509216, 1.4901161193847656e-08, -4.76837158203125e-07, 0.4917333722114563, 0.14979740977287292, -0.004515498876571655, 0.2672136127948761, 2.682209014892578e-07, -1.7136335372924805e-06, 0.6228755116462708, 7.696449756622314e-06, -8.165836334228516e-06, 1.1016769409179688, 1.043081283569336e-07, 0.0, 0.7726441621780396, -0.14074429869651794, -0.019361913204193115, 0.2530268430709839, 5.364418029785156e-07, -9.760260581970215e-07, 0.543205201625824, -3.7550926208496094e-06, 3.844499588012695e-06, 1.1030579805374146, 1.1385884135961533e-05, -7.510185241699219e-06, 0.8240508437156677, -0.009052842855453491, 0.023875415325164795, 0.31584134697914124, 8.940696716308594e-08, 2.384185791015625e-07, 0.3153611123561859, -0.0012294650077819824, -0.28040874004364014, 1.0047495365142822, 0.0012294352054595947, 0.28040534257888794, 0.1780436635017395, -0.24935491383075714, 2.431375026702881, 0.9941571950912476, -0.08712349832057953, -0.35718613862991333, 0.5555343627929688, 5.8282166719436646e-06, -2.86102294921875e-06, 1.736465334892273, -3.993511199951172e-06, -3.039836883544922e-06, 1.6212769746780396, -2.9206275939941406e-06, -1.1473894119262695e-05, 0.6033936738967896, 0.04908853769302368, -0.49832943081855774, -0.491817444562912, -3.874301910400391e-06, 4.172325134277344e-07, 1.720077633857727, -3.814697265625e-06, -3.0100345611572266e-06, 1.6338962316513062, -5.960464477539063e-08, 7.569789886474609e-06, 0.6061095595359802, 0.03803715109825134, 0.4860992133617401, -0.06373601406812668, 4.649162292480469e-06, -6.854534149169922e-07, 0.4917296767234802, 1.4901161193847656e-07, -4.76837158203125e-07, 0.4917340874671936, 0.14979755878448486, -0.004515200853347778, 0.26721370220184326, 3.2782554626464844e-07, -1.5906989574432373e-06, 0.6228753328323364, 7.599592208862305e-06, -7.72625207901001e-06, 1.1016769409179688, -2.0116567611694336e-07, 2.905726432800293e-07, 0.7726441025733948, -0.1407443881034851, -0.019361555576324463, 0.25302693247795105, 4.76837158203125e-07, -2.5331974029541016e-07, 0.543205201625824, -3.814697265625e-06, 3.904104232788086e-06, 1.103057861328125, 1.1563301086425781e-05, -7.62939453125e-06, 0.8240508437156677, -0.009052753448486328, 0.023875772953033447, 0.3158414959907532, 1.043081283569336e-07, 8.940696716308594e-08, 0.3153604567050934, -0.0012293457984924316, -0.2804090082645416, 1.0047494173049927, 0.0012296438217163086, 0.28040510416030884, 0.17804348468780518, -0.2566778063774109, 2.3784430027008057, 0.9908816814422607, -0.08712367713451385, -0.3571862280368805, 0.5555344223976135, 5.707144737243652e-06, -3.043562173843384e-06, 1.736465573310852, -3.9637088775634766e-06, -2.8312206268310547e-06, 1.62127685546875, -2.5331974029541016e-06, -1.1779367923736572e-05, 0.6033932566642761, 0.049088627099990845, -0.49832969903945923, -0.4918173551559448, -3.516674041748047e-06, 5.066394805908203e-07, 1.7200772762298584, -3.762543201446533e-06, -2.8014183044433594e-06, 1.633895754814148, 1.7695128917694092e-08, 7.994472980499268e-06, 0.6061093211174011, 0.03803715109825134, 0.4860990345478058, -0.06373587250709534, 4.678964614868164e-06, -7.748603820800781e-07, 0.49172964692115784, 5.960464477539063e-08, -5.662441253662109e-07, 0.4917339086532593, 0.14979729056358337, -0.004515171051025391, 0.2672137916088104, -2.3096799850463867e-07, -2.0442530512809753e-06, 0.6228750944137573, 7.938593626022339e-06, -7.495284080505371e-06, 1.1016770601272583, 5.476176738739014e-07, -1.210719347000122e-08, 0.7726441025733948, -0.14074447751045227, -0.01936158537864685, 0.2530271112918854, 1.7881393432617188e-07, -5.960464477539062e-07, 0.5432050228118896, -3.933906555175781e-06, 3.7550926208496094e-06, 1.1030577421188354, 1.1458992958068848e-05, -7.450580596923828e-06, 0.8240509033203125, -0.009052932262420654, 0.02387547492980957, 0.31584158539772034, 1.1920928955078125e-07, 2.5331974029541016e-07, 0.3153611123561859, -0.001229308545589447, -0.2804088890552521, 1.0047496557235718, 0.0012296512722969055, 0.28040480613708496, 0.17804376780986786, -0.28295084834098816, 2.188533306121826, 0.9791299104690552, -0.08712370693683624, -0.3571862280368805, 0.5555342435836792, 5.7443976402282715e-06, -2.950429916381836e-06, 1.7364654541015625, -3.6954879760742188e-06, -2.9206275939941406e-06, 1.62127685546875, -2.60770320892334e-06, -1.1362135410308838e-05, 0.6033931970596313, 0.049088478088378906, -0.49832966923713684, -0.49181753396987915, -3.7550926208496094e-06, 3.8743019104003906e-07, 1.7200771570205688, -3.889203071594238e-06, -2.6971101760864258e-06, 1.6338956356048584, -7.450580596923828e-08, 7.599592208862305e-06, 0.6061096787452698, 0.038036882877349854, 0.4860994815826416, -0.06373605132102966, 4.626810550689697e-06, -8.195638656616211e-07, 0.49172958731651306, -2.2351741790771484e-08, -5.885958671569824e-07, 0.4917338788509369, 0.14979740977287292, -0.004515603184700012, 0.26721376180648804, 3.2782554626464844e-07, -1.8728896975517273e-06, 0.6228751540184021, 7.860362529754639e-06, -7.599592208862305e-06, 1.1016767024993896, -2.086162567138672e-07, -5.960464477539063e-08, 0.77264404296875, -0.14074444770812988, -0.01936185359954834, 0.25302666425704956, 2.980232238769531e-07, -5.066394805908203e-07, 0.5432051420211792, -3.821682184934616e-06, 3.7476420402526855e-06, 1.103057622909546, 1.150369644165039e-05, -7.659196853637695e-06, 0.8240508437156677, -0.009052809327840805, 0.023875407874584198, 0.3158414661884308, 1.043081283569336e-07, -1.4901161193847656e-07, 0.3153608441352844, -0.0012295134365558624, -0.2804087996482849, 1.0047487020492554, 0.0012295544147491455, 0.2804047167301178, 0.17804305255413055, -0.2887219190597534, 2.146818161010742, 0.9765485525131226, -0.08712351322174072, -0.3571864664554596, 0.5555343627929688, 5.810055881738663e-06, -2.8014183044433594e-06, 1.7364656925201416, -4.060566425323486e-06, -2.86102294921875e-06, 1.62127685546875, -2.7418136596679688e-06, -1.1539086699485779e-05, 0.6033937335014343, 0.04908856749534607, -0.49832969903945923, -0.49181732535362244, -3.814697265625e-06, 3.5762786865234375e-07, 1.7200775146484375, -3.6507844924926758e-06, -3.0994415283203125e-06, 1.6338962316513062, 1.4901161193847656e-07, 7.450580596923828e-06, 0.6061099767684937, 0.03803715109825134, 0.4860991835594177, -0.06373587250709534, 4.589557647705078e-06, -9.98377799987793e-07, 0.49172961711883545, -1.1920928955078125e-07, -4.3585896492004395e-07, 0.49173370003700256, 0.1497974544763565, -0.00451528187841177, 0.26721394062042236, -1.7881393432617188e-07, -1.9297003746032715e-06, 0.6228752732276917, 7.88271427154541e-06, -7.450580596923828e-06, 1.1016768217086792, -1.5739351511001587e-07, -5.960464477539063e-08, 0.7726438045501709, -0.1407443881034851, -0.0193617045879364, 0.2530270218849182, 7.152557373046875e-07, -2.980232238769531e-07, 0.5432052612304688, -3.6954879760742188e-06, 3.937631845474243e-06, 1.1030579805374146, 1.138448715209961e-05, -7.714144885540009e-06, 0.8240509629249573, -0.009052842855453491, 0.02387550286948681, 0.3158418834209442, 5.960464477539063e-08, -1.1175870895385742e-07, 0.3153611719608307, -0.001229695975780487, -0.2804086208343506, 1.0047492980957031, 0.0012293383479118347, 0.2804051637649536, 0.17804357409477234, -0.2854587733745575, 2.170405149459839, 0.9780081510543823, -0.08712358772754669, -0.35718628764152527, 0.5555343627929688, 5.813315510749817e-06, -2.86102294921875e-06, 1.7364654541015625, -4.038214683532715e-06, -2.9206275939941406e-06, 1.621277093887329, -2.682209014892578e-06, -1.163780689239502e-05, 0.6033933162689209, 0.04908853769302368, -0.498329758644104, -0.4918174743652344, -3.7848949432373047e-06, 4.470348358154297e-07, 1.720077395439148, -4.105269908905029e-06, -2.995133399963379e-06, 1.6338952779769897, 5.960464477539063e-08, 8.195638656616211e-06, 0.6061100363731384, 0.03803710639476776, 0.4860993027687073, -0.06373605132102966, 4.589557647705078e-06, -4.76837158203125e-07, 0.4917296767234802, -5.960464477539063e-08, -5.634501576423645e-07, 0.49173372983932495, 0.14979752898216248, -0.004515241831541061, 0.2672138810157776, 4.917383193969727e-07, -1.8328428268432617e-06, 0.6228752136230469, 7.844530045986176e-06, -7.68899917602539e-06, 1.1016768217086792, 1.043081283569336e-07, 1.4901161193847656e-07, 0.7726441025733948, -0.14074432849884033, -0.019361581653356552, 0.25302693247795105, 4.023313522338867e-07, -7.152557373046875e-07, 0.5432051420211792, -3.5762786865234375e-06, 3.982335329055786e-06, 1.1030577421188354, 1.138448715209961e-05, -7.495284080505371e-06, 0.824051022529602, -0.009052719920873642, 0.023875746876001358, 0.31584176421165466, 4.470348358154297e-08, -2.4400651454925537e-07, 0.31536102294921875, -0.0012295246124267578, -0.280409038066864, 1.0047492980957031, 0.001229405403137207, 0.28040504455566406, 0.1780434101819992, -0.3019794523715973, 2.0509886741638184, 0.9706185460090637, -0.08712360262870789, -0.3571861982345581, 0.5555343627929688, 5.807727575302124e-06, -3.0249357223510742e-06, 1.736465573310852, -4.32133674621582e-06, -2.9802322387695312e-06, 1.621276617050171, -2.8330832719802856e-06, -1.1697178706526756e-05, 0.6033935546875, 0.04908868670463562, -0.49832966923713684, -0.49181750416755676, -3.814697265625e-06, 5.364418029785156e-07, 1.7200775146484375, -3.889203071594238e-06, -2.905726432800293e-06, 1.6338958740234375, -1.4901161193847656e-08, 7.510185241699219e-06, 0.6061097979545593, 0.03803718090057373, 0.4860993027687073, -0.0637359619140625, 4.738569259643555e-06, -7.338821887969971e-07, 0.4917297065258026, -2.0489096641540527e-07, -4.356261342763901e-07, 0.49173372983932495, 0.14979754388332367, -0.004515448119491339, 0.2672138810157776, 2.7474015951156616e-07, -1.9669532775878906e-06, 0.6228751540184021, 7.651746273040771e-06, -7.599592208862305e-06, 1.1016770601272583, 2.086162567138672e-07, -2.384185791015625e-07, 0.7726437449455261, -0.1407443881034851, -0.01936197094619274, 0.2530271112918854, 5.289912223815918e-07, -4.172325134277344e-07, 0.5432052612304688, -4.038214683532715e-06, 3.732740879058838e-06, 1.1030579805374146, 1.1295080184936523e-05, -7.271766662597656e-06, 0.8240506649017334, -0.009052813053131104, 0.02387523651123047, 0.3158418536186218, 8.940696716308594e-08, -8.195638656616211e-08, 0.31536081433296204, -0.0012293457984924316, -0.28040844202041626, 1.0047495365142822, 0.0012295544147491455, 0.280405193567276, 0.17804357409477234, -0.3180013597011566, 1.9351770877838135, 0.9634519815444946, -0.08712348341941833, -0.35718634724617004, 0.5555343627929688, 5.822628736495972e-06, -2.9802322387695312e-06, 1.7364654541015625, -3.7886202335357666e-06, -2.86102294921875e-06, 1.62127685546875, -3.039836883544922e-06, -1.1622905731201172e-05, 0.6033936738967896, 0.04908861219882965, -0.49832969903945923, -0.49181750416755676, -3.814697265625e-06, 2.384185791015625e-07, 1.720077395439148, -4.000961780548096e-06, -3.0249357223510742e-06, 1.6338961124420166, -1.9371509552001953e-07, 7.867813110351562e-06, 0.6061093807220459, 0.0380372516810894, 0.4860991835594177, -0.0637359619140625, 4.51505184173584e-06, -9.94652509689331e-07, 0.49172985553741455, 4.0978193283081055e-08, -4.98257577419281e-07, 0.4917336404323578, 0.14979751408100128, -0.004515454173088074, 0.2672137916088104, 2.8312206268310547e-07, -1.7136335372924805e-06, 0.6228753328323364, 7.68899917602539e-06, -7.82310962677002e-06, 1.1016770601272583, -2.682209014892578e-07, -2.384185791015625e-07, 0.7726439833641052, -0.14074426889419556, -0.019361525774002075, 0.2530268430709839, 8.102506399154663e-07, -5.066394805908203e-07, 0.5432054400444031, -3.859400749206543e-06, 3.829598426818848e-06, 1.103057861328125, 1.1477619409561157e-05, -7.539987564086914e-06, 0.824051022529602, -0.009052768349647522, 0.02387542650103569, 0.3158416152000427, 1.7881393432617188e-07, 5.21540641784668e-08, 0.31536078453063965, -0.0012294650077819824, -0.28040871024131775, 1.0047494173049927, 0.001229614019393921, 0.28040510416030884, 0.1780431866645813, -0.3207188546657562, 1.915534257888794, 0.9622365236282349, -0.08712372183799744, -0.35718631744384766, 0.5555342435836792, 5.677342414855957e-06, -2.8759241104125977e-06, 1.736465334892273, -4.0531158447265625e-06, -2.5704503059387207e-06, 1.621277093887329, -3.337860107421875e-06, -1.1324882507324219e-05, 0.6033934950828552, 0.04908840358257294, -0.498329758644104, -0.4918174743652344, -3.874301910400391e-06, 7.152557373046875e-07, 1.7200775146484375, -3.986060619354248e-06, -3.129243850708008e-06, 1.633895993232727, 3.129243850708008e-07, 7.539987564086914e-06, 0.6061099767684937, 0.03803694248199463, 0.4860991835594177, -0.06373614072799683, 4.783272743225098e-06, -5.476176738739014e-07, 0.4917294979095459, 3.5762786865234375e-07, -3.2782554626464844e-07, 0.4917336106300354, 0.1497974842786789, -0.004515498876571655, 0.2672138512134552, 3.8743019104003906e-07, -1.9371509552001953e-06, 0.6228751540184021, 7.733702659606934e-06, -7.666647434234619e-06, 1.1016769409179688, -8.940696716308594e-08, 5.960464477539063e-08, 0.7726441025733948, -0.14074429869651794, -0.019361771643161774, 0.2530269920825958, 5.923211574554443e-07, -5.811452865600586e-07, 0.5432050824165344, -3.8929283618927e-06, 3.7848949432373047e-06, 1.103057861328125, 1.1473894119262695e-05, -7.569789886474609e-06, 0.8240509629249573, -0.009052678942680359, 0.023875266313552856, 0.3158416450023651, 8.940696716308594e-08, -1.7881393432617188e-07, 0.31536102294921875, -0.0012295544147491455, -0.2804087996482849, 1.0047491788864136, 0.0012295544147491455, 0.2804051339626312, 0.1780432015657425, -0.29543155431747437, 2.0983188152313232, 0.9735473394393921, -0.08712328970432281, -0.3571864068508148, 0.5555347204208374, 5.841255187988281e-06, -2.6673078536987305e-06, 1.7364654541015625, -3.7550926208496094e-06, -2.60770320892334e-06, 1.6212763786315918, -2.9802322387695312e-06, -1.1205673217773438e-05, 0.6033931970596313, 0.04908868670463562, -0.4983295202255249, -0.49181726574897766, -3.7550926208496094e-06, 3.5762786865234375e-07, 1.720077633857727, -4.06801700592041e-06, -3.293156623840332e-06, 1.6338958740234375, 1.4901161193847656e-08, 7.569789886474609e-06, 0.6061091423034668, 0.03803728520870209, 0.4860992133617401, -0.0637357234954834, 4.3585896492004395e-06, -9.015202522277832e-07, 0.4917297661304474, 5.21540641784668e-08, -4.731118679046631e-07, 0.49173372983932495, 0.14979711174964905, -0.004515290260314941, 0.2672138810157776, 5.960464477539063e-08, -1.6391277313232422e-06, 0.6228752136230469, 7.62939453125e-06, -7.525086402893066e-06, 1.1016769409179688, 5.960464477539063e-08, 2.9802322387695312e-08, 0.77264404296875, -0.1407446265220642, -0.019361473619937897, 0.25302696228027344, 7.674098014831543e-07, -4.842877388000488e-07, 0.543205201625824, -3.829598426818848e-06, 3.732740879058838e-06, 1.1030579805374146, 1.1265277862548828e-05, -7.569789886474609e-06, 0.824051022529602, -0.009053006768226624, 0.023875832557678223, 0.31584182381629944, 2.086162567138672e-07, -2.086162567138672e-07, 0.3153606951236725, -0.0012292861938476562, -0.2804088592529297, 1.0047492980957031, 0.0012297332286834717, 0.28040510416030884, 0.1780431568622589, -0.256038635969162, 2.3830630779266357, 0.9911676049232483, -0.08712340891361237, -0.3571862578392029, 0.555534303188324, 5.662441253662109e-06, -2.562999725341797e-06, 1.7364652156829834, -3.874301910400391e-06, -2.637505531311035e-06, 1.62127685546875, -3.0994415283203125e-06, -1.1444091796875e-05, 0.6033941507339478, 0.04908876121044159, -0.4983295798301697, -0.4918176829814911, -3.5762786865234375e-06, 4.172325134277344e-07, 1.7200777530670166, -3.933906555175781e-06, -2.0116567611694336e-06, 1.633895754814148, -1.9371509552001953e-07, 7.748603820800781e-06, 0.6061096787452698, 0.03803730010986328, 0.4860992431640625, -0.06373602151870728, 4.738569259643555e-06, -9.08970832824707e-07, 0.4917297959327698, 2.384185791015625e-07, -4.1350722312927246e-07, 0.4917336106300354, 0.14979751408100128, -0.004515469074249268, 0.2672138810157776, 8.940696716308594e-08, -1.8775463104248047e-06, 0.6228752136230469, 7.599592208862305e-06, -7.249414920806885e-06, 1.1016770601272583, 1.043081283569336e-07, 8.940696716308594e-08, 0.7726439833641052, -0.1407443881034851, -0.019361697137355804, 0.2530271112918854, 4.6193599700927734e-07, -4.023313522338867e-07, 0.5432052612304688, -4.291534423828125e-06, 3.7103891372680664e-06, 1.103058099746704, 1.1146068572998047e-05, -7.68899917602539e-06, 0.8240509033203125, -0.009052768349647522, 0.023875445127487183, 0.3158417344093323, -5.960464477539063e-08, 7.450580596923828e-08, 0.31536126136779785, -0.0012291371822357178, -0.28040874004364014, 1.0047492980957031, 0.001229792833328247, 0.2804051339626312, 0.17804361879825592, -0.22350044548511505, 2.6182591915130615, 1.0057218074798584, -0.08712378144264221, -0.35718628764152527, 0.5555341243743896, 5.7220458984375e-06, -2.9802322387695312e-06, 1.736465573310852, -3.7550926208496094e-06, -2.771615982055664e-06, 1.6212769746780396, -3.0994415283203125e-06, -1.1563301086425781e-05, 0.6033931374549866, 0.04908852279186249, -0.4983297288417816, -0.4918176829814911, -3.5762786865234375e-06, 4.76837158203125e-07, 1.720077633857727, -3.725290298461914e-06, -2.689659595489502e-06, 1.6338962316513062, -2.5331974029541016e-07, 7.62939453125e-06, 0.6061093807220459, 0.03803683817386627, 0.4860992133617401, -0.06373612582683563, 4.5746564865112305e-06, -1.080334186553955e-06, 0.4917297065258026, -1.6577541828155518e-07, -4.284083843231201e-07, 0.4917336404323578, 0.1497974544763565, -0.004515394568443298, 0.26721376180648804, 4.470348358154297e-07, -1.9073486328125e-06, 0.6228750944137573, 7.53253698348999e-06, -7.450580596923828e-06, 1.1016769409179688, 0.0, 1.4901161193847656e-07, 0.7726441025733948, -0.1407443732023239, -0.0193617083132267, 0.2530268430709839, 2.8312206268310547e-07, -3.8743019104003906e-07, 0.543205201625824, -3.7848949432373047e-06, 3.866851329803467e-06, 1.103058099746704, 1.150369644165039e-05, -7.62939453125e-06, 0.8240511417388916, -0.009052753448486328, 0.023875616490840912, 0.31584155559539795, -7.450580596923828e-08, 1.4901161193847656e-08, 0.31536129117012024, -0.0012296438217163086, -0.280409038066864, 1.0047492980957031, 0.0012293308973312378, 0.2804049253463745, 0.17804306745529175, -0.22479912638664246, 2.6088719367980957, 1.0051409006118774, -0.08712373673915863, -0.3571861982345581, 0.5555344820022583, 5.602836608886719e-06, -3.129243850708008e-06, 1.736465573310852, -3.7550926208496094e-06, -2.8908252716064453e-06, 1.621276617050171, -2.9802322387695312e-06, -1.1444091796875e-05, 0.6033932566642761, 0.049088478088378906, -0.49832969903945923, -0.4918174147605896, -3.7550926208496094e-06, 2.384185791015625e-07, 1.7200775146484375, -3.829598426818848e-06, -2.8386712074279785e-06, 1.6338961124420166, 1.1920928955078125e-07, 7.361173629760742e-06, 0.6061087846755981, 0.038037046790122986, 0.4860991835594177, -0.0637359619140625, 4.798173904418945e-06, -1.043081283569336e-06, 0.4917296767234802, 2.3283064365386963e-08, -4.4261105358600616e-07, 0.4917335510253906, 0.14979758858680725, -0.00451543927192688, 0.2672138214111328, 1.1920928955078125e-07, -1.8775463104248047e-06, 0.6228753328323364, 7.636845111846924e-06, -7.666647434234619e-06, 1.1016768217086792, 9.685754776000977e-08, 5.960464477539063e-08, 0.7726439237594604, -0.14074447751045227, -0.019361823797225952, 0.2530270218849182, 4.917383193969727e-07, -5.364418029785156e-07, 0.543205201625824, -4.112720489501953e-06, 3.6656856536865234e-06, 1.103058099746704, 1.1444091796875e-05, -7.569789886474609e-06, 0.8240509033203125, -0.00905262678861618, 0.02387535572052002, 0.3158416152000427, 2.384185791015625e-07, 1.1920928955078125e-07, 0.3153611421585083, -0.001229405403137207, -0.28040891885757446, 1.0047494173049927, 0.0012295171618461609, 0.28040504455566406, 0.17804327607154846, -0.2877807915210724, 2.153620958328247, 0.9769694805145264, -0.08712345361709595, -0.3571864068508148, 0.555534303188324, 5.900859832763672e-06, -2.8014183044433594e-06, 1.7364652156829834, -3.5762786865234375e-06, -2.7567148208618164e-06, 1.6212769746780396, -2.7418136596679688e-06, -1.1622905731201172e-05, 0.6033936738967896, 0.04908859729766846, -0.4983297288417816, -0.4918176233768463, -3.874301910400391e-06, 2.384185791015625e-07, 1.7200775146484375, -3.7401914596557617e-06, -3.039836883544922e-06, 1.6338961124420166, -5.21540641784668e-08, 7.659196853637695e-06, 0.6061097979545593, 0.038037195801734924, 0.4860992431640625, -0.06373611092567444, 4.753470420837402e-06, -1.0281801223754883e-06, 0.491729736328125, 1.9650906324386597e-07, -3.878958523273468e-07, 0.49173352122306824, 0.14979752898216248, -0.004515305161476135, 0.26721370220184326, 2.384185791015625e-07, -1.8030405044555664e-06, 0.6228750944137573, 7.614493370056152e-06, -7.577240467071533e-06, 1.1016769409179688, 1.564621925354004e-07, 5.960464477539063e-08, 0.77264404296875, -0.1407443881034851, -0.019361667335033417, 0.2530267834663391, 2.980232238769531e-07, -5.699694156646729e-07, 0.5432053208351135, -3.6954879760742188e-06, 3.7550926208496094e-06, 1.1030579805374146, 1.150369644165039e-05, -7.867813110351562e-06, 0.824050784111023, -0.009052872657775879, 0.023875460028648376, 0.3158416152000427, 2.384185791015625e-07, -2.086162567138672e-07, 0.3153608441352844, -0.001229614019393921, -0.2804088294506073, 1.0047492980957031, 0.0012295618653297424, 0.2804052233695984, 0.17804324626922607, -0.3535546660423279, 1.6781866550445557, 0.9475492238998413, -0.08712354302406311, -0.3571862280368805, 0.5555344820022583, 5.632638931274414e-06, -2.9206275939941406e-06, 1.736465573310852, -3.814697265625e-06, -3.069639205932617e-06, 1.621277093887329, -3.069639205932617e-06, -1.1645257472991943e-05, 0.6033934354782104, 0.04908859729766846, -0.49832969903945923, -0.49181750416755676, -3.516674041748047e-06, 4.172325134277344e-07, 1.720077395439148, -3.807246685028076e-06, -3.121793270111084e-06, 1.6338958740234375, -2.384185791015625e-07, 7.510185241699219e-06, 0.6061095595359802, 0.03803718090057373, 0.48609936237335205, -0.0637359470129013, 4.351139068603516e-06, -8.344650268554688e-07, 0.4917297065258026, -1.3969838619232178e-07, -3.6135315895080566e-07, 0.49173352122306824, 0.14979752898216248, -0.004515200853347778, 0.2672135829925537, 2.9802322387695312e-08, -1.9073486328125e-06, 0.6228753328323364, 7.703900337219238e-06, -7.621943950653076e-06, 1.1016769409179688, -2.2351741790771484e-08, 2.9802322387695312e-08, 0.77264404296875, -0.14074447751045227, -0.01936163380742073, 0.2530268430709839, 5.364418029785156e-07, -5.289912223815918e-07, 0.5432052612304688, -3.7848949432373047e-06, 3.516674041748047e-06, 1.1030579805374146, 1.1473894119262695e-05, -7.450580596923828e-06, 0.8240509033203125, -0.009052805602550507, 0.023875631392002106, 0.3158416748046875, 5.960464477539063e-08, 1.4901161193847656e-08, 0.3153611719608307, -0.0012294501066207886, -0.2804085612297058, 1.0047492980957031, 0.0012294650077819824, 0.2804051637649536, 0.17804323136806488, -0.38871923089027405, 1.4240062236785889, 0.931820273399353, -0.08712344616651535, -0.35718631744384766, 0.5555344820022583, 5.7220458984375e-06, -2.7567148208618164e-06, 1.736465573310852, -3.844499588012695e-06, -2.8014183044433594e-06, 1.62127685546875, -3.084540367126465e-06, -1.1473894119262695e-05, 0.6033936738967896, 0.04908868670463562, -0.49832963943481445, -0.4918174147605896, -3.933906555175781e-06, 5.960464477539062e-07, 1.720077633857727, -3.6731362342834473e-06, -3.1813979148864746e-06, 1.6338961124420166, -2.384185791015625e-07, 7.599592208862305e-06, 0.6061093807220459, 0.038037315011024475, 0.4860992133617401, -0.06373587250709534, 4.798173904418945e-06, -9.909272193908691e-07, 0.491729736328125, 3.5390257835388184e-08, -3.91155481338501e-07, 0.4917336404323578, 0.14979736506938934, -0.00451543927192688, 0.26721394062042236, 2.384185791015625e-07, -1.773238182067871e-06, 0.6228751540184021, 7.584691047668457e-06, -7.756054401397705e-06, 1.1016770601272583, 1.4901161193847656e-08, 1.2665987014770508e-07, 0.77264404296875, -0.14074446260929108, -0.019361723214387894, 0.253027081489563, 6.407499313354492e-07, -6.854534149169922e-07, 0.5432054400444031, -3.6954879760742188e-06, 4.112720489501953e-06, 1.103057861328125, 1.1563301086425781e-05, -7.510185241699219e-06, 0.8240507245063782, -0.009052827954292297, 0.023875460028648376, 0.3158416748046875, 1.4901161193847656e-07, -1.043081283569336e-07, 0.315360963344574, -0.0012293905019760132, -0.28040891885757446, 1.0047491788864136, 0.0012296512722969055, 0.2804051637649536, 0.17804333567619324, -0.4130743443965912, 1.247959852218628, 0.9209263324737549, -0.08712351322174072, -0.35718631744384766, 0.5555344820022583, 5.587935447692871e-06, -2.771615982055664e-06, 1.7364654541015625, -4.410743713378906e-06, -2.816319465637207e-06, 1.621277093887329, -2.8423964977264404e-06, -1.1444091796875e-05, 0.6033936738967896, 0.04908856749534607, -0.4983297288417816, -0.4918174743652344, -3.874301910400391e-06, 4.76837158203125e-07, 1.7200777530670166, -3.9227306842803955e-06, -2.810731530189514e-06, 1.6338958740234375, 1.2665987014770508e-07, 7.674098014831543e-06, 0.6061094999313354, 0.038037098944187164, 0.4860991835594177, -0.06373599171638489, 4.604458808898926e-06, -6.780028343200684e-07, 0.4917297065258026, 8.009374141693115e-08, -2.7939677238464355e-07, 0.4917336106300354, 0.14979761838912964, -0.0045152753591537476, 0.26721370220184326, 2.086162567138672e-07, -1.7657876014709473e-06, 0.6228752136230469, 7.692724466323853e-06, -7.718801498413086e-06, 1.1016768217086792, 7.82310962677002e-08, -6.984919309616089e-08, 0.77264404296875, -0.14074444770812988, -0.019361648708581924, 0.2530269920825958, 4.544854164123535e-07, -5.811452865600586e-07, 0.5432052612304688, -3.829598426818848e-06, 3.844499588012695e-06, 1.1030577421188354, 1.1444091796875e-05, -7.62939453125e-06, 0.824051022529602, -0.009052693843841553, 0.023875504732131958, 0.31584155559539795, 2.086162567138672e-07, 0.0, 0.3153609037399292, -0.0012294650077819824, -0.28040868043899536, 1.004748821258545, 0.0012295916676521301, 0.2804051637649536, 0.17804312705993652, -0.4115183651447296, 1.259206771850586, 0.9216223359107971, -0.08712358772754669, -0.35718631744384766, 0.5555343627929688, 5.5730342864990234e-06, -2.9802322387695312e-06, 1.7364654541015625, -4.112720489501953e-06, -2.7641654014587402e-06, 1.6212762594223022, -2.6598572731018066e-06, -1.1295080184936523e-05, 0.6033936738967896, 0.04908861219882965, -0.49832963943481445, -0.49181750416755676, -3.844499588012695e-06, 5.066394805908203e-07, 1.7200775146484375, -3.844499588012695e-06, -2.913177013397217e-06, 1.633895754814148, -8.940696716308594e-08, 7.644295692443848e-06, 0.6061093807220459, 0.03803732246160507, 0.4860992431640625, -0.06373590230941772, 4.604458808898926e-06, -9.08970832824707e-07, 0.49172961711883545, 7.82310962677002e-08, -5.066394805908203e-07, 0.49173349142074585, 0.14979739487171173, -0.004515513777732849, 0.2672137916088104, 2.980232238769531e-07, -1.8961727619171143e-06, 0.6228753328323364, 7.513910531997681e-06, -7.5623393058776855e-06, 1.1016768217086792, 3.725290298461914e-08, 1.043081283569336e-07, 0.7726439833641052, -0.14074444770812988, -0.019361749291419983, 0.2530269920825958, 6.48200511932373e-07, -6.109476089477539e-07, 0.5432053804397583, -3.7923455238342285e-06, 3.7550926208496094e-06, 1.103057861328125, 1.1563301086425781e-05, -7.748603820800781e-06, 0.824051022529602, -0.009052813053131104, 0.023875318467617035, 0.3158416152000427, 1.1920928955078125e-07, 1.4901161193847656e-08, 0.3153608441352844, -0.0012295842170715332, -0.28040897846221924, 1.0047492980957031, 0.001229509711265564, 0.28040504455566406, 0.17804335057735443, -0.39083391427993774, 1.4087204933166504, 0.9308743476867676, -0.08712359517812729, -0.35718637704849243, 0.555534303188324, 5.990266799926758e-06, -2.8014183044433594e-06, 1.7364654541015625, -3.4570693969726562e-06, -2.8312206268310547e-06, 1.6212763786315918, -2.905726432800293e-06, -1.1563301086425781e-05, 0.6033933162689209, 0.04908844828605652, -0.4983297884464264, -0.49181753396987915, -3.822147846221924e-06, 6.258487701416016e-07, 1.720077395439148, -3.889203071594238e-06, -2.5331974029541016e-06, 1.633895754814148, -2.1606683731079102e-07, 7.683411240577698e-06, 0.6061094403266907, 0.03803710639476776, 0.4860991835594177, -0.06373599171638489, 4.678964614868164e-06, -7.301568984985352e-07, 0.4917296767234802, -1.6763806343078613e-08, -4.861503839492798e-07, 0.4917336702346802, 0.14979754388332367, -0.004515349864959717, 0.26721373200416565, 2.384185791015625e-07, -1.952052116394043e-06, 0.6228752136230469, 7.670372724533081e-06, -7.666647434234619e-06, 1.1016769409179688, -9.685754776000977e-08, 2.421438694000244e-08, 0.7726441621780396, -0.1407443881034851, -0.01936166360974312, 0.25302693247795105, 3.3527612686157227e-07, -6.332993507385254e-07, 0.5432053208351135, -3.926455974578857e-06, 3.874301910400391e-06, 1.103057861328125, 1.1354684829711914e-05, -7.808208465576172e-06, 0.8240509033203125, -0.00905279815196991, 0.02387543022632599, 0.31584155559539795, 2.980232238769531e-07, 4.470348358154297e-08, 0.315360963344574, -0.0012293457984924316, -0.28040868043899536, 1.0047492980957031, 0.0012296214699745178, 0.2804051637649536, 0.17804332077503204, -0.36883553862571716, 1.5677316188812256, 0.9407141208648682, -0.08712358772754669, -0.35718631744384766, 0.5555343627929688, 5.751848220825195e-06, -3.069639205932617e-06, 1.7364654541015625, -3.5762786865234375e-06, -2.734363079071045e-06, 1.621276617050171, -2.6226043701171875e-06, -1.1295080184936523e-05, 0.6033935546875, 0.049088507890701294, -0.49832963943481445, -0.49181750416755676, -3.866851329803467e-06, 5.513429641723633e-07, 1.720077395439148, -3.840774297714233e-06, -3.11434268951416e-06, 1.6338958740234375, 5.960464477539063e-08, 7.62939453125e-06, 0.6061092615127563, 0.03803712874650955, 0.4860992133617401, -0.06373599171638489, 4.6193599700927734e-06, -9.834766387939453e-07, 0.491729736328125, 5.960464477539063e-08, -4.973262548446655e-07, 0.4917336404323578, 0.14979751408100128, -0.004515334963798523, 0.26721400022506714, 3.2782554626464844e-07, -2.1792948246002197e-06, 0.6228752732276917, 7.5623393058776855e-06, -7.677823305130005e-06, 1.1016770601272583, -1.1920928955078125e-07, 2.0489096641540527e-08, 0.7726439833641052, -0.14074458181858063, -0.019361723214387894, 0.2530272305011749, 3.203749656677246e-07, -4.991888999938965e-07, 0.5432053208351135, -3.635883331298828e-06, 4.0531158447265625e-06, 1.103057861328125, 1.138448715209961e-05, -7.62939453125e-06, 0.824051022529602, -0.009052857756614685, 0.023875556886196136, 0.315841943025589, 2.086162567138672e-07, -1.043081283569336e-07, 0.3153611421585083, -0.0012294948101043701, -0.28040891885757446, 1.004749059677124, 0.001229502260684967, 0.2804049849510193, 0.17804352939128876, -0.35274413228034973, 1.6840453147888184, 0.9479117393493652, -0.08712337911128998, -0.35718634724617004, 0.5555343627929688, 5.841255187988281e-06, -2.771615982055664e-06, 1.7364654541015625, -4.023313522338867e-06, -2.7203932404518127e-06, 1.6212769746780396, -2.518296241760254e-06, -1.1205673217773438e-05, 0.6033934950828552, 0.04908861219882965, -0.498329758644104, -0.4918175935745239, -3.943219780921936e-06, 4.3213367462158203e-07, 1.720077633857727, -3.825873136520386e-06, -3.1981617212295532e-06, 1.6338961124420166, 4.842877388000488e-08, 7.651746273040771e-06, 0.6061095595359802, 0.038037270307540894, 0.4860992431640625, -0.06373608112335205, 4.708766937255859e-06, -8.493661880493164e-07, 0.491729736328125, -4.842877388000488e-08, -5.122274160385132e-07, 0.4917335510253906, 0.1497974842786789, -0.004515409469604492, 0.2672138214111328, 2.086162567138672e-07, -1.816079020500183e-06, 0.6228752136230469, 7.67875462770462e-06, -7.53253698348999e-06, 1.1016770601272583, -8.940696716308594e-08, 0.0, 0.7726442217826843, -0.1407444328069687, -0.01936180889606476, 0.25302693247795105, 4.991888999938965e-07, -6.407499313354492e-07, 0.5432052612304688, -3.814697265625e-06, 3.814697265625e-06, 1.103057861328125, 1.150369644165039e-05, -7.510185241699219e-06, 0.8240508437156677, -0.009052753448486328, 0.023875340819358826, 0.3158414959907532, 2.384185791015625e-07, 2.9802322387695312e-08, 0.31536099314689636, -0.0012295395135879517, -0.28040850162506104, 1.0047492980957031, 0.0012295693159103394, 0.2804052531719208, 0.1780434548854828, -0.34017494320869446, 1.7748994827270508, 0.9535338878631592, -0.08712346851825714, -0.35718637704849243, 0.5555341243743896, 5.841255187988281e-06, -2.9355287551879883e-06, 1.7364652156829834, -3.7550926208496094e-06, -3.084540367126465e-06, 1.6212769746780396, -2.8312206268310547e-06, -1.1593103408813477e-05, 0.6033931970596313, 0.049088701605796814, -0.4983295798301697, -0.4918176233768463, -3.5315752029418945e-06, 4.172325134277344e-07, 1.7200772762298584, -3.904104232788086e-06, -2.7492642402648926e-06, 1.6338958740234375, 1.1920928955078125e-07, 7.599592208862305e-06, 0.6061099171638489, 0.03803716599941254, 0.4860992431640625, -0.06373614072799683, 4.708766937255859e-06, -9.834766387939453e-07, 0.49172985553741455, 8.381903171539307e-08, -6.970949470996857e-07, 0.49173352122306824, 0.1497977077960968, -0.00451553612947464, 0.2672138512134552, 2.086162567138672e-07, -1.8971040844917297e-06, 0.6228752732276917, 7.559545338153839e-06, -7.5213611125946045e-06, 1.1016769409179688, -8.940696716308594e-08, -7.450580596923828e-08, 0.7726439833641052, -0.140744149684906, -0.019361983984708786, 0.2530267834663391, 4.842877388000488e-07, -4.76837158203125e-07, 0.5432053208351135, -3.591179847717285e-06, 3.933906555175781e-06, 1.1030577421188354, 1.138448715209961e-05, -7.62939453125e-06, 0.8240508437156677, -0.009052589535713196, 0.023875229060649872, 0.3158416450023651, 8.940696716308594e-08, 8.940696716308594e-08, 0.3153611421585083, -0.001229315996170044, -0.2804088294506073, 1.004749059677124, 0.0012296810746192932, 0.28040507435798645, 0.17804327607154846, -0.34017494320869446, 1.7748994827270508, 0.9535338878631592, -0.08712346851825714, -0.35718637704849243, 0.5555341243743896, 5.841255187988281e-06, -2.9355287551879883e-06, 1.7364652156829834, -3.814697265625e-06, -2.853572368621826e-06, 1.621277093887329, -2.9206275939941406e-06, -1.150369644165039e-05, 0.6033930778503418, 0.049088701605796814, -0.4983295798301697, -0.4918176233768463, -3.546476364135742e-06, 5.662441253662109e-07, 1.720077395439148, -3.889203071594238e-06, -3.285706043243408e-06, 1.633895993232727, 1.9371509552001953e-07, 7.53253698348999e-06, 0.6061092615127563, 0.03803716599941254, 0.4860992431640625, -0.06373614072799683, 4.678964614868164e-06, -9.387731552124023e-07, 0.4917297959327698, 4.190951585769653e-08, -3.441236913204193e-07, 0.4917336702346802, 0.14979742467403412, -0.004515394568443298, 0.26721394062042236, 2.384185791015625e-07, -1.8700957298278809e-06, 0.6228752136230469, 7.632188498973846e-06, -7.6107680797576904e-06, 1.1016769409179688, 1.4901161193847656e-07, -5.21540641784668e-08, 0.77264404296875, -0.14074447751045227, -0.01936180144548416, 0.2530269920825958, 4.023313522338867e-07, -4.544854164123535e-07, 0.5432052612304688, -3.725290298461914e-06, 3.635883331298828e-06, 1.103057861328125, 1.150369644165039e-05, -7.68899917602539e-06, 0.8240508437156677, -0.00905279815196991, 0.02387549728155136, 0.3158417344093323, 2.9802322387695312e-08, 2.9802322387695312e-08, 0.3153608441352844, -0.0012294948101043701, -0.2804090976715088, 1.0047494173049927, 0.0012296363711357117, 0.28040486574172974, 0.1780434101819992]
    q (float, 5280):  [0.26435551047325134, 0.7144553661346436, 0.1918015331029892, 0.6187745928764343, 0.05769824981689453, -0.5703190565109253, 0.5962698459625244, 0.5620225667953491, -0.3483792841434479, 0.06162716820836067, 0.02034258283674717, 0.9351043701171875, 0.6154099702835083, -0.08563835918903351, 0.05317016690969467, 0.7817349433898926, 0.3923800587654114, 0.0096770403906703, 0.08953788131475449, 0.9153836965560913, 0.57377690076828, -0.5801681280136108, 0.14860346913337708, 0.5586609840393066, -0.2845678925514221, -0.026464149355888367, -0.0010709961643442512, 0.9582899808883667, 0.49123796820640564, 0.1086588129401207, -0.12095370888710022, 0.8557153344154358, 0.39505723118782043, -0.010654202662408352, -0.09020484238862991, 0.9141550064086914, -0.5190086364746094, -0.5377615690231323, -0.5243583917617798, 0.40803292393684387, -0.04993205517530441, 0.0023050084710121155, -0.0033218564931303263, 0.9987444281578064, 0.0422016903758049, 0.011864007450640202, -0.011872661300003529, 0.9989681243896484, -0.5102949142456055, 0.4194380044937134, -0.5145542025566101, 0.5467219948768616, -0.31746792793273926, -0.0930476114153862, -0.1242094486951828, 0.935482919216156, 0.3824828267097473, -0.4912014603614807, -0.026123899966478348, 0.7821416854858398, 0.13064751029014587, -0.1904296576976776, -0.003229598281905055, 0.9729632139205933, -0.5021562576293945, -0.4525439143180847, 0.5256215333938599, 0.5164932012557983, -0.5941601395606995, -0.12849420309066772, -0.14145635068416595, 0.78131502866745, 0.43967732787132263, 0.5762976408004761, 0.018525945022702217, 0.6886375546455383, 0.22722174227237701, 0.290114164352417, 0.31021055579185486, 0.8763409852981567, 0.04547173157334328, -0.01570918969810009, 0.013412757776677608, 0.9987520575523376, -0.2720302939414978, 0.013382970355451107, -0.1079457625746727, 0.9561214447021484, 0.13565927743911743, -0.000594825018197298, 7.046422556555854e-09, 0.9907553791999817, -0.48164692521095276, 0.0021118333097547293, -3.447176766258053e-08, 0.8763628005981445, 0.27013805508613586, 0.7167661786079407, 0.1963881403207779, 0.6121301651000977, 0.05939168483018875, -0.5706903338432312, 0.5918917655944824, 0.5660824179649353, -0.3631435036659241, 0.06340033560991287, 0.021402619779109955, 0.9293272495269775, 0.6223464608192444, -0.08587401360273361, 0.06187257170677185, 0.7755529880523682, 0.39248374104499817, 0.009691239334642887, 0.08952581882476807, 0.91534024477005, 0.5819186568260193, -0.5807704329490662, 0.15073798596858978, 0.5489577054977417, -0.3072822093963623, -0.02911698818206787, -0.0011936939554288983, 0.9511721134185791, 0.49907949566841125, 0.11362241208553314, -0.10885798931121826, 0.8521499633789062, 0.394961416721344, -0.01046753954142332, -0.0903593972325325, 0.9141833186149597, -0.5192193388938904, -0.5382158756256104, -0.5245134234428406, 0.40696513652801514, -0.04991899058222771, 0.0012567172525450587, -0.004277524538338184, 0.9987433552742004, 0.04174733906984329, 0.011741237714886665, -0.011521301232278347, 0.9989927411079407, -0.5078510046005249, 0.4111931025981903, -0.5160831212997437, 0.5537741184234619, -0.32711082696914673, -0.056871555745601654, -0.1347086876630783, 0.9336047172546387, 0.3986789286136627, -0.513233482837677, -0.029053054749965668, 0.7594751715660095, 0.1305684894323349, -0.18966183066368103, -0.001998051069676876, 0.9731270670890808, -0.49622178077697754, -0.46149009466171265, 0.5334705114364624, 0.5061620473861694, -0.5765969157218933, -0.12547075748443604, -0.09995979815721512, 0.8011249303817749, 0.44225117564201355, 0.5829946994781494, 0.016941163688898087, 0.6813546419143677, 0.22679339349269867, 0.29192087054252625, 0.30766019225120544, 0.8767509460449219, 0.044606175273656845, -0.015697278082370758, 0.013086467050015926, 0.9987956285476685, -0.2689751982688904, 0.004065818153321743, -0.10184631496667862, 0.9577385783195496, 0.1356593370437622, -0.0005948203033767641, -5.593442153895012e-08, 0.9907553791999817, -0.48164698481559753, 0.002111829351633787, -5.9578372457735895e-08, 0.8763628005981445, 0.29260918498039246, 0.7337881326675415, 0.21550503373146057, 0.5740143060684204, 0.07394126057624817, -0.5836637616157532, 0.5645091533660889, 0.5789635181427002, -0.42642465233802795, 0.07091515511274338, 0.02795441821217537, 0.9013054966926575, 0.6526533365249634, -0.08175685256719589, 0.11537009477615356, 0.7443447709083557, 0.3929970860481262, 0.010028308257460594, 0.08924400061368942, 0.9151438474655151, 0.6287283301353455, -0.5783385038375854, 0.1613955795764923, 0.4941425025463104, -0.4034605324268341, -0.04033586382865906, 0.00031281524570658803, 0.9141075015068054, 0.5253850221633911, 0.13569889962673187, -0.04038610681891441, 0.8390025496482849, 0.3944001793861389, -0.009644987061619759, -0.09102689474821091, 0.9143683910369873, -0.5214603543281555, -0.5408703684806824, -0.5248862504959106, 0.40004104375839233, -0.05026153847575188, -0.006705662701278925, -0.009613404050469398, 0.998667299747467, 0.039490558207035065, 0.011555872857570648, -0.010515841655433178, 0.9990978240966797, -0.4954940378665924, 0.3618345558643341, -0.5157911777496338, 0.5979305505752563, -0.3969023525714874, 0.13751676678657532, -0.15939593315124512, 0.8933927416801453, 0.44579681754112244, -0.5745782852172852, -0.039242859929800034, 0.6852627396583557, 0.13089817762374878, -0.18717868626117706, 0.0009840327547863126, 0.9735650420188904, -0.4557286500930786, -0.510718047618866, 0.5784772038459778, 0.44366952776908875, -0.4572463035583496, -0.07457855343818665, 0.07926218211650848, 0.8826558589935303, 0.4522680640220642, 0.6116662621498108, 0.01049918681383133, 0.6490052938461304, 0.22493195533752441, 0.29964205622673035, 0.2977258861064911, 0.8780544400215149, 0.040510136634111404, -0.015788549557328224, 0.012394824996590614, 0.998977541923523, -0.24758468568325043, -0.038364578038454056, -0.061943184584379196, 0.9661226868629456, 0.13565953075885773, -0.0005948066245764494, -1.2223836165503599e-08, 0.9907553791999817, -0.4816468060016632, 0.0021118558943271637, -5.4596899445868985e-08, 0.8763629198074341, 0.29831936955451965, 0.7573505640029907, 0.2235175222158432, 0.5361581444740295, 0.09785745292901993, -0.612041175365448, 0.533344030380249, 0.575650691986084, -0.4617406725883484, 0.07491347938776016, 0.035453181713819504, 0.8831345438957214, 0.6695705652236938, -0.0700308084487915, 0.1752365380525589, 0.7183753252029419, 0.3934330344200134, 0.010700258426368237, 0.08867193758487701, 0.9150044918060303, 0.6783207058906555, -0.5640444755554199, 0.17132216691970825, 0.4386155307292938, -0.45327478647232056, -0.04610564932227135, 0.0046004969626665115, 0.8901658058166504, 0.5214502215385437, 0.14785194396972656, 0.027956809848546982, 0.8399094939231873, 0.3937743902206421, -0.009112713858485222, -0.09137124568223953, 0.9146091938018799, -0.5250719785690308, -0.5436830520629883, -0.524705708026886, 0.3916530907154083, -0.05176972597837448, -0.017698001116514206, -0.015171296894550323, 0.9983869791030884, 0.0375121533870697, 0.011774185113608837, -0.011036152020096779, 0.9991658926010132, -0.45861074328422546, 0.29483893513679504, -0.5214776396751404, 0.6563591361045837, -0.48424938321113586, 0.3160758316516876, -0.12538936734199524, 0.8061490058898926, 0.426687628030777, -0.5373936295509338, -0.03943426162004471, 0.7263544797897339, 0.13320741057395935, -0.18841536343097687, -0.002947356319054961, 0.9730091691017151, -0.39918336272239685, -0.5615654587745667, 0.6235036849975586, 0.3695133924484253, -0.31574106216430664, 0.02818151004612446, 0.14950783550739288, 0.9365686774253845, 0.4554067850112915, 0.6226346492767334, 0.008716598153114319, 0.6362820267677307, 0.22338558733463287, 0.30330032110214233, 0.29419729113578796, 0.8783825039863586, 0.0377129390835762, -0.015648558735847473, 0.01340345200151205, 0.9990761876106262, -0.21669918298721313, -0.06331069022417068, -0.010517394170165062, 0.9741265773773193, 0.13565945625305176, -0.0005948390462435782, -1.5513879958461985e-08, 0.9907553791999817, -0.48164695501327515, 0.00211181933991611, -6.270009578202007e-08, 0.8763628005981445, 0.30039069056510925, 0.7670538425445557, 0.22723853588104248, 0.5193808674812317, 0.11424589157104492, -0.6287892460823059, 0.5137219429016113, 0.5724174380302429, -0.47489556670188904, 0.07638094574213028, 0.039187006652355194, 0.8758450746536255, 0.6757999658584595, -0.06168539077043533, 0.2083171159029007, 0.7043389081954956, 0.3936315178871155, 0.011006545275449753, 0.08844492584466934, 0.9149374961853027, 0.7044001817703247, -0.5533803105354309, 0.16894716024398804, 0.4111538231372833, -0.4689036011695862, -0.04781224951148033, 0.008488110266625881, 0.8819134831428528, 0.5130662322044373, 0.15319837629795074, 0.06471065431833267, 0.8420842289924622, 0.3935624957084656, -0.008670646697282791, -0.09164373576641083, 0.9146773815155029, -0.5272113680839539, -0.5454612374305725, -0.5250458121299744, 0.38580700755119324, -0.054569460451602936, -0.02444082498550415, -0.019576160237193108, 0.9980188608169556, 0.036634109914302826, 0.011544402688741684, -0.011419174261391163, 0.9991968274116516, -0.43678778409957886, 0.24748823046684265, -0.5068566799163818, 0.7007583975791931, -0.5384052395820618, 0.39882874488830566, -0.12090402841567993, 0.7324190139770508, 0.3660125136375427, -0.449563592672348, -0.028291260823607445, 0.8143261671066284, 0.1358845829963684, -0.1921580731868744, -0.009042391553521156, 0.9718688130378723, -0.3617016673088074, -0.6144606471061707, 0.6309520602226257, 0.3057935833930969, -0.25131362676620483, 0.1006421148777008, 0.12861700356006622, 0.9540284872055054, 0.4542165696620941, 0.6150562763214111, 0.011556186713278294, 0.6444063186645508, 0.22136946022510529, 0.30285754799842834, 0.2924238443374634, 0.8796369433403015, 0.036386702209711075, -0.014703064225614071, 0.01393501739948988, 0.9991324543952942, -0.18375623226165771, -0.06153083220124245, 0.03021923452615738, 0.980578601360321, 0.1356593668460846, -0.0005948626785539091, 2.1609274369893683e-08, 0.9907553791999817, -0.48164692521095276, 0.0021118014119565487, -9.351878560437399e-08, 0.8763628602027893, 0.30781275033950806, 0.7588028907775879, 0.2305700033903122, 0.5256490707397461, 0.11448479443788528, -0.6287280917167664, 0.5008154511451721, 0.5837620496749878, -0.46987858414649963, 0.07585442811250687, 0.038424231112003326, 0.8786261081695557, 0.6760081648826599, -0.06045011803507805, 0.21265581250190735, 0.702948272228241, 0.39340072870254517, 0.010984149761497974, 0.0884614884853363, 0.9150354266166687, 0.7055936455726624, -0.5545893907546997, 0.14469093084335327, 0.4166926443576813, -0.46140196919441223, -0.04698934778571129, 0.011316481046378613, 0.8858736753463745, 0.510437548160553, 0.15708521008491516, 0.07187686115503311, 0.842384397983551, 0.3938540816307068, -0.008493859320878983, -0.0918060690164566, 0.9145373106002808, -0.5263609290122986, -0.5461553335189819, -0.5271267890930176, 0.38313964009284973, -0.0574742890894413, -0.025490542873740196, -0.023634172976017, 0.9977416396141052, 0.036904025822877884, 0.009424885734915733, -0.013872183859348297, 0.9991780519485474, -0.39787688851356506, 0.24934878945350647, -0.5449113249778748, 0.69468754529953, -0.597686231136322, 0.3212374150753021, -0.19041602313518524, 0.7094501256942749, 0.295978307723999, -0.3603050112724304, -0.013269920833408833, 0.8845343589782715, 0.13838507235050201, -0.194228395819664, -0.014406175352633, 0.9710392951965332, -0.3412781059741974, -0.6744022965431213, 0.6026252508163452, 0.2560346722602844, -0.33795803785324097, 0.11209256201982498, 0.03831290826201439, 0.9336764812469482, 0.4708516001701355, 0.6164174675941467, 0.024058964103460312, 0.6306738257408142, 0.22406165301799774, 0.30118346214294434, 0.2918916642665863, 0.8797069191932678, 0.03606028109788895, -0.011800865642726421, 0.015975235030055046, 0.9991522431373596, -0.13339261710643768, -0.03424857184290886, 0.045823562890291214, 0.9894107580184937, 0.13565944135189056, -0.0005948221078142524, -2.6324025625967806e-08, 0.9907553791999817, -0.481646865606308, 0.002111818641424179, -6.85450132209553e-08, 0.8763629198074341, 0.3100956976413727, 0.7307790517807007, 0.23375627398490906, 0.5613917112350464, 0.09696211665868759, -0.5966902375221252, 0.5202937722206116, 0.603202760219574, -0.46116775274276733, 0.07471011579036713, 0.030320720747113228, 0.8836420774459839, 0.6733525395393372, -0.0782463550567627, 0.16443534195423126, 0.7165437340736389, 0.3926590085029602, 0.010280494578182697, 0.08904048055410385, 0.9153059720993042, 0.6713027954101562, -0.5711472034454346, 0.12318786978721619, 0.4560353457927704, -0.4484085738658905, -0.045228857547044754, 0.008609903044998646, 0.8926421403884888, 0.5303477048873901, 0.15460631251335144, 0.020977895706892014, 0.8332995772361755, 0.39489632844924927, -0.009098206646740437, -0.09158258885145187, 0.9141043424606323, -0.5223324298858643, -0.5426987409591675, -0.5307086110115051, 0.3885810971260071, -0.058331198990345, -0.016826637089252472, -0.021672187373042107, 0.9979201555252075, 0.03830189257860184, 0.012135892175137997, -0.01625317521393299, 0.999060332775116, -0.3644808530807495, 0.3745761811733246, -0.650111198425293, 0.5515449643135071, -0.6081126928329468, 0.12881769239902496, -0.13786768913269043, 0.7711014747619629, 0.3609086871147156, -0.44240888953208923, -0.02773459628224373, 0.8205181956291199, 0.1374647468328476, -0.19015759229660034, -0.011072943918406963, 0.9720190167427063, -0.37091827392578125, -0.6674508452415466, 0.5816737413406372, 0.2803298830986023, -0.5263062715530396, -0.025774607434868813, -0.02919590286910534, 0.8494027256965637, 0.5096150040626526, 0.6582011580467224, 0.0355941504240036, 0.5529889464378357, 0.23534399271011353, 0.29842206835746765, 0.29961952567100525, 0.8750917911529541, 0.03804614767432213, -0.012753700837492943, 0.017921656370162964, 0.9990338683128357, -0.09518203884363174, 0.0030772110912948847, -0.021357759833335876, 0.9952259659767151, 0.13565951585769653, -0.0005948186735622585, -6.815092490342067e-09, 0.9907553195953369, -0.481646865606308, 0.002111811190843582, -2.9955231184430886e-08, 0.8763629198074341, 0.307410329580307, 0.7003705501556396, 0.23531825840473175, 0.5996710062026978, 0.09293199330568314, -0.553525447845459, 0.5530784726142883, 0.615692675113678, -0.47158971428871155, 0.07538627833127975, 0.02140134945511818, 0.8783291578292847, 0.672860860824585, -0.09891754388809204, 0.11050261557102203, 0.7247501015663147, 0.3918874263763428, 0.009594212286174297, 0.0899372398853302, 0.9155563712120056, 0.6414099931716919, -0.5769522786140442, 0.11637312918901443, 0.49211451411247253, -0.4503653943538666, -0.04527205973863602, 0.0002632050891406834, 0.8916957974433899, 0.5516995191574097, 0.14652740955352783, -0.03087826818227768, 0.8204900622367859, 0.3961367905139923, -0.009460031986236572, -0.09110885858535767, 0.9136111736297607, -0.5193374752998352, -0.5376757979393005, -0.5349975824356079, 0.393663614988327, -0.06137093901634216, -0.007299800869077444, -0.01934836432337761, 0.9979007840156555, 0.038590796291828156, 0.01602116785943508, -0.013458439148962498, 0.9990360140800476, -0.3993629515171051, 0.49999189376831055, -0.6314723491668701, 0.43790414929389954, -0.6089370846748352, 0.05314023792743683, -0.09816562384366989, 0.7853249311447144, 0.4482404589653015, -0.5484694838523865, -0.050110843032598495, 0.7040956020355225, 0.13248451054096222, -0.18470779061317444, -0.0029543607961386442, 0.9738183617591858, -0.3793584704399109, -0.628743588924408, 0.6029990911483765, 0.31170645356178284, -0.6175837516784668, -0.140716552734375, 0.01211012713611126, 0.7737199068069458, 0.5093237161636353, 0.662112295627594, 0.03242579475045204, 0.5487670302391052, 0.2332497090101242, 0.29613015055656433, 0.30073076486587524, 0.8760493397712708, 0.03929100185632706, -0.013395792804658413, 0.014790295623242855, 0.9990285634994507, -0.08014371991157532, 0.04931850731372833, -0.06546387821435928, 0.9934078454971313, 0.13565939664840698, -0.0005947996396571398, -1.3160176948190383e-08, 0.9907553791999817, -0.48164698481559753, 0.002111827488988638, 3.938681913950859e-08, 0.8763628005981445, 0.3072257339954376, 0.6771249771118164, 0.23306965827941895, 0.6267317533493042, 0.10214976221323013, -0.514758288860321, 0.5812125205993652, 0.6219174861907959, -0.4954272210597992, 0.07798692584037781, 0.01635674387216568, 0.8649869561195374, 0.6764359474182129, -0.11358369886875153, 0.07479598373174667, 0.7238361239433289, 0.3910980820655823, 0.009393937885761261, 0.09031711518764496, 0.9158585071563721, 0.6275857090950012, -0.5748627781867981, 0.1212000846862793, 0.5108616948127747, -0.4688916504383087, -0.0475335419178009, -0.006741913966834545, 0.8819499611854553, 0.5683357119560242, 0.14383186399936676, -0.06358326226472855, 0.8076286911964417, 0.3968328833580017, -0.00986086018383503, -0.09055111557245255, 0.9133602380752563, -0.5177626013755798, -0.533310055732727, -0.5394379496574402, 0.39561226963996887, -0.06422948092222214, -0.0004151769098825753, -0.019075261428952217, 0.9977527260780334, 0.037417538464069366, 0.01812693476676941, -0.010610656812787056, 0.9990789294242859, -0.41316309571266174, 0.5387879014015198, -0.6111751198768616, 0.4067785143852234, -0.622730016708374, 0.08321987837553024, -0.0826747938990593, 0.7735933661460876, 0.5039424896240234, -0.616787850856781, -0.0661601647734642, 0.6010304689407349, 0.1284184753894806, -0.17914968729019165, 0.004396429751068354, 0.9753946661949158, -0.368797242641449, -0.5953707098960876, 0.6340803503990173, 0.3278177082538605, -0.6224542260169983, -0.17577442526817322, 0.12107723206281662, 0.7529903054237366, 0.4828319251537323, 0.6384174823760986, 0.02254532463848591, 0.5989893674850464, 0.22309765219688416, 0.2964825928211212, 0.2945096492767334, 0.8806756734848022, 0.03826518729329109, -0.01389293558895588, 0.01165682915598154, 0.9991030693054199, -0.07771404832601547, 0.07116104662418365, -0.08428944647312164, 0.9908541440963745, 0.13565939664840698, -0.0005948118632659316, -1.880025246592254e-09, 0.9907553791999817, -0.48164695501327515, 0.0021118370350450277, 5.6257395186776193e-08, 0.8763628005981445, 0.3021168112754822, 0.6625667214393616, 0.22404079139232635, 0.6477164626121521, 0.13175749778747559, -0.4771440625190735, 0.609328031539917, 0.6194294691085815, -0.5334479212760925, 0.08223399519920349, 0.013115745037794113, 0.8417237401008606, 0.684843122959137, -0.12303581088781357, 0.0568963922560215, 0.7159712910652161, 0.39027976989746094, 0.009402910247445107, 0.09051091969013214, 0.9161883592605591, 0.6311548352241516, -0.5621053576469421, 0.14366872608661652, 0.5148208141326904, -0.5051462650299072, -0.05178043246269226, -0.014715392142534256, 0.8613532781600952, 0.585992693901062, 0.1443883329629898, -0.08482819050550461, 0.792823314666748, 0.3974617123603821, -0.010266597382724285, -0.08996015042066574, 0.9131407141685486, -0.5162975192070007, -0.5302292108535767, -0.5432977676391602, 0.39638552069664, -0.06490375846624374, 0.004248037468641996, -0.02003980427980423, 0.9976812601089478, 0.035675812512636185, 0.02011568658053875, -0.010114450938999653, 0.9991097450256348, -0.40976133942604065, 0.5205073356628418, -0.6221022605895996, 0.4173206686973572, -0.6343633532524109, 0.15143439173698425, -0.07168431580066681, 0.7546602487564087, 0.511940062046051, -0.6270869374275208, -0.06815176457166672, 0.5831249356269836, 0.12833479046821594, -0.17741918563842773, 0.0048817722126841545, 0.9757196307182312, -0.36544257402420044, -0.5770185589790344, 0.6471891403198242, 0.3385965824127197, -0.5715709328651428, -0.17867587506771088, 0.18675203621387482, 0.7787845134735107, 0.46716073155403137, 0.6286693215370178, 0.015458001755177975, 0.621527910232544, 0.21767330169677734, 0.2992405295372009, 0.28830137848854065, 0.8831510543823242, 0.035919900983572006, -0.01283187884837389, 0.010912024416029453, 0.9992127418518066, -0.08827107399702072, 0.06534236669540405, -0.08813861012458801, 0.9900354743003845, 0.1356593817472458, -0.0005948136677034199, -1.5043873702325072e-08, 0.9907553791999817, -0.48164698481559753, 0.002111752051860094, 2.1453528731285587e-08, 0.8763628005981445, 0.2820361852645874, 0.6534400582313538, 0.20153823494911194, 0.6729443669319153, 0.20248383283615112, -0.4251938462257385, 0.6512335538864136, 0.5950675010681152, -0.6013468503952026, 0.08954106271266937, 0.011576334945857525, 0.7938705086708069, 0.699815034866333, -0.12735259532928467, 0.04994186386466026, 0.7011035084724426, 0.38926881551742554, 0.009639418683946133, 0.09057620912790298, 0.9166094064712524, 0.6620277762413025, -0.5271766781806946, 0.20095203816890717, 0.4933784604072571, -0.5751127600669861, -0.05909508094191551, -0.028879579156637192, 0.8154256939888, 0.6082485318183899, 0.14526119828224182, -0.10237286984920502, 0.7735973000526428, 0.3981245160102844, -0.01068809162825346, -0.08921884745359421, 0.9129198789596558, -0.5155583620071411, -0.5269424319267273, -0.548842191696167, 0.3940857946872711, -0.06677741557359695, 0.007053304463624954, -0.022425256669521332, 0.9974909424781799, 0.03237992152571678, 0.021757548674941063, -0.012329433113336563, 0.9991627335548401, -0.38969260454177856, 0.44620174169540405, -0.6513646841049194, 0.47409674525260925, -0.6213815808296204, 0.23817116022109985, -0.11600565165281296, 0.7373616695404053, 0.4401685297489166, -0.5376807451248169, -0.04652421921491623, 0.7176256775856018, 0.13246296346187592, -0.184974804520607, -0.004302763845771551, 0.9737656116485596, -0.38293296098709106, -0.5536766648292542, 0.6431571245193481, 0.36490195989608765, -0.4867860972881317, -0.2173948884010315, 0.2074568122625351, 0.8202075362205505, 0.4663175940513611, 0.6389777064323425, 0.01040421798825264, 0.6116757392883301, 0.21718624234199524, 0.3042633533477783, 0.2804205119609833, 0.8840917944908142, 0.031016217544674873, -0.009557528421282768, 0.01283356174826622, 0.9993907809257507, -0.1308804303407669, 0.030502712354063988, -0.05798415467143059, 0.9892308712005615, 0.135659322142601, -0.0005948211764916778, -1.1280151923642734e-08, 0.9907553791999817, -0.48164695501327515, 0.0021118794102221727, 3.6132256298060383e-08, 0.8763628005981445, 0.2515678405761719, 0.6646586656570435, 0.17848436534404755, 0.6805040836334229, 0.2803363502025604, -0.400821715593338, 0.67619389295578, 0.5509222745895386, -0.6543121933937073, 0.09489300847053528, 0.01857958920300007, 0.7500171661376953, 0.7095979452133179, -0.11634805798530579, 0.07042799144983292, 0.6913564801216125, 0.38838279247283936, 0.010892926715314388, 0.08948995172977448, 0.9170778393745422, 0.7170372009277344, -0.4792010486125946, 0.2577032744884491, 0.43567538261413574, -0.6321404576301575, -0.06416576355695724, -0.04177378490567207, 0.7710617184638977, 0.6112393140792847, 0.14003057777881622, -0.08308959752321243, 0.7745153903961182, 0.397739052772522, -0.011457765474915504, -0.08814676105976105, 0.9131826758384705, -0.5190345644950867, -0.525386393070221, -0.5534770488739014, 0.38501355051994324, -0.07463962584733963, 0.0007662615389563143, -0.02697877399623394, 0.9968453049659729, 0.02776332013309002, 0.01839406229555607, -0.01509658433496952, 0.9993312358856201, -0.4423394501209259, 0.38621199131011963, -0.598246693611145, 0.5452312231063843, -0.6080933213233948, 0.26107388734817505, -0.34246930480003357, 0.6669166684150696, 0.32748615741729736, -0.4060547649860382, -0.015611490234732628, 0.8530114889144897, 0.1407938301563263, -0.19175182282924652, -0.01383176539093256, 0.9711936116218567, -0.38717523217201233, -0.5458329319953918, 0.6449107527732849, 0.3691232204437256, -0.37250763177871704, -0.22466523945331573, 0.213444784283638, 0.8747599720954895, 0.4675677418708801, 0.6485640406608582, 0.007541907951235771, 0.6005733013153076, 0.21881194412708282, 0.308190256357193, 0.2765425443649292, 0.8835521340370178, 0.025462711229920387, -0.004614363890141249, 0.015605398453772068, 0.9995433688163757, -0.2295786291360855, -0.039524056017398834, 0.021943993866443634, 0.9722396731376648, 0.13565953075885773, -0.0005947495228610933, -2.855655623079656e-08, 0.9907553791999817, -0.48164692521095276, 0.0021118978038430214, -1.9527359285120838e-08, 0.8763628005981445, 0.22359851002693176, 0.6850594282150269, 0.1547839343547821, 0.6758248805999756, 0.3426489531993866, -0.39306408166885376, 0.6848942041397095, 0.5089325308799744, -0.6858733892440796, 0.09768985211849213, 0.03275183215737343, 0.7203899621963501, 0.7161042094230652, -0.10016132891178131, 0.098924919962883, 0.6836492419242859, 0.3885959982872009, 0.01263088546693325, 0.08744001388549805, 0.9171629548072815, 0.7692263722419739, -0.4283980131149292, 0.28635576367378235, 0.37784436345100403, -0.6603737473487854, -0.06596063822507858, -0.045903973281383514, 0.746624767780304, 0.597164511680603, 0.13210509717464447, -0.046080488711595535, 0.7898223996162415, 0.3963714838027954, -0.012107204645872116, -0.08749367296695709, 0.9138314723968506, -0.5242704153060913, -0.5265313982963562, -0.5553385615348816, 0.3735028803348541, -0.08604559302330017, -0.00851054210215807, -0.033635880798101425, 0.9956868886947632, 0.02476198785007, 0.009240646846592426, -0.013986017554998398, 0.999552845954895, -0.5467298626899719, 0.3516567647457123, -0.47143906354904175, 0.595960795879364, -0.582796037197113, 0.1717044711112976, -0.6629488468170166, 0.43745312094688416, 0.2817593514919281, -0.3563435971736908, -0.0035821106284856796, 0.8908524513244629, 0.15947827696800232, -0.1871439665555954, -0.022677386179566383, 0.9690353870391846, -0.37730610370635986, -0.5696309208869934, 0.6459934115409851, 0.3403722941875458, -0.2633592486381531, -0.18067321181297302, 0.1754358559846878, 0.9312472343444824, 0.4692632555961609, 0.6497868895530701, 0.008852449245750904, 0.597905158996582, 0.2220439314842224, 0.3100014626979828, 0.2794492244720459, 0.881194531917572, 0.023875148966908455, -0.004797006491571665, 0.01494697853922844, 0.9995917081832886, -0.3597252368927002, -0.11487820744514465, 0.12091348320245743, 0.918030858039856, 0.13565927743911743, -0.0005947847384959459, -5.405072389663701e-09, 0.9907553791999817, -0.48164692521095276, 0.0021118754521012306, -3.2279920958444563e-08, 0.8763628005981445, 0.2206391543149948, 0.6823118925094604, 0.1553490310907364, 0.6794376969337463, 0.3617340326309204, -0.39618247747421265, 0.675764262676239, 0.505500316619873, -0.6965112686157227, 0.09872040152549744, 0.03753608092665672, 0.7097305059432983, 0.7237340211868286, -0.09579761326313019, 0.1065671294927597, 0.6750372648239136, 0.3890995979309082, 0.012957075610756874, 0.08691675961017609, 0.916994571685791, 0.7869498133659363, -0.4205256700515747, 0.26995939016342163, 0.36192551255226135, -0.6650587916374207, -0.06618883460760117, -0.041766777634620667, 0.7426785230636597, 0.590420126914978, 0.1347445398569107, -0.030702393501996994, 0.7951762676239014, 0.39597731828689575, -0.011737845838069916, -0.08798249810934067, 0.9139602184295654, -0.5256683826446533, -0.5296784043312073, -0.555285632610321, 0.36711257696151733, -0.09104029089212418, -0.013706169091165066, -0.03957492485642433, 0.9949661493301392, 0.025584928691387177, 0.005884087644517422, -0.010833685286343098, 0.9995966553688049, -0.5860216021537781, 0.29838788509368896, -0.40790119767189026, 0.6333719491958618, -0.5663033127784729, 0.10611163079738617, -0.7482129335403442, 0.32896560430526733, 0.3041684031486511, -0.38423752784729004, -0.00878923013806343, 0.8716455101966858, 0.17200689017772675, -0.1804715394973755, -0.02777020074427128, 0.9680250883102417, -0.3607088029384613, -0.6021932363510132, 0.643955647945404, 0.3042592704296112, -0.2453918606042862, -0.1407802850008011, 0.1229257807135582, 0.9512376189231873, 0.4733158051967621, 0.6490444540977478, 0.012112276628613472, 0.5954551696777344, 0.22431433200836182, 0.310276597738266, 0.28100335597991943, 0.8800276517868042, 0.025877458974719048, -0.00870530679821968, 0.012132691219449043, 0.9995536208152771, -0.43123576045036316, -0.1456342190504074, 0.15414170920848846, 0.8769645094871521, 0.1356593668460846, -0.0005947935278527439, -2.358844142236194e-08, 0.9907553791999817, -0.48164698481559753, 0.002111863810569048, 2.8560425135992773e-09, 0.8763628005981445, 0.23720812797546387, 0.6499548554420471, 0.18982578814029694, 0.6966040134429932, 0.35183149576187134, -0.4073846936225891, 0.6489354968070984, 0.5377128720283508, -0.6995862722396851, 0.09932699799537659, 0.03248581662774086, 0.7068648338317871, 0.7350155711174011, -0.10428263992071152, 0.08876127004623413, 0.6640772819519043, 0.38853397965431213, 0.01248740404844284, 0.08757176995277405, 0.9171786308288574, 0.7768656015396118, -0.46019846200942993, 0.21481502056121826, 0.3722253143787384, -0.6654199957847595, -0.06663596630096436, -0.03904289752244949, 0.7424631714820862, 0.5984951257705688, 0.15170249342918396, -0.034003693610429764, 0.7858967781066895, 0.396777480840683, -0.011164909228682518, -0.08848264813423157, 0.9135720133781433, -0.5244062542915344, -0.5336921215057373, -0.55417400598526, 0.364776611328125, -0.08819033950567245, -0.01739678345620632, -0.043997038155794144, 0.9949794411659241, 0.027013763785362244, 0.005929936654865742, -0.011333861388266087, 0.9995532035827637, -0.5873035788536072, 0.28306666016578674, -0.3986894190311432, 0.6449764370918274, -0.5847680568695068, 0.1475875824689865, -0.7150574326515198, 0.353492796421051, 0.31591251492500305, -0.4015384912490845, -0.010238582268357277, 0.8595704436302185, 0.17017397284507751, -0.18226464092731476, -0.027053065598011017, 0.9680333733558655, -0.3475615382194519, -0.6255507469177246, 0.6397709250450134, 0.28032204508781433, -0.31256818771362305, -0.1664433479309082, 0.06572367995977402, 0.9328870177268982, 0.49312514066696167, 0.663930356502533, 0.020317507907748222, 0.5617929100990295, 0.2305547147989273, 0.30850857496261597, 0.2812908887863159, 0.8789438605308533, 0.026168381795287132, -0.008838670328259468, 0.01237037405371666, 0.9995419383049011, -0.46410971879959106, -0.15220856666564941, 0.1233489140868187, 0.8638401031494141, 0.13565939664840698, -0.0005947987083345652, 1.8763532949606088e-09, 0.9907553791999817, -0.48164695501327515, 0.0021118714939802885, -1.9328101785731633e-08, 0.8763628005981445, 0.257107675075531, 0.6092486381530762, 0.2486269772052765, 0.7077403664588928, 0.30612990260124207, -0.42990434169769287, 0.6185814738273621, 0.5820857286453247, -0.6982799172401428, 0.09993571043014526, 0.022744130343198776, 0.7084495425224304, 0.7491999268531799, -0.12526683509349823, 0.04510198161005974, 0.6488247513771057, 0.38769108057022095, 0.011533601209521294, 0.08873294293880463, 0.9174361824989319, 0.7348855137825012, -0.5374454259872437, 0.15005335211753845, 0.38546037673950195, -0.6625458002090454, -0.06800786405801773, -0.03429768234491348, 0.7451387643814087, 0.6185977458953857, 0.18250241875648499, -0.06380628794431686, 0.7615500688552856, 0.39782047271728516, -0.010966364294290543, -0.08885647356510162, 0.9130844473838806, -0.5247092247009277, -0.5344340801239014, -0.5494085550308228, 0.37041983008384705, -0.07891841232776642, -0.01841762289404869, -0.03884592652320862, 0.9959536790847778, 0.02839435264468193, 0.008726220577955246, -0.01564364694058895, 0.9994362592697144, -0.5517746806144714, 0.32173407077789307, -0.45172062516212463, 0.622880756855011, -0.5992567539215088, 0.24938951432704926, -0.6042639017105103, 0.4621269404888153, 0.3215771019458771, -0.40795066952705383, -0.010456015355885029, 0.8544326424598694, 0.15744256973266602, -0.18887418508529663, -0.021246038377285004, 0.9690650105476379, -0.3744349479675293, -0.6250370740890503, 0.6168774962425232, 0.2976396083831787, -0.43256622552871704, -0.29066357016563416, -0.0012816598173230886, 0.8534632325172424, 0.5256596207618713, 0.6959895491600037, 0.031967923045158386, 0.4881174862384796, 0.24044758081436157, 0.30525630712509155, 0.2852172255516052, 0.8761590719223022, 0.02646409533917904, -0.006662602070719004, 0.016177108511328697, 0.9994966983795166, -0.45624110102653503, -0.14092491567134857, 0.039125338196754456, 0.877754807472229, 0.1356593668460846, -0.0005948456237092614, -4.794064523139241e-08, 0.9907553791999817, -0.48164692521095276, 0.0021118358708918095, -2.9091781428292052e-08, 0.8763628005981445, 0.25494399666786194, 0.5964701175689697, 0.3037252426147461, 0.6978380680084229, 0.2361358404159546, -0.4611130654811859, 0.6040590405464172, 0.6055801510810852, -0.691371500492096, 0.09932384639978409, 0.014311493374407291, 0.7154965996742249, 0.759507954120636, -0.14654497802257538, -0.003240973688662052, 0.6337679624557495, 0.3887607455253601, 0.010164898820221424, 0.08995774388313293, 0.9168802499771118, 0.6761854290962219, -0.6165003180503845, 0.12095211446285248, 0.38480016589164734, -0.6550085544586182, -0.06809204071760178, -0.025993721559643745, 0.7520981431007385, 0.6359835267066956, 0.215442955493927, -0.1117449551820755, 0.7325451374053955, 0.3981879651546478, -0.010236835107207298, -0.08985350281000137, 0.9128351211547852, -0.5291067957878113, -0.5316587090492249, -0.5404479503631592, 0.3811836838722229, -0.06785596162080765, -0.01726539060473442, -0.021846935153007507, 0.9973065257072449, 0.031264688819646835, 0.013319448567926884, -0.01808933913707733, 0.9992586374282837, -0.4786016047000885, 0.3787340223789215, -0.5523812770843506, 0.5677816867828369, -0.5945940017700195, 0.34735265374183655, -0.41174209117889404, 0.5968856811523438, 0.3455567955970764, -0.431499719619751, -0.01811382919549942, 0.8331089019775391, 0.1431385576725006, -0.19374991953372955, -0.013857812620699406, 0.970453679561615, -0.4362907111644745, -0.5754066109657288, 0.5846906900405884, 0.3697221577167511, -0.5441293120384216, -0.4358607232570648, -0.04960907995700836, 0.7151837348937988, 0.5465291738510132, 0.7175211310386658, 0.03730461746454239, 0.4302065670490265, 0.24623507261276245, 0.3021324872970581, 0.2928417921066284, 0.8731139302253723, 0.02748478576540947, -0.005306644830852747, 0.0186168160289526, 0.999434769153595, -0.4041793942451477, -0.10525207966566086, -0.05152880400419235, 0.9071415662765503, 0.1356593668460846, -0.0005949429469183087, 4.299823430642391e-08, 0.9907553791999817, -0.4816470742225647, 0.0021118796430528164, -2.6567839039870478e-09, 0.8763627409934998, 0.2410101741552353, 0.6005569696426392, 0.33046191930770874, 0.6870519518852234, 0.2011476755142212, -0.4923892021179199, 0.5897194147109985, 0.6077199578285217, -0.6844288110733032, 0.09854345768690109, 0.01153211947530508, 0.7222973108291626, 0.766868531703949, -0.15430627763271332, -0.017914095893502235, 0.6227208971977234, 0.3905069828033447, 0.009394882246851921, 0.09035725146532059, 0.9161067605018616, 0.6505194902420044, -0.6571610569953918, 0.10413508117198944, 0.36622363328933716, -0.6479007601737976, -0.06729354709386826, -0.016664545983076096, 0.7585634589195251, 0.6408752202987671, 0.23894597589969635, -0.1349545270204544, 0.7169177532196045, 0.3978132903575897, -0.009446138516068459, -0.0909624993801117, 0.9128971695899963, -0.5318671464920044, -0.5320618748664856, -0.5334697365760803, 0.38657146692276, -0.0611339807510376, -0.02038564719259739, -0.012548834085464478, 0.9978424906730652, 0.033993348479270935, 0.015991583466529846, -0.016712743788957596, 0.9991543889045715, -0.4722191095352173, 0.4294852912425995, -0.5698165893554688, 0.5175524950027466, -0.612005352973938, 0.39623185992240906, -0.22698117792606354, 0.6457007527351379, 0.40866899490356445, -0.5023050904273987, -0.035766661167144775, 0.7611833214759827, 0.13808394968509674, -0.18984292447566986, -0.009280048310756683, 0.9720115065574646, -0.4651975929737091, -0.51312255859375, 0.5751219391822815, 0.43535172939300537, -0.6364039778709412, -0.47200313210487366, -0.025253377854824066, 0.6095616221427917, 0.5359166264533997, 0.7017082571983337, 0.034075383096933365, 0.46822836995124817, 0.2388761341571808, 0.2997673451900482, 0.29670026898384094, 0.8746694922447205, 0.0299222469329834, -0.007951727136969566, 0.017615951597690582, 0.9993653893470764, -0.349389910697937, -0.06596436351537704, -0.09746833145618439, 0.9295564889907837, 0.13565947115421295, -0.0005947619793005288, -7.626219655776367e-08, 0.9907553791999817, -0.48164692521095276, 0.0021119487937539816, -4.377051254778053e-08, 0.8763628005981445, 0.23105326294898987, 0.6190478801727295, 0.33356526494026184, 0.6724048852920532, 0.20231500267982483, -0.5229810476303101, 0.5745812058448792, 0.596167802810669, -0.6844910979270935, 0.09870215505361557, 0.015414220280945301, 0.7221442461013794, 0.7754242420196533, -0.14988820254802704, 0.0059504820965230465, 0.6133639216423035, 0.39116957783699036, 0.009517255239188671, 0.09006507694721222, 0.9158515930175781, 0.6626247763633728, -0.6625068187713623, 0.11111915111541748, 0.3311580717563629, -0.6521063446998596, -0.0676087960600853, -0.011765885166823864, 0.7550151944160461, 0.639094352722168, 0.2539808452129364, -0.12159361690282822, 0.7157284617424011, 0.39717674255371094, -0.009331976994872093, -0.09124469757080078, 0.9131472706794739, -0.5337607860565186, -0.5345391035079956, -0.5304860472679138, 0.38464540243148804, -0.06035815179347992, -0.027635199949145317, -0.011846354231238365, 0.9977238774299622, 0.03471141681075096, 0.015534717589616776, -0.01554069947451353, 0.9991558194160461, -0.4848959445953369, 0.4373939037322998, -0.5569391846656799, 0.5132068395614624, -0.6245536208152771, 0.4012315273284912, -0.1765727996826172, 0.6463499069213867, 0.4385952651500702, -0.5401729345321655, -0.04360264539718628, 0.7169004082679749, 0.1375495046377182, -0.18534141778945923, -0.008585510775446892, 0.972961962223053, -0.4681459069252014, -0.49088236689567566, 0.5749884247779846, 0.45745185017585754, -0.645280659198761, -0.41606128215789795, 0.021824585273861885, 0.6403355002403259, 0.5167170763015747, 0.6791395545005798, 0.02934345230460167, 0.5204920172691345, 0.23266512155532837, 0.2987024784088135, 0.29579854011535645, 0.8770102858543396, 0.03067922592163086, -0.009051417000591755, 0.01679496094584465, 0.9993472099304199, -0.3454388380050659, -0.07015156745910645, -0.11025220155715942, 0.9292982816696167, 0.13565942645072937, -0.0005947676254436374, -3.712682783429955e-08, 0.9907553791999817, -0.48164698481559753, 0.002111978130415082, -3.825768501997118e-08, 0.8763628005981445, 0.21037043631076813, 0.669804573059082, 0.33015379309654236, 0.6309552192687988, 0.19881299138069153, -0.5801786184310913, 0.5602173209190369, 0.5567967891693115, -0.6847513318061829, 0.09888244420289993, 0.02626272477209568, 0.7215595245361328, 0.7880752682685852, -0.13981905579566956, 0.050935953855514526, 0.5973219275474548, 0.3918452560901642, 0.010165266692638397, 0.08917846530675888, 0.915642499923706, 0.6883851885795593, -0.6583676338195801, 0.15951374173164368, 0.2592938244342804, -0.6614618301391602, -0.06839466094970703, -0.006007848307490349, 0.7468295097351074, 0.62904953956604, 0.26607444882392883, -0.08434236794710159, 0.7255256175994873, 0.3950919508934021, -0.009838026948273182, -0.09052048623561859, 0.9141179323196411, -0.5414000153541565, -0.5356027483940125, -0.5249151587486267, 0.3801051378250122, -0.06374076753854752, -0.039603132754564285, -0.00564522435888648, 0.9971644282341003, 0.03456753492355347, 0.013050929643213749, -0.015174244530498981, 0.9992019534111023, -0.48318231105804443, 0.4334382116794586, -0.5585758090019226, 0.5163906216621399, -0.620455801486969, 0.38799330592155457, -0.18316984176635742, 0.6564637422561646, 0.4433160722255707, -0.5519906878471375, -0.043969426304101944, 0.7048714756965637, 0.13652870059013367, -0.18410414457321167, -0.007885750383138657, 0.9733465313911438, -0.47343286871910095, -0.4775138199329376, 0.5704672932624817, 0.4716026484966278, -0.573349118232727, -0.27945002913475037, 0.12170679867267609, 0.7605037689208984, 0.49238812923431396, 0.6603593826293945, 0.019861983135342598, 0.5666435956954956, 0.22716650366783142, 0.30012041330337524, 0.2930409610271454, 0.8788914084434509, 0.030870821326971054, -0.008583036251366138, 0.01722974143922329, 0.9993380308151245, -0.37379854917526245, -0.11248166114091873, -0.10715106874704361, 0.9144075512886047, 0.13565945625305176, -0.0005947276367805898, -1.5627710681087592e-08, 0.9907553791999817, -0.4816468358039856, 0.0021120645105838776, -1.3881693128325878e-08, 0.8763629198074341, 0.1850675642490387, 0.7336404323577881, 0.3231848478317261, 0.5683954358100891, 0.16710834205150604, -0.6449368596076965, 0.5478430390357971, 0.5059636831283569, -0.6788114905357361, 0.09709814190864563, 0.0400618240237236, 0.7267613410949707, 0.798708975315094, -0.1344514638185501, 0.08783986419439316, 0.5798887610435486, 0.3938852846622467, 0.010331392288208008, 0.0886659175157547, 0.9148147702217102, 0.7017384171485901, -0.6564953923225403, 0.21264809370040894, 0.17708130180835724, -0.669137716293335, -0.06812284886837006, -0.003075198968872428, 0.7400031089782715, 0.6131691932678223, 0.26646265387535095, -0.04111262410879135, 0.7425166368484497, 0.3966187536716461, -0.00811617262661457, -0.09629470854997635, 0.9128828048706055, -0.5553966164588928, -0.5330076217651367, -0.5151921510696411, 0.3768482506275177, -0.06962143629789352, -0.04886356741189957, 0.00894103478640318, 0.9963359236717224, 0.03424408286809921, 0.009814496152102947, -0.017236120998859406, 0.9992166757583618, -0.4727223515510559, 0.407697468996048, -0.5658105611801147, 0.5386786460876465, -0.5736628174781799, 0.3480145335197449, -0.2656633257865906, 0.6922571659088135, 0.41734710335731506, -0.5317333340644836, -0.034306611865758896, 0.7361413836479187, 0.1354932337999344, -0.1896364390850067, -0.006081364117562771, 0.9724416136741638, -0.48076534271240234, -0.4736891984939575, 0.5633601546287537, 0.4765590727329254, -0.3706608712673187, -0.08226067572832108, 0.23824065923690796, 0.893915593624115, 0.47218719124794006, 0.6516723036766052, 0.0069671208038926125, 0.5935604572296143, 0.2244165539741516, 0.3065794110298157, 0.29147905111312866, 0.8778873682022095, 0.03102985955774784, -0.008533218875527382, 0.020512323826551437, 0.9992715716362, -0.4286627769470215, -0.175221785902977, -0.07632771134376526, 0.883017361164093, 0.13565927743911743, -0.000594890268985182, 4.229689665180558e-08, 0.9907553791999817, -0.4816470444202423, 0.002111824695020914, -5.532751856662799e-08, 0.8763628005981445, 0.18728256225585938, 0.7500330805778503, 0.3341733515262604, 0.5391696095466614, 0.10353056341409683, -0.662889301776886, 0.5367271900177002, 0.5116475224494934, -0.6678913235664368, 0.09559108316898346, 0.04451002553105354, 0.7367512583732605, 0.8017300963401794, -0.15441444516181946, 0.06359080225229263, 0.5738826394081116, 0.3970094621181488, 0.0100640207529068, 0.0895419716835022, 0.9133808016777039, 0.6694572567939758, -0.6877771615982056, 0.2317332774400711, 0.15839572250843048, -0.6796520948410034, -0.06988643854856491, -0.003829621011391282, 0.7301878333091736, 0.609009861946106, 0.2487345039844513, -0.03190308064222336, 0.752476155757904, 0.4194190204143524, 0.0018504761392250657, -0.13347776234149933, 0.8979242444038391, -0.561169445514679, -0.5285620093345642, -0.5087975859642029, 0.3831920325756073, -0.06744298338890076, -0.043918054550886154, 0.023861253634095192, 0.9964703917503357, 0.033598437905311584, 0.007148973178118467, -0.01859177090227604, 0.9992369413375854, -0.44076669216156006, 0.37101462483406067, -0.5880349278450012, 0.5677040219306946, -0.44509053230285645, 0.2830582857131958, -0.3775828778743744, 0.761054277420044, 0.39635413885116577, -0.5145025849342346, -0.028372716158628464, 0.7598588466644287, 0.13581423461437225, -0.19461466372013092, -0.004628090653568506, 0.9714207053184509, -0.4770895540714264, -0.4798372685909271, 0.5673050880432129, 0.4693683981895447, -0.1871202439069748, -0.024767214432358742, 0.31830281019210815, 0.9290080666542053, 0.4704626202583313, 0.6589917540550232, 0.003184049390256405, 0.586842954158783, 0.22560317814350128, 0.30961376428604126, 0.29781511425971985, 0.8743847608566284, 0.0324287973344326, -0.01099183689802885, 0.02246331423521042, 0.9991611838340759, -0.4651912450790405, -0.19015714526176453, -0.023569930344820023, 0.8642232418060303, 0.13565930724143982, -0.0005947740282863379, 1.8000874035806191e-07, 0.9907553791999817, -0.48164698481559753, 0.002111827488988638, -4.6228034733530876e-08, 0.8763628005981445, 0.20063650608062744, 0.7337074875831604, 0.34429630637168884, 0.550343930721283, 0.07987530529499054, -0.6431257724761963, 0.5266445875167847, 0.5501405596733093, -0.675769031047821, 0.09654498845338821, 0.04287116974592209, 0.7295048832893372, 0.7927053570747375, -0.16549628973007202, 0.029027653858065605, 0.5859919190406799, 0.4236292243003845, 0.007677037268877029, 0.10689222812652588, 0.8994739651679993, 0.6411021947860718, -0.7154150009155273, 0.217922180891037, 0.1722767949104309, -0.6967546939849854, -0.07260272651910782, -0.0032852008007466793, 0.7136182188987732, 0.6044792532920837, 0.21777591109275818, -0.0280267633497715, 0.7657630443572998, 0.45295971632003784, 0.016340533271431923, -0.1875848025083542, 0.8714197874069214, -0.5584118366241455, -0.5289002656936646, -0.5080019235610962, 0.3877820074558258, -0.06172557175159454, -0.037578657269477844, 0.025198860093951225, 0.9970670938491821, 0.03403002396225929, 0.005739572923630476, -0.016531605273485184, 0.9992676377296448, -0.43267619609832764, 0.36558184027671814, -0.5952141284942627, 0.569966197013855, -0.3083047866821289, 0.21625664830207825, -0.3946569561958313, 0.8381092548370361, 0.41136300563812256, -0.534855306148529, -0.032386381179094315, 0.7373340129852295, 0.13646045327186584, -0.19498875737190247, -0.0024597765877842903, 0.97126305103302, -0.45744502544403076, -0.4782384932041168, 0.5885941386222839, 0.4643155336380005, -0.2211863100528717, -0.06560715287923813, 0.3052474558353424, 0.9239027500152588, 0.48488250374794006, 0.6763601899147034, 0.00656641460955143, 0.5544211268424988, 0.2304743081331253, 0.31129032373428345, 0.29773688316345215, 0.8725438117980957, 0.03384679555892944, -0.012927476316690445, 0.020195379853248596, 0.9991393685340881, -0.45577776432037354, -0.1583450883626938, 0.012823873199522495, 0.8758019208908081, 0.1356593668460846, -0.0005946634337306023, -4.418059162958343e-08, 0.9907553791999817, -0.48164692521095276, 0.002111968817189336, -2.4575248502856084e-08, 0.8763628005981445, 0.2051457017660141, 0.7177540063858032, 0.34655001759529114, 0.5680207014083862, 0.10132734477519989, -0.6090106964111328, 0.535187304019928, 0.5765529870986938, -0.7117138504981995, 0.10028153657913208, 0.039983559399843216, 0.694124162197113, 0.764230489730835, -0.14808636903762817, -0.004925527609884739, 0.6276925802230835, 0.4877239763736725, 0.001702520647086203, 0.14770478010177612, 0.860410213470459, 0.6278025507926941, -0.7271136045455933, 0.2096308171749115, 0.1822763830423355, -0.7148474454879761, -0.07535218447446823, -0.002533018821850419, 0.6952041387557983, 0.5970447063446045, 0.18379493057727814, -0.01747131161391735, 0.7806739807128906, 0.48204541206359863, 0.026849200949072838, -0.24197795987129211, 0.8416401147842407, -0.5551047921180725, -0.5300626158714294, -0.5092483162879944, 0.3893052935600281, -0.05752207338809967, -0.03436531126499176, 0.022833362221717834, 0.9974913001060486, 0.03411107882857323, 0.005174805875867605, -0.014484341256320477, 0.9992997050285339, -0.42880427837371826, 0.37300360202789307, -0.6026859879493713, 0.5601471662521362, -0.21459509432315826, 0.1710088551044464, -0.34399962425231934, 0.8979806303977966, 0.4240196943283081, -0.5463889241218567, -0.037309322506189346, 0.7213005423545837, 0.1365153193473816, -0.1945113092660904, -0.0007862868369556963, 0.9713538885116577, -0.4381263852119446, -0.45576032996177673, 0.6081544756889343, 0.4800790548324585, -0.33319076895713806, -0.13743002712726593, 0.26035574078559875, 0.8957186341285706, 0.49730637669563293, 0.6875903606414795, 0.010949407704174519, 0.5289480090141296, 0.23475810885429382, 0.31124016642570496, 0.2961457669734955, 0.8719609379768372, 0.03478541970252991, -0.013573702424764633, 0.017748240381479263, 0.9991450309753418, -0.429461270570755, -0.11343670636415482, 0.025772402063012123, 0.8955618143081665, 0.13565920293331146, -0.0005947615136392415, 1.0904146563461836e-07, 0.9907553791999817, -0.4816471040248871, 0.0021118824370205402, 4.038311729459565e-08, 0.8763627409934998, 0.20235127210617065, 0.7011120319366455, 0.3396568298339844, 0.5934046506881714, 0.1397111713886261, -0.563119649887085, 0.5501585006713867, 0.6005853414535522, -0.7509132623672485, 0.10440588742494583, 0.03605334460735321, 0.6510982513427734, 0.724398672580719, -0.12707290053367615, -0.04165313392877579, 0.6762869954109192, 0.5600904226303101, -0.006682657171040773, 0.19392961263656616, 0.8053852319717407, 0.616585373878479, -0.7355117201805115, 0.19698470830917358, 0.2001052349805832, -0.7324175834655762, -0.07819661498069763, -0.002066105604171753, 0.6763471364974976, 0.5991214513778687, 0.15860138833522797, -0.014362741261720657, 0.7846609950065613, 0.504119873046875, 0.035020630806684494, -0.29353067278862, 0.8114656209945679, -0.5511578321456909, -0.5319632291793823, -0.5108748078346252, 0.39018896222114563, -0.05302232876420021, -0.03161083161830902, 0.019022000953555107, 0.9979115724563599, 0.03415299206972122, 0.0042882380075752735, -0.012465838342905045, 0.999329686164856, -0.4220055043697357, 0.3961087763309479, -0.6166226863861084, 0.5336531400680542, -0.12538252770900726, 0.11051953583955765, -0.21618522703647614, 0.9619400501251221, 0.4398350715637207, -0.5565904974937439, -0.04443339258432388, 0.7034044861793518, 0.13657617568969727, -0.1924767792224884, 0.000420661352109164, 0.9717507362365723, -0.42211711406707764, -0.4139036536216736, 0.6179582476615906, 0.5182937383651733, -0.5108845829963684, -0.27476322650909424, 0.16619770228862762, 0.7974211573600769, 0.5091992616653442, 0.6896460652351379, 0.018563497811555862, 0.5145481824874878, 0.23870113492012024, 0.3064330816268921, 0.2982236444950104, 0.871884822845459, 0.03584551066160202, -0.014324812218546867, 0.015114969573915005, 0.9991403222084045, -0.37900516390800476, -0.04333699867129326, 0.015842581167817116, 0.9242435097694397, 0.1356593519449234, -0.0005946604651398957, 8.036740695160915e-08, 0.9907553791999817, -0.4816470146179199, 0.0021119362208992243, 9.18583040743215e-08, 0.8763627409934998, 0.18267257511615753, 0.708550214767456, 0.31345054507255554, 0.6052570343017578, 0.17641089856624603, -0.5332315564155579, 0.5718386173248291, 0.5979498624801636, -0.7784457802772522, 0.10788611322641373, 0.036269254982471466, 0.6173064708709717, 0.6829121708869934, -0.09890961647033691, -0.06122152879834175, 0.7211794853210449, 0.6227792501449585, -0.018449394032359123, 0.24380432069301605, 0.7432127594947815, 0.6177298426628113, -0.7325703501701355, 0.20176686346530914, 0.2025851160287857, -0.7505075931549072, -0.08132411539554596, 3.17403428198304e-05, 0.6558389663696289, 0.6144084334373474, 0.13885124027729034, -0.011515823192894459, 0.7765887379646301, 0.5129820704460144, 0.04083402082324028, -0.3345000147819519, 0.7894883155822754, -0.5493396520614624, -0.5330231189727783, -0.5114966034889221, 0.3904915750026703, -0.051129959523677826, -0.03234415873885155, 0.017779462039470673, 0.9980098009109497, 0.03447641432285309, 0.002173829823732376, -0.011813475750386715, 0.9993333220481873, -0.4006764888763428, 0.4351031482219696, -0.6445141434669495, 0.4845050871372223, -0.10180041193962097, 0.062449440360069275, -0.006142677739262581, 0.9928237199783325, 0.46964025497436523, -0.582541823387146, -0.05665091425180435, 0.6609643697738647, 0.13770939409732819, -0.18471693992614746, -0.0021251088473945856, 0.9730936884880066, -0.4100183844566345, -0.3549945056438446, 0.6098204851150513, 0.5779125094413757, -0.6663182973861694, -0.39195066690444946, 0.04471325874328613, 0.6327680945396423, 0.5079683661460876, 0.6731852293014526, 0.026440048590302467, 0.5367408394813538, 0.2365105003118515, 0.29653385281562805, 0.30935877561569214, 0.8720250129699707, 0.0376749187707901, -0.014856613241136074, 0.014038722030818462, 0.9990809559822083, -0.31887659430503845, 0.023636160418391228, -0.037563178688287735, 0.9467566013336182, 0.1356593817472458, -0.0005948125617578626, -1.3395180076258839e-08, 0.9907553791999817, -0.48164698481559753, 0.002111838199198246, -9.225681196767255e-08, 0.8763628005981445, 0.15644681453704834, 0.7497511506080627, 0.27585750818252563, 0.5807756185531616, 0.17444799840450287, -0.548963189125061, 0.5880315899848938, 0.5678257942199707, -0.7862580418586731, 0.10847997665405273, 0.0448860265314579, 0.6066429615020752, 0.6607474088668823, -0.05999863147735596, -0.0486401692032814, 0.7466238737106323, 0.6571090221405029, -0.03220047429203987, 0.29203715920448303, 0.6941795349121094, 0.6199600100517273, -0.7295459508895874, 0.2307005375623703, 0.1737518012523651, -0.768735408782959, -0.08382406830787659, 0.0059525915421545506, 0.634022057056427, 0.6291163563728333, 0.10262861102819443, -0.004512445069849491, 0.7704930901527405, 0.5040232539176941, 0.039373524487018585, -0.3409767746925354, 0.79255610704422, -0.5551333427429199, -0.5329995155334473, -0.5070386528968811, 0.3881370723247528, -0.052280958741903305, -0.037070855498313904, 0.021719200536608696, 0.9977077841758728, 0.03390536829829216, 0.00010069925338029861, -0.012470078654587269, 0.9993472695350647, -0.36940425634384155, 0.45226603746414185, -0.6774152517318726, 0.44733038544654846, -0.1480776071548462, 0.08968067169189453, 0.19597648084163666, 0.965206503868103, 0.5130930542945862, -0.6228450536727905, -0.0738023966550827, 0.5859631299972534, 0.14281511306762695, -0.1714686155319214, -0.011871161870658398, 0.9747109413146973, -0.40673795342445374, -0.31717538833618164, 0.5912410020828247, 0.6199985146522522, -0.7308987379074097, -0.39523497223854065, 0.048108603805303574, 0.5543121695518494, 0.49600401520729065, 0.6546868681907654, 0.024801133200526237, 0.5698685646057129, 0.23209640383720398, 0.2924884557723999, 0.31225162744522095, 0.8735449314117432, 0.037674788385629654, -0.014988095499575138, 0.014882502146065235, 0.9990668296813965, -0.28334474563598633, 0.02826460637152195, -0.09614879637956619, 0.9537674188613892, 0.135659322142601, -0.0005947879399172962, 8.4564417690558e-09, 0.9907553791999817, -0.4816471040248871, 0.002111809328198433, -1.0261828009561214e-07, 0.8763627409934998, 0.13705897331237793, 0.7794503569602966, 0.24839505553245544, 0.5585444569587708, 0.14691855013370514, -0.5635022521018982, 0.5969352126121521, 0.5518592596054077, -0.788150429725647, 0.10827050358057022, 0.048991139978170395, 0.6039009690284729, 0.6643938422203064, -0.013923495076596737, -0.034744519740343094, 0.746444821357727, 0.6532942056655884, -0.0280089620500803, 0.3109356462955475, 0.689740002155304, 0.6158363819122314, -0.731286346912384, 0.25053870677948, 0.15230324864387512, -0.7860207557678223, -0.08582399785518646, 0.012628227472305298, 0.6120834946632385, 0.6320764422416687, 0.04596511647105217, -0.013265916146337986, 0.7734278440475464, 0.48246392607688904, 0.023830875754356384, -0.30714285373687744, 0.8199536204338074, -0.5601380467414856, -0.531619131565094, -0.5042181611061096, 0.3865107595920563, -0.052605997771024704, -0.04066287726163864, 0.02450714260339737, 0.9974861145019531, 0.03271747753024101, -0.00030002693529240787, -0.012699843384325504, 0.9993839263916016, -0.3493107557296753, 0.4542485177516937, -0.698628306388855, 0.42843765020370483, -0.1894998997449875, 0.12003394961357117, 0.3353416323661804, 0.9150014519691467, 0.5466260313987732, -0.6543648838996887, -0.08680788427591324, 0.5152386426925659, 0.14797766506671906, -0.1597571223974228, -0.025356147438287735, 0.9756727814674377, -0.4233439862728119, -0.30082422494888306, 0.5588892698287964, 0.6464731097221375, -0.7396442294120789, -0.37194278836250305, 0.12035246193408966, 0.5478140711784363, 0.48816612362861633, 0.6526463031768799, 0.019550049677491188, 0.5791065692901611, 0.22929632663726807, 0.29401499032974243, 0.30933356285095215, 0.874809205532074, 0.03706181049346924, -0.013890748843550682, 0.01524356473237276, 0.9991001486778259, -0.2672746181488037, 0.003701105248183012, -0.1258654147386551, 0.9553577899932861, 0.13565942645072937, -0.000594771234318614, 7.046422556555854e-09, 0.9907553791999817, -0.48164698481559753, 0.0021119171287864447, -4.523174368387117e-08, 0.8763628005981445, 0.12379096448421478, 0.7933187484741211, 0.23222853243350983, 0.5489910244941711, 0.09929466992616653, -0.562667191028595, 0.5997859239578247, 0.560181200504303, -0.7881327271461487, 0.10792067646980286, 0.04596314579248428, 0.6042245626449585, 0.6960907578468323, 0.03360414877533913, -0.02367004193365574, 0.7167762517929077, 0.6046371459960938, 0.010694397613406181, 0.26788875460624695, 0.7500234246253967, 0.6065707206726074, -0.7385585308074951, 0.25216609239578247, 0.15170881152153015, -0.8003968596458435, -0.08725235611200333, 0.014970171265304089, 0.5928977727890015, 0.6303916573524475, -0.019300252199172974, -0.03594103455543518, 0.775204598903656, 0.4492873251438141, -0.0022451074328273535, -0.23967835307121277, 0.8606336116790771, -0.5619885921478271, -0.5286206007003784, -0.5055232048034668, 0.3862323462963104, -0.053146328777074814, -0.04202957823872566, 0.02502269670367241, 0.9973880648612976, 0.03138250485062599, 0.0008853466715663671, -0.012403091415762901, 0.9994301199913025, -0.3428897559642792, 0.45007628202438354, -0.7068487405776978, 0.424526572227478, -0.23558160662651062, 0.12418200075626373, 0.41790899634361267, 0.8685805797576904, 0.5727975964546204, -0.6834463477134705, -0.09530532360076904, 0.44240352511405945, 0.1505722850561142, -0.15194439888000488, -0.040850937366485596, 0.9759979844093323, -0.4397783875465393, -0.29506972432136536, 0.5342487692832947, 0.6588680744171143, -0.7211923003196716, -0.34107303619384766, 0.21713081002235413, 0.5624989867210388, 0.48745018243789673, 0.6642969846725464, 0.01365024782717228, 0.5664941072463989, 0.2282966673374176, 0.29850441217422485, 0.3053600490093231, 0.8749462962150574, 0.03691595047712326, -0.012374062091112137, 0.014920319430530071, 0.999130368232727, -0.26466742157936096, -0.029423372820019722, -0.1325482577085495, 0.954733669757843, 0.1356593370437622, -0.0005947462632320821, 1.9149085872527394e-08, 0.9907553791999817, -0.4816471040248871, 0.0021118673030287027, -5.6988014307535195e-08, 0.8763627409934998, 0.1010344997048378, 0.8080904483795166, 0.2061365246772766, 0.542484700679779, 0.026695560663938522, -0.5601165294647217, 0.5945435762405396, 0.5762593150138855, -0.7735288739204407, 0.10688072443008423, 0.0417959950864315, 0.6232838034629822, 0.749244213104248, 0.06551061570644379, -0.005077802576124668, 0.6590263247489929, 0.5125760436058044, 0.050466783344745636, 0.16236117482185364, 0.8416399359703064, 0.5951597690582275, -0.7493155002593994, 0.23827967047691345, 0.16593359410762787, -0.8041189908981323, -0.08731377869844437, 0.009486453607678413, 0.5879446864128113, 0.6352411508560181, -0.07013487070798874, -0.06963390856981277, 0.7659640908241272, 0.4103979766368866, -0.027843236923217773, -0.15620672702789307, 0.8979964852333069, -0.5610744953155518, -0.5254204869270325, -0.5097751617431641, 0.38633933663368225, -0.054960642009973526, -0.04226679354906082, 0.02541019208729267, 0.997269868850708, 0.03066878393292427, 0.002221524016931653, -0.011151543818414211, 0.9994649291038513, -0.3532785177230835, 0.4392074942588806, -0.6989754438400269, 0.44014135003089905, -0.3320510685443878, 0.1291588544845581, 0.4509430527687073, 0.8183584213256836, 0.6016616821289062, -0.7297719717025757, -0.10652120411396027, 0.3067399263381958, 0.1490553468465805, -0.14639069139957428, -0.06088396534323692, 0.9760355949401855, -0.4696498513221741, -0.2981225252151489, 0.5020492672920227, 0.6621922850608826, -0.6740036606788635, -0.2878373861312866, 0.32586225867271423, 0.59722900390625, 0.4881690442562103, 0.6802949905395508, 0.007292554713785648, 0.5466594099998474, 0.22666846215724945, 0.30507776141166687, 0.30046454071998596, 0.8747971653938293, 0.037886980921030045, -0.010182048194110394, 0.013675063848495483, 0.9991365671157837, -0.2746964693069458, -0.0722418874502182, -0.13077883422374725, 0.9498525857925415, 0.1356593370437622, -0.0005947074387222528, 1.763111185937305e-07, 0.9907553791999817, -0.48164698481559753, 0.002111838897690177, 6.163737964470783e-08, 0.8763628005981445, 0.07036484032869339, 0.8403719663619995, 0.16404442489147186, 0.5117745995521545, -0.04957189783453941, -0.5903516411781311, 0.5930573344230652, 0.5452619791030884, -0.7238275408744812, 0.10266415029764175, 0.04344756528735161, 0.6809156537055969, 0.7682236433029175, 0.105129674077034, 0.02656259946525097, 0.6309316158294678, 0.4451914131641388, 0.040885165333747864, 0.10126319527626038, 0.8887512683868408, 0.6054233312606812, -0.7334045171737671, 0.2546122670173645, 0.17536547780036926, -0.7896156907081604, -0.08592220395803452, 0.0042188167572021484, 0.6075415015220642, 0.614006519317627, -0.13751690089702606, -0.10046549141407013, 0.7707086205482483, 0.39125269651412964, -0.030877340584993362, -0.10466916859149933, 0.9137901067733765, -0.5618606209754944, -0.5272879004478455, -0.5096263289451599, 0.3828331232070923, -0.05800282582640648, -0.04446009173989296, 0.022536391392350197, 0.9970712661743164, 0.03131694719195366, 0.0019323668675497174, -0.010237473994493484, 0.9994552135467529, -0.3904959261417389, 0.41723817586898804, -0.6575548648834229, 0.4909653067588806, -0.4505775570869446, 0.19785121083259583, 0.2798043191432953, 0.8243448138237, 0.6068701148033142, -0.7549828290939331, -0.10392457246780396, 0.22563093900680542, 0.14041730761528015, -0.1554410606622696, -0.03635936230421066, 0.9771382212638855, -0.506046712398529, -0.3352488875389099, 0.48545631766319275, 0.6291717886924744, -0.6253710985183716, -0.20627634227275848, 0.26710647344589233, 0.7035731673240662, 0.45987820625305176, 0.6376570463180542, 0.00455421581864357, 0.6179683208465576, 0.21974459290504456, 0.30511367321014404, 0.29763084650039673, 0.8775157332420349, 0.039430320262908936, -0.011248232796788216, 0.012970996089279652, 0.9990748167037964, -0.2763970196247101, -0.07613851875066757, -0.14825652539730072, 0.9464817047119141, 0.13565917313098907, -0.0005946148303337395, 4.192456231066899e-07, 0.9907554388046265, -0.4816471040248871, 0.002111817477270961, 1.8922943922916602e-07, 0.8763627409934998, 0.018856873735785484, 0.8903822302818298, 0.09257273375988007, 0.44530242681503296, -0.11460309475660324, -0.654442548751831, 0.5912095308303833, 0.45721158385276794, -0.6572160720825195, 0.09659555554389954, 0.04903995618224144, 0.7458763122558594, 0.7614328861236572, 0.13603916764259338, 0.060053639113903046, 0.6309571266174316, 0.40856611728668213, 0.013696236535906792, 0.0892377644777298, 0.9082525968551636, 0.6361857652664185, -0.6842397451400757, 0.3212257921695709, 0.15458892285823822, -0.7693948149681091, -0.08362425863742828, 0.0026129595935344696, 0.6332707405090332, 0.5832470059394836, -0.21206477284431458, -0.11945010721683502, 0.7749729752540588, 0.39096739888191223, -0.017674846574664116, -0.09641022980213165, 0.9151705503463745, -0.5633372068405151, -0.5304659605026245, -0.5090729594230652, 0.37696409225463867, -0.06287858635187149, -0.046649713069200516, 0.02156325988471508, 0.9966970682144165, 0.03242267295718193, -0.00013697173562832177, -0.010363220237195492, 0.9994205236434937, -0.41552475094795227, 0.4002719223499298, -0.6261353492736816, 0.5244770646095276, -0.5615645051002502, 0.26499298214912415, 0.07987146824598312, 0.779772162437439, 0.5910268425941467, -0.7573159337043762, -0.09273187816143036, 0.2618410289287567, 0.13604119420051575, -0.16069714725017548, -0.0037091649137437344, 0.9775763750076294, -0.5355184674263, -0.3818822205066681, 0.4777052700519562, 0.5823948383331299, -0.6053393483161926, -0.05764182657003403, 0.1219087541103363, 0.7844616174697876, 0.40527021884918213, 0.5502842664718628, 0.0037326377350836992, 0.7300201654434204, 0.21104343235492706, 0.29836970567703247, 0.2991577386856079, 0.8814424872398376, 0.03951331600546837, -0.014138249680399895, 0.013579318299889565, 0.9990267753601074, -0.24742572009563446, -0.0541849285364151, -0.1777632087469101, 0.9509178400039673, 0.1356593370437622, -0.0005947927129454911, 1.3872529791569832e-08, 0.9907553791999817, -0.48164722323417664, 0.002111789770424366, 1.6193099838801572e-07, 0.876362681388855, -0.03952130675315857, 0.9271605014801025, 0.015114499256014824, 0.3722674250602722, -0.1228933185338974, -0.7124189734458923, 0.5812342166900635, 0.37352806329727173, -0.6149437427520752, 0.09250392019748688, 0.05448493734002113, 0.7812288999557495, 0.7379867434501648, 0.13063374161720276, 0.07415441423654556, 0.6578841805458069, 0.3947366178035736, -0.0007462550420314074, 0.08552079647779465, 0.9148052334785461, 0.6804620027542114, -0.6176375150680542, 0.3749590814113617, 0.1220702975988388, -0.7476022243499756, -0.08045012503862381, -0.002326874528080225, 0.6592521071434021, 0.5736572742462158, -0.2650153338909149, -0.12342537194490433, 0.76514732837677, 0.395500123500824, -0.009065470658242702, -0.1079985722899437, 0.9120492339134216, -0.5636636018753052, -0.5288395881652832, -0.5111119151115417, 0.37600111961364746, -0.06749020516872406, -0.044922422617673874, 0.025952575728297234, 0.9963701367378235, 0.03207169100642204, -0.002193362917751074, -0.012152712792158127, 0.9994093179702759, -0.4154233932495117, 0.39074069261550903, -0.6227734088897705, 0.5356290340423584, -0.6191297769546509, 0.30157312750816345, -0.026708979159593582, 0.7245817184448242, 0.5669600367546082, -0.7336863875389099, -0.0792398601770401, 0.36603501439094543, 0.13263827562332153, -0.1643255650997162, 0.005175544414669275, 0.9774340987205505, -0.5539668202400208, -0.4090385138988495, 0.4692295491695404, 0.5528399348258972, -0.6199313998222351, 0.0820913016796112, 0.03400428965687752, 0.7796087861061096, 0.3598295748233795, 0.4785674214363098, 0.003461412852630019, 0.800926923751831, 0.2069527953863144, 0.292409211397171, 0.3013865053653717, 0.8836479187011719, 0.03811303898692131, -0.01671113818883896, 0.01574118807911873, 0.9990096688270569, -0.20691879093647003, -0.026372063905000687, -0.19506974518299103, 0.9583511352539062, 0.13565942645072937, -0.0005947307217866182, 1.879658029224629e-08, 0.9907553791999817, -0.4816470742225647, 0.002111841458827257, 1.4233719980438764e-07, 0.8763627409934998, -0.092421755194664, 0.9430351257324219, -0.035267435014247894, 0.3176462948322296, -0.02085910178720951, -0.7507797479629517, 0.5654911994934082, 0.3407556414604187, -0.6031674146652222, 0.09125831723213196, 0.05771416425704956, 0.7902721762657166, 0.6769576668739319, 0.0854083001613617, 0.07120313495397568, 0.7275739908218384, 0.3997631072998047, 0.010469193570315838, 0.0874682143330574, 0.9123755693435669, 0.7576621174812317, -0.5305511355400085, 0.3587242066860199, 0.12562045454978943, -0.7099539637565613, -0.07445591688156128, -0.01342505682259798, 0.700172483921051, 0.6157195568084717, -0.2781999707221985, -0.10340374708175659, 0.7299328446388245, 0.3927408754825592, -0.009986838325858116, -0.09314209222793579, 0.9148658514022827, -0.5595681667327881, -0.5222856402397156, -0.5160603523254395, 0.384425550699234, -0.06945542991161346, -0.039623137563467026, 0.0313568189740181, 0.9963045120239258, 0.03150157257914543, -0.0021740063093602657, -0.014764667488634586, 0.9993922710418701, -0.4051150679588318, 0.38099905848503113, -0.6292880773544312, 0.5428794026374817, -0.5918324589729309, 0.30622968077659607, -0.09595207870006561, 0.7394260764122009, 0.5321000218391418, -0.6924058794975281, -0.06463085114955902, 0.4829767048358917, 0.13028717041015625, -0.17246755957603455, 0.00403223279863596, 0.9763523936271667, -0.5669103264808655, -0.40642523765563965, 0.4544827342033386, 0.5539644956588745, -0.6002671718597412, 0.16926002502441406, 0.03845290094614029, 0.7807379961013794, 0.33849141001701355, 0.4518578052520752, 0.0004618511302396655, 0.8253774642944336, 0.20599310100078583, 0.291678786277771, 0.3012073338031769, 0.8841744661331177, 0.03703422099351883, -0.01636769436299801, 0.018264954909682274, 0.9990130066871643, -0.16598722338676453, -0.005863579455763102, -0.19258789718151093, 0.9671213626861572, 0.13565948605537415, -0.0005948556354269385, -7.14446315441819e-08, 0.9907553791999817, -0.4816470444202423, 0.002111880574375391, 1.7003415564431634e-08, 0.8763628005981445, -0.17278550565242767, 0.9400961995124817, -0.10242149978876114, 0.2754526138305664, 0.1840420961380005, -0.7512649893760681, 0.5263192057609558, 0.3531537353992462, -0.5816068649291992, 0.08866284787654877, 0.04649289324879646, 0.8072860836982727, 0.5275835990905762, 0.021827733144164085, 0.06014352664351463, 0.8470902442932129, 0.39507508277893066, 0.011135142296552658, 0.08761735260486603, 0.9143931865692139, 0.8207082152366638, -0.4435330033302307, 0.32343071699142456, 0.1584586799144745, -0.6305798888206482, -0.06482595205307007, -0.020380984991788864, 0.7731437683105469, 0.6508077383041382, -0.27051499485969543, -0.06939203292131424, 0.7060140371322632, 0.3929036855697632, -0.012876207008957863, -0.08976411074399948, 0.9150974154472351, -0.5524411201477051, -0.5152221918106079, -0.5218080878257751, 0.3963223695755005, -0.0692983865737915, -0.031973082572221756, 0.03435052931308746, 0.9964916110038757, 0.031069451943039894, -0.0015664680395275354, -0.018440019339323044, 0.9993458986282349, -0.39372628927230835, 0.3654842674732208, -0.6334180235862732, 0.5569403767585754, -0.4594990909099579, 0.2468441277742386, -0.25168168544769287, 0.8152207732200623, 0.47740477323532104, -0.6364261507987976, -0.04274706169962883, 0.6043335795402527, 0.12855640053749084, -0.1869838982820511, 0.00666952645406127, 0.973892092704773, -0.5793339014053345, -0.37424537539482117, 0.42888280749320984, 0.5834143161773682, -0.534954309463501, 0.22407157719135284, 0.06389331817626953, 0.8121166825294495, 0.31379345059394836, 0.4291299879550934, -0.006644949316978455, 0.8469575047492981, 0.20259147882461548, 0.2953681945800781, 0.2985939383506775, 0.8846219778060913, 0.03693349286913872, -0.01349372137337923, 0.02136954851448536, 0.9989981055259705, -0.11768265068531036, 0.004920166917145252, -0.1818891316652298, 0.9762392044067383, 0.1356593668460846, -0.0005948024336248636, 9.399759193229329e-08, 0.9907553791999817, -0.4816471040248871, 0.0021118340082466602, 9.99614968577589e-08, 0.8763627409934998, -0.2396976202726364, 0.9165916442871094, -0.172899529337883, 0.26927804946899414, 0.3193431496620178, -0.6922363042831421, 0.5073367357254028, 0.401793897151947, -0.5633556246757507, 0.0859413668513298, 0.02975182794034481, 0.8211938738822937, 0.40366700291633606, -0.0005920596304349601, 0.05271332710981369, 0.9133859872817993, 0.391517698764801, 0.010723920539021492, 0.0890841856598854, 0.9157854318618774, 0.8063744306564331, -0.4567861258983612, 0.32769641280174255, 0.18363505601882935, -0.5836551189422607, -0.060003943741321564, -0.014163956046104431, 0.8096577525138855, 0.6312639713287354, -0.2244029939174652, -0.05923444777727127, 0.7400273084640503, 0.39235496520996094, -0.013341598212718964, -0.08909251540899277, 0.9153918027877808, -0.5522841215133667, -0.5151659250259399, -0.5209643840789795, 0.3977217972278595, -0.06911706179380417, -0.02923809550702572, 0.03731837496161461, 0.9964814782142639, 0.030781222507357597, -0.0022395094856619835, -0.02020660601556301, 0.9993193745613098, -0.3743724226951599, 0.3514541685581207, -0.6486006379127502, 0.5618208050727844, -0.3109327554702759, 0.16976389288902283, -0.31967639923095703, 0.8788105845451355, 0.4420527219772339, -0.5922927260398865, -0.032873451709747314, 0.6728284955024719, 0.13011321425437927, -0.19653013348579407, 0.005683157127350569, 0.9718098044395447, -0.5701238512992859, -0.32914286851882935, 0.4179859757423401, 0.6260284185409546, -0.5234425663948059, 0.2280053049325943, 0.04143931344151497, 0.8199416399002075, 0.30359143018722534, 0.4208739399909973, -0.010386728681623936, 0.8547452688217163, 0.20296792685985565, 0.29657265543937683, 0.2995089888572693, 0.8838229775428772, 0.038681212812662125, -0.011237642727792263, 0.02263829857110977, 0.9989319443702698, -0.11059591919183731, -0.01452927477657795, -0.1814805120229721, 0.9770477414131165, 0.1356593668460846, -0.000594832468777895, 4.8876984237722354e-08, 0.9907553791999817, -0.4816471040248871, 0.002111845649778843, 1.25333784239956e-07, 0.8763627409934998, -0.287543922662735, 0.8842431902885437, -0.24424463510513306, 0.2752763330936432, 0.3444514572620392, -0.6346985101699829, 0.529356837272644, 0.44530028104782104, -0.5561769604682922, 0.08507244288921356, 0.0277419351041317, 0.8262325525283813, 0.3570292592048645, 0.03167897090315819, 0.05671733245253563, 0.9318313598632812, 0.39058396220207214, 0.010703373700380325, 0.08964347094297409, 0.9161297082901001, 0.7663909792900085, -0.5034680962562561, 0.3475694954395294, 0.1958577185869217, -0.579522967338562, -0.05968353524804115, -0.007867097854614258, 0.8127294182777405, 0.5930622220039368, -0.18433250486850739, -0.06511834263801575, 0.7810623049736023, 0.3909798562526703, -0.012660857290029526, -0.08996032178401947, 0.9159048199653625, -0.5576484203338623, -0.5155208706855774, -0.5167957544326782, 0.3952072262763977, -0.07060488313436508, -0.030751297250390053, 0.04406067356467247, 0.9960561990737915, 0.0303819440305233, -0.0033835393842309713, -0.020686309784650803, 0.9993185997009277, -0.3572078049182892, 0.34312546253204346, -0.6647433042526245, 0.5592707991600037, -0.23498354852199554, 0.13546015322208405, -0.2578578591346741, 0.9273309111595154, 0.4172765612602234, -0.547856867313385, -0.03132050856947899, 0.7243978381156921, 0.1316346675157547, -0.20027628540992737, 0.0027027251198887825, 0.9708524346351624, -0.5481287240982056, -0.31584352254867554, 0.43510326743125916, 0.6406894326210022, -0.5420539975166321, 0.242456316947937, 0.03474396839737892, 0.8038564920425415, 0.32065990567207336, 0.4470202922821045, -0.01036905124783516, 0.8350105285644531, 0.20775072276592255, 0.29477304220199585, 0.3029897212982178, 0.8821256756782532, 0.039928633719682693, -0.010778720490634441, 0.023045627400279045, 0.9988785982131958, -0.14817801117897034, -0.05053213983774185, -0.1842910647392273, 0.9703229665756226, 0.13565942645072937, -0.0005948870093561709, 3.384412750051524e-08, 0.9907553791999817, -0.4816470742225647, 0.0021118433214724064, 1.1477306571805457e-07, 0.8763627409934998, -0.30310964584350586, 0.8678113222122192, -0.293276846408844, 0.26271048188209534, 0.3132917284965515, -0.6245443224906921, 0.5532662868499756, 0.4535297751426697, -0.5461757183074951, 0.08442500978708267, 0.03594472259283066, 0.8326298594474792, 0.3511146306991577, 0.06869218498468399, 0.06992361694574356, 0.9311877489089966, 0.39129385352134705, 0.011199302040040493, 0.08924418687820435, 0.9158598184585571, 0.7634775638580322, -0.5111849308013916, 0.34436458349227905, 0.19288602471351624, -0.5930969715118408, -0.061336949467659, -0.009323988109827042, 0.8027371168136597, 0.5917418599128723, -0.18850786983966827, -0.06665407866239548, 0.7809376120567322, 0.39054736495018005, -0.012572219595313072, -0.09019170701503754, 0.9160677790641785, -0.5623281598091125, -0.5127077102661133, -0.5133721828460693, 0.3966950476169586, -0.0710657462477684, -0.030836431309580803, 0.05247906595468521, 0.9956128001213074, 0.030039232224225998, -0.0036073054652661085, -0.020283598452806473, 0.9993363618850708, -0.3657688796520233, 0.3476090133190155, -0.6565563082695007, 0.5606379508972168, -0.2332019954919815, 0.1648583561182022, -0.15862081944942474, 0.9451338648796082, 0.40915003418922424, -0.5262012481689453, -0.03328957036137581, 0.7447149157524109, 0.13287530839443207, -0.19871950149536133, -0.00015282594540622085, 0.9710071086883545, -0.5462742447853088, -0.35011714696884155, 0.4558608829975128, 0.6092564463615417, -0.5214310884475708, 0.27345868945121765, 0.09729402512311935, 0.8024112582206726, 0.3485628366470337, 0.4894315302371979, -0.009660257026553154, 0.7992918491363525, 0.21276190876960754, 0.2958666682243347, 0.30454403162002563, 0.8800274133682251, 0.03980276733636856, -0.01195924449712038, 0.02285030670464039, 0.9988746047019958, -0.20476552844047546, -0.06695331633090973, -0.17656132578849792, 0.9604241251945496, 0.1356593817472458, -0.0005947413155809045, 5.640075961821367e-09, 0.9907553791999817, -0.4816470742225647, 0.0021119029261171818, 9.989507532282005e-08, 0.8763627409934998, -0.30901697278022766, 0.8551610112190247, -0.348265141248703, 0.22785867750644684, 0.24808990955352783, -0.6473674774169922, 0.5525351762771606, 0.46267884969711304, -0.4811710715293884, 0.07829859852790833, 0.03366515785455704, 0.8724737167358398, 0.33829131722450256, 0.07804456353187561, 0.0019569266587495804, 0.9377975463867188, 0.39095553755760193, 0.011449623852968216, 0.08893585205078125, 0.9160311818122864, 0.7758792042732239, -0.5161042809486389, 0.32572048902511597, 0.15985625982284546, -0.6224486231803894, -0.06485085189342499, -0.012083782814443111, 0.7798756957054138, 0.605143129825592, -0.2070540189743042, -0.07166484743356705, 0.7653722167015076, 0.390336811542511, -0.012390494346618652, -0.0905686765909195, 0.9161228537559509, -0.5670418739318848, -0.5089616775512695, -0.5065234303474426, 0.40355366468429565, -0.0670633390545845, -0.02879316918551922, 0.06499093770980835, 0.9952133893966675, 0.03090323880314827, -0.0026413407176733017, -0.01909756474196911, 0.9993364214897156, -0.38156914710998535, 0.3564276397228241, -0.6420042514801025, 0.5614221692085266, -0.2581113576889038, 0.18851923942565918, -0.036298058927059174, 0.9468482136726379, 0.424198180437088, -0.5347891449928284, -0.04025961086153984, 0.7296818494796753, 0.1365075707435608, -0.19284504652023315, -0.00402719434350729, 0.9716790914535522, -0.5531945824623108, -0.3979272246360779, 0.4641590118408203, 0.565850019454956, -0.4544296860694885, 0.2781094014644623, 0.19938181340694427, 0.822432816028595, 0.3833731710910797, 0.5440207123756409, -0.009448854252696037, 0.7463090419769287, 0.21960294246673584, 0.3003116548061371, 0.30589205026626587, 0.8763660788536072, 0.040885888040065765, -0.013599815778434277, 0.021913550794124603, 0.9988309741020203, -0.29059889912605286, -0.07016333937644958, -0.15730109810829163, 0.9412150382995605, 0.13565930724143982, -0.0005946594756096601, -4.696391275871292e-09, 0.9907553791999817, -0.4816471040248871, 0.0021118938457220793, 1.598719734374754e-07, 0.8763627409934998, -0.31601986289024353, 0.8302559852600098, -0.42416027188301086, 0.17576850950717926, 0.1703341007232666, -0.6820892095565796, 0.5350186228752136, 0.46850359439849854, -0.3569944202899933, 0.06696198880672455, 0.02678140439093113, 0.9313183426856995, 0.30324700474739075, 0.07372371852397919, -0.12334970384836197, 0.9420142769813538, 0.3891543745994568, 0.011770357377827168, 0.08842986077070236, 0.9168426990509033, 0.7930116057395935, -0.5175299048423767, 0.30293503403663635, 0.1073584333062172, -0.6647900938987732, -0.06978854537010193, -0.016231006011366844, 0.7435860633850098, 0.6189144253730774, -0.22830744087696075, -0.0802508294582367, 0.7472485899925232, 0.3898942172527313, -0.012118608690798283, -0.09096748381853104, 0.9162753820419312, -0.5766991972923279, -0.5048917531967163, -0.49279308319091797, 0.4118950068950653, -0.060097835958004, -0.032998234033584595, 0.08395133167505264, 0.9941084384918213, 0.03164278715848923, -0.002531223464757204, -0.01820998080074787, 0.9993301630020142, -0.37656643986701965, 0.3755098283290863, -0.6532260775566101, 0.5389673113822937, -0.29019680619239807, 0.20290759205818176, 0.1030394658446312, 0.9295145273208618, 0.4750072956085205, -0.5884333848953247, -0.05682870000600815, 0.651831865310669, 0.14094321429729462, -0.18220548331737518, -0.00758378067985177, 0.9730768799781799, -0.5625823736190796, -0.42203789949417114, 0.4589022994041443, 0.5429491996765137, -0.39753633737564087, 0.23653973639011383, 0.29166775941848755, 0.8372238278388977, 0.4223175048828125, 0.6039813756942749, -0.008340097032487392, 0.6758586168289185, 0.22895237803459167, 0.30621692538261414, 0.30802440643310547, 0.8711676001548767, 0.04220138490200043, -0.014553016051650047, 0.021468516439199448, 0.9987724423408508, -0.3814181983470917, -0.0655716210603714, -0.11136330664157867, 0.9153243899345398, 0.13565930724143982, -0.0005947821773588657, 5.640075961821367e-09, 0.9907553791999817, -0.4816471338272095, 0.0021119113080203533, 2.92246262745266e-08, 0.876362681388855, -0.3316226005554199, 0.7876691818237305, -0.5017815828323364, 0.13348808884620667, 0.1473209708929062, -0.6914594769477844, 0.5307540893554688, 0.46741899847984314, -0.252760112285614, 0.058069489896297455, 0.022889867424964905, 0.9655134677886963, 0.260860800743103, 0.06150095537304878, -0.22505424916744232, 0.9367603063583374, 0.3874909579753876, 0.01172615122050047, 0.08819087594747543, 0.9175705313682556, 0.8124120235443115, -0.5022304654121399, 0.29039186239242554, 0.05851419270038605, -0.7230836749076843, -0.07565730065107346, -0.02323930151760578, 0.6862112879753113, 0.6270341873168945, -0.24979451298713684, -0.09496751427650452, 0.7317185401916504, 0.3897266983985901, -0.011361329816281796, -0.09121495485305786, 0.9163317680358887, -0.5900550484657288, -0.5024994611740112, -0.4781801998615265, 0.4131259322166443, -0.05818105489015579, -0.049171749502420425, 0.10169849544763565, 0.9918944239616394, 0.03103840909898281, -0.00354267586953938, -0.019050350412726402, 0.9993304014205933, -0.3550804555416107, 0.42268458008766174, -0.6875728368759155, 0.4716982841491699, -0.29179489612579346, 0.22796382009983063, 0.21007265150547028, 0.9048523306846619, 0.536104142665863, -0.6621840596199036, -0.07834793627262115, 0.517654538154602, 0.14136512577533722, -0.16856351494789124, -0.010336467996239662, 0.9754462838172913, -0.5763602256774902, -0.3874243199825287, 0.43546345829963684, 0.5727852582931519, -0.4293588399887085, 0.1643086075782776, 0.3087156116962433, 0.8326753973960876, 0.452155202627182, 0.6465115547180176, -0.005915920715779066, 0.6144457459449768, 0.23692291975021362, 0.31019914150238037, 0.31003832817077637, 0.8669027090072632, 0.041534241288900375, -0.013092484325170517, 0.02283976413309574, 0.9987902045249939, -0.43033668398857117, -0.03991848975419998, -0.030597394332289696, 0.9012661576271057, 0.13565929234027863, -0.0005948146572336555, 1.6861475771179357e-08, 0.9907553791999817, -0.48164698481559753, 0.002111841458827257, 5.844924100273374e-09, 0.8763628005981445, -0.3749619424343109, 0.7457227110862732, -0.5319138765335083, 0.14271944761276245, 0.21107971668243408, -0.6383359432220459, 0.556150496006012, 0.48853790760040283, -0.25091466307640076, 0.057966556400060654, 0.021348878741264343, 0.9660362005233765, 0.25389736890792847, 0.04680190607905388, -0.24625149369239807, 0.9341872930526733, 0.3863520324230194, 0.011456672102212906, 0.08886779099702835, 0.9179887771606445, 0.8246607780456543, -0.4968947470188141, 0.2693510055541992, 0.02191530168056488, -0.8102052211761475, -0.07991401851177216, -0.0332532562315464, 0.5797201991081238, 0.6340838670730591, -0.2654336988925934, -0.1230301633477211, 0.7157836556434631, 0.3884723484516144, -0.008736980147659779, -0.09676625579595566, 0.916323721408844, -0.596579909324646, -0.5041807293891907, -0.4764304459095001, 0.40361905097961426, -0.06443481147289276, -0.06299927830696106, 0.09565222263336182, 0.9913273453712463, 0.029822783544659615, -0.0023169356863945723, -0.01857416331768036, 0.9993799328804016, -0.34609875082969666, 0.45777755975723267, -0.6996375322341919, 0.42563214898109436, -0.2713090777397156, 0.2180979698896408, 0.2687286138534546, 0.8981145024299622, 0.559013307094574, -0.692290723323822, -0.08712410926818848, 0.4479365050792694, 0.14043022692203522, -0.16131675243377686, -0.01488252729177475, 0.9767470359802246, -0.552073061466217, -0.34979039430618286, 0.45215022563934326, 0.6069779396057129, -0.5163421630859375, 0.09452459216117859, 0.270073264837265, 0.8071655631065369, 0.4682962894439697, 0.6682652235031128, -0.0034909509122371674, 0.5780207514762878, 0.2423376590013504, 0.3117358386516571, 0.31128913164138794, 0.8644028902053833, 0.03993618115782738, -0.01028488203883171, 0.021975573152303696, 0.9989076256752014, -0.45342791080474854, 0.019202742725610733, 0.053140271455049515, 0.8895001411437988, 0.1356593668460846, -0.0005948460893705487, -1.1750158179779646e-08, 0.9907553791999817, -0.48164719343185425, 0.00211169570684433, -1.5409348463890638e-08, 0.876362681388855, -0.41710588335990906, 0.7142077088356018, -0.5415363311767578, 0.15056057274341583, 0.2758973240852356, -0.5879380702972412, 0.5809417963027954, 0.4906283915042877, -0.2774759531021118, 0.0593266636133194, 0.0218858290463686, 0.9586492776870728, 0.2720913887023926, 0.032675065100193024, -0.19283482432365417, 0.9421854019165039, 0.3862209618091583, 0.011873218230903149, 0.08844196796417236, 0.9180797338485718, 0.8346988558769226, -0.4837723970413208, 0.2630809247493744, 0.005527995992451906, -0.8552108407020569, -0.08996957540512085, -0.03866664692759514, 0.5089448094367981, 0.6372819542884827, -0.2581690549850464, -0.14317797124385834, 0.7118430733680725, 0.3908675014972687, -0.00884553138166666, -0.09428718686103821, 0.9155623316764832, -0.5963107347488403, -0.5077726244926453, -0.47730526328086853, 0.3984472155570984, -0.06510541588068008, -0.06512098759412766, 0.0846245214343071, 0.9921488165855408, 0.029255501925945282, -0.0002590615185908973, -0.01719064451754093, 0.9994240999221802, -0.3597119152545929, 0.471230149269104, -0.6843177080154419, 0.42456892132759094, -0.28451281785964966, 0.17806100845336914, 0.2882431745529175, 0.8968068957328796, 0.5625156760215759, -0.69720458984375, -0.08764619380235672, 0.4356604814529419, 0.14071260392665863, -0.1597764641046524, -0.0179282333701849, 0.9769084453582764, -0.5351135730743408, -0.3601204454898834, 0.474899560213089, 0.598696231842041, -0.5113681554794312, 0.05993616580963135, 0.2658368945121765, 0.8150098919868469, 0.4670276343822479, 0.6668089032173157, -0.0035673591773957014, 0.5807223320007324, 0.242203027009964, 0.31201398372650146, 0.30865004658699036, 0.8652861714363098, 0.04000367596745491, -0.01043098233640194, 0.020425427705049515, 0.9989362955093384, -0.4699293076992035, 0.04637696593999863, 0.0674714595079422, 0.8788989186286926, 0.13565930724143982, -0.0005948825273662806, -5.7344440307360856e-08, 0.9907553791999817, -0.4816471040248871, 0.0021118405275046825, -1.5728160462913365e-07, 0.8763627409934998, -0.4478118419647217, 0.6925394535064697, -0.5451042056083679, 0.1507151871919632, 0.3270338475704193, -0.5601565837860107, 0.5931639075279236, 0.4768964350223541, -0.28337448835372925, 0.0582987517118454, 0.024200698360800743, 0.9569297432899475, 0.28146135807037354, 0.026314621791243553, -0.11386983096599579, 0.9524288773536682, 0.3866690397262573, 0.012786862440407276, 0.08737761527299881, 0.9179807901382446, -0.8342149257659912, 0.4835696816444397, -0.26468324661254883, 0.013738484121859074, -0.8910783529281616, -0.0997757688164711, -0.03991703689098358, 0.4409430921077728, 0.6368120908737183, -0.24315424263477325, -0.15866483747959137, 0.7142632007598877, 0.39334210753440857, -0.009073290042579174, -0.09238336235284805, 0.9146939516067505, -0.5988287329673767, -0.5113307237625122, -0.47511446475982666, 0.3926975131034851, -0.06547345221042633, -0.06886614859104156, 0.07738856971263885, 0.9924624562263489, 0.028444483876228333, 0.0012057025451213121, -0.016068967059254646, 0.9994655251502991, -0.37882158160209656, 0.4800744652748108, -0.6633961200714111, 0.43119409680366516, -0.3052508234977722, 0.17161080241203308, 0.2990574240684509, 0.8876578211784363, 0.5696297883987427, -0.7071366906166077, -0.08942058682441711, 0.4092475473880768, 0.1405342072248459, -0.1580922156572342, -0.022157875820994377, 0.9771213531494141, -0.5258198380470276, -0.373045951128006, 0.489895761013031, 0.5868155360221863, -0.4715413451194763, 0.028967738151550293, 0.25248271226882935, 0.8444300889968872, 0.4602692723274231, 0.6559769511222839, -0.0033688258845359087, 0.5981931686401367, 0.2401077002286911, 0.31197911500930786, 0.30425333976745605, 0.8674371838569641, 0.0399940125644207, -0.010920458473265171, 0.019325174391269684, 0.9989533424377441, -0.4883843660354614, 0.053739067167043686, 0.0480281300842762, 0.8696471452713013, 0.1356593817472458, -0.0005947366007603705, 2.4440328871833117e-08, 0.9907553791999817, -0.48164692521095276, 0.0021119294688105583, -8.568127540797832e-09, 0.8763628005981445, -0.4594157934188843, 0.6849395632743835, -0.5465361475944519, 0.14523491263389587, 0.35371100902557373, -0.5626882314682007, 0.5936523079872131, 0.4537041485309601, -0.26777538657188416, 0.05513584241271019, 0.027726195752620697, 0.9615027904510498, 0.28325071930885315, 0.030475180596113205, -0.029647845774888992, 0.9581029415130615, 0.38770660758018494, 0.013890242204070091, 0.08595230430364609, 0.9176616668701172, -0.8254574537277222, 0.492035835981369, -0.275839239358902, 0.020820798352360725, -0.910378634929657, -0.10288359224796295, -0.035677239298820496, 0.39919033646583557, 0.6347229480743408, -0.22223013639450073, -0.1601651906967163, 0.7225564122200012, 0.3941027522087097, -0.008297727443277836, -0.09321824461221695, 0.914289116859436, -0.6043625473976135, -0.5134884715080261, -0.4702164828777313, 0.3872622549533844, -0.06672240793704987, -0.0738845020532608, 0.07614946365356445, 0.9921141266822815, 0.027696045115590096, 0.0011878239456564188, -0.01583949849009514, 0.9994902014732361, -0.397854745388031, 0.48326393961906433, -0.6426752805709839, 0.4417421221733093, -0.32436466217041016, 0.21560712158679962, 0.3022979199886322, 0.8700098395347595, 0.5799349546432495, -0.7220052480697632, -0.09281481057405472, 0.365744948387146, 0.13940206170082092, -0.1562066674232483, -0.026966357603669167, 0.977465808391571, -0.5343167185783386, -0.38503530621528625, 0.4851154386997223, 0.575253427028656, -0.4181462526321411, 0.0002157183043891564, 0.1906074434518814, 0.8881568312644958, 0.4528128504753113, 0.6397944092750549, -0.000978179625235498, 0.6209853291511536, 0.2381642460823059, 0.3110868036746979, 0.3000609576702118, 0.8697506785392761, 0.03979458659887314, -0.011403361335396767, 0.019258778542280197, 0.9989572167396545, -0.5098173022270203, 0.030666373670101166, -0.0002172327076550573, 0.8597359657287598, 0.13565930724143982, -0.0005947957979515195, -2.6324025625967806e-08, 0.9907553791999817, -0.4816471338272095, 0.0021120004821568727, 2.550512689936113e-08, 0.8763627409934998, -0.4571293592453003, 0.69146728515625, -0.5402369499206543, 0.14508554339408875, 0.3614366352558136, -0.5795796513557434, 0.5858339667320251, 0.43617621064186096, -0.25537219643592834, 0.052823372185230255, 0.031090084463357925, 0.9648979902267456, 0.2932524085044861, 0.03769023343920708, 0.039317212998867035, 0.9544824361801147, 0.38932082056999207, 0.014551336877048016, 0.08486742526292801, 0.9170687794685364, 0.8281365633010864, -0.4773823916912079, 0.2937213182449341, 0.004871543031185865, -0.9046183824539185, -0.10207058489322662, -0.03138953819870949, 0.41262805461883545, 0.6315383911132812, -0.20011146366596222, -0.14498698711395264, 0.7349104881286621, 0.3941454589366913, -0.008425514213740826, -0.09315972775220871, 0.9142754673957825, -0.6067049503326416, -0.5163078308105469, -0.4662531614303589, 0.3846341073513031, -0.06655029207468033, -0.07600277662277222, 0.07682391256093979, 0.9919136762619019, 0.028264349326491356, -0.0004276901308912784, -0.01640068180859089, 0.999465823173523, -0.4075963497161865, 0.47590911388397217, -0.6324416399002075, 0.4554045796394348, -0.3562909960746765, 0.2682265639305115, 0.2831047475337982, 0.8490954041481018, 0.5870366096496582, -0.735955536365509, -0.09452443569898605, 0.3237631916999817, 0.13716888427734375, -0.15656407177448273, -0.025739403441548347, 0.9777575731277466, -0.5609822273254395, -0.4008348286151886, 0.45935019850730896, 0.5600248575210571, -0.4045224189758301, -0.0017444879049435258, 0.04944457486271858, 0.9131888151168823, 0.45214420557022095, 0.6267914175987244, 0.00523768225684762, 0.6345633864402771, 0.2388644516468048, 0.3082202970981598, 0.3013575077056885, 0.8701308369636536, 0.040646396577358246, -0.01206266786903143, 0.019998064264655113, 0.9989006519317627, -0.5333217978477478, -0.024084214121103287, -0.041794322431087494, 0.8445360064506531, 0.1356593370437622, -0.0005948235630057752, -5.452440277053938e-08, 0.9907553791999817, -0.48164698481559753, 0.0021119536831974983, -1.0421234009072577e-07, 0.8763628005981445, -0.4640437662601471, 0.6942613124847412, -0.5285219550132751, 0.15273906290531158, 0.393100380897522, -0.5537036061286926, 0.5924773812294006, 0.4334224462509155, -0.28389254212379456, 0.05527184531092644, 0.034764401614665985, 0.9566303491592407, 0.3051559329032898, 0.03588223084807396, 0.08834001421928406, 0.947516918182373, 0.3905166983604431, 0.014537887647747993, 0.08450519293546677, 0.9165937900543213, 0.8437338471412659, -0.43538227677345276, 0.3117018938064575, 0.037382032722234726, -0.8944372534751892, -0.09907272458076477, -0.03197340667247772, 0.4349071681499481, 0.6259335875511169, -0.19450752437114716, -0.13632892072200775, 0.7428246140480042, 0.39410272240638733, -0.008353305980563164, -0.09365855157375336, 0.9142436385154724, -0.6032630205154419, -0.520941436290741, -0.46632832288742065, 0.3837079703807831, -0.06356054544448853, -0.07560626417398453, 0.07201479375362396, 0.9925007224082947, 0.02988743968307972, -0.0012563563650473952, -0.016831347718834877, 0.9994107484817505, -0.413055419921875, 0.461620569229126, -0.6265395879745483, 0.4730115234851837, -0.4056633710861206, 0.27479296922683716, 0.2478000968694687, 0.8357757925987244, 0.5877971053123474, -0.7448683977127075, -0.09319870918989182, 0.3016284108161926, 0.13602431118488312, -0.1580173820257187, -0.016705775633454323, 0.9778797626495361, -0.5807741284370422, -0.4232056736946106, 0.43957626819610596, 0.5388609766960144, -0.3998171091079712, 0.05166538432240486, -0.06943158805370331, 0.9125000238418579, 0.4523991644382477, 0.6181012392044067, 0.009839761070907116, 0.6427978277206421, 0.239954873919487, 0.30516090989112854, 0.3071078062057495, 0.8688977360725403, 0.04290609434247017, -0.0130831990391016, 0.02053787186741829, 0.9987823367118835, -0.5494089722633362, -0.07200589776039124, -0.04293414577841759, 0.8313372135162354, 0.1356591284275055, -0.0005947648314759135, 1.4946201076782017e-07, 0.9907553791999817, -0.481647253036499, 0.0021118647418916225, 1.9128846417970635e-07, 0.876362681388855, -0.47018617391586304, 0.701513946056366, -0.5109579563140869, 0.16039034724235535, 0.4193972647190094, -0.5122625827789307, 0.6087823510169983, 0.4371236562728882, -0.30942651629447937, 0.05765688046813011, 0.03601108118891716, 0.9484904408454895, 0.29597991704940796, 0.03262745216488838, 0.10543085634708405, 0.9487969875335693, 0.3905044496059418, 0.014383859001100063, 0.08467749506235123, 0.9165855646133423, 0.8518984913825989, -0.40472131967544556, 0.32550808787345886, 0.06718689203262329, -0.8830692768096924, -0.09743693470954895, -0.032942015677690506, 0.45783132314682007, 0.6228193044662476, -0.1868513524532318, -0.12902848422527313, 0.7486884593963623, 0.39397475123405457, -0.008076476864516735, -0.09534597396850586, 0.9141268134117126, -0.5981405377388, -0.5226789712905884, -0.47099968791007996, 0.38365867733955383, -0.06351714581251144, -0.06970205903053284, 0.06792841851711273, 0.9932235479354858, 0.030660176649689674, -2.2038606402929872e-05, -0.017402660101652145, 0.9993783831596375, -0.4255925714969635, 0.4569928050041199, -0.6119338870048523, 0.48535096645355225, -0.4225609004497528, 0.2660091519355774, 0.22395934164524078, 0.8369729518890381, 0.5841099619865417, -0.7453887462615967, -0.08956777304410934, 0.30852681398391724, 0.13566115498542786, -0.1588001251220703, -0.011312662623822689, 0.9778806567192078, -0.60256427526474, -0.43995609879493713, 0.4142502248287201, 0.5212981700897217, -0.3805493116378784, 0.0933448001742363, -0.13226747512817383, 0.910480260848999, 0.4567091166973114, 0.6207706928253174, 0.011676023714244366, 0.6371217966079712, 0.24177636206150055, 0.3042460083961487, 0.31142985820770264, 0.8671735525131226, 0.04473498836159706, -0.013782236725091934, 0.021040789783000946, 0.9986822009086609, -0.5602585673332214, -0.09935365617275238, -0.02715250290930271, 0.8218892812728882, 0.13565915822982788, -0.0005948399775661528, 1.033646679360345e-08, 0.9907553791999817, -0.48164722323417664, 0.002111902693286538, -3.0818696927781275e-08, 0.876362681388855, -0.4797125458717346, 0.7126517295837402, -0.48182255029678345, 0.17277270555496216, 0.4305906295776367, -0.49419426918029785, 0.6021084189414978, 0.4558829367160797, -0.278380811214447, 0.053667422384023666, 0.031988389790058136, 0.9584366083145142, 0.262518972158432, 0.03763240948319435, 0.10014896839857101, 0.958977460861206, 0.3895731568336487, 0.014249447733163834, 0.08502406626939774, 0.9169518351554871, 0.864400327205658, -0.36467695236206055, 0.32581669092178345, 0.11690318584442139, -0.857765257358551, -0.0866098627448082, -0.03360815718770027, 0.5055768489837646, 0.6193404793739319, -0.1740729659795761, -0.11869094520807266, 0.7563256025314331, 0.3948376178741455, -0.00814884528517723, -0.0932537242770195, 0.9139696955680847, -0.5903709530830383, -0.5206248164176941, -0.48015573620796204, 0.38712072372436523, -0.06654159724712372, -0.05850040912628174, 0.06232959404587746, 0.9941151738166809, 0.03153077885508537, 0.00199176580645144, -0.017787912860512733, 0.9993425011634827, -0.4445098042488098, 0.45155930519104004, -0.5906011462211609, 0.499695360660553, -0.42692792415618896, 0.24871306121349335, 0.20117606222629547, 0.8458147644996643, 0.5784732699394226, -0.743829607963562, -0.08540662378072739, 0.32371586561203003, 0.13506506383419037, -0.1586085706949234, -0.007397256325930357, 0.9780317544937134, -0.6233187913894653, -0.4586777091026306, 0.38826480507850647, 0.5003389120101929, -0.34990599751472473, 0.12111514061689377, -0.1754290610551834, 0.9122070074081421, 0.4654499590396881, 0.6327791213989258, 0.013147718273103237, 0.6186873912811279, 0.24433983862400055, 0.30478978157043457, 0.314717561006546, 0.865074634552002, 0.04611922800540924, -0.013829318806529045, 0.021139953285455704, 0.9986165165901184, -0.5718826651573181, -0.12341787666082382, -0.0009948619408532977, 0.810997724533081, 0.1356593817472458, -0.0005947987665422261, -1.0152503193694429e-07, 0.9907553791999817, -0.4816471040248871, 0.002111942507326603, -1.4711940821143799e-07, 0.8763627409934998, -0.4846000075340271, 0.7227172255516052, -0.4567623436450958, 0.18496157228946686, 0.4254566729068756, -0.5145692825317383, 0.5659371018409729, 0.48365312814712524, -0.21886751055717468, 0.04610174894332886, 0.02643396519124508, 0.9743064045906067, 0.24722911417484283, 0.04241608828306198, 0.08691143244504929, 0.9641188383102417, 0.38828280568122864, 0.014391306787729263, 0.08580337464809418, 0.917424201965332, 0.8910578489303589, -0.28515902161598206, 0.2924456000328064, 0.19792906939983368, -0.795353889465332, -0.08109734952449799, -0.04469085484743118, 0.5990310311317444, 0.607109546661377, -0.1596803069114685, -0.09464100748300552, 0.7726340293884277, 0.39523640275001526, -0.011188683100044727, -0.09024663269519806, 0.9140670299530029, -0.583812952041626, -0.5158867239952087, -0.49016663432121277, 0.39084526896476746, -0.0696263238787651, -0.0496390238404274, 0.05798104777932167, 0.9946488738059998, 0.030370982363820076, 0.004427717067301273, -0.01799202524125576, 0.9993669390678406, -0.4542684853076935, 0.4471721649169922, -0.5785524249076843, 0.5088754892349243, -0.42373403906822205, 0.23698432743549347, 0.18685518205165863, 0.8540334105491638, 0.5733796954154968, -0.7379085421562195, -0.08108464628458023, 0.3466295301914215, 0.1353597193956375, -0.16017913818359375, -0.005505295004695654, 0.9777474999427795, -0.6295799016952515, -0.48652273416519165, 0.37691301107406616, 0.47419559955596924, -0.3122832775115967, 0.11905577033758163, -0.17018359899520874, 0.927007257938385, 0.4741109013557434, 0.6439053416252136, 0.012921275570988655, 0.6003648042678833, 0.2464515119791031, 0.30684271454811096, 0.31177636981010437, 0.864814817905426, 0.04623076319694519, -0.013409470207989216, 0.02101713977754116, 0.9986196756362915, -0.5760669708251953, -0.1373291015625, 0.020254211500287056, 0.8055291771888733, 0.1356593668460846, -0.0005947535391896963, 1.334817909537378e-07, 0.9907553791999817, -0.4816471040248871, 0.002111966023221612, 5.360061550163664e-08, 0.8763627409934998, -0.48491722345352173, 0.725464940071106, -0.45337390899658203, 0.1816810965538025, 0.42099225521087646, -0.5288171768188477, 0.545364260673523, 0.4956772029399872, -0.19076871871948242, 0.043062176555395126, 0.02463260106742382, 0.980380654335022, 0.24898158013820648, 0.040572378784418106, 0.08035814017057419, 0.96431565284729, 0.388480544090271, 0.014171995222568512, 0.08608012646436691, 0.9173179864883423, 0.897593080997467, -0.1925155520439148, 0.2830435633659363, 0.2777603566646576, -0.708594799041748, -0.07132390141487122, -0.04780184105038643, 0.7003722786903381, 0.5744513273239136, -0.13647815585136414, -0.07049838453531265, 0.8039959073066711, 0.39523807168006897, -0.013089538551867008, -0.08801361173391342, 0.9142588376998901, -0.57988041639328, -0.510674238204956, -0.49473103880882263, 0.3977333903312683, -0.06994200497865677, -0.046400681138038635, 0.058800291270017624, 0.9947349429130554, 0.02960089035332203, 0.004802204668521881, -0.018615437671542168, 0.9993769526481628, -0.45628249645233154, 0.44851258397102356, -0.5765793323516846, 0.5081328749656677, -0.4117105007171631, 0.2605937123298645, 0.2005782127380371, 0.849914014339447, 0.5689294934272766, -0.7309384346008301, -0.07954107224941254, 0.36840394139289856, 0.13454534113407135, -0.16006027162075043, -0.008131679147481918, 0.9778609871864319, -0.6460354924201965, -0.5017541646957397, 0.3540215492248535, 0.453375905752182, -0.28193652629852295, 0.12301014363765717, -0.15718960762023926, 0.9384410977363586, 0.4780362546443939, 0.6505947113037109, 0.012970116920769215, 0.5899488925933838, 0.24641236662864685, 0.30748090147972107, 0.3094583749771118, 0.8654316663742065, 0.04539703577756882, -0.013653019443154335, 0.021617120131850243, 0.9986417889595032, -0.5715194940567017, -0.13528989255428314, 0.033429864794015884, 0.8086684346199036, 0.13565930724143982, -0.0005948456237092614, 1.410018910519284e-07, 0.9907553791999817, -0.481647253036499, 0.0021118842996656895, 9.889879493130138e-08, 0.876362681388855, -0.48830482363700867, 0.7246330380439758, -0.4517837464809418, 0.17987996339797974, 0.42027923464775085, -0.5294622182846069, 0.545718252658844, 0.4952038824558258, -0.18389876186847687, 0.04250717535614967, 0.024358199909329414, 0.9817234873771667, 0.24406059086322784, 0.038405802100896835, 0.07912423461675644, 0.9657633304595947, 0.3887538015842438, 0.013986345380544662, 0.08627412468194962, 0.9171868562698364, 0.8858532905578613, -0.1352272927761078, 0.2924373745918274, 0.33385321497917175, -0.6365966796875, -0.06439590454101562, -0.04389924183487892, 0.7672488689422607, 0.5416029095649719, -0.10618001967668533, -0.05701383948326111, 0.8319504261016846, 0.3949156701564789, -0.014080108143389225, -0.08677297830581665, 0.914501965045929, -0.5769443511962891, -0.5072304010391235, -0.49792665243148804, 0.40239498019218445, -0.06945598870515823, -0.043441951274871826, 0.05837803706526756, 0.9949274659156799, 0.028944697231054306, 0.005078447982668877, -0.019053319469094276, 0.9993865489959717, -0.4646886885166168, 0.45138120651245117, -0.5676690936088562, 0.5080071687698364, -0.3930779695510864, 0.27920234203338623, 0.2179003655910492, 0.8485606908798218, 0.5633130073547363, -0.7218831777572632, -0.07766134291887283, 0.39437538385391235, 0.13343702256679535, -0.15979459881782532, -0.012004774063825607, 0.9780164361000061, -0.6579885482788086, -0.5166951417922974, 0.3347693383693695, 0.4335974156856537, -0.25799039006233215, 0.12863251566886902, -0.147027850151062, 0.9461910724639893, 0.48258647322654724, 0.6575598120689392, 0.013348639942705631, 0.5784006118774414, 0.24663913249969482, 0.30799564719200134, 0.3080785572528839, 0.8656763434410095, 0.04471650719642639, -0.01406426727771759, 0.022038567811250687, 0.9986575841903687, -0.5677705407142639, -0.13054786622524261, 0.040837351232767105, 0.8117426633834839, 0.1356593370437622, -0.0005949002224951982, 3.760050493184508e-09, 0.9907553791999817, -0.4816471040248871, 0.002111884532496333, -9.677335555124955e-08, 0.8763627409934998, -0.49325960874557495, 0.7271106243133545, -0.44080850481987, 0.18355633318424225, 0.42273616790771484, -0.5283658504486084, 0.5530089139938354, 0.4861120283603668, -0.19160470366477966, 0.04382432624697685, 0.025120260193943977, 0.9801714420318604, 0.2342781275510788, 0.03833750635385513, 0.07813889533281326, 0.9682656526565552, 0.3889893591403961, 0.01392753329128027, 0.08632782101631165, 0.9170827865600586, 0.8852851986885071, -0.08717776089906693, 0.2685302495956421, 0.36954253911972046, -0.5896942615509033, -0.06014964357018471, -0.04395020008087158, 0.8041835427284241, 0.5207895040512085, -0.10610698163509369, -0.05433732643723488, 0.8453207015991211, 0.39566975831985474, -0.014518176205456257, -0.086063914000988, 0.9142361283302307, -0.574978232383728, -0.5039407014846802, -0.5011601448059082, 0.4053177535533905, -0.0694279670715332, -0.04113766923546791, 0.056017376482486725, 0.995163083076477, 0.028150012716650963, 0.006180788390338421, -0.019084321334958076, 0.9994024038314819, -0.4748097360134125, 0.4549407958984375, -0.5572474598884583, 0.5070107579231262, -0.38210242986679077, 0.27634328603744507, 0.22437871992588043, 0.8528108596801758, 0.5558286905288696, -0.7115051746368408, -0.07483360171318054, 0.42333778738975525, 0.13251370191574097, -0.15935365855693817, -0.013856649398803711, 0.9781894087791443, -0.6575093865394592, -0.5340027213096619, 0.32965004444122314, 0.41695737838745117, -0.23782585561275482, 0.1318063735961914, -0.13713452219963074, 0.9525020122528076, 0.4879908263683319, 0.6663402318954468, 0.013460350222885609, 0.5636261701583862, 0.24745440483093262, 0.3089422583580017, 0.30734848976135254, 0.865365743637085, 0.04416939616203308, -0.014205987565219402, 0.021955247968435287, 0.9986817836761475, -0.5655248761177063, -0.1279957890510559, 0.04238460585474968, 0.8136352300643921, 0.13565915822982788, -0.0005949640762992203, 2.857674985534686e-07, 0.9907553791999817, -0.48164722323417664, 0.0021117867436259985, 1.4021178174061788e-07, 0.876362681388855, -0.5009658932685852, 0.7317475080490112, -0.4208592474460602, 0.1909351497888565, 0.4298008680343628, -0.5300353169441223, 0.5501632690429688, 0.48130470514297485, -0.19844602048397064, 0.04484423249959946, 0.02565402165055275, 0.9787492156028748, 0.2273106873035431, 0.038990508764982224, 0.07713119685649872, 0.9699795842170715, 0.3894962966442108, 0.013606015592813492, 0.0861307755112648, 0.9168909788131714, 0.8955541253089905, -0.01743379980325699, 0.199698805809021, 0.3972395062446594, -0.5547654628753662, -0.05804220214486122, -0.04603593796491623, 0.8287020921707153, 0.5110036730766296, -0.13287129998207092, -0.05755366012454033, 0.8472945094108582, 0.39792031049728394, -0.014653041027486324, -0.08519469946622849, 0.9133381247520447, -0.5747379660606384, -0.4988918900489807, -0.5030480623245239, 0.4095434844493866, -0.07008762657642365, -0.03851417079567909, 0.052466168999671936, 0.9954153895378113, 0.0273722093552351, 0.008390426635742188, -0.018753107637166977, 0.9994141459465027, -0.4859095513820648, 0.45777684450149536, -0.5468451976776123, 0.5052649974822998, -0.37811073660850525, 0.261760950088501, 0.2234017699956894, 0.8594213724136353, 0.5473191142082214, -0.7023037075996399, -0.07201723754405975, 0.4494718015193939, 0.13141345977783203, -0.15783534944057465, -0.014057678170502186, 0.9785810708999634, -0.6508951783180237, -0.5471560955047607, 0.3344164788722992, 0.4063512086868286, -0.21977300941944122, 0.1285766065120697, -0.1307750791311264, 0.958157479763031, 0.4933502972126007, 0.678500771522522, 0.013473885133862495, 0.5441145896911621, 0.24842308461666107, 0.3104422390460968, 0.30693668127059937, 0.8646973371505737, 0.04352043941617012, -0.014041277579963207, 0.02137885056436062, 0.9987250566482544, -0.5627856254577637, -0.12427406758069992, 0.04344979301095009, 0.8160517811775208, 0.1356593519449234, -0.0005947516183368862, 7.520100986369016e-09, 0.9907553791999817, -0.4816470742225647, 0.0021119234152138233, -4.895124305903664e-08, 0.8763627409934998, -0.5009658932685852, 0.7317475080490112, -0.4208592474460602, 0.1909351497888565, 0.4298008680343628, -0.5300353169441223, 0.5501632690429688, 0.48130470514297485, -0.19844602048397064, 0.044844239950180054, 0.02565401792526245, 0.9787492156028748, 0.2273106426000595, 0.038990508764982224, 0.07713121920824051, 0.9699795842170715, 0.3894962668418884, 0.013606138527393341, 0.08613073825836182, 0.9168909788131714, 0.8955541253089905, -0.017433907836675644, 0.19969883561134338, 0.3972395956516266, -0.5547654628753662, -0.05804211646318436, -0.04603591933846474, 0.8287020921707153, 0.5110037326812744, -0.13287141919136047, -0.05755380913615227, 0.8472945094108582, 0.3979203999042511, -0.014653012156486511, -0.08519471436738968, 0.9133381247520447, -0.5747380256652832, -0.4988918602466583, -0.5030480623245239, 0.40954339504241943, -0.07008759677410126, -0.03851407393813133, 0.05246613919734955, 0.9954153895378113, 0.02737216278910637, 0.00839047972112894, -0.01875307410955429, 0.9994142055511475, -0.48590949177742004, 0.45777684450149536, -0.5468451976776123, 0.5052649974822998, -0.37811070680618286, 0.26176103949546814, 0.22340171039104462, 0.8594213724136353, 0.5473191142082214, -0.7023037075996399, -0.07201734185218811, 0.4494718313217163, 0.13141347467899323, -0.15783526003360748, -0.014057720080018044, 0.9785810708999634, -0.6508951783180237, -0.5471562147140503, 0.3344164192676544, 0.406351238489151, -0.2197730839252472, 0.12857654690742493, -0.1307751089334488, 0.958157479763031, 0.4933502674102783, 0.6785007119178772, 0.013473929837346077, 0.5441147685050964, 0.24842314422130585, 0.31044241786003113, 0.306936651468277, 0.864697277545929, 0.043520525097846985, -0.014041288755834103, 0.021378841251134872, 0.9987250566482544, -0.5627856254577637, -0.12427403777837753, 0.04344978928565979, 0.816051721572876, 0.135659322142601, -0.0005947554018348455, 5.075700926227e-08, 0.9907553791999817, -0.48164722323417664, 0.0021119085140526295, -5.0943839369210764e-08, 0.876362681388855]
    s (float, 1320):  [0.9999999403953552, 1.0, 0.9999999403953552, 1.0, 0.9999998807907104, 1.0, 1.0, 1.0, 0.9999998807907104, 0.9999999403953552, 0.9999998807907104, 1.0000001192092896, 0.9999999403953552, 1.0, 0.9999999403953552, 1.0, 0.9999999403953552, 1.0, 1.0000001192092896, 1.0, 0.9999998807907104, 1.0000001192092896, 0.9999999403953552, 0.9999998807907104, 1.0, 1.0, 1.0000001192092896, 1.0000001192092896, 1.0, 0.9999999403953552, 0.9999999403953552, 0.9999998807907104, 1.0, 0.9999999403953552, 1.0, 1.0000001192092896, 1.0000001192092896, 1.0, 1.0, 0.9999999403953552, 1.0000001192092896, 1.0, 1.0, 0.9999999403953552, 0.9999998807907104, 0.9999999403953552, 0.9999999403953552, 0.9999999403953552, 0.9999999403953552, 1.0, 1.0, 1.0000001192092896, 0.9999999403953552, 1.0, 0.9999999403953552, 0.9999998807907104, 1.0, 0.9999999403953552, 1.0, 1.0, 1.0, 1.0000001192092896, 1.0, 1.0000001192092896, 1.0, 0.9999999403953552, 1.0, 1.0, 0.9999999403953552, 0.9999999403953552, 0.9999999403953552, 0.9999999403953552, 1.0, 0.9999999403953552, 0.9999998211860657, 0.9999999403953552, 1.0, 0.9999998807907104, 0.9999999403953552, 1.0, 0.9999999403953552, 0.9999999403953552, 1.0, 1.0000001192092896, 1.0, 1.0, 1.0, 1.0, 1.0000001192092896, 0.9999999403953552, 1.0, 1.0, 0.9999999403953552, 1.0, 1.0, 1.0, 1.0, 1.0, 1.0, 1.0, 0.9999999403953552, 1.0, 0.9999999403953552, 1.0, 0.9999998807907104, 0.9999998807907104, 1.0000001192092896, 1.0, 1.0000001192092896, 1.0, 1.0, 1.0, 1.0000001192092896, 0.9999998807907104, 1.0000001192092896, 1.0000001192092896, 0.9999999403953552, 1.0, 0.9999998211860657, 0.9999999403953552, 1.0, 0.9999999403953552, 0.9999999403953552, 1.0, 0.9999998807907104, 0.9999999403953552, 1.0, 0.9999999403953552, 1.0000001192092896, 0.9999998211860657, 1.0, 1.0, 1.0, 1.0, 1.0, 0.9999998807907104, 1.0, 1.0, 1.0, 1.0, 0.9999998807907104, 1.0000001192092896, 1.0, 1.0, 1.0, 0.9999999403953552, 0.9999998807907104, 1.0, 0.9999999403953552, 0.9999999403953552, 1.0, 0.9999998807907104, 1.0, 0.9999997615814209, 0.9999998807907104, 1.0000001192092896, 1.0, 1.0, 1.0, 0.9999998807907104, 1.0000001192092896, 1.0, 1.0, 0.9999999403953552, 0.9999998807907104, 1.0, 1.0, 1.0, 1.0, 1.0, 1.0, 1.0, 0.9999998807907104, 1.0, 0.9999999403953552, 0.9999999403953552, 0.9999999403953552, 0.9999999403953552, 0.9999998807907104, 1.0000001192092896, 1.0, 1.0000001192092896, 1.0000001192092896, 1.0, 1.0000001192092896, 1.0, 1.0, 1.0, 0.9999999403953552, 1.0, 0.9999998807907104, 1.0, 1.0, 1.0, 1.0, 0.9999999403953552, 1.0, 1.0000001192092896, 1.0, 0.9999999403953552, 1.0, 0.9999999403953552, 1.0, 1.0000001192092896, 1.0, 1.0, 1.0, 0.9999999403953552, 1.0000001192092896, 0.9999999403953552, 0.9999999403953552, 1.0000001192092896, 0.9999998807907104, 1.0000001192092896, 0.9999998807907104, 1.0, 0.9999999403953552, 1.0, 1.0, 1.000000238418579, 0.9999999403953552, 0.9999998807907104, 0.9999999403953552, 1.0, 0.9999998807907104, 0.9999997615814209, 1.0, 1.0000001192092896, 1.0000001192092896, 1.0000001192092896, 1.0, 1.0, 1.0000001192092896, 0.9999998211860657, 1.0, 1.0, 0.9999998807907104, 1.0, 0.9999999403953552, 0.9999999403953552, 0.9999999403953552, 1.0000001192092896, 0.9999999403953552, 0.9999999403953552, 1.0, 1.0000001192092896, 1.0000001192092896, 1.0, 0.9999998807907104, 1.0, 0.9999999403953552, 1.000000238418579, 1.0000001192092896, 1.0000001192092896, 1.0, 1.0, 1.0, 0.9999998807907104, 1.0, 1.0, 0.9999999403953552, 1.0, 0.9999999403953552, 1.0, 0.9999999403953552, 0.9999999403953552, 1.0, 1.0, 1.0, 1.0, 1.0, 1.0, 1.0, 0.9999999403953552, 1.0, 1.0000001192092896, 1.0000001192092896, 0.9999999403953552, 0.9999999403953552, 0.9999998807907104, 1.0, 0.9999998211860657, 0.9999999403953552, 1.0, 0.9999999403953552, 0.9999999403953552, 0.9999999403953552, 0.9999999403953552, 0.9999999403953552, 1.0, 0.9999999403953552, 1.0, 0.9999999403953552, 0.9999998807907104, 1.0000001192092896, 1.0, 0.9999998807907104, 0.9999998807907104, 1.0, 1.0000001192092896, 1.0, 1.0000001192092896, 1.0, 1.0, 1.0, 0.9999998807907104, 1.0, 1.0, 0.9999998807907104, 1.0, 1.0, 1.0, 1.0, 1.0, 1.0, 1.0, 1.0, 1.0000001192092896, 1.0000001192092896, 0.9999999403953552, 0.9999999403953552, 0.9999999403953552, 0.9999999403953552, 1.0, 1.0000001192092896, 1.0, 1.0000001192092896, 0.9999999403953552, 1.0, 1.0, 1.0, 0.9999998807907104, 0.9999999403953552, 1.0000001192092896, 0.9999999403953552, 0.9999999403953552, 1.0, 1.0, 1.0, 1.0000001192092896, 1.0, 0.9999999403953552, 1.0000001192092896, 0.9999999403953552, 0.9999998211860657, 1.0, 1.0, 1.0, 1.0000001192092896, 1.0, 1.0, 1.0, 1.000000238418579, 0.9999999403953552, 1.0, 1.0, 0.9999998807907104, 0.9999999403953552, 0.9999999403953552, 1.0, 1.0, 0.9999999403953552, 0.9999999403953552, 1.0000001192092896, 0.9999999403953552, 0.9999999403953552, 0.9999998807907104, 1.0, 0.9999998211860657, 0.9999998807907104, 0.9999999403953552, 1.0000001192092896, 1.0000001192092896, 1.0, 0.9999998211860657, 0.9999999403953552, 1.0000001192092896, 1.0000001192092896, 0.9999998807907104, 0.9999999403953552, 0.9999999403953552, 1.0, 0.9999998807907104, 0.9999998807907104, 1.0, 0.9999999403953552, 0.9999999403953552, 1.0, 1.0, 1.0000001192092896, 0.9999999403953552, 1.0, 0.9999999403953552, 0.9999999403953552, 0.9999999403953552, 1.0000001192092896, 1.0000001192092896, 1.0000001192092896, 1.0000001192092896, 0.9999999403953552, 1.0, 1.0, 1.0, 0.9999999403953552, 0.9999998807907104, 1.0000001192092896, 0.9999999403953552, 1.0, 1.0, 0.9999999403953552, 1.0, 1.0000001192092896, 1.0, 1.0, 1.0000001192092896, 0.9999999403953552, 0.9999999403953552, 1.0, 1.0, 1.0000001192092896, 1.0000001192092896, 1.0, 1.0, 1.0, 1.0, 0.9999999403953552, 0.9999999403953552, 1.0, 0.9999999403953552, 1.0, 0.9999999403953552, 0.9999999403953552, 1.0, 1.0, 1.0, 1.0000001192092896, 0.9999999403953552, 1.0, 0.9999999403953552, 1.0, 1.0, 0.9999998807907104, 1.0, 1.0, 1.0, 1.0, 0.9999998211860657, 1.0, 1.0000001192092896, 0.9999998807907104, 0.9999999403953552, 1.0000001192092896, 0.9999998807907104, 1.0, 1.0000001192092896, 1.0, 1.0, 0.9999998807907104, 1.0, 1.0, 1.0, 1.0, 0.9999998807907104, 1.0, 1.0, 0.9999999403953552, 1.0, 1.0, 1.000000238418579, 1.0, 1.0, 1.0, 1.0000001192092896, 1.0, 1.0, 1.0000001192092896, 0.9999999403953552, 1.0000001192092896, 1.0, 0.9999998807907104, 0.9999999403953552, 1.0, 0.9999999403953552, 1.0, 0.9999999403953552, 1.0, 1.0, 1.0, 1.0, 0.9999998807907104, 1.0000001192092896, 1.0, 1.0000001192092896, 1.0, 0.9999999403953552, 1.0, 1.0000001192092896, 0.9999999403953552, 1.0, 1.0, 0.9999998211860657, 0.9999999403953552, 0.9999999403953552, 0.9999998211860657, 0.9999999403953552, 0.9999999403953552, 1.0, 0.9999999403953552, 1.0, 1.0, 0.9999999403953552, 0.9999998807907104, 1.0, 0.9999999403953552, 1.0, 1.0, 1.0000001192092896, 1.0, 1.0, 0.9999999403953552, 1.0000001192092896, 1.0, 0.9999998211860657, 1.0000001192092896, 0.9999999403953552, 0.9999999403953552, 0.9999998807907104, 0.9999999403953552, 0.9999999403953552, 1.0, 1.0, 1.0000001192092896, 1.0, 1.0, 1.0, 1.0, 1.0, 0.9999999403953552, 0.9999999403953552, 1.0000001192092896, 1.0, 0.9999998807907104, 0.9999999403953552, 1.0, 0.9999999403953552, 1.0, 1.0000001192092896, 0.9999999403953552, 0.9999998807907104, 1.0000001192092896, 1.0, 0.9999999403953552, 1.0, 1.0, 0.9999999403953552, 1.0, 0.9999999403953552, 1.0, 1.0000001192092896, 0.9999998807907104, 0.9999998211860657, 0.9999998807907104, 1.0, 1.0, 1.0000001192092896, 0.9999998807907104, 1.0000001192092896, 1.0, 1.0000001192092896, 0.9999999403953552, 1.0, 0.9999999403953552, 0.9999998211860657, 1.0000001192092896, 1.0, 1.0, 0.9999999403953552, 0.9999999403953552, 1.0, 1.0, 0.9999997615814209, 1.0, 1.0, 1.0, 0.9999999403953552, 0.9999999403953552, 1.0000001192092896, 1.0000001192092896, 1.0, 0.9999999403953552, 0.9999999403953552, 1.0, 1.0, 0.9999999403953552, 1.0, 0.9999999403953552, 1.0, 1.0, 0.9999999403953552, 0.9999998807907104, 1.0, 0.9999998807907104, 0.9999999403953552, 1.0, 1.0, 1.0, 1.0, 0.9999999403953552, 0.9999999403953552, 0.9999999403953552, 0.9999999403953552, 1.0, 1.0000001192092896, 1.0, 0.9999999403953552, 1.0000001192092896, 1.0000001192092896, 1.0, 1.0000001192092896, 1.0, 1.0, 1.0000001192092896, 1.0, 0.9999999403953552, 0.9999999403953552, 1.0, 1.0, 0.9999998807907104, 1.0, 1.0, 1.0000001192092896, 0.9999998807907104, 0.9999998807907104, 0.9999998807907104, 1.0000001192092896, 1.0, 1.0, 0.9999998807907104, 0.9999999403953552, 0.9999999403953552, 1.0, 1.0, 0.9999999403953552, 1.0, 1.0, 1.0, 0.9999998807907104, 0.9999999403953552, 0.9999998807907104, 1.0, 0.9999999403953552, 1.0, 1.0, 1.0000001192092896, 1.0, 0.9999999403953552, 0.9999998807907104, 0.9999999403953552, 1.0, 1.0, 1.0000001192092896, 1.0, 1.0, 0.9999999403953552, 1.0000001192092896, 1.0, 1.0000001192092896, 1.0, 0.9999998211860657, 0.9999999403953552, 0.9999998807907104, 0.9999999403953552, 1.0, 1.0, 1.0, 1.0, 1.0, 1.0000001192092896, 0.9999999403953552, 0.9999999403953552, 0.9999998211860657, 0.9999999403953552, 1.0, 1.0, 1.0, 0.9999999403953552, 1.0, 0.9999998807907104, 1.0000001192092896, 1.0000001192092896, 1.0, 1.0, 1.0, 1.0, 0.9999999403953552, 0.9999999403953552, 1.0, 1.0, 1.0, 0.9999998807907104, 0.9999998807907104, 1.0000001192092896, 1.0, 0.9999998807907104, 1.0, 0.9999999403953552, 1.0, 1.0000001192092896, 1.0, 1.0, 0.9999999403953552, 1.0000001192092896, 1.0, 1.0, 0.9999998807907104, 1.0, 1.0, 1.0, 1.0, 1.0, 0.9999998807907104, 1.0, 1.0, 1.000000238418579, 1.0, 1.0, 1.0, 1.0, 0.9999999403953552, 1.0, 1.0, 1.0000001192092896, 1.0, 1.0, 0.9999999403953552, 1.0, 1.0000001192092896, 0.9999998807907104, 1.0000001192092896, 0.9999999403953552, 0.9999999403953552, 1.0, 0.9999999403953552, 1.0, 0.9999999403953552, 1.0, 1.0, 1.0, 1.0, 1.0000001192092896, 0.9999998211860657, 1.0, 0.9999999403953552, 0.9999998807907104, 1.0, 1.0000001192092896, 1.0, 1.0, 1.0, 1.0, 1.0, 0.9999998807907104, 0.9999999403953552, 1.0000001192092896, 0.9999998807907104, 0.9999998807907104, 1.0000001192092896, 1.0, 0.9999999403953552, 1.0, 0.9999998807907104, 1.0, 1.0, 1.0, 1.0, 0.9999998807907104, 0.9999999403953552, 0.9999999403953552, 0.9999998807907104, 1.000000238418579, 1.0, 1.0000001192092896, 1.0, 0.9999998807907104, 1.0, 0.9999998211860657, 1.0, 0.9999999403953552, 1.0, 0.9999998807907104, 0.9999998807907104, 0.9999999403953552, 1.0, 1.0, 1.0, 1.0, 1.0, 1.0000001192092896, 1.0000001192092896, 0.9999999403953552, 0.9999999403953552, 0.9999999403953552, 0.9999999403953552, 1.0000001192092896, 1.0000001192092896, 1.0000001192092896, 1.0, 1.0000001192092896, 1.0000001192092896, 1.0, 1.0, 1.0, 0.9999999403953552, 1.0000001192092896, 0.9999999403953552, 0.9999999403953552, 1.0, 0.9999998807907104, 1.0, 1.0000001192092896, 1.0, 1.0, 1.0, 0.9999999403953552, 0.9999999403953552, 0.9999999403953552, 1.0, 1.0, 1.0000001192092896, 1.0000001192092896, 1.0, 0.9999999403953552, 0.9999998807907104, 0.9999999403953552, 1.0, 0.9999998807907104, 0.9999999403953552, 0.9999999403953552, 0.9999998807907104, 1.0, 0.9999999403953552, 0.9999998807907104, 1.0, 1.0, 0.9999998807907104, 1.0, 0.9999999403953552, 0.9999999403953552, 1.0, 0.9999999403953552, 1.0000001192092896, 1.0000001192092896, 1.0, 0.9999999403953552, 0.9999998211860657, 1.0, 1.0, 0.9999999403953552, 1.0000001192092896, 1.0, 0.9999998807907104, 1.0, 0.9999998807907104, 0.9999998807907104, 0.9999999403953552, 0.9999998807907104, 0.9999999403953552, 1.0, 1.0, 0.9999999403953552, 1.0000001192092896, 1.0, 0.9999998807907104, 0.9999998807907104, 0.9999998807907104, 1.0, 1.0000001192092896, 1.0, 1.0000001192092896, 0.9999998807907104, 0.9999999403953552, 0.9999999403953552, 0.9999998807907104, 1.0000001192092896, 0.9999999403953552, 0.9999999403953552, 1.0000001192092896, 1.0, 0.9999999403953552, 1.0, 0.9999999403953552, 1.0000001192092896, 0.9999999403953552, 1.0000001192092896, 0.9999998807907104, 0.9999998807907104, 0.9999999403953552, 1.0, 1.0, 1.0, 1.0, 1.0000001192092896, 0.9999998807907104, 0.9999999403953552, 1.0, 0.9999998211860657, 1.0000001192092896, 1.0, 0.9999998807907104, 1.0, 1.0, 1.0, 1.0, 0.9999999403953552, 1.0000001192092896, 0.9999998211860657, 1.0, 1.0, 0.9999999403953552, 0.9999999403953552, 0.9999999403953552, 0.9999998807907104, 0.9999998807907104, 1.0000001192092896, 1.0000001192092896, 1.0, 1.0, 1.0, 1.0, 0.9999999403953552, 0.9999999403953552, 1.0, 0.9999999403953552, 0.9999999403953552, 1.0, 0.9999999403953552, 0.9999999403953552, 1.0, 0.9999999403953552, 1.0000001192092896, 1.0, 1.0, 1.0, 1.0, 1.0, 0.9999999403953552, 1.0, 1.0, 1.000000238418579, 1.0000001192092896, 1.0, 0.9999999403953552, 1.0000001192092896, 0.9999999403953552, 1.0, 1.0, 0.9999999403953552, 1.0, 1.0, 1.0, 1.0, 0.9999998211860657, 1.0, 1.0, 1.0, 1.0, 0.9999998211860657, 0.9999998807907104, 0.9999999403953552, 0.9999998211860657, 0.9999998807907104, 1.0, 1.0000001192092896, 1.0, 1.0000001192092896, 0.9999999403953552, 1.0, 0.9999999403953552, 1.0, 0.9999999403953552, 0.9999999403953552, 1.0, 0.9999999403953552, 0.9999998807907104, 1.0, 1.0, 1.0, 1.0, 1.0, 0.9999999403953552, 1.0, 0.9999998807907104, 0.9999999403953552, 0.9999999403953552, 0.9999999403953552, 1.0, 1.0, 0.9999998807907104, 0.9999999403953552, 1.0, 0.9999999403953552, 1.0, 1.0000001192092896, 1.0000001192092896, 0.9999999403953552, 1.0, 0.9999999403953552, 1.0, 1.0, 1.0, 0.9999999403953552, 1.0, 0.9999998807907104, 1.0, 1.0, 1.0000001192092896, 0.9999999403953552, 0.9999999403953552, 1.0, 1.0000001192092896, 1.0, 1.0, 1.0000001192092896, 0.9999999403953552, 1.0, 0.9999999403953552, 1.0, 1.0, 0.9999998807907104, 1.0, 0.9999999403953552, 0.9999999403953552, 1.0, 0.9999998807907104, 0.9999998211860657, 1.0000001192092896, 1.0, 0.9999999403953552, 0.9999999403953552, 1.0, 1.0, 0.9999999403953552, 0.9999999403953552, 1.0, 1.0000001192092896, 1.0, 0.9999999403953552, 0.9999999403953552, 1.0, 0.9999998807907104, 1.0000001192092896, 1.0, 0.9999998807907104, 1.0, 1.0, 0.9999999403953552, 1.0000001192092896, 0.9999998807907104, 0.9999999403953552, 0.9999998807907104, 0.9999999403953552, 1.0, 0.9999998807907104, 1.0, 0.9999999403953552, 0.9999998807907104, 0.9999998807907104, 1.0000001192092896, 1.0000001192092896, 0.9999998807907104, 0.9999999403953552, 1.0, 1.0, 1.0, 1.0, 1.0000001192092896, 1.0, 1.0000001192092896, 0.9999999403953552, 0.9999999403953552, 1.0000001192092896, 0.9999999403953552, 0.9999998211860657, 1.0000001192092896, 1.0, 1.0, 1.0000001192092896, 1.0, 0.9999999403953552, 0.9999999403953552, 1.0, 1.0, 1.0000001192092896, 1.0, 1.0000001192092896, 1.0, 1.0, 1.0, 1.0, 1.0, 1.0, 1.0000001192092896, 0.9999999403953552, 0.9999999403953552, 1.0, 1.0, 1.0, 1.0, 0.9999999403953552, 1.0000001192092896, 1.0, 0.9999998211860657, 0.9999999403953552, 0.9999999403953552, 1.0, 1.0000001192092896, 1.0000001192092896, 0.9999999403953552, 1.0, 0.9999998807907104, 1.0, 0.9999999403953552, 1.0, 1.0, 1.0, 1.0, 0.9999998807907104, 0.9999999403953552, 1.0000001192092896, 1.0, 0.9999999403953552, 0.9999999403953552, 0.9999999403953552, 1.0, 1.0, 1.0, 1.0, 1.0, 0.9999999403953552, 1.0000001192092896, 1.0000001192092896, 1.0, 1.0, 0.9999998807907104, 1.0000001192092896, 1.0, 1.0, 1.0000001192092896, 0.9999999403953552, 0.9999998807907104, 1.0, 1.0, 1.0000001192092896, 0.9999999403953552, 0.9999998807907104, 1.0000001192092896, 1.0, 0.9999999403953552, 1.0, 1.0, 0.9999999403953552, 1.0, 1.0, 1.0, 1.000000238418579, 0.9999998807907104, 0.9999998211860657, 1.0, 1.0, 1.000000238418579, 1.0000001192092896, 0.9999999403953552, 1.0, 1.0, 0.9999998807907104, 0.9999999403953552, 1.0, 1.0, 0.9999998211860657, 1.0, 1.0, 1.0, 1.0, 1.0, 0.9999998807907104, 1.0, 1.0, 1.0000001192092896, 1.0, 1.0, 0.9999999403953552, 0.9999998807907104, 1.0000001192092896, 0.9999998807907104, 1.0000001192092896, 1.0, 0.9999999403953552, 1.0000001192092896, 0.9999998807907104, 0.9999999403953552, 1.0, 0.9999998211860657, 0.9999999403953552, 0.9999999403953552, 0.9999998807907104, 0.9999998807907104, 0.9999999403953552, 1.0, 0.9999999403953552, 1.0, 1.0, 1.0000001192092896, 1.0000001192092896, 1.0000001192092896, 1.0, 0.9999999403953552, 1.0000001192092896, 1.0, 0.9999998807907104, 1.0, 1.0, 1.0, 1.0, 1.0, 1.0000001192092896, 0.9999998807907104, 1.0, 1.0, 1.0, 1.0, 1.0, 1.0, 0.9999997615814209, 0.9999998807907104, 0.9999999403953552, 1.0, 1.0000001192092896, 0.9999998211860657, 0.9999999403953552, 0.9999999403953552, 1.0, 0.9999998807907104, 1.0, 1.0, 0.9999999403953552, 0.9999999403953552, 0.9999999403953552, 0.9999999403953552, 1.0, 0.9999998807907104, 0.9999999403953552, 1.0000001192092896, 1.0, 1.0, 1.0, 1.0, 0.9999998211860657, 0.9999999403953552, 1.0, 1.0, 1.0000001192092896, 1.0, 1.0, 1.0000001192092896, 1.0, 0.9999999403953552, 1.0000001192092896, 0.9999999403953552, 0.9999999403953552, 1.0000001192092896, 1.0, 0.9999999403953552, 1.0000001192092896, 1.0, 0.9999999403953552, 1.0, 0.9999999403953552, 1.0, 0.9999999403953552, 1.0, 1.0, 1.0, 0.9999999403953552, 1.0000001192092896, 1.0000001192092896, 1.0, 1.0, 0.9999998807907104, 1.0000001192092896, 0.9999998211860657, 0.9999999403953552, 1.0, 0.9999999403953552, 1.0, 1.0, 0.9999998807907104, 1.0000001192092896, 1.0, 0.9999998807907104, 1.0, 1.0, 1.0, 0.9999999403953552, 0.9999998807907104, 0.9999998807907104, 0.9999999403953552, 0.9999999403953552, 1.0000001192092896, 1.0000001192092896, 1.0000001192092896, 0.9999999403953552, 1.0, 1.000000238418579, 0.9999998211860657, 0.9999999403953552, 0.9999999403953552, 1.0, 1.0, 1.0, 1.0]
