pdxasset (int, 2):  [1, 0]
info:
    fps (float, 1):  [24.0]
    sa (int, 1):  [166]
    j (int, 1):  [24]
    Hips:
        sa (str, 1):  ['tqs']
        t (float, 3):  [-0.0032600448466837406, 4.210227012634277, 1.1042340993881226]
        q (float, 4):  [0.053513769060373306, 0.9099771976470947, -0.03656008839607239, 0.4095621705055237]
        s (float, 1):  [0.9999998807907104]
    LeftUpLeg:
        sa (str, 1):  ['tqs']
        t (float, 3):  [-0.08712351322174072, -0.35718634724617004, 0.5555344223976135]
        q (float, 4):  [0.2475675642490387, -0.5088469982147217, 0.736972451210022, 0.3696709871292114]
        s (float, 1):  [1.0]
    LeftLeg:
        sa (str, 1):  ['tqs']
        t (float, 3):  [5.7220458984375e-06, -2.8945505619049072e-06, 1.736465573310852]
        q (float, 4):  [-0.19040507078170776, 0.03981736674904823, 0.020166583359241486, 0.9806904792785645]
        s (float, 1):  [0.9999998807907104]
    LeftFoot:
        sa (str, 1):  ['tqs']
        t (float, 3):  [-3.798282705247402e-06, -2.9243528842926025e-06, 1.6212767362594604]
        q (float, 4):  [0.45789632201194763, -0.06516994535923004, 0.11032777279615402, 0.8797224760055542]
        s (float, 1):  [0.9999999403953552]
    LeftToeBase:
        sa (str, 1):  ['tqs']
        t (float, 3):  [-2.9299408197402954e-06, -1.146271824836731e-05, 0.6033934950828552]
        q (float, 4):  [0.4059557020664215, 0.007806454319506884, 0.0933510959148407, 0.9090789556503296]
        s (float, 1):  [0.9999999403953552]
    RightUpLeg:
        sa (str, 1):  ['tqs']
        t (float, 3):  [0.04908871650695801, -0.4983295202255249, -0.4918173849582672]
        q (float, 4):  [0.5742279291152954, -0.4044700264930725, 0.47301411628723145, 0.5319060683250427]
        s (float, 1):  [1.0]
    RightLeg:
        sa (str, 1):  ['tqs']
        t (float, 3):  [-3.777444362640381e-06, 4.76837158203125e-07, 1.720077633857727]
        q (float, 4):  [-0.2685312330722809, -0.025639716535806656, -0.0019684943836182356, 0.9629276990890503]
        s (float, 1):  [0.9999999403953552]
    RightFoot:
        sa (str, 1):  ['tqs']
        t (float, 3):  [-3.769993782043457e-06, -2.86102294921875e-06, 1.6338958740234375]
        q (float, 4):  [0.5384809374809265, 0.016029221937060356, -0.10101684182882309, 0.8364071846008301]
        s (float, 1):  [0.9999999403953552]
    RightToeBase:
        sa (str, 1):  ['tqs']
        t (float, 3):  [-1.3504177331924438e-07, 7.525086402893066e-06, 0.606109619140625]
        q (float, 4):  [0.3991064727306366, -0.011111394502222538, -0.08977572619915009, 0.9124312996864319]
        s (float, 1):  [0.9999998211860657]
    Spine02:
        sa (str, 1):  ['tqs']
        t (float, 3):  [0.03803720697760582, 0.4860990047454834, -0.06373592466115952]
        q (float, 4):  [-0.5268076062202454, -0.52352374792099, -0.5635557174682617, 0.3616650700569153]
        s (float, 1):  [0.9999998211860657]
    Spine01:
        sa (str, 1):  ['tqs']
        t (float, 3):  [4.716217517852783e-06, -8.940696716308594e-07, 0.4917299747467041]
        q (float, 4):  [-0.05067496374249458, 0.021958930417895317, -0.02516998164355755, 0.9981564283370972]
        s (float, 1):  [1.0000001192092896]
    Spine:
        sa (str, 1):  ['tqs']
        t (float, 3):  [-7.450580596923828e-09, -2.0489096641540527e-07, 0.4917325973510742]
        q (float, 4):  [0.03409343585371971, 0.01613238826394081, -0.01562551222741604, 0.9991662502288818]
        s (float, 1):  [1.0000001192092896]
    LeftShoulder:
        sa (str, 1):  ['tqs']
        t (float, 3):  [0.1497974544763565, -0.004515198525041342, 0.2672140896320343]
        q (float, 4):  [-0.632226288318634, 0.40249204635620117, -0.37658682465553284, 0.5444928407669067]
        s (float, 1):  [1.0000001192092896]
    LeftArm:
        sa (str, 1):  ['tqs']
        t (float, 3):  [2.682209014892578e-07, -1.8039718270301819e-06, 0.6228750944137573]
        q (float, 4):  [-0.46939003467559814, -0.06534992903470993, -0.26015162467956543, 0.8412630558013916]
        s (float, 1):  [1.0]
    LeftForeArm:
        sa (str, 1):  ['tqs']
        t (float, 3):  [7.513910531997681e-06, -7.554888725280762e-06, 1.1016777753829956]
        q (float, 4):  [0.5136672854423523, -0.6922054290771484, -0.05558899790048599, 0.5038923025131226]
        s (float, 1):  [1.0]
    LeftHand:
        sa (str, 1):  ['tqs']
        t (float, 3):  [-2.2351741790771484e-07, -4.284083843231201e-08, 0.77264404296875]
        q (float, 4):  [0.195652037858963, -0.29286718368530273, 0.17266187071800232, 0.9198570847511292]
        s (float, 1):  [1.0]
    RightShoulder:
        sa (str, 1):  ['tqs']
        t (float, 3):  [-0.14074447751045227, -0.019361622631549835, 0.2530270516872406]
        q (float, 4):  [-0.636056661605835, -0.4324156939983368, 0.3715774416923523, 0.5199796557426453]
        s (float, 1):  [0.9999999403953552]
    RightArm:
        sa (str, 1):  ['tqs']
        t (float, 3):  [6.034970283508301e-07, -4.470348358154297e-07, 0.5432055592536926]
        q (float, 4):  [-0.35367318987846375, 0.17452336847782135, 0.30697932839393616, 0.8661527633666992]
        s (float, 1):  [0.9999999403953552]
    RightForeArm:
        sa (str, 1):  ['tqs']
        t (float, 3):  [-4.0531158447265625e-06, 3.814697265625e-06, 1.103057861328125]
        q (float, 4):  [0.4934867024421692, 0.7275125980377197, 0.002372940769419074, 0.476645290851593]
        s (float, 1):  [1.0]
    RightHand:
        sa (str, 1):  ['tqs']
        t (float, 3):  [1.17570161819458e-05, -7.4319541454315186e-06, 0.8240511417388916]
        q (float, 4):  [0.32483723759651184, 0.3699239492416382, 0.10997225344181061, 0.863448441028595]
        s (float, 1):  [1.0]
    neck:
        sa (str, 1):  ['tqs']
        t (float, 3):  [-0.009052827954292297, 0.023875553160905838, 0.3158420920372009]
        q (float, 4):  [0.14667895436286926, 0.033901412039995193, -0.033952899277210236, 0.9880198836326599]
        s (float, 1):  [1.0]
    Head:
        sa (str, 1):  ['tqs']
        t (float, 3):  [1.2665987014770508e-07, 0.0, 0.3153611421585083]
        q (float, 4):  [-0.3673200011253357, -0.004033726640045643, -0.03985612094402313, 0.9292315244674683]
        s (float, 1):  [1.0000001192092896]
    head_end:
        sa (str, 1):  ['tqs']
        t (float, 3):  [-0.0012294352054595947, -0.2804093360900879, 1.0047492980957031]
        q (float, 4):  [0.1356593817472458, -0.0005948343314230442, 1.5510208228874944e-08, 0.9907553791999817]
        s (float, 1):  [1.0000001192092896]
    headfront:
        sa (str, 1):  ['tqs']
        t (float, 3):  [0.0012295395135879517, 0.280404657125473, 0.17804324626922607]
        q (float, 4):  [-0.48164698481559753, 0.0021118877921253443, -7.505414068020855e-09, 0.8763628005981445]
        s (float, 1):  [0.9999999403953552]
samples:
    t (float, 11952):  [-0.0032600448466837406, 4.210226058959961, 1.1042340993881226, -0.08712345361709595, -0.35718610882759094, 0.5555343627929688, 5.7220458984375e-06, -2.8498470783233643e-06, 1.736465573310852, -3.7386780604720116e-06, -2.9243528842926025e-06, 1.6212767362594604, -2.8498470783233643e-06, -1.1455267667770386e-05, 0.6033934950828552, 0.04908877611160278, -0.4983292818069458, -0.4918174147605896, -3.7401914596557617e-06, 5.066394805908203e-07, 1.720077395439148, -3.814697265625e-06, -2.86102294921875e-06, 1.6338958740234375, 3.725290298461914e-09, 7.53253698348999e-06, 0.6061096787452698, 0.038037266582250595, 0.4860990047454834, -0.06373592466115952, 4.693865776062012e-06, -1.0132789611816406e-06, 0.4917299747467041, 3.725290298461914e-09, -4.4330954551696777e-07, 0.4917330741882324, 0.1497974991798401, -0.0045153177343308926, 0.2672145664691925, 1.4901161193847656e-07, -1.3271346688270569e-06, 0.6228752136230469, 7.513910531997681e-06, -7.495284080505371e-06, 1.1016772985458374, 1.4901161193847656e-08, -4.284083843231201e-08, 0.7726439833641052, -0.14074444770812988, -0.019361622631549835, 0.2530275285243988, 4.842877388000488e-07, -4.470348358154297e-07, 0.5432055592536926, -4.0531158447265625e-06, 3.5762786865234375e-06, 1.103057861328125, 1.17570161819458e-05, -7.4319541454315186e-06, 0.8240511417388916, -0.00905279815196991, 0.023875553160905838, 0.31584256887435913, 1.2665987014770508e-07, -2.9802322387695312e-08, 0.3153611421585083, -0.0012293756008148193, -0.2804093360900879, 1.0047492980957031, 0.001229599118232727, 0.280404657125473, 0.17804372310638428, -0.002773995976895094, 4.213739395141602, 1.1044515371322632, -0.0871235579252243, -0.35718607902526855, 0.5555343627929688, 5.662441253662109e-06, -2.864748239517212e-06, 1.736465573310852, -3.822147846221924e-06, -2.767890691757202e-06, 1.62127685546875, -2.8908252716064453e-06, -1.1440832167863846e-05, 0.6033935546875, 0.04908858239650726, -0.49832960963249207, -0.49181750416755676, -3.8370490074157715e-06, 6.258487701416016e-07, 1.7200772762298584, -3.7997961044311523e-06, -2.6971101760864258e-06, 1.633895754814148, 8.149072527885437e-08, 7.62939453125e-06, 0.6061096787452698, 0.038037143647670746, 0.48609915375709534, -0.06373589485883713, 4.585832357406616e-06, -6.92903995513916e-07, 0.4917293190956116, 3.3527612686157227e-08, -4.880130290985107e-07, 0.491734117269516, 0.14979751408100128, -0.004515433683991432, 0.2672130763530731, 1.7881393432617188e-07, -2.152053639292717e-06, 0.622875452041626, 7.20098614692688e-06, -7.510185241699219e-06, 1.1016775369644165, 5.21540641784668e-08, 1.862645149230957e-08, 0.7726441621780396, -0.1407444030046463, -0.019361846148967743, 0.2530270218849182, 5.587935447692871e-07, -4.76837158203125e-07, 0.5432051420211792, -3.5762786865234375e-06, 3.874301910400391e-06, 1.1030577421188354, 1.1533498764038086e-05, -7.681548595428467e-06, 0.8240510821342468, -0.009052738547325134, 0.023875311017036438, 0.3158418834209442, 6.705522537231445e-08, 7.450580596923828e-09, 0.3153616786003113, -0.0012293457984924316, -0.2804088890552521, 1.0047494173049927, 0.0012295693159103394, 0.28040486574172974, 0.17804357409477234, -0.0011343937367200851, 4.225590705871582, 1.1051849126815796, -0.08712348341941833, -0.3571864664554596, 0.5555344820022583, 5.6549906730651855e-06, -2.823770046234131e-06, 1.736465334892273, -3.6135315895080566e-06, -2.8740614652633667e-06, 1.6212767362594604, -3.005377948284149e-06, -1.1442229151725769e-05, 0.6033935546875, 0.04908864200115204, -0.4983295500278473, -0.4918173849582672, -3.829598426818848e-06, 4.470348358154297e-07, 1.7200772762298584, -3.900378942489624e-06, -2.9206275939941406e-06, 1.6338962316513062, 1.0151416063308716e-07, 7.53253698348999e-06, 0.606109619140625, 0.038037244230508804, 0.486098974943161, -0.06373586505651474, 4.69014048576355e-06, -8.828938007354736e-07, 0.491729736328125, 1.3224780559539795e-07, -4.6938657760620117e-07, 0.4917333424091339, 0.14979758858680725, -0.004515420645475388, 0.26721417903900146, 2.2351741790771484e-07, -1.7960555851459503e-06, 0.6228752136230469, 7.9423189163208e-06, -7.554888725280762e-06, 1.1016771793365479, 1.7136335372924805e-07, 1.6391277313232422e-07, 0.7726438641548157, -0.14074428379535675, -0.019361771643161774, 0.253027081489563, 5.21540641784668e-07, -2.5331974029541016e-07, 0.5432051420211792, -3.6954879760742188e-06, 3.635883331298828e-06, 1.1030585765838623, 1.1518597602844238e-05, -7.860362529754639e-06, 0.8240509033203125, -0.009052649140357971, 0.02387554943561554, 0.3158412575721741, 2.384185791015625e-07, 1.4901161193847656e-08, 0.31536057591438293, -0.0012294501066207886, -0.2804097533226013, 1.0047495365142822, 0.0012294799089431763, 0.28040406107902527, 0.17804382741451263, -0.0015425384044647217, 4.222640514373779, 1.1050024032592773, -0.08712340891361237, -0.3571862280368805, 0.5555343627929688, 5.710870027542114e-06, -2.823770046234131e-06, 1.736465334892273, -3.7364661693573e-06, -2.8014183044433594e-06, 1.6212767362594604, -3.06498259305954e-06, -1.1414289474487305e-05, 0.6033934950828552, 0.04908865690231323, -0.4983294606208801, -0.49181750416755676, -3.6954879760742188e-06, 4.76837158203125e-07, 1.720077395439148, -3.814697265625e-06, -2.8908252716064453e-06, 1.6338956356048584, 6.05359673500061e-08, 7.62939453125e-06, 0.6061097383499146, 0.0380372479557991, 0.4860993027687073, -0.06373599916696548, 4.708766937255859e-06, -9.723007678985596e-07, 0.4917297065258026, 7.078051567077637e-08, -3.203749656677246e-07, 0.49173298478126526, 0.14979740977287292, -0.004515429958701134, 0.2672141194343567, 4.917383193969727e-07, -1.7043203115463257e-06, 0.6228752732276917, 7.890164852142334e-06, -7.621943950653076e-06, 1.1016764640808105, -2.0116567611694336e-07, 1.1175870895385742e-07, 0.7726439833641052, -0.1407444328069687, -0.019361793994903564, 0.2530273199081421, 5.736947059631348e-07, -2.8312206268310547e-07, 0.5432052612304688, -4.112720489501953e-06, 3.993511199951172e-06, 1.1030584573745728, 1.1563301086425781e-05, -7.875263690948486e-06, 0.824051022529602, -0.009052827954292297, 0.023875482380390167, 0.31584179401397705, 2.086162567138672e-07, -2.2351741790771484e-08, 0.3153607249259949, -0.0012295842170715332, -0.28040891885757446, 1.004749059677124, 0.0012293905019760132, 0.28040504455566406, 0.1780429482460022, -0.002741630654782057, 4.213973045349121, 1.1044660806655884, -0.08712342381477356, -0.3571857511997223, 0.555534303188324, 5.710870027542114e-06, -2.823770046234131e-06, 1.7364656925201416, -3.889203071594238e-06, -2.7529895305633545e-06, 1.621276617050171, -2.8694048523902893e-06, -1.148320734500885e-05, 0.6033934950828552, 0.0490887314081192, -0.49832913279533386, -0.4918174743652344, -3.606081008911133e-06, 3.2782554626464844e-07, 1.720077395439148, -3.777444362640381e-06, -2.995133399963379e-06, 1.633895754814148, -3.073364496231079e-08, 7.577240467071533e-06, 0.606109619140625, 0.03803722560405731, 0.4860990643501282, -0.0637359768152237, 4.507601261138916e-06, -7.301568984985352e-07, 0.4917290508747101, -3.725290298461914e-08, -2.1606683731079102e-07, 0.491733193397522, 0.14979752898216248, -0.004515392705798149, 0.2672143876552582, 3.2782554626464844e-07, -1.94646418094635e-06, 0.622874915599823, 7.96094536781311e-06, -7.703900337219238e-06, 1.1016769409179688, 1.4901161193847656e-08, 3.0547380447387695e-07, 0.7726441025733948, -0.14074432849884033, -0.0193617045879364, 0.25302740931510925, 6.258487701416016e-07, -7.897615432739258e-07, 0.5432050228118896, -3.814697265625e-06, 4.0531158447265625e-06, 1.1030584573745728, 1.1399388313293457e-05, -8.072704076766968e-06, 0.824051022529602, -0.009052719920873642, 0.023875519633293152, 0.31584200263023376, 2.5331974029541016e-07, 2.9802322387695312e-08, 0.31536129117012024, -0.0012294203042984009, -0.2804091274738312, 1.0047494173049927, 0.0012295544147491455, 0.2804046869277954, 0.17804375290870667, -0.0025456338189542294, 4.215389728546143, 1.1045536994934082, -0.08712343871593475, -0.35718613862991333, 0.5555346012115479, 5.647540092468262e-06, -2.86102294921875e-06, 1.7364652156829834, -3.956258296966553e-06, -2.987682819366455e-06, 1.6212767362594604, -2.923421561717987e-06, -1.1466443538665771e-05, 0.6033934950828552, 0.04908868670463562, -0.4983295798301697, -0.4918174743652344, -3.769993782043457e-06, 4.470348358154297e-07, 1.7200772762298584, -3.844499588012695e-06, -2.9355287551879883e-06, 1.633895993232727, -4.7963112592697144e-08, 7.584691047668457e-06, 0.6061096787452698, 0.038037218153476715, 0.48609939217567444, -0.06373585760593414, 4.664063453674316e-06, -7.636845111846924e-07, 0.49172982573509216, 0.0, -3.650784492492676e-07, 0.4917334318161011, 0.14979758858680725, -0.004515193402767181, 0.2672140300273895, 4.023313522338867e-07, -2.0815059542655945e-06, 0.6228749752044678, 8.031725883483887e-06, -7.770955562591553e-06, 1.101676344871521, 1.4901161193847656e-08, 2.477318048477173e-07, 0.7726439833641052, -0.14074431359767914, -0.01936158537864685, 0.2530271112918854, 7.078051567077637e-07, -9.238719940185547e-07, 0.5432052612304688, -3.814697265625e-06, 3.874301910400391e-06, 1.1030584573745728, 1.1295080184936523e-05, -7.964670658111572e-06, 0.8240508437156677, -0.009052678942680359, 0.023875631392002106, 0.3158419728279114, 2.086162567138672e-07, -7.450580596923828e-09, 0.31536126136779785, -0.0012294650077819824, -0.28040918707847595, 1.004748821258545, 0.0012295544147491455, 0.28040504455566406, 0.17804273962974548, -0.002017498482018709, 4.219207286834717, 1.1047899723052979, -0.0871235579252243, -0.35718604922294617, 0.555534303188324, 5.766749382019043e-06, -2.9653310775756836e-06, 1.736465573310852, -3.769993782043457e-06, -2.8014183044433594e-06, 1.6212769746780396, -2.7623027563095093e-06, -1.1434778571128845e-05, 0.6033934950828552, 0.04908859729766846, -0.49832937121391296, -0.4918174743652344, -3.904104232788086e-06, 4.172325134277344e-07, 1.720077395439148, -3.6656856536865234e-06, -2.8908252716064453e-06, 1.6338961124420166, 1.4435499906539917e-07, 7.584691047668457e-06, 0.6061097383499146, 0.038037098944187164, 0.4860991835594177, -0.06373603641986847, 4.678964614868164e-06, -8.493661880493164e-07, 0.4917294383049011, 0.0, -3.427267074584961e-07, 0.4917333722114563, 0.14979752898216248, -0.004515472799539566, 0.2672140896320343, 1.043081283569336e-07, -2.164393663406372e-06, 0.6228750944137573, 7.428228855133057e-06, -7.53253698348999e-06, 1.1016769409179688, 1.4156103134155273e-07, 2.849847078323364e-07, 0.77264404296875, -0.1407443881034851, -0.01936180889606476, 0.2530272603034973, 4.3958425521850586e-07, -3.2782554626464844e-07, 0.5432052612304688, -4.112720489501953e-06, 3.814697265625e-06, 1.1030571460723877, 1.1511147022247314e-05, -8.139759302139282e-06, 0.8240509033203125, -0.00905270129442215, 0.023875407874584198, 0.3158417344093323, 1.9744038581848145e-07, 5.960464477539063e-08, 0.31536123156547546, -0.0012295246124267578, -0.2804092764854431, 1.0047496557235718, 0.0012294501066207886, 0.2804050147533417, 0.17804336547851562, -0.004786530043929815, 4.199192047119141, 1.1035513877868652, -0.08712361752986908, -0.35718587040901184, 0.555534303188324, 5.837529897689819e-06, -2.905726432800293e-06, 1.736465334892273, -3.919005393981934e-06, -2.816319465637207e-06, 1.621277093887329, -2.922024577856064e-06, -1.1416152119636536e-05, 0.6033934950828552, 0.04908858612179756, -0.4983295500278473, -0.49181753396987915, -3.6954879760742188e-06, 3.5762786865234375e-07, 1.7200778722763062, -3.7103891372680664e-06, -2.8014183044433594e-06, 1.6338956356048584, 1.3131648302078247e-07, 7.592141628265381e-06, 0.606109619140625, 0.038037143647670746, 0.4860997200012207, -0.0637359619140625, 4.649162292480469e-06, -8.046627044677734e-07, 0.49172964692115784, 1.4901161193847656e-08, -3.2782554626464844e-07, 0.4917333722114563, 0.1497974842786789, -0.004515528678894043, 0.26721441745758057, 1.6391277313232422e-07, -2.117827534675598e-06, 0.6228752136230469, 7.601454854011536e-06, -7.696449756622314e-06, 1.1016780138015747, -1.1362135410308838e-07, 4.991888999938965e-07, 0.7726441621780396, -0.1407444328069687, -0.019361674785614014, 0.2530270516872406, 4.917383193969727e-07, -2.8312206268310547e-07, 0.5432052612304688, -3.993511199951172e-06, 3.874301910400391e-06, 1.1030582189559937, 1.1324882507324219e-05, -7.309019565582275e-06, 0.8240510821342468, -0.009052753448486328, 0.023875638842582703, 0.3158416748046875, 9.685754776000977e-08, -5.960464477539063e-08, 0.3153609037399292, -0.0012295395135879517, -0.28040945529937744, 1.0047491788864136, 0.0012294650077819824, 0.2804040312767029, 0.17804323136806488, -0.012929068878293037, 4.1403350830078125, 1.0999093055725098, -0.08712355047464371, -0.35718655586242676, 0.5555343627929688, 5.786307156085968e-06, -2.8889626264572144e-06, 1.7364654541015625, -3.859400749206543e-06, -2.8908252716064453e-06, 1.6212769746780396, -2.682209014892578e-06, -1.1406838893890381e-05, 0.6033936142921448, 0.04908854514360428, -0.49832963943481445, -0.4918176233768463, -3.725290298461914e-06, 5.364418029785156e-07, 1.7200772762298584, -3.7401914596557617e-06, -2.9206275939941406e-06, 1.633895993232727, 5.2619725465774536e-08, 7.756054401397705e-06, 0.6061094999313354, 0.03803716227412224, 0.4860987961292267, -0.06373600661754608, 4.723668098449707e-06, -1.0728836059570312e-06, 0.4917301535606384, -2.9802322387695312e-08, -3.8743019104003906e-07, 0.49173396825790405, 0.14979737997055054, -0.004515409469604492, 0.26721370220184326, 3.203749656677246e-07, -2.4437904357910156e-06, 0.6228750944137573, 7.604481652379036e-06, -7.623806595802307e-06, 1.1016769409179688, 6.332993507385254e-08, 6.51925802230835e-08, 0.77264404296875, -0.14074447751045227, -0.019361868500709534, 0.2530273199081421, 6.109476089477539e-07, -9.834766387939453e-07, 0.5432051420211792, -3.933906555175781e-06, 3.874301910400391e-06, 1.1030577421188354, 1.1421740055084229e-05, -8.549541234970093e-06, 0.8240509629249573, -0.009052932262420654, 0.0238754004240036, 0.31584176421165466, 1.4901161193847656e-07, -5.960464477539063e-08, 0.3153613209724426, -0.0012293681502342224, -0.28040891885757446, 1.004748821258545, 0.001229606568813324, 0.2804047167301178, 0.17804329097270966, -0.026703478768467903, 4.040769577026367, 1.0937479734420776, -0.08712349832057953, -0.35718613862991333, 0.555534303188324, 5.707144737243652e-06, -2.9206275939941406e-06, 1.7364654541015625, -3.654437023214996e-06, -2.9068905860185623e-06, 1.62127685546875, -2.723187208175659e-06, -1.1354684829711914e-05, 0.6033934950828552, 0.049088653177022934, -0.4983292818069458, -0.4918175935745239, -3.6656856536865234e-06, 5.960464477539062e-07, 1.720077395439148, -3.635883331298828e-06, -2.7865171432495117e-06, 1.6338961124420166, -1.1734664440155029e-07, 7.770955562591553e-06, 0.6061097979545593, 0.03803723677992821, 0.4860994815826416, -0.0637359619140625, 4.626810550689697e-06, -9.164214134216309e-07, 0.49173009395599365, -7.450580596923828e-08, -4.470348358154297e-07, 0.49173370003700256, 0.14979737997055054, -0.004515469074249268, 0.26721322536468506, 2.980232238769531e-07, -1.8868595361709595e-06, 0.6228753328323364, 7.644295692443848e-06, -7.733702659606934e-06, 1.1016768217086792, -8.940696716308594e-08, 1.7508864402770996e-07, 0.77264404296875, -0.14074452221393585, -0.019361793994903564, 0.25302642583847046, 6.556510925292969e-07, -7.897615432739258e-07, 0.5432052612304688, -3.4570693969726562e-06, 3.933906555175781e-06, 1.103058099746704, 1.1518597602844238e-05, -7.927417755126953e-06, 0.8240509033203125, -0.009052902460098267, 0.023875445127487183, 0.3158407509326935, 2.123415470123291e-07, 5.960464477539063e-08, 0.3153607249259949, -0.0012295916676521301, -0.28040868043899536, 1.0047494173049927, 0.0012293681502342224, 0.2804049551486969, 0.17804357409477234, -0.04096553847193718, 3.9376790523529053, 1.0873687267303467, -0.08712352067232132, -0.35718628764152527, 0.5555342435836792, 5.89713454246521e-06, -2.942979335784912e-06, 1.7364648580551147, -3.546476364135742e-06, -2.8461217880249023e-06, 1.62127685546875, -2.7492642402648926e-06, -1.138448715209961e-05, 0.6033934354782104, 0.0490887314081192, -0.49832940101623535, -0.4918173849582672, -3.7550926208496094e-06, 2.980232238769531e-07, 1.7200775146484375, -3.591179847717285e-06, -2.8312206268310547e-06, 1.6338961124420166, 4.190951585769653e-09, 7.800757884979248e-06, 0.6061095595359802, 0.03803716599941254, 0.4860987663269043, -0.06373590975999832, 4.5746564865112305e-06, -8.344650268554688e-07, 0.49172958731651306, 5.960464477539063e-08, -4.470348358154297e-07, 0.49173298478126526, 0.14979752898216248, -0.004515506327152252, 0.2672136425971985, 3.501772880554199e-07, -2.5797635316848755e-06, 0.622874915599823, 7.428228855133057e-06, -7.584691047668457e-06, 1.1016767024993896, 0.0, -7.450580596923828e-08, 0.7726442813873291, -0.14074429869651794, -0.01936173439025879, 0.25302645564079285, 5.662441253662109e-07, -3.8743019104003906e-07, 0.5432053804397583, -3.904104232788086e-06, 3.3974647521972656e-06, 1.1030583381652832, 1.1235475540161133e-05, -7.0035457611083984e-06, 0.8240509033203125, -0.009052716195583344, 0.023875519633293152, 0.3158411383628845, 2.384185791015625e-07, -2.9802322387695312e-08, 0.31536126136779785, -0.0012295693159103394, -0.2804086208343506, 1.0047491788864136, 0.0012294352054595947, 0.28040504455566406, 0.1780431866645813, -0.048484690487384796, 3.8833281993865967, 1.084005355834961, -0.08712348341941833, -0.35718637704849243, 0.5555341839790344, 5.945563316345215e-06, -2.987682819366455e-06, 1.7364656925201416, -3.6582350730895996e-06, -2.903863787651062e-06, 1.6212767362594604, -3.1106173992156982e-06, -1.138448715209961e-05, 0.6033935546875, 0.04908877611160278, -0.49832966923713684, -0.4918176829814911, -3.874301910400391e-06, 4.76837158203125e-07, 1.720077633857727, -3.829598426818848e-06, -2.86102294921875e-06, 1.6338958740234375, -4.190951585769653e-08, 7.584691047668457e-06, 0.6061097383499146, 0.038037240505218506, 0.4860983192920685, -0.0637359470129013, 4.664063453674316e-06, -7.972121238708496e-07, 0.49172958731651306, 1.3783574104309082e-07, -1.564621925354004e-07, 0.4917333424091339, 0.1497974395751953, -0.004515308886766434, 0.2672143578529358, 2.905726432800293e-07, -1.7955899238586426e-06, 0.6228752136230469, 7.458031177520752e-06, -7.7858567237854e-06, 1.1016768217086792, -1.043081283569336e-07, -7.450580596923828e-09, 0.77264404296875, -0.1407444179058075, -0.019361451268196106, 0.2530268728733063, 4.6193599700927734e-07, -1.0132789611816406e-06, 0.5432052612304688, -3.859400749206543e-06, 3.635883331298828e-06, 1.1030577421188354, 1.1518597602844238e-05, -7.078051567077637e-06, 0.824051022529602, -0.009052783250808716, 0.023875758051872253, 0.3158417046070099, 2.8312206268310547e-07, 2.9802322387695312e-08, 0.31536081433296204, -0.0012295246124267578, -0.28040850162506104, 1.0047491788864136, 0.0012294352054595947, 0.28040528297424316, 0.1780434548854828, -0.05229773744940758, 3.8557662963867188, 1.082299828529358, -0.08712351322174072, -0.3571856915950775, 0.555534303188324, 5.796551704406738e-06, -2.995133399963379e-06, 1.7364658117294312, -3.594905138015747e-06, -2.887565642595291e-06, 1.6212767362594604, -3.1408853828907013e-06, -1.1451542377471924e-05, 0.6033936142921448, 0.04908861219882965, -0.4983289837837219, -0.49181750416755676, -3.5762786865234375e-06, 3.8743019104003906e-07, 1.720077633857727, -3.844499588012695e-06, -2.8312206268310547e-06, 1.633895754814148, -3.3853575587272644e-07, 7.599592208862305e-06, 0.6061094999313354, 0.03803713619709015, 0.48609885573387146, -0.06373593211174011, 4.682689905166626e-06, -7.599592208862305e-07, 0.4917292296886444, 3.725290298461914e-08, -2.682209014892578e-07, 0.49173393845558167, 0.14979757368564606, -0.004515510052442551, 0.26721400022506714, 1.1175870895385742e-07, -2.0954757928848267e-06, 0.6228750944137573, 7.987022399902344e-06, -7.554888725280762e-06, 1.1016767024993896, 4.470348358154297e-08, 2.2351741790771484e-07, 0.7726439833641052, -0.14074423909187317, -0.019361771643161774, 0.2530267834663391, 6.034970283508301e-07, 0.0, 0.5432053804397583, -3.635883331298828e-06, 4.231929779052734e-06, 1.103057861328125, 1.1183321475982666e-05, -7.20098614692688e-06, 0.8240506649017334, -0.009052664041519165, 0.02387533336877823, 0.31584152579307556, 2.4586915969848633e-07, 1.862645149230957e-08, 0.3153608739376068, -0.001229405403137207, -0.2804087996482849, 1.004749059677124, 0.0012295544147491455, 0.2804049253463745, 0.17804338037967682, -0.050958629697561264, 3.865445852279663, 1.0828988552093506, -0.08712349832057953, -0.3571867048740387, 0.5555344820022583, 5.861977115273476e-06, -2.812594175338745e-06, 1.736465573310852, -3.7495046854019165e-06, -2.825632691383362e-06, 1.621276617050171, -2.9727816581726074e-06, -1.1444091796875e-05, 0.6033936142921448, 0.04908866435289383, -0.4983300566673279, -0.4918174147605896, -4.023313522338867e-06, 4.172325134277344e-07, 1.720077633857727, -3.859400749206543e-06, -2.7120113372802734e-06, 1.633895993232727, 5.820766091346741e-08, 7.644295692443848e-06, 0.6061095595359802, 0.03803723677992821, 0.4860990047454834, -0.06373591721057892, 4.647299647331238e-06, -6.94766640663147e-07, 0.49173030257225037, 3.3993273973464966e-08, -3.390014171600342e-07, 0.491733193397522, 0.14979740977287292, -0.0045154280960559845, 0.2672136723995209, 2.2351741790771484e-07, -2.4586915969848633e-06, 0.6228752732276917, 7.496681064367294e-06, -7.573515176773071e-06, 1.1016772985458374, 5.960464477539063e-08, 2.0209699869155884e-07, 0.77264404296875, -0.1407446563243866, -0.01936190016567707, 0.2530272901058197, 2.7939677238464355e-07, -3.3155083656311035e-07, 0.5432053208351135, -4.082918167114258e-06, 3.6209821701049805e-06, 1.103057861328125, 1.1041760444641113e-05, -7.953494787216187e-06, 0.8240508437156677, -0.009052896872162819, 0.023875471204519272, 0.3158414959907532, 5.21540641784668e-08, 2.8870999813079834e-07, 0.3153611123561859, -0.0012294268235564232, -0.28040868043899536, 1.0047494173049927, 0.0012295208871364594, 0.2804054319858551, 0.17804361879825592, -0.04888995364308357, 3.880398750305176, 1.0838241577148438, -0.08712364733219147, -0.3571862280368805, 0.5555344820022583, 5.7034194469451904e-06, -2.8461217880249023e-06, 1.736465573310852, -3.866385668516159e-06, -2.905726432800293e-06, 1.621276617050171, -2.8079375624656677e-06, -1.1518597602844238e-05, 0.6033935546875, 0.049088627099990845, -0.4983295500278473, -0.49181732535362244, -3.7848949432373047e-06, 5.885958671569824e-07, 1.720077633857727, -3.829598426818848e-06, -2.682209014892578e-06, 1.633895754814148, 2.8265640139579773e-07, 7.62939453125e-06, 0.606109619140625, 0.03803710639476776, 0.4860993027687073, -0.06373578310012817, 4.482455551624298e-06, -1.2530945241451263e-06, 0.49172988533973694, 2.5890767574310303e-07, -1.8719583749771118e-07, 0.4917326867580414, 0.1497977077960968, -0.004515409469604492, 0.267214298248291, 2.980232238769531e-07, -2.2351741790771484e-06, 0.6228753924369812, 7.642433047294617e-06, -7.68899917602539e-06, 1.1016764640808105, 1.7881393432617188e-07, -2.644956111907959e-07, 0.77264404296875, -0.14074422419071198, -0.019361747428774834, 0.2530270516872406, 2.5331974029541016e-07, -1.0132789611816406e-06, 0.5432053208351135, -3.5017728805541992e-06, 3.7550926208496094e-06, 1.103058099746704, 1.1086463928222656e-05, -7.718801498413086e-06, 0.8240509629249573, -0.009052611887454987, 0.02387543022632599, 0.3158419132232666, 3.0919909477233887e-07, 2.8870999813079834e-07, 0.315360426902771, -0.0012295562773942947, -0.28040841221809387, 1.0047495365142822, 0.0012295129708945751, 0.2804054617881775, 0.17804327607154846, -0.05327095836400986, 3.848731517791748, 1.0818644762039185, -0.0871233344078064, -0.3571861982345581, 0.5555343627929688, 5.903886631131172e-06, -2.950429916381836e-06, 1.736465573310852, -3.82610596716404e-06, -2.857297658920288e-06, 1.6212767362594604, -2.830871380865574e-06, -1.1485069990158081e-05, 0.6033936142921448, 0.049088671803474426, -0.4983295202255249, -0.4918173551559448, -3.725290298461914e-06, 4.880130290985107e-07, 1.7200775146484375, -4.038214683532715e-06, -3.039836883544922e-06, 1.633895993232727, -2.05356627702713e-07, 7.528811693191528e-06, 0.6061094999313354, 0.03803727775812149, 0.4860991835594177, -0.06373584270477295, 4.630535840988159e-06, -8.848692232277244e-07, 0.49173012375831604, 5.960464477539063e-08, -2.60770320892334e-07, 0.49173349142074585, 0.14979737997055054, -0.004515334963798523, 0.26721373200416565, 2.384185791015625e-07, -2.0712614059448242e-06, 0.622875452041626, 7.703900337219238e-06, -7.68899917602539e-06, 1.1016767024993896, 1.043081283569336e-07, 2.8312206268310547e-07, 0.77264404296875, -0.1407443732023239, -0.01936163753271103, 0.2530260682106018, 3.7997961044311523e-07, -6.109476089477539e-07, 0.543205201625824, -3.874301910400391e-06, 3.7103891372680664e-06, 1.103057861328125, 1.1019408702850342e-05, -7.405877113342285e-06, 0.8240509033203125, -0.009052932262420654, 0.0238754041492939, 0.3158412575721741, 2.60770320892334e-07, -1.73225998878479e-07, 0.31536126136779785, -0.001229599118232727, -0.28040939569473267, 1.0047492980957031, 0.0012294510379433632, 0.2804049253463745, 0.17804324626922607, -0.060627732425928116, 3.7955543994903564, 1.0785739421844482, -0.08712368458509445, -0.3571861982345581, 0.555534303188324, 5.7462602853775024e-06, -2.8870999813079834e-06, 1.736465573310852, -3.730878233909607e-06, -2.864748239517212e-06, 1.6212769746780396, -2.9783695936203003e-06, -1.1444091796875e-05, 0.6033935546875, 0.04908858239650726, -0.49832966923713684, -0.49181750416755676, -3.874301910400391e-06, 4.76837158203125e-07, 1.720077633857727, -3.859400749206543e-06, -2.7418136596679688e-06, 1.633895754814148, 2.1420419216156006e-07, 7.711350917816162e-06, 0.606109619140625, 0.03803718835115433, 0.486098974943161, -0.06373593211174011, 4.608184099197388e-06, -4.079192876815796e-07, 0.4917297661304474, 8.940696716308594e-08, -6.705522537231445e-07, 0.49173280596733093, 0.1497977077960968, -0.0045152753591537476, 0.2672134339809418, 2.086162567138672e-07, -2.115964889526367e-06, 0.6228753328323364, 7.569789886474609e-06, -7.852911949157715e-06, 1.1016762256622314, -3.725290298461914e-08, 6.705522537231445e-08, 0.7726441025733948, -0.1407441943883896, -0.019361674785614014, 0.25302654504776, 7.82310962677002e-08, -5.62518835067749e-07, 0.543205201625824, -4.323199391365051e-06, 3.6507844924926758e-06, 1.1030583381652832, 1.1453870683908463e-05, -7.640104740858078e-06, 0.8240509629249573, -0.009052664041519165, 0.023875579237937927, 0.3158414363861084, 1.4901161193847656e-08, -1.341104507446289e-07, 0.3153612017631531, -0.0012295693159103394, -0.28040897846221924, 1.0047492980957031, 0.0012295115739107132, 0.28040575981140137, 0.17804290354251862, -0.07071682065725327, 3.7226274013519287, 1.0740610361099243, -0.08712350577116013, -0.3571862578392029, 0.5555343627929688, 5.76116144657135e-06, -2.7799978852272034e-06, 1.736465573310852, -4.034489393234253e-06, -2.891756594181061e-06, 1.621277093887329, -2.8940849006175995e-06, -1.1444091796875e-05, 0.6033935546875, 0.049088604748249054, -0.49832963943481445, -0.49181753396987915, -3.725290298461914e-06, 3.129243850708008e-07, 1.720077395439148, -3.874301910400391e-06, -2.8312206268310547e-06, 1.6338958740234375, -9.080395102500916e-08, 7.748603820800781e-06, 0.6061095595359802, 0.038037270307540894, 0.48609885573387146, -0.0637359470129013, 4.716217517852783e-06, -8.549541234970093e-07, 0.4917300343513489, -5.960464477539063e-08, -2.4586915969848633e-07, 0.49173349142074585, 0.14979776740074158, -0.004515662789344788, 0.26721376180648804, 2.384185791015625e-07, -2.3096799850463867e-06, 0.6228746771812439, 7.599592208862305e-06, -7.584691047668457e-06, 1.1016770601272583, 7.450580596923828e-09, 1.4528632164001465e-07, 0.7726438641548157, -0.14074411988258362, -0.019361980259418488, 0.2530272603034973, 6.593763828277588e-07, -6.612390279769897e-07, 0.5432052612304688, -4.723668098449707e-06, 3.6135315895080566e-06, 1.103057861328125, 1.1197756975889206e-05, -7.805880159139633e-06, 0.8240509629249573, -0.009052425622940063, 0.023875251412391663, 0.3158414959907532, 2.2351741790771484e-07, -2.2351741790771484e-07, 0.3153616786003113, -0.0012295916676521301, -0.2804090976715088, 1.0047495365142822, 0.0012293662875890732, 0.2804049551486969, 0.17804352939128876, -0.07077919691801071, 3.7221765518188477, 1.0740331411361694, -0.08712359517812729, -0.3571861684322357, 0.5555344223976135, 5.829846486449242e-06, -3.1352974474430084e-06, 1.7364652156829834, -3.7103891372680664e-06, -2.8721988201141357e-06, 1.62127685546875, -2.6756897568702698e-06, -1.1406838893890381e-05, 0.6033934950828552, 0.04908858239650726, -0.49832987785339355, -0.4918174147605896, -3.5762786865234375e-06, 4.76837158203125e-07, 1.7200777530670166, -3.725290298461914e-06, -2.9206275939941406e-06, 1.633895993232727, -2.2351741790771484e-08, 7.502734661102295e-06, 0.6061097979545593, 0.03803721070289612, 0.4860989451408386, -0.06373588740825653, 4.604458808898926e-06, -1.1986121535301208e-06, 0.491729736328125, 0.0, -3.948807716369629e-07, 0.491733580827713, 0.14979740977287292, -0.004515394568443298, 0.26721423864364624, 1.1920928955078125e-07, -2.2202730178833008e-06, 0.6228749752044678, 7.599592208862305e-06, -7.510185241699219e-06, 1.1016768217086792, 1.043081283569336e-07, 2.9802322387695312e-08, 0.7726442813873291, -0.14074458181858063, -0.019361987709999084, 0.25302743911743164, 5.960464477539062e-07, -6.407499313354492e-07, 0.5432051420211792, -3.3974647521972656e-06, 4.038214683532715e-06, 1.1030577421188354, 1.1574476957321167e-05, -7.536262273788452e-06, 0.824051022529602, -0.009052827954292297, 0.023875504732131958, 0.3158419132232666, 4.470348358154297e-08, 2.5331974029541016e-07, 0.31536078453063965, -0.0012293681502342224, -0.2804085612297058, 1.004749059677124, 0.0012296028435230255, 0.2804056406021118, 0.1780429482460022, -0.06482715904712677, 3.765199661254883, 1.076695442199707, -0.08712341636419296, -0.3571864068508148, 0.5555343627929688, 5.81890344619751e-06, -2.909451723098755e-06, 1.7364652156829834, -3.5762786865234375e-06, -2.8759241104125977e-06, 1.6212767362594604, -2.9802322387695312e-06, -1.1451542377471924e-05, 0.6033935546875, 0.04908865690231323, -0.49832960963249207, -0.4918175935745239, -3.7550926208496094e-06, 5.438923835754395e-07, 1.7200778722763062, -3.606081008911133e-06, -2.9802322387695312e-06, 1.6338958740234375, -2.738088369369507e-07, 7.763504981994629e-06, 0.606109619140625, 0.038037292659282684, 0.4860991835594177, -0.06373606622219086, 4.648230969905853e-06, -8.597562555223703e-07, 0.49172964692115784, 4.470348358154297e-08, -3.986060619354248e-07, 0.49173298478126526, 0.14979767799377441, -0.0045153796672821045, 0.26721417903900146, 1.4901161193847656e-08, -2.130866050720215e-06, 0.6228756308555603, 7.718801498413086e-06, -7.703900337219238e-06, 1.1016769409179688, 1.9371509552001953e-07, 2.2351741790771484e-08, 0.7726439833641052, -0.140744149684906, -0.019361678510904312, 0.2530273199081421, 5.960464477539062e-07, -9.723007678985596e-07, 0.5432053804397583, -3.904104232788086e-06, 3.844499588012695e-06, 1.1030577421188354, 1.1116266250610352e-05, -7.539987564086914e-06, 0.8240506649017334, -0.009052619338035583, 0.023875445127487183, 0.3158420920372009, 2.2351741790771484e-07, -2.60770320892334e-07, 0.31536054611206055, -0.0012294575572013855, -0.2804090082645416, 1.0047495365142822, 0.0012295050546526909, 0.28040438890457153, 0.1780434250831604, -0.05671058967709541, 3.823868751525879, 1.080325961112976, -0.08712351322174072, -0.35718607902526855, 0.5555343627929688, 5.7462602853775024e-06, -2.853572368621826e-06, 1.7364654541015625, -3.762543201446533e-06, -2.8656795620918274e-06, 1.6212769746780396, -2.7422793209552765e-06, -1.1444091796875e-05, 0.6033935546875, 0.04908876121044159, -0.49832913279533386, -0.49181753396987915, -3.6954879760742188e-06, 4.172325134277344e-07, 1.7200779914855957, -3.635883331298828e-06, -2.8014183044433594e-06, 1.633895993232727, 1.5273690223693848e-07, 7.68899917602539e-06, 0.6061097383499146, 0.038037240505218506, 0.486099511384964, -0.06373600661754608, 4.657544195652008e-06, -7.550061127403751e-07, 0.49172988533973694, 3.725290298461914e-09, -7.939524948596954e-08, 0.4917333424091339, 0.14979761838912964, -0.004515688866376877, 0.2672138810157776, 2.682209014892578e-07, -1.5944242477416992e-06, 0.6228755116462708, 7.696449756622314e-06, -7.636845111846924e-06, 1.1016771793365479, -5.960464477539063e-08, 7.450580596923828e-08, 0.7726439237594604, -0.14074423909187317, -0.019361689686775208, 0.25302654504776, 3.427267074584961e-07, -3.129243850708008e-07, 0.5432051420211792, -3.6656856536865234e-06, 3.553926944732666e-06, 1.1030579805374146, 1.1146068572998047e-05, -7.718801498413086e-06, 0.8240508437156677, -0.009052664041519165, 0.02387516386806965, 0.31584158539772034, 2.3096799850463867e-07, 1.862645149230957e-08, 0.31536027789115906, -0.0012294948101043701, -0.28040897846221924, 1.0047494173049927, 0.0012295469641685486, 0.2804048955440521, 0.17804370820522308, -0.04971131309866905, 3.8744618892669678, 1.0834567546844482, -0.08712348341941833, -0.35718634724617004, 0.5555343627929688, 5.6587159633636475e-06, -2.9746443033218384e-06, 1.7364654541015625, -3.98978590965271e-06, -2.86102294921875e-06, 1.6212769746780396, -2.8079375624656677e-06, -1.1496245861053467e-05, 0.6033935546875, 0.04908865690231323, -0.4983294904232025, -0.491817444562912, -3.814697265625e-06, 2.980232238769531e-07, 1.720077395439148, -3.859400749206543e-06, -2.7418136596679688e-06, 1.6338958740234375, 3.241002559661865e-07, 7.495284080505371e-06, 0.6061097383499146, 0.03803708031773567, 0.48609909415245056, -0.0637359470129013, 4.634261131286621e-06, -1.044943928718567e-06, 0.491729736328125, 5.587935447692871e-09, -1.0104849934577942e-07, 0.4917336404323578, 0.1497974991798401, -0.0045155310072004795, 0.2672140300273895, 1.4901161193847656e-07, -2.2239983081817627e-06, 0.6228753328323364, 7.741153240203857e-06, -7.569789886474609e-06, 1.1016771793365479, -4.470348358154297e-08, 8.940696716308594e-08, 0.7726437449455261, -0.1407443881034851, -0.019361848011612892, 0.25302746891975403, 3.5762786865234375e-07, -7.078051567077637e-08, 0.5432049036026001, -3.7439167499542236e-06, 3.7960708141326904e-06, 1.1030577421188354, 1.1444091796875e-05, -7.718801498413086e-06, 0.8240508437156677, -0.00905271340161562, 0.02387538179755211, 0.31584152579307556, 1.5273690223693848e-07, -3.323657438158989e-08, 0.31536075472831726, -0.0012294403277337551, -0.28040948510169983, 1.0047496557235718, 0.0012294766493141651, 0.2804044783115387, 0.17804349958896637, -0.04699116200208664, 3.8941237926483154, 1.0846734046936035, -0.08712345361709595, -0.35718655586242676, 0.5555344223976135, 5.702488124370575e-06, -2.51084566116333e-06, 1.7364659309387207, -3.7383288145065308e-06, -2.9653310775756836e-06, 1.62127685546875, -2.8690265025943518e-06, -1.1434778571128845e-05, 0.6033935546875, 0.04908858239650726, -0.49833008646965027, -0.49181750416755676, -3.7550926208496094e-06, 3.5762786865234375e-07, 1.7200778722763062, -3.844499588012695e-06, -2.8908252716064453e-06, 1.633895754814148, 2.775341272354126e-07, 7.592141628265381e-06, 0.606109619140625, 0.038037318736314774, 0.4860987663269043, -0.06373593956232071, 4.723668098449707e-06, -1.1846423149108887e-06, 0.4917300045490265, 0.0, -7.450580596923828e-08, 0.4917328357696533, 0.1497974693775177, -0.0045153796672821045, 0.2672136425971985, 5.21540641784668e-07, -2.3618340492248535e-06, 0.6228750944137573, 7.450580596923828e-06, -7.845461368560791e-06, 1.1016768217086792, 2.905726432800293e-07, -4.0978193283081055e-07, 0.7726439833641052, -0.1407444328069687, -0.019361719489097595, 0.2530270218849182, 3.725290298461914e-07, -2.384185791015625e-07, 0.5432050228118896, -3.844499588012695e-06, 3.822147846221924e-06, 1.1030577421188354, 1.1469237506389618e-05, -7.469207048416138e-06, 0.8240512609481812, -0.009052783250808716, 0.023875422775745392, 0.3158417046070099, 2.384185791015625e-07, 0.0, 0.3153606653213501, -0.0012294035404920578, -0.28040868043899536, 1.0047492980957031, 0.0012294985353946686, 0.2804053723812103, 0.17804346978664398, -0.051930349320173264, 3.858421802520752, 1.0824642181396484, -0.08712354302406311, -0.3571862280368805, 0.5555342435836792, 5.7015568017959595e-06, -2.8759241104125977e-06, 1.736465334892273, -4.072440788149834e-06, -2.905726432800293e-06, 1.621277093887329, -2.978835254907608e-06, -1.1466443538665771e-05, 0.6033935546875, 0.04908858984708786, -0.4983295202255249, -0.49181750416755676, -3.7550926208496094e-06, 4.76837158203125e-07, 1.720077633857727, -3.725290298461914e-06, -2.7567148208618164e-06, 1.6338953971862793, 2.1420419216156006e-07, 7.636845111846924e-06, 0.606109619140625, 0.03803713992238045, 0.4860984981060028, -0.0637359768152237, 4.682689905166626e-06, -1.0281801223754883e-06, 0.4917297959327698, -1.4901161193847656e-08, -6.258487701416016e-07, 0.4917340874671936, 0.1497974693775177, -0.004515409469604492, 0.2672135829925537, 4.6938657760620117e-07, -2.3227185010910034e-06, 0.6228753924369812, 7.405877113342285e-06, -7.592141628265381e-06, 1.1016768217086792, 8.009374141693115e-08, -3.203749656677246e-07, 0.7726442217826843, -0.14074431359767914, -0.019361674785614014, 0.25302648544311523, 3.650784492492676e-07, -3.427267074584961e-07, 0.543205201625824, -3.6954879760742188e-06, 4.045665264129639e-06, 1.103058099746704, 1.1473894119262695e-05, -7.539987564086914e-06, 0.8240509033203125, -0.009052678942680359, 0.023875445127487183, 0.3158416152000427, 7.450580596923828e-08, -6.258487701416016e-07, 0.3153607249259949, -0.0012291334569454193, -0.28040939569473267, 1.0047496557235718, 0.0012296736240386963, 0.28040456771850586, 0.17804370820522308, -0.05969150736927986, 3.8023219108581543, 1.0789926052093506, -0.08712355047464371, -0.35718628764152527, 0.5555343627929688, 5.617737770080566e-06, -2.7865171432495117e-06, 1.7364654541015625, -3.7010759115219116e-06, -2.7995556592941284e-06, 1.6212767362594604, -2.857297658920288e-06, -1.146271824836731e-05, 0.6033935546875, 0.04908859729766846, -0.4983294904232025, -0.4918174743652344, -3.814697265625e-06, 3.5762786865234375e-07, 1.720077633857727, -3.874301910400391e-06, -2.7418136596679688e-06, 1.6338961124420166, 2.5704503059387207e-07, 7.592141628265381e-06, 0.6061096787452698, 0.038037147372961044, 0.4860987663269043, -0.06373588740825653, 4.7013163566589355e-06, -9.08970832824707e-07, 0.4917297661304474, 4.470348358154297e-08, -5.960464477539062e-07, 0.4917335510253906, 0.1497974544763565, -0.004515409469604492, 0.2672138214111328, 1.862645149230957e-08, -1.6596168279647827e-06, 0.6228750348091125, 7.793307304382324e-06, -7.9423189163208e-06, 1.1016767024993896, -5.066394805908203e-07, -1.7881393432617188e-07, 0.7726441025733948, -0.1407444179058075, -0.01936173439025879, 0.2530273497104645, 2.086162567138672e-07, -1.0579824447631836e-06, 0.5432054996490479, -3.546476364135742e-06, 3.814697265625e-06, 1.103057622909546, 1.1742115020751953e-05, -7.808208465576172e-06, 0.8240509033203125, -0.009052813053131104, 0.023875564336776733, 0.31584176421165466, 1.9371509552001953e-07, 8.940696716308594e-08, 0.3153610825538635, -0.001229599118232727, -0.2804085612297058, 1.0047491788864136, 0.0012295246124267578, 0.2804054021835327, 0.1780431568622589, -0.06969624757766724, 3.73000431060791, 1.0745176076889038, -0.0871235728263855, -0.35718613862991333, 0.555534303188324, 5.498528480529785e-06, -2.8461217880249023e-06, 1.736465334892273, -3.7997961044311523e-06, -2.853572368621826e-06, 1.6212769746780396, -2.896413207054138e-06, -1.1414289474487305e-05, 0.6033935546875, 0.049088556319475174, -0.4983298182487488, -0.49181753396987915, -3.7550926208496094e-06, 4.76837158203125e-07, 1.720077633857727, -3.4123659133911133e-06, -2.9653310775756836e-06, 1.6338958740234375, -2.0954757928848267e-08, 7.748603820800781e-06, 0.6061097383499146, 0.03803708776831627, 0.4860987365245819, -0.06373606622219086, 4.604458808898926e-06, -1.0132789611816406e-06, 0.4917297959327698, -1.341104507446289e-07, 0.0, 0.4917325973510742, 0.14979732036590576, -0.0045153796672821045, 0.2672129273414612, 1.685693860054016e-07, -2.5331974029541016e-06, 0.6228752136230469, 7.666647434234619e-06, -7.420778274536133e-06, 1.1016770601272583, -8.940696716308594e-08, 3.2782554626464844e-07, 0.7726441025733948, -0.14074444770812988, -0.01936173439025879, 0.25302642583847046, 3.2782554626464844e-07, -7.450580596923828e-07, 0.5432051420211792, -3.725290298461914e-06, 3.725290298461914e-06, 1.1030583381652832, 1.1324882507324219e-05, -7.808208465576172e-06, 0.824051022529602, -0.009052842855453491, 0.02387523651123047, 0.3158414959907532, 2.7939677238464355e-07, 5.960464477539063e-08, 0.31536099314689636, -0.0012295842170715332, -0.2804087996482849, 1.0047495365142822, 0.001229405403137207, 0.28040531277656555, 0.1780436933040619, -0.07147180289030075, 3.717170000076294, 1.0737234354019165, -0.08712353557348251, -0.3571862578392029, 0.5555342435836792, 5.826354026794434e-06, -2.8461217880249023e-06, 1.7364650964736938, -3.9851292967796326e-06, -2.9280781745910645e-06, 1.62127685546875, -2.9765069484710693e-06, -1.146271824836731e-05, 0.6033935546875, 0.049088649451732635, -0.4983297884464264, -0.49181756377220154, -3.844499588012695e-06, 5.364418029785156e-07, 1.7200777530670166, -3.7997961044311523e-06, -2.8386712074279785e-06, 1.633895754814148, -1.1222437024116516e-07, 7.711350917816162e-06, 0.606109619140625, 0.03803718090057373, 0.48609891533851624, -0.06373606622219086, 4.608184099197388e-06, -8.046627044677734e-07, 0.49172908067703247, 4.470348358154297e-08, -8.940696716308594e-08, 0.49173301458358765, 0.14979754388332367, -0.004515320062637329, 0.2672143578529358, 1.695007085800171e-07, -1.5497207641601562e-06, 0.6228752136230469, 7.517635822296143e-06, -7.793307304382324e-06, 1.1016768217086792, 0.0, -2.5331974029541016e-07, 0.7726438641548157, -0.14074429869651794, -0.019361525774002075, 0.25302717089653015, 3.2782554626464844e-07, -1.3262033462524414e-06, 0.5432050824165344, -3.606081008911133e-06, 3.814697265625e-06, 1.103058099746704, 1.1682510375976562e-05, -7.3909759521484375e-06, 0.824050784111023, -0.00905272364616394, 0.023875534534454346, 0.3158422112464905, 1.862645149230957e-07, -1.4901161193847656e-07, 0.3153611421585083, -0.0012297779321670532, -0.2804080843925476, 1.0047491788864136, 0.0012293308973312378, 0.2804054319858551, 0.17804333567619324, -0.06918231397867203, 3.7337193489074707, 1.0747474431991577, -0.08712346851825714, -0.3571857810020447, 0.5555343627929688, 5.684792995452881e-06, -2.950429916381836e-06, 1.736465334892273, -3.883615136146545e-06, -2.9169023036956787e-06, 1.6212769746780396, -2.771615982055664e-06, -1.1432915925979614e-05, 0.6033935546875, 0.04908861219882965, -0.49832916259765625, -0.4918174743652344, -3.7550926208496094e-06, 4.172325134277344e-07, 1.7200775146484375, -3.6656856536865234e-06, -2.995133399963379e-06, 1.6338958740234375, -5.587935447692871e-08, 7.666647434234619e-06, 0.6061097383499146, 0.03803715854883194, 0.4860993027687073, -0.06373590230941772, 4.678964614868164e-06, -7.37607479095459e-07, 0.4917296767234802, -1.4901161193847656e-08, -6.258487701416016e-07, 0.4917343854904175, 0.1497974395751953, -0.004515126347541809, 0.2672141194343567, 3.8929283618927e-07, -2.412823960185051e-06, 0.622874915599823, 7.679685950279236e-06, -7.827766239643097e-06, 1.1016764640808105, -1.5273690223693848e-07, 1.043081283569336e-07, 0.7726439833641052, -0.14074450731277466, -0.019361525774002075, 0.2530272603034973, 3.5762786865234375e-07, -5.960464477539062e-07, 0.5432054996490479, -3.859400749206543e-06, 3.725290298461914e-06, 1.1030582189559937, 1.1444091796875e-05, -6.9141387939453125e-06, 0.8240509033203125, -0.009052827954292297, 0.023875698447227478, 0.31584203243255615, 1.043081283569336e-07, 1.9371509552001953e-07, 0.315360963344574, -0.0012295469641685486, -0.2804092764854431, 1.004748821258545, 0.0012295916676521301, 0.2804045081138611, 0.17804335057735443, -0.07027767598628998, 3.725801706314087, 1.074257493019104, -0.08712348341941833, -0.35718610882759094, 0.5555343627929688, 5.634501576423645e-06, -3.0472874641418457e-06, 1.736465334892273, -3.884546458721161e-06, -2.86102294921875e-06, 1.6212769746780396, -2.816319465637207e-06, -1.1399388313293457e-05, 0.6033935546875, 0.049088701605796814, -0.4983297288417816, -0.49181750416755676, -3.635883331298828e-06, 5.364418029785156e-07, 1.7200775146484375, -3.7401914596557617e-06, -2.637505531311035e-06, 1.6338958740234375, 1.19674950838089e-07, 7.398426532745361e-06, 0.6061097383499146, 0.03803728520870209, 0.48609957098960876, -0.06373591721057892, 4.604458808898926e-06, -7.338821887969971e-07, 0.49172958731651306, -5.960464477539063e-08, -5.513429641723633e-07, 0.4917335510253906, 0.1497974395751953, -0.0045155687257647514, 0.2672137916088104, 3.2782554626464844e-07, -1.1045485734939575e-06, 0.6228750944137573, 7.554888725280762e-06, -7.793307304382324e-06, 1.1016772985458374, -2.561137080192566e-08, 3.4831464290618896e-07, 0.7726439237594604, -0.14074447751045227, -0.019362017512321472, 0.2530275285243988, 4.842877388000488e-07, -6.332993507385254e-07, 0.5432053804397583, -3.933906555175781e-06, 4.246830940246582e-06, 1.1030582189559937, 1.1568539775907993e-05, -7.23707489669323e-06, 0.8240509629249573, -0.00905279815196991, 0.023875396698713303, 0.3158416152000427, 1.6391277313232422e-07, -3.725290298461914e-08, 0.3153614401817322, -0.0012294240295886993, -0.28040874004364014, 1.0047491788864136, 0.0012295767664909363, 0.28040561079978943, 0.1780431568622589, -0.07642952352762222, 3.6813342571258545, 1.0715057849884033, -0.08712355047464371, -0.35718637704849243, 0.5555344820022583, 5.746609531342983e-06, -2.8619542717933655e-06, 1.7364658117294312, -3.888271749019623e-06, -2.8330832719802856e-06, 1.6212769746780396, -2.868473529815674e-06, -1.1377036571502686e-05, 0.6033935546875, 0.04908853769302368, -0.4983295202255249, -0.4918174147605896, -3.6954879760742188e-06, 5.960464477539062e-07, 1.7200775146484375, -3.874301910400391e-06, -2.7120113372802734e-06, 1.6338956356048584, 7.543712854385376e-08, 7.621943950653076e-06, 0.6061097979545593, 0.03803717717528343, 0.486099511384964, -0.06373584270477295, 4.67151403427124e-06, -8.87550413608551e-07, 0.4917301833629608, 1.5506520867347717e-07, -6.267218850553036e-07, 0.49173298478126526, 0.14979760348796844, -0.00451549980789423, 0.2672140300273895, 2.980232238769531e-07, -1.519918441772461e-06, 0.6228753924369812, 7.800757884979248e-06, -7.927417755126953e-06, 1.1016771793365479, 5.960464477539063e-08, -2.9802322387695312e-08, 0.7726441025733948, -0.14074426889419556, -0.019361866638064384, 0.25302696228027344, 7.301568984985352e-07, -4.3213367462158203e-07, 0.5432051420211792, -3.6209821701049805e-06, 3.546476364135742e-06, 1.103057861328125, 1.1473894119262695e-05, -7.62939453125e-06, 0.824050784111023, -0.009052621200680733, 0.023875396698713303, 0.31584158539772034, 2.644956111907959e-07, 2.477318048477173e-07, 0.3153610825538635, -0.0012294929474592209, -0.2804088294506073, 1.0047495365142822, 0.0012295041233301163, 0.28040528297424316, 0.1780434399843216, -0.08424784988164902, 3.6248209476470947, 1.0680087804794312, -0.0871235579252243, -0.3571864664554596, 0.555534303188324, 5.817040801048279e-06, -3.0249357223510742e-06, 1.736465334892273, -3.822147846221924e-06, -2.868473529815674e-06, 1.6212769746780396, -2.8549693524837494e-06, -1.1444091796875e-05, 0.6033935546875, 0.049088507890701294, -0.4983300566673279, -0.4918174147605896, -3.635883331298828e-06, 6.258487701416016e-07, 1.720077633857727, -3.814697265625e-06, -2.771615982055664e-06, 1.6338958740234375, -5.122274160385132e-08, 7.703900337219238e-06, 0.6061094403266907, 0.03803715854883194, 0.4860987365245819, -0.06373591721057892, 4.649162292480469e-06, -1.289299689233303e-06, 0.49173039197921753, 1.6391277313232422e-07, -3.5297125577926636e-07, 0.4917334020137787, 0.1497976928949356, -0.004515551030635834, 0.26721328496932983, 2.682209014892578e-07, -2.5331974029541016e-06, 0.6228752136230469, 7.670372724533081e-06, -7.659196853637695e-06, 1.1016770601272583, 5.960464477539063e-08, 4.023313522338867e-07, 0.7726436257362366, -0.14074420928955078, -0.01936187595129013, 0.2530262768268585, 4.023313522338867e-07, -5.513429641723633e-07, 0.5432053804397583, -3.933906555175781e-06, 3.978610038757324e-06, 1.103057861328125, 1.1895783245563507e-05, -7.860362529754639e-06, 0.824051022529602, -0.009052649140357971, 0.023875243961811066, 0.31584107875823975, 2.1606683731079102e-07, -1.8347054719924927e-07, 0.31536105275154114, -0.0012294994667172432, -0.2804093658924103, 1.0047497749328613, 0.0012295020278543234, 0.28040438890457153, 0.17804397642612457, -0.08567957580089569, 3.614471912384033, 1.0673682689666748, -0.08712345361709595, -0.35718631744384766, 0.5555344820022583, 5.513429641723633e-06, -2.7045607566833496e-06, 1.7364656925201416, -3.6209821701049805e-06, -2.814456820487976e-06, 1.6212769746780396, -3.2102689146995544e-06, -1.1421740055084229e-05, 0.6033936142921448, 0.04908859729766846, -0.49832960963249207, -0.4918174743652344, -3.6954879760742188e-06, 4.544854164123535e-07, 1.7200770378112793, -3.993511199951172e-06, -2.9802322387695312e-06, 1.6338958740234375, -1.862645149230957e-09, 7.592141628265381e-06, 0.6061094403266907, 0.038037288933992386, 0.48609909415245056, -0.06373585760593414, 4.624947905540466e-06, -1.0116491466760635e-06, 0.49172982573509216, -8.940696716308594e-08, -7.841736078262329e-07, 0.491733193397522, 0.14979755878448486, -0.004515327513217926, 0.26721346378326416, 1.7881393432617188e-07, -2.0265579223632812e-06, 0.6228749752044678, 7.569789886474609e-06, -7.674098014831543e-06, 1.1016764640808105, 1.9371509552001953e-07, 3.0547380447387695e-07, 0.7726438641548157, -0.14074444770812988, -0.019361726939678192, 0.2530272305011749, -5.21540641784668e-08, -1.0058283805847168e-07, 0.5432051420211792, -4.649162292480469e-06, 3.635883331298828e-06, 1.103057861328125, 1.1338386684656143e-05, -7.67689198255539e-06, 0.8240508437156677, -0.009052664041519165, 0.023875631392002106, 0.31584107875823975, 1.1175870895385742e-07, -1.30385160446167e-07, 0.31536200642585754, -0.0012294687330722809, -0.28040850162506104, 1.0047492980957031, 0.0012295185588300228, 0.28040531277656555, 0.17804305255413055, -0.0826164186000824, 3.636613368988037, 1.0687384605407715, -0.08712344616651535, -0.35718661546707153, 0.5555344820022583, 5.863606929779053e-06, -3.2400712370872498e-06, 1.7364656925201416, -3.844499588012695e-06, -2.8386712074279785e-06, 1.6212767362594604, -3.037741407752037e-06, -1.1523254215717316e-05, 0.6033935546875, 0.04908866435289383, -0.49832963943481445, -0.4918174147605896, -4.112720489501953e-06, 3.129243850708008e-07, 1.7200772762298584, -3.874301910400391e-06, -2.8014183044433594e-06, 1.633895993232727, -3.757886588573456e-07, 7.666647434234619e-06, 0.606109619140625, 0.03803720697760582, 0.48609885573387146, -0.06373582780361176, 4.6156346797943115e-06, -9.83942300081253e-07, 0.4917297959327698, 1.1920928955078125e-07, -3.371387720108032e-07, 0.49173328280448914, 0.1497974693775177, -0.004515238106250763, 0.2672136425971985, -4.470348358154297e-08, -1.7285346984863281e-06, 0.6228755712509155, 7.68899917602539e-06, -7.539987564086914e-06, 1.1016767024993896, 3.129243850708008e-07, 2.0116567611694336e-07, 0.7726439237594604, -0.14074444770812988, -0.01936143822968006, 0.2530268430709839, 3.3527612686157227e-07, -1.4528632164001465e-07, 0.543205201625824, -3.3676624298095703e-06, 3.814697265625e-06, 1.103057861328125, 1.13598071038723e-05, -7.385388016700745e-06, 0.8240506649017334, -0.009052857756614685, 0.02387578785419464, 0.3158414661884308, 7.450580596923828e-08, 2.60770320892334e-08, 0.31536149978637695, -0.001229565590620041, -0.280408650636673, 1.004749059677124, 0.0012294165790081024, 0.280405730009079, 0.17804299294948578, -0.07466240972280502, 3.6941075325012207, 1.0722962617874146, -0.08712358772754669, -0.3571866452693939, 0.555534303188324, 5.760230123996735e-06, -2.6635825634002686e-06, 1.7364656925201416, -3.769993782043457e-06, -2.78279185295105e-06, 1.6212769746780396, -2.84658744931221e-06, -1.1511147022247314e-05, 0.6033936142921448, 0.04908868670463562, -0.49832966923713684, -0.4918174743652344, -3.933906555175781e-06, 6.258487701416016e-07, 1.720077633857727, -3.725290298461914e-06, -3.039836883544922e-06, 1.633895754814148, 3.725290298461914e-08, 7.659196853637695e-06, 0.6061094999313354, 0.03803706169128418, 0.48609891533851624, -0.06373599171638489, 4.638452082872391e-06, -9.5803989097476e-07, 0.4917299747467041, -1.2852251529693604e-07, -2.8801150619983673e-07, 0.4917338490486145, 0.1497974544763565, -0.004515897482633591, 0.26721352338790894, 1.7881393432617188e-07, -2.0712614059448242e-06, 0.6228750944137573, 7.525086402893066e-06, -7.68899917602539e-06, 1.1016762256622314, 4.470348358154297e-08, -1.6391277313232422e-07, 0.7726442217826843, -0.1407444179058075, -0.019362062215805054, 0.25302669405937195, 7.450580596923828e-07, -6.780028343200684e-07, 0.5432051420211792, -3.7401914596557617e-06, 4.5299530029296875e-06, 1.103057861328125, 1.1786818504333496e-05, -7.614493370056152e-06, 0.824051022529602, -0.009052708745002747, 0.023875247687101364, 0.31584110856056213, 1.5273690223693848e-07, 3.259629011154175e-08, 0.3153608739376068, -0.001229496207088232, -0.2804088294506073, 1.0047494173049927, 0.0012295003980398178, 0.2804047167301178, 0.17804381251335144, -0.0628129169344902, 3.779759407043457, 1.0775964260101318, -0.08712340891361237, -0.35718661546707153, 0.5555344820022583, 5.627050995826721e-06, -2.7492642402648926e-06, 1.736465573310852, -3.814697265625e-06, -2.8908252716064453e-06, 1.62127685546875, -2.9187649488449097e-06, -1.1447817087173462e-05, 0.6033935546875, 0.04908877611160278, -0.49832990765571594, -0.4918174743652344, -3.3974647521972656e-06, 4.172325134277344e-07, 1.7200775146484375, -4.112720489501953e-06, -2.8759241104125977e-06, 1.6338958740234375, 1.825392246246338e-07, 7.644295692443848e-06, 0.6061096787452698, 0.03803732991218567, 0.48609843850135803, -0.06373579055070877, 4.604458808898926e-06, -9.499490261077881e-07, 0.4917296767234802, 4.470348358154297e-08, -7.543712854385376e-07, 0.49173352122306824, 0.14979740977287292, -0.004515272565186024, 0.26721423864364624, 4.172325134277344e-07, -2.3692846298217773e-06, 0.6228747963905334, 7.815659046173096e-06, -7.510185241699219e-06, 1.1016772985458374, 8.940696716308594e-08, -2.980232238769531e-07, 0.7726444005966187, -0.14074447751045227, -0.01936158537864685, 0.25302693247795105, 2.2351741790771484e-07, -5.606561899185181e-07, 0.5432052612304688, -3.4868717193603516e-06, 4.343688488006592e-06, 1.103058099746704, 1.1116266250610352e-05, -7.018446922302246e-06, 0.8240509629249573, -0.009052831679582596, 0.023875659331679344, 0.3158414661884308, 1.7881393432617188e-07, -1.0058283805847168e-07, 0.3153611719608307, -0.0012294352054595947, -0.2804088592529297, 1.0047489404678345, 0.0012295469641685486, 0.28040486574172974, 0.17804330587387085, -0.06258639693260193, 3.7813966274261475, 1.07769775390625, -0.08712348341941833, -0.357186496257782, 0.5555343627929688, 5.708308890461922e-06, -2.734363079071045e-06, 1.736465334892273, -3.87243926525116e-06, -2.9802322387695312e-06, 1.62127685546875, -2.7529895305633545e-06, -1.1458992958068848e-05, 0.6033934354782104, 0.04908868670463562, -0.498329758644104, -0.491817444562912, -3.814697265625e-06, 3.5762786865234375e-07, 1.7200775146484375, -3.859400749206543e-06, -2.7418136596679688e-06, 1.6338958740234375, -2.2351741790771484e-08, 7.487833499908447e-06, 0.6061097383499146, 0.03803723677992821, 0.4860990643501282, -0.0637359693646431, 4.5746564865112305e-06, -9.015202522277832e-07, 0.4917295575141907, -4.470348358154297e-08, -2.7567148208618164e-07, 0.49173247814178467, 0.14979754388332367, -0.004515478387475014, 0.26721441745758057, 2.2351741790771484e-07, -2.0097941160202026e-06, 0.6228750944137573, 7.577240467071533e-06, -7.934868335723877e-06, 1.1016768217086792, -1.0058283805847168e-07, 8.195638656616211e-08, 0.7726445198059082, -0.14074434340000153, -0.019361719489097595, 0.25302770733833313, 5.364418029785156e-07, -4.842877388000488e-07, 0.5432053208351135, -3.814697265625e-06, 3.248453140258789e-06, 1.103057622909546, 1.1555850505828857e-05, -8.344650268554688e-06, 0.8240509033203125, -0.009052619338035583, 0.023875541985034943, 0.3158418536186218, 1.6391277313232422e-07, 3.725290298461914e-08, 0.3153616786003113, -0.0012296736240386963, -0.2804092466831207, 1.004749059677124, 0.0012293905019760132, 0.280404657125473, 0.17804373800754547, -0.06760245561599731, 3.7451388835906982, 1.0754541158676147, -0.08712339401245117, -0.3571867346763611, 0.5555344223976135, 5.640089511871338e-06, -2.8014183044433594e-06, 1.7364654541015625, -3.777444362640381e-06, -2.8908252716064453e-06, 1.6212769746780396, -2.9690563678741455e-06, -1.1466443538665771e-05, 0.6033935546875, 0.04908865690231323, -0.49832984805107117, -0.49181750416755676, -3.6954879760742188e-06, 5.364418029785156e-07, 1.720077395439148, -3.8370490074157715e-06, -3.069639205932617e-06, 1.6338958740234375, 1.6065314412117004e-07, 7.621943950653076e-06, 0.6061094999313354, 0.03803723677992821, 0.4860985577106476, -0.06373593211174011, 4.567205905914307e-06, -7.599592208862305e-07, 0.4917299449443817, -2.9802322387695312e-08, -4.3213367462158203e-07, 0.49173349142074585, 0.14979754388332367, -0.004515364766120911, 0.2672136723995209, 3.46451997756958e-07, -1.5478581190109253e-06, 0.6228751540184021, 7.554888725280762e-06, -7.5213611125946045e-06, 1.1016767024993896, 1.2665987014770508e-07, -1.0803341865539551e-07, 0.7726444602012634, -0.14074426889419556, -0.01936158537864685, 0.25302696228027344, 5.364418029785156e-07, -4.0978193283081055e-07, 0.5432052612304688, -3.7848949432373047e-06, 3.7550926208496094e-06, 1.103057861328125, 1.150369644165039e-05, -8.285045623779297e-06, 0.8240503072738647, -0.00905267708003521, 0.02387554943561554, 0.3158416152000427, 1.043081283569336e-07, 1.1920928955078125e-07, 0.31536078453063965, -0.0012293756008148193, -0.2804087996482849, 1.0047489404678345, 0.0012296438217163086, 0.2804047763347626, 0.17804309725761414, -0.07722707092761993, 3.6755692958831787, 1.0711491107940674, -0.0871235728263855, -0.3571861684322357, 0.555534303188324, 5.796551704406738e-06, -2.8908252716064453e-06, 1.736465573310852, -3.933906555175781e-06, -2.8721988201141357e-06, 1.62127685546875, -2.8829090297222137e-06, -1.1496245861053467e-05, 0.6033936142921448, 0.04908852279186249, -0.49832960963249207, -0.4918174147605896, -3.648921847343445e-06, 7.003545761108398e-07, 1.7200775146484375, -3.691762685775757e-06, -2.8908252716064453e-06, 1.6338958740234375, 5.8673322200775146e-08, 7.68899917602539e-06, 0.6061095595359802, 0.03803708404302597, 0.48609957098960876, -0.06373608112335205, 4.608184099197388e-06, -8.195638656616211e-07, 0.4917294979095459, -7.450580596923828e-09, -3.5762786865234375e-07, 0.491733193397522, 0.14979766309261322, -0.004515498876571655, 0.2672138512134552, 2.60770320892334e-07, -1.9781291484832764e-06, 0.6228752732276917, 7.659196853637695e-06, -7.241964340209961e-06, 1.1016769409179688, 3.725290298461914e-08, -3.259629011154175e-07, 0.7726445198059082, -0.14074426889419556, -0.019361674785614014, 0.2530262768268585, 6.556510925292969e-07, -7.748603820800781e-07, 0.5432051420211792, -3.874301910400391e-06, 3.9637088775634766e-06, 1.1030577421188354, 1.1496245861053467e-05, -7.778406143188477e-06, 0.8240511417388916, -0.009052649140357971, 0.02387547492980957, 0.3158411979675293, 1.341104507446289e-07, -4.470348358154297e-07, 0.3153610825538635, -0.0012297332286834717, -0.2804088592529297, 1.0047491788864136, 0.0012293756008148193, 0.28040510416030884, 0.17804332077503204, -0.07944752275943756, 3.6595191955566406, 1.0701558589935303, -0.08712354302406311, -0.35718607902526855, 0.5555344223976135, 5.632638931274414e-06, -2.9355287551879883e-06, 1.7364654541015625, -4.0084123611450195e-06, -2.9206275939941406e-06, 1.621276617050171, -2.7567148208618164e-06, -1.1385418474674225e-05, 0.6033936142921448, 0.04908861219882965, -0.49832943081855774, -0.4918174147605896, -4.0531158447265625e-06, 6.705522537231445e-07, 1.720077395439148, -3.6135315895080566e-06, -2.7418136596679688e-06, 1.6338962316513062, -2.169981598854065e-07, 7.651746273040771e-06, 0.606109619140625, 0.03803713619709015, 0.4860991835594177, -0.06373593956232071, 4.731118679046631e-06, -8.940696716308594e-07, 0.49172961711883545, 7.869675755500793e-08, -3.8743019104003906e-07, 0.4917336702346802, 0.14979757368564606, -0.0045155808329582214, 0.26721397042274475, 2.2351741790771484e-07, -2.4884939193725586e-06, 0.6228753328323364, 7.405877113342285e-06, -7.766298949718475e-06, 1.1016770601272583, 7.450580596923828e-08, -1.862645149230957e-08, 0.7726441025733948, -0.14074432849884033, -0.019361943006515503, 0.2530275583267212, 7.152557373046875e-07, -6.556510925292969e-07, 0.5432056188583374, -3.837747499346733e-06, 3.6209821701049805e-06, 1.103057622909546, 1.1354684829711914e-05, -7.3015689849853516e-06, 0.8240509033203125, -0.009052637964487076, 0.023875504732131958, 0.3158418536186218, 1.4901161193847656e-08, -5.960464477539063e-08, 0.3153606057167053, -0.0012295842170715332, -0.2804083824157715, 1.0047496557235718, 0.0012294650077819824, 0.28040531277656555, 0.1780436635017395, -0.08291850984096527, 3.634429693222046, 1.068603277206421, -0.08712351322174072, -0.35718685388565063, 0.5555345416069031, 5.552545189857483e-06, -2.8721988201141357e-06, 1.7364656925201416, -3.725290298461914e-06, -2.905726432800293e-06, 1.6212769746780396, -2.820044755935669e-06, -1.1414289474487305e-05, 0.6033935546875, 0.04908861219882965, -0.4983302652835846, -0.4918171763420105, -3.889203071594238e-06, 5.662441253662109e-07, 1.7200775146484375, -3.844499588012695e-06, -2.7418136596679688e-06, 1.6338962316513062, 7.031485438346863e-08, 7.420778274536133e-06, 0.606109619140625, 0.038037195801734924, 0.4860980212688446, -0.0637357085943222, 4.652887582778931e-06, -9.015202522277832e-07, 0.491729736328125, 8.940696716308594e-08, -5.364418029785156e-07, 0.4917336702346802, 0.14979736506938934, -0.004515737295150757, 0.2672134339809418, 2.086162567138672e-07, -1.6614794731140137e-06, 0.6228755712509155, 7.957220077514648e-06, -7.4729323387146e-06, 1.1016767024993896, -7.450580596923828e-08, 1.73225998878479e-07, 0.7726441025733948, -0.14074450731277466, -0.019361868500709534, 0.2530263364315033, 5.066394805908203e-07, -2.384185791015625e-07, 0.5432054996490479, -3.4570693969726562e-06, 3.6135315895080566e-06, 1.103057861328125, 1.1485069990158081e-05, -7.62939453125e-06, 0.8240511417388916, -0.00905279815196991, 0.023874998092651367, 0.3158414959907532, 1.8067657947540283e-07, -6.109476089477539e-07, 0.31536149978637695, -0.0012295842170715332, -0.2804080843925476, 1.0047492980957031, 0.0012295246124267578, 0.28040581941604614, 0.17804348468780518, -0.09421028941869736, 3.552809238433838, 1.0635526180267334, -0.08712349832057953, -0.3571861982345581, 0.5555343627929688, 5.826354026794434e-06, -2.905726432800293e-06, 1.736465573310852, -3.725290298461914e-06, -2.86102294921875e-06, 1.62127685546875, -2.767890691757202e-06, -1.1473894119262695e-05, 0.6033935546875, 0.049088649451732635, -0.4983295798301697, -0.4918174147605896, -3.814697265625e-06, 2.980232238769531e-07, 1.720077633857727, -3.8370490074157715e-06, -2.86102294921875e-06, 1.6338958740234375, -1.8416903913021088e-07, 7.4803829193115234e-06, 0.6061096787452698, 0.03803721070289612, 0.48609939217567444, -0.06373592466115952, 4.67151403427124e-06, -9.5367431640625e-07, 0.4917299747467041, -1.043081283569336e-07, -8.642673492431641e-07, 0.49173370003700256, 0.1497974395751953, -0.004515409469604492, 0.26721370220184326, 1.4901161193847656e-07, -1.8402934074401855e-06, 0.6228753924369812, 7.782131433486938e-06, -7.914379239082336e-06, 1.1016769409179688, -7.450580596923828e-08, -1.1175870895385742e-08, 0.77264404296875, -0.14074429869651794, -0.01936185359954834, 0.2530272305011749, 2.60770320892334e-07, -8.344650268554688e-07, 0.5432051420211792, -2.7455389499664307e-06, 3.7178397178649902e-06, 1.103057861328125, 1.163780689239502e-05, -7.972121238708496e-06, 0.8240509033203125, -0.009052708745002747, 0.023875325918197632, 0.31584179401397705, 8.195638656616211e-08, -3.2782554626464844e-07, 0.31536048650741577, -0.0012293625622987747, -0.2804085612297058, 1.0047492980957031, 0.001229667104780674, 0.2804054915904999, 0.17804361879825592, -0.09636592864990234, 3.5372276306152344, 1.0625883340835571, -0.08712348341941833, -0.3571864366531372, 0.5555344820022583, 5.856156349182129e-06, -2.7418136596679688e-06, 1.7364654541015625, -3.725290298461914e-06, -2.86102294921875e-06, 1.621276617050171, -2.8926879167556763e-06, -1.1466443538665771e-05, 0.6033936142921448, 0.04908863827586174, -0.4983297288417816, -0.4918174147605896, -3.546476364135742e-06, 4.647299647331238e-07, 1.7200775146484375, -3.6507844924926758e-06, -3.0249357223510742e-06, 1.6338958740234375, -2.9942020773887634e-07, 7.845461368560791e-06, 0.6061095595359802, 0.038037240505218506, 0.4860987663269043, -0.06373585015535355, 4.649162292480469e-06, -7.003545761108398e-07, 0.4917300045490265, 7.450580596923828e-08, -5.662441253662109e-07, 0.49173370003700256, 0.14979755878448486, -0.004515469074249268, 0.2672143280506134, 2.086162567138672e-07, -1.9818544387817383e-06, 0.6228753328323364, 7.4319541454315186e-06, -7.543712854385376e-06, 1.1016768217086792, 0.0, 2.60770320892334e-07, 0.77264404296875, -0.1407443881034851, -0.019361555576324463, 0.25302714109420776, 6.109476089477539e-07, -1.2814998626708984e-06, 0.5432051420211792, -3.4677796065807343e-06, 3.7141144275665283e-06, 1.103057861328125, 1.1444091796875e-05, -7.68899917602539e-06, 0.8240504860877991, -0.009052768349647522, 0.02387559413909912, 0.315841943025589, 2.1606683731079102e-07, 2.2351741790771484e-07, 0.31536105275154114, -0.0012294724583625793, -0.2804088592529297, 1.0047494173049927, 0.0012298375368118286, 0.28040459752082825, 0.17804349958896637, -0.09251834452152252, 3.5650391578674316, 1.0643093585968018, -0.08712347596883774, -0.3571859896183014, 0.5555344223976135, 5.766749382019043e-06, -2.7418136596679688e-06, 1.736465573310852, -4.0531158447265625e-06, -2.8759241104125977e-06, 1.621277093887329, -2.8423964977264404e-06, -1.1466443538665771e-05, 0.6033935546875, 0.04908868670463562, -0.4983294904232025, -0.49181732535362244, -3.7848949432373047e-06, 3.5762786865234375e-07, 1.7200775146484375, -3.6284327507019043e-06, -2.8461217880249023e-06, 1.6338961124420166, 1.0244548320770264e-08, 7.584691047668457e-06, 0.6061096787452698, 0.03803720697760582, 0.486099511384964, -0.06373601406812668, 4.738569259643555e-06, -8.046627044677734e-07, 0.4917301535606384, -1.7881393432617188e-07, -3.986060619354248e-07, 0.491733193397522, 0.1497974693775177, -0.004515454173088074, 0.2672136425971985, 5.066394805908203e-07, -1.4454126358032227e-06, 0.6228749752044678, 7.644295692443848e-06, -7.4729323387146e-06, 1.1016768217086792, 1.043081283569336e-07, 5.960464477539063e-08, 0.77264404296875, -0.14074434340000153, -0.019361749291419983, 0.2530270218849182, 4.172325134277344e-07, -2.980232238769531e-07, 0.543205201625824, -4.454515874385834e-06, 3.889203071594238e-06, 1.103057861328125, 1.163780689239502e-05, -7.614493370056152e-06, 0.8240520358085632, -0.009052783250808716, 0.02387547492980957, 0.3158416152000427, 2.0116567611694336e-07, -2.682209014892578e-07, 0.3153612017631531, -0.0012294799089431763, -0.2804085612297058, 1.0047495365142822, 0.0012294948101043701, 0.28040555119514465, 0.17804348468780518, -0.0758325383067131, 3.6856493949890137, 1.071772813796997, -0.0871235579252243, -0.35718637704849243, 0.5555341839790344, 5.9157609939575195e-06, -2.905726432800293e-06, 1.7364650964736938, -3.859400749206543e-06, -2.9355287551879883e-06, 1.6212769746780396, -2.950429916381836e-06, -1.1429190635681152e-05, 0.6033934354782104, 0.04908861219882965, -0.49832966923713684, -0.49181774258613586, -3.978610038757324e-06, 1.4901161193847656e-07, 1.720077633857727, -4.064291715621948e-06, -2.9355287551879883e-06, 1.6338958740234375, 4.190951585769653e-08, 7.696449756622314e-06, 0.6061094403266907, 0.03803718090057373, 0.4860987067222595, -0.06373616307973862, 4.7907233238220215e-06, -9.5367431640625e-07, 0.4917299151420593, 1.4901161193847656e-07, -2.384185791015625e-07, 0.4917340874671936, 0.1497974693775177, -0.004515856504440308, 0.26721447706222534, 2.60770320892334e-07, -2.2202730178833008e-06, 0.6228752732276917, 8.106231689453125e-06, -7.510185241699219e-06, 1.1016771793365479, -5.21540641784668e-08, 2.3469328880310059e-07, 0.7726439237594604, -0.1407444328069687, -0.019362211227416992, 0.2530277371406555, 4.172325134277344e-07, -7.152557373046875e-07, 0.5432049632072449, -3.5240082070231438e-06, 3.6670826375484467e-06, 1.103057861328125, 1.1198222637176514e-05, -7.748603820800781e-06, 0.8240506649017334, -0.009052976965904236, 0.023875266313552856, 0.31584203243255615, 3.5762786865234375e-07, -1.7881393432617188e-07, 0.315360963344574, -0.0012292861938476562, -0.28040939569473267, 1.004749059677124, 0.0012295842170715332, 0.2804047763347626, 0.17804324626922607, -0.06231541559100151, 3.783355474472046, 1.0778189897537231, -0.08712346851825714, -0.3571860194206238, 0.5555344223976135, 5.6549906730651855e-06, -2.7418136596679688e-06, 1.7364656925201416, -3.7401914596557617e-06, -2.8014183044433594e-06, 1.6212767362594604, -2.853572368621826e-06, -1.138448715209961e-05, 0.6033935546875, 0.049088746309280396, -0.49832940101623535, -0.49181753396987915, -3.7550926208496094e-06, 6.556510925292969e-07, 1.720077633857727, -4.045665264129639e-06, -2.8908252716064453e-06, 1.6338961124420166, -9.313225746154785e-09, 7.614493370056152e-06, 0.6061095595359802, 0.0380372554063797, 0.4860990047454834, -0.06373602896928787, 4.395842552185059e-06, -8.344650268554688e-07, 0.49172940850257874, 0.0, -2.980232238769531e-07, 0.4917334020137787, 0.1497974991798401, -0.004515588283538818, 0.2672140300273895, 2.980232238769531e-07, -2.3692846298217773e-06, 0.6228752136230469, 7.340684533119202e-06, -7.793307304382324e-06, 1.1016769409179688, 4.76837158203125e-07, -4.470348358154297e-08, 0.7726441621780396, -0.14074420928955078, -0.01936209201812744, 0.25302761793136597, 5.662441253662109e-07, -5.960464477539062e-07, 0.5432047843933105, -3.851950168609619e-06, 4.1425228118896484e-06, 1.103057861328125, 1.1771917343139648e-05, -7.584691047668457e-06, 0.8240513801574707, -0.009052932262420654, 0.023875296115875244, 0.3158418834209442, -5.960464477539063e-08, 5.364418029785156e-07, 0.3153606057167053, -0.0012296438217163086, -0.28040945529937744, 1.0047495365142822, 0.0012294650077819824, 0.28040486574172974, 0.17804338037967682, -0.05541229620575905, 3.8332531452178955, 1.0809067487716675, -0.08712351322174072, -0.35718634724617004, 0.5555344223976135, 5.755573511123657e-06, -2.902001142501831e-06, 1.7364650964736938, -3.844499588012695e-06, -2.905726432800293e-06, 1.6212769746780396, -2.896413207054138e-06, -1.1414289474487305e-05, 0.6033936142921448, 0.04908865690231323, -0.498329758644104, -0.49181750416755676, -4.023313522338867e-06, 4.76837158203125e-07, 1.720077395439148, -3.919005393981934e-06, -2.8908252716064453e-06, 1.633895754814148, 1.0617077350616455e-07, 7.659196853637695e-06, 0.6061096787452698, 0.038037121295928955, 0.486098974943161, -0.06373603641986847, 4.589557647705078e-06, -8.344650268554688e-07, 0.4917293190956116, 4.76837158203125e-07, -5.662441253662109e-07, 0.49173372983932495, 0.14979779720306396, -0.004515424370765686, 0.2672135531902313, -1.341104507446289e-07, -8.717179298400879e-07, 0.6228749752044678, 7.790513336658478e-06, -6.584217771887779e-06, 1.101677417755127, -4.1350722312927246e-07, -2.384185791015625e-07, 0.77264404296875, -0.14074420928955078, -0.01936165988445282, 0.25302639603614807, 5.420297384262085e-07, -8.642673492431641e-07, 0.5432054996490479, -3.6656856536865234e-06, 3.919005393981934e-06, 1.1030573844909668, 1.1622905731201172e-05, -7.754191756248474e-06, 0.8240509033203125, -0.009052366018295288, 0.023875609040260315, 0.3158414661884308, 2.086162567138672e-07, -2.5331974029541016e-07, 0.31536105275154114, -0.0012295246124267578, -0.28040921688079834, 1.0047496557235718, 0.0012294352054595947, 0.2804047763347626, 0.17804348468780518, -0.043961722403764725, 3.9160215854644775, 1.0860284566879272, -0.08712360262870789, -0.3571861684322357, 0.5555343627929688, 5.617737770080566e-06, -2.808868885040283e-06, 1.7364656925201416, -3.8370490074157715e-06, -2.8908252716064453e-06, 1.62127685546875, -2.7865171432495117e-06, -1.1444091796875e-05, 0.6033934950828552, 0.049088478088378906, -0.49832963943481445, -0.4918174743652344, -3.7848949432373047e-06, 4.172325134277344e-07, 1.7200775146484375, -3.4868717193603516e-06, -2.7865171432495117e-06, 1.633895993232727, -1.695007085800171e-07, 7.793307304382324e-06, 0.606109619140625, 0.03803693503141403, 0.48609858751296997, -0.06373611092567444, 5.140900611877441e-06, -7.748603820800781e-07, 0.4917297959327698, 1.448206603527069e-07, -4.731118679046631e-07, 0.4917340874671936, 0.14979763329029083, -0.004515394568443298, 0.26721394062042236, 4.246830940246582e-07, -2.9280781745910645e-06, 0.6228755712509155, 7.569789886474609e-06, -8.17328691482544e-06, 1.1016770601272583, -6.51925802230835e-07, 9.12696123123169e-08, 0.7726439237594604, -0.14074428379535675, -0.019361943006515503, 0.2530273199081421, 7.152557373046875e-07, -3.7997961044311523e-07, 0.5432053208351135, -3.993511199951172e-06, 3.993511199951172e-06, 1.1030579805374146, 1.1549331247806549e-05, -7.812399417161942e-06, 0.8240509629249573, -0.009052494540810585, 0.02387545257806778, 0.3158421516418457, -1.434236764907837e-07, 7.82310962677002e-08, 0.31536075472831726, -0.0012294650077819824, -0.2804088592529297, 1.0047491788864136, 0.0012291781604290009, 0.2804051339626312, 0.17804324626922607, -0.04049303010106087, 3.941094398498535, 1.0875800848007202, -0.08712342381477356, -0.3571869730949402, 0.5555343627929688, 5.863606929779053e-06, -2.942979335784912e-06, 1.7364658117294312, -3.896653652191162e-06, -2.913177013397217e-06, 1.6212769746780396, -2.8312206268310547e-06, -1.1488795280456543e-05, 0.6033934950828552, 0.04908864200115204, -0.49833032488822937, -0.4918175935745239, -3.814697265625e-06, 4.76837158203125e-07, 1.7200775146484375, -3.5762786865234375e-06, -2.86102294921875e-06, 1.633895754814148, 2.8870999813079834e-08, 7.592141628265381e-06, 0.6061095595359802, 0.0380372554063797, 0.48609814047813416, -0.06373599171638489, 4.824250936508179e-06, -7.320195436477661e-07, 0.4917306900024414, -5.21540641784668e-07, -5.811452865600586e-07, 0.4917330741882324, 0.1497974991798401, -0.004515338689088821, 0.2672136425971985, 1.7695128917694092e-07, -1.7918646335601807e-06, 0.6228755116462708, 7.510185241699219e-06, -7.659196853637695e-06, 1.1016767024993896, 6.07222318649292e-07, -5.960464477539063e-08, 0.7726442217826843, -0.14074453711509705, -0.01936185359954834, 0.2530266344547272, 5.960464477539062e-07, -3.8743019104003906e-07, 0.5432050824165344, -3.6656856536865234e-06, 2.982094883918762e-06, 1.103057861328125, 1.1496245861053467e-05, -7.4356794357299805e-06, 0.824050784111023, -0.00905299186706543, 0.023875366896390915, 0.31584104895591736, -2.5331974029541016e-07, 1.862645149230957e-08, 0.3153604567050934, -0.0012292265892028809, -0.280409038066864, 1.0047495365142822, 0.001229211688041687, 0.2804051339626312, 0.1780431568622589, -0.043204259127378464, 3.921496868133545, 1.0863673686981201, -0.08712354302406311, -0.3571864366531372, 0.5555344820022583, 5.811452865600586e-06, -2.913177013397217e-06, 1.7364652156829834, -4.0102750062942505e-06, -2.868473529815674e-06, 1.6212769746780396, -2.9653310775756836e-06, -1.1458992958068848e-05, 0.6033936142921448, 0.0490884929895401, -0.49832987785339355, -0.49181753396987915, -3.993511199951172e-06, 4.172325134277344e-07, 1.7200779914855957, -3.904104232788086e-06, -2.6579946279525757e-06, 1.633895993232727, -2.3748725652694702e-07, 7.68899917602539e-06, 0.6061095595359802, 0.03803715109825134, 0.48609858751296997, -0.06373591721057892, 4.842877388000488e-06, -7.224734872579575e-07, 0.4917302131652832, 8.940696716308594e-08, -5.289912223815918e-07, 0.4917336702346802, 0.14979740977287292, -0.0045155733823776245, 0.26721328496932983, 2.614688128232956e-07, -3.123423084616661e-06, 0.6228753328323364, 7.703900337219238e-06, -6.817281246185303e-06, 1.1016768217086792, 9.685754776000977e-08, 1.043081283569336e-07, 0.7726439833641052, -0.14074429869651794, -0.019361764192581177, 0.2530268132686615, 4.172325134277344e-07, -9.052455425262451e-07, 0.5432054400444031, -3.721565008163452e-06, 3.866851329803467e-06, 1.103057861328125, 1.1488795280456543e-05, -7.569789886474609e-06, 0.8240509033203125, -0.009052634239196777, 0.023875556886196136, 0.3158416152000427, -2.980232238769531e-07, 5.21540641784668e-08, 0.3153614401817322, -0.0012288093566894531, -0.28040921688079834, 1.0047504901885986, 0.0012299418449401855, 0.2804047763347626, 0.17804449796676636, -0.05036066845059395, 3.869767904281616, 1.083166241645813, -0.08712358772754669, -0.35718628764152527, 0.555534303188324, 5.755573511123657e-06, -3.0621886253356934e-06, 1.7364654541015625, -3.7945574149489403e-06, -2.8368085622787476e-06, 1.62127685546875, -2.820044755935669e-06, -1.138448715209961e-05, 0.6033935546875, 0.049088507890701294, -0.49832963943481445, -0.49181753396987915, -3.874301910400391e-06, 5.662441253662109e-07, 1.720077633857727, -3.7550926208496094e-06, -2.905726432800293e-06, 1.633895754814148, 1.8812716007232666e-07, 7.659196853637695e-06, 0.6061094999313354, 0.038037143647670746, 0.48609864711761475, -0.06373602896928787, 4.678964614868164e-06, -6.780028343200684e-07, 0.49172988533973694, -5.960464477539063e-08, -5.066394805908203e-07, 0.49173328280448914, 0.14979767799377441, -0.004515491425991058, 0.26721441745758057, 2.2351741790771484e-07, -1.5944242477416992e-06, 0.6228749752044678, 7.782713510096073e-06, -7.986207492649555e-06, 1.1016769409179688, -2.5331974029541016e-07, 2.5331974029541016e-07, 0.77264404296875, -0.14074447751045227, -0.019361749291419983, 0.25302714109420776, 5.662441253662109e-07, -8.102506399154663e-07, 0.5432053208351135, -3.7848949432373047e-06, 4.129484295845032e-06, 1.103057861328125, 1.1332333087921143e-05, -7.68899917602539e-06, 0.8240508437156677, -0.00905260443687439, 0.02387545257806778, 0.3158421516418457, 3.8743019104003906e-07, -1.1920928955078125e-07, 0.3153611123561859, -0.001229502260684967, -0.28040850162506104, 1.0047494173049927, 0.0012297332286834717, 0.28040510416030884, 0.17804381251335144, -0.04909054934978485, 3.878948926925659, 1.083734393119812, -0.08712360262870789, -0.3571864366531372, 0.5555343627929688, 5.714595317840576e-06, -3.0249357223510742e-06, 1.7364659309387207, -3.977678716182709e-06, -2.8908252716064453e-06, 1.62127685546875, -2.8582289814949036e-06, -1.1533498764038086e-05, 0.6033935546875, 0.049088507890701294, -0.49832963943481445, -0.49181756377220154, -3.814697265625e-06, 5.960464477539062e-07, 1.7200772762298584, -3.769993782043457e-06, -2.8312206268310547e-06, 1.633895754814148, 3.771856427192688e-07, 7.577240467071533e-06, 0.6061096787452698, 0.03803705424070358, 0.48609858751296997, -0.06373601406812668, 4.434958100318909e-06, -9.126961231231689e-07, 0.4917295575141907, -4.470348358154297e-08, -5.21540641784668e-07, 0.4917343258857727, 0.14979732036590576, -0.004515491425991058, 0.26721370220184326, 2.60770320892334e-07, -2.1122395992279053e-06, 0.6228752732276917, 7.718801498413086e-06, -8.31112265586853e-06, 1.1016767024993896, 5.62518835067749e-07, 1.1548399925231934e-07, 0.7726444602012634, -0.14074456691741943, -0.01936185359954834, 0.2530268728733063, 3.129243850708008e-07, -4.6426430344581604e-07, 0.5432054996490479, -3.6545097827911377e-06, 3.3928081393241882e-06, 1.103057622909546, 1.1563301086425781e-05, -7.808208465576172e-06, 0.8240513205528259, -0.009053066372871399, 0.023875288665294647, 0.31584084033966064, 6.705522537231445e-08, -5.587935447692871e-08, 0.3153608441352844, -0.0012294426560401917, -0.2804087996482849, 1.0047491788864136, 0.0012294892221689224, 0.28040528297424316, 0.17804351449012756, -0.03993367403745651, 3.9451375007629395, 1.0878301858901978, -0.08712351322174072, -0.3571866750717163, 0.5555343627929688, 5.627050995826721e-06, -2.689659595489502e-06, 1.7364654541015625, -3.9692968130111694e-06, -2.86102294921875e-06, 1.6212764978408813, -2.757413312792778e-06, -1.1369585990905762e-05, 0.6033934950828552, 0.04908868670463562, -0.49833011627197266, -0.4918174147605896, -3.6954879760742188e-06, 2.980232238769531e-07, 1.7200775146484375, -3.6954879760742188e-06, -2.898275852203369e-06, 1.6338958740234375, -1.7695128917694092e-07, 7.659196853637695e-06, 0.606109619140625, 0.03803711384534836, 0.4860987067222595, -0.06373602151870728, 4.604458808898926e-06, -1.0281801223754883e-06, 0.4917300045490265, -3.725290298461914e-08, -2.905726432800293e-07, 0.4917331039905548, 0.1497974395751953, -0.004515248350799084, 0.26721373200416565, 3.948807716369629e-07, -2.3692846298217773e-06, 0.6228753328323364, 7.646158337593079e-06, -7.580500096082687e-06, 1.1016768217086792, 1.4901161193847656e-08, 1.9744038581848145e-07, 0.7726439833641052, -0.14074449241161346, -0.019361549988389015, 0.2530273199081421, 3.8743019104003906e-07, -6.51925802230835e-07, 0.5432053208351135, -3.7848949432373047e-06, 3.7103891372680664e-06, 1.1030579805374146, 1.1518597602844238e-05, -7.718801498413086e-06, 0.8240509033203125, -0.00905286893248558, 0.023875445127487183, 0.3158414363861084, 3.0547380447387695e-07, -1.4156103134155273e-07, 0.31536105275154114, -0.0012295320630073547, -0.2804092764854431, 1.0047496557235718, 0.0012295171618461609, 0.28040462732315063, 0.17804382741451263, -0.02838502638041973, 4.028614521026611, 1.0929958820343018, -0.08712360262870789, -0.3571855425834656, 0.5555344223976135, 5.815178155899048e-06, -2.9336661100387573e-06, 1.736465334892273, -3.902241587638855e-06, -2.8014183044433594e-06, 1.6212772130966187, -2.913177013397217e-06, -1.1518597602844238e-05, 0.6033935546875, 0.04908858984708786, -0.4983291029930115, -0.491817444562912, -3.874301910400391e-06, 4.76837158203125e-07, 1.720077633857727, -3.933906555175781e-06, -2.8908252716064453e-06, 1.6338961124420166, 3.213062882423401e-08, 7.569789886474609e-06, 0.6061095595359802, 0.03803723677992821, 0.486099511384964, -0.06373587250709534, 4.559755325317383e-06, -7.82310962677002e-07, 0.49173009395599365, 8.940696716308594e-08, -6.034970283508301e-07, 0.49173325300216675, 0.14979767799377441, -0.0045155733823776245, 0.26721447706222534, 4.3958425521850586e-07, -2.086162567138672e-06, 0.6228752136230469, 7.465481758117676e-06, -7.874994480516762e-06, 1.1016770601272583, -8.940696716308594e-08, -2.4028122425079346e-07, 0.77264404296875, -0.14074435830116272, -0.01936192810535431, 0.2530270516872406, 5.066394805908203e-07, -1.1622905731201172e-06, 0.5432050228118896, -3.725290298461914e-06, 3.933906555175781e-06, 1.1030575037002563, 1.1688098311424255e-05, -7.221708074212074e-06, 0.824051022529602, -0.009052574634552002, 0.02387530356645584, 0.3158422112464905, 2.2351741790771484e-07, 1.4901161193847656e-08, 0.3153616786003113, -0.0012294799089431763, -0.2804085910320282, 1.0047492980957031, 0.0012293756008148193, 0.2804052233695984, 0.1780427098274231, -0.019739143550395966, 4.091109752655029, 1.0968631505966187, -0.08712345361709595, -0.3571857810020447, 0.555534303188324, 5.77978789806366e-06, -2.905726432800293e-06, 1.736465573310852, -3.787921741604805e-06, -2.818182110786438e-06, 1.62127685546875, -2.8349459171295166e-06, -1.1414289474487305e-05, 0.6033935546875, 0.04908871650695801, -0.4983291029930115, -0.4918174743652344, -3.874301910400391e-06, 5.364418029785156e-07, 1.7200777530670166, -3.904104232788086e-06, -2.9653310775756836e-06, 1.633895993232727, -1.150183379650116e-07, 7.621943950653076e-06, 0.6061094999313354, 0.0380372516810894, 0.4860992133617401, -0.06373589485883713, 4.719942808151245e-06, -9.015202522277832e-07, 0.4917297661304474, -2.9802322387695312e-08, -2.980232238769531e-07, 0.4917335510253906, 0.14979761838912964, -0.004515543580055237, 0.2672143578529358, -2.9802322387695312e-08, -1.8477439880371094e-06, 0.6228750348091125, 7.4803829193115234e-06, -7.092952728271484e-06, 1.1016771793365479, 2.0489096641540527e-07, 3.939494490623474e-07, 0.7726441621780396, -0.14074426889419556, -0.019361883401870728, 0.2530277371406555, 3.4598633646965027e-07, -5.662441253662109e-07, 0.5432053208351135, -4.0531158447265625e-06, 3.993511199951172e-06, 1.103057622909546, 1.1198222637176514e-05, -7.62939453125e-06, 0.824050784111023, -0.00905272364616394, 0.023875296115875244, 0.3158420920372009, 1.6391277313232422e-07, 1.6391277313232422e-07, 0.31536075472831726, -0.0012295693159103394, -0.28040939569473267, 1.0047485828399658, 0.0012295693159103394, 0.28040453791618347, 0.17804330587387085, -0.02137814834713936, 4.079262733459473, 1.0961300134658813, -0.0871235728263855, -0.3571860194206238, 0.5555343627929688, 5.813315510749817e-06, -2.723187208175659e-06, 1.7364656925201416, -3.866851329803467e-06, -2.8461217880249023e-06, 1.6212769746780396, -2.950429916381836e-06, -1.1429190635681152e-05, 0.6033935546875, 0.04908846318721771, -0.4983292818069458, -0.49181753396987915, -3.933906555175781e-06, 4.172325134277344e-07, 1.7200778722763062, -3.859400749206543e-06, -2.7567148208618164e-06, 1.6338958740234375, 2.0721927285194397e-07, 7.5623393058776855e-06, 0.6061097383499146, 0.03803706169128418, 0.48609963059425354, -0.06373602151870728, 4.664063453674316e-06, -7.897615432739258e-07, 0.4917297959327698, -1.0617077350616455e-07, -5.364418029785156e-07, 0.49173295497894287, 0.1497974544763565, -0.0045156776905059814, 0.2672138214111328, 2.905726432800293e-07, -2.259388566017151e-06, 0.6228753328323364, 7.584691047668457e-06, -8.784234523773193e-06, 1.1016768217086792, -5.066394805908203e-07, -5.587935447692871e-08, 0.77264404296875, -0.14074446260929108, -0.019361913204193115, 0.25302666425704956, 7.599592208862305e-07, -7.301568984985352e-07, 0.5432051420211792, -3.5762786865234375e-06, 3.8370490074157715e-06, 1.1030584573745728, 1.1742115020751953e-05, -8.024275302886963e-06, 0.8240508437156677, -0.009052732959389687, 0.023875176906585693, 0.31584155559539795, 4.0978193283081055e-08, 2.086162567138672e-07, 0.31536179780960083, -0.0012294650077819824, -0.2804086208343506, 1.0047491788864136, 0.001229599118232727, 0.28040486574172974, 0.17804387211799622, -0.031145019456744194, 4.008664608001709, 1.0917613506317139, -0.08712348341941833, -0.35718587040901184, 0.5555345416069031, 5.6996941566467285e-06, -2.7585774660110474e-06, 1.7364659309387207, -3.851950168609619e-06, -2.8908252716064453e-06, 1.6212769746780396, -2.847053110599518e-06, -1.1466443538665771e-05, 0.6033936142921448, 0.049088701605796814, -0.4983291029930115, -0.49181708693504333, -3.814697265625e-06, 7.748603820800781e-07, 1.7200771570205688, -4.082918167114258e-06, -2.8014183044433594e-06, 1.633895993232727, -1.7229467630386353e-08, 7.674098014831543e-06, 0.606109619140625, 0.03803718835115433, 0.48609912395477295, -0.06373575329780579, 4.6603381633758545e-06, -9.834766387939453e-07, 0.4917294383049011, 0.0, -5.960464477539062e-07, 0.491733580827713, 0.1497974991798401, -0.004515469074249268, 0.2672135829925537, 1.1548399925231934e-07, -2.2333115339279175e-06, 0.6228752136230469, 7.953494787216187e-06, -8.29214695841074e-06, 1.1016771793365479, 2.9802322387695312e-08, -6.109476089477539e-07, 0.7726439237594604, -0.14074444770812988, -0.01936185359954834, 0.25302672386169434, 5.662441253662109e-07, -4.7124922275543213e-07, 0.5432053804397583, -3.904104232788086e-06, 3.7923455238342285e-06, 1.103057622909546, 1.1086463928222656e-05, -7.644295692443848e-06, 0.824051022529602, -0.009052664041519165, 0.02387523651123047, 0.3158417344093323, 5.960464477539063e-08, 1.7881393432617188e-07, 0.31536048650741577, -0.0012295544147491455, -0.2804088890552521, 1.0047500133514404, 0.0012294203042984009, 0.2804046869277954, 0.178043931722641, -0.047032032161951065, 3.8938283920288086, 1.0846551656723022, -0.08712346851825714, -0.3571862280368805, 0.5555343627929688, 5.621928721666336e-06, -2.8703361749649048e-06, 1.7364654541015625, -3.725290298461914e-06, -2.7418136596679688e-06, 1.621277093887329, -2.738088369369507e-06, -1.1377036571502686e-05, 0.6033934950828552, 0.049088701605796814, -0.49832990765571594, -0.4918174147605896, -4.023313522338867e-06, 3.5762786865234375e-07, 1.7200772762298584, -3.7848949432373047e-06, -2.8386712074279785e-06, 1.6338961124420166, -5.820766091346741e-08, 7.614493370056152e-06, 0.606109619140625, 0.03803722560405731, 0.4860990643501282, -0.06373599171638489, 4.447996616363525e-06, -9.08970832824707e-07, 0.4917299747467041, 1.6391277313232422e-07, -1.4901161193847656e-07, 0.4917339086532593, 0.1497974991798401, -0.00451543927192688, 0.26721423864364624, 4.614703357219696e-07, -2.3473985493183136e-06, 0.6228752732276917, 7.636845111846924e-06, -7.2196125984191895e-06, 1.1016768217086792, -5.960464477539063e-08, -2.9802322387695312e-08, 0.7726441621780396, -0.1407443881034851, -0.019361823797225952, 0.25302720069885254, 3.2782554626464844e-07, -5.289912223815918e-07, 0.5432050824165344, -4.172325134277344e-06, 3.844499588012695e-06, 1.103057861328125, 1.1265277862548828e-05, -7.4803829193115234e-06, 0.8240508437156677, -0.009052813053131104, 0.023875385522842407, 0.3158421516418457, 1.1920928955078125e-07, -1.7881393432617188e-07, 0.31536129117012024, -0.001229614019393921, -0.28040868043899536, 1.0047495365142822, 0.0012294203042984009, 0.2804053723812103, 0.17804336547851562, -0.05490300804376602, 3.8369345664978027, 1.081134557723999, -0.08712354302406311, -0.3571857511997223, 0.5555343627929688, 5.7406723499298096e-06, -2.7902424335479736e-06, 1.736465573310852, -3.769993782043457e-06, -2.8759241104125977e-06, 1.62127685546875, -2.878718078136444e-06, -1.1399388313293457e-05, 0.6033936142921448, 0.04908865690231323, -0.498329222202301, -0.4918174147605896, -3.7848949432373047e-06, 5.960464477539062e-07, 1.720077633857727, -3.725290298461914e-06, -2.905726432800293e-06, 1.633895993232727, 3.543682396411896e-07, 7.644295692443848e-06, 0.606109619140625, 0.038037173449993134, 0.48609933257102966, -0.06373590975999832, 4.634261131286621e-06, -8.493661880493164e-07, 0.4917297661304474, -1.4901161193847656e-08, -3.2782554626464844e-07, 0.4917338490486145, 0.14979757368564606, -0.0045153796672821045, 0.2672138810157776, -3.4458935260772705e-08, -8.200295269489288e-07, 0.6228752732276917, 7.4803829193115234e-06, -7.830560207366943e-06, 1.1016769409179688, 1.7881393432617188e-07, -8.940696716308594e-08, 0.77264404296875, -0.14074426889419556, -0.019361913204193115, 0.253027081489563, 5.662441253662109e-07, -5.811452865600586e-07, 0.5432054996490479, -3.4496188163757324e-06, 3.7476420402526855e-06, 1.1030582189559937, 1.1324882507324219e-05, -7.3909759521484375e-06, 0.8240509629249573, -0.009052649140357971, 0.02387535572052002, 0.31584203243255615, 1.4901161193847656e-07, 1.7881393432617188e-07, 0.31536123156547546, -0.0012293457984924316, -0.2804093360900879, 1.0047494173049927, 0.0012296214699745178, 0.28040480613708496, 0.17804335057735443, -0.044443681836128235, 3.9125378131866455, 1.0858129262924194, -0.08712349832057953, -0.35718637704849243, 0.5555344223976135, 5.6996941566467285e-06, -2.9355287551879883e-06, 1.7364654541015625, -3.829598426818848e-06, -2.8759241104125977e-06, 1.62127685546875, -2.779066562652588e-06, -1.1377036571502686e-05, 0.6033935546875, 0.049088627099990845, -0.49832966923713684, -0.4918174147605896, -3.7103891372680664e-06, 6.258487701416016e-07, 1.720077633857727, -3.7103891372680664e-06, -2.816319465637207e-06, 1.6338958740234375, 9.720679372549057e-08, 7.68899917602539e-06, 0.6061096787452698, 0.038037173449993134, 0.4860992729663849, -0.06373590230941772, 4.67151403427124e-06, -9.015202522277832e-07, 0.49172988533973694, -8.940696716308594e-08, -2.2351741790771484e-07, 0.4917325973510742, 0.14979760348796844, -0.004515215754508972, 0.26721346378326416, 3.46451997756958e-07, -1.8328428268432617e-06, 0.6228752732276917, 7.778406143188477e-06, -7.18235969543457e-06, 1.1016771793365479, 2.2351741790771484e-08, 2.0442530512809753e-07, 0.7726441025733948, -0.14074432849884033, -0.019361495971679688, 0.2530267536640167, 6.407499313354492e-07, -8.046627044677734e-07, 0.5432052612304688, -4.217028617858887e-06, 3.635883331298828e-06, 1.1030575037002563, 1.179426908493042e-05, -7.510185241699219e-06, 0.8240510821342468, -0.009052574634552002, 0.023875638842582703, 0.3158414959907532, 7.450580596923828e-08, 1.4901161193847656e-07, 0.3153601884841919, -0.001229461282491684, -0.28040841221809387, 1.0047492980957031, 0.0012295246124267578, 0.2804052233695984, 0.17804355919361115, -0.03457878902554512, 3.983844518661499, 1.0902254581451416, -0.08712351322174072, -0.3571862280368805, 0.5555343627929688, 5.62518835067749e-06, -3.0100345611572266e-06, 1.736465573310852, -3.7401914596557617e-06, -2.7865171432495117e-06, 1.6212767362594604, -2.8241192921996117e-06, -1.1412426829338074e-05, 0.6033936738967896, 0.049088671803474426, -0.49832940101623535, -0.49181750416755676, -3.859400749206543e-06, 4.76837158203125e-07, 1.720077633857727, -3.978610038757324e-06, -2.8908252716064453e-06, 1.6338958740234375, -4.0046870708465576e-08, 7.659196853637695e-06, 0.606109619140625, 0.03803715482354164, 0.4860992133617401, -0.0637359619140625, 4.69014048576355e-06, -8.754432201385498e-07, 0.4917297959327698, -2.9802322387695312e-08, -4.172325134277344e-07, 0.49173372983932495, 0.1497974991798401, -0.004515357315540314, 0.26721516251564026, 2.384185791015625e-07, -2.2687017917633057e-06, 0.6228752136230469, 7.644295692443848e-06, -7.584691047668457e-06, 1.1016771793365479, -1.4901161193847656e-08, 1.4901161193847656e-08, 0.7726439833641052, -0.1407443881034851, -0.019361481070518494, 0.2530280351638794, 6.109476089477539e-07, -1.1026859283447266e-06, 0.5432051420211792, -3.7550926208496094e-06, 3.248453140258789e-06, 1.103057622909546, 1.1341879144310951e-05, -8.541857823729515e-06, 0.8240509033203125, -0.009052753448486328, 0.02387557178735733, 0.3158426880836487, 1.4901161193847656e-07, -2.2351741790771484e-07, 0.3153611719608307, -0.0012295125052332878, -0.2804090678691864, 1.0047494173049927, 0.0012295041233301163, 0.2804048955440521, 0.17804312705993652, -0.03083939664065838, 4.010873794555664, 1.0918980836868286, -0.08712363243103027, -0.3571857511997223, 0.5555343627929688, 5.81890344619751e-06, -2.689659595489502e-06, 1.736465573310852, -3.859400749206543e-06, -2.8759241104125977e-06, 1.621276617050171, -2.7902424335479736e-06, -1.1406838893890381e-05, 0.6033934354782104, 0.04908861219882965, -0.498329222202301, -0.4918174147605896, -3.844499588012695e-06, 5.066394805908203e-07, 1.7200771570205688, -3.7103891372680664e-06, -2.8014183044433594e-06, 1.6338956356048584, 1.1548399925231934e-07, 7.539987564086914e-06, 0.606109619140625, 0.038037076592445374, 0.48609960079193115, -0.06373590230941772, 4.67151403427124e-06, -7.068738341331482e-07, 0.491729199886322, -2.2351741790771484e-08, -3.2223761081695557e-07, 0.4917331039905548, 0.1497974693775177, -0.004515673965215683, 0.2672147750854492, 1.6391277313232422e-07, -1.5869736671447754e-06, 0.6228751540184021, 7.867813110351562e-06, -7.569789886474609e-06, 1.1016770601272583, -6.705522537231445e-08, 1.2293457984924316e-07, 0.77264404296875, -0.1407443881034851, -0.019361892715096474, 0.25302761793136597, 4.76837158203125e-07, -4.6193599700927734e-07, 0.5432052612304688, -3.591179847717285e-06, 4.16487455368042e-06, 1.1030579805374146, 1.1324882507324219e-05, -7.763504981994629e-06, 0.8240509033203125, -0.009052768349647522, 0.023875337094068527, 0.3158424198627472, 1.564621925354004e-07, 1.240987330675125e-07, 0.3153614401817322, -0.0012294757179915905, -0.28040897846221924, 1.0047496557235718, 0.0012294929474592209, 0.28040438890457153, 0.17804376780986786, -0.034769266843795776, 3.9824676513671875, 1.0901402235031128, -0.08712352812290192, -0.35718631744384766, 0.5555343627929688, 5.62518835067749e-06, -2.9355287551879883e-06, 1.7364652156829834, -3.933906555175781e-06, -2.86102294921875e-06, 1.62127685546875, -2.9355287551879883e-06, -1.1429190635681152e-05, 0.6033936738967896, 0.04908864200115204, -0.49832966923713684, -0.49181756377220154, -4.0531158447265625e-06, 2.2351741790771484e-07, 1.720077395439148, -3.725290298461914e-06, -2.8908252716064453e-06, 1.6338962316513062, 4.3213367462158203e-07, 7.677823305130005e-06, 0.6061096787452698, 0.0380372479557991, 0.48609891533851624, -0.0637359544634819, 4.708766937255859e-06, -1.0095536708831787e-06, 0.4917306900024414, 2.60770320892334e-08, -4.33996319770813e-07, 0.49173322319984436, 0.14979742467403412, -0.004515416920185089, 0.267214298248291, 4.3958425521850586e-07, -1.773238182067871e-06, 0.6228750348091125, 7.62939453125e-06, -7.569789886474609e-06, 1.1016770601272583, 0.0, 2.2724270820617676e-07, 0.77264404296875, -0.14074444770812988, -0.019361674785614014, 0.25302714109420776, 4.991888999938965e-07, -8.866190910339355e-07, 0.5432053208351135, -3.5762786865234375e-06, 4.064291715621948e-06, 1.1030577421188354, 1.2449920177459717e-05, -7.838010787963867e-06, 0.8240509033203125, -0.009052805602550507, 0.023875616490840912, 0.31584176421165466, 8.568167686462402e-08, -3.5390257835388184e-07, 0.3153606355190277, -0.0012295600026845932, -0.28040966391563416, 1.004749059677124, 0.0012294445186853409, 0.28040429949760437, 0.17804335057735443, -0.046939417719841, 3.894497871398926, 1.084696650505066, -0.08712347596883774, -0.35718661546707153, 0.5555343627929688, 5.692243576049805e-06, -2.9206275939941406e-06, 1.7364652156829834, -3.844499588012695e-06, -2.771615982055664e-06, 1.6212764978408813, -2.6598572731018066e-06, -1.1727213859558105e-05, 0.6033936738967896, 0.049088556319475174, -0.49832987785339355, -0.4918174743652344, -3.6954879760742188e-06, 2.4586915969848633e-07, 1.720077395439148, -3.7550926208496094e-06, -2.771615982055664e-06, 1.6338958740234375, 5.21540641784668e-08, 7.53253698348999e-06, 0.6061096787452698, 0.03803721442818642, 0.48609885573387146, -0.06373593211174011, 4.649162292480469e-06, -6.51925802230835e-07, 0.49173030257225037, -4.0978193283081055e-08, -5.047768354415894e-07, 0.49173399806022644, 0.14979751408100128, -0.004515446722507477, 0.2672135829925537, 3.203749656677246e-07, -2.2202730178833008e-06, 0.6228752136230469, 7.450580596923828e-06, -7.62939453125e-06, 1.1016762256622314, 2.2351741790771484e-08, 1.341104507446289e-07, 0.7726438641548157, -0.1407443881034851, -0.019361738115549088, 0.25302624702453613, 4.246830940246582e-07, -1.087784767150879e-06, 0.5432052612304688, -3.606081008911133e-06, 4.02890145778656e-06, 1.103057861328125, 1.1965632438659668e-05, -7.659196853637695e-06, 0.8240507245063782, -0.009052693843841553, 0.023875515908002853, 0.3158409297466278, 1.341104507446289e-07, 9.313225746154785e-08, 0.3153615891933441, -0.001229461282491684, -0.2804085612297058, 1.0047494173049927, 0.0012295618653297424, 0.2804049253463745, 0.17804379761219025, -0.045762307941913605, 3.9030063152313232, 1.0852230787277222, -0.08712346851825714, -0.35718613862991333, 0.5555343627929688, 5.781650543212891e-06, -2.950429916381836e-06, 1.7364650964736938, -3.933906555175781e-06, -3.129243850708008e-06, 1.6212772130966187, -2.864748239517212e-06, -1.1276453733444214e-05, 0.6033934354782104, 0.049088671803474426, -0.4983295500278473, -0.491817444562912, -3.7848949432373047e-06, 4.6193599700927734e-07, 1.7200777530670166, -3.5762786865234375e-06, -2.771615982055664e-06, 1.6338961124420166, -1.0058283805847168e-07, 7.6070427894592285e-06, 0.606109619140625, 0.0380372479557991, 0.4860992431640625, -0.0637359470129013, 4.734843969345093e-06, -7.599592208862305e-07, 0.49172961711883545, 2.60770320892334e-08, -5.736947059631348e-07, 0.4917333722114563, 0.1497974395751953, -0.004515394568443298, 0.26721450686454773, 3.8743019104003906e-07, -2.1979212760925293e-06, 0.6228750944137573, 7.331371307373047e-06, -7.3015689849853516e-06, 1.1016772985458374, 1.4156103134155273e-07, 2.905726432800293e-07, 0.7726442217826843, -0.1407444030046463, -0.019361739978194237, 0.25302770733833313, 5.140900611877441e-07, -1.0505318641662598e-06, 0.5432052612304688, -3.516674041748047e-06, 4.034489393234253e-06, 1.1030577421188354, 1.119077205657959e-05, -7.554888725280762e-06, 0.824051022529602, -0.00905272364616394, 0.023875385522842407, 0.31584227085113525, 1.601874828338623e-07, 3.129243850708008e-07, 0.3153619170188904, -0.0012293308973312378, -0.28040966391563416, 1.0047491788864136, 0.0012296661734580994, 0.28040432929992676, 0.17804351449012756, -0.047179192304611206, 3.8927648067474365, 1.0845893621444702, -0.08712349832057953, -0.35718628764152527, 0.5555342435836792, 5.424022674560547e-06, -2.9355287551879883e-06, 1.7364652156829834, -3.6656856536865234e-06, -3.0100345611572266e-06, 1.62127685546875, -2.86102294921875e-06, -1.1444091796875e-05, 0.6033934354782104, 0.04908858239650726, -0.49832990765571594, -0.491817444562912, -3.978610038757324e-06, 4.917383193969727e-07, 1.7200772762298584, -3.993511199951172e-06, -2.9206275939941406e-06, 1.6338958740234375, -2.0116567611694336e-07, 7.651746273040771e-06, 0.6061096787452698, 0.03803720325231552, 0.48609864711761475, -0.0637359768152237, 4.669651389122009e-06, -5.448237061500549e-07, 0.4917299449443817, -5.960464477539063e-08, -6.51925802230835e-07, 0.49173396825790405, 0.1497974693775177, -0.004515260457992554, 0.26721471548080444, 2.086162567138672e-07, -2.8312206268310547e-06, 0.6228748559951782, 7.4356794357299805e-06, -7.808208465576172e-06, 1.1016768217086792, 5.21540641784668e-08, -2.086162567138672e-07, 0.7726438641548157, -0.14074444770812988, -0.019361626356840134, 0.25302791595458984, 2.7194619178771973e-07, -1.1920928955078125e-07, 0.5432051420211792, -3.7550926208496094e-06, 3.680586814880371e-06, 1.103058099746704, 1.099705696105957e-05, -8.061528205871582e-06, 0.8240509629249573, -0.009052813053131104, 0.023875653743743896, 0.31584274768829346, 7.450580596923828e-08, -1.043081283569336e-07, 0.31536057591438293, -0.0012293457984924316, -0.28040948510169983, 1.0047498941421509, 0.001229614019393921, 0.28040480613708496, 0.1780436635017395, -0.0422208197414875, 3.928605318069458, 1.0868072509765625, -0.08712340891361237, -0.3571859896183014, 0.5555343627929688, 5.841255187988281e-06, -2.8908252716064453e-06, 1.7364650964736938, -4.023313522338867e-06, -2.8014183044433594e-06, 1.6212769746780396, -2.9262155294418335e-06, -1.1593103408813477e-05, 0.6033936738967896, 0.049088746309280396, -0.49832940101623535, -0.4918174743652344, -3.732740879058838e-06, 5.066394805908203e-07, 1.7200777530670166, -3.7550926208496094e-06, -2.771615982055664e-06, 1.6338955163955688, 2.3096799850463867e-07, 7.4729323387146e-06, 0.6061096787452698, 0.03803739324212074, 0.48609912395477295, -0.06373588740825653, 4.667788743972778e-06, -8.493661880493164e-07, 0.49173009395599365, -2.2351741790771484e-08, -2.1606683731079102e-07, 0.49173396825790405, 0.14979735016822815, -0.004515424370765686, 0.2672134041786194, 3.8743019104003906e-07, -1.519918441772461e-06, 0.6228752732276917, 7.727183401584625e-06, -7.3462724685668945e-06, 1.1016767024993896, 4.842877388000488e-08, 2.60770320892334e-07, 0.7726442217826843, -0.14074450731277466, -0.019361723214387894, 0.2530265152454376, 6.146728992462158e-07, -5.606561899185181e-07, 0.543205201625824, -3.725290298461914e-06, 3.084540367126465e-06, 1.103057861328125, 1.1205673217773438e-05, -6.880611181259155e-06, 0.8240509629249573, -0.009052841924130917, 0.02387547492980957, 0.3158414363861084, 1.9371509552001953e-07, 1.341104507446289e-07, 0.31536170840263367, -0.0012296135537326336, -0.28040939569473267, 1.0047491788864136, 0.0012293756008148193, 0.28040412068367004, 0.17804323136806488, -0.03420039266347885, 3.986579656600952, 1.0903947353363037, -0.08712364733219147, -0.3571867346763611, 0.5555346012115479, 5.602836608886719e-06, -2.8908252716064453e-06, 1.7364658117294312, -3.814697265625e-06, -3.159046173095703e-06, 1.621277093887329, -2.5779008865356445e-06, -1.1377036571502686e-05, 0.6033936142921448, 0.04908854514360428, -0.49833011627197266, -0.4918174147605896, -3.896653652191162e-06, 4.6193599700927734e-07, 1.7200775146484375, -3.814697265625e-06, -2.86102294921875e-06, 1.6338958740234375, 1.7136335372924805e-07, 7.502734661102295e-06, 0.6061097383499146, 0.03803715482354164, 0.4860989451408386, -0.06373578310012817, 4.626810550689697e-06, -9.872019290924072e-07, 0.4917299151420593, 0.0, -5.774199962615967e-07, 0.49173277616500854, 0.1497974693775177, -0.00451553612947464, 0.2672138214111328, 4.470348358154297e-07, -2.1010637283325195e-06, 0.6228752732276917, 7.64802098274231e-06, -8.450821042060852e-06, 1.1016770601272583, -1.1920928955078125e-07, 2.905726432800293e-07, 0.7726438641548157, -0.14074447751045227, -0.019361650571227074, 0.2530263662338257, 6.332993507385254e-07, -8.046627044677734e-07, 0.543205201625824, -3.5762786865234375e-06, 3.822147846221924e-06, 1.1030582189559937, 1.1414289474487305e-05, -7.623806595802307e-06, 0.824050784111023, -0.009052766487002373, 0.023875519633293152, 0.31584101915359497, -4.470348358154297e-08, -1.1175870895385742e-07, 0.3153612017631531, -0.0012295227497816086, -0.2804086208343506, 1.0047492980957031, 0.001229405403137207, 0.28040558099746704, 0.17804285883903503, -0.03150220215320587, 4.006082534790039, 1.0916016101837158, -0.08712364733219147, -0.3571859896183014, 0.5555343627929688, 5.7220458984375e-06, -2.7567148208618164e-06, 1.7364658117294312, -4.172325134277344e-06, -2.86102294921875e-06, 1.62127685546875, -2.954155206680298e-06, -1.1563301086425781e-05, 0.6033936738967896, 0.049088507890701294, -0.4983292818069458, -0.4918174147605896, -3.777444362640381e-06, 6.034970283508301e-07, 1.720077633857727, -3.874301910400391e-06, -2.771615982055664e-06, 1.633895754814148, 5.21540641784668e-08, 7.539987564086914e-06, 0.606109619140625, 0.03803708404302597, 0.4860991835594177, -0.06373584270477295, 4.723668098449707e-06, -6.658956408500671e-07, 0.4917300045490265, 7.450580596923828e-09, -3.341119736433029e-07, 0.491732656955719, 0.14979751408100128, -0.0045150332152843475, 0.26721373200416565, 2.980232238769531e-07, -2.0042061805725098e-06, 0.6228752136230469, 7.927417755126953e-06, -7.793307304382324e-06, 1.1016770601272583, 1.4901161193847656e-08, -2.980232238769531e-07, 0.77264404296875, -0.1407443732023239, -0.019361352548003197, 0.2530267536640167, 5.960464477539062e-07, 2.7939677238464355e-08, 0.543205201625824, -3.7550926208496094e-06, 3.6954879760742188e-06, 1.1030575037002563, 1.1160969734191895e-05, -7.968395948410034e-06, 0.8240508437156677, -0.009052727371454239, 0.02387578785419464, 0.31584176421165466, 2.5331974029541016e-07, -4.116445779800415e-07, 0.315360963344574, -0.0012294836342334747, -0.2804093062877655, 1.0047497749328613, 0.001229497604072094, 0.280405193567276, 0.17804314196109772, -0.031523432582616806, 4.005928993225098, 1.0915920734405518, -0.08712371438741684, -0.35718610882759094, 0.555534303188324, 5.781650543212891e-06, -2.7567148208618164e-06, 1.736465334892273, -3.6954879760742188e-06, -2.7120113372802734e-06, 1.6212767362594604, -2.898275852203369e-06, -1.1481344699859619e-05, 0.6033936738967896, 0.04908842593431473, -0.4983291029930115, -0.4918175935745239, -3.937631845474243e-06, 4.6193599700927734e-07, 1.7200778722763062, -3.831461071968079e-06, -2.8712674975395203e-06, 1.6338961124420166, 4.6566128730773926e-09, 7.6051801443099976e-06, 0.6061094999313354, 0.038036901503801346, 0.48609939217567444, -0.06373600661754608, 4.582107067108154e-06, -7.7858567237854e-07, 0.49172982573509216, 7.450580596923828e-09, -2.980232238769531e-07, 0.49173393845558167, 0.1497974544763565, -0.004515752196311951, 0.2672140300273895, 2.7567148208618164e-07, -1.7993152141571045e-06, 0.6228752732276917, 7.420778274536133e-06, -7.264316082000732e-06, 1.1016767024993896, -1.7881393432617188e-07, -5.21540641784668e-08, 0.7726439237594604, -0.1407444030046463, -0.019361956045031548, 0.25302696228027344, 6.109476089477539e-07, -1.7881393432617188e-07, 0.5432050824165344, -3.814697265625e-06, 3.6954879760742188e-06, 1.103057861328125, 1.1218711733818054e-05, -7.554888725280762e-06, 0.8240509033203125, -0.009052768349647522, 0.023875396698713303, 0.31584182381629944, 4.6193599700927734e-07, -2.2351741790771484e-08, 0.3153608441352844, -0.0012294892221689224, -0.2804090678691864, 1.0047489404678345, 0.0012295087799429893, 0.2804051637649536, 0.1780432164669037, -0.035276591777801514, 3.9788005352020264, 1.0899133682250977, -0.08712345361709595, -0.3571860194206238, 0.5555344223976135, 5.7220458984375e-06, -2.771615982055664e-06, 1.7364656925201416, -3.904104232788086e-06, -2.86102294921875e-06, 1.6212769746780396, -2.9802322387695312e-06, -1.1302530765533447e-05, 0.6033934950828552, 0.049088649451732635, -0.4983294606208801, -0.4918175935745239, -3.862311132252216e-06, 6.556510925292969e-07, 1.7200775146484375, -3.716442734003067e-06, -2.8461217880249023e-06, 1.6338961124420166, -1.862645149230957e-07, 7.718801498413086e-06, 0.6061096787452698, 0.03803728148341179, 0.4860994815826416, -0.0637359470129013, 4.678964614868164e-06, -1.1026859283447266e-06, 0.4917297065258026, -1.1175870895385742e-07, -3.427267074584961e-07, 0.49173295497894287, 0.14979761838912964, -0.004515588283538818, 0.2672140598297119, 5.401670932769775e-07, -2.1979212760925293e-06, 0.6228751540184021, 7.510185241699219e-06, -7.618218660354614e-06, 1.1016769409179688, -1.6391277313232422e-07, 2.9802322387695312e-08, 0.7726438641548157, -0.14074429869651794, -0.019361969083547592, 0.25302693247795105, 5.662441253662109e-07, 1.7881393432617188e-07, 0.5432051420211792, -3.2782554626464844e-06, 3.978610038757324e-06, 1.103057622909546, 1.1406838893890381e-05, -7.3909759521484375e-06, 0.8240509033203125, -0.009052596986293793, 0.023875460028648376, 0.3158412575721741, 1.7881393432617188e-07, -2.9802322387695312e-08, 0.31536099314689636, -0.001229465240612626, -0.2804093062877655, 1.004749059677124, 0.0012295451015233994, 0.2804047763347626, 0.17804311215877533, -0.04701603204011917, 3.893944025039673, 1.0846623182296753, -0.08712367713451385, -0.3571864366531372, 0.5555344223976135, 5.900859832763672e-06, -2.9355287551879883e-06, 1.7364654541015625, -3.993511199951172e-06, -2.905726432800293e-06, 1.6212767362594604, -2.746470272541046e-06, -1.1511147022247314e-05, 0.6033934950828552, 0.04908851534128189, -0.49832987785339355, -0.49181753396987915, -3.7904828786849976e-06, 3.7997961044311523e-07, 1.720077633857727, -3.905966877937317e-06, -2.8517097234725952e-06, 1.6338956356048584, 8.940696716308594e-08, 7.569789886474609e-06, 0.606109619140625, 0.03803706169128418, 0.48609864711761475, -0.06373593211174011, 4.604458808898926e-06, -7.040798664093018e-07, 0.4917292892932892, 1.7136335372924805e-07, -5.327165126800537e-07, 0.49173304438591003, 0.1497974395751953, -0.004515528678894043, 0.267214298248291, 2.942979335784912e-07, -2.7902424335479736e-06, 0.6228753924369812, 7.3015689849853516e-06, -7.957220077514648e-06, 1.1016767024993896, 1.1920928955078125e-07, -2.9802322387695312e-08, 0.7726442813873291, -0.1407443881034851, -0.01936163753271103, 0.25302761793136597, 6.668269634246826e-07, 2.4586915969848633e-07, 0.5432053208351135, -4.1425228118896484e-06, 3.725290298461914e-06, 1.103057622909546, 1.1354684829711914e-05, -7.614493370056152e-06, 0.8240509033203125, -0.009052760899066925, 0.02387549728155136, 0.3158421516418457, 2.682209014892578e-07, -1.7136335372924805e-07, 0.3153610825538635, -0.0012295078486204147, -0.2804086208343506, 1.0047492980957031, 0.001229509711265564, 0.28040555119514465, 0.17804336547851562, -0.05081193894147873, 3.8665060997009277, 1.0829644203186035, -0.08712335675954819, -0.35718631744384766, 0.5555344223976135, 5.662441253662109e-06, -2.9578804969787598e-06, 1.736465334892273, -3.725290298461914e-06, -2.4512410163879395e-06, 1.62127685546875, -2.648681402206421e-06, -1.1235475540161133e-05, 0.6033934354782104, 0.04908877983689308, -0.49832969903945923, -0.491817444562912, -3.723427653312683e-06, 6.556510925292969e-07, 1.720077633857727, -3.773719072341919e-06, -2.857646904885769e-06, 1.633895993232727, -3.3993273973464966e-08, 7.62939453125e-06, 0.6061097383499146, 0.03803731128573418, 0.48609888553619385, -0.06373582780361176, 4.798173904418945e-06, -8.884817361831665e-07, 0.4917295575141907, 4.470348358154297e-08, -5.21540641784668e-07, 0.49173298478126526, 0.14979767799377441, -0.0045155733823776245, 0.26721346378326416, 2.4586915969848633e-07, -9.76724550127983e-07, 0.6228750348091125, 7.897615432739258e-06, -6.8694353103637695e-06, 1.1016769409179688, 0.0, 1.6391277313232422e-07, 0.7726442217826843, -0.14074425399303436, -0.01936197653412819, 0.2530268132686615, 7.469207048416138e-07, -8.493661880493164e-07, 0.543205201625824, -3.725290298461914e-06, 4.231929779052734e-06, 1.1030577421188354, 1.1295080184936523e-05, -6.745569407939911e-06, 0.824050784111023, -0.009052634239196777, 0.023875214159488678, 0.315841406583786, 7.078051567077637e-08, 2.60770320892334e-07, 0.31536075472831726, -0.0012295953929424286, -0.28040921688079834, 1.0047497749328613, 0.0012294221669435501, 0.2804045081138611, 0.17804346978664398, -0.03710179030895233, 3.9656074047088623, 1.0890969038009644, -0.08712345361709595, -0.3571861684322357, 0.5555344223976135, 5.900859832763672e-06, -2.7120113372802734e-06, 1.7364650964736938, -3.725290298461914e-06, -2.8312206268310547e-06, 1.62127685546875, -2.86102294921875e-06, -1.1369585990905762e-05, 0.6033935546875, 0.04908877983689308, -0.4983295500278473, -0.4918174743652344, -3.734603524208069e-06, 2.905726432800293e-07, 1.720077395439148, -3.935769200325012e-06, -2.8461217880249023e-06, 1.6338956356048584, 1.3969838619232178e-09, 7.666647434234619e-06, 0.606109619140625, 0.0380372479557991, 0.4860992133617401, -0.06373592466115952, 4.731118679046631e-06, -1.0099029168486595e-06, 0.4917292296886444, 4.842877388000488e-08, -2.849847078323364e-07, 0.49173399806022644, 0.14979763329029083, -0.0045150332152843475, 0.26721274852752686, 4.76837158203125e-07, -1.944601535797119e-06, 0.6228750944137573, 7.599592208862305e-06, -7.3015689849853516e-06, 1.1016769409179688, -1.7881393432617188e-07, -2.2351741790771484e-07, 0.7726439833641052, -0.14074434340000153, -0.019361568614840508, 0.2530265152454376, 5.289912223815918e-07, -8.083879947662354e-07, 0.5432051420211792, -3.5762786865234375e-06, 4.0531158447265625e-06, 1.1030582189559937, 1.1429190635681152e-05, -7.413327693939209e-06, 0.824050784111023, -0.009052731096744537, 0.023875722661614418, 0.31584101915359497, 2.4959444999694824e-07, -6.705522537231445e-08, 0.3153603971004486, -0.0012294873595237732, -0.280408650636673, 1.0047491788864136, 0.0012295106425881386, 0.28040504455566406, 0.1780431717634201, -0.018110960721969604, 4.102879047393799, 1.0975914001464844, -0.087123341858387, -0.3571856915950775, 0.5555342435836792, 6.020069122314453e-06, -2.6226043701171875e-06, 1.7364652156829834, -3.874301910400391e-06, -2.7082860469818115e-06, 1.6212769746780396, -2.726912498474121e-06, -1.138448715209961e-05, 0.6033935546875, 0.0490887314081192, -0.49832889437675476, -0.4918175935745239, -3.850087523460388e-06, 4.954636096954346e-07, 1.7200777530670166, -3.9208680391311646e-06, -2.8870999813079834e-06, 1.633895993232727, -2.293381839990616e-08, 7.584691047668457e-06, 0.606109619140625, 0.038037169724702835, 0.48609936237335205, -0.06373602151870728, 4.51505184173584e-06, -9.164214134216309e-07, 0.4917307496070862, 1.4901161193847656e-07, -2.7939677238464355e-07, 0.4917329251766205, 0.14979766309261322, -0.004515707492828369, 0.2672143578529358, 5.960464477539062e-07, -2.5480985641479492e-06, 0.622875452041626, 7.420778274536133e-06, -7.569789886474609e-06, 1.1016769409179688, 1.1175870895385742e-07, -3.632158041000366e-08, 0.77264404296875, -0.14074420928955078, -0.01936209946870804, 0.25302717089653015, 4.0978193283081055e-07, -1.4156103134155273e-07, 0.5432053804397583, -3.725290298461914e-06, 4.723668098449707e-06, 1.103057861328125, 1.1444091796875e-05, -6.631016731262207e-06, 0.8240509033203125, -0.009052559733390808, 0.023875229060649872, 0.3158416748046875, 1.7136335372924805e-07, -1.6763806343078613e-07, 0.3153613805770874, -0.0012294165790081024, -0.2804088890552521, 1.0047492980957031, 0.0012295683845877647, 0.28040462732315063, 0.1780434250831604, -0.005738455336540937, 4.1923112869262695, 1.1031255722045898, -0.08712360262870789, -0.35718584060668945, 0.555534303188324, 5.4836273193359375e-06, -2.771615982055664e-06, 1.7364659309387207, -3.7848949432373047e-06, -2.767890691757202e-06, 1.6212769746780396, -2.5853514671325684e-06, -1.1488795280456543e-05, 0.6033937335014343, 0.049088627099990845, -0.4983293116092682, -0.49181750416755676, -3.885943442583084e-06, 4.917383193969727e-07, 1.720077633857727, -3.977213054895401e-06, -2.8712674975395203e-06, 1.633895754814148, 1.862645149230957e-08, 7.6070427894592285e-06, 0.6061096787452698, 0.03803721070289612, 0.4860994517803192, -0.06373602151870728, 4.76837158203125e-06, -7.711350917816162e-07, 0.49172982573509216, -1.1920928955078125e-07, -2.086162567138672e-07, 0.49173271656036377, 0.1497974544763565, -0.004515498876571655, 0.26721417903900146, 5.736947059631348e-07, -2.2798776626586914e-06, 0.6228749752044678, 7.450580596923828e-06, -7.450580596923828e-06, 1.1016769409179688, 4.470348358154297e-08, -6.863847374916077e-07, 0.77264404296875, -0.14074444770812988, -0.01936154067516327, 0.253027081489563, 3.045424818992615e-07, -1.094769686460495e-06, 0.5432051420211792, -3.591179847717285e-06, 3.889203071594238e-06, 1.103057861328125, 1.1517666280269623e-05, -7.4803829193115234e-06, 0.824051022529602, -0.009052857756614685, 0.023875564336776733, 0.31584227085113525, 2.086162567138672e-07, 4.023313522338867e-07, 0.3153611123561859, -0.00122915580868721, -0.28040963411331177, 1.00475013256073, 0.0012298151850700378, 0.28040462732315063, 0.17804406583309174, -0.01159672625362873, 4.149965763092041, 1.1005052328109741, -0.08712346851825714, -0.357185959815979, 0.5555343627929688, 5.7220458984375e-06, -2.86102294921875e-06, 1.7364649772644043, -3.635883331298828e-06, -2.8014183044433594e-06, 1.62127685546875, -3.0994415283203125e-06, -1.1399388313293457e-05, 0.6033934354782104, 0.049088671803474426, -0.49832937121391296, -0.49181756377220154, -3.70759516954422e-06, 5.029141902923584e-07, 1.720077395439148, -3.95067036151886e-06, -2.816319465637207e-06, 1.6338958740234375, 8.102506399154663e-08, 7.621943950653076e-06, 0.606109619140625, 0.03803711384534836, 0.4860990643501282, -0.06373590230941772, 4.708766937255859e-06, -8.121132850646973e-07, 0.49172934889793396, -1.341104507446289e-07, -4.023313522338867e-07, 0.49173322319984436, 0.14979739487171173, -0.004515528678894043, 0.26721304655075073, 2.980232238769531e-07, -1.7285346984863281e-06, 0.622875452041626, 7.599592208862305e-06, -7.510185241699219e-06, 1.1016764640808105, -4.470348358154297e-08, -6.034970283508301e-07, 0.7726439833641052, -0.14074446260929108, -0.019361823797225952, 0.25302600860595703, 7.115304470062256e-07, -5.606561899185181e-07, 0.5432051420211792, -3.6030542105436325e-06, 4.014698788523674e-06, 1.1030575037002563, 1.163780689239502e-05, -7.569789886474609e-06, 0.8240506649017334, -0.009052764624357224, 0.02387535572052002, 0.31584084033966064, 1.7881393432617188e-07, 0.0, 0.3153611719608307, -0.0012294761836528778, -0.28040871024131775, 1.0047489404678345, 0.001229509711265564, 0.2804052531719208, 0.17804306745529175, -0.024767864495515823, 4.054760456085205, 1.094613790512085, -0.08712349832057953, -0.3571862578392029, 0.5555343627929688, 5.930662155151367e-06, -2.86102294921875e-06, 1.736465334892273, -3.3974647521972656e-06, -3.0025839805603027e-06, 1.6212767362594604, -2.60770320892334e-06, -1.125037670135498e-05, 0.6033934354782104, 0.04908865690231323, -0.4983295500278473, -0.491817444562912, -3.932917024940252e-06, 4.925532266497612e-07, 1.720077633857727, -3.858935087919235e-06, -2.8656795620918274e-06, 1.633895754814148, 7.683411240577698e-08, 7.584691047668457e-06, 0.606109619140625, 0.03803718462586403, 0.4860988259315491, -0.0637359470129013, 4.712492227554321e-06, -6.109476089477539e-07, 0.491729199886322, -1.4901161193847656e-08, -4.3213367462158203e-07, 0.49173328280448914, 0.14979755878448486, -0.004515230655670166, 0.26721301674842834, 3.5762786865234375e-07, -2.303209839737974e-06, 0.6228751540184021, 7.838010787963867e-06, -7.68899917602539e-06, 1.1016769409179688, 9.685754776000977e-08, -2.2351741790771484e-07, 0.7726439833641052, -0.14074435830116272, -0.019361764192581177, 0.2530266046524048, 3.0174851417541504e-07, -7.227063179016113e-07, 0.5432053208351135, -3.902241587638855e-06, 3.1050294637680054e-06, 1.103058099746704, 1.1235475540161133e-05, -7.68899917602539e-06, 0.8240508437156677, -0.009052768349647522, 0.023875415325164795, 0.3158413767814636, 8.940696716308594e-08, -8.940696716308594e-08, 0.31536024808883667, -0.0012295693159103394, -0.2804088294506073, 1.0047495365142822, 0.0012293457984924316, 0.2804050147533417, 0.17804354429244995, -0.03915875777602196, 3.9507389068603516, 1.0881768465042114, -0.08712351322174072, -0.357186496257782, 0.5555344223976135, 5.692243576049805e-06, -2.9802322387695312e-06, 1.7364656925201416, -4.06801700592041e-06, -2.987682819366455e-06, 1.62127685546875, -2.7492642402648926e-06, -1.138448715209961e-05, 0.6033934950828552, 0.04908859729766846, -0.4983297288417816, -0.4918174147605896, -3.6656856536865234e-06, 4.544854164123535e-07, 1.7200781106948853, -3.655441105365753e-06, -2.732500433921814e-06, 1.6338958740234375, 1.7462298274040222e-08, 7.651746273040771e-06, 0.606109619140625, 0.038037095218896866, 0.4860985577106476, -0.06373587250709534, 4.522502422332764e-06, -9.238719940185547e-07, 0.4917297065258026, -1.1175870895385742e-07, -5.21540641784668e-07, 0.4917343258857727, 0.14979775249958038, -0.004515230655670166, 0.2672136723995209, 1.7881393432617188e-07, -2.0265579223632812e-06, 0.6228753924369812, 7.502734661102295e-06, -7.271766662597656e-06, 1.1016772985458374, -2.682209014892578e-07, 1.1920928955078125e-07, 0.7726441621780396, -0.1407444030046463, -0.01936165988445282, 0.2530269920825958, 5.532056093215942e-07, -2.2351741790771484e-08, 0.543205201625824, -3.5390257835388184e-06, 3.680586814880371e-06, 1.1030579805374146, 1.1563301086425781e-05, -7.972121238708496e-06, 0.8240506649017334, -0.009052727371454239, 0.023875653743743896, 0.3158414363861084, 2.5331974029541016e-07, -2.980232238769531e-07, 0.31536030769348145, -0.001229405403137207, -0.2804088890552521, 1.0047491788864136, 0.0012294948101043701, 0.2804050147533417, 0.1780431568622589, -0.05101838707923889, 3.865013837814331, 1.0828721523284912, -0.08712353557348251, -0.35718634724617004, 0.555534303188324, 5.841255187988281e-06, -2.8908252716064453e-06, 1.7364654541015625, -3.7997961044311523e-06, -2.8386712074279785e-06, 1.621276617050171, -3.2279640436172485e-06, -1.1458992958068848e-05, 0.6033936738967896, 0.04908865690231323, -0.4983295202255249, -0.4918175935745239, -3.7550926208496094e-06, 4.3213367462158203e-07, 1.720077633857727, -3.818422555923462e-06, -2.868473529815674e-06, 1.633895754814148, 3.771856427192688e-08, 7.666647434234619e-06, 0.6061096787452698, 0.03803718835115433, 0.48609939217567444, -0.06373599916696548, 4.51505184173584e-06, -8.493661880493164e-07, 0.4917301535606384, 5.960464477539063e-08, -3.8743019104003906e-07, 0.49173346161842346, 0.1497974544763565, -0.004515290260314941, 0.2672136127948761, 1.7881393432617188e-07, -2.0116567611694336e-06, 0.6228750348091125, 7.569789886474609e-06, -7.878988981246948e-06, 1.1016771793365479, -2.9802322387695312e-08, -6.705522537231445e-07, 0.7726438045501709, -0.14074444770812988, -0.019361644983291626, 0.25302714109420776, 5.08967787027359e-07, -6.854534149169922e-07, 0.5432053208351135, -3.7923455238342285e-06, 4.290835931897163e-06, 1.103057861328125, 1.150369644165039e-05, -7.659196853637695e-06, 0.8240507245063782, -0.009052783250808716, 0.02387559413909912, 0.3158417046070099, 4.172325134277344e-07, 2.9802322387695312e-08, 0.31536033749580383, -0.0012296587228775024, -0.28040942549705505, 1.0047492980957031, 0.001229405403137207, 0.280404657125473, 0.17804363369941711, -0.06277945637702942, 3.780001163482666, 1.0776114463806152, -0.08712347596883774, -0.3571864366531372, 0.555534303188324, 5.900859832763672e-06, -2.8908252716064453e-06, 1.736465334892273, -3.591179847717285e-06, -2.8014183044433594e-06, 1.62127685546875, -2.903863787651062e-06, -1.150369644165039e-05, 0.6033936738967896, 0.049088746309280396, -0.4983297288417816, -0.49181750416755676, -3.874301910400391e-06, 4.470348358154297e-07, 1.7200775146484375, -3.777444362640381e-06, -2.8908252716064453e-06, 1.633895993232727, -1.825392246246338e-07, 7.651746273040771e-06, 0.606109619140625, 0.03803734481334686, 0.48609861731529236, -0.06373591721057892, 4.649162292480469e-06, -9.238719940185547e-07, 0.4917295575141907, 5.960464477539063e-08, -2.980232238769531e-07, 0.4917338490486145, 0.14979740977287292, -0.00451543927192688, 0.2672140598297119, 2.980232238769531e-07, -2.041459083557129e-06, 0.6228752136230469, 7.62939453125e-06, -7.748603820800781e-06, 1.1016768217086792, -1.1920928955078125e-07, -1.043081283569336e-07, 0.7726439833641052, -0.14074449241161346, -0.01936185359954834, 0.253027081489563, 7.487833499908447e-07, -6.984919309616089e-07, 0.5432053804397583, -3.859400749206543e-06, 3.4943222999572754e-06, 1.103057622909546, 1.1563301086425781e-05, -7.644295692443848e-06, 0.824050784111023, -0.009052872657775879, 0.023875445127487183, 0.3158418536186218, 1.341104507446289e-07, 0.0, 0.315361350774765, -0.001229509711265564, -0.28040897846221924, 1.004749059677124, 0.0012295395135879517, 0.2804047763347626, 0.17804333567619324, -0.08012007176876068, 3.6546576023101807, 1.0698550939559937, -0.08712343871593475, -0.357185959815979, 0.555534303188324, 5.453824996948242e-06, -2.7418136596679688e-06, 1.7364656925201416, -3.6656856536865234e-06, -2.913177013397217e-06, 1.6212767362594604, -2.860790118575096e-06, -1.1369585990905762e-05, 0.6033935546875, 0.04908856749534607, -0.49832937121391296, -0.4918174147605896, -3.7848949432373047e-06, 2.980232238769531e-07, 1.7200772762298584, -3.7588179111480713e-06, -2.8908252716064453e-06, 1.633895754814148, 1.1175870895385742e-08, 7.599592208862305e-06, 0.6061096787452698, 0.03803730010986328, 0.4860990345478058, -0.06373588740825653, 4.656612873077393e-06, -1.1026859283447266e-06, 0.4917295575141907, 5.21540641784668e-08, -4.172325134277344e-07, 0.491732656955719, 0.1497974991798401, -0.0045155733823776245, 0.2672135531902313, 2.980232238769531e-07, -1.430511474609375e-06, 0.6228753328323364, 7.420778274536133e-06, -8.165836334228516e-06, 1.1016762256622314, -1.7881393432617188e-07, 1.7881393432617188e-07, 0.7726437449455261, -0.14074428379535675, -0.019362032413482666, 0.2530267834663391, 1.341104507446289e-07, -8.21426510810852e-07, 0.5432052612304688, -3.7476420402526855e-06, 3.6954879760742188e-06, 1.1030579805374146, 1.1399388313293457e-05, -7.394701242446899e-06, 0.8240505456924438, -0.009052790701389313, 0.023875296115875244, 0.31584155559539795, 3.2782554626464844e-07, 8.940696716308594e-08, 0.31536105275154114, -0.001229599118232727, -0.28040850162506104, 1.0047492980957031, 0.0012292414903640747, 0.28040531277656555, 0.1780432164669037, -0.10651014745235443, 3.463901996612549, 1.0580508708953857, -0.08712344616651535, -0.357186496257782, 0.5555344223976135, 5.46872615814209e-06, -2.86102294921875e-06, 1.736465334892273, -3.7997961044311523e-06, -3.0025839805603027e-06, 1.62127685546875, -3.1085219234228134e-06, -1.1585652828216553e-05, 0.6033935546875, 0.049088627099990845, -0.4983295202255249, -0.49181753396987915, -3.7401914596557617e-06, 5.811452865600586e-07, 1.720077633857727, -3.834255039691925e-06, -2.868473529815674e-06, 1.633895754814148, -1.4901161193847656e-08, 7.644295692443848e-06, 0.6061096787452698, 0.038037218153476715, 0.4860991835594177, -0.06373604387044907, 4.578381776809692e-06, -9.015202522277832e-07, 0.4917297065258026, 2.9802322387695312e-08, -5.438923835754395e-07, 0.4917336106300354, 0.14979751408100128, -0.004515357315540314, 0.26721447706222534, 4.172325134277344e-07, -2.592802047729492e-06, 0.6228752732276917, 7.838010787963867e-06, -7.68899917602539e-06, 1.1016767024993896, 5.960464477539063e-08, 1.1920928955078125e-07, 0.7726442813873291, -0.1407444179058075, -0.019361600279808044, 0.2530272305011749, 5.960464477539062e-07, -7.455237209796906e-07, 0.5432054996490479, -3.8370490074157715e-06, 3.6582350730895996e-06, 1.1030579805374146, 1.1488795280456543e-05, -7.696449756622314e-06, 0.8240506052970886, -0.009052708745002747, 0.023875638842582703, 0.3158418536186218, 1.9371509552001953e-07, 5.960464477539063e-08, 0.3153610825538635, -0.0012293681502342224, -0.28040868043899536, 1.004749059677124, 0.001229599118232727, 0.2804049849510193, 0.17804309725761414, -0.12346034497022629, 3.3413805961608887, 1.050469160079956, -0.08712351322174072, -0.3571862280368805, 0.555534303188324, 5.796551704406738e-06, -2.86102294921875e-06, 1.7364654541015625, -3.7848949432373047e-06, -2.8721988201141357e-06, 1.6212769746780396, -3.1606759876012802e-06, -1.1436641216278076e-05, 0.6033935546875, 0.04908859729766846, -0.49832937121391296, -0.4918174743652344, -3.6656856536865234e-06, 2.682209014892578e-07, 1.7200778722763062, -3.95067036151886e-06, -2.950429916381836e-06, 1.6338958740234375, 0.0, 7.584691047668457e-06, 0.606109619140625, 0.03803720325231552, 0.4860992133617401, -0.06373602151870728, 4.71062958240509e-06, -9.32253897190094e-07, 0.49172940850257874, 4.470348358154297e-08, -9.08970832824707e-07, 0.4917338490486145, 0.14979740977287292, -0.0045157670974731445, 0.267214298248291, 3.2782554626464844e-07, -2.205371856689453e-06, 0.6228753328323364, 7.331371307373047e-06, -7.703900337219238e-06, 1.101677417755127, -2.9802322387695312e-08, -4.470348358154297e-08, 0.7726439237594604, -0.14074435830116272, -0.01936173439025879, 0.2530267536640167, 4.172325134277344e-07, -5.932524800300598e-07, 0.5432052612304688, -3.7169083952903748e-06, 3.934837877750397e-06, 1.1030579805374146, 1.1354684829711914e-05, -7.4356794357299805e-06, 0.8240512609481812, -0.009052738547325134, 0.02387520670890808, 0.3158416152000427, 1.3504177331924438e-07, 1.6391277313232422e-07, 0.3153609037399292, -0.0012294352054595947, -0.2804090082645416, 1.0047492980957031, 0.0012295693159103394, 0.2804046869277954, 0.178043395280838, -0.13142584264278412, 3.2838034629821777, 1.0469062328338623, -0.08712340891361237, -0.3571862578392029, 0.5555342435836792, 5.9604644775390625e-06, -2.8014183044433594e-06, 1.736465334892273, -4.023313522338867e-06, -2.9727816581726074e-06, 1.62127685546875, -2.9266811907291412e-06, -1.150369644165039e-05, 0.6033934354782104, 0.04908865690231323, -0.49832960963249207, -0.49181753396987915, -4.023313522338867e-06, 5.066394805908203e-07, 1.7200775146484375, -3.900378942489624e-06, -2.823770046234131e-06, 1.633895754814148, -6.705522537231445e-08, 7.569789886474609e-06, 0.606109619140625, 0.03803717717528343, 0.48609939217567444, -0.0637359693646431, 4.7079811338335276e-06, -6.258487701416016e-07, 0.491729199886322, 1.043081283569336e-07, -1.7881393432617188e-07, 0.4917338192462921, 0.14979754388332367, -0.004515200853347778, 0.26721447706222534, 1.6391277313232422e-07, -1.9371509552001953e-06, 0.6228752136230469, 7.5623393058776855e-06, -7.82497227191925e-06, 1.1016770601272583, 5.960464477539063e-08, -1.4901161193847656e-08, 0.77264404296875, -0.14074446260929108, -0.01936119794845581, 0.2530271112918854, 5.960464477539062e-07, -1.6903504729270935e-07, 0.5432047843933105, -3.810971975326538e-06, 3.737863153219223e-06, 1.103058099746704, 1.1354684829711914e-05, -7.830560207366943e-06, 0.8240509629249573, -0.009052813053131104, 0.023875683546066284, 0.31584233045578003, 1.7974525690078735e-07, 1.1688098311424255e-07, 0.3153609037399292, -0.0012294352054595947, -0.28040897846221924, 1.0047496557235718, 0.0012294948101043701, 0.28040504455566406, 0.1780436635017395, -0.12012635916471481, 3.3654797077178955, 1.0519604682922363, -0.08712352812290192, -0.35718607902526855, 0.5555343627929688, 5.781650543212891e-06, -2.9802322387695312e-06, 1.736465334892273, -3.919005393981934e-06, -2.837739884853363e-06, 1.621277093887329, -2.825632691383362e-06, -1.1339783668518066e-05, 0.6033936142921448, 0.049088627099990845, -0.49832943081855774, -0.4918175935745239, -3.769993782043457e-06, 5.066394805908203e-07, 1.720077633857727, -3.5241246223449707e-06, -2.8014183044433594e-06, 1.633895993232727, -9.12696123123169e-08, 7.569789886474609e-06, 0.6061096787452698, 0.03803715109825134, 0.48609957098960876, -0.06373601406812668, 4.599802196025848e-06, -6.463378667831421e-07, 0.4917294383049011, -5.21540641784668e-08, -5.662441253662109e-07, 0.4917340576648712, 0.1497974991798401, -0.004515588283538818, 0.2672133147716522, 2.384185791015625e-07, -1.6391277313232422e-06, 0.6228751540184021, 7.554888725280762e-06, -8.024275302886963e-06, 1.1016764640808105, -1.1920928955078125e-07, -8.940696716308594e-08, 0.77264404296875, -0.1407444179058075, -0.019361943006515503, 0.25302666425704956, 5.066394805908203e-07, -6.668269634246826e-07, 0.5432051420211792, -3.933906555175781e-06, 3.926455974578857e-06, 1.1030571460723877, 1.1488795280456543e-05, -7.2196125984191895e-06, 0.8240508437156677, -0.009052738547325134, 0.02387543022632599, 0.3158409595489502, 1.862645149230957e-07, 3.650784492492676e-07, 0.31536099314689636, -0.0012295544147491455, -0.28040868043899536, 1.004749059677124, 0.001229405403137207, 0.2804051637649536, 0.17804306745529175, -0.11331897974014282, 3.4146854877471924, 1.0550053119659424, -0.08712348341941833, -0.3571864366531372, 0.5555344820022583, 5.5730342864990234e-06, -3.159046173095703e-06, 1.7364656925201416, -3.7848949432373047e-06, -2.866145223379135e-06, 1.6212769746780396, -3.11434268951416e-06, -1.1444091796875e-05, 0.6033933162689209, 0.04908868670463562, -0.49832969903945923, -0.49181753396987915, -3.7997961044311523e-06, 4.76837158203125e-07, 1.720077633857727, -3.6563724279403687e-06, -2.9318034648895264e-06, 1.633895754814148, -3.864988684654236e-08, 7.569789886474609e-06, 0.6061097383499146, 0.038037218153476715, 0.48609912395477295, -0.06373587995767593, 4.6193599700927734e-06, -6.705522537231445e-07, 0.4917293190956116, -3.632158041000366e-08, -2.2165477275848389e-07, 0.491733193397522, 0.1497974991798401, -0.004515215754508972, 0.2672141194343567, -8.940696716308594e-08, -1.7583370208740234e-06, 0.6228751540184021, 7.838010787963867e-06, -7.659196853637695e-06, 1.1016771793365479, -1.7881393432617188e-07, 1.1920928955078125e-07, 0.77264404296875, -0.1407443732023239, -0.019361693412065506, 0.2530272603034973, 3.501772880554199e-07, -4.3958425521850586e-07, 0.5432051420211792, -3.993511199951172e-06, 3.948807716369629e-06, 1.103057861328125, 1.1239200830459595e-05, -6.901100277900696e-06, 0.8240509033203125, -0.009052691049873829, 0.023875463753938675, 0.3158418834209442, 2.384185791015625e-07, 1.7881393432617188e-07, 0.3153611123561859, -0.0012295693159103394, -0.2804083824157715, 1.0047491788864136, 0.0012294650077819824, 0.28040534257888794, 0.17804348468780518, -0.1052408218383789, 3.4730770587921143, 1.0586186647415161, -0.0871235579252243, -0.3571864664554596, 0.5555343627929688, 5.364418029785156e-06, -2.7865171432495117e-06, 1.7364654541015625, -4.112720489501953e-06, -3.032386302947998e-06, 1.6212767362594604, -2.8759241104125977e-06, -1.1593103408813477e-05, 0.6033934354782104, 0.049088478088378906, -0.4983295798301697, -0.4918174147605896, -3.7848949432373047e-06, 3.8743019104003906e-07, 1.7200777530670166, -3.84356826543808e-06, -2.8461217880249023e-06, 1.6338958740234375, 1.1827796697616577e-07, 7.636845111846924e-06, 0.606109619140625, 0.03803708776831627, 0.4860992133617401, -0.06373602896928787, 4.51505184173584e-06, -7.450580596923828e-07, 0.49172937870025635, -7.450580596923828e-08, -3.129243850708008e-07, 0.49173295497894287, 0.1497974693775177, -0.004515469074249268, 0.26721489429473877, 0.0, -1.911073923110962e-06, 0.6228750944137573, 7.569789886474609e-06, -7.331371307373047e-06, 1.1016771793365479, -1.30385160446167e-07, 2.086162567138672e-07, 0.77264404296875, -0.1407444030046463, -0.01936189830303192, 0.25302794575691223, 5.081528797745705e-07, -6.181653589010239e-07, 0.543205201625824, -3.7029385566711426e-06, 3.814697265625e-06, 1.1030582189559937, 1.150369644165039e-05, -7.599592208862305e-06, 0.8240508437156677, -0.009052783250808716, 0.023875683546066284, 0.3158422112464905, 1.4901161193847656e-07, 2.682209014892578e-07, 0.3153609037399292, -0.0012296512722969055, -0.2804080545902252, 1.004749059677124, 0.001229405403137207, 0.2804056406021118, 0.1780431717634201, -0.09895429760217667, 3.5185179710388184, 1.06143057346344, -0.08712369203567505, -0.3571862578392029, 0.5555343627929688, 5.602836608886719e-06, -2.8312206268310547e-06, 1.7364658117294312, -3.6954879760742188e-06, -2.9047951102256775e-06, 1.621276617050171, -3.1068921089172363e-06, -1.1593103408813477e-05, 0.6033936738967896, 0.049088507890701294, -0.4983297288417816, -0.491817444562912, -3.87243926525116e-06, 3.8743019104003906e-07, 1.7200775146484375, -3.747700247913599e-06, -2.868473529815674e-06, 1.6338958740234375, 1.0244548320770264e-07, 7.621943950653076e-06, 0.606109619140625, 0.03803710266947746, 0.4860994517803192, -0.0637359768152237, 4.827510565519333e-06, -9.061768651008606e-07, 0.49172934889793396, -1.4901161193847656e-08, -3.203749656677246e-07, 0.491733193397522, 0.14979739487171173, -0.004515141248703003, 0.26721352338790894, 2.980232238769531e-07, -1.5050172805786133e-06, 0.6228752136230469, 7.599592208862305e-06, -7.405877113342285e-06, 1.1016769409179688, 2.5331974029541016e-07, -1.4901161193847656e-08, 0.7726439237594604, -0.14074446260929108, -0.019361600279808044, 0.2530269920825958, 4.55416738986969e-07, -5.885958671569824e-07, 0.5432056188583374, -3.721565008163452e-06, 3.859400749206543e-06, 1.1030572652816772, 1.138751395046711e-05, -7.329508662223816e-06, 0.8240509033203125, -0.009052827954292297, 0.02387554943561554, 0.3158414959907532, 1.4901161193847656e-07, -7.450580596923828e-08, 0.3153609037399292, -0.001229412853717804, -0.28040891885757446, 1.0047492980957031, 0.0012296396307647228, 0.28040486574172974, 0.1780434250831604, -0.10056379437446594, 3.5068840980529785, 1.0607106685638428, -0.08712342381477356, -0.35718604922294617, 0.5555342435836792, 5.662441253662109e-06, -2.9653310775756836e-06, 1.7364654541015625, -3.814697265625e-06, -2.8014183044433594e-06, 1.621276617050171, -2.853572368621826e-06, -1.1518597602844238e-05, 0.6033935546875, 0.049088701605796814, -0.4983295798301697, -0.49181750416755676, -4.1185412555933e-06, 3.129243850708008e-07, 1.720077395439148, -4.019821062684059e-06, -2.8409995138645172e-06, 1.633895754814148, 1.210719347000122e-08, 7.636845111846924e-06, 0.606109619140625, 0.038037240505218506, 0.48609933257102966, -0.0637359619140625, 4.602596163749695e-06, -7.147900760173798e-07, 0.49172961711883545, -8.754432201385498e-08, -4.85684722661972e-07, 0.4917333722114563, 0.1497974693775177, -0.004515502601861954, 0.26721346378326416, 3.129243850708008e-07, -1.8328428268432617e-06, 0.6228752136230469, 7.718801498413086e-06, -7.6070427894592285e-06, 1.1016769409179688, 1.1175870895385742e-07, -1.9371509552001953e-07, 0.7726439833641052, -0.1407443881034851, -0.019361965358257294, 0.253027081489563, 3.5762786865234375e-07, -1.341104507446289e-07, 0.5432052612304688, -3.688037395477295e-06, 3.7942081689834595e-06, 1.1030585765838623, 1.1518597602844238e-05, -8.337199687957764e-06, 0.8240509629249573, -0.009052757173776627, 0.02387552335858345, 0.315841406583786, 2.0675361156463623e-07, 3.7066638469696045e-07, 0.31536081433296204, -0.0012295236811041832, -0.2804086208343506, 1.0047492980957031, 0.0012294857297092676, 0.2804053723812103, 0.17804338037967682, -0.1076071634888649, 3.45597243309021, 1.0575602054595947, -0.08712344616651535, -0.3571864068508148, 0.5555344820022583, 5.841255187988281e-06, -3.0547380447387695e-06, 1.7364654541015625, -3.7550926208496094e-06, -2.987682819366455e-06, 1.62127685546875, -2.78279185295105e-06, -1.150369644165039e-05, 0.6033934950828552, 0.049088649451732635, -0.4983295798301697, -0.4918174147605896, -4.001893103122711e-06, 4.023313522338867e-07, 1.720077633857727, -3.939028829336166e-06, -2.853572368621826e-06, 1.633895754814148, 1.1362135410308838e-07, 7.636845111846924e-06, 0.6061096787452698, 0.03803728520870209, 0.4860991835594177, -0.06373590230941772, 4.742294549942017e-06, -9.314026101492345e-07, 0.49172982573509216, 0.0, -8.118804544210434e-07, 0.4917336702346802, 0.14979752898216248, -0.004515119828283787, 0.2672140598297119, -1.4854595065116882e-07, -2.098502591252327e-06, 0.6228750348091125, 7.68899917602539e-06, -7.897615432739258e-06, 1.1016769409179688, -5.960464477539063e-08, -5.960464477539063e-08, 0.7726438641548157, -0.14074429869651794, -0.01936153694987297, 0.2530270516872406, 5.066394805908203e-07, -4.172325134277344e-07, 0.5432050824165344, -3.919005393981934e-06, 3.814697265625e-06, 1.1030579805374146, 1.1499971151351929e-05, -8.355826139450073e-06, 0.8240507245063782, -0.00905267521739006, 0.023875679820775986, 0.3158422112464905, 1.771841198205948e-07, -3.434251993894577e-07, 0.3153613209724426, -0.001229405403137207, -0.2804085910320282, 1.0047489404678345, 0.001229647547006607, 0.28040507435798645, 0.17804330587387085, -0.10777358710765839, 3.4547693729400635, 1.057485818862915, -0.08712328970432281, -0.3571867346763611, 0.5555342435836792, 5.841255187988281e-06, -2.995133399963379e-06, 1.7364656925201416, -3.6656856536865234e-06, -2.9653310775756836e-06, 1.6212767362594604, -3.0221417546272278e-06, -1.154094934463501e-05, 0.6033937931060791, 0.04908876493573189, -0.4983298182487488, -0.4918176531791687, -3.818422555923462e-06, 6.854534149169922e-07, 1.7200775146484375, -3.7960708141326904e-06, -2.8312206268310547e-06, 1.6338956356048584, -2.1653249859809875e-07, 7.651746273040771e-06, 0.6061096787452698, 0.038037240505218506, 0.48609891533851624, -0.06373615562915802, 4.716217517852783e-06, -6.956979632377625e-07, 0.4917297065258026, 4.6100467443466187e-08, -4.3585896492004395e-07, 0.49173349142074585, 0.1497974991798401, -0.004515405744314194, 0.2672140300273895, 5.364418029785156e-07, -1.5273690223693848e-06, 0.6228750944137573, 8.225440979003906e-06, -7.927417755126953e-06, 1.1016770601272583, -6.854534149169922e-07, 3.2782554626464844e-07, 0.7726439833641052, -0.1407444179058075, -0.019361287355422974, 0.2530265152454376, 1.043081283569336e-07, -5.066394805908203e-07, 0.5432050824165344, -3.382563591003418e-06, 3.874301910400391e-06, 1.103057622909546, 1.136772334575653e-05, -7.789582014083862e-06, 0.8240509629249573, -0.009052768349647522, 0.023875746876001358, 0.31584182381629944, 1.4831312000751495e-07, 2.0046718418598175e-07, 0.3153609335422516, -0.0012294352054595947, -0.28040874004364014, 1.0047494173049927, 0.0012294426560401917, 0.28040558099746704, 0.1780434399843216, -0.11041346192359924, 3.43568754196167, 1.056304931640625, -0.08712361752986908, -0.3571861684322357, 0.5555343627929688, 5.900859832763672e-06, -2.7194619178771973e-06, 1.7364654541015625, -3.5762786865234375e-06, -2.7865171432495117e-06, 1.6212769746780396, -2.909451723098755e-06, -1.1526048183441162e-05, 0.6033936738967896, 0.04908856004476547, -0.4983295798301697, -0.4918174147605896, -3.8333237171173096e-06, 3.818422555923462e-07, 1.7200777530670166, -3.814697265625e-06, -2.853572368621826e-06, 1.6338958740234375, 2.2351741790771484e-08, 7.666647434234619e-06, 0.6061096787452698, 0.03803720325231552, 0.4860992133617401, -0.06373591721057892, 4.686415195465088e-06, -6.649643182754517e-07, 0.49172937870025635, -4.470348358154297e-08, -8.791685104370117e-07, 0.4917336106300354, 0.14979739487171173, -0.004515700042247772, 0.2672135531902313, -1.4156103134155273e-07, -1.9073486328125e-06, 0.622875452041626, 6.77257776260376e-06, -7.62939453125e-06, 1.1016769409179688, 2.2351741790771484e-07, 0.0, 0.7726441621780396, -0.14074447751045227, -0.019362181425094604, 0.2530268430709839, 2.4400651454925537e-07, -1.0579824447631836e-06, 0.5432049036026001, -4.202127456665039e-06, 3.814697265625e-06, 1.103057861328125, 1.1228024959564209e-05, -7.316470146179199e-06, 0.8240506052970886, -0.009052891284227371, 0.02387523651123047, 0.31584104895591736, 1.5282421372830868e-07, 7.741618901491165e-09, 0.3153609335422516, -0.0012295246124267578, -0.28040847182273865, 1.0047494173049927, 0.0012294948101043701, 0.2804051637649536, 0.17804346978664398, -0.10753509402275085, 3.456493377685547, 1.057592511177063, -0.08712365478277206, -0.3571864664554596, 0.5555344223976135, 5.364418029785156e-06, -2.995133399963379e-06, 1.7364652156829834, -3.546476364135742e-06, -3.0994415283203125e-06, 1.6212772130966187, -2.866610884666443e-06, -1.1771917343139648e-05, 0.6033939123153687, 0.04908852279186249, -0.49832960963249207, -0.4918173849582672, -3.880821168422699e-06, 3.4831464290618896e-07, 1.7200777530670166, -3.91155481338501e-06, -2.913177013397217e-06, 1.6338958740234375, -6.332993507385254e-08, 7.580965757369995e-06, 0.6061094999313354, 0.03803720325231552, 0.4860990047454834, -0.06373579055070877, 4.667788743972778e-06, -1.1771917343139648e-06, 0.4917292594909668, -2.9802322387695312e-08, -7.301568984985352e-07, 0.4917341470718384, 0.14979742467403412, -0.004515156149864197, 0.26721376180648804, 6.681075319647789e-07, -2.07370612770319e-06, 0.6228752136230469, 7.243826985359192e-06, -7.72625207901001e-06, 1.1016767024993896, -5.62518835067749e-07, 7.450580596923828e-09, 0.77264404296875, -0.14074444770812988, -0.019361287355422974, 0.2530268132686615, 9.685754776000977e-08, -1.1175870895385742e-06, 0.5432050824165344, -3.993511199951172e-06, 3.635883331298828e-06, 1.103057861328125, 1.1458992958068848e-05, -7.748603820800781e-06, 0.824050784111023, -0.009052835404872894, 0.023875802755355835, 0.3158416450023651, 2.4656765162944794e-07, -4.698522388935089e-07, 0.315361350774765, -0.0012295246124267578, -0.2804090976715088, 1.0047494173049927, 0.0012294650077819824, 0.2804048955440521, 0.1780434250831604, -0.09995867311954498, 3.511258125305176, 1.0609813928604126, -0.08712338656187057, -0.35718652606010437, 0.5555343627929688, 5.781650543212891e-06, -3.337860107421875e-06, 1.7364652156829834, -3.904104232788086e-06, -2.8908252716064453e-06, 1.6212769746780396, -3.039836883544922e-06, -1.1265277862548828e-05, 0.6033937931060791, 0.04908877611160278, -0.4983299970626831, -0.49181750416755676, -3.8137659430503845e-06, 3.213062882423401e-07, 1.7200777530670166, -3.904104232788086e-06, -2.868473529815674e-06, 1.633895993232727, 1.3737007975578308e-07, 7.636845111846924e-06, 0.606109619140625, 0.038037367165088654, 0.48609885573387146, -0.0637359544634819, 4.61190938949585e-06, -6.92903995513916e-07, 0.4917297959327698, -1.4901161193847656e-08, -7.301568984985352e-07, 0.4917339086532593, 0.1497974395751953, -0.004515469074249268, 0.26721346378326416, -1.4901161193847656e-08, -1.4808028936386108e-06, 0.6228751540184021, 6.839632987976074e-06, -7.3909759521484375e-06, 1.1016769409179688, -4.05358150601387e-07, -7.450580596923828e-09, 0.7726442217826843, -0.1407444328069687, -0.019361436367034912, 0.2530261278152466, 6.705522537231445e-08, -5.364418029785156e-07, 0.5432051420211792, -4.425644874572754e-06, 3.9637088775634766e-06, 1.103057861328125, 1.1578202247619629e-05, -7.808208465576172e-06, 0.824050784111023, -0.009052753448486328, 0.023875370621681213, 0.31584128737449646, 1.494772732257843e-07, -4.6892091631889343e-07, 0.3153609335422516, -0.0012296438217163086, -0.2804087698459625, 1.0047492980957031, 0.0012294203042984009, 0.2804051339626312, 0.17804352939128876, -0.08897501975297928, 3.590651273727417, 1.0658942461013794, -0.08712355047464371, -0.35718628764152527, 0.5555342435836792, 5.662441253662109e-06, -3.0994415283203125e-06, 1.736465334892273, -3.874301910400391e-06, -2.86102294921875e-06, 1.6212764978408813, -2.8312206268310547e-06, -1.1488795280456543e-05, 0.6033933758735657, 0.04908837378025055, -0.49832963943481445, -0.49181750416755676, -3.838445991277695e-06, 4.7031790018081665e-07, 1.720077395439148, -3.859400749206543e-06, -2.9210932552814484e-06, 1.633895993232727, 1.0360963642597198e-08, 7.640337571501732e-06, 0.606109619140625, 0.03803709149360657, 0.4860987365245819, -0.0637359693646431, 4.664063453674316e-06, -9.387731552124023e-07, 0.49172961711883545, 1.4901161193847656e-07, -2.384185791015625e-07, 0.4917338490486145, 0.14979760348796844, -0.004515334963798523, 0.2672140896320343, -3.91155481338501e-08, -2.3581087589263916e-06, 0.6228753924369812, 7.897615432739258e-06, -7.4356794357299805e-06, 1.1016770601272583, 5.681067705154419e-08, -2.9802322387695312e-08, 0.7726439237594604, -0.14074426889419556, -0.019361674785614014, 0.2530273199081421, 7.562339305877686e-07, -1.0728836059570312e-06, 0.5432054400444031, -3.4123659133911133e-06, 3.7550926208496094e-06, 1.103057861328125, 1.1414289474487305e-05, -7.539987564086914e-06, 0.8240509033203125, -0.00905260443687439, 0.023875579237937927, 0.3158418536186218, 2.7939677238464355e-09, 3.632158041000366e-07, 0.3153608441352844, -0.0012294650077819824, -0.28040850162506104, 1.0047491788864136, 0.0012293606996536255, 0.2804059684276581, 0.17804311215877533, -0.07502252608537674, 3.6915042400360107, 1.0721352100372314, -0.08712350577116013, -0.35718628764152527, 0.5555343627929688, 5.7220458984375e-06, -2.7120113372802734e-06, 1.7364652156829834, -4.112720489501953e-06, -3.039836883544922e-06, 1.6212769746780396, -2.8386712074279785e-06, -1.1667609214782715e-05, 0.6033935546875, 0.049088627099990845, -0.49832940101623535, -0.49181750416755676, -3.863126039505005e-06, 5.811452865600586e-07, 1.720077633857727, -3.866851329803467e-06, -2.8908252716064453e-06, 1.6338961124420166, 2.5122426450252533e-07, 7.698778063058853e-06, 0.6061095595359802, 0.03803732246160507, 0.4860988259315491, -0.06373590975999832, 4.678964614868164e-06, -9.462237358093262e-07, 0.4917297959327698, -6.51925802230835e-09, -7.152557373046875e-07, 0.4917334020137787, 0.14979758858680725, -0.004515752196311951, 0.26721400022506714, 3.725290298461914e-08, -2.173241227865219e-06, 0.6228752136230469, 7.897615432739258e-06, -7.718801498413086e-06, 1.1016769409179688, 1.3783574104309082e-07, 2.980232238769531e-07, 0.7726443409919739, -0.1407443881034851, -0.01936180889606476, 0.25302696228027344, 2.8312206268310547e-07, -3.2782554626464844e-07, 0.5432050228118896, -3.978610038757324e-06, 3.993511199951172e-06, 1.103057861328125, 1.1295080184936523e-05, -7.525086402893066e-06, 0.824051022529602, -0.009052768349647522, 0.02387535572052002, 0.31584179401397705, 1.1175870895385742e-07, 2.5331974029541016e-07, 0.31536081433296204, -0.0012294948101043701, -0.2804085910320282, 1.0047492980957031, 0.0012295618653297424, 0.2804049551486969, 0.17804336547851562, -0.05373145267367363, 3.845402956008911, 1.0816586017608643, -0.08712350577116013, -0.3571864068508148, 0.5555343627929688, 6.020069122314453e-06, -2.7418136596679688e-06, 1.7364650964736938, -3.933906555175781e-06, -2.9802322387695312e-06, 1.62127685546875, -3.1888484954833984e-06, -1.1548399925231934e-05, 0.6033934354782104, 0.04908851906657219, -0.4983297288417816, -0.49181753396987915, -3.857538104057312e-06, 3.501772880554199e-07, 1.7200772762298584, -3.866851329803467e-06, -2.8908252716064453e-06, 1.6338956356048584, -1.7974525690078735e-07, 7.633119821548462e-06, 0.606109619140625, 0.03803722560405731, 0.4860993027687073, -0.0637359693646431, 4.559755325317383e-06, -1.037493348121643e-06, 0.49172964692115784, 1.1920928955078125e-07, -6.780028343200684e-07, 0.4917337894439697, 0.1497974991798401, -0.004515267908573151, 0.26721370220184326, 7.599592208862305e-07, -2.425163984298706e-06, 0.6228751540184021, 8.016824722290039e-06, -7.539987564086914e-06, 1.1016765832901, -3.129243850708008e-07, 3.762543201446533e-07, 0.7726439237594604, -0.14074426889419556, -0.019361957907676697, 0.2530275881290436, 4.172325134277344e-07, 2.980232238769531e-07, 0.5432054400444031, -3.993511199951172e-06, 3.904104232788086e-06, 1.1030575037002563, 1.1705327779054642e-05, -8.44709575176239e-06, 0.8240508437156677, -0.00905279815196991, 0.023875422775745392, 0.3158416152000427, 6.332993507385254e-08, 2.1606683731079102e-07, 0.3153610825538635, -0.0012295395135879517, -0.2804087996482849, 1.0047496557235718, 0.0012294501066207886, 0.2804051637649536, 0.17804355919361115, -0.020563727244734764, 4.08514928817749, 1.0964943170547485, -0.087123803794384, -0.3571861684322357, 0.5555343627929688, 5.543231964111328e-06, -2.8014183044433594e-06, 1.736465334892273, -3.606081008911133e-06, -2.652406692504883e-06, 1.6212769746780396, -3.1515955924987793e-06, -1.1742115020751953e-05, 0.6033937931060791, 0.04908839240670204, -0.4983294606208801, -0.49181753396987915, -3.933906555175781e-06, 5.150213837623596e-07, 1.7200772762298584, -3.769993782043457e-06, -2.857297658920288e-06, 1.633895993232727, 2.1955929696559906e-07, 7.632654160261154e-06, 0.606109619140625, 0.03803690895438194, 0.48609960079193115, -0.0637359619140625, 4.626810550689697e-06, -8.00006091594696e-07, 0.4917295277118683, 8.940696716308594e-08, -6.444752216339111e-07, 0.4917335510253906, 0.14979763329029083, -0.00451558455824852, 0.26721426844596863, -1.0058283805847168e-07, -2.2724270820617676e-06, 0.6228752732276917, 7.897615432739258e-06, -7.936730980873108e-06, 1.1016771793365479, -7.450580596923828e-08, 5.923211574554443e-07, 0.77264404296875, -0.14074411988258362, -0.01936200261116028, 0.2530275583267212, 6.854534149169922e-07, -1.4901161193847656e-07, 0.5432054400444031, -3.4868717193603516e-06, 3.7848949432373047e-06, 1.1030582189559937, 1.1265277862548828e-05, -7.383525371551514e-06, 0.824051022529602, -0.009052515029907227, 0.023875325918197632, 0.3158423900604248, 1.1362135410308838e-07, 1.564621925354004e-07, 0.31536123156547546, -0.0012293905019760132, -0.28040868043899536, 1.0047497749328613, 0.001229550689458847, 0.2804054915904999, 0.17804352939128876, -0.0009083142504096031, 4.227224826812744, 1.1052861213684082, -0.08712354302406311, -0.35718610882759094, 0.5555342435836792, 5.543231964111328e-06, -3.2186508178710938e-06, 1.7364654541015625, -3.6656856536865234e-06, -2.86102294921875e-06, 1.62127685546875, -2.723187208175659e-06, -1.1563301086425781e-05, 0.6033935546875, 0.04908846318721771, -0.4983293414115906, -0.4918174743652344, -3.6954879760742188e-06, 4.470348358154297e-07, 1.7200775146484375, -3.7178397178649902e-06, -2.9206275939941406e-06, 1.633895754814148, 3.4458935260772705e-08, 7.644295692443848e-06, 0.606109619140625, 0.038037098944187164, 0.4860994517803192, -0.0637359768152237, 4.686415195465088e-06, -1.2598466128110886e-06, 0.4917297661304474, 1.1920928955078125e-07, -6.228219717741013e-07, 0.49173393845558167, 0.1497974395751953, -0.004515327047556639, 0.2672136127948761, 3.4365803003311157e-07, -2.132728695869446e-06, 0.6228753328323364, 7.82310962677002e-06, -7.569789886474609e-06, 1.1016771793365479, 0.0, 2.2351741790771484e-08, 0.7726439237594604, -0.14074431359767914, -0.019361715763807297, 0.25302669405937195, 5.066394805908203e-07, 4.917383193969727e-07, 0.5432051420211792, -3.732740879058838e-06, 3.4347176551818848e-06, 1.1030577421188354, 1.1548399925231934e-05, -8.001923561096191e-06, 0.8240509629249573, -0.00905274972319603, 0.023875541985034943, 0.3158413767814636, 1.7043203115463257e-07, -2.8638169169425964e-07, 0.3153618574142456, -0.0012294501066207886, -0.2804086208343506, 1.0047494173049927, 0.001229478046298027, 0.2804053723812103, 0.1780434250831604, 0.010758010670542717, 4.311553001403809, 1.110504388809204, -0.08712363243103027, -0.3571862578392029, 0.5555342435836792, 5.5730342864990234e-06, -2.950429916381836e-06, 1.7364656925201416, -3.993511199951172e-06, -2.6226043701171875e-06, 1.621277093887329, -2.8386712074279785e-06, -1.1533498764038086e-05, 0.6033935546875, 0.04908856749534607, -0.49832937121391296, -0.49181753396987915, -3.6656856536865234e-06, 5.662441253662109e-07, 1.7200775146484375, -3.851950168609619e-06, -2.902001142501831e-06, 1.6338956356048584, 8.009374141693115e-08, 7.614493370056152e-06, 0.6061095595359802, 0.038037218153476715, 0.48609885573387146, -0.0637359768152237, 4.59328293800354e-06, -9.122304618358612e-07, 0.4917292594909668, -3.632158041000366e-08, -3.8743019104003906e-07, 0.4917334020137787, 0.1497974544763565, -0.004515211097896099, 0.2672136127948761, 2.9802322387695312e-08, -1.3746321201324463e-06, 0.6228752136230469, 7.873866707086563e-06, -7.643364369869232e-06, 1.1016772985458374, -1.862645149230957e-08, 1.7881393432617188e-07, 0.77264404296875, -0.14074432849884033, -0.01936175674200058, 0.2530267536640167, 4.470348358154297e-07, -8.568167686462402e-07, 0.543205201625824, -3.7997961044311523e-06, 3.56137752532959e-06, 1.1030573844909668, 1.1414289474487305e-05, -7.718801498413086e-06, 0.824051022529602, -0.009052744135260582, 0.02387562021613121, 0.3158413767814636, 1.2991949915885925e-07, -1.816079020500183e-07, 0.31536102294921875, -0.001229502260684967, -0.2804092764854431, 1.0047491788864136, 0.0012294501066207886, 0.2804049253463745, 0.178042933344841, 0.012469016015529633, 4.323920726776123, 1.1112697124481201, -0.08712361752986908, -0.3571860194206238, 0.5555344223976135, 5.4389238357543945e-06, -2.8014183044433594e-06, 1.7364654541015625, -3.606081008911133e-06, -2.86102294921875e-06, 1.62127685546875, -2.913177013397217e-06, -1.150369644165039e-05, 0.6033934354782104, 0.04908859729766846, -0.49832963943481445, -0.4918174743652344, -3.904104232788086e-06, 4.172325134277344e-07, 1.720077395439148, -3.6731362342834473e-06, -2.808868885040283e-06, 1.633895754814148, -2.0675361156463623e-07, 7.599592208862305e-06, 0.6061096787452698, 0.03803718835115433, 0.48609936237335205, -0.0637359470129013, 4.7869980335235596e-06, -1.2433156371116638e-06, 0.49172985553741455, -4.470348358154297e-08, -4.4330954551696777e-07, 0.491733580827713, 0.1497974395751953, -0.004515253938734531, 0.2672140300273895, 3.2782554626464844e-07, -2.15042382478714e-06, 0.6228752136230469, 7.569789886474609e-06, -7.718801498413086e-06, 1.101677417755127, -1.1920928955078125e-07, 1.564621925354004e-07, 0.7726439833641052, -0.1407444328069687, -0.019361481070518494, 0.2530269920825958, 3.725290298461914e-07, 3.725290298461914e-09, 0.5432050824165344, -3.7401914596557617e-06, 3.6209821701049805e-06, 1.1030577421188354, 1.138448715209961e-05, -7.3015689849853516e-06, 0.8240509033203125, -0.009052790701389313, 0.023875728249549866, 0.31584203243255615, 1.3131648302078247e-07, -1.1362135410308838e-07, 0.3153607249259949, -0.0012294305488467216, -0.28040897846221924, 1.0047489404678345, 0.001229565474204719, 0.2804050147533417, 0.17804311215877533, 0.0050842235796153545, 4.270540714263916, 1.1079665422439575, -0.08712358772754669, -0.3571862578392029, 0.555534303188324, 5.8710575103759766e-06, -2.9364600777626038e-06, 1.7364650964736938, -3.814697265625e-06, -2.8014183044433594e-06, 1.621277093887329, -2.6710331439971924e-06, -1.1473894119262695e-05, 0.6033934354782104, 0.04908856004476547, -0.49832940101623535, -0.4918174743652344, -3.844499588012695e-06, 4.76837158203125e-07, 1.7200778722763062, -3.814697265625e-06, -3.0100345611572266e-06, 1.6338958740234375, 6.612390279769897e-08, 7.513910531997681e-06, 0.6061096787452698, 0.03803718090057373, 0.4860985577106476, -0.0637359693646431, 4.649162292480469e-06, -6.463378667831421e-07, 0.4917302131652832, -3.725290298461914e-08, 1.1920928955078125e-07, 0.491734117269516, 0.14979742467403412, -0.004515551961958408, 0.26721397042274475, 7.450580596923828e-08, -2.175569534301758e-06, 0.6228752136230469, 8.046627044677734e-06, -7.838010787963867e-06, 1.1016771793365479, -2.0489096641540527e-07, -3.0174851417541504e-07, 0.7726441621780396, -0.1407444179058075, -0.019361980259418488, 0.25302690267562866, 1.341104507446289e-07, -5.597248673439026e-07, 0.543205201625824, -3.874301910400391e-06, 4.187226295471191e-06, 1.1030583381652832, 1.138448715209961e-05, -7.3015689849853516e-06, 0.8240501880645752, -0.009052813053131104, 0.023875318467617035, 0.3158414661884308, 2.4586915969848633e-07, -1.601874828338623e-07, 0.3153614103794098, -0.001229509711265564, -0.28040868043899536, 1.0047485828399658, 0.0012295078486204147, 0.2804051637649536, 0.1780426949262619, -0.0035008718259632587, 4.208485126495361, 1.1041264533996582, -0.08712345361709595, -0.35718607902526855, 0.5555343627929688, 5.632638931274414e-06, -2.905726432800293e-06, 1.7364654541015625, -3.844499588012695e-06, -2.9206275939941406e-06, 1.62127685546875, -2.898275852203369e-06, -1.1488795280456543e-05, 0.6033934354782104, 0.04908856004476547, -0.4983294904232025, -0.49181750416755676, -3.7103891372680664e-06, 6.556510925292969e-07, 1.720077633857727, -3.829598426818848e-06, -2.9206275939941406e-06, 1.6338958740234375, -9.639188647270203e-08, 7.666647434234619e-06, 0.6061094999313354, 0.03803715482354164, 0.48609888553619385, -0.0637359544634819, 4.67151403427124e-06, -6.370246410369873e-07, 0.4917292892932892, -7.450580596923828e-09, -6.258487701416016e-07, 0.491733580827713, 0.14979755878448486, -0.004515156149864197, 0.26721319556236267, 2.2351741790771484e-08, -2.168118953704834e-06, 0.6228752136230469, 7.748603820800781e-06, -7.4803829193115234e-06, 1.1016764640808105, 7.82310962677002e-08, 8.568167686462402e-08, 0.7726438641548157, -0.14074431359767914, -0.019361533224582672, 0.25302615761756897, 3.7997961044311523e-07, -3.948807716369629e-07, 0.5432050824165344, -3.7550926208496094e-06, 3.3527612686157227e-06, 1.103057861328125, 1.138448715209961e-05, -7.68899917602539e-06, 0.824050784111023, -0.009052678942680359, 0.023875635117292404, 0.3158412277698517, 1.695007085800171e-07, -1.1175870895385742e-08, 0.31536152958869934, -0.0012295227497816086, -0.28040826320648193, 1.0047491788864136, 0.0012294463813304901, 0.28040575981140137, 0.1780431717634201, -0.014222795143723488, 4.130983829498291, 1.0993305444717407, -0.08712351322174072, -0.3571862578392029, 0.5555343627929688, 5.781650543212891e-06, -2.9206275939941406e-06, 1.736465573310852, -3.844499588012695e-06, -2.950429916381836e-06, 1.6212769746780396, -3.125518560409546e-06, -1.1414289474487305e-05, 0.6033935546875, 0.049088556319475174, -0.4983294606208801, -0.49181750416755676, -3.7550926208496094e-06, 5.960464477539062e-07, 1.720077633857727, -3.829598426818848e-06, -2.905726432800293e-06, 1.633895754814148, 1.6111880540847778e-07, 7.703900337219238e-06, 0.606109619140625, 0.0380372628569603, 0.48609864711761475, -0.0637359693646431, 4.641711711883545e-06, -8.493661880493164e-07, 0.49172934889793396, -2.2351741790771484e-08, -6.984919309616089e-07, 0.49173346161842346, 0.14979752898216248, -0.004515286535024643, 0.2672146260738373, 4.0978193283081055e-08, -1.475214958190918e-06, 0.6228752732276917, 7.510185241699219e-06, -7.748603820800781e-06, 1.1016771793365479, 2.2351741790771484e-08, -1.2293457984924316e-07, 0.7726441025733948, -0.14074432849884033, -0.019361674785614014, 0.25302785634994507, 3.725290298461914e-07, -9.275972843170166e-07, 0.5432053208351135, -3.874301910400391e-06, 3.3974647521972656e-06, 1.1030577421188354, 1.1175870895385742e-05, -8.001923561096191e-06, 0.8240514993667603, -0.009052706882357597, 0.023875540122389793, 0.3158426880836487, 1.73225998878479e-07, -1.1455267667770386e-07, 0.3153602182865143, -0.0012294386979192495, -0.2804086208343506, 1.0047494173049927, 0.0012295469641685486, 0.28040578961372375, 0.1780434250831604, -0.023909792304039, 4.060963153839111, 1.0949976444244385, -0.08712358772754669, -0.35718560218811035, 0.5555343627929688, 5.751848220825195e-06, -2.9765069484710693e-06, 1.7364654541015625, -3.874301910400391e-06, -2.771615982055664e-06, 1.62127685546875, -2.9709190130233765e-06, -1.1458992958068848e-05, 0.6033936738967896, 0.049088671803474426, -0.49832889437675476, -0.49181753396987915, -3.6954879760742188e-06, 4.3213367462158203e-07, 1.7200772762298584, -3.889203071594238e-06, -2.7418136596679688e-06, 1.6338956356048584, -1.5599653124809265e-07, 7.6070427894592285e-06, 0.6061096787452698, 0.0380372479557991, 0.4860999286174774, -0.0637359693646431, 4.597008228302002e-06, -1.1213123798370361e-06, 0.49172940850257874, 1.862645149230957e-09, -8.44709575176239e-07, 0.4917336702346802, 0.1497974991798401, -0.004515472799539566, 0.26721450686454773, 1.9650906324386597e-07, -2.637505531311035e-06, 0.6228750348091125, 7.569789886474609e-06, -7.927417755126953e-06, 1.1016768217086792, -1.1175870895385742e-08, 4.842877388000488e-08, 0.7726441621780396, -0.1407444179058075, -0.019361834973096848, 0.25302809476852417, 3.725290298461914e-07, -1.1548399925231934e-07, 0.543205201625824, -3.874301910400391e-06, 4.217028617858887e-06, 1.103057861328125, 1.1265277862548828e-05, -7.37607479095459e-06, 0.8240508437156677, -0.009052780456840992, 0.02387537620961666, 0.31584256887435913, 1.7974525690078735e-07, -8.381903171539307e-09, 0.31536173820495605, -0.0012295376509428024, -0.28040921688079834, 1.0047496557235718, 0.001229461282491684, 0.28040507435798645, 0.17804376780986786, -0.022467827424407005, 4.071385860443115, 1.0956425666809082, -0.08712344616651535, -0.35718703269958496, 0.5555343627929688, 5.811452865600586e-06, -2.9690563678741455e-06, 1.7364652156829834, -3.829598426818848e-06, -3.039836883544922e-06, 1.6212769746780396, -3.0281953513622284e-06, -1.1548399925231934e-05, 0.6033936738967896, 0.04908870905637741, -0.49833059310913086, -0.49181750416755676, -3.814697265625e-06, 5.364418029785156e-07, 1.7200781106948853, -3.933906555175781e-06, -2.8312206268310547e-06, 1.6338955163955688, -5.820766091346741e-08, 7.674098014831543e-06, 0.6061096787452698, 0.03803732618689537, 0.48609811067581177, -0.06373592466115952, 4.630535840988159e-06, -8.605420589447021e-07, 0.49172908067703247, -2.421438694000244e-08, -5.578622221946716e-07, 0.4917333424091339, 0.14979752898216248, -0.004515636712312698, 0.26721325516700745, 3.91155481338501e-07, -1.9818544387817383e-06, 0.6228752136230469, 7.748603820800781e-06, -7.778406143188477e-06, 1.1016764640808105, -1.2665987014770508e-07, 3.3527612686157227e-08, 0.7726444005966187, -0.14074435830116272, -0.019361797720193863, 0.2530260980129242, 4.172325134277344e-07, -5.21540641784668e-08, 0.5432052612304688, -3.829598426818848e-06, 3.889203071594238e-06, 1.103057861328125, 1.138448715209961e-05, -7.972121238708496e-06, 0.824051022529602, -0.009052719920873642, 0.023875262588262558, 0.315841406583786, 1.4528632164001465e-07, -1.0803341865539551e-07, 0.31536123156547546, -0.0012294389307498932, -0.28040915727615356, 1.0047497749328613, 0.0012295395135879517, 0.28040483593940735, 0.17804375290870667, -0.007681564893573523, 4.178265571594238, 1.102256417274475, -0.08712342381477356, -0.357186496257782, 0.5555344223976135, 5.8710575103759766e-06, -2.8908252716064453e-06, 1.736465573310852, -3.7550926208496094e-06, -2.9206275939941406e-06, 1.6212769746780396, -3.0705705285072327e-06, -1.1444091796875e-05, 0.6033935546875, 0.04908868670463562, -0.4983299970626831, -0.4918174743652344, -3.844499588012695e-06, 5.662441253662109e-07, 1.7200771570205688, -3.948807716369629e-06, -3.0025839805603027e-06, 1.6338958740234375, 4.889443516731262e-09, 7.711350917816162e-06, 0.606109619140625, 0.03803715482354164, 0.48609864711761475, -0.0637359544634819, 4.597008228302002e-06, -9.727664291858673e-07, 0.491729199886322, 5.494803190231323e-08, -3.2619573175907135e-07, 0.4917334020137787, 0.1497974693775177, -0.004515279084444046, 0.26721373200416565, 3.2782554626464844e-07, -1.087784767150879e-06, 0.6228752136230469, 7.3909759521484375e-06, -8.016824722290039e-06, 1.1016771793365479, 2.60770320892334e-08, 1.2759119272232056e-07, 0.7726439833641052, -0.14074435830116272, -0.019361509010195732, 0.25302615761756897, 3.2782554626464844e-07, -1.564621925354004e-07, 0.5432051420211792, -3.915280103683472e-06, 3.986060619354248e-06, 1.1030579805374146, 1.1682510375976562e-05, -7.286667823791504e-06, 0.8240509033203125, -0.009052775800228119, 0.02387557178735733, 0.3158414363861084, 1.341104507446289e-07, -1.5925616025924683e-07, 0.3153612017631531, -0.0012294994667172432, -0.28040850162506104, 1.0047487020492554, 0.0012294948101043701, 0.2804056406021118, 0.17804306745529175, 0.007002438418567181, 4.2844061851501465, 1.1088244915008545, -0.08712351322174072, -0.35718610882759094, 0.5555343627929688, 5.662441253662109e-06, -2.8759241104125977e-06, 1.7364656925201416, -3.829598426818848e-06, -2.86102294921875e-06, 1.62127685546875, -2.818182110786438e-06, -1.1473894119262695e-05, 0.6033936738967896, 0.049088530242443085, -0.4983294606208801, -0.49181753396987915, -3.7550926208496094e-06, 3.8743019104003906e-07, 1.720077633857727, -3.822147846221924e-06, -2.917833626270294e-06, 1.633895754814148, -7.264316082000732e-08, 7.62939453125e-06, 0.606109619140625, 0.03803716599941254, 0.4860994219779968, -0.06373599171638489, 4.636123776435852e-06, -9.336508810520172e-07, 0.4917295277118683, 5.587935447692871e-09, -2.9520015232264996e-07, 0.49173325300216675, 0.1497974991798401, -0.004515305161476135, 0.2672130763530731, 5.364418029785156e-07, -1.8849968910217285e-06, 0.6228752136230469, 7.450580596923828e-06, -7.867813110351562e-06, 1.1016772985458374, 2.9802322387695312e-08, -4.1909515857696533e-07, 0.7726441621780396, -0.1407443881034851, -0.019361719489097595, 0.2530260384082794, 7.450580596923828e-07, -3.166496753692627e-08, 0.543205201625824, -4.038214683532715e-06, 3.948807716369629e-06, 1.103058099746704, 1.1570751667022705e-05, -8.210539817810059e-06, 0.8240509033203125, -0.009052753448486328, 0.023875512182712555, 0.31584081053733826, 2.3562461137771606e-07, 8.94651748239994e-08, 0.31536000967025757, -0.0012295003980398178, -0.2804098427295685, 1.0047494173049927, 0.001229478046298027, 0.2804040014743805, 0.178043395280838, 0.01880032569169998, 4.369685173034668, 1.1141016483306885, -0.08712345361709595, -0.3571864068508148, 0.5555342435836792, 5.781650543212891e-06, -2.7865171432495117e-06, 1.7364654541015625, -3.769993782043457e-06, -2.8908252716064453e-06, 1.6212769746780396, -2.8517097234725952e-06, -1.1429190635681152e-05, 0.6033935546875, 0.04908852279186249, -0.4983295798301697, -0.49181753396987915, -4.1425228118896484e-06, 4.76837158203125e-07, 1.720077395439148, -3.7476420402526855e-06, -2.910324838012457e-06, 1.633895993232727, -2.60770320892334e-08, 7.674098014831543e-06, 0.6061095595359802, 0.03803720325231552, 0.4860985577106476, -0.0637359470129013, 4.653818905353546e-06, -5.329493433237076e-07, 0.4917292594909668, 7.450580596923828e-09, -4.332978278398514e-07, 0.49173417687416077, 0.1497974991798401, -0.004515362903475761, 0.2672141194343567, 3.8743019104003906e-07, -1.695007085800171e-06, 0.6228750944137573, 7.659196853637695e-06, -7.748603820800781e-06, 1.1016771793365479, -1.4901161193847656e-08, 1.1920928955078125e-07, 0.77264404296875, -0.1407443732023239, -0.019361726939678192, 0.2530275881290436, 2.086162567138672e-07, -3.5762786865234375e-07, 0.5432051420211792, -3.9637088775634766e-06, 3.3080577850341797e-06, 1.1030572652816772, 1.1587049812078476e-05, -7.082708179950714e-06, 0.8240505456924438, -0.009052768349647522, 0.0238755214959383, 0.31584247946739197, 1.601874828338623e-07, 4.190951585769653e-09, 0.3153607249259949, -0.0012295767664909363, -0.28040847182273865, 1.0047496557235718, 0.0012293849140405655, 0.2804053723812103, 0.17804382741451263, 0.02572472207248211, 4.419736862182617, 1.1171989440917969, -0.08712363243103027, -0.35718610882759094, 0.555534303188324, 5.751848220825195e-06, -2.8759241104125977e-06, 1.736465573310852, -3.7103891372680664e-06, -3.0249357223510742e-06, 1.6212769746780396, -2.9802322387695312e-06, -1.1444091796875e-05, 0.6033935546875, 0.04908853769302368, -0.49832937121391296, -0.4918176531791687, -3.829598426818848e-06, 4.76837158203125e-07, 1.720077395439148, -3.829598426818848e-06, -2.816319465637207e-06, 1.633895993232727, -9.66247171163559e-08, 7.703900337219238e-06, 0.6061095595359802, 0.03803721070289612, 0.48609983921051025, -0.0637359619140625, 4.687084583565593e-06, -9.442228474654257e-07, 0.4917299449443817, -9.313225746154785e-09, -6.584450602531433e-07, 0.4917331337928772, 0.1497974842786789, -0.004515448585152626, 0.26721370220184326, 2.682209014892578e-07, -1.7718411982059479e-06, 0.6228752136230469, 7.741153240203857e-06, -7.152557373046875e-06, 1.1016770601272583, -4.470348358154297e-08, 5.960464477539063e-08, 0.7726442813873291, -0.1407444030046463, -0.019361726939678192, 0.2530266046524048, 4.0978193283081055e-07, 8.940696716308594e-08, 0.5432052612304688, -3.516674041748047e-06, 3.993511199951172e-06, 1.103058099746704, 1.1533498764038086e-05, -6.663380190730095e-06, 0.824050784111023, -0.009052760899066925, 0.023875420913100243, 0.31584110856056213, 1.6205012798309326e-07, -4.889443516731262e-08, 0.31536155939102173, -0.0012295525521039963, -0.2804090082645416, 1.0047491788864136, 0.0012294389307498932, 0.28040483593940735, 0.1780434250831604, 0.022896481677889824, 4.399293422698975, 1.1159337759017944, -0.08712348341941833, -0.35718607902526855, 0.555534303188324, 5.602836608886719e-06, -2.868473529815674e-06, 1.7364656925201416, -3.725290298461914e-06, -2.771615982055664e-06, 1.62127685546875, -2.769753336906433e-06, -1.1332333087921143e-05, 0.6033934354782104, 0.0490887314081192, -0.49832969903945923, -0.491817444562912, -3.874301910400391e-06, 4.470348358154297e-07, 1.7200770378112793, -3.859400749206543e-06, -2.86102294921875e-06, 1.633895754814148, -1.6205012798309326e-07, 7.577240467071533e-06, 0.6061096787452698, 0.0380372516810894, 0.48609909415245056, -0.06373588740825653, 4.6514905989170074e-06, -9.043142199516296e-07, 0.4917300045490265, -5.587935447692871e-08, -3.1478703022003174e-07, 0.4917336106300354, 0.14979751408100128, -0.0045155119150877, 0.26721420884132385, 1.7881393432617188e-07, -1.5031546354293823e-06, 0.6228751540184021, 7.725553587079048e-06, -7.940572686493397e-06, 1.1016768217086792, -1.4901161193847656e-07, -2.905726432800293e-07, 0.7726442813873291, -0.14074435830116272, -0.01936185732483864, 0.25302720069885254, 3.427267074584961e-07, -4.3213367462158203e-07, 0.5432052612304688, -3.6954879760742188e-06, 3.993511199951172e-06, 1.1030583381652832, 1.1518597602844238e-05, -7.3034316301345825e-06, 0.824051022529602, -0.00905274972319603, 0.023875346407294273, 0.3158419132232666, 3.6254641599953175e-07, 2.2373569663614035e-08, 0.3153611421585083, -0.0012293597683310509, -0.2804090976715088, 1.0047491788864136, 0.0012295171618461609, 0.2804044485092163, 0.17804358899593353, 0.017537854611873627, 4.360559463500977, 1.1135369539260864, -0.08712354302406311, -0.35718604922294617, 0.5555342435836792, 5.738809704780579e-06, -2.911314368247986e-06, 1.736465334892273, -3.8053840398788452e-06, -2.913177013397217e-06, 1.6212767362594604, -2.7529895305633545e-06, -1.1377036571502686e-05, 0.6033934950828552, 0.04908856749534607, -0.4983294904232025, -0.49181750416755676, -3.844499588012695e-06, 4.470348358154297e-07, 1.7200772762298584, -3.874301910400391e-06, -2.7418136596679688e-06, 1.6338958740234375, 1.825392246246338e-07, 7.685273885726929e-06, 0.6061095595359802, 0.03803709149360657, 0.4860990643501282, -0.06373599171638489, 4.608184099197388e-06, -8.638016879558563e-07, 0.4917294979095459, -4.377216100692749e-08, -5.532056093215942e-07, 0.49173301458358765, 0.14979752898216248, -0.004515362903475761, 0.26721319556236267, 2.682209014892578e-07, -2.294778823852539e-06, 0.6228753328323364, 7.644295692443848e-06, -7.577240467071533e-06, 1.1016771793365479, 5.960464477539063e-08, -3.725290298461914e-07, 0.7726439833641052, -0.1407443881034851, -0.019361764192581177, 0.25302654504776, 6.835907697677612e-07, -3.203749656677246e-07, 0.5432052612304688, -3.4570693969726562e-06, 3.7550926208496094e-06, 1.103057861328125, 1.1280179023742676e-05, -8.065253496170044e-06, 0.824051022529602, -0.009052738547325134, 0.023875445127487183, 0.31584206223487854, 1.955777406692505e-07, -1.2945383787155151e-07, 0.315361350774765, -0.0012294352054595947, -0.28040850162506104, 1.0047487020492554, 0.0012294799089431763, 0.2804050147533417, 0.17804300785064697, 0.0067747789435088634, 4.2827606201171875, 1.1087226867675781, -0.08712336421012878, -0.35718604922294617, 0.5555344820022583, 5.774199962615967e-06, -2.8833746910095215e-06, 1.7364654541015625, -3.7811696529388428e-06, -2.983957529067993e-06, 1.62127685546875, -2.798624336719513e-06, -1.1421740055084229e-05, 0.6033936142921448, 0.04908868670463562, -0.49832963943481445, -0.49181732535362244, -3.993511199951172e-06, 4.3213367462158203e-07, 1.7200772762298584, -3.844499588012695e-06, -2.8908252716064453e-06, 1.633895993232727, 5.513429641723633e-07, 7.703900337219238e-06, 0.6061097383499146, 0.03803722932934761, 0.4860990345478058, -0.06373579800128937, 4.775822162628174e-06, -9.30391252040863e-07, 0.49172988533973694, 3.3527612686157227e-08, -4.507601261138916e-07, 0.4917336106300354, 0.14979752898216248, -0.00451543927192688, 0.2672137916088104, 1.1920928955078125e-07, -1.3597309589385986e-06, 0.6228752732276917, 7.838010787963867e-06, -7.953494787216187e-06, 1.1016767024993896, 2.384185791015625e-07, -4.917383193969727e-07, 0.77264404296875, -0.1407443881034851, -0.019361749291419983, 0.2530268132686615, 3.0547380447387695e-07, 1.1175870895385742e-07, 0.5432051420211792, -4.231929779052734e-06, 3.6954879760742188e-06, 1.103057861328125, 1.163780689239502e-05, -8.34837555885315e-06, 0.824050784111023, -0.009052740409970284, 0.02387543022632599, 0.31584155559539795, 3.501772880554199e-07, -7.450580596923828e-08, 0.3153607249259949, -0.0012295171618461609, -0.28040918707847595, 1.0047492980957031, 0.0012294799089431763, 0.2804047167301178, 0.17804332077503204, -0.009085379540920258, 4.168118476867676, 1.1016285419464111, -0.08712351322174072, -0.35718652606010437, 0.5555343627929688, 5.772337317466736e-06, -2.946704626083374e-06, 1.7364654541015625, -3.846362233161926e-06, -3.03611159324646e-06, 1.6212767362594604, -2.9481016099452972e-06, -1.1473894119262695e-05, 0.6033934950828552, 0.04908859729766846, -0.49832963943481445, -0.4918174147605896, -3.874301910400391e-06, 5.6438148021698e-07, 1.720077395439148, -3.7848949432373047e-06, -2.86102294921875e-06, 1.6338961124420166, 1.993030309677124e-07, 7.577240467071533e-06, 0.6061097383499146, 0.038037147372961044, 0.4860987961292267, -0.06373590975999832, 4.712492227554321e-06, -8.381903171539307e-07, 0.4917294681072235, 9.685754776000977e-08, -2.644956111907959e-07, 0.49173328280448914, 0.1497974544763565, -0.004515338689088821, 0.2672138512134552, 2.980232238769531e-07, -1.903623342514038e-06, 0.6228751540184021, 7.808208465576172e-06, -7.542315870523453e-06, 1.1016767024993896, -8.940696716308594e-08, 1.6391277313232422e-07, 0.7726441025733948, -0.1407443881034851, -0.019361674785614014, 0.2530265748500824, 5.066394805908203e-07, 8.195638656616211e-08, 0.5432051420211792, -4.0531158447265625e-06, 3.7550926208496094e-06, 1.1030579805374146, 1.1548399925231934e-05, -7.536262273788452e-06, 0.8240509033203125, -0.00905279815196991, 0.023875415325164795, 0.3158421516418457, 1.9371509552001953e-07, 1.862645149230957e-08, 0.31536123156547546, -0.001229405403137207, -0.2804093062877655, 1.0047494173049927, 0.0012295693159103394, 0.28040507435798645, 0.17804323136806488, -0.018738597631454468, 4.098341941833496, 1.0973106622695923, -0.08712348341941833, -0.35718613862991333, 0.5555343627929688, 5.692243576049805e-06, -2.8498470783233643e-06, 1.736465573310852, -3.6638230085372925e-06, -2.86102294921875e-06, 1.621277093887329, -2.8151553124189377e-06, -1.1421740055084229e-05, 0.6033935546875, 0.04908865690231323, -0.4983298182487488, -0.4918174147605896, -3.814697265625e-06, 5.21540641784668e-07, 1.7200775146484375, -3.7550926208496094e-06, -2.7120113372802734e-06, 1.6338958740234375, -3.0174851417541504e-07, 7.577240467071533e-06, 0.6061095595359802, 0.038037192076444626, 0.48609936237335205, -0.06373586505651474, 4.783272743225098e-06, -6.48200511932373e-07, 0.4917297959327698, -8.195638656616211e-08, -5.513429641723633e-07, 0.4917330741882324, 0.14979752898216248, -0.004515578970313072, 0.2672147750854492, 1.7881393432617188e-07, -1.6577541828155518e-06, 0.6228752136230469, 7.510185241699219e-06, -8.264556527137756e-06, 1.1016771793365479, 2.9802322387695312e-08, -8.568167686462402e-08, 0.7726441621780396, -0.1407443881034851, -0.01936185359954834, 0.25302761793136597, 4.023313522338867e-07, -7.897615432739258e-07, 0.5432052612304688, -4.0531158447265625e-06, 3.993511199951172e-06, 1.103057622909546, 1.1563301086425781e-05, -7.078051567077637e-06, 0.824050784111023, -0.009052731096744537, 0.023875370621681213, 0.3158422112464905, 2.4586915969848633e-07, 1.1175870895385742e-08, 0.31536078453063965, -0.0012294352054595947, -0.2804092764854431, 1.0047496557235718, 0.0012295544147491455, 0.28040480613708496, 0.17804357409477234, -0.017385536804795265, 4.1081223487854, 1.0979158878326416, -0.08712343871593475, -0.3571862578392029, 0.5555341839790344, 5.7015568017959595e-06, -2.9206275939941406e-06, 1.7364656925201416, -3.864988684654236e-06, -2.8014183044433594e-06, 1.62127685546875, -3.000255674123764e-06, -1.1451542377471924e-05, 0.6033936142921448, 0.04908861219882965, -0.4983295202255249, -0.49181777238845825, -3.6954879760742188e-06, 5.960464477539062e-07, 1.7200779914855957, -3.635883331298828e-06, -2.86102294921875e-06, 1.633895754814148, -1.816079020500183e-08, 7.539987564086914e-06, 0.6061095595359802, 0.03803723677992821, 0.4860992431640625, -0.06373617053031921, 4.686415195465088e-06, -7.078051567077637e-07, 0.49172914028167725, 3.725290298461914e-08, -6.183981895446777e-07, 0.4917338490486145, 0.14979751408100128, -0.004515505395829678, 0.2672138810157776, 2.8312206268310547e-07, -2.514570951461792e-06, 0.6228753328323364, 7.525086402893066e-06, -7.838010787963867e-06, 1.1016768217086792, -2.384185791015625e-07, 3.2782554626464844e-07, 0.77264404296875, -0.1407444179058075, -0.019361838698387146, 0.25302672386169434, 5.21540641784668e-07, -1.3709068298339844e-06, 0.5432052612304688, -4.112720489501953e-06, 3.5762786865234375e-06, 1.103057622909546, 1.1280179023742676e-05, -7.316470146179199e-06, 0.8240508437156677, -0.009052753448486328, 0.023875392973423004, 0.3158417344093323, 2.384185791015625e-07, -2.9802322387695312e-08, 0.3153606951236725, -0.0012293308973312378, -0.28040918707847595, 1.0047497749328613, 0.0012296438217163086, 0.28040504455566406, 0.17804405093193054, -0.004562374670058489, 4.200812339782715, 1.1036516427993774, -0.08712348341941833, -0.35718590021133423, 0.5555343627929688, 5.865469574928284e-06, -2.86102294921875e-06, 1.7364654541015625, -3.768131136894226e-06, -2.810731530189514e-06, 1.6212767362594604, -3.0640512704849243e-06, -1.1406838893890381e-05, 0.6033935546875, 0.04908859729766846, -0.49832984805107117, -0.49181750416755676, -3.874301910400391e-06, 4.023313522338867e-07, 1.7200775146484375, -3.919005393981934e-06, -2.9206275939941406e-06, 1.6338958740234375, -2.016313374042511e-07, 7.636845111846924e-06, 0.606109619140625, 0.03803713619709015, 0.48609909415245056, -0.06373611092567444, 4.600733518600464e-06, -1.0784715414047241e-06, 0.49172958731651306, 1.4901161193847656e-08, -2.123415470123291e-07, 0.491733580827713, 0.1497974991798401, -0.004515419714152813, 0.26721346378326416, 2.682209014892578e-07, -1.210719347000122e-06, 0.6228750944137573, 7.62939453125e-06, -7.793307304382324e-06, 1.1016765832901, 5.960464477539063e-08, 1.9371509552001953e-07, 0.77264404296875, -0.1407443881034851, -0.01936180889606476, 0.2530265748500824, 2.8312206268310547e-07, -1.1175870895385742e-07, 0.5432053804397583, -3.4570693969726562e-06, 3.6954879760742188e-06, 1.103057861328125, 1.150369644165039e-05, -7.3462724685668945e-06, 0.8240506649017334, -0.009052756242454052, 0.02387535572052002, 0.3158416748046875, 5.960464477539063e-08, 9.313225746154785e-08, 0.31536129117012024, -0.001229509711265564, -0.2804088592529297, 1.0047495365142822, 0.0012294501066207886, 0.2804046869277954, 0.17804378271102905, 0.01145143061876297, 4.316565036773682, 1.1108145713806152, -0.08712343871593475, -0.3571860194206238, 0.5555343627929688, 5.8002769947052e-06, -2.86102294921875e-06, 1.7364652156829834, -3.812834620475769e-06, -2.8833746910095215e-06, 1.621277093887329, -2.9350630939006805e-06, -1.1436641216278076e-05, 0.6033936142921448, 0.04908861219882965, -0.4983292520046234, -0.49181756377220154, -3.904104232788086e-06, 4.991888999938965e-07, 1.7200775146484375, -3.680586814880371e-06, -2.7567148208618164e-06, 1.6338961124420166, 1.5366822481155396e-07, 7.651746273040771e-06, 0.6061097383499146, 0.038037244230508804, 0.48609888553619385, -0.06373593211174011, 4.6603381633758545e-06, -8.810311555862427e-07, 0.49172940850257874, 6.332993507385254e-08, -2.905726432800293e-07, 0.49173399806022644, 0.1497974991798401, -0.004515392705798149, 0.26721349358558655, 2.682209014892578e-07, -1.9799917936325073e-06, 0.6228751540184021, 8.083879947662354e-06, -8.054077625274658e-06, 1.101676344871521, -1.4901161193847656e-08, 4.470348358154297e-08, 0.7726442217826843, -0.14074435830116272, -0.0193617045879364, 0.2530268430709839, 4.3958425521850586e-07, -1.6689300537109375e-06, 0.5432053804397583, -3.337860107421875e-06, 3.933906555175781e-06, 1.103057622909546, 1.1324882507324219e-05, -7.271766662597656e-06, 0.8240510821342468, -0.00905272364616394, 0.02387552708387375, 0.31584110856056213, 1.043081283569336e-07, -1.4901161193847656e-08, 0.3153616189956665, -0.0012293606996536255, -0.28040844202041626, 1.004749059677124, 0.0012295842170715332, 0.2804051637649536, 0.17804354429244995, 0.02377423085272312, 4.405638217926025, 1.1163264513015747, -0.08712344616651535, -0.35718584060668945, 0.555534303188324, 5.6549906730651855e-06, -2.7939677238464355e-06, 1.7364652156829834, -3.848224878311157e-06, -2.8475187718868256e-06, 1.6212769746780396, -2.8740614652633667e-06, -1.1452939361333847e-05, 0.6033934354782104, 0.04908866435289383, -0.4983290135860443, -0.49181756377220154, -3.814697265625e-06, 6.109476089477539e-07, 1.7200778722763062, -3.7848949432373047e-06, -2.950429916381836e-06, 1.6338956356048584, 1.449952833354473e-07, 7.62939453125e-06, 0.606109619140625, 0.03803722560405731, 0.4860991835594177, -0.0637359768152237, 4.693865776062012e-06, -8.810311555862427e-07, 0.49172988533973694, -1.862645149230957e-08, -5.401670932769775e-07, 0.4917333424091339, 0.1497974693775177, -0.0045152585953474045, 0.2672138512134552, 2.384185791015625e-07, -3.069639205932617e-06, 0.6228753328323364, 7.92182981967926e-06, -7.722526788711548e-06, 1.1016771793365479, -2.9802322387695312e-08, 2.2677704691886902e-07, 0.7726441621780396, -0.14074444770812988, -0.019361667335033417, 0.2530274987220764, 5.364418029785156e-07, -5.587935447692871e-07, 0.5432052612304688, -3.814697265625e-06, 3.7550926208496094e-06, 1.1030575037002563, 1.1444091796875e-05, -7.91996717453003e-06, 0.8240508437156677, -0.00905279815196991, 0.02387557551264763, 0.31584200263023376, 2.60770320892334e-07, 1.043081283569336e-07, 0.3153599798679352, -0.0012294948101043701, -0.28040894865989685, 1.0047482252120972, 0.0012294948101043701, 0.2804049551486969, 0.17804279923439026, 0.029865803197026253, 4.44966983795166, 1.119051218032837, -0.0871235579252243, -0.3571862578392029, 0.5555344820022583, 5.736947059631348e-06, -2.7120113372802734e-06, 1.7364654541015625, -3.7476420402526855e-06, -2.857297658920288e-06, 1.6212772130966187, -2.917833626270294e-06, -1.1466443538665771e-05, 0.6033935546875, 0.049088604748249054, -0.49832969903945923, -0.4918173849582672, -3.606081008911133e-06, 4.76837158203125e-07, 1.7200777530670166, -3.859400749206543e-06, -2.637505531311035e-06, 1.6338958740234375, -2.6402994990348816e-07, 7.584691047668457e-06, 0.6061097383499146, 0.03803721442818642, 0.48609963059425354, -0.06373582780361176, 4.567205905914307e-06, -1.080334186553955e-06, 0.4917297959327698, 5.960464477539063e-08, -7.264316082000732e-07, 0.4917338192462921, 0.1497974991798401, -0.004515601322054863, 0.26721397042274475, 2.980232238769531e-07, -1.8104910850524902e-06, 0.6228750944137573, 7.513910531997681e-06, -7.584691047668457e-06, 1.1016778945922852, -1.1920928955078125e-07, -6.92903995513916e-07, 0.7726441621780396, -0.1407443881034851, -0.019361861050128937, 0.2530270516872406, 3.762543201446533e-07, -2.123415470123291e-07, 0.5432052612304688, -3.814697265625e-06, 3.933906555175781e-06, 1.1030577421188354, 1.138448715209961e-05, -7.987022399902344e-06, 0.824050784111023, -0.009052753448486328, 0.02387523651123047, 0.3158423900604248, 1.7881393432617188e-07, 4.284083843231201e-08, 0.31536123156547546, -0.0012294948101043701, -0.28040874004364014, 1.0047494173049927, 0.0012295544147491455, 0.280405193567276, 0.1780429631471634, 0.026422392576932907, 4.424779891967773, 1.1175109148025513, -0.0871235579252243, -0.35718634724617004, 0.5555343627929688, 5.707144737243652e-06, -2.8759241104125977e-06, 1.7364656925201416, -3.933906555175781e-06, -2.8908252716064453e-06, 1.62127685546875, -2.853572368621826e-06, -1.1420808732509613e-05, 0.6033936738967896, 0.04908866435289383, -0.4983295798301697, -0.4918174147605896, -3.546476364135742e-06, 4.917383193969727e-07, 1.7200775146484375, -3.6209821701049805e-06, -2.9206275939941406e-06, 1.633895993232727, 1.7508864402770996e-07, 7.567927241325378e-06, 0.6061095595359802, 0.038037095218896866, 0.4860990047454834, -0.0637359768152237, 4.712492227554321e-06, -8.381903171539307e-07, 0.49172934889793396, 6.705522537231445e-08, -3.203749656677246e-07, 0.4917336702346802, 0.14979742467403412, -0.00451535452157259, 0.26721450686454773, 2.980232238769531e-07, -2.2649765014648438e-06, 0.6228752136230469, 6.988644599914551e-06, -7.569789886474609e-06, 1.1016775369644165, -8.940696716308594e-08, 2.0675361156463623e-07, 0.77264404296875, -0.14074444770812988, -0.019361726939678192, 0.25302743911743164, 3.4831464290618896e-07, 1.3969838619232178e-07, 0.5432052612304688, -3.6954879760742188e-06, 3.814697265625e-06, 1.1030575037002563, 1.1488562449812889e-05, -8.247792720794678e-06, 0.8240506649017334, -0.009052783250808716, 0.02387552335858345, 0.3158422112464905, 8.195638656616211e-08, -5.960464477539063e-08, 0.3153609037399292, -0.0012295246124267578, -0.2804087698459625, 1.004748821258545, 0.0012294650077819824, 0.2804051637649536, 0.1780434250831604, 0.014320975169539452, 4.337306976318359, 1.1120980978012085, -0.08712349086999893, -0.357185959815979, 0.5555343627929688, 5.595386028289795e-06, -2.8014183044433594e-06, 1.7364656925201416, -3.7848949432373047e-06, -2.771615982055664e-06, 1.6212769746780396, -2.7194619178771973e-06, -1.1499971151351929e-05, 0.6033936142921448, 0.04908861219882965, -0.4983292818069458, -0.49181750416755676, -3.904104232788086e-06, 5.736947059631348e-07, 1.720077633857727, -3.769993782043457e-06, -2.905726432800293e-06, 1.633895754814148, 1.6763806343078613e-07, 7.634982466697693e-06, 0.6061096787452698, 0.03803716599941254, 0.48609861731529236, -0.0637359470129013, 4.708766937255859e-06, -9.387731552124023e-07, 0.491729199886322, 5.21540641784668e-08, -3.46451997756958e-07, 0.49173352122306824, 0.1497974842786789, -0.004515525884926319, 0.2672141492366791, 2.980232238769531e-07, -1.5739351511001587e-06, 0.6228752136230469, 7.987022399902344e-06, -7.554888725280762e-06, 1.1016769409179688, -8.195638656616211e-08, -4.284083843231201e-08, 0.7726439833641052, -0.1407443881034851, -0.01936180889606476, 0.25302720069885254, 2.0209699869155884e-07, -5.709007382392883e-07, 0.5432052612304688, -3.6954879760742188e-06, 3.635883331298828e-06, 1.1030584573745728, 1.1332333087921143e-05, -8.031725883483887e-06, 0.8240510821342468, -0.009052753448486328, 0.023875422775745392, 0.3158418536186218, 8.940696716308594e-08, 3.725290298461914e-09, 0.3153614103794098, -0.0012294575572013855, -0.2804090082645416, 1.0047495365142822, 0.0012294501066207886, 0.2804051339626312, 0.1780439019203186, -0.0010216888040304184, 4.226405620574951, 1.1052353382110596, -0.08712354302406311, -0.35718604922294617, 0.5555343627929688, 5.602836608886719e-06, -2.8908252716064453e-06, 1.7364656925201416, -3.919005393981934e-06, -2.8386712074279785e-06, 1.621277093887329, -2.8060749173164368e-06, -1.1436641216278076e-05, 0.6033936142921448, 0.04908858239650726, -0.4983293116092682, -0.4918174743652344, -3.4868717193603516e-06, 3.7997961044311523e-07, 1.7200771570205688, -3.7401914596557617e-06, -2.8461217880249023e-06, 1.633895754814148, -2.7939677238464355e-08, 7.751397788524628e-06, 0.606109619140625, 0.03803715109825134, 0.4860992729663849, -0.0637359470129013, 4.723668098449707e-06, -8.083879947662354e-07, 0.49172982573509216, 1.043081283569336e-07, -1.8998980522155762e-07, 0.49173352122306824, 0.14979755878448486, -0.004515336826443672, 0.26721376180648804, 2.682209014892578e-07, -1.928769052028656e-06, 0.6228752136230469, 7.443130016326904e-06, -7.510185241699219e-06, 1.1016772985458374, 0.0, -2.7567148208618164e-07, 0.77264404296875, -0.1407443732023239, -0.019361764192581177, 0.2530270516872406, 5.093170329928398e-07, -5.4016709327697754e-08, 0.5432052612304688, -3.874301910400391e-06, 3.6656856536865234e-06, 1.1030582189559937, 1.1526048183441162e-05, -7.6070427894592285e-06, 0.8240508437156677, -0.009052753448486328, 0.023875445127487183, 0.3158416450023651, 1.7881393432617188e-07, 1.1175870895385742e-08, 0.31536099314689636, -0.0012293532490730286, -0.280408650636673, 1.0047496557235718, 0.001229614019393921, 0.28040510416030884, 0.17804378271102905, -0.017480526119470596, 4.107435703277588, 1.0978734493255615, -0.0871235728263855, -0.3571862280368805, 0.5555342435836792, 5.587935447692871e-06, -2.7939677238464355e-06, 1.7364654541015625, -3.7550926208496094e-06, -2.911314368247986e-06, 1.62127685546875, -2.64681875705719e-06, -1.1421157978475094e-05, 0.6033936738967896, 0.04908856749534607, -0.4983295500278473, -0.4918176233768463, -3.606081008911133e-06, 4.917383193969727e-07, 1.7200772762298584, -3.7997961044311523e-06, -2.9355287551879883e-06, 1.6338961124420166, 8.381903171539307e-08, 7.681548595428467e-06, 0.6061097383499146, 0.03803712874650955, 0.4860992431640625, -0.06373605877161026, 4.67151403427124e-06, -8.083879947662354e-07, 0.49172911047935486, -2.9802322387695312e-08, -4.507601261138916e-07, 0.491733580827713, 0.14979754388332367, -0.004515588749200106, 0.26721420884132385, 5.960464477539063e-08, -2.3622997105121613e-06, 0.6228752732276917, 7.428228855133057e-06, -7.718801498413086e-06, 1.101677417755127, 8.940696716308594e-08, 6.05359673500061e-07, 0.77264404296875, -0.1407443732023239, -0.01936187595129013, 0.2530270218849182, 7.404014468193054e-07, -8.419156074523926e-07, 0.543205201625824, -3.874301910400391e-06, 4.217028617858887e-06, 1.1030577421188354, 1.1429190635681152e-05, -7.968395948410034e-06, 0.8240508437156677, -0.009052693843841553, 0.023875411599874496, 0.31584182381629944, 1.6391277313232422e-07, 1.1175870895385742e-08, 0.3153614103794098, -0.0012295544147491455, -0.2804093360900879, 1.004749059677124, 0.0012294948101043701, 0.2804049253463745, 0.1780432164669037, -0.030193379148840904, 4.015543460845947, 1.0921870470046997, -0.08712358772754669, -0.3571857810020447, 0.5555344820022583, 5.710870027542114e-06, -2.8461217880249023e-06, 1.736465334892273, -3.844499588012695e-06, -2.8945505619049072e-06, 1.621277093887329, -2.8545036911964417e-06, -1.1455267667770386e-05, 0.6033934354782104, 0.04908858239650726, -0.4983289837837219, -0.49181753396987915, -3.933906555175781e-06, 3.8743019104003906e-07, 1.720077633857727, -3.874301910400391e-06, -2.771615982055664e-06, 1.633895993232727, 6.076879799365997e-08, 7.569789886474609e-06, 0.606109619140625, 0.038037218153476715, 0.486099511384964, -0.06373582780361176, 4.597008228302002e-06, -6.183981895446777e-07, 0.49172893166542053, -8.940696716308594e-08, -6.48200511932373e-07, 0.4917340576648712, 0.14979755878448486, -0.004515591077506542, 0.26721397042274475, 2.086162567138672e-07, -1.9026920199394226e-06, 0.6228753924369812, 7.383525371551514e-06, -7.733702659606934e-06, 1.1016772985458374, 1.043081283569336e-07, -4.6659260988235474e-07, 0.77264404296875, -0.14074432849884033, -0.019361965358257294, 0.253027081489563, 3.91155481338501e-07, -2.0116567611694336e-07, 0.543205201625824, -3.874301910400391e-06, 3.725290298461914e-06, 1.1030577421188354, 1.1257827281951904e-05, -6.951391696929932e-06, 0.8240511417388916, -0.009052738547325134, 0.023875202983617783, 0.31584230065345764, 1.7881393432617188e-07, 3.3527612686157227e-08, 0.3153612017631531, -0.0012294426560401917, -0.28040844202041626, 1.0047489404678345, 0.0012295544147491455, 0.2804053723812103, 0.1780429631471634, -0.030530234798789024, 4.013108253479004, 1.0920363664627075, -0.0871235579252243, -0.357185959815979, 0.5555343627929688, 5.798414349555969e-06, -2.8461217880249023e-06, 1.736465334892273, -3.7401914596557617e-06, -2.808868885040283e-06, 1.6212769746780396, -2.8456561267375946e-06, -1.1486932635307312e-05, 0.6033934950828552, 0.04908859729766846, -0.4983295500278473, -0.4918173849582672, -3.427267074584961e-06, 3.5762786865234375e-07, 1.7200772762298584, -3.769993782043457e-06, -2.9802322387695312e-06, 1.6338958740234375, 1.4435499906539917e-08, 7.621943950653076e-06, 0.6061096787452698, 0.038037169724702835, 0.486098974943161, -0.06373590230941772, 4.678964614868164e-06, -7.674098014831543e-07, 0.4917301535606384, 5.960464477539063e-08, -4.1350722312927246e-07, 0.4917331337928772, 0.14979751408100128, -0.004515337757766247, 0.2672131061553955, 1.1920928955078125e-07, -2.11282167583704e-06, 0.6228753328323364, 7.4356794357299805e-06, -7.405877113342285e-06, 1.1016767024993896, 1.9371509552001953e-07, 1.4808028936386108e-07, 0.7726439833641052, -0.1407443881034851, -0.019361630082130432, 0.2530268728733063, 4.4330954551696777e-07, -1.043081283569336e-07, 0.5432052612304688, -3.844499588012695e-06, 3.7997961044311523e-06, 1.103057622909546, 1.1164695024490356e-05, -7.212162017822266e-06, 0.8240509033203125, -0.009052753448486328, 0.023875586688518524, 0.3158414661884308, 1.341104507446289e-07, 7.450580596923828e-09, 0.3153601586818695, -0.0012295618653297424, -0.2804088890552521, 1.0047496557235718, 0.0012294203042984009, 0.2804052233695984, 0.17804361879825592, -0.01755341701209545, 4.106908798217773, 1.0978407859802246, -0.08712352812290192, -0.35718613862991333, 0.5555342435836792, 5.751848220825195e-06, -2.868473529815674e-06, 1.7364649772644043, -3.91155481338501e-06, -2.7921050786972046e-06, 1.62127685546875, -2.8065405786037445e-06, -1.1468306183815002e-05, 0.6033934950828552, 0.0490887314081192, -0.49832969903945923, -0.49181750416755676, -3.5762786865234375e-06, 4.470348358154297e-07, 1.7200772762298584, -3.844499588012695e-06, -2.7865171432495117e-06, 1.6338961124420166, -2.1047890186309814e-07, 7.718801498413086e-06, 0.606109619140625, 0.03803713619709015, 0.4860992431640625, -0.06373610347509384, 4.645437002182007e-06, -6.705522537231445e-07, 0.49172985553741455, 1.2293457984924316e-07, -5.587935447692871e-07, 0.4917333424091339, 0.1497974991798401, -0.0045154159888625145, 0.26721376180648804, 4.76837158203125e-07, -2.2654421627521515e-06, 0.6228750944137573, 7.573515176773071e-06, -7.584691047668457e-06, 1.1016768217086792, -1.043081283569336e-07, -5.21540641784668e-07, 0.7726442813873291, -0.1407443881034851, -0.01936168223619461, 0.2530273199081421, 5.140900611877441e-07, 2.682209014892578e-07, 0.5432052612304688, -4.112720489501953e-06, 4.26173210144043e-06, 1.103058099746704, 1.1458992958068848e-05, -7.703900337219238e-06, 0.8240509033203125, -0.009052768349647522, 0.023875493556261063, 0.3158416748046875, 1.4156103134155273e-07, 2.60770320892334e-08, 0.31536126136779785, -0.0012295842170715332, -0.28040868043899536, 1.0047489404678345, 0.001229405403137207, 0.2804051339626312, 0.1780436635017395, -0.002527175936847925, 4.2155232429504395, 1.1045619249343872, -0.08712349832057953, -0.35718587040901184, 0.5555342435836792, 5.5730342864990234e-06, -2.8461217880249023e-06, 1.7364656925201416, -3.941357135772705e-06, -2.86102294921875e-06, 1.621277093887329, -2.8223730623722076e-06, -1.1402182281017303e-05, 0.6033936142921448, 0.049088627099990845, -0.4983292520046234, -0.4918176829814911, -3.904104232788086e-06, 3.725290298461914e-07, 1.7200772762298584, -3.56137752532959e-06, -2.9355287551879883e-06, 1.633895993232727, 1.257285475730896e-07, 7.651746273040771e-06, 0.6061095595359802, 0.038037270307540894, 0.48609989881515503, -0.06373613327741623, 4.708766937255859e-06, -9.015202522277832e-07, 0.491729736328125, -2.2351741790771484e-08, -2.7939677238464355e-07, 0.4917328655719757, 0.14979740977287292, -0.004515368957072496, 0.2672137916088104, 2.682209014892578e-07, -1.9408762454986572e-06, 0.6228750944137573, 7.675960659980774e-06, -7.502734661102295e-06, 1.1016770601272583, -1.043081283569336e-07, -2.9802322387695312e-08, 0.7726441621780396, -0.14074450731277466, -0.019361749291419983, 0.2530270218849182, 4.6193599700927734e-07, -5.960464477539062e-07, 0.5432051420211792, -3.606081008911133e-06, 4.231929779052734e-06, 1.103058099746704, 1.1622905731201172e-05, -6.9141387939453125e-06, 0.8240511417388916, -0.009052842855453491, 0.023875512182712555, 0.3158418536186218, 2.8312206268310547e-07, 3.3527612686157227e-08, 0.3153606653213501, -0.0012294352054595947, -0.28040891885757446, 1.004749059677124, 0.0012295395135879517, 0.2804053723812103, 0.17804284393787384, 0.011333806440234184, 4.3157148361206055, 1.1107618808746338, -0.08712348341941833, -0.35718607902526855, 0.5555343627929688, 5.774199962615967e-06, -2.8014183044433594e-06, 1.736465573310852, -3.7401914596557617e-06, -2.771615982055664e-06, 1.62127685546875, -3.017950803041458e-06, -1.1488795280456543e-05, 0.6033934950828552, 0.04908859729766846, -0.4983291029930115, -0.4918174743652344, -4.023313522338867e-06, 4.917383193969727e-07, 1.720077633857727, -3.7103891372680664e-06, -2.8461217880249023e-06, 1.633895993232727, 1.955777406692505e-07, 7.495284080505371e-06, 0.606109619140625, 0.03803715482354164, 0.4860992133617401, -0.0637359544634819, 4.649162292480469e-06, -8.493661880493164e-07, 0.49172934889793396, 0.0, -4.3585896492004395e-07, 0.4917336106300354, 0.14979742467403412, -0.004515427630394697, 0.26721376180648804, 1.6391277313232422e-07, -1.7154961824417114e-06, 0.6228752136230469, 7.692724466323853e-06, -7.957220077514648e-06, 1.1016767024993896, 1.1920928955078125e-07, 5.21540641784668e-07, 0.77264404296875, -0.1407444328069687, -0.019361764192581177, 0.2530269920825958, 2.980232238769531e-07, -5.438923835754395e-07, 0.5432051420211792, -3.814697265625e-06, 3.7550926208496094e-06, 1.103057622909546, 1.1533498764038086e-05, -7.733702659606934e-06, 0.8240508437156677, -0.009052852168679237, 0.02387543022632599, 0.31584131717681885, 1.043081283569336e-07, -8.568167686462402e-08, 0.31536078453063965, -0.0012294799089431763, -0.2804085910320282, 1.0047494173049927, 0.0012294948101043701, 0.2804051637649536, 0.1780436635017395, 0.018405944108963013, 4.36683464050293, 1.1139252185821533, -0.08712342381477356, -0.3571854531764984, 0.555534303188324, 5.707144737243652e-06, -2.7865171432495117e-06, 1.736465334892273, -3.844499588012695e-06, -2.987682819366455e-06, 1.62127685546875, -2.7921050786972046e-06, -1.1427327990531921e-05, 0.6033935546875, 0.049088552594184875, -0.49832892417907715, -0.49181753396987915, -3.844499588012695e-06, 3.8743019104003906e-07, 1.720077395439148, -3.904104232788086e-06, -2.8312206268310547e-06, 1.633895754814148, -1.9185245037078857e-07, 7.763504981994629e-06, 0.6061095595359802, 0.03803718090057373, 0.4860997796058655, -0.0637359619140625, 4.667788743972778e-06, -9.909272193908691e-07, 0.4917299151420593, -1.1920928955078125e-07, -4.544854164123535e-07, 0.491733580827713, 0.14979760348796844, -0.004515429958701134, 0.2672137916088104, 2.086162567138672e-07, -1.9818544387817383e-06, 0.6228752136230469, 7.741153240203857e-06, -7.957220077514648e-06, 1.1016767024993896, 3.725290298461914e-08, 5.21540641784668e-07, 0.7726439833641052, -0.14074426889419556, -0.019361749291419983, 0.25302714109420776, 4.172325134277344e-07, -1.0579824447631836e-06, 0.5432052612304688, -3.904104232788086e-06, 3.6954879760742188e-06, 1.1030573844909668, 1.1608004570007324e-05, -7.078051567077637e-06, 0.824051022529602, -0.009052664041519165, 0.023875460028648376, 0.31584158539772034, 2.2351741790771484e-07, 1.043081283569336e-07, 0.3153609335422516, -0.0012292712926864624, -0.28040850162506104, 1.0047485828399658, 0.0012297332286834717, 0.2804052233695984, 0.17804303765296936, 0.017306312918663025, 4.358885765075684, 1.1134333610534668, -0.08712351322174072, -0.3571864366531372, 0.5555342435836792, 5.647540092468262e-06, -2.86102294921875e-06, 1.7364658117294312, -3.7401914596557617e-06, -2.8833746910095215e-06, 1.62127685546875, -2.8793001547455788e-06, -1.1485069990158081e-05, 0.6033936142921448, 0.04908871650695801, -0.49832943081855774, -0.4918175935745239, -3.844499588012695e-06, 3.5762786865234375e-07, 1.7200779914855957, -3.7550926208496094e-06, -2.7641654014587402e-06, 1.6338958740234375, -4.284083843231201e-08, 7.584691047668457e-06, 0.606109619140625, 0.03803723677992821, 0.48609933257102966, -0.06373614072799683, 4.69014048576355e-06, -8.307397365570068e-07, 0.49172914028167725, 1.043081283569336e-07, -2.2351741790771484e-07, 0.491733580827713, 0.14979757368564606, -0.004515236243605614, 0.267214298248291, 2.5331974029541016e-07, -1.1995434761047363e-06, 0.6228752732276917, 7.510185241699219e-06, -7.592141628265381e-06, 1.1016769409179688, 1.7136335372924805e-07, 2.980232238769531e-07, 0.7726441621780396, -0.14074435830116272, -0.01936161518096924, 0.2530277371406555, 5.066394805908203e-07, -2.60770320892334e-07, 0.5432051420211792, -4.26173210144043e-06, 3.635883331298828e-06, 1.1030573844909668, 1.138448715209961e-05, -7.554888725280762e-06, 0.8240508437156677, -0.009052693843841553, 0.02387559413909912, 0.31584227085113525, 1.7881393432617188e-07, -7.450580596923828e-08, 0.3153603971004486, -0.0012296736240386963, -0.28040874004364014, 1.0047494173049927, 0.0012293756008148193, 0.2804048955440521, 0.17804360389709473, 0.009748987853527069, 4.304259300231934, 1.1100530624389648, -0.08712358772754669, -0.35718604922294617, 0.5555342435836792, 5.736947059631348e-06, -2.7865171432495117e-06, 1.7364654541015625, -3.919005393981934e-06, -2.8908252716064453e-06, 1.62127685546875, -2.8833746910095215e-06, -1.146271824836731e-05, 0.6033936142921448, 0.04908859729766846, -0.4983295500278473, -0.4918176233768463, -3.7401914596557617e-06, 5.662441253662109e-07, 1.7200771570205688, -3.725290298461914e-06, -2.726912498474121e-06, 1.633895754814148, -5.960464477539063e-08, 7.72625207901001e-06, 0.6061097383499146, 0.038037147372961044, 0.48609957098960876, -0.06373610347509384, 4.7050416469573975e-06, -6.332993507385254e-07, 0.49172982573509216, 4.470348358154297e-08, -7.003545761108398e-07, 0.4917338490486145, 0.14979736506938934, -0.0045155808329582214, 0.2672133147716522, 2.2351741790771484e-07, -1.817941665649414e-06, 0.6228752136230469, 7.703900337219238e-06, -7.338821887969971e-06, 1.1016764640808105, 5.21540641784668e-08, 7.729977369308472e-07, 0.7726439237594604, -0.14074452221393585, -0.019361957907676697, 0.2530267536640167, 4.917383193969727e-07, -3.501772880554199e-07, 0.5432052612304688, -3.606081008911133e-06, 3.7550926208496094e-06, 1.1030582189559937, 1.1175870895385742e-05, -7.644295692443848e-06, 0.8240508437156677, -0.009052842855453491, 0.023875251412391663, 0.31584134697914124, 1.9371509552001953e-07, -7.450580596923828e-09, 0.3153606355190277, -0.0012292861938476562, -0.2804087996482849, 1.0047497749328613, 0.001229614019393921, 0.28040575981140137, 0.1780434548854828, -0.00159913906827569, 4.222231388092041, 1.104977011680603, -0.08712330460548401, -0.35718607902526855, 0.5555343627929688, 5.550682544708252e-06, -2.86102294921875e-06, 1.7364654541015625, -3.725290298461914e-06, -2.853572368621826e-06, 1.6212767362594604, -3.0258670449256897e-06, -1.1393800377845764e-05, 0.6033934354782104, 0.049088820815086365, -0.49832940101623535, -0.49181753396987915, -3.725290298461914e-06, 5.066394805908203e-07, 1.7200770378112793, -3.6656856536865234e-06, -2.868473529815674e-06, 1.6338961124420166, 3.501772880554199e-07, 7.539987564086914e-06, 0.6061095595359802, 0.038037270307540894, 0.48609936237335205, -0.06373600661754608, 4.7907233238220215e-06, -8.977949619293213e-07, 0.4917287826538086, 1.4901161193847656e-08, -7.301568984985352e-07, 0.4917334318161011, 0.14979742467403412, -0.004515349864959717, 0.2672138810157776, 3.129243850708008e-07, -2.1569430828094482e-06, 0.6228752136230469, 7.420778274536133e-06, -7.90134072303772e-06, 1.1016769409179688, 1.7508864402770996e-07, 3.725290298461914e-09, 0.7726437449455261, -0.14074446260929108, -0.019361570477485657, 0.2530268430709839, 5.960464477539062e-07, 1.4901161193847656e-08, 0.5432052612304688, -3.546476364135742e-06, 3.6954879760742188e-06, 1.103057861328125, 1.1506490409374237e-05, -7.018446922302246e-06, 0.824050784111023, -0.009052872657775879, 0.023875609040260315, 0.31584155559539795, 1.9371509552001953e-07, 0.0, 0.3153606951236725, -0.0012293756008148193, -0.2804081439971924, 1.004749059677124, 0.0012295544147491455, 0.28040528297424316, 0.1780434399843216, -0.013482628390192986, 4.13633394241333, 1.0996615886688232, -0.08712342381477356, -0.35718613862991333, 0.5555343627929688, 5.770474672317505e-06, -2.8312206268310547e-06, 1.736465573310852, -3.851950168609619e-06, -2.8721988201141357e-06, 1.62127685546875, -2.9320362955331802e-06, -1.151510514318943e-05, 0.6033934354782104, 0.04908861219882965, -0.4983295202255249, -0.49181753396987915, -3.7550926208496094e-06, 6.556510925292969e-07, 1.7200777530670166, -3.680586814880371e-06, -2.853572368621826e-06, 1.633895754814148, -5.145557224750519e-08, 7.666647434234619e-06, 0.606109619140625, 0.03803718462586403, 0.4860994517803192, -0.0637359544634819, 4.738569259643555e-06, -9.201467037200928e-07, 0.49173009395599365, 0.0, -5.736947059631348e-07, 0.4917333126068115, 0.1497974395751953, -0.004515394568443298, 0.2672138214111328, 2.682209014892578e-07, -2.246350049972534e-06, 0.6228751540184021, 7.838010787963867e-06, -8.23289155960083e-06, 1.1016767024993896, -2.1606683731079102e-07, 3.427267074584961e-07, 0.7726441025733948, -0.14074435830116272, -0.019361749291419983, 0.2530273199081421, 2.980232238769531e-07, -7.525086402893066e-07, 0.5432052612304688, -3.7848949432373047e-06, 3.874301910400391e-06, 1.1030579805374146, 1.15223228931427e-05, -7.569789886474609e-06, 0.824051022529602, -0.009052783250808716, 0.023875385522842407, 0.31584182381629944, 1.1920928955078125e-07, 8.940696716308594e-08, 0.3153609335422516, -0.001229614019393921, -0.2804088294506073, 1.0047492980957031, 0.001229315996170044, 0.2804052233695984, 0.1780434101819992, -0.019565695896744728, 4.092363357543945, 1.0969407558441162, -0.08712346851825714, -0.35718587040901184, 0.5555343627929688, 5.62518835067749e-06, -2.779066562652588e-06, 1.7364656925201416, -3.769993782043457e-06, -3.0193477869033813e-06, 1.62127685546875, -2.851942554116249e-06, -1.1445954442024231e-05, 0.6033935546875, 0.049088820815086365, -0.49832919239997864, -0.4918173849582672, -3.874301910400391e-06, 4.172325134277344e-07, 1.720077633857727, -3.844499588012695e-06, -2.905726432800293e-06, 1.633895754814148, 3.3294782042503357e-07, 7.547438144683838e-06, 0.6061096787452698, 0.0380372479557991, 0.48609888553619385, -0.06373589485883713, 4.67151403427124e-06, -8.344650268554688e-07, 0.4917297959327698, 5.960464477539063e-08, -3.948807716369629e-07, 0.4917336404323578, 0.1497974991798401, -0.004515107721090317, 0.26721450686454773, 4.023313522338867e-07, -2.3655593395233154e-06, 0.6228752136230469, 7.778406143188477e-06, -7.97957181930542e-06, 1.1016767024993896, 1.4156103134155273e-07, -1.2293457984924316e-07, 0.7726439237594604, -0.14074435830116272, -0.01936151087284088, 0.25302794575691223, 4.76837158203125e-07, -9.611248970031738e-07, 0.5432053804397583, -3.7848949432373047e-06, 3.7550926208496094e-06, 1.1030575037002563, 1.138448715209961e-05, -7.227063179016113e-06, 0.824050784111023, -0.009052678942680359, 0.023875713348388672, 0.3158422112464905, 1.6391277313232422e-07, 7.450580596923828e-08, 0.3153604567050934, -0.0012294203042984009, -0.2804087698459625, 1.004749059677124, 0.0012295544147491455, 0.2804049253463745, 0.17804327607154846, -0.013663345947861671, 4.1350274085998535, 1.0995807647705078, -0.08712336421012878, -0.3571864664554596, 0.5555344820022583, 5.804002285003662e-06, -2.9206275939941406e-06, 1.7364649772644043, -3.7178397178649902e-06, -2.868473529815674e-06, 1.621276617050171, -2.9620714485645294e-06, -1.1479132808744907e-05, 0.6033933758735657, 0.04908868670463562, -0.4983297884464264, -0.4918173551559448, -3.904104232788086e-06, 6.556510925292969e-07, 1.720077633857727, -3.904104232788086e-06, -2.8014183044433594e-06, 1.633895993232727, 1.41095370054245e-07, 7.62939453125e-06, 0.606109619140625, 0.03803718462586403, 0.486098974943161, -0.06373600661754608, 4.664063453674316e-06, -8.791685104370117e-07, 0.4917299151420593, -1.4901161193847656e-07, -7.227063179016113e-07, 0.49173423647880554, 0.14979755878448486, -0.004515577107667923, 0.26721394062042236, 2.2351741790771484e-07, -1.7024576663970947e-06, 0.6228752732276917, 7.614493370056152e-06, -7.797032594680786e-06, 1.1016765832901, 1.1920928955078125e-07, 3.762543201446533e-07, 0.77264404296875, -0.14074432849884033, -0.019361883401870728, 0.2530272305011749, 5.21540641784668e-07, -1.0728836059570312e-06, 0.5432054996490479, -4.172325134277344e-06, 4.112720489501953e-06, 1.1030573844909668, 1.16005539894104e-05, -7.927417755126953e-06, 0.8240506052970886, -0.00905272364616394, 0.023875445127487183, 0.3158416450023651, 2.682209014892578e-07, -1.043081283569336e-07, 0.31536075472831726, -0.0012295246124267578, -0.2804087996482849, 1.0047492980957031, 0.0012295842170715332, 0.2804054021835327, 0.17804300785064697, -0.0029576499946415424, 4.212411880493164, 1.1043694019317627, -0.08712345361709595, -0.35718637704849243, 0.5555344223976135, 5.811452865600586e-06, -2.8461217880249023e-06, 1.7364654541015625, -3.7401914596557617e-06, -2.902001142501831e-06, 1.62127685546875, -2.9155053198337555e-06, -1.1482741683721542e-05, 0.6033935546875, 0.04908865690231323, -0.4983294606208801, -0.4918173849582672, -3.7848949432373047e-06, 4.76837158203125e-07, 1.7200771570205688, -3.606081008911133e-06, -2.816319465637207e-06, 1.633895993232727, -3.585591912269592e-08, 7.644295692443848e-06, 0.6061097383499146, 0.03803715482354164, 0.4860990643501282, -0.06373585760593414, 4.667788743972778e-06, -8.009374141693115e-07, 0.4917293190956116, 7.450580596923828e-09, -3.762543201446533e-07, 0.4917336702346802, 0.14979751408100128, -0.0045155249536037445, 0.26721376180648804, 1.1920928955078125e-07, -1.2218952178955078e-06, 0.6228750944137573, 7.867813110351562e-06, -7.443130016326904e-06, 1.1016765832901, -1.4901161193847656e-08, -3.0547380447387695e-07, 0.77264404296875, -0.14074435830116272, -0.019361771643161774, 0.2530268728733063, 5.364418029785156e-07, 2.384185791015625e-07, 0.5432052612304688, -3.933906555175781e-06, 3.516674041748047e-06, 1.103057622909546, 1.1414289474487305e-05, -7.413327693939209e-06, 0.8240508437156677, -0.009052753448486328, 0.02387537807226181, 0.3158416450023651, 2.086162567138672e-07, -1.341104507446289e-07, 0.31536105275154114, -0.0012299418449401855, -0.28040874004364014, 1.0047492980957031, 0.0012291371822357178, 0.2804054021835327, 0.1780436635017395, 0.01134648360311985, 4.3158063888549805, 1.1107676029205322, -0.08712351322174072, -0.35718655586242676, 0.5555343627929688, 5.6549906730651855e-06, -2.8312206268310547e-06, 1.7364652156829834, -4.0084123611450195e-06, -2.823770046234131e-06, 1.62127685546875, -2.950429916381836e-06, -1.141335815191269e-05, 0.6033935546875, 0.04908868670463562, -0.4983297288417816, -0.49181756377220154, -3.606081008911133e-06, 4.172325134277344e-07, 1.7200775146484375, -3.591179847717285e-06, -2.905726432800293e-06, 1.6338963508605957, 7.729977369308472e-08, 7.674098014831543e-06, 0.6061096787452698, 0.03803723677992821, 0.48609891533851624, -0.06373599171638489, 4.678964614868164e-06, -7.506459951400757e-07, 0.49172937870025635, 1.4901161193847656e-08, -5.476176738739014e-07, 0.4917342960834503, 0.1497974991798401, -0.004515384323894978, 0.26721447706222534, 4.172325134277344e-07, -2.168118953704834e-06, 0.6228750348091125, 7.778406143188477e-06, -7.420778274536133e-06, 1.1016768217086792, 0.0, 9.238719940185547e-07, 0.7726441621780396, -0.1407444179058075, -0.019361838698387146, 0.25302770733833313, 4.6938657760620117e-07, -1.341104507446289e-06, 0.5432053208351135, -3.874301910400391e-06, 3.993511199951172e-06, 1.103057861328125, 1.1458992958068848e-05, -7.241964340209961e-06, 0.824050784111023, -0.009052736684679985, 0.023875568062067032, 0.3158421814441681, 1.862645149230957e-07, 5.21540641784668e-08, 0.3153614103794098, -0.0012295246124267578, -0.28040891885757446, 1.0047494173049927, 0.0012294501066207886, 0.2804052233695984, 0.17804338037967682, 0.018414966762065887, 4.366899490356445, 1.113929271697998, -0.08712349832057953, -0.35718604922294617, 0.5555342435836792, 5.688518285751343e-06, -2.812594175338745e-06, 1.7364652156829834, -3.715045750141144e-06, -2.868473529815674e-06, 1.621276617050171, -2.998858690261841e-06, -1.1406838893890381e-05, 0.6033935546875, 0.04908864200115204, -0.4983294606208801, -0.4918174743652344, -3.874301910400391e-06, 4.6193599700927734e-07, 1.7200775146484375, -3.941357135772705e-06, -2.816319465637207e-06, 1.633895993232727, 2.1792948246002197e-07, 7.592141628265381e-06, 0.606109619140625, 0.03803712874650955, 0.4860990345478058, -0.0637359693646431, 4.697591066360474e-06, -1.0784715414047241e-06, 0.49172964692115784, -7.450580596923828e-08, -5.550682544708252e-07, 0.4917337894439697, 0.14979752898216248, -0.004515606909990311, 0.267214298248291, 3.8743019104003906e-07, -1.4938414096832275e-06, 0.6228751540184021, 7.556751370429993e-06, -7.774680852890015e-06, 1.1016767024993896, -1.4901161193847656e-08, -5.830079317092896e-07, 0.7726442217826843, -0.1407443881034851, -0.019361823797225952, 0.25302720069885254, 6.370246410369873e-07, -4.842877388000488e-07, 0.5432053804397583, -3.814697265625e-06, 3.6954879760742188e-06, 1.103058099746704, 1.1488795280456543e-05, -7.681548595428467e-06, 0.824051022529602, -0.009052716195583344, 0.023875299841165543, 0.3158419132232666, 2.2351741790771484e-08, -9.12696123123169e-08, 0.3153614103794098, -0.0012295236811041832, -0.28040897846221924, 1.0047494173049927, 0.0012294948101043701, 0.2804048955440521, 0.17804346978664398, 0.01934645138680935, 4.373632907867432, 1.114345908164978, -0.08712339401245117, -0.3571859896183014, 0.5555342435836792, 5.5655837059021e-06, -2.8870999813079834e-06, 1.7364656925201416, -3.7029385566711426e-06, -2.788146957755089e-06, 1.6212764978408813, -2.9150396585464478e-06, -1.1393800377845764e-05, 0.6033936738967896, 0.04908876121044159, -0.49832940101623535, -0.4918175935745239, -3.874301910400391e-06, 5.061738193035126e-07, 1.7200775146484375, -3.762543201446533e-06, -2.8312206268310547e-06, 1.6338961124420166, 9.592622518539429e-08, 7.584691047668457e-06, 0.606109619140625, 0.03803715109825134, 0.4860994219779968, -0.06373607367277145, 4.623085260391235e-06, -8.186325430870056e-07, 0.4917292892932892, -1.1175870895385742e-08, -3.725290298461914e-07, 0.491733580827713, 0.1497974693775177, -0.004515534266829491, 0.26721301674842834, 8.940696716308594e-08, -1.6670674085617065e-06, 0.6228752136230469, 7.6070427894592285e-06, -7.271766662597656e-06, 1.1016778945922852, 2.9802322387695312e-08, -8.940696716308594e-08, 0.7726439237594604, -0.1407444328069687, -0.019361838698387146, 0.2530260682106018, 5.587935447692871e-07, -1.1995434761047363e-06, 0.5432052612304688, -3.814697265625e-06, 3.6954879760742188e-06, 1.103058099746704, 1.1563301086425781e-05, -7.029622793197632e-06, 0.8240512013435364, -0.00905279815196991, 0.023875387385487556, 0.31584087014198303, 1.5366822481155396e-07, -7.82310962677002e-08, 0.3153606951236725, -0.0012294016778469086, -0.2804079055786133, 1.004749059677124, 0.0012295246124267578, 0.2804057002067566, 0.17804335057735443, 0.013342359103262424, 4.330233097076416, 1.111660361289978, -0.08712346851825714, -0.3571862280368805, 0.5555343627929688, 5.714595317840576e-06, -2.767890691757202e-06, 1.7364654541015625, -3.896653652191162e-06, -2.7902424335479736e-06, 1.62127685546875, -2.898275852203369e-06, -1.1449679732322693e-05, 0.6033936142921448, 0.04908868670463562, -0.4983294904232025, -0.4918174743652344, -3.725290298461914e-06, 4.3958425521850586e-07, 1.7200775146484375, -3.5837292671203613e-06, -3.039836883544922e-06, 1.6338961124420166, -6.332993507385254e-08, 7.711350917816162e-06, 0.6061095595359802, 0.03803715109825134, 0.4860987067222595, -0.06373588740825653, 4.667788743972778e-06, -9.499490261077881e-07, 0.4917293190956116, 3.725290298461914e-09, -3.995373845100403e-07, 0.491733580827713, 0.14979754388332367, -0.004515470936894417, 0.2672140300273895, 2.086162567138672e-07, -1.3656681403517723e-06, 0.6228752136230469, 7.778406143188477e-06, -7.450580596923828e-06, 1.1016767024993896, -8.940696716308594e-08, 4.193279892206192e-07, 0.7726441621780396, -0.14074432849884033, -0.019361693412065506, 0.2530268132686615, 4.544854164123535e-07, -1.126900315284729e-06, 0.543205201625824, -3.5762786865234375e-06, 3.993511199951172e-06, 1.1030575037002563, 1.1295080184936523e-05, -7.644295692443848e-06, 0.8240509033203125, -0.009052697569131851, 0.02387544885277748, 0.31584176421165466, 1.424923539161682e-07, -2.8696376830339432e-08, 0.315360963344574, -0.0012293793261051178, -0.28040969371795654, 1.0047495365142822, 0.0012296698987483978, 0.2804050147533417, 0.17804288864135742, -0.0006704549305140972, 4.228944301605225, 1.1053924560546875, -0.08712348341941833, -0.35718637704849243, 0.5555343627929688, 5.502253770828247e-06, -2.78279185295105e-06, 1.7364654541015625, -3.948807716369629e-06, -2.8833746910095215e-06, 1.62127685546875, -2.8815120458602905e-06, -1.1421740055084229e-05, 0.6033935546875, 0.04908876121044159, -0.4983295202255249, -0.491817444562912, -3.7848949432373047e-06, 3.264285624027252e-07, 1.720077633857727, -4.000961780548096e-06, -2.8461217880249023e-06, 1.6338958740234375, 2.6542693376541138e-08, 7.68899917602539e-06, 0.6061097383499146, 0.03803730010986328, 0.4860992431640625, -0.06373588740825653, 4.664063453674316e-06, -7.199123501777649e-07, 0.49172982573509216, -4.470348358154297e-08, -7.087364792823792e-07, 0.4917334020137787, 0.14979742467403412, -0.004515396431088448, 0.2672136723995209, 3.5762786865234375e-07, -2.6635825634002686e-06, 0.6228750944137573, 7.450580596923828e-06, -7.62939453125e-06, 1.1016771793365479, -2.9802322387695312e-08, 3.1315721571445465e-07, 0.7726441621780396, -0.14074447751045227, -0.019361793994903564, 0.25302714109420776, 2.980232238769531e-07, -2.680462785065174e-08, 0.5432053208351135, -3.7550926208496094e-06, 3.337860107421875e-06, 1.1030577421188354, 1.1451542377471924e-05, -6.737187504768372e-06, 0.8240507245063782, -0.009052831679582596, 0.023875463753938675, 0.3158414661884308, 1.5227124094963074e-07, 2.0954757928848267e-09, 0.3153611719608307, -0.0012295693159103394, -0.28040897846221924, 1.0047491788864136, 0.0012294575572013855, 0.2804051637649536, 0.17804351449012756, -0.014877520501613617, 4.126251220703125, 1.099037766456604, -0.08712345361709595, -0.3571859300136566, 0.5555343627929688, 5.673617124557495e-06, -2.884306013584137e-06, 1.736465573310852, -3.822147846221924e-06, -2.8312206268310547e-06, 1.6212767362594604, -2.891756594181061e-06, -1.1466443538665771e-05, 0.6033935546875, 0.04908868670463562, -0.49832919239997864, -0.49181750416755676, -3.829598426818848e-06, 3.8743019104003906e-07, 1.7200772762298584, -3.844499588012695e-06, -2.86102294921875e-06, 1.6338956356048584, -1.3830140233039856e-07, 7.599592208862305e-06, 0.6061094999313354, 0.03803720325231552, 0.48609909415245056, -0.0637359619140625, 4.67151403427124e-06, -8.745118975639343e-07, 0.4917290508747101, -7.450580596923828e-09, -5.112960934638977e-07, 0.4917333424091339, 0.1497974842786789, -0.004515374079346657, 0.2672135531902313, 1.7881393432617188e-07, -2.1420419216156006e-06, 0.6228750944137573, 7.554888725280762e-06, -7.867813110351562e-06, 1.1016767024993896, -8.195638656616211e-08, 2.868473529815674e-07, 0.7726441025733948, -0.14074446260929108, -0.019361775368452072, 0.2530272901058197, 4.6193599700927734e-07, -1.3164244592189789e-06, 0.5432052612304688, -3.7848949432373047e-06, 4.1425228118896484e-06, 1.1030577421188354, 1.1574476957321167e-05, -7.607974112033844e-06, 0.8240508437156677, -0.009052801877260208, 0.023875460028648376, 0.3158420920372009, 2.384185791015625e-07, 2.0721927285194397e-08, 0.31536054611206055, -0.0012294985353946686, -0.2804092466831207, 1.0047494173049927, 0.0012293830513954163, 0.2804044783115387, 0.17804361879825592, -0.023911727592349052, 4.060948848724365, 1.0949968099594116, -0.0871235728263855, -0.35718631744384766, 0.5555345416069031, 5.844980478286743e-06, -2.810731530189514e-06, 1.736465334892273, -3.6656856536865234e-06, -2.7418136596679688e-06, 1.6212767362594604, -2.86102294921875e-06, -1.1481344699859619e-05, 0.6033936142921448, 0.049088671803474426, -0.4983294606208801, -0.491817444562912, -3.829598426818848e-06, 4.172325134277344e-07, 1.7200770378112793, -3.933906555175781e-06, -2.8908252716064453e-06, 1.6338961124420166, 2.459273673593998e-09, 7.525086402893066e-06, 0.6061094999313354, 0.03803722932934761, 0.4860996901988983, -0.06373589485883713, 4.67151403427124e-06, -8.009374141693115e-07, 0.4917299449443817, -2.9802322387695312e-08, -7.133930921554565e-07, 0.4917334020137787, 0.1497974991798401, -0.004515489563345909, 0.26721349358558655, 3.8743019104003906e-07, -2.08243727684021e-06, 0.6228750944137573, 7.614493370056152e-06, -7.3015689849853516e-06, 1.1016771793365479, 7.450580596923828e-09, -4.0046870708465576e-08, 0.77264404296875, -0.1407444030046463, -0.01936185359954834, 0.2530265748500824, 3.5762786865234375e-07, -8.549541234970093e-07, 0.543205201625824, -3.933906555175781e-06, 3.516674041748047e-06, 1.103058099746704, 1.146458089351654e-05, -8.02706927061081e-06, 0.8240512013435364, -0.009052753448486328, 0.023875365033745766, 0.3158417046070099, 2.086162567138672e-07, -5.727633833885193e-08, 0.3153610825538635, -0.0012295078486204147, -0.2804098129272461, 1.0047494173049927, 0.0012294948101043701, 0.28040415048599243, 0.17804352939128876, -0.02421126700937748, 4.058784008026123, 1.0948628187179565, -0.08712348341941833, -0.3571864366531372, 0.555534303188324, 5.6996941566467285e-06, -2.7418136596679688e-06, 1.736465334892273, -3.941357135772705e-06, -2.816319465637207e-06, 1.62127685546875, -2.9909424483776093e-06, -1.1429190635681152e-05, 0.6033935546875, 0.04908879101276398, -0.4983295798301697, -0.49181753396987915, -3.769993782043457e-06, 3.2782554626464844e-07, 1.720077633857727, -3.874301910400391e-06, -2.9206275939941406e-06, 1.633895993232727, -3.739842213690281e-09, 7.539987564086914e-06, 0.606109619140625, 0.03803734481334686, 0.4860994219779968, -0.06373600661754608, 4.678964614868164e-06, -8.642673492431641e-07, 0.4917292594909668, -2.9802322387695312e-08, -5.532056093215942e-07, 0.4917337894439697, 0.14979752898216248, -0.004515446722507477, 0.26721400022506714, 2.682209014892578e-07, -2.041459083557129e-06, 0.6228753924369812, 7.4356794357299805e-06, -7.4803829193115234e-06, 1.1016770601272583, 8.940696716308594e-08, -2.912711352109909e-07, 0.7726441621780396, -0.1407443881034851, -0.01936190575361252, 0.25302693247795105, 1.7881393432617188e-07, -8.046627044677734e-07, 0.543205201625824, -3.7550926208496094e-06, 4.4405460357666016e-06, 1.1030583381652832, 1.1477619409561157e-05, -7.314607501029968e-06, 0.8240510821342468, -0.009052745997905731, 0.02387537807226181, 0.3158419728279114, 1.601874828338623e-07, -4.563480615615845e-08, 0.3153611123561859, -0.0012294594198465347, -0.28040799498558044, 1.0047492980957031, 0.0012294426560401917, 0.28040555119514465, 0.17804381251335144, -0.01378706656396389, 4.134133338928223, 1.0995254516601562, -0.08712351322174072, -0.35718628764152527, 0.5555343627929688, 5.662906914949417e-06, -2.9318034648895264e-06, 1.7364654541015625, -3.948807716369629e-06, -2.8461217880249023e-06, 1.6212767362594604, -2.9047951102256775e-06, -1.1421740055084229e-05, 0.6033935546875, 0.04908856749534607, -0.49832966923713684, -0.49181750416755676, -3.7997961044311523e-06, 4.76837158203125e-07, 1.7200775146484375, -3.874301910400391e-06, -2.816319465637207e-06, 1.6338958740234375, 5.820766091346741e-09, 7.703900337219238e-06, 0.6061094999313354, 0.03803718835115433, 0.4860987365245819, -0.06373585760593414, 4.7013163566589355e-06, -7.729977369308472e-07, 0.4917292296886444, -1.4901161193847656e-08, -4.5262277126312256e-07, 0.4917339086532593, 0.1497974991798401, -0.0045153554528951645, 0.2672137916088104, 2.980232238769531e-07, -2.0675361156463623e-06, 0.6228753328323364, 7.554888725280762e-06, -7.62939453125e-06, 1.1016769409179688, -1.7136335372924805e-07, 3.708992153406143e-07, 0.7726442217826843, -0.14074435830116272, -0.01936163753271103, 0.2530262768268585, 5.830079317092896e-07, -8.717179298400879e-07, 0.5432052612304688, -3.2782554626464844e-06, 4.0531158447265625e-06, 1.103057861328125, 1.1481344699859619e-05, -7.7076256275177e-06, 0.8240509629249573, -0.009052760899066925, 0.023875486105680466, 0.3158414661884308, 2.1606683731079102e-07, 2.2351741790771484e-08, 0.31536075472831726, -0.00122939795255661, -0.28040945529937744, 1.0047498941421509, 0.001229614019393921, 0.28040483593940735, 0.178043931722641, 0.002075056778267026, 4.2487897872924805, 1.1066205501556396, -0.08712337911128998, -0.3571859896183014, 0.5555343627929688, 5.647074431180954e-06, -2.808868885040283e-06, 1.736465573310852, -3.814697265625e-06, -2.905726432800293e-06, 1.6212769746780396, -3.0547380447387695e-06, -1.1460855603218079e-05, 0.6033934950828552, 0.04908861219882965, -0.4983293414115906, -0.4918175935745239, -4.023313522338867e-06, 4.0605664253234863e-07, 1.7200772762298584, -3.7923455238342285e-06, -2.7567148208618164e-06, 1.6338958740234375, 1.0849907994270325e-07, 7.666647434234619e-06, 0.6061095595359802, 0.03803715854883194, 0.48609912395477295, -0.06373600661754608, 4.5746564865112305e-06, -9.872019290924072e-07, 0.49172958731651306, 8.195638656616211e-08, -6.258487701416016e-07, 0.4917339086532593, 0.1497974693775177, -0.004515375010669231, 0.2672134041786194, 2.384185791015625e-07, -1.0044313967227936e-06, 0.6228750944137573, 7.3015689849853516e-06, -7.4803829193115234e-06, 1.101677417755127, 7.450580596923828e-08, 5.122274160385132e-07, 0.7726439833641052, -0.1407444179058075, -0.019361697137355804, 0.2530266046524048, 4.367902874946594e-07, -7.152557373046875e-07, 0.5432053208351135, -3.874301910400391e-06, 3.4570693969726562e-06, 1.1030582189559937, 1.125037670135498e-05, -7.525086402893066e-06, 0.824050784111023, -0.009052783250808716, 0.023875508457422256, 0.3158413767814636, 8.195638656616211e-08, -8.195638656616211e-08, 0.3153606355190277, -0.0012295320630073547, -0.2804088890552521, 1.004748821258545, 0.0012294352054595947, 0.2804051637649536, 0.17804281413555145, 0.015751676633954048, 4.347648620605469, 1.112738013267517, -0.08712360262870789, -0.35718590021133423, 0.5555342435836792, 5.729496479034424e-06, -2.7939677238464355e-06, 1.736465334892273, -3.863126039505005e-06, -2.857297658920288e-06, 1.62127685546875, -2.9690563678741455e-06, -1.1451542377471924e-05, 0.6033934950828552, 0.0490884929895401, -0.4983293116092682, -0.4918174743652344, -3.9637088775634766e-06, 4.6938657760620117e-07, 1.7200772762298584, -3.777444362640381e-06, -2.7865171432495117e-06, 1.633895993232727, -9.033828973770142e-08, 7.659196853637695e-06, 0.6061096787452698, 0.038037076592445374, 0.4860995411872864, -0.0637359768152237, 4.6156346797943115e-06, -8.419156074523926e-07, 0.4917294979095459, -5.960464477539063e-08, -2.644956111907959e-07, 0.4917334318161011, 0.1497974991798401, -0.00451530609279871, 0.26721319556236267, 1.7881393432617188e-07, -1.323409378528595e-06, 0.6228752136230469, 7.659196853637695e-06, -7.644295692443848e-06, 1.1016767024993896, -5.960464477539063e-08, -3.878958523273468e-07, 0.7726441025733948, -0.14074435830116272, -0.01936158537864685, 0.2530265748500824, 8.605420589447021e-07, -8.791685104370117e-07, 0.5432053804397583, -3.6954879760742188e-06, 3.635883331298828e-06, 1.1030572652816772, 1.150369644165039e-05, -7.62939453125e-06, 0.8240506649017334, -0.009052745997905731, 0.023875504732131958, 0.31584152579307556, 1.1920928955078125e-07, -3.3527612686157227e-08, 0.31536075472831726, -0.001229614019393921, -0.28040921688079834, 1.0047494173049927, 0.001229405403137207, 0.2804050147533417, 0.17804330587387085, 0.02403748780488968, 4.407541275024414, 1.1164442300796509, -0.08712360262870789, -0.3571867048740387, 0.555534303188324, 5.7220458984375e-06, -2.913177013397217e-06, 1.736465334892273, -3.859400749206543e-06, -2.8461217880249023e-06, 1.62127685546875, -2.7064234018325806e-06, -1.1373311281204224e-05, 0.6033934950828552, 0.049088507890701294, -0.49832966923713684, -0.4918176531791687, -3.933906555175781e-06, 5.066394805908203e-07, 1.720077395439148, -3.896653652191162e-06, -2.905726432800293e-06, 1.633895993232727, 7.450580596923828e-08, 7.584691047668457e-06, 0.6061096787452698, 0.03803708776831627, 0.48609861731529236, -0.06373605132102966, 4.578381776809692e-06, -7.338821887969971e-07, 0.49173036217689514, 8.940696716308594e-08, -2.1606683731079102e-07, 0.49173328280448914, 0.14979751408100128, -0.004515526816248894, 0.2672136425971985, 2.384185791015625e-07, -2.1532177925109863e-06, 0.6228752732276917, 7.670372724533081e-06, -7.577240467071533e-06, 1.1016764640808105, -5.960464477539063e-08, 6.28642737865448e-09, 0.7726442217826843, -0.1407444179058075, -0.019361793994903564, 0.25302618741989136, 7.37607479095459e-07, -3.8743019104003906e-07, 0.5432053208351135, -3.7550926208496094e-06, 4.0531158447265625e-06, 1.1030573844909668, 1.1429190635681152e-05, -7.633119821548462e-06, 0.824051022529602, -0.009052745997905731, 0.023875311017036438, 0.3158416152000427, 1.6391277313232422e-07, 4.470348358154297e-08, 0.31536105275154114, -0.0012295395135879517, -0.28040897846221924, 1.004749059677124, 0.0012294352054595947, 0.28040462732315063, 0.17804326117038727, 0.02276645414531231, 4.398353576660156, 1.1158757209777832, -0.08712361752986908, -0.35718610882759094, 0.5555342435836792, 5.677342414855957e-06, -2.8759241104125977e-06, 1.7364656925201416, -3.6209821701049805e-06, -2.8014183044433594e-06, 1.6212767362594604, -2.905726432800293e-06, -1.1488795280456543e-05, 0.6033935546875, 0.049088552594184875, -0.4983291029930115, -0.49181753396987915, -4.000961780548096e-06, 5.811452865600586e-07, 1.7200778722763062, -3.814697265625e-06, -2.8293579816818237e-06, 1.6338958740234375, -1.8812716007232666e-07, 7.5213611125946045e-06, 0.606109619140625, 0.03803711384534836, 0.4860992133617401, -0.06373599916696548, 4.537403583526611e-06, -1.0207295417785645e-06, 0.491729736328125, 1.4901161193847656e-08, -2.980232238769531e-07, 0.4917331337928772, 0.1497974842786789, -0.004515308886766434, 0.2672139108181, 2.682209014892578e-07, -1.5422701835632324e-06, 0.6228751540184021, 7.379800081253052e-06, -7.456168532371521e-06, 1.1016769409179688, 5.587935447692871e-08, -5.513429641723633e-07, 0.7726439237594604, -0.14074444770812988, -0.0193617045879364, 0.2530272305011749, 3.5762786865234375e-07, -3.8743019104003906e-07, 0.5432053804397583, -3.6954879760742188e-06, 3.635883331298828e-06, 1.103057861328125, 1.1578202247619629e-05, -7.141381502151489e-06, 0.824050784111023, -0.009052790701389313, 0.02387545257806778, 0.3158418536186218, 8.940696716308594e-08, 8.940696716308594e-08, 0.3153609335422516, -0.00122948014177382, -0.280409038066864, 1.0047497749328613, 0.0012295241467654705, 0.28040534257888794, 0.17804327607154846, 0.015459476038813591, 4.345536231994629, 1.1126072406768799, -0.08712352812290192, -0.35718613862991333, 0.5555344223976135, 5.677342414855957e-06, -2.7865171432495117e-06, 1.7364656925201416, -3.919005393981934e-06, -2.86102294921875e-06, 1.6212769746780396, -3.0314549803733826e-06, -1.1451542377471924e-05, 0.6033934950828552, 0.04908859729766846, -0.49832943081855774, -0.4918174743652344, -3.919005393981934e-06, 5.364418029785156e-07, 1.7200772762298584, -3.8333237171173096e-06, -2.7939677238464355e-06, 1.6338956356048584, 1.387670636177063e-07, 7.722526788711548e-06, 0.606109619140625, 0.03803722560405731, 0.4860993027687073, -0.06373588740825653, 4.6193599700927734e-06, -6.556510925292969e-07, 0.49172988533973694, -1.043081283569336e-07, -5.811452865600586e-07, 0.49173375964164734, 0.14979736506938934, -0.004515372216701508, 0.26721322536468506, 3.725290298461914e-07, -2.1494925022125244e-06, 0.6228752136230469, 7.502734661102295e-06, -7.3034316301345825e-06, 1.1016775369644165, -1.7136335372924805e-07, 4.284083843231201e-07, 0.7726439833641052, -0.14074453711509705, -0.019361644983291626, 0.25302624702453613, 6.556510925292969e-07, -9.5367431640625e-07, 0.5432052612304688, -4.112720489501953e-06, 3.7550926208496094e-06, 1.1030571460723877, 1.1473894119262695e-05, -7.67689198255539e-06, 0.8240509033203125, -0.00905291736125946, 0.023875653743743896, 0.3158404529094696, 1.6391277313232422e-07, 2.2351741790771484e-08, 0.31536123156547546, -0.00122939795255661, -0.2804095447063446, 1.0047492980957031, 0.0012295767664909363, 0.28040432929992676, 0.1780434250831604, 0.0008955644443631172, 4.240263938903809, 1.106092929840088, -0.08712348341941833, -0.35718661546707153, 0.5555344223976135, 5.692243576049805e-06, -2.905726432800293e-06, 1.7364652156829834, -3.7997961044311523e-06, -2.771615982055664e-06, 1.6212769746780396, -2.8405338525772095e-06, -1.1458992958068848e-05, 0.6033935546875, 0.04908859729766846, -0.4983300566673279, -0.4918175935745239, -3.7103891372680664e-06, 5.066394805908203e-07, 1.7200775146484375, -3.7588179111480713e-06, -2.905726432800293e-06, 1.6338962316513062, -6.938353180885315e-08, 7.644295692443848e-06, 0.6061095595359802, 0.038037143647670746, 0.4860982894897461, -0.0637359619140625, 4.67151403427124e-06, -8.717179298400879e-07, 0.49172985553741455, -1.1920928955078125e-07, -3.650784492492676e-07, 0.4917339086532593, 0.1497974991798401, -0.004515279084444046, 0.2672141194343567, 2.086162567138672e-07, -2.473592758178711e-06, 0.6228751540184021, 7.37607479095459e-06, -7.368624210357666e-06, 1.1016770601272583, 1.2665987014770508e-07, 6.109476089477539e-07, 0.7726439833641052, -0.1407443881034851, -0.019361525774002075, 0.25302693247795105, 8.046627044677734e-07, 1.6391277313232422e-07, 0.5432052612304688, -3.516674041748047e-06, 3.3974647521972656e-06, 1.103058099746704, 1.1801719665527344e-05, -7.955532055348158e-06, 0.8240508437156677, -0.009052753448486328, 0.023875653743743896, 0.31584176421165466, 1.4901161193847656e-07, 2.2351741790771484e-08, 0.3153606653213501, -0.0012294948101043701, -0.2804091274738312, 1.0047495365142822, 0.0012295171618461609, 0.2804051339626312, 0.17804333567619324, -0.011870035901665688, 4.1479902267456055, 1.100382924079895, -0.0871235579252243, -0.35718685388565063, 0.555534303188324, 5.729496479034424e-06, -2.9206275939941406e-06, 1.7364656925201416, -3.769993782043457e-06, -2.8461217880249023e-06, 1.62127685546875, -2.9047951102256775e-06, -1.1436641216278076e-05, 0.6033935546875, 0.04908858239650726, -0.4983302056789398, -0.4918175935745239, -3.7103891372680664e-06, 4.76837158203125e-07, 1.7200772762298584, -3.907829523086548e-06, -2.8908252716064453e-06, 1.6338958740234375, 2.4924520403146744e-07, 7.53253698348999e-06, 0.6061096787452698, 0.03803722560405731, 0.48609864711761475, -0.06373600661754608, 4.641711711883545e-06, -6.780028343200684e-07, 0.49172914028167725, 1.4901161193847656e-08, -3.5762786865234375e-07, 0.49173325300216675, 0.1497974693775177, -0.0045154765248298645, 0.267214298248291, 4.470348358154297e-07, -1.6316771507263184e-06, 0.6228752136230469, 7.569789886474609e-06, -7.623806595802307e-06, 1.1016770601272583, -2.2351741790771484e-07, 7.040798664093018e-07, 0.77264404296875, -0.14074444770812988, -0.019361719489097595, 0.2530272603034973, 4.3213367462158203e-07, -3.2782554626464844e-07, 0.5432052612304688, -4.0531158447265625e-06, 3.7550926208496094e-06, 1.103057622909546, 1.1198222637176514e-05, -7.256865501403809e-06, 0.8240508437156677, -0.009052753448486328, 0.023875489830970764, 0.3158417344093323, 1.4901161193847656e-07, -7.82310962677002e-08, 0.31536123156547546, -0.0012294799089431763, -0.28040874004364014, 1.0047497749328613, 0.0012295320630073547, 0.28040534257888794, 0.17804349958896637, -0.018589366227388382, 4.099420547485352, 1.0973774194717407, -0.08712354302406311, -0.357186496257782, 0.5555342435836792, 5.718320608139038e-06, -2.853572368621826e-06, 1.736465334892273, -3.859400749206543e-06, -2.9653310775756836e-06, 1.6212769746780396, -2.8903596103191376e-06, -1.1414289474487305e-05, 0.6033934950828552, 0.04908858239650726, -0.49832963943481445, -0.4918176531791687, -3.7401914596557617e-06, 4.470348358154297e-07, 1.720077633857727, -3.919005393981934e-06, -2.8461217880249023e-06, 1.6338958740234375, 3.862660378217697e-07, 7.644295692443848e-06, 0.6061096787452698, 0.03803719952702522, 0.48609891533851624, -0.06373601406812668, 4.544854164123535e-06, -8.568167686462402e-07, 0.4917294383049011, 0.0, -1.6391277313232422e-07, 0.4917333126068115, 0.14979760348796844, -0.004515446722507477, 0.2672143876552582, 3.725290298461914e-07, -1.6167759895324707e-06, 0.6228750944137573, 7.808208465576172e-06, -7.273629307746887e-06, 1.1016771793365479, 2.2351741790771484e-08, 1.862645149230957e-08, 0.7726439237594604, -0.14074423909187317, -0.019361838698387146, 0.2530275881290436, 5.364418029785156e-07, -2.3096799850463867e-07, 0.5432052612304688, -4.291534423828125e-06, 3.814697265625e-06, 1.1030573844909668, 1.1205673217773438e-05, -7.1711838245391846e-06, 0.8240508437156677, -0.009052693843841553, 0.023875504732131958, 0.3158417046070099, 1.4901161193847656e-07, 2.2351741790771484e-08, 0.31536146998405457, -0.0012294724583625793, -0.28040939569473267, 1.0047487020492554, 0.0012295134365558624, 0.28040459752082825, 0.1780427247285843, -0.01391172781586647, 4.133232116699219, 1.0994696617126465, -0.08712342381477356, -0.35718628764152527, 0.5555343627929688, 5.714595317840576e-06, -2.9653310775756836e-06, 1.736465573310852, -3.814697265625e-06, -2.816319465637207e-06, 1.6212769746780396, -2.937857061624527e-06, -1.1444091796875e-05, 0.6033935546875, 0.04908865690231323, -0.4983294904232025, -0.49181753396987915, -3.844499588012695e-06, 4.76837158203125e-07, 1.7200772762298584, -3.6582350730895996e-06, -2.950429916381836e-06, 1.633895754814148, 2.1979212760925293e-07, 7.621943950653076e-06, 0.606109619140625, 0.038037218153476715, 0.48609891533851624, -0.06373587250709534, 4.634261131286621e-06, -1.084059476852417e-06, 0.49172958731651306, 1.341104507446289e-07, -4.246830940246582e-07, 0.49173349142074585, 0.14979752898216248, -0.004515338689088821, 0.2672138810157776, 2.682209014892578e-07, -2.253800630569458e-06, 0.6228750944137573, 8.016824722290039e-06, -8.020550012588501e-06, 1.1016767024993896, -6.705522537231445e-08, -7.934868335723877e-07, 0.7726439833641052, -0.14074432849884033, -0.019361555576324463, 0.2530268728733063, 5.21540641784668e-07, -9.08970832824707e-07, 0.5432055592536926, -3.546476364135742e-06, 3.874301910400391e-06, 1.1030577421188354, 1.1511147022247314e-05, -8.303672075271606e-06, 0.8240509033203125, -0.009052738547325134, 0.023875564336776733, 0.3158419132232666, 1.4901161193847656e-07, 1.4901161193847656e-07, 0.315360963344574, -0.0012295227497816086, -0.2804083228111267, 1.0047484636306763, 0.0012295115739107132, 0.2804054915904999, 0.17804259061813354, 0.000401071272790432, 4.236689567565918, 1.1058717966079712, -0.08712339401245117, -0.35718539357185364, 0.5555343627929688, 5.736947059631348e-06, -2.816319465637207e-06, 1.736465334892273, -3.844499588012695e-06, -2.8908252716064453e-06, 1.6212769746780396, -2.9542716220021248e-06, -1.1451542377471924e-05, 0.6033935546875, 0.049088627099990845, -0.4983288645744324, -0.49181750416755676, -3.948807716369629e-06, 5.364418029785156e-07, 1.720077633857727, -3.7997961044311523e-06, -2.8908252716064453e-06, 1.6338956356048584, -2.8312206268310547e-07, 7.655471563339233e-06, 0.6061096787452698, 0.03803727775812149, 0.4860994517803192, -0.06373588740825653, 4.6193599700927734e-06, -8.530914783477783e-07, 0.4917297959327698, 2.2351741790771484e-08, -2.980232238769531e-07, 0.4917333126068115, 0.1497974991798401, -0.004515295848250389, 0.2672139108181, 2.2351741790771484e-07, -2.1830201148986816e-06, 0.622875452041626, 7.770955562591553e-06, -7.7858567237854e-06, 1.1016775369644165, 7.450580596923828e-08, -3.3527612686157227e-07, 0.7726441025733948, -0.1407443881034851, -0.01936165988445282, 0.2530275583267212, 2.8312206268310547e-07, -1.4901161193847656e-07, 0.5432053208351135, -3.9637088775634766e-06, 3.844499588012695e-06, 1.1030577421188354, 1.1414289474487305e-05, -7.797032594680786e-06, 0.8240509033203125, -0.009052783250808716, 0.02387547492980957, 0.3158423900604248, 1.6391277313232422e-07, -7.82310962677002e-08, 0.3153609335422516, -0.0012293905019760132, -0.2804083824157715, 1.004749059677124, 0.001229606568813324, 0.2804056406021118, 0.17804312705993652, 0.011555982753634453, 4.317320823669434, 1.1108613014221191, -0.08712348341941833, -0.3571856617927551, 0.5555344223976135, 5.826354026794434e-06, -2.8759241104125977e-06, 1.736465573310852, -3.7997961044311523e-06, -2.8870999813079834e-06, 1.6212769746780396, -2.800486981868744e-06, -1.1455267667770386e-05, 0.6033934950828552, 0.04908865690231323, -0.4983290135860443, -0.4918174743652344, -3.7103891372680664e-06, 4.172325134277344e-07, 1.7200771570205688, -3.5688281059265137e-06, -2.8908252716064453e-06, 1.633895754814148, 1.1408701539039612e-07, 7.644295692443848e-06, 0.606109619140625, 0.038037169724702835, 0.4860992729663849, -0.06373586505651474, 4.697591066360474e-06, -6.295740604400635e-07, 0.4917299449443817, 5.960464477539063e-08, -3.2782554626464844e-07, 0.49173450469970703, 0.14979751408100128, -0.004515394568443298, 0.26721394062042236, 1.1920928955078125e-07, -2.2435560822486877e-06, 0.6228753328323364, 7.569789886474609e-06, -7.778406143188477e-06, 1.1016770601272583, -1.4901161193847656e-08, 1.441221684217453e-07, 0.77264404296875, -0.1407443881034851, -0.019361749291419983, 0.25302666425704956, 3.650784492492676e-07, -6.705522537231445e-07, 0.5432052612304688, -3.6954879760742188e-06, 3.904104232788086e-06, 1.1030583381652832, 1.0922551155090332e-05, -7.5511634349823e-06, 0.8240509033203125, -0.009052722714841366, 0.02387545257806778, 0.31584203243255615, 1.564621925354004e-07, -5.774199962615967e-08, 0.3153611421585083, -0.0012294799089431763, -0.28040894865989685, 1.0047489404678345, 0.0012295395135879517, 0.280404657125473, 0.17804326117038727, 0.015525441616773605, 4.346013069152832, 1.1126368045806885, -0.08712358772754669, -0.35718610882759094, 0.555534303188324, 5.7220458984375e-06, -2.995133399963379e-06, 1.736465334892273, -3.874301910400391e-06, -2.7795322239398956e-06, 1.62127685546875, -2.842862159013748e-06, -1.146271824836731e-05, 0.6033934950828552, 0.04908852279186249, -0.4983295202255249, -0.491817444562912, -3.993511199951172e-06, 3.5762786865234375e-07, 1.7200772762298584, -3.777444362640381e-06, -2.9802322387695312e-06, 1.633895993232727, -5.029141902923584e-08, 7.592141628265381e-06, 0.6061095595359802, 0.038037147372961044, 0.4860987663269043, -0.06373591721057892, 4.69014048576355e-06, -7.543712854385376e-07, 0.4917295575141907, -7.450580596923828e-09, -1.825392246246338e-07, 0.49173402786254883, 0.14979757368564606, -0.004515356384217739, 0.26721328496932983, 8.940696716308594e-08, -1.948792487382889e-06, 0.6228750944137573, 7.9423189163208e-06, -7.614493370056152e-06, 1.1016770601272583, 1.4901161193847656e-08, -1.7136335372924805e-07, 0.77264404296875, -0.14074431359767914, -0.019361644983291626, 0.2530266046524048, 5.774199962615967e-07, -5.960464477539062e-07, 0.5432051420211792, -3.874301910400391e-06, 3.6954879760742188e-06, 1.1030577421188354, 1.1399388313293457e-05, -8.098781108856201e-06, 0.8240508437156677, -0.009052693843841553, 0.02387550100684166, 0.3158413767814636, 1.6391277313232422e-07, 2.60770320892334e-08, 0.3153610825538635, -0.001229405403137207, -0.2804090678691864, 1.0047496557235718, 0.0012295693159103394, 0.2804045081138611, 0.17804394662380219, 0.01610407792031765, 4.35019588470459, 1.1128956079483032, -0.08712358772754669, -0.3571861684322357, 0.555534303188324, 5.729496479034424e-06, -2.816319465637207e-06, 1.7364652156829834, -3.889203071594238e-06, -2.8051435947418213e-06, 1.6212772130966187, -3.0100345611572266e-06, -1.1466676369309425e-05, 0.6033935546875, 0.049088627099990845, -0.49832940101623535, -0.4918177127838135, -3.7997961044311523e-06, 6.132759153842926e-07, 1.720077395439148, -3.6954879760742188e-06, -2.905726432800293e-06, 1.6338961124420166, 2.7939677238464355e-09, 7.539987564086914e-06, 0.606109619140625, 0.03803720697760582, 0.4860990643501282, -0.06373603641986847, 4.623085260391235e-06, -9.406358003616333e-07, 0.49172917008399963, 6.705522537231445e-08, -2.60770320892334e-07, 0.49173420667648315, 0.1497974991798401, -0.004515491425991058, 0.2672138512134552, 2.384185791015625e-07, -2.5834888219833374e-06, 0.6228750944137573, 7.6070427894592285e-06, -7.554888725280762e-06, 1.1016769409179688, 7.450580596923828e-08, -3.259629011154175e-07, 0.7726441025733948, -0.1407443881034851, -0.01936180144548416, 0.25302693247795105, 4.3492764234542847e-07, -9.387731552124023e-07, 0.543205201625824, -3.6954879760742188e-06, 3.5762786865234375e-06, 1.103058099746704, 1.1458992958068848e-05, -7.899478077888489e-06, 0.8240509033203125, -0.009052753448486328, 0.023875411599874496, 0.3158416450023651, 3.0547380447387695e-07, -3.166496753692627e-08, 0.315360963344574, -0.001229509711265564, -0.28040897846221924, 1.0047495365142822, 0.0012294650077819824, 0.2804042398929596, 0.17804419994354248, 0.011912745423614979, 4.319899559020996, 1.111020803451538, -0.08712352812290192, -0.3571860194206238, 0.5555342435836792, 5.826354026794434e-06, -2.8908252716064453e-06, 1.736465334892273, -3.7997961044311523e-06, -2.8014183044433594e-06, 1.6212769746780396, -2.9224902391433716e-06, -1.1464115232229233e-05, 0.6033935546875, 0.049088627099990845, -0.49832937121391296, -0.49181756377220154, -3.6954879760742188e-06, 5.21540641784668e-07, 1.7200777530670166, -3.7923455238342285e-06, -2.8312206268310547e-06, 1.6338955163955688, -3.166496753692627e-08, 7.636845111846924e-06, 0.6061096787452698, 0.038037147372961044, 0.48609957098960876, -0.06373605877161026, 4.7050416469573975e-06, -6.463378667831421e-07, 0.4917296767234802, 7.916241884231567e-09, -3.390014171600342e-07, 0.4917338192462921, 0.14979754388332367, -0.004515537992119789, 0.26721423864364624, 3.2782554626464844e-07, -2.178829163312912e-06, 0.6228752732276917, 7.614493370056152e-06, -7.659196853637695e-06, 1.101676106452942, -1.7881393432617188e-07, -8.754432201385498e-08, 0.7726441025733948, -0.14074434340000153, -0.01936183124780655, 0.2530273199081421, 5.497131496667862e-07, -8.866190910339355e-07, 0.5432052612304688, -3.7550926208496094e-06, 4.0531158447265625e-06, 1.1030575037002563, 1.1518597602844238e-05, -7.335096597671509e-06, 0.8240507245063782, -0.00905272364616394, 0.023875359445810318, 0.31584230065345764, 1.862645149230957e-07, -3.166496753692627e-08, 0.3153611123561859, -0.0012295320630073547, -0.2804090082645416, 1.0047489404678345, 0.0012294948101043701, 0.28040480613708496, 0.1780432164669037, -0.00037932349368929863, 4.231048583984375, 1.105522632598877, -0.08712340891361237, -0.35718631744384766, 0.5555344820022583, 5.576759576797485e-06, -2.779066562652588e-06, 1.736465573310852, -3.729015588760376e-06, -2.8582289814949036e-06, 1.6212767362594604, -2.993270754814148e-06, -1.1414289474487305e-05, 0.6033936142921448, 0.04908880591392517, -0.4983295500278473, -0.4918173551559448, -3.769993782043457e-06, 4.6193599700927734e-07, 1.7200772762298584, -3.948807716369629e-06, -3.0100345611572266e-06, 1.633895754814148, 1.51805579662323e-07, 7.599592208862305e-06, 0.6061096787452698, 0.03803730756044388, 0.4860987961292267, -0.06373578310012817, 4.712492227554321e-06, -6.854534149169922e-07, 0.4917295575141907, 3.725290298461914e-09, -2.7939677238464355e-07, 0.4917336404323578, 0.14979752898216248, -0.004515266045928001, 0.26721468567848206, 2.384185791015625e-07, -1.310952939093113e-06, 0.6228752136230469, 7.525086402893066e-06, -7.569789886474609e-06, 1.1016767024993896, 8.195638656616211e-08, -9.12696123123169e-08, 0.7726439833641052, -0.14074435830116272, -0.019361503422260284, 0.25302767753601074, 3.809109330177307e-07, -9.387731552124023e-07, 0.5432052612304688, -3.933906555175781e-06, 3.933906555175781e-06, 1.103057622909546, 1.1585652828216553e-05, -7.37607479095459e-06, 0.8240512609481812, -0.009052708745002747, 0.023875642567873, 0.31584233045578003, 1.7881393432617188e-07, 5.029141902923584e-08, 0.3153611421585083, -0.0012295246124267578, -0.2804088890552521, 1.0047492980957031, 0.0012294799089431763, 0.2804052531719208, 0.17804309725761414, -0.011547485366463661, 4.1503214836120605, 1.1005271673202515, -0.08712352067232132, -0.35718610882759094, 0.5555343627929688, 5.695968866348267e-06, -2.86102294921875e-06, 1.7364656925201416, -3.729015588760376e-06, -2.866610884666443e-06, 1.6212769746780396, -2.7213245630264282e-06, -1.1399388313293457e-05, 0.6033935546875, 0.049088649451732635, -0.498329222202301, -0.49181756377220154, -3.7401914596557617e-06, 4.172325134277344e-07, 1.7200770378112793, -3.7401914596557617e-06, -2.7567148208618164e-06, 1.6338958740234375, -2.0721927285194397e-07, 7.763504981994629e-06, 0.606109619140625, 0.038037195801734924, 0.4860992133617401, -0.06373599171638489, 4.649162292480469e-06, -8.940696716308594e-07, 0.4917292296886444, 2.9802322387695312e-08, -2.123415470123291e-07, 0.4917335510253906, 0.1497974693775177, -0.004515520296990871, 0.2672141194343567, 3.2782554626464844e-07, -2.258922904729843e-06, 0.6228750944137573, 7.838010787963867e-06, -7.718801498413086e-06, 1.1016767024993896, 6.705522537231445e-08, -3.3527612686157227e-08, 0.7726439833641052, -0.1407444030046463, -0.01936180144548416, 0.25302720069885254, 3.241002559661865e-07, -7.227063179016113e-07, 0.5432052612304688, -4.172325134277344e-06, 3.874301910400391e-06, 1.1030583381652832, 1.1548399925231934e-05, -7.759779691696167e-06, 0.8240509033203125, -0.009052768349647522, 0.023875318467617035, 0.3158418536186218, 1.4156103134155273e-07, -5.587935447692871e-08, 0.315360963344574, -0.0012295469641685486, -0.2804080843925476, 1.0047489404678345, 0.001229509711265564, 0.28040581941604614, 0.17804263532161713, -0.016569802537560463, 4.11401891708374, 1.0982807874679565, -0.08712340891361237, -0.3571862280368805, 0.5555343627929688, 5.621463060379028e-06, -2.898275852203369e-06, 1.736465573310852, -3.7476420402526855e-06, -2.7995556592941284e-06, 1.621276617050171, -2.808868885040283e-06, -1.1440832167863846e-05, 0.6033936142921448, 0.049088627099990845, -0.4983295500278473, -0.4918174743652344, -3.7476420402526855e-06, 4.76837158203125e-07, 1.720077395439148, -3.8370490074157715e-06, -2.816319465637207e-06, 1.633895754814148, -1.2665987014770508e-07, 7.748603820800781e-06, 0.6061095595359802, 0.03803723305463791, 0.4860991835594177, -0.06373593211174011, 4.678964614868164e-06, -9.08970832824707e-07, 0.49172988533973694, 5.21540641784668e-08, -4.544854164123535e-07, 0.4917334318161011, 0.1497974693775177, -0.0045152162201702595, 0.26721397042274475, 1.1920928955078125e-07, -2.009328454732895e-06, 0.6228753924369812, 7.53253698348999e-06, -7.569789886474609e-06, 1.1016772985458374, -5.960464477539063e-08, -1.9744038581848145e-07, 0.7726441025733948, -0.14074444770812988, -0.019361697137355804, 0.25302737951278687, 1.9744038581848145e-07, -3.650784492492676e-07, 0.5432052612304688, -3.635883331298828e-06, 4.112720489501953e-06, 1.103057861328125, 1.1511147022247314e-05, -7.856637239456177e-06, 0.8240509033203125, -0.009052768349647522, 0.023875627666711807, 0.3158421814441681, 1.341104507446289e-07, -9.685754776000977e-08, 0.3153609335422516, -0.001229599118232727, -0.2804092466831207, 1.0047498941421509, 0.0012293905019760132, 0.280404657125473, 0.17804387211799622, -0.014964325353503227, 4.12562370300293, 1.0989989042282104, -0.08712364733219147, -0.3571859896183014, 0.5555343627929688, 5.764886736869812e-06, -2.868473529815674e-06, 1.7364654541015625, -3.7848949432373047e-06, -2.810731530189514e-06, 1.621276617050171, -3.020279109477997e-06, -1.1443160474300385e-05, 0.6033935546875, 0.04908844828605652, -0.498329222202301, -0.4918174147605896, -3.6656856536865234e-06, 5.960464477539062e-07, 1.7200777530670166, -4.038214683532715e-06, -2.7865171432495117e-06, 1.6338961124420166, -4.7963112592697144e-08, 7.696449756622314e-06, 0.606109619140625, 0.0380370169878006, 0.4860991835594177, -0.06373588740825653, 4.716217517852783e-06, -8.121132850646973e-07, 0.49172958731651306, 1.1175870895385742e-07, -2.682209014892578e-07, 0.49173301458358765, 0.1497974991798401, -0.004515423439443111, 0.2672138214111328, 2.9802322387695312e-08, -1.6065314412117004e-06, 0.6228752732276917, 7.458031177520752e-06, -7.554888725280762e-06, 1.101676106452942, 1.564621925354004e-07, 3.390014171600342e-07, 0.7726439833641052, -0.1407444179058075, -0.019361749291419983, 0.2530273199081421, 5.271285772323608e-07, -6.109476089477539e-07, 0.5432051420211792, -4.0531158447265625e-06, 3.635883331298828e-06, 1.1030579805374146, 1.1533498764038086e-05, -7.916241884231567e-06, 0.8240509629249573, -0.009052738547325134, 0.023875512182712555, 0.3158413767814636, 2.384185791015625e-07, 1.1175870895385742e-08, 0.31536099314689636, -0.0012295767664909363, -0.28040820360183716, 1.0047489404678345, 0.0012294501066207886, 0.28040552139282227, 0.17804300785064697, -0.009055068716406822, 4.168337821960449, 1.1016420125961304, -0.08712352812290192, -0.3571866452693939, 0.5555343627929688, 5.6438148021698e-06, -2.7865171432495117e-06, 1.7364659309387207, -3.8798898458480835e-06, -2.8721988201141357e-06, 1.6212769746780396, -2.8815120458602905e-06, -1.139473170042038e-05, 0.6033935546875, 0.04908861219882965, -0.49832993745803833, -0.49181750416755676, -3.762543201446533e-06, 3.8743019104003906e-07, 1.7200775146484375, -3.863126039505005e-06, -2.950429916381836e-06, 1.633895754814148, 6.007030606269836e-08, 7.644295692443848e-06, 0.606109619140625, 0.03803715482354164, 0.4860990643501282, -0.0637359768152237, 4.738569259643555e-06, -9.424984455108643e-07, 0.4917299449443817, -2.2351741790771484e-08, -3.501772880554199e-07, 0.49173295497894287, 0.14979754388332367, -0.004515364766120911, 0.2672139108181, 3.2782554626464844e-07, -1.4808028936386108e-06, 0.6228753328323364, 7.1302056312561035e-06, -7.614493370056152e-06, 1.101677417755127, 2.2351741790771484e-07, 2.738088369369507e-07, 0.7726441025733948, -0.14074432849884033, -0.019361622631549835, 0.25302714109420776, 4.805624485015869e-07, -1.2367963790893555e-06, 0.5432052612304688, -4.112720489501953e-06, 4.0531158447265625e-06, 1.103057622909546, 1.1354684829711914e-05, -7.364898920059204e-06, 0.8240505456924438, -0.009052708745002747, 0.02387554943561554, 0.31584128737449646, 1.4901161193847656e-07, 2.60770320892334e-08, 0.3153609037399292, -0.0012295246124267578, -0.28040918707847595, 1.0047498941421509, 0.001229509711265564, 0.2804049253463745, 0.1780436635017395, -0.0033856104128062725, 4.209318161010742, 1.1041779518127441, -0.08712351322174072, -0.35718628764152527, 0.5555344223976135, 5.709007382392883e-06, -2.853572368621826e-06, 1.7364656925201416, -3.890134394168854e-06, -2.8461217880249023e-06, 1.62127685546875, -2.8759241104125977e-06, -1.1429248843342066e-05, 0.6033935546875, 0.04908868670463562, -0.4983292818069458, -0.4918174743652344, -3.822147846221924e-06, 3.8743019104003906e-07, 1.7200770378112793, -3.7997961044311523e-06, -2.950429916381836e-06, 1.6338958740234375, 2.0954757928848267e-08, 7.577240467071533e-06, 0.6061096787452698, 0.03803723677992821, 0.48609936237335205, -0.06373590975999832, 4.742294549942017e-06, -7.078051567077637e-07, 0.4917299747467041, 7.450580596923828e-09, -3.0919909477233887e-07, 0.49173301458358765, 0.14979751408100128, -0.0045152269303798676, 0.26721325516700745, 2.086162567138672e-07, -2.1923333406448364e-06, 0.6228751540184021, 7.547438144683838e-06, -7.599592208862305e-06, 1.1016771793365479, -1.7136335372924805e-07, 2.8870999813079834e-07, 0.7726441025733948, -0.1407444328069687, -0.019361726939678192, 0.25302714109420776, 5.289912223815918e-07, -8.195638656616211e-07, 0.5432053804397583, -4.0531158447265625e-06, 3.7550926208496094e-06, 1.1030570268630981, 1.1608004570007324e-05, -7.912516593933105e-06, 0.8240509629249573, -0.009052753448486328, 0.023875664919614792, 0.3158412277698517, 2.4586915969848633e-07, -4.470348358154297e-08, 0.3153616786003113, -0.0012295693159103394, -0.2804087698459625, 1.0047494173049927, 0.0012294501066207886, 0.2804049551486969, 0.17804335057735443]
    q (float, 15936):  [0.053513769060373306, 0.9099771976470947, -0.03656008839607239, 0.4095621705055237, 0.2475675642490387, -0.5088469982147217, 0.736972451210022, 0.3696709871292114, -0.19040507078170776, 0.03981736674904823, 0.020166583359241486, 0.9806904792785645, 0.45789632201194763, -0.06516994535923004, 0.11032777279615402, 0.8797224760055542, 0.4059557020664215, 0.007806454319506884, 0.0933510959148407, 0.9090789556503296, 0.5742279291152954, -0.4044700264930725, 0.47301411628723145, 0.5319060683250427, -0.2685312330722809, -0.025639716535806656, -0.0019684943836182356, 0.9629276990890503, 0.5384809374809265, 0.016029221937060356, -0.10101684182882309, 0.8364071846008301, 0.3991064727306366, -0.011111394502222538, -0.08977572619915009, 0.9124312996864319, -0.5268076062202454, -0.52352374792099, -0.5635557174682617, 0.3616650700569153, -0.05067496374249458, 0.021958930417895317, -0.02516998164355755, 0.9981564283370972, 0.03409343585371971, 0.01613238826394081, -0.01562551222741604, 0.9991662502288818, -0.632226288318634, 0.40249204635620117, -0.37658682465553284, 0.5444928407669067, -0.46939003467559814, -0.06534992903470993, -0.26015162467956543, 0.8412630558013916, 0.5136672854423523, -0.6922054290771484, -0.05558899790048599, 0.5038923025131226, 0.195652037858963, -0.29286718368530273, 0.17266187071800232, 0.9198570847511292, -0.636056661605835, -0.4324156939983368, 0.3715774416923523, 0.5199796557426453, -0.35367318987846375, 0.17452336847782135, 0.30697932839393616, 0.8661527633666992, 0.4934867024421692, 0.7275125980377197, 0.002372940769419074, 0.476645290851593, 0.32483723759651184, 0.3699239492416382, 0.10997225344181061, 0.863448441028595, 0.14667895436286926, 0.033901412039995193, -0.033952899277210236, 0.9880198836326599, -0.3673200011253357, -0.004033726640045643, -0.03985612094402313, 0.9292315244674683, 0.1356593817472458, -0.0005948343314230442, 1.5510208228874944e-08, 0.9907553791999817, -0.48164698481559753, 0.0021118877921253443, -7.505414068020855e-09, 0.8763628005981445, 0.05151095613837242, 0.9108909368515015, -0.03748149797320366, 0.4077002704143524, 0.25059428811073303, -0.5100099444389343, 0.7340072989463806, 0.3719216585159302, -0.18571050465106964, 0.038998011499643326, 0.02013038471341133, 0.9816239476203918, 0.45628780126571655, -0.06200696900486946, 0.11659853905439377, 0.8799780607223511, 0.40596431493759155, 0.007839963771402836, 0.09331005066633224, 0.9090790748596191, 0.574120044708252, -0.40489357709884644, 0.4747675359249115, 0.5301350951194763, -0.26558130979537964, -0.025260021910071373, -0.001746817142702639, 0.9637559056282043, 0.5365973114967346, 0.015607580542564392, -0.10131237655878067, 0.8375891447067261, 0.39909473061561584, -0.011092100292444229, -0.08980195224285126, 0.9124341011047363, -0.5261644124984741, -0.5241602659225464, -0.5632198452949524, 0.3622024357318878, -0.04903335124254227, 0.021409897133708, -0.025676608085632324, 0.9982374906539917, 0.03427373245358467, 0.016063787043094635, -0.015555782243609428, 0.9991623163223267, -0.6314862370491028, 0.4018898606300354, -0.3770083487033844, 0.5455038547515869, -0.46722424030303955, -0.06570890545845032, -0.25707587599754333, 0.8433836102485657, 0.5140374302864075, -0.6932673454284668, -0.05579486861824989, 0.5020287036895752, 0.1970755010843277, -0.29487553238868713, 0.17660415172576904, 0.9181615710258484, -0.6345733404159546, -0.4330536127090454, 0.37309160828590393, 0.5201768279075623, -0.3497164249420166, 0.17551302909851074, 0.30743613839149475, 0.8673964738845825, 0.49234816431999207, 0.7260900735855103, 0.0022457123268395662, 0.4799807071685791, 0.3257245123386383, 0.37071555852890015, 0.10822146385908127, 0.8629957437515259, 0.14511673152446747, 0.033476341515779495, -0.03357229381799698, 0.9882779717445374, -0.3667231798171997, -0.0029186513274908066, -0.03982758894562721, 0.9294726252555847, 0.13565924763679504, -0.0005948794423602521, 1.8873691498555445e-09, 0.9907553791999817, -0.4816471338272095, 0.002111816545948386, -5.84492525490532e-08, 0.876362681388855, 0.04236619919538498, 0.9160664677619934, -0.04149103909730911, 0.3966180384159088, 0.25904321670532227, -0.5156631469726562, 0.7254683971405029, 0.375078409910202, -0.17012891173362732, 0.03622136637568474, 0.020029498264193535, 0.9845522046089172, 0.45164117217063904, -0.05073589086532593, 0.1382175087928772, 0.8799670934677124, 0.4059582054615021, 0.00794687494635582, 0.09315788000822067, 0.9090964794158936, 0.5729632377624512, -0.40729257464408875, 0.48636317253112793, 0.518919050693512, -0.2565557658672333, -0.024025246500968933, -0.0009891688823699951, 0.9662302732467651, 0.5293362140655518, 0.014262988232076168, -0.10360552370548248, 0.8419416546821594, 0.3990495502948761, -0.01101823803037405, -0.08990266919136047, 0.9124448299407959, -0.5228121280670166, -0.527240514755249, -0.5620983839035034, 0.3643217384815216, -0.04156923294067383, 0.019472166895866394, -0.028606388717889786, 0.998536229133606, 0.03503793105483055, 0.015687402337789536, -0.015243139117956161, 0.999146580696106, -0.6278928518295288, 0.3993341028690338, -0.3795205056667328, 0.5497701168060303, -0.45862501859664917, -0.06995300203561783, -0.2452239692211151, 0.851254940032959, 0.5163657069206238, -0.6991374492645264, -0.05692730098962784, 0.4912560284137726, 0.20403952896595, -0.3052365183830261, 0.1955244243144989, 0.9093782305717468, -0.630415141582489, -0.433316707611084, 0.3770155608654022, 0.5221807360649109, -0.33326607942581177, 0.17270830273628235, 0.30997276306152344, 0.873511552810669, 0.4869178235530853, 0.7190344929695129, 0.001706494833342731, 0.4958806037902832, 0.32848742604255676, 0.3742873966693878, 0.10023494809865952, 0.861369788646698, 0.13623283803462982, 0.02927551604807377, -0.03185213729739189, 0.9897317886352539, -0.36275604367256165, 0.004206148907542229, -0.040956322103738785, 0.9309741854667664, 0.13565891981124878, -0.0005951229250058532, 3.760417754961054e-08, 0.9907554388046265, -0.48164746165275574, 0.002111653331667185, -1.2965108453499852e-07, 0.8763625025749207, 0.037334226071834564, 0.922208309173584, -0.04257894679903984, 0.3825245201587677, 0.2556411921977997, -0.5202866792678833, 0.7284428477287292, 0.3651306927204132, -0.17571817338466644, 0.036732885986566544, 0.02025013044476509, 0.9835465550422668, 0.4568861722946167, -0.04904725030064583, 0.14258231222629547, 0.8766525387763977, 0.4058254361152649, 0.007964848540723324, 0.0930873304605484, 0.9091628193855286, 0.5699073076248169, -0.4118594527244568, 0.5021446347236633, 0.5034167766571045, -0.26141124963760376, -0.02439376339316368, -0.0010410083923488855, 0.9649186730384827, 0.5278777480125427, 0.015301601029932499, -0.1080690324306488, 0.8422779440879822, 0.39900246262550354, -0.011007839813828468, -0.08993373066186905, 0.9124625325202942, -0.5207592844963074, -0.529775857925415, -0.5625777244567871, 0.36284106969833374, -0.03681738302111626, 0.019772816449403763, -0.03225580230355263, 0.9986056089401245, 0.035354290157556534, 0.015321715734899044, -0.015029024332761765, 0.9991443753242493, -0.6260757446289062, 0.3996139168739319, -0.38149207830429077, 0.5502743124961853, -0.4579588770866394, -0.08020970970392227, -0.24147552251815796, 0.8517802953720093, 0.5183272361755371, -0.7033304572105408, -0.05754348263144493, 0.483065128326416, 0.2094501256942749, -0.31184840202331543, 0.20218762755393982, 0.904434323310852, -0.6327180862426758, -0.42834219336509705, 0.37407389283180237, 0.5256040096282959, -0.32465922832489014, 0.15507444739341736, 0.3143582344055176, 0.878480076789856, 0.4817040264606476, 0.7114380598068237, 0.0013078871415928006, 0.5116790533065796, 0.32583513855934143, 0.3789774775505066, 0.09420183300971985, 0.8610072731971741, 0.1250339150428772, 0.023642389103770256, -0.03166135773062706, 0.9913653135299683, -0.356910765171051, 0.011813166551291943, -0.043997932225465775, 0.9330269694328308, 0.13565921783447266, -0.0005953767104074359, 4.9343320540629065e-08, 0.9907553791999817, -0.48164722323417664, 0.002111392328515649, -2.911835395025264e-07, 0.876362681388855, 0.037906236946582794, 0.9271582365036011, -0.039051856845617294, 0.37069618701934814, 0.2557523846626282, -0.5234470367431641, 0.7281360030174255, 0.3611259162425995, -0.19371125102043152, 0.03874307498335838, 0.020834410563111305, 0.9800719022750854, 0.46948474645614624, -0.04812153801321983, 0.15186962485313416, 0.8684492111206055, 0.40567857027053833, 0.008066661655902863, 0.09293041378259659, 0.9092435240745544, 0.5662267804145813, -0.4206062853336334, 0.5126940608024597, 0.4895123243331909, -0.2708599269390106, -0.025311702862381935, -0.0013251841301098466, 0.962285041809082, 0.5292152166366577, 0.019009584560990334, -0.11345889419317245, 0.8406527638435364, 0.3988795578479767, -0.011031984351575375, -0.08994429558515549, 0.9125149250030518, -0.5229392647743225, -0.531615674495697, -0.5639036893844604, 0.35486894845962524, -0.03538789600133896, 0.023080140352249146, -0.035220224410295486, 0.9984861612319946, 0.03520449623465538, 0.015110976994037628, -0.014900706708431244, 0.999154806137085, -0.6274276971817017, 0.40298789739608765, -0.38064703345298767, 0.5468482971191406, -0.4677564203739166, -0.09168950468301773, -0.2412409484386444, 0.8453400135040283, 0.5174134373664856, -0.7010913491249084, -0.056614238768815994, 0.48739007115364075, 0.21280068159103394, -0.3084305226802826, 0.18430732190608978, 0.9086348414421082, -0.6349965333938599, -0.42415833473205566, 0.37179237604141235, 0.5278632044792175, -0.32210609316825867, 0.13958917558193207, 0.3185172379016876, 0.880516529083252, 0.47606539726257324, 0.70259690284729, 0.001159585197456181, 0.5288837552070618, 0.32107070088386536, 0.38594505190849304, 0.08701391518115997, 0.8604583740234375, 0.1141827404499054, 0.02213086374104023, -0.03308843448758125, 0.9926618933677673, -0.35254910588264465, 0.015409409999847412, -0.04578971862792969, 0.9345453381538391, 0.13565996289253235, -0.0005958252004347742, 1.146925683315203e-07, 0.9907553195953369, -0.4816465675830841, 0.0021110016386955976, -4.5962349304318195e-07, 0.8763630390167236, 0.039479367434978485, 0.9293575286865234, -0.030546361580491066, 0.36579081416130066, 0.27251705527305603, -0.5211315751075745, 0.7204848527908325, 0.36750224232673645, -0.2194727063179016, 0.04136373847723007, 0.020762218162417412, 0.9745202660560608, 0.47893133759498596, -0.04730462655425072, 0.17081405222415924, 0.8597730398178101, 0.4060640335083008, 0.008100665174424648, 0.09294154495000839, 0.9090700149536133, 0.5680454969406128, -0.4345270097255707, 0.509768009185791, 0.47817060351371765, -0.27146655321121216, -0.02525961771607399, -0.0009976153960451484, 0.9621158242225647, 0.5267630815505981, 0.02641925774514675, -0.11851390451192856, 0.8412949442863464, 0.3986482322216034, -0.011008184403181076, -0.09003785252571106, 0.9126070141792297, -0.5287012457847595, -0.5329740643501282, -0.5645533204078674, 0.3430643081665039, -0.03654564544558525, 0.03287650644779205, -0.03552399203181267, 0.9981591105461121, 0.03480072692036629, 0.015022543258965015, -0.014869065023958683, 0.99917072057724, -0.6295385360717773, 0.402057945728302, -0.37818002700805664, 0.5468184947967529, -0.48840975761413574, -0.09406588971614838, -0.24094510078430176, 0.8333984613418579, 0.5152500867843628, -0.6952722668647766, -0.055209942162036896, 0.4980619251728058, 0.21706674993038177, -0.30126824975013733, 0.15459565818309784, 0.9155433773994446, -0.6321995258331299, -0.42368918657302856, 0.3756340742111206, 0.5288764834403992, -0.3310109078884125, 0.13984262943267822, 0.3092253506183624, 0.8804859519004822, 0.4720405042171478, 0.6954862475395203, 0.0025017305742949247, 0.5417290925979614, 0.3271174430847168, 0.3879614472389221, 0.07004301249980927, 0.8588213324546814, 0.10658709704875946, 0.01792670041322708, -0.030869703739881516, 0.993662416934967, -0.3541751205921173, 0.022601639851927757, -0.045446641743183136, 0.9338006973266602, 0.13565634191036224, -0.0005931294290348887, -2.1409147166195908e-07, 0.9907557368278503, -0.4816496670246124, 0.0021133467089384794, 8.5874034994049e-07, 0.8763613104820251, 0.02733834832906723, 0.9342218637466431, -0.022337641566991806, 0.35494115948677063, 0.30535411834716797, -0.49156472086906433, 0.7289751768112183, 0.36567506194114685, -0.27339088916778564, 0.047657135874032974, 0.017904993146657944, 0.9605548977851868, 0.46009543538093567, -0.07068480551242828, 0.15669216215610504, 0.8710702657699585, 0.40918025374412537, 0.006827491335570812, 0.09510048478841782, 0.9074584245681763, 0.5784911513328552, -0.4500567317008972, 0.512255847454071, 0.44765037298202515, -0.268897145986557, -0.024399248883128166, 0.0012449745554476976, 0.9628589749336243, 0.5177186131477356, 0.03941826522350311, -0.1288481503725052, 0.84487384557724, 0.398318350315094, -0.010691437870264053, -0.09043935686349869, 0.9127151370048523, -0.5274019241333008, -0.5331224799156189, -0.5665447115898132, 0.34154757857322693, -0.034166038036346436, 0.041062138974666595, -0.036946699023246765, 0.9978885650634766, 0.034926366060972214, 0.015015635639429092, -0.014721059240400791, 0.9991686344146729, -0.6293009519577026, 0.3971916735172272, -0.3774455785751343, 0.5511387586593628, -0.4919722080230713, -0.08536776155233383, -0.2327016294002533, 0.8345811367034912, 0.5166646242141724, -0.69670170545578, -0.054599739611148834, 0.4946548342704773, 0.21827669441699982, -0.3050156533718109, 0.1345265656709671, 0.9171822667121887, -0.6292242407798767, -0.42159274220466614, 0.37852293252944946, 0.5320308804512024, -0.33711832761764526, 0.14436617493629456, 0.29159149527549744, 0.8834500908851624, 0.46922868490219116, 0.6905829310417175, 0.0038831799756735563, 0.5503677129745483, 0.33284735679626465, 0.390602707862854, 0.051261622458696365, 0.8567464351654053, 0.09284257888793945, 0.010616959072649479, -0.02787727303802967, 0.9952338337898254, -0.3494282066822052, 0.03406138718128204, -0.044789765030145645, 0.9352719783782959, 0.13564492762088776, -0.0005892518674954772, -6.222871320460399e-07, 0.9907573461532593, -0.48165997862815857, 0.002116736024618149, 2.8611800644284813e-06, 0.8763557076454163, 0.014345050789415836, 0.9421936273574829, -0.02229674905538559, 0.33401840925216675, 0.3240520656108856, -0.46330106258392334, 0.7405722737312317, 0.3631737232208252, -0.3076575696468353, 0.05191200599074364, 0.017296863719820976, 0.949922502040863, 0.4535692632198334, -0.0889214500784874, 0.13478875160217285, 0.876470148563385, 0.41665369272232056, 0.004639264661818743, 0.09867089241743088, 0.9036826491355896, 0.5870077610015869, -0.45785021781921387, 0.5267465710639954, 0.410284161567688, -0.27747204899787903, -0.024645386263728142, 0.004037260077893734, 0.9604090452194214, 0.5113321542739868, 0.05525650084018707, -0.1374296396970749, 0.84652179479599, 0.3978933095932007, -0.010203913785517216, -0.09098846465349197, 0.9128515124320984, -0.5249900221824646, -0.5324063897132874, -0.5689926743507385, 0.3423100709915161, -0.02762455679476261, 0.040337372571229935, -0.04013300687074661, 0.9979975819587708, 0.0350017249584198, 0.014810769818723202, -0.014522304758429527, 0.9991719722747803, -0.6287246942520142, 0.39235028624534607, -0.37695470452308655, 0.5555822253227234, -0.47062715888023376, -0.06450401246547699, -0.22714601457118988, 0.850149393081665, 0.5149968862533569, -0.6969848275184631, -0.05156689137220383, 0.49631771445274353, 0.21358996629714966, -0.3122349977493286, 0.11108329892158508, 0.9189935922622681, -0.6295573115348816, -0.4164092540740967, 0.37698647379875183, 0.536788821220398, -0.33397892117500305, 0.14236216247081757, 0.28443560004234314, 0.887292206287384, 0.4665936827659607, 0.6873283982276917, 0.0035122621338814497, 0.5566486716270447, 0.32517048716545105, 0.39993610978126526, 0.042396947741508484, 0.8558725714683533, 0.07219909131526947, 0.010462388396263123, -0.0296473391354084, 0.9968945980072021, -0.33430907130241394, 0.03854207694530487, -0.04448123648762703, 0.940623939037323, 0.1356540024280548, -0.0006024788017384708, 7.621183613082394e-07, 0.990756094455719, -0.48165184259414673, 0.00210526492446661, -3.908937742380658e-06, 0.8763601779937744, 0.008492334745824337, 0.9501919746398926, -0.02961081638932228, 0.31013911962509155, 0.31805384159088135, -0.4273650050163269, 0.762427806854248, 0.36729395389556885, -0.3159121572971344, 0.05318358913064003, 0.01694430224597454, 0.9471451640129089, 0.4484674334526062, -0.08510638028383255, 0.11666259914636612, 0.8820565342903137, 0.42704886198043823, 0.002321954583749175, 0.10237278789281845, 0.898411750793457, 0.5947370529174805, -0.454428493976593, 0.5475258827209473, 0.3741629421710968, -0.306115984916687, -0.027222270146012306, 0.007422950118780136, 0.9515759944915771, 0.5132326483726501, 0.07463348656892776, -0.1417277753353119, 0.8431698083877563, 0.39733555912971497, -0.0096405865624547, -0.09168753772974014, 0.9130306243896484, -0.5253039598464966, -0.5281932950019836, -0.5716047286987305, 0.34399938583374023, -0.02241944521665573, 0.029934650287032127, -0.04171685874462128, 0.9984292984008789, 0.034489553421735764, 0.013961474411189556, -0.014653497375547886, 0.9992001056671143, -0.6291913986206055, 0.3857720196247101, -0.376355916261673, 0.560048520565033, -0.41844436526298523, -0.015995152294635773, -0.23664559423923492, 0.8767253756523132, 0.5021991729736328, -0.6846001148223877, -0.044058673083782196, 0.5264765024185181, 0.20001281797885895, -0.3234635889530182, 0.08617690205574036, 0.9208364486694336, -0.6320908069610596, -0.40978142619132996, 0.37291914224624634, 0.5417302846908569, -0.32825493812561035, 0.13960856199264526, 0.28638291358947754, 0.8892372846603394, 0.465986430644989, 0.6882281303405762, 0.0016527228290215135, 0.5560539960861206, 0.30679571628570557, 0.41332656145095825, 0.04393677040934563, 0.8562167286872864, 0.0510123036801815, 0.01807614415884018, -0.03623577207326889, 0.997876763343811, -0.3127588629722595, 0.0352151021361351, -0.045222118496894836, 0.9481016993522644, 0.13565480709075928, -0.0006114731077104807, 1.7109357486333465e-06, 0.9907559752464294, -0.4816510081291199, 0.002097504446282983, -8.57890881889034e-06, 0.8763605952262878, 0.01714956946671009, 0.9527775049209595, -0.04326074942946434, 0.3000824451446533, 0.2929510474205017, -0.38616588711738586, 0.7864113450050354, 0.38290050625801086, -0.29990828037261963, 0.05200556665658951, 0.01990634948015213, 0.9523414373397827, 0.43837830424308777, -0.05233070254325867, 0.10979023575782776, 0.8905234932899475, 0.4346301555633545, 0.001222865772433579, 0.10404890030622482, 0.8945775032043457, 0.6042615175247192, -0.4399431347846985, 0.5609340667724609, 0.35590866208076477, -0.351326584815979, -0.03160235285758972, 0.012594196945428848, 0.9356347322463989, 0.5247341394424438, 0.09648720175027847, -0.14203862845897675, 0.8337681293487549, 0.3966822028160095, -0.009078314527869225, -0.09247966855764389, 0.9132405519485474, -0.5323079824447632, -0.5173402428627014, -0.5723848938941956, 0.3484004735946655, -0.025577135384082794, 0.01114887185394764, -0.036159779876470566, 0.9989564418792725, 0.03314047306776047, 0.011805600486695766, -0.016171788796782494, 0.9992501139640808, -0.6269975900650024, 0.37792301177978516, -0.38138338923454285, 0.5644422769546509, -0.33612754940986633, 0.07010488212108612, -0.27100419998168945, 0.8992554545402527, 0.4626810848712921, -0.6351944208145142, -0.028768502175807953, 0.6177594661712646, 0.18589016795158386, -0.33754435181617737, 0.04950232431292534, 0.921443521976471, -0.6341591477394104, -0.4078906774520874, 0.37192416191101074, 0.5414238572120667, -0.3257618844509125, 0.14321668446063995, 0.28216880559921265, 0.8909258842468262, 0.4699808359146118, 0.696067214012146, -0.0007904988015070558, 0.5427778959274292, 0.27899813652038574, 0.42565926909446716, 0.05287282168865204, 0.8591732978820801, 0.04224090278148651, 0.03180382028222084, -0.0447983480989933, 0.9975958466529846, -0.2964169383049011, 0.025388173758983612, -0.04753786325454712, 0.9535369277000427, 0.1356457620859146, -0.0006229276768863201, 3.00638635053474e-06, 0.990757167339325, -0.48165902495384216, 0.002087536035105586, -1.438373601558851e-05, 0.8763562440872192, 0.03379925340414047, 0.9457493424415588, -0.05603965371847153, 0.3182378113269806, 0.28274133801460266, -0.34320467710494995, 0.7911977171897888, 0.4198501706123352, -0.26773497462272644, 0.04818897694349289, 0.02102937363088131, 0.9620569348335266, 0.39703813195228577, -0.0742993876338005, 0.12252060323953629, 0.9065479040145874, 0.42487838864326477, 0.003309073392301798, 0.10103276371955872, 0.8995887041091919, 0.615574061870575, -0.429237425327301, 0.5526136755943298, 0.3625493049621582, -0.3915249705314636, -0.03631152585148811, 0.016745511442422867, 0.9192982316017151, 0.542524516582489, 0.11795499920845032, -0.1463610678911209, 0.8187382221221924, 0.39646798372268677, -0.008552677929401398, -0.09292709827423096, 0.9132932424545288, -0.5407990217208862, -0.5060870051383972, -0.5708773732185364, 0.354276180267334, -0.03301423415541649, -0.0038343414198607206, -0.023524878546595573, 0.9991706013679504, 0.03150244057178497, 0.010926228016614914, -0.017817698419094086, 0.9992851614952087, -0.6218874454498291, 0.3713257312774658, -0.38769325613975525, 0.5701465606689453, -0.29236242175102234, 0.12391004711389542, -0.27267324924468994, 0.9081959128379822, 0.4159705936908722, -0.56861412525177, -0.022311246022582054, 0.7093297839164734, 0.21461279690265656, -0.34311625361442566, 0.09717774391174316, 0.9092684388160706, -0.6336009502410889, -0.41231563687324524, 0.37405288219451904, 0.537243127822876, -0.3263452351093292, 0.13475224375724792, 0.24279624223709106, 0.9035434126853943, 0.4801889657974243, 0.7111097574234009, -0.0008834961336106062, 0.5135568380355835, 0.23859667778015137, 0.43134570121765137, 0.053472332656383514, 0.8684199452400208, 0.048906777054071426, 0.04121938720345497, -0.04829731956124306, 0.9967830777168274, -0.2935144603252411, 0.020841527730226517, -0.048909593373537064, 0.9544751048088074, 0.13563749194145203, -0.0006348356255330145, 4.528023964667227e-06, 0.9907583594322205, -0.4816664159297943, 0.0020770572591573, -2.0277349904063158e-05, 0.8763521909713745, 0.04790598899126053, 0.9312177896499634, -0.06527602672576904, 0.35535547137260437, 0.28974854946136475, -0.3059392273426056, 0.7823198437690735, 0.45871853828430176, -0.24871733784675598, 0.04489747807383537, 0.018878264352679253, 0.9673507809638977, 0.3753267526626587, -0.1519165337085724, 0.1391383409500122, 0.9037100076675415, 0.4034503400325775, 0.00634427648037672, 0.09615086764097214, 0.9099135398864746, 0.6197258830070496, -0.42928919196128845, 0.5326538681983948, 0.38461723923683167, -0.4211043119430542, -0.03919650614261627, 0.014085608534514904, 0.9060554504394531, 0.5684728622436523, 0.13403142988681793, -0.15712042152881622, 0.7963588237762451, 0.3969203233718872, -0.008462601341307163, -0.09320449084043503, 0.9130693674087524, -0.5446348786354065, -0.4973222315311432, -0.5708541870117188, 0.36078953742980957, -0.035541776567697525, -0.006978629622608423, -0.012433623895049095, 0.999266505241394, 0.031732674688100815, 0.014395533129572868, -0.017519235610961914, 0.9992391467094421, -0.6221553683280945, 0.37301817536354065, -0.3852787911891937, 0.5703862905502319, -0.30781105160713196, 0.08783800154924393, -0.20366306602954865, 0.9252341389656067, 0.41766244173049927, -0.5656311511993408, -0.03005521185696125, 0.710433840751648, 0.2463395893573761, -0.35182076692581177, 0.21182212233543396, 0.8778783679008484, -0.6317133903503418, -0.4164700210094452, 0.37494197487831116, 0.5356393456459045, -0.31099796295166016, 0.1128520518541336, 0.18350781500339508, 0.9256724715232849, 0.49137502908706665, 0.7260500192642212, 0.0004400362668093294, 0.48104238510131836, 0.20095793902873993, 0.4300233721733093, 0.05151072144508362, 0.8786594867706299, 0.050584014505147934, 0.0404851995408535, -0.04878675937652588, 0.9967055916786194, -0.28946003317832947, 0.017639409750699997, -0.04993751645088196, 0.9557238221168518, 0.13565155863761902, -0.000623048166744411, 3.0512815101246815e-06, 0.9907564520835876, -0.4816538691520691, 0.0020873884204775095, -1.4391393960977439e-05, 0.8763591051101685, 0.0561038963496685, 0.9073407649993896, -0.07285384833812714, 0.410216361284256, 0.3081349730491638, -0.2746008634567261, 0.7762229442596436, 0.4765765070915222, -0.2454250156879425, 0.04364095628261566, 0.014930457808077335, 0.9683176875114441, 0.38026517629623413, -0.1917131096124649, 0.12647701799869537, 0.8959062695503235, 0.39264050126075745, 0.007457352709025145, 0.09391412138938904, 0.914854109287262, 0.6135807037353516, -0.42868492007255554, 0.5102986097335815, 0.42348939180374146, -0.4318045377731323, -0.04113330319523811, 0.004440453834831715, 0.9010178446769714, 0.5918542742729187, 0.13453638553619385, -0.17748111486434937, 0.7746670246124268, 0.398434579372406, -0.008777162060141563, -0.09259826689958572, 0.9124683141708374, -0.5370476841926575, -0.48981666564941406, -0.5791375637054443, 0.36913299560546875, -0.027540240436792374, -0.0021938630379736423, -0.010263612493872643, 0.999565601348877, 0.032549988478422165, 0.020745957270264626, -0.016506372019648552, 0.999118447303772, -0.624123215675354, 0.381060391664505, -0.37919139862060547, 0.5669894814491272, -0.35518473386764526, -0.011768999509513378, -0.11423031985759735, 0.9277158975601196, 0.45694616436958313, -0.612228512763977, -0.0490131676197052, 0.6434082984924316, 0.2587110102176666, -0.3615812659263611, 0.31291836500167847, 0.8392911553382874, -0.6261111497879028, -0.41382089257240295, 0.37768101692199707, 0.542304515838623, -0.26228052377700806, 0.0852842852473259, 0.09754087775945663, 0.9562537670135498, 0.5004016757011414, 0.7374181151390076, 0.0015207439428195357, 0.45366331934928894, 0.1591734141111374, 0.41883137822151184, 0.06810525059700012, 0.8914066553115845, 0.03732313588261604, 0.03315487876534462, -0.044920455664396286, 0.9977424144744873, -0.2809002101421356, 0.00300608784891665, -0.04940498620271683, 0.9584597945213318, 0.13566650450229645, -0.0006082254694774747, 1.4955614915379556e-06, 0.9907544255256653, -0.4816407561302185, 0.002100226003676653, -6.822527211625129e-06, 0.8763662576675415, 0.05055660381913185, 0.8692683577537537, -0.07760466635227203, 0.48558634519577026, 0.3475084900856018, -0.2458442598581314, 0.7607973217964172, 0.4898836016654968, -0.21906203031539917, 0.039210669696331024, 0.012127283960580826, 0.9748473167419434, 0.36408668756484985, -0.19552281498908997, 0.11271054297685623, 0.9036083817481995, 0.39155808091163635, 0.00648212805390358, 0.09509529173374176, 0.915203332901001, 0.6125494837760925, -0.41400742530822754, 0.47163820266723633, 0.4805604815483093, -0.41419029235839844, -0.039801862090826035, -0.008426489308476448, 0.9092805981636047, 0.6034330725669861, 0.1182117760181427, -0.19537672400474548, 0.7640173435211182, 0.404178261756897, -0.008394407108426094, -0.09304000437259674, 0.9098972678184509, -0.5173355340957642, -0.47945523262023926, -0.6023173332214355, 0.37376537919044495, -0.005193246994167566, 0.021397965028882027, -0.02215735986828804, 0.9995120167732239, 0.03175508975982666, 0.031140383332967758, -0.017073610797524452, 0.9988645911216736, -0.6291495561599731, 0.37968775629997253, -0.36990129947662354, 0.5684901475906372, -0.38339710235595703, -0.09493780881166458, -0.08109581470489502, 0.915104866027832, 0.4856780469417572, -0.6420795321464539, -0.06278055906295776, 0.589838445186615, 0.2574516534805298, -0.36802470684051514, 0.3632655143737793, 0.8162809610366821, -0.6147249341011047, -0.40017202496528625, 0.3878839612007141, 0.5581413507461548, -0.13821035623550415, 0.07264768332242966, -0.015637222677469254, 0.9876111149787903, 0.5000806450843811, 0.7307507395744324, 0.0004983395920135081, 0.46467459201812744, 0.09918735176324844, 0.39539048075675964, 0.11447682231664658, 0.9059377908706665, 0.002394826617091894, 0.021696455776691437, -0.030553167685866356, 0.9992947578430176, -0.2586086094379425, -0.04016963392496109, -0.0431150458753109, 0.9641831517219543, 0.13566529750823975, -0.0005986710311844945, 4.305261427361984e-07, 0.9907545447349548, -0.4816417396068573, 0.0021085278131067753, -1.9554529444576474e-06, 0.8763656616210938, 0.03423866629600525, 0.8243013024330139, -0.08628091961145401, 0.5584896206855774, 0.39221715927124023, -0.21759606897830963, 0.7583519816398621, 0.4729905128479004, -0.206303671002388, 0.0376080721616745, 0.011043294332921505, 0.9777026176452637, 0.3485580384731293, -0.19517172873020172, 0.08549734950065613, 0.9127460718154907, 0.39078354835510254, 0.005831869784742594, 0.09572403877973557, 0.9154731631278992, 0.6353727579116821, -0.37511885166168213, 0.41986653208732605, 0.5284878611564636, -0.40648797154426575, -0.0400850772857666, -0.016769656911492348, 0.912622332572937, 0.6073653697967529, 0.11425840854644775, -0.18514131009578705, 0.7640517354011536, 0.4238060414791107, -0.004567100666463375, -0.09836350381374359, 0.9003844857215881, -0.5011561512947083, -0.4805108904838562, -0.6223486661911011, 0.36143314838409424, 0.006067325826734304, 0.07531949132680893, -0.038187071681022644, 0.99640953540802, 0.027514489367604256, 0.042241353541612625, -0.01727752387523651, 0.9985790848731995, -0.6430792808532715, 0.3688092827796936, -0.35271233320236206, 0.5709840059280396, -0.36828935146331787, -0.1550731658935547, -0.0854702740907669, 0.9126939177513123, 0.49716079235076904, -0.6504459977149963, -0.0697418749332428, 0.5699889063835144, 0.24308471381664276, -0.3711108863353729, 0.38884612917900085, 0.8074560761451721, -0.6106781363487244, -0.3804970681667328, 0.3912639319896698, 0.5737654566764832, 0.07287804782390594, 0.062315281480550766, -0.010055283084511757, 0.995341420173645, 0.44569674134254456, 0.6397902369499207, -0.0025643056724220514, 0.6261120438575745, 0.07794549316167831, 0.3644639551639557, 0.15647734701633453, 0.9146613478660583, -0.04752654209733009, -0.007478829473257065, -0.0109218405559659, 0.9987822771072388, -0.20770815014839172, -0.07378951460123062, -0.03450489044189453, 0.9747932553291321, 0.13565948605537415, -0.0005948147154413164, -1.8910411014871897e-09, 0.9907553791999817, -0.48164692521095276, 0.0021118989679962397, -1.0759974244933801e-08, 0.8763628005981445, 0.023079991340637207, 0.7832608222961426, -0.10134679824113846, 0.612942636013031, 0.42763662338256836, -0.18942826986312866, 0.7780252695083618, 0.41942885518074036, -0.24117620289325714, 0.04273151978850365, 0.01059157494455576, 0.9694823026657104, 0.3516504168510437, -0.18480373919010162, 0.05292658135294914, 0.9161813855171204, 0.3885638117790222, 0.006311137229204178, 0.09478776901960373, 0.9165116548538208, 0.6486382484436035, -0.3461728096008301, 0.38633662462234497, 0.55693519115448, -0.40865805745124817, -0.04112498462200165, -0.020950347185134888, 0.9115198850631714, 0.6120918989181519, 0.12585219740867615, -0.17214301228523254, 0.7614929676055908, 0.4428677260875702, -0.000428097031544894, -0.10407890379428864, 0.8905254602432251, -0.48576271533966064, -0.49045971035957336, -0.6333004832267761, 0.34987765550613403, 6.166206003399566e-05, 0.11864364892244339, -0.05398682877421379, 0.9914681315422058, 0.022234300151467323, 0.048474330455064774, -0.015207193791866302, 0.998461127281189, -0.6538617014884949, 0.3585357367992401, -0.3423996567726135, 0.5715588927268982, -0.3657534420490265, -0.21961495280265808, -0.09497996419668198, 0.8994290232658386, 0.5052032470703125, -0.6566789746284485, -0.07422113418579102, 0.555007815361023, 0.22092795372009277, -0.37620463967323303, 0.39681264758110046, 0.8075894117355347, -0.6093443632125854, -0.3753577768802643, 0.3991192579269409, 0.573157787322998, 0.25683045387268066, 0.03397553786635399, 0.13839127123355865, 0.9558930993080139, 0.29881441593170166, 0.4084833860397339, -0.002051008166745305, 0.8624656796455383, 0.1532674878835678, 0.33546462655067444, 0.0870441347360611, 0.9254165887832642, -0.0821055993437767, -0.060857824981212616, 0.006615701597183943, 0.9947417974472046, -0.1679062843322754, -0.07312184572219849, -0.030715828761458397, 0.982607364654541, 0.13565951585769653, -0.0005948343314230442, 1.0810144779327402e-08, 0.9907553791999817, -0.48164692521095276, 0.002111864974722266, 5.247147605302871e-09, 0.8763628005981445, 0.02155415154993534, 0.748431921005249, -0.11366729438304901, 0.6530427932739258, 0.45971760153770447, -0.15531803667545319, 0.796613335609436, 0.3604763448238373, -0.30895617604255676, 0.051509637385606766, 0.009522655978798866, 0.9496326446533203, 0.36788269877433777, -0.17167212069034576, 0.032279420644044876, 0.9133176207542419, 0.3877462148666382, 0.006862076930701733, 0.09402107447385788, 0.9169328808784485, 0.6475856304168701, -0.33711346983909607, 0.37396952509880066, 0.57195645570755, -0.41955143213272095, -0.042720016092061996, -0.02459857612848282, 0.9063920378684998, 0.6207960247993469, 0.14621691405773163, -0.16515719890594482, 0.752300500869751, 0.4584799110889435, 0.003136002691462636, -0.10913756489753723, 0.8819724321365356, -0.47140809893608093, -0.49586454033851624, -0.641403317451477, 0.3471234440803528, -0.010968951508402824, 0.12839540839195251, -0.06668147444725037, 0.9894179701805115, 0.018688807263970375, 0.049274757504463196, -0.012733659707009792, 0.9985291957855225, -0.6568402647972107, 0.3588793873786926, -0.34375908970832825, 0.5670945048332214, -0.3708471655845642, -0.26119670271873474, -0.0980822816491127, 0.88579261302948, 0.5090405941009521, -0.6596036553382874, -0.07627584040164948, 0.5477067232131958, 0.19680683314800262, -0.37889182567596436, 0.40061232447624207, 0.8106897473335266, -0.612063467502594, -0.38581210374832153, 0.40522509813308716, 0.5588558912277222, 0.3390839397907257, 0.0025631897151470184, 0.23521511256694794, 0.9108728766441345, 0.15918821096420288, 0.19689875841140747, -0.007335691247135401, 0.9673862457275391, 0.22734244167804718, 0.32434147596359253, -0.006433557253330946, 0.9181920289993286, -0.07916176319122314, -0.10160043090581894, 0.015700915828347206, 0.9915464520454407, -0.16218648850917816, -0.0728442370891571, -0.030350172892212868, 0.9835996031761169, 0.13565944135189056, -0.0005948296748101711, -1.1283823653229774e-08, 0.9907553791999817, -0.48164692521095276, 0.0021119555458426476, -2.7630550292201406e-08, 0.8763628602027893, 0.0236591137945652, 0.7237105965614319, -0.11296410113573074, 0.6803839802742004, 0.48487651348114014, -0.1325279027223587, 0.8064311742782593, 0.3114481568336487, -0.38233670592308044, 0.06042586639523506, 0.0052459631115198135, 0.9220302700996399, 0.39118272066116333, -0.16110694408416748, 0.009514867328107357, 0.9060519933700562, 0.3908868730068207, 0.006248807068914175, 0.09493624418973923, 0.9155083894729614, 0.6475174427032471, -0.3476135730743408, 0.3531629741191864, 0.5789316296577454, -0.42863884568214417, -0.043832335621118546, -0.027032975107431412, 0.9020070433616638, 0.6297630071640015, 0.17524519562721252, -0.1606844663619995, 0.7395053505897522, 0.4665887951850891, 0.005375812295824289, -0.11227495968341827, 0.877302885055542, -0.4699687957763672, -0.48928847908973694, -0.6471340656280518, 0.34776952862739563, -0.01652814820408821, 0.10177775472402573, -0.0690419152379036, 0.992270827293396, 0.019669922068715096, 0.04643383249640465, -0.014771906659007072, 0.9986184239387512, -0.662524402141571, 0.37165921926498413, -0.33845293521881104, 0.5553200840950012, -0.3646562993526459, -0.2457347810268402, -0.07048089057207108, 0.8953617811203003, 0.510941743850708, -0.6639062166213989, -0.0761159360408783, 0.5407156348228455, 0.18023881316184998, -0.37320974469184875, 0.41708219051361084, 0.8088701367378235, -0.6117374300956726, -0.37823355197906494, 0.4024994969367981, 0.5663134455680847, 0.21615198254585266, 0.024956639856100082, 0.09885626286268234, 0.9710216522216797, 0.2445395439863205, 0.3324460983276367, -0.0053544556722044945, 0.9108519554138184, 0.2415216714143753, 0.33286821842193604, 0.08219095319509506, 0.9078054428100586, -0.07653576135635376, -0.06850370764732361, 0.01562470942735672, 0.9945880174636841, -0.1504010260105133, -0.10111934691667557, -0.027897009626030922, 0.9830443263053894, 0.13565956056118011, -0.000594816985540092, -1.4100189904553417e-09, 0.9907553791999817, -0.481646865606308, 0.0021118782460689545, -2.0125133559645292e-08, 0.8763629198074341, 0.028139891102910042, 0.7319458723068237, -0.09922464936971664, 0.6735115647315979, 0.48175355792045593, -0.15711170434951782, 0.8163741827011108, 0.27706077694892883, -0.43012338876724243, 0.06643564254045486, 0.0030929360073059797, 0.9003169536590576, 0.4199693202972412, -0.13765588402748108, -0.005533469375222921, 0.8970206379890442, 0.39066416025161743, 0.006817509885877371, 0.09404347091913223, 0.9156914353370667, 0.65691739320755, -0.36957862973213196, 0.32578304409980774, 0.5707333087921143, -0.4184485375881195, -0.042925771325826645, -0.02648628130555153, 0.9068388938903809, 0.6226941347122192, 0.18022722005844116, -0.15476641058921814, 0.7455317378044128, 0.4538283348083496, 0.0025654651690274477, -0.10797800868749619, 0.884519100189209, -0.47479569911956787, -0.4908999502658844, -0.6457492113113403, 0.3414590358734131, -0.0272903423756361, 0.09275247901678085, -0.06949753314256668, 0.9928858280181885, 0.02093053236603737, 0.04401208460330963, -0.015613232739269733, 0.9986897110939026, -0.6572216153144836, 0.3742734491825104, -0.34307965636253357, 0.557023823261261, -0.3597641885280609, -0.24476420879364014, -0.04155121371150017, 0.8994074463844299, 0.5104998350143433, -0.6645169854164124, -0.07419790327548981, 0.5406494140625, 0.17023645341396332, -0.35700809955596924, 0.3921380639076233, 0.8305374979972839, -0.6206851005554199, -0.3735331892967224, 0.38957756757736206, 0.5687287449836731, 0.1550668627023697, 0.01738002523779869, 0.09372616559267044, 0.9832942485809326, 0.3159681260585785, 0.44430240988731384, -0.0048513938672840595, 0.8382934927940369, 0.21962228417396545, 0.37343931198120117, 0.11219877749681473, 0.8942709565162659, -0.06898844987154007, -0.06232491135597229, 0.01571175456047058, 0.9955447912216187, -0.16772302985191345, -0.09469927847385406, -0.02637731470167637, 0.9809206128120422, 0.13565951585769653, -0.000594821001868695, 2.3970324392053044e-08, 0.9907553195953369, -0.48164695501327515, 0.002111889189109206, -1.3748855387518688e-08, 0.8763628005981445, 0.02467312477529049, 0.7623987793922424, -0.08677884191274643, 0.6407877206802368, 0.46357327699661255, -0.19851870834827423, 0.824734091758728, 0.2559370696544647, -0.4522933065891266, 0.06930425763130188, 0.002548004500567913, 0.8891688585281372, 0.4422479569911957, -0.11867690831422806, -0.00736175337806344, 0.8889760375022888, 0.3941374123096466, 0.0065742251463234425, 0.09453276544809341, 0.9141531586647034, 0.6786995530128479, -0.3849998414516449, 0.31845059990882874, 0.5382668972015381, -0.407164990901947, -0.04170317202806473, -0.023463696241378784, 0.9121003150939941, 0.6073396801948547, 0.145010843873024, -0.1560552567243576, 0.7653477191925049, 0.43650782108306885, -0.0017409237334504724, -0.10169988125562668, 0.8939323425292969, -0.48035287857055664, -0.5014991760253906, -0.6376758813858032, 0.33336037397384644, -0.034565623849630356, 0.08935751765966415, -0.07068299502134323, 0.9928869009017944, 0.023729179054498672, 0.03924766927957535, -0.016455145552754402, 0.998812198638916, -0.6506797671318054, 0.3744726777076721, -0.3465007543563843, 0.5624262094497681, -0.3389627933502197, -0.242049902677536, -0.008182183839380741, 0.9090924859046936, 0.5102384686470032, -0.6670610904693604, -0.07066169381141663, 0.5382315516471863, 0.15177860856056213, -0.3422405421733856, 0.34453168511390686, 0.8608905673027039, -0.6289955973625183, -0.3663282096385956, 0.3748174011707306, 0.5741778612136841, 0.04822390899062157, 0.04453118145465851, 0.045561596751213074, 0.9968026876449585, 0.3701131045818329, 0.5335556268692017, -0.00448697479441762, 0.7604699730873108, 0.21499258279800415, 0.4266582429409027, 0.07446582615375519, 0.8753260970115662, -0.0635833889245987, -0.04881754145026207, 0.011942141689360142, 0.9967103004455566, -0.18905486166477203, -0.09530133754014969, -0.02776208519935608, 0.9769366383552551, 0.13565945625305176, -0.0005948188481852412, -2.115028330251789e-08, 0.9907553791999817, -0.48164692521095276, 0.0021118675358593464, -1.0693554486351786e-08, 0.8763628005981445, 0.015508920885622501, 0.8032669425010681, -0.07263094186782837, 0.5909708142280579, 0.4401705861091614, -0.2414391040802002, 0.8316880464553833, 0.23717515170574188, -0.4654383063316345, 0.07143859565258026, 0.005313899368047714, 0.8821765780448914, 0.4384956955909729, -0.11398438364267349, -0.006889048032462597, 0.8914492130279541, 0.4024283289909363, 0.0053848992101848125, 0.09669644385576248, 0.9103143811225891, 0.7193987965583801, -0.37189972400665283, 0.32178762555122375, 0.490518718957901, -0.4045725166797638, -0.04112938418984413, -0.02037803642451763, 0.9133532643318176, 0.5831068754196167, 0.07302488386631012, -0.16289475560188293, 0.7925395965576172, 0.4216598570346832, -0.005751393269747496, -0.09618980437517166, 0.9016193151473999, -0.49235472083091736, -0.5116923451423645, -0.624998927116394, 0.3242439925670624, -0.029282858595252037, 0.08032147586345673, -0.06883342564105988, 0.9939582347869873, 0.027228564023971558, 0.03215443342924118, -0.01633646711707115, 0.9989783763885498, -0.6424713730812073, 0.3716168999671936, -0.35116448998451233, 0.5708020329475403, -0.30283668637275696, -0.22680336236953735, 0.028885994106531143, 0.9252111911773682, 0.5080943703651428, -0.6676886081695557, -0.06449331343173981, 0.5402524471282959, 0.1256493479013443, -0.3284625709056854, 0.26627472043037415, 0.8974533081054688, -0.6351127624511719, -0.3599661886692047, 0.36073037981987, 0.580456554889679, -0.07901675999164581, 0.0736781656742096, -0.017971020191907883, 0.9939844012260437, 0.4160202145576477, 0.6072706580162048, 0.0019533412996679544, 0.6768646836280823, 0.2376481294631958, 0.47650331258773804, -0.024349983781576157, 0.846094012260437, -0.0660259947180748, -0.033962544053792953, 0.004544882103800774, 0.9972293972969055, -0.20807132124900818, -0.08661501109600067, -0.029813716188073158, 0.973814845085144, 0.13565941154956818, -0.0005948273465037346, -2.1623963064598684e-08, 0.9907553791999817, -0.48164722323417664, 0.002111883135512471, -1.1955529011231647e-08, 0.876362681388855, 0.007410676218569279, 0.8469250202178955, -0.06036345288157463, 0.5282228589057922, 0.4067317247390747, -0.2640180289745331, 0.8440088629722595, 0.2291569858789444, -0.48624956607818604, 0.07491499185562134, 0.01032667513936758, 0.870541512966156, 0.39971208572387695, -0.16803166270256042, -0.020415525883436203, 0.9008767008781433, 0.400165319442749, 0.005882920231670141, 0.09580884128808975, 0.9114021062850952, 0.7627916932106018, -0.3254028260707855, 0.34282976388931274, 0.441281795501709, -0.4098949134349823, -0.04113796725869179, -0.01744161918759346, 0.9110376834869385, 0.5374254584312439, 0.039974670857191086, -0.1560552418231964, 0.8277817368507385, 0.4175274074077606, -0.0069950115866959095, -0.09499464929103851, 0.9036580920219421, -0.5136444568634033, -0.5111754536628723, -0.6118147373199463, 0.31709930300712585, -0.01163453422486782, 0.05349067598581314, -0.06083286181092262, 0.9966457486152649, 0.029820114374160767, 0.022609177976846695, -0.014470812864601612, 0.9991948008537292, -0.6383708715438843, 0.36056944727897644, -0.35138455033302307, 0.5822381377220154, -0.22838661074638367, -0.1955348551273346, 0.0508805476129055, 0.9523743391036987, 0.5034908652305603, -0.6669221520423889, -0.05337759852409363, 0.5466833710670471, 0.08580058068037033, -0.31887075304985046, 0.14305613934993744, 0.9330030083656311, -0.6426970958709717, -0.3670502305030823, 0.34885114431381226, 0.5749064683914185, -0.18567879498004913, 0.07564450800418854, -0.06923264265060425, 0.9772452116012573, 0.4498395621776581, 0.6548084616661072, 0.018854321911931038, 0.6070541739463806, 0.3136243522167206, 0.5054535269737244, -0.19210185110569, 0.7805468440055847, -0.07985098659992218, -0.03188386186957359, -0.005206168629229069, 0.9962831735610962, -0.2222267985343933, -0.0580364391207695, -0.032820526510477066, 0.9727126359939575, 0.13565945625305176, -0.0005948080215603113, -1.269017069205347e-08, 0.9907553791999817, -0.48164695501327515, 0.0021118975710123777, 6.9076375730503514e-09, 0.8763628005981445, 0.011213495396077633, 0.888680100440979, -0.06400911509990692, 0.4538995623588562, 0.3536469340324402, -0.25796541571617126, 0.8612210154533386, 0.2582366466522217, -0.5202218294143677, 0.07990238815546036, 0.01692245528101921, 0.8501167893409729, 0.4005509316921234, -0.17425869405269623, -0.028544504195451736, 0.8990985155105591, 0.3925160765647888, 0.00828966312110424, 0.0917958915233612, 0.9151152968406677, 0.7571681141853333, -0.3071190416812897, 0.42001423239707947, 0.3949207365512848, -0.4309958517551422, -0.042626895010471344, -0.01309888157993555, 0.9012513756752014, 0.4843965172767639, 0.0645490288734436, -0.13973528146743774, 0.8612012267112732, 0.4071146249771118, -0.008904230780899525, -0.0929526835680008, 0.9085913300514221, -0.5405047535896301, -0.4979816675186157, -0.5965333580970764, 0.3225165903568268, -0.007128432393074036, 0.002391936955973506, -0.04038494825363159, 0.9991559386253357, 0.030856838449835777, 0.011287608183920383, -0.011981356889009476, 0.9993882775306702, -0.6389425992965698, 0.35096463561058044, -0.3492877781391144, 0.5887056589126587, -0.11604326963424683, -0.13857997953891754, 0.037568047642707825, 0.9828113913536072, 0.49932634830474854, -0.6697672605514526, -0.043265972286462784, 0.5479170680046082, 0.05991273373365402, -0.32183903455734253, 0.05593027174472809, 0.9432401657104492, -0.6556556224822998, -0.3808979094028473, 0.3342124819755554, 0.5597629547119141, -0.2769925892353058, 0.029930301010608673, -0.08237868547439575, 0.9568662643432617, 0.47215914726257324, 0.6792728900909424, 0.03606456145644188, 0.5606723427772522, 0.3964442312717438, 0.48857301473617554, -0.3266209363937378, 0.7052993178367615, -0.10271646082401276, -0.013958207331597805, -0.021431414410471916, 0.994381844997406, -0.2116325944662094, -0.043673302978277206, -0.03966737911105156, 0.9755669236183167, 0.13565954566001892, -0.0005947799072600901, -3.482453436731703e-08, 0.9907553195953369, -0.48164698481559753, 0.002111937152221799, 8.2625973618633e-08, 0.8763628005981445, 0.01598985306918621, 0.9249521493911743, -0.07315728068351746, 0.3726337254047394, 0.29109975695610046, -0.26690107583999634, 0.8615057468414307, 0.31911230087280273, -0.5061101913452148, 0.07928765565156937, 0.026152515783905983, 0.8584182858467102, 0.4472702145576477, -0.14236199855804443, 0.006621088366955519, 0.882971465587616, 0.3962143063545227, 0.009034436196088791, 0.09079168736934662, 0.9136134386062622, 0.7317583560943604, -0.3100026845932007, 0.4866638481616974, 0.36274832487106323, -0.43321898579597473, -0.042510244995355606, -0.00956796109676361, 0.9002347588539124, 0.4714118242263794, 0.07207656651735306, -0.15083977580070496, 0.8659233450889587, 0.4035886228084564, -0.009427648037672043, -0.09270457178354263, 0.9101830720901489, -0.565781831741333, -0.48237618803977966, -0.5768601894378662, 0.33828485012054443, -0.02629580721259117, -0.0437440425157547, -0.012098191305994987, 0.9986233711242676, 0.02942858822643757, 0.0010376268764957786, -0.010042732581496239, 0.9995158910751343, -0.6311473250389099, 0.36048179864883423, -0.364086776971817, 0.5823631286621094, -0.013714546337723732, -0.08992554247379303, -0.00492257671430707, 0.9958418607711792, 0.49874258041381836, -0.6777557730674744, -0.036589376628398895, 0.5390400290489197, 0.0468527153134346, -0.3303747773170471, 0.010029847733676434, 0.9426328539848328, -0.6761678457260132, -0.39139387011528015, 0.31451094150543213, 0.539157509803772, -0.34637558460235596, -0.02559119649231434, -0.038614239543676376, 0.9369514584541321, 0.48297035694122314, 0.6895341277122498, 0.044566161930561066, 0.5378626585006714, 0.42291221022605896, 0.48517635464668274, -0.36943602561950684, 0.6702732443809509, -0.10172292590141296, 0.029816370457410812, -0.047834474593400955, 0.9932146668434143, -0.2147885411977768, -0.05125090852379799, -0.05373575538396835, 0.9738335013389587, 0.13565939664840698, -0.0005947384634055197, -2.2563975576872508e-08, 0.9907553791999817, -0.4816470742225647, 0.0021119944285601377, 3.181498797744098e-08, 0.8763627409934998, 0.01711348444223404, 0.9515947699546814, -0.07822225242853165, 0.2967420518398285, 0.23968741297721863, -0.29773154854774475, 0.8341947793960571, 0.39752358198165894, -0.43786942958831787, 0.07175331562757492, 0.02992144413292408, 0.895671010017395, 0.4908335208892822, -0.1796618551015854, 0.048716213554143906, 0.8511350154876709, 0.4066939055919647, 0.0068131000734865665, 0.09393663704395294, 0.9086966514587402, 0.7111596465110779, -0.3249777853488922, 0.5278765559196472, 0.3316440284252167, -0.421466201543808, -0.04061087593436241, -0.00514695281162858, 0.9059197306632996, 0.4709412157535553, 0.10364558547735214, -0.16353559494018555, 0.8606556057929993, 0.3980594873428345, -0.009758581407368183, -0.09246261417865753, 0.9126358032226562, -0.5858187675476074, -0.4725632071495056, -0.5544678568840027, 0.35505762696266174, -0.058267995715141296, -0.05942857265472412, 0.016026347875595093, 0.9964016675949097, 0.02607543393969536, -0.004631737247109413, -0.008648891933262348, 0.9996118545532227, -0.6189630031585693, 0.37900087237358093, -0.3864203989505768, 0.5691418647766113, 0.03829769790172577, -0.06165691837668419, -0.04739326611161232, 0.996235728263855, 0.5061466693878174, -0.6876057386398315, -0.0423087477684021, 0.5188679099082947, 0.05603108927607536, -0.3346976041793823, 0.01916099339723587, 0.940463125705719, -0.6952072381973267, -0.39605408906936646, 0.30092379450798035, 0.5189152359962463, -0.4104710817337036, -0.08228859305381775, 0.04658671095967293, 0.9069574475288391, 0.4873676598072052, 0.6936184763908386, 0.04601377993822098, 0.5284400582313538, 0.42121565341949463, 0.4921480715274811, -0.3627218008041382, 0.6699258089065552, -0.06708566099405289, 0.08379287272691727, -0.07537258416414261, 0.9913613200187683, -0.2404475212097168, -0.07107454538345337, -0.07026930153369904, 0.9655027985572815, 0.13565948605537415, -0.0005949227488599718, -2.6320353896380766e-08, 0.9907553791999817, -0.4816471040248871, 0.002111828653141856, 5.5327525672055344e-08, 0.8763627409934998, 0.02077231928706169, 0.9620682001113892, -0.07329408079385757, 0.26195675134658813, 0.21946844458580017, -0.32062962651252747, 0.8094103336334229, 0.4403240978717804, -0.41511034965515137, 0.06860704720020294, 0.029422540217638016, 0.9067032933235168, 0.5136460661888123, -0.2603693902492523, 0.058163490146398544, 0.8154706954956055, 0.40834856033325195, 0.005210534203797579, 0.09596575051546097, 0.9077526926994324, 0.7196900248527527, -0.32394975423812866, 0.5335901975631714, 0.3039480447769165, -0.43834489583969116, -0.042543936520814896, -0.003142340574413538, 0.8977939486503601, 0.4629928469657898, 0.13365279138088226, -0.1469774842262268, 0.8638126254081726, 0.3935387432575226, -0.010056903585791588, -0.09209713339805603, 0.9146279096603394, -0.5931029915809631, -0.47561773657798767, -0.541238009929657, 0.3592744469642639, -0.07973473519086838, -0.03977074846625328, 0.02699286676943302, 0.9956566095352173, 0.025070101022720337, -0.0038858060725033283, -0.0074956840835511684, 0.9996500611305237, -0.6149422526359558, 0.3781310021877289, -0.3923875093460083, 0.569995641708374, 0.015549363568425179, -0.07395095378160477, -0.050577618181705475, 0.9958571195602417, 0.504685640335083, -0.6886149644851685, -0.04657616466283798, 0.518587052822113, 0.0918126031756401, -0.3454747796058655, 0.07851864397525787, 0.9306194186210632, -0.7037932276725769, -0.3950463533401489, 0.2947305142879486, 0.5116126537322998, -0.4574337899684906, -0.10845496505498886, 0.08985841274261475, 0.8780189752578735, 0.4846643805503845, 0.6877843737602234, 0.04325854778289795, 0.5386852622032166, 0.40255606174468994, 0.5032719969749451, -0.32427850365638733, 0.692466139793396, -0.041186824440956116, 0.09393567591905594, -0.08287490159273148, 0.9912676215171814, -0.2425757795572281, -0.07268645614385605, -0.07533349841833115, 0.9644680023193359, 0.13565948605537415, -0.000594843877479434, -1.880759548100741e-08, 0.9907553791999817, -0.4816471040248871, 0.002111943671479821, 2.191846704135969e-09, 0.8763627409934998, 0.034266147762537, 0.9506639242172241, -0.07375175505876541, 0.29937389492988586, 0.22511065006256104, -0.2973845303058624, 0.8122102618217468, 0.4485556185245514, -0.4159768223762512, 0.06838884204626083, 0.02410750836133957, 0.90647953748703, 0.520254909992218, -0.26582464575767517, 0.039514776319265366, 0.8106236457824707, 0.3900821805000305, 0.008626007474958897, 0.09059273451566696, 0.9162720441818237, 0.7272579073905945, -0.32436591386795044, 0.5097561478614807, 0.32562455534935, -0.4526001513004303, -0.04436982795596123, -0.005337341222912073, 0.8905930519104004, 0.4757230579853058, 0.13882216811180115, -0.15165363252162933, 0.8552292585372925, 0.3940446078777313, -0.01023213379085064, -0.09168168157339096, 0.91444993019104, -0.5861809253692627, -0.47945794463157654, -0.5441718101501465, 0.3610944151878357, -0.06766262650489807, -0.041708651930093765, 0.022110898047685623, 0.9965908527374268, 0.028269430622458458, 0.0008339065825566649, -0.008208650164306164, 0.9995662569999695, -0.6309987902641296, 0.3714648485183716, -0.37040215730667114, 0.5715388059616089, -0.06835061311721802, -0.1280982494354248, -0.028590897098183632, 0.9889901876449585, 0.49744972586631775, -0.6819865703582764, -0.05080581083893776, 0.5337198972702026, 0.13689014315605164, -0.35462433099746704, 0.1941668540239334, 0.9043240547180176, -0.6902653574943542, -0.3995456397533417, 0.30682986974716187, 0.5193769931793213, -0.42222923040390015, -0.06402452290058136, 0.06332536041736603, 0.902005136013031, 0.4808509945869446, 0.6842864155769348, 0.03705523908138275, 0.5469565391540527, 0.3571215867996216, 0.5147010684013367, -0.24978438019752502, 0.7383459806442261, -0.04658009856939316, 0.07382481545209885, -0.06772809475660324, 0.9938778281211853, -0.24560615420341492, -0.068783238530159, -0.06568233668804169, 0.9646928906440735, 0.13565956056118011, -0.0005948381731286645, -2.8200382473642094e-08, 0.9907553195953369, -0.4816470146179199, 0.0021118158474564552, 1.2752563449680565e-08, 0.8763627409934998, 0.05205101519823074, 0.9196325540542603, -0.06452231109142303, 0.38393163681030273, 0.2595205307006836, -0.2701279819011688, 0.8011765480041504, 0.46668630838394165, -0.39106452465057373, 0.06435319781303406, 0.01793450303375721, 0.9179354906082153, 0.5025420188903809, -0.26901206374168396, 0.03712993860244751, 0.8207955956459045, 0.38326990604400635, 0.009059092029929161, 0.08984945714473724, 0.919211208820343, 0.7317282557487488, -0.3441973030567169, 0.4605742394924164, 0.3660237491130829, -0.46425414085388184, -0.04585729539394379, -0.011416212655603886, 0.8844404220581055, 0.5007979273796082, 0.1443602442741394, -0.17085053026676178, 0.8361648321151733, 0.3946688771247864, -0.010680516250431538, -0.0906674787402153, 0.914276659488678, -0.5722883939743042, -0.478875070810318, -0.5575859546661377, 0.36367931962013245, -0.04738934710621834, -0.03766453638672829, 0.01215993333607912, 0.9980920553207397, 0.03151794523000717, 0.009806200861930847, -0.011263967491686344, 0.9993916153907776, -0.654026210308075, 0.36520272493362427, -0.3390507996082306, 0.5691407918930054, -0.17464639246463776, -0.1682632565498352, 0.01483821775764227, 0.9700340032577515, 0.4989849328994751, -0.6792933940887451, -0.05888897180557251, 0.5348893404006958, 0.18083122372627258, -0.3653140068054199, 0.3173316717147827, 0.8562396764755249, -0.6660964488983154, -0.3963155150413513, 0.32916831970214844, 0.5393494963645935, -0.3341499865055084, 0.00021320254018064588, 0.016765791922807693, 0.9423707723617554, 0.48071277141571045, 0.6893782019615173, 0.024890601634979248, 0.5413442254066467, 0.28328779339790344, 0.5240992903709412, -0.12450472265481949, 0.7934523224830627, -0.0612340047955513, 0.05266711860895157, -0.04430762678384781, 0.9957476854324341, -0.23981891572475433, -0.069204181432724, -0.051201969385147095, 0.9669933319091797, 0.13565945625305176, -0.0005947911413386464, 3.756378763597468e-09, 0.9907553791999817, -0.481646865606308, 0.002111895475536585, 4.6626553285022965e-08, 0.8763628005981445, 0.06060061603784561, 0.8725858926773071, -0.05554730445146561, 0.4814934730529785, 0.3020654618740082, -0.23972928524017334, 0.789977490901947, 0.4766780436038971, -0.353119432926178, 0.05827430635690689, 0.0134657621383667, 0.9336645007133484, 0.4670197665691376, -0.2740938067436218, 0.0359998382627964, 0.8399220705032349, 0.39003950357437134, 0.006000516004860401, 0.09446761012077332, 0.9159197807312012, 0.7296211123466492, -0.371913880109787, 0.40811604261398315, 0.40345311164855957, -0.4723565876483917, -0.0468938909471035, -0.016561521217226982, 0.8800034523010254, 0.5325377583503723, 0.15750618278980255, -0.17416109144687653, 0.8131809830665588, 0.39433422684669495, -0.010672626085579395, -0.09002102166414261, 0.9144850373268127, -0.5515146255493164, -0.47967293858528137, -0.579643726348877, 0.36022037267684937, -0.022191502153873444, 0.0010236612288281322, -0.004183716140687466, 0.9997444748878479, 0.032126691192388535, 0.022555135190486908, -0.014951439574360847, 0.9991174340248108, -0.6718077659606934, 0.3612722158432007, -0.3138781785964966, 0.5653647184371948, -0.2716621458530426, -0.17765554785728455, 0.06175290793180466, 0.9438351392745972, 0.5112802982330322, -0.6786521673202515, -0.07621540874242783, 0.5217421650886536, 0.22711503505706787, -0.36508938670158386, 0.4284631907939911, 0.7946999073028564, -0.642731785774231, -0.3882721960544586, 0.3512912690639496, 0.5592272281646729, -0.18441706895828247, 0.0797092393040657, -0.005154142156243324, 0.9795969724655151, 0.47920265793800354, 0.6949014663696289, 0.007234156597405672, 0.5361198782920837, 0.19080618023872375, 0.5286024212837219, 0.02130315639078617, 0.8268728852272034, -0.07824351638555527, 0.01704561896622181, -0.01505480520427227, 0.9966748952865601, -0.22837302088737488, -0.07668968290090561, -0.03548020124435425, 0.9698998332023621, 0.13565939664840698, -0.0005947779281996191, -2.8163660292790382e-09, 0.9907553791999817, -0.48164698481559753, 0.002111898735165596, 3.5069543713461826e-08, 0.8763628005981445, 0.042842984199523926, 0.8248415589332581, -0.06171363219618797, 0.560350239276886, 0.3419490158557892, -0.19792410731315613, 0.8028050661087036, 0.4465433955192566, -0.33652210235595703, 0.05601605772972107, 0.00998602993786335, 0.9399549961090088, 0.4320617914199829, -0.286359965801239, -0.0068486593663692474, 0.8551454544067383, 0.3938964605331421, 0.0036488408222794533, 0.09795508533716202, 0.9139130711555481, 0.7182633876800537, -0.4003651738166809, 0.3862447738647461, 0.41787609457969666, -0.4699711203575134, -0.047146592289209366, -0.01761316880583763, 0.8812457919120789, 0.5650585293769836, 0.1937713921070099, -0.16262905299663544, 0.7853109836578369, 0.3976867198944092, -0.009113184176385403, -0.09156589210033417, 0.9128953814506531, -0.5234749913215637, -0.4874034821987152, -0.6075291633605957, 0.3454276919364929, -0.008123321458697319, 0.07577050477266312, -0.02812596783041954, 0.9966953992843628, 0.029335850849747658, 0.03546901419758797, -0.01737079583108425, 0.9987891316413879, -0.6772971749305725, 0.36128515005111694, -0.3088107705116272, 0.5615848302841187, -0.3238369822502136, -0.17835859954357147, 0.07749374210834503, 0.9259117245674133, 0.5238015055656433, -0.6781780123710632, -0.0871761366724968, 0.5080422759056091, 0.254700630903244, -0.36828577518463135, 0.4742099642753601, 0.7580357193946838, -0.627597987651825, -0.3813224136829376, 0.3698488175868988, 0.5691448450088501, 0.0323658287525177, 0.1087360680103302, 0.046004120260477066, 0.9924780130386353, 0.4772668480873108, 0.6947879195213318, -0.0028425082564353943, 0.5380316376686096, 0.11675611883401871, 0.5364972352981567, 0.11196732521057129, 0.8282524347305298, -0.07722246646881104, -0.041297927498817444, 0.0169453714042902, 0.9960141181945801, -0.20834657549858093, -0.07717104256153107, -0.01961236447095871, 0.9748085737228394, 0.13565948605537415, -0.0005948291509412229, 4.461388147802836e-09, 0.9907553791999817, -0.48164695501327515, 0.0021118870936334133, -2.922462050136687e-09, 0.8763628005981445, 0.018733501434326172, 0.7826835513114929, -0.08488397300243378, 0.6163199543952942, 0.3741147816181183, -0.16131137311458588, 0.8205653429031372, 0.4008607864379883, -0.33263081312179565, 0.055881354957818985, 0.010194163769483566, 0.9413448572158813, 0.4131472706794739, -0.3029569685459137, -0.03026696853339672, 0.8582600951194763, 0.4029901325702667, 0.0011778875486925244, 0.10204066336154938, 0.9094972610473633, 0.7164488434791565, -0.39661136269569397, 0.36796319484710693, 0.44045835733413696, -0.46295544505119324, -0.04683716595172882, -0.019930614158511162, 0.884918749332428, 0.5899876952171326, 0.21712276339530945, -0.1719479113817215, 0.7584234476089478, 0.4060492217540741, -0.006829599384218454, -0.09439140558242798, 0.9089376926422119, -0.49550074338912964, -0.5043355226516724, -0.6193717122077942, 0.34132620692253113, -0.03193068876862526, 0.11511242389678955, -0.04828016087412834, 0.9916645884513855, 0.02509607933461666, 0.042736783623695374, -0.0184647087007761, 0.9986004829406738, -0.6814664006233215, 0.34822165966033936, -0.3053373694419861, 0.5666695833206177, -0.36755064129829407, -0.16913533210754395, 0.050409313291311264, 0.9131038784980774, 0.5304194092750549, -0.6825617551803589, -0.09121263027191162, 0.4944137632846832, 0.25213056802749634, -0.36546921730041504, 0.4532594084739685, 0.7729284763336182, -0.6269903182983398, -0.3889639675617218, 0.37625476717948914, 0.5603772401809692, 0.19563046097755432, 0.07909931242465973, 0.14354954659938812, 0.966884434223175, 0.47822365164756775, 0.6895910501480103, -0.0010500961216166615, 0.5438430309295654, 0.1099248006939888, 0.5402620434761047, 0.11840153485536575, 0.8258417248725891, -0.040443893522024155, -0.10524501651525497, 0.043016187846660614, 0.9926919937133789, -0.2034236490726471, -0.0576530322432518, -0.005955898202955723, 0.9773737788200378, 0.1356593817472458, -0.0005948202451691031, -1.457386744618816e-08, 0.9907553791999817, -0.48164692521095276, 0.0021118803415447474, -6.641959204856107e-11, 0.8763628602027893, 0.013090245425701141, 0.7537825703620911, -0.09109336137771606, 0.650647759437561, 0.39249932765960693, -0.1481446474790573, 0.8284279704093933, 0.3710857033729553, -0.34901487827301025, 0.05761461704969406, 0.012248881161212921, 0.9352642297744751, 0.41874775290489197, -0.308275043964386, -0.012808693572878838, 0.854080080986023, 0.41788506507873535, -0.0019265278242528439, 0.10735391825437546, 0.9021327495574951, 0.7169930338859558, -0.39737898111343384, 0.33385974168777466, 0.4653477668762207, -0.437137246131897, -0.04402804747223854, -0.02068919688463211, 0.8980782628059387, 0.5886043906211853, 0.22870345413684845, -0.1817614734172821, 0.7537920475006104, 0.4090537428855896, -0.005973372608423233, -0.09540879726409912, 0.9074891209602356, -0.480277955532074, -0.5110238194465637, -0.6229305267333984, 0.34661999344825745, -0.04970989748835564, 0.11098597943782806, -0.05728059634566307, 0.9909238219261169, 0.023356273770332336, 0.043671805411577225, -0.019108153879642487, 0.9985900521278381, -0.6887574195861816, 0.35052990913391113, -0.3000706136226654, 0.5591955780982971, -0.38948801159858704, -0.15641260147094727, 0.02882969379425049, 0.9071951508522034, 0.5324468016624451, -0.683236300945282, -0.09148930013179779, 0.49124154448509216, 0.24251362681388855, -0.36101779341697693, 0.4232698380947113, 0.7947930097579956, -0.632995069026947, -0.39492931962013245, 0.3725728690624237, 0.5518493056297302, 0.22221016883850098, 0.07371793687343597, 0.20740002393722534, 0.9498282074928284, 0.47649630904197693, 0.687058687210083, -0.0008874867926351726, 0.5485442876815796, 0.11621969938278198, 0.5424926280975342, 0.11307766288518906, 0.8242622017860413, -0.018842924386262894, -0.1234045997262001, 0.05309964716434479, 0.9907556176185608, -0.19948996603488922, -0.06074858084321022, -0.0002204429474659264, 0.9780150055885315, 0.13565939664840698, -0.0005948265898041427, -1.5216453874700164e-08, 0.9907553791999817, -0.48164692521095276, 0.0021118714939802885, -1.501082813604171e-08, 0.8763628005981445, 0.016650501638650894, 0.7573469281196594, -0.08547449856996536, 0.6471803784370422, 0.3883679509162903, -0.16682037711143494, 0.8380066156387329, 0.34508875012397766, -0.3963851034641266, 0.0631355494260788, 0.013189587742090225, 0.9158159494400024, 0.4429083466529846, -0.2876541316509247, 0.007044096011668444, 0.849139392375946, 0.4292643368244171, -0.0033361874520778656, 0.11019042134284973, 0.896425724029541, 0.7083127498626709, -0.4244599938392639, 0.3049697279930115, 0.4744683802127838, -0.37806254625320435, -0.03751233592629433, -0.01791716180741787, 0.9248462319374084, 0.5583604574203491, 0.23321832716464996, -0.18854892253875732, 0.7734934687614441, 0.4080193340778351, -0.006349167786538601, -0.09490901231765747, 0.9080045223236084, -0.47890809178352356, -0.5151664018630981, -0.6214209794998169, 0.3450891971588135, -0.05232130363583565, 0.10027346014976501, -0.06147022545337677, 0.9916799664497375, 0.02492419071495533, 0.040643010288476944, -0.018972834572196007, 0.9986826181411743, -0.6867194175720215, 0.3595294654369354, -0.3029802441596985, 0.5543987154960632, -0.39237627387046814, -0.16250354051589966, 0.0236526969820261, 0.9050270915031433, 0.5299748182296753, -0.6821327805519104, -0.0880902111530304, 0.49604612588882446, 0.22319501638412476, -0.362103670835495, 0.38182491064071655, 0.8205331563949585, -0.6366215348243713, -0.3977445960044861, 0.367907851934433, 0.5487769842147827, 0.1679162085056305, 0.0954638347029686, 0.2429678589105606, 0.9506089687347412, 0.4730214476585388, 0.6897669434547424, -0.002601498505100608, 0.5481473803520203, 0.13524648547172546, 0.5466839671134949, 0.08162736892700195, 0.8223028779029846, -0.011545034125447273, -0.11166590452194214, 0.0533086359500885, 0.9922478199005127, -0.20062804222106934, -0.0667719691991806, 0.0017788117984309793, 0.9773877263069153, 0.1356593370437622, -0.0005948261241428554, -1.1750158179779646e-08, 0.9907553791999817, -0.48164695501327515, 0.002111869864165783, -1.0162197305874088e-08, 0.8763628005981445, 0.023786960169672966, 0.8054268956184387, -0.07179393619298935, 0.5878497958183289, 0.345329612493515, -0.22940818965435028, 0.8472586274147034, 0.33207255601882935, -0.45123615860939026, 0.06985539942979813, 0.015420316718518734, 0.8895326852798462, 0.4774940311908722, -0.23671653866767883, 0.034328922629356384, 0.8454503417015076, 0.4413899779319763, -0.003963145427405834, 0.11166103929281235, 0.8903319835662842, 0.7035189270973206, -0.45778465270996094, 0.2969992458820343, 0.45528644323349, -0.2977331876754761, -0.028888579457998276, -0.011402101255953312, 0.9541438221931458, 0.5047934055328369, 0.18947850167751312, -0.17981001734733582, 0.8227696418762207, 0.40314850211143494, -0.00828595645725727, -0.09251732379198074, 0.9104081988334656, -0.48528191447257996, -0.5306393504142761, -0.6072574257850647, 0.3378783166408539, -0.04801503196358681, 0.10010683536529541, -0.06266336143016815, 0.9918399453163147, 0.029212385416030884, 0.03541109710931778, -0.01739031821489334, 0.9987943768501282, -0.671652615070343, 0.3656507730484009, -0.31696581840515137, 0.5609946250915527, -0.3740106225013733, -0.1845451146364212, 0.027640188112854958, 0.9084575772285461, 0.5250287055969238, -0.6815837621688843, -0.07991278916597366, 0.5033908486366272, 0.18771935999393463, -0.3655984103679657, 0.31367066502571106, 0.8559848070144653, -0.6331310868263245, -0.40035924315452576, 0.3686661422252655, 0.5504025220870972, 0.08970989286899567, 0.10218477994203568, 0.2351548969745636, 0.962399423122406, 0.469512015581131, 0.6908296346664429, -0.0009156012674793601, 0.5498292446136475, 0.16593080759048462, 0.552997350692749, 0.03003724291920662, 0.8159403800964355, 0.0016234085196629167, -0.09867502748966217, 0.04386002942919731, 0.9941513538360596, -0.24074232578277588, -0.058466892689466476, -0.0016471206909045577, 0.968825101852417, 0.13565951585769653, -0.0005948204197920859, -2.303398360936626e-08, 0.9907553195953369, -0.48164695501327515, 0.00211186520755291, -1.1224910778651065e-08, 0.8763628005981445, 0.03423185274004936, 0.8759608864784241, -0.05830073356628418, 0.477620929479599, 0.2806968688964844, -0.30864301323890686, 0.8489618301391602, 0.3243650496006012, -0.5085366368293762, 0.07731903344392776, 0.01986478827893734, 0.8573316931724548, 0.49094659090042114, -0.19191911816596985, 0.04897305741906166, 0.8483750224113464, 0.45118018984794617, -0.004217362031340599, 0.11181305348873138, 0.8853906393051147, 0.7282947897911072, -0.4351760745048523, 0.32259371876716614, 0.4196924567222595, -0.3031612038612366, -0.030043087899684906, -0.010962330736219883, 0.9524024724960327, 0.48064666986465454, 0.09154431521892548, -0.14784669876098633, 0.8594997525215149, 0.4089573323726654, -0.008615358732640743, -0.09279824793338776, 0.9077820181846619, -0.5014562606811523, -0.5400503873825073, -0.5851218700408936, 0.3384076952934265, -0.029840199276804924, 0.08595596998929977, -0.052813366055488586, 0.994450569152832, 0.034451741725206375, 0.027244403958320618, -0.014925410971045494, 0.9989234805107117, -0.6664009094238281, 0.3677557706832886, -0.3186969757080078, 0.5648874044418335, -0.32128405570983887, -0.17613503336906433, 0.03574170917272568, 0.9297717809677124, 0.5180098414421082, -0.6810001730918884, -0.0672200620174408, 0.5132114887237549, 0.1466156244277954, -0.35507336258888245, 0.23815187811851501, 0.8920260071754456, -0.6319857835769653, -0.39634600281715393, 0.36539196968078613, 0.5567697882652283, -0.007294744718819857, 0.05136419087648392, 0.13855548202991486, 0.9889948964118958, 0.4615704119205475, 0.676591157913208, 0.012201162055134773, 0.5736098885536194, 0.26199352741241455, 0.5315712690353394, -0.0980670303106308, 0.7994837760925293, -0.024341994896531105, -0.09582368284463882, 0.020252110436558723, 0.9948945641517639, -0.26114344596862793, -0.0296167079359293, -0.018043141812086105, 0.9646768569946289, 0.13565956056118011, -0.0005948042962700129, -9.400126010916665e-09, 0.9907553791999817, -0.48164695501327515, 0.002111871959641576, 1.7003415564431634e-08, 0.8763628005981445, 0.049776773899793625, 0.9347000122070312, -0.04941138997673988, 0.34844905138015747, 0.21165752410888672, -0.3519972264766693, 0.849779486656189, 0.330414742231369, -0.5718859434127808, 0.08598317950963974, 0.023482345044612885, 0.8154765367507935, 0.4687359631061554, -0.1936519593000412, 0.018243836238980293, 0.8616569638252258, 0.45909613370895386, -0.00463085388764739, 0.11230941116809845, 0.88124680519104, 0.740932822227478, -0.39260104298591614, 0.3904557228088379, 0.38003599643707275, -0.425629198551178, -0.04350949451327324, -0.016939733177423477, 0.9036923050880432, 0.4662157893180847, 0.10828377306461334, -0.1176590844988823, 0.8700999021530151, 0.41788506507873535, -0.0069849989376962185, -0.0957692489027977, 0.9034110903739929, -0.5259358882904053, -0.5290876030921936, -0.570183515548706, 0.34401825070381165, -0.012968748807907104, 0.05124694108963013, -0.03257722035050392, 0.9980702996253967, 0.037385083734989166, 0.018444683402776718, -0.012303930707275867, 0.9990549683570862, -0.6628797054290771, 0.37073609232902527, -0.3230774998664856, 0.5645938515663147, -0.23999404907226562, -0.16297635436058044, 0.022639526054263115, 0.9567282795906067, 0.509491503238678, -0.6803497076034546, -0.055101968348026276, 0.5239335894584656, 0.10530342906713486, -0.34542402625083923, 0.14736638963222504, 0.920802116394043, -0.6336942315101624, -0.393164724111557, 0.3603653013706207, 0.5603482127189636, -0.08820249140262604, -0.032705746591091156, 0.007434795144945383, 0.9955377578735352, 0.448391318321228, 0.6412338018417358, 0.030051933601498604, 0.6219817996025085, 0.3635639548301697, 0.5059047937393188, -0.2483665645122528, 0.7417517900466919, -0.07885181903839111, -0.07035508006811142, -0.013309091329574585, 0.9943115711212158, -0.2431952953338623, -0.027017218992114067, -0.04356309026479721, 0.9686219096183777, 0.13565951585769653, -0.0005948345060460269, 3.195676256950719e-08, 0.9907553195953369, -0.48164695501327515, 0.002111838199198246, 3.194782394189133e-08, 0.8763628005981445, 0.06010657921433449, 0.9708338379859924, -0.04614219814538956, 0.22746379673480988, 0.17087222635746002, -0.3581639528274536, 0.8454499840736389, 0.3574012815952301, -0.6204593777656555, 0.09226497262716293, 0.023854468017816544, 0.7784267663955688, 0.44498929381370544, -0.1945943832397461, -0.013202802278101444, 0.8740384578704834, 0.43090111017227173, 0.0019519919296726584, 0.10169203579425812, 0.8966488242149353, 0.7373588681221008, -0.3468573987483978, 0.46760043501853943, 0.3425517976284027, -0.5880494117736816, -0.06025988608598709, -0.020275156944990158, 0.8063222169876099, 0.45829278230667114, 0.17839927971363068, -0.07743731141090393, 0.8672628998756409, 0.4197596311569214, -0.0059475102461874485, -0.09785676747560501, 0.9023250937461853, -0.5554587841033936, -0.5001981258392334, -0.5612639784812927, 0.35531705617904663, -0.01238327194005251, 0.007153268437832594, -0.0016406083013862371, 0.9998964071273804, 0.03650583699345589, 0.010241405107080936, -0.010236825793981552, 0.9992285370826721, -0.6522680521011353, 0.3790600299835205, -0.340749591588974, 0.5610255599021912, -0.1644803136587143, -0.15898005664348602, -0.030388187617063522, 0.9730098843574524, 0.5038740038871765, -0.6805061101913452, -0.04604252055287361, 0.5300023555755615, 0.0694822147488594, -0.33364757895469666, 0.06323645263910294, 0.9380046725273132, -0.6338878870010376, -0.4016250669956207, 0.36301231384277344, 0.5523636937141418, -0.14565056562423706, -0.11998523026704788, -0.0788736492395401, 0.9788607954978943, 0.430318683385849, 0.5999549627304077, 0.040035370737314224, 0.6732586026191711, 0.41870495676994324, 0.49936649203300476, -0.3467927873134613, 0.6745769381523132, -0.1217058002948761, -0.02628418244421482, -0.04838180914521217, 0.991037905216217, -0.222487673163414, -0.04605763033032417, -0.06890454143285751, 0.9714062809944153, 0.13565942645072937, -0.0005947910831309855, -2.068027704638098e-08, 0.9907553791999817, -0.48164695501327515, 0.0021119792945683002, 1.9852815569265658e-07, 0.8763628602027893, 0.05605103820562363, 0.9875190258026123, -0.04938700422644615, 0.13865572214126587, 0.17175281047821045, -0.35481148958206177, 0.8324941396713257, 0.38931143283843994, -0.5884317755699158, 0.08945364505052567, 0.035529427230358124, 0.8027974367141724, 0.48938432335853577, -0.11827583611011505, 0.06030769646167755, 0.8619030117988586, 0.40638259053230286, 0.008150869980454445, 0.09206335246562958, 0.9090165495872498, 0.7218458652496338, -0.3028508424758911, 0.5182791948318481, 0.34439322352409363, -0.6701872944831848, -0.0686575174331665, -0.018336979672312737, 0.7387820482254028, 0.48012351989746094, 0.17938396334648132, -0.055603936314582825, 0.8568611145019531, 0.4313368499279022, -0.0032017971388995647, -0.10249771177768707, 0.8963439464569092, -0.5823132395744324, -0.4725940227508545, -0.5525015592575073, 0.3637421131134033, -0.04100467637181282, -0.026569752022624016, 0.028230493888258934, 0.9984065890312195, 0.03230685740709305, 0.004696570802479982, -0.007459483575075865, 0.9994391202926636, -0.6470257639884949, 0.37747272849082947, -0.3526310622692108, 0.5608238577842712, -0.1318984031677246, -0.17248687148094177, -0.10784776508808136, 0.9701648950576782, 0.4974497854709625, -0.6791250109672546, -0.03642753139138222, 0.538521945476532, 0.04801630228757858, -0.3327608108520508, 0.010097600519657135, 0.9417338967323303, -0.6274154186248779, -0.4242320954799652, 0.37995922565460205, 0.5310443639755249, -0.20781247317790985, -0.20254673063755035, -0.037127599120140076, 0.9562481045722961, 0.4162304699420929, 0.5803561806678772, 0.03621871769428253, 0.6990187168121338, 0.41722017526626587, 0.506926953792572, -0.34993380308151245, 0.6682056188583374, -0.11553994566202164, -0.011289915069937706, -0.06840253621339798, 0.9908804893493652, -0.24146001040935516, -0.030079469084739685, -0.08051061630249023, 0.9665972590446472, 0.13565948605537415, -0.0005948832258582115, 8.27174417850074e-08, 0.9907553791999817, -0.4816471040248871, 0.002111735288053751, 1.0627135793583875e-07, 0.8763627409934998, 0.02647683024406433, 0.9971489906311035, -0.053595416247844696, 0.04604769125580788, 0.16709548234939575, -0.36358121037483215, 0.8216267824172974, 0.4059770405292511, -0.47122982144355774, 0.0764000341296196, 0.039617955684661865, 0.877801775932312, 0.5172826051712036, -0.1244606301188469, 0.10577476024627686, 0.8400833606719971, 0.41572776436805725, 0.006645464804023504, 0.09444989264011383, 0.9045471549034119, 0.6987025141716003, -0.274849534034729, 0.5628280639648438, 0.3456835150718689, -0.6367335915565491, -0.06569810956716537, -0.012328150682151318, 0.7681810855865479, 0.5629321932792664, 0.08903373777866364, -0.07305523008108139, 0.8184395432472229, 0.458495169878006, 0.002343470463529229, -0.11149434000253677, 0.8816721439361572, -0.5971174240112305, -0.45928093791007996, -0.5477568507194519, 0.3639701008796692, -0.07032525539398193, -0.03848007693886757, 0.03995504975318909, 0.9959805607795715, 0.02647535502910614, 0.0014519357355311513, -0.004534059204161167, 0.9996381402015686, -0.65220046043396, 0.3705538213253021, -0.351897269487381, 0.5599042177200317, -0.1227283850312233, -0.1745675653219223, -0.1649342030286789, 0.9629437327384949, 0.49056097865104675, -0.6781435012817383, -0.02801434136927128, 0.5465222001075745, 0.03884865343570709, -0.31892940402030945, -0.028773151338100433, 0.9465447664260864, -0.6299183964729309, -0.4457099437713623, 0.38570651412010193, 0.5057430267333984, -0.28420254588127136, -0.2547389566898346, 0.08624842762947083, 0.9202707409858704, 0.4052089750766754, 0.574619472026825, 0.02618406154215336, 0.7105860710144043, 0.38715681433677673, 0.5175058245658875, -0.3137834668159485, 0.695584237575531, -0.10699568688869476, -0.012235335074365139, -0.09319696575403214, 0.9898063540458679, -0.2513914406299591, -0.012651643715798855, -0.09922024607658386, 0.9627033472061157, 0.13565953075885773, -0.0005947722820565104, -2.8200378920928415e-08, 0.9907553791999817, -0.48164698481559753, 0.0021117774304002523, 5.745294728853878e-08, 0.8763628005981445, 0.01657191477715969, -0.9973580241203308, 0.05789870023727417, 0.04061974957585335, 0.16534358263015747, -0.3602021336555481, 0.8284189105033875, 0.39577531814575195, -0.44857069849967957, 0.07372800260782242, 0.04177962988615036, 0.8897207379341125, 0.524357795715332, -0.22621531784534454, 0.1017676368355751, 0.8145666718482971, 0.41299453377723694, 0.006242792587727308, 0.09455421566963196, 0.9057902693748474, 0.6878568530082703, -0.24864183366298676, 0.6123067736625671, 0.30018433928489685, -0.6045757532119751, -0.06232014298439026, -0.006561057176440954, 0.7940789461135864, 0.589419424533844, 0.08197981864213943, -0.10258609056472778, 0.7970823049545288, 0.4167107939720154, -0.006115838419646025, -0.09830351173877716, 0.9036875367164612, -0.6114073395729065, -0.4474797546863556, -0.5471857190132141, 0.3557116985321045, -0.08767735958099365, -0.03638126701116562, 0.04714857414364815, 0.9943671822547913, 0.02044612169265747, -0.0005074466462247074, -0.0025035212747752666, 0.9997876882553101, -0.657443106174469, 0.37416893243789673, -0.35356375575065613, 0.5502352714538574, -0.10540323704481125, -0.15885008871555328, -0.19312956929206848, 0.9624748826026917, 0.48696404695510864, -0.6757497787475586, -0.024716507643461227, 0.5528266429901123, 0.035649433732032776, -0.31406351923942566, -0.04754950851202011, 0.9475401043891907, -0.641787588596344, -0.4526425004005432, 0.3798583149909973, 0.488805890083313, -0.3560027480125427, -0.2899026870727539, 0.1724967211484909, 0.8714720010757446, 0.39749452471733093, 0.5652665495872498, 0.021010221913456917, 0.7225167751312256, 0.36393216252326965, 0.529911994934082, -0.2885686457157135, 0.7095596790313721, -0.10960180312395096, 0.01655660942196846, -0.12484799325466156, 0.9859647154808044, -0.22516703605651855, -0.027518073096871376, -0.12345317751169205, 0.9660755395889282, 0.13565953075885773, -0.0005947808385826647, 2.2089929530011432e-07, 0.9907553791999817, -0.48164692521095276, 0.0021119986195117235, 1.7747315439464728e-07, 0.8763628005981445, 0.04879514127969742, -0.9910970330238342, 0.06807093322277069, 0.10349909216165543, 0.1554112583398819, -0.34284451603889465, 0.8611043095588684, 0.3417665362358093, -0.4955098032951355, 0.07898177951574326, 0.0469466932117939, 0.8637291193008423, 0.557946503162384, -0.2640444040298462, 0.06507337838411331, 0.784054696559906, 0.4204169511795044, 0.004080320708453655, 0.09715376049280167, 0.902105450630188, 0.6858067512512207, -0.21399907767772675, 0.6551294326782227, 0.23383526504039764, -0.5937959551811218, -0.060975391417741776, -0.0022803684696555138, 0.8022986650466919, 0.5615427494049072, 0.09957873076200485, -0.10229950398206711, 0.8150390982627869, 0.39315345883369446, -0.010192512534558773, -0.09166862815618515, 0.9148351550102234, -0.626238226890564, -0.44155457615852356, -0.5457901954650879, 0.33906999230384827, -0.10001979768276215, -0.027807554230093956, 0.05128411576151848, 0.9932737350463867, 0.01494225300848484, -0.0022261713165789843, -0.0012643416412174702, 0.999885082244873, -0.6597402095794678, 0.3810998797416687, -0.3589116930961609, 0.5391550660133362, -0.0824371725320816, -0.14215393364429474, -0.19839809834957123, 0.9662476778030396, 0.4829447567462921, -0.6694345474243164, -0.02438364364206791, 0.5639389753341675, 0.03457660973072052, -0.31133484840393066, -0.04690529778599739, 0.9485120177268982, -0.6524986028671265, -0.4559608995914459, 0.37470653653144836, 0.4753318130970001, -0.415088415145874, -0.30700019001960754, 0.21992827951908112, 0.8276980519294739, 0.39549899101257324, 0.5588439702987671, 0.02011035569012165, 0.7286080121994019, 0.34759464859962463, 0.5384174585342407, -0.27221664786338806, 0.717762291431427, -0.10341703146696091, 0.04506446793675423, -0.14499631524085999, 0.9829802513122559, -0.19926521182060242, -0.04912038519978523, -0.1385405957698822, 0.9688586592674255, 0.13565951585769653, -0.0005950262420810759, 4.622952687327597e-08, 0.9907553791999817, -0.48164695501327515, 0.002112017013132572, -5.207295927789346e-08, 0.8763628005981445, 0.055980049073696136, -0.9923931956291199, 0.06905413419008255, 0.08516819030046463, 0.18682119250297546, -0.3266908526420593, 0.8763940334320068, 0.30050697922706604, -0.5256785750389099, 0.08182249963283539, 0.0496804416179657, 0.8452804088592529, 0.5977373123168945, -0.2619386911392212, 0.05373762547969818, 0.7557847499847412, 0.4050876796245575, 0.0069914404302835464, 0.09200446307659149, 0.9096099734306335, 0.6990202069282532, -0.2114344835281372, 0.6535360813140869, 0.19888903200626373, -0.5807130932807922, -0.059343334287405014, -0.0047372025437653065, 0.8119286894798279, 0.5287579894065857, 0.11312197148799896, -0.12139026075601578, 0.8323958516120911, 0.39246565103530884, -0.010271811857819557, -0.09154582768678665, 0.9151418209075928, -0.641067385673523, -0.44681981205940247, -0.5330511927604675, 0.3244088292121887, -0.11662622541189194, -0.01780848205089569, 0.05963362753391266, 0.9912239909172058, 0.011261026374995708, -0.003307083621621132, -0.000297784834401682, 0.9999310970306396, -0.6532776355743408, 0.3812897205352783, -0.3698241412639618, 0.5395151376724243, -0.0649649053812027, -0.15713798999786377, -0.20178844034671783, 0.9645562171936035, 0.476264089345932, -0.6587167978286743, -0.02465784177184105, 0.5819422602653503, 0.039502713829278946, -0.3170846998691559, -0.03501281887292862, 0.9469271302223206, -0.6617847681045532, -0.4549490809440613, 0.36784476041793823, 0.46877771615982056, -0.45840123295783997, -0.3157777190208435, 0.2504732608795166, 0.7920958995819092, 0.39734789729118347, 0.5574395656585693, 0.021367903798818588, 0.7286420464515686, 0.3427557647228241, 0.5416849255561829, -0.26833590865135193, 0.7190908789634705, -0.09046845138072968, 0.042031288146972656, -0.14294402301311493, 0.9846907258033752, -0.19590935111045837, -0.057463131844997406, -0.1367531716823578, 0.9693379402160645, 0.13565948605537415, -0.0005949038895778358, -1.151515505171119e-08, 0.9907553791999817, -0.4816468060016632, 0.0021120100282132626, -2.0722911386883425e-08, 0.8763629198074341, -0.04482557997107506, 0.9979906678199768, -0.0446418821811676, 0.00353081151843071, 0.28715866804122925, -0.3172684609889984, 0.8484783172607422, 0.3113923668861389, -0.5408206582069397, 0.08268259465694427, 0.04503481462597847, 0.8358519673347473, 0.6025440692901611, -0.23257064819335938, 0.05551658570766449, 0.7614259719848633, 0.4038289785385132, 0.0072774263098835945, 0.09201603382825851, 0.9101660847663879, 0.721150815486908, -0.270677387714386, 0.6088755130767822, 0.189594104886055, -0.5629733800888062, -0.057296302169561386, -0.013081347569823265, 0.8243828415870667, 0.518174409866333, 0.12231244891881943, -0.1738266944885254, 0.8284438848495483, 0.3937341272830963, -0.010839609429240227, -0.09085357934236526, 0.9146592617034912, -0.6430577635765076, -0.4626080393791199, -0.5207991003990173, 0.31818076968193054, -0.12033187597990036, -0.029309168457984924, 0.05888107419013977, 0.9905524849891663, 0.012050160206854343, -0.004991642199456692, 0.00044825536315329373, 0.999914824962616, -0.6515169739723206, 0.3740338087081909, -0.3705294132232666, 0.5461980700492859, -0.04053080826997757, -0.1492498368024826, -0.19427235424518585, 0.9686795473098755, 0.47033149003982544, -0.6491658687591553, -0.02695002406835556, 0.5971981883049011, 0.05422481521964073, -0.3314669132232666, 0.0032108002342283726, 0.9419018626213074, -0.6696820259094238, -0.4481770992279053, 0.35810863971710205, 0.47161582112312317, -0.48532038927078247, -0.31643229722976685, 0.27657219767570496, 0.7667089104652405, 0.39984971284866333, 0.5575509071350098, 0.023953497409820557, 0.7271062135696411, 0.3522354066371918, 0.5389590859413147, -0.27917420864105225, 0.7124008536338806, -0.09862583875656128, 0.028322584927082062, -0.1307382434606552, 0.9860923886299133, -0.1810293048620224, -0.04823887348175049, -0.12562641501426697, 0.9742276072502136, 0.13565954566001892, -0.0005948626203462481, -2.537667143087674e-08, 0.9907553195953369, -0.48164674639701843, 0.0021118675358593464, -1.7003413788074795e-08, 0.8763629198074341, -0.03440987318754196, 0.9919617176055908, -0.0013023724313825369, 0.12176328152418137, 0.3986089527606964, -0.3230954110622406, 0.7893286943435669, 0.33716538548469543, -0.5253301858901978, 0.08014408499002457, 0.03347612917423248, 0.8464540839195251, 0.590346097946167, -0.20207978785037994, 0.06223781779408455, 0.7789619565010071, 0.4014933407306671, 0.0073751783929765224, 0.09261620044708252, 0.9111372232437134, 0.7385425567626953, -0.3563562035560608, 0.5329174399375916, 0.20872025191783905, -0.5353258848190308, -0.05404970049858093, -0.021072993054986, 0.8426510095596313, 0.5217972993850708, 0.11966071277856827, -0.23044635355472565, 0.8125905990600586, 0.4048677086830139, -0.00967907253652811, -0.09278706461191177, 0.9096037745475769, -0.6310539841651917, -0.4893782138824463, -0.5124271512031555, 0.3157505989074707, -0.1135900542140007, -0.04364963248372078, 0.04645508900284767, 0.9914806485176086, 0.015764430165290833, -0.006178191397339106, 0.0002964769082609564, 0.9998565912246704, -0.6430491805076599, 0.3694496154785156, -0.37552106380462646, 0.5558584928512573, -0.020908666774630547, -0.12558434903621674, -0.14976558089256287, 0.980490505695343, 0.4655563235282898, -0.640335202217102, -0.032647550106048584, 0.610051155090332, 0.08147519826889038, -0.35258451104164124, 0.07525518536567688, 0.929183840751648, -0.6840036511421204, -0.44177722930908203, 0.3380982577800751, 0.47187018394470215, -0.48184657096862793, -0.30056706070899963, 0.28456738591194153, 0.7723372578620911, 0.40557169914245605, 0.5656387209892273, 0.02644420601427555, 0.7175410389900208, 0.36682119965553284, 0.5263229012489319, -0.29527682065963745, 0.7079817056655884, -0.10000722110271454, 0.0111167524009943, -0.10942257195711136, 0.9888891577720642, -0.1760583072900772, -0.03845759853720665, -0.10737670958042145, 0.9777498245239258, 0.13565945625305176, -0.0005946924793533981, 1.692022699728568e-08, 0.9907553791999817, -0.48164695501327515, 0.002111866371706128, 0.0, 0.8763628005981445, -0.0026023155078291893, 0.9640764594078064, 0.05783075466752052, 0.25924015045166016, 0.510761559009552, -0.33940446376800537, 0.6945342421531677, 0.3762305974960327, -0.48060712218284607, 0.07371421158313751, 0.01646856591105461, 0.8736771941184998, 0.5645425319671631, -0.17051571607589722, 0.07720988243818283, 0.8038997650146484, 0.4015696942806244, 0.006340359337627888, 0.09499159455299377, 0.9108667373657227, 0.7497650980949402, -0.447227418422699, 0.4141976833343506, 0.25744950771331787, -0.48662516474723816, -0.04829975962638855, -0.023141052573919296, 0.8719676733016968, 0.5388689637184143, 0.10385400056838989, -0.2628835141658783, 0.793553352355957, 0.420215368270874, -0.00720279710367322, -0.09636297076940536, 0.9022645354270935, -0.6056931614875793, -0.5234628915786743, -0.5124578475952148, 0.31065964698791504, -0.09000992029905319, -0.05855705216526985, 0.020017573609948158, 0.9940164089202881, 0.022090911865234375, -0.005597004201263189, -0.0009305402054451406, 0.9997398257255554, -0.6336954832077026, 0.36707189679145813, -0.37798094749450684, 0.566408634185791, -0.01161096803843975, -0.09725119173526764, -0.0757921040058136, 0.992301881313324, 0.4638074040412903, -0.6323251128196716, -0.04102291911840439, 0.6191645264625549, 0.10986901074647903, -0.37379729747772217, 0.15804113447666168, 0.9073187708854675, -0.6985576748847961, -0.43416181206703186, 0.3143673539161682, 0.474018931388855, -0.4299745261669159, -0.27461743354797363, 0.27440521121025085, 0.815112829208374, 0.41094252467155457, 0.579710841178894, 0.026648160070180893, 0.7031012773513794, 0.37943822145462036, 0.5080496072769165, -0.3155783414840698, 0.7059196829795837, -0.1080150455236435, -0.018041690811514854, -0.06983110308647156, 0.9915295839309692, -0.1722421497106552, -0.020557314157485962, -0.07375340163707733, 0.9820746183395386, 0.13565945625305176, -0.0005948531324975193, -5.640075784185683e-08, 0.9907553791999817, -0.48164692521095276, 0.0021119327284395695, -4.257495689330426e-08, 0.8763628005981445, 0.020493075251579285, 0.9148020148277283, 0.10911517590284348, 0.38834425806999207, 0.5917036533355713, -0.35570472478866577, 0.5942506194114685, 0.412585973739624, -0.4184187352657318, 0.06399586796760559, 0.0010714345844462514, 0.9059962034225464, 0.5291823148727417, -0.1343148797750473, 0.08908762782812119, 0.8330600261688232, 0.4131598472595215, 0.0022755491081625223, 0.1013341099023819, 0.9050000905990601, 0.7608655095100403, -0.503730297088623, 0.262400358915329, 0.31382396817207336, -0.4055745005607605, -0.03845994919538498, -0.014593358151614666, 0.9131359457969666, 0.553237795829773, 0.10286828130483627, -0.2236754447221756, 0.7958111763000488, 0.42887943983078003, -0.004602089524269104, -0.10038294643163681, 0.8977552652359009, -0.5714854598045349, -0.5639460682868958, -0.5217299461364746, 0.2883871793746948, -0.050375934690237045, -0.05961022898554802, -0.023857582360506058, 0.9966643452644348, 0.029051216319203377, -0.0014134877128526568, -0.00426527438685298, 0.9995678663253784, -0.6308248043060303, 0.37327584624290466, -0.37228986620903015, 0.5693202018737793, -0.011440696194767952, -0.08350431174039841, 0.019387150183320045, 0.9962530732154846, 0.47512760758399963, -0.6414161324501038, -0.047292087227106094, 0.6005020141601562, 0.13270410895347595, -0.36803138256073, 0.19499699771404266, 0.8993991017341614, -0.7003717422485352, -0.418316125869751, 0.3045663833618164, 0.4916608929634094, -0.3101050555706024, -0.2204764187335968, 0.23881696164608002, 0.893415629863739, 0.4003492593765259, 0.5749446153640747, 0.021820347756147385, 0.7132202386856079, 0.39589717984199524, 0.4762183725833893, -0.35309770703315735, 0.7012870907783508, -0.11763941496610641, -0.04185763746500015, -0.015564941801130772, 0.9920517802238464, -0.1663258969783783, -0.02523759938776493, -0.02981606312096119, 0.9852968454360962, 0.13565941154956818, -0.0005948154721409082, -2.2563975576872508e-08, 0.9907553791999817, -0.48164695501327515, 0.0021118372678756714, -2.7630550292201406e-08, 0.8763628005981445, 0.01788187213242054, 0.8786041736602783, 0.1305854171514511, 0.4590015113353729, 0.6100224852561951, -0.3645501434803009, 0.565986156463623, 0.41789427399635315, -0.38866373896598816, 0.058849725872278214, -0.0037178483325988054, 0.9194908142089844, 0.49462780356407166, -0.11122458428144455, 0.09213079512119293, 0.8570206165313721, 0.42002514004707336, 0.000474287400720641, 0.10469462722539902, 0.9014531373977661, 0.7658082246780396, -0.5063515305519104, 0.19447952508926392, 0.3454325199127197, -0.3582945168018341, -0.03311499208211899, -0.00596987921744585, 0.9330020546913147, 0.5440483689308167, 0.142413929104805, -0.1673111468553543, 0.809775710105896, 0.42675647139549255, -0.0034405782353132963, -0.10143253952264786, 0.8986537456512451, -0.5392594337463379, -0.5977898836135864, -0.5361343026161194, 0.2537846267223358, -0.0072824168018996716, -0.024421948939561844, -0.0726323351264, 0.9970331788063049, 0.03401186317205429, 0.006370606832206249, -0.007230269722640514, 0.9993749856948853, -0.630067765712738, 0.38314515352249146, -0.366192489862442, 0.5675539970397949, -0.0485861711204052, -0.09947933256626129, 0.08059484511613846, 0.9905794858932495, 0.5025287866592407, -0.6704365015029907, -0.059424836188554764, 0.5426310300827026, 0.15438318252563477, -0.3564363718032837, 0.1963903158903122, 0.9003053903579712, -0.701579749584198, -0.38683032989501953, 0.2941649854183197, 0.5211670994758606, -0.14488546550273895, -0.08862856030464172, 0.19200943410396576, 0.9665845036506653, 0.3133808970451355, 0.4455798268318176, 0.009449138306081295, 0.83854740858078, 0.3960486054420471, 0.4152681827545166, -0.3793157935142517, 0.725821852684021, -0.13996191322803497, -0.04837474599480629, 0.01753907836973667, 0.9888190031051636, -0.15271121263504028, -0.05694545432925224, -0.00700028520077467, 0.9866040349006653, 0.13565948605537415, -0.0005947650060988963, -2.726403813824163e-08, 0.9907553791999817, -0.48164698481559753, 0.002111853566020727, -1.487798861887768e-08, 0.8763628005981445, 0.00879738200455904, 0.8590958714485168, 0.12918861210346222, 0.49516379833221436, 0.6027052998542786, -0.3603675663471222, 0.5784412026405334, 0.4150752127170563, -0.3873090445995331, 0.058440230786800385, -0.004735790193080902, 0.9200837016105652, 0.47506192326545715, -0.113923080265522, 0.08827126026153564, 0.8680701851844788, 0.4173671305179596, 0.0008126847678795457, 0.10418574512004852, 0.9027454853057861, 0.7700441479682922, -0.49753767251968384, 0.19404436647891998, 0.34904882311820984, -0.3602433502674103, -0.03336523100733757, -0.0037531028501689434, 0.9322539567947388, 0.5379752516746521, 0.18214061856269836, -0.14185045659542084, 0.8107317090034485, 0.4232363700866699, -0.0033318044152110815, -0.10113774240016937, 0.9003505110740662, -0.518109917640686, -0.6104015111923218, -0.5508370399475098, 0.23569199442863464, 0.023630322888493538, 0.01016570907086134, -0.10120495408773422, 0.9945329427719116, 0.03599214553833008, 0.012945950031280518, -0.009317616000771523, 0.9992247819900513, -0.6263334155082703, 0.37964555621147156, -0.3665710687637329, 0.5737608671188354, -0.08895645290613174, -0.09875838458538055, 0.05733310058712959, 0.9894677400588989, 0.5199547410011292, -0.6941576600074768, -0.06305108219385147, 0.4937780797481537, 0.15476779639720917, -0.34409505128860474, 0.16887672245502472, 0.9105636477470398, -0.7008982300758362, -0.34648406505584717, 0.28517621755599976, 0.5544052124023438, 0.003147268667817116, 0.04913075268268585, 0.17605777084827423, 0.9831479787826538, 0.16923843324184418, 0.22558172047138214, -0.00649684015661478, 0.9593899250030518, 0.3978700637817383, 0.32112401723861694, -0.37940695881843567, 0.7711219787597656, -0.15050722658634186, -0.0763414204120636, 0.033480606973171234, 0.9850881695747375, -0.15671205520629883, -0.04248996078968048, 0.0028556869365274906, 0.9867258071899414, 0.13565942645072937, -0.0005947516183368862, -2.3962977380165285e-08, 0.9907553791999817, -0.48164698481559753, 0.0021118889562785625, 3.2147081441280534e-08, 0.8763628005981445, 0.008745885454118252, 0.8400494456291199, 0.11627386510372162, 0.5298309326171875, 0.5875726342201233, -0.34337398409843445, 0.5984317660331726, 0.4227672815322876, -0.39682450890541077, 0.06002971529960632, -0.003917030990123749, 0.9159210920333862, 0.4761650562286377, -0.1330440789461136, 0.08495476096868515, 0.8650715947151184, 0.40844205021858215, 0.0025597885251045227, 0.10113446414470673, 0.9071605801582336, 0.7615874409675598, -0.4931143820285797, 0.20834128558635712, 0.36526253819465637, -0.3828505575656891, -0.035897932946681976, -0.0065956502221524715, 0.9230890274047852, 0.549109697341919, 0.1955866515636444, -0.15769998729228973, 0.7970916628837585, 0.42059531807899475, -0.0038486483972519636, -0.10023247450590134, 0.9016863703727722, -0.5099322199821472, -0.6062199473381042, -0.559599757194519, 0.2435457855463028, 0.032871417701244354, 0.031430933624506, -0.10294298082590103, 0.9936469793319702, 0.036276232451200485, 0.01721186749637127, -0.010513067245483398, 0.9991382956504822, -0.6171582341194153, 0.36710017919540405, -0.3731722831726074, 0.5874484181404114, -0.12574557960033417, -0.09599365293979645, -0.0009017603006213903, 0.9874069690704346, 0.5246620178222656, -0.7041143178939819, -0.059296295046806335, 0.4748018682003021, 0.1378713697195053, -0.32878854870796204, 0.12232045829296112, 0.9262436628341675, -0.6880857348442078, -0.3273155093193054, 0.29376012086868286, 0.577154815196991, 0.08656927943229675, 0.12532547116279602, 0.15646210312843323, 0.975868284702301, 0.09474115073680878, 0.11226934939622879, -0.013953623361885548, 0.9890525937080383, 0.39390212297439575, 0.25591543316841125, -0.36577993631362915, 0.8034633994102478, -0.12649333477020264, -0.10914791375398636, 0.03812681883573532, 0.9852068424224854, -0.18641690909862518, -0.01805524155497551, 0.0034061057958751917, 0.9822989106178284, 0.13565947115421295, -0.0005947572644799948, -1.3160176948190383e-08, 0.9907553791999817, -0.48164698481559753, 0.002111871261149645, 3.732781195253665e-08, 0.8763628005981445, 0.022660424932837486, 0.8165932893753052, 0.09812566637992859, 0.5683602094650269, 0.5717964172363281, -0.3255684971809387, 0.6087378263473511, 0.44327452778816223, -0.38518378138542175, 0.05903427675366402, -0.00025915238074958324, 0.9209497570991516, 0.49081411957740784, -0.16833627223968506, 0.08738679438829422, 0.8503693342208862, 0.38767459988594055, 0.006723667960613966, 0.0937013179063797, 0.9169968962669373, 0.748559832572937, -0.4862842857837677, 0.19706204533576965, 0.40540388226509094, -0.3982183635234833, -0.03740861639380455, -0.008871819823980331, 0.9164845943450928, 0.5658285617828369, 0.19707229733467102, -0.1783110648393631, 0.7805163264274597, 0.4210318624973297, -0.0037792169023305178, -0.10036175698041916, 0.9014685153961182, -0.5111374258995056, -0.5958333611488342, -0.5578479170799255, 0.26930826902389526, 0.01624431647360325, 0.03667885810136795, -0.08438481390476227, 0.9956254363059998, 0.036371465772390366, 0.018404990434646606, -0.01187093835324049, 0.9990983605384827, -0.6157258749008179, 0.35011839866638184, -0.3689710199832916, 0.6017966270446777, -0.16343186795711517, -0.10499802231788635, 0.001708770520053804, 0.9809498190879822, 0.5220349431037903, -0.7007930278778076, -0.05647166818380356, 0.48288682103157043, 0.13318148255348206, -0.3192029297351837, 0.1043192595243454, 0.9324643015861511, -0.6655594110488892, -0.3464389145374298, 0.3200521767139435, 0.5784266591072083, 0.01921844482421875, 0.1494908332824707, 0.041833434253931046, 0.987690806388855, 0.18745195865631104, 0.25264355540275574, -0.004863286856561899, 0.9492151141166687, 0.39503127336502075, 0.2880576550960541, -0.32166680693626404, 0.8108659386634827, -0.06869610399007797, -0.11491318047046661, 0.050294406712055206, 0.989720344543457, -0.24462632834911346, -0.01334354653954506, 0.014581733383238316, 0.9694159626960754, 0.1356593370437622, -0.0005948315956629813, -3.0084077451419944e-08, 0.9907553791999817, -0.4816471040248871, 0.00211191619746387, 8.05669770898021e-08, 0.8763627409934998, 0.023677503690123558, 0.8319821953773499, 0.06908833235502243, 0.5499743819236755, 0.5350404381752014, -0.3170337378978729, 0.6520441174507141, 0.4336587190628052, -0.37557876110076904, 0.05869283527135849, 0.003524159546941519, 0.9249234199523926, 0.4706103205680847, -0.18343152105808258, 0.07966427505016327, 0.8593791127204895, 0.3893842399120331, 0.006653908174484968, 0.09400368481874466, 0.9162417650222778, 0.7499017119407654, -0.4608905017375946, 0.23340894281864166, 0.4132162928581238, -0.4062916040420532, -0.03841262310743332, -0.007973231375217438, 0.9129009246826172, 0.5680606365203857, 0.19041164219379425, -0.16261638700962067, 0.783968448638916, 0.4207829535007477, -0.0038489464204758406, -0.10029521584510803, 0.9015918374061584, -0.5141088366508484, -0.5867266058921814, -0.5576676726341248, 0.28363853693008423, 0.0029102680273354053, 0.02758626826107502, -0.07477888464927673, 0.9968142509460449, 0.03642965853214264, 0.017323678359389305, -0.012498265132308006, 0.9991078972816467, -0.6197938323020935, 0.3564339280128479, -0.36609551310539246, 0.5956380367279053, -0.184504896402359, -0.13710133731365204, 0.0049283201806247234, 0.9732096195220947, 0.5160000324249268, -0.6935364603996277, -0.05422737076878548, 0.49981051683425903, 0.13611221313476562, -0.31724804639816284, 0.10932128876447678, 0.9321352243423462, -0.6504770517349243, -0.3485521376132965, 0.33303701877593994, 0.5869220495223999, -0.12551766633987427, 0.1236666664481163, 0.0006817331886850297, 0.9843533039093018, 0.30740436911582947, 0.43605101108551025, 0.0061657666228711605, 0.8457683324813843, 0.37532612681388855, 0.33535411953926086, -0.2783280909061432, 0.818047285079956, -0.04117826744914055, -0.08045726269483566, 0.04484506696462631, 0.9948969483375549, -0.26170140504837036, -0.019429447129368782, 0.014589818194508553, 0.9648430347442627, 0.13565942645072937, -0.000594805576838553, -2.1620289558654804e-08, 0.9907553791999817, -0.48164692521095276, 0.0021118950098752975, 2.2383401798720115e-08, 0.8763628005981445, 0.01440105214715004, 0.8675580024719238, 0.03650324419140816, 0.4957854747772217, 0.47381407022476196, -0.3364732563495636, 0.6890615820884705, 0.43298986554145813, -0.3162921071052551, 0.051745377480983734, 0.008914760313928127, 0.9472076296806335, 0.4423982799053192, -0.18171773850917816, 0.09153290838003159, 0.8734323978424072, 0.39191195368766785, 0.0067349509336054325, 0.09424866735935211, 0.9151376485824585, 0.7427052855491638, -0.4370517134666443, 0.29945138096809387, 0.40951624512672424, -0.38944149017333984, -0.03668849915266037, -0.005307577550411224, 0.9203048944473267, 0.5557187795639038, 0.169669970870018, -0.14180128276348114, 0.8014244437217712, 0.4199153184890747, -0.004193778615444899, -0.09997131675481796, 0.9020306468009949, -0.5166962146759033, -0.5740220546722412, -0.5610545873641968, 0.29789504408836365, -0.0062826587818562984, 0.015720047056674957, -0.06829825043678284, 0.9975212812423706, 0.03614990413188934, 0.01437754649668932, -0.012035432271659374, 0.9991704821586609, -0.6189183592796326, 0.36852774024009705, -0.3713439106941223, 0.5858592987060547, -0.1827942430973053, -0.15437494218349457, 0.00776212802156806, 0.9709244966506958, 0.5050013661384583, -0.6792648434638977, -0.0510866641998291, 0.5300594568252563, 0.137740358710289, -0.31956568360328674, 0.1149742379784584, 0.9304226636886597, -0.6565448641777039, -0.36157500743865967, 0.32854631543159485, 0.5746910572052002, -0.24255144596099854, 0.09875775873661041, 0.03537217900156975, 0.9644504189491272, 0.39140069484710693, 0.5663082003593445, 0.01346087921410799, 0.7252029776573181, 0.35357412695884705, 0.39273881912231445, -0.2526407241821289, 0.8105024695396423, -0.031635917723178864, -0.03673237934708595, 0.02630346268415451, 0.9984778761863708, -0.2684798240661621, -0.034912314265966415, 0.002746156184002757, 0.9626485705375671, 0.13565939664840698, -0.0005948118050582707, 2.8666713447478287e-08, 0.9907553791999817, -0.48164692521095276, 0.002111853798851371, 3.8789043088627295e-08, 0.8763628005981445, 0.003140617161989212, 0.8979257345199585, -0.0006248551653698087, 0.4401353895664215, 0.40728795528411865, -0.3629136085510254, 0.7154768109321594, 0.4364667236804962, -0.2280278205871582, 0.04132720082998276, 0.014531037770211697, 0.9726685881614685, 0.40981605648994446, -0.1533816009759903, 0.11653082817792892, 0.8915971517562866, 0.39777758717536926, 0.0067483591847121716, 0.0947880670428276, 0.9125473499298096, 0.7266044020652771, -0.4100033938884735, 0.36023062467575073, 0.4173453450202942, -0.34657716751098633, -0.03204493224620819, -0.0013559488579630852, 0.9374729990959167, 0.5310940146446228, 0.14159157872200012, -0.12045636028051376, 0.8266687989234924, 0.41875723004341125, -0.0045388792641460896, -0.09968841820955276, 0.90259850025177, -0.5233098864555359, -0.5594881772994995, -0.5580781102180481, 0.3188551366329193, -0.015504286624491215, -0.0037231731694191694, -0.05441909283399582, 0.9983908534049988, 0.035240981727838516, 0.009572803042829037, -0.010093593038618565, 0.9992820024490356, -0.6168691515922546, 0.3756433129310608, -0.3779115676879883, 0.5792645215988159, -0.15115661919116974, -0.15092267096042633, 0.02339390106499195, 0.9766405820846558, 0.48732447624206543, -0.6560102701187134, -0.04769356548786163, 0.5743611454963684, 0.14825300872325897, -0.3291324973106384, 0.1366543024778366, 0.9225066304206848, -0.6717067360877991, -0.3857640326023102, 0.3201681673526764, 0.5454251170158386, -0.33154168725013733, 0.06034047529101372, 0.1276179701089859, 0.9328198432922363, 0.4402308464050293, 0.6416495442390442, 0.01754274219274521, 0.6278336048126221, 0.32958173751831055, 0.4456915557384491, -0.22135432064533234, 0.80233234167099, -0.034284088760614395, 0.011451241560280323, 0.00371604785323143, 0.9993395805358887, -0.265985369682312, -0.049658264964818954, -0.010575414635241032, 0.9626390933990479, 0.1356593668460846, -0.0005948023754172027, -5.173741435271495e-09, 0.9907553791999817, -0.48164698481559753, 0.002111854963004589, 7.571833293695818e-08, 0.8763628005981445, -0.0019500987837091088, 0.9122329950332642, -0.035934895277023315, 0.4080880284309387, 0.3485788404941559, -0.3807735741138458, 0.7533446550369263, 0.40740180015563965, -0.1914171576499939, 0.03932073712348938, 0.019225893542170525, 0.9805324077606201, 0.4029831290245056, -0.10421239584684372, 0.10946226865053177, 0.9026418924331665, 0.39329344034194946, 0.009442753158509731, 0.09068454802036285, 0.9148811101913452, 0.7083041667938232, -0.379875123500824, 0.39721980690956116, 0.4429633617401123, -0.304025262594223, -0.02759353257715702, 0.0016094306483864784, 0.9522629380226135, 0.5072090029716492, 0.1171506717801094, -0.0997377410531044, 0.8479782938957214, 0.4178515374660492, -0.004783657379448414, -0.09947597235441208, 0.9030402898788452, -0.5412899255752563, -0.5363209247589111, -0.5473020672798157, 0.3461584448814392, -0.03301690146327019, -0.0357329398393631, -0.024327455088496208, 0.9985195398330688, 0.03243255987763405, 0.002954756375402212, -0.007687032222747803, 0.9994400143623352, -0.6140344738960266, 0.3717128336429596, -0.3846718668937683, 0.5803609490394592, -0.08312326669692993, -0.10835523903369904, 0.05322688817977905, 0.9891999959945679, 0.4575669467449188, -0.6144313812255859, -0.043860748410224915, 0.6412354111671448, 0.17682728171348572, -0.34095174074172974, 0.18541665375232697, 0.9044914245605469, -0.6799188852310181, -0.4127097725868225, 0.31972596049308777, 0.5149332880973816, -0.38409456610679626, 0.0052605909295380116, 0.2272081971168518, 0.8948855400085449, 0.4588146507740021, 0.6660736203193665, 0.02028539776802063, 0.5877274870872498, 0.30730709433555603, 0.48976096510887146, -0.19361189007759094, 0.7925975918769836, -0.04581792652606964, 0.06543132662773132, -0.019849857315421104, 0.9966069459915161, -0.23230817914009094, -0.05650017037987709, -0.022143138572573662, 0.9707473516464233, 0.13565948605537415, -0.0005948814214207232, -3.948052906821431e-08, 0.9907553791999817, -0.48164698481559753, 0.0021118540316820145, -2.756413053361939e-08, 0.8763628005981445, -0.0011358344927430153, 0.9264377951622009, -0.05751165747642517, 0.37202709913253784, 0.3256809115409851, -0.36823779344558716, 0.7790815234184265, 0.3890564441680908, -0.2853069007396698, 0.05293906852602959, 0.023523377254605293, 0.9566839337348938, 0.40890708565711975, -0.16320666670799255, 0.07569915801286697, 0.8946665525436401, 0.4001066982746124, 0.0077738212421536446, 0.09314136207103729, 0.9116901755332947, 0.687358558177948, -0.36678603291511536, 0.4513789117336273, 0.43504396080970764, -0.32041430473327637, -0.0291084386408329, 0.0030257718171924353, 0.9468253254890442, 0.5081132650375366, 0.1025550365447998, -0.10132356733083725, 0.8491389155387878, 0.41693851351737976, -0.004943430423736572, -0.09954368323087692, 0.9034538269042969, -0.5638402104377747, -0.501136839389801, -0.5416312217712402, 0.3709202706813812, -0.05729777365922928, -0.05343220382928848, 0.011105518788099289, 0.9968644380569458, 0.027961457148194313, -0.002026983769610524, -0.007766200229525566, 0.9995768070220947, -0.5995067358016968, 0.3653007447719574, -0.40416577458381653, 0.5863420963287354, 0.0008216148125939071, -0.031269270926713943, 0.05019134655594826, 0.9982496500015259, 0.39218398928642273, -0.5183045864105225, -0.0317121259868145, 0.7593066096305847, 0.19499315321445465, -0.3600683808326721, 0.19641761481761932, 0.8909257054328918, -0.6858367323875427, -0.4175114035606384, 0.31797534227371216, 0.5041863918304443, -0.4121125638484955, -0.03637367859482765, 0.27970483899116516, 0.8663749098777771, 0.4655478000640869, 0.673039436340332, 0.02118001878261566, 0.5743122100830078, 0.2876865267753601, 0.5143027305603027, -0.17438995838165283, 0.7888709306716919, -0.05737534165382385, 0.10520360618829727, -0.04223106801509857, 0.9918956160545349, -0.1846538782119751, -0.04901481047272682, -0.03544401749968529, 0.9809404611587524, 0.13565941154956818, -0.0005947554018348455, -1.1283823653229774e-08, 0.9907553791999817, -0.48164695501327515, 0.0021119059529155493, 7.864079520913947e-08, 0.8763628005981445, -0.0045606354251503944, 0.9428988099098206, -0.07521495223045349, 0.3244437277317047, 0.30782124400138855, -0.35285094380378723, 0.7912085056304932, 0.39335915446281433, -0.3609203100204468, 0.06269144266843796, 0.025808682665228844, 0.9301291108131409, 0.45322391390800476, -0.19615191221237183, 0.03534972667694092, 0.8688284754753113, 0.4192017912864685, 0.0033687048126012087, 0.09954991191625595, 0.9024125337600708, 0.6693916916847229, -0.34812307357788086, 0.5210733413696289, 0.39900827407836914, -0.37550151348114014, -0.03472942113876343, 0.005607261788100004, 0.9261538982391357, 0.5247113108634949, 0.09494134783744812, -0.10840212553739548, 0.8389953374862671, 0.41604307293891907, -0.004850315395742655, -0.10001954436302185, 0.9038145542144775, -0.5753876566886902, -0.47738775610923767, -0.5405418276786804, 0.38580381870269775, -0.06440917402505875, -0.05714702233672142, 0.030131815001368523, 0.9958301782608032, 0.024808207526803017, -0.003727411152794957, -0.009978368878364563, 0.9996354579925537, -0.5843769907951355, 0.3642195463180542, -0.426277220249176, 0.5866305828094482, 0.0708029717206955, 0.034213900566101074, -0.013864508830010891, 0.9968069791793823, 0.294987291097641, -0.37890076637268066, -0.014030414633452892, 0.877051830291748, 0.19364115595817566, -0.3786187767982483, 0.20954151451587677, 0.8804789781570435, -0.6879340410232544, -0.4177629053592682, 0.3203720152378082, 0.49958258867263794, -0.4453105628490448, -0.0636635273694992, 0.305559903383255, 0.8392130732536316, 0.4744472801685333, 0.6848432421684265, 0.022024713456630707, 0.552634060382843, 0.2676061987876892, 0.5318178534507751, -0.16620588302612305, 0.7860867381095886, -0.05710265412926674, 0.12665580213069916, -0.05958201736211777, 0.9885078072547913, -0.1726096123456955, -0.0378810279071331, -0.047915268689394, 0.9830946922302246, 0.1356593668460846, -0.0005947803147137165, -1.034013852319049e-08, 0.9907553791999817, -0.48164698481559753, 0.0021118575241416693, 6.794724072278768e-08, 0.8763628005981445, -0.01036238856613636, 0.9556379914283752, -0.0877431109547615, 0.28098008036613464, 0.2876613140106201, -0.3519892990589142, 0.7867677211761475, 0.41755372285842896, -0.36494916677474976, 0.0628352016210556, 0.02718052640557289, 0.9285069108009338, 0.5213066339492798, -0.20290854573249817, 0.04972095414996147, 0.8274027705192566, 0.4206137955188751, 0.002861177548766136, 0.09960070997476578, 0.9017513990402222, 0.666733980178833, -0.3135291635990143, 0.5728939175605774, 0.3591070771217346, -0.44695374369621277, -0.04290040209889412, 0.008582177571952343, 0.8934866189956665, 0.5519943237304688, 0.09500455111265182, -0.09670130908489227, 0.8227546811103821, 0.41558611392974854, -0.004532575141638517, -0.10059674829244614, 0.9039623737335205, -0.5750176906585693, -0.4713611304759979, -0.5431612730026245, 0.39006325602531433, -0.06298307329416275, -0.05637241527438164, 0.02910514362156391, 0.9959961175918579, 0.023927802219986916, -0.0029766573570668697, -0.012018810957670212, 0.9996370077133179, -0.5761239528656006, 0.36259976029396057, -0.43705156445503235, 0.5878678560256958, 0.08383163064718246, 0.07539650052785873, -0.06371066719293594, 0.9915788769721985, 0.23410245776176453, -0.29386818408966064, -0.0035705226473510265, 0.9267280101776123, 0.18152491748332977, -0.3911367654800415, 0.2409188449382782, 0.8694934844970703, -0.676148533821106, -0.42000076174736023, 0.3358023464679718, 0.5036460161209106, -0.47945350408554077, -0.05445031449198723, 0.3072127401828766, 0.8202316164970398, 0.4838736653327942, 0.6982263922691345, 0.022544484585523605, 0.5271033644676208, 0.2501813471317291, 0.5311806797981262, -0.15794092416763306, 0.7939213514328003, -0.028089076280593872, 0.1295531839132309, -0.06895066797733307, 0.9887733459472656, -0.2051364630460739, -0.023849934339523315, -0.05582473799586296, 0.9768489003181458, 0.1356593817472458, -0.0005947613390162587, 1.1985161307848102e-08, 0.9907553791999817, -0.48164692521095276, 0.0021118521690368652, -6.974057331632366e-09, 0.8763628005981445, -0.011305308900773525, 0.9510982036590576, -0.08867698162794113, 0.29567018151283264, 0.2869413495063782, -0.3529670834541321, 0.757555365562439, 0.46817609667778015, -0.3147508203983307, 0.055552009493112564, 0.02506728284060955, 0.9472156763076782, 0.540466845035553, -0.22117511928081512, 0.09776657074689865, 0.8058652877807617, 0.4051116406917572, 0.0054438672959804535, 0.09513041377067566, 0.909288227558136, 0.6869298815727234, -0.27979421615600586, 0.5572932958602905, 0.3731845021247864, -0.49234774708747864, -0.048320673406124115, 0.008858916349709034, 0.8690111637115479, 0.586456298828125, 0.09330913424491882, -0.0676983892917633, 0.8017352223396301, 0.4162009656429291, -0.004312501754611731, -0.10065652430057526, 0.9036738276481628, -0.5651549100875854, -0.48239123821258545, -0.5451728701591492, 0.3881820738315582, -0.06506062299013138, -0.04653874412178993, 0.017432544380426407, 0.99664306640625, 0.026393597945570946, 0.0007458951440639794, -0.010788332670927048, 0.9995931386947632, -0.5830027461051941, 0.35979682207107544, -0.4248415231704712, 0.5917463898658752, -0.002282464411109686, 0.05333657190203667, 0.0034378129057586193, 0.998568058013916, 0.32753702998161316, -0.42604994773864746, -0.020587248727679253, 0.8430759906768799, 0.16764181852340698, -0.3891388475894928, 0.255649209022522, 0.8689709901809692, -0.6621106266975403, -0.42865270376205444, 0.3481467068195343, 0.506616473197937, -0.47259822487831116, -0.0003685720730572939, 0.2773261070251465, 0.8365052938461304, 0.4876183867454529, 0.7064111232757568, 0.021666746586561203, 0.51258385181427, 0.2488064169883728, 0.503205418586731, -0.1558559536933899, 0.8127660155296326, -0.003411033423617482, 0.09438855201005936, -0.06245999038219452, 0.9935682415962219, -0.2401932030916214, -1.927120320033282e-05, -0.05080709978938103, 0.9693945646286011, 0.13565964996814728, -0.0005947392201051116, -2.8200382029552884e-09, 0.9907553195953369, -0.481646865606308, 0.002111851004883647, 3.301053297377621e-08, 0.8763629198074341, 0.003864581696689129, 0.915920078754425, -0.07827786356210709, 0.39363449811935425, 0.30223843455314636, -0.331759512424469, 0.7149456739425659, 0.5361345410346985, -0.22096401453018188, 0.042005978524684906, 0.019034231081604958, 0.9741909503936768, 0.4848567247390747, -0.20651859045028687, 0.12423782050609589, 0.8407312631607056, 0.4130336046218872, 0.0033749595750123262, 0.09917068481445312, 0.905293881893158, 0.7089025378227234, -0.2630503475666046, 0.4520912170410156, 0.4731545150279999, -0.4759957194328308, -0.046996843069791794, 0.0030666145030409098, 0.8781856894493103, 0.6059412360191345, 0.09100351482629776, -0.034594275057315826, 0.7895295023918152, 0.42730358242988586, -0.002625206485390663, -0.10285768657922745, 0.8982344269752502, -0.5513983964920044, -0.49627140164375305, -0.549148678779602, 0.38485100865364075, -0.06002354249358177, -0.040419645607471466, 0.0062389434315264225, 0.9973587989807129, 0.030438125133514404, 0.009151873178780079, -0.011453045532107353, 0.9994291663169861, -0.6081134676933289, 0.36796167492866516, -0.39341139793395996, 0.5831207036972046, -0.1385939121246338, -0.015254472382366657, -0.04790395870804787, 0.9890724420547485, 0.4412940442562103, -0.5955387353897095, -0.03632231429219246, 0.6702790260314941, 0.11933949589729309, -0.36597904562950134, 0.18833580613136292, 0.9035192728042603, -0.6502797603607178, -0.42175206542015076, 0.35406923294067383, 0.52335125207901, -0.38766205310821533, 0.053233303129673004, 0.20712725818157196, 0.8966507911682129, 0.4857921898365021, 0.713420569896698, 0.014446116983890533, 0.5048052668571472, 0.24311399459838867, 0.4471510350704193, -0.12148488312959671, 0.8521695733070374, -0.016168981790542603, 0.05802133306860924, -0.039308205246925354, 0.9974101185798645, -0.2640160918235779, -0.012143738567829132, -0.037567391991615295, 0.9637098908424377, 0.1356593370437622, -0.0005948207108303905, 1.3633854933914336e-08, 0.9907553791999817, -0.48164698481559753, 0.0021118272561579943, 7.923857481273444e-08, 0.8763628005981445, 0.0118038235232234, 0.8654496073722839, -0.06116633862257004, 0.49710795283317566, 0.32472190260887146, -0.32947903871536255, 0.7127688527107239, 0.5272189974784851, -0.19350458681583405, 0.037496086210012436, 0.016309829428792, 0.980246901512146, 0.44084370136260986, -0.15166951715946198, 0.13026635348796844, 0.8750336766242981, 0.4076573848724365, 0.005075880791991949, 0.09716180711984634, 0.9079368114471436, 0.7212923765182495, -0.2666538655757904, 0.3478027582168579, 0.5363453030586243, -0.46886521577835083, -0.047119833528995514, -0.006138957571238279, 0.8819906115531921, 0.5790692567825317, 0.13177801668643951, -0.00814012996852398, 0.8045167326927185, 0.44994014501571655, 0.0016180933453142643, -0.10887987166643143, 0.8863952159881592, -0.5296316146850586, -0.5099813938140869, -0.565507173538208, 0.37364572286605835, -0.04116557911038399, -0.014024080708622932, -0.01795930229127407, 0.9988924860954285, 0.03281410411000252, 0.02088417112827301, -0.014838519506156445, 0.9991331100463867, -0.6248504519462585, 0.3803807497024536, -0.37477967143058777, 0.5695723295211792, -0.2818109095096588, -0.07370837777853012, -0.145612895488739, 0.9454874992370605, 0.4975907802581787, -0.6734245419502258, -0.044898733496665955, 0.5448732376098633, 0.08618645370006561, -0.3522929549217224, 0.1290508359670639, 0.9229341745376587, -0.6344701051712036, -0.39825519919395447, 0.3638744652271271, 0.553566575050354, -0.24919532239437103, 0.06673875451087952, 0.10072559118270874, 0.9608860611915588, 0.47701162099838257, 0.7047977447509766, 0.008969499729573727, 0.5250139236450195, 0.23727717995643616, 0.3855205178260803, -0.07617112249135971, 0.8884094953536987, -0.056198589503765106, 0.028077607974410057, -0.006095157004892826, 0.9980061650276184, -0.2576366066932678, -0.04860120639204979, -0.01941908523440361, 0.9648233652114868, 0.1356595754623413, -0.0005947931203991175, -2.726404169095531e-08, 0.9907553195953369, -0.48164698481559753, 0.00211194041185081, -4.317273649689923e-09, 0.8763628005981445, 0.0020112842321395874, 0.8066160082817078, -0.04867791011929512, 0.5890645980834961, 0.3718755841255188, -0.32701820135116577, 0.7544549107551575, 0.43077313899993896, -0.3124173879623413, 0.05269734561443329, 0.016027018427848816, 0.948346734046936, 0.4348660111427307, -0.11361685395240784, 0.10827454924583435, 0.8867127299308777, 0.3812029957771301, 0.01075767446309328, 0.08919893205165863, 0.9201152324676514, 0.7272835969924927, -0.29797205328941345, 0.3043002784252167, 0.5382124185562134, -0.49391379952430725, -0.050274867564439774, -0.013992303982377052, 0.8679434657096863, 0.5057446360588074, 0.20018835365772247, -0.0027845092117786407, 0.8391301035881042, 0.4499058425426483, 0.0014884358970448375, -0.10805828869342804, 0.886513352394104, -0.5069369077682495, -0.5342296957969666, -0.5839747786521912, 0.34144851565361023, -0.024770544841885567, 0.04778359830379486, -0.05335007607936859, 0.9971243739128113, 0.03197750449180603, 0.032240431755781174, -0.01729711703956127, 0.9988187551498413, -0.6371474862098694, 0.38412928581237793, -0.36246421933174133, 0.5613444447517395, -0.3692951500415802, -0.09800705313682556, -0.19808024168014526, 0.9026516079902649, 0.5218661427497864, -0.6970725059509277, -0.05260679870843887, 0.48885390162467957, 0.08137091249227524, -0.350249707698822, 0.09609658271074295, 0.9281537532806396, -0.6205538511276245, -0.3714809715747833, 0.37393832206726074, 0.5805902481079102, -0.033873725682497025, 0.046336233615875244, 0.019838465377688408, 0.9981542825698853, 0.43256381154060364, 0.6261997818946838, 0.009788152761757374, 0.6485881209373474, 0.24749143421649933, 0.32006704807281494, -0.04131896421313286, 0.9135632514953613, -0.11984541267156601, -0.010654112324118614, 0.03129920735955238, 0.9922418594360352, -0.20170606672763824, -0.08210716396570206, 0.0009107369696721435, 0.975998044013977, 0.1356593370437622, -0.0005948244943283498, -4.23005674932142e-09, 0.9907553791999817, -0.4816470146179199, 0.0021118682343512774, -1.9793040095805736e-08, 0.8763627409934998, -0.015623294748365879, 0.7547098398208618, -0.04249440133571625, 0.6544946432113647, 0.418941855430603, -0.3125225007534027, 0.7754705548286438, 0.3542073965072632, -0.4876461923122406, 0.07397919148206711, 0.010405889712274075, 0.869839072227478, 0.4287075400352478, -0.145858034491539, 0.07977257668972015, 0.8880155682563782, 0.3842666447162628, 0.006425880361348391, 0.10057090222835541, 0.9177054762840271, 0.7249945998191833, -0.3505983352661133, 0.32090654969215393, 0.49848031997680664, -0.514007031917572, -0.05287906527519226, -0.023789405822753906, 0.8558239936828613, 0.46273186802864075, 0.16846169531345367, -0.05698399245738983, 0.8684772253036499, 0.4197902977466583, -0.0056464155204594135, -0.09711624681949615, 0.9023927450180054, -0.492412805557251, -0.5592393279075623, -0.5951728224754333, 0.30091574788093567, -0.021407820284366608, 0.12463114410638809, -0.08421950787305832, 0.9883905649185181, 0.02825399860739708, 0.03995857387781143, -0.013595209456980228, 0.9987092614173889, -0.6514971852302551, 0.3672826886177063, -0.34826067090034485, 0.5651277303695679, -0.3957231938838959, -0.13256745040416718, -0.22575582563877106, 0.8802632093429565, 0.5297637581825256, -0.7020121812820435, -0.05560775101184845, 0.47269129753112793, 0.08248892426490784, -0.34480908513069153, 0.07095365226268768, 0.9323453903198242, -0.6083841919898987, -0.3541293442249298, 0.38883376121520996, 0.5943647623062134, 0.1902654618024826, -0.014591147191822529, 0.15114463865756989, 0.9699182510375977, 0.2440871149301529, 0.3244170844554901, 0.001988431438803673, 0.9138769507408142, 0.265155166387558, 0.29663771390914917, -0.07231994718313217, 0.91458660364151, -0.16995733976364136, -0.083213672041893, 0.05537010729312897, 0.9803693890571594, -0.1438012570142746, -0.07119698822498322, 0.013998680748045444, 0.9869428873062134, 0.13565951585769653, -0.000594807555899024, -2.6320353896380766e-08, 0.9907553791999817, -0.48164695501327515, 0.0021119029261171818, -2.6634255689828024e-08, 0.8763628005981445, -0.021220136433839798, 0.7004016637802124, -0.0450248122215271, 0.7120112180709839, 0.40958669781684875, -0.3289780020713806, 0.7741570472717285, 0.3531191349029541, -0.5285192728042603, 0.07896381616592407, 0.015971511602401733, 0.8450899720191956, 0.44464176893234253, -0.13464254140853882, 0.10062609612941742, 0.8797951340675354, 0.42778658866882324, -0.005385654512792826, 0.12197704613208771, 0.8955954909324646, 0.730305552482605, -0.3718920946121216, 0.28323036432266235, 0.49812719225883484, -0.4337926208972931, -0.04575686529278755, -0.03195035457611084, 0.8992827534675598, 0.4911908209323883, 0.06720121949911118, -0.148113414645195, 0.8557324409484863, 0.44730907678604126, 0.002164296805858612, -0.11242743581533432, 0.8872823715209961, -0.48374664783477783, -0.5634959936141968, -0.5916609168052673, 0.31368589401245117, -0.029193077236413956, 0.13798798620700836, -0.08212313801050186, 0.9865915775299072, 0.02766399458050728, 0.04115430638194084, -0.010507841594517231, 0.9987145066261292, -0.6477311849594116, 0.370138555765152, -0.3547649681568146, 0.5635455846786499, -0.3832734227180481, -0.20436906814575195, -0.2505391836166382, 0.8651964664459229, 0.5263561010360718, -0.6979116201400757, -0.050202518701553345, 0.48306143283843994, 0.06255269795656204, -0.3309061527252197, 0.015362177975475788, 0.9414628744125366, -0.60103440284729, -0.35250046849250793, 0.3967253267765045, 0.5975869297981262, 0.2150004804134369, -0.02667117677628994, 0.30611294507980347, 0.9270157814025879, 0.12350010871887207, 0.14740999042987823, -0.009610364213585854, 0.9812877774238586, 0.24074673652648926, 0.32276222109794617, -0.0971740111708641, 0.9101773500442505, -0.13871066272258759, -0.10761847347021103, 0.055580221116542816, 0.9828979969024658, -0.1790752410888672, -0.07933714240789413, 0.011646933853626251, 0.980562150478363, 0.13565944135189056, -0.0005948080215603113, 9.400126010916665e-09, 0.9907553791999817, -0.48164698481559753, 0.0021118486765772104, -3.075227184012874e-08, 0.8763628005981445, -0.012029308825731277, 0.6410972476005554, -0.05257658660411835, 0.765562117099762, 0.3808506429195404, -0.3415411412715912, 0.7704722881317139, 0.3803615868091583, -0.4747782051563263, 0.07194872200489044, 0.018670203164219856, 0.8769609332084656, 0.49285680055618286, -0.16332876682281494, 0.12540793418884277, 0.8453927040100098, 0.4475822448730469, -0.007384651806205511, 0.12102743238210678, 0.8859841823577881, 0.7270093560218811, -0.39155834913253784, 0.26093557476997375, 0.5000520944595337, -0.3419061005115509, -0.0357985682785511, -0.024958772584795952, 0.9387202858924866, 0.4906855821609497, 0.10715826600790024, -0.17554426193237305, 0.846716582775116, 0.46813663840293884, 0.012877422384917736, -0.13273541629314423, 0.87353515625, -0.48278480768203735, -0.5610203742980957, -0.5802987813949585, 0.3397473692893982, -0.025052368640899658, 0.12312769144773483, -0.06458845734596252, 0.9899698495864868, 0.030964823439717293, 0.039065420627593994, -0.011021943762898445, 0.998695969581604, -0.6422144174575806, 0.376706600189209, -0.35642772912979126, 0.5644572973251343, -0.35030338168144226, -0.23938634991645813, -0.22093665599822998, 0.878162145614624, 0.5220142602920532, -0.6961972713470459, -0.044092223048210144, 0.49078139662742615, 0.04999244213104248, -0.3069538176059723, -0.02511558122932911, 0.9500786066055298, -0.6078042387962341, -0.35588663816452026, 0.3888310492038727, 0.5939101576805115, 0.1186537817120552, -0.02870587632060051, 0.193256676197052, 0.9735240936279297, 0.21289847791194916, 0.28745415806770325, -0.0066819386556744576, 0.9338092803955078, 0.24975921213626862, 0.3125338554382324, 0.04905009642243385, 0.9151704907417297, -0.1122608482837677, -0.09015275537967682, 0.05301818251609802, 0.9881594181060791, -0.1961173564195633, -0.09811507910490036, 0.009160918183624744, 0.9756165146827698, 0.13565944135189056, -0.0005948175094090402, 2.6320353896380766e-08, 0.9907553791999817, -0.48164695501327515, 0.002111845649778843, -2.988881675491939e-08, 0.8763628005981445, -0.006872335448861122, 0.6033918857574463, -0.07201571762561798, 0.7941566109657288, 0.3617843687534332, -0.3388073146343231, 0.7664254903793335, 0.40855079889297485, -0.3797793686389923, 0.058940768241882324, 0.01746307499706745, 0.9230323433876038, 0.5194545388221741, -0.18665021657943726, 0.14977523684501648, 0.820302426815033, 0.40210971236228943, 0.005021226592361927, 0.09653406590223312, 0.9104744791984558, 0.7087960243225098, -0.4093386232852936, 0.31500035524368286, 0.4804424047470093, -0.3556573688983917, -0.035176150500774384, -0.02463715337216854, 0.9336292147636414, 0.46992483735084534, 0.17289482057094574, -0.19077040255069733, 0.8443250060081482, 0.49324461817741394, 0.020567070692777634, -0.14373186230659485, 0.8576875329017639, -0.4871392846107483, -0.5514140129089355, -0.5729784369468689, 0.3610175848007202, -0.01685650646686554, 0.09341564774513245, -0.0471632182598114, 0.9943666458129883, 0.03342153877019882, 0.0348888598382473, -0.011052113026380539, 0.998771071434021, -0.633557140827179, 0.37811073660850525, -0.35940036177635193, 0.571374773979187, -0.27649468183517456, -0.28956958651542664, -0.14240196347236633, 0.9052192568778992, 0.5156915783882141, -0.6903084516525269, -0.0365520603954792, 0.5061625242233276, 0.05027903616428375, -0.27611494064331055, -0.06359990686178207, 0.957699179649353, -0.6111041307449341, -0.35302695631980896, 0.38149672746658325, 0.596979022026062, -0.015613935887813568, -0.061708129942417145, 0.10314060002565384, 0.9926280379295349, 0.329384982585907, 0.46920323371887207, -0.005378368776291609, 0.8193442225456238, 0.21460950374603271, 0.3113991320133209, 0.2052418291568756, 0.9026899933815002, -0.09648419171571732, -0.05052632465958595, 0.04475463926792145, 0.9930432438850403, -0.18717598915100098, -0.11757113039493561, 0.004790849983692169, 0.9752534031867981, 0.13565945625305176, -0.0005948061589151621, -9.436845749277722e-10, 0.9907553791999817, -0.48164692521095276, 0.0021118386648595333, -5.360061194892296e-08, 0.8763628005981445, 0.004211860708892345, 0.6112034916877747, -0.08101154118776321, 0.7873053550720215, 0.3218207359313965, -0.35923779010772705, 0.7577136754989624, 0.43960171937942505, -0.26637357473373413, 0.04556756839156151, 0.018529091030359268, 0.9626138806343079, 0.4711636006832123, -0.1603805124759674, 0.15664656460285187, 0.853079617023468, 0.4058661162853241, 0.005100731272250414, 0.09671885520219803, 0.9087860584259033, 0.7100493907928467, -0.37995070219039917, 0.37495505809783936, 0.45921236276626587, -0.4323703646659851, -0.04361942037940025, -0.023963088169693947, 0.9003216028213501, 0.43005985021591187, 0.14187565445899963, -0.16588075459003448, 0.8760156631469727, 0.5109904408454895, 0.021990716457366943, -0.14209312200546265, 0.847475528717041, -0.4972066581249237, -0.5381149053573608, -0.576107919216156, 0.36237773299217224, -0.026839371770620346, 0.06889283657073975, -0.04460928216576576, 0.9962647557258606, 0.03299568220973015, 0.028652843087911606, -0.009638275019824505, 0.99899822473526, -0.621159553527832, 0.35624974966049194, -0.3643798828125, 0.595377504825592, -0.16010542213916779, -0.33110013604164124, -0.048397477716207504, 0.9286531209945679, 0.5013440847396851, -0.672022819519043, -0.03652922436594963, 0.5437877178192139, 0.08154819160699844, -0.24121564626693726, -0.06128104403614998, 0.9650956392288208, -0.6158923506736755, -0.3645263612270355, 0.38050276041030884, 0.5856747031211853, -0.18103209137916565, -0.0647987574338913, 0.08804859966039658, 0.977382242679596, 0.415208101272583, 0.6037638783454895, -0.01350133866071701, 0.6803594827651978, 0.15558579564094543, 0.3478054404258728, 0.28274357318878174, 0.8802729845046997, -0.09028463065624237, -0.0023241019807755947, 0.035180192440748215, 0.9952917098999023, -0.18746976554393768, -0.14123161137104034, 0.0011990915518254042, 0.972063422203064, 0.1356595754623413, -0.0005948098842054605, -5.640075961821367e-09, 0.9907553791999817, -0.48164692521095276, 0.002111957874149084, -1.873032573485034e-08, 0.8763628005981445, 0.03345397859811783, 0.6553059220314026, -0.10183347761631012, 0.7477198243141174, 0.2578476071357727, -0.3720349669456482, 0.7589228749275208, 0.46812471747398376, -0.21905182301998138, 0.04096616059541702, 0.01916525885462761, 0.9746643900871277, 0.4345245063304901, -0.13214339315891266, 0.13942888379096985, 0.8799353241920471, 0.4026203751564026, 0.006733953021466732, 0.09449151903390884, 0.9104520082473755, 0.6987361907958984, -0.3421681821346283, 0.4808652698993683, 0.4042985141277313, -0.4960956573486328, -0.04973803460597992, -0.013820416294038296, 0.8667319416999817, 0.38935768604278564, 0.10680870711803436, -0.12822742760181427, 0.9058422446250916, 0.42814555764198303, -0.0006825382588431239, -0.10830506682395935, 0.8971961736679077, -0.5252888798713684, -0.520389199256897, -0.5649346709251404, 0.3662180006504059, -0.023755429312586784, 0.020565103739500046, -0.02643788792192936, 0.9991565942764282, 0.03420327976346016, 0.017607660964131355, -0.008310996927320957, 0.9992251992225647, -0.6168959736824036, 0.3499051034450531, -0.36203935742378235, 0.6049242615699768, 0.03231427073478699, -0.29846397042274475, -0.028576193377375603, 0.9534456133842468, 0.438382625579834, -0.5824126601219177, -0.02972770668566227, 0.6839096546173096, 0.14103807508945465, -0.20109592378139496, 0.011595841497182846, 0.9692957401275635, -0.6379486322402954, -0.36294373869895935, 0.35430648922920227, 0.5794483423233032, -0.3264307677745819, -0.04549361765384674, 0.20126110315322876, 0.9224246740341187, 0.4567159116268158, 0.6677788496017456, -0.017835143953561783, 0.5875065326690674, 0.11795076727867126, 0.3800368010997772, 0.3271659016609192, 0.8571010231971741, -0.13018584251403809, 0.09298862516880035, -0.0021215942688286304, 0.9871171712875366, -0.13463541865348816, -0.1982956975698471, -0.025584731251001358, 0.9705140590667725, 0.13565942645072937, -0.0005948174512013793, -3.384045399457136e-08, 0.9907553791999817, -0.48164698481559753, 0.0021118842996656895, -4.749000837023232e-08, 0.8763628005981445, 0.05697545409202576, 0.6912524104118347, -0.11888539791107178, 0.7104858756065369, 0.22328194975852966, -0.36663323640823364, 0.771622359752655, 0.46938708424568176, -0.28415152430534363, 0.05091491714119911, 0.022209905087947845, 0.9571688771247864, 0.4401065409183502, -0.16068844497203827, 0.10234954953193665, 0.8775021433830261, 0.39554262161254883, 0.008212439715862274, 0.09192608296871185, 0.9137987494468689, 0.6788051128387451, -0.3200531303882599, 0.5567916035652161, 0.3560515344142914, -0.43274781107902527, -0.04155638441443443, -0.0031174453906714916, 0.9005513191223145, 0.3482767641544342, 0.051023248583078384, -0.13335157930850983, 0.9264541864395142, 0.3908577859401703, -0.010967636480927467, -0.09189945459365845, 0.9157862067222595, -0.5589851140975952, -0.4783456027507782, -0.5539069175720215, 0.3897542953491211, -0.027607522904872894, -0.051321692764759064, 0.01071750558912754, 0.998242974281311, 0.03136708587408066, 0.005078557878732681, -0.009686260484158993, 0.9994480609893799, -0.5980544686317444, 0.35258445143699646, -0.3916938006877899, 0.6038137674331665, 0.21371640264987946, -0.21475078165531158, -0.11001955717802048, 0.9466272592544556, 0.2811237573623657, -0.35601961612701416, -0.007768022827804089, 0.8911560773849487, 0.17768420279026031, -0.20169752836227417, 0.1722618192434311, 0.9476667642593384, -0.6541299223899841, -0.37008747458457947, 0.3404000401496887, 0.5650461912155151, -0.41156795620918274, -0.031453534960746765, 0.29902711510658264, 0.8603518605232239, 0.4774605631828308, 0.6928756833076477, -0.015708522871136665, 0.5400999784469604, 0.08748238533735275, 0.40890252590179443, 0.33038291335105896, 0.8461635112762451, -0.13523240387439728, 0.18668878078460693, -0.04523947834968567, 0.972014844417572, -0.10465516149997711, -0.2392854392528534, -0.054678451269865036, 0.963742733001709, 0.13565939664840698, -0.0005948320613242686, -5.640075961821367e-09, 0.9907553791999817, -0.48164692521095276, 0.002111899433657527, -3.772632695131506e-08, 0.8763628005981445, 0.07682052999734879, 0.7195407748222351, -0.12821312248706818, 0.6781747937202454, 0.18221122026443481, -0.38129478693008423, 0.7864760756492615, 0.4504096210002899, -0.32212066650390625, 0.05680255591869354, 0.026031652465462685, 0.9446343779563904, 0.46807509660720825, -0.20736649632453918, 0.07568904757499695, 0.8556728959083557, 0.40217095613479614, 0.004433121532201767, 0.09427106380462646, 0.9106875658035278, 0.6486025452613831, -0.34056317806243896, 0.5997848510742188, 0.3218534588813782, -0.26520663499832153, -0.02094849944114685, 0.006525018252432346, 0.9639419317245483, 0.2685224711894989, -0.001969448756426573, -0.14125347137451172, 0.9528584480285645, 0.37893247604370117, -0.014395338483154774, -0.0868980661034584, 0.9212229251861572, -0.5867741107940674, -0.4321390688419342, -0.5361055731773376, 0.42607852816581726, -0.05375087261199951, -0.10920704901218414, 0.0580156184732914, 0.9908677339553833, 0.024475090205669403, -0.004261913243681192, -0.013207891955971718, 0.9996041059494019, -0.5742694139480591, 0.3497367203235626, -0.43126705288887024, 0.6015875935554504, 0.3094215989112854, -0.104445680975914, -0.25089430809020996, 0.911263644695282, 0.07703234255313873, -0.06707906723022461, 0.026717761531472206, 0.9944106936454773, 0.14116396009922028, -0.23473066091537476, 0.34332478046417236, 0.8983887434005737, -0.6449979543685913, -0.38794147968292236, 0.36209723353385925, 0.5498770475387573, -0.4632130563259125, 0.005085106007754803, 0.34378957748413086, 0.8168332576751709, 0.48511233925819397, 0.6932135820388794, -0.012463388033211231, 0.5328842997550964, 0.05222557857632637, 0.43127304315567017, 0.3295053243637085, 0.8382734060287476, -0.09665985405445099, 0.2128545194864273, -0.06740360707044601, 0.9699518084526062, -0.14322754740715027, -0.20586222410202026, -0.06704723089933395, 0.9657180309295654, 0.13565954566001892, -0.0005948269390501082, 7.013375991071769e-10, 0.9907553195953369, -0.48164692521095276, 0.002111918292939663, -1.3815275146100703e-08, 0.8763628005981445, 0.09438271820545197, 0.7430968880653381, -0.13537141680717468, 0.6485164165496826, 0.10688308626413345, -0.4248693287372589, 0.7753295302391052, 0.4548914432525635, -0.21420158445835114, 0.043648261576890945, 0.025629252195358276, 0.9754771590232849, 0.5032297372817993, -0.20747873187065125, 0.11285117268562317, 0.8312502503395081, 0.4127112925052643, -0.008556557819247246, 0.09909029304981232, 0.9054155349731445, 0.5995239019393921, -0.38259968161582947, 0.6422068476676941, 0.2859353721141815, -0.19254186749458313, -0.009749412536621094, 0.012120469473302364, 0.9811654686927795, 0.22454272210597992, 0.05996300280094147, -0.17727142572402954, 0.9563262462615967, 0.3957381248474121, -0.00880472082644701, -0.09595310688018799, 0.9132944941520691, -0.605090856552124, -0.41727039217948914, -0.5103247165679932, 0.4464518427848816, -0.08191660791635513, -0.10923739522695541, 0.09007852524518967, 0.9865306615829468, 0.020877499133348465, -0.006463864352554083, -0.0126343397423625, 0.999681293964386, -0.5821009278297424, 0.36856958270072937, -0.43516460061073303, 0.579609215259552, 0.2698657512664795, -0.07425256818532944, -0.20690371096134186, 0.9374698996543884, 0.10581231862306595, -0.11063889414072037, 0.02220301702618599, 0.9879624247550964, 0.15628042817115784, -0.2502961754798889, 0.3223654627799988, 0.8994491696357727, -0.6341415047645569, -0.40539854764938354, 0.3809739947319031, 0.5370060205459595, -0.49359872937202454, 0.030801547691226006, 0.3288573920726776, 0.8045274019241333, 0.4890138804912567, 0.6922444105148315, -0.009708446450531483, 0.5306306481361389, 0.025766391307115555, 0.4547273516654968, 0.3105522394180298, 0.8343359231948853, -0.08033859729766846, 0.18074385821819305, -0.07037819921970367, 0.9777138233184814, -0.17561054229736328, -0.1514061838388443, -0.06645163148641586, 0.9704747796058655, 0.13565945625305176, -0.0005948155885562301, -2.068027704638098e-08, 0.9907553791999817, -0.48164695501327515, 0.0021119040902704, 3.088511135729277e-08, 0.8763628005981445, 0.08852977305650711, 0.7420650720596313, -0.1322086900472641, 0.6511703729629517, 0.08039568364620209, -0.43685945868492126, 0.757934033870697, 0.47773048281669617, -0.13979700207710266, 0.03372335433959961, 0.023251421749591827, 0.9893325567245483, 0.48863789439201355, -0.21671129763126373, 0.15319502353668213, 0.8311440944671631, 0.40808483958244324, -0.014460018835961819, 0.0995519831776619, 0.9073847532272339, 0.6164218783378601, -0.3276287615299225, 0.6434292197227478, 0.3141372501850128, -0.25875094532966614, -0.018261341378092766, 0.011104326695203781, 0.9657076001167297, 0.3281291425228119, 0.07438987493515015, -0.1713165044784546, 0.9259849190711975, 0.3977075517177582, -0.008185166865587234, -0.0960967168211937, 0.9124292731285095, -0.6013287305831909, -0.4305463135242462, -0.5087458491325378, 0.4406942129135132, -0.07074237614870071, -0.07605285942554474, 0.08339765667915344, 0.9910885095596313, 0.02409764565527439, -0.0032744903583079576, -0.010096427984535694, 0.9996532797813416, -0.6014764904975891, 0.34218260645866394, -0.40123268961906433, 0.6001245975494385, 0.13100600242614746, -0.08773770183324814, -0.13240894675254822, 0.9785742163658142, 0.24071867763996124, -0.3081512749195099, 0.0017574342200532556, 0.920377254486084, 0.16617105901241302, -0.26797306537628174, 0.18857444822788239, 0.9300630688667297, -0.6277679204940796, -0.41414397954940796, 0.3840863108634949, 0.5356024503707886, -0.47937697172164917, 0.02470681071281433, 0.2837446630001068, 0.8301061987876892, 0.49377596378326416, 0.7061854004859924, -0.01227746531367302, 0.5072837471961975, 0.010232730768620968, 0.46517831087112427, 0.29383227229118347, 0.8349653482437134, -0.08714991807937622, 0.131886824965477, -0.05363425612449646, 0.9859686493873596, -0.1799897700548172, -0.13261613249778748, -0.0544268898665905, 0.9731672406196594, 0.13565953075885773, -0.0005948503385297954, -2.8200379809106835e-09, 0.9907553791999817, -0.48164698481559753, 0.0021118957083672285, -3.825768501997118e-08, 0.8763628005981445, 0.08506374061107635, 0.7240734100341797, -0.12479985505342484, 0.6729835271835327, 0.07647048681974411, -0.42232009768486023, 0.757972240447998, 0.4911985993385315, -0.09178651869297028, 0.026855096220970154, 0.02039145864546299, 0.9952076077461243, 0.4362412393093109, -0.18508732318878174, 0.16686871647834778, 0.8646335005760193, 0.4124526083469391, -0.012380566447973251, 0.10080929100513458, 0.9052994251251221, 0.6300980448722839, -0.2843487858772278, 0.6348826289176941, 0.3450309634208679, -0.3007809519767761, -0.02432866394519806, 0.0090953903272748, 0.9533395171165466, 0.3698062002658844, 0.06097470596432686, -0.14578334987163544, 0.9155723452568054, 0.4050075113773346, -0.007204918190836906, -0.09731408953666687, 0.9090912938117981, -0.5891147255897522, -0.4373559355735779, -0.5260915756225586, 0.4299900233745575, -0.0651407241821289, -0.05634550750255585, 0.06424122303724289, 0.9942107200622559, 0.02676275745034218, 0.003998945467174053, -0.009981736540794373, 0.9995840191841125, -0.612716555595398, 0.32919779419898987, -0.38045814633369446, 0.609474241733551, -0.035562917590141296, -0.13453322649002075, -0.10466517508029938, 0.9847239851951599, 0.3317432701587677, -0.4455034136772156, -0.009000427089631557, 0.8314999341964722, 0.13989242911338806, -0.2841583490371704, 0.14131362736225128, 0.9379310011863708, -0.609806478023529, -0.4147016108036041, 0.3984032869338989, 0.5453747510910034, -0.40006762742996216, 0.07312951982021332, 0.20710232853889465, 0.8897789716720581, 0.4953908324241638, 0.7196019291877747, -0.01691463589668274, 0.48628684878349304, 0.006770713720470667, 0.4461359977722168, 0.30376651883125305, 0.8418092131614685, -0.06484106183052063, 0.08022814244031906, -0.03197462856769562, 0.9941512942314148, -0.20961160957813263, -0.11876180768013, -0.04090486466884613, 0.9696831703186035, 0.13565951585769653, -0.0005948325269855559, -2.2567649082816388e-08, 0.9907553195953369, -0.481646865606308, 0.002111900132149458, -1.640563951355034e-08, 0.8763628602027893, 0.07474792003631592, 0.6805726289749146, -0.10911380499601364, 0.7206440567970276, 0.10983309894800186, -0.40914487838745117, 0.7673002481460571, 0.4814431965351105, -0.044727832078933716, 0.020643265917897224, 0.01751275733113289, 0.9986323714256287, 0.3636789321899414, -0.1196860820055008, 0.15320181846618652, 0.9110115766525269, 0.4166254997253418, -0.006158689968287945, 0.10073323547840118, 0.9034589529037476, 0.6545538306236267, -0.25604093074798584, 0.5862218737602234, 0.40292221307754517, -0.28722044825553894, -0.02470766194164753, 0.0042724767699837685, 0.9575362801551819, 0.3793468773365021, 0.029730230569839478, -0.11066610366106033, 0.9181312918663025, 0.4074459671974182, -0.007997133769094944, -0.09580681473016739, 0.9081546664237976, -0.5747363567352295, -0.4435012936592102, -0.5465359091758728, 0.4174724817276001, -0.05542001128196716, -0.025844134390354156, 0.04643145948648453, 0.9970480799674988, 0.027840666472911835, 0.015183358453214169, -0.012066565454006195, 0.9994242191314697, -0.626907467842102, 0.3351772427558899, -0.36473047733306885, 0.6013442873954773, -0.22187845408916473, -0.18534982204437256, -0.11838457733392715, 0.9499476552009583, 0.4090697765350342, -0.556307852268219, -0.020710809156298637, 0.723017692565918, 0.11059919744729996, -0.29438158869743347, 0.111036516726017, 0.9427503347396851, -0.5977758169174194, -0.40733078122138977, 0.40714994072914124, 0.5576510429382324, -0.27062880992889404, 0.0955401286482811, 0.07645440101623535, 0.9548752903938293, 0.492587149143219, 0.723778247833252, -0.018175659701228142, 0.4828795790672302, 0.035040631890296936, 0.4058656394481659, 0.3166775405406952, 0.8565982580184937, -0.08074123412370682, 0.0328625850379467, -0.010561509989202023, 0.996137261390686, -0.19809119403362274, -0.1315978318452835, -0.031588610261678696, 0.9707955718040466, 0.13565939664840698, -0.0005948207690380514, -1.0575141651258946e-08, 0.9907553791999817, -0.48164692521095276, 0.002111883834004402, -1.514366765320574e-08, 0.8763628602027893, 0.04880964383482933, 0.6040508151054382, -0.08454006910324097, 0.790944516658783, 0.22685173153877258, -0.38265106081962585, 0.7653848528862, 0.4650833308696747, -0.07397641241550446, 0.023437540978193283, 0.01624039001762867, 0.9968522787094116, 0.36477187275886536, -0.09061190485954285, 0.13105158507823944, 0.9173638224601746, 0.4106627404689789, 0.001425212831236422, 0.0973280668258667, 0.9065766930580139, 0.695482075214386, -0.24845817685127258, 0.5054476261138916, 0.4462015628814697, -0.2336619645357132, -0.021403873339295387, -5.986737505736528e-06, 0.9720823168754578, 0.35850989818573, 0.031521961092948914, -0.09822266548871994, 0.9278088808059692, 0.40840592980384827, -0.008751771412789822, -0.09433846175670624, 0.9078701734542847, -0.5644996762275696, -0.46235957741737366, -0.5618573427200317, 0.3897181451320648, -0.03713469207286835, 0.03219672664999962, 0.026841914281249046, 0.9984307289123535, 0.02593900077044964, 0.027887005358934402, -0.01403635274618864, 0.9991759061813354, -0.6569091081619263, 0.3517921566963196, -0.3414314091205597, 0.5728327631950378, -0.3183194398880005, -0.18214061856269836, -0.199924036860466, 0.9085856676101685, 0.4581235647201538, -0.6167541742324829, -0.035134512931108475, 0.6391421556472778, 0.1107766404747963, -0.3003270924091339, 0.1106739267706871, 0.9408950209617615, -0.5977201461791992, -0.397125244140625, 0.4078139364719391, 0.5645440220832825, -0.04394116252660751, 0.027907945215702057, -0.008250927552580833, 0.9986101984977722, 0.4563172459602356, 0.6632317304611206, -0.013969282619655132, 0.5930456519126892, 0.10370117425918579, 0.3539554178714752, 0.32050585746765137, 0.872489333152771, -0.14764808118343353, -0.016757572069764137, 0.017976608127355576, 0.9887346029281616, -0.12892486155033112, -0.16094733774662018, -0.02132517285645008, 0.9782738089561462, 0.1356595754623413, -0.0005948182079009712, -1.3160178724547222e-08, 0.9907553195953369, -0.48164695501327515, 0.0021118889562785625, -2.8693264653156803e-08, 0.8763628005981445, 0.032071735709905624, 0.5374165773391724, -0.0602579191327095, 0.8405497074127197, 0.30387234687805176, -0.376322478055954, 0.754669725894928, 0.4433020055294037, -0.16684037446975708, 0.03355909511446953, 0.015864171087741852, 0.9852849841117859, 0.39318352937698364, -0.08976836502552032, 0.1251598447561264, 0.9064675569534302, 0.4065241813659668, 0.005583163816481829, 0.09596690535545349, 0.908568799495697, 0.7100092768669128, -0.3055236041545868, 0.4725553095340729, 0.4233599603176117, -0.23173491656780243, -0.022516556084156036, -0.004322145599871874, 0.9725087881088257, 0.33696961402893066, 0.12995244562625885, -0.1192433089017868, 0.9248486161231995, 0.41271016001701355, -0.006973692215979099, -0.0971045196056366, 0.9056447744369507, -0.5419545769691467, -0.49673768877983093, -0.5797862410545349, 0.3512619733810425, -0.04163333773612976, 0.08345849812030792, -0.01462329737842083, 0.99553382396698, 0.02187834121286869, 0.03374951332807541, -0.01133409608155489, 0.9991265535354614, -0.6669907569885254, 0.3428620994091034, -0.33278343081474304, 0.5716853737831116, -0.35291793942451477, -0.1656172275543213, -0.24820025265216827, 0.8868013024330139, 0.47752752900123596, -0.6397269368171692, -0.0380454882979393, 0.6010570526123047, 0.0966729149222374, -0.305326372385025, 0.08452152460813522, 0.9435498714447021, -0.6027676463127136, -0.3969832956790924, 0.40885621309280396, 0.5584909319877625, 0.16561704874038696, -0.07289375364780426, 0.19107778370380402, 0.964752197265625, 0.2844969928264618, 0.39973899722099304, -0.011010339483618736, 0.8712915182113647, 0.22146031260490417, 0.34606900811195374, 0.24090538918972015, 0.8792929649353027, -0.18239235877990723, -0.10155535489320755, 0.047123659402132034, 0.9768310189247131, -0.08813611418008804, -0.12265478819608688, -0.0006094540003687143, 0.9885279536247253, 0.1356593668460846, -0.0005948061589151621, 1.5036530243150992e-08, 0.9907553791999817, -0.48164692521095276, 0.0021118626464158297, -1.9195262268567603e-08, 0.8763628005981445, 0.037006136029958725, 0.4778016209602356, -0.044935908168554306, 0.8765369057655334, 0.31415265798568726, -0.36213111877441406, 0.7635515928268433, 0.43261778354644775, -0.2656317353248596, 0.04555165395140648, 0.01567750982940197, 0.962870180606842, 0.42213353514671326, -0.10072068125009537, 0.12185869365930557, 0.8926416039466858, 0.4069576561450958, 0.005815306678414345, 0.09647482633590698, 0.9083194732666016, 0.691413402557373, -0.38581788539886475, 0.45584607124328613, 0.4065665900707245, -0.23511655628681183, -0.023152079433202744, -0.00567993288859725, 0.9716747999191284, 0.36167725920677185, 0.1557140350341797, -0.11567471921443939, 0.9119002819061279, 0.42925044894218445, -0.0032245060428977013, -0.10291026532649994, 0.8972976803779602, -0.5160582661628723, -0.5221709609031677, -0.5898594856262207, 0.3362843096256256, -0.04863736778497696, 0.0931558758020401, -0.046667858958244324, 0.9933672547340393, 0.021778510883450508, 0.03407076373696327, -0.008355884812772274, 0.9991471767425537, -0.6583043336868286, 0.3392771780490875, -0.3431088924407959, 0.5777566432952881, -0.3568289875984192, -0.1969774067401886, -0.2916747033596039, 0.8653316497802734, 0.4833955764770508, -0.6480061411857605, -0.03639528155326843, 0.5874453783035278, 0.08878650516271591, -0.3154396116733551, 0.057943303138017654, 0.9430044889450073, -0.6070058345794678, -0.40546658635139465, 0.41040268540382385, 0.5465441942214966, 0.21695207059383392, -0.1361209601163864, 0.3238846957683563, 0.9107698202133179, 0.15888257324695587, 0.2092701643705368, -0.011278304271399975, 0.9647979736328125, 0.2895832061767578, 0.35214319825172424, 0.17928028106689453, 0.8717770576477051, -0.1747424155473709, -0.1413011997938156, 0.06137344241142273, 0.97248774766922, -0.11145959049463272, -0.1061917170882225, 0.010786399245262146, 0.9880200624465942, 0.1356596052646637, -0.0005947629688307643, -1.1280151923642734e-08, 0.9907553791999817, -0.4816468060016632, 0.002111851703375578, -2.975597368504168e-08, 0.8763629198074341, 0.05098150297999382, 0.4088863432407379, -0.030165793374180794, 0.9106606841087341, 0.30330368876457214, -0.3324665129184723, 0.7670224905014038, 0.4573286175727844, -0.3577516973018646, 0.05681132897734642, 0.013517827726900578, 0.9319890141487122, 0.4430219233036041, -0.13091830909252167, 0.11307555437088013, 0.8796623945236206, 0.40997785329818726, 0.004523236770182848, 0.0984787568449974, 0.9067522287368774, 0.6662840247154236, -0.45300471782684326, 0.4255800247192383, 0.4119878113269806, -0.2387818992137909, -0.023051626980304718, -0.006368293426930904, 0.9707787036895752, 0.40462735295295715, 0.16531911492347717, -0.13087570667266846, 0.8898414969444275, 0.4345458149909973, -0.002114181872457266, -0.1042940691113472, 0.89458829164505, -0.5059029459953308, -0.5220974683761597, -0.5911428332328796, 0.3493231236934662, -0.047681234776973724, 0.06906850636005402, -0.047166500240564346, 0.995354950428009, 0.025977814570069313, 0.03140386566519737, -0.008367305621504784, 0.9991341233253479, -0.6447797417640686, 0.3478621542453766, -0.35543113946914673, 0.5804478526115417, -0.3302895724773407, -0.21690350770950317, -0.2953222692012787, 0.8698542714118958, 0.4799373745918274, -0.6480924487113953, -0.03288957476615906, 0.5903850793838501, 0.08362846076488495, -0.32239067554473877, 0.05429341644048691, 0.9413409233093262, -0.606574296951294, -0.4026029109954834, 0.40802985429763794, 0.5508994460105896, 0.09853042662143707, -0.135120689868927, 0.2009085714817047, 0.9652305245399475, 0.21636907756328583, 0.29879891872406006, -0.010039924643933773, 0.929409921169281, 0.3190198540687561, 0.33036288619041443, 0.2504548728466034, 0.8522670269012451, -0.1628841757774353, -0.09837280213832855, 0.058784134685993195, 0.9799673557281494, -0.15074369311332703, -0.1371399164199829, 0.011338315904140472, 0.9789486527442932, 0.1356593817472458, -0.0005948474863544106, -1.880392375142037e-08, 0.9907553791999817, -0.48164692521095276, 0.0021118868608027697, -8.720892452629414e-08, 0.8763628005981445, 0.06361948698759079, 0.3343934416770935, -0.02501223236322403, 0.9399510622024536, 0.3012514114379883, -0.30124422907829285, 0.7512301206588745, 0.50413578748703, -0.3751802444458008, 0.058722663670778275, 0.01239041332155466, 0.9250069856643677, 0.45077458024024963, -0.1806589514017105, 0.11161413788795471, 0.8670103549957275, 0.42614874243736267, 0.0002306920214323327, 0.10497932881116867, 0.8985413908958435, 0.6799485087394714, -0.43782004714012146, 0.3892822861671448, 0.44095680117607117, -0.28414586186408997, -0.02753642201423645, -0.008765975013375282, 0.9583454728126526, 0.4733453094959259, 0.18685558438301086, -0.13463790714740753, 0.8502363562583923, 0.41723403334617615, -0.005301275290548801, -0.09858689457178116, 0.9034203290939331, -0.5179190039634705, -0.5028594732284546, -0.577730119228363, 0.38094672560691833, -0.03679582476615906, 0.04421328380703926, -0.01263902522623539, 0.9982642531394958, 0.030604902654886246, 0.02807089313864708, -0.010016600601375103, 0.9990871548652649, -0.6292247772216797, 0.36546391248703003, -0.3711478114128113, 0.5768550634384155, -0.2848992347717285, -0.22368554770946503, -0.23868496716022491, 0.9010142683982849, 0.4685998260974884, -0.6341599225997925, -0.03380932658910751, 0.6140947341918945, 0.09226781874895096, -0.3361901342868805, 0.12255201488733292, 0.9292168021202087, -0.6154190897941589, -0.38980233669281006, 0.390852153301239, 0.5626260638237, -0.030104203149676323, -0.1461973935365677, 0.05407952889800072, 0.9873173236846924, 0.31144997477531433, 0.437463641166687, -0.003743148408830166, 0.8435701131820679, 0.32924890518188477, 0.32718732953071594, 0.23664118349552155, 0.8535482287406921, -0.14839467406272888, -0.027357036247849464, 0.051720768213272095, 0.9871958494186401, -0.19436347484588623, -0.1646639108657837, 0.011785630136728287, 0.9669383764266968, 0.13565945625305176, -0.0005949226906523108, 4.136055409276196e-08, 0.9907553791999817, -0.48164692521095276, 0.0021118384320288897, -2.8693264653156803e-08, 0.8763628602027893, 0.06639408320188522, 0.3052069842815399, -0.06130731850862503, 0.9479883909225464, 0.3151223361492157, -0.2683027684688568, 0.7541565299034119, 0.5098623633384705, -0.31820330023765564, 0.05091177672147751, 0.013194262981414795, 0.9465625286102295, 0.4674359858036041, -0.24439650774002075, 0.13770629465579987, 0.8383381962776184, 0.4088231027126312, 0.00255365832708776, 0.10066337883472443, 0.9070413708686829, 0.7257972955703735, -0.35540714859962463, 0.4151178300380707, 0.4178291857242584, -0.37040674686431885, -0.036705970764160156, -0.009950044564902782, 0.9280908107757568, 0.5096891522407532, 0.1641940176486969, -0.12404664605855942, 0.8353859782218933, 0.40435341000556946, -0.008075897581875324, -0.09385945647954941, 0.9097381830215454, -0.5220342874526978, -0.5006730556488037, -0.5701543092727661, 0.38952645659446716, -0.018231365829706192, 0.031010648235678673, -0.00606537563726306, 0.9993343949317932, 0.033430468291044235, 0.025835389271378517, -0.013396315276622772, 0.9990172982215881, -0.6362918019294739, 0.3850348889827728, -0.36168840527534485, 0.5621941685676575, -0.2464645355939865, -0.24779672920703888, -0.13804669678211212, 0.9267120361328125, 0.47615963220596313, -0.6411277651786804, -0.04964632913470268, 0.5998019576072693, 0.15094991028308868, -0.3741871416568756, 0.30722716450691223, 0.8618640303611755, -0.6309330463409424, -0.3867975175380707, 0.37004661560058594, 0.5615841150283813, -0.1346461921930313, -0.11011908203363419, -0.08684653788805008, 0.9809188842773438, 0.3863113522529602, 0.5446370840072632, 0.016169505193829536, 0.7442260980606079, 0.39000603556632996, 0.35214826464653015, -0.05765996128320694, 0.8488593697547913, -0.11924328655004501, 0.0276140458881855, 0.0507502444088459, 0.9911825656890869, -0.21378463506698608, -0.19770829379558563, 0.012577678076922894, 0.9565821886062622, 0.13565956056118011, -0.0005947492900304496, 1.4100189460464208e-08, 0.9907553791999817, -0.48164692521095276, 0.0021119550801813602, -6.329786828018769e-08, 0.8763628005981445, 0.06136583909392357, 0.2913716733455658, -0.09286364167928696, 0.9501121640205383, 0.33964475989341736, -0.22565169632434845, 0.7766849994659424, 0.48008665442466736, -0.3166924715042114, 0.05167274922132492, 0.015425384975969791, 0.9469941258430481, 0.4683191478252411, -0.2710883319377899, 0.13226698338985443, 0.8304780125617981, 0.4005587697029114, 0.004036229569464922, 0.09793875366449356, 0.9110128283500671, 0.765634298324585, -0.2820316255092621, 0.4359971284866333, 0.37969571352005005, -0.4376632869243622, -0.044116850942373276, -0.010884029790759087, 0.8979900479316711, 0.5238369703292847, 0.14614377915859222, -0.12240013480186462, 0.8302138447761536, 0.4023716449737549, -0.008603714406490326, -0.09288562834262848, 0.9107114672660828, -0.5182477235794067, -0.497359961271286, -0.5839900374412537, 0.37816426157951355, -0.00888033490628004, 0.039675451815128326, -0.021442189812660217, 0.9989430904388428, 0.032203078269958496, 0.02593829855322838, -0.015732837840914726, 0.9990208745002747, -0.6487835645675659, 0.3905949592590332, -0.34697994589805603, 0.5532814264297485, -0.2553669512271881, -0.2561054229736328, -0.02018512226641178, 0.9320892095565796, 0.505186915397644, -0.6703069806098938, -0.07333589345216751, 0.5386061668395996, 0.20526765286922455, -0.4020004868507385, 0.4604487121105194, 0.7643610835075378, -0.655642569065094, -0.3732824921607971, 0.3401678800582886, 0.5613189339637756, -0.2142564207315445, -0.0622025765478611, -0.17641602456569672, 0.9586982727050781, 0.4555162489414215, 0.6487697958946228, 0.037416815757751465, 0.6084427833557129, 0.412634015083313, 0.3892848789691925, -0.2959918975830078, 0.7684915661811829, -0.09252647310495377, 0.05814108997583389, 0.05629268288612366, 0.9924160838127136, -0.20734849572181702, -0.23895813524723053, 0.014959318563342094, 0.9485155940055847, 0.13565945625305176, -0.0005947502795606852, 1.5510208228874944e-08, 0.9907553791999817, -0.48164698481559753, 0.0021120135206729174, -1.036145604871308e-07, 0.8763628005981445, 0.04312959313392639, 0.27887532114982605, -0.11369270831346512, 0.9525976777076721, 0.3753432035446167, -0.1782083511352539, 0.8028068542480469, 0.42762190103530884, -0.3574415147304535, 0.05737333372235298, 0.01676330342888832, 0.9320208430290222, 0.45740020275115967, -0.282179594039917, 0.11135882884263992, 0.8359180688858032, 0.399387001991272, 0.004065356682986021, 0.09775632619857788, 0.9115466475486755, 0.8096762299537659, -0.22435075044631958, 0.4288269579410553, 0.3319617807865143, -0.5143671035766602, -0.05291837453842163, -0.01943964883685112, 0.8557150363922119, 0.5461730360984802, 0.10505354404449463, -0.14252406358718872, 0.8187463879585266, 0.4001644253730774, -0.009734317660331726, -0.09081535041332245, 0.911880612373352, -0.5082762241363525, -0.49727270007133484, -0.6118209958076477, 0.3464829623699188, -0.008452007547020912, 0.08326222747564316, -0.048813849687576294, 0.995295524597168, 0.027255700901150703, 0.02971326746046543, -0.017678601667284966, 0.9990304112434387, -0.659576952457428, 0.3922489583492279, -0.33558163046836853, 0.546336829662323, -0.29056981205940247, -0.24105027318000793, 0.049889612942934036, 0.9246485829353333, 0.5337679982185364, -0.694584846496582, -0.0915081799030304, 0.4735715687274933, 0.23599468171596527, -0.4252667725086212, 0.5395621657371521, 0.6872607469558716, -0.6845707297325134, -0.35494881868362427, 0.307808518409729, 0.5573403239250183, -0.26202937960624695, 0.003084864467382431, -0.1882975846529007, 0.9465067982673645, 0.4951997995376587, 0.7164252996444702, 0.04055288806557655, 0.48976266384124756, 0.384268194437027, 0.44123977422714233, -0.33928799629211426, 0.7365657687187195, -0.06476936489343643, 0.048689741641283035, 0.07746067643165588, 0.9936971664428711, -0.19778317213058472, -0.25759705901145935, 0.028261426836252213, 0.9453712701797485, 0.13565948605537415, -0.0005947520839981735, -7.003094282254096e-08, 0.9907553791999817, -0.48164698481559753, 0.0021120368037372828, -1.46654457466866e-07, 0.8763628005981445, 0.0181697066873312, 0.2515110969543457, -0.11494547873735428, 0.9608327746391296, 0.4123384952545166, -0.13921935856342316, 0.8145149946212769, 0.38361474871635437, -0.3983575105667114, 0.06254055351018906, 0.015912488102912903, 0.9149572253227234, 0.4447120130062103, -0.29605937004089355, 0.0855230912566185, 0.8409910202026367, 0.39893895387649536, 0.0037147661205381155, 0.09849267452955246, 0.9116650223731995, 0.8407263159751892, -0.24111215770244598, 0.39293724298477173, 0.2839798927307129, -0.5996524095535278, -0.06310243159532547, -0.036476343870162964, 0.7969344854354858, 0.5788066387176514, 0.014632262289524078, -0.21299497783184052, 0.7870209217071533, 0.3936389982700348, -0.01183853205293417, -0.08712984621524811, 0.9150500893592834, -0.48806339502334595, -0.5049078464508057, -0.6385623216629028, 0.31480225920677185, -0.0350683256983757, 0.11845914274454117, -0.08496680110692978, 0.9886952638626099, 0.020402444526553154, 0.03274109587073326, -0.01920860819518566, 0.9990710020065308, -0.6753959655761719, 0.4071449041366577, -0.32703158259391785, 0.5206953287124634, -0.32770851254463196, -0.18880437314510345, 0.019645825028419495, 0.9255129098892212, 0.5416531562805176, -0.6972662806510925, -0.09759917110204697, 0.4592450261116028, 0.23889215290546417, -0.44751498103141785, 0.547095775604248, 0.6658431887626648, -0.6993100047111511, -0.3456103205680847, 0.29633310437202454, 0.5510950684547424, -0.28920167684555054, 0.06363474577665329, -0.14873863756656647, 0.9434987306594849, 0.4830937087535858, 0.7118864059448242, 0.03312332555651665, 0.5086659789085388, 0.34788933396339417, 0.47986331582069397, -0.28330767154693604, 0.753950297832489, -0.05381691828370094, -0.015503876842558384, 0.11901291459798813, 0.9913119077682495, -0.17704054713249207, -0.2087419033050537, 0.06243046745657921, 0.9597842693328857, 0.13565948605537415, -0.0005948776961304247, -1.575622654570452e-08, 0.9907553791999817, -0.48164695501327515, 0.002111794427037239, -1.7474994251642784e-07, 0.8763628005981445, 4.856250234297477e-05, 0.20252534747123718, -0.10057604312896729, 0.9740985631942749, 0.45327460765838623, -0.10951583832502365, 0.8021503686904907, 0.37296536564826965, -0.4091257154941559, 0.0638979822397232, 0.014047158882021904, 0.9101296067237854, 0.42336323857307434, -0.3090519905090332, 0.07584992796182632, 0.848231852054596, 0.39810359477996826, 0.003312877146527171, 0.09929689019918442, 0.9119445085525513, 0.8397666215896606, -0.32454583048820496, 0.3274790644645691, 0.2867394685745239, -0.5963332056999207, -0.06272809207439423, -0.042288944125175476, 0.7991642951965332, 0.5544325709342957, -0.030190078541636467, -0.26269763708114624, 0.7891026735305786, 0.3907760679721832, -0.011466855183243752, -0.08596466481685638, 0.916391134262085, -0.474045068025589, -0.5061943531036377, -0.6535277962684631, 0.30323272943496704, -0.0661541074514389, 0.10390230268239975, -0.10397667437791824, 0.9869229197502136, 0.016502251848578453, 0.03308819979429245, -0.019963087514042854, 0.9991167783737183, -0.6880289912223816, 0.4111369252204895, -0.3190772533416748, 0.5057393312454224, -0.3615102767944336, -0.11441811174154282, -0.03637933358550072, 0.9246054887771606, 0.544120192527771, -0.7008635401725769, -0.09752590209245682, 0.4507905840873718, 0.22641366720199585, -0.46133512258529663, 0.5327000021934509, 0.6724116802215576, -0.6952103972434998, -0.3653836250305176, 0.3086127042770386, 0.5365962386131287, -0.29627788066864014, 0.07771861553192139, -0.11258430033922195, 0.9452534317970276, 0.4835825264453888, 0.7133087515830994, 0.028636617586016655, 0.506476640701294, 0.31735724210739136, 0.5262866020202637, -0.2609202563762665, 0.7444645762443542, -0.04505009576678276, -0.06515604257583618, 0.1512138545513153, 0.9853220582008362, -0.16245806217193604, -0.16842056810855865, 0.08909790217876434, 0.9681443572044373, 0.13565942645072937, -0.0005948042962700129, 6.062714419385884e-08, 0.9907553791999817, -0.48164695501327515, 0.0021118668373674154, -1.0633776525992289e-07, 0.8763628005981445, -0.013085482642054558, 0.180601105093956, -0.08772958815097809, 0.9795486330986023, 0.46927422285079956, -0.09700565040111542, 0.7921910285949707, 0.3778955638408661, -0.39446941018104553, 0.061619147658348083, 0.013607089407742023, 0.9167397618293762, 0.4002295136451721, -0.3175497055053711, 0.08537366986274719, 0.8553887009620667, 0.3975141644477844, 0.0030054692178964615, 0.09987375140190125, 0.9121395945549011, 0.8259630799293518, -0.38356471061706543, 0.28360000252723694, 0.3003901243209839, -0.5463487505912781, -0.05697505548596382, -0.04367699474096298, 0.8344754576683044, 0.5117185115814209, 0.06532636284828186, -0.3293674886226654, 0.7908183932304382, 0.3834153711795807, -0.007596257608383894, -0.08336932212114334, 0.9197741746902466, -0.4714988172054291, -0.507409930229187, -0.6557266712188721, 0.3004106879234314, -0.07663606107234955, 0.09014898538589478, -0.10660221427679062, 0.9872365593910217, 0.014996462501585484, 0.032332513481378555, -0.020133506506681442, 0.9991618394851685, -0.6895617246627808, 0.41582900285720825, -0.32016927003860474, 0.49908167123794556, -0.3779059946537018, -0.06993240863084793, -0.05402390658855438, 0.9216170310974121, 0.546026885509491, -0.704935610294342, -0.09632594138383865, 0.4423140585422516, 0.21685099601745605, -0.4628039300441742, 0.5170286297798157, 0.6866364479064941, -0.6940125823020935, -0.3803580701351166, 0.31412678956985474, 0.5244032144546509, -0.2829408645629883, 0.06981165707111359, -0.07379063218832016, 0.953743040561676, 0.487408846616745, 0.7212451100349426, 0.02648133412003517, 0.4914640188217163, 0.2889992892742157, 0.5479130148887634, -0.22222432494163513, 0.75291907787323, -0.0459701344370842, -0.08345486968755722, 0.1628141552209854, 0.9820456504821777, -0.14997437596321106, -0.14830072224140167, 0.09965039789676666, 0.9724116325378418, 0.13565945625305176, -0.0005948014440946281, 5.3580720305035356e-08, 0.9907553791999817, -0.48164698481559753, 0.0021120093297213316, -7.438994487074524e-08, 0.8763628005981445, -0.02092127501964569, 0.2081800252199173, -0.07912321388721466, 0.9746604561805725, 0.44815587997436523, -0.1103605106472969, 0.7921799421310425, 0.3992841839790344, -0.3598870038986206, 0.057130273431539536, 0.015363013371825218, 0.9311184287071228, 0.3829744756221771, -0.3153918981552124, 0.114096999168396, 0.8607208728790283, 0.3983255624771118, 0.003099460154771805, 0.09997119009494781, 0.9117745757102966, 0.8216623663902283, -0.3973299264907837, 0.2889680564403534, 0.2889591455459595, -0.5257992744445801, -0.05428951606154442, -0.043683189898729324, 0.8477497100830078, 0.4784162938594818, 0.21686655282974243, -0.3641880452632904, 0.7690603733062744, 0.38961535692214966, 0.004200994037091732, -0.08452951163053513, 0.9170807003974915, -0.4767497479915619, -0.5101667642593384, -0.6491634845733643, 0.30170586705207825, -0.07432011514902115, 0.0886431634426117, -0.10130465775728226, 0.988107442855835, 0.016100119799375534, 0.031679149717092514, -0.019427401944994926, 0.9991795420646667, -0.6807548999786377, 0.41958123445510864, -0.3289657533168793, 0.5023005604743958, -0.3703596591949463, -0.0757046490907669, -0.0480608232319355, 0.9245499968528748, 0.5454159379005432, -0.7071576118469238, -0.09404734522104263, 0.44000518321990967, 0.19725917279720306, -0.4533518850803375, 0.4853169023990631, 0.7211298942565918, -0.6938427090644836, -0.38780075311660767, 0.3146214187145233, 0.5188509821891785, -0.2618033289909363, 0.05562625452876091, -0.04559702053666115, 0.9624373912811279, 0.48567819595336914, 0.7204176783561707, 0.024532059207558632, 0.4944828748703003, 0.2804093658924103, 0.5474476218223572, -0.20786908268928528, 0.7605669498443604, -0.033041518181562424, -0.08056367933750153, 0.16107065975666046, 0.9830940961837769, -0.1655985414981842, -0.14268626272678375, 0.10052419453859329, 0.9706248641014099, 0.13565948605537415, -0.0005948767066001892, -4.794431518462261e-08, 0.9907553791999817, -0.48164695501327515, 0.0021118316799402237, -5.951195447551072e-08, 0.8763628005981445, -0.021260837092995644, 0.28651097416877747, -0.0690600648522377, 0.9553481936454773, 0.39156466722488403, -0.15133661031723022, 0.7947694063186646, 0.4383103549480438, -0.31956085562705994, 0.052267156541347504, 0.017990700900554657, 0.9459520578384399, 0.386608362197876, -0.29226431250572205, 0.14337769150733948, 0.8628779649734497, 0.402139276266098, 0.0033948917407542467, 0.09976775199174881, 0.9101202487945557, 0.8407754302024841, -0.3550952076911926, 0.32849055528640747, 0.2431008517742157, -0.5508286952972412, -0.057116392999887466, -0.041746195405721664, 0.8316145539283752, 0.46913543343544006, 0.23064979910850525, -0.3247164487838745, 0.7882080078125, 0.40949875116348267, 0.017419565469026566, -0.08911599218845367, 0.907780647277832, -0.4935149550437927, -0.5125001668930054, -0.6319538354873657, 0.30727988481521606, -0.06455499678850174, 0.08815470337867737, -0.08583583682775497, 0.9902998208999634, 0.019666196778416634, 0.030137209221720695, -0.01818688027560711, 0.9991867542266846, -0.6677348017692566, 0.4174218475818634, -0.3404020667076111, 0.5138245820999146, -0.34612300992012024, -0.0900842696428299, -0.0358295775949955, 0.9331666231155396, 0.5417022705078125, -0.7076100707054138, -0.08936889469623566, 0.44481438398361206, 0.1782705932855606, -0.43608948588371277, 0.4430743455886841, 0.7627127170562744, -0.6859244108200073, -0.3969930410385132, 0.3210293650627136, 0.5185021758079529, -0.23721466958522797, 0.059861645102500916, 0.004709347151219845, 0.969599723815918, 0.4843655526638031, 0.7203378081321716, 0.021008728072047234, 0.4960465729236603, 0.27137258648872375, 0.5486251711845398, -0.20227789878845215, 0.764494001865387, -0.003660215064883232, -0.07333558052778244, 0.15203635394573212, 0.9856436848640442, -0.20663689076900482, -0.141517773270607, 0.09551605582237244, 0.9634057283401489, 0.13565942645072937, -0.000594732875470072, -8.64848317405631e-08, 0.9907553791999817, -0.48164698481559753, 0.0021120442543178797, -5.313567186249202e-08, 0.8763628005981445, -0.013016056269407272, 0.3933110535144806, -0.06521143764257431, 0.916997492313385, 0.3192799985408783, -0.21104566752910614, 0.7880700826644897, 0.48214682936668396, -0.29799845814704895, 0.05015227571129799, 0.018096279352903366, 0.953076183795929, 0.42951875925064087, -0.26484546065330505, 0.1351955682039261, 0.8526973128318787, 0.4005194306373596, 0.004687413573265076, 0.09743266552686691, 0.9110812544822693, 0.8436471223831177, -0.30620288848876953, 0.38152754306793213, 0.22121499478816986, -0.5486373901367188, -0.05649568513035774, -0.03122037835419178, 0.8335649967193604, 0.4748595058917999, 0.19536596536636353, -0.24720415472984314, 0.8217242360115051, 0.40725645422935486, 0.016455134376883507, -0.08880412578582764, 0.9088373184204102, -0.520054042339325, -0.5111302733421326, -0.606499433517456, 0.31693562865257263, -0.04115419089794159, 0.06974074989557266, -0.06076568737626076, 0.994861900806427, 0.025906965136528015, 0.025248168036341667, -0.015939870849251747, 0.9992183446884155, -0.658950924873352, 0.4058626890182495, -0.3444739282131195, 0.531410276889801, -0.2839216887950897, -0.08292826265096664, -0.017792263999581337, 0.9550889134407043, 0.535245954990387, -0.7090998291969299, -0.08102569729089737, 0.4518008530139923, 0.161482036113739, -0.4049986004829407, 0.3857809007167816, 0.8130638003349304, -0.6769000291824341, -0.4094330966472626, 0.3273404836654663, 0.5167389512062073, -0.20663687586784363, 0.052449990063905716, 0.11360377818346024, 0.9703836441040039, 0.4860655665397644, 0.7230563163757324, 0.014736193232238293, 0.4906248152256012, 0.2602400779724121, 0.5534786581993103, -0.18261243402957916, 0.769798219203949, -0.014299203641712666, -0.07685546576976776, 0.1315409392118454, 0.9882235527038574, -0.21916353702545166, -0.13680626451969147, 0.07824752479791641, 0.962875247001648, 0.13565929234027863, -0.0005948569159954786, -7.332465656872955e-08, 0.9907553791999817, -0.4816470444202423, 0.002111830748617649, -3.1881405959666154e-08, 0.8763628005981445, -0.010010889731347561, 0.5016981363296509, -0.07596781104803085, 0.8616424202919006, 0.2546328008174896, -0.27081748843193054, 0.7780612707138062, 0.5063997507095337, -0.2978893220424652, 0.05086032673716545, 0.018945105373859406, 0.953056275844574, 0.4800869822502136, -0.26409104466438293, 0.11637912690639496, 0.8283889889717102, 0.40500909090042114, 0.004146078135818243, 0.09790138900279999, 0.9090466499328613, 0.8267653584480286, -0.2622526288032532, 0.4547787010669708, 0.20213602483272552, -0.5353051424026489, -0.05474713072180748, -0.019969884306192398, 0.842646062374115, 0.46675366163253784, 0.16463924944400787, -0.1926756501197815, 0.8472962975502014, 0.4048556089401245, 0.01605251058936119, -0.08917617052793503, 0.9098801612854004, -0.5497577786445618, -0.5025220513343811, -0.5799278020858765, 0.33003318309783936, -0.011089425534009933, 0.04162987321615219, -0.03054257109761238, 0.9986045956611633, 0.030808838084340096, 0.016602205112576485, -0.012676212936639786, 0.9993070363998413, -0.647028386592865, 0.384537011384964, -0.34892749786376953, 0.5583325624465942, -0.1614753156900406, -0.06432382017374039, 0.03178228810429573, 0.9842652678489685, 0.5225597620010376, -0.6999478340148926, -0.07016384601593018, 0.48174822330474854, 0.14498622715473175, -0.370610773563385, 0.3103410601615906, 0.8633162975311279, -0.6730281114578247, -0.4202202260494232, 0.32783159613609314, 0.5128105878829956, -0.18708708882331848, 0.010046682320535183, 0.2129572480916977, 0.9589299559593201, 0.4895728528499603, 0.7266417145729065, 0.01362075749784708, 0.48179322481155396, 0.24537432193756104, 0.5562102794647217, -0.15816989541053772, 0.7780770659446716, -0.06351316720247269, -0.08093654364347458, 0.0948895812034607, 0.9901572465896606, -0.188258558511734, -0.12221529334783554, 0.04663141444325447, 0.9733692407608032, 0.13565942645072937, -0.0005947835743427277, -1.1280151923642734e-08, 0.9907553791999817, -0.48164698481559753, 0.0021119050215929747, -1.2752561673323726e-08, 0.8763628005981445, 1.701976179901976e-05, 0.6015355587005615, -0.10668615251779556, 0.7916899919509888, 0.18089380860328674, -0.323144793510437, 0.7896117568016052, 0.48925262689590454, -0.3162953853607178, 0.05449581891298294, 0.024395234882831573, 0.9467799663543701, 0.5088919401168823, -0.2944919764995575, 0.10044987499713898, 0.8026289939880371, 0.4174823462963104, 0.0016746200853958726, 0.10119076073169708, 0.9030316472053528, 0.7844087481498718, -0.2207583636045456, 0.5491511225700378, 0.18547719717025757, -0.5227084755897522, -0.052988242357969284, -0.010938430204987526, 0.8507928252220154, 0.4561619460582733, 0.13905638456344604, -0.1664956510066986, 0.8630520701408386, 0.4031071960926056, 0.016244135797023773, -0.09015535563230515, 0.9105562567710876, -0.5804762840270996, -0.4827018678188324, -0.5557800531387329, 0.34807294607162476, 0.004461014177650213, -0.015409193001687527, 0.0019720972049981356, 0.9998694062232971, 0.03113815374672413, 0.002938179299235344, -0.010156054981052876, 0.9994592070579529, -0.6260316967964172, 0.3560731112957001, -0.36314669251441956, 0.5911182165145874, 0.01780775375664234, -0.02903706021606922, 0.07806374877691269, 0.9963663220405579, 0.4935908019542694, -0.6583594679832458, -0.05578150972723961, 0.5655257701873779, 0.13339832425117493, -0.3382561504840851, 0.21164526045322418, 0.9071901440620422, -0.6738698482513428, -0.4307851493358612, 0.3251773715019226, 0.5045625567436218, -0.1569996327161789, -0.06040237471461296, 0.2741396129131317, 0.9468633532524109, 0.4901246130466461, 0.7253394722938538, 0.017238039523363113, 0.4830770194530487, 0.2490706741809845, 0.548412561416626, -0.14901618659496307, 0.7842203974723816, -0.13694602251052856, -0.0638083890080452, 0.043041471391916275, 0.9875837564468384, -0.11547183990478516, -0.11034580320119858, 0.004327608272433281, 0.987153172492981, 0.13565939664840698, -0.0005948061589151621, 1.2925173820121927e-08, 0.9907553791999817, -0.48164698481559753, 0.0021118451841175556, 4.8021366438888435e-08, 0.8763628005981445, 0.02145514450967312, 0.6723710894584656, -0.14348313212394714, 0.7258577346801758, 0.10483645647764206, -0.34841468930244446, 0.8233668804168701, 0.4355267286300659, -0.32826682925224304, 0.0571570061147213, 0.03466954082250595, 0.9422165155410767, 0.5113677978515625, -0.3375394642353058, 0.09696054458618164, 0.78432697057724, 0.42347657680511475, 0.000174479850102216, 0.10270973294973373, 0.9000657200813293, 0.7302655577659607, -0.18165388703346252, 0.632753849029541, 0.1825834959745407, -0.5220717787742615, -0.05278022959828377, -0.004439080599695444, 0.8512553572654724, 0.45317843556404114, 0.12154347449541092, -0.1573546826839447, 0.8689625859260559, 0.4023500978946686, 0.01678481325507164, -0.09118395298719406, 0.9107788801193237, -0.6106494665145874, -0.45203590393066406, -0.5367200970649719, 0.3670181632041931, -0.019405709579586983, -0.096701979637146, 0.037159714847803116, 0.9944301843643188, 0.022770043462514877, -0.009686581790447235, -0.011744203977286816, 0.9996248483657837, -0.5866159200668335, 0.3407720625400543, -0.4109143018722534, 0.6090201735496521, 0.1955605149269104, 0.03393574804067612, -0.004181609023362398, 0.980095386505127, 0.3889007866382599, -0.4981418251991272, -0.03092638961970806, 0.7743735909461975, 0.13662749528884888, -0.305305153131485, 0.126656636595726, 0.9338521361351013, -0.6754762530326843, -0.43257802724838257, 0.33045050501823425, 0.4974038004875183, -0.11906933784484863, -0.16045019030570984, 0.28659501671791077, 0.9369853734970093, 0.48976051807403564, 0.7177599668502808, 0.02027672715485096, 0.49451401829719543, 0.24958683550357819, 0.5366951823234558, -0.13510087132453918, 0.7946146726608276, -0.18412749469280243, 0.007328239269554615, -0.01167994923889637, 0.9828056693077087, -0.05943100154399872, -0.1270192712545395, -0.03585590049624443, 0.9894687533378601, 0.13565851747989655, -0.0005952498759143054, 1.0434138886239452e-07, 0.9907554984092712, -0.4816478490829468, 0.002111472887918353, -1.8916310295935546e-07, 0.8763623237609863, 0.01621333323419094, 0.7057784199714661, -0.1629234254360199, 0.6892532110214233, 0.07049974054098129, -0.38398197293281555, 0.8266886472702026, 0.4051833748817444, -0.2928601801395416, 0.05408446863293648, 0.03923000767827034, 0.9538180232048035, 0.5146293640136719, -0.34942150115966797, 0.124430812895298, 0.7730318307876587, 0.41407448053359985, 0.0022125195246189833, 0.09906508773565292, 0.9048334360122681, 0.7234198451042175, -0.13801246881484985, 0.6504369378089905, 0.18587148189544678, -0.5294529795646667, -0.05364951118826866, 0.0018930761143565178, 0.8466390371322632, 0.4584863781929016, 0.1137067899107933, -0.11613639444112778, 0.873712420463562, 0.40191277861595154, 0.017279058694839478, -0.09171794354915619, 0.910909116268158, -0.6322100758552551, -0.4475601017475128, -0.5098785758018494, 0.3741982579231262, -0.0476643405854702, -0.1279553920030594, 0.06321567296981812, 0.9886148571968079, 0.016311965882778168, -0.013127719052135944, -0.013437438756227493, 0.9996904730796814, -0.5867970585823059, 0.3446381390094757, -0.422201931476593, 0.5988650321960449, 0.29883408546447754, 0.055331580340862274, -0.1841566264629364, 0.9347314834594727, 0.19039559364318848, -0.21885912120342255, 0.0049155703745782375, 0.9569880366325378, 0.13713878393173218, -0.2815284729003906, 0.20640213787555695, 0.9270020723342896, -0.6746957898139954, -0.43731361627578735, 0.33880823850631714, 0.48862195014953613, -0.14374352991580963, -0.2699022889137268, 0.25811105966567993, 0.9164438247680664, 0.49724119901657104, 0.7232587337493896, 0.019785000011324883, 0.4788074195384979, 0.22797714173793793, 0.5247087478637695, -0.09426549077033997, 0.8147522211074829, -0.18545112013816833, 0.07712582498788834, -0.03485799953341484, 0.9790017604827881, -0.05236215889453888, -0.13670623302459717, -0.04592166468501091, 0.9881603121757507, 0.13565750420093536, -0.0005958249676041305, 1.4993197794410662e-07, 0.9907556176185608, -0.48164862394332886, 0.0021110721863806248, -4.187095328234136e-07, 0.8763619065284729, -0.006062333006411791, 0.7369948625564575, -0.16959808766841888, 0.65424644947052, 0.056691721081733704, -0.4397951364517212, 0.8031618595123291, 0.3978659510612488, -0.2490486353635788, 0.0491689033806324, 0.03855596482753754, 0.9664732813835144, 0.5189892053604126, -0.33637988567352295, 0.1533033400774002, 0.7707118988037109, 0.41398385167121887, 0.002382377628237009, 0.0986858680844307, 0.9049159288406372, 0.7289901375770569, -0.1081995964050293, 0.6520946025848389, 0.17787326872348785, -0.5324675440788269, -0.05394449457526207, 0.008950060233473778, 0.8446823358535767, 0.46225035190582275, 0.11297889798879623, -0.06737683713436127, 0.8769382834434509, 0.40164175629615784, 0.017961353063583374, -0.09227509796619415, 0.9109591841697693, -0.6468622088432312, -0.45038649439811707, -0.4901062548160553, 0.3721791207790375, -0.053280171006917953, -0.1206502765417099, 0.07857413589954376, 0.9881451725959778, 0.013927807100117207, -0.013493974693119526, -0.012658106163144112, 0.9997318387031555, -0.5964294075965881, 0.3509189188480377, -0.419954776763916, 0.5871676802635193, 0.31335949897766113, 0.050433408468961716, -0.24974575638771057, 0.9148165583610535, 0.10420841723680496, -0.10136796534061432, 0.020677998661994934, 0.9891600012779236, 0.15315969288349152, -0.25554683804512024, 0.295683890581131, 0.9076392650604248, -0.6710955500602722, -0.449461430311203, 0.3469395637512207, 0.4767055809497833, -0.1814635992050171, -0.3438228964805603, 0.21990299224853516, 0.8947063684463501, 0.502657413482666, 0.7273184657096863, 0.020044023171067238, 0.46684226393699646, 0.22292467951774597, 0.5174536108970642, -0.07454084604978561, 0.8227940797805786, -0.18118883669376373, 0.11367563158273697, -0.04869220778346062, 0.9756421446800232, -0.04439856484532356, -0.13761122524738312, -0.050673287361860275, 0.9881923198699951, 0.13565748929977417, -0.0005970037309452891, 3.191342159425403e-07, 0.9907556176185608, -0.481648713350296, 0.0021098903380334377, -1.0622497939039022e-06, 0.8763618469238281, -0.02849470265209675, 0.763658881187439, -0.16733942925930023, 0.6229050159454346, 0.048415038734674454, -0.4928247630596161, 0.7705917954444885, 0.40120837092399597, -0.19842806458473206, 0.0431174635887146, 0.03431697562336922, 0.9785650372505188, 0.5260134339332581, -0.3061831295490265, 0.1610618531703949, 0.7769304513931274, 0.41522374749183655, 0.002357606776058674, 0.09863872081041336, 0.9043528437614441, 0.7283731698989868, -0.10147035866975784, 0.6570439338684082, 0.165739506483078, -0.5259212255477905, -0.053186915814876556, 0.014006704092025757, 0.8487530946731567, 0.4625730514526367, 0.11403249204158783, -0.0379052571952343, 0.878399670124054, 0.40155544877052307, 0.018472112715244293, -0.09265663474798203, 0.9109483361244202, -0.65266352891922, -0.4566725194454193, -0.4801822006702423, 0.36729514598846436, -0.054483745247125626, -0.09829466789960861, 0.08104737102985382, 0.9903540015220642, 0.01362371351569891, -0.012982385233044624, -0.011693725362420082, 0.9997544884681702, -0.6023301482200623, 0.3495970070362091, -0.4147547781467438, 0.5856269001960754, 0.290284126996994, 0.038070403039455414, -0.282427579164505, 0.9135209321975708, 0.09972459822893143, -0.0971996858716011, 0.021850991994142532, 0.9900150299072266, 0.17166100442409515, -0.23507270216941833, 0.32102957367897034, 0.9012287855148315, -0.6640778183937073, -0.45394617319107056, 0.35590219497680664, 0.4756755232810974, -0.21784286201000214, -0.36794713139533997, 0.1911393404006958, 0.8835299611091614, 0.505579948425293, 0.7292962074279785, 0.018180623650550842, 0.4606359302997589, 0.21107600629329681, 0.5110791921615601, -0.04341523349285126, 0.8320817947387695, -0.17480650544166565, 0.12787620723247528, -0.05403681844472885, 0.9747668504714966, -0.03790602460503578, -0.14333994686603546, -0.052856117486953735, 0.9875338077545166, 0.13565470278263092, -0.0005999815766699612, 7.050053909551934e-07, 0.9907559752464294, -0.48165103793144226, 0.0021073322277516127, -2.5313233891210984e-06, 0.8763605952262878, -0.042084161192178726, 0.77168208360672, -0.15791594982147217, 0.6146529912948608, 0.056607648730278015, -0.5135258436203003, 0.749360978603363, 0.41417986154556274, -0.1662544459104538, 0.039101868867874146, 0.029502222314476967, 0.9848655462265015, 0.5322074890136719, -0.267822802066803, 0.13848896324634552, 0.7911049127578735, 0.4163006544113159, 0.002499610185623169, 0.09838270395994186, 0.9038851857185364, 0.7244135141372681, -0.1228252649307251, 0.6596270203590393, 0.1582125723361969, -0.5124343633651733, -0.051723673939704895, 0.015935542061924934, 0.8570191264152527, 0.4635520279407501, 0.11516381055116653, -0.04294638708233833, 0.877503514289856, 0.4015958309173584, 0.018624689429998398, -0.09275348484516144, 0.9109175205230713, -0.6544094681739807, -0.4589163661003113, -0.47679319977760315, 0.36580371856689453, -0.061997245997190475, -0.08224701881408691, 0.08161208778619766, 0.9913280010223389, 0.01431975793093443, -0.011742398142814636, -0.011425087228417397, 0.9997633099555969, -0.6067282557487488, 0.3443491756916046, -0.4074348211288452, 0.5893229246139526, 0.2525567412376404, 0.005201173014938831, -0.24275420606136322, 0.9366207718849182, 0.12623098492622375, -0.13748042285442352, 0.018014036118984222, 0.982262909412384, 0.17791816592216492, -0.2347138524055481, 0.280834436416626, 0.9134476184844971, -0.658098042011261, -0.44798779487609863, 0.3606035113334656, 0.48598262667655945, -0.23099379241466522, -0.3248012959957123, 0.18731962144374847, 0.8978069424629211, 0.5079836249351501, 0.7338812351226807, 0.01504591852426529, 0.4507158100605011, 0.20682615041732788, 0.4967552423477173, -0.008250591345131397, 0.8428458571434021, -0.16235633194446564, 0.11569942533969879, -0.04486967995762825, 0.978897750377655, -0.04379310831427574, -0.12057342380285263, -0.04291990399360657, 0.9908088445663452, 0.13565057516098022, -0.0006041209562681615, 1.2915758134113275e-06, 0.9907565712928772, -0.48165467381477356, 0.002103623701259494, -4.6164495870471e-06, 0.8763585686683655, -0.04898063838481903, 0.7633246779441833, -0.14008045196533203, 0.6287398338317871, 0.08292938768863678, -0.5161295533180237, 0.734808623790741, 0.43219128251075745, -0.1604645848274231, 0.03776070475578308, 0.026262786239385605, 0.9859693646430969, 0.5248269438743591, -0.23181459307670593, 0.11913691461086273, 0.8103240728378296, 0.4197087585926056, 0.002203322248533368, 0.09921213239431381, 0.9022176861763, 0.7209654450416565, -0.16540198028087616, 0.6546805500984192, 0.15570640563964844, -0.49654150009155273, -0.0497218519449234, 0.012480701319873333, 0.8664978742599487, 0.46613195538520813, 0.11364568024873734, -0.06903920322656631, 0.8746652603149414, 0.40170878171920776, 0.018290000036358833, -0.09258372336626053, 0.9108917713165283, -0.6493696570396423, -0.46403053402900696, -0.47627171874046326, 0.3689987361431122, -0.06898584961891174, -0.06673992425203323, 0.08017775416374207, 0.9921483397483826, 0.017010577023029327, -0.010315148159861565, -0.01007042545825243, 0.9997513890266418, -0.6134794354438782, 0.33345893025398254, -0.39302873611450195, 0.5983113646507263, 0.17980557680130005, -0.028724048286676407, -0.16699691116809845, 0.9689978957176208, 0.20916256308555603, -0.25871288776397705, 0.00488400598987937, 0.9430243372917175, 0.21260903775691986, -0.22614018619060516, 0.24293197691440582, 0.9190441370010376, -0.6535043120384216, -0.4407021701335907, 0.36074936389923096, 0.49857163429260254, -0.25302818417549133, -0.25403642654418945, 0.16619575023651123, 0.918597400188446, 0.5074324011802673, 0.7331058382987976, 0.013585936278104782, 0.4526407718658447, 0.22008289396762848, 0.4808335304260254, 0.00864923745393753, 0.8486977219581604, -0.13760815560817719, 0.09589698165655136, -0.032385967671871185, 0.9853014349937439, -0.076779805123806, -0.0944826528429985, -0.030207185074687004, 0.9921015501022339, 0.13566063344478607, -0.0005976507673040032, 3.158479842113593e-07, 0.9907552003860474, -0.4816461205482483, 0.0021094088442623615, -1.4197844393493142e-06, 0.8763632774353027, -0.05625652149319649, 0.7505068778991699, -0.11682300269603729, 0.6480178236961365, 0.13081631064414978, -0.5187647938728333, 0.7126767039299011, 0.4537203311920166, -0.15265749394893646, 0.03538611903786659, 0.022469187155365944, 0.9873898029327393, 0.513269305229187, -0.20854607224464417, 0.10916893929243088, 0.8253152966499329, 0.42492765188217163, 0.0010283476440235972, 0.10148441046476364, 0.8995200991630554, 0.7200654745101929, -0.2164304256439209, 0.640039324760437, 0.15815594792366028, -0.46347278356552124, -0.045461881905794144, 0.009972214698791504, 0.8848879933357239, 0.4570637047290802, 0.11042900383472443, -0.09825807064771652, 0.8770653009414673, 0.4014921486377716, 0.017825167626142502, -0.092299684882164, 0.9110252857208252, -0.6391077041625977, -0.470951646566391, -0.48135557770729065, 0.3715411126613617, -0.07009771466255188, -0.050038039684295654, 0.07323108613491058, 0.9935892820358276, 0.020796354860067368, -0.007321347948163748, -0.008558554574847221, 0.9997203350067139, -0.6181960105895996, 0.3186887800693512, -0.37770792841911316, 0.6112347841262817, 0.06268487125635147, -0.07687441259622574, -0.08119630068540573, 0.9917500019073486, 0.29591530561447144, -0.38993918895721436, -0.008329005911946297, 0.87195885181427, 0.23018354177474976, -0.2394913136959076, 0.2505999803543091, 0.9093179702758789, -0.6444230675697327, -0.440593421459198, 0.364972859621048, 0.5073373913764954, -0.2791779041290283, -0.15789255499839783, 0.12649331986904144, 0.9386847615242004, 0.5061767101287842, 0.7299829125404358, 0.014140103943645954, 0.4590318500995636, 0.24002422392368317, 0.4671005308628082, 0.00799473561346531, 0.8509650826454163, -0.11237967759370804, 0.07989319413900375, -0.017102211713790894, 0.9903006553649902, -0.11354640871286392, -0.07626397162675858, -0.01496252790093422, 0.9904883503913879, 0.1356872171163559, -0.0005880235112272203, -1.0058211046271026e-06, 0.9907515645027161, -0.48162245750427246, 0.002117938594892621, 3.3336809792672284e-06, 0.8763762712478638, -0.06449387222528458, 0.7381842136383057, -0.09352152049541473, 0.6649649739265442, 0.19304315745830536, -0.5224403738975525, 0.6888903975486755, 0.4639185667037964, -0.13812674582004547, 0.03186993673443794, 0.01888890564441681, 0.9897214770317078, 0.4959086775779724, -0.1877201497554779, 0.10794616490602493, 0.8409419655799866, 0.42784297466278076, 0.0001572108012624085, 0.1033058911561966, 0.8979299664497375, 0.7179850935935974, -0.2762664556503296, 0.6141672134399414, 0.17599141597747803, -0.3840220272541046, -0.035384126007556915, 0.007625586818903685, 0.9226142168045044, 0.41739964485168457, 0.09868555516004562, -0.12156213074922562, 0.8951320648193359, 0.4030560255050659, 0.01737460121512413, -0.09260857105255127, 0.9103118181228638, -0.626406192779541, -0.48090896010398865, -0.4889166057109833, 0.37054353952407837, -0.06905762106180191, -0.029135368764400482, 0.06270591169595718, 0.9952136278152466, 0.023977728560566902, -0.003348080674186349, -0.00832168199121952, 0.9996722340583801, -0.6284704208374023, 0.3074251711368561, -0.35867783427238464, 0.6179522275924683, -0.06919453293085098, -0.11383826285600662, -0.0043137529864907265, 0.9910773634910583, 0.37467309832572937, -0.5103927850723267, -0.022190554067492485, 0.7737098932266235, 0.2237444818019867, -0.283397376537323, 0.28843966126441956, 0.8868071436882019, -0.637056291103363, -0.4386034309864044, 0.3682456612586975, 0.5159278512001038, -0.293623685836792, -0.04382793605327606, 0.07701095193624496, 0.9518054723739624, 0.5039563179016113, 0.7233703136444092, 0.015568572096526623, 0.4717214107513428, 0.26240116357803345, 0.45154935121536255, 0.011659950949251652, 0.852709174156189, -0.09615730494260788, 0.0654640793800354, -0.000892062031198293, 0.9932106733322144, -0.1429322063922882, -0.05706598609685898, 0.00031209932058118284, 0.988085925579071, 0.13571353256702423, -0.0005750720156356692, -2.6226509817206534e-06, 0.9907479882240295, -0.48159918189048767, 0.0021293028257787228, 9.825488632486667e-06, 0.8763890266418457, -0.06927035003900528, 0.7352299690246582, -0.07734601944684982, 0.6698179841041565, 0.24031604826450348, -0.5331392884254456, 0.679418683052063, 0.44317150115966797, -0.12698723375797272, 0.029872508719563484, 0.0171720739454031, 0.9913057088851929, 0.45910945534706116, -0.14728596806526184, 0.11061582714319229, 0.8690739274024963, 0.42436766624450684, 0.001476755947805941, 0.10189902782440186, 0.8997369408607483, 0.6996193528175354, -0.34245219826698303, 0.5804328322410583, 0.23739637434482574, -0.2373393476009369, -0.01749652624130249, 0.004193085245788097, 0.9712601900100708, 0.3385889232158661, 0.06247536465525627, -0.1314251720905304, 0.9296137690544128, 0.4127805829048157, 0.01687946915626526, -0.09489966183900833, 0.9057159423828125, -0.6127651929855347, -0.4921737611293793, -0.5015558004379272, 0.36156004667282104, -0.07077818363904953, -0.008392596617341042, 0.046479932963848114, 0.9963732957839966, 0.025633109733462334, 0.0005349174607545137, -0.010297291912138462, 0.9996182322502136, -0.6455118656158447, 0.3110673725605011, -0.34102141857147217, 0.6084865927696228, -0.17149388790130615, -0.1373579353094101, 0.021575989201664925, 0.9753240942955017, 0.4399237334728241, -0.6051477193832397, -0.038207001984119415, 0.6624225378036499, 0.21289218962192535, -0.33884018659591675, 0.3092586398124695, 0.8626838326454163, -0.6368300318717957, -0.41820916533470154, 0.36386215686798096, 0.5358665585517883, -0.2750706970691681, 0.05163080245256424, 0.009065753780305386, 0.959993839263916, 0.5004265904426575, 0.7158719897270203, 0.017617467790842056, 0.48661091923713684, 0.28353017568588257, 0.42705729603767395, 0.0367501936852932, 0.8578357696533203, -0.087061807513237, 0.058813758194446564, 0.01197692658752203, 0.9943931698799133, -0.16423778235912323, -0.04741485416889191, 0.010313757695257664, 0.985226571559906, 0.13575135171413422, -0.000553388730622828, -5.198101007408695e-06, 0.9907428026199341, -0.4815656840801239, 0.0021481639705598354, 2.076961209240835e-05, 0.8764073848724365, -0.06523619592189789, 0.7449620366096497, -0.06702985614538193, 0.6605170965194702, 0.2788030803203583, -0.53221195936203, 0.6647804379463196, 0.44394397735595703, -0.11933370679616928, 0.02794022671878338, 0.01581531949341297, 0.9923349618911743, 0.4443505108356476, -0.1299554705619812, 0.11770784109830856, 0.8785266876220703, 0.414021372795105, 0.003672040067613125, 0.0986686423420906, 0.9048963189125061, 0.6972029805183411, -0.3484230041503906, 0.540177047252655, 0.31736135482788086, -0.1277288794517517, -0.006859445478767157, 0.0070514557883143425, 0.9917603135108948, 0.2653815746307373, 0.031494420021772385, -0.1280130296945572, 0.955088198184967, 0.41776522994041443, 0.013247919268906116, -0.09540696442127228, 0.903434693813324, -0.5934545993804932, -0.49929994344711304, -0.5247125625610352, 0.3509814143180847, -0.07110600918531418, 0.005320757627487183, 0.021011440083384514, 0.9972332119941711, 0.026502912864089012, 0.006858973763883114, -0.012916197068989277, 0.9995417594909668, -0.6514753699302673, 0.3185865581035614, -0.33503058552742004, 0.6015288233757019, -0.2674316167831421, -0.14267949759960175, -0.004016706254333258, 0.9529463648796082, 0.48730140924453735, -0.6713907718658447, -0.05060155689716339, 0.556067705154419, 0.200209379196167, -0.36013010144233704, 0.2990490198135376, 0.8606929183006287, -0.6297722458839417, -0.391075074672699, 0.3645161986351013, 0.563538134098053, -0.23278912901878357, 0.11344805359840393, -0.06836692988872528, 0.9634649753570557, 0.49404963850975037, 0.7075117230415344, 0.017126835882663727, 0.5050235986709595, 0.30384719371795654, 0.4128919839859009, 0.040267713367938995, 0.8576570749282837, -0.07453110814094543, 0.03735056892037392, 0.023184696212410927, 0.996249258518219, -0.18312223255634308, -0.035014599561691284, 0.015352367423474789, 0.9823464751243591, 0.13568192720413208, -0.0005854971241205931, -1.036840785673121e-06, 0.9907523393630981, -0.48162704706192017, 0.0021199786569923162, 4.775177330884617e-06, 0.8763737082481384, -0.05888878181576729, 0.7526570558547974, -0.0649854838848114, 0.6525461077690125, 0.31994396448135376, -0.506473958492279, 0.6535270810127258, 0.4626256227493286, -0.12655922770500183, 0.02771781198680401, 0.014385395683348179, 0.9914673566818237, 0.42437994480133057, -0.11027121543884277, 0.12232177704572678, 0.8903815746307373, 0.41286274790763855, 0.003933821339160204, 0.0986640676856041, 0.905424952507019, 0.697947084903717, -0.322767436504364, 0.5226743817329407, 0.3681066632270813, -0.16835595667362213, -0.012813899666070938, 0.004531458020210266, 0.9856325387954712, 0.3001200258731842, 0.011572985909879208, -0.11664320528507233, 0.946672260761261, 0.423310250043869, 0.008846443146467209, -0.09646045416593552, 0.9007916450500488, -0.5690864324569702, -0.511512041091919, -0.5465560555458069, 0.34025365114212036, -0.06283136457204819, 0.021926037967205048, -0.008184281177818775, 0.9977497458457947, 0.028008222579956055, 0.014291888102889061, -0.01524968072772026, 0.9993891716003418, -0.6536470055580139, 0.32688581943511963, -0.3326127827167511, 0.596036970615387, -0.34339481592178345, -0.14109869301319122, -0.04589106887578964, 0.9273970127105713, 0.5171418190002441, -0.7079772353172302, -0.060809098184108734, 0.47711095213890076, 0.18523330986499786, -0.36616575717926025, 0.28484368324279785, 0.8662998080253601, -0.6209046840667725, -0.3770403563976288, 0.37002792954444885, 0.579135000705719, -0.19026906788349152, 0.14404523372650146, -0.13964501023292542, 0.9610140323638916, 0.48713865876197815, 0.697845458984375, 0.018157050013542175, 0.5247645974159241, 0.32328805327415466, 0.4064083993434906, 0.022419998422265053, 0.8542917370796204, -0.07315196841955185, 0.0037233359180390835, 0.03654370456933975, 0.996644139289856, -0.18450278043746948, -0.023335620760917664, 0.020279960706830025, 0.9823455810546875, 0.13565951585769653, -0.000594823039136827, -1.1276479305877274e-08, 0.9907553791999817, -0.48164698481559753, 0.0021118682343512774, 2.3379696401093497e-08, 0.8763628005981445, -0.05248603969812393, 0.7488352656364441, -0.06376206874847412, 0.6575905680656433, 0.3497364819049835, -0.4771396219730377, 0.6543335914611816, 0.4710305333137512, -0.15106628835201263, 0.030017990618944168, 0.013449721969664097, 0.9879762530326843, 0.4082038104534149, -0.09561383724212646, 0.1253996193408966, 0.8991677165031433, 0.4192523956298828, 0.0026747274678200483, 0.10110914707183838, 0.9022179841995239, 0.6981935501098633, -0.313232958316803, 0.5078318119049072, 0.3956231474876404, -0.265707790851593, -0.024319497868418694, -0.001397009938955307, 0.9637458324432373, 0.37469667196273804, -0.0016389283118769526, -0.12049843370914459, 0.9192822575569153, 0.4381953775882721, 0.006243776995688677, -0.10065504908561707, 0.8932045698165894, -0.5431442856788635, -0.5280469059944153, -0.5606678128242493, 0.3343837857246399, -0.053246550261974335, 0.0441318042576313, -0.03235655277967453, 0.99708092212677, 0.029878390952944756, 0.02125685289502144, -0.01688593253493309, 0.9991848468780518, -0.6533172726631165, 0.33787626028060913, -0.33403095602989197, 0.5894400477409363, -0.38644224405288696, -0.138727605342865, -0.0833946093916893, 0.9079990983009338, 0.5297232270240784, -0.7182857990264893, -0.06720608472824097, 0.44602933526039124, 0.17515569925308228, -0.3680895268917084, 0.28073614835739136, 0.8689175844192505, -0.619487464427948, -0.3750412166118622, 0.37140515446662903, 0.5810660123825073, -0.14542748034000397, 0.13373589515686035, -0.19113944470882416, 0.9614735245704651, 0.48005491495132446, 0.6861199736595154, 0.02128179371356964, 0.546199381351471, 0.3481657803058624, 0.39110273122787476, -0.009584116749465466, 0.851896345615387, -0.07054456323385239, -0.030549639835953712, 0.052314966917037964, 0.9956672787666321, -0.19386981427669525, -0.01817820779979229, 0.02699981816112995, 0.9804871678352356, 0.13565945625305176, -0.0005948267062194645, -1.2458839293572055e-08, 0.9907553791999817, -0.48164698481559753, 0.0021118801087141037, 2.3911053137481986e-09, 0.8763628005981445, -0.04241637885570526, 0.7229011058807373, -0.05051880329847336, 0.6877955794334412, 0.3704794943332672, -0.4604089558124542, 0.6554166674613953, 0.47031646966934204, -0.1929839849472046, 0.035095419734716415, 0.012565242126584053, 0.9804936051368713, 0.44233328104019165, -0.10388451814651489, 0.1235491931438446, 0.8822045922279358, 0.4240312874317169, 0.00141741125844419, 0.10300375521183014, 0.8997697830200195, 0.7060597538948059, -0.33012187480926514, 0.4643653333187103, 0.42055195569992065, -0.31602805852890015, -0.030347680673003197, -0.007002342026680708, 0.9482384920120239, 0.4394262135028839, 0.026757532730698586, -0.13821306824684143, 0.8871785998344421, 0.44552546739578247, 0.0036497993860393763, -0.10346615314483643, 0.8892629146575928, -0.5231550931930542, -0.540114164352417, -0.5653754472732544, 0.33902207016944885, -0.05190611630678177, 0.057831451296806335, -0.043484143912792206, 0.9960273504257202, 0.03134341910481453, 0.02572050131857395, -0.017440740019083023, 0.9990255236625671, -0.6492300629615784, 0.35013440251350403, -0.34065261483192444, 0.5829768776893616, -0.3933849036693573, -0.15500283241271973, -0.10890364646911621, 0.8996457457542419, 0.5264325737953186, -0.7089322805404663, -0.0675344467163086, 0.46445974707603455, 0.17287033796310425, -0.36706212162971497, 0.27823930978775024, 0.8706113696098328, -0.6162933707237244, -0.37853291630744934, 0.3767324388027191, 0.5787642598152161, -0.13043473660945892, 0.09145250171422958, -0.2047003209590912, 0.9657748341560364, 0.47510629892349243, 0.6776238679885864, 0.024482255801558495, 0.5608034729957581, 0.3671683669090271, 0.38251227140426636, -0.044240232557058334, 0.8467081189155579, -0.0484471432864666, -0.028231482952833176, 0.06552734971046448, 0.9962741136550903, -0.23927517235279083, -0.04899349808692932, 0.03572425991296768, 0.9690567255020142, 0.13565942645072937, -0.0005948157631792128, -1.7863911239146546e-08, 0.9907553791999817, -0.4816468060016632, 0.0021118896547704935, 1.693699402949278e-08, 0.8763629198074341, -0.024409087374806404, 0.6898636221885681, -0.033702898770570755, 0.7227423787117004, 0.3805121183395386, -0.4485588073730469, 0.6655403971672058, 0.45941445231437683, -0.24945412576198578, 0.04275894537568092, 0.011290056630969048, 0.9673762917518616, 0.4989001154899597, -0.10982216894626617, 0.10676717758178711, 0.8530173301696777, 0.40931233763694763, 0.004334418568760157, 0.09790429472923279, 0.9071159958839417, 0.7087912559509277, -0.3509094715118408, 0.41725534200668335, 0.4476332366466522, -0.31276044249534607, -0.030441107228398323, -0.00890690553933382, 0.9493023157119751, 0.49428409337997437, 0.06671860069036484, -0.14462889730930328, 0.8545843362808228, 0.4208260178565979, -0.003064290853217244, -0.09627078473567963, 0.90201336145401, -0.51655113697052, -0.5363988280296326, -0.5710878968238831, 0.34541261196136475, -0.050369542092084885, 0.05561402440071106, -0.04410986974835396, 0.9962049722671509, 0.03170951455831528, 0.027096712961792946, -0.017133165150880814, 0.998982846736908, -0.6455920338630676, 0.3595944941043854, -0.34659144282341003, 0.5777345299720764, -0.38474318385124207, -0.1805611550807953, -0.12229304015636444, 0.8968917727470398, 0.5245084166526794, -0.7054899334907532, -0.06638821214437485, 0.47198250889778137, 0.16566415131092072, -0.3625752627849579, 0.2700280249118805, 0.876458466053009, -0.614422619342804, -0.3900773227214813, 0.38261547684669495, 0.5691485404968262, -0.12886403501033783, 0.05616546422243118, -0.20437656342983246, 0.9687464833259583, 0.4768095016479492, 0.6784589886665344, 0.026280023157596588, 0.5582610964775085, 0.37230435013771057, 0.37616923451423645, -0.04711904376745224, 0.8471516966819763, -0.03589678555727005, -0.018467439338564873, 0.07281902432441711, 0.9965278506278992, -0.2535848617553711, -0.07278989255428314, 0.04159405454993248, 0.9636733531951904, 0.13565948605537415, -0.0005948118050582707, 7.516429256781976e-09, 0.9907553791999817, -0.48164692521095276, 0.0021118775475770235, -3.1881404183309314e-09, 0.8763628602027893, -0.0035828654654324055, 0.671096682548523, -0.02270938642323017, 0.7410133481025696, 0.38170361518859863, -0.4358068108558655, 0.6845179200172424, 0.4425043761730194, -0.3084872364997864, 0.05085752531886101, 0.010647963732481003, 0.9498082399368286, 0.5478044152259827, -0.12678992748260498, 0.09144062548875809, 0.821871817111969, 0.3966718912124634, 0.006740489508956671, 0.09358692914247513, 0.9131525158882141, 0.7133117914199829, -0.35398173332214355, 0.4040584862232208, 0.45013323426246643, -0.34546080231666565, -0.03418823704123497, -0.012964441440999508, 0.9377205967903137, 0.5234723091125488, 0.08655301481485367, -0.15813684463500977, 0.8327533006668091, 0.4088166058063507, -0.006111857481300831, -0.09247343242168427, 0.9078988432884216, -0.516318678855896, -0.5322766304016113, -0.5735387802124023, 0.3480660319328308, -0.0504315160214901, 0.05277827009558678, -0.0422649122774601, 0.9964360594749451, 0.03172675520181656, 0.027445124462246895, -0.016697822138667107, 0.9989801645278931, -0.639898955821991, 0.367563396692276, -0.3542727828025818, 0.5743842720985413, -0.37361085414886475, -0.20066259801387787, -0.11728329956531525, 0.8979944586753845, 0.5262459516525269, -0.7074182629585266, -0.0662882998585701, 0.4671514332294464, 0.16059061884880066, -0.35204818844795227, 0.25905266404151917, 0.8849658370018005, -0.617630124092102, -0.3972408175468445, 0.380885511636734, 0.5618354678153992, -0.11897306889295578, 0.0285831056535244, -0.20731769502162933, 0.9705914855003357, 0.4828031659126282, 0.686198890209198, 0.02985028550028801, 0.5432689785957336, 0.3815525472164154, 0.36374735832214355, -0.06797502189874649, 0.847044825553894, -0.01642792858183384, -0.010950082913041115, 0.07493763417005539, 0.9969927668571472, -0.25853651762008667, -0.08099444210529327, 0.044303420931100845, 0.9615799784660339, 0.13565947115421295, -0.0005948198377154768, -2.1620289558654804e-08, 0.9907553791999817, -0.48164692521095276, 0.002111871726810932, 1.912884250998559e-08, 0.8763628005981445, 0.014162357896566391, 0.6749507188796997, -0.02047867327928543, 0.737442672252655, 0.3735489845275879, -0.42814260721206665, 0.7015476822853088, 0.4300999641418457, -0.35057973861694336, 0.05648365616798401, 0.010842429473996162, 0.9347652196884155, 0.5769581198692322, -0.14945721626281738, 0.08517811447381973, 0.798452615737915, 0.39312607049942017, 0.007207343354821205, 0.09252972155809402, 0.9147886633872986, 0.7101629376411438, -0.35887134075164795, 0.42193254828453064, 0.43457213044166565, -0.38005444407463074, -0.03781799226999283, -0.015715239569544792, 0.9240570664405823, 0.5304090976715088, 0.0958583727478981, -0.16908332705497742, 0.82515949010849, 0.4071120321750641, -0.00651043513789773, -0.09201054275035858, 0.9087086915969849, -0.5161058306694031, -0.530303955078125, -0.5736156105995178, 0.35125160217285156, -0.05422193184494972, 0.04719199985265732, -0.04123832657933235, 0.996560275554657, 0.0319291315972805, 0.026745451614260674, -0.01629989594221115, 0.998999297618866, -0.6283146142959595, 0.3776576519012451, -0.36876124143600464, 0.5714985728263855, -0.36273249983787537, -0.21662096679210663, -0.10626772046089172, 0.9001153707504272, 0.5270936489105225, -0.7086314558982849, -0.06547436118125916, 0.4644640386104584, 0.15543657541275024, -0.34014591574668884, 0.24290263652801514, 0.8950634002685547, -0.6177837252616882, -0.4018464982509613, 0.3809983432292938, 0.5583036541938782, -0.12316703796386719, 0.02788499742746353, -0.1987772434949875, 0.971874475479126, 0.490308940410614, 0.6986901164054871, 0.03128719702363014, 0.5200484991073608, 0.38276055455207825, 0.3607933223247528, -0.07766644656658173, 0.8469300270080566, 0.02094688080251217, -0.0006650798604823649, 0.07163528352975845, 0.9972107410430908, -0.28113460540771484, -0.07944248616695404, 0.04377211257815361, 0.9553722739219666, 0.13565942645072937, -0.0005948531907051802, -1.1750158179779646e-08, 0.9907553791999817, -0.48164692521095276, 0.00211185310035944, 1.461231047272804e-08, 0.8763628005981445, 0.02840507961809635, 0.7036027908325195, -0.02216358110308647, 0.7096795439720154, 0.3473414480686188, -0.4471972584724426, 0.7096260190010071, 0.419284462928772, -0.34834742546081543, 0.05659117549657822, 0.012635770253837109, 0.9355703592300415, 0.5765600204467773, -0.14123401045799255, 0.08816364407539368, 0.7999116778373718, 0.39799073338508606, 0.006643946748226881, 0.09362974017858505, 0.9125747680664062, 0.6947977542877197, -0.37160810828208923, 0.44108906388282776, 0.42965561151504517, -0.3546367883682251, -0.03484809026122093, -0.012346255593001842, 0.9342729449272156, 0.5054035186767578, 0.09319422394037247, -0.16162711381912231, 0.8424718379974365, 0.40681201219558716, -0.006541069597005844, -0.09226781874895096, 0.9088167548179626, -0.5135144591331482, -0.5299730896949768, -0.571779727935791, 0.3584679961204529, -0.05989520996809006, 0.04056781902909279, -0.0409075990319252, 0.9965407252311707, 0.03277658298611641, 0.024540115147829056, -0.01609107479453087, 0.9990317821502686, -0.6166552305221558, 0.38553813099861145, -0.38321810960769653, 0.5694212317466736, -0.3592352271080017, -0.2079051285982132, -0.10637500882148743, 0.9035540223121643, 0.5265928506851196, -0.7095921635627747, -0.0640304759144783, 0.4637661278247833, 0.15189170837402344, -0.33097076416015625, 0.2316623032093048, 0.9020642042160034, -0.6162446737289429, -0.40255311131477356, 0.38206949830055237, 0.558763325214386, -0.16718870401382446, 0.05027046799659729, -0.1484113484621048, 0.9733935594558716, 0.49800828099250793, 0.7167481184005737, 0.028135566040873528, 0.4873071312904358, 0.37006738781929016, 0.37323811650276184, -0.06655443459749222, 0.8481237888336182, 0.05871773138642311, 0.0140844089910388, 0.062660351395607, 0.9962065815925598, -0.3174982964992523, -0.07692883908748627, 0.03850463777780533, 0.9443485736846924, 0.1356593668460846, -0.0005948193138465285, -2.115395680846177e-08, 0.9907553791999817, -0.48164692521095276, 0.0021118854638189077, -3.985175744958269e-09, 0.8763628005981445, 0.04182212054729462, 0.7426367402076721, -0.022823475301265717, 0.6679975390434265, 0.3112849295139313, -0.490000456571579, 0.7008150815963745, 0.41455942392349243, -0.2879965603351593, 0.049490299075841904, 0.01547128614038229, 0.956226646900177, 0.5424764752388, -0.10877350717782974, 0.10318177193403244, 0.8265840411186218, 0.4087154269218445, 0.005368105601519346, 0.09615671634674072, 0.9075664281845093, 0.6685319542884827, -0.3878794014453888, 0.4404754638671875, 0.45672306418418884, -0.24631987512111664, -0.022924112156033516, -0.003880077740177512, 0.968909740447998, 0.43109872937202454, 0.07518958300352097, -0.14302489161491394, 0.8877185583114624, 0.40877196192741394, -0.006381703540682793, -0.09334384649991989, 0.9078280329704285, -0.5149621963500977, -0.5321574807167053, -0.5665028095245361, 0.36152029037475586, -0.058181729167699814, 0.03887491673231125, -0.03882407769560814, 0.9967930316925049, 0.03405790776014328, 0.021147780120372772, -0.01571137085556984, 0.9990725517272949, -0.6131333708763123, 0.3869110941886902, -0.38771411776542664, 0.5692495703697205, -0.3619867265224457, -0.17154592275619507, -0.11694656312465668, 0.9087690114974976, 0.5261786580085754, -0.7121354937553406, -0.06306470930576324, 0.460458368062973, 0.15831896662712097, -0.3240015506744385, 0.22977830469608307, 0.9039691090583801, -0.6205999255180359, -0.40503519773483276, 0.3779599368572235, 0.5549312829971313, -0.22874853014945984, 0.07932602614164352, -0.03421235829591751, 0.9696447849273682, 0.4996087849140167, 0.7298479080200195, 0.020773442462086678, 0.4661346971988678, 0.34959468245506287, 0.3886244595050812, -0.045510850846767426, 0.8512833714485168, 0.061063043773174286, 0.018790017813444138, 0.05021997541189194, 0.9966926574707031, -0.3259367048740387, -0.0588872991502285, 0.03059290535748005, 0.9430597424507141, 0.13565948605537415, -0.000594832468777895, -4.817564569492561e-09, 0.9907553791999817, -0.481646865606308, 0.002111886627972126, 5.180727846720856e-09, 0.8763629198074341, 0.04823364317417145, 0.7837927341461182, -0.02616526372730732, 0.6185935139656067, 0.27989426255226135, -0.5256190299987793, 0.6955000162124634, 0.4020741581916809, -0.23939959704875946, 0.0442960299551487, 0.018480835482478142, 0.9697340726852417, 0.48475101590156555, -0.07208773493766785, 0.11166588217020035, 0.8644944429397583, 0.43063586950302124, 0.001877028145827353, 0.10224353522062302, 0.8967137336730957, 0.6459686756134033, -0.38986796140670776, 0.43517398834228516, 0.4912748634815216, -0.15385274589061737, -0.012748736888170242, 0.001139853848144412, 0.9880108833312988, 0.3525865972042084, 0.07066364586353302, -0.1436319500207901, 0.9219865798950195, 0.40600475668907166, -0.007638391572982073, -0.09291709214448929, 0.9091029763221741, -0.5155137181282043, -0.5299988389015198, -0.5629743933677673, 0.36933276057243347, -0.054439444094896317, 0.029860062524676323, -0.035537272691726685, 0.9974376559257507, 0.03552261367440224, 0.017743755131959915, -0.014896913431584835, 0.9991003274917603, -0.6089904308319092, 0.3852292001247406, -0.3930371403694153, 0.5711838603019714, -0.3618842363357544, -0.13010548055171967, -0.12423785030841827, 0.9147006869316101, 0.5246371626853943, -0.7141751050949097, -0.06040843203663826, 0.4594132900238037, 0.17091597616672516, -0.3150980770587921, 0.2214684635400772, 0.9068917632102966, -0.6230335235595703, -0.4060003161430359, 0.3769907057285309, 0.5521513819694519, -0.28913038969039917, 0.1152263805270195, 0.09512055665254593, 0.9455572962760925, 0.49745556712150574, 0.7343170642852783, 0.012791100889444351, 0.4616847634315491, 0.32644447684288025, 0.40856072306632996, -0.015094451606273651, 0.8522231578826904, 0.06135077029466629, 0.02439826726913452, 0.03580692410469055, 0.997175395488739, -0.33621716499328613, -0.03508956357836723, 0.02218439057469368, 0.9408690929412842, 0.13565953075885773, -0.0005948243197053671, 1.4100189460464208e-08, 0.9907553791999817, -0.48164692521095276, 0.0021118917502462864, 1.8132547907612206e-08, 0.8763628005981445, 0.05150938406586647, 0.8203212022781372, -0.03017304465174675, 0.568778932094574, 0.2537267208099365, -0.5491400361061096, 0.7003874182701111, 0.3788476288318634, -0.21329841017723083, 0.0426844023168087, 0.021665457636117935, 0.9758137464523315, 0.41627147793769836, -0.04171893373131752, 0.11348210275173187, 0.9011656045913696, 0.4422503411769867, 0.0005129743367433548, 0.10476307570934296, 0.8907520174980164, 0.6341281533241272, -0.37634268403053284, 0.42706504464149475, 0.5233192443847656, -0.1266181319952011, -0.010081431828439236, 0.002060065744444728, 0.9918981790542603, 0.3130529224872589, 0.07602021098136902, -0.152140274643898, 0.9343832731246948, 0.3921338617801666, -0.011482054367661476, -0.0885714516043663, 0.9155622720718384, -0.5158951878547668, -0.5269188284873962, -0.5588887333869934, 0.3792784512042999, -0.05152048543095589, 0.019349906593561172, -0.029816623777151108, 0.998039186000824, 0.036540187895298004, 0.01466435194015503, -0.013624477200210094, 0.9991317391395569, -0.6046349406242371, 0.3823104798793793, -0.39836442470550537, 0.5740740895271301, -0.3473283648490906, -0.08393130451440811, -0.12355922907590866, 0.9257708787918091, 0.5225428938865662, -0.7143083810806274, -0.05916266515851021, 0.4617491364479065, 0.19215545058250427, -0.3011282980442047, 0.21157722175121307, 0.9097434282302856, -0.6265910863876343, -0.40659046173095703, 0.37479454278945923, 0.549178421497345, -0.33673015236854553, 0.14836320281028748, 0.21196499466896057, 0.9053573608398438, 0.49461448192596436, 0.7321988344192505, 0.008295352570712566, 0.4681587517261505, 0.3101777732372284, 0.42331403493881226, 0.009489348158240318, 0.8511785864830017, 0.059268802404403687, 0.03915931656956673, 0.01893077790737152, 0.997294008731842, -0.3433840870857239, -0.02115657553076744, 0.012316806241869926, 0.9388759732246399, 0.1356593519449234, -0.0005948136677034199, -2.068027704638098e-08, 0.9907553791999817, -0.48164692521095276, 0.0021118968725204468, 8.501707782215817e-09, 0.8763628005981445, 0.05790397524833679, 0.8467708230018616, -0.03525695577263832, 0.5276203751564026, 0.23942650854587555, -0.552883505821228, 0.7148633003234863, 0.3549157977104187, -0.2167028933763504, 0.04472275450825691, 0.024471672251820564, 0.9749056100845337, 0.37476733326911926, -0.023680884391069412, 0.11241335421800613, 0.9199739098548889, 0.4157387614250183, 0.00667526526376605, 0.095423124730587, 0.9044396877288818, 0.6250277757644653, -0.3722917437553406, 0.42479029297828674, 0.5387877225875854, -0.1769844889640808, -0.01562872715294361, -0.0002477012458257377, 0.9840894937515259, 0.32301241159439087, 0.043024517595767975, -0.13932958245277405, 0.9350931644439697, 0.3752986490726471, -0.015858037397265434, -0.08280256390571594, 0.9230618476867676, -0.5232477784156799, -0.5290815830230713, -0.5485958456993103, 0.3812180757522583, -0.05354253575205803, 0.015457488596439362, -0.018854180350899696, 0.9982679486274719, 0.037114400416612625, 0.012013165280222893, -0.012182414531707764, 0.9991645812988281, -0.6022924780845642, 0.38196295499801636, -0.40230992436408997, 0.5740163922309875, -0.30834782123565674, -0.039201416075229645, -0.11234788596630096, 0.9438022971153259, 0.5193076729774475, -0.7111070156097412, -0.05928175151348114, 0.4702468514442444, 0.21740113198757172, -0.2878730297088623, 0.2108144760131836, 0.9085279703140259, -0.6275587677955627, -0.4077610373497009, 0.3755880892276764, 0.5466576814651489, -0.37183594703674316, 0.17151130735874176, 0.29474732279777527, 0.8633921146392822, 0.49152520298957825, 0.7244865894317627, 0.0077231707982718945, 0.48317965865135193, 0.3022342026233673, 0.4340749680995941, 0.018732378259301186, 0.8484588861465454, 0.06074424088001251, 0.07202564924955368, 7.140995876397938e-05, 0.995551347732544, -0.34874752163887024, -0.031522396951913834, 0.0009688062709756196, 0.9366859793663025, 0.13565945625305176, -0.000594837125390768, -9.40012623296127e-10, 0.9907553791999817, -0.48164692521095276, 0.00211191619746387, -9.630841013574809e-09, 0.8763628005981445, 0.06418794393539429, 0.8629847168922424, -0.03792983293533325, 0.49969857931137085, 0.26124390959739685, -0.5388442277908325, 0.7062115669250488, 0.3777085244655609, -0.20788416266441345, 0.04336771368980408, 0.023011336103081703, 0.9769206643104553, 0.3746679425239563, -0.02747771143913269, 0.10404358804225922, 0.9208929538726807, 0.4098905026912689, 0.007767817005515099, 0.09394244104623795, 0.9072509407997131, 0.6171929836273193, -0.38966473937034607, 0.42000675201416016, 0.5392851829528809, -0.24153387546539307, -0.02190529555082321, -0.002716975286602974, 0.9701413512229919, 0.343071311712265, 0.011816571466624737, -0.13722364604473114, 0.9291566610336304, 0.37616628408432007, -0.015964403748512268, -0.08292100578546524, 0.9226961731910706, -0.5333108305931091, -0.5358135104179382, -0.5358696579933167, 0.3759351074695587, -0.05930953100323677, 0.020502863451838493, -0.009575742296874523, 0.9979831576347351, 0.03737003356218338, 0.011401010677218437, -0.010938133113086224, 0.9991766214370728, -0.5987036228179932, 0.374941349029541, -0.40471169352531433, 0.5806732773780823, -0.2690766453742981, -0.01406471710652113, -0.09904392063617706, 0.957909345626831, 0.5150482058525085, -0.7053149342536926, -0.05948663502931595, 0.4834434390068054, 0.2323055863380432, -0.27864405512809753, 0.21635517477989197, 0.9064116477966309, -0.6216307878494263, -0.4090478718280792, 0.38366928696632385, 0.5468573570251465, -0.4057522714138031, 0.16282545030117035, 0.3422316312789917, 0.8317033648490906, 0.49041473865509033, 0.7210986018180847, 0.007143778260797262, 0.48934563994407654, 0.29661837220191956, 0.4332060217857361, 0.026813453063368797, 0.8506650924682617, 0.06467265635728836, 0.0894332006573677, -0.01019361149519682, 0.9938386678695679, -0.3466522991657257, -0.036203861236572266, -0.004671528469771147, 0.9372830986976624, 0.13565942645072937, -0.0005948261241428554, -3.760417754961054e-08, 0.9907553791999817, -0.48164692521095276, 0.002111892681568861, -8.501707782215817e-09, 0.8763628602027893, 0.06703848391771317, 0.8779298067092896, -0.039340291172266006, 0.47243785858154297, 0.28277483582496643, -0.5218290090560913, 0.6984640955924988, 0.39985108375549316, -0.21106357872486115, 0.04310756176710129, 0.0215306356549263, 0.9762839674949646, 0.3937327265739441, -0.040134064853191376, 0.10119786858558655, 0.9127556085586548, 0.42325088381767273, 0.0048035210929811, 0.09855261445045471, 0.9006236791610718, 0.6070111989974976, -0.4203933775424957, 0.4202215075492859, 0.527466356754303, -0.29898402094841003, -0.0275521632283926, -0.004272175021469593, 0.9538506865501404, 0.37344008684158325, 0.006417573895305395, -0.14439673721790314, 0.9163246750831604, 0.40220358967781067, -0.010512021370232105, -0.09136559814214706, 0.9109193682670593, -0.5368741750717163, -0.5417723655700684, -0.5285719037055969, 0.37264031171798706, -0.06199710816144943, 0.022650687023997307, -0.0061952704563736916, 0.9977999925613403, 0.03725120797753334, 0.010600234381854534, -0.010000702925026417, 0.9991996884346008, -0.5951581001281738, 0.3686278462409973, -0.40626320242881775, 0.5872398018836975, -0.23075665533542633, -0.0029946898575872183, -0.08861898630857468, 0.9689629077911377, 0.510983943939209, -0.6969741582870483, -0.059666506946086884, 0.49956214427948, 0.24414926767349243, -0.2644909620285034, 0.21491338312625885, 0.907880961894989, -0.616014301776886, -0.41225767135620117, 0.3902738690376282, 0.5461286306381226, -0.4296864867210388, 0.1376219540834427, 0.3677946925163269, 0.8131155371665955, 0.4906115233898163, 0.720410168170929, 0.007354851812124252, 0.4901585578918457, 0.2958645820617676, 0.4306856691837311, 0.028229381889104843, 0.8521602749824524, 0.06582026928663254, 0.0910792350769043, -0.014954021200537682, 0.9935535788536072, -0.34286704659461975, -0.031736839562654495, -0.007469847798347473, 0.9388179779052734, 0.13565941154956818, -0.0005948145990259945, -9.40012623296127e-10, 0.9907553791999817, -0.4816470742225647, 0.0021118978038430214, -4.2508543351971184e-09, 0.8763627409934998, 0.06677410006523132, 0.8944573998451233, -0.0399816632270813, 0.44032785296440125, 0.2828374207019806, -0.5097544193267822, 0.7116299867630005, 0.39209216833114624, -0.253024697303772, 0.04823379963636398, 0.02286413498222828, 0.9659861326217651, 0.44807806611061096, -0.05469417944550514, 0.10013987123966217, 0.88668292760849, 0.42961254715919495, 0.0034143489319831133, 0.1004001647233963, 0.8974080681800842, 0.5942249894142151, -0.4561631381511688, 0.41957736015319824, 0.5126076936721802, -0.3322753310203552, -0.030784228816628456, -0.005251587834209204, 0.9426652789115906, 0.41509151458740234, 0.03251893073320389, -0.15812920033931732, 0.8953416347503662, 0.44396716356277466, -0.0015841885469853878, -0.10491319000720978, 0.8898786306381226, -0.5348660945892334, -0.543495774269104, -0.5293296575546265, 0.37194201350212097, -0.059993352741003036, 0.01899806596338749, -0.00790881272405386, 0.9979866147041321, 0.03747699409723282, 0.009299437515437603, -0.009409376420080662, 0.9992099404335022, -0.5937172770500183, 0.3675788938999176, -0.40667328238487244, 0.5890692472457886, -0.18968865275382996, 0.00250450917519629, -0.07545606046915054, 0.9789373874664307, 0.506318986415863, -0.6887351274490356, -0.05880006030201912, 0.5155847072601318, 0.25084200501441956, -0.24850071966648102, 0.20684227347373962, 0.912437379360199, -0.6129874587059021, -0.4175663888454437, 0.3938780426979065, 0.5429040193557739, -0.4330359101295471, 0.11611621081829071, 0.3763909637928009, 0.8107569217681885, 0.49084046483039856, 0.7204559445381165, 0.007149375043809414, 0.4898650646209717, 0.29966452717781067, 0.4227851927280426, 0.03447721526026726, 0.854555606842041, 0.06627881526947021, 0.08476894348859787, -0.018768353387713432, 0.994016706943512, -0.3403795063495636, -0.02335583232343197, -0.010858564637601376, 0.9399353265762329, 0.13565953075885773, -0.0005948635516688228, -9.436845749277722e-10, 0.9907553791999817, -0.48164692521095276, 0.0021118875592947006, 1.487798861887768e-08, 0.8763628602027893, 0.06412263214588165, 0.9099836945533752, -0.04259514436125755, 0.40743544697761536, 0.26686322689056396, -0.49953803420066833, 0.7392867803573608, 0.36428123712539673, -0.3023329973220825, 0.05465437099337578, 0.02551877126097679, 0.9512919783592224, 0.5232241153717041, -0.0765579491853714, 0.09626711159944534, 0.8432722091674805, 0.4152447581291199, 0.006255351472645998, 0.09535983949899673, 0.9046763181686401, 0.5835297107696533, -0.4772835075855255, 0.41132810711860657, 0.5123501420021057, -0.31270429491996765, -0.028544297441840172, -0.004694380331784487, 0.9494099617004395, 0.4825076460838318, 0.09528445452451706, -0.16451112926006317, 0.8550107479095459, 0.45498335361480713, 0.0014442764222621918, -0.10924744606018066, 0.883772075176239, -0.5306866765022278, -0.5417448282241821, -0.5341154932975769, 0.3736373782157898, -0.05373396724462509, 0.009958770126104355, -0.010804297402501106, 0.9984471797943115, 0.037712208926677704, 0.007785881869494915, -0.009631245397031307, 0.9992119073867798, -0.595524251461029, 0.3732047379016876, -0.4051375389099121, 0.5847501158714294, -0.15362878143787384, 0.015277059748768806, -0.05754221975803375, 0.9863334894180298, 0.5049819946289062, -0.68668532371521, -0.05891634523868561, 0.5196011662483215, 0.2520301043987274, -0.23301202058792114, 0.20914305746555328, 0.9156666994094849, -0.6103719472885132, -0.424094557762146, 0.39652541279792786, 0.5388482809066772, -0.4109262526035309, 0.12045025080442429, 0.36226412653923035, 0.8278865218162537, 0.490948885679245, 0.7215770483016968, 0.006113046780228615, 0.4881172776222229, 0.2893293797969818, 0.4146791398525238, 0.040717486292123795, 0.8617841005325317, 0.07490963488817215, 0.07936852425336838, -0.024104680866003036, 0.9937344789505005, -0.3478078842163086, -0.016533147543668747, -0.016493871808052063, 0.9372749924659729, 0.13565945625305176, -0.0005948268808424473, -2.8200379809106835e-09, 0.9907553791999817, -0.48164695501327515, 0.0021118992008268833, -1.1756267959128763e-08, 0.8763628005981445, 0.05935079976916313, 0.9190335273742676, -0.04895636811852455, 0.3865981698036194, 0.26272910833358765, -0.47704634070396423, 0.7664163708686829, 0.3405967950820923, -0.3460547924041748, 0.06013704091310501, 0.028281498700380325, 0.9358577728271484, 0.5524863600730896, -0.09400652348995209, 0.09762974083423615, 0.8224292993545532, 0.409585177898407, 0.007326123770326376, 0.09334474802017212, 0.9074541926383972, 0.5913834571838379, -0.45593830943107605, 0.40969473123550415, 0.5239619612693787, -0.3100633919239044, -0.028802787885069847, -0.004156695678830147, 0.950270414352417, 0.5492892265319824, 0.10429631173610687, -0.1479121297597885, 0.8157975673675537, 0.40865209698677063, -0.007837073877453804, -0.09436839073896408, 0.9077646732330322, -0.529621422290802, -0.542263388633728, -0.5344583988189697, 0.37390607595443726, -0.052716124802827835, 0.003073204541578889, -0.011730175465345383, 0.9985359311103821, 0.03754527494311333, 0.007636851631104946, -0.010563303716480732, 0.9992099404335022, -0.5951893329620361, 0.37973928451538086, -0.4063722789287567, 0.5800080895423889, -0.16425785422325134, 0.020504575222730637, -0.03852841258049011, 0.9854514002799988, 0.5095415115356445, -0.6931491494178772, -0.0606774240732193, 0.5061916708946228, 0.24458235502243042, -0.2386741191148758, 0.21781329810619354, 0.9142054319381714, -0.6092801690101624, -0.4297853410243988, 0.39702287316322327, 0.5351963639259338, -0.38086017966270447, 0.1473153829574585, 0.3268977403640747, 0.8522802591323853, 0.4926421642303467, 0.7244136333465576, 0.0047907233238220215, 0.4821884036064148, 0.28705528378486633, 0.40841495990753174, 0.060677338391542435, 0.8643580079078674, 0.0920698344707489, 0.07948489487171173, -0.027770522981882095, 0.9921865463256836, -0.3608033359050751, -0.009786352515220642, -0.019841838628053665, 0.9323794841766357, 0.1356593668460846, -0.0005947666941210628, -3.947685911498411e-08, 0.9907553791999817, -0.4816470146179199, 0.002111945766955614, 3.1217208817935216e-09, 0.8763628005981445, 0.056786663830280304, 0.9231823682785034, -0.04992927983403206, 0.37685099244117737, 0.26251310110092163, -0.47287821769714355, 0.7709320187568665, 0.33635827898979187, -0.33602309226989746, 0.058883897960186005, 0.028405573219060898, 0.9395819902420044, 0.5399631261825562, -0.08913590013980865, 0.10495391488075256, 0.8303489089012146, 0.4099489450454712, 0.007332535460591316, 0.09339117258787155, 0.9072850942611694, 0.5929624438285828, -0.4418416917324066, 0.42181065678596497, 0.5246400833129883, -0.3152512013912201, -0.02950313873589039, -0.004170056898146868, 0.9485403895378113, 0.5574448704719543, 0.09463527798652649, -0.14311523735523224, 0.8122915029525757, 0.39810773730278015, -0.010069893673062325, -0.09081809967756271, 0.9127764701843262, -0.5295602679252625, -0.5420474410057068, -0.5368096232414246, 0.37092581391334534, -0.055166974663734436, 0.005894698202610016, -0.013630911707878113, 0.9983667135238647, 0.03705296292901039, 0.00858722347766161, -0.011258447542786598, 0.9992129802703857, -0.5969240069389343, 0.38280194997787476, -0.4053272008895874, 0.5769352912902832, -0.20592659711837769, 0.014949313364923, -0.035973336547613144, 0.9777917265892029, 0.5148565769195557, -0.7012647986412048, -0.06103335693478584, 0.489311158657074, 0.23217952251434326, -0.25137224793434143, 0.20750339329242706, 0.916431725025177, -0.6159285306930542, -0.4318365454673767, 0.3892374634742737, 0.5316423177719116, -0.3697100281715393, 0.1658519208431244, 0.29458966851234436, 0.865462064743042, 0.4950774610042572, 0.7274339199066162, 0.004697016440331936, 0.4750960171222687, 0.2900402843952179, 0.40424081683158875, 0.07277929037809372, 0.8643894791603088, 0.10241944342851639, 0.07469114661216736, -0.027168136090040207, 0.9915611147880554, -0.3699198365211487, 0.0020424560643732548, -0.018931977450847626, 0.9288685321807861, 0.13565942645072937, -0.0005948174512013793, 2.2556630341341588e-08, 0.9907553791999817, -0.48164695501327515, 0.0021118775475770235, 0.0, 0.8763628005981445, 0.05753020569682121, 0.9225054979324341, -0.04325390234589577, 0.3792136013507843, 0.25480055809020996, -0.5002413392066956, 0.7495850920677185, 0.3506530225276947, -0.2511315941810608, 0.04836224019527435, 0.02566981315612793, 0.9664031863212585, 0.4851565659046173, -0.06928376108407974, 0.11276642233133316, 0.8643532991409302, 0.4138585329055786, 0.006610095966607332, 0.094890296459198, 0.905358076095581, 0.586496114730835, -0.44247427582740784, 0.41744503378868103, 0.5347694754600525, -0.2812599539756775, -0.02540898136794567, -0.002348033944144845, 0.9592922925949097, 0.5219614505767822, 0.07483576238155365, -0.13913245499134064, 0.8382112383842468, 0.40432706475257874, -0.009050622582435608, -0.09272105246782303, 0.909857451915741, -0.5291646718978882, -0.5396468639373779, -0.5408170223236084, 0.3691653609275818, -0.05894377827644348, 0.013681267388164997, -0.015846140682697296, 0.9980417490005493, 0.037177156656980515, 0.010662609711289406, -0.011679554358124733, 0.9991835355758667, -0.602455735206604, 0.38609427213668823, -0.40174487233161926, 0.5714712738990784, -0.2669098675251007, -0.0061144051142036915, -0.06317595392465591, 0.9616291522979736, 0.5154012441635132, -0.7050769329071045, -0.05772864818572998, 0.48362743854522705, 0.21585480868816376, -0.26822391152381897, 0.17916239798069, 0.9216092228889465, -0.62689208984375, -0.4305519461631775, 0.3777162730693817, 0.5281683802604675, -0.3731638491153717, 0.1764124631881714, 0.2788134217262268, 0.8671162128448486, 0.4965261220932007, 0.7280134558677673, 0.004247274249792099, 0.47269466519355774, 0.29610738158226013, 0.4021201729774475, 0.0764288529753685, 0.8630054593086243, 0.09626708924770355, 0.07405902445316315, -0.024135923013091087, 0.9923030734062195, -0.37218791246414185, 0.004332266747951508, -0.015788206830620766, 0.9280129671096802, 0.13565953075885773, -0.0005948399775661528, 3.8536846602710284e-08, 0.9907553791999817, -0.48164692521095276, 0.0021118680015206337, 1.1689848200546749e-08, 0.8763628005981445, 0.050637517124414444, 0.9176454544067383, -0.042806226760149, 0.3918294310569763, 0.24508385360240936, -0.5323362946510315, 0.7222052812576294, 0.36738476157188416, -0.11709737777709961, 0.03151533380150795, 0.020350925624370575, 0.9924116134643555, 0.3805181384086609, -0.04626915603876114, 0.11405238509178162, 0.9165463447570801, 0.42216232419013977, 0.005010653752833605, 0.09811867773532867, 0.9011806845664978, 0.5747779607772827, -0.44226905703544617, 0.3999401032924652, 0.5604249835014343, -0.19616805016994476, -0.01665518246591091, 0.0009755789651535451, 0.9804283380508423, 0.4475253224372864, 0.05471879243850708, -0.13241475820541382, 0.8827192783355713, 0.4198250472545624, -0.00632378738373518, -0.097237728536129, 0.9023590683937073, -0.5234154462814331, -0.546342670917511, -0.5382209420204163, 0.3713008463382721, -0.05914798006415367, 0.022835521027445793, -0.01829889416694641, 0.997820258140564, 0.03759027644991875, 0.013518551364541054, -0.012529709376394749, 0.9991232752799988, -0.6077860593795776, 0.3883678913116455, -0.39717724919319153, 0.5674651861190796, -0.3405894935131073, -0.04318913072347641, -0.12352550029754639, 0.9310612082481384, 0.5127619504928589, -0.699882984161377, -0.055273089557886124, 0.49414965510368347, 0.20929983258247375, -0.28052690625190735, 0.16482797265052795, 0.9221334457397461, -0.6288397908210754, -0.42778927087783813, 0.37575894594192505, 0.5294922590255737, -0.3830975592136383, 0.18678389489650726, 0.27558159828186035, 0.861627995967865, 0.49614760279655457, 0.7280696034431458, 0.003421167843043804, 0.47301220893859863, 0.3015705943107605, 0.405534952878952, 0.08529409766197205, 0.8586742877960205, 0.08308963477611542, 0.07259106636047363, -0.018785513937473297, 0.9937171339988708, -0.3783878982067108, -0.0001866007223725319, -0.0120923463255167, 0.925568163394928, 0.13565956056118011, -0.0005948287434875965, -5.828078286640448e-08, 0.9907553791999817, -0.481646865606308, 0.002111941110342741, -5.207295572517978e-08, 0.8763629198074341, 0.03605946898460388, 0.914810061454773, -0.04778460040688515, 0.39942318201065063, 0.25511524081230164, -0.5398297309875488, 0.7033242583274841, 0.3857915699481964, -0.03861866146326065, 0.020143069326877594, 0.016872012987732887, 0.998908519744873, 0.29737454652786255, -0.0469634048640728, 0.12779630720615387, 0.9450031518936157, 0.41711997985839844, 0.005680071655660868, 0.09770990908145905, 0.9035659432411194, 0.5631204843521118, -0.4504508376121521, 0.4174894094467163, 0.552894115447998, -0.14925463497638702, -0.011028047651052475, 0.0034167615231126547, 0.9887313842773438, 0.37499019503593445, 0.06771955639123917, -0.14573633670806885, 0.9129936099052429, 0.41152602434158325, -0.00802676659077406, -0.09501060098409653, 0.9063966274261475, -0.5132390260696411, -0.5569922924041748, -0.5354370474815369, 0.37370097637176514, -0.057648055255413055, 0.03261673450469971, -0.02556503191590309, 0.9974765181541443, 0.038321997970342636, 0.01627674698829651, -0.013799184001982212, 0.9990375638008118, -0.6073957085609436, 0.3840181827545166, -0.39715251326560974, 0.5708506107330322, -0.4069465696811676, -0.06511508673429489, -0.1762382984161377, 0.8939208984375, 0.5111784934997559, -0.6941719651222229, -0.05388938635587692, 0.5039025545120239, 0.20518362522125244, -0.29076144099235535, 0.1478702872991562, 0.9227631092071533, -0.6163209676742554, -0.41592830419540405, 0.3883878290653229, 0.5443409085273743, -0.3929140269756317, 0.20268452167510986, 0.2564987242221832, 0.8595033288002014, 0.495190292596817, 0.7287685871124268, 0.0017888094298541546, 0.47294801473617554, 0.30184486508369446, 0.4088766872882843, 0.09358411282300949, 0.8561258912086487, 0.07667596638202667, 0.06102054566144943, -0.011647186242043972, 0.9951189160346985, -0.381178081035614, 0.0019818132277578115, -0.008554336614906788, 0.9244599342346191, 0.13565953075885773, -0.0005948232137598097, -5.076435982687144e-08, 0.9907553195953369, -0.48164695501327515, 0.0021119629964232445, -4.350483351345247e-08, 0.8763628005981445, 0.026092711836099625, 0.9147064089775085, -0.04856982082128525, 0.4003402888774872, 0.2777804732322693, -0.5301186442375183, 0.6907126903533936, 0.4058673083782196, -0.05212265998125076, 0.019969886168837547, 0.016087079420685768, 0.9983114004135132, 0.2789773941040039, -0.06514037400484085, 0.14012320339679718, 0.9477836489677429, 0.414286732673645, 0.0056358687579631805, 0.09805866330862045, 0.904831051826477, 0.5570390224456787, -0.46667560935020447, 0.4398840665817261, 0.5276583433151245, -0.14498041570186615, -0.009822248481214046, 0.004464111290872097, 0.9893757104873657, 0.34247809648513794, 0.08406812697649002, -0.1561974138021469, 0.9226287007331848, 0.3941637873649597, -0.01135473232716322, -0.09003426879644394, 0.914548933506012, -0.505628764629364, -0.5611556172370911, -0.5381203889846802, 0.3739926517009735, -0.05830753967165947, 0.03932182863354683, -0.03309780731797218, 0.9969747066497803, 0.03861510381102562, 0.01844150200486183, -0.015173405408859253, 0.998968780040741, -0.6074467301368713, 0.38226234912872314, -0.3968103229999542, 0.5722111463546753, -0.44757306575775146, -0.07133545726537704, -0.20996171236038208, 0.8663173317909241, 0.5114631652832031, -0.6911642551422119, -0.0532444603741169, 0.5078015327453613, 0.20041178166866302, -0.2965135872364044, 0.1295304149389267, 0.9247360229492188, -0.6031671762466431, -0.39983949065208435, 0.39988088607788086, 0.5625060796737671, -0.38653188943862915, 0.2132364958524704, 0.22232720255851746, 0.8693066239356995, 0.49409550428390503, 0.7294864654541016, 0.0011068223975598812, 0.4729883372783661, 0.3099219501018524, 0.40407711267471313, 0.09260152280330658, 0.8556255102157593, 0.07229466736316681, 0.05323941633105278, -0.006799600087106228, 0.9959381818771362, -0.3747987151145935, 0.0023704252671450377, -0.007000690326094627, 0.9270767569541931, 0.13565954566001892, -0.0005948268808424473, -3.760417754961054e-08, 0.9907553791999817, -0.48164692521095276, 0.0021119103766977787, -2.025797485316616e-08, 0.8763628005981445, 0.023388756439089775, 0.9157202839851379, -0.04221731424331665, 0.39890724420547485, 0.30171507596969604, -0.5157550573348999, 0.6833934783935547, 0.4194497764110565, -0.12729202210903168, 0.028690943494439125, 0.016149204224348068, 0.9913187026977539, 0.30386117100715637, -0.0678262785077095, 0.13123354315757751, 0.9411938190460205, 0.4255990982055664, 0.0028932576533406973, 0.10236012190580368, 0.8990992307662964, 0.5713884234428406, -0.4705401062965393, 0.43477702140808105, 0.5129095315933228, -0.1712314635515213, -0.013044417835772038, 0.003447412746027112, 0.985138475894928, 0.3495579659938812, 0.06200849264860153, -0.14213134348392487, 0.923992931842804, 0.39666229486465454, -0.010970518924295902, -0.09054343402385712, 0.9134224653244019, -0.5018433332443237, -0.5586475729942322, -0.5452197790145874, 0.3725607693195343, -0.06205293536186218, 0.04223647341132164, -0.038476791232824326, 0.9964361786842346, 0.038376543670892715, 0.02054920606315136, -0.016593413427472115, 0.9989142417907715, -0.6110448241233826, 0.3836430609226227, -0.39308294653892517, 0.5700246691703796, -0.46364885568618774, -0.06451037526130676, -0.2303144335746765, 0.8531256914138794, 0.5126948952674866, -0.6904048323631287, -0.05389915406703949, 0.5075233578681946, 0.19971884787082672, -0.3006061613559723, 0.12751340866088867, 0.9238445162773132, -0.5937880873680115, -0.38588765263557434, 0.4066145122051239, 0.5772098302841187, -0.3564828932285309, 0.21772772073745728, 0.17543621361255646, 0.8914800882339478, 0.49226972460746765, 0.728417694568634, 0.001468129688873887, 0.4765249490737915, 0.3235887885093689, 0.3894830048084259, 0.08608648926019669, 0.8580107688903809, 0.06765985488891602, 0.0494435615837574, -0.0038409805856645107, 0.9964751601219177, -0.36384984850883484, 0.0017977706156671047, -0.006617298349738121, 0.9314323663711548, 0.13565947115421295, -0.0005948409670963883, -2.2563975576872508e-08, 0.9907553791999817, -0.48164695501327515, 0.0021119152661412954, 2.1254269455539543e-09, 0.8763628005981445, 0.028075508773326874, 0.9138270616531372, -0.03282187134027481, 0.40380018949508667, 0.30497047305107117, -0.5098385214805603, 0.6909486055374146, 0.4118832051753998, -0.20898807048797607, 0.03976722061634064, 0.017203666269779205, 0.9769578576087952, 0.36704879999160767, -0.06567298620939255, 0.1109132468700409, 0.921227753162384, 0.45120131969451904, -0.002439317759126425, 0.110352523624897, 0.8855697512626648, 0.605923056602478, -0.4539373219013214, 0.3920155465602875, 0.522610604763031, -0.2041131854057312, -0.018092794343829155, -1.5343157429015264e-05, 0.9787800908088684, 0.3779408633708954, 0.027847478166222572, -0.12069801241159439, 0.9175059795379639, 0.45073866844177246, -0.00032780581386759877, -0.10649549216032028, 0.8862805962562561, -0.5021058320999146, -0.5532881021499634, -0.5526548624038696, 0.3692353069782257, -0.06492488086223602, 0.042556751519441605, -0.04037279263138771, 0.9961645603179932, 0.03768039867281914, 0.022345280274748802, -0.017600782215595245, 0.9988849759101868, -0.6157082915306091, 0.38386330008506775, -0.38752931356430054, 0.568659245967865, -0.4605584740638733, -0.05544489994645119, -0.2393074929714203, 0.8529617190361023, 0.5154886245727539, -0.693800687789917, -0.054870348423719406, 0.4999013841152191, 0.19912533462047577, -0.2993216812610626, 0.13167694211006165, 0.9238056540489197, -0.588748574256897, -0.38801270723342896, 0.4118000864982605, 0.5772712230682373, -0.2951921224594116, 0.2254229038953781, 0.11859703809022903, 0.9208588004112244, 0.48758020997047424, 0.7210869789123535, 0.002798869274556637, 0.49223092198371887, 0.33708590269088745, 0.3654700219631195, 0.07659051567316055, 0.8642561435699463, 0.0637488141655922, 0.03922576457262039, 0.0010771986562758684, 0.997194230556488, -0.35600724816322327, 0.00809165183454752, -0.004214155487716198, 0.9344386458396912, 0.13565948605537415, -0.0005948184407316148, 5.636403788145117e-09, 0.9907553791999817, -0.481646865606308, 0.002111908048391342, -5.247147161213661e-09, 0.8763629198074341, 0.033848755061626434, 0.9077056646347046, -0.03211753070354462, 0.4170050024986267, 0.30392178893089294, -0.48969146609306335, 0.7092282772064209, 0.4059915840625763, -0.26274123787879944, 0.04666058346629143, 0.01747204177081585, 0.9635790586471558, 0.44852328300476074, -0.08837920427322388, 0.10433895140886307, 0.8832493424415588, 0.4416998326778412, -0.0008345580426976085, 0.10719525068998337, 0.8907355666160583, 0.6100895404815674, -0.4605588912963867, 0.3814449906349182, 0.5197845697402954, -0.23309078812599182, -0.02121114917099476, -0.0014933201018720865, 0.9722224473953247, 0.446760892868042, 0.07508517056703568, -0.1172892302274704, 0.8837478160858154, 0.4679655432701111, 0.00405466090887785, -0.11278482526540756, 0.8765109777450562, -0.5036270618438721, -0.5506440997123718, -0.5566017031669617, 0.3651648461818695, -0.06006680801510811, 0.04307549446821213, -0.04058697447180748, 0.9964382648468018, 0.037356749176979065, 0.023048458620905876, -0.017825528979301453, 0.9988771080970764, -0.6160814762115479, 0.38089463114738464, -0.38520967960357666, 0.5718185305595398, -0.4494441747665405, -0.05727614834904671, -0.235423743724823, 0.8598226308822632, 0.518559455871582, -0.6994069814682007, -0.05525403842329979, 0.4887464642524719, 0.1946069896221161, -0.2928343713283539, 0.13538908958435059, 0.9263076782226562, -0.5912750363349915, -0.404005765914917, 0.41070491075515747, 0.564353346824646, -0.2245780974626541, 0.22237996757030487, 0.06443944573402405, 0.9465513229370117, 0.4825492203235626, 0.7106932997703552, 0.0055446806363761425, 0.5118891000747681, 0.3483473062515259, 0.3407638967037201, 0.06375942379236221, 0.8709011673927307, 0.0611136369407177, 0.014659556560218334, 0.008909562602639198, 0.9979833960533142, -0.3528197109699249, 0.023440847173333168, -0.00020941966795362532, 0.9353976249694824, 0.13565951585769653, -0.0005948193720541894, -9.400126899095085e-09, 0.9907553195953369, -0.48164695501327515, 0.0021119469311088324, -1.487798861887768e-08, 0.8763628005981445, 0.037374407052993774, 0.9027270078659058, -0.03556201606988907, 0.42710939049720764, 0.3088093400001526, -0.45933595299720764, 0.733953595161438, 0.39364898204803467, -0.32682502269744873, 0.05495316907763481, 0.01803954504430294, 0.9433133602142334, 0.5246303081512451, -0.11053366959095001, 0.10042304545640945, 0.8381292223930359, 0.4096505641937256, 0.005491277202963829, 0.0963691771030426, 0.9071214199066162, 0.6203079223632812, -0.4479444921016693, 0.38704121112823486, 0.5145511627197266, -0.2878054976463318, -0.027182720601558685, -0.003692047903314233, 0.9572959542274475, 0.5332800149917603, 0.10886099189519882, -0.10534962266683578, 0.8322638869285583, 0.443698912858963, -0.0003432529920246452, -0.10555502772331238, 0.8899378180503845, -0.5074215531349182, -0.5474421977996826, -0.5599620342254639, 0.35954540967941284, -0.05348728224635124, 0.04257586598396301, -0.04013287276029587, 0.9968529343605042, 0.03699374943971634, 0.02334834635257721, -0.01756197400391102, 0.9988883137702942, -0.6135156750679016, 0.3856053650379181, -0.3880598545074463, 0.569487988948822, -0.4334050416946411, -0.07252184301614761, -0.21444359421730042, 0.8723042607307434, 0.522017776966095, -0.7042321562767029, -0.055893220007419586, 0.477944016456604, 0.18968722224235535, -0.284514844417572, 0.13199502229690552, 0.9304017424583435, -0.5931751728057861, -0.4206559956073761, 0.4101037383079529, 0.5504604578018188, -0.17016330361366272, 0.22491538524627686, 0.021011387929320335, 0.9591746926307678, 0.4807801842689514, 0.7038662433624268, 0.008769698441028595, 0.5228249430656433, 0.35291987657546997, 0.3188779950141907, 0.0522494800388813, 0.8780856132507324, 0.07492382079362869, -0.0035108516458421946, 0.013070249930024147, 0.9970974326133728, -0.3627173602581024, 0.03428730368614197, 0.0015101076569408178, 0.9312669634819031, 0.135659322142601, -0.0005948043544776738, 2.8200379809106835e-09, 0.9907553791999817, -0.48164692521095276, 0.0021119380835443735, -5.313567186249202e-08, 0.8763628005981445, 0.03948559984564781, 0.9020252823829651, -0.038565706461668015, 0.4281401038169861, 0.31673890352249146, -0.43082985281944275, 0.7523543834686279, 0.3847402036190033, -0.37920334935188293, 0.06152258440852165, 0.018997887149453163, 0.9230703711509705, 0.5665909647941589, -0.1289706528186798, 0.10349347442388535, 0.8072362542152405, 0.3935717046260834, 0.008562324568629265, 0.09096048772335052, 0.9147427082061768, 0.6308548450469971, -0.4307791590690613, 0.408570796251297, 0.4995211660861969, -0.3504570722579956, -0.03380274027585983, -0.00597033416852355, 0.9359495639801025, 0.5897095203399658, 0.12132279574871063, -0.09880039095878601, 0.7923142910003662, 0.4225422739982605, -0.0044171931222081184, -0.09893324971199036, 0.9009166359901428, -0.5108309388160706, -0.5438392162322998, -0.5627095699310303, 0.355877161026001, -0.0522565059363842, 0.03963059186935425, -0.040009599179029465, 0.9970446228981018, 0.036489441990852356, 0.023013316094875336, -0.01707627810537815, 0.9989230632781982, -0.6107370853424072, 0.3929479122161865, -0.39196860790252686, 0.5647590756416321, -0.4237276315689087, -0.0873003602027893, -0.17702588438987732, 0.8840222954750061, 0.5263595581054688, -0.7088674902915955, -0.0578492172062397, 0.4659463167190552, 0.19091081619262695, -0.2784769833087921, 0.13459554314613342, 0.9316049218177795, -0.592910885810852, -0.42936310172080994, 0.4110928177833557, 0.5432373285293579, -0.15506067872047424, 0.23176309466362, -0.0032398984767496586, 0.9603288769721985, 0.48354730010032654, 0.7053416967391968, 0.010858402587473392, 0.5182250738143921, 0.35158705711364746, 0.31141817569732666, 0.04563479870557785, 0.8816590905189514, 0.09986971318721771, -0.007751120254397392, 0.011771616525948048, 0.9949007034301758, -0.380254328250885, 0.03621816262602806, 7.758564606774598e-05, 0.9241725206375122, 0.1356593519449234, -0.0005948052275925875, -6.392085794004743e-08, 0.9907553791999817, -0.48164692521095276, 0.0021119064185768366, -2.1254269455539543e-09, 0.8763628005981445, 0.046131681650877, 0.9084349274635315, -0.036060888320207596, 0.41390514373779297, 0.30588576197624207, -0.4385630488395691, 0.750467836856842, 0.38845133781433105, -0.3711795508861542, 0.060570329427719116, 0.019846362993121147, 0.9263709187507629, 0.56114661693573, -0.13067100942134857, 0.11025204509496689, 0.8098666667938232, 0.3953571319580078, 0.008306951262056828, 0.09148537367582321, 0.9139224290847778, 0.6230608820915222, -0.4381648004055023, 0.42233705520629883, 0.4913635849952698, -0.3562832474708557, -0.03431444987654686, -0.0055299000814557076, 0.9337313175201416, 0.5911145806312561, 0.11762475967407227, -0.0997980460524559, 0.7916996479034424, 0.42116880416870117, -0.0047202943824231625, -0.09859154373407364, 0.901595413684845, -0.5125073194503784, -0.538266122341156, -0.5661805272102356, 0.3564342260360718, -0.05701009929180145, 0.03423769026994705, -0.03994046524167061, 0.9969866871833801, 0.036140087991952896, 0.02148892730474472, -0.016640156507492065, 0.9989770650863647, -0.6120063066482544, 0.3924158215522766, -0.3908548355102539, 0.5645269751548767, -0.4363356828689575, -0.07598649710416794, -0.14577585458755493, 0.884639322757721, 0.529654324054718, -0.7120870351791382, -0.060492679476737976, 0.45687973499298096, 0.1993938535451889, -0.2807709574699402, 0.15121455490589142, 0.9265764355659485, -0.5976597666740417, -0.4281093180179596, 0.40636205673217773, 0.5425819158554077, -0.19662471115589142, 0.23067131638526917, 0.018970878794789314, 0.9527694582939148, 0.4900265038013458, 0.7159035801887512, 0.009757704101502895, 0.4972533583641052, 0.3425779938697815, 0.3272302746772766, 0.05578562244772911, 0.8788905739784241, 0.10588240623474121, -0.0003807772300206125, 0.0059239622205495834, 0.9943609833717346, -0.38620513677597046, 0.035272758454084396, -0.0038070455193519592, 0.9217303991317749, 0.13565945625305176, -0.0005948362522758543, 3.6660491531392836e-08, 0.9907553791999817, -0.48164698481559753, 0.002111881272867322, 4.184434132525894e-09, 0.8763628005981445, 0.051757022738456726, 0.9136205315589905, -0.03727998957037926, 0.40153321623802185, 0.28419628739356995, -0.47169172763824463, 0.7337102293968201, 0.39800599217414856, -0.30253905057907104, 0.0522482767701149, 0.019821975380182266, 0.9514974355697632, 0.520733654499054, -0.11663893610239029, 0.11245625466108322, 0.8382037281990051, 0.4024618864059448, 0.007189158815890551, 0.09368520975112915, 0.9106019139289856, 0.6080664396286011, -0.45198047161102295, 0.4048503041267395, 0.5119229555130005, -0.2851179540157318, -0.026768194511532784, -0.0016244415892288089, 0.9581171870231628, 0.5503084659576416, 0.09973256289958954, -0.09539414197206497, 0.8234767913818359, 0.42205700278282166, -0.004762865602970123, -0.09877428412437439, 0.9011597037315369, -0.5151522159576416, -0.5394432544708252, -0.5597146153450012, 0.3610244691371918, -0.058468353003263474, 0.026945559307932854, -0.03513168543577194, 0.9973070025444031, 0.036794986575841904, 0.019089816138148308, -0.015817176550626755, 0.9990152716636658, -0.6138138175010681, 0.3912966847419739, -0.388947457075119, 0.5646587014198303, -0.43831759691238403, -0.06601177901029587, -0.13627615571022034, 0.8859734535217285, 0.5278835296630859, -0.7109189629554749, -0.059219151735305786, 0.4608972668647766, 0.19855107367038727, -0.28177157044410706, 0.14239071309566498, 0.9278508424758911, -0.6097935438156128, -0.42961257696151733, 0.3935241997241974, 0.5373300909996033, -0.2451326996088028, 0.20295070111751556, 0.08753056079149246, 0.9439594149589539, 0.49557480216026306, 0.7263447642326355, 0.00657655019313097, 0.4762202203273773, 0.32708051800727844, 0.3432108163833618, 0.08338116854429245, 0.8765114545822144, 0.08958824723958969, 0.006894577760249376, -0.0002734838053584099, 0.9959549903869629, -0.3871879279613495, 0.04327550530433655, -0.006522865034639835, 0.9209615588188171, 0.13565956056118011, -0.0005948211764916778, 3.571680906588881e-08, 0.9907553791999817, -0.48164698481559753, 0.0021119003649801016, -2.450882874427407e-08, 0.8763628005981445, 0.04684550687670708, 0.9167189002037048, -0.03692125901579857, 0.3950554430484772, 0.2754720449447632, -0.49732711911201477, 0.7148328423500061, 0.4071792662143707, -0.22751963138580322, 0.043115634471178055, 0.019354619085788727, 0.9726259708404541, 0.45300889015197754, -0.10038783401250839, 0.11438500881195068, 0.878419816493988, 0.4178920388221741, 0.004384589847177267, 0.09873823076486588, 0.9031045436859131, 0.6006724238395691, -0.45162656903266907, 0.38701125979423523, 0.5342736840248108, -0.21003800630569458, -0.018774958327412605, 0.0017448196886107326, 0.9775114059448242, 0.48842504620552063, 0.06479893624782562, -0.09433859586715698, 0.8650678396224976, 0.42893555760383606, -0.0038611292839050293, -0.10054119676351547, 0.8977142572402954, -0.5178427696228027, -0.5427831411361694, -0.5483796000480652, 0.36946603655815125, -0.0572579987347126, 0.02009699121117592, -0.02710110880434513, 0.9977891445159912, 0.037672463804483414, 0.016594553366303444, -0.014514930546283722, 0.9990469217300415, -0.6134620308876038, 0.3869871497154236, -0.3886634409427643, 0.5681954622268677, -0.42598843574523926, -0.050755541771650314, -0.12228111922740936, 0.8949888348579407, 0.524996280670166, -0.7095542550086975, -0.0583345927298069, 0.4663783311843872, 0.20272374153137207, -0.2799812853336334, 0.14301493763923645, 0.9273943901062012, -0.6190184950828552, -0.4336485266685486, 0.38448208570480347, 0.530036449432373, -0.297760009765625, 0.1666288673877716, 0.16545745730400085, 0.9253095388412476, 0.49953168630599976, 0.7331858277320862, 0.004389312118291855, 0.461397260427475, 0.3166988492012024, 0.3596250116825104, 0.10044963657855988, 0.8719412684440613, 0.07706151157617569, 0.01767035387456417, -0.00642455043271184, 0.9968490600585938, -0.38913100957870483, 0.043146587908267975, -0.008883330039680004, 0.9201285243034363, 0.13565951585769653, -0.0005948513280600309, 1.1280152811821154e-08, 0.9907553195953369, -0.48164698481559753, 0.0021118829026818275, -3.71949715471942e-09, 0.8763628005981445, 0.040071140974760056, 0.9188603162765503, -0.03887420892715454, 0.39061346650123596, 0.2779031991958618, -0.5157820582389832, 0.6949459314346313, 0.4168799817562103, -0.16024501621723175, 0.03499021753668785, 0.018803061917424202, 0.98627769947052, 0.37692153453826904, -0.08688130974769592, 0.11945819854736328, 0.9143913388252258, 0.42867428064346313, 0.002545267343521118, 0.10220404714345932, 0.8976560235023499, 0.6077903509140015, -0.4345664978027344, 0.37040966749191284, 0.5518510341644287, -0.15888695418834686, -0.013469182886183262, 0.003439954249188304, 0.9871988892555237, 0.4170748293399811, 0.029176965355873108, -0.09444167464971542, 0.903481125831604, 0.44046247005462646, -0.0020992278587073088, -0.10360532999038696, 0.8917703628540039, -0.5215485692024231, -0.5429766774177551, -0.5379814505577087, 0.3791297674179077, -0.05587219446897507, 0.01486376952379942, -0.017229530960321426, 0.9981786012649536, 0.038073137402534485, 0.014239765703678131, -0.012935111299157143, 0.999089777469635, -0.6090800166130066, 0.37759894132614136, -0.39185577630996704, 0.576965868473053, -0.403391033411026, -0.028225205838680267, -0.09861353784799576, 0.9092603325843811, 0.5219398140907288, -0.7080849409103394, -0.05882155895233154, 0.471947580575943, 0.21515139937400818, -0.27694085240364075, 0.16049674153327942, 0.9226345419883728, -0.6260535717010498, -0.4374137222766876, 0.3783370554447174, 0.5230557322502136, -0.3486965596675873, 0.1272161453962326, 0.23536695539951324, 0.8982366919517517, 0.5018665790557861, 0.736192524433136, 0.004282406996935606, 0.45401787757873535, 0.30914729833602905, 0.37632566690444946, 0.09707581996917725, 0.8679765462875366, 0.07157114148139954, 0.027213023975491524, -0.01284116879105568, 0.9969815611839294, -0.3874991536140442, 0.03790101781487465, -0.01205283310264349, 0.921011745929718, 0.13565948605537415, -0.0005948175094090402, 3.8540516555940485e-08, 0.9907553791999817, -0.48164698481559753, 0.002111841458827257, 3.8390524537135207e-08, 0.8763628005981445, 0.0354667492210865, 0.9210249185562134, -0.03989371657371521, 0.3858287036418915, 0.28193986415863037, -0.5272079110145569, 0.6808860898017883, 0.4230317771434784, -0.11794666945934296, 0.030357778072357178, 0.018630970269441605, 0.9923809170722961, 0.33394405245780945, -0.07705408334732056, 0.12374826520681381, 0.9312520623207092, 0.4240221381187439, 0.0038946105632930994, 0.10028263181447983, 0.9000741839408875, 0.6305006146430969, -0.3993166983127594, 0.3564377427101135, 0.5621097683906555, -0.15336236357688904, -0.013199180364608765, 0.0025132070295512676, 0.9880787134170532, 0.36662378907203674, 0.014954911544919014, -0.10403759777545929, 0.9244130849838257, 0.43639495968818665, -0.003527087392285466, -0.10165884345769882, 0.8939868211746216, -0.527346134185791, -0.5371431112289429, -0.5316272377967834, 0.38827285170555115, -0.05781660974025726, 0.006453000940382481, -0.00712326355278492, 0.998280942440033, 0.03749719634652138, 0.012275330722332, -0.011581068858504295, 0.9991542100906372, -0.6000047326087952, 0.368773490190506, -0.40056008100509644, 0.5861332416534424, -0.3673669397830963, -0.0038612366188317537, -0.06790707260370255, 0.9275857210159302, 0.5178623795509338, -0.7048228979110718, -0.06016327068209648, 0.48106512427330017, 0.22801955044269562, -0.2764149606227875, 0.19292080402374268, 0.9134458899497986, -0.6277964115142822, -0.4376242160797119, 0.3782050907611847, 0.520881712436676, -0.38953033089637756, 0.09833533316850662, 0.2847108542919159, 0.8703655004501343, 0.5025163888931274, 0.7354258298873901, 0.003960826434195042, 0.4545442759990692, 0.2987629771232605, 0.390994131565094, 0.10168628394603729, 0.8645948171615601, 0.0786537230014801, 0.03977680951356888, -0.02187192440032959, 0.9958679676055908, -0.3838246464729309, 0.023102208971977234, -0.018703844398260117, 0.9229274988174438, 0.13565939664840698, -0.0005948061589151621, 1.7856567779972465e-08, 0.9907553791999817, -0.48164698481559753, 0.002111865906044841, 2.769697005078342e-08, 0.8763628005981445, 0.03687514737248421, 0.9243173003196716, -0.041867922991514206, 0.37752464413642883, 0.2735469341278076, -0.5291277170181274, 0.690967857837677, 0.40958449244499207, -0.12726205587387085, 0.032626450061798096, 0.020059049129486084, 0.991129457950592, 0.35709264874458313, -0.056584667414426804, 0.11417553573846817, 0.9253361225128174, 0.42971059679985046, 0.003195671597495675, 0.10108419507741928, 0.8972851037979126, 0.6399505734443665, -0.38172608613967896, 0.36253270506858826, 0.5597485303878784, -0.1737872213125229, -0.01530567929148674, 0.0012301161186769605, 0.9846634864807129, 0.3740481734275818, 0.01152601558715105, -0.11089426279067993, 0.9206832647323608, 0.41957274079322815, -0.007185888011008501, -0.09613753110170364, 0.9025877714157104, -0.5320718288421631, -0.531736433506012, -0.5282454490661621, 0.39384353160858154, -0.06623928248882294, -0.0029830466955900192, -0.0007742912275716662, 0.9977990388870239, 0.03624578192830086, 0.009876118041574955, -0.010562143288552761, 0.9992383122444153, -0.5920587182044983, 0.3626353442668915, -0.4082769453525543, 0.5926820039749146, -0.3105134963989258, 0.02034803107380867, -0.042423322796821594, 0.9494038224220276, 0.5125178694725037, -0.7004222869873047, -0.06030722334980965, 0.493048757314682, 0.24363234639167786, -0.2672635316848755, 0.2171369045972824, 0.9066780805587769, -0.6275167465209961, -0.4330889880657196, 0.3795410096645355, 0.5240280628204346, -0.4192611873149872, 0.07799362391233444, 0.3106812536716461, 0.8494787812232971, 0.5028742551803589, 0.7342672348022461, 0.004265031311661005, 0.4560163915157318, 0.2921314537525177, 0.39768433570861816, 0.10145805031061172, 0.8638360500335693, 0.08901405334472656, 0.045016612857580185, -0.028088143095374107, 0.9946160316467285, -0.37485426664352417, 0.014852293767035007, -0.02373439259827137, 0.9266608953475952, 0.13565942645072937, -0.0005948541220277548, 1.1276479305877274e-08, 0.9907553791999817, -0.48164692521095276, 0.0021118076983839273, 5.951195447551072e-08, 0.8763628005981445, 0.04000883549451828, 0.9270545244216919, -0.04583222419023514, 0.3699576258659363, 0.2674541175365448, -0.5253130197525024, 0.7058227062225342, 0.3928471803665161, -0.16336598992347717, 0.038004640489816666, 0.022073227912187576, 0.9855861067771912, 0.4150674343109131, -0.05150200426578522, 0.10796386003494263, 0.9018926620483398, 0.42738068103790283, 0.004033644683659077, 0.09923481941223145, 0.8985999822616577, 0.6410959959030151, -0.3827683627605438, 0.3743492364883423, 0.5498607754707336, -0.19686779379844666, -0.017578087747097015, 0.00021037005353718996, 0.9802724719047546, 0.40842509269714355, 0.021729109808802605, -0.11902698129415512, 0.9047372341156006, 0.4148748517036438, -0.007959802635014057, -0.09496694058179855, 0.9048739075660706, -0.5359154343605042, -0.5279873013496399, -0.5276299715042114, 0.3945007622241974, -0.06972804665565491, -0.008726175874471664, 0.0028147317934781313, 0.9975239038467407, 0.03500156104564667, 0.00748687656596303, -0.009865392930805683, 0.9993105530738831, -0.590042769908905, 0.36162450909614563, -0.41043099761009216, 0.5938212871551514, -0.24287766218185425, 0.04390038549900055, -0.02413843385875225, 0.9687623381614685, 0.5092161297798157, -0.6953507661819458, -0.06149490550160408, 0.5033931732177734, 0.2588825523853302, -0.25559094548225403, 0.24176862835884094, 0.899556040763855, -0.6239937543869019, -0.4311816990375519, 0.3836534321308136, 0.5268057584762573, -0.4425545036792755, 0.06764723360538483, 0.3274364769458771, 0.8320785760879517, 0.5033111572265625, 0.7345356345176697, 0.006097961217164993, 0.45508038997650146, 0.2907886803150177, 0.40233099460601807, 0.09207279235124588, 0.8631885051727295, 0.0954284816980362, 0.05142955482006073, -0.031534478068351746, 0.9936065673828125, -0.364780992269516, 0.011276916600763798, -0.02556505799293518, 0.9306740164756775, 0.13565939664840698, -0.0005948315374553204, -7.050094730232104e-09, 0.9907553791999817, -0.48164698481559753, 0.002111918991431594, 1.0627134727769771e-08, 0.8763628005981445, 0.04480253532528877, 0.9283693432807922, -0.04790904000401497, 0.3658248782157898, 0.27074894309043884, -0.5136404633522034, 0.7198761105537415, 0.3803248405456543, -0.22401930391788483, 0.04573409631848335, 0.024492062628269196, 0.9732029438018799, 0.4886016547679901, -0.06782360374927521, 0.10439198464155197, 0.8635801672935486, 0.4076823890209198, 0.008006845600903034, 0.09255419671535492, 0.9083857536315918, 0.6449093222618103, -0.3880982995033264, 0.3855641782283783, 0.5336777567863464, -0.2339881956577301, -0.021262560039758682, -0.0017014415934681892, 0.9720054268836975, 0.45967915654182434, 0.04597966745495796, -0.13333575427532196, 0.8768138885498047, 0.4105106294155121, -0.008537068963050842, -0.0938698947429657, 0.9069710969924927, -0.5399701595306396, -0.5245640873908997, -0.5303918719291687, 0.3898068368434906, -0.06636903434991837, -0.00917960423976183, 0.0036781500093638897, 0.9977461695671082, 0.034343570470809937, 0.005839650984853506, -0.009450474753975868, 0.9993483424186707, -0.5912442207336426, 0.3629038333892822, -0.40937328338623047, 0.5925745964050293, -0.17989720404148102, 0.05975488945841789, -0.007703849114477634, 0.9818386435508728, 0.5076079368591309, -0.691733717918396, -0.06275356560945511, 0.5098044276237488, 0.2647784352302551, -0.24668897688388824, 0.2586290240287781, 0.8956271409988403, -0.620013415813446, -0.4342775344848633, 0.38848909735679626, 0.5254166722297668, -0.44983094930648804, 0.06428893655538559, 0.3358403444290161, 0.8250638246536255, 0.5046006441116333, 0.7363622188568115, 0.0076412842608988285, 0.4506556987762451, 0.29082420468330383, 0.4062880575656891, 0.07873092591762543, 0.8626428842544556, 0.09818576276302338, 0.055368173867464066, -0.03062654472887516, 0.9931545853614807, -0.3546889126300812, 0.015236579813063145, -0.022936316207051277, 0.9345787763595581, 0.13565948605537415, -0.0005947976605966687, -5.169702177454383e-08, 0.9907553791999817, -0.48164692521095276, 0.002111909445375204, 4.61616167513057e-08, 0.8763628005981445, 0.0476452074944973, 0.9276400804519653, -0.04954085871577263, 0.3670961558818817, 0.2845919132232666, -0.4860883951187134, 0.7407596111297607, 0.3660610318183899, -0.308299720287323, 0.05577792227268219, 0.02718438021838665, 0.9492635130882263, 0.5415754318237305, -0.09702279418706894, 0.1029675081372261, 0.8286617994308472, 0.389517605304718, 0.01134963147342205, 0.0869726613163948, 0.9168331027030945, 0.6535434126853943, -0.38675910234451294, 0.40666505694389343, 0.5078602433204651, -0.2966102957725525, -0.02772163413465023, -0.005780946929007769, 0.9545786380767822, 0.5048015117645264, 0.0751304104924202, -0.15536664426326752, 0.8458085656166077, 0.41027089953422546, -0.008286875672638416, -0.0940123200416565, 0.9070671796798706, -0.543707549571991, -0.5211710929870605, -0.5362036228179932, 0.3811149299144745, -0.05793958157300949, -0.008356519043445587, 0.0015800043474882841, 0.9982839226722717, 0.03413495048880577, 0.0053634848445653915, -0.009480400942265987, 0.9993578791618347, -0.590986967086792, 0.3657912611961365, -0.40993455052375793, 0.5906646847724915, -0.15234516561031342, 0.0555797815322876, 0.01043437235057354, 0.9867081642150879, 0.5100980401039124, -0.6936607360839844, -0.06498335301876068, 0.5043926239013672, 0.26553934812545776, -0.24081939458847046, 0.27380314469337463, 0.8924834728240967, -0.6173684597015381, -0.4431469738483429, 0.3917562663555145, 0.5186560153961182, -0.42975565791130066, 0.07173581421375275, 0.33109796047210693, 0.8369815945625305, 0.5054523348808289, 0.7380026578903198, 0.007866442203521729, 0.44699907302856445, 0.28674763441085815, 0.4070309102535248, 0.07475154101848602, 0.8640103340148926, 0.10357333719730377, 0.0572599433362484, -0.02659214287996292, 0.9926161170005798, -0.34991028904914856, 0.0255320705473423, -0.017302734777331352, 0.9362753629684448, 0.1356593817472458, -0.0005947855534031987, -9.400126543823717e-08, 0.9907553791999817, -0.48164698481559753, 0.002111971378326416, -7.970351489916538e-09, 0.8763628005981445, 0.04954373091459274, 0.9228006601333618, -0.04566214606165886, 0.37934061884880066, 0.29802247881889343, -0.46700409054756165, 0.7473772764205933, 0.36676570773124695, -0.34468206763267517, 0.05984921380877495, 0.027212921530008316, 0.936414361000061, 0.5549076795578003, -0.10310503095388412, 0.09886462241411209, 0.8195563554763794, 0.3892022371292114, 0.011232861317694187, 0.08712826669216156, 0.9169537425041199, 0.6568168997764587, -0.38397112488746643, 0.4134044647216797, 0.5002543926239014, -0.3290921449661255, -0.031194373965263367, -0.008501525036990643, 0.9437441825866699, 0.5197895169258118, 0.07804547995328903, -0.16729086637496948, 0.8341112732887268, 0.4106013774871826, -0.00830368883907795, -0.09393628686666489, 0.9069253206253052, -0.5448420643806458, -0.5202850103378296, -0.5400219559669495, 0.3752692937850952, -0.059884246438741684, -0.011629539541900158, -0.0017387563129886985, 0.998136043548584, 0.03389532119035721, 0.006262582261115313, -0.009696627967059612, 0.9993587732315063, -0.5906481146812439, 0.37011367082595825, -0.4114212691783905, 0.5872676372528076, -0.18041600286960602, 0.025920605286955833, 0.014935056678950787, 0.9831354022026062, 0.5146297216415405, -0.7010049819946289, -0.06589764356613159, 0.4892910420894623, 0.25410202145576477, -0.25029176473617554, 0.2797072231769562, 0.8913754224777222, -0.6163957715034485, -0.44425803422927856, 0.3927854597568512, 0.5180836319923401, -0.42003417015075684, 0.08385927975177765, 0.3147047460079193, 0.8470536470413208, 0.504524290561676, 0.7361449003219604, 0.007757655344903469, 0.4510940611362457, 0.2842736542224884, 0.405304491519928, 0.07770638167858124, 0.86537766456604, 0.11964093893766403, 0.06296723335981369, -0.024881279096007347, 0.9905059933662415, -0.3669194281101227, 0.03613611310720444, -0.013052350841462612, 0.9294589757919312, 0.13565942645072937, -0.0005947892786934972, -1.9740264534107155e-08, 0.9907553791999817, -0.48164692521095276, 0.0021119301673024893, -3.5069543713461826e-08, 0.8763628005981445, 0.05711326748132706, 0.9153014421463013, -0.038344815373420715, 0.3968513011932373, 0.2945956885814667, -0.4777815043926239, 0.7329053282737732, 0.3844320774078369, -0.31054311990737915, 0.05563616007566452, 0.02504698745906353, 0.948599100112915, 0.5362309217453003, -0.10035098344087601, 0.0950622484087944, 0.8326759934425354, 0.39041686058044434, 0.010906784795224667, 0.08781319856643677, 0.9163757562637329, 0.6540343165397644, -0.38763707876205444, 0.3814953863620758, 0.5257737040519714, -0.2974734604358673, -0.028211457654833794, -0.00770573690533638, 0.9542821049690247, 0.5081215500831604, 0.0723707377910614, -0.16014555096626282, 0.8431656956672668, 0.41318994760513306, -0.00797350611537695, -0.09441835433244705, 0.905701756477356, -0.5427858829498291, -0.5233386158943176, -0.5425263047218323, 0.37035855650901794, -0.06425347179174423, -0.005823846906423569, -0.0061532072722911835, 0.9978976249694824, 0.03398245945572853, 0.008441905491054058, -0.009853015653789043, 0.9993382096290588, -0.5967311859130859, 0.3733883202075958, -0.40577152371406555, 0.5829602479934692, -0.22015057504177094, -0.010071824304759502, -0.01521913893520832, 0.9752951860427856, 0.516116738319397, -0.705112874507904, -0.06347745656967163, 0.48208922147750854, 0.23721401393413544, -0.2580113708972931, 0.25528204441070557, 0.9011052846908569, -0.6241334080696106, -0.43799522519111633, 0.38408181071281433, 0.5206716060638428, -0.42719945311546326, 0.08910615742206573, 0.3085119128227234, 0.8452106714248657, 0.5031987428665161, 0.7342450618743896, 0.00827060081064701, 0.4556390047073364, 0.29170045256614685, 0.3998772203922272, 0.0717650055885315, 0.8659439086914062, 0.10520125925540924, 0.07447537034749985, -0.02394685707986355, 0.9913691282272339, -0.3668813109397888, 0.03266702964901924, -0.009985257871448994, 0.9296404123306274, 0.1356593370437622, -0.0005947779281996191, -1.5043873702325072e-08, 0.9907553791999817, -0.48164692521095276, 0.002111939014866948, -4.317273649689923e-09, 0.8763628005981445, 0.061075061559677124, 0.9060512781143188, -0.032148052006959915, 0.41750144958496094, 0.2882624864578247, -0.5018890500068665, 0.7039614319801331, 0.4116435945034027, -0.22506976127624512, 0.04462729021906853, 0.02153385616838932, 0.9730818867683411, 0.4860028028488159, -0.0829506516456604, 0.09948564320802689, 0.8643049597740173, 0.39757153391838074, 0.009299282915890217, 0.09062820672988892, 0.9130371809005737, 0.6473812460899353, -0.388759583234787, 0.33687007427215576, 0.5623896718025208, -0.23335662484169006, -0.021645573899149895, -0.004802647512406111, 0.9721384048461914, 0.47185418009757996, 0.05658230930566788, -0.1462303251028061, 0.8676224946975708, 0.4218105673789978, -0.006524278782308102, -0.09665575623512268, 0.9014937281608582, -0.5361157059669495, -0.5293554067611694, -0.5438771843910217, 0.36954089999198914, -0.0647319033741951, 0.00475845905020833, -0.012040093541145325, 0.9978187084197998, 0.03514127433300018, 0.01202795933932066, -0.010330118238925934, 0.9992566108703613, -0.6016979813575745, 0.38127267360687256, -0.4029129445552826, 0.5746753811836243, -0.26202192902565, -0.06139454245567322, -0.07657324522733688, 0.9600582122802734, 0.5133270025253296, -0.7051646709442139, -0.05842714384198189, 0.48561766743659973, 0.22069577872753143, -0.2667663097381592, 0.22199107706546783, 0.9115092754364014, -0.6326626539230347, -0.43283286690711975, 0.37527939677238464, 0.521113395690918, -0.43011343479156494, 0.1051882952451706, 0.3138585686683655, 0.8398992419242859, 0.5015405416488647, 0.7318407297134399, 0.007052104454487562, 0.46132051944732666, 0.2995411157608032, 0.39753350615501404, 0.06888598948717117, 0.8645790815353394, 0.08127616345882416, 0.08709714561700821, -0.025463316589593887, 0.9925522208213806, -0.3701793849468231, 0.017880404368042946, -0.010455229319632053, 0.9287293553352356, 0.13565942645072937, -0.0005948446923866868, -9.403797740503705e-09, 0.9907553791999817, -0.4816471040248871, 0.0021119851153343916, -5.957837956316325e-08, 0.8763627409934998, 0.05366048961877823, 0.897302508354187, -0.02803649567067623, 0.43724456429481506, 0.2826812267303467, -0.5216607451438904, 0.6799847483634949, 0.43079251050949097, -0.12225567549467087, 0.031002992764115334, 0.018031254410743713, 0.9918504357337952, 0.4060423672199249, -0.0479065477848053, 0.10617147386074066, 0.9064006805419922, 0.41428887844085693, 0.006107295863330364, 0.09628760069608688, 0.9050171971321106, 0.6373382210731506, -0.3829454183578491, 0.31577280163764954, 0.589440643787384, -0.17931340634822845, -0.016688548028469086, -0.002301782602444291, 0.9836477637290955, 0.41868314146995544, 0.03530286252498627, -0.1368550807237625, 0.8970668315887451, 0.43130233883857727, -0.004970531444996595, -0.09907384216785431, 0.8967373967170715, -0.5243826508522034, -0.5398876070976257, -0.5435574650764465, 0.37160399556159973, -0.061033882200717926, 0.015725234523415565, -0.02054528519511223, 0.997800350189209, 0.03604086488485336, 0.01588522084057331, -0.011566567234694958, 0.9991571307182312, -0.6024192571640015, 0.3870319724082947, -0.40362146496772766, 0.5695498585700989, -0.31035780906677246, -0.10530903935432434, -0.14812403917312622, 0.9330848455429077, 0.5122394561767578, -0.7024557590484619, -0.05647246539592743, 0.4908945560455322, 0.21422690153121948, -0.272921085357666, 0.20622198283672333, 0.9149280786514282, -0.6340838074684143, -0.4263670742511749, 0.3733186423778534, 0.5261008739471436, -0.4228251278400421, 0.12726856768131256, 0.31950652599334717, 0.8384135365486145, 0.4999357759952545, 0.7327988743782043, 0.004808051977306604, 0.4615701138973236, 0.30080875754356384, 0.3961764872074127, 0.07959868758916855, 0.8638415932655334, 0.052534472197294235, 0.09522798657417297, -0.026715295389294624, 0.9937092661857605, -0.36612066626548767, 0.0007737200357951224, -0.013060024008154869, 0.9304754137992859, 0.1356595754623413, -0.0005948249017819762, -4.136423115141952e-08, 0.9907553195953369, -0.48164698481559753, 0.0021119159646332264, -1.501082813604171e-08, 0.8763628005981445, 0.04822345823049545, 0.8902533650398254, -0.03470853343605995, 0.4515736699104309, 0.2624071538448334, -0.5351829528808594, 0.6914361119270325, 0.4082130789756775, -0.06322649121284485, 0.023790687322616577, 0.01696687936782837, 0.9975713491439819, 0.3430476486682892, -0.023445600643754005, 0.10571831464767456, 0.9330553412437439, 0.4206506013870239, 0.005160632077604532, 0.09809821844100952, 0.9018887281417847, 0.6211776733398438, -0.38434818387031555, 0.33223792910575867, 0.5966848731040955, -0.16483014822006226, -0.015388588421046734, -0.0013984962133690715, 0.9862009286880493, 0.39772629737854004, 0.029796874150633812, -0.13355539739131927, 0.907242476940155, 0.41617465019226074, -0.008134293369948864, -0.09429910033941269, 0.9043452143669128, -0.5143182277679443, -0.5489423274993896, -0.5448949337005615, 0.37044376134872437, -0.05653482303023338, 0.024428702890872955, -0.02961297705769539, 0.997662365436554, 0.036621298640966415, 0.018027186393737793, -0.012868580408394337, 0.9990837574005127, -0.5983620285987854, 0.3868064880371094, -0.40801382064819336, 0.570848822593689, -0.36107248067855835, -0.1227862685918808, -0.1883908361196518, 0.9050188660621643, 0.5144720673561096, -0.7023963332176208, -0.05504384636878967, 0.4888027012348175, 0.20150096714496613, -0.2796139419078827, 0.17258793115615845, 0.9227279424667358, -0.6284629106521606, -0.41578879952430725, 0.3778100907802582, 0.5379717946052551, -0.4051016569137573, 0.1466849446296692, 0.30890288949012756, 0.8479122519493103, 0.4998445510864258, 0.7367629408836365, 0.003304419806227088, 0.4553295075893402, 0.30929678678512573, 0.3928341865539551, 0.08377102762460709, 0.8619740605354309, 0.03999002277851105, 0.09036898612976074, -0.025944404304027557, 0.994766891002655, -0.36188673973083496, -0.004543639719486237, -0.015521649271249771, 0.9320817589759827, 0.13565953075885773, -0.0005948165780864656, -2.0676608869507618e-08, 0.9907553195953369, -0.48164692521095276, 0.002111891284584999, -1.6007120962058252e-08, 0.8763628005981445, 0.04515386000275612, 0.883966326713562, -0.03949882462620735, 0.46368589997291565, 0.2472500056028366, -0.5396650433540344, 0.7137090563774109, 0.37181785702705383, -0.060834672302007675, 0.02389669604599476, 0.017450520768761635, 0.9977091550827026, 0.3329556882381439, -0.013309493660926819, 0.10341896116733551, 0.9371594786643982, 0.4168837368488312, 0.006179263815283775, 0.09651020169258118, 0.9038006663322449, 0.6024556159973145, -0.3977697789669037, 0.363022118806839, 0.5891022086143494, -0.17058049142360687, -0.015851939097046852, -0.0012419626582413912, 0.9852154850959778, 0.40711334347724915, 0.0372258797287941, -0.13246005773544312, 0.9029547572135925, 0.40464043617248535, -0.01029000524431467, -0.09096943587064743, 0.9098817706108093, -0.5074475407600403, -0.5533502697944641, -0.5480090975761414, 0.36876362562179565, -0.054829709231853485, 0.03070816770195961, -0.03577416017651558, 0.9973820447921753, 0.03681305795907974, 0.01914222352206707, -0.014173382893204689, 0.9990382790565491, -0.593986451625824, 0.38512271642684937, -0.41225847601890564, 0.5735011100769043, -0.40461263060569763, -0.12482508271932602, -0.20799264311790466, 0.8817291855812073, 0.5171082615852356, -0.703299880027771, -0.05483146011829376, 0.4847286343574524, 0.195779949426651, -0.2813358008861542, 0.15637224912643433, 0.9263196587562561, -0.619260311126709, -0.40631359815597534, 0.38568198680877686, 0.5501593947410583, -0.3775160610675812, 0.16543588042259216, 0.2831234335899353, 0.8659986853599548, 0.500058650970459, 0.7406207323074341, 0.00231057102791965, 0.44879505038261414, 0.3191295862197876, 0.3828655779361725, 0.08762814104557037, 0.8624915480613708, 0.042636360973119736, 0.08395460247993469, -0.0251634418964386, 0.9952389597892761, -0.3616853952407837, -0.008602441288530827, -0.018189366906881332, 0.9320830702781677, 0.13565941154956818, -0.0005948188481852412, 0.0, 0.9907553791999817, -0.48164698481559753, 0.002111885929480195, 1.4944408377459695e-08, 0.8763628005981445, 0.04617973044514656, 0.8777331709861755, -0.0406310148537159, 0.4751852750778198, 0.26220276951789856, -0.5180612802505493, 0.7310581207275391, 0.3583522439002991, -0.13030454516410828, 0.0321507453918457, 0.018741954118013382, 0.9907753467559814, 0.3849216103553772, -0.014489234425127506, 0.09767302125692368, 0.9176521301269531, 0.4174647927284241, 0.005911803338676691, 0.09669274836778641, 0.9035146832466125, 0.5929198265075684, -0.409932017326355, 0.38515031337738037, 0.5762473940849304, -0.19368235766887665, -0.01798119582235813, -0.0019341673469170928, 0.9808976054191589, 0.44398123025894165, 0.04601229354739189, -0.1307821422815323, 0.8852455019950867, 0.40067270398139954, -0.010794531553983688, -0.09002324193716049, 0.9117240309715271, -0.5043941736221313, -0.55186527967453, -0.5534064173698425, 0.3671139180660248, -0.05439252033829689, 0.033302683383226395, -0.039127178490161896, 0.9971967935562134, 0.0365782231092453, 0.020486818626523018, -0.015420044772326946, 0.9990018010139465, -0.5948916673660278, 0.3826967179775238, -0.41020989418029785, 0.5756518840789795, -0.4354199767112732, -0.11151602864265442, -0.21114902198314667, 0.8679802417755127, 0.5199065804481506, -0.7044621706008911, -0.056036632508039474, 0.4798855185508728, 0.19483350217342377, -0.2799358665943146, 0.1583396941423416, 0.9266090989112854, -0.6087839007377625, -0.4001144766807556, 0.3951662480831146, 0.5595840811729431, -0.33971962332725525, 0.18037398159503937, 0.24410495162010193, 0.890207052230835, 0.5000671744346619, 0.7438499331474304, 0.0012628076365217566, 0.4434168338775635, 0.3241465389728546, 0.3676890432834625, 0.09363260865211487, 0.8665833473205566, 0.04805862531065941, 0.07742471247911453, -0.023564938455820084, 0.9955604076385498, -0.35722365975379944, -0.011330357752740383, -0.019852176308631897, 0.9337391257286072, 0.13565947115421295, -0.0005948258913122118, -1.3156505218603343e-08, 0.9907553791999817, -0.48164692521095276, 0.0021118673030287027, 2.1254269455539543e-08, 0.8763628602027893, 0.05108875036239624, 0.872197151184082, -0.03849698230624199, 0.4849536418914795, 0.28225642442703247, -0.48459169268608093, 0.7443811893463135, 0.36248984932899475, -0.21479198336601257, 0.04213624447584152, 0.0199174415320158, 0.975547194480896, 0.4577198922634125, -0.038206566125154495, 0.10087433457374573, 0.8825288414955139, 0.4164577126502991, 0.005704401060938835, 0.09658923745155334, 0.90399169921875, 0.5952543020248413, -0.4083337187767029, 0.3951171040534973, 0.5681710839271545, -0.24555715918540955, -0.02321687527000904, -0.004572911188006401, 0.9690932631492615, 0.5176281332969666, 0.06374780088663101, -0.13266003131866455, 0.8428515195846558, 0.3915155231952667, -0.012226572260260582, -0.08737272024154663, 0.9159324169158936, -0.5056999325752258, -0.5450118184089661, -0.560716450214386, 0.3644540011882782, -0.05057753250002861, 0.03306770697236061, -0.03992343321442604, 0.9973738193511963, 0.036159027367830276, 0.021879037842154503, -0.01633654348552227, 0.99897301197052, -0.6019343137741089, 0.3815980851650238, -0.4015860855579376, 0.5751404762268066, -0.4428645968437195, -0.0908380001783371, -0.20250120759010315, 0.8686844706535339, 0.522247850894928, -0.705448567867279, -0.05771203339099884, 0.4756773114204407, 0.1966451108455658, -0.2803155779838562, 0.1672079861164093, 0.9245514273643494, -0.6033971905708313, -0.39900127053260803, 0.3998089134693146, 0.5629056096076965, -0.29439160227775574, 0.18687130510807037, 0.19318215548992157, 0.9171113967895508, 0.49968916177749634, 0.7447724342346191, 0.001938963308930397, 0.44229066371917725, 0.3281269073486328, 0.35738405585289, 0.0856853500008583, 0.870211124420166, 0.056797951459884644, 0.05980069562792778, -0.019008740782737732, 0.9964118599891663, -0.35576966404914856, -0.004337879829108715, -0.019425800070166588, 0.9343616962432861, 0.13565948605537415, -0.0005948098842054605, -1.8836971982238992e-09, 0.9907553791999817, -0.48164692521095276, 0.0021118910517543554, 6.243441763587043e-09, 0.8763628005981445, 0.05413025990128517, 0.8710994124412537, -0.04041771963238716, 0.48643821477890015, 0.29784175753593445, -0.4404102861881256, 0.7656804323196411, 0.3620257079601288, -0.2948732376098633, 0.05178141966462135, 0.02211078815162182, 0.9538760781288147, 0.48811599612236023, -0.08713866770267487, 0.11458579450845718, 0.8608250021934509, 0.4126449227333069, 0.005904342047870159, 0.09607554227113724, 0.9057918787002563, 0.6004915237426758, -0.3938501477241516, 0.41814273595809937, 0.5562810897827148, -0.3128434419631958, -0.030059276148676872, -0.008149250410497189, 0.9492939710617065, 0.5726186037063599, 0.06539461761713028, -0.13732950389385223, 0.8055880665779114, 0.3985135555267334, -0.01063944399356842, -0.08957882225513458, 0.9127154350280762, -0.5094694495201111, -0.5374746918678284, -0.567704439163208, 0.35954636335372925, -0.04283175617456436, 0.031031077727675438, -0.04031214490532875, 0.997786283493042, 0.0358772836625576, 0.02246597781777382, -0.016763700172305107, 0.9989629983901978, -0.6076376438140869, 0.38822805881500244, -0.39635908603668213, 0.5682913064956665, -0.42971816658973694, -0.08677923679351807, -0.19242297112941742, 0.8779436945915222, 0.5231274962425232, -0.7054213285446167, -0.05917905643582344, 0.47456949949264526, 0.19504909217357635, -0.280958354473114, 0.18150286376476288, 0.9219951033592224, -0.6010829210281372, -0.40947750210762024, 0.40338802337646484, 0.5552528500556946, -0.25364336371421814, 0.20702634751796722, 0.14970524609088898, 0.9329488277435303, 0.4987313151359558, 0.7416720986366272, 0.002798839472234249, 0.44853293895721436, 0.33614498376846313, 0.3410939872264862, 0.0912395715713501, 0.8731189966201782, 0.0815151035785675, 0.03564576059579849, -0.014522446319460869, 0.9959285855293274, -0.3695140480995178, 0.009040852077305317, -0.01917503960430622, 0.9289833307266235, 0.1356593668460846, -0.0005948198377154768, -2.8204050650515455e-08, 0.9907553791999817, -0.48164692521095276, 0.0021118877921253443, -1.706983532301365e-08, 0.8763628005981445, 0.055496931076049805, 0.8744544386863708, -0.04350455477833748, 0.47995510697364807, 0.30210644006729126, -0.41255196928977966, 0.7825093865394592, 0.3552628457546234, -0.3473024070262909, 0.05830584093928337, 0.02400008961558342, 0.9356310963630676, 0.5068228244781494, -0.10377910733222961, 0.11722995340824127, 0.8477131724357605, 0.41228151321411133, 0.00586219085380435, 0.09601762145757675, 0.9059637188911438, 0.6029468178749084, -0.38437995314598083, 0.4443643391132355, 0.5396735072135925, -0.3648100197315216, -0.03531072288751602, -0.010532713495194912, 0.9303525686264038, 0.5950355529785156, 0.06361605226993561, -0.14183542132377625, 0.7885229587554932, 0.40511390566825867, -0.009247556328773499, -0.09174709022045135, 0.9096041321754456, -0.5134800672531128, -0.5338850617408752, -0.5698487162590027, 0.35577723383903503, -0.043570321053266525, 0.028634708374738693, -0.039637915790081024, 0.9978529810905457, 0.035529837012290955, 0.022004080936312675, -0.016886722296476364, 0.99898362159729, -0.6096089482307434, 0.3928355276584625, -0.3956242799758911, 0.5635057091712952, -0.4324382245540619, -0.08254143595695496, -0.1810719221830368, 0.8794299960136414, 0.5246933102607727, -0.7063355445861816, -0.06036696210503578, 0.47132042050361633, 0.19209161400794983, -0.2823513150215149, 0.18821434676647186, 0.9208441376686096, -0.6000499129295349, -0.41525477170944214, 0.40522971749305725, 0.5507200360298157, -0.2438075840473175, 0.23062551021575928, 0.13024039566516876, 0.9329561591148376, 0.4989933371543884, 0.7399863004684448, 0.0032184587325900793, 0.4510161578655243, 0.3396901786327362, 0.33242717385292053, 0.09828037768602371, 0.8743247389793396, 0.11034850031137466, 0.02394350990653038, -0.015144811011850834, 0.9934890866279602, -0.3844006061553955, 0.014341589994728565, -0.021700436249375343, 0.9227998852729797, 0.1356593519449234, -0.0005948144244030118, 1.1276479305877274e-08, 0.9907553791999817, -0.48164692521095276, 0.0021118747536092997, 3.1217208817935216e-09, 0.8763628005981445, 0.0542350672185421, 0.8822340369224548, -0.0399988517165184, 0.46596330404281616, 0.2940591871738434, -0.4198985695838928, 0.7835593819618225, 0.35106855630874634, -0.3511170446872711, 0.0589054636657238, 0.025031663477420807, 0.9341415762901306, 0.5079567432403564, -0.1015685647726059, 0.12184154242277145, 0.8466512560844421, 0.41181275248527527, 0.006137436255812645, 0.09562389552593231, 0.9062166810035706, 0.6054824590682983, -0.38831889629364014, 0.44787314534187317, 0.5310454368591309, -0.37113654613494873, -0.03604412451386452, -0.01010438147932291, 0.9278234839439392, 0.5960193276405334, 0.06653282791376114, -0.13277432322502136, 0.7891167998313904, 0.4058448076248169, -0.009038219228386879, -0.09210371226072311, 0.9092442989349365, -0.5134487748146057, -0.531684160232544, -0.5703529119491577, 0.3583012819290161, -0.04966679587960243, 0.024793261662125587, -0.03887968882918358, 0.9977008104324341, 0.03534187003970146, 0.020878804847598076, -0.016859309747815132, 0.9990149140357971, -0.6133138537406921, 0.39538171887397766, -0.3926073908805847, 0.5598025918006897, -0.4449963867664337, -0.07337895780801773, -0.17641758918762207, 0.8749117851257324, 0.5254705548286438, -0.7064406275749207, -0.061168503016233444, 0.4701922535896301, 0.1925896853208542, -0.2849658727645874, 0.19217149913311005, 0.9191157817840576, -0.6083618402481079, -0.4216221570968628, 0.39686059951782227, 0.5428004264831543, -0.24531611800193787, 0.24188081920146942, 0.14259888231754303, 0.9278897047042847, 0.4993910491466522, 0.739254891872406, 0.002976271789520979, 0.4517764151096344, 0.3396475315093994, 0.3315030634403229, 0.10637206584215164, 0.8737449645996094, 0.11797969788312912, 0.019942546263337135, -0.019042164087295532, 0.9926331043243408, -0.38327082991600037, 0.018352288752794266, -0.025944245979189873, 0.9230891466140747, 0.13565939664840698, -0.00059482641518116, -1.692389872687272e-08, 0.9907553791999817, -0.48164695501327515, 0.0021118761505931616, 1.0162197305874088e-08, 0.8763628005981445, 0.05676455423235893, 0.8955678939819336, -0.0377102829515934, 0.4396747648715973, 0.2720426321029663, -0.44920918345451355, 0.7755255103111267, 0.3503771424293518, -0.31955647468566895, 0.05532608553767204, 0.025555098429322243, 0.945605456829071, 0.4797644019126892, -0.08022464066743851, 0.13140065968036652, 0.8637847304344177, 0.41397830843925476, 0.0062324656173586845, 0.09581685066223145, 0.90520840883255, 0.5926460027694702, -0.4108636975288391, 0.4357492923736572, 0.5385947227478027, -0.3117015063762665, -0.029979266226291656, -0.0060236589051783085, 0.9496878981590271, 0.5647159218788147, 0.06296079605817795, -0.1172085776925087, 0.814490020275116, 0.4067949652671814, -0.00889168493449688, -0.09245491027832031, 0.9087854027748108, -0.5134804844856262, -0.5352264046669006, -0.5683180093765259, 0.3562094569206238, -0.0501151904463768, 0.0229653250426054, -0.0404030941426754, 0.9976615905761719, 0.03591260313987732, 0.019216276705265045, -0.016512703150510788, 0.9990337491035461, -0.6163730621337891, 0.4040193259716034, -0.39122268557548523, 0.5511782169342041, -0.44920235872268677, -0.07281496375799179, -0.1848447471857071, 0.8710612058639526, 0.5225732922554016, -0.702621579170227, -0.059968654066324234, 0.4792117178440094, 0.19346022605895996, -0.2852208912372589, 0.1851118952035904, 0.9203019738197327, -0.6201016902923584, -0.4293891191482544, 0.38505712151527405, 0.531817615032196, -0.2640834152698517, 0.23460525274276733, 0.1912611722946167, 0.9157726168632507, 0.49921712279319763, 0.7378072738647461, 0.0008414085023105145, 0.4543370008468628, 0.3216080963611603, 0.34604474902153015, 0.1289040744304657, 0.8718973398208618, 0.11011793464422226, 0.022338567301630974, -0.025806128978729248, 0.9933323264122009, -0.38531824946403503, 0.019619688391685486, -0.031736426055431366, 0.9220291376113892, 0.13565942645072937, -0.000594806857407093, 1.034013852319049e-08, 0.9907553791999817, -0.481646865606308, 0.002111901296302676, 1.4811568860295665e-08, 0.8763628005981445, 0.05029008910059929, 0.9119460582733154, -0.035477109253406525, 0.40566810965538025, 0.25580698251724243, -0.4814450442790985, 0.7635690569877625, 0.34602850675582886, -0.27376389503479004, 0.05000066012144089, 0.024907924234867096, 0.9601733684539795, 0.4105759263038635, -0.056599847972393036, 0.13345113396644592, 0.900230348110199, 0.42779189348220825, 0.003809935413300991, 0.10011738538742065, 0.8983073234558105, 0.5759437084197998, -0.4353165328502655, 0.43291449546813965, 0.5397902131080627, -0.22873929142951965, -0.02116469107568264, -0.0013253941433504224, 0.9732567667961121, 0.5004315972328186, 0.03850455954670906, -0.11537644267082214, 0.8571895360946655, 0.4146658778190613, -0.007660689763724804, -0.09475663304328918, 0.9049943089485168, -0.5106250643730164, -0.5396208167076111, -0.5657538175582886, 0.35776254534721375, -0.04945677891373634, 0.02328346110880375, -0.04241739585995674, 0.9976034760475159, 0.036584850400686264, 0.017295759171247482, -0.01571350358426571, 0.9990572929382324, -0.616937518119812, 0.4064823389053345, -0.39148151874542236, 0.548545777797699, -0.44717729091644287, -0.05903038755059242, -0.1870487779378891, 0.8726744651794434, 0.5200238227844238, -0.7011061310768127, -0.058233797550201416, 0.48439061641693115, 0.19587649405002594, -0.28441065549850464, 0.17326988279819489, 0.9223451614379883, -0.630052387714386, -0.4299032986164093, 0.37507885694503784, 0.5268141031265259, -0.29555878043174744, 0.20834152400493622, 0.25519800186157227, 0.8967233896255493, 0.4971679449081421, 0.7340059876441956, -0.00025750984787009656, 0.4626653492450714, 0.3114839196205139, 0.3579846918582916, 0.13572417199611664, 0.8697147369384766, 0.09897539019584656, 0.028362702578306198, -0.03328206390142441, 0.9941286444664001, -0.38431641459465027, 0.015279939398169518, -0.0376899391412735, 0.9223052263259888, 0.13565939664840698, -0.000594807555899024, -2.066926185761986e-08, 0.9907553791999817, -0.48164698481559753, 0.0021118721924722195, -1.1689848200546749e-08, 0.8763628005981445, 0.04014558345079422, 0.925688624382019, -0.029859622940421104, 0.3749631345272064, 0.25446927547454834, -0.5099208950996399, 0.7447640299797058, 0.3472069799900055, -0.22953437268733978, 0.04491126909852028, 0.02335071936249733, 0.9719834327697754, 0.35849806666374207, -0.033795520663261414, 0.12430304288864136, 0.9246003031730652, 0.4239110052585602, 0.00476530147716403, 0.09889599680900574, 0.900275707244873, 0.5837124586105347, -0.4350768029689789, 0.4140917956829071, 0.5463660955429077, -0.1632116734981537, -0.014529620297253132, 0.0014315667795017362, 0.9864830374717712, 0.43135544657707214, 0.017992744222283363, -0.11484833806753159, 0.8946611285209656, 0.4160311818122864, -0.007867464795708656, -0.09478741884231567, 0.9043624997138977, -0.5084702968597412, -0.5394031405448914, -0.5644068121910095, 0.3632450997829437, -0.04931963235139847, 0.023455984890460968, -0.041689883917570114, 0.9976368546485901, 0.03681914880871773, 0.016154952347278595, -0.014787064865231514, 0.9990819096565247, -0.6140462756156921, 0.4033031463623047, -0.3948402404785156, 0.5517199635505676, -0.4388790428638458, -0.04147794842720032, -0.1819438934326172, 0.8789545893669128, 0.5175694823265076, -0.7000479102134705, -0.057465843856334686, 0.48862308263778687, 0.20600339770317078, -0.2798216938972473, 0.17323707044124603, 0.9215483665466309, -0.6354237198829651, -0.4263606071472168, 0.3705288767814636, 0.5264614820480347, -0.32635417580604553, 0.18135353922843933, 0.31258803606033325, 0.873437225818634, 0.4937921166419983, 0.7284073233604431, 9.747847798280418e-05, 0.4749654233455658, 0.314922571182251, 0.3645307719707489, 0.12586712837219238, 0.8672361969947815, 0.09446632117033005, 0.03379053249955177, -0.040430229157209396, 0.9941326379776001, -0.3833456337451935, 0.00816811341792345, -0.04342006891965866, 0.9225476384162903, 0.13565945625305176, -0.0005947959143668413, -2.115762853804881e-08, 0.9907553791999817, -0.48164698481559753, 0.0021118614822626114, 1.4678730231310055e-08, 0.8763628005981445, 0.028501387685537338, 0.9357617497444153, -0.021971743553876877, 0.3507917523384094, 0.2744692265987396, -0.5269299745559692, 0.7179393768310547, 0.36273208260536194, -0.19139759242534637, 0.04021576792001724, 0.021221403032541275, 0.9804587364196777, 0.34184134006500244, -0.02860497683286667, 0.11088226735591888, 0.9327547550201416, 0.41845500469207764, 0.0056775338016450405, 0.09751206636428833, 0.9029698967933655, 0.6210262775421143, -0.3960810899734497, 0.3736819624900818, 0.5637445449829102, -0.13565416634082794, -0.012568715959787369, 0.0012635394232347608, 0.990675687789917, 0.39053109288215637, 0.004452609922736883, -0.11646024137735367, 0.9131827354431152, 0.4025098979473114, -0.01119063701480627, -0.08978353440761566, 0.9109333157539368, -0.507923424243927, -0.5363128781318665, -0.562305212020874, 0.37174612283706665, -0.0510433167219162, 0.022620219737291336, -0.038179993629455566, 0.9977099895477295, 0.03639964014291763, 0.01639610156416893, -0.013939818367362022, 0.9991055727005005, -0.6069781184196472, 0.3968154788017273, -0.40213871002197266, 0.5589272379875183, -0.4195726811885834, -0.025514299049973488, -0.17000313103199005, 0.8912949562072754, 0.51502925157547, -0.699084460735321, -0.05749601498246193, 0.4926662743091583, 0.22153346240520477, -0.27226412296295166, 0.1829184889793396, 0.9183332920074463, -0.6347178220748901, -0.41962504386901855, 0.37272149324417114, 0.5311561226844788, -0.3544846773147583, 0.15692506730556488, 0.3555372953414917, 0.8504753708839417, 0.4907956123352051, 0.7241899371147156, 3.6368637665873393e-05, 0.4844260513782501, 0.31771740317344666, 0.3678344488143921, 0.11679109930992126, 0.8660908341407776, 0.09964305907487869, 0.040148165076971054, -0.04741640388965607, 0.9930816292762756, -0.3831399977207184, -0.003657212248072028, -0.04908149689435959, 0.9223781228065491, 0.1356593668460846, -0.0005947845056653023, -1.645022074114877e-08, 0.9907553791999817, -0.48164698481559753, 0.0021119192242622375, 1.487798861887768e-08, 0.8763628005981445, 0.02357289008796215, 0.941265881061554, -0.016057265922427177, 0.33645957708358765, 0.2981930375099182, -0.5248547792434692, 0.6991642713546753, 0.3831157982349396, -0.16835357248783112, 0.037005797028541565, 0.0201584342867136, 0.9848255515098572, 0.3461507260799408, -0.04841753467917442, 0.11297054588794708, 0.9300930500030518, 0.4240562915802002, 0.004269992001354694, 0.09971393644809723, 0.9001195430755615, 0.6520704627037048, -0.354394793510437, 0.3367787301540375, 0.5794726014137268, -0.15557986497879028, -0.015352092683315277, -0.0010295191314071417, 0.9877035021781921, 0.4122798442840576, -0.007384425960481167, -0.11238496750593185, 0.9040688276290894, 0.39375951886177063, -0.013216164894402027, -0.0864613950252533, 0.9150427579879761, -0.5130584836006165, -0.5347383618354797, -0.5569404363632202, 0.3750244677066803, -0.05606279522180557, 0.0219795573502779, -0.03140972554683685, 0.9976910352706909, 0.035442762076854706, 0.016581332311034203, -0.0130942203104496, 0.9991483688354492, -0.6005005240440369, 0.3895267844200134, -0.40823373198509216, 0.5665802955627441, -0.3761212229728699, -0.006811173167079687, -0.1495356559753418, 0.9143990278244019, 0.5124728083610535, -0.6995947360992432, -0.05764814093708992, 0.4945862591266632, 0.24094539880752563, -0.26027125120162964, 0.19933252036571503, 0.9134936928749084, -0.6296605467796326, -0.41304099559783936, 0.37890079617500305, 0.5379210114479065, -0.37515905499458313, 0.13544701039791107, 0.3800036609172821, 0.8345699310302734, 0.48979905247688293, 0.723178505897522, -0.0002122221776517108, 0.4869391918182373, 0.31765642762184143, 0.3713313043117523, 0.11048490554094315, 0.8654481768608093, 0.11140859127044678, 0.04915861785411835, -0.054064199328422546, 0.9910845756530762, -0.37909284234046936, -0.019790101796388626, -0.05439259484410286, 0.9235466718673706, 0.1356593668460846, -0.0005948017933405936, -1.7437969290767796e-08, 0.9907553791999817, -0.48164692521095276, 0.002111857058480382, -3.825768501997118e-08, 0.8763628602027893, 0.024298744276165962, 0.9435611963272095, -0.01991202123463154, 0.3297049403190613, 0.3021220266819, -0.5155996680259705, 0.7072678208351135, 0.37769240140914917, -0.1910272240638733, 0.04002159833908081, 0.02133209817111492, 0.9805365204811096, 0.3770071268081665, -0.05747513845562935, 0.11306378245353699, 0.9174850583076477, 0.4275742173194885, 0.0035841132048517466, 0.10061828047037125, 0.8983559608459473, 0.6512634754180908, -0.3653050661087036, 0.34053823351860046, 0.5713508725166321, -0.19511106610298157, -0.01887151226401329, -0.0030453221406787634, 0.9805948734283447, 0.44797590374946594, 0.010690756142139435, -0.12201546132564545, 0.8856159448623657, 0.4013429880142212, -0.01136582251638174, -0.0891607329249382, 0.9115070104598999, -0.518337070941925, -0.5353869199752808, -0.5537592172622681, 0.3715350031852722, -0.057431645691394806, 0.022151390090584755, -0.02734524756669998, 0.9977290034294128, 0.03523406386375427, 0.015199112705886364, -0.01196991465985775, 0.9991918206214905, -0.6002781391143799, 0.38326308131217957, -0.40665164589881897, 0.5721976161003113, -0.3099380135536194, 0.013589294627308846, -0.12350879609584808, 0.9426024556159973, 0.509743869304657, -0.6998202204704285, -0.057471901178359985, 0.49710142612457275, 0.25477421283721924, -0.24980564415454865, 0.2124103158712387, 0.9097082614898682, -0.6248663663864136, -0.4137057662010193, 0.3842734098434448, 0.5391879081726074, -0.38677889108657837, 0.11039350926876068, 0.39217469096183777, 0.8272933959960938, 0.49127721786499023, 0.7253595590591431, 0.0006371556664817035, 0.4821823537349701, 0.3180268108844757, 0.37254059314727783, 0.10016282647848129, 0.8660484552383423, 0.12449069321155548, 0.05081959441304207, -0.056404002010822296, 0.989311933517456, -0.37939366698265076, -0.026298489421606064, -0.05593598261475563, 0.9231684803962708, 0.13565944135189056, -0.0005948251928202808, 3.419295779849563e-08, 0.9907553791999817, -0.48164698481559753, 0.0021119029261171818, 1.7734031132476957e-08, 0.8763628005981445, 0.028723226860165596, 0.9449508190155029, -0.027541128918528557, 0.32478368282318115, 0.3027566075325012, -0.5041489005088806, 0.7215690016746521, 0.36539092659950256, -0.25071167945861816, 0.04789051041007042, 0.0231337808072567, 0.9665997624397278, 0.4613260328769684, -0.07781142741441727, 0.10743904113769531, 0.8772574067115784, 0.4062865376472473, 0.007895447313785553, 0.09322836250066757, 0.9089429974555969, 0.6544113755226135, -0.37458205223083496, 0.3488205075263977, 0.5565593838691711, -0.23928174376487732, -0.023294534534215927, -0.005716175306588411, 0.9706538915634155, 0.4990961253643036, 0.045664090663194656, -0.13380540907382965, 0.8549351096153259, 0.40799784660339355, -0.00950758345425129, -0.09177516400814056, 0.9083086848258972, -0.5236215591430664, -0.5352063775062561, -0.5530339479446411, 0.36541494727134705, -0.05197502300143242, 0.02411002293229103, -0.025067931041121483, 0.9980425834655762, 0.034806523472070694, 0.013556746765971184, -0.011071673594415188, 0.9992408156394958, -0.6015480160713196, 0.3821895122528076, -0.40343478322029114, 0.573856770992279, -0.2456239014863968, 0.02626960352063179, -0.09539265185594559, 0.9643023610115051, 0.5094116926193237, -0.6988320350646973, -0.05879681929945946, 0.4986747205257416, 0.2601780295372009, -0.2367127388715744, 0.22532080113887787, 0.9085730910301208, -0.6228844523429871, -0.4185153841972351, 0.38589364290237427, 0.5366060137748718, -0.3866749405860901, 0.08331270515918732, 0.3976384103298187, 0.8279041051864624, 0.49371013045310974, 0.7296996712684631, 0.0019052440766245127, 0.4730592668056488, 0.3170115351676941, 0.37012726068496704, 0.08925146609544754, 0.8686447739601135, 0.13087783753871918, 0.04755266010761261, -0.0571468360722065, 0.9886071085929871, -0.37623968720436096, -0.024981649592518806, -0.056443192064762115, 0.9244640469551086, 0.13565947115421295, -0.0005947894533164799, -4.241806905724843e-08, 0.9907553791999817, -0.48164692521095276, 0.00211192830465734, -4.0848050275599235e-08, 0.8763628602027893, 0.03150089830160141, 0.9448461532592773, -0.036322347819805145, 0.3239661455154419, 0.307052344083786, -0.4857253134250641, 0.7394176721572876, 0.3507867157459259, -0.31808051466941833, 0.05624430254101753, 0.025190003216266632, 0.9460585713386536, 0.5345295071601868, -0.09795711934566498, 0.10523289442062378, 0.8328317999839783, 0.38282346725463867, 0.01248445175588131, 0.08540485799312592, 0.9197806119918823, 0.6593846082687378, -0.376833975315094, 0.36963462829589844, 0.5353301763534546, -0.2968328595161438, -0.028997892513871193, -0.009733178652822971, 0.9544394016265869, 0.5363322496414185, 0.07480929791927338, -0.152005136013031, 0.8268287181854248, 0.4085666239261627, -0.009029933251440525, -0.09234590828418732, 0.9080000519752502, -0.5293689966201782, -0.5342646837234497, -0.5525544881820679, 0.3591841757297516, -0.045197680592536926, 0.02207184210419655, -0.023487605154514313, 0.9984580278396606, 0.034764938056468964, 0.012306771241128445, -0.010648496448993683, 0.9992629885673523, -0.6020446419715881, 0.3871892988681793, -0.4029015004634857, 0.57034832239151, -0.20593257248401642, 0.020680025219917297, -0.06897573173046112, 0.9759131669998169, 0.5104126334190369, -0.6987133026123047, -0.06036955118179321, 0.4976285696029663, 0.25990384817123413, -0.2286948263645172, 0.23376139998435974, 0.9085726737976074, -0.6241304278373718, -0.42752712965011597, 0.38466399908065796, 0.528881311416626, -0.3691065013408661, 0.059756819158792496, 0.39336392283439636, 0.8399133086204529, 0.49664196372032166, 0.7342575788497925, 0.0026355453301221132, 0.4628235697746277, 0.311577707529068, 0.368158757686615, 0.0855691209435463, 0.8718121647834778, 0.1429569125175476, 0.042798351496458054, -0.057151082903146744, 0.9871500730514526, -0.3793632388114929, -0.01942368969321251, -0.05655095726251602, 0.9233137369155884, 0.13565942645072937, -0.0005947775207459927, -1.1695078683260363e-08, 0.9907553791999817, -0.48164692521095276, 0.0021119131706655025, -3.6464356867327297e-08, 0.8763628005981445, 0.03654015436768532, 0.9396148920059204, -0.03773609921336174, 0.33817851543426514, 0.32573598623275757, -0.4650917649269104, 0.7440024018287659, 0.352201908826828, -0.35633575916290283, 0.06057409942150116, 0.025623632594943047, 0.932040274143219, 0.5561997294425964, -0.10424966365098953, 0.10765454173088074, 0.8174254894256592, 0.3794383406639099, 0.012973147444427013, 0.08443896472454071, 0.9212645292282104, 0.6605218648910522, -0.3769092559814453, 0.38517439365386963, 0.5227723717689514, -0.3374961316585541, -0.03270041570067406, -0.013319423422217369, 0.9406644701957703, 0.5485371947288513, 0.07797174900770187, -0.17582817375659943, 0.8137025237083435, 0.411409467458725, -0.008482018485665321, -0.09323831647634506, 0.9066294431686401, -0.5311589241027832, -0.5316993594169617, -0.5509817600250244, 0.3627466857433319, -0.05161534622311592, 0.006410419940948486, -0.02145271562039852, 0.998416006565094, 0.03466181457042694, 0.012004380114376545, -0.01062970794737339, 0.999270498752594, -0.604669451713562, 0.38953137397766113, -0.4007626473903656, 0.5674763917922974, -0.23318466544151306, 0.0012258189963176847, -0.05435151979327202, 0.9709116220474243, 0.5124948620796204, -0.7015453577041626, -0.06077957525849342, 0.4914153516292572, 0.24979016184806824, -0.2411549985408783, 0.2342793494462967, 0.9080541729927063, -0.6236425638198853, -0.43591806292533875, 0.3859398365020752, 0.5216281414031982, -0.3573305606842041, 0.052025116980075836, 0.37538230419158936, 0.853637158870697, 0.4973851144313812, 0.7337912917137146, 0.0024167054798454046, 0.4627663195133209, 0.30107957124710083, 0.3710325360298157, 0.09402597695589066, 0.8734100461006165, 0.16273541748523712, 0.044351544231176376, -0.05643367022275925, 0.9840555787086487, -0.39087608456611633, -0.01249433122575283, -0.05485556647181511, 0.9187222719192505, 0.1356593370437622, -0.0005947690224274993, 9.517627574950893e-09, 0.9907553791999817, -0.48164698481559753, 0.0021118985023349524, 1.9460941302895662e-08, 0.8763628005981445, 0.05011465772986412, 0.9287718534469604, -0.03345276787877083, 0.36572158336639404, 0.32175877690315247, -0.4770098924636841, 0.7243697643280029, 0.3797649145126343, -0.3085577189922333, 0.054686322808265686, 0.023697737604379654, 0.949336588382721, 0.5321704149246216, -0.10346411913633347, 0.10287316143512726, 0.8339706063270569, 0.38190096616744995, 0.012269161641597748, 0.08559254556894302, 0.9201494455337524, 0.660386860370636, -0.37594202160835266, 0.3541383743286133, 0.5451080203056335, -0.3274892568588257, -0.0313502661883831, -0.013404186815023422, 0.9442395567893982, 0.526057243347168, 0.057470809668302536, -0.17372702062129974, 0.8305298089981079, 0.42056769132614136, -0.006994784809648991, -0.09570150822401047, 0.9021724462509155, -0.535764753818512, -0.5274554491043091, -0.5502583980560303, 0.3632667660713196, -0.055964577943086624, 0.0017010921146720648, -0.017571402713656425, 0.9982767105102539, 0.03502544388175011, 0.013198735192418098, -0.010665759444236755, 0.99924236536026, -0.6133257150650024, 0.3932786285877228, -0.39356520771980286, 0.560597836971283, -0.28065645694732666, -0.026622558012604713, -0.08186709880828857, 0.9559398293495178, 0.5100188851356506, -0.6986404061317444, -0.05778449773788452, 0.49844086170196533, 0.23605166375637054, -0.2510872781276703, 0.21266596019268036, 0.914334774017334, -0.6322696805000305, -0.43688780069351196, 0.3782484233379364, 0.516035258769989, -0.38802942633628845, 0.05191022902727127, 0.36314600706100464, 0.8454959988594055, 0.4962795674800873, 0.7285271883010864, 0.003979351371526718, 0.4721641540527344, 0.3109510838985443, 0.36911091208457947, 0.08760257065296173, 0.8714312314987183, 0.1495443880558014, 0.04438621550798416, -0.05390904098749161, 0.9862860441207886, -0.38126254081726074, -0.00882754661142826, -0.05186384171247482, 0.9229686260223389, 0.1356593668460846, -0.0005947743775323033, -2.5233463318841132e-08, 0.9907553791999817, -0.48164698481559753, 0.002111889887601137, 1.2686141914741711e-08, 0.8763628005981445, 0.05570242553949356, 0.9172415733337402, -0.0322740413248539, 0.39309483766555786, 0.31424733996391296, -0.4975389838218689, 0.6937638521194458, 0.4152052700519562, -0.20793503522872925, 0.04186916723847389, 0.020220043137669563, 0.9770369529724121, 0.4715938866138458, -0.08879660815000534, 0.10645324736833572, 0.8708513379096985, 0.39182376861572266, 0.010285694152116776, 0.08926017582416534, 0.9156423807144165, 0.6562401056289673, -0.3693276643753052, 0.32716619968414307, 0.5708837509155273, -0.2981184422969818, -0.028796421363949776, -0.011622190475463867, 0.9540236592292786, 0.4918231666088104, 0.020487621426582336, -0.16108739376068115, 0.8554186820983887, 0.42108774185180664, -0.0073343790136277676, -0.09526611864566803, 0.9019732475280762, -0.5346692800521851, -0.5291455984115601, -0.5474948287010193, 0.36658310890197754, -0.05746757611632347, 0.004929577000439167, -0.0160517580807209, 0.9982061386108398, 0.03543408215045929, 0.015158230438828468, -0.011142091825604439, 0.9991949200630188, -0.6200994849205017, 0.39978525042533875, -0.38808295130729675, 0.5523043274879456, -0.32587429881095886, -0.05517084151506424, -0.12876103818416595, 0.9349774122238159, 0.5078028440475464, -0.6925356984138489, -0.05590696260333061, 0.5093182921409607, 0.22734370827674866, -0.26088351011276245, 0.19267669320106506, 0.9182212948799133, -0.6393846869468689, -0.4395484924316406, 0.37121614813804626, 0.5100813508033752, -0.41968733072280884, 0.06912565231323242, 0.3532430827617645, 0.8332487940788269, 0.4955589175224304, 0.7245131134986877, 0.004963065963238478, 0.4790380895137787, 0.31984710693359375, 0.3645729124546051, 0.09209675341844559, 0.8696566224098206, 0.1445901244878769, 0.04087522625923157, -0.049073755741119385, 0.9874283075332642, -0.39014557003974915, -0.00785241462290287, -0.047784432768821716, 0.9194788932800293, 0.13565948605537415, -0.0005948331672698259, -4.1474386591744405e-08, 0.9907553791999817, -0.48164692521095276, 0.0021118714939802885, -4.4434706580886996e-08, 0.8763628005981445, 0.0529465451836586, 0.9057352542877197, -0.03478558361530304, 0.41908279061317444, 0.30789899826049805, -0.514434814453125, 0.6628310680389404, 0.448564350605011, -0.08641362190246582, 0.02567160688340664, 0.016422638669610023, 0.9957931637763977, 0.38538825511932373, -0.05541108176112175, 0.11236109584569931, 0.914210319519043, 0.4076721966266632, 0.007212649565190077, 0.09481748193502426, 0.9081635475158691, 0.6450215578079224, -0.3624759912490845, 0.3208944797515869, 0.5912572145462036, -0.2621748447418213, -0.025486456230282784, -0.008331062272191048, 0.9646478295326233, 0.46111077070236206, -0.020174866542220116, -0.13879448175430298, 0.876188337802887, 0.40534716844558716, -0.010782445780932903, -0.09021777659654617, 0.9096363186836243, -0.5307067632675171, -0.5355346202850342, -0.542478084564209, 0.37050023674964905, -0.05778128653764725, 0.01189427636563778, -0.01585741899907589, 0.9981324672698975, 0.03606099262833595, 0.017223697155714035, -0.012118600308895111, 0.9991276860237122, -0.6252230405807495, 0.4033300578594208, -0.3838745355606079, 0.5468650460243225, -0.36949872970581055, -0.06897960603237152, -0.18203042447566986, 0.9086129069328308, 0.5065075755119324, -0.6874685287475586, -0.05538760498166084, 0.5174643397331238, 0.22471289336681366, -0.27115342020988464, 0.18576298654079437, 0.9173178672790527, -0.6409578323364258, -0.43940895795822144, 0.36972495913505554, 0.509309709072113, -0.44150227308273315, 0.09961818903684616, 0.3435409963130951, 0.8228800296783447, 0.49497681856155396, 0.7221894860267639, 0.004966665059328079, 0.4831310510635376, 0.32638710737228394, 0.36356037855148315, 0.10144699364900589, 0.8666048049926758, 0.1410827785730362, 0.04021807014942169, -0.043528951704502106, 0.9882223606109619, -0.39814281463623047, -0.008950931020081043, -0.04319743439555168, 0.9162620902061462, 0.13565939664840698, -0.0005947864265181124, -5.264437774599173e-08, 0.9907553791999817, -0.48164698481559753, 0.002111905487254262, 2.284834010879422e-08, 0.8763628005981445, 0.045951999723911285, 0.8960587382316589, -0.042481616139411926, 0.43950262665748596, 0.30259469151496887, -0.515771746635437, 0.664340615272522, 0.44840550422668457, -0.03322748467326164, 0.018313085660338402, 0.014991969801485538, 0.9991675615310669, 0.3310970962047577, -0.026182129979133606, 0.10789142549037933, 0.9370425343513489, 0.41764315962791443, 0.0052871122024953365, 0.09820257127285004, 0.9032732248306274, 0.6151271462440491, -0.3768415153026581, 0.35791000723838806, 0.5928823351860046, -0.21781280636787415, -0.02046184428036213, -0.0032011286821216345, 0.9757707715034485, 0.4459875226020813, -0.0046784533187747, -0.12213754653930664, 0.8866541981697083, 0.3958526849746704, -0.012305631302297115, -0.08807084709405899, 0.9139982461929321, -0.5247722268104553, -0.5432371497154236, -0.5400625467300415, 0.37126797437667847, -0.05568816885352135, 0.019016113132238388, -0.01866293139755726, 0.9980925917625427, 0.03666960075497627, 0.017924338579177856, -0.013286043889820576, 0.9990783929824829, -0.6242446303367615, 0.398154616355896, -0.3848765194416046, 0.5510549545288086, -0.4117899239063263, -0.06712902337312698, -0.22925855219364166, 0.8794107437133789, 0.506443202495575, -0.6862781047821045, -0.05409512296319008, 0.5192410945892334, 0.21611633896827698, -0.2843179404735565, 0.17341861128807068, 0.9178142547607422, -0.6335856318473816, -0.4333727955818176, 0.3771817684173584, 0.5181613564491272, -0.4395967423915863, 0.1297820806503296, 0.3338194489479065, 0.8236964344978333, 0.49463650584220886, 0.7240166664123535, 0.0044081928208470345, 0.480744332075119, 0.3381809592247009, 0.3620815873146057, 0.09957549721002579, 0.8629109263420105, 0.14523981511592865, 0.038356438279151917, -0.03462148830294609, 0.9880463480949402, -0.40285325050354004, -0.006420225370675325, -0.03580623120069504, 0.9145413637161255, 0.13565945625305176, -0.0005948005127720535, -2.3970322615696205e-08, 0.9907553791999817, -0.48164695501327515, 0.0021118964068591595, -4.257495689330426e-08, 0.8763628005981445, 0.040302541106939316, 0.892741322517395, -0.04365256428718567, 0.4466353952884674, 0.3002683222293854, -0.514656126499176, 0.6844522356987, 0.4201110303401947, -0.07976359128952026, 0.02426704205572605, 0.016018502414226532, 0.9963896870613098, 0.3514222502708435, -0.01962273009121418, 0.10611867904663086, 0.9299764633178711, 0.42241254448890686, 0.004395123105496168, 0.09952991455793381, 0.9009118676185608, 0.5902315378189087, -0.4013907015323639, 0.40600791573524475, 0.5706747770309448, -0.18682867288589478, -0.016563493758440018, 0.0004007008101325482, 0.9822527766227722, 0.4387953281402588, 0.011021463200449944, -0.11660932749509811, 0.8909205794334412, 0.3942630887031555, -0.012257055379450321, -0.08824966102838516, 0.9146685004234314, -0.5174185037612915, -0.5427984595298767, -0.5468046069145203, 0.37236088514328003, -0.05625999718904495, 0.02047100104391575, -0.025829223915934563, 0.9978720545768738, 0.036568403244018555, 0.017753025516867638, -0.014648431912064552, 0.9990660548210144, -0.6219642758369446, 0.38968339562416077, -0.38611698150634766, 0.5587674379348755, -0.4392269253730774, -0.04860447347164154, -0.2552098035812378, 0.8599914312362671, 0.5082149505615234, -0.6896228790283203, -0.0528901182115078, 0.5131670832633972, 0.205308735370636, -0.29005831480026245, 0.16461969912052155, 0.9201167225837708, -0.6239632368087769, -0.42574915289878845, 0.38597410917282104, 0.5295578837394714, -0.39948374032974243, 0.14616312086582184, 0.31244057416915894, 0.8493703007698059, 0.49548450112342834, 0.7308141589164734, 0.0027361493557691574, 0.4694660007953644, 0.3489876389503479, 0.3542904853820801, 0.09963275492191315, 0.8618348240852356, 0.14677341282367706, 0.03547003120183945, -0.024698397144675255, 0.9882254004478455, -0.39142560958862305, 0.00045352932647801936, -0.02787473425269127, 0.9197874069213867, 0.13565948605537415, -0.0005948705365881324, 3.756378763597468e-09, 0.9907553791999817, -0.4816468358039856, 0.0021118458826094866, -2.1254267235093494e-09, 0.8763629198074341, 0.03927206993103027, 0.8939905762672424, -0.04030124843120575, 0.44453832507133484, 0.3037400543689728, -0.5058967471122742, 0.7003121376037598, 0.40171319246292114, -0.15106932818889618, 0.03326813876628876, 0.017255758866667747, 0.9878125190734863, 0.40917494893074036, -0.01778455451130867, 0.10531305521726608, 0.906183660030365, 0.42282620072364807, 0.004336363635957241, 0.09930212050676346, 0.9007431864738464, 0.5851458311080933, -0.409704327583313, 0.433979868888855, 0.5490065217018127, -0.1981755942106247, -0.017545200884342194, 0.0007614223868586123, 0.9800091981887817, 0.46266674995422363, 0.009241471998393536, -0.11211021989583969, 0.8793664574623108, 0.39450857043266296, -0.012078049592673779, -0.08843442052602768, 0.9145471453666687, -0.5141905546188354, -0.5383201837539673, -0.5549119114875793, 0.3713383078575134, -0.057007480412721634, 0.021611642092466354, -0.03103814274072647, 0.9976571202278137, 0.035984039306640625, 0.018183065578341484, -0.016072357073426247, 0.9990577101707458, -0.6223428845405579, 0.3860243260860443, -0.3848372995853424, 0.5617605447769165, -0.45021429657936096, -0.0212607029825449, -0.26578381657600403, 0.8521819114685059, 0.5109511613845825, -0.6939356923103333, -0.053125761449337006, 0.5045393109321594, 0.1995006948709488, -0.2933443486690521, 0.16765670478343964, 0.9198042154312134, -0.6165795922279358, -0.42136532068252563, 0.3924254775047302, 0.5369200706481934, -0.3377836346626282, 0.16338171064853668, 0.2797061502933502, 0.8837268352508545, 0.4949348568916321, 0.7352988719940186, 0.0009542594198137522, 0.4630056619644165, 0.351955384016037, 0.3463497459888458, 0.09912687540054321, 0.8639115691184998, 0.14182956516742706, 0.03033786453306675, -0.01716531813144684, 0.989277184009552, -0.3722725510597229, 0.011969983577728271, -0.022082116454839706, 0.9277835488319397, 0.13565944135189056, -0.000594811572227627, -2.914039143320224e-08, 0.9907553791999817, -0.48164698481559753, 0.0021119017619639635, -1.7999710166805016e-08, 0.8763628005981445, 0.04044494405388832, 0.8971953988075256, -0.03736722096800804, 0.43818750977516174, 0.30006715655326843, -0.4964459538459778, 0.7183087468147278, 0.38410115242004395, -0.20656690001487732, 0.04044577479362488, 0.01854243315756321, 0.9774203300476074, 0.46371421217918396, -0.03435443714261055, 0.1153210699558258, 0.8777756094932556, 0.40997326374053955, 0.006941785104572773, 0.09478587657213211, 0.9071325063705444, 0.5919632315635681, -0.4032590091228485, 0.4547065794467926, 0.5293426513671875, -0.25592240691185, -0.023793242871761322, -0.0019011234398931265, 0.9664025902748108, 0.5210315585136414, 0.015750525519251823, -0.1128033921122551, 0.8459039926528931, 0.39524585008621216, -0.01181868463754654, -0.08854542672634125, 0.9142214059829712, -0.514388382434845, -0.5307958722114563, -0.5639066100120544, 0.36833375692367554, -0.053044188767671585, 0.021816305816173553, -0.03405327349901199, 0.9977729320526123, 0.03537750616669655, 0.0187329463660717, -0.017201364040374756, 0.9990503787994385, -0.6243947744369507, 0.38937273621559143, -0.3828986883163452, 0.5584878921508789, -0.4440552294254303, 0.0025681396946310997, -0.2642051577568054, 0.8561565279960632, 0.513739287853241, -0.6983690857887268, -0.053950343281030655, 0.49542099237442017, 0.1944597214460373, -0.2948142886161804, 0.17575998604297638, 0.9189006686210632, -0.6111345291137695, -0.4235898554325104, 0.39724522829055786, 0.5378499627113342, -0.2670632004737854, 0.18535037338733673, 0.2400958389043808, 0.9147002100944519, 0.49319425225257874, 0.7355827689170837, 0.00011494177306303754, 0.4644108712673187, 0.34891945123672485, 0.33804285526275635, 0.09955393522977829, 0.8683727979660034, 0.1364213079214096, 0.021549709141254425, -0.012472441419959068, 0.9903379678726196, -0.3561459481716156, 0.026894060894846916, -0.018893679603934288, 0.9338521361351013, 0.13566291332244873, -0.000594209530390799, -3.196044318087843e-08, 0.9907549023628235, -0.48164376616477966, 0.0021124195773154497, 3.665689973786357e-07, 0.8763645887374878, 0.03571159020066261, 0.8997407555580139, -0.03779842332005501, 0.43331581354141235, 0.3133372664451599, -0.4685741364955902, 0.7401414513587952, 0.3666725158691406, -0.2811419367790222, 0.04964834079146385, 0.021146943792700768, 0.9581477046012878, 0.4996081292629242, -0.06389541923999786, 0.12911663949489594, 0.8541885018348694, 0.40556466579437256, 0.007613284979015589, 0.0934877023100853, 0.9092411398887634, 0.6071685552597046, -0.3829289674758911, 0.4789404273033142, 0.5052997469902039, -0.32942742109298706, -0.03153179958462715, -0.005077620502561331, 0.9436405897140503, 0.5623764395713806, 0.029902949929237366, -0.11415718495845795, 0.8184171915054321, 0.40004852414131165, -0.010589401237666607, -0.09020423889160156, 0.9119825959205627, -0.5185447335243225, -0.523439347743988, -0.5704132318496704, 0.3629758059978485, -0.04321025684475899, 0.025916218757629395, -0.03354393318295479, 0.9981663227081299, 0.03507965803146362, 0.019367942586541176, -0.017644044011831284, 0.9990410208702087, -0.6227434873580933, 0.39972639083862305, -0.3859436810016632, 0.5508692860603333, -0.43048661947250366, -0.0012994600692763925, -0.25300994515419006, 0.8664095997810364, 0.5159261226654053, -0.7007458209991455, -0.054782215505838394, 0.48966771364212036, 0.19151315093040466, -0.29056328535079956, 0.17527130246162415, 0.9209645390510559, -0.6074613332748413, -0.43056198954582214, 0.40088745951652527, 0.5337567925453186, -0.220912903547287, 0.209842249751091, 0.2086619883775711, 0.9293136596679688, 0.4918847978115082, 0.7330857515335083, -0.0004117056669201702, 0.469717413187027, 0.33984172344207764, 0.3336409330368042, 0.10908722132444382, 0.8725200891494751, 0.14513356983661652, 0.015864074230194092, -0.013511380180716515, 0.9891926050186157, -0.356662392616272, 0.03064138814806938, -0.02115507796406746, 0.9334909915924072, 0.13566069304943085, -0.000594448356423527, -6.29845331445722e-08, 0.9907552003860474, -0.4816458225250244, 0.002112241927534342, 1.9394506978187565e-07, 0.8763634562492371, 0.03817324712872505, 0.9016715884208679, -0.03598326817154884, 0.42922770977020264, 0.3148952126502991, -0.45530611276626587, 0.7489821910858154, 0.364092081785202, -0.3086731433868408, 0.05303043872117996, 0.021211763843894005, 0.9494518041610718, 0.5074814558029175, -0.07371309399604797, 0.1323259174823761, 0.8482445478439331, 0.40576979517936707, 0.007445217575877905, 0.093682661652565, 0.9091309309005737, 0.6134647727012634, -0.3708634376525879, 0.48635345697402954, 0.4995814859867096, -0.3609170913696289, -0.03503618761897087, -0.0064508733339607716, 0.9319172501564026, 0.578118085861206, 0.029546266421675682, -0.10577864199876785, 0.808527946472168, 0.40017417073249817, -0.01053820550441742, -0.09021339565515518, 0.9119271636009216, -0.5209220051765442, -0.5218167901039124, -0.5718417763710022, 0.35964494943618774, -0.046800512820482254, 0.030868586152791977, -0.03278477117419243, 0.9978888034820557, 0.034575171768665314, 0.019708052277565002, -0.017401045188307762, 0.9990562796592712, -0.6243618130683899, 0.4008096754550934, -0.384418785572052, 0.5493142604827881, -0.4429231584072113, -0.024012524634599686, -0.23674356937408447, 0.8644043803215027, 0.516628623008728, -0.6986846327781677, -0.05568334832787514, 0.4917663335800171, 0.19332796335220337, -0.2896155118942261, 0.17091864347457886, 0.9217017292976379, -0.6116126775741577, -0.42660608887672424, 0.39645928144454956, 0.53549724817276, -0.2404600977897644, 0.20549501478672028, 0.2081255316734314, 0.9255455136299133, 0.4929516017436981, 0.7335649728775024, -0.0004489859566092491, 0.46784722805023193, 0.3366185128688812, 0.33908507227897644, 0.11280301958322525, 0.8711973428726196, 0.1530911922454834, 0.019062628969550133, -0.01791023463010788, 0.9878658652305603, -0.35838907957077026, 0.01840316876769066, -0.026052940636873245, 0.9330272674560547, 0.13566522300243378, -0.0005931501509621739, -1.5510588013967208e-07, 0.9907545447349548, -0.4816419184207916, 0.002113355090841651, 9.276795367441082e-07, 0.8763655424118042, 0.043515823781490326, 0.9056596755981445, -0.03217272460460663, 0.42053765058517456, 0.298911452293396, -0.46589353680610657, 0.7478652000427246, 0.3664599061012268, -0.2933003008365631, 0.051351066678762436, 0.021216079592704773, 0.9544045329093933, 0.4997367262840271, -0.07503493130207062, 0.13059812784194946, 0.8529812693595886, 0.40579718351364136, 0.007508719805628061, 0.09368536621332169, 0.9091178774833679, 0.6093829870223999, -0.3749135434627533, 0.4831022620201111, 0.5046824812889099, -0.35390377044677734, -0.03451761603355408, -0.0059197875671088696, 0.9346259832382202, 0.5753646492958069, 0.027496574446558952, -0.09610210359096527, 0.8117659091949463, 0.39993882179260254, -0.01065144408494234, -0.09010695666074753, 0.912039577960968, -0.522779643535614, -0.5197163224220276, -0.5738580822944641, 0.35676810145378113, -0.04804378002882004, 0.03213111683726311, -0.03307146206498146, 0.9977803826332092, 0.034399136900901794, 0.019123008474707603, -0.016951102763414383, 0.9990814328193665, -0.6300839781761169, 0.39822548627853394, -0.37836456298828125, 0.5488633513450623, -0.4631526470184326, -0.039811618626117706, -0.23335802555084229, 0.8540776968002319, 0.516577422618866, -0.6961060166358948, -0.05667712911963463, 0.49535030126571655, 0.1989397555589676, -0.29069408774375916, 0.1738019734621048, 0.9196264743804932, -0.6210598349571228, -0.4270544946193695, 0.38711047172546387, 0.5310882329940796, -0.2732662856578827, 0.19659686088562012, 0.23407816886901855, 0.9120759963989258, 0.49259841442108154, 0.7313734889030457, 4.075861943420023e-05, 0.471635103225708, 0.3348577916622162, 0.3459550440311432, 0.11010636389255524, 0.8695182204246521, 0.1482294201850891, 0.02048041671514511, -0.022815780714154243, 0.9884776473045349, -0.35620567202568054, 0.01143855694681406, -0.03108232282102108, 0.9338204264640808, 0.13566623628139496, -0.0005940006813034415, -1.062215275737799e-07, 0.9907544255256653, -0.48164102435112, 0.002112587448209524, 4.342496708886756e-07, 0.8763660788536072, 0.04941389337182045, 0.9093233942985535, -0.03241889178752899, 0.4118717312812805, 0.2727473974227905, -0.48681896924972534, 0.7428100109100342, 0.36993178725242615, -0.24777764081954956, 0.04626091197133064, 0.021279163658618927, 0.9674778580665588, 0.4811355173587799, -0.07037654519081116, 0.12330729514360428, 0.8650729060173035, 0.4058130979537964, 0.00768628204241395, 0.09356057643890381, 0.9091221690177917, 0.5933225750923157, -0.3889325261116028, 0.4787667393684387, 0.5171869397163391, -0.3165486752986908, -0.030569732189178467, -0.0038005427923053503, 0.9480759501457214, 0.5581976771354675, 0.02198723517358303, -0.09492188692092896, 0.8239670991897583, 0.39949899911880493, -0.010855547152459621, -0.08996466547250748, 0.9122439622879028, -0.5256471037864685, -0.5200794339179993, -0.570813000202179, 0.3569105863571167, -0.048391301184892654, 0.027961818501353264, -0.030701318755745888, 0.9979648590087891, 0.0346645824611187, 0.0177108496427536, -0.01633952185511589, 0.9991084933280945, -0.6341496706008911, 0.40031498670578003, -0.3750309944152832, 0.5449347496032715, -0.47296684980392456, -0.055282484740018845, -0.24402983486652374, 0.844805121421814, 0.5148211717605591, -0.6933344602584839, -0.05657774209976196, 0.5010443329811096, 0.20050165057182312, -0.29246366024017334, 0.1775292307138443, 0.918012797832489, -0.6311259269714355, -0.42890664935112, 0.3772162199020386, 0.5248114466667175, -0.31508395075798035, 0.1866023987531662, 0.2732861340045929, 0.8895034193992615, 0.4928012192249298, 0.7286926507949829, 0.00056137063074857, 0.4755561947822571, 0.32877621054649353, 0.35916993021965027, 0.11233771592378616, 0.8661890625953674, 0.14616696536540985, 0.026621943339705467, -0.02951454184949398, 0.9884611368179321, -0.363120436668396, 0.003307952079921961, -0.03678447753190994, 0.9310099482536316, 0.1356659084558487, -0.0005966040189377964, 1.95519135104405e-07, 0.9907544851303101, -0.48164132237434387, 0.0021103278268128633, -9.0695630206028e-07, 0.8763659596443176, 0.05397173762321472, 0.9095945358276367, -0.03591703251004219, 0.4104081094264984, 0.24843356013298035, -0.5075717568397522, 0.7370391488075256, 0.37070879340171814, -0.19242413341999054, 0.04016031324863434, 0.020460069179534912, 0.9802762269973755, 0.45819446444511414, -0.06595875322818756, 0.11051079630851746, 0.8794854879379272, 0.4058138430118561, 0.007788674905896187, 0.09345169365406036, 0.909132182598114, 0.575645387172699, -0.40327730774879456, 0.4727962911128998, 0.5314729809761047, -0.26999902725219727, -0.025421496480703354, -0.0015369774773716927, 0.9625236988067627, 0.5380762815475464, 0.015235412865877151, -0.10096517205238342, 0.8366886377334595, 0.3991572856903076, -0.01103210635483265, -0.08984888345003128, 0.912402868270874, -0.527687132358551, -0.5223990082740784, -0.5635541677474976, 0.3620116710662842, -0.050694406032562256, 0.021962175145745277, -0.025492826476693153, 0.998147189617157, 0.035018254071474075, 0.01614990085363388, -0.015547576360404491, 0.9991351962089539, -0.6332311034202576, 0.40236896276474, -0.37705862522125244, 0.5430877804756165, -0.46807652711868286, -0.06595044583082199, -0.25947949290275574, 0.8421551585197449, 0.5125053524971008, -0.692409098148346, -0.05486637353897095, 0.5048739314079285, 0.19517572224140167, -0.293712854385376, 0.17163804173469543, 0.919880211353302, -0.6368294358253479, -0.4324169456958771, 0.3719762861728668, 0.5187461972236633, -0.3525005280971527, 0.1752844750881195, 0.30715516209602356, 0.8664147257804871, 0.49358946084976196, 0.726787805557251, 0.0017842943780124187, 0.4776461720466614, 0.3251267373561859, 0.3705950081348419, 0.10962016880512238, 0.8630964159965515, 0.14554363489151, 0.0338815338909626, -0.03404182940721512, 0.9881853461265564, -0.36688777804374695, -0.004042142070829868, -0.039796020835638046, 0.9294047951698303, 0.1356661170721054, -0.0005972752114757895, 2.4252716457340284e-07, 0.9907544255256653, -0.4816410541534424, 0.0021097734570503235, -1.211488779517822e-06, 0.8763660788536072]
    s (float, 3984):  [0.9999998807907104, 1.0, 0.9999998807907104, 0.9999999403953552, 0.9999999403953552, 1.0, 0.9999999403953552, 0.9999999403953552, 0.9999998211860657, 0.9999998211860657, 1.0000001192092896, 1.0000001192092896, 1.0000001192092896, 1.0, 1.0, 1.0, 0.9999999403953552, 0.9999999403953552, 1.0, 1.0, 1.0, 1.0000001192092896, 1.0000001192092896, 0.9999999403953552, 0.9999999403953552, 1.0, 0.9999999403953552, 1.0, 1.0, 1.0000001192092896, 1.0000001192092896, 0.9999999403953552, 1.0, 0.9999999403953552, 1.0, 1.0, 1.0000001192092896, 1.0000001192092896, 1.0, 0.9999999403953552, 1.0, 0.9999999403953552, 1.0, 1.0, 1.0, 1.0, 1.0000001192092896, 1.0, 1.0, 1.0, 0.9999998807907104, 1.0, 1.0, 1.0000001192092896, 0.9999998807907104, 1.0000001192092896, 0.9999998807907104, 0.9999998211860657, 1.0, 1.0, 1.0000001192092896, 1.0, 1.0000001192092896, 1.0000001192092896, 1.0, 0.9999998807907104, 1.0, 0.9999999403953552, 0.9999999403953552, 1.0, 1.0, 0.9999999403953552, 0.9999999403953552, 0.9999998807907104, 0.9999998807907104, 1.0000001192092896, 1.0, 0.9999999403953552, 0.9999998211860657, 0.9999998807907104, 1.0, 0.9999998807907104, 0.9999999403953552, 1.0000001192092896, 1.0, 1.0, 1.0000001192092896, 0.9999999403953552, 1.0, 1.0, 1.0000001192092896, 1.0000001192092896, 0.9999999403953552, 1.0000001192092896, 0.9999999403953552, 1.0, 1.0, 0.9999999403953552, 0.9999999403953552, 1.0, 1.0, 1.0, 1.0000001192092896, 0.9999999403953552, 1.0, 0.9999998211860657, 1.0000001192092896, 1.0000001192092896, 1.0, 1.0, 1.0000001192092896, 0.9999999403953552, 1.0, 0.9999999403953552, 1.0000001192092896, 1.0, 0.9999999403953552, 1.0, 1.0, 0.9999999403953552, 0.9999999403953552, 1.0000001192092896, 0.9999999403953552, 1.0, 1.0, 1.0000001192092896, 0.9999998807907104, 1.0, 0.9999999403953552, 1.0000001192092896, 1.0, 1.0000001192092896, 1.0000001192092896, 1.0, 1.000000238418579, 1.0, 1.0, 0.9999998807907104, 1.0, 0.9999999403953552, 1.0, 1.0, 1.0, 1.0, 0.9999999403953552, 0.9999998807907104, 0.9999999403953552, 1.0000001192092896, 0.9999999403953552, 1.0, 1.0, 0.9999999403953552, 1.0, 0.9999998807907104, 1.0, 1.0, 1.0000001192092896, 1.0, 1.0, 1.0, 1.0000001192092896, 0.9999999403953552, 1.0, 1.0, 1.0, 1.0000001192092896, 1.0, 1.0, 0.9999998211860657, 0.9999999403953552, 0.9999999403953552, 1.0, 0.9999999403953552, 1.0000001192092896, 1.0000001192092896, 1.0, 1.0, 1.0, 0.9999999403953552, 0.9999999403953552, 1.0000001192092896, 1.0, 1.0, 0.9999998807907104, 1.0, 0.9999999403953552, 1.0000001192092896, 1.0000001192092896, 0.9999999403953552, 1.0, 1.0, 1.0, 0.9999999403953552, 1.0, 1.0, 1.0, 1.0, 1.0000001192092896, 0.9999998807907104, 1.0, 0.9999998807907104, 0.9999999403953552, 1.0, 1.0, 1.0, 1.0, 1.0, 1.0, 1.0, 1.0, 1.0, 1.0, 1.0, 1.0, 0.9999999403953552, 1.0000001192092896, 0.9999999403953552, 1.0, 0.9999999403953552, 0.9999998807907104, 0.9999998807907104, 1.0, 1.0, 0.9999999403953552, 1.0, 1.0, 1.0, 1.0000001192092896, 0.9999999403953552, 1.0, 1.0, 1.0, 1.0, 0.9999998807907104, 1.0000001192092896, 0.9999999403953552, 0.9999998211860657, 1.0, 0.9999998807907104, 0.9999999403953552, 0.9999998807907104, 0.9999998211860657, 1.0, 1.0, 0.9999999403953552, 0.9999998211860657, 1.0, 1.0, 0.9999998807907104, 0.9999998807907104, 1.0, 1.0000001192092896, 1.0, 1.0, 0.9999999403953552, 1.0, 0.9999999403953552, 0.9999999403953552, 1.0, 1.0, 0.9999998807907104, 1.0, 0.9999999403953552, 0.9999998807907104, 1.0, 1.0, 1.0000001192092896, 1.0, 0.9999999403953552, 1.0000001192092896, 0.9999999403953552, 1.0, 1.0, 0.9999999403953552, 0.9999999403953552, 1.000000238418579, 1.0000001192092896, 1.0, 1.0, 0.9999999403953552, 1.0, 1.0000001192092896, 1.0, 1.0, 1.0, 1.0, 1.0, 1.0, 0.9999999403953552, 1.0, 0.9999999403953552, 1.0000001192092896, 0.9999999403953552, 1.0, 1.0, 1.0, 0.9999998807907104, 0.9999998807907104, 1.0, 1.0000001192092896, 1.0000001192092896, 1.0, 1.0, 1.0, 1.0, 0.9999998807907104, 1.000000238418579, 1.0, 1.0, 1.0000001192092896, 0.9999998807907104, 1.0, 0.9999999403953552, 1.0, 0.9999999403953552, 0.9999999403953552, 0.9999999403953552, 1.0000001192092896, 1.0, 1.0, 1.0, 1.0, 1.0, 1.0, 1.0, 1.0, 1.0, 0.9999998807907104, 1.0, 0.9999999403953552, 0.9999999403953552, 1.0, 1.0, 1.0000001192092896, 1.0, 0.9999999403953552, 1.0, 1.0, 1.0, 1.0000001192092896, 1.0, 0.9999999403953552, 1.0, 1.0, 1.0, 0.9999998807907104, 1.0, 0.9999999403953552, 1.0000001192092896, 1.0, 1.0, 0.9999999403953552, 1.0, 0.9999999403953552, 1.0, 1.0000001192092896, 1.0, 1.0000001192092896, 0.9999998211860657, 0.9999998211860657, 1.0, 1.0, 0.9999999403953552, 1.0000001192092896, 1.0, 0.9999999403953552, 0.9999999403953552, 1.0000001192092896, 0.9999999403953552, 0.9999998807907104, 1.0, 1.0000001192092896, 1.0, 1.0, 1.0, 0.9999999403953552, 0.9999999403953552, 0.9999999403953552, 1.0, 1.0000001192092896, 0.9999999403953552, 1.0, 0.9999999403953552, 0.9999998807907104, 1.0, 0.9999998807907104, 0.9999998807907104, 1.0, 0.9999999403953552, 0.9999999403953552, 0.9999999403953552, 0.9999999403953552, 0.9999998807907104, 0.9999998211860657, 1.0, 1.0, 1.0000001192092896, 1.0, 0.9999998807907104, 1.0000001192092896, 1.0000001192092896, 0.9999998807907104, 1.0000001192092896, 1.0000001192092896, 0.9999999403953552, 1.0, 1.0, 0.9999999403953552, 1.0, 1.0, 0.9999998807907104, 1.0, 0.9999998807907104, 1.0, 0.9999999403953552, 1.0, 0.9999998807907104, 1.0, 1.0, 1.0000001192092896, 1.0000001192092896, 1.0, 1.0, 1.0, 1.0, 0.9999999403953552, 1.0, 0.9999998807907104, 1.0, 1.0, 1.0, 1.0, 1.0, 0.9999999403953552, 1.0, 1.0, 0.9999999403953552, 1.0, 0.9999999403953552, 1.0000001192092896, 0.9999998807907104, 0.9999999403953552, 0.9999998807907104, 1.0000001192092896, 1.0, 1.0, 1.0, 1.0000001192092896, 0.9999999403953552, 0.9999998807907104, 1.0, 0.9999998807907104, 0.9999999403953552, 1.0000001192092896, 1.0, 1.0, 0.9999999403953552, 0.9999999403953552, 0.9999999403953552, 1.0, 1.0, 1.0, 1.0, 1.0, 1.0, 1.0, 1.0, 1.0000001192092896, 1.0000001192092896, 0.9999998807907104, 1.0000001192092896, 1.0, 0.9999999403953552, 1.0, 1.0000001192092896, 0.9999998807907104, 0.9999998807907104, 1.0, 0.9999999403953552, 0.9999999403953552, 0.9999999403953552, 0.9999999403953552, 0.9999999403953552, 1.0, 1.0000001192092896, 1.0000001192092896, 0.9999999403953552, 1.0, 0.9999999403953552, 0.9999998807907104, 1.0, 1.0000001192092896, 1.0000001192092896, 1.0, 1.0000001192092896, 1.0000001192092896, 1.0000001192092896, 0.9999999403953552, 0.9999999403953552, 0.9999998807907104, 0.9999999403953552, 1.0, 0.9999998807907104, 0.9999999403953552, 0.9999999403953552, 0.9999999403953552, 0.9999999403953552, 0.9999999403953552, 1.0, 0.9999999403953552, 1.0, 1.0, 0.9999999403953552, 0.9999998211860657, 1.0, 1.0000001192092896, 1.0000001192092896, 0.9999999403953552, 1.0000001192092896, 1.0, 1.0000001192092896, 1.0, 1.0, 0.9999998807907104, 0.9999998211860657, 1.0, 0.9999998807907104, 0.9999999403953552, 0.9999999403953552, 1.0000001192092896, 0.9999999403953552, 0.9999999403953552, 1.0, 1.0, 0.9999999403953552, 1.0, 1.0, 1.0, 0.9999998807907104, 1.0, 1.0, 0.9999999403953552, 1.0000001192092896, 1.0, 1.0, 1.0, 1.0000001192092896, 1.0, 0.9999999403953552, 1.0, 1.0, 0.9999998807907104, 0.9999998211860657, 1.0, 0.9999998807907104, 1.0, 0.9999998211860657, 1.0, 0.9999999403953552, 0.9999999403953552, 1.0, 0.9999998211860657, 1.0, 1.0000001192092896, 1.0, 1.0000001192092896, 1.0000001192092896, 1.0, 0.9999998807907104, 1.0, 0.9999999403953552, 1.0000001192092896, 0.9999998211860657, 1.0, 0.9999999403953552, 1.0, 0.9999998807907104, 0.9999999403953552, 0.9999998807907104, 1.0, 1.0, 1.0, 1.0, 1.0, 1.0, 0.9999998211860657, 1.0000001192092896, 1.0, 1.000000238418579, 0.9999999403953552, 0.9999999403953552, 1.0, 1.0000001192092896, 0.9999999403953552, 1.0000001192092896, 0.9999998807907104, 1.0, 0.9999999403953552, 0.9999998807907104, 1.0, 0.9999998807907104, 0.9999999403953552, 0.9999999403953552, 1.0000001192092896, 0.9999999403953552, 1.0, 1.0, 1.0, 1.0, 1.0, 0.9999999403953552, 1.0, 1.0, 1.0, 1.0000001192092896, 0.9999999403953552, 1.0, 0.9999998807907104, 1.0, 1.0, 0.9999998807907104, 1.0, 0.9999998211860657, 0.9999998807907104, 0.9999998211860657, 1.0000001192092896, 1.0, 0.9999999403953552, 0.9999999403953552, 1.0000001192092896, 0.9999999403953552, 1.0, 0.9999998807907104, 1.0, 0.9999999403953552, 1.0, 1.0, 1.0, 1.0000001192092896, 1.0, 1.0, 0.9999999403953552, 1.0000001192092896, 1.0000001192092896, 0.9999999403953552, 1.0, 1.0, 1.0, 0.9999999403953552, 0.9999999403953552, 1.0, 1.0, 1.0000001192092896, 0.9999999403953552, 0.9999998807907104, 1.0, 1.0, 0.9999998807907104, 1.0, 1.0000001192092896, 1.0, 1.0, 1.0000001192092896, 1.0000001192092896, 0.9999999403953552, 1.0, 1.0, 0.9999999403953552, 1.0, 0.9999999403953552, 0.9999999403953552, 0.9999999403953552, 0.9999999403953552, 1.0, 1.0, 1.0000001192092896, 1.0, 1.0, 0.9999999403953552, 1.0, 0.9999998807907104, 1.0, 1.0, 1.0, 1.0000001192092896, 1.0000001192092896, 1.0, 0.9999999403953552, 1.0, 1.0, 1.0000001192092896, 1.0, 0.9999999403953552, 0.9999999403953552, 1.0, 0.9999999403953552, 0.9999998807907104, 1.0, 1.0, 1.0, 0.9999999403953552, 1.0, 0.9999998807907104, 0.9999999403953552, 0.9999999403953552, 0.9999997615814209, 1.0, 1.0, 1.000000238418579, 1.0000001192092896, 1.0, 0.9999998807907104, 1.0000001192092896, 0.9999998807907104, 0.9999998807907104, 1.0, 0.9999999403953552, 1.0, 0.9999999403953552, 1.0, 1.0, 0.9999999403953552, 0.9999999403953552, 1.0, 1.0000001192092896, 0.9999999403953552, 1.0, 1.0, 0.9999999403953552, 0.9999998211860657, 1.0, 1.0, 1.0, 1.0000001192092896, 1.0000001192092896, 1.0, 1.0, 0.9999998807907104, 1.0000001192092896, 1.0, 1.0, 1.0, 0.9999999403953552, 0.9999998807907104, 0.9999998807907104, 1.0, 0.9999999403953552, 1.0000001192092896, 0.9999998807907104, 1.0000001192092896, 1.0, 1.0, 0.9999998807907104, 1.0, 0.9999999403953552, 1.0, 1.0000001192092896, 0.9999999403953552, 1.0000001192092896, 1.0, 1.0, 0.9999999403953552, 1.0, 1.0, 0.9999999403953552, 0.9999999403953552, 0.9999999403953552, 1.0, 1.0, 0.9999998807907104, 1.0, 0.9999999403953552, 1.0, 1.0, 1.0, 1.0000001192092896, 0.9999998807907104, 0.9999998807907104, 1.0, 1.0000001192092896, 1.0000001192092896, 1.0, 0.9999999403953552, 1.0000001192092896, 1.0, 0.9999998211860657, 1.0000001192092896, 1.0, 0.9999999403953552, 1.0, 1.0, 0.9999999403953552, 0.9999998807907104, 0.9999999403953552, 1.0, 1.0, 1.0000001192092896, 0.9999999403953552, 0.9999999403953552, 1.0, 1.0, 0.9999999403953552, 0.9999998807907104, 1.0000001192092896, 1.0000001192092896, 1.0, 1.0000001192092896, 0.9999999403953552, 1.0000001192092896, 0.9999998211860657, 0.9999998211860657, 0.9999998807907104, 1.0, 0.9999998807907104, 0.9999998807907104, 0.9999999403953552, 1.0, 1.0000001192092896, 1.0, 1.0, 0.9999998807907104, 1.0000001192092896, 1.0, 1.0, 1.0, 0.9999999403953552, 0.9999999403953552, 1.0000001192092896, 1.0, 1.0, 1.0, 1.000000238418579, 1.0000001192092896, 0.9999999403953552, 1.0000001192092896, 0.9999999403953552, 1.0, 0.9999998807907104, 0.9999999403953552, 1.0, 0.9999999403953552, 1.0, 1.0, 1.0, 0.9999999403953552, 1.0, 1.0000001192092896, 1.0, 0.9999999403953552, 0.9999998807907104, 1.0, 1.0000001192092896, 1.0000001192092896, 0.9999998807907104, 1.0000001192092896, 1.0, 1.0, 1.0, 0.9999999403953552, 0.9999998807907104, 0.9999999403953552, 1.0, 0.9999998807907104, 0.9999999403953552, 0.9999999403953552, 0.9999998807907104, 0.9999999403953552, 1.0000001192092896, 1.0000001192092896, 1.0, 0.9999999403953552, 1.0, 0.9999998211860657, 0.9999998807907104, 1.0, 1.0000001192092896, 1.000000238418579, 1.0, 1.0, 0.9999999403953552, 0.9999999403953552, 1.0, 1.0, 1.0, 0.9999999403953552, 1.0, 1.0, 1.0, 0.9999999403953552, 1.0, 1.0, 1.0, 1.0, 1.0, 0.9999998807907104, 1.0000001192092896, 0.9999998807907104, 0.9999998211860657, 1.0000001192092896, 1.0000001192092896, 1.0000001192092896, 1.0, 1.0, 1.0, 1.0, 0.9999999403953552, 1.0000001192092896, 1.0, 1.0, 1.0000001192092896, 0.9999999403953552, 0.9999999403953552, 0.9999999403953552, 1.0, 0.9999998807907104, 1.0, 0.9999999403953552, 1.0, 1.0, 0.9999998807907104, 1.0, 0.9999998807907104, 0.9999999403953552, 1.0, 1.0000001192092896, 0.9999999403953552, 1.0, 0.9999998807907104, 1.0000001192092896, 0.9999999403953552, 1.0, 0.9999998211860657, 0.9999998807907104, 0.9999999403953552, 0.9999999403953552, 1.0, 1.0000001192092896, 0.9999998807907104, 0.9999998807907104, 1.0, 1.0, 1.0, 0.9999999403953552, 0.9999999403953552, 1.0, 0.9999997019767761, 0.9999999403953552, 1.0, 1.000000238418579, 1.0, 1.0000001192092896, 0.9999999403953552, 1.0, 0.9999999403953552, 1.0000001192092896, 1.0, 0.9999999403953552, 1.0, 0.9999999403953552, 0.9999999403953552, 1.0, 1.0000001192092896, 0.9999998807907104, 1.0, 1.0, 1.0, 1.0, 1.0, 0.9999998807907104, 1.0, 0.9999999403953552, 1.0000001192092896, 1.0, 1.0, 1.0, 1.0, 0.9999999403953552, 0.9999999403953552, 1.0000001192092896, 1.0, 1.0, 1.0, 0.9999998211860657, 0.9999998807907104, 1.0, 1.0, 1.0, 1.0, 0.9999999403953552, 1.0, 1.0, 0.9999999403953552, 1.0000001192092896, 1.0, 1.0, 1.0000001192092896, 1.0000001192092896, 0.9999998807907104, 1.0000001192092896, 1.0, 1.0000001192092896, 1.0, 1.0, 1.0000001192092896, 1.0, 1.0, 0.9999998807907104, 1.0, 0.9999998807907104, 0.9999998807907104, 0.9999998807907104, 1.0, 1.0, 0.9999999403953552, 0.9999999403953552, 1.0, 0.9999998807907104, 0.9999998211860657, 1.0, 1.0000001192092896, 1.0000001192092896, 0.9999999403953552, 1.0, 1.0, 1.0000001192092896, 0.9999998807907104, 1.0000001192092896, 1.0, 0.9999999403953552, 1.0000001192092896, 1.0000001192092896, 1.0, 0.9999998807907104, 0.9999999403953552, 1.0, 1.0, 0.9999998211860657, 1.0000001192092896, 1.0, 0.9999999403953552, 0.9999998807907104, 1.0, 1.0, 1.0, 1.0000001192092896, 1.0000001192092896, 1.0, 1.0, 0.9999999403953552, 1.0, 1.0, 1.0, 0.9999998211860657, 1.0, 0.9999999403953552, 0.9999998807907104, 0.9999999403953552, 1.0, 0.9999999403953552, 1.0, 1.0, 1.0000001192092896, 1.0, 1.0, 1.0, 0.9999999403953552, 1.0, 1.0, 1.0, 1.0, 0.9999999403953552, 1.0, 0.9999999403953552, 0.9999998807907104, 1.0000001192092896, 1.0, 0.9999998807907104, 1.0, 1.0, 0.9999999403953552, 1.0, 1.0, 0.9999999403953552, 0.9999998807907104, 0.9999998807907104, 1.0, 0.9999999403953552, 1.0, 0.9999998807907104, 1.0, 1.0, 1.0000001192092896, 1.000000238418579, 1.0000001192092896, 1.0, 1.0, 1.0, 0.9999999403953552, 1.0000001192092896, 1.0, 1.0, 1.0, 0.9999998807907104, 0.9999999403953552, 0.9999998807907104, 0.9999998807907104, 1.0, 1.0, 1.0, 1.0, 0.9999998807907104, 1.0, 0.9999999403953552, 0.9999997615814209, 1.0, 1.0000001192092896, 1.0000001192092896, 0.9999998211860657, 0.9999999403953552, 0.9999999403953552, 0.9999999403953552, 0.9999998807907104, 1.0, 1.0000001192092896, 1.0, 1.0, 0.9999999403953552, 0.9999999403953552, 1.0, 1.0, 0.9999999403953552, 1.0, 1.0, 1.0, 0.9999999403953552, 1.0, 0.9999999403953552, 0.9999998807907104, 1.0000001192092896, 1.0, 1.0000001192092896, 1.0, 0.9999998807907104, 0.9999999403953552, 0.9999999403953552, 0.9999999403953552, 1.0, 1.0000001192092896, 1.0, 0.9999999403953552, 1.0000001192092896, 1.0, 0.9999999403953552, 0.9999999403953552, 1.0, 1.0, 1.0, 0.9999999403953552, 0.9999999403953552, 1.0, 1.0, 1.0, 0.9999999403953552, 1.0000001192092896, 1.0, 1.0, 1.0, 1.0, 0.9999998807907104, 1.0, 1.0, 1.0, 0.9999999403953552, 1.0, 0.9999998807907104, 0.9999998211860657, 0.9999999403953552, 1.0, 1.0, 0.9999999403953552, 1.0, 1.0, 1.0, 1.0, 0.9999998211860657, 0.9999999403953552, 0.9999999403953552, 1.0, 1.0000001192092896, 1.0, 1.0, 1.0, 1.0000001192092896, 0.9999998807907104, 0.9999999403953552, 1.0, 0.9999999403953552, 1.0, 0.9999999403953552, 0.9999999403953552, 0.9999999403953552, 0.9999998807907104, 0.9999999403953552, 1.0000001192092896, 0.9999999403953552, 0.9999999403953552, 1.0, 0.9999999403953552, 0.9999999403953552, 0.9999997615814209, 0.9999999403953552, 1.0000001192092896, 1.0000001192092896, 0.9999999403953552, 0.9999999403953552, 1.0, 1.0, 0.9999998807907104, 1.0000001192092896, 1.0000001192092896, 0.9999999403953552, 0.9999999403953552, 0.9999999403953552, 0.9999998807907104, 0.9999999403953552, 0.9999997615814209, 0.9999998807907104, 1.0, 1.0, 1.0000001192092896, 0.9999999403953552, 1.0, 0.9999998807907104, 0.9999999403953552, 1.0000001192092896, 1.0, 1.0000001192092896, 1.0, 0.9999999403953552, 0.9999999403953552, 1.0, 0.9999999403953552, 1.0000001192092896, 1.0, 0.9999999403953552, 0.9999999403953552, 0.9999999403953552, 1.0, 0.9999999403953552, 0.9999998807907104, 1.0, 1.0, 1.0, 1.0000001192092896, 0.9999998807907104, 0.9999999403953552, 1.0, 0.9999999403953552, 0.9999999403953552, 1.0000001192092896, 1.000000238418579, 0.9999999403953552, 1.0, 0.9999999403953552, 1.0, 0.9999998807907104, 1.0000001192092896, 0.9999999403953552, 1.0, 1.0000001192092896, 1.0, 1.0, 0.9999999403953552, 0.9999998211860657, 1.0, 1.0000001192092896, 0.9999999403953552, 1.0, 0.9999999403953552, 1.0, 1.0, 0.9999998807907104, 1.0, 1.0000001192092896, 1.0000001192092896, 0.9999999403953552, 1.0, 1.0000001192092896, 1.0, 0.9999999403953552, 1.0000001192092896, 1.0000001192092896, 0.9999999403953552, 1.0, 0.9999999403953552, 1.0, 0.9999999403953552, 1.0, 1.0, 1.0, 0.9999999403953552, 1.0, 1.0000001192092896, 0.9999999403953552, 1.0, 0.9999999403953552, 0.9999999403953552, 1.0, 1.0000001192092896, 1.0, 1.0, 1.0000001192092896, 1.0, 1.0, 1.0000001192092896, 1.0000001192092896, 0.9999998807907104, 1.0, 0.9999998807907104, 1.0, 1.0, 0.9999998807907104, 1.0, 1.0, 1.0000001192092896, 1.0, 1.0, 0.9999997615814209, 1.0, 0.9999997615814209, 1.0, 1.0, 1.0, 0.9999999403953552, 1.0, 0.9999998807907104, 1.0, 0.9999999403953552, 1.0, 1.0, 1.0, 1.0000001192092896, 0.9999999403953552, 0.9999999403953552, 0.9999998807907104, 0.9999998211860657, 0.9999999403953552, 1.0000001192092896, 0.9999999403953552, 1.0000001192092896, 1.0, 0.9999999403953552, 0.9999998807907104, 0.9999998211860657, 1.0, 1.0, 1.000000238418579, 1.0, 0.9999999403953552, 0.9999999403953552, 1.0000001192092896, 0.9999999403953552, 1.0000001192092896, 0.9999999403953552, 1.0, 1.0, 0.9999999403953552, 0.9999998807907104, 1.0, 0.9999998807907104, 1.0, 1.0, 1.0, 0.9999999403953552, 1.0, 1.0, 0.9999999403953552, 0.9999997615814209, 0.9999999403953552, 1.0, 1.0000001192092896, 1.0, 0.9999999403953552, 1.0000001192092896, 1.0, 0.9999999403953552, 1.0, 1.0, 0.9999998807907104, 1.0, 1.0, 1.0, 0.9999999403953552, 1.0, 1.0, 0.9999998807907104, 1.0, 1.0000001192092896, 1.0, 1.0, 1.0, 1.0, 1.0, 1.0000001192092896, 1.0000001192092896, 1.0, 1.0, 1.0000001192092896, 1.0, 0.9999997615814209, 0.9999999403953552, 1.0000001192092896, 0.9999999403953552, 1.0, 1.0, 1.0, 1.0, 1.0, 1.0, 1.0, 0.9999999403953552, 0.9999999403953552, 1.0, 0.9999999403953552, 1.0, 0.9999999403953552, 1.0000001192092896, 1.0000001192092896, 1.0000001192092896, 1.0, 1.0, 0.9999998807907104, 1.0, 1.0, 1.0, 1.0, 0.9999998807907104, 1.0000001192092896, 0.9999998807907104, 0.9999999403953552, 0.9999999403953552, 1.0, 1.0, 1.0, 1.0, 1.0000001192092896, 0.9999999403953552, 0.9999999403953552, 0.9999999403953552, 0.9999998807907104, 0.9999999403953552, 1.0000001192092896, 1.0000001192092896, 1.0, 1.0000001192092896, 1.0, 0.9999999403953552, 0.9999998807907104, 1.0, 1.0000001192092896, 0.9999998807907104, 1.0, 0.9999999403953552, 0.9999999403953552, 1.0, 0.9999999403953552, 1.0, 1.0, 1.0, 1.0, 0.9999999403953552, 1.0, 0.9999999403953552, 0.9999999403953552, 1.0, 1.0000001192092896, 1.0, 0.9999998807907104, 1.0000001192092896, 1.0, 1.0000001192092896, 1.0, 1.0, 0.9999999403953552, 1.0, 1.0, 0.9999999403953552, 0.9999998807907104, 1.0, 1.0, 1.0, 0.9999999403953552, 1.0, 0.9999999403953552, 0.9999999403953552, 1.0, 1.0, 1.0, 1.0, 1.0000001192092896, 1.0000001192092896, 0.9999998807907104, 1.0, 0.9999998807907104, 1.0, 0.9999999403953552, 1.0000001192092896, 1.0, 0.9999998807907104, 1.0, 0.9999999403953552, 1.0, 1.0, 1.0, 1.0, 1.0, 0.9999999403953552, 0.9999999403953552, 0.9999998807907104, 1.0, 0.9999999403953552, 0.9999999403953552, 1.0, 1.0000001192092896, 1.0000001192092896, 0.9999999403953552, 1.0000001192092896, 0.9999999403953552, 1.0000001192092896, 1.0, 1.0, 0.9999998807907104, 1.0, 1.0, 0.9999999403953552, 0.9999998807907104, 1.0, 0.9999998807907104, 0.9999999403953552, 1.0000001192092896, 0.9999998807907104, 0.9999999403953552, 1.0, 1.0, 0.9999998211860657, 0.9999998807907104, 1.0000001192092896, 1.0000001192092896, 1.0000001192092896, 0.9999999403953552, 1.0, 0.9999999403953552, 1.0000001192092896, 1.0, 1.0, 1.0, 1.0, 0.9999998807907104, 0.9999999403953552, 1.0, 1.0, 0.9999999403953552, 0.9999998807907104, 0.9999999403953552, 0.9999998807907104, 1.0000001192092896, 0.9999999403953552, 0.9999998211860657, 1.0, 0.9999999403953552, 0.9999999403953552, 1.0, 1.0000001192092896, 1.0000001192092896, 1.0, 0.9999998807907104, 1.0, 0.9999999403953552, 1.0, 1.0000001192092896, 0.9999998807907104, 1.0, 0.9999999403953552, 0.9999998211860657, 1.0, 1.0, 0.9999998807907104, 1.0, 1.0, 1.0, 1.0, 0.9999999403953552, 0.9999998807907104, 0.9999999403953552, 1.0, 1.0000001192092896, 1.0, 1.0, 1.0, 0.9999998807907104, 1.0, 0.9999999403953552, 1.0000001192092896, 0.9999999403953552, 0.9999998807907104, 1.0, 1.0, 1.0, 1.0, 1.0000001192092896, 1.0, 1.0, 1.0, 1.0, 0.9999999403953552, 0.9999999403953552, 1.0, 0.9999998211860657, 1.0, 1.0, 1.0000001192092896, 0.9999998807907104, 1.0000001192092896, 1.0, 1.0000001192092896, 0.9999999403953552, 0.9999999403953552, 1.0000001192092896, 1.0, 0.9999999403953552, 0.9999998807907104, 0.9999998807907104, 1.0, 0.9999999403953552, 0.9999998211860657, 1.0, 0.9999999403953552, 1.0, 1.0, 1.0, 0.9999998807907104, 1.0, 1.0, 1.0000001192092896, 1.0, 1.0, 0.9999999403953552, 1.0, 1.0000001192092896, 0.9999998807907104, 1.0, 0.9999999403953552, 1.0, 0.9999999403953552, 0.9999998807907104, 0.9999998807907104, 1.0, 1.0000001192092896, 0.9999999403953552, 1.0, 1.0, 1.0000001192092896, 0.9999999403953552, 0.9999998807907104, 0.9999999403953552, 1.0, 1.0, 1.0000001192092896, 1.0000001192092896, 1.0, 0.9999998211860657, 1.0000001192092896, 0.9999999403953552, 1.0, 1.0, 0.9999999403953552, 1.0, 1.0000001192092896, 0.9999999403953552, 0.9999998807907104, 0.9999999403953552, 1.0, 1.0, 0.9999999403953552, 0.9999999403953552, 1.0000001192092896, 1.0, 1.0, 1.0, 0.9999999403953552, 1.0, 1.0, 1.0000001192092896, 1.0, 0.9999999403953552, 1.0000001192092896, 1.0000001192092896, 1.0, 1.0, 0.9999999403953552, 0.9999999403953552, 0.9999999403953552, 0.9999999403953552, 0.9999999403953552, 1.0, 1.0, 1.0, 1.0, 0.9999999403953552, 1.0, 1.0, 1.0, 0.9999999403953552, 0.9999998211860657, 0.9999999403953552, 1.0000001192092896, 1.0000001192092896, 0.9999999403953552, 0.9999999403953552, 1.0, 1.0000001192092896, 0.9999998807907104, 0.9999997615814209, 1.0, 0.9999998807907104, 1.0, 0.9999998807907104, 1.0, 0.9999999403953552, 0.9999999403953552, 0.9999999403953552, 1.0, 0.9999999403953552, 1.0000001192092896, 1.0, 0.9999999403953552, 0.9999999403953552, 0.9999998807907104, 1.0, 1.0000001192092896, 1.0000001192092896, 0.9999999403953552, 1.0, 0.9999999403953552, 1.0000001192092896, 1.0, 1.0, 1.0, 0.9999999403953552, 1.0000001192092896, 0.9999999403953552, 0.9999998807907104, 1.0, 0.9999998807907104, 0.9999999403953552, 0.9999998807907104, 1.0, 1.0, 1.0, 0.9999998807907104, 1.0, 0.9999998211860657, 1.0, 1.0, 1.0, 1.0, 0.9999999403953552, 1.0, 1.0, 0.9999998807907104, 1.0000001192092896, 0.9999999403953552, 0.9999999403953552, 1.0000001192092896, 1.0, 1.0, 1.0, 0.9999999403953552, 1.0, 1.0000001192092896, 1.0, 1.0, 1.0, 1.0, 1.0, 0.9999998807907104, 0.9999999403953552, 1.0, 1.0, 1.0, 0.9999999403953552, 0.9999999403953552, 1.0, 0.9999998807907104, 1.0000001192092896, 1.0, 0.9999998807907104, 0.9999998807907104, 0.9999999403953552, 0.9999999403953552, 1.0, 1.0, 1.0, 0.9999998807907104, 0.9999999403953552, 1.0000001192092896, 1.0, 0.9999998807907104, 1.0, 1.0, 0.9999998807907104, 1.0000001192092896, 1.0, 1.0, 1.0000001192092896, 1.0, 0.9999999403953552, 0.9999998211860657, 1.0, 1.0, 1.0, 1.0000001192092896, 0.9999999403953552, 0.9999999403953552, 0.9999999403953552, 0.9999999403953552, 1.0, 1.0, 1.0, 1.0, 1.0, 1.0, 1.0, 0.9999998211860657, 1.0, 1.0000001192092896, 1.0000001192092896, 1.0, 1.0000001192092896, 1.0000001192092896, 0.9999999403953552, 0.9999998807907104, 1.0000001192092896, 1.0, 0.9999997615814209, 1.0000001192092896, 0.9999998807907104, 0.9999999403953552, 1.0, 0.9999998807907104, 1.0, 1.0, 1.0, 1.0, 1.0, 1.0000001192092896, 0.9999998807907104, 0.9999998807907104, 1.0, 0.9999999403953552, 1.0, 0.9999999403953552, 1.0, 1.0, 1.0000001192092896, 1.0, 1.0000001192092896, 1.0, 0.9999999403953552, 1.0, 1.0, 1.0, 0.9999999403953552, 1.0, 0.9999998807907104, 1.0000001192092896, 0.9999999403953552, 1.0, 1.0, 0.9999999403953552, 0.9999998807907104, 1.0, 1.0, 1.0000001192092896, 1.0000001192092896, 1.0, 0.9999998807907104, 1.0, 1.0, 1.0, 1.0000001192092896, 0.9999999403953552, 0.9999998807907104, 0.9999999403953552, 0.9999998807907104, 0.9999998807907104, 1.0, 1.0, 1.0, 1.0, 0.9999998807907104, 0.9999999403953552, 1.0, 1.0, 1.0, 0.9999998211860657, 1.0, 1.0000001192092896, 1.0, 0.9999999403953552, 1.0000001192092896, 1.0000001192092896, 1.0, 1.0000001192092896, 1.0, 1.0, 0.9999998807907104, 1.0, 0.9999999403953552, 0.9999999403953552, 1.0, 0.9999998807907104, 1.0, 1.0000001192092896, 0.9999999403953552, 1.0, 1.0, 0.9999999403953552, 0.9999999403953552, 0.9999999403953552, 1.0, 1.0000001192092896, 1.0, 1.0, 0.9999999403953552, 1.0000001192092896, 0.9999999403953552, 1.0, 1.0000001192092896, 0.9999998807907104, 0.9999998807907104, 1.0000001192092896, 1.0, 1.0, 0.9999999403953552, 0.9999999403953552, 1.0, 0.9999999403953552, 0.9999999403953552, 1.0000001192092896, 1.0, 0.9999998807907104, 1.0, 0.9999998807907104, 1.0, 1.0000001192092896, 1.0, 0.9999998807907104, 1.0, 1.0000003576278687, 1.0000001192092896, 0.9999998807907104, 0.9999998807907104, 0.9999999403953552, 0.9999999403953552, 1.0, 0.9999998211860657, 0.9999998807907104, 1.0, 1.0, 1.0, 1.0000001192092896, 0.9999998807907104, 1.0, 1.0000001192092896, 0.9999999403953552, 0.9999999403953552, 1.0, 1.0, 1.0, 1.0000001192092896, 1.0, 1.0, 1.0000001192092896, 1.0000001192092896, 0.9999999403953552, 1.0000001192092896, 1.0000001192092896, 1.0, 1.0, 0.9999999403953552, 0.9999999403953552, 0.9999998807907104, 0.9999999403953552, 0.9999998807907104, 1.0000001192092896, 1.0, 1.0, 1.0, 0.9999998807907104, 0.9999999403953552, 0.9999999403953552, 1.0, 1.0, 1.0000001192092896, 0.9999999403953552, 1.0, 1.0, 0.9999999403953552, 1.0, 1.0, 1.0, 0.9999998807907104, 1.0, 0.9999999403953552, 0.9999998807907104, 1.0, 0.9999998807907104, 0.9999999403953552, 0.9999999403953552, 0.9999998807907104, 1.0, 1.0, 1.0, 0.9999998807907104, 0.9999998807907104, 0.9999998807907104, 1.0000001192092896, 1.0000001192092896, 1.0, 1.0000001192092896, 1.0, 1.0000001192092896, 0.9999998807907104, 1.0, 1.0000001192092896, 0.9999999403953552, 1.0, 0.9999998807907104, 0.9999999403953552, 1.0, 1.0, 1.0, 1.0000001192092896, 0.9999999403953552, 1.0, 0.9999999403953552, 1.0, 0.9999999403953552, 0.9999999403953552, 1.0, 1.0, 1.0000001192092896, 0.9999998807907104, 1.0, 1.0000001192092896, 1.0, 0.9999998211860657, 0.9999999403953552, 1.0, 0.9999998807907104, 0.9999999403953552, 0.9999998807907104, 0.9999998807907104, 1.0, 0.9999998807907104, 0.9999999403953552, 0.9999999403953552, 0.9999999403953552, 1.0, 0.9999999403953552, 0.9999998807907104, 0.9999998807907104, 0.9999998807907104, 0.9999998807907104, 1.0000001192092896, 1.0000001192092896, 0.9999999403953552, 1.0000001192092896, 1.0000001192092896, 1.0000001192092896, 1.0, 1.0, 1.0000001192092896, 1.0, 1.0, 0.9999999403953552, 0.9999999403953552, 1.0, 1.0, 1.0, 1.0000001192092896, 1.0, 1.0000001192092896, 0.9999999403953552, 1.0, 0.9999999403953552, 0.9999999403953552, 1.0000001192092896, 1.0, 1.0, 1.0000001192092896, 1.0, 1.0, 1.0000001192092896, 1.0, 1.0, 0.9999998211860657, 1.0, 1.0, 1.0, 1.0, 0.9999999403953552, 1.0, 1.0, 1.0, 1.0, 1.0, 0.9999998807907104, 0.9999999403953552, 0.9999998807907104, 0.9999998807907104, 1.0, 1.0000001192092896, 1.0000001192092896, 1.0, 1.0, 1.0, 0.9999999403953552, 0.9999998211860657, 1.0, 1.0, 0.9999999403953552, 1.0000001192092896, 0.9999999403953552, 0.9999998807907104, 1.0, 1.0, 1.0, 1.0, 0.9999999403953552, 1.0, 0.9999998211860657, 1.0, 0.9999998211860657, 0.9999999403953552, 0.9999999403953552, 1.000000238418579, 1.0, 0.9999999403953552, 1.0000001192092896, 0.9999999403953552, 1.0000001192092896, 0.9999999403953552, 1.0, 0.9999998807907104, 0.9999999403953552, 1.0, 0.9999998807907104, 0.9999998211860657, 1.0, 0.9999999403953552, 0.9999999403953552, 1.0000001192092896, 1.0, 1.0, 0.9999998807907104, 1.0, 1.0, 1.0, 1.0, 1.0, 1.0000001192092896, 0.9999999403953552, 1.0, 1.0, 1.0, 0.9999999403953552, 0.9999998807907104, 1.0, 1.0, 1.0, 0.9999998807907104, 0.9999999403953552, 1.0, 1.0, 1.0, 1.0, 0.9999999403953552, 1.0, 0.9999999403953552, 1.0, 0.9999999403953552, 0.9999999403953552, 1.0, 1.0000001192092896, 1.000000238418579, 1.0, 1.0, 1.0, 1.0000001192092896, 0.9999999403953552, 1.0000001192092896, 0.9999999403953552, 0.9999999403953552, 1.0, 1.0000001192092896, 1.0, 0.9999999403953552, 0.9999999403953552, 0.9999999403953552, 1.0, 1.0, 1.0, 0.9999998807907104, 1.0, 0.9999998211860657, 0.9999999403953552, 0.9999999403953552, 1.0000001192092896, 1.0, 1.0, 0.9999999403953552, 1.0000001192092896, 1.0, 1.0, 1.0, 1.0, 1.0000001192092896, 1.0000001192092896, 0.9999999403953552, 1.0, 0.9999999403953552, 1.0, 0.9999999403953552, 1.0, 1.0, 1.0000001192092896, 0.9999999403953552, 0.9999998807907104, 0.9999998807907104, 0.9999999403953552, 0.9999998807907104, 1.0000001192092896, 1.0000001192092896, 1.0, 0.9999999403953552, 1.0, 1.0000001192092896, 0.9999998807907104, 0.9999998211860657, 0.9999998807907104, 0.9999998807907104, 1.0, 1.0, 1.0, 0.9999999403953552, 0.9999998807907104, 1.0, 1.0, 1.0, 0.9999997615814209, 0.9999999403953552, 0.9999998807907104, 1.0, 0.9999997615814209, 0.9999998807907104, 1.0000001192092896, 1.0000001192092896, 1.0000001192092896, 1.0, 1.0, 1.0000001192092896, 0.9999999403953552, 1.0000001192092896, 1.0, 1.0, 1.0, 1.0, 0.9999998807907104, 1.0, 0.9999998807907104, 1.0, 1.0000001192092896, 0.9999998807907104, 0.9999999403953552, 0.9999998807907104, 1.0, 0.9999999403953552, 0.9999999403953552, 1.0, 1.0, 1.0000001192092896, 1.0, 1.0, 1.0, 1.0, 1.0, 1.0, 1.0000001192092896, 1.0, 1.0, 0.9999998807907104, 0.9999998807907104, 0.9999999403953552, 0.9999999403953552, 0.9999998807907104, 1.0, 0.9999998807907104, 1.0, 0.9999999403953552, 1.0, 0.9999998807907104, 0.9999998807907104, 1.0, 1.0, 1.0000001192092896, 1.0, 0.9999999403953552, 1.0, 0.9999998807907104, 0.9999998807907104, 1.0000001192092896, 1.0, 0.9999998807907104, 1.0, 1.0, 0.9999999403953552, 0.9999999403953552, 1.0, 1.0, 1.0, 0.9999999403953552, 1.0, 0.9999999403953552, 1.0, 0.9999999403953552, 1.0, 1.0, 1.0000001192092896, 1.0000001192092896, 1.0, 1.0, 1.0000001192092896, 1.0, 1.0, 1.0, 0.9999999403953552, 0.9999999403953552, 1.0, 1.0, 0.9999999403953552, 1.0, 0.9999998211860657, 0.9999999403953552, 1.0, 1.0, 1.0, 1.0, 0.9999999403953552, 0.9999998807907104, 0.9999998211860657, 1.0, 1.0000001192092896, 1.0, 1.0000001192092896, 1.0, 0.9999999403953552, 0.9999999403953552, 0.9999998807907104, 0.9999998211860657, 1.0000001192092896, 0.9999999403953552, 1.0, 0.9999999403953552, 0.9999999403953552, 1.0, 0.9999998807907104, 1.0000001192092896, 1.0, 0.9999998807907104, 1.0, 1.0, 0.9999999403953552, 0.9999998211860657, 0.9999998807907104, 0.9999998807907104, 1.0, 1.0000001192092896, 0.9999998807907104, 1.0000001192092896, 1.0, 1.0000001192092896, 0.9999998807907104, 1.0, 1.0, 0.9999999403953552, 1.0, 1.0, 1.0, 1.0, 0.9999999403953552, 1.0, 1.0, 1.0000001192092896, 1.0000001192092896, 0.9999999403953552, 0.9999999403953552, 0.9999999403953552, 0.9999999403953552, 1.0, 1.0000001192092896, 1.0000001192092896, 1.0, 1.0000001192092896, 1.0, 1.0, 1.0, 1.0000001192092896, 1.0, 0.9999999403953552, 1.0, 0.9999999403953552, 0.9999999403953552, 0.9999999403953552, 1.0, 1.0, 0.9999999403953552, 1.0, 1.0, 1.0, 1.0, 0.9999998807907104, 1.0, 1.0, 1.0000001192092896, 1.0, 1.0000001192092896, 1.0000001192092896, 1.0000001192092896, 0.9999999403953552, 1.0000001192092896, 1.0000001192092896, 1.0, 0.9999998807907104, 0.9999999403953552, 1.0, 0.9999998807907104, 0.9999999403953552, 0.9999999403953552, 0.9999999403953552, 0.9999998807907104, 1.0, 1.0, 0.9999999403953552, 0.9999998807907104, 0.9999999403953552, 0.9999999403953552, 1.0, 1.0000001192092896, 1.0, 1.0, 1.0000001192092896, 0.9999998807907104, 0.9999999403953552, 0.9999999403953552, 0.9999999403953552, 1.0000001192092896, 0.9999998807907104, 0.9999998807907104, 0.9999999403953552, 0.9999999403953552, 1.0, 1.0000001192092896, 1.0, 1.0, 1.0, 1.0000001192092896, 1.0, 0.9999999403953552, 1.0, 1.0, 1.0000001192092896, 0.9999999403953552, 1.0000001192092896, 1.0, 0.9999999403953552, 1.0, 1.0000001192092896, 1.0, 1.0000001192092896, 1.0000001192092896, 0.9999998807907104, 1.0, 0.9999999403953552, 1.0, 0.9999999403953552, 0.9999999403953552, 1.0, 1.0000001192092896, 0.9999999403953552, 1.0, 1.0, 0.9999998807907104, 0.9999998807907104, 0.9999999403953552, 1.0, 1.0, 1.0000001192092896, 0.9999999403953552, 1.000000238418579, 1.0000001192092896, 1.0, 0.9999999403953552, 1.0, 1.0, 0.9999998211860657, 1.0000001192092896, 0.9999998807907104, 0.9999998807907104, 0.9999999403953552, 1.0, 0.9999998807907104, 1.0000001192092896, 1.0000001192092896, 1.0, 1.0000001192092896, 0.9999999403953552, 1.0000001192092896, 0.9999998807907104, 1.0, 1.0000001192092896, 1.0000001192092896, 1.0, 1.0000001192092896, 1.0, 1.0, 1.0, 1.0000001192092896, 1.0, 1.0000001192092896, 1.0, 0.9999999403953552, 1.0, 0.9999999403953552, 1.0, 1.0, 1.0, 0.9999999403953552, 1.0, 0.9999998211860657, 1.0, 0.9999998807907104, 0.9999999403953552, 1.0, 1.0, 0.9999999403953552, 0.9999999403953552, 1.0, 1.0, 0.9999999403953552, 0.9999998807907104, 1.0, 0.9999998807907104, 0.9999998807907104, 1.0, 0.9999999403953552, 0.9999999403953552, 0.9999999403953552, 1.0, 1.0, 0.9999999403953552, 1.0000001192092896, 1.0, 0.9999999403953552, 1.0, 1.0000001192092896, 0.9999999403953552, 1.0, 1.0, 1.0000001192092896, 0.9999999403953552, 1.0, 0.9999999403953552, 1.0000001192092896, 1.0, 1.0, 0.9999999403953552, 0.9999998807907104, 0.9999999403953552, 0.9999999403953552, 1.0, 1.0, 0.9999998807907104, 0.9999998211860657, 1.0, 0.9999999403953552, 0.9999999403953552, 1.0000001192092896, 1.0, 0.9999998807907104, 0.9999998807907104, 1.0, 1.0, 1.0000001192092896, 1.0, 1.0000001192092896, 0.9999999403953552, 1.0000001192092896, 0.9999999403953552, 1.0, 0.9999998807907104, 1.0, 1.0000001192092896, 1.0, 1.0, 0.9999999403953552, 1.0, 0.9999999403953552, 1.0, 0.9999998807907104, 1.0000001192092896, 1.0, 0.9999998807907104, 1.0, 0.9999999403953552, 1.0, 1.0, 1.0000001192092896, 1.0, 0.9999999403953552, 1.0, 1.0, 1.0, 1.0000001192092896, 1.0, 1.0, 1.0, 0.9999999403953552, 0.9999998807907104, 1.0, 0.9999998211860657, 1.0, 1.0, 0.9999998807907104, 0.9999999403953552, 0.9999998807907104, 0.9999999403953552, 0.9999999403953552, 0.9999999403953552, 0.9999999403953552, 1.0, 1.0000001192092896, 1.0, 1.000000238418579, 1.0, 1.0, 0.9999999403953552, 1.0000001192092896, 1.0000001192092896, 0.9999998211860657, 1.0000001192092896, 0.9999999403953552, 1.0, 0.9999999403953552, 0.9999999403953552, 0.9999999403953552, 1.0, 1.0, 0.9999999403953552, 1.0, 0.9999999403953552, 0.9999998807907104, 0.9999999403953552, 1.0, 1.0, 1.0000001192092896, 0.9999999403953552, 1.0, 1.0000001192092896, 1.0000001192092896, 1.0, 1.000000238418579, 1.0, 0.9999999403953552, 1.0, 1.0, 0.9999999403953552, 0.9999998807907104, 0.9999999403953552, 1.0, 1.0, 0.9999999403953552, 1.0000001192092896, 1.0, 1.0, 1.0, 0.9999999403953552, 1.0, 1.0000001192092896, 1.0, 1.0, 0.9999999403953552, 1.0, 1.0000001192092896, 1.0, 0.9999998807907104, 0.9999999403953552, 0.9999999403953552, 1.0, 0.9999999403953552, 0.9999999403953552, 0.9999999403953552, 1.0000001192092896, 0.9999998807907104, 1.0, 1.0, 1.0, 0.9999999403953552, 0.9999998807907104, 0.9999999403953552, 0.9999998807907104, 0.9999999403953552, 1.0000001192092896, 0.9999999403953552, 1.0, 1.0, 0.9999999403953552, 1.0000001192092896, 0.9999999403953552, 1.0000001192092896, 1.0, 1.0, 1.0, 0.9999998807907104, 0.9999998211860657, 1.0, 0.9999999403953552, 1.0, 1.0000001192092896, 0.9999998211860657, 1.0, 1.0, 1.0, 0.9999998807907104, 0.9999998211860657, 0.9999998807907104, 1.0000001192092896, 1.0, 1.0, 1.0000001192092896, 0.9999998807907104, 1.0000001192092896, 0.9999999403953552, 1.0, 1.0, 0.9999998807907104, 0.9999999403953552, 1.0, 0.9999999403953552, 0.9999998807907104, 1.0, 1.0, 1.0, 1.0, 1.0000001192092896, 1.0, 0.9999999403953552, 0.9999998807907104, 0.9999998211860657, 1.0, 0.9999999403953552, 1.0000001192092896, 1.0000001192092896, 1.0000001192092896, 0.9999999403953552, 1.0000001192092896, 0.9999998807907104, 1.0, 1.0, 0.9999999403953552, 1.0, 0.9999999403953552, 0.9999999403953552, 0.9999998807907104, 0.9999999403953552, 1.0, 0.9999999403953552, 1.0, 1.0, 0.9999998807907104, 0.9999999403953552, 0.9999999403953552, 0.9999999403953552, 1.0, 1.0, 1.0000001192092896, 0.9999999403953552, 0.9999999403953552, 1.0, 1.0, 0.9999998807907104, 1.0, 1.0, 0.9999998807907104, 1.0000001192092896, 0.9999999403953552, 0.9999999403953552, 0.9999998807907104, 1.0, 1.0, 1.0, 1.0, 1.0000001192092896, 1.0, 1.0, 0.9999999403953552, 0.9999999403953552, 1.0, 1.0, 1.0000001192092896, 0.9999998807907104, 0.9999999403953552, 1.0, 1.0000001192092896, 0.9999999403953552, 1.0000001192092896, 1.0, 0.9999999403953552, 0.9999998807907104, 0.9999998807907104, 0.9999999403953552, 1.0, 0.9999999403953552, 0.9999999403953552, 1.0, 0.9999999403953552, 1.0, 0.9999998807907104, 0.9999998211860657, 0.9999998807907104, 0.9999998211860657, 1.0, 1.0, 1.0000001192092896, 1.0000001192092896, 1.0000001192092896, 1.0, 1.0000001192092896, 1.0, 1.0, 1.0000001192092896, 0.9999999403953552, 1.0, 0.9999998807907104, 0.9999998807907104, 0.9999999403953552, 1.0, 1.0, 0.9999999403953552, 0.9999999403953552, 0.9999999403953552, 1.0, 0.9999999403953552, 0.9999999403953552, 0.9999998807907104, 0.9999998807907104, 1.0000001192092896, 1.0000001192092896, 1.0, 1.000000238418579, 1.0, 1.0, 0.9999999403953552, 1.0, 1.0, 0.9999999403953552, 0.9999998211860657, 0.9999999403953552, 0.9999999403953552, 0.9999998807907104, 1.0, 1.0, 0.9999999403953552, 1.0, 0.9999999403953552, 1.0, 0.9999999403953552, 0.9999999403953552, 0.9999999403953552, 0.9999999403953552, 1.0, 1.0, 1.0, 1.0000001192092896, 0.9999999403953552, 0.9999999403953552, 0.9999998807907104, 1.0000001192092896, 1.0, 0.9999998211860657, 1.0000001192092896, 0.9999999403953552, 0.9999998807907104, 0.9999999403953552, 1.0, 1.0, 0.9999999403953552, 1.0, 1.0000001192092896, 0.9999998807907104, 1.0, 0.9999999403953552, 1.0, 1.0, 1.0, 1.0000001192092896, 1.0000001192092896, 0.9999999403953552, 0.9999999403953552, 1.0, 1.0, 0.9999998807907104, 1.0, 0.9999999403953552, 1.0, 0.9999999403953552, 1.0, 1.0, 0.9999999403953552, 1.0000001192092896, 1.0, 1.0, 0.9999999403953552, 1.0, 0.9999999403953552, 0.9999998807907104, 0.9999999403953552, 1.0, 1.0, 1.000000238418579, 1.0000001192092896, 0.9999999403953552, 0.9999998807907104, 1.0000001192092896, 1.0, 1.0, 1.0, 1.0, 0.9999999403953552, 1.0, 1.0, 0.9999999403953552, 1.0, 1.0, 1.0, 1.0, 1.000000238418579, 0.9999998807907104, 1.0000001192092896, 0.9999999403953552, 1.0, 0.9999999403953552, 1.0, 1.0000001192092896, 0.9999998807907104, 1.0, 0.9999999403953552, 1.000000238418579, 1.0, 0.9999999403953552, 1.0, 0.9999999403953552, 0.9999998807907104, 0.9999999403953552, 0.9999999403953552, 0.9999999403953552, 1.0, 1.0, 1.0000001192092896, 0.9999999403953552, 1.0, 1.0, 1.0, 0.9999999403953552, 0.9999998807907104, 0.9999999403953552, 1.0000001192092896, 1.0000001192092896, 1.0, 1.0, 1.0, 1.0, 1.0, 0.9999999403953552, 1.0000001192092896, 0.9999998807907104, 1.0000001192092896, 1.0, 1.0, 0.9999999403953552, 1.0, 1.0, 1.0, 1.0, 1.0, 0.9999998807907104, 1.0, 0.9999998807907104, 1.0, 0.9999999403953552, 1.0000001192092896, 1.0, 1.0, 1.0, 1.0, 1.0, 0.9999999403953552, 1.0, 1.0, 1.0, 0.9999999403953552, 1.0, 0.9999999403953552, 1.0, 1.0, 0.9999999403953552, 1.0, 0.9999999403953552, 0.9999999403953552, 1.0, 1.0, 1.0, 0.9999998807907104, 1.0, 1.0000001192092896, 1.0, 1.0, 1.0, 0.9999999403953552, 1.0000001192092896, 1.0, 1.0, 1.0000001192092896, 0.9999999403953552, 1.0, 0.9999999403953552, 0.9999999403953552, 0.9999998807907104, 1.0, 1.0, 1.0000001192092896, 1.0, 0.9999998807907104, 1.0, 0.9999999403953552, 0.9999999403953552, 1.0, 1.0, 1.0, 1.0, 0.9999998807907104, 1.0, 1.0, 1.0, 0.9999999403953552, 1.0, 1.0000001192092896, 0.9999999403953552, 1.0, 1.0000001192092896, 0.9999999403953552, 1.0, 0.9999998807907104, 1.0, 1.0, 0.9999999403953552, 0.9999999403953552, 0.9999999403953552, 1.0, 1.0000001192092896, 0.9999997615814209, 1.0, 1.0, 1.0, 1.0, 1.0000001192092896, 1.0, 1.0000001192092896, 0.9999999403953552, 1.0, 1.0000001192092896, 0.9999998807907104, 1.0, 0.9999999403953552, 0.9999998807907104, 0.9999999403953552, 0.9999999403953552, 1.0, 1.0000001192092896, 1.0, 0.9999999403953552, 0.9999999403953552, 0.9999998211860657, 1.0, 0.9999998807907104, 1.0, 1.0000001192092896, 1.0, 0.9999999403953552, 0.9999997615814209, 1.0, 0.9999999403953552, 0.9999999403953552, 1.0, 1.0, 0.9999999403953552, 1.0, 0.9999999403953552, 1.0, 0.9999998807907104, 1.0, 1.0, 1.0, 1.0, 1.0000001192092896, 1.0000001192092896, 0.9999998211860657, 0.9999999403953552, 1.0, 0.9999999403953552, 1.0000001192092896, 1.0000001192092896, 1.0, 1.0000001192092896, 1.0, 0.9999999403953552, 1.0, 1.0, 1.0, 0.9999999403953552, 1.0000001192092896, 0.9999998807907104, 0.9999999403953552, 0.9999999403953552, 0.9999998807907104, 0.9999999403953552, 1.0, 1.0, 1.0, 0.9999999403953552, 1.0, 1.0000001192092896, 0.9999998211860657, 0.9999998807907104, 1.0000001192092896, 1.0, 1.0000001192092896, 0.9999999403953552, 1.0000001192092896, 1.0, 1.0, 1.0000001192092896, 1.0, 1.0, 1.0, 0.9999998807907104, 0.9999999403953552, 0.9999999403953552, 0.9999998807907104, 0.9999999403953552, 0.9999999403953552, 1.0, 1.0, 1.0, 1.0000001192092896, 0.9999999403953552, 0.9999999403953552, 1.0, 1.0000001192092896, 1.0000001192092896, 0.9999999403953552, 1.0000001192092896, 1.0, 0.9999999403953552, 0.9999999403953552, 1.0, 1.0000001192092896, 0.9999999403953552, 1.0000001192092896, 1.0, 1.0, 0.9999998807907104, 1.0, 0.9999999403953552, 1.0, 1.0, 1.0, 0.9999998807907104, 0.9999999403953552, 0.9999998807907104, 0.9999999403953552, 0.9999999403953552, 1.0000001192092896, 1.000000238418579, 0.9999999403953552, 1.0, 1.0, 1.0000001192092896, 1.0, 1.0, 0.9999999403953552, 1.0, 1.0, 0.9999999403953552, 0.9999998807907104, 1.0, 0.9999999403953552, 1.0, 0.9999998211860657, 0.9999999403953552, 1.0, 1.0, 0.9999999403953552, 1.0, 0.9999998807907104, 0.9999998807907104, 0.9999999403953552, 1.0, 1.0000001192092896, 1.0, 1.0, 1.0, 1.0, 1.0000001192092896, 1.0, 0.9999998807907104, 0.9999999403953552, 0.9999999403953552, 0.9999999403953552, 0.9999999403953552, 0.9999998807907104, 0.9999998807907104, 1.0, 0.9999998807907104, 0.9999999403953552, 0.9999998211860657, 0.9999998807907104, 0.9999999403953552, 0.9999998807907104, 0.9999998807907104, 1.0000001192092896, 1.0000001192092896, 1.0, 1.0, 0.9999998807907104, 1.0000001192092896, 0.9999999403953552, 1.0, 1.0, 0.9999998807907104, 1.0, 0.9999998807907104, 0.9999998807907104, 1.0, 0.9999998807907104, 0.9999999403953552, 1.0000001192092896, 1.0, 1.0, 0.9999999403953552, 1.0, 1.0, 1.0, 0.9999999403953552, 1.0000001192092896, 1.0, 0.9999999403953552, 1.0, 1.0000001192092896, 1.0, 1.0, 1.0000001192092896, 1.0, 0.9999998807907104, 1.0000001192092896, 0.9999998807907104, 0.9999999403953552, 1.0, 1.0, 0.9999998807907104, 1.0, 0.9999999403953552, 1.0, 0.9999999403953552, 0.9999999403953552, 0.9999998807907104, 1.0, 1.0, 1.0000001192092896, 1.0000001192092896, 1.0, 1.000000238418579, 0.9999999403953552, 1.0000001192092896, 1.0, 0.9999999403953552, 0.9999999403953552, 1.0, 1.0, 0.9999998807907104, 0.9999998211860657, 1.0, 1.0, 0.9999999403953552, 1.0000001192092896, 0.9999999403953552, 0.9999999403953552, 0.9999999403953552, 0.9999998807907104, 1.0, 0.9999999403953552, 1.0, 1.0000001192092896, 1.0000001192092896, 0.9999999403953552, 0.9999999403953552, 0.9999999403953552, 1.0000001192092896, 1.0, 1.0000001192092896, 1.0, 1.0, 1.0, 1.0000001192092896, 0.9999998807907104, 0.9999999403953552, 0.9999999403953552, 1.0, 1.0, 0.9999999403953552, 1.0000001192092896, 0.9999999403953552, 1.0, 0.9999998807907104, 0.9999998211860657, 0.9999999403953552, 1.0000001192092896, 1.0000001192092896, 0.9999999403953552, 1.0000001192092896, 1.0000001192092896, 1.0, 0.9999998807907104, 1.0, 1.0, 1.0, 1.0, 0.9999998807907104, 1.0, 0.9999998807907104, 1.0, 0.9999999403953552, 1.0, 0.9999998807907104, 1.0, 1.0000001192092896, 0.9999998807907104, 0.9999999403953552, 0.9999999403953552, 1.0, 1.0, 1.0, 0.9999999403953552, 1.0, 0.9999999403953552, 0.9999999403953552, 0.9999998807907104, 1.000000238418579, 1.0, 0.9999999403953552, 1.0, 1.0, 1.0, 0.9999999403953552, 1.0, 1.0, 1.0, 1.0, 0.9999999403953552, 1.0, 0.9999998807907104, 0.9999999403953552, 0.9999998807907104, 0.9999998807907104, 1.0, 1.0, 0.9999999403953552, 1.0, 0.9999999403953552, 1.0, 0.9999999403953552, 0.9999999403953552, 1.0000001192092896, 1.0, 1.0, 1.0, 0.9999999403953552, 1.0, 0.9999999403953552, 1.0, 1.0, 0.9999999403953552, 1.0000001192092896, 0.9999999403953552, 1.0, 0.9999999403953552, 1.0, 1.0, 1.0, 1.0000001192092896, 1.0, 1.0, 1.0, 1.0, 1.0, 1.0, 1.0000001192092896, 1.0, 1.0000001192092896, 0.9999998807907104, 1.0, 0.9999998807907104, 1.0000001192092896, 0.9999998807907104, 1.0, 1.0, 1.0000001192092896, 1.0, 0.9999998807907104, 0.9999999403953552, 1.0, 1.0000001192092896, 1.0000001192092896, 1.0000001192092896, 1.0, 1.0000001192092896, 0.9999999403953552, 1.0000001192092896, 1.0, 0.9999998807907104, 1.0, 1.0, 1.0, 0.9999998807907104, 0.9999999403953552, 0.9999999403953552, 1.0, 0.9999999403953552, 1.0, 0.9999999403953552, 0.9999999403953552, 0.9999999403953552, 0.9999998807907104, 0.9999999403953552, 1.0, 0.9999999403953552, 1.0, 1.0000001192092896, 1.0, 1.0, 1.0, 1.0000001192092896, 0.9999999403953552, 1.0, 1.0, 0.9999999403953552, 1.0000001192092896, 0.9999999403953552, 1.0, 0.9999999403953552, 1.0, 1.0, 0.9999998807907104, 1.0, 1.0000001192092896, 1.0000001192092896, 1.0, 0.9999998211860657, 0.9999998211860657, 0.9999998807907104, 1.0000001192092896, 1.0000001192092896, 0.9999999403953552, 1.0000001192092896, 1.0000001192092896, 1.0, 0.9999999403953552, 1.0, 1.0, 0.9999998807907104, 1.0, 1.0, 1.0, 0.9999998807907104, 1.0, 0.9999999403953552, 1.0, 0.9999999403953552, 1.0, 0.9999999403953552, 1.0, 0.9999999403953552, 0.9999998807907104, 1.0, 1.0000001192092896, 1.0, 1.0, 1.0000001192092896, 1.0, 1.0, 1.0, 1.0, 1.0, 0.9999998807907104, 0.9999999403953552, 1.0, 0.9999999403953552, 1.0, 0.9999997615814209, 1.0, 1.0000001192092896, 0.9999999403953552, 0.9999999403953552, 0.9999999403953552, 1.0, 0.9999999403953552, 0.9999997615814209, 1.0, 1.0000001192092896, 1.0000001192092896, 1.0, 1.0000001192092896, 1.0, 1.0000001192092896, 1.0, 1.0000001192092896, 1.0, 0.9999998211860657, 1.0, 0.9999998211860657, 1.0, 0.9999999403953552, 0.9999999403953552, 1.0, 0.9999999403953552, 0.9999998807907104, 1.0, 1.0000001192092896, 0.9999999403953552, 1.0, 0.9999998807907104, 0.9999998807907104, 1.0000001192092896, 1.0000001192092896, 1.0, 1.0, 0.9999999403953552, 1.0, 1.0, 1.0, 1.0, 0.9999999403953552, 0.9999999403953552, 0.9999999403953552, 0.9999999403953552, 0.9999999403953552, 0.9999998807907104, 0.9999998807907104, 1.0000001192092896, 1.0, 0.9999999403953552, 1.0, 0.9999999403953552, 0.9999998807907104, 0.9999998807907104, 1.0, 1.0, 1.0, 1.0, 1.0000001192092896, 1.0, 1.0000001192092896, 0.9999998807907104, 1.0000001192092896, 1.0, 1.0, 1.0, 1.0, 1.0, 0.9999998807907104, 1.0000001192092896, 1.0, 1.0, 1.0, 1.0000001192092896, 0.9999999403953552, 0.9999998807907104, 0.9999999403953552, 0.9999999403953552, 1.0, 1.0000001192092896, 1.0000001192092896, 0.9999999403953552, 1.0000001192092896, 1.0, 1.0, 0.9999998807907104, 1.0000001192092896, 1.0, 1.0, 0.9999998807907104, 1.0, 0.9999999403953552, 0.9999999403953552, 1.0, 0.9999998211860657, 1.0, 1.0, 1.0000001192092896, 1.0, 0.9999998211860657, 0.9999998807907104, 1.0, 0.9999999403953552, 1.0000001192092896, 1.0, 1.0, 1.0, 1.0, 1.0000001192092896, 0.9999999403953552, 0.9999998807907104, 0.9999999403953552, 0.9999998807907104, 0.9999999403953552, 0.9999998807907104, 0.9999999403953552, 1.0, 1.0, 1.0000001192092896, 0.9999999403953552, 1.0, 1.0, 0.9999998807907104, 1.0, 0.9999999403953552, 1.0, 0.9999998807907104, 1.0000001192092896, 1.0000001192092896, 0.9999998807907104, 0.9999999403953552, 1.0, 0.9999999403953552, 1.0, 1.0000001192092896, 1.0, 0.9999998807907104, 1.0000001192092896, 0.9999999403953552, 0.9999999403953552, 0.9999998807907104, 1.0, 1.0, 1.0, 1.0, 1.0000001192092896, 1.0, 0.9999998807907104, 0.9999998807907104, 0.9999999403953552, 1.0, 1.0, 1.0000001192092896, 0.9999999403953552, 1.0, 1.0, 1.0000001192092896, 1.0, 0.9999999403953552, 1.0, 0.9999999403953552, 1.0000001192092896, 0.9999999403953552, 0.9999999403953552, 1.0, 0.9999999403953552, 1.0, 1.0, 0.9999998807907104, 1.0, 0.9999998807907104, 0.9999999403953552, 0.9999998211860657, 0.9999998807907104, 1.0, 1.0000001192092896, 1.0, 1.0000001192092896, 1.0, 0.9999999403953552, 1.0, 0.9999998807907104, 1.0000001192092896, 1.0, 0.9999998807907104, 1.0, 0.9999999403953552, 0.9999998807907104, 0.9999998807907104, 0.9999998807907104, 1.0, 1.0, 0.9999998211860657, 1.0, 0.9999999403953552, 0.9999999403953552, 1.0, 1.0, 1.0, 1.0000001192092896, 1.000000238418579, 0.9999999403953552, 1.0, 1.0, 1.0, 1.0, 1.0, 0.9999999403953552, 1.0, 1.0, 1.0, 0.9999999403953552, 0.9999999403953552, 1.0, 0.9999999403953552, 1.0, 1.0, 0.9999999403953552, 1.0, 0.9999999403953552, 1.0, 1.0, 1.0, 1.0, 1.0000001192092896, 1.0, 1.0000001192092896, 1.0, 1.0000001192092896, 0.9999999403953552, 0.9999999403953552, 1.0, 0.9999999403953552, 1.0, 0.9999999403953552, 0.9999999403953552, 0.9999999403953552, 0.9999998211860657, 1.0, 1.0, 0.9999999403953552, 1.0, 0.9999998807907104, 1.0000001192092896, 0.9999999403953552, 0.9999998211860657, 1.0, 1.0000001192092896, 1.0000001192092896, 0.9999998807907104, 1.0000001192092896, 0.9999999403953552, 1.0000001192092896, 0.9999998807907104, 1.0000001192092896, 1.0, 0.9999999403953552, 1.0000001192092896, 0.9999998807907104, 0.9999999403953552, 0.9999999403953552, 0.9999999403953552, 0.9999999403953552, 0.9999999403953552, 0.9999998807907104, 1.0, 0.9999999403953552, 1.0, 0.9999999403953552, 0.9999998807907104, 0.9999999403953552, 1.0, 1.0000001192092896, 1.0000001192092896, 1.0, 1.0000001192092896, 1.0000001192092896, 0.9999998807907104, 1.0, 1.0000001192092896, 0.9999998807907104, 1.0000001192092896, 0.9999999403953552, 1.0, 1.0, 1.0, 0.9999999403953552, 0.9999999403953552, 1.0, 1.0, 0.9999999403953552, 0.9999998211860657, 0.9999999403953552, 0.9999998807907104, 1.0, 1.0000001192092896, 1.0000001192092896, 1.0, 1.000000238418579, 1.0, 1.0, 0.9999999403953552, 1.0000001192092896, 1.0, 0.9999999403953552, 1.0, 1.0, 1.0, 0.9999998807907104, 1.0, 1.0, 1.0, 0.9999999403953552, 1.0, 0.9999999403953552, 0.9999999403953552, 1.0, 0.9999998211860657, 0.9999998807907104, 1.0, 1.0000001192092896, 0.9999999403953552, 0.9999999403953552, 1.0, 0.9999999403953552, 1.0, 1.0000001192092896, 1.0000001192092896, 1.0, 0.9999999403953552, 0.9999999403953552, 0.9999999403953552, 0.9999999403953552, 0.9999999403953552, 1.0, 1.0, 0.9999999403953552, 1.0, 0.9999998807907104, 0.9999999403953552, 1.0, 0.9999999403953552, 1.0, 1.000000238418579, 1.0, 1.0, 1.0, 1.0000001192092896, 1.0000001192092896, 1.0, 0.9999998807907104, 1.0, 0.9999998807907104, 1.0, 0.9999999403953552, 0.9999999403953552, 0.9999999403953552, 1.0, 1.0, 1.0, 0.9999999403953552, 1.0, 0.9999998211860657, 0.9999998807907104, 0.9999999403953552, 0.9999998807907104, 0.9999999403953552, 1.0, 1.0000001192092896, 1.0, 1.0, 1.0, 1.0, 0.9999998807907104, 1.0, 1.0, 0.9999999403953552, 1.0, 0.9999998807907104, 0.9999999403953552, 0.9999998807907104, 0.9999998807907104, 1.0000001192092896, 1.0, 1.0, 0.9999999403953552, 0.9999998211860657, 1.0, 1.0, 0.9999998807907104, 1.0, 1.0, 1.0000001192092896, 1.0, 1.0000001192092896, 0.9999998807907104, 1.0000001192092896, 0.9999999403953552, 1.0000001192092896, 0.9999999403953552, 1.0, 1.0, 0.9999999403953552, 1.0, 0.9999998807907104, 0.9999999403953552, 1.0, 1.0, 1.0, 1.0, 0.9999998807907104, 0.9999999403953552, 1.0, 0.9999999403953552, 1.0, 1.0, 1.0, 0.9999999403953552, 1.0, 1.0, 1.0000001192092896, 1.0, 1.0000001192092896, 1.0, 0.9999998807907104, 0.9999999403953552, 0.9999999403953552, 1.0, 1.0, 1.0, 0.9999998807907104, 0.9999999403953552, 0.9999999403953552, 1.0000001192092896, 0.9999999403953552, 1.0, 0.9999999403953552, 1.0, 1.0, 1.0000001192092896, 1.0000001192092896, 0.9999999403953552, 1.0, 1.0, 0.9999999403953552, 0.9999998807907104, 1.0, 1.0, 0.9999999403953552, 1.0, 1.0, 0.9999999403953552]
