pdxasset (int, 2):  [1, 0]
info:
    fps (float, 1):  [24.0]
    sa (int, 1):  [42]
    j (int, 1):  [24]
    Hips:
        sa (str, 1):  ['tqs']
        t (float, 3):  [-0.04267432540655136, 3.925328016281128, 1.086604356765747]
        q (float, 4):  [0.03918752074241638, 0.9582347273826599, -0.09373947978019714, 0.2673264741897583]
        s (float, 1):  [1.0]
    LeftUpLeg:
        sa (str, 1):  ['tqs']
        t (float, 3):  [-0.08712353557348251, -0.35718631744384766, 0.5555343627929688]
        q (float, 4):  [0.3183763027191162, -0.2869924008846283, 0.8630731701850891, 0.26716408133506775]
        s (float, 1):  [0.9999998807907104]
    LeftLeg:
        sa (str, 1):  ['tqs']
        t (float, 3):  [5.736947059631348e-06, -3.1422823667526245e-06, 1.7364650964736938]
        q (float, 4):  [-0.40362298488616943, 0.06710571050643921, 0.04764101654291153, 0.9112165570259094]
        s (float, 1):  [1.0]
    LeftFoot:
        sa (str, 1):  ['tqs']
        t (float, 3):  [-3.8370490074157715e-06, -2.86102294921875e-06, 1.6212763786315918]
        q (float, 4):  [0.4481470584869385, -0.048344023525714874, 0.20139339566230774, 0.869636595249176]
        s (float, 1):  [0.9999998807907104]
    LeftToeBase:
        sa (str, 1):  ['tqs']
        t (float, 3):  [-2.850079908967018e-06, -1.1391937732696533e-05, 0.6033936142921448]
        q (float, 4):  [0.3373989462852478, 0.024910852313041687, 0.06795531511306763, 0.938575267791748]
        s (float, 1):  [0.9999999403953552]
    RightUpLeg:
        sa (str, 1):  ['tqs']
        t (float, 3):  [0.04908861219882965, -0.49832960963249207, -0.4918173849582672]
        q (float, 4):  [0.7212029695510864, -0.3535515069961548, 0.39421549439430237, 0.4466114342212677]
        s (float, 1):  [1.0000001192092896]
    RightLeg:
        sa (str, 1):  ['tqs']
        t (float, 3):  [-3.7848949432373047e-06, 7.152557373046875e-07, 1.720077633857727]
        q (float, 4):  [-0.44087132811546326, -0.04475737363100052, -0.02027204819023609, 0.8962244987487793]
        s (float, 1):  [0.9999998807907104]
    RightFoot:
        sa (str, 1):  ['tqs']
        t (float, 3):  [-3.88268381357193e-06, -2.8014183044433594e-06, 1.633895993232727]
        q (float, 4):  [0.558479368686676, 0.1794314682483673, -0.12387765944004059, 0.8003496527671814]
        s (float, 1):  [0.9999999403953552]
    RightToeBase:
        sa (str, 1):  ['tqs']
        t (float, 3):  [1.6065314412117004e-08, 7.599592208862305e-06, 0.6061095595359802]
        q (float, 4):  [0.2629389464855194, -0.037225350737571716, -0.04794210195541382, 0.9629013538360596]
        s (float, 1):  [0.9999998211860657]
    Spine02:
        sa (str, 1):  ['tqs']
        t (float, 3):  [0.038037221878767014, 0.4860991835594177, -0.06373587250709534]
        q (float, 4):  [-0.5652303695678711, -0.43245866894721985, -0.6273754239082336, 0.3160606920719147]
        s (float, 1):  [0.9999998807907104]
    Spine01:
        sa (str, 1):  ['tqs']
        t (float, 3):  [4.664063453674316e-06, -1.1920928955078125e-06, 0.4917296767234802]
        q (float, 4):  [-0.06212728098034859, 0.006550363730639219, -0.006095707416534424, 0.9980281591415405]
        s (float, 1):  [0.9999999403953552]
    Spine:
        sa (str, 1):  ['tqs']
        t (float, 3):  [-7.450580596923828e-08, -8.493661880493164e-07, 0.4917343556880951]
        q (float, 4):  [0.01592274196445942, 0.016005920246243477, -0.004834835417568684, 0.9997333884239197]
        s (float, 1):  [1.0000001192092896]
    LeftShoulder:
        sa (str, 1):  ['tqs']
        t (float, 3):  [0.1497974544763565, -0.004515305161476135, 0.26721426844596863]
        q (float, 4):  [-0.5674846172332764, 0.4284347891807556, -0.4678250849246979, 0.5249235033988953]
        s (float, 1):  [0.9999999403953552]
    LeftArm:
        sa (str, 1):  ['tqs']
        t (float, 3):  [-9.96515154838562e-08, -1.5175901353359222e-06, 0.6228752136230469]
        q (float, 4):  [-0.18459823727607727, -0.29636532068252563, -0.10626451671123505, 0.9310203790664673]
        s (float, 1):  [0.9999999403953552]
    LeftForeArm:
        sa (str, 1):  ['tqs']
        t (float, 3):  [7.763504981994629e-06, -7.309019565582275e-06, 1.1016771793365479]
        q (float, 4):  [0.3636150360107422, -0.48533350229263306, -0.02533089742064476, 0.7947288155555725]
        s (float, 1):  [1.0]
    LeftHand:
        sa (str, 1):  ['tqs']
        t (float, 3):  [-4.470348358154297e-08, -1.4156103134155273e-07, 0.77264404296875]
        q (float, 4):  [0.10491976141929626, -0.3532261848449707, 0.34459710121154785, 0.8634095191955566]
        s (float, 1):  [0.9999999403953552]
    RightShoulder:
        sa (str, 1):  ['tqs']
        t (float, 3):  [-0.14074447751045227, -0.01936173439025879, 0.2530270516872406]
        q (float, 4):  [-0.5998024940490723, -0.4680071175098419, 0.43439748883247375, 0.482187956571579]
        s (float, 1):  [1.0]
    RightArm:
        sa (str, 1):  ['tqs']
        t (float, 3):  [1.1920928955078125e-07, -4.76837158203125e-07, 0.543205201625824]
        q (float, 4):  [-0.4553429186344147, -0.0832071304321289, 0.11596280336380005, 0.8788014650344849]
        s (float, 1):  [0.9999998807907104]
    RightForeArm:
        sa (str, 1):  ['tqs']
        t (float, 3):  [-3.844499588012695e-06, 3.6954879760742188e-06, 1.103057861328125]
        q (float, 4):  [0.3205530047416687, 0.45060276985168457, -0.014615918509662151, 0.8330602049827576]
        s (float, 1):  [1.0000001192092896]
    RightHand:
        sa (str, 1):  ['tqs']
        t (float, 3):  [1.12876296043396e-05, -8.106231689453125e-06, 0.8240511417388916]
        q (float, 4):  [0.05683733522891998, 0.1535564512014389, 0.36081984639167786, 0.9181497693061829]
        s (float, 1):  [1.0]
    neck:
        sa (str, 1):  ['tqs']
        t (float, 3):  [-0.009052813053131104, 0.023875564336776733, 0.3158419728279114]
        q (float, 4):  [0.042369116097688675, -0.03140304610133171, -0.06795442849397659, 0.9962936043739319]
        s (float, 1):  [1.0]
    Head:
        sa (str, 1):  ['tqs']
        t (float, 3):  [9.685754776000977e-08, 3.2782554626464844e-07, 0.31536078453063965]
        q (float, 4):  [-0.2723078727722168, 0.1040201336145401, -0.06208539754152298, 0.9545541405677795]
        s (float, 1):  [1.0000001192092896]
    head_end:
        sa (str, 1):  ['tqs']
        t (float, 3):  [-0.0012295246124267578, -0.2804080545902252, 1.004749059677124]
        q (float, 4):  [0.13565948605537415, -0.0005948240868747234, -1.2212820088564058e-08, 0.9907553791999817]
        s (float, 1):  [0.9999999403953552]
    headfront:
        sa (str, 1):  ['tqs']
        t (float, 3):  [0.0012294203042984009, 0.2804056406021118, 0.17804360389709473]
        q (float, 4):  [-0.48164692521095276, 0.0021118486765772104, -2.3379696401093497e-08, 0.8763628005981445]
        s (float, 1):  [0.9999998807907104]
samples:
    t (float, 3024):  [-0.04267432540655136, 3.9253273010253906, 1.086604356765747, -0.08712361007928848, -0.35718655586242676, 0.5555342435836792, 5.677342414855957e-06, -3.0230730772018433e-06, 1.7364652156829834, -3.814697265625e-06, -2.868473529815674e-06, 1.6212763786315918, -2.835644409060478e-06, -1.1391937732696533e-05, 0.6033936142921448, 0.04908853769302368, -0.49832984805107117, -0.49181750416755676, -4.082918167114258e-06, 7.748603820800781e-07, 1.7200775146484375, -3.823079168796539e-06, -2.771615982055664e-06, 1.6338958740234375, 2.1653249859809875e-08, 7.659196853637695e-06, 0.6061095595359802, 0.03803713992238045, 0.4860987067222595, -0.06373587250709534, 4.544854164123535e-06, -9.5367431640625e-07, 0.4917299151420593, 4.470348358154297e-08, -8.493661880493164e-07, 0.4917345941066742, 0.14979733526706696, -0.004515305161476135, 0.2672137916088104, -9.96515154838562e-08, -1.5175901353359222e-06, 0.6228752136230469, 7.644295692443848e-06, -7.547438144683838e-06, 1.1016769409179688, -1.341104507446289e-07, -1.4156103134155273e-07, 0.77264404296875, -0.14074459671974182, -0.01936173439025879, 0.2530270516872406, 1.1920928955078125e-07, -4.76837158203125e-07, 0.5432050228118896, -3.3676624298095703e-06, 3.933906555175781e-06, 1.103057861328125, 1.1168420314788818e-05, -7.867813110351562e-06, 0.8240509033203125, -0.009052872657775879, 0.023875564336776733, 0.3158414959907532, 1.1175870895385742e-07, 8.940696716308594e-08, 0.31536078453063965, -0.0012295842170715332, -0.2804080545902252, 1.004748821258545, 0.0012293905019760132, 0.2804051637649536, 0.17804336547851562, -0.04297812283039093, 3.9231314659118652, 1.0864684581756592, -0.08712352812290192, -0.3571861982345581, 0.5555343627929688, 5.736947059631348e-06, -2.902001142501831e-06, 1.736465334892273, -3.721565008163452e-06, -2.823770046234131e-06, 1.6212762594223022, -2.8014183044433594e-06, -1.1406838893890381e-05, 0.6033936142921448, 0.04908861964941025, -0.4983294606208801, -0.4918174147605896, -3.7029385566711426e-06, 3.5762786865234375e-07, 1.7200775146484375, -4.016561433672905e-06, -2.8312206268310547e-06, 1.6338956356048584, -2.8870999813079834e-07, 7.539987564086914e-06, 0.6061095595359802, 0.038037143647670746, 0.4860994219779968, -0.06373601406812668, 4.641711711883545e-06, -8.642673492431641e-07, 0.4917294681072235, -2.086162567138672e-07, -5.066394805908203e-07, 0.49173352122306824, 0.14979760348796844, -0.0045152753591537476, 0.26721322536468506, 4.805624485015869e-07, -1.9371509552001953e-06, 0.6228749752044678, 7.748603820800781e-06, -7.644295692443848e-06, 1.1016771793365479, 4.470348358154297e-08, -3.0547380447387695e-07, 0.77264404296875, -0.14074420928955078, -0.01936158537864685, 0.25302621722221375, 5.364418029785156e-07, -2.9802322387695312e-08, 0.5432051420211792, -3.606081008911133e-06, 3.874301910400391e-06, 1.1030575037002563, 1.150369644165039e-05, -7.748603820800781e-06, 0.8240510821342468, -0.009052664041519165, 0.023875445127487183, 0.3158409297466278, 1.043081283569336e-07, 2.682209014892578e-07, 0.3153608441352844, -0.0012294352054595947, -0.28040921688079834, 1.0047498941421509, 0.0012296214699745178, 0.280405193567276, 0.17804376780986786, -0.04440935701131821, 3.9127860069274902, 1.0858283042907715, -0.08712351322174072, -0.35718652606010437, 0.5555343627929688, 5.714595317840576e-06, -2.9169023036956787e-06, 1.7364658117294312, -3.825873136520386e-06, -2.86102294921875e-06, 1.6212769746780396, -2.8635840862989426e-06, -1.1421740055084229e-05, 0.6033935546875, 0.04908858239650726, -0.4983297288417816, -0.49181750416755676, -3.632158041000366e-06, 2.086162567138672e-07, 1.7200778722763062, -4.174304194748402e-06, -2.86102294921875e-06, 1.6338956356048584, -1.1525116860866547e-07, 7.569789886474609e-06, 0.606109619140625, 0.03803710266947746, 0.4860987663269043, -0.06373590975999832, 4.798173904418945e-06, -8.940696716308594e-07, 0.49172961711883545, -5.960464477539063e-08, -5.364418029785156e-07, 0.4917337894439697, 0.14979757368564606, -0.004515096545219421, 0.2672140598297119, 2.8405338525772095e-07, -2.6241177693009377e-06, 0.6228752732276917, 7.703900337219238e-06, -7.614493370056152e-06, 1.1016771793365479, 2.9802322387695312e-08, -3.725290298461914e-07, 0.77264404296875, -0.14074420928955078, -0.019361227750778198, 0.2530267834663391, 5.066394805908203e-07, -8.046627044677734e-07, 0.5432051420211792, -3.933906555175781e-06, 3.7550926208496094e-06, 1.103058099746704, 1.1444091796875e-05, -8.07642936706543e-06, 0.8240510821342468, -0.009052693843841553, 0.02387586236000061, 0.3158416152000427, 1.7881393432617188e-07, -1.4901161193847656e-07, 0.31536054611206055, -0.0012295246124267578, -0.28040939569473267, 1.0047492980957031, 0.0012295842170715332, 0.2804049253463745, 0.17804333567619324, -0.045583710074424744, 3.904297351837158, 1.0853029489517212, -0.08712346106767654, -0.35718631744384766, 0.555534303188324, 5.692243576049805e-06, -3.0063092708587646e-06, 1.7364654541015625, -3.829598426818848e-06, -2.86102294921875e-06, 1.6212769746780396, -2.841698005795479e-06, -1.1421740055084229e-05, 0.6033935546875, 0.04908856749534607, -0.4983297884464264, -0.49181753396987915, -3.822147846221924e-06, 7.152557373046875e-07, 1.720077633857727, -3.689317964017391e-06, -3.0100345611572266e-06, 1.6338958740234375, 2.7474015951156616e-07, 7.659196853637695e-06, 0.606109619140625, 0.03803719952702522, 0.4860990345478058, -0.0637359619140625, 4.686415195465088e-06, -8.344650268554688e-07, 0.491729199886322, -2.9802322387695312e-08, -2.2351741790771484e-07, 0.49173375964164734, 0.14979757368564606, -0.004515364766120911, 0.2672140598297119, 2.9616057872772217e-07, -2.064276486635208e-06, 0.6228753328323364, 7.554888725280762e-06, -7.510185241699219e-06, 1.1016768217086792, -5.960464477539063e-08, 2.7567148208618164e-07, 0.7726439237594604, -0.14074435830116272, -0.0193614661693573, 0.2530268728733063, 5.364418029785156e-07, -6.556510925292969e-07, 0.5432053804397583, -4.6193599700927734e-06, 3.6954879760742188e-06, 1.1030577421188354, 1.1585652828216553e-05, -7.18235969543457e-06, 0.8240506649017334, -0.00905272364616394, 0.023875802755355835, 0.3158416152000427, 1.4901161193847656e-07, -2.980232238769531e-07, 0.3153607249259949, -0.001229599118232727, -0.28040915727615356, 1.0047494173049927, 0.0012293867766857147, 0.280405193567276, 0.17804346978664398, -0.04657043144106865, 3.897165060043335, 1.0848616361618042, -0.08712342381477356, -0.3571864068508148, 0.5555344223976135, 5.714595317840576e-06, -2.644956111907959e-06, 1.736465334892273, -3.773719072341919e-06, -2.86102294921875e-06, 1.6212767362594604, -2.825632691383362e-06, -1.1377036571502686e-05, 0.6033936142921448, 0.04908876121044159, -0.49832963943481445, -0.4918174147605896, -3.8035213947296143e-06, 3.2782554626464844e-07, 1.720077633857727, -3.492925316095352e-06, -2.950429916381836e-06, 1.633895993232727, 3.3690594136714935e-07, 7.763504981994629e-06, 0.6061095595359802, 0.03803723677992821, 0.48609867691993713, -0.06373579800128937, 4.5746564865112305e-06, -1.0579824447631836e-06, 0.49172988533973694, -1.7881393432617188e-07, -7.450580596923828e-08, 0.49173349142074585, 0.14979754388332367, -0.00451524555683136, 0.26721328496932983, -2.253800630569458e-07, -2.0405277609825134e-06, 0.622875452041626, 7.510185241699219e-06, -7.618218660354614e-06, 1.1016771793365479, 1.341104507446289e-07, 4.3213367462158203e-07, 0.77264404296875, -0.1407443881034851, -0.019361764192581177, 0.25302720069885254, 6.854534149169922e-07, -2.682209014892578e-07, 0.5432052612304688, -3.248453140258789e-06, 3.7550926208496094e-06, 1.103057861328125, 1.1801719665527344e-05, -8.031725883483887e-06, 0.8240511417388916, -0.009052783250808716, 0.023875415325164795, 0.3158419132232666, 1.043081283569336e-07, -1.4901161193847656e-08, 0.31536075472831726, -0.001229614019393921, -0.2804098129272461, 1.0047494173049927, 0.0012293905019760132, 0.2804047763347626, 0.17804336547851562, -0.047382090240716934, 3.8912980556488037, 1.084498643875122, -0.08712345361709595, -0.357186496257782, 0.555534303188324, 5.751848220825195e-06, -2.8517097234725952e-06, 1.7364654541015625, -3.840774297714233e-06, -2.868473529815674e-06, 1.62127685546875, -2.8191134333610535e-06, -1.1406838893890381e-05, 0.6033935546875, 0.04908863455057144, -0.4983297884464264, -0.49181756377220154, -3.851950168609619e-06, 7.152557373046875e-07, 1.7200778722763062, -3.779307007789612e-06, -2.8014183044433594e-06, 1.6338958740234375, -2.1257437765598297e-07, 7.554888725280762e-06, 0.6061094999313354, 0.03803722560405731, 0.48609915375709534, -0.06373600661754608, 4.723668098449707e-06, -1.1175870895385742e-06, 0.49173009395599365, -7.450580596923828e-08, -5.960464477539062e-07, 0.4917335510253906, 0.14979766309261322, -0.004515424370765686, 0.2672141492366791, 3.0919909477233887e-07, -1.7853453755378723e-06, 0.622874915599823, 7.808208465576172e-06, -7.96094536781311e-06, 1.1016767024993896, -5.960464477539063e-08, -3.725290298461914e-08, 0.7726439237594604, -0.14074420928955078, -0.01936158537864685, 0.2530277371406555, 5.960464477539062e-07, -1.043081283569336e-06, 0.5432050228118896, -4.32133674621582e-06, 3.814697265625e-06, 1.103057622909546, 1.1466443538665771e-05, -6.67572021484375e-06, 0.824051022529602, -0.009052664041519165, 0.023875445127487183, 0.31584274768829346, 2.384185791015625e-07, -1.7881393432617188e-07, 0.3153606653213501, -0.0012293457984924316, -0.280409038066864, 1.0047494173049927, 0.0012295804917812347, 0.2804051637649536, 0.17804323136806488, -0.04820551723241806, 3.8853461742401123, 1.0841302871704102, -0.08712359517812729, -0.35718628764152527, 0.5555342435836792, 5.666166543960571e-06, -3.0025839805603027e-06, 1.7364650964736938, -3.907829523086548e-06, -2.8386712074279785e-06, 1.621277093887329, -2.8694048523902893e-06, -1.1481344699859619e-05, 0.6033936142921448, 0.04908856004476547, -0.498329758644104, -0.4918174147605896, -3.635883331298828e-06, 4.76837158203125e-07, 1.7200777530670166, -3.573484718799591e-06, -3.069639205932617e-06, 1.6338961124420166, -8.824281394481659e-08, 7.525086402893066e-06, 0.606109619140625, 0.03803712874650955, 0.4860987663269043, -0.06373590230941772, 4.395842552185059e-06, -9.08970832824707e-07, 0.491729736328125, -7.450580596923828e-08, -5.960464477539062e-07, 0.491734117269516, 0.14979760348796844, -0.004515528678894043, 0.26721322536468506, 4.284083843231201e-08, -2.123415470123291e-06, 0.6228751540184021, 7.644295692443848e-06, -7.890164852142334e-06, 1.1016771793365479, -7.450580596923828e-08, -3.2782554626464844e-07, 0.7726439833641052, -0.14074423909187317, -0.019362032413482666, 0.2530268728733063, 6.854534149169922e-07, -3.5762786865234375e-07, 0.5432054996490479, -3.814697265625e-06, 3.6954879760742188e-06, 1.1030582189559937, 1.1339783668518066e-05, -8.29249620437622e-06, 0.8240516185760498, -0.00905272364616394, 0.023875057697296143, 0.31584155559539795, 2.086162567138672e-07, 1.341104507446289e-07, 0.3153606951236725, -0.0012295693159103394, -0.2804086208343506, 1.0047492980957031, 0.0012293532490730286, 0.2804052233695984, 0.17804358899593353, -0.0490516796708107, 3.879229784011841, 1.0837517976760864, -0.08712354302406311, -0.3571864068508148, 0.5555341839790344, 5.751848220825195e-06, -2.6710331439971924e-06, 1.7364658117294312, -3.859400749206543e-06, -2.8833746910095215e-06, 1.6212769746780396, -2.871500328183174e-06, -1.1377036571502686e-05, 0.6033935546875, 0.04908864200115204, -0.4983295202255249, -0.49181753396987915, -3.7476420402526855e-06, 5.066394805908203e-07, 1.7200775146484375, -3.7420541048049927e-06, -2.8014183044433594e-06, 1.6338956356048584, 6.798654794692993e-08, 7.525086402893066e-06, 0.6061095595359802, 0.03803713992238045, 0.48609885573387146, -0.06373600661754608, 4.634261131286621e-06, -1.0281801223754883e-06, 0.4917295575141907, -1.1920928955078125e-07, -3.2782554626464844e-07, 0.4917337894439697, 0.14979736506938934, -0.00451582670211792, 0.2672135531902313, 4.246830940246582e-07, -2.0582228899002075e-06, 0.6228752136230469, 7.756054401397705e-06, -7.655471563339233e-06, 1.1016771793365479, -2.2351741790771484e-07, 5.662441253662109e-07, 0.7726439237594604, -0.14074450731277466, -0.01936200261116028, 0.2530267536640167, 4.172325134277344e-07, -1.7881393432617188e-07, 0.5432052612304688, -4.500150680541992e-06, 3.635883331298828e-06, 1.103057622909546, 1.1280179023742676e-05, -6.891787052154541e-06, 0.8240506052970886, -0.009052813053131104, 0.023874998092651367, 0.3158416152000427, 2.2351741790771484e-07, -3.2782554626464844e-07, 0.31536099314689636, -0.0012294352054595947, -0.28040945529937744, 1.004749059677124, 0.0012295767664909363, 0.2804052531719208, 0.17804288864135742, -0.049852099269628525, 3.873444080352783, 1.0833938121795654, -0.08712349086999893, -0.3571862578392029, 0.5555343627929688, 5.804002285003662e-06, -2.773478627204895e-06, 1.7364652156829834, -3.859400749206543e-06, -2.898275852203369e-06, 1.6212769746780396, -2.8454232960939407e-06, -1.1473894119262695e-05, 0.6033934354782104, 0.04908867925405502, -0.49832960963249207, -0.4918175935745239, -3.688037395477295e-06, 5.364418029785156e-07, 1.7200775146484375, -3.723427653312683e-06, -2.950429916381836e-06, 1.633895993232727, -9.778887033462524e-09, 7.539987564086914e-06, 0.6061095595359802, 0.03803713619709015, 0.4860987961292267, -0.06373602151870728, 4.4405460357666016e-06, -6.407499313354492e-07, 0.491730272769928, -5.960464477539063e-08, -7.152557373046875e-07, 0.49173325300216675, 0.14979742467403412, -0.0045156329870224, 0.26721400022506714, 3.6135315895080566e-07, -2.6561319828033447e-06, 0.6228751540184021, 7.554888725280762e-06, -7.651746273040771e-06, 1.1016772985458374, 2.9802322387695312e-08, -4.023313522338867e-07, 0.77264404296875, -0.1407443881034851, -0.01936185359954834, 0.25302696228027344, 2.384185791015625e-07, -4.172325134277344e-07, 0.5432051420211792, -3.933906555175781e-06, 3.814697265625e-06, 1.1030577421188354, 1.1324882507324219e-05, -8.27014446258545e-06, 0.8240503668785095, -0.009052783250808716, 0.023875445127487183, 0.3158416152000427, 1.043081283569336e-07, 4.6193599700927734e-07, 0.3153612017631531, -0.0012295693159103394, -0.28040868043899536, 1.0047492980957031, 0.0012294203042984009, 0.28040453791618347, 0.17804348468780518, -0.05056527629494667, 3.868288993835449, 1.0830748081207275, -0.08712346851825714, -0.3571866750717163, 0.5555344223976135, 5.673617124557495e-06, -2.927146852016449e-06, 1.736465334892273, -3.8333237171173096e-06, -2.8759241104125977e-06, 1.6212769746780396, -2.864282578229904e-06, -1.1377036571502686e-05, 0.6033935546875, 0.049088746309280396, -0.49833011627197266, -0.49181753396987915, -3.915280103683472e-06, 6.854534149169922e-07, 1.7200775146484375, -3.6191195249557495e-06, -3.039836883544922e-06, 1.6338961124420166, -1.2386590242385864e-07, 7.510185241699219e-06, 0.606109619140625, 0.03803730756044388, 0.48609834909439087, -0.06373576819896698, 4.559755325317383e-06, -7.301568984985352e-07, 0.4917297661304474, -5.960464477539063e-08, -5.960464477539062e-07, 0.49173396825790405, 0.14979758858680725, -0.004515483975410461, 0.2672143876552582, -1.862645149230957e-08, -1.950189471244812e-06, 0.6228755116462708, 7.4729323387146e-06, -7.502734661102295e-06, 1.101677417755127, -5.960464477539063e-08, 1.4156103134155273e-07, 0.7726439237594604, -0.14074435830116272, -0.019361823797225952, 0.2530275881290436, 6.854534149169922e-07, -1.043081283569336e-06, 0.5432052612304688, -4.112720489501953e-06, 3.5762786865234375e-06, 1.1030575037002563, 1.1682510375976562e-05, -7.957220077514648e-06, 0.8240504264831543, -0.009052693843841553, 0.023875728249549866, 0.3158416748046875, 1.7881393432617188e-07, -7.450580596923828e-08, 0.31536200642585754, -0.0012293457984924316, -0.2804088294506073, 1.0047491788864136, 0.0012296810746192932, 0.28040528297424316, 0.1780431866645813, -0.05097351223230362, 3.865338087081909, 1.0828921794891357, -0.08712354302406311, -0.35718655586242676, 0.555534303188324, 5.774199962615967e-06, -3.1655654311180115e-06, 1.736465573310852, -3.8333237171173096e-06, -2.86102294921875e-06, 1.621276617050171, -2.8994400054216385e-06, -1.1473894119262695e-05, 0.6033936142921448, 0.04908863455057144, -0.4983295500278473, -0.4918174147605896, -3.982335329055786e-06, 5.364418029785156e-07, 1.7200772762298584, -3.949739038944244e-06, -2.8908252716064453e-06, 1.633895754814148, -1.1012889444828033e-07, 7.525086402893066e-06, 0.606109619140625, 0.03803717717528343, 0.48609858751296997, -0.06373592466115952, 4.559755325317383e-06, -1.1771917343139648e-06, 0.4917299449443817, -1.1920928955078125e-07, -3.8743019104003906e-07, 0.49173450469970703, 0.1497974395751953, -0.004515588283538818, 0.26721370220184326, 1.4901161193847656e-07, -2.1979212760925293e-06, 0.6228753924369812, 7.446855306625366e-06, -7.847324013710022e-06, 1.1016772985458374, -8.940696716308594e-08, 2.9802322387695312e-08, 0.77264404296875, -0.14074432849884033, -0.01936173439025879, 0.25302645564079285, 7.450580596923828e-07, -8.344650268554688e-07, 0.5432053208351135, -3.337860107421875e-06, 3.814697265625e-06, 1.103057861328125, 1.1369585990905762e-05, -7.834285497665405e-06, 0.8240509033203125, -0.009052783250808716, 0.023875296115875244, 0.31584155559539795, 2.086162567138672e-07, 2.2351741790771484e-07, 0.3153613209724426, -0.0012294948101043701, -0.28040826320648193, 1.0047492980957031, 0.0012295171618461609, 0.2804054617881775, 0.17804329097270966, -0.05080470070242882, 3.866558313369751, 1.0829676389694214, -0.08712360262870789, -0.3571861982345581, 0.5555343627929688, 5.774199962615967e-06, -3.2028183341026306e-06, 1.736465334892273, -3.840774297714233e-06, -2.868473529815674e-06, 1.6212767362594604, -2.863118425011635e-06, -1.1488795280456543e-05, 0.6033936142921448, 0.0490884929895401, -0.4983295500278473, -0.4918176531791687, -3.721565008163452e-06, 4.76837158203125e-07, 1.7200778722763062, -3.398396074771881e-06, -2.86102294921875e-06, 1.6338961124420166, 3.501772880554199e-07, 7.718801498413086e-06, 0.606109619140625, 0.038037121295928955, 0.4860994815826416, -0.06373599916696548, 4.5299530029296875e-06, -1.3262033462524414e-06, 0.49173009395599365, -2.682209014892578e-07, -4.172325134277344e-07, 0.49173372983932495, 0.14979737997055054, -0.004515603184700012, 0.26721441745758057, 6.51925802230835e-08, -1.2628734111785889e-06, 0.622875452041626, 7.621943950653076e-06, -7.1339309215545654e-06, 1.1016767024993896, -8.940696716308594e-08, -1.1175870895385742e-07, 0.77264404296875, -0.14074444770812988, -0.019361376762390137, 0.2530268430709839, 3.5762786865234375e-07, -7.152557373046875e-07, 0.5432050228118896, -4.291534423828125e-06, 3.814697265625e-06, 1.103058099746704, 1.1295080184936523e-05, -7.845461368560791e-06, 0.8240505456924438, -0.009052813053131104, 0.023875445127487183, 0.3158421516418457, 3.725290298461914e-07, 0.0, 0.3153613209724426, -0.0012294501066207886, -0.2804088592529297, 1.0047495365142822, 0.0012295171618461609, 0.28040510416030884, 0.17804349958896637, -0.05012853816151619, 3.871445894241333, 1.0832700729370117, -0.08712347596883774, -0.35718631744384766, 0.5555344820022583, 5.688518285751343e-06, -2.7976930141448975e-06, 1.7364652156829834, -3.91155481338501e-06, -2.8759241104125977e-06, 1.621277093887329, -2.871733158826828e-06, -1.1466443538665771e-05, 0.6033935546875, 0.049088723957538605, -0.49832969903945923, -0.4918171763420105, -3.876164555549622e-06, 4.76837158203125e-07, 1.7200775146484375, -3.7187710404396057e-06, -2.8014183044433594e-06, 1.633895993232727, 8.684583008289337e-08, 7.733702659606934e-06, 0.606109619140625, 0.03803720325231552, 0.4860992133617401, -0.06373582780361176, 4.544854164123535e-06, -5.960464477539062e-07, 0.4917302429676056, 2.2351741790771484e-07, -5.662441253662109e-07, 0.49173396825790405, 0.1497974693775177, -0.004515260457992554, 0.26721420884132385, -2.0489096641540527e-08, -1.6242265701293945e-06, 0.6228753924369812, 7.752329111099243e-06, -8.028000593185425e-06, 1.1016770601272583, 1.1920928955078125e-07, -6.705522537231445e-08, 0.77264404296875, -0.14074432849884033, -0.01936131715774536, 0.2530267834663391, 4.76837158203125e-07, -1.7881393432617188e-07, 0.5432053804397583, -4.351139068603516e-06, 3.3974647521972656e-06, 1.1030575037002563, 1.1309981346130371e-05, -8.150935173034668e-06, 0.824051022529602, -0.009052783250808716, 0.02387574315071106, 0.3158422112464905, 1.6391277313232422e-07, -1.4901161193847656e-07, 0.31536105275154114, -0.0012295544147491455, -0.2804086208343506, 1.004749059677124, 0.0012294203042984009, 0.280404657125473, 0.17804349958896637, -0.049308471381664276, 3.877373695373535, 1.0836368799209595, -0.08712350577116013, -0.35718634724617004, 0.5555343627929688, 5.766749382019043e-06, -3.2391399145126343e-06, 1.736465334892273, -3.8035213947296143e-06, -2.8759241104125977e-06, 1.621277093887329, -2.8063077479600906e-06, -1.1429190635681152e-05, 0.6033935546875, 0.049088574945926666, -0.4983297884464264, -0.4918174743652344, -3.7830322980880737e-06, 4.172325134277344e-07, 1.7200777530670166, -3.4496188163757324e-06, -2.9206275939941406e-06, 1.6338958740234375, -7.59027898311615e-08, 7.554888725280762e-06, 0.606109619140625, 0.038037121295928955, 0.4860990345478058, -0.06373599916696548, 4.723668098449707e-06, -1.043081283569336e-06, 0.49173006415367126, -1.4901161193847656e-08, -6.556510925292969e-07, 0.49173325300216675, 0.1497976928949356, -0.00451582670211792, 0.2672136723995209, 7.152557373046875e-07, -1.123175024986267e-06, 0.6228750944137573, 7.780268788337708e-06, -7.933005690574646e-06, 1.1016764640808105, -2.384185791015625e-07, -6.034970283508301e-07, 0.77264404296875, -0.1407441794872284, -0.01936224102973938, 0.25302672386169434, 3.5762786865234375e-07, -6.556510925292969e-07, 0.5432051420211792, -4.1425228118896484e-06, 3.5762786865234375e-06, 1.103057861328125, 1.1742115020751953e-05, -8.322298526763916e-06, 0.8240503072738647, -0.009052515029907227, 0.023875117301940918, 0.3158411681652069, -5.960464477539063e-08, 2.9802322387695312e-08, 0.3153606057167053, -0.0012294948101043701, -0.2804092764854431, 1.0047492980957031, 0.0012294203042984009, 0.2804041802883148, 0.1780436635017395, -0.04863560572266579, 3.882237195968628, 1.0839378833770752, -0.08712354302406311, -0.3571864366531372, 0.5555344223976135, 5.781650543212891e-06, -2.9671937227249146e-06, 1.7364650964736938, -3.8370490074157715e-06, -2.898275852203369e-06, 1.62127685546875, -2.834014594554901e-06, -1.1436641216278076e-05, 0.6033936142921448, 0.04908858984708786, -0.4983297288417816, -0.4918174743652344, -3.917142748832703e-06, 3.8743019104003906e-07, 1.7200775146484375, -3.684312105178833e-06, -2.9206275939941406e-06, 1.6338956356048584, 1.9231811165809631e-07, 7.554888725280762e-06, 0.6061097979545593, 0.038037195801734924, 0.48609909415245056, -0.06373586505651474, 4.51505184173584e-06, -8.493661880493164e-07, 0.4917294681072235, -1.043081283569336e-07, -7.152557373046875e-07, 0.49173349142074585, 0.14979760348796844, -0.0045153796672821045, 0.2672136425971985, 3.334134817123413e-07, -1.9185245037078857e-06, 0.6228753924369812, 7.675960659980774e-06, -7.710419595241547e-06, 1.1016768217086792, -2.9802322387695312e-08, 8.046627044677734e-07, 0.7726441621780396, -0.14074426889419556, -0.01936185359954834, 0.2530268430709839, 5.960464477539063e-08, -9.5367431640625e-07, 0.5432053208351135, -4.26173210144043e-06, 4.112720489501953e-06, 1.103057861328125, 1.1414289474487305e-05, -7.875263690948486e-06, 0.8240509033203125, -0.009052634239196777, 0.023875504732131958, 0.31584179401397705, 2.086162567138672e-07, -5.960464477539063e-08, 0.31536099314689636, -0.0012293383479118347, -0.2804088592529297, 1.0047491788864136, 0.0012295618653297424, 0.2804051339626312, 0.17804351449012756, -0.047834523022174835, 3.8880279064178467, 1.0842962265014648, -0.08712352067232132, -0.3571861684322357, 0.5555343627929688, 5.736947059631348e-06, -3.1087547540664673e-06, 1.736465573310852, -3.822147846221924e-06, -2.898275852203369e-06, 1.6212769746780396, -2.8102658689022064e-06, -1.1436641216278076e-05, 0.6033936142921448, 0.04908859729766846, -0.4983295202255249, -0.4918174743652344, -3.550201654434204e-06, 5.662441253662109e-07, 1.7200777530670166, -3.5427510738372803e-06, -2.8908252716064453e-06, 1.6338958740234375, 6.82193785905838e-08, 7.763504981994629e-06, 0.6061097383499146, 0.03803710639476776, 0.48609936237335205, -0.0637359768152237, 4.649162292480469e-06, -8.195638656616211e-07, 0.4917294383049011, 2.2351741790771484e-07, -5.662441253662109e-07, 0.49173349142074585, 0.14979755878448486, -0.004515454173088074, 0.2672138810157776, 1.3783574104309082e-07, -2.051703631877899e-06, 0.6228753328323364, 7.865950465202332e-06, -7.412862032651901e-06, 1.1016768217086792, 8.940696716308594e-08, -4.917383193969727e-07, 0.77264404296875, -0.14074432849884033, -0.019361823797225952, 0.2530271112918854, 0.0, 0.0, 0.5432051420211792, -4.291534423828125e-06, 3.635883331298828e-06, 1.103057622909546, 1.1622905731201172e-05, -7.811933755874634e-06, 0.8240505456924438, -0.009052634239196777, 0.02387547492980957, 0.3158419132232666, 2.384185791015625e-07, -3.8743019104003906e-07, 0.3153614103794098, -0.0012294873595237732, -0.2804095447063446, 1.0047497749328613, 0.001229509711265564, 0.28040462732315063, 0.1780436635017395, -0.04677147790789604, 3.895711898803711, 1.084771752357483, -0.0871235579252243, -0.357186496257782, 0.5555344820022583, 5.751848220825195e-06, -3.0994415283203125e-06, 1.7364652156829834, -3.848224878311157e-06, -2.8759241104125977e-06, 1.621277093887329, -2.8810463845729828e-06, -1.1421740055084229e-05, 0.6033935546875, 0.049088627099990845, -0.4983297288417816, -0.4918173551559448, -3.9711594581604e-06, 1.7881393432617188e-07, 1.7200777530670166, -3.7243589758872986e-06, -2.9206275939941406e-06, 1.6338958740234375, -2.4330802261829376e-07, 7.62939453125e-06, 0.6061096787452698, 0.03803713247179985, 0.48609858751296997, -0.06373577564954758, 4.500150680541992e-06, -1.1920928955078125e-06, 0.49172937870025635, 1.4901161193847656e-08, -6.258487701416016e-07, 0.49173349142074585, 0.14979751408100128, -0.004515469074249268, 0.2672145366668701, 4.5588240027427673e-07, -2.3581087589263916e-06, 0.6228751540184021, 7.754191756248474e-06, -8.13603401184082e-06, 1.1016769409179688, 5.960464477539063e-08, -5.736947059631348e-07, 0.7726439833641052, -0.14074432849884033, -0.01936158537864685, 0.25302714109420776, 2.384185791015625e-07, -5.364418029785156e-07, 0.5432052612304688, -4.082918167114258e-06, 4.0531158447265625e-06, 1.1030577421188354, 1.1429190635681152e-05, -7.644295692443848e-06, 0.8240506052970886, -0.009052664041519165, 0.023875445127487183, 0.3158421218395233, 7.450580596923828e-09, 8.940696716308594e-08, 0.31536173820495605, -0.001229308545589447, -0.2804080545902252, 1.0047492980957031, 0.0012296587228775024, 0.2804054319858551, 0.17804355919361115, -0.045441605150699615, 3.9053244590759277, 1.0853666067123413, -0.08712351322174072, -0.3571862578392029, 0.5555342435836792, 5.766749382019043e-06, -2.72504985332489e-06, 1.736465334892273, -3.825873136520386e-06, -2.8461217880249023e-06, 1.6212769746780396, -2.902466803789139e-06, -1.1369585990905762e-05, 0.6033935546875, 0.04908869415521622, -0.49832969903945923, -0.49181753396987915, -4.088506102561951e-06, 5.364418029785156e-07, 1.7200772762298584, -3.768131136894226e-06, -2.9206275939941406e-06, 1.6338958740234375, -2.183951437473297e-07, 7.539987564086914e-06, 0.6061097383499146, 0.03803717717528343, 0.4860990643501282, -0.06373585760593414, 4.544854164123535e-06, -1.1175870895385742e-06, 0.49173057079315186, -1.4901161193847656e-07, -4.470348358154297e-07, 0.4917340576648712, 0.14979766309261322, -0.004515513777732849, 0.26721352338790894, 5.541369318962097e-08, -1.7955899238586426e-06, 0.6228753924369812, 7.592141628265381e-06, -7.75698572397232e-06, 1.1016769409179688, -1.7881393432617188e-07, -1.1920928955078125e-07, 0.77264404296875, -0.14074429869651794, -0.019361883401870728, 0.25302654504776, 6.556510925292969e-07, 2.9802322387695312e-08, 0.5432050824165344, -4.231929779052734e-06, 3.933906555175781e-06, 1.103057622909546, 1.1295080184936523e-05, -7.543712854385376e-06, 0.8240506649017334, -0.009052693843841553, 0.023875147104263306, 0.3158414661884308, 1.7136335372924805e-07, 8.940696716308594e-08, 0.3153606653213501, -0.0012294426560401917, -0.2804087996482849, 1.0047494173049927, 0.001229509711265564, 0.2804046869277954, 0.1780436486005783, -0.04409274831414223, 3.915074586868286, 1.0859699249267578, -0.0871235579252243, -0.35718607902526855, 0.5555344223976135, 5.707144737243652e-06, -3.0230730772018433e-06, 1.7364650964736938, -3.8333237171173096e-06, -2.823770046234131e-06, 1.621276617050171, -2.8423964977264404e-06, -1.1354684829711914e-05, 0.6033935546875, 0.04908853769302368, -0.4983293414115906, -0.4918174743652344, -3.7942081689834595e-06, 4.470348358154297e-07, 1.7200777530670166, -3.6992132663726807e-06, -2.86102294921875e-06, 1.6338961124420166, -1.9953586161136627e-07, 7.510185241699219e-06, 0.6061096787452698, 0.0380370207130909, 0.48609885573387146, -0.06373591721057892, 4.567205905914307e-06, -5.811452865600586e-07, 0.49172985553741455, -4.470348358154297e-08, -2.682209014892578e-07, 0.49173298478126526, 0.1497974991798401, -0.004515588283538818, 0.26721352338790894, 1.5972182154655457e-07, -2.2049061954021454e-06, 0.6228753328323364, 7.789582014083862e-06, -7.268041372299194e-06, 1.1016770601272583, 8.940696716308594e-08, -3.3527612686157227e-07, 0.77264404296875, -0.14074429869651794, -0.019361823797225952, 0.2530268430709839, 4.76837158203125e-07, -8.940696716308594e-07, 0.5432050228118896, -4.738569259643555e-06, 3.2186508178710938e-06, 1.1030575037002563, 1.1667609214782715e-05, -8.17328691482544e-06, 0.8240504264831543, -0.009052753448486328, 0.023875296115875244, 0.31584155559539795, -7.450580596923828e-09, 5.960464477539063e-08, 0.31536078453063965, -0.0012295693159103394, -0.2804088592529297, 1.0047491788864136, 0.0012294352054595947, 0.2804054319858551, 0.17804312705993652, -0.042741671204566956, 3.9248404502868652, 1.0865741968154907, -0.08712351322174072, -0.3571859300136566, 0.5555345416069031, 5.669891834259033e-06, -2.7604401111602783e-06, 1.7364654541015625, -3.825873136520386e-06, -2.8312206268310547e-06, 1.621276617050171, -2.8368085622787476e-06, -1.1526048183441162e-05, 0.6033936142921448, 0.04908859729766846, -0.49832913279533386, -0.49181729555130005, -3.7569552659988403e-06, 4.470348358154297e-07, 1.7200777530670166, -3.688037395477295e-06, -2.9206275939941406e-06, 1.6338956356048584, 1.6530975699424744e-08, 7.569789886474609e-06, 0.6061096787452698, 0.038037121295928955, 0.4860992729663849, -0.06373582780361176, 4.477798938751221e-06, -8.195638656616211e-07, 0.4917299747467041, 1.043081283569336e-07, 2.980232238769531e-07, 0.4917333424091339, 0.1497974842786789, -0.004515320062637329, 0.267214298248291, 1.316075213253498e-07, -1.4881370589137077e-06, 0.6228753924369812, 7.651746273040771e-06, -8.031725883483887e-06, 1.1016772985458374, 2.9802322387695312e-08, 2.384185791015625e-07, 0.7726439833641052, -0.14074450731277466, -0.019361883401870728, 0.25302815437316895, 3.5762786865234375e-07, -4.76837158203125e-07, 0.5432052612304688, -3.4570693969726562e-06, 3.635883331298828e-06, 1.1030579805374146, 1.1101365089416504e-05, -7.845461368560791e-06, 0.8240508437156677, -0.009052813053131104, 0.02387535572052002, 0.3158425986766815, 2.2351741790771484e-07, 1.4901161193847656e-07, 0.31536149978637695, -0.0012294799089431763, -0.2804087698459625, 1.004749059677124, 0.001229509711265564, 0.28040480613708496, 0.17804329097270966, -0.04129884019494057, 3.935269832611084, 1.0872195959091187, -0.08712352812290192, -0.3571861684322357, 0.555534303188324, 5.774199962615967e-06, -2.78279185295105e-06, 1.7364656925201416, -3.807246685028076e-06, -2.820044755935669e-06, 1.6212767362594604, -2.8479844331741333e-06, -1.1548399925231934e-05, 0.6033934950828552, 0.049088746309280396, -0.49832984805107117, -0.4918174743652344, -4.0065497159957886e-06, 5.662441253662109e-07, 1.720077633857727, -3.5120174288749695e-06, -2.8908252716064453e-06, 1.6338962316513062, 1.5459954738616943e-07, 7.584691047668457e-06, 0.606109619140625, 0.03803723677992821, 0.4860987365245819, -0.06373581290245056, 4.544854164123535e-06, -8.791685104370117e-07, 0.4917300343513489, -4.470348358154297e-08, -5.364418029785156e-07, 0.4917333722114563, 0.14979736506938934, -0.004515156149864197, 0.26721373200416565, 2.3457687348127365e-07, -1.519685611128807e-06, 0.6228751540184021, 7.554888725280762e-06, -7.70576298236847e-06, 1.1016775369644165, -2.9802322387695312e-08, -1.7881393432617188e-07, 0.77264404296875, -0.1407446265220642, -0.019361913204193115, 0.2530269920825958, 5.364418029785156e-07, -6.258487701416016e-07, 0.5432050228118896, -3.3676624298095703e-06, 3.3974647521972656e-06, 1.103057861328125, 1.1473894119262695e-05, -7.905066013336182e-06, 0.8240508437156677, -0.009052872657775879, 0.023875713348388672, 0.3158414363861084, 1.7695128917694092e-07, 0.0, 0.3153606355190277, -0.0012296363711357117, -0.2804090976715088, 1.0047492980957031, 0.0012293905019760132, 0.2804051339626312, 0.1780431717634201, -0.03963194787502289, 3.9473185539245605, 1.0879651308059692, -0.08712358772754669, -0.3571867346763611, 0.5555344223976135, 5.736947059631348e-06, -2.8274953365325928e-06, 1.736465573310852, -3.829598426818848e-06, -2.8461217880249023e-06, 1.621276617050171, -2.8833746910095215e-06, -1.1339783668518066e-05, 0.6033935546875, 0.04908853769302368, -0.498329758644104, -0.49181753396987915, -3.9227306842803955e-06, 5.662441253662109e-07, 1.7200775146484375, -3.82494181394577e-06, -2.8312206268310547e-06, 1.6338953971862793, -2.798624336719513e-07, 7.674098014831543e-06, 0.606109619140625, 0.038037121295928955, 0.48609858751296997, -0.06373585015535355, 4.604458808898926e-06, -1.1473894119262695e-06, 0.4917301535606384, -4.470348358154297e-08, -5.21540641784668e-07, 0.4917334318161011, 0.14979775249958038, -0.004515334963798523, 0.2672131657600403, -2.1187588572502136e-07, -1.257401891052723e-06, 0.6228752732276917, 7.554888725280762e-06, -7.405877113342285e-06, 1.1016770601272583, 4.470348358154297e-08, -1.30385160446167e-07, 0.7726441621780396, -0.14074411988258362, -0.019361764192581177, 0.25302624702453613, 5.364418029785156e-07, -6.258487701416016e-07, 0.5432052612304688, -3.7848949432373047e-06, 3.635883331298828e-06, 1.1030582189559937, 1.1295080184936523e-05, -7.800757884979248e-06, 0.824051022529602, -0.00905260443687439, 0.023875266313552856, 0.3158416152000427, 1.0244548320770264e-07, 8.940696716308594e-08, 0.3153610825538635, -0.0012293830513954163, -0.28040799498558044, 1.004749059677124, 0.0012295544147491455, 0.28040534257888794, 0.1780434250831604, -0.037999652326107025, 3.9591174125671387, 1.0886952877044678, -0.08712348341941833, -0.3571859896183014, 0.5555343627929688, 5.662441253662109e-06, -2.6673078536987305e-06, 1.7364652156829834, -3.766268491744995e-06, -2.820044755935669e-06, 1.6212767362594604, -2.8586946427822113e-06, -1.1466443538665771e-05, 0.6033936142921448, 0.04908864200115204, -0.4983293116092682, -0.4918176531791687, -3.7439167499542236e-06, 4.470348358154297e-07, 1.7200777530670166, -3.831926733255386e-06, -2.8014183044433594e-06, 1.6338956356048584, -6.495974957942963e-08, 7.554888725280762e-06, 0.6061096787452698, 0.03803716227412224, 0.48609885573387146, -0.06373602896928787, 4.626810550689697e-06, -8.046627044677734e-07, 0.49172982573509216, 2.2351741790771484e-07, -5.960464477539063e-08, 0.49173349142074585, 0.14979742467403412, -0.004515469074249268, 0.2672140300273895, 2.1280720829963684e-07, -1.994892954826355e-06, 0.6228750944137573, 7.592141628265381e-06, -7.759779691696167e-06, 1.1016771793365479, 7.450580596923828e-08, -8.568167686462402e-08, 0.77264404296875, -0.14074456691741943, -0.019362181425094604, 0.25302743911743164, 7.748603820800781e-07, -1.2218952178955078e-06, 0.5432051420211792, -4.202127456665039e-06, 3.5762786865234375e-06, 1.103057861328125, 1.1429190635681152e-05, -7.554888725280762e-06, 0.824050784111023, -0.009052842855453491, 0.02387508749961853, 0.3158421218395233, 2.6170164346694946e-07, -1.7881393432617188e-07, 0.3153608441352844, -0.0012293122708797455, -0.28040871024131775, 1.0047492980957031, 0.0012296885251998901, 0.28040504455566406, 0.1780431717634201, -0.03670456260442734, 3.9684786796569824, 1.0892746448516846, -0.08712354302406311, -0.35718652606010437, 0.555534303188324, 5.6996941566467285e-06, -2.775341272354126e-06, 1.7364652156829834, -3.829598426818848e-06, -2.823770046234131e-06, 1.6212769746780396, -2.841232344508171e-06, -1.150369644165039e-05, 0.6033934950828552, 0.04908858239650726, -0.49832987785339355, -0.4918176531791687, -3.5800039768218994e-06, 4.470348358154297e-07, 1.7200777530670166, -3.801891580224037e-06, -2.86102294921875e-06, 1.6338956356048584, 7.334165275096893e-08, 7.554888725280762e-06, 0.606109619140625, 0.03803715482354164, 0.4860990345478058, -0.06373605132102966, 4.604458808898926e-06, -8.419156074523926e-07, 0.4917301833629608, 1.7881393432617188e-07, -5.513429641723633e-07, 0.49173328280448914, 0.14979760348796844, -0.00451543927192688, 0.2672134339809418, 2.2351741790771484e-07, -1.578591763973236e-06, 0.6228750944137573, 7.703900337219238e-06, -7.830560207366943e-06, 1.1016767024993896, -8.940696716308594e-08, 1.8998980522155762e-07, 0.7726439833641052, -0.14074429869651794, -0.019362032413482666, 0.25302720069885254, -2.9802322387695312e-08, -6.258487701416016e-07, 0.5432053804397583, -3.4570693969726562e-06, 3.4570693969726562e-06, 1.103057861328125, 1.1801719665527344e-05, -7.718801498413086e-06, 0.8240508437156677, -0.009052693843841553, 0.023875117301940918, 0.3158418536186218, 2.1082814782857895e-07, 2.9802322387695312e-08, 0.31536078453063965, -0.0012296363711357117, -0.2804093360900879, 1.0047491788864136, 0.0012294352054595947, 0.28040486574172974, 0.17804330587387085, -0.0357409343123436, 3.9754440784454346, 1.0897055864334106, -0.08712351322174072, -0.35718613862991333, 0.5555344223976135, 5.729496479034424e-06, -2.641230821609497e-06, 1.7364656925201416, -3.848224878311157e-06, -2.8796494007110596e-06, 1.6212769746780396, -2.796528860926628e-06, -1.1391937732696533e-05, 0.6033935546875, 0.049088701605796814, -0.49832940101623535, -0.4918173551559448, -4.027038812637329e-06, 3.2782554626464844e-07, 1.7200772762298584, -3.950553946197033e-06, -2.771615982055664e-06, 1.633895993232727, 1.0547228157520294e-07, 7.554888725280762e-06, 0.606109619140625, 0.03803715854883194, 0.4860989451408386, -0.06373586505651474, 4.664063453674316e-06, -8.717179298400879e-07, 0.49173057079315186, -2.9802322387695312e-08, -5.513429641723633e-07, 0.4917336702346802, 0.1497974544763565, -0.004515469074249268, 0.2672136425971985, -1.0337680578231812e-07, -1.4156103134155273e-06, 0.6228752732276917, 7.614493370056152e-06, -7.890164852142334e-06, 1.1016767024993896, 5.960464477539063e-08, -2.682209014892578e-07, 0.7726439237594604, -0.1407444179058075, -0.019361913204193115, 0.2530268430709839, 4.470348358154297e-07, -1.3113021850585938e-06, 0.543205201625824, -4.6193599700927734e-06, 3.635883331298828e-06, 1.1030577421188354, 1.1622905731201172e-05, -7.718801498413086e-06, 0.8240509629249573, -0.009052783250808716, 0.02387523651123047, 0.31584128737449646, 1.7508864402770996e-07, 5.960464477539063e-08, 0.31536146998405457, -0.0012298338115215302, -0.2804081439971924, 1.0047489404678345, 0.0012292414903640747, 0.2804056406021118, 0.17804314196109772, -0.03513222187757492, 3.979844093322754, 1.0899778604507446, -0.08712352812290192, -0.35718628764152527, 0.5555342435836792, 5.751848220825195e-06, -2.8721988201141357e-06, 1.736465573310852, -3.762543201446533e-06, -2.853572368621826e-06, 1.6212769746780396, -2.8365757316350937e-06, -1.1511147022247314e-05, 0.6033935546875, 0.04908859729766846, -0.49832919239997864, -0.491817444562912, -3.9674341678619385e-06, 5.364418029785156e-07, 1.720077395439148, -3.915978595614433e-06, -2.771615982055664e-06, 1.6338956356048584, 3.7602148950099945e-07, 7.599592208862305e-06, 0.606109619140625, 0.038037143647670746, 0.48609915375709534, -0.0637359693646431, 4.649162292480469e-06, -8.717179298400879e-07, 0.4917299747467041, -1.4901161193847656e-08, -3.8743019104003906e-07, 0.4917330741882324, 0.14979752898216248, -0.004515364766120911, 0.2672143876552582, 2.3702159523963928e-07, -1.7941929399967194e-06, 0.6228752136230469, 7.703900337219238e-06, -7.227063179016113e-06, 1.1016771793365479, -4.470348358154297e-08, 8.195638656616211e-08, 0.77264404296875, -0.14074429869651794, -0.019361644983291626, 0.25302693247795105, 2.086162567138672e-07, -4.76837158203125e-07, 0.5432052612304688, -3.427267074584961e-06, 3.5762786865234375e-06, 1.103057861328125, 1.1339783668518066e-05, -7.584691047668457e-06, 0.824051022529602, -0.009052783250808716, 0.02387535572052002, 0.31584224104881287, 1.30385160446167e-07, 1.4901161193847656e-07, 0.3153610825538635, -0.0012294650077819824, -0.280409038066864, 1.0047491788864136, 0.001229509711265564, 0.2804047465324402, 0.178043395280838, -0.034886058419942856, 3.981623411178589, 1.0900880098342896, -0.08712345361709595, -0.3571867048740387, 0.5555346012115479, 5.714595317840576e-06, -2.7120113372802734e-06, 1.7364650964736938, -3.900378942489624e-06, -2.8796494007110596e-06, 1.62127685546875, -2.8349459171295166e-06, -1.1391937732696533e-05, 0.6033935546875, 0.04908865690231323, -0.4983297288417816, -0.4918174147605896, -3.919005393981934e-06, 3.2782554626464844e-07, 1.7200775146484375, -3.594905138015747e-06, -2.8908252716064453e-06, 1.633895754814148, -3.317836672067642e-07, 7.614493370056152e-06, 0.606109619140625, 0.03803721070289612, 0.48609834909439087, -0.06373575329780579, 4.7013163566589355e-06, -1.1548399925231934e-06, 0.49172940850257874, 1.4901161193847656e-08, -3.427267074584961e-07, 0.49173256754875183, 0.14979766309261322, -0.004515543580055237, 0.2672145962715149, 2.9802322387695312e-08, -1.5760306268930435e-06, 0.6228753924369812, 7.674098014831543e-06, -7.577240467071533e-06, 1.1016772985458374, 8.940696716308594e-08, 1.862645149230957e-07, 0.77264404296875, -0.1407441794872284, -0.019361495971679688, 0.25302743911743164, 7.748603820800781e-07, -9.834766387939453e-07, 0.5432050228118896, -3.725290298461914e-06, 4.0531158447265625e-06, 1.103058099746704, 1.1831521987915039e-05, -7.867813110351562e-06, 0.8240505456924438, -0.009052485227584839, 0.02387574315071106, 0.31584203243255615, 2.2351741790771484e-07, 0.0, 0.3153608739376068, -0.001229509711265564, -0.28040897846221924, 1.0047491788864136, 0.0012295246124267578, 0.2804051339626312, 0.1780434101819992, -0.03485230356454849, 3.9818673133850098, 1.0901031494140625, -0.08712348341941833, -0.3571862280368805, 0.5555343627929688, 5.6996941566467285e-06, -2.8759241104125977e-06, 1.736465573310852, -3.8333237171173096e-06, -2.8759241104125977e-06, 1.621277093887329, -2.837739884853363e-06, -1.1451542377471924e-05, 0.6033935546875, 0.04908864200115204, -0.49832966923713684, -0.4918175935745239, -3.997236490249634e-06, 6.258487701416016e-07, 1.720077633857727, -3.7960708141326904e-06, -2.8312206268310547e-06, 1.633895754814148, -1.334119588136673e-07, 7.703900337219238e-06, 0.606109619140625, 0.038037270307540894, 0.48609861731529236, -0.06373579800128937, 4.604458808898926e-06, -8.344650268554688e-07, 0.49173036217689514, -1.7881393432617188e-07, -3.725290298461914e-07, 0.49173393845558167, 0.14979757368564606, -0.00451524555683136, 0.2672138214111328, 7.08096195012331e-08, -1.4999823179095984e-06, 0.6228751540184021, 7.838010787963867e-06, -7.644295692443848e-06, 1.1016769409179688, 1.043081283569336e-07, 9.499490261077881e-08, 0.77264404296875, -0.14074426889419556, -0.019361674785614014, 0.25302669405937195, 4.76837158203125e-07, 5.960464477539063e-08, 0.5432051420211792, -3.516674041748047e-06, 3.4570693969726562e-06, 1.1030579805374146, 1.1354684829711914e-05, -7.584691047668457e-06, 0.8240512609481812, -0.00905272364616394, 0.023875504732131958, 0.3158416152000427, 1.6391277313232422e-07, -1.1920928955078125e-07, 0.3153616786003113, -0.0012294277548789978, -0.2804088592529297, 1.0047495365142822, 0.0012295171618461609, 0.2804051637649536, 0.17804357409477234, -0.03496913984417915, 3.981022834777832, 1.0900508165359497, -0.08712354302406311, -0.35718628764152527, 0.5555342435836792, 5.677342414855957e-06, -2.812594175338745e-06, 1.736465573310852, -3.848224878311157e-06, -2.864748239517212e-06, 1.6212769746780396, -2.837972715497017e-06, -1.1451542377471924e-05, 0.6033935546875, 0.04908861219882965, -0.4983298182487488, -0.49181750416755676, -3.606081008911133e-06, 4.470348358154297e-07, 1.720077395439148, -3.5176053643226624e-06, -2.7418136596679688e-06, 1.6338958740234375, -3.4598633646965027e-07, 7.674098014831543e-06, 0.606109619140625, 0.038037143647670746, 0.4860994815826416, -0.06373600661754608, 4.7013163566589355e-06, -9.08970832824707e-07, 0.4917300343513489, 0.0, -5.811452865600586e-07, 0.4917328953742981, 0.1497974842786789, -0.004515096545219421, 0.26721352338790894, 2.1886080503463745e-08, -1.5685800462961197e-06, 0.6228752136230469, 7.927417755126953e-06, -7.398426532745361e-06, 1.1016772985458374, -7.450580596923828e-08, 3.0547380447387695e-07, 0.77264404296875, -0.14074444770812988, -0.019361376762390137, 0.253027081489563, 4.76837158203125e-07, -6.854534149169922e-07, 0.5432052612304688, -3.6656856536865234e-06, 3.6954879760742188e-06, 1.1030577421188354, 1.154094934463501e-05, -7.569789886474609e-06, 0.8240508437156677, -0.009052813053131104, 0.02387559413909912, 0.315841943025589, 2.086162567138672e-07, 2.086162567138672e-07, 0.3153613209724426, -0.0012295357882976532, -0.28040894865989685, 1.0047489404678345, 0.001229405403137207, 0.28040504455566406, 0.1780431568622589, -0.035262059420347214, 3.978905439376831, 1.0899198055267334, -0.08712354302406311, -0.3571859896183014, 0.5555343627929688, 5.6996941566467285e-06, -2.7902424335479736e-06, 1.736465334892273, -3.855675458908081e-06, -2.86102294921875e-06, 1.6212772130966187, -2.904096618294716e-06, -1.1421740055084229e-05, 0.6033935546875, 0.04908858239650726, -0.49832943081855774, -0.4918173551559448, -3.680586814880371e-06, 4.76837158203125e-07, 1.720077395439148, -3.824010491371155e-06, -2.8908252716064453e-06, 1.633895754814148, 1.7462298274040222e-07, 7.599592208862305e-06, 0.6061096787452698, 0.038037147372961044, 0.48609915375709534, -0.06373585015535355, 4.626810550689697e-06, -8.493661880493164e-07, 0.491728812456131, 2.9802322387695312e-08, -3.2782554626464844e-07, 0.4917331337928772, 0.14979761838912964, -0.004515200853347778, 0.2672137916088104, 2.8405338525772095e-07, -1.9851140677928925e-06, 0.6228755116462708, 7.659196853637695e-06, -7.964670658111572e-06, 1.1016770601272583, -1.043081283569336e-07, -6.332993507385254e-07, 0.77264404296875, -0.14074423909187317, -0.019361376762390137, 0.2530267834663391, 3.2782554626464844e-07, -5.960464477539062e-07, 0.5432051420211792, -3.9637088775634766e-06, 4.231929779052734e-06, 1.103057622909546, 1.1138617992401123e-05, -7.331371307373047e-06, 0.824051022529602, -0.009052664041519165, 0.02387586236000061, 0.3158411681652069, 2.123415470123291e-07, 1.4901161193847656e-07, 0.31536146998405457, -0.0012295804917812347, -0.2804095149040222, 1.0047494173049927, 0.001229405403137207, 0.28040462732315063, 0.17804324626922607, -0.03575477749109268, 3.975343942642212, 1.089699387550354, -0.08712352812290192, -0.357186496257782, 0.5555342435836792, 5.707144737243652e-06, -2.8014183044433594e-06, 1.736465573310852, -3.840774297714233e-06, -2.902001142501831e-06, 1.6212772130966187, -2.907821908593178e-06, -1.1399388313293457e-05, 0.6033935546875, 0.04908868670463562, -0.498329758644104, -0.4918175935745239, -3.7997961044311523e-06, 5.662441253662109e-07, 1.720077633857727, -3.730878233909607e-06, -2.771615982055664e-06, 1.6338961124420166, 3.809109330177307e-07, 7.569789886474609e-06, 0.606109619140625, 0.03803718090057373, 0.4860990643501282, -0.06373617053031921, 4.597008228302002e-06, -6.92903995513916e-07, 0.4917300045490265, 4.470348358154297e-08, -2.384185791015625e-07, 0.49173352122306824, 0.1497974842786789, -0.004514873027801514, 0.2672131061553955, 7.16187059879303e-07, -1.8477439880371094e-06, 0.6228749752044678, 7.3015689849853516e-06, -7.644295692443848e-06, 1.1016765832901, 4.470348358154297e-08, 2.2910535335540771e-07, 0.7726441025733948, -0.14074435830116272, -0.019361436367034912, 0.2530263662338257, 5.364418029785156e-07, -2.682209014892578e-07, 0.5432051420211792, -4.112720489501953e-06, 4.0531158447265625e-06, 1.103057861328125, 1.1511147022247314e-05, -7.584691047668457e-06, 0.8240505456924438, -0.009052783250808716, 0.02387574315071106, 0.31584155559539795, 1.6391277313232422e-07, 0.0, 0.3153611123561859, -0.0012294799089431763, -0.28040823340415955, 1.0047489404678345, 0.0012294724583625793, 0.2804054617881775, 0.1780431717634201, -0.0364006944000721, 3.970675230026245, 1.0894105434417725, -0.08712358772754669, -0.3571861982345581, 0.555534303188324, 5.796551704406738e-06, -2.820044755935669e-06, 1.7364654541015625, -3.777444362640381e-06, -2.864748239517212e-06, 1.6212769746780396, -2.880347892642021e-06, -1.1436641216278076e-05, 0.6033935546875, 0.049088627099990845, -0.49832969903945923, -0.4918174147605896, -3.7476420402526855e-06, 5.960464477539062e-07, 1.7200772762298584, -4.081055521965027e-06, -2.8014183044433594e-06, 1.633895754814148, -4.423782229423523e-08, 7.510185241699219e-06, 0.6061096787452698, 0.03803713247179985, 0.4860995411872864, -0.06373611092567444, 4.708766937255859e-06, -1.0058283805847168e-06, 0.49172982573509216, 1.4901161193847656e-08, -1.4901161193847656e-07, 0.4917336404323578, 0.14979757368564606, -0.004515498876571655, 0.2672136425971985, 2.2817403078079224e-07, -2.1792948246002197e-06, 0.6228752136230469, 7.808208465576172e-06, -7.718801498413086e-06, 1.1016768217086792, 2.9802322387695312e-08, 2.942979335784912e-07, 0.77264404296875, -0.14074432849884033, -0.019361644983291626, 0.2530270218849182, 3.5762786865234375e-07, -6.258487701416016e-07, 0.5432054996490479, -4.0531158447265625e-06, 3.993511199951172e-06, 1.1030579805374146, 1.1399388313293457e-05, -7.197260856628418e-06, 0.8240509629249573, -0.00905260443687439, 0.023875683546066284, 0.3158417046070099, 1.5087425708770752e-07, -5.066394805908203e-07, 0.3153608441352844, -0.0012292861938476562, -0.28040850162506104, 1.004749059677124, 0.0012297704815864563, 0.28040528297424316, 0.1780431866645813, -0.03712069243192673, 3.965470790863037, 1.0890884399414062, -0.0871235653758049, -0.35718590021133423, 0.5555342435836792, 5.669891834259033e-06, -3.0510127544403076e-06, 1.7364652156829834, -3.807246685028076e-06, -2.857297658920288e-06, 1.621276617050171, -2.8870999813079834e-06, -1.1496245861053467e-05, 0.6033935546875, 0.049088552594184875, -0.4983292818069458, -0.4918176531791687, -4.075467586517334e-06, 3.5762786865234375e-07, 1.7200772762298584, -3.606081008911133e-06, -2.8014183044433594e-06, 1.633895754814148, 3.94647940993309e-07, 7.718801498413086e-06, 0.606109619140625, 0.03803711757063866, 0.4860991835594177, -0.0637359470129013, 4.664063453674316e-06, -8.568167686462402e-07, 0.4917300343513489, 1.043081283569336e-07, -1.341104507446289e-07, 0.4917326271533966, 0.1497974693775177, -0.004515662789344788, 0.2672136127948761, 2.5331974029541016e-07, -1.7620623111724854e-06, 0.622874915599823, 7.748603820800781e-06, -7.741153240203857e-06, 1.1016765832901, 9.685754776000977e-08, 4.079192876815796e-07, 0.77264404296875, -0.1407444179058075, -0.019361883401870728, 0.25302717089653015, 4.470348358154297e-07, -1.0728836059570312e-06, 0.5432053208351135, -4.231929779052734e-06, 3.7550926208496094e-06, 1.1030582189559937, 1.1377036571502686e-05, -7.987022399902344e-06, 0.8240509033203125, -0.009052783250808716, 0.02387547492980957, 0.3158417046070099, 1.2645614333450794e-07, -8.940696716308594e-08, 0.3153603672981262, -0.0012295767664909363, -0.28040921688079834, 1.0047496557235718, 0.0012294873595237732, 0.2804044485092163, 0.17804370820522308, -0.03783562406897545, 3.9603030681610107, 1.088768720626831, -0.08712349832057953, -0.35718604922294617, 0.5555341243743896, 5.714595317840576e-06, -2.6635825634002686e-06, 1.736465334892273, -3.8333237171173096e-06, -2.8498470783233643e-06, 1.6212769746780396, -2.8351787477731705e-06, -1.1436641216278076e-05, 0.6033934950828552, 0.049088701605796814, -0.49832940101623535, -0.4918175935745239, -3.6284327507019043e-06, 4.172325134277344e-07, 1.7200777530670166, -3.928318619728088e-06, -2.8312206268310547e-06, 1.633895754814148, -1.1897645890712738e-07, 7.599592208862305e-06, 0.6061095595359802, 0.038037240505218506, 0.48609957098960876, -0.06373600661754608, 4.507601261138916e-06, -9.98377799987793e-07, 0.4917297065258026, 4.470348358154297e-08, -1.9371509552001953e-07, 0.4917333722114563, 0.14979752898216248, -0.004515290260314941, 0.2672134339809418, 4.5262277126312256e-07, -2.341344952583313e-06, 0.6228750944137573, 7.748603820800781e-06, -7.927417755126953e-06, 1.1016762256622314, -7.450580596923828e-09, -2.905726432800293e-07, 0.7726441621780396, -0.14074432849884033, -0.019361555576324463, 0.2530266344547272, 2.086162567138672e-07, -1.1324882507324219e-06, 0.5432052612304688, -3.3080577850341797e-06, 4.0531158447265625e-06, 1.1030577421188354, 1.1216849088668823e-05, -7.227063179016113e-06, 0.8240504264831543, -0.009052693843841553, 0.023875683546066284, 0.31584155559539795, 1.6763806343078613e-07, -1.4901161193847656e-07, 0.315360963344574, -0.001229599118232727, -0.280409038066864, 1.0047496557235718, 0.0012293681502342224, 0.2804052531719208, 0.17804360389709473, -0.03857474401593208, 3.954960346221924, 1.0884380340576172, -0.08712350577116013, -0.35718661546707153, 0.5555344820022583, 5.684792995452881e-06, -2.68593430519104e-06, 1.736465334892273, -3.7923455238342285e-06, -2.86102294921875e-06, 1.62127685546875, -2.8409995138645172e-06, -1.1436641216278076e-05, 0.6033936142921448, 0.04908870905637741, -0.498329758644104, -0.4918173849582672, -3.822147846221924e-06, 4.172325134277344e-07, 1.7200775146484375, -3.5390257835388184e-06, -2.682209014892578e-06, 1.6338961124420166, 5.564652383327484e-08, 7.614493370056152e-06, 0.606109619140625, 0.03803716599941254, 0.48609888553619385, -0.06373578310012817, 4.656612873077393e-06, -1.043081283569336e-06, 0.4917304217815399, -3.5762786865234375e-07, -7.152557373046875e-07, 0.4917336106300354, 0.1497974842786789, -0.0045156776905059814, 0.2672138512134552, 7.078051567077637e-08, -2.0992010831832886e-06, 0.622875452041626, 7.539987564086914e-06, -7.1302056312561035e-06, 1.1016770601272583, -2.2351741790771484e-08, 2.7194619178771973e-07, 0.7726441621780396, -0.1407443881034851, -0.01936212182044983, 0.2530270516872406, 5.960464477539062e-07, -3.5762786865234375e-07, 0.5432054996490479, -4.023313522338867e-06, 3.635883331298828e-06, 1.103057861328125, 1.1526048183441162e-05, -7.227063179016113e-06, 0.8240514993667603, -0.009052664041519165, 0.023875296115875244, 0.3158414959907532, 3.725290298461914e-08, -8.940696716308594e-08, 0.31536173820495605, -0.0012293905019760132, -0.2804088890552521, 1.0047495365142822, 0.0012295693159103394, 0.2804049551486969, 0.1780436933040619, -0.03933395817875862, 3.949472665786743, 1.0880985260009766, -0.08712353557348251, -0.35718637704849243, 0.5555344223976135, 5.729496479034424e-06, -2.7641654014587402e-06, 1.7364652156829834, -3.8817524909973145e-06, -2.8945505619049072e-06, 1.621277093887329, -2.798624336719513e-06, -1.1511147022247314e-05, 0.6033934950828552, 0.04908858984708786, -0.498329758644104, -0.4918173551559448, -3.919005393981934e-06, 4.172325134277344e-07, 1.720077633857727, -3.848224878311157e-06, -2.86102294921875e-06, 1.633895754814148, 1.9581057131290436e-07, 7.539987564086914e-06, 0.6061096787452698, 0.03803718462586403, 0.4860989451408386, -0.06373573839664459, 4.686415195465088e-06, -9.909272193908691e-07, 0.4917299747467041, -1.7881393432617188e-07, -2.682209014892578e-07, 0.4917333126068115, 0.14979751408100128, -0.0045155733823776245, 0.26721400022506714, 4.3958425521850586e-07, -1.4081597328186035e-06, 0.6228749752044678, 7.525086402893066e-06, -7.733702659606934e-06, 1.1016772985458374, 7.450580596923828e-08, 2.60770320892334e-07, 0.7726439833641052, -0.14074432849884033, -0.01936173439025879, 0.2530268430709839, 1.7881393432617188e-07, -3.5762786865234375e-07, 0.5432050228118896, -3.874301910400391e-06, 3.874301910400391e-06, 1.103058099746704, 1.1671334505081177e-05, -7.152557373046875e-06, 0.8240511417388916, -0.009052693843841553, 0.023875445127487183, 0.31584128737449646, 4.0978193283081055e-08, -1.1920928955078125e-07, 0.3153612017631531, -0.001229509711265564, -0.28040847182273865, 1.0047492980957031, 0.0012294426560401917, 0.2804052233695984, 0.178043395280838, -0.04010377824306488, 3.9439079761505127, 1.0877541303634644, -0.08712348341941833, -0.3571860194206238, 0.5555344223976135, 5.714595317840576e-06, -2.6673078536987305e-06, 1.736465334892273, -3.866851329803467e-06, -2.857297658920288e-06, 1.62127685546875, -2.869637683033943e-06, -1.1511147022247314e-05, 0.6033935546875, 0.04908852279186249, -0.4983295202255249, -0.4918174743652344, -3.7997961044311523e-06, 5.066394805908203e-07, 1.720077633857727, -3.970228135585785e-06, -2.8908252716064453e-06, 1.633895993232727, -1.1455267667770386e-07, 7.450580596923828e-06, 0.6061097383499146, 0.038037173449993134, 0.48609933257102966, -0.06373582035303116, 4.597008228302002e-06, -9.462237358093262e-07, 0.4917300343513489, 0.0, -2.086162567138672e-07, 0.4917336702346802, 0.14979736506938934, -0.004515662789344788, 0.26721423864364624, 1.3597309589385986e-07, -2.0265579223632812e-06, 0.6228751540184021, 7.4803829193115234e-06, -7.5623393058776855e-06, 1.101677417755127, -6.705522537231445e-08, 7.37607479095459e-07, 0.77264404296875, -0.14074450731277466, -0.019362062215805054, 0.25302720069885254, 1.4901161193847656e-07, -2.9802322387695312e-08, 0.5432052612304688, -4.4405460357666016e-06, 3.933906555175781e-06, 1.103057861328125, 1.161918044090271e-05, -7.4803829193115234e-06, 0.8240508437156677, -0.009052783250808716, 0.02387523651123047, 0.31584203243255615, 1.2665987014770508e-07, 1.4901161193847656e-07, 0.3153608739376068, -0.0012294724583625793, -0.2804093062877655, 1.004749059677124, 0.0012295544147491455, 0.2804045081138611, 0.17804309725761414, -0.04084702581167221, 3.938535690307617, 1.0874216556549072, -0.08712347596883774, -0.3571862578392029, 0.5555344820022583, 5.707144737243652e-06, -3.0454248189926147e-06, 1.7364654541015625, -3.870576620101929e-06, -2.864748239517212e-06, 1.621277093887329, -2.8891954571008682e-06, -1.1399388313293457e-05, 0.6033935546875, 0.049088627099990845, -0.49832966923713684, -0.49181729555130005, -3.680586814880371e-06, 5.364418029785156e-07, 1.7200775146484375, -3.87243926525116e-06, -2.8312206268310547e-06, 1.6338958740234375, 1.0128132998943329e-07, 7.733702659606934e-06, 0.606109619140625, 0.03803715482354164, 0.48609885573387146, -0.06373584270477295, 4.656612873077393e-06, -9.462237358093262e-07, 0.4917301833629608, -1.4901161193847656e-08, -1.087784767150879e-06, 0.49173396825790405, 0.1497974991798401, -0.004515469074249268, 0.2672137916088104, 2.7939677238464355e-08, -1.5385448932647705e-06, 0.6228752732276917, 7.510185241699219e-06, -7.487833499908447e-06, 1.101677417755127, 4.470348358154297e-08, -6.407499313354492e-07, 0.77264404296875, -0.1407443881034851, -0.019361913204193115, 0.25302690267562866, 4.172325134277344e-07, -4.172325134277344e-07, 0.5432053804397583, -4.172325134277344e-06, 3.6954879760742188e-06, 1.1030575037002563, 1.1868774890899658e-05, -7.644295692443848e-06, 0.8240509033203125, -0.00905272364616394, 0.02387547492980957, 0.3158417046070099, 1.7881393432617188e-07, 8.940696716308594e-08, 0.3153606355190277, -0.0012295618653297424, -0.2804090082645416, 1.0047491788864136, 0.001229502260684967, 0.2804052233695984, 0.1780429482460022, -0.041554708033800125, 3.933420181274414, 1.08710515499115, -0.08712349086999893, -0.3571861684322357, 0.5555343627929688, 5.781650543212891e-06, -2.993270754814148e-06, 1.736465573310852, -3.840774297714233e-06, -2.868473529815674e-06, 1.6212767362594604, -2.941349521279335e-06, -1.1496245861053467e-05, 0.6033935546875, 0.04908867925405502, -0.49832969903945923, -0.4918173551559448, -3.926455974578857e-06, 2.980232238769531e-07, 1.7200775146484375, -3.8119032979011536e-06, -2.8312206268310547e-06, 1.633895754814148, -8.638016879558563e-08, 7.554888725280762e-06, 0.6061097383499146, 0.03803717717528343, 0.4860992133617401, -0.0637359693646431, 4.716217517852783e-06, -1.0058283805847168e-06, 0.4917294383049011, 1.341104507446289e-07, -7.301568984985352e-07, 0.4917336702346802, 0.14979751408100128, -0.004515513777732849, 0.2672135531902313, 3.501772880554199e-07, -2.193264663219452e-06, 0.6228752136230469, 7.525086402893066e-06, -7.7858567237854e-06, 1.1016772985458374, 2.9802322387695312e-08, 3.7997961044311523e-07, 0.7726441025733948, -0.1407444179058075, -0.01936197280883789, 0.25302666425704956, 3.2782554626464844e-07, -6.854534149169922e-07, 0.5432052612304688, -3.904104232788086e-06, 3.874301910400391e-06, 1.1030582189559937, 1.1529773473739624e-05, -7.912516593933105e-06, 0.824051022529602, -0.009052753448486328, 0.023875445127487183, 0.3158414661884308, 6.705522537231445e-08, -5.960464477539063e-08, 0.31536126136779785, -0.0012293756008148193, -0.28040850162506104, 1.004748821258545, 0.0012295767664909363, 0.2804049253463745, 0.17804299294948578, -0.042135562747716904, 3.9292216300964355, 1.0868452787399292, -0.08712350577116013, -0.3571864664554596, 0.5555343627929688, 5.736947059631348e-06, -2.913177013397217e-06, 1.736465334892273, -3.777444362640381e-06, -2.853572368621826e-06, 1.621276617050171, -2.896878868341446e-06, -1.1451542377471924e-05, 0.6033935546875, 0.049088552594184875, -0.49832987785339355, -0.49181756377220154, -3.956258296966553e-06, 2.980232238769531e-07, 1.7200775146484375, -3.834720700979233e-06, -2.8908252716064453e-06, 1.6338956356048584, -1.0873191058635712e-07, 7.4803829193115234e-06, 0.6061096787452698, 0.03803716599941254, 0.48609915375709534, -0.06373602896928787, 4.559755325317383e-06, -8.568167686462402e-07, 0.49172961711883545, 0.0, -6.854534149169922e-07, 0.49173417687416077, 0.14979763329029083, -0.004515305161476135, 0.26721328496932983, 2.980232238769531e-07, -2.0721927285194397e-06, 0.6228751540184021, 7.703900337219238e-06, -7.82310962677002e-06, 1.1016772985458374, -4.470348358154297e-08, -3.203749656677246e-07, 0.7726441025733948, -0.14074432849884033, -0.019361793994903564, 0.2530267536640167, -2.086162567138672e-07, -3.5762786865234375e-07, 0.5432053804397583, -3.844499588012695e-06, 3.635883331298828e-06, 1.103057622909546, 1.1242926120758057e-05, -7.241964340209961e-06, 0.8240509033203125, -0.00905260443687439, 0.02387574315071106, 0.3158409595489502, 1.9371509552001953e-07, 2.086162567138672e-07, 0.31536102294921875, -0.0012294501066207886, -0.2804085612297058, 1.0047492980957031, 0.001229405403137207, 0.28040528297424316, 0.17804327607154846, -0.04249925538897514, 3.9265928268432617, 1.086682677268982, -0.08712349086999893, -0.35718676447868347, 0.5555345416069031, 5.714595317840576e-06, -2.8721988201141357e-06, 1.7364649772644043, -3.7811696529388428e-06, -2.823770046234131e-06, 1.621276617050171, -2.8277281671762466e-06, -1.1429190635681152e-05, 0.6033935546875, 0.04908858239650726, -0.49832969903945923, -0.491817444562912, -3.6656856536865234e-06, 3.5762786865234375e-07, 1.7200777530670166, -3.903638571500778e-06, -2.86102294921875e-06, 1.633895754814148, -9.266659617424011e-08, 7.569789886474609e-06, 0.6061095595359802, 0.038037221878767014, 0.4860987961292267, -0.06373581290245056, 4.708766937255859e-06, -8.940696716308594e-07, 0.49172985553741455, -1.6391277313232422e-07, -6.556510925292969e-07, 0.4917341470718384, 0.14979735016822815, -0.004515424370765686, 0.26721370220184326, 1.3969838619232178e-07, -1.5920959413051605e-06, 0.6228752136230469, 7.554888725280762e-06, -7.487833499908447e-06, 1.1016772985458374, 5.960464477539063e-08, 5.960464477539063e-08, 0.7726441025733948, -0.14074456691741943, -0.019361883401870728, 0.25302690267562866, 4.76837158203125e-07, -6.854534149169922e-07, 0.5432050228118896, -4.26173210144043e-06, 3.7550926208496094e-06, 1.1030575037002563, 1.1451542377471924e-05, -7.048249244689941e-06, 0.824050784111023, -0.009052962064743042, 0.023875176906585693, 0.3158417046070099, 1.9371509552001953e-07, 5.960464477539063e-08, 0.3153613209724426, -0.0012293830513954163, -0.2804093360900879, 1.004749059677124, 0.0012296289205551147, 0.28040438890457153, 0.1780432164669037, -0.042675141245126724, 3.925321340560913, 1.0866039991378784, -0.08712351322174072, -0.35718655586242676, 0.555534303188324, 5.684792995452881e-06, -3.0677765607833862e-06, 1.736465573310852, -3.7550926208496094e-06, -2.86102294921875e-06, 1.621276617050171, -2.8403010219335556e-06, -1.1451542377471924e-05, 0.6033935546875, 0.04908867925405502, -0.498329758644104, -0.49181756377220154, -3.896653652191162e-06, 4.470348358154297e-07, 1.7200775146484375, -3.786291927099228e-06, -2.9802322387695312e-06, 1.6338955163955688, -6.193295121192932e-08, 7.659196853637695e-06, 0.6061097383499146, 0.038037125021219254, 0.4860992729663849, -0.06373606622219086, 4.462897777557373e-06, -9.08970832824707e-07, 0.49173036217689514, 1.4901161193847656e-08, -8.046627044677734e-07, 0.49173325300216675, 0.14979764819145203, -0.004515737295150757, 0.2672131657600403, 2.2677704691886902e-07, -1.812819391489029e-06, 0.6228753924369812, 7.733702659606934e-06, -7.897615432739258e-06, 1.1016769409179688, 2.9802322387695312e-08, -1.9371509552001953e-07, 0.77264404296875, -0.14074429869651794, -0.01936212182044983, 0.25302618741989136, 7.152557373046875e-07, -7.152557373046875e-07, 0.543205201625824, -4.798173904418945e-06, 4.0531158447265625e-06, 1.1030572652816772, 1.1332333087921143e-05, -7.599592208862305e-06, 0.8240510821342468, -0.009052753448486328, 0.023875057697296143, 0.3158413767814636, 1.1175870895385742e-07, -2.9802322387695312e-08, 0.3153613805770874, -0.0012293606996536255, -0.2804085910320282, 1.0047492980957031, 0.001229614019393921, 0.2804054319858551, 0.17804352939128876]
    q (float, 4032):  [0.03918752074241638, 0.9582347273826599, -0.09373947978019714, 0.2673264741897583, 0.3183763027191162, -0.2869924008846283, 0.8630731701850891, 0.26716408133506775, -0.40362298488616943, 0.06710571050643921, 0.04764101654291153, 0.9112165570259094, 0.4481470584869385, -0.048344023525714874, 0.20139339566230774, 0.869636595249176, 0.3373989462852478, 0.024910852313041687, 0.06795531511306763, 0.938575267791748, 0.7212029695510864, -0.3535515069961548, 0.39421549439430237, 0.4466114342212677, -0.44087132811546326, -0.04475737363100052, -0.02027204819023609, 0.8962244987487793, 0.558479368686676, 0.1794314682483673, -0.12387765944004059, 0.8003496527671814, 0.2629389464855194, -0.037225350737571716, -0.04794210195541382, 0.9629013538360596, -0.5652303695678711, -0.43245866894721985, -0.6273754239082336, 0.3160606920719147, -0.06212728098034859, 0.006550363730639219, -0.006095707416534424, 0.9980281591415405, 0.01592274196445942, 0.016005920246243477, -0.004834835417568684, 0.9997333884239197, -0.5674846172332764, 0.4284347891807556, -0.4678250849246979, 0.5249235033988953, -0.18459823727607727, -0.29636532068252563, -0.10626451671123505, 0.9310203790664673, 0.3636150360107422, -0.48533350229263306, -0.02533089742064476, 0.7947288155555725, 0.10491976141929626, -0.3532261848449707, 0.34459710121154785, 0.8634095191955566, -0.5998024940490723, -0.4680071175098419, 0.43439748883247375, 0.482187956571579, -0.4553429186344147, -0.0832071304321289, 0.11596280336380005, 0.8788014650344849, 0.3205530047416687, 0.45060276985168457, -0.014615918509662151, 0.8330602049827576, 0.05683733522891998, 0.1535564512014389, 0.36081984639167786, 0.9181497693061829, 0.042369116097688675, -0.03140304610133171, -0.06795442849397659, 0.9962936043739319, -0.2723078727722168, 0.1040201336145401, -0.06208539754152298, 0.9545541405677795, 0.13565948605537415, -0.0005948240868747234, -1.2212820088564058e-08, 0.9907553791999817, -0.48164692521095276, 0.0021118486765772104, -2.3379696401093497e-08, 0.8763628005981445, 0.03895889222621918, 0.958365261554718, -0.09377316385507584, 0.2668797969818115, 0.31872084736824036, -0.28625887632369995, 0.8632616400718689, 0.26693111658096313, -0.40514999628067017, 0.06727385520935059, 0.04779238998889923, 0.9105183482170105, 0.4487932622432709, -0.04859912022948265, 0.20182769000530243, 0.8691883087158203, 0.3374144732952118, 0.024909622967243195, 0.06795257329940796, 0.9385699033737183, 0.7217877507209778, -0.35311371088027954, 0.3946605324745178, 0.4456188678741455, -0.4422244429588318, -0.0448913611471653, -0.020345916971564293, 0.8955492377281189, 0.5588170289993286, 0.1798284947872162, -0.1233801320195198, 0.800101637840271, 0.26294010877609253, -0.03721986338496208, -0.04794260114431381, 0.96290123462677, -0.5652350187301636, -0.43203890323638916, -0.6277748942375183, 0.31583327054977417, -0.06229661405086517, 0.0065921759232878685, -0.006190038751810789, 0.9980167746543884, 0.015866464003920555, 0.016002530232071877, -0.004831504076719284, 0.9997343420982361, -0.5677691698074341, 0.4285110533237457, -0.46753084659576416, 0.5248156189918518, -0.1841646283864975, -0.29674434661865234, -0.10600811243057251, 0.9310147762298584, 0.3635278046131134, -0.48517972230911255, -0.025297148153185844, 0.7948637008666992, 0.10462883114814758, -0.35357609391212463, 0.3439502418041229, 0.8635595440864563, -0.5998426079750061, -0.46798938512802124, 0.43438196182250977, 0.4821692705154419, -0.45575791597366333, -0.08246372640132904, 0.1150423139333725, 0.8787774443626404, 0.32042238116264343, 0.4503282904624939, -0.014576978050172329, 0.8332595229148865, 0.05709218233823776, 0.1530938744544983, 0.36059141159057617, 0.9183009266853333, 0.04146544635295868, -0.030783558264374733, -0.06805470585823059, 0.9963441491127014, -0.2711539566516876, 0.1037958562374115, -0.061922818422317505, 0.9549175500869751, 0.13565942645072937, -0.0005948099424131215, 3.6660491531392836e-08, 0.9907553791999817, -0.48164698481559753, 0.002111838199198246, 4.2508538911079086e-09, 0.8763628005981445, 0.03796379268169403, 0.9589983820915222, -0.09365344792604446, 0.2647828161716461, 0.3199808895587921, -0.2831612229347229, 0.8640733957290649, 0.26609984040260315, -0.4118378162384033, 0.06801485270261765, 0.04847372695803642, 0.9074215888977051, 0.45150381326675415, -0.05002898722887039, 0.20382314920425415, 0.8672356009483337, 0.33747971057891846, 0.02490145154297352, 0.06794548779726028, 0.9385471940040588, 0.7244381904602051, -0.35124537348747253, 0.3966364562511444, 0.4410164952278137, -0.44883856177330017, -0.04554586485028267, -0.020708052441477776, 0.8922111392021179, 0.5608223080635071, 0.1816331297159195, -0.1209816113114357, 0.7986559271812439, 0.2629452645778656, -0.03719332069158554, -0.04794975370168686, 0.9629004597663879, -0.5653109550476074, -0.43011948466300964, -0.6294851899147034, 0.3149115741252899, -0.0630369484424591, 0.006946583278477192, -0.006498727016150951, 0.9979658722877502, 0.01563001424074173, 0.0159972682595253, -0.004818500019609928, 0.9997382760047913, -0.5690895318984985, 0.4289774000644684, -0.46616360545158386, 0.5242204070091248, -0.18211960792541504, -0.298412561416626, -0.10495519638061523, 0.9310030937194824, 0.362999826669693, -0.4842793047428131, -0.025108342990279198, 0.7956596612930298, 0.1027652844786644, -0.3553192615509033, 0.34077662229537964, 0.8643256425857544, -0.6000356078147888, -0.46792492270469666, 0.43429675698280334, 0.4820684790611267, -0.4579263925552368, -0.07875467091798782, 0.11123278737068176, 0.8784807920455933, 0.3196432590484619, 0.44882357120513916, -0.01435837522149086, 0.8343737125396729, 0.05852719396352768, 0.15135236084461212, 0.35898351669311523, 0.9191288948059082, 0.036994531750679016, -0.027639193460345268, -0.06860369443893433, 0.9965746998786926, -0.26602521538734436, 0.10254379361867905, -0.06136734038591385, 0.9565298557281494, 0.13565941154956818, -0.0005947902100160718, -1.2223836165503599e-08, 0.9907553791999817, -0.48164698481559753, 0.0021119180601090193, 3.400683112886327e-08, 0.8763628005981445, 0.03724300116300583, 0.9596080780029297, -0.09299731999635696, 0.2629006505012512, 0.32029640674591064, -0.281318336725235, 0.864628255367279, 0.2658725082874298, -0.41644740104675293, 0.06853597611188889, 0.04900510609149933, 0.9052473902702332, 0.45311304926872253, -0.051643338054418564, 0.2054496705532074, 0.8659168481826782, 0.33752232789993286, 0.02489062026143074, 0.0679493397474289, 0.9385318756103516, 0.7265334129333496, -0.3499917685985565, 0.39815375208854675, 0.43718254566192627, -0.4548923373222351, -0.046143632382154465, -0.021034207195043564, 0.8891013860702515, 0.5632675290107727, 0.18300119042396545, -0.11876610666513443, 0.796953558921814, 0.26294761896133423, -0.03716929256916046, -0.04796520620584488, 0.9628999829292297, -0.5655524134635925, -0.4285530745983124, -0.6305989623069763, 0.31438490748405457, -0.063621386885643, 0.00757606141269207, -0.006468093488365412, 0.9979243874549866, 0.015471677295863628, 0.016006629914045334, -0.004816779866814613, 0.9997406005859375, -0.5700722932815552, 0.42969533801078796, -0.4651690721511841, 0.5234475135803223, -0.1804434359073639, -0.2995450794696808, -0.10413817316293716, 0.9310575723648071, 0.3622972071170807, -0.4831239879131317, -0.02487875148653984, 0.7966887950897217, 0.09982334077358246, -0.3569096028804779, 0.3377271890640259, 0.8652116656303406, -0.6002143621444702, -0.46791213750839233, 0.43420255184173584, 0.48194316029548645, -0.4601384401321411, -0.07512779533863068, 0.10890905559062958, 0.8779335021972656, 0.3185766637325287, 0.44701847434043884, -0.014157380908727646, 0.8357529640197754, 0.06048082932829857, 0.15084199607372284, 0.35629433393478394, 0.9201321601867676, 0.03280132636427879, -0.02439982071518898, -0.06925966590642929, 0.9967606663703918, -0.2623003125190735, 0.10107152909040451, -0.061297401785850525, 0.9577190279960632, 0.13565945625305176, -0.0005947921308688819, -8.460480671601545e-08, 0.9907553791999817, -0.48164698481559753, 0.002111881971359253, 1.912884250998559e-08, 0.8763628005981445, 0.03651682659983635, 0.9602422714233398, -0.09232199937105179, 0.26091763377189636, 0.32034891843795776, -0.2799917459487915, 0.8651227355003357, 0.26560091972351074, -0.42015472054481506, 0.06895847618579865, 0.049497418105602264, 0.9034737348556519, 0.4543398320674896, -0.053011488169431686, 0.20695669949054718, 0.864831805229187, 0.3375646770000458, 0.024882664903998375, 0.0679512694478035, 0.9385166764259338, 0.7284489274024963, -0.34877920150756836, 0.3996458947658539, 0.43358778953552246, -0.4602065980434418, -0.046667229384183884, -0.0213027223944664, 0.8863285183906555, 0.5653551816940308, 0.18410007655620575, -0.11659687012434006, 0.7955412864685059, 0.2629459798336029, -0.03714771568775177, -0.0479801744222641, 0.9629005193710327, -0.5659599900245667, -0.42704227566719055, -0.6315224170684814, 0.313852995634079, -0.06430379301309586, 0.00822487659752369, -0.006335862912237644, 0.9978764057159424, 0.015303479507565498, 0.015999212861061096, -0.004821940790861845, 0.9997432231903076, -0.5707509517669678, 0.4305148422718048, -0.46453648805618286, 0.5225957036018372, -0.17916488647460938, -0.3004632592201233, -0.10288136452436447, 0.9311483502388, 0.3616867661476135, -0.4820970296859741, -0.024663928896188736, 0.797594428062439, 0.09637495130300522, -0.35806411504745483, 0.33478182554244995, 0.8662696480751038, -0.6003913879394531, -0.46790748834609985, 0.43412354588508606, 0.4817982614040375, -0.4619896113872528, -0.07165943086147308, 0.10665785521268845, 0.8775275945663452, 0.317354291677475, 0.4449097216129303, -0.01397668570280075, 0.837344765663147, 0.0627184808254242, 0.15066838264465332, 0.35327547788619995, 0.921174168586731, 0.02939540334045887, -0.021070854738354683, -0.06998781114816666, 0.9968920350074768, -0.25950995087623596, 0.09952128678560257, -0.06126008182764053, 0.9586434960365295, 0.13565951585769653, -0.0005948052275925875, -1.5983886214598897e-08, 0.9907553791999817, -0.48164692521095276, 0.0021118815056979656, 1.4811568860295665e-08, 0.8763628005981445, 0.03575309365987778, 0.9609044790267944, -0.0916336327791214, 0.2588194012641907, 0.32018929719924927, -0.27913588285446167, 0.8655474781990051, 0.2653101980686188, -0.42304766178131104, 0.06928987056016922, 0.04993632435798645, 0.9020731449127197, 0.45522817969322205, -0.0541568286716938, 0.2084484100341797, 0.8639349341392517, 0.3376065194606781, 0.024876143783330917, 0.06795229762792587, 0.9385017156600952, 0.730172336101532, -0.3476300835609436, 0.40116435289382935, 0.4301963150501251, -0.46480968594551086, -0.04711806774139404, -0.02150529995560646, 0.8838944435119629, 0.5671104788780212, 0.1849510222673416, -0.11453626304864883, 0.7943930625915527, 0.2629415690898895, -0.0371282733976841, -0.04799402132630348, 0.962901771068573, -0.5665443539619446, -0.42565128207206726, -0.632194459438324, 0.3133348524570465, -0.0650830864906311, 0.008880700916051865, -0.006082525942474604, 0.9978218078613281, 0.015145915560424328, 0.015972139313817024, -0.004818106070160866, 0.9997460842132568, -0.57137531042099, 0.43100211024284363, -0.46394696831703186, 0.5220350027084351, -0.1785077303647995, -0.3013579249382019, -0.10136137157678604, 0.9311521053314209, 0.3615189790725708, -0.4817376732826233, -0.024547213688492775, 0.7978911399841309, 0.09358001500368118, -0.3584325909614563, 0.3322361707687378, 0.8674030303955078, -0.6005513072013855, -0.46789807081222534, 0.43405991792678833, 0.4816654920578003, -0.46327847242355347, -0.06826521456241608, 0.10448933392763138, 0.8773795962333679, 0.315870463848114, 0.4424992501735687, -0.013756648637354374, 0.8391847610473633, 0.06514688581228256, 0.1510516107082367, 0.35003700852394104, 0.9221786260604858, 0.028147714212536812, -0.01760818064212799, -0.07083326578140259, 0.9969354867935181, -0.2592470347881317, 0.0975598692893982, -0.06123752519488335, 0.9589176177978516, 0.13565947115421295, -0.0005947619793005288, -2.8200378920928415e-08, 0.9907553791999817, -0.48164692521095276, 0.0021119434386491776, 1.9062422751403574e-08, 0.8763628005981445, 0.035052839666604996, 0.9615737795829773, -0.09085263311862946, 0.256696492433548, 0.32007044553756714, -0.278354674577713, 0.8658336400985718, 0.2653407156467438, -0.42588773369789124, 0.06961821764707565, 0.05037091672420502, 0.9006862640380859, 0.4560687839984894, -0.05540597811341286, 0.2102205604314804, 0.862982451915741, 0.3376449942588806, 0.024869529530405998, 0.06795357912778854, 0.9384880065917969, 0.7318066358566284, -0.34665411710739136, 0.4026004672050476, 0.426852285861969, -0.4693416357040405, -0.0475580170750618, -0.021666759625077248, 0.8814687728881836, 0.5689401626586914, 0.1858142465353012, -0.1125246062874794, 0.7931698560714722, 0.2629321813583374, -0.03710935637354851, -0.04800877720117569, 0.9629043936729431, -0.5671890377998352, -0.4246973395347595, -0.6324300169944763, 0.3129875361919403, -0.06577353179454803, 0.009557102806866169, -0.005661766044795513, 0.997772753238678, 0.015050305984914303, 0.015936456620693207, -0.004832611884921789, 0.9997480511665344, -0.5720342993736267, 0.43148961663246155, -0.4632978141307831, 0.5214869976043701, -0.17851901054382324, -0.3015648424625397, -0.10043036192655563, 0.9311838150024414, 0.3613561987876892, -0.4814106523990631, -0.024445967748761177, 0.7981653213500977, 0.09149225801229477, -0.358043372631073, 0.3301067650318146, 0.8685986399650574, -0.6006835103034973, -0.46789225935935974, 0.4339918792247772, 0.4815675616264343, -0.46365296840667725, -0.06466475129127502, 0.1027480810880661, 0.8776600956916809, 0.3140852153301239, 0.43963631987571716, -0.013626905158162117, 0.8413588404655457, 0.06777114421129227, 0.15209223330020905, 0.34695765376091003, 0.9229817986488342, 0.029103541746735573, -0.015258073806762695, -0.07143513858318329, 0.9969038367271423, -0.26135870814323425, 0.0960189625620842, -0.06120580434799194, 0.9585018754005432, 0.13565948605537415, -0.0005948136677034199, 6.580089362273611e-09, 0.9907553195953369, -0.481646865606308, 0.0021118877921253443, 2.550512334664745e-08, 0.8763628005981445, 0.03441914543509483, 0.9622424840927124, -0.0900096744298935, 0.25456419587135315, 0.3198632299900055, -0.2776336073875427, 0.8661088347434998, 0.2654479742050171, -0.428763747215271, 0.06995785236358643, 0.050807271152734756, 0.8992698192596436, 0.45694899559020996, -0.056753210723400116, 0.21196237206459045, 0.8620027303695679, 0.33768200874328613, 0.02486295811831951, 0.06795673817396164, 0.9384745955467224, 0.7335278391838074, -0.34568002820014954, 0.40375256538391113, 0.42358729243278503, -0.4738324284553528, -0.04799310863018036, -0.021785080432891846, 0.8790363669395447, 0.570799708366394, 0.1867409497499466, -0.11028005182743073, 0.7919304966926575, 0.26291829347610474, -0.03708919137716293, -0.04802484065294266, 0.9629080891609192, -0.56787109375, -0.4241138994693756, -0.6323091387748718, 0.31278592348098755, -0.06637212634086609, 0.010239208117127419, -0.00510889757424593, 0.9977293014526367, 0.015002615749835968, 0.01589423045516014, -0.004864737391471863, 0.9997493028640747, -0.5726344585418701, 0.4320385158061981, -0.46270042657852173, 0.5209038853645325, -0.17909061908721924, -0.30146896839141846, -0.10005483031272888, 0.9311455488204956, 0.36105474829673767, -0.4809020161628723, -0.02432309277355671, 0.7986120581626892, 0.08991403132677078, -0.35669106245040894, 0.3281232714653015, 0.8700701594352722, -0.600792646408081, -0.46789202094078064, 0.43392106890678406, 0.4814954698085785, -0.46328046917915344, -0.0609239786863327, 0.10138911008834839, 0.8782823085784912, 0.31195932626724243, 0.43637216091156006, -0.013530855067074299, 0.8438469171524048, 0.0704207792878151, 0.15359745919704437, 0.34403324127197266, 0.9236286282539368, 0.03135710209608078, -0.014220726676285267, -0.07163852453231812, 0.996836245059967, -0.2645791471004486, 0.09516351670026779, -0.06111704185605049, 0.957709014415741, 0.13565942645072937, -0.0005947987665422261, 9.326687200328365e-10, 0.9907553791999817, -0.48164698481559753, 0.002111909445375204, 1.7003415564431634e-08, 0.8763628005981445, 0.03385668620467186, 0.9628873467445374, -0.08913568407297134, 0.25250044465065, 0.3195725083351135, -0.27707231044769287, 0.8663431406021118, 0.26562005281448364, -0.43138566613197327, 0.07027291506528854, 0.05121074244379997, 0.8979674577713013, 0.45773252844810486, -0.05807526037096977, 0.21362558007240295, 0.8610878586769104, 0.3377157747745514, 0.024857472628355026, 0.06796134263277054, 0.9384622573852539, 0.7349442839622498, -0.3450095057487488, 0.40503939986228943, 0.42043834924697876, -0.47804105281829834, -0.048395272344350815, -0.02187182940542698, 0.8767305016517639, 0.572615921497345, 0.18756529688835144, -0.10848745703697205, 0.790671169757843, 0.26290059089660645, -0.03707198426127434, -0.048040952533483505, 0.9629127979278564, -0.568635880947113, -0.4237689673900604, -0.6318795680999756, 0.3127323389053345, -0.0668628141283989, 0.010906044393777847, -0.004432335961610079, 0.9976927638053894, 0.014997586607933044, 0.01584693044424057, -0.004900448489934206, 0.9997498989105225, -0.5730845928192139, 0.4325374960899353, -0.46225348114967346, 0.5203913450241089, -0.18027034401893616, -0.30193525552749634, -0.10002981871366501, 0.9307693839073181, 0.36066779494285583, -0.48029375076293945, -0.024173391982913017, 0.7991573214530945, 0.08859770745038986, -0.3541153371334076, 0.32594287395477295, 0.872074544429779, -0.6008775234222412, -0.46789589524269104, 0.4338499903678894, 0.481449693441391, -0.46238571405410767, -0.05723808333277702, 0.10052866488695145, 0.8791003227233887, 0.30968478322029114, 0.43294838070869446, -0.01348552480340004, 0.8464450240135193, 0.07309654355049133, 0.15544450283050537, 0.34124743938446045, 0.9241451025009155, 0.034891821444034576, -0.01389334537088871, -0.07155917584896088, 0.9967290759086609, -0.2691763937473297, 0.09429296851158142, -0.06087014824151993, 0.9565289616584778, 0.13565942645072937, -0.0005948164616711438, 5.640075961821367e-09, 0.9907553791999817, -0.48164698481559753, 0.0021118945442140102, 3.194782394189133e-08, 0.8763628005981445, 0.03337322175502777, 0.9634799957275391, -0.08824069052934647, 0.25061145424842834, 0.3191035985946655, -0.2767646312713623, 0.8666045665740967, 0.265651673078537, -0.4335938096046448, 0.07054666429758072, 0.0515555702149868, 0.8968620896339417, 0.4583823084831238, -0.05928266793489456, 0.21490760147571564, 0.8603405952453613, 0.33774471282958984, 0.02484958805143833, 0.06796488165855408, 0.9384518265724182, 0.736167848110199, -0.3445175588130951, 0.4062120318412781, 0.41756004095077515, -0.48179399967193604, -0.04875056818127632, -0.02191806770861149, 0.8746528029441833, 0.5742783546447754, 0.18826690316200256, -0.10696116834878922, 0.7895057201385498, 0.26288139820098877, -0.03705654293298721, -0.04805485159158707, 0.9629179239273071, -0.569561779499054, -0.4235558807849884, -0.6311189532279968, 0.31287169456481934, -0.06718255579471588, 0.011528242379426956, -0.0036127562634646893, 0.9976675510406494, 0.01503108162432909, 0.015804484486579895, -0.004932620096951723, 0.9997499585151672, -0.5738022327423096, 0.4331662952899933, -0.4614848494529724, 0.5197592973709106, -0.1814565807580948, -0.3027653694152832, -0.10011701285839081, 0.9302597641944885, 0.3601367771625519, -0.47948208451271057, -0.024007001891732216, 0.7998888492584229, 0.08749888092279434, -0.3506782352924347, 0.3239847719669342, 0.8743011951446533, -0.6009291410446167, -0.4678942859172821, 0.433791846036911, 0.4814392924308777, -0.4609849154949188, -0.05377357080578804, 0.10037906467914581, 0.880071222782135, 0.30740076303482056, 0.4295228123664856, -0.013474659062922001, 0.8490191102027893, 0.07539819180965424, 0.1577250361442566, 0.33892515301704407, 0.9244282841682434, 0.038975734263658524, -0.01418928150087595, -0.07130347192287445, 0.9965919256210327, -0.274570107460022, 0.0935678780078888, -0.06058332696557045, 0.9550843238830566, 0.13565941154956818, -0.0005947620375081897, -8.178109567325009e-08, 0.9907553791999817, -0.48164698481559753, 0.0021119615994393826, 1.912884250998559e-08, 0.8763628005981445, 0.033020082861185074, 0.9640278220176697, -0.08726110309362411, 0.24888862669467926, 0.3185420334339142, -0.2772381901741028, 0.8665458559989929, 0.26602306962013245, -0.4345167279243469, 0.070672407746315, 0.051793117076158524, 0.896391749382019, 0.458534300327301, -0.060152068734169006, 0.2162719964981079, 0.8598572611808777, 0.33776792883872986, 0.02484804205596447, 0.0679677203297615, 0.9384433031082153, 0.7371511459350586, -0.34425947070121765, 0.40687012672424316, 0.41539183259010315, -0.48430347442626953, -0.048987701535224915, -0.021869787946343422, 0.8732537627220154, 0.5754636526107788, 0.18869027495384216, -0.10548380762338638, 0.7887399792671204, 0.2628594934940338, -0.03704477474093437, -0.048066847026348114, 0.9629237651824951, -0.5704652070999146, -0.4236656427383423, -0.6300107836723328, 0.3133104741573334, -0.06733929365873337, 0.012063601985573769, -0.0026515501085668802, 0.9976537227630615, 0.015109358355402946, 0.015776557847857475, -0.004947223234921694, 0.9997491240501404, -0.5752601623535156, 0.4343682527542114, -0.4598549008369446, 0.5185880661010742, -0.18132233619689941, -0.3034752607345581, -0.10022783279418945, 0.9300426840782166, 0.359277606010437, -0.4781848192214966, -0.023823829367756844, 0.8010563850402832, 0.08626989275217056, -0.34770163893699646, 0.32325875759124756, 0.8758794665336609, -0.6009328365325928, -0.4678862690925598, 0.4337654709815979, 0.48146626353263855, -0.45935672521591187, -0.05123327299952507, 0.10124042630195618, 0.8809750080108643, 0.3051731288433075, 0.4262433648109436, -0.013479341752827168, 0.8514718413352966, 0.07743798196315765, 0.16033023595809937, 0.33679091930389404, 0.9245915412902832, 0.04262526333332062, -0.01510661281645298, -0.07113319635391235, 0.9964411854743958, -0.27994757890701294, 0.09346775710582733, -0.06051523983478546, 0.9535360932350159, 0.13565956056118011, -0.0005948353209532797, -1.9740264534107155e-08, 0.9907553791999817, -0.48164695501327515, 0.0021118903532624245, 6.309861078079848e-09, 0.8763628005981445, 0.03287826478481293, 0.9645374417304993, -0.08620491623878479, 0.2472960352897644, 0.3174227774143219, -0.2791826128959656, 0.8661282658576965, 0.2666865885257721, -0.4330935478210449, 0.07053690403699875, 0.05184555426239967, 0.8970878720283508, 0.45785486698150635, -0.06043390929698944, 0.21742267906665802, 0.8599093556404114, 0.33778074383735657, 0.024854011833667755, 0.06796574592590332, 0.9384386539459229, 0.7374065518379211, -0.3446381092071533, 0.4071340560913086, 0.4143645763397217, -0.4846266508102417, -0.04901488125324249, -0.02167443186044693, 0.8730778098106384, 0.5758194327354431, 0.18856146931648254, -0.1045558974146843, 0.7886346578598022, 0.26283279061317444, -0.03704201430082321, -0.048073455691337585, 0.9629308581352234, -0.5711240768432617, -0.42428192496299744, -0.6285971999168396, 0.3141143321990967, -0.0673665702342987, 0.01246611401438713, -0.0015745119890198112, 0.9976491928100586, 0.01524090301245451, 0.015743013471364975, -0.004943286068737507, 0.9997476935386658, -0.5762165188789368, 0.4362374246120453, -0.45876696705818176, 0.5169181227684021, -0.1799154281616211, -0.305117130279541, -0.1005176231265068, 0.9297474026679993, 0.3579587936401367, -0.476278692483902, -0.023552216589450836, 0.8027885556221008, 0.08384138345718384, -0.34603121876716614, 0.32358524203300476, 0.8766559362411499, -0.6008718013763428, -0.467888206243515, 0.433791846036911, 0.4815167784690857, -0.45802000164985657, -0.05058812350034714, 0.10344666987657547, 0.8814518451690674, 0.30327272415161133, 0.42347878217697144, -0.013506836257874966, 0.8535273671150208, 0.07886786758899689, 0.1628660261631012, 0.33448684215545654, 0.9248638153076172, 0.04796743765473366, -0.016354365274310112, -0.07120664417743683, 0.9961733222007751, -0.2869292199611664, 0.09326394647359848, -0.060756731778383255, 0.9514631628990173, 0.13565942645072937, -0.0005948352627456188, 3.6660491531392836e-08, 0.9907553791999817, -0.4816468358039856, 0.0021118486765772104, -8.076621327290923e-08, 0.8763629198074341, 0.032965242862701416, 0.9650019407272339, -0.08505822718143463, 0.24586522579193115, 0.3157977759838104, -0.28245115280151367, 0.8653810024261475, 0.2675981819629669, -0.429564893245697, 0.07016723603010178, 0.05172731354832649, 0.8988186120986938, 0.4564296305179596, -0.06017078459262848, 0.21832218766212463, 0.8604574203491211, 0.3377836048603058, 0.024866383522748947, 0.06795945018529892, 0.9384377598762512, 0.7371876239776611, -0.3454555869102478, 0.4067661464214325, 0.4144347906112671, -0.4830036759376526, -0.0488581620156765, -0.02134605683386326, 0.8739935755729675, 0.5754167437553406, 0.18798230588436127, -0.10380282998085022, 0.7891661524772644, 0.2628011107444763, -0.03704599291086197, -0.048075441271066666, 0.9629392027854919, -0.5715469121932983, -0.42537346482276917, -0.6269022822380066, 0.31525418162345886, -0.06726894527673721, 0.012745101936161518, -0.00039785398985259235, 0.9976534247398376, 0.015419754199683666, 0.015714291483163834, -0.004923966713249683, 0.9997454881668091, -0.5767568945884705, 0.43857693672180176, -0.45811742544174194, 0.514907956123352, -0.17787528038024902, -0.3074142336845398, -0.10118668526411057, 0.9293105602264404, 0.3562982678413391, -0.47391802072525024, -0.023221902549266815, 0.804931104183197, 0.08109971135854721, -0.3448765277862549, 0.32449620962142944, 0.8770320415496826, -0.6007513403892517, -0.4678947925567627, 0.4338664710521698, 0.4815934896469116, -0.4570023715496063, -0.051763325929641724, 0.1069597378373146, 0.881492555141449, 0.3017147183418274, 0.42130526900291443, -0.013570183888077736, 0.8551526069641113, 0.07979296147823334, 0.1653735339641571, 0.3320263624191284, 0.9252260327339172, 0.05419094115495682, -0.01792745478451252, -0.07154196500778198, 0.9958030581474304, -0.2945866286754608, 0.09302888065576553, -0.06121954321861267, 0.9491135478019714, 0.13565942645072937, -0.0005948136677034199, -3.196410247596759e-08, 0.9907553791999817, -0.48164692521095276, 0.0021119040902704, 3.606583831583521e-08, 0.8763628005981445, 0.033423762768507004, 0.9653590321540833, -0.08379209041595459, 0.24483412504196167, 0.3140656650066376, -0.28614866733551025, 0.8644483685493469, 0.2687205374240875, -0.4253060221672058, 0.06971443444490433, 0.051501788198947906, 0.9008896946907043, 0.45470067858695984, -0.05966242030262947, 0.21890176832675934, 0.8612605333328247, 0.33777400851249695, 0.024883419275283813, 0.06795133650302887, 0.9384413361549377, 0.7366101145744324, -0.3467448651790619, 0.40605536103248596, 0.4150814116001129, -0.4807030260562897, -0.048637546598911285, -0.02101301960647106, 0.8752813339233398, 0.5748069286346436, 0.1872245818376541, -0.10344254225492477, 0.7898377180099487, 0.2627691626548767, -0.03705640882253647, -0.04807408154010773, 0.9629476070404053, -0.5717797875404358, -0.4268708825111389, -0.6249961256980896, 0.3165898323059082, -0.0670543983578682, 0.012944190762937069, 0.0008063350105658174, 0.9976650476455688, 0.01563590206205845, 0.015712426975369453, -0.0048959702253341675, 0.9997422695159912, -0.5772504806518555, 0.4410259425640106, -0.45748135447502136, 0.5128244161605835, -0.1762217879295349, -0.3097803294658661, -0.10262077301740646, 0.9286824464797974, 0.3545512557029724, -0.4714280068874359, -0.022905386984348297, 0.8071706295013428, 0.07974065095186234, -0.3427426517009735, 0.32531437277793884, 0.8776898384094238, -0.600595235824585, -0.46790385246276855, 0.43396177887916565, 0.48169344663619995, -0.45615333318710327, -0.05405425280332565, 0.11147884279489517, 0.8812348246574402, 0.300171822309494, 0.41915255784988403, -0.013659843243658543, 0.8567505478858948, 0.08077109605073929, 0.16803228855133057, 0.32972899079322815, 0.9254836440086365, 0.05811455473303795, -0.01981552504003048, -0.07212821394205093, 0.9955036640167236, -0.29985931515693665, 0.09299447387456894, -0.061501555144786835, 0.9474460482597351, 0.13565941154956818, -0.0005947619793005288, 2.725669467906755e-08, 0.9907553791999817, -0.48164698481559753, 0.002111942507326603, 2.756413053361939e-08, 0.8763628005981445, 0.03430387005209923, 0.9655786752700806, -0.08235974609851837, 0.24433152377605438, 0.3124134838581085, -0.2896200120449066, 0.8635255694389343, 0.2698919475078583, -0.4214079976081848, 0.06929968297481537, 0.05119332671165466, 0.902769148349762, 0.45303913950920105, -0.05919266864657402, 0.21901239454746246, 0.8621399998664856, 0.3377472460269928, 0.024897312745451927, 0.06794721633195877, 0.9384509325027466, 0.7358400821685791, -0.3484623432159424, 0.40518832206726074, 0.4158554971218109, -0.47876182198524475, -0.04845195636153221, -0.0207613967359066, 0.8763609528541565, 0.5744634866714478, 0.18651701509952545, -0.1035267636179924, 0.7902438640594482, 0.2627421021461487, -0.037071019411087036, -0.048070624470710754, 0.9629546403884888, -0.5718565583229065, -0.4286983907222748, -0.6229474544525146, 0.31801632046699524, -0.06676264107227325, 0.013099020346999168, 0.0019940738566219807, 0.9976809024810791, 0.01590600609779358, 0.01574212871491909, -0.004873138386756182, 0.9997376799583435, -0.5776031017303467, 0.44334229826927185, -0.4569583535194397, 0.5108926892280579, -0.17525611817836761, -0.31200090050697327, -0.10481821745634079, 0.9278759956359863, 0.35299280285835266, -0.46923357248306274, -0.022646844387054443, 0.809137225151062, 0.07997465133666992, -0.3392602801322937, 0.32613107562065125, 0.878717839717865, -0.6004161834716797, -0.46791115403175354, 0.43405306339263916, 0.4818272590637207, -0.4549765884876251, -0.056481413543224335, 0.11651667207479477, 0.8810392022132874, 0.2983860373497009, 0.4166395664215088, -0.01376828271895647, 0.8585963249206543, 0.08267822116613388, 0.17144235968589783, 0.32836517691612244, 0.9251746535301208, 0.06175456941127777, -0.019834531471133232, -0.0734562873840332, 0.995186984539032, -0.30493155121803284, 0.09086337685585022, -0.061681460589170456, 0.9460211396217346, 0.13565956056118011, -0.0005948682082816958, -3.196042897002371e-08, 0.9907553791999817, -0.481646865606308, 0.0021119029261171818, -8.634547299379847e-09, 0.8763628005981445, 0.03538815304636955, 0.9656856656074524, -0.08108852058649063, 0.244179368019104, 0.31082406640052795, -0.29313066601753235, 0.8624646067619324, 0.27132555842399597, -0.41700655221939087, 0.06882456690073013, 0.0508187972009182, 0.9048680663108826, 0.4511648118495941, -0.05854745954275131, 0.2190452665090561, 0.8631579875946045, 0.33771470189094543, 0.024912698194384575, 0.06794343143701553, 0.938462495803833, 0.7348425388336182, -0.35027268528938293, 0.4039285182952881, 0.4173215329647064, -0.47611376643180847, -0.04819891229271889, -0.020479558035731316, 0.8778229355812073, 0.5738677978515625, 0.18567733466625214, -0.1037333607673645, 0.79084712266922, 0.2627171277999878, -0.037087008357048035, -0.04806553199887276, 0.9629610776901245, -0.5718256235122681, -0.4306824505329132, -0.6208705306053162, 0.31944960355758667, -0.0663222149014473, 0.01319210510700941, 0.0030790437012910843, 0.9977062940597534, 0.016197454184293747, 0.015777073800563812, -0.004860192071646452, 0.999732494354248, -0.5772096514701843, 0.44492965936660767, -0.4572790861129761, 0.5096690058708191, -0.1753987818956375, -0.31368905305862427, -0.10732786357402802, 0.9269925951957703, 0.3523830473423004, -0.468482106924057, -0.02254735492169857, 0.809840977191925, 0.07955414056777954, -0.33556631207466125, 0.32779330015182495, 0.8795555830001831, -0.6001929640769958, -0.46791961789131165, 0.4341823160648346, 0.48198068141937256, -0.4534294903278351, -0.05962062254548073, 0.1218271255493164, 0.8809115886688232, 0.2969855070114136, 0.4147694408893585, -0.013947894796729088, 0.8599833846092224, 0.08471918106079102, 0.17479781806468964, 0.328389048576355, 0.924353301525116, 0.06579172611236572, -0.01924014277756214, -0.07507318258285522, 0.9948192238807678, -0.3105250895023346, 0.0879490002989769, -0.06170209124684334, 0.944474458694458, 0.13565951585769653, -0.0005948399775661528, 2.3496642853615413e-08, 0.9907553791999817, -0.48164698481559753, 0.0021119103766977787, 6.376281191933231e-08, 0.8763628005981445, 0.03663383796811104, 0.9656670689582825, -0.08024875074625015, 0.24434654414653778, 0.30902305245399475, -0.2967326045036316, 0.8614064455032349, 0.2728249430656433, -0.4117427468299866, 0.06825767457485199, 0.05039588361978531, 0.9073417782783508, 0.4490240812301636, -0.057639751583337784, 0.21867725253105164, 0.8644277453422546, 0.33768337965011597, 0.024929801002144814, 0.06793662160634995, 0.9384738206863403, 0.7333934903144836, -0.3521278500556946, 0.4023551642894745, 0.41982173919677734, -0.4721953272819519, -0.04782137647271156, -0.02012263797223568, 0.8799657821655273, 0.5727506279945374, 0.18458150327205658, -0.10421140491962433, 0.7918500304222107, 0.26269155740737915, -0.03710458055138588, -0.04805866256356239, 0.9629676938056946, -0.5717132687568665, -0.4327419400215149, -0.6188439726829529, 0.3207969665527344, -0.06566713005304337, 0.013218835927546024, 0.003981829155236483, 0.9977460503578186, 0.016479922458529472, 0.01579752378165722, -0.004843888338655233, 0.9997276663780212, -0.5759594440460205, 0.4456471800804138, -0.45859694480895996, 0.5092722177505493, -0.17671342194080353, -0.31481364369392395, -0.10987614840269089, 0.9260626435279846, 0.3528774082660675, -0.4693647623062134, -0.022650716826319695, 0.8091114163398743, 0.07847364991903305, -0.33156001567840576, 0.330375611782074, 0.880205512046814, -0.5999310612678528, -0.46792668104171753, 0.4343574643135071, 0.4821421504020691, -0.4520610570907593, -0.06453751027584076, 0.12758159637451172, 0.8804537057876587, 0.2965189516544342, 0.41437506675720215, -0.014136678539216518, 0.8603313565254211, 0.08573772013187408, 0.1771083027124405, 0.3292897939682007, 0.9234987497329712, 0.06913372874259949, -0.02132543735206127, -0.076018787920475, 0.9944782257080078, -0.3157196044921875, 0.08767624199390411, -0.061476822942495346, 0.9427908658981323, 0.13565942645072937, -0.0005947930039837956, -2.6324025625967806e-08, 0.9907553791999817, -0.48164698481559753, 0.002111982787027955, -1.1822687717710778e-08, 0.8763628005981445, 0.03802921250462532, 0.9655019044876099, -0.07984774559736252, 0.2449168711900711, 0.30721235275268555, -0.3003818690776825, 0.8602296113967896, 0.27458396553993225, -0.4055272340774536, 0.0675823912024498, 0.049912624061107635, 0.9102137684822083, 0.44652944803237915, -0.056437499821186066, 0.21814413368701935, 0.8659327030181885, 0.33764979243278503, 0.024950867518782616, 0.06792593002319336, 0.9384860992431641, 0.7314236164093018, -0.3540665805339813, 0.40047454833984375, 0.4234105944633484, -0.46690866351127625, -0.04730909317731857, -0.019706282764673233, 0.8828192949295044, 0.5710899829864502, 0.18319831788539886, -0.10507426410913467, 0.7932553291320801, 0.26266804337501526, -0.03712603822350502, -0.048049166798591614, 0.9629737734794617, -0.5714998841285706, -0.4348547160625458, -0.6169267296791077, 0.32201051712036133, -0.06477862596511841, 0.013166720047593117, 0.004627037327736616, 0.9978020787239075, 0.016755076125264168, 0.015826206654310226, -0.0048131016083061695, 0.9997227787971497, -0.5743685960769653, 0.44595029950141907, -0.4603223502635956, 0.5092468857765198, -0.17888787388801575, -0.31549543142318726, -0.11207153648138046, 0.9251495599746704, 0.35389119386672974, -0.47094956040382385, -0.022877199575304985, 0.8077401518821716, 0.077276811003685, -0.32732367515563965, 0.3332165777683258, 0.8808258771896362, -0.5996468663215637, -0.46792352199554443, 0.43456709384918213, 0.4823097586631775, -0.45130568742752075, -0.07167112827301025, 0.1337837427854538, 0.8793681859970093, 0.29708507657051086, 0.41548022627830505, -0.014328603632748127, 0.8595995306968689, 0.08534485846757889, 0.17802318930625916, 0.3302551209926605, 0.9230144023895264, 0.07221900671720505, -0.02507680654525757, -0.0762161836028099, 0.9941563010215759, -0.32099828124046326, 0.08923643082380295, -0.061449259519577026, 0.9408618211746216, 0.13565939664840698, -0.0005948644829913974, -4.324057911730961e-08, 0.9907553791999817, -0.48164698481559753, 0.002111927606165409, 3.18149844247273e-08, 0.8763628005981445, 0.039376433938741684, 0.9652155041694641, -0.07953152060508728, 0.2459336221218109, 0.3054296374320984, -0.3039514720439911, 0.85909104347229, 0.276204377412796, -0.3990356922149658, 0.06686758995056152, 0.04933716729283333, 0.913162112236023, 0.44390416145324707, -0.05522613972425461, 0.21723724901676178, 0.8675869703292847, 0.3376045227050781, 0.024970438331365585, 0.06791845709085464, 0.9385024309158325, 0.7292478680610657, -0.3560856878757477, 0.3984379470348358, 0.42737317085266113, -0.4612816870212555, -0.046764954924583435, -0.019341669976711273, 0.8858093023300171, 0.5694290995597839, 0.18175306916236877, -0.10627593100070953, 0.7946205139160156, 0.2626534700393677, -0.037151023745536804, -0.048036567866802216, 0.962977409362793, -0.5711537003517151, -0.4369223415851593, -0.6152796745300293, 0.32297569513320923, -0.0637827068567276, 0.013060787692666054, 0.0048774369060993195, 0.9978664517402649, 0.017027709633111954, 0.015868255868554115, -0.004778031725436449, 0.9997177124023438, -0.5725599527359009, 0.44587814807891846, -0.46230193972587585, 0.5095533132553101, -0.18162326514720917, -0.31570690870285034, -0.11341302841901779, 0.9243806600570679, 0.35535183548927307, -0.47313815355300903, -0.02321007288992405, 0.8058080673217773, 0.07614284753799438, -0.3228982388973236, 0.3361842632293701, 0.8814302086830139, -0.5993707776069641, -0.4679170846939087, 0.4347693622112274, 0.4824768900871277, -0.4506685733795166, -0.07893355190753937, 0.13920894265174866, 0.8782301545143127, 0.297720730304718, 0.4166699945926666, -0.014476104639470577, 0.8588008880615234, 0.08490755409002304, 0.17886176705360413, 0.33108311891555786, 0.9225959181785583, 0.07633251696825027, -0.02602476440370083, -0.07647396624088287, 0.9938047528266907, -0.32690897583961487, 0.08833921700716019, -0.06204460188746452, 0.9388701915740967, 0.13565948605537415, -0.000594768556766212, -2.2563975576872508e-08, 0.9907553791999817, -0.4816470146179199, 0.0021119285374879837, 5.207295927789346e-08, 0.8763628005981445, 0.04067040607333183, 0.9648279547691345, -0.07928786426782608, 0.2473183125257492, 0.30370208621025085, -0.3074323832988739, 0.8579882979393005, 0.27768051624298096, -0.39236995577812195, 0.06612858176231384, 0.048708558082580566, 0.9161333441734314, 0.4412018656730652, -0.05400591343641281, 0.2160060852766037, 0.869347870349884, 0.3375518023967743, 0.02498810365796089, 0.06791292130947113, 0.9385212659835815, 0.7269776463508606, -0.3581007122993469, 0.39621585607528687, 0.4316021502017975, -0.4554142653942108, -0.04619796574115753, -0.019011778756976128, 0.8888769149780273, 0.5677531361579895, 0.18028153479099274, -0.10767336189746857, 0.7959657311439514, 0.26264604926109314, -0.03717765584588051, -0.04802228882908821, 0.9629790782928467, -0.57069993019104, -0.43893709778785706, -0.6138759851455688, 0.3237163722515106, -0.06271198391914368, 0.012915953062474728, 0.004795345943421125, 0.9979365468025208, 0.01728096604347229, 0.01590735837817192, -0.004744927864521742, 0.9997128844261169, -0.5706876516342163, 0.4457017779350281, -0.4643438160419464, 0.5099513530731201, -0.1842193603515625, -0.31597015261650085, -0.11428716778755188, 0.9236690402030945, 0.3569765090942383, -0.4755319058895111, -0.02357848919928074, 0.803667426109314, 0.0748319998383522, -0.31769582629203796, 0.33892643451690674, 0.8823822736740112, -0.5991058945655823, -0.467913955450058, 0.43495166301727295, 0.48264458775520325, -0.4501301348209381, -0.08613399416208267, 0.14390304684638977, 0.877072274684906, 0.2983711063861847, 0.41786181926727295, -0.014601236209273338, 0.8579936027526855, 0.084468312561512, 0.17966914176940918, 0.3318042755126953, 0.9222201704978943, 0.07935409992933273, -0.028248008340597153, -0.07647386938333511, 0.9935073256492615, -0.3309614956378937, 0.08890236169099808, -0.062259700149297714, 0.9373817443847656, 0.1356593668460846, -0.0005947205936536193, -4.982067025594006e-08, 0.9907553791999817, -0.48164698481559753, 0.0021119550801813602, 5.10102466932949e-08, 0.8763628005981445, 0.041892144829034805, 0.9643257260322571, -0.0792308896780014, 0.2490852326154709, 0.3020854890346527, -0.31088462471961975, 0.8568643927574158, 0.2790672779083252, -0.38519275188446045, 0.06532630324363708, 0.048017676919698715, 0.9192678332328796, 0.4382742643356323, -0.052624959498643875, 0.21452653408050537, 0.8712776303291321, 0.33749234676361084, 0.02500627003610134, 0.0679071769118309, 0.9385426044464111, 0.7246078252792358, -0.3599669635295868, 0.39369940757751465, 0.43631187081336975, -0.44892582297325134, -0.0455721877515316, -0.018684720620512962, 0.8922105431556702, 0.5658347010612488, 0.17868834733963013, -0.10916794836521149, 0.7974860072135925, 0.2626451253890991, -0.037205569446086884, -0.04800548404455185, 0.9629791378974915, -0.5701818466186523, -0.44088125228881836, -0.6126801371574402, 0.3242524266242981, -0.0615716390311718, 0.012698210775852203, 0.00446329778060317, 0.9980119466781616, 0.017507484182715416, 0.01595037616789341, -0.004713058937340975, 0.9997084140777588, -0.5688408613204956, 0.44559815526008606, -0.46634507179260254, 0.5102789998054504, -0.1863919347524643, -0.3164243996143341, -0.114711694419384, 0.9230248928070068, 0.35861605405807495, -0.47791168093681335, -0.023944344371557236, 0.8015120625495911, 0.07317551970481873, -0.31114017963409424, 0.3411555886268616, 0.8839966058731079, -0.5988467931747437, -0.4679078459739685, 0.4351266026496887, 0.4828144609928131, -0.449720174074173, -0.0935489684343338, 0.14804132282733917, 0.8758333921432495, 0.2992211580276489, 0.4193297326564789, -0.014732757583260536, 0.8569785356521606, 0.08353627473115921, 0.18003936111927032, 0.33253908157348633, 0.9219681620597839, 0.0812692865729332, -0.03138674423098564, -0.07628855854272842, 0.9932724833488464, -0.3329980969429016, 0.09057200700044632, -0.062203556299209595, 0.9365039467811584, 0.13565942645072937, -0.0005947629106231034, -5.636403788145117e-09, 0.9907553791999817, -0.48164698481559753, 0.002111925510689616, 7.113538202929703e-08, 0.8763628005981445, 0.04296642541885376, 0.963667631149292, -0.07951411604881287, 0.25134870409965515, 0.3003305494785309, -0.3144945800304413, 0.8558405637741089, 0.28005650639533997, -0.37686124444007874, 0.0643901526927948, 0.0471995547413826, 0.9228227138519287, 0.4348682761192322, -0.050913263112306595, 0.21236112713813782, 0.8736132979393005, 0.3374219834804535, 0.025023743510246277, 0.06790154427289963, 0.9385678768157959, 0.7218688130378723, -0.3616951107978821, 0.39100152254104614, 0.4418143033981323, -0.44120800495147705, -0.04482636973261833, -0.018348004668951035, 0.8960968255996704, 0.5634179711341858, 0.17675654590129852, -0.1110735833644867, 0.7993622422218323, 0.2626537084579468, -0.03723835572600365, -0.04798395559191704, 0.9629765748977661, -0.5696378350257874, -0.44272804260253906, -0.6117085218429565, 0.32452645897865295, -0.06035385653376579, 0.012346782721579075, 0.0038924035616219044, 0.9980930685997009, 0.017702210694551468, 0.01600700616836548, -0.0046772886998951435, 0.9997042417526245, -0.567068874835968, 0.44550251960754395, -0.4682644307613373, 0.5105770230293274, -0.18807078897953033, -0.31700679659843445, -0.11467206478118896, 0.9224892854690552, 0.3602225184440613, -0.48022961616516113, -0.024288572371006012, 0.7993930578231812, 0.07127560675144196, -0.3035336434841156, 0.3427925705909729, 0.8861604928970337, -0.5985867381095886, -0.46789616346359253, 0.43531283736228943, 0.4829801619052887, -0.44945642352104187, -0.10147998481988907, 0.15160995721817017, 0.8744742274284363, 0.30061161518096924, 0.42169561982154846, -0.014873407781124115, 0.8553270101547241, 0.08165711164474487, 0.17980551719665527, 0.3332947790622711, 0.9219092726707458, 0.08320506662130356, -0.03248810023069382, -0.07621406763792038, 0.9930825233459473, -0.3338871896266937, 0.0903782919049263, -0.06244921311736107, 0.9361897706985474, 0.13565939664840698, -0.0005947892204858363, -1.3160176948190383e-08, 0.9907553791999817, -0.48164698481559753, 0.0021119662560522556, 5.107666467552008e-08, 0.8763628005981445, 0.04397888481616974, 0.9628565311431885, -0.08011780679225922, 0.2540755271911621, 0.2991084158420563, -0.3175467848777771, 0.8548179268836975, 0.2810417413711548, -0.3686710596084595, 0.0634583905339241, 0.04636448621749878, 0.9262316226959229, 0.4314518868923187, -0.04907290264964104, 0.2101704180240631, 0.8759392499923706, 0.33734819293022156, 0.02504052221775055, 0.06789747625589371, 0.9385942220687866, 0.7188414931297302, -0.36336952447891235, 0.38850679993629456, 0.44753989577293396, -0.43321913480758667, -0.04404572769999504, -0.01803561858832836, 0.9000310897827148, 0.5608429312705994, 0.17471784353256226, -0.11361064016819, 0.8012624382972717, 0.2626684308052063, -0.037272702902555466, -0.04796157032251358, 0.9629723429679871, -0.5690467357635498, -0.4443770945072174, -0.6110230088233948, 0.32460102438926697, -0.05915595591068268, 0.011889907531440258, 0.0031361798755824566, 0.9981730580329895, 0.017868852242827415, 0.016067227348685265, -0.004639754071831703, 0.9997004866600037, -0.565521776676178, 0.44508081674575806, -0.469935804605484, 0.5111247897148132, -0.18917694687843323, -0.31735914945602417, -0.11485640704631805, 0.9221189022064209, 0.36162999272346497, -0.48229628801345825, -0.02457747422158718, 0.797502338886261, 0.06994537264108658, -0.2976014316082001, 0.3440759778022766, 0.887779712677002, -0.5983437895774841, -0.4678821563720703, 0.43548592925071716, 0.4831388592720032, -0.4492816627025604, -0.10919013619422913, 0.15440014004707336, 0.873146116733551, 0.302339643239975, 0.4244661033153534, -0.014977931044995785, 0.8533433675765991, 0.07921753078699112, 0.1790156215429306, 0.3342905044555664, 0.9219153523445129, 0.08532219380140305, -0.033001333475112915, -0.0761953666806221, 0.9928873777389526, -0.3342823088169098, 0.08979326486587524, -0.06290821731090546, 0.9360743165016174, 0.13565939664840698, -0.0005947497556917369, -3.6664165037336716e-08, 0.9907553791999817, -0.48164698481559753, 0.0021120021119713783, -2.4575248502856084e-08, 0.8763628005981445, 0.045073267072439194, 0.9619105458259583, -0.08099215477705002, 0.2571709156036377, 0.29848799109458923, -0.3193616569042206, 0.8541467785835266, 0.28168490529060364, -0.3622720539569855, 0.06273134797811508, 0.04564059153199196, 0.9288383722305298, 0.4287581443786621, -0.047443024814128876, 0.20763999223709106, 0.8779528737068176, 0.33727750182151794, 0.0250519011169672, 0.06789571046829224, 0.9386194348335266, 0.7160218954086304, -0.36475270986557007, 0.3861839175224304, 0.45291295647621155, -0.42622819542884827, -0.04335654154419899, -0.017799794673919678, 0.9034007787704468, 0.5585216283798218, 0.17294752597808838, -0.11630123853683472, 0.8028802871704102, 0.26268693804740906, -0.03730373829603195, -0.047941599041223526, 0.9629670977592468, -0.5684016346931458, -0.4457370936870575, -0.6106458306312561, 0.32457631826400757, -0.05809880420565605, 0.011372122913599014, 0.002319736173376441, 0.9982433915138245, 0.018004823476076126, 0.016123414039611816, -0.004606929142028093, 0.9996972680091858, -0.5641730427742004, 0.4443804621696472, -0.47138676047325134, 0.5118880271911621, -0.18969547748565674, -0.3173782229423523, -0.11514553427696228, 0.9219697117805481, 0.3628704249858856, -0.4841364026069641, -0.024826666340231895, 0.7958144545555115, 0.06914996355772018, -0.2932516932487488, 0.34512218832969666, 0.8888826966285706, -0.5981379151344299, -0.4678694009780884, 0.43562307953834534, 0.4832824170589447, -0.44915568828582764, -0.11575359851121902, 0.1563841998577118, 0.872011661529541, 0.3039853572845459, 0.4271492063999176, -0.01509790401905775, 0.8514155745506287, 0.07676992565393448, 0.1779283583164215, 0.33547013998031616, 0.9219043850898743, 0.08704718202352524, -0.03430832922458649, -0.07601258158683777, 0.9927073121070862, -0.33407697081565857, 0.09017463773488998, -0.06348401308059692, 0.936072051525116, 0.13565942645072937, -0.000594768556766212, -4.135688413953176e-08, 0.9907553791999817, -0.4816471040248871, 0.0021119520533829927, 1.1623430218321573e-08, 0.8763627409934998, 0.04623027518391609, 0.9608412981033325, -0.08211369067430496, 0.2605840861797333, 0.2984083592891693, -0.31997525691986084, 0.8538748025894165, 0.2818974256515503, -0.3577157258987427, 0.06221729889512062, 0.0450340174138546, 0.9306666851043701, 0.42681920528411865, -0.04603947699069977, 0.2046995759010315, 0.8796612024307251, 0.33720970153808594, 0.025057507678866386, 0.06789670884609222, 0.9386435747146606, 0.7134439945220947, -0.36582890152931213, 0.384080708026886, 0.4578743875026703, -0.4203238785266876, -0.04276874661445618, -0.017649829387664795, 0.9061937928199768, 0.5564882755279541, 0.1714506894350052, -0.11911077052354813, 0.804200291633606, 0.26270943880081177, -0.03733071684837341, -0.04792425036430359, 0.9629607796669006, -0.5677085518836975, -0.4467912018299103, -0.6105789542198181, 0.32446572184562683, -0.057187680155038834, 0.010795047506690025, 0.001438360894098878, 0.9983040690422058, 0.01810244284570217, 0.01617700420320034, -0.004578556399792433, 0.9996947646141052, -0.5630178451538086, 0.4432736933231354, -0.4726303517818451, 0.5129717588424683, -0.19009675085544586, -0.31704241037368774, -0.11541100591421127, 0.921969473361969, 0.36397579312324524, -0.48577696084976196, -0.025052037090063095, 0.794301450252533, 0.06907074898481369, -0.2903541326522827, 0.34591537714004517, 0.8895314931869507, -0.597977340221405, -0.4678567349910736, 0.4357219338417053, 0.4834042191505432, -0.44910863041877747, -0.12118536233901978, 0.1575765460729599, 0.8710827827453613, 0.3056730329990387, 0.42984217405319214, -0.015211879275739193, 0.8494517803192139, 0.07431868463754654, 0.17646360397338867, 0.33684036135673523, 0.9218871593475342, 0.08742456138134003, -0.03675595670938492, -0.07544948160648346, 0.9926294684410095, -0.33265212178230286, 0.09186556935310364, -0.06401315331459045, 0.9363789558410645, 0.13565948605537415, -0.0005948343896307051, -3.8540516555940485e-08, 0.9907553791999817, -0.48164695501327515, 0.002111861016601324, -4.2508538911079086e-09, 0.8763628005981445, 0.04727058857679367, 0.9597132802009583, -0.08339658379554749, 0.26412299275398254, 0.29904723167419434, -0.31940463185310364, 0.8539201617240906, 0.28172990679740906, -0.3551175892353058, 0.061921946704387665, 0.04457145929336548, 0.9317030906677246, 0.4256502091884613, -0.044864676892757416, 0.20173227787017822, 0.8809728622436523, 0.3371492326259613, 0.02505945786833763, 0.06790012121200562, 0.9386650323867798, 0.711258053779602, -0.36651551723480225, 0.382464200258255, 0.46206003427505493, -0.4158596098423004, -0.04231720417737961, -0.01760699972510338, 0.9082731008529663, 0.5548654198646545, 0.17026270925998688, -0.12199389189481735, 0.8051413297653198, 0.2627353370189667, -0.03735344856977463, -0.04791077598929405, 0.962953507900238, -0.5669814944267273, -0.4473780393600464, -0.6108930110931396, 0.32433730363845825, -0.0564858615398407, 0.01015041209757328, 0.0004246397875249386, 0.9983517527580261, 0.01814372092485428, 0.01623167283833027, -0.0045515866950154305, 0.9996932744979858, -0.5622279047966003, 0.4411735534667969, -0.47349488735198975, 0.5148478150367737, -0.191299706697464, -0.3158460855484009, -0.11579647660255432, 0.9220829010009766, 0.3648402690887451, -0.48707109689712524, -0.025240421295166016, 0.7931054830551147, 0.07070300728082657, -0.2903185188770294, 0.34624719619750977, 0.8892857432365417, -0.5978708267211914, -0.4678427278995514, 0.4357907772064209, 0.48348742723464966, -0.4494782090187073, -0.12554733455181122, 0.15796610713005066, 0.87020343542099, 0.3076193332672119, 0.43291977047920227, -0.015268276445567608, 0.8471822142601013, 0.07166037708520889, 0.17437364161014557, 0.3382667899131775, 0.9219729900360107, 0.08568045496940613, -0.04003199189901352, -0.07470885664224625, 0.9927108883857727, -0.32960718870162964, 0.09462596476078033, -0.06435193121433258, 0.9371573328971863, 0.13565948605537415, -0.0005948005127720535, -3.196410247596759e-08, 0.9907553791999817, -0.48164698481559753, 0.002111859852448106, -1.0627134727769771e-08, 0.8763628005981445, 0.04808378964662552, 0.9585740566253662, -0.08476337045431137, 0.2676544785499573, 0.30026885867118835, -0.3177754878997803, 0.8543412685394287, 0.28099527955055237, -0.35447531938552856, 0.06184414401650429, 0.0442485474050045, 0.9319681525230408, 0.42526909708976746, -0.043949831277132034, 0.198674276471138, 0.8818974494934082, 0.3370968997478485, 0.025053756311535835, 0.06790582090616226, 0.9386835694313049, 0.7095683217048645, -0.36677998304367065, 0.3814642131328583, 0.4652637541294098, -0.41306203603744507, -0.04202663525938988, -0.017691275104880333, 0.9095606207847595, 0.553756058216095, 0.16941989958286285, -0.12487810850143433, 0.8056405186653137, 0.2627679109573364, -0.03737107664346695, -0.04790036752820015, 0.962944507598877, -0.5662282705307007, -0.4474216103553772, -0.6116012334823608, 0.32425838708877563, -0.056027524173259735, 0.009438465349376202, -0.00075399229535833, 0.9983843564987183, 0.01812397874891758, 0.01628144271671772, -0.004527545999735594, 0.999692976474762, -0.5614795684814453, 0.4388992190361023, -0.47432050108909607, 0.5168444514274597, -0.19197681546211243, -0.3144654333591461, -0.11571060121059418, 0.9224247932434082, 0.3656790852546692, -0.488308310508728, -0.025427741929888725, 0.791951596736908, 0.07257772237062454, -0.29070228338241577, 0.34649816155433655, 0.8889115452766418, -0.5978170037269592, -0.46781885623931885, 0.4358384907245636, 0.48353418707847595, -0.4504351019859314, -0.12866367399692535, 0.1576503962278366, 0.869310200214386, 0.30970728397369385, 0.4360971450805664, -0.0152761060744524, 0.8447883725166321, 0.06900233775377274, 0.17159949243068695, 0.33977508544921875, 0.9221416115760803, 0.0825197771191597, -0.04282182455062866, -0.07426915317773819, 0.992895245552063, -0.3256700038909912, 0.09715879708528519, -0.06460918486118317, 0.9382562637329102, 0.1356593668460846, -0.0005947525496594608, -2.8163660292790382e-09, 0.9907553791999817, -0.48164698481559753, 0.0021119974553585052, 6.808008379266539e-08, 0.8763628005981445, 0.048622943460941315, 0.9574976563453674, -0.08625051379203796, 0.27091488242149353, 0.30188167095184326, -0.3154676556587219, 0.8549458980560303, 0.28002697229385376, -0.35507842898368835, 0.06190177798271179, 0.04403328895568848, 0.9317449331283569, 0.4254136383533478, -0.04321661591529846, 0.19596020877361298, 0.8824710845947266, 0.3370559811592102, 0.025045160204172134, 0.06791333854198456, 0.9386979341506958, 0.7081009745597839, -0.36682581901550293, 0.38119959831237793, 0.46767377853393555, -0.41132187843322754, -0.04183248057961464, -0.017831973731517792, 0.9103550910949707, 0.552965521812439, 0.16877996921539307, -0.1279045045375824, 0.8058429956436157, 0.2628004550933838, -0.03738406300544739, -0.047894105315208435, 0.9629353880882263, -0.5654760599136353, -0.44719287753105164, -0.6125141978263855, 0.3241632282733917, -0.05574468523263931, 0.008689840324223042, -0.0019168369472026825, 0.998405396938324, 0.01807352527976036, 0.01631293259561062, -0.004503665491938591, 0.9996933937072754, -0.5607421398162842, 0.4366419017314911, -0.47512301802635193, 0.5188162326812744, -0.19221898913383484, -0.312976598739624, -0.11517631262540817, 0.9229474663734436, 0.36653345823287964, -0.48956099152565, -0.025621982291340828, 0.7907760739326477, 0.07452497631311417, -0.29126840829849243, 0.34685224294662476, 0.8884268403053284, -0.5977862477302551, -0.46779581904411316, 0.4358738958835602, 0.48356255888938904, -0.4515995383262634, -0.13085804879665375, 0.15683111548423767, 0.8685263395309448, 0.311856210231781, 0.4393393099308014, -0.015294843353331089, 0.8423139452934265, 0.06624555587768555, 0.1684652715921402, 0.3415152132511139, 0.9222789406776428, 0.08052042126655579, -0.04526630789041519, -0.07339180260896683, 0.9930161833763123, -0.32267794013023376, 0.09943749755620956, -0.06566016376018524, 0.9389781355857849, 0.13565944135189056, -0.0005948136677034199, 3.571680906588881e-08, 0.9907553791999817, -0.48164698481559753, 0.002111845649778843, 2.550512334664745e-08, 0.8763628005981445, 0.04878322407603264, 0.9565593600273132, -0.08784621208906174, 0.27367401123046875, 0.30373576283454895, -0.31271058320999146, 0.8556822538375854, 0.2788631319999695, -0.3566259741783142, 0.06206098943948746, 0.04392540082335472, 0.9311481714248657, 0.4259941279888153, -0.04264572635293007, 0.19377945363521576, 0.8827003240585327, 0.33703067898750305, 0.025033626705408096, 0.06792142242193222, 0.9387067556381226, 0.7071304321289062, -0.3663885295391083, 0.381347119808197, 0.4693616032600403, -0.4104249179363251, -0.04172249883413315, -0.01798892766237259, 0.910761833190918, 0.5523703098297119, 0.16840608417987823, -0.13044334948062897, 0.8059224486351013, 0.2628311216831207, -0.037389885634183884, -0.047891922295093536, 0.9629268646240234, -0.5647376775741577, -0.4467873275279999, -0.6135551333427429, 0.3240409195423126, -0.05562794953584671, 0.00791296549141407, -0.00295460969209671, 0.9984158873558044, 0.017994556576013565, 0.01632956974208355, -0.004479546565562487, 0.9996947050094604, -0.560141384601593, 0.4345504641532898, -0.4757642149925232, 0.5206302404403687, -0.19204309582710266, -0.31113240122795105, -0.11426788568496704, 0.9237201809883118, 0.3674461245536804, -0.49088969826698303, -0.025853464379906654, 0.789520263671875, 0.07686229795217514, -0.2929289937019348, 0.34778422117233276, 0.8873167037963867, -0.5977733731269836, -0.46776625514030457, 0.4359058141708374, 0.48357832431793213, -0.4528340697288513, -0.13223035633563995, 0.1555992066860199, 0.867897093296051, 0.31407323479652405, 0.4426693618297577, -0.015284709632396698, 0.8397429585456848, 0.0632191076874733, 0.16508574783802032, 0.3436306118965149, 0.9223166704177856, 0.0793815478682518, -0.04691173508763313, -0.07221631705760956, 0.99311763048172, -0.3204825818538666, 0.10124509781599045, -0.06729858368635178, 0.9394207000732422, 0.13565930724143982, -0.0005947629106231034, 4.0413198121314053e-08, 0.9907553791999817, -0.4816471040248871, 0.0021119127050042152, 7.757809328268195e-08, 0.8763627409934998, 0.0485018715262413, 0.9558072686195374, -0.08954507112503052, 0.2757929265499115, 0.30579620599746704, -0.30946171283721924, 0.8565700650215149, 0.27750644087791443, -0.3592556416988373, 0.06233265623450279, 0.043937478214502335, 0.9301180243492126, 0.4270705580711365, -0.042302291840314865, 0.19226354360580444, 0.8825281858444214, 0.33702364563941956, 0.02501843497157097, 0.06793145835399628, 0.9387089610099792, 0.7067744135856628, -0.36537376046180725, 0.3819192349910736, 0.47022297978401184, -0.4105283319950104, -0.04171673581004143, -0.018179791048169136, 0.9107117056846619, 0.5520354509353638, 0.16836638748645782, -0.13227485120296478, 0.8058616518974304, 0.2628609836101532, -0.03738698735833168, -0.04789461940526962, 0.9629186987876892, -0.5640323758125305, -0.44618672132492065, -0.6147226095199585, 0.3238844573497772, -0.05569073185324669, 0.007115634623914957, -0.0038472169544547796, 0.9984152913093567, 0.017877768725156784, 0.01634594239294529, -0.004457107745110989, 0.9996966123580933, -0.5599756240844727, 0.4329739212989807, -0.47591978311538696, 0.5219781994819641, -0.1911381483078003, -0.3084784746170044, -0.11310451477766037, 0.924940288066864, 0.36853834986686707, -0.49245327711105347, -0.026198681443929672, 0.7880247235298157, 0.08026233315467834, -0.2976981997489929, 0.35040995478630066, 0.8843905329704285, -0.5977869033813477, -0.4677187502384186, 0.4359273910522461, 0.48358801007270813, -0.45404699444770813, -0.1324394792318344, 0.15383696556091309, 0.8675456047058105, 0.31630581617355347, 0.445976197719574, -0.015258043073117733, 0.8371517658233643, 0.059855978935956955, 0.16147425770759583, 0.34623050689697266, 0.9222081303596497, 0.07699251174926758, -0.04697037115693092, -0.07139402627944946, 0.9933623671531677, -0.3174668252468109, 0.10226251184940338, -0.06857211887836456, 0.9402420520782471, 0.13565942645072937, -0.0005948296748101711, 4.230056660503578e-08, 0.9907553791999817, -0.4816470742225647, 0.0021118305157870054, 6.057467771825031e-08, 0.8763627409934998, 0.04791518300771713, 0.9552592635154724, -0.09137839078903198, 0.27718910574913025, 0.3078727126121521, -0.3056378960609436, 0.8576221466064453, 0.2761959433555603, -0.36310693621635437, 0.06273596733808517, 0.044069912284612656, 0.9285878539085388, 0.42872312664985657, -0.042377158999443054, 0.19151458144187927, 0.8818859457969666, 0.3370337188243866, 0.024998093023896217, 0.06794588267803192, 0.9387048482894897, 0.7067895531654358, -0.3640281558036804, 0.3830016553401947, 0.47036346793174744, -0.4116658866405487, -0.04181438311934471, -0.018392372876405716, 0.9101892709732056, 0.5521049499511719, 0.16868877410888672, -0.13355973362922668, 0.8055346012115479, 0.26289111375808716, -0.03737420588731766, -0.04790302738547325, 0.962910532951355, -0.5634317994117737, -0.44545209407806396, -0.6159302592277527, 0.3236466646194458, -0.055863454937934875, 0.006369317881762981, -0.004669200163334608, 0.9984071850776672, 0.01774715445935726, 0.016353745013475418, -0.004444466903805733, 0.9996988773345947, -0.5600817799568176, 0.4320409297943115, -0.4757605195045471, 0.5227819085121155, -0.1894032061100006, -0.30557405948638916, -0.11145513504743576, 0.926460325717926, 0.36991050839424133, -0.4943971633911133, -0.026664070785045624, 0.7861467599868774, 0.08419101685285568, -0.3035387694835663, 0.35452204942703247, 0.8803920745849609, -0.5978145599365234, -0.46765947341918945, 0.435922235250473, 0.48361584544181824, -0.45476415753364563, -0.13103936612606049, 0.15136098861694336, 0.8678180575370789, 0.318329393863678, 0.44896185398101807, -0.01525415014475584, 0.8347855806350708, 0.05619550496339798, 0.15797539055347443, 0.3494405448436737, 0.9218335747718811, 0.07415125519037247, -0.04657284542918205, -0.07067444175481796, 0.9936487078666687, -0.3138933479785919, 0.10319478064775467, -0.06982599943876266, 0.9412471055984497, 0.13565945625305176, -0.0005948287434875965, 1.2220164435916558e-08, 0.9907553791999817, -0.4816471040248871, 0.0021118244621902704, 8.827164776903373e-08, 0.8763627409934998, 0.047120194882154465, 0.9548815488815308, -0.0932907909154892, 0.2779887914657593, 0.3097974956035614, -0.3014513850212097, 0.8588496446609497, 0.2748270034790039, -0.3678440451622009, 0.06324001401662827, 0.04429454356431961, 0.9266765713691711, 0.4308212399482727, -0.04279150813817978, 0.19120225310325623, 0.8809106945991516, 0.3370559811592102, 0.024972226470708847, 0.06796291470527649, 0.9386962652206421, 0.7070638537406921, -0.3624797463417053, 0.38447967171669006, 0.4699409604072571, -0.41358497738838196, -0.04198993369936943, -0.0186162032186985, 0.9093061685562134, 0.552486777305603, 0.16929131746292114, -0.13442645967006683, 0.8050020933151245, 0.2629197835922241, -0.03735452890396118, -0.04791667312383652, 0.9629027843475342, -0.5629271864891052, -0.44463062286376953, -0.6171497106552124, 0.32333099842071533, -0.05611565709114075, 0.005684796255081892, -0.005436343140900135, 0.9983932971954346, 0.01760886050760746, 0.016350436955690384, -0.004442842211574316, 0.9997013807296753, -0.5602678060531616, 0.4314612150192261, -0.47550761699676514, 0.523291289806366, -0.18733961880207062, -0.30275434255599976, -0.10953399538993835, 0.9280333518981934, 0.3713259696960449, -0.4963979423046112, -0.02716086059808731, 0.7841992378234863, 0.08841034024953842, -0.30975061655044556, 0.3590918183326721, 0.8759516477584839, -0.5978542566299438, -0.46759411692619324, 0.4358934164047241, 0.4836558699607849, -0.45505622029304504, -0.1283026933670044, 0.14834386110305786, 0.8685944676399231, 0.32019197940826416, 0.45162296295166016, -0.015256332233548164, 0.8326349854469299, 0.05245423689484596, 0.15459582209587097, 0.3531637191772461, 0.9212079644203186, 0.07119858264923096, -0.045888639986515045, -0.07001104950904846, 0.9939433932304382, -0.3101469874382019, 0.10403256118297577, -0.07090599834918976, 0.9423154592514038, 0.1356593668460846, -0.0005947676254436374, 4.136055409276196e-08, 0.9907553791999817, -0.4816471040248871, 0.0021118675358593464, 4.038311729459565e-08, 0.8763627409934998, 0.046223923563957214, 0.9546712636947632, -0.09501966089010239, 0.278275728225708, 0.3115372657775879, -0.29741883277893066, 0.8600656986236572, 0.2734476327896118, -0.37286627292633057, 0.0637790709733963, 0.04457134008407593, 0.9246169328689575, 0.4330899119377136, -0.04333837330341339, 0.19123512506484985, 0.879763662815094, 0.33708617091178894, 0.024946089833974838, 0.06797993183135986, 0.93868488073349, 0.7076053023338318, -0.36091503500938416, 0.3861260414123535, 0.46897947788238525, -0.415969580411911, -0.04221385344862938, -0.01883533224463463, 0.9082029461860657, 0.5530090928077698, 0.17006760835647583, -0.13490383327007294, 0.8043997287750244, 0.26294222474098206, -0.03733137249946594, -0.047933224588632584, 0.9628967642784119, -0.5625050067901611, -0.4437798261642456, -0.6183452010154724, 0.32295018434524536, -0.05644846335053444, 0.005119733978062868, -0.006125721149146557, 0.9983736276626587, 0.017467068508267403, 0.016335254535079002, -0.0044550723396241665, 0.9997040629386902, -0.5603297352790833, 0.43075594305992126, -0.4753933250904083, 0.5239094495773315, -0.18582983314990997, -0.3002344071865082, -0.10788172483444214, 0.9293482303619385, 0.3722997307777405, -0.4977878928184509, -0.027535129338502884, 0.782842218875885, 0.09295296669006348, -0.31657668948173523, 0.36259475350379944, 0.8715870976448059, -0.5979139804840088, -0.4675353765487671, 0.4358389973640442, 0.48368796706199646, -0.45514023303985596, -0.12460216134786606, 0.14501509070396423, 0.8696507215499878, 0.321789026260376, 0.453874796628952, -0.015290684066712856, 0.8307921886444092, 0.04899372532963753, 0.15158918499946594, 0.3569042384624481, 0.9204562902450562, 0.0682259276509285, -0.04492601007223129, -0.0694146528840065, 0.9942376017570496, -0.3063802123069763, 0.10466570407152176, -0.07165662199258804, 0.9434201717376709, 0.13565939664840698, -0.0005948014440946281, 1.691655526769864e-08, 0.9907553791999817, -0.4816471040248871, 0.0021118687000125647, 5.625739873948987e-08, 0.8763627409934998, 0.04531707987189293, 0.9546763300895691, -0.0961918905377388, 0.2780047357082367, 0.3131541311740875, -0.2941632866859436, 0.8609557747840881, 0.272318959236145, -0.37755805253982544, 0.06427992135286331, 0.0448717400431633, 0.9226616621017456, 0.4352327287197113, -0.043811071664094925, 0.19186615943908691, 0.8785445094108582, 0.33711978793144226, 0.024926619604229927, 0.06799300014972687, 0.9386724233627319, 0.7086821794509888, -0.35937315225601196, 0.38744232058525085, 0.467449426651001, -0.4185498058795929, -0.042468130588531494, -0.01902432180941105, 0.9070008397102356, 0.553488552570343, 0.1709919422864914, -0.13454578816890717, 0.80393385887146, 0.26295381784439087, -0.03730778396129608, -0.04795125499367714, 0.9628936052322388, -0.562170147895813, -0.4429683983325958, -0.6194570660591125, 0.3225162923336029, -0.05687423050403595, 0.004780253395438194, -0.006700917147099972, 0.9983474612236023, 0.017327191308140755, 0.016316106542944908, -0.004489599261432886, 0.9997066259384155, -0.5600667595863342, 0.43011796474456787, -0.4756685793399811, 0.5244647264480591, -0.18526947498321533, -0.29841870069503784, -0.10693205147981644, 0.9301543235778809, 0.37234628200531006, -0.49786296486854553, -0.027667732909321785, 0.782767653465271, 0.09776153415441513, -0.3242931067943573, 0.3642309010028839, 0.8675324320793152, -0.5980009436607361, -0.46749168634414673, 0.43576154112815857, 0.48369231820106506, -0.4551563858985901, -0.12024692445993423, 0.1415386199951172, 0.870827317237854, 0.3230655789375305, 0.4555882215499878, -0.015272989869117737, 0.8293580412864685, 0.04645825922489166, 0.14939117431640625, 0.36031782627105713, 0.9196167588233948, 0.06534804403781891, -0.043570004403591156, -0.06891709566116333, 0.9945258498191833, -0.3028373420238495, 0.10487613826990128, -0.07176972925662994, 0.9445314407348633, 0.13565945625305176, -0.0005947694880887866, 2.068027704638098e-08, 0.9907553791999817, -0.4816470742225647, 0.0021118393633514643, 2.9689561031887024e-08, 0.8763627409934998, 0.044485773891210556, 0.9548681974411011, -0.09679490327835083, 0.2772696316242218, 0.31443071365356445, -0.29166796803474426, 0.8616910576820374, 0.2712040841579437, -0.382035493850708, 0.06476150453090668, 0.045184966176748276, 0.9207676649093628, 0.4373217225074768, -0.044289156794548035, 0.19264091551303864, 0.8773127794265747, 0.3371509611606598, 0.024913765490055084, 0.06800349056720734, 0.9386608004570007, 0.709954559803009, -0.35818785429000854, 0.3887987434864044, 0.46529725193977356, -0.4214281737804413, -0.04275656118988991, -0.01922588050365448, 0.9056492447853088, 0.5540395975112915, 0.17198823392391205, -0.13393491506576538, 0.8034436106681824, 0.2629573941230774, -0.03728799521923065, -0.04797058179974556, 0.962892472743988, -0.5619633197784424, -0.44214197993278503, -0.6205084919929504, 0.3219892978668213, -0.05736905708909035, 0.004615061450749636, -0.0071404967457056046, 0.9983168840408325, 0.017187777906656265, 0.016297219321131706, -0.004555458202958107, 0.9997090697288513, -0.5596053004264832, 0.4300154745578766, -0.47622328996658325, 0.5245378613471985, -0.18548384308815002, -0.29735973477363586, -0.10682892054319382, 0.9304625391960144, 0.3712921738624573, -0.49634701013565063, -0.02752196229994297, 0.784234881401062, 0.1022874191403389, -0.33241724967956543, 0.3640453517436981, 0.8640064001083374, -0.5981183052062988, -0.46747156977653503, 0.43566906452178955, 0.4836500287055969, -0.4550830125808716, -0.11539935320615768, 0.1380055695772171, 0.8720877170562744, 0.32398125529289246, 0.4568333923816681, -0.015265689231455326, 0.8283153772354126, 0.04510723426938057, 0.14800485968589783, 0.3631485402584076, 0.9187943935394287, 0.06256018579006195, -0.041643496602773666, -0.06852187216281891, 0.994814932346344, -0.2996181845664978, 0.10454144328832626, -0.07124998420476913, 0.9456339478492737, 0.13565939664840698, -0.0005948043544776738, 9.363406716644818e-10, 0.9907553791999817, -0.4816471040248871, 0.002111872425302863, 7.226452680697548e-08, 0.8763627409934998, 0.04382197558879852, 0.9551815986633301, -0.09678790718317032, 0.2762967050075531, 0.3155064582824707, -0.28993746638298035, 0.8621830940246582, 0.270244836807251, -0.38630545139312744, 0.0652221143245697, 0.04550188407301903, 0.9189362525939941, 0.4393657147884369, -0.04476935416460037, 0.19353938102722168, 0.8760684728622437, 0.33718055486679077, 0.024904765188694, 0.06801211088895798, 0.9386497735977173, 0.7114406228065491, -0.35741397738456726, 0.38991379737854004, 0.4626820683479309, -0.4245525300502777, -0.043074049055576324, -0.019438888877630234, 0.9041692018508911, 0.5546773076057434, 0.17309975624084473, -0.13306942582130432, 0.8029085397720337, 0.2629550099372864, -0.03726915270090103, -0.047991856932640076, 0.9628927707672119, -0.5619010329246521, -0.44125813245773315, -0.6215171813964844, 0.321364164352417, -0.05788477137684822, 0.004549686796963215, -0.00743507407605648, 0.9982852339744568, 0.017056399956345558, 0.01626438833773136, -0.004618747625499964, 0.9997115731239319, -0.5601071119308472, 0.4297884702682495, -0.47569623589515686, 0.5246666073799133, -0.18544988334178925, -0.295522004365921, -0.10679016262292862, 0.9310590624809265, 0.37033987045288086, -0.49497711658477783, -0.02735290862619877, 0.7855557799339294, 0.10527918487787247, -0.3384241759777069, 0.36345523595809937, 0.861560046672821, -0.598270833492279, -0.4674697816371918, 0.43554776906967163, 0.4835723340511322, -0.4550412893295288, -0.11051739752292633, 0.13464374840259552, 0.8732665181159973, 0.32453861832618713, 0.4575226604938507, -0.01518847607076168, 0.8277179598808289, 0.04502733424305916, 0.14738991856575012, 0.3652604818344116, 0.9180596470832825, 0.0597839280962944, -0.039368271827697754, -0.06822238862514496, 0.995098888874054, -0.296563982963562, 0.10390256345272064, -0.07042644917964935, 0.9467281699180603, 0.13565950095653534, -0.0005947761237621307, -1.4103862966408087e-08, 0.9907553195953369, -0.4816470742225647, 0.002111905487254262, 2.3313278418868322e-08, 0.8763627409934998, 0.04329594224691391, 0.9556086659431458, -0.09625426679849625, 0.27508673071861267, 0.31640690565109253, -0.2888921797275543, 0.8624560236930847, 0.2694392800331116, -0.39037951827049255, 0.06566374748945236, 0.04583410918712616, 0.9171648621559143, 0.4413725435733795, -0.045253537595272064, 0.194571852684021, 0.8748052716255188, 0.33721035718917847, 0.02490082196891308, 0.06801971048116684, 0.9386386275291443, 0.7131246328353882, -0.3569828271865845, 0.39081108570098877, 0.4596555829048157, -0.4278753995895386, -0.04341505095362663, -0.019654426723718643, 0.9025804996490479, 0.5553743839263916, 0.17431284487247467, -0.1319461613893509, 0.8023493885993958, 0.26294615864753723, -0.03725109249353409, -0.04801679402589798, 0.9628946781158447, -0.5619822144508362, -0.44030308723449707, -0.6224925518035889, 0.3206436038017273, -0.05842730030417442, 0.004586048424243927, -0.0075873504392802715, 0.9982523322105408, 0.01692712865769863, 0.016219599172472954, -0.004670444875955582, 0.9997142553329468, -0.5614644289016724, 0.429420530796051, -0.47420769929885864, 0.5248645544052124, -0.18526104092597961, -0.29330652952194214, -0.10673399269580841, 0.9318033456802368, 0.3694418668746948, -0.49367663264274597, -0.02714860439300537, 0.7868030667304993, 0.10667532682418823, -0.3424995541572571, 0.36223605275154114, 0.8602904081344604, -0.5984658002853394, -0.467499703168869, 0.43539148569107056, 0.48344293236732483, -0.4552198648452759, -0.10595700889825821, 0.13155072927474976, 0.8742095828056335, 0.32471832633018494, 0.4575822949409485, -0.015124950557947159, 0.8276156187057495, 0.045976608991622925, 0.14734505116939545, 0.3663059175014496, 0.9176031947135925, 0.056989625096321106, -0.036995816975831985, -0.06800512969493866, 0.9953686594963074, -0.2935223877429962, 0.10314462333917618, -0.06938890367746353, 0.947834849357605, 0.13565948605537415, -0.0005948089528828859, 4.7000630054583326e-09, 0.9907553791999817, -0.4816470444202423, 0.0021118754521012306, 5.526110058440281e-08, 0.8763628005981445, 0.04270219802856445, 0.9561479687690735, -0.09557001292705536, 0.27353981137275696, 0.3172186315059662, -0.28815412521362305, 0.8626023530960083, 0.2688060700893402, -0.39429399371147156, 0.0660909041762352, 0.04622376337647438, 0.9154385328292847, 0.4433424472808838, -0.045777320861816406, 0.19595454633235931, 0.8734722137451172, 0.33724865317344666, 0.024899447336792946, 0.06802529841661453, 0.9386245012283325, 0.7149496674537659, -0.3565579056739807, 0.3916974663734436, 0.4563842713832855, -0.4312332570552826, -0.04375918209552765, -0.019838355481624603, 0.9009602665901184, 0.5560532808303833, 0.17557159066200256, -0.13052083551883698, 0.8018377423286438, 0.26293155550956726, -0.03722898289561272, -0.04804988577961922, 0.9628978371620178, -0.5622268319129944, -0.43917930126190186, -0.6234808564186096, 0.31983476877212524, -0.05905327573418617, 0.004760317038744688, -0.007583801168948412, 0.9982146620750427, 0.016773976385593414, 0.0161738358438015, -0.004705940838903189, 0.9997174143791199, -0.5629571080207825, 0.4290904104709625, -0.4725938141345978, 0.5249913334846497, -0.18541927635669708, -0.292128324508667, -0.10651957243680954, 0.9321664571762085, 0.36811673641204834, -0.4917283356189728, -0.026808936148881912, 0.7886536717414856, 0.10700858384370804, -0.3460671007633209, 0.3594938814640045, 0.8599714636802673, -0.5986925363540649, -0.4675605595111847, 0.4352240562438965, 0.4832541346549988, -0.45586860179901123, -0.10201776772737503, 0.12868885695934296, 0.874765932559967, 0.3245812952518463, 0.4571287930011749, -0.014991441741585732, 0.8279224634170532, 0.04740394279360771, 0.14773353934288025, 0.36602783203125, 0.9175790548324585, 0.054123081266880035, -0.03487526997923851, -0.06785818189382553, 0.9956152439117432, -0.2901321351528168, 0.10252463072538376, -0.06820197403430939, 0.9490313529968262, 0.13565939664840698, -0.0005947497556917369, -3.384045399457136e-08, 0.9907553791999817, -0.4816470742225647, 0.0021118754521012306, 2.3313278418868322e-08, 0.8763627409934998, 0.041868552565574646, 0.9567895531654358, -0.09501555562019348, 0.27161160111427307, 0.3179633915424347, -0.28740376234054565, 0.8627384305000305, 0.26829230785369873, -0.3981333374977112, 0.06651052087545395, 0.046679552644491196, 0.9137216806411743, 0.44529715180397034, -0.04640832170844078, 0.19777187705039978, 0.8720338344573975, 0.337300568819046, 0.024897994473576546, 0.06803315877914429, 0.9386053085327148, 0.7168439626693726, -0.3559059500694275, 0.39276841282844543, 0.45298853516578674, -0.43457144498825073, -0.044098783284425735, -0.019977137446403503, 0.8993352651596069, 0.5567277073860168, 0.1768392026424408, -0.12882383167743683, 0.8013654947280884, 0.2629115581512451, -0.03719817101955414, -0.04809580743312836, 0.9629021883010864, -0.5626251697540283, -0.43783533573150635, -0.6245130896568298, 0.31896182894706726, -0.05979568511247635, 0.0050774430856108665, -0.0074306936003267765, 0.9981700778007507, 0.016586963087320328, 0.016123758628964424, -0.004732189700007439, 0.9997212290763855, -0.5643765330314636, 0.42879587411880493, -0.4710756838321686, 0.5250722765922546, -0.18545663356781006, -0.29188480973243713, -0.106270432472229, 0.9322637319564819, 0.3667055666446686, -0.4896645247936249, -0.02642577514052391, 0.7906056642532349, 0.10729667544364929, -0.3488818109035492, 0.356008380651474, 0.8602482080459595, -0.5989097952842712, -0.4676186144351959, 0.43508145213127136, 0.4830569922924042, -0.4565393924713135, -0.09809796512126923, 0.1256481260061264, 0.8753063082695007, 0.324044406414032, 0.45617425441741943, -0.014861182309687138, 0.8286612629890442, 0.0491710789501667, 0.14844106137752533, 0.3651043772697449, 0.917739748954773, 0.05107860267162323, -0.033376745879650116, -0.0677453801035881, 0.9958350658416748, -0.28597933053970337, 0.10230482369661331, -0.06685031205415726, 0.950410783290863, 0.1356593370437622, -0.0005947506870143116, 2.726036640865459e-08, 0.9907553791999817, -0.48164722323417664, 0.0021119010634720325, 4.25749675514453e-08, 0.876362681388855, 0.04104951024055481, 0.9574081301689148, -0.09445840865373611, 0.2697446644306183, 0.31843724846839905, -0.28706640005111694, 0.8629273176193237, 0.26748284697532654, -0.40148279070854187, 0.06688038259744644, 0.04709390923380852, 0.9122065305709839, 0.44717806577682495, -0.046878632158041, 0.1991237998008728, 0.8707375526428223, 0.3373543322086334, 0.02489338628947735, 0.06804732233285904, 0.938585102558136, 0.7186440229415894, -0.35535356402397156, 0.3935943841934204, 0.44984227418899536, -0.4372314214706421, -0.04437171295285225, -0.020069636404514313, 0.8980295658111572, 0.5570620894432068, 0.17801061272621155, -0.12715792655944824, 0.801139771938324, 0.2628878355026245, -0.037162698805332184, -0.04815594479441643, 0.9629070162773132, -0.5632140636444092, -0.43630048632621765, -0.6255555152893066, 0.3179815709590912, -0.06058485433459282, 0.0054619875736534595, -0.00716753676533699, 0.9981223940849304, 0.016380703076720238, 0.016065414994955063, -0.00475430628284812, 0.9997254610061646, -0.5657019019126892, 0.42854106426239014, -0.4696590006351471, 0.5251231789588928, -0.18524114787578583, -0.2932359278202057, -0.10641107708215714, 0.9318665266036987, 0.36536353826522827, -0.4877624213695526, -0.02599707990884781, 0.7924149632453918, 0.10686056315898895, -0.3509042263031006, 0.3517872095108032, 0.8612158894538879, -0.5991120934486389, -0.4676654040813446, 0.43494912981987, 0.4828800559043884, -0.4568919837474823, -0.09372223168611526, 0.12218987941741943, 0.8760910630226135, 0.32312342524528503, 0.45463019609451294, -0.014771884307265282, 0.8298701643943787, 0.05136967450380325, 0.1494734287261963, 0.3639545738697052, 0.9179084300994873, 0.04784577712416649, -0.032442573457956314, -0.06769023835659027, 0.996030330657959, -0.2811700403690338, 0.10252323746681213, -0.06514076143503189, 0.9519396424293518, 0.13565945625305176, -0.0005947544705122709, -1.2223836165503599e-08, 0.9907553791999817, -0.4816471040248871, 0.0021118742879480124, 4.463397118570356e-08, 0.8763627409934998, 0.040264081209897995, 0.9579140543937683, -0.09392813593149185, 0.2682479918003082, 0.3188161253929138, -0.28717735409736633, 0.8629588484764099, 0.2668099105358124, -0.40372416377067566, 0.06712201237678528, 0.04742240533232689, 0.9111819863319397, 0.44857582449913025, -0.04717288538813591, 0.20024409890174866, 0.8697452545166016, 0.3373969793319702, 0.024894604459404945, 0.06803968548774719, 0.9385702610015869, 0.7201220989227295, -0.3549380898475647, 0.3940524160861969, 0.44739899039268494, -0.4388669729232788, -0.04454459995031357, -0.020132724195718765, 0.8972213864326477, 0.5570788979530334, 0.17895445227622986, -0.1257624626159668, 0.8011381030082703, 0.2628791332244873, -0.03715233504772186, -0.04815857484936714, 0.9629096388816833, -0.5641119480133057, -0.4344485402107239, -0.6265917420387268, 0.31688347458839417, -0.061406075954437256, 0.0059287697076797485, -0.0067451163195073605, 0.9980725049972534, 0.016150660812854767, 0.016007067635655403, -0.004784724209457636, 0.9997299313545227, -0.5668777227401733, 0.42836877703666687, -0.46841201186180115, 0.525109589099884, -0.18487100303173065, -0.2955164909362793, -0.1065952256321907, 0.9311982989311218, 0.3641749620437622, -0.4861217737197876, -0.025561418384313583, 0.7939829230308533, 0.10571975260972977, -0.35239502787590027, 0.3472839891910553, 0.862574577331543, -0.5993737578392029, -0.46775662899017334, 0.4347543716430664, 0.48264220356941223, -0.456550270318985, -0.08844595402479172, 0.11836327612400055, 0.8773422241210938, 0.3218664526939392, 0.4525671601295471, -0.014660083688795567, 0.8314866423606873, 0.05407739803195, 0.1511511206626892, 0.3626083731651306, 0.9180110096931458, 0.04465124383568764, -0.0318475104868412, -0.06775405257940292, 0.9961934685707092, -0.2761373221874237, 0.10319380462169647, -0.063230000436306, 0.9534679651260376, 0.13565951585769653, -0.0005948362522758543, 1.8763532949606088e-09, 0.9907553791999817, -0.4816471040248871, 0.0021118968725204468, 2.3379698177450337e-08, 0.8763627409934998, 0.039192792028188705, 0.958232581615448, -0.09375739842653275, 0.26732704043388367, 0.31833478808403015, -0.2869738042354584, 0.8631035089492798, 0.26713550090789795, -0.40362057089805603, 0.06710498780012131, 0.04763362929224968, 0.9112181067466736, 0.4481411874294281, -0.048351772129535675, 0.2013470083475113, 0.8696499466896057, 0.3373987078666687, 0.024911127984523773, 0.06795530766248703, 0.9385753273963928, 0.7208729982376099, -0.35384172201156616, 0.3946623206138611, 0.446519672870636, -0.4408762454986572, -0.04475110396742821, -0.02029230259358883, 0.8962218761444092, 0.5585271120071411, 0.17934103310108185, -0.12446488440036774, 0.800245463848114, 0.2629394233226776, -0.037228625267744064, -0.047941260039806366, 0.9629011154174805, -0.5652319192886353, -0.43246695399284363, -0.6273726224899292, 0.31605204939842224, -0.06212761625647545, 0.006549833808094263, -0.006097138859331608, 0.9980280995368958, 0.015923963859677315, 0.01600167714059353, -0.0048340847715735435, 0.9997335076332092, -0.5674825310707092, 0.42843353748321533, -0.467826783657074, 0.5249252319335938, -0.18459807336330414, -0.296364963054657, -0.10626447200775146, 0.9310205578804016, 0.3636142611503601, -0.4853349030017853, -0.0253297109156847, 0.7947283387184143, 0.1049199178814888, -0.35322681069374084, 0.3445979654788971, 0.8634088635444641, -0.5998038053512573, -0.4680095314979553, 0.43439459800720215, 0.48218658566474915, -0.45534414052963257, -0.08320634067058563, 0.1159607470035553, 0.878801167011261, 0.32057783007621765, 0.4506250023841858, -0.014649704098701477, 0.8330380320549011, 0.05691952630877495, 0.15355505049228668, 0.36078834533691406, 0.9181572794914246, 0.04236987605690956, -0.0314052551984787, -0.06795410811901093, 0.9962935447692871, -0.2723076641559601, 0.10401978343725204, -0.06208546832203865, 0.9545542597770691, 0.13565939664840698, -0.0005947648314759135, 7.520100986369016e-09, 0.9907553791999817, -0.48164698481559753, 0.0021118957083672285, 3.1881405959666154e-08, 0.8763628005981445]
    s (float, 1008):  [1.0, 0.9999998807907104, 1.0, 0.9999998807907104, 0.9999999403953552, 1.0000001192092896, 0.9999998807907104, 0.9999999403953552, 0.9999998211860657, 0.9999998807907104, 0.9999999403953552, 1.0000001192092896, 0.9999999403953552, 0.9999999403953552, 1.0, 0.9999999403953552, 1.0, 0.9999998807907104, 1.0000001192092896, 1.0, 1.0, 1.0000001192092896, 0.9999999403953552, 0.9999998807907104, 0.9999998807907104, 1.0, 0.9999999403953552, 0.9999998807907104, 1.0, 1.0, 0.9999999403953552, 0.9999999403953552, 1.0, 0.9999999403953552, 0.9999999403953552, 1.0, 1.0000001192092896, 0.9999999403953552, 0.9999999403953552, 1.0000001192092896, 1.0, 0.9999998211860657, 1.0, 1.0000001192092896, 0.9999999403953552, 1.0000001192092896, 0.9999999403953552, 0.9999999403953552, 0.9999998807907104, 0.9999999403953552, 1.0, 1.0000001192092896, 1.0, 1.0, 1.0, 0.9999999403953552, 1.0, 0.9999998807907104, 0.9999999403953552, 1.0000001192092896, 1.0, 1.0, 1.0, 1.0, 1.0, 0.9999999403953552, 0.9999999403953552, 0.9999999403953552, 0.9999999403953552, 1.0, 0.9999999403953552, 0.9999999403953552, 1.0, 0.9999997615814209, 1.0, 0.9999999403953552, 0.9999999403953552, 0.9999999403953552, 1.0, 0.9999998807907104, 0.9999999403953552, 0.9999998211860657, 0.9999999403953552, 1.0, 1.0, 1.0, 1.0, 1.0000001192092896, 1.0, 0.9999998807907104, 1.0, 1.0, 1.0, 1.0, 0.9999999403953552, 0.9999999403953552, 0.9999999403953552, 0.9999998807907104, 1.0, 1.0000001192092896, 1.0, 1.0, 1.0000001192092896, 1.0, 0.9999998807907104, 0.9999999403953552, 0.9999999403953552, 1.0, 1.0, 1.0, 1.0, 1.0, 1.0, 1.0, 1.0000001192092896, 1.0, 0.9999998807907104, 1.0, 0.9999999403953552, 0.9999998807907104, 1.0, 0.9999999403953552, 1.0, 0.9999998807907104, 1.0, 1.0, 1.0, 0.9999999403953552, 1.0, 1.0, 0.9999998807907104, 1.0, 1.0, 0.9999998807907104, 1.0, 1.0, 1.0, 0.9999998807907104, 1.0, 1.0, 0.9999998807907104, 1.0, 0.9999999403953552, 0.9999999403953552, 0.9999999403953552, 0.9999998807907104, 0.9999999403953552, 1.0, 0.9999998807907104, 1.0, 1.0000001192092896, 1.0000001192092896, 0.9999999403953552, 0.9999998807907104, 1.0000001192092896, 1.0000001192092896, 1.0000001192092896, 1.0, 0.9999999403953552, 1.0, 1.0, 1.0, 1.0000001192092896, 1.0, 1.0, 1.0000001192092896, 1.0000001192092896, 1.0, 1.0, 0.9999999403953552, 1.0, 1.0000001192092896, 1.0, 1.0, 0.9999999403953552, 0.9999999403953552, 0.9999999403953552, 1.0, 1.0, 1.0, 1.0000001192092896, 1.0, 0.9999998211860657, 1.0000001192092896, 1.0000001192092896, 0.9999999403953552, 1.0000001192092896, 1.0, 0.9999999403953552, 0.9999999403953552, 0.9999998211860657, 0.9999998807907104, 0.9999998807907104, 0.9999999403953552, 0.9999998807907104, 1.0000001192092896, 0.9999998807907104, 0.9999999403953552, 0.9999999403953552, 1.0, 0.9999999403953552, 0.9999998807907104, 1.0, 1.0, 1.0, 1.0000001192092896, 1.0, 1.0000001192092896, 1.0000001192092896, 1.0, 0.9999999403953552, 1.0, 1.0, 1.0, 1.0, 1.0, 0.9999998807907104, 0.9999999403953552, 0.9999999403953552, 1.0, 0.9999999403953552, 1.0, 0.9999998807907104, 1.0, 0.9999998807907104, 0.9999999403953552, 0.9999999403953552, 1.0, 1.000000238418579, 1.0, 1.0000001192092896, 1.0000001192092896, 1.0000001192092896, 0.9999999403953552, 1.0, 1.0, 0.9999998807907104, 0.9999999403953552, 0.9999999403953552, 0.9999998807907104, 0.9999998807907104, 0.9999999403953552, 0.9999998807907104, 0.9999999403953552, 1.0, 1.0, 0.9999998807907104, 0.9999998211860657, 1.0, 0.9999998807907104, 0.9999999403953552, 1.000000238418579, 1.0, 0.9999999403953552, 1.0, 1.0, 1.0, 0.9999999403953552, 0.9999998807907104, 1.0, 0.9999998211860657, 1.0, 0.9999999403953552, 0.9999998807907104, 1.0, 0.9999999403953552, 0.9999998807907104, 1.0, 1.0, 1.0000001192092896, 1.0000001192092896, 1.0000001192092896, 0.9999998807907104, 1.0, 0.9999998807907104, 1.0, 1.0000001192092896, 0.9999998807907104, 1.0, 0.9999999403953552, 1.0, 0.9999999403953552, 0.9999999403953552, 1.0, 0.9999998807907104, 1.0, 0.9999998807907104, 0.9999999403953552, 0.9999999403953552, 1.0, 0.9999999403953552, 1.0, 1.0, 0.9999999403953552, 1.0, 1.0, 1.0, 0.9999998211860657, 0.9999999403953552, 1.0000001192092896, 1.0000001192092896, 1.0000001192092896, 1.0000001192092896, 1.0, 1.0, 0.9999999403953552, 1.0, 1.0, 1.0, 1.0, 0.9999999403953552, 0.9999998807907104, 1.0, 1.0, 1.0000001192092896, 1.0, 1.0, 1.0, 1.0, 0.9999999403953552, 1.0, 0.9999999403953552, 1.0, 1.0, 1.0000001192092896, 0.9999999403953552, 1.0, 1.0, 1.0, 0.9999999403953552, 1.0, 1.0000001192092896, 0.9999998211860657, 1.0, 0.9999998807907104, 0.9999998211860657, 0.9999998807907104, 0.9999999403953552, 0.9999998807907104, 0.9999999403953552, 1.0, 1.0, 1.0, 1.0000001192092896, 0.9999999403953552, 0.9999999403953552, 0.9999999403953552, 1.0, 1.0000001192092896, 1.0, 1.0, 1.0, 1.0, 0.9999999403953552, 0.9999999403953552, 0.9999998807907104, 0.9999998211860657, 1.0000001192092896, 1.0, 0.9999999403953552, 1.0, 0.9999999403953552, 0.9999999403953552, 1.0, 0.9999998807907104, 0.9999999403953552, 0.9999999403953552, 1.0, 1.0, 0.9999999403953552, 0.9999999403953552, 1.0, 1.0, 1.0, 1.0, 1.0, 1.0000001192092896, 0.9999998211860657, 1.0, 0.9999999403953552, 0.9999998807907104, 1.0, 0.9999999403953552, 0.9999998807907104, 0.9999999403953552, 0.9999999403953552, 0.9999999403953552, 1.0, 0.9999999403953552, 1.0, 1.0, 1.0, 0.9999998807907104, 0.9999998807907104, 1.0, 1.0, 1.0, 0.9999998807907104, 0.9999999403953552, 1.0, 1.0000001192092896, 0.9999999403953552, 1.0, 1.0, 0.9999999403953552, 1.0, 0.9999999403953552, 0.9999998211860657, 0.9999999403953552, 1.0, 0.9999999403953552, 1.0000001192092896, 1.0, 1.0, 0.9999999403953552, 1.0, 1.0, 0.9999999403953552, 1.0, 1.0000001192092896, 1.0000001192092896, 1.0, 1.0, 1.0, 1.0, 0.9999999403953552, 1.0000001192092896, 0.9999998807907104, 1.0, 0.9999999403953552, 0.9999998807907104, 0.9999998211860657, 0.9999999403953552, 1.0, 0.9999998211860657, 1.0, 0.9999998807907104, 1.0000001192092896, 0.9999998807907104, 1.0, 1.0, 0.9999998807907104, 1.0, 1.0000001192092896, 1.0000003576278687, 0.9999998807907104, 0.9999999403953552, 1.0, 1.000000238418579, 0.9999999403953552, 1.0, 0.9999999403953552, 0.9999999403953552, 1.0, 0.9999999403953552, 0.9999999403953552, 0.9999999403953552, 0.9999998807907104, 1.0, 0.9999999403953552, 0.9999998807907104, 1.0, 1.0, 1.0000001192092896, 0.9999999403953552, 0.9999998211860657, 0.9999999403953552, 1.0, 1.0000001192092896, 1.0, 0.9999998807907104, 0.9999999403953552, 1.0000001192092896, 0.9999999403953552, 1.0, 1.0, 0.9999999403953552, 1.0000001192092896, 0.9999998807907104, 1.0, 0.9999999403953552, 0.9999999403953552, 1.0, 1.0, 1.0, 1.0, 0.9999999403953552, 1.0000001192092896, 1.0, 0.9999998211860657, 0.9999998211860657, 0.9999999403953552, 1.000000238418579, 1.0, 0.9999999403953552, 1.0, 1.0000001192092896, 0.9999999403953552, 1.0, 1.0, 1.0, 1.0000001192092896, 1.0000001192092896, 0.9999999403953552, 0.9999999403953552, 1.0, 0.9999999403953552, 0.9999998807907104, 1.0, 1.0, 0.9999998211860657, 1.0, 0.9999999403953552, 0.9999998807907104, 1.0, 1.000000238418579, 1.0, 0.9999999403953552, 1.0, 1.0, 1.0000001192092896, 1.0, 1.0, 1.0, 0.9999999403953552, 1.0, 0.9999998807907104, 1.0, 0.9999999403953552, 0.9999999403953552, 0.9999998807907104, 1.0, 1.0, 1.0, 0.9999999403953552, 1.0, 0.9999998211860657, 0.9999999403953552, 0.9999998211860657, 1.0000001192092896, 1.0, 1.0, 1.0, 0.9999999403953552, 1.0000001192092896, 0.9999999403953552, 1.0000001192092896, 1.0, 0.9999999403953552, 0.9999999403953552, 0.9999998807907104, 0.9999998211860657, 0.9999999403953552, 1.0000001192092896, 0.9999998807907104, 0.9999999403953552, 1.0, 1.0, 1.0, 1.0, 0.9999998807907104, 1.0, 0.9999998807907104, 1.0, 1.0000001192092896, 0.9999998807907104, 1.0000001192092896, 1.0, 1.0, 1.0, 1.000000238418579, 1.0000001192092896, 0.9999998807907104, 1.0, 1.0000001192092896, 0.9999999403953552, 1.0, 1.0, 1.0, 1.0, 1.0000001192092896, 1.0, 0.9999999403953552, 0.9999999403953552, 0.9999998807907104, 1.0, 0.9999999403953552, 1.0000001192092896, 1.0000001192092896, 0.9999999403953552, 1.0, 1.0, 1.0, 0.9999999403953552, 1.0000001192092896, 1.0, 0.9999999403953552, 1.0, 0.9999999403953552, 0.9999999403953552, 1.0, 0.9999998807907104, 1.0, 1.0, 1.0, 0.9999998807907104, 0.9999999403953552, 0.9999999403953552, 1.0, 0.9999997615814209, 1.0, 1.0, 1.0, 1.0, 0.9999999403953552, 1.0, 1.0, 1.0, 1.0, 1.0, 0.9999998211860657, 1.0000001192092896, 0.9999999403953552, 0.9999999403953552, 0.9999999403953552, 1.0000001192092896, 1.0, 0.9999999403953552, 1.0, 1.0, 0.9999998807907104, 0.9999998807907104, 1.0000001192092896, 0.9999999403953552, 0.9999998807907104, 1.0, 1.0000001192092896, 0.9999998807907104, 1.0, 1.0, 1.0000001192092896, 0.9999999403953552, 1.0000001192092896, 1.0, 1.0, 1.0, 1.0, 1.0, 0.9999999403953552, 1.0, 1.0, 1.0, 0.9999999403953552, 1.0, 1.0, 1.0, 1.0, 0.9999999403953552, 1.0, 1.000000238418579, 1.0000001192092896, 1.0, 1.0000001192092896, 1.0000001192092896, 1.0, 0.9999999403953552, 1.0, 1.0, 0.9999999403953552, 1.0, 0.9999999403953552, 0.9999999403953552, 0.9999999403953552, 0.9999999403953552, 1.0, 1.0000001192092896, 0.9999999403953552, 1.0, 0.9999999403953552, 1.0, 1.0, 0.9999999403953552, 0.9999999403953552, 1.0, 1.0000001192092896, 1.0, 0.9999998211860657, 1.0, 0.9999998807907104, 0.9999999403953552, 1.0000001192092896, 1.0, 0.9999999403953552, 1.0, 0.9999999403953552, 1.0, 0.9999998807907104, 0.9999998807907104, 0.9999999403953552, 1.0, 1.0, 0.9999999403953552, 0.9999998807907104, 1.0, 0.9999998807907104, 0.9999998807907104, 0.9999998807907104, 1.0, 1.0000001192092896, 1.0, 0.9999998807907104, 1.0, 1.0, 0.9999998807907104, 1.0, 1.0000001192092896, 0.9999999403953552, 1.0, 0.9999998807907104, 0.9999998807907104, 0.9999998807907104, 1.0, 1.0, 1.0000001192092896, 1.0, 1.0, 1.0, 0.9999999403953552, 0.9999999403953552, 0.9999999403953552, 1.0, 1.0000001192092896, 1.0000001192092896, 1.0, 1.0000001192092896, 1.0, 1.0, 0.9999998807907104, 1.0, 1.0, 1.0, 1.0, 0.9999999403953552, 1.0, 1.0, 1.0, 0.9999999403953552, 1.0000001192092896, 1.0, 1.0, 1.0000001192092896, 0.9999999403953552, 1.0000001192092896, 0.9999998807907104, 0.9999999403953552, 1.0000001192092896, 1.0000001192092896, 1.0000001192092896, 1.0, 1.0000001192092896, 1.0000001192092896, 1.0, 1.0000001192092896, 1.0000001192092896, 0.9999998807907104, 1.0000001192092896, 0.9999999403953552, 0.9999999403953552, 1.0, 0.9999999403953552, 0.9999998807907104, 0.9999999403953552, 0.9999999403953552, 1.0, 1.0, 1.0, 1.0, 0.9999997615814209, 0.9999998807907104, 1.000000238418579, 1.0000001192092896, 1.0, 1.0, 0.9999998807907104, 1.0, 0.9999999403953552, 1.0, 1.0, 0.9999998807907104, 1.0000001192092896, 0.9999999403953552, 0.9999999403953552, 0.9999998211860657, 0.9999999403953552, 0.9999999403953552, 1.0000001192092896, 0.9999999403953552, 1.0, 1.0, 1.0, 1.0, 1.0, 0.9999999403953552, 1.0, 1.0, 1.0, 1.0, 1.0, 1.0000001192092896, 1.0, 1.0, 1.0, 0.9999998807907104, 1.0, 1.0, 1.0, 0.9999999403953552, 1.0, 0.9999999403953552, 1.0, 0.9999999403953552, 1.0, 0.9999998211860657, 0.9999999403953552, 1.0, 0.9999998211860657, 1.0, 1.0000001192092896, 1.000000238418579, 1.0, 0.9999998807907104, 1.0000001192092896, 1.0000001192092896, 0.9999998807907104, 1.0, 1.0, 1.0, 1.0, 0.9999999403953552, 1.0, 0.9999998807907104, 1.0, 0.9999999403953552, 1.0, 1.0, 1.0, 1.0, 1.0, 1.0, 0.9999998807907104, 1.0, 0.9999999403953552, 1.0, 1.0, 1.0, 0.9999999403953552, 1.0, 0.9999999403953552, 1.0, 1.0000001192092896, 1.0, 1.0, 0.9999998807907104, 0.9999998807907104, 1.0, 0.9999998807907104, 1.0, 1.0, 0.9999999403953552, 0.9999999403953552, 0.9999998807907104, 1.0, 1.0, 0.9999998807907104, 1.0, 1.0, 1.0000001192092896, 0.9999999403953552, 1.0, 1.0, 1.0, 0.9999999403953552, 1.0000001192092896, 1.0, 0.9999998807907104, 1.0000001192092896, 0.9999999403953552, 0.9999999403953552, 0.9999999403953552, 0.9999999403953552, 1.0, 1.0000001192092896, 0.9999999403953552, 0.9999999403953552, 1.0, 0.9999999403953552, 0.9999999403953552, 0.9999997615814209, 1.0, 0.9999998807907104, 1.0000001192092896, 0.9999999403953552, 0.9999999403953552, 1.0, 1.0000001192092896, 0.9999998807907104, 1.0, 1.0, 1.0, 1.0, 1.0, 1.0, 0.9999999403953552, 0.9999999403953552, 1.0000001192092896, 0.9999999403953552, 1.0, 0.9999999403953552, 0.9999998807907104, 0.9999999403953552, 0.9999999403953552, 0.9999998211860657, 0.9999998807907104, 1.000000238418579, 1.0000001192092896, 0.9999999403953552, 1.0000001192092896, 1.0, 1.0, 1.0, 1.0, 1.0, 0.9999998807907104, 1.0, 1.0, 1.0, 1.0, 0.9999999403953552, 1.0000001192092896, 1.0, 0.9999999403953552, 1.0, 0.9999999403953552, 1.0, 0.9999998807907104, 0.9999998807907104, 0.9999999403953552, 1.0000001192092896, 1.0, 0.9999998807907104, 0.9999999403953552, 1.0, 1.0, 1.0, 1.0, 0.9999999403953552, 0.9999999403953552, 0.9999999403953552, 0.9999999403953552, 1.0, 1.0, 1.0, 0.9999999403953552, 0.9999999403953552, 0.9999998807907104, 0.9999999403953552, 1.0, 1.0, 1.0, 0.9999999403953552, 1.0, 1.0000001192092896, 1.0000001192092896, 0.9999999403953552, 1.0000001192092896, 1.0, 1.0000001192092896, 0.9999998211860657, 0.9999999403953552, 0.9999999403953552, 0.9999999403953552, 1.0, 0.9999999403953552, 0.9999999403953552, 0.9999999403953552, 1.0, 1.0, 0.9999998807907104, 1.0000001192092896, 1.0, 0.9999998807907104, 0.9999998807907104, 1.0, 1.0, 0.9999998807907104, 1.0, 1.000000238418579, 1.0000001192092896, 1.0, 1.0, 1.0000001192092896, 1.0, 1.0, 0.9999999403953552, 1.0, 1.0000001192092896, 0.9999999403953552, 0.9999998807907104]
