pdxasset (int, 2):  [1, 0]
info:
    fps (float, 1):  [24.0]
    sa (int, 1):  [85]
    j (int, 1):  [24]
    Hips:
        sa (str, 1):  ['tqs']
        t (float, 3):  [-0.02747173048555851, 4.03521728515625, 1.0934044122695923]
        q (float, 4):  [0.06556996703147888, 0.9301059246063232, -0.03401574864983559, 0.35978665947914124]
        s (float, 1):  [1.0]
    LeftUpLeg:
        sa (str, 1):  ['tqs']
        t (float, 3):  [-0.08712351322174072, -0.357186883687973, 0.555534303188324]
        q (float, 4):  [0.34696102142333984, -0.3763155937194824, 0.77847820520401, 0.36328548192977905]
        s (float, 1):  [1.0]
    LeftLeg:
        sa (str, 1):  ['tqs']
        t (float, 3):  [5.770474672317505e-06, -2.808868885040283e-06, 1.7364656925201416]
        q (float, 4):  [-0.3148525655269623, 0.054467931389808655, 0.025361426174640656, 0.9472370147705078]
        s (float, 1):  [1.0]
    LeftFoot:
        sa (str, 1):  ['tqs']
        t (float, 3):  [-3.935769200325012e-06, -2.8349459171295166e-06, 1.6212772130966187]
        q (float, 4):  [0.4201653301715851, -0.07609276473522186, 0.1450536996126175, 0.8925415277481079]
        s (float, 1):  [1.0]
    LeftToeBase:
        sa (str, 1):  ['tqs']
        t (float, 3):  [-2.873828634619713e-06, -1.1492462363094091e-05, 0.6033934950828552]
        q (float, 4):  [0.4068911373615265, 0.007954534143209457, 0.09353039413690567, 0.90864098072052]
        s (float, 1):  [1.0]
    RightUpLeg:
        sa (str, 1):  ['tqs']
        t (float, 3):  [0.04908865690231323, -0.4983299672603607, -0.4918174743652344]
        q (float, 4):  [0.6441606879234314, -0.4292946457862854, 0.38985466957092285, 0.498774915933609]
        s (float, 1):  [1.0000001192092896]
    RightLeg:
        sa (str, 1):  ['tqs']
        t (float, 3):  [-3.874301910400391e-06, 5.364418029785156e-07, 1.7200772762298584]
        q (float, 4):  [-0.3460289239883423, -0.033055629581213, -0.0078350231051445, 0.9376085996627808]
        s (float, 1):  [1.0]
    RightFoot:
        sa (str, 1):  ['tqs']
        t (float, 3):  [-3.829598426818848e-06, -2.7865171432495117e-06, 1.633895754814148]
        q (float, 4):  [0.5496869683265686, 0.10956954210996628, -0.15195848047733307, 0.8140929937362671]
        s (float, 1):  [0.9999999403953552]
    RightToeBase:
        sa (str, 1):  ['tqs']
        t (float, 3):  [6.146728992462158e-08, 7.636845111846924e-06, 0.6061095595359802]
        q (float, 4):  [0.4177025854587555, -0.005856269970536232, -0.09709769487380981, 0.9033616781234741]
        s (float, 1):  [0.9999999403953552]
    Spine02:
        sa (str, 1):  ['tqs']
        t (float, 3):  [0.03803722560405731, 0.4860990345478058, -0.06373601406812668]
        q (float, 4):  [-0.5578139424324036, -0.49575918912887573, -0.5888235569000244, 0.31040847301483154]
        s (float, 1):  [1.0]
    Spine01:
        sa (str, 1):  ['tqs']
        t (float, 3):  [4.537403583526611e-06, -7.674098014831543e-07, 0.49172914028167725]
        q (float, 4):  [-0.0536099337041378, 0.017152531072497368, -0.021186912432312965, 0.9981898069381714]
        s (float, 1):  [0.9999999403953552]
    Spine:
        sa (str, 1):  ['tqs']
        t (float, 3):  [1.341104507446289e-07, -5.811452865600586e-07, 0.49173423647880554]
        q (float, 4):  [0.030033573508262634, 0.015160037204623222, -0.013494412414729595, 0.9993428587913513]
        s (float, 1):  [1.0000001192092896]
    LeftShoulder:
        sa (str, 1):  ['tqs']
        t (float, 3):  [0.14979761838912964, -0.004515431821346283, 0.26721465587615967]
        q (float, 4):  [-0.5209138989448547, 0.35564979910850525, -0.4834614396095276, 0.6069819331169128]
        s (float, 1):  [1.0000001192092896]
    LeftArm:
        sa (str, 1):  ['tqs']
        t (float, 3):  [4.470348358154297e-08, -1.560896635055542e-06, 0.6228750944137573]
        q (float, 4):  [-0.45665931701660156, -0.30538520216941833, 0.16706761717796326, 0.8187127709388733]
        s (float, 1):  [0.9999998211860657]
    LeftForeArm:
        sa (str, 1):  ['tqs']
        t (float, 3):  [7.696449756622314e-06, -8.046627044677734e-06, 1.1016765832901]
        q (float, 4):  [0.466916561126709, -0.6086122393608093, -0.04953652620315552, 0.6396297216415405]
        s (float, 1):  [0.9999999403953552]
    LeftHand:
        sa (str, 1):  ['tqs']
        t (float, 3):  [2.9802322387695312e-08, -1.4156103134155273e-07, 0.7726442813873291]
        q (float, 4):  [0.2118416428565979, -0.22240835428237915, 0.10072053968906403, 0.9463155269622803]
        s (float, 1):  [1.0]
    RightShoulder:
        sa (str, 1):  ['tqs']
        t (float, 3):  [-0.14074429869651794, -0.019361764192581177, 0.25302785634994507]
        q (float, 4):  [-0.5229611396789551, -0.31229668855667114, 0.451023668050766, 0.6523497104644775]
        s (float, 1):  [1.0]
    RightArm:
        sa (str, 1):  ['tqs']
        t (float, 3):  [2.980232238769531e-07, -1.1324882507324219e-06, 0.5432053208351135]
        q (float, 4):  [-0.47199535369873047, 0.38937926292419434, -0.12225636839866638, 0.7814458012580872]
        s (float, 1):  [1.0]
    RightForeArm:
        sa (str, 1):  ['tqs']
        t (float, 3):  [-3.844499588012695e-06, 4.172325134277344e-06, 1.1030583381652832]
        q (float, 4):  [0.456257700920105, 0.655157744884491, 0.0082134073600173, 0.6021044850349426]
        s (float, 1):  [1.000000238418579]
    RightHand:
        sa (str, 1):  ['tqs']
        t (float, 3):  [1.1518597602844238e-05, -7.37607479095459e-06, 0.8240511417388916]
        q (float, 4):  [0.3052738308906555, 0.32079413533210754, 0.07692796736955643, 0.8932979106903076]
        s (float, 1):  [1.0000001192092896]
    neck:
        sa (str, 1):  ['tqs']
        t (float, 3):  [-0.009052649140357971, 0.023875504732131958, 0.3158420920372009]
        q (float, 4):  [0.021848361939191818, 0.03255070373415947, -0.04536880552768707, 0.9982007741928101]
        s (float, 1):  [1.0]
    Head:
        sa (str, 1):  ['tqs']
        t (float, 3):  [4.470348358154297e-08, -1.4901161193847656e-08, 0.3153615891933441]
        q (float, 4):  [-0.3339071273803711, 0.0172097310423851, -0.04617299512028694, 0.941317081451416]
        s (float, 1):  [1.0000001192092896]
    head_end:
        sa (str, 1):  ['tqs']
        t (float, 3):  [-0.0012295171618461609, -0.28040942549705505, 1.0047494173049927]
        q (float, 4):  [0.13565948605537415, -0.0005947889876551926, -5.481448539512712e-08, 0.9907553791999817]
        s (float, 1):  [1.0]
    headfront:
        sa (str, 1):  ['tqs']
        t (float, 3):  [0.0012294836342334747, 0.2804047763347626, 0.17804354429244995]
        q (float, 4):  [-0.48164692521095276, 0.002111919689923525, 2.450882874427407e-08, 0.8763628005981445]
        s (float, 1):  [0.9999999403953552]
samples:
    t (float, 6120):  [-0.02747173048555851, 4.035216331481934, 1.0934044122695923, -0.08712351322174072, -0.3571866452693939, 0.5555343627929688, 5.770474672317505e-06, -2.9280781745910645e-06, 1.736465334892273, -3.891065716743469e-06, -2.8461217880249023e-06, 1.62127685546875, -2.8847716748714447e-06, -1.1477561201900244e-05, 0.6033934950828552, 0.04908868670463562, -0.4983297288417816, -0.4918173849582672, -3.6954879760742188e-06, 4.76837158203125e-07, 1.7200775146484375, -3.859400749206543e-06, -2.7418136596679688e-06, 1.6338958740234375, 8.242204785346985e-08, 7.6070427894592285e-06, 0.6061095595359802, 0.03803722560405731, 0.4860990345478058, -0.0637359544634819, 4.507601261138916e-06, -7.674098014831543e-07, 0.49172866344451904, 8.940696716308594e-08, -7.003545761108398e-07, 0.49173423647880554, 0.14979752898216248, -0.004515193402767181, 0.26721465587615967, 2.8312206268310547e-07, -1.560896635055542e-06, 0.6228752732276917, 7.636845111846924e-06, -8.046627044677734e-06, 1.1016758680343628, 8.940696716308594e-08, -6.183981895446777e-07, 0.7726442813873291, -0.14074435830116272, -0.019361525774002075, 0.25302785634994507, 4.172325134277344e-07, -6.556510925292969e-07, 0.5432053208351135, -3.725290298461914e-06, 4.172325134277344e-06, 1.1030583381652832, 1.1518597602844238e-05, -7.37607479095459e-06, 0.8240509033203125, -0.009052731096744537, 0.02387574315071106, 0.31584256887435913, 0.0, -2.5331974029541016e-07, 0.3153615891933441, -0.0012295246124267578, -0.28040894865989685, 1.0047494173049927, 0.0012294799089431763, 0.2804052531719208, 0.17804330587387085, -0.02729697711765766, 4.036479473114014, 1.0934826135635376, -0.08712351322174072, -0.35718581080436707, 0.5555344223976135, 5.692243576049805e-06, -2.9280781745910645e-06, 1.736465334892273, -3.7373974919319153e-06, -2.8498470783233643e-06, 1.62127685546875, -2.8992071747779846e-06, -1.1493735655676574e-05, 0.6033935546875, 0.04908859729766846, -0.4983287453651428, -0.491817444562912, -3.6656856536865234e-06, 5.364418029785156e-07, 1.7200775146484375, -3.9637088775634766e-06, -2.7567148208618164e-06, 1.6338958740234375, 1.3224780559539795e-07, 7.651746273040771e-06, 0.6061096787452698, 0.03803716599941254, 0.4860997200012207, -0.06373587995767593, 4.656612873077393e-06, -7.525086402893066e-07, 0.4917297065258026, -7.450580596923828e-08, -4.76837158203125e-07, 0.4917339086532593, 0.14979755878448486, -0.004515565931797028, 0.26721373200416565, 1.043081283569336e-07, -2.2724270820617676e-06, 0.6228750944137573, 7.5623393058776855e-06, -7.405877113342285e-06, 1.1016764640808105, -1.6391277313232422e-07, 2.2351741790771484e-08, 0.7726442813873291, -0.14074432849884033, -0.01936204731464386, 0.25302714109420776, 5.140900611877441e-07, 4.917383193969727e-07, 0.5432053804397583, -3.904104232788086e-06, 4.32133674621582e-06, 1.1030570268630981, 1.1529773473739624e-05, -7.972121238708496e-06, 0.8240509629249573, -0.009052716195583344, 0.023875370621681213, 0.3158414661884308, 1.862645149230957e-07, 2.2351741790771484e-07, 0.31536078453063965, -0.0012295357882976532, -0.2804093360900879, 1.0047494173049927, 0.0012294873595237732, 0.28040438890457153, 0.178043395280838, -0.025526056066155434, 4.049280166625977, 1.094274640083313, -0.08712360262870789, -0.3571864366531372, 0.5555343627929688, 5.751848220825195e-06, -2.987682819366455e-06, 1.7364648580551147, -3.818422555923462e-06, -2.86102294921875e-06, 1.62127685546875, -2.8614886105060577e-06, -1.1460157111287117e-05, 0.6033936142921448, 0.04908853769302368, -0.49832960963249207, -0.49181753396987915, -3.6954879760742188e-06, 4.76837158203125e-07, 1.7200772762298584, -4.0531158447265625e-06, -2.950429916381836e-06, 1.6338958740234375, 1.3783574104309082e-07, 7.733702659606934e-06, 0.606109619140625, 0.038037147372961044, 0.4860987067222595, -0.06373589485883713, 4.716217517852783e-06, -5.736947059631348e-07, 0.4917292296886444, -7.450580596923828e-08, -5.364418029785156e-07, 0.49173271656036377, 0.14979755878448486, -0.004515260457992554, 0.2672136425971985, 4.023313522338867e-07, -1.3485550880432129e-06, 0.6228753328323364, 7.592141628265381e-06, -7.405877113342285e-06, 1.1016770601272583, 2.9802322387695312e-08, -5.960464477539063e-08, 0.77264404296875, -0.14074432849884033, -0.019361644983291626, 0.25302696228027344, -3.725290298461914e-08, -9.387731552124023e-07, 0.5432052612304688, -3.6954879760742188e-06, 4.082918167114258e-06, 1.1030572652816772, 1.142546534538269e-05, -7.957220077514648e-06, 0.8240513205528259, -0.009052738547325134, 0.023875519633293152, 0.3158413767814636, 1.2665987014770508e-07, -7.450580596923828e-08, 0.3153604567050934, -0.0012295134365558624, -0.28040894865989685, 1.0047491788864136, 0.0012295134365558624, 0.2804047167301178, 0.17804330587387085, -0.021557314321398735, 4.077967643737793, 1.0960499048233032, -0.08712351322174072, -0.3571859300136566, 0.5555342435836792, 5.707144737243652e-06, -2.8908252716064453e-06, 1.7364654541015625, -3.6964192986488342e-06, -2.864748239517212e-06, 1.62127685546875, -2.887565642595291e-06, -1.1418946087360382e-05, 0.6033934950828552, 0.04908865690231323, -0.498329222202301, -0.4918176233768463, -3.844499588012695e-06, 4.76837158203125e-07, 1.720077633857727, -3.993511199951172e-06, -2.8908252716064453e-06, 1.6338956356048584, 1.0477378964424133e-07, 7.711350917816162e-06, 0.6061096787452698, 0.038037095218896866, 0.48609915375709534, -0.06373611092567444, 4.589557647705078e-06, -6.556510925292969e-07, 0.49172958731651306, -4.470348358154297e-08, -6.631016731262207e-07, 0.4917333126068115, 0.1497974991798401, -0.00451524555683136, 0.26721444725990295, 4.470348358154297e-08, -1.8365681171417236e-06, 0.6228752136230469, 7.6070427894592285e-06, -7.852911949157715e-06, 1.1016768217086792, 0.0, 1.2665987014770508e-07, 0.7726439237594604, -0.14074435830116272, -0.019361525774002075, 0.25302767753601074, 5.885958671569824e-07, -2.0116567611694336e-07, 0.5432053208351135, -3.680586814880371e-06, 4.187226295471191e-06, 1.103057861328125, 1.1440366506576538e-05, -7.88271427154541e-06, 0.8240513801574707, -0.00905279815196991, 0.02387566864490509, 0.31584227085113525, 2.2351741790771484e-07, 2.384185791015625e-07, 0.3153613209724426, -0.0012294948101043701, -0.28040820360183716, 1.0047489404678345, 0.0012294799089431763, 0.2804054021835327, 0.178043395280838, -0.016550270840525627, 4.114160060882568, 1.0982894897460938, -0.08712354302406311, -0.3571859896183014, 0.5555341839790344, 5.753710865974426e-06, -2.9001384973526e-06, 1.7364656925201416, -3.8016587495803833e-06, -2.8517097234725952e-06, 1.62127685546875, -2.857297658920288e-06, -1.1442229151725769e-05, 0.6033935546875, 0.04908858239650726, -0.4983290731906891, -0.4918174743652344, -3.7848949432373047e-06, 4.172325134277344e-07, 1.7200775146484375, -3.6209821701049805e-06, -3.0249357223510742e-06, 1.6338958740234375, -6.05359673500061e-08, 7.778406143188477e-06, 0.606109619140625, 0.03803718835115433, 0.48609939217567444, -0.06373603641986847, 4.686415195465088e-06, -6.92903995513916e-07, 0.4917297959327698, 1.4901161193847656e-08, -4.76837158203125e-07, 0.4917335510253906, 0.1497974991798401, -0.004515111446380615, 0.26721400022506714, -7.450580596923828e-08, -2.425163984298706e-06, 0.6228751540184021, 7.644295692443848e-06, -7.72625207901001e-06, 1.1016770601272583, -7.450580596923828e-09, -3.0547380447387695e-07, 0.7726441621780396, -0.1407443881034851, -0.019361481070518494, 0.25302717089653015, 8.046627044677734e-07, 1.2665987014770508e-07, 0.543205201625824, -3.7103891372680664e-06, 3.904104232788086e-06, 1.1030577421188354, 1.1391937732696533e-05, -7.737427949905396e-06, 0.8240509629249573, -0.009052738547325134, 0.023875713348388672, 0.3158418536186218, 1.4901161193847656e-07, 1.341104507446289e-07, 0.3153609037399292, -0.0012295488268136978, -0.28040844202041626, 1.0047492980957031, 0.0012294147163629532, 0.2804053723812103, 0.17804355919361115, -0.011552803218364716, 4.150283336639404, 1.10052490234375, -0.08712351322174072, -0.35718658566474915, 0.5555342435836792, 5.778856575489044e-06, -3.0156224966049194e-06, 1.736465334892273, -3.824010491371155e-06, -2.857297658920288e-06, 1.6212767362594604, -2.923421561717987e-06, -1.1410564184188843e-05, 0.6033936142921448, 0.049088552594184875, -0.49832963943481445, -0.4918176531791687, -3.933906555175781e-06, 4.172325134277344e-07, 1.720077395439148, -3.7848949432373047e-06, -2.8461217880249023e-06, 1.633895993232727, -1.2759119272232056e-07, 7.644295692443848e-06, 0.606109619140625, 0.038037143647670746, 0.4860989451408386, -0.06373605877161026, 4.678964614868164e-06, -5.811452865600586e-07, 0.4917294383049011, 1.2665987014770508e-07, -4.172325134277344e-07, 0.49173328280448914, 0.1497974991798401, -0.004515491425991058, 0.26721447706222534, 2.8312206268310547e-07, -2.3245811462402344e-06, 0.6228750944137573, 7.733702659606934e-06, -7.3462724685668945e-06, 1.1016768217086792, -8.195638656616211e-08, -1.4901161193847656e-08, 0.7726438045501709, -0.1407444030046463, -0.019361644983291626, 0.25302714109420776, 3.8743019104003906e-07, -4.6193599700927734e-07, 0.5432053208351135, -3.5259872674942017e-06, 3.5017728805541992e-06, 1.1030577421188354, 1.1395663022994995e-05, -7.672235369682312e-06, 0.8240511417388916, -0.009052729234099388, 0.023875519633293152, 0.3158418834209442, 1.6391277313232422e-07, 3.8743019104003906e-07, 0.31536102294921875, -0.0012295152992010117, -0.2804099917411804, 1.0047492980957031, 0.0012294650077819824, 0.2804044783115387, 0.17804314196109772, -0.008799511939287186, 4.170185089111328, 1.1017563343048096, -0.08712351322174072, -0.3571857213973999, 0.5555342435836792, 5.774199962615967e-06, -2.950429916381836e-06, 1.7364649772644043, -3.8035213947296143e-06, -2.8870999813079834e-06, 1.62127685546875, -2.871733158826828e-06, -1.1436641216278076e-05, 0.6033934950828552, 0.049088746309280396, -0.49832919239997864, -0.4918176531791687, -3.6209821701049805e-06, 5.960464477539062e-07, 1.720077395439148, -3.7997961044311523e-06, -2.905726432800293e-06, 1.633895754814148, 4.200264811515808e-07, 7.510185241699219e-06, 0.6061095595359802, 0.03803722932934761, 0.4860997200012207, -0.06373614072799683, 4.626810550689697e-06, -6.780028343200684e-07, 0.4917296767234802, 7.078051567077637e-08, -6.854534149169922e-07, 0.49173277616500854, 0.14979742467403412, -0.0045155733823776245, 0.26721328496932983, 2.980232238769531e-07, -1.914799213409424e-06, 0.6228753328323364, 7.569789886474609e-06, -7.4729323387146e-06, 1.1016768217086792, 7.450580596923828e-08, -3.8743019104003906e-07, 0.7726438641548157, -0.14074453711509705, -0.019362151622772217, 0.2530272603034973, 2.682209014892578e-07, -1.0058283805847168e-06, 0.5432051420211792, -3.816559910774231e-06, 3.1739473342895508e-06, 1.1030584573745728, 1.1381227523088455e-05, -7.385388016700745e-06, 0.8240509629249573, -0.00905286893248558, 0.023875176906585693, 0.31584176421165466, 1.7881393432617188e-07, 1.4901161193847656e-07, 0.3153608739376068, -0.0012297015637159348, -0.2804088890552521, 1.0047491788864136, 0.0012293383479118347, 0.2804051339626312, 0.1780429631471634, -0.008136142045259476, 4.174980163574219, 1.1020530462265015, -0.08712352812290192, -0.35718637704849243, 0.555534303188324, 5.777925252914429e-06, -2.9243528842926025e-06, 1.736465334892273, -3.844499588012695e-06, -2.8014183044433594e-06, 1.6212769746780396, -2.7972273528575897e-06, -1.1477619409561157e-05, 0.6033935546875, 0.049088552594184875, -0.49832960963249207, -0.4918174743652344, -4.038214683532715e-06, 5.662441253662109e-07, 1.7200772762298584, -3.769993782043457e-06, -2.771615982055664e-06, 1.633895754814148, -4.1443854570388794e-07, 7.614493370056152e-06, 0.6061096787452698, 0.03803716599941254, 0.48609867691993713, -0.06373587995767593, 4.6193599700927734e-06, -6.48200511932373e-07, 0.49172982573509216, 4.284083843231201e-08, -6.854534149169922e-07, 0.49173325300216675, 0.14979755878448486, -0.004515215754508972, 0.2672146260738373, 2.3096799850463867e-07, -2.341344952583313e-06, 0.6228751540184021, 7.748603820800781e-06, -7.599592208862305e-06, 1.1016764640808105, 3.3527612686157227e-08, -4.470348358154297e-08, 0.7726438045501709, -0.1407443881034851, -0.01936151087284088, 0.25302720069885254, 6.705522537231445e-07, -6.92903995513916e-07, 0.5432050228118896, -3.91155481338501e-06, 3.7848949432373047e-06, 1.1030582189559937, 1.1364754755049944e-05, -7.618684321641922e-06, 0.8240509033203125, -0.009052693843841553, 0.023875504732131958, 0.3158428370952606, 1.1920928955078125e-07, 1.9371509552001953e-07, 0.3153611421585083, -0.001229606568813324, -0.28040850162506104, 1.0047492980957031, 0.0012294352054595947, 0.28040561079978943, 0.17804335057735443, -0.009534338489174843, 4.164873123168945, 1.101427674293518, -0.08712360262870789, -0.35718610882759094, 0.5555344223976135, 5.738809704780579e-06, -2.7939677238464355e-06, 1.736465334892273, -3.773719072341919e-06, -2.853572368621826e-06, 1.62127685546875, -2.8889626264572144e-06, -1.1514872312545776e-05, 0.6033936142921448, 0.04908861219882965, -0.4983294904232025, -0.4918173551559448, -3.904104232788086e-06, 5.364418029785156e-07, 1.720077633857727, -3.844499588012695e-06, -2.8442591428756714e-06, 1.6338961124420166, 2.9802322387695312e-08, 7.599592208862305e-06, 0.606109619140625, 0.03803715109825134, 0.48609933257102966, -0.06373575329780579, 4.678964614868164e-06, -9.611248970031738e-07, 0.491729736328125, 3.5390257835388184e-08, -1.9371509552001953e-07, 0.49173301458358765, 0.1497974693775177, -0.004515327513217926, 0.26721447706222534, 1.4901161193847656e-07, -1.7285346984863281e-06, 0.6228753328323364, 7.584691047668457e-06, -7.718801498413086e-06, 1.1016768217086792, 2.9802322387695312e-08, 2.384185791015625e-07, 0.7726435661315918, -0.1407444030046463, -0.019361570477485657, 0.2530272603034973, 2.2351741790771484e-07, -5.066394805908203e-07, 0.5432052612304688, -3.7848949432373047e-06, 3.5390257835388184e-06, 1.1030582189559937, 1.151912147179246e-05, -7.227936293929815e-06, 0.8240505456924438, -0.00905279815196991, 0.02387562394142151, 0.3158417046070099, 2.086162567138672e-07, 1.4901161193847656e-07, 0.315361350774765, -0.0012294594198465347, -0.2804081439971924, 1.004748821258545, 0.001229509711265564, 0.2804054021835327, 0.17804302275180817, -0.013031277805566788, 4.139596462249756, 1.0998635292053223, -0.08712346851825714, -0.3571861684322357, 0.555534303188324, 5.70627162232995e-06, -2.81335087493062e-06, 1.736465573310852, -3.777444362640381e-06, -2.823770046234131e-06, 1.62127685546875, -2.8349459171295166e-06, -1.1470168828964233e-05, 0.6033935546875, 0.04908864200115204, -0.4983293414115906, -0.49181753396987915, -4.0084123611450195e-06, 5.364418029785156e-07, 1.720077395439148, -3.7848949432373047e-06, -2.7976930141448975e-06, 1.6338961124420166, 2.323649823665619e-07, 7.5623393058776855e-06, 0.606109619140625, 0.03803722560405731, 0.48609864711761475, -0.06373593211174011, 4.7013163566589355e-06, -9.08970832824707e-07, 0.49172908067703247, -2.9802322387695312e-08, -7.450580596923828e-07, 0.491733193397522, 0.14979752898216248, -0.004515454173088074, 0.2672134339809418, 4.470348358154297e-08, -1.7601996660232544e-06, 0.6228753328323364, 7.569789886474609e-06, -8.13603401184082e-06, 1.101676344871521, -3.725290298461914e-08, 1.7881393432617188e-07, 0.77264404296875, -0.1407443732023239, -0.01936185359954834, 0.25302717089653015, 6.258487701416016e-07, -8.940696716308594e-08, 0.5432051420211792, -3.591179847717285e-06, 3.7848949432373047e-06, 1.1030572652816772, 1.143570989370346e-05, -7.218681275844574e-06, 0.8240504264831543, -0.009052738547325134, 0.023875266313552856, 0.3158419132232666, 8.940696716308594e-08, 4.470348358154297e-08, 0.31536099314689636, -0.0012293513864278793, -0.2804087996482849, 1.0047497749328613, 0.001229614019393921, 0.2804049551486969, 0.1780436635017395, -0.017154766246676445, 4.109790325164795, 1.0980191230773926, -0.08712349832057953, -0.35718655586242676, 0.555534303188324, 5.684792995452881e-06, -2.6971101760864258e-06, 1.736465334892273, -3.818422555923462e-06, -2.8014183044433594e-06, 1.6212767362594604, -2.9401853680610657e-06, -1.1458992958068848e-05, 0.6033934950828552, 0.049088746309280396, -0.49832943081855774, -0.4918176531791687, -3.859400749206543e-06, 3.8743019104003906e-07, 1.7200772762298584, -3.978610038757324e-06, -2.9206275939941406e-06, 1.6338956356048584, 1.0576331987977028e-07, 7.659196853637695e-06, 0.606109619140625, 0.038037173449993134, 0.4860990047454834, -0.06373609602451324, 4.649162292480469e-06, -7.674098014831543e-07, 0.49173054099082947, -5.774199962615967e-08, -2.384185791015625e-07, 0.49173375964164734, 0.1497974693775177, -0.004515588283538818, 0.2672139108181, 6.631016731262207e-07, -1.4249235391616821e-06, 0.6228753328323364, 7.674098014831543e-06, -7.536262273788452e-06, 1.1016768217086792, 1.4901161193847656e-07, 4.6193599700927734e-07, 0.7726437449455261, -0.1407444179058075, -0.01936185359954834, 0.2530270218849182, 4.3213367462158203e-07, -1.3709068298339844e-06, 0.5432052612304688, -3.933906555175781e-06, 3.978610038757324e-06, 1.1030585765838623, 1.1257827281951904e-05, -7.096678018569946e-06, 0.8240507245063782, -0.009052753448486328, 0.02387528121471405, 0.3158421516418457, 1.7881393432617188e-07, 2.2351741790771484e-07, 0.31536105275154114, -0.0012294426560401917, -0.2804097533226013, 1.0047492980957031, 0.0012295395135879517, 0.2804042398929596, 0.17804327607154846, -0.01988261379301548, 4.0900726318359375, 1.0967990159988403, -0.08712354302406311, -0.35718628764152527, 0.5555342435836792, 5.684792995452881e-06, -2.857297658920288e-06, 1.736465573310852, -3.948807716369629e-06, -2.86102294921875e-06, 1.62127685546875, -2.83936969935894e-06, -1.1496245861053467e-05, 0.6033935546875, 0.04908856749534607, -0.49832969903945923, -0.49181753396987915, -3.7401914596557617e-06, 5.364418029785156e-07, 1.7200778722763062, -3.978610038757324e-06, -2.9355287551879883e-06, 1.6338956356048584, -2.277083694934845e-07, 7.599592208862305e-06, 0.6061096787452698, 0.03803715109825134, 0.4860987365245819, -0.06373593211174011, 4.604458808898926e-06, -8.195638656616211e-07, 0.49172917008399963, 5.960464477539063e-08, -5.811452865600586e-07, 0.4917334020137787, 0.1497974842786789, -0.004515171051025391, 0.267214298248291, 3.2782554626464844e-07, -1.8347054719924927e-06, 0.6228753328323364, 7.539987564086914e-06, -7.029622793197632e-06, 1.1016771793365479, -1.4901161193847656e-07, -1.4901161193847656e-07, 0.7726446390151978, -0.1407443881034851, -0.01936161518096924, 0.25302740931510925, 4.172325134277344e-07, 1.862645149230957e-07, 0.543205201625824, -3.6954879760742188e-06, 3.7997961044311523e-06, 1.1030577421188354, 1.1490657925605774e-05, -7.640570402145386e-06, 0.8240509033203125, -0.009052753448486328, 0.023875683546066284, 0.31584203243255615, 8.940696716308594e-08, 2.2351741790771484e-07, 0.31536123156547546, -0.0012293923646211624, -0.28040996193885803, 1.0047491788864136, 0.001229599118232727, 0.2804040312767029, 0.17804327607154846, -0.020255379378795624, 4.08737850189209, 1.0966322422027588, -0.08712345361709595, -0.357186496257782, 0.5555342435836792, 5.735084414482117e-06, -2.820044755935669e-06, 1.7364656925201416, -3.859400749206543e-06, -2.868473529815674e-06, 1.62127685546875, -2.816319465637207e-06, -1.1432915925979614e-05, 0.6033935546875, 0.04908868670463562, -0.4983295202255249, -0.4918176829814911, -3.859400749206543e-06, 4.172325134277344e-07, 1.720077395439148, -3.978610038757324e-06, -2.868473529815674e-06, 1.633895993232727, -1.210719347000122e-08, 7.614493370056152e-06, 0.606109619140625, 0.038037244230508804, 0.4860992729663849, -0.06373604387044907, 4.775822162628174e-06, -5.885958671569824e-07, 0.4917301833629608, 2.3283064365386963e-08, -3.8743019104003906e-07, 0.4917333424091339, 0.14979735016822815, -0.004515469074249268, 0.2672138810157776, 2.384185791015625e-07, -2.2314488887786865e-06, 0.6228752136230469, 7.554888725280762e-06, -7.752329111099243e-06, 1.1016771793365479, 1.2665987014770508e-07, 3.427267074584961e-07, 0.7726439237594604, -0.14074453711509705, -0.01936192810535431, 0.25302690267562866, 6.109476089477539e-07, 4.76837158203125e-07, 0.5432053208351135, -3.606081008911133e-06, 3.7178397178649902e-06, 1.1030579805374146, 1.1406838893890381e-05, -7.703900337219238e-06, 0.8240514993667603, -0.009052880108356476, 0.0238754004240036, 0.3158418536186218, 2.086162567138672e-07, -8.940696716308594e-08, 0.3153609037399292, -0.0012294482439756393, -0.28040894865989685, 1.0047492980957031, 0.0012295246124267578, 0.2804051637649536, 0.17804335057735443, -0.018115079030394554, 4.102849006652832, 1.0975896120071411, -0.08712351322174072, -0.35718637704849243, 0.5555342435836792, 5.729496479034424e-06, -2.7939677238464355e-06, 1.7364656925201416, -3.7960708141326904e-06, -2.808868885040283e-06, 1.621276617050171, -2.8419308364391327e-06, -1.1418014764785767e-05, 0.6033936142921448, 0.04908865690231323, -0.4983295202255249, -0.4918175935745239, -4.1425228118896484e-06, 5.066394805908203e-07, 1.7200770378112793, -3.7848949432373047e-06, -2.9169023036956787e-06, 1.6338958740234375, -1.7415732145309448e-07, 7.666647434234619e-06, 0.606109619140625, 0.038037143647670746, 0.486098974943161, -0.06373611837625504, 4.678964614868164e-06, -8.791685104370117e-07, 0.491729736328125, -3.725290298461914e-08, -3.5762786865234375e-07, 0.4917334318161011, 0.14979755878448486, -0.004515141248703003, 0.26721420884132385, 4.470348358154297e-08, -1.7061829566955566e-06, 0.6228753328323364, 7.659196853637695e-06, -7.245689630508423e-06, 1.1016767024993896, 1.6391277313232422e-07, 2.9802322387695312e-08, 0.7726435661315918, -0.14074429869651794, -0.019361421465873718, 0.25302720069885254, 3.725290298461914e-07, -6.034970283508301e-07, 0.543205201625824, -3.6954879760742188e-06, 4.149973392486572e-06, 1.1030577421188354, 1.1334195733070374e-05, -7.890164852142334e-06, 0.824050784111023, -0.009052716195583344, 0.023875758051872253, 0.31584200263023376, 8.940696716308594e-08, -8.940696716308594e-08, 0.3153611421585083, -0.0012294705957174301, -0.28040874004364014, 1.0047494173049927, 0.0012295544147491455, 0.2804049849510193, 0.17804354429244995, -0.014970788732171059, 4.125576972961426, 1.0989960432052612, -0.0871235579252243, -0.3571859896183014, 0.5555341243743896, 5.709007382392883e-06, -2.8368085622787476e-06, 1.7364654541015625, -3.870576620101929e-06, -2.868473529815674e-06, 1.62127685546875, -2.718064934015274e-06, -1.1466443538665771e-05, 0.6033935546875, 0.04908859729766846, -0.4983293414115906, -0.49181750416755676, -3.5762786865234375e-06, 4.172325134277344e-07, 1.7200771570205688, -3.6656856536865234e-06, -2.8908252716064453e-06, 1.633895754814148, -1.685693860054016e-07, 7.599592208862305e-06, 0.6061096787452698, 0.038037076592445374, 0.4860990047454834, -0.06373608857393265, 4.597008228302002e-06, -8.791685104370117e-07, 0.4917301535606384, 6.05359673500061e-09, -2.086162567138672e-07, 0.4917333126068115, 0.1497974693775177, -0.004515260457992554, 0.26721417903900146, 4.246830940246582e-07, -1.6987323760986328e-06, 0.6228753328323364, 7.614493370056152e-06, -7.860362529754639e-06, 1.1016767024993896, 8.195638656616211e-08, 2.905726432800293e-07, 0.7726439833641052, -0.1407444179058075, -0.019361749291419983, 0.2530278265476227, 2.3096799850463867e-07, -1.4007091522216797e-06, 0.5432053208351135, -3.680586814880371e-06, 3.933906555175781e-06, 1.1030572652816772, 1.1481344699859619e-05, -7.931143045425415e-06, 0.8240512013435364, -0.00905279815196991, 0.02387559413909912, 0.3158420920372009, 5.960464477539063e-08, -1.6391277313232422e-07, 0.3153606653213501, -0.0012295134365558624, -0.2804092764854431, 1.0047496557235718, 0.0012294352054595947, 0.2804047763347626, 0.17804357409477234, -0.012341316789388657, 4.144583702087402, 1.1001721620559692, -0.08712346851825714, -0.3571857511997223, 0.5555344223976135, 5.693873390555382e-06, -2.8978101909160614e-06, 1.736465334892273, -3.868713974952698e-06, -2.8498470783233643e-06, 1.62127685546875, -2.882443368434906e-06, -1.146271824836731e-05, 0.6033935546875, 0.04908859729766846, -0.4983292818069458, -0.49181732535362244, -3.7103891372680664e-06, 3.2782554626464844e-07, 1.7200772762298584, -3.874301910400391e-06, -2.808868885040283e-06, 1.6338958740234375, -1.043081283569336e-07, 7.614493370056152e-06, 0.6061096787452698, 0.038037218153476715, 0.4860994815826416, -0.06373584270477295, 4.738569259643555e-06, -1.043081283569336e-06, 0.4917300343513489, 5.494803190231323e-08, -2.8312206268310547e-07, 0.491733193397522, 0.14979752898216248, -0.0045150890946388245, 0.26721426844596863, 6.705522537231445e-08, -1.5497207641601562e-06, 0.6228752136230469, 7.674098014831543e-06, -7.3462724685668945e-06, 1.1016772985458374, -2.2351741790771484e-08, -5.960464477539062e-07, 0.7726442813873291, -0.14074429869651794, -0.019361406564712524, 0.25302714109420776, 5.811452865600586e-07, -5.62518835067749e-07, 0.5432051420211792, -3.859400749206543e-06, 4.0978193283081055e-06, 1.1030582189559937, 1.109391450881958e-05, -7.443130016326904e-06, 0.8240504860877991, -0.009052671492099762, 0.023875832557678223, 0.31584200263023376, 1.4901161193847656e-07, 1.043081283569336e-07, 0.31536179780960083, -0.0012293545296415687, -0.28040802478790283, 1.0047495365142822, 0.0012296289205551147, 0.28040555119514465, 0.17804349958896637, -0.010885119438171387, 4.155109405517578, 1.1008235216140747, -0.08712345361709595, -0.3571864664554596, 0.5555342435836792, 5.804933607578278e-06, -2.989545464515686e-06, 1.7364654541015625, -3.895722329616547e-06, -2.913177013397217e-06, 1.6212772130966187, -2.960674464702606e-06, -1.1481344699859619e-05, 0.6033935546875, 0.04908864200115204, -0.4983299672603607, -0.4918176233768463, -3.844499588012695e-06, 3.5762786865234375e-07, 1.7200775146484375, -3.7997961044311523e-06, -2.8312206268310547e-06, 1.633895993232727, 1.825392246246338e-07, 7.554888725280762e-06, 0.606109619140625, 0.03803712874650955, 0.4860985577106476, -0.06373611092567444, 4.7013163566589355e-06, -1.0058283805847168e-06, 0.49173009395599365, -9.313225746154785e-08, -4.023313522338867e-07, 0.49173349142074585, 0.14979763329029083, -0.004515059292316437, 0.26721370220184326, 3.8743019104003906e-07, -2.0526349544525146e-06, 0.6228753924369812, 7.711350917816162e-06, -7.972121238708496e-06, 1.1016772985458374, 1.4901161193847656e-08, -6.258487701416016e-07, 0.7726441621780396, -0.1407441943883896, -0.019361361861228943, 0.2530270516872406, 5.587935447692871e-07, -1.0468065738677979e-06, 0.5432053208351135, -3.948807716369629e-06, 3.919005393981934e-06, 1.1030582189559937, 1.1641532182693481e-05, -8.07642936706543e-06, 0.824051022529602, -0.009052619338035583, 0.023875758051872253, 0.3158421516418457, 2.086162567138672e-07, 7.450580596923828e-08, 0.3153610825538635, -0.0012292983010411263, -0.28040897846221924, 1.0047491788864136, 0.0012296438217163086, 0.2804049849510193, 0.17804327607154846, -0.011404994875192642, 4.151351451873779, 1.1005909442901611, -0.08712346851825714, -0.357186496257782, 0.555534303188324, 5.774898454546928e-06, -2.93925404548645e-06, 1.736465334892273, -3.868044586852193e-06, -2.8740614652633667e-06, 1.621277093887329, -2.8584618121385574e-06, -1.1449679732322693e-05, 0.6033934950828552, 0.049088701605796814, -0.49832993745803833, -0.49181750416755676, -3.814697265625e-06, 6.854534149169922e-07, 1.7200775146484375, -3.814697265625e-06, -2.8908252716064453e-06, 1.633895993232727, 1.2759119272232056e-07, 7.644295692443848e-06, 0.6061096787452698, 0.038037095218896866, 0.48609867691993713, -0.06373611092567444, 4.723668098449707e-06, -1.0132789611816406e-06, 0.49173036217689514, -1.1175870895385742e-07, 9.685754776000977e-08, 0.4917331337928772, 0.1497974991798401, -0.004515983164310455, 0.26721400022506714, -6.705522537231445e-08, -2.2407621145248413e-06, 0.6228752136230469, 7.763504981994629e-06, -7.7858567237854e-06, 1.1016770601272583, 2.1606683731079102e-07, 5.401670932769775e-07, 0.7726441621780396, -0.14074435830116272, -0.01936216652393341, 0.2530265748500824, 4.023313522338867e-07, -2.3469328880310059e-07, 0.5432053208351135, -3.777444362640381e-06, 3.9637088775634766e-06, 1.103057861328125, 1.1671334505081177e-05, -7.927417755126953e-06, 0.824050784111023, -0.00905279815196991, 0.02387496829032898, 0.3158418536186218, 1.4901161193847656e-07, 1.4901161193847656e-08, 0.31536146998405457, -0.0012293606996536255, -0.2804083526134491, 1.0047495365142822, 0.0012296363711357117, 0.28040561079978943, 0.17804349958896637, -0.014324510470032692, 4.130248546600342, 1.0992851257324219, -0.08712363243103027, -0.35718628764152527, 0.5555343627929688, 5.7229772210121155e-06, -2.866610884666443e-06, 1.736465334892273, -3.7830322980880737e-06, -2.862885594367981e-06, 1.621277093887329, -2.8640497475862503e-06, -1.1506490409374237e-05, 0.6033935546875, 0.04908858239650726, -0.4983295202255249, -0.4918173849582672, -3.7550926208496094e-06, 6.854534149169922e-07, 1.7200771570205688, -3.7401914596557617e-06, -2.8014183044433594e-06, 1.633895993232727, 1.955777406692505e-08, 7.584691047668457e-06, 0.606109619140625, 0.03803712874650955, 0.48609891533851624, -0.06373583525419235, 4.67151403427124e-06, -1.0654330253601074e-06, 0.49172958731651306, 9.685754776000977e-08, -4.6938657760620117e-07, 0.4917339086532593, 0.14979760348796844, -0.00451543927192688, 0.26721370220184326, 7.450580596923828e-07, -2.201646566390991e-06, 0.622875452041626, 7.554888725280762e-06, -7.770955562591553e-06, 1.1016762256622314, -2.7567148208618164e-07, -1.4528632164001465e-07, 0.7726439833641052, -0.14074429869651794, -0.019362032413482666, 0.25302720069885254, 4.842877388000488e-07, -5.029141902923584e-07, 0.5432053804397583, -3.6656856536865234e-06, 3.896653652191162e-06, 1.1030577421188354, 1.1369585990905762e-05, -7.696449756622314e-06, 0.8240511417388916, -0.009052634239196777, 0.023875325918197632, 0.31584179401397705, 1.7881393432617188e-07, 2.9802322387695312e-08, 0.3153614401817322, -0.0012294761836528778, -0.2804095447063446, 1.0047492980957031, 0.0012294575572013855, 0.2804039716720581, 0.17804387211799622, -0.018757907673716545, 4.098202705383301, 1.0973020792007446, -0.08712346851825714, -0.3571861982345581, 0.5555343627929688, 5.7462602853775024e-06, -2.7865171432495117e-06, 1.7364649772644043, -3.890134394168854e-06, -2.8759241104125977e-06, 1.621277093887329, -2.8186477720737457e-06, -1.1445488780736923e-05, 0.6033935546875, 0.04908864200115204, -0.4983294904232025, -0.4918174147605896, -4.023313522338867e-06, 5.066394805908203e-07, 1.720077395439148, -3.680586814880371e-06, -2.682209014892578e-06, 1.6338961124420166, 2.980232238769531e-07, 7.748603820800781e-06, 0.606109619140625, 0.038037169724702835, 0.48609933257102966, -0.06373593956232071, 4.788162186741829e-06, -9.164214134216309e-07, 0.49173030257225037, -4.470348358154297e-08, -1.341104507446289e-07, 0.4917334020137787, 0.1497974991798401, -0.004515491425991058, 0.2672138810157776, 3.129243850708008e-07, -1.5813857316970825e-06, 0.6228752732276917, 7.756054401397705e-06, -7.644295692443848e-06, 1.1016769409179688, -1.4901161193847656e-07, -4.4330954551696777e-07, 0.7726438641548157, -0.14074435830116272, -0.01936177909374237, 0.2530273497104645, -2.2351741790771484e-08, -2.300366759300232e-07, 0.5432052612304688, -3.829598426818848e-06, 3.844499588012695e-06, 1.103058099746704, 1.150369644165039e-05, -7.927417755126953e-06, 0.8240506649017334, -0.009052768349647522, 0.023875385522842407, 0.31584203243255615, 2.9802322387695312e-08, -1.9371509552001953e-07, 0.3153613209724426, -0.0012294091284275055, -0.2804090678691864, 1.0047495365142822, 0.0012295916676521301, 0.2804049551486969, 0.17804327607154846, -0.0238046832382679, 4.061722755432129, 1.0950446128845215, -0.08712351322174072, -0.3571862280368805, 0.555534303188324, 5.751848220825195e-06, -2.779066562652588e-06, 1.736465573310852, -3.7960708141326904e-06, -2.868473529815674e-06, 1.6212767362594604, -2.993154339492321e-06, -1.1434778571128845e-05, 0.6033935546875, 0.049088746309280396, -0.49832969903945923, -0.49181750416755676, -3.606081008911133e-06, 4.76837158203125e-07, 1.720077395439148, -3.829598426818848e-06, -2.8312206268310547e-06, 1.6338958740234375, -3.0547380447387695e-07, 7.68899917602539e-06, 0.6061096787452698, 0.03803729638457298, 0.48609909415245056, -0.06373600661754608, 4.606321454048157e-06, -6.370246410369873e-07, 0.4917295575141907, 1.2293457984924316e-07, -3.5762786865234375e-07, 0.49173322319984436, 0.14979737997055054, -0.004515312612056732, 0.2672138810157776, 3.203749656677246e-07, -2.736225724220276e-06, 0.6228750348091125, 7.614493370056152e-06, -7.428228855133057e-06, 1.1016765832901, 1.7136335372924805e-07, -2.4586915969848633e-07, 0.77264404296875, -0.14074447751045227, -0.019361555576324463, 0.2530267834663391, 2.421438694000244e-08, -1.248437911272049e-06, 0.543205201625824, -3.9637088775634766e-06, 3.6209821701049805e-06, 1.1030579805374146, 1.1451542377471924e-05, -7.659196853637695e-06, 0.8240506649017334, -0.009052827954292297, 0.023875609040260315, 0.31584104895591736, 1.341104507446289e-07, -1.7881393432617188e-07, 0.3153610825538635, -0.0012296289205551147, -0.2804093062877655, 1.004749059677124, 0.00122939795255661, 0.2804052233695984, 0.178042933344841, -0.027621032670140266, 4.03413724899292, 1.0933376550674438, -0.08712343871593475, -0.35718604922294617, 0.5555343627929688, 5.7853758335113525e-06, -3.0025839805603027e-06, 1.736465334892273, -3.926455974578857e-06, -2.859160304069519e-06, 1.6212767362594604, -2.741580829024315e-06, -1.1458992958068848e-05, 0.6033934950828552, 0.04908877611160278, -0.49832940101623535, -0.4918174743652344, -3.6954879760742188e-06, 5.066394805908203e-07, 1.720077633857727, -3.546476364135742e-06, -2.8014183044433594e-06, 1.6338961124420166, 3.5855919122695923e-07, 7.659196853637695e-06, 0.606109619140625, 0.0380372479557991, 0.4860992729663849, -0.0637359693646431, 4.7013163566589355e-06, -8.791685104370117e-07, 0.4917300343513489, -4.842877388000488e-08, -4.172325134277344e-07, 0.491733193397522, 0.1497974395751953, -0.004515200853347778, 0.26721417903900146, 2.0116567611694336e-07, -2.8815120458602905e-06, 0.6228752136230469, 7.554888725280762e-06, -7.91996717453003e-06, 1.1016767024993896, -2.2351741790771484e-08, -1.564621925354004e-07, 0.7726444602012634, -0.14074444770812988, -0.019361630082130432, 0.25302714109420776, 2.5331974029541016e-07, -5.532056093215942e-07, 0.5432052612304688, -3.6656856536865234e-06, 3.6731362342834473e-06, 1.103057622909546, 1.1622905731201172e-05, -7.62939453125e-06, 0.8240509629249573, -0.009052835404872894, 0.023875653743743896, 0.3158421814441681, 1.043081283569336e-07, 2.086162567138672e-07, 0.3153612017631531, -0.0012293718755245209, -0.28040918707847595, 1.0047496557235718, 0.0012295693159103394, 0.2804051637649536, 0.17804354429244995, -0.02885090745985508, 4.025247097015381, 1.092787504196167, -0.0871235728263855, -0.35718634724617004, 0.5555342435836792, 5.662441253662109e-06, -2.779066562652588e-06, 1.7364659309387207, -3.773719072341919e-06, -2.8368085622787476e-06, 1.62127685546875, -2.8474023565649986e-06, -1.1488795280456543e-05, 0.6033936142921448, 0.04908865690231323, -0.49832943081855774, -0.4918176531791687, -3.814697265625e-06, 2.980232238769531e-07, 1.720077633857727, -3.874301910400391e-06, -2.8312206268310547e-06, 1.633895754814148, -5.587935447692871e-09, 7.666647434234619e-06, 0.6061095595359802, 0.038037221878767014, 0.48609933257102966, -0.06373602151870728, 4.738569259643555e-06, -1.1026859283447266e-06, 0.4917299151420593, 2.9802322387695312e-08, -7.599592208862305e-07, 0.49173274636268616, 0.1497974693775177, -0.004515390843153, 0.2672134041786194, 5.811452865600586e-07, -2.2202730178833008e-06, 0.6228752136230469, 7.6070427894592285e-06, -7.97957181930542e-06, 1.101676106452942, -2.1606683731079102e-07, -5.289912223815918e-07, 0.7726439833641052, -0.14074435830116272, -0.019361793994903564, 0.25302696228027344, 4.0978193283081055e-07, -4.6938657760620117e-07, 0.543205201625824, -3.7848949432373047e-06, 3.7364661693573e-06, 1.103058099746704, 1.1458992958068848e-05, -7.62939453125e-06, 0.8240514397621155, -0.009052745997905731, 0.023875348269939423, 0.31584152579307556, 1.043081283569336e-07, 2.8312206268310547e-07, 0.31536152958869934, -0.0012293942272663116, -0.2804081439971924, 1.0047496557235718, 0.0012295767664909363, 0.2804049849510193, 0.17804396152496338, -0.028018133714795113, 4.031266689300537, 1.0931600332260132, -0.08712348341941833, -0.3571859300136566, 0.5555342435836792, 5.707144737243652e-06, -2.7865171432495117e-06, 1.736465334892273, -3.896653652191162e-06, -2.868473529815674e-06, 1.62127685546875, -2.825123374350369e-06, -1.15223228931427e-05, 0.6033935546875, 0.049088627099990845, -0.49832940101623535, -0.49181756377220154, -3.814697265625e-06, 2.682209014892578e-07, 1.7200772762298584, -3.7848949432373047e-06, -2.8312206268310547e-06, 1.633895754814148, -8.521601557731628e-08, 7.703900337219238e-06, 0.6061096787452698, 0.038037143647670746, 0.4860994219779968, -0.06373611837625504, 4.5746564865112305e-06, -8.977949619293213e-07, 0.49173006415367126, 1.4901161193847656e-08, -6.109476089477539e-07, 0.4917338192462921, 0.14979752898216248, -0.004515625536441803, 0.2672135829925537, 2.2351741790771484e-07, -1.1567026376724243e-06, 0.6228753328323364, 7.547438144683838e-06, -7.696449756622314e-06, 1.1016772985458374, 3.725290298461914e-08, -8.940696716308594e-08, 0.7726442813873291, -0.1407443732023239, -0.019361913204193115, 0.2530266344547272, 6.854534149169922e-07, -5.848705768585205e-07, 0.5432053208351135, -4.0978193283081055e-06, 3.516674041748047e-06, 1.1030584573745728, 1.1578202247619629e-05, -7.748603820800781e-06, 0.8240513801574707, -0.009052753448486328, 0.023875243961811066, 0.3158411383628845, 1.7136335372924805e-07, 3.725290298461914e-08, 0.3153614401817322, -0.001229562796652317, -0.28040799498558044, 1.004749059677124, 0.0012294426560401917, 0.2804057002067566, 0.17804312705993652, -0.025422850623726845, 4.0500264167785645, 1.0943208932876587, -0.08712352812290192, -0.3571859300136566, 0.555534303188324, 5.690380930900574e-06, -2.9355287551879883e-06, 1.7364654541015625, -3.85800376534462e-06, -2.868473529815674e-06, 1.62127685546875, -2.923887223005295e-06, -1.1466443538665771e-05, 0.6033935546875, 0.04908856749534607, -0.4983295500278473, -0.4918174743652344, -3.7550926208496094e-06, 5.960464477539062e-07, 1.7200772762298584, -3.904104232788086e-06, -2.8312206268310547e-06, 1.633895993232727, 2.691522240638733e-07, 7.577240467071533e-06, 0.606109619140625, 0.03803713992238045, 0.48609861731529236, -0.06373585015535355, 4.664063453674316e-06, -1.3262033462524414e-06, 0.4917305111885071, -2.9802322387695312e-08, -1.1175870895385742e-07, 0.4917336404323578, 0.1497974395751953, -0.004515007138252258, 0.2672134041786194, 1.1920928955078125e-07, -2.5238841772079468e-06, 0.6228752732276917, 7.703900337219238e-06, -7.62939453125e-06, 1.101677656173706, -8.940696716308594e-08, -2.980232238769531e-07, 0.7726438045501709, -0.1407443881034851, -0.019361451268196106, 0.2530268728733063, 4.6193599700927734e-07, -5.140900611877441e-07, 0.543205201625824, -3.6079436540603638e-06, 3.92599031329155e-06, 1.1030575037002563, 1.1622905731201172e-05, -7.599592208862305e-06, 0.8240505456924438, -0.009052753448486328, 0.023875832557678223, 0.3158417344093323, 1.1920928955078125e-07, -6.705522537231445e-08, 0.3153611719608307, -0.0012294198386371136, -0.2804088890552521, 1.0047489404678345, 0.0012295078486204147, 0.28040462732315063, 0.17804314196109772, -0.02257174253463745, 4.070634841918945, 1.0955960750579834, -0.08712336421012878, -0.35718628764152527, 0.5555344820022583, 5.776062607765198e-06, -3.0063092708587646e-06, 1.7364648580551147, -3.967899829149246e-06, -2.8489157557487488e-06, 1.6212772130966187, -2.8891954571008682e-06, -1.1436641216278076e-05, 0.6033934950828552, 0.04908876121044159, -0.4983297884464264, -0.4918173551559448, -3.844499588012695e-06, 5.364418029785156e-07, 1.7200771570205688, -3.7550926208496094e-06, -2.86102294921875e-06, 1.633895993232727, 2.5564804673194885e-07, 7.614493370056152e-06, 0.606109619140625, 0.03803730010986328, 0.48609915375709534, -0.06373591721057892, 4.634261131286621e-06, -7.227063179016113e-07, 0.49172917008399963, -2.9802322387695312e-08, -3.725290298461914e-07, 0.4917334318161011, 0.1497974693775177, -0.004515383392572403, 0.2672139108181, 2.9802322387695312e-08, -1.7527490854263306e-06, 0.6228753328323364, 7.756054401397705e-06, -8.016824722290039e-06, 1.1016759872436523, -1.4901161193847656e-08, 1.6391277313232422e-07, 0.7726439237594604, -0.14074450731277466, -0.019361495971679688, 0.25302666425704956, 2.086162567138672e-07, -5.289912223815918e-07, 0.5432052612304688, -4.16487455368042e-06, 3.807246685028076e-06, 1.1030582189559937, 1.1563301086425781e-05, -7.539987564086914e-06, 0.8240507245063782, -0.009052850306034088, 0.023875653743743896, 0.3158411383628845, 1.564621925354004e-07, 1.30385160446167e-07, 0.31536099314689636, -0.0012295274063944817, -0.2804085612297058, 1.0047485828399658, 0.0012295171618461609, 0.28040510416030884, 0.17804288864135742, -0.022679602727293968, 4.069855213165283, 1.0955479145050049, -0.08712354302406311, -0.3571861684322357, 0.5555343627929688, 5.819834768772125e-06, -3.0249357223510742e-06, 1.7364648580551147, -3.850087523460388e-06, -2.8386712074279785e-06, 1.6212767362594604, -2.87545844912529e-06, -1.1486932635307312e-05, 0.6033934950828552, 0.04908865690231323, -0.49832969903945923, -0.4918174147605896, -3.725290298461914e-06, 4.023313522338867e-07, 1.720077395439148, -3.7401914596557617e-06, -2.8461217880249023e-06, 1.633895754814148, -1.0803341865539551e-07, 7.636845111846924e-06, 0.6061095595359802, 0.03803715854883194, 0.48609885573387146, -0.06373590230941772, 4.693865776062012e-06, -6.92903995513916e-07, 0.4917297065258026, -7.450580596923828e-08, -3.6135315895080566e-07, 0.4917325973510742, 0.14979754388332367, -0.004515361040830612, 0.26721417903900146, 1.7136335372924805e-07, -2.059154212474823e-06, 0.6228750348091125, 7.82310962677002e-06, -7.972121238708496e-06, 1.1016767024993896, -1.564621925354004e-07, -1.1920928955078125e-07, 0.7726444005966187, -0.1407443881034851, -0.019361741840839386, 0.25302746891975403, 4.76837158203125e-07, 3.725290298461914e-08, 0.543205201625824, -3.732740879058838e-06, 3.170222043991089e-06, 1.103057622909546, 1.1399388313293457e-05, -7.584691047668457e-06, 0.824051022529602, -0.009052813053131104, 0.02387552708387375, 0.3158418834209442, 9.685754776000977e-08, -9.313225746154785e-08, 0.3153611719608307, -0.0012295227497816086, -0.2804085612297058, 1.004749059677124, 0.0012294556945562363, 0.28040528297424316, 0.17804312705993652, -0.026743950322270393, 4.0404767990112305, 1.0937299728393555, -0.08712363243103027, -0.35718628764152527, 0.5555343627929688, 5.741138011217117e-06, -2.868473529815674e-06, 1.736465334892273, -3.859400749206543e-06, -2.86102294921875e-06, 1.62127685546875, -2.8437934815883636e-06, -1.1488795280456543e-05, 0.6033935546875, 0.04908853769302368, -0.49832937121391296, -0.4918173849582672, -3.6656856536865234e-06, 4.023313522338867e-07, 1.720077633857727, -3.680586814880371e-06, -2.8908252716064453e-06, 1.6338958740234375, -3.771856427192688e-08, 7.718801498413086e-06, 0.606109619140625, 0.038037076592445374, 0.48609915375709534, -0.0637359619140625, 4.664063453674316e-06, -7.040798664093018e-07, 0.49172934889793396, -4.470348358154297e-08, -3.688037395477295e-07, 0.49173301458358765, 0.1497974842786789, -0.004515387117862701, 0.2672143578529358, -2.2351741790771484e-08, -1.8700957298278809e-06, 0.6228755712509155, 7.748603820800781e-06, -7.5623393058776855e-06, 1.1016771793365479, -8.195638656616211e-08, 3.0547380447387695e-07, 0.7726443409919739, -0.1407444179058075, -0.019361674785614014, 0.25302693247795105, 4.246830940246582e-07, -8.456408977508545e-07, 0.5432053804397583, -3.6247074604034424e-06, 3.378838300704956e-06, 1.1030577421188354, 1.1388212442398071e-05, -7.703900337219238e-06, 0.8240509033203125, -0.009052753448486328, 0.023875590413808823, 0.315841943025589, 1.0058283805847168e-07, 4.284083843231201e-08, 0.31536075472831726, -0.001229570247232914, -0.2804088890552521, 1.0047485828399658, 0.001229449175298214, 0.28040507435798645, 0.1780429482460022, -0.03483497351408005, 3.981992721557617, 1.0901108980178833, -0.08712342381477356, -0.35718637704849243, 0.555534303188324, 5.797483026981354e-06, -2.767890691757202e-06, 1.7364656925201416, -3.6656856536865234e-06, -2.808868885040283e-06, 1.6212764978408813, -2.8391368687152863e-06, -1.1414289474487305e-05, 0.6033935546875, 0.04908868670463562, -0.49832963943481445, -0.49181750416755676, -3.5762786865234375e-06, 4.6938657760620117e-07, 1.720077633857727, -3.382563591003418e-06, -2.86102294921875e-06, 1.6338958740234375, 1.6333069652318954e-07, 7.666647434234619e-06, 0.6061095595359802, 0.03803717717528343, 0.4860989451408386, -0.06373600661754608, 4.634261131286621e-06, -8.270144462585449e-07, 0.4917299151420593, -3.725290298461914e-08, -4.4330954551696777e-07, 0.49173393845558167, 0.14979752898216248, -0.004515565931797028, 0.2672136425971985, 5.289912223815918e-07, -1.2740492820739746e-06, 0.6228760480880737, 7.700175046920776e-06, -7.208436727523804e-06, 1.1016772985458374, 1.4528632164001465e-07, 5.960464477539063e-08, 0.7726441025733948, -0.1407443881034851, -0.019361726939678192, 0.2530268132686615, 5.960464477539062e-07, -2.384185791015625e-07, 0.543205201625824, -3.5744160413742065e-06, 3.4850090742111206e-06, 1.103057861328125, 1.1414289474487305e-05, -7.674098014831543e-06, 0.8240509033203125, -0.009052693843841553, 0.02387540601193905, 0.3158418536186218, 1.9744038581848145e-07, -5.774199962615967e-08, 0.315360963344574, -0.0012295916676521301, -0.280408650636673, 1.0047492980957031, 0.0012294091284275055, 0.28040504455566406, 0.17804336547851562, -0.04406394436955452, 3.915282726287842, 1.0859827995300293, -0.0871235579252243, -0.35718631744384766, 0.5555344223976135, 5.735084414482117e-06, -2.7418136596679688e-06, 1.736465573310852, -3.919005393981934e-06, -2.8870999813079834e-06, 1.6212769746780396, -2.7744099497795105e-06, -1.1440366506576538e-05, 0.6033936142921448, 0.04908861219882965, -0.4983295500278473, -0.49181750416755676, -3.6954879760742188e-06, 5.029141902923584e-07, 1.7200775146484375, -3.7997961044311523e-06, -2.9206275939941406e-06, 1.6338961124420166, 2.784654498100281e-07, 7.644295692443848e-06, 0.6061096787452698, 0.03803716227412224, 0.4860994815826416, -0.06373590975999832, 4.842877388000488e-06, -8.23289155960083e-07, 0.49173036217689514, -7.450580596923828e-09, -5.178153514862061e-07, 0.4917343258857727, 0.1497974991798401, -0.004515497013926506, 0.26721370220184326, 3.7997961044311523e-07, -1.7955899238586426e-06, 0.6228745579719543, 7.845461368560791e-06, -8.307397365570068e-06, 1.1016767024993896, -8.195638656616211e-08, 6.556510925292969e-07, 0.772643506526947, -0.14074453711509705, -0.01936175301671028, 0.25302648544311523, 3.166496753692627e-07, 7.450580596923828e-08, 0.5432052612304688, -3.723427653312683e-06, 3.7979334592819214e-06, 1.1030575037002563, 1.1436641216278076e-05, -7.640570402145386e-06, 0.8240507245063782, -0.009052801877260208, 0.023875435814261436, 0.315841406583786, 1.1920928955078125e-07, -5.681067705154419e-08, 0.3153612017631531, -0.0012295395135879517, -0.2804093062877655, 1.0047492980957031, 0.0012294277548789978, 0.28040456771850586, 0.1780426800251007, -0.050300903618335724, 3.8701999187469482, 1.083193063735962, -0.08712343871593475, -0.3571864664554596, 0.555534303188324, 5.729496479034424e-06, -2.779066562652588e-06, 1.736465334892273, -3.829598426818848e-06, -2.909451723098755e-06, 1.621277093887329, -2.869870513677597e-06, -1.1476688086986542e-05, 0.6033935546875, 0.04908876121044159, -0.4983295500278473, -0.4918174743652344, -3.7848949432373047e-06, 2.980232238769531e-07, 1.720077395439148, -4.038214683532715e-06, -2.8759241104125977e-06, 1.633895993232727, 5.2619725465774536e-08, 7.681548595428467e-06, 0.6061096787452698, 0.038037143647670746, 0.4860989451408386, -0.06373600661754608, 4.753470420837402e-06, -9.164214134216309e-07, 0.49173009395599365, -7.450580596923828e-09, -5.513429641723633e-07, 0.49173420667648315, 0.1497974693775177, -0.004515420645475388, 0.2672138214111328, 3.0547380447387695e-07, -1.6242265701293945e-06, 0.6228747963905334, 7.458031177520752e-06, -7.506459951400757e-06, 1.1016767024993896, -3.725290298461914e-08, -2.384185791015625e-07, 0.7726443409919739, -0.14074429869651794, -0.01936177909374237, 0.2530270218849182, 5.364418029785156e-07, -2.086162567138672e-07, 0.5432053208351135, -3.635883331298828e-06, 4.1387975215911865e-06, 1.103057622909546, 1.1533498764038086e-05, -7.621943950653076e-06, 0.824050784111023, -0.009052641689777374, 0.023875392973423004, 0.3158414959907532, 1.862645149230957e-07, -1.5087425708770752e-07, 0.3153609037399292, -0.001229703426361084, -0.28040871024131775, 1.0047484636306763, 0.0012292861938476562, 0.2804051637649536, 0.17804259061813354, -0.056444186717271805, 3.8257944583892822, 1.0804451704025269, -0.08712346851825714, -0.3571859896183014, 0.555534303188324, 5.695968866348267e-06, -2.8386712074279785e-06, 1.7364652156829834, -3.851950168609619e-06, -2.7865171432495117e-06, 1.6212767362594604, -2.898275852203369e-06, -1.1419877409934998e-05, 0.6033936142921448, 0.04908868670463562, -0.4983292818069458, -0.491817444562912, -4.0531158447265625e-06, 3.5762786865234375e-07, 1.7200777530670166, -4.231929779052734e-06, -2.7865171432495117e-06, 1.6338958740234375, -3.9208680391311646e-07, 7.670372724533081e-06, 0.6061094999313354, 0.03803711012005806, 0.4860994219779968, -0.06373599171638489, 4.4852495193481445e-06, -7.995404303073883e-07, 0.49173012375831604, 1.4901161193847656e-08, -4.842877388000488e-07, 0.49173420667648315, 0.14979764819145203, -0.004515688866376877, 0.26721349358558655, 1.7881393432617188e-07, -1.564621925354004e-06, 0.6228743195533752, 7.7858567237854e-06, -7.383525371551514e-06, 1.1016768217086792, -1.2665987014770508e-07, 2.384185791015625e-07, 0.7726435661315918, -0.14074426889419556, -0.01936180144548416, 0.2530270218849182, 2.682209014892578e-07, -8.195638656616211e-07, 0.5432051420211792, -3.4570693969726562e-06, 4.06801700592041e-06, 1.103057861328125, 1.1473894119262695e-05, -7.515773177146912e-06, 0.8240513205528259, -0.009052619338035583, 0.023875344544649124, 0.31584182381629944, 9.313225746154785e-08, 4.842877388000488e-08, 0.3153607249259949, -0.0012292787432670593, -0.2804090082645416, 1.0047500133514404, 0.0012297183275222778, 0.28040507435798645, 0.17804384231567383, -0.06290680915117264, 3.779080629348755, 1.07755446434021, -0.08712360262870789, -0.35718652606010437, 0.5555343627929688, 5.7443976402282715e-06, -2.868473529815674e-06, 1.7364650964736938, -3.814697265625e-06, -2.816319465637207e-06, 1.62127685546875, -2.8758076950907707e-06, -1.1431053280830383e-05, 0.6033936738967896, 0.04908853769302368, -0.49832969903945923, -0.491817444562912, -3.993511199951172e-06, 4.76837158203125e-07, 1.7200775146484375, -3.859400749206543e-06, -2.808868885040283e-06, 1.633895754814148, 9.173527359962463e-08, 7.614493370056152e-06, 0.6061096787452698, 0.038037076592445374, 0.4860989451408386, -0.0637359768152237, 4.51505184173584e-06, -7.897615432739258e-07, 0.4917296767234802, -1.4901161193847656e-08, -3.390014171600342e-07, 0.4917333424091339, 0.14979740977287292, -0.004515461623668671, 0.2672138810157776, 5.21540641784668e-07, -1.6987323760986328e-06, 0.6228748559951782, 7.6070427894592285e-06, -7.178634405136108e-06, 1.1016770601272583, 2.3096799850463867e-07, 1.7881393432617188e-07, 0.7726442217826843, -0.14074444770812988, -0.019361764192581177, 0.2530274987220764, 6.258487701416016e-07, -4.470348358154297e-07, 0.5432053208351135, -4.254281520843506e-06, 3.889203071594238e-06, 1.1030582189559937, 1.1473894119262695e-05, -7.60052353143692e-06, 0.8240508437156677, -0.009052678942680359, 0.023875631392002106, 0.3158423900604248, 2.0116567611694336e-07, -2.086162567138672e-07, 0.3153609037399292, -0.0012294109910726547, -0.28040850162506104, 1.0047497749328613, 0.0012295246124267578, 0.2804052233695984, 0.17804375290870667, -0.0682969018816948, 3.740119218826294, 1.0751434564590454, -0.08712351322174072, -0.3571867346763611, 0.5555343627929688, 5.729496479034424e-06, -2.9169023036956787e-06, 1.7364652156829834, -3.904104232788086e-06, -2.9187649488449097e-06, 1.62127685546875, -2.910965122282505e-06, -1.1416152119636536e-05, 0.6033935546875, 0.049088627099990845, -0.49833008646965027, -0.49181753396987915, -3.844499588012695e-06, 4.76837158203125e-07, 1.720077633857727, -3.993511199951172e-06, -3.0137598514556885e-06, 1.6338958740234375, 1.3993121683597565e-07, 7.588416337966919e-06, 0.606109619140625, 0.038037218153476715, 0.48609891533851624, -0.06373593211174011, 4.693865776062012e-06, -9.462237358093262e-07, 0.49173033237457275, 0.0, -5.21540641784668e-07, 0.4917338788509369, 0.14979751408100128, -0.004515368491411209, 0.2672138214111328, 2.384185791015625e-07, -1.8328428268432617e-06, 0.6228751540184021, 7.7076256275177e-06, -7.715076208114624e-06, 1.1016767024993896, 2.2351741790771484e-08, 2.2351741790771484e-07, 0.77264404296875, -0.14074447751045227, -0.019361749291419983, 0.2530271112918854, 2.980232238769531e-07, -6.109476089477539e-07, 0.5432053208351135, -3.5837292671203613e-06, 4.328787326812744e-06, 1.103057861328125, 1.1473894119262695e-05, -7.659196853637695e-06, 0.8240509629249573, -0.009052783250808716, 0.023875422775745392, 0.3158416450023651, 8.940696716308594e-08, -1.1175870895385742e-08, 0.3153606653213501, -0.0012295842170715332, -0.2804087698459625, 1.004749059677124, 0.0012294314801692963, 0.28040507435798645, 0.17804360389709473, -0.06803371012210846, 3.7420217990875244, 1.0752612352371216, -0.0871235579252243, -0.357186496257782, 0.555534303188324, 5.729496479034424e-06, -2.678483724594116e-06, 1.7364656925201416, -3.807246685028076e-06, -2.8908252716064453e-06, 1.621276617050171, -2.8777867555618286e-06, -1.1451542377471924e-05, 0.6033935546875, 0.049088507890701294, -0.49832987785339355, -0.49181756377220154, -3.993511199951172e-06, 5.066394805908203e-07, 1.7200775146484375, -3.5315752029418945e-06, -2.816319465637207e-06, 1.6338958740234375, -5.408655852079391e-07, 7.5660645961761475e-06, 0.6061096787452698, 0.03803708404302597, 0.4860992133617401, -0.06373605132102966, 4.7907233238220215e-06, -1.0654330253601074e-06, 0.4917301833629608, 2.9802322387695312e-08, -5.662441253662109e-07, 0.4917331039905548, 0.14979757368564606, -0.004515592008829117, 0.26721400022506714, 1.1920928955078125e-07, -1.8328428268432617e-06, 0.6228756904602051, 7.683411240577698e-06, -7.916241884231567e-06, 1.1016770601272583, -1.9371509552001953e-07, -7.003545761108398e-07, 0.7726438045501709, -0.14074435830116272, -0.019362032413482666, 0.2530270516872406, 3.2782554626464844e-07, -7.599592208862305e-07, 0.5432052612304688, -3.471970558166504e-06, 3.8370490074157715e-06, 1.103057622909546, 1.150369644165039e-05, -7.599592208862305e-06, 0.8240505456924438, -0.00905260443687439, 0.023875534534454346, 0.3158419132232666, 2.5331974029541016e-07, 1.0058283805847168e-07, 0.31536033749580383, -0.001229614019393921, -0.2804088890552521, 1.0047498941421509, 0.0012292712926864624, 0.280405193567276, 0.17804387211799622, -0.06399788707494736, 3.7711939811706543, 1.077066421508789, -0.0871235728263855, -0.35718628764152527, 0.555534303188324, 5.736947059631348e-06, -2.9355287551879883e-06, 1.7364654541015625, -3.7960708141326904e-06, -2.8721988201141357e-06, 1.6212767362594604, -2.8456561267375946e-06, -1.1511147022247314e-05, 0.6033936142921448, 0.049088627099990845, -0.4983295202255249, -0.4918174743652344, -3.9637088775634766e-06, 4.76837158203125e-07, 1.720077633857727, -3.993511199951172e-06, -2.8759241104125977e-06, 1.6338958740234375, -3.2014213502407074e-07, 7.685273885726929e-06, 0.6061094999313354, 0.038037169724702835, 0.48609933257102966, -0.06373600661754608, 4.813075065612793e-06, -7.897615432739258e-07, 0.4917295575141907, -8.940696716308594e-08, -7.003545761108398e-07, 0.49173325300216675, 0.14979735016822815, -0.004515700973570347, 0.2672134339809418, 2.8312206268310547e-07, -1.8477439880371094e-06, 0.6228750944137573, 7.667578756809235e-06, -7.2196125984191895e-06, 1.1016769409179688, -9.685754776000977e-08, 4.76837158203125e-07, 0.7726443409919739, -0.14074453711509705, -0.019362028688192368, 0.2530268728733063, 4.76837158203125e-07, 1.7881393432617188e-07, 0.5432052612304688, -3.6507844924926758e-06, 3.7401914596557617e-06, 1.103057861328125, 1.1488795280456543e-05, -7.420778274536133e-06, 0.82405024766922, -0.009052783250808716, 0.023875389248132706, 0.3158413767814636, 1.1920928955078125e-07, -1.2665987014770508e-07, 0.3153611123561859, -0.0012294501066207886, -0.2804088294506073, 1.0047495365142822, 0.0012294650077819824, 0.2804051339626312, 0.17804349958896637, -0.056936535984277725, 3.822235584259033, 1.0802249908447266, -0.08712351322174072, -0.3571864366531372, 0.555534303188324, 5.729496479034424e-06, -2.987682819366455e-06, 1.7364658117294312, -3.851950168609619e-06, -2.86102294921875e-06, 1.62127685546875, -2.8940849006175995e-06, -1.1481344699859619e-05, 0.6033935546875, 0.04908859729766846, -0.4983298182487488, -0.4918175935745239, -3.933906555175781e-06, 3.8743019104003906e-07, 1.7200777530670166, -3.7103891372680664e-06, -2.812594175338745e-06, 1.6338956356048584, -2.3795291781425476e-07, 7.591210305690765e-06, 0.6061096787452698, 0.038037195801734924, 0.48609909415245056, -0.06373606622219086, 4.716217517852783e-06, -7.227063179016113e-07, 0.49172985553741455, 1.6391277313232422e-07, -4.917383193969727e-07, 0.49173450469970703, 0.14979739487171173, -0.004515375941991806, 0.2672143280506134, -1.4901161193847656e-08, -1.7881393432617188e-06, 0.6228749752044678, 7.703900337219238e-06, -8.31112265586853e-06, 1.1016765832901, 5.960464477539063e-08, -4.842877388000488e-07, 0.772643506526947, -0.14074435830116272, -0.01936161518096924, 0.2530277967453003, 5.066394805908203e-07, -1.1026859283447266e-06, 0.5432053208351135, -3.725290298461914e-06, 4.1425228118896484e-06, 1.103057861328125, 1.1518597602844238e-05, -7.644295692443848e-06, 0.8240507245063782, -0.009052887558937073, 0.023875653743743896, 0.31584224104881287, 2.086162567138672e-07, 2.3096799850463867e-07, 0.3153612017631531, -0.001229509711265564, -0.2804085612297058, 1.0047494173049927, 0.0012294650077819824, 0.280405193567276, 0.1780434250831604, -0.047107912600040436, 3.893280029296875, 1.0846211910247803, -0.0871235728263855, -0.35718607902526855, 0.5555342435836792, 5.759298801422119e-06, -2.8014183044433594e-06, 1.7364654541015625, -3.848224878311157e-06, -2.8759241104125977e-06, 1.6212767362594604, -2.907589077949524e-06, -1.1451542377471924e-05, 0.6033935546875, 0.049088627099990845, -0.49832940101623535, -0.49181756377220154, -4.023313522338867e-06, 5.066394805908203e-07, 1.720077395439148, -3.769993782043457e-06, -2.950429916381836e-06, 1.633895754814148, 7.59027898311615e-08, 7.646158337593079e-06, 0.6061095595359802, 0.03803708404302597, 0.4860990643501282, -0.06373608112335205, 4.67151403427124e-06, -8.158385753631592e-07, 0.491730272769928, -4.470348358154297e-08, -5.140900611877441e-07, 0.4917335510253906, 0.1497974991798401, -0.004515506327152252, 0.26721426844596863, 2.1606683731079102e-07, -1.7583370208740234e-06, 0.6228750348091125, 7.733702659606934e-06, -7.510185241699219e-06, 1.1016777753829956, 3.725290298461914e-09, -1.5832483768463135e-07, 0.7726435661315918, -0.14074429869651794, -0.019361719489097595, 0.2530275583267212, 4.023313522338867e-07, -6.556510925292969e-07, 0.5432052612304688, -3.4570693969726562e-06, 3.7997961044311523e-06, 1.103057622909546, 1.1473894119262695e-05, -7.62939453125e-06, 0.824051022529602, -0.009052768349647522, 0.023875512182712555, 0.3158419728279114, 1.4901161193847656e-07, 2.123415470123291e-07, 0.31536081433296204, -0.0012295842170715332, -0.28040850162506104, 1.0047495365142822, 0.0012294203042984009, 0.2804052233695984, 0.1780434250831604, -0.036464571952819824, 3.9702134132385254, 1.0893819332122803, -0.08712345361709595, -0.3571866750717163, 0.5555343627929688, 5.7891011238098145e-06, -2.8461217880249023e-06, 1.736465573310852, -3.8035213947296143e-06, -2.808868885040283e-06, 1.6212767362594604, -2.8978101909160614e-06, -1.1429190635681152e-05, 0.6033936142921448, 0.049088671803474426, -0.49833011627197266, -0.4918174743652344, -4.0531158447265625e-06, 3.2782554626464844e-07, 1.7200772762298584, -3.829598426818848e-06, -2.853572368621826e-06, 1.6338961124420166, -1.3248063623905182e-07, 7.715076208114624e-06, 0.606109619140625, 0.0380372516810894, 0.4860988259315491, -0.0637359470129013, 4.626810550689697e-06, -9.909272193908691e-07, 0.4917297065258026, 2.9802322387695312e-08, -6.258487701416016e-07, 0.49173352122306824, 0.14979764819145203, -0.004515565931797028, 0.26721444725990295, 3.2782554626464844e-07, -2.294778823852539e-06, 0.6228753924369812, 7.611699402332306e-06, -7.092952728271484e-06, 1.1016768217086792, -9.685754776000977e-08, -2.644956111907959e-07, 0.7726441025733948, -0.14074435830116272, -0.01936185359954834, 0.25302717089653015, 6.92903995513916e-07, -1.0281801223754883e-06, 0.5432051420211792, -3.606081008911133e-06, 3.7848949432373047e-06, 1.1030579805374146, 1.1567026376724243e-05, -7.592141628265381e-06, 0.8240504264831543, -0.009052708745002747, 0.023875482380390167, 0.31584206223487854, 9.685754776000977e-08, -5.960464477539063e-08, 0.3153611123561859, -0.001229509711265564, -0.28040921688079834, 1.0047487020492554, 0.0012294203042984009, 0.2804049849510193, 0.1780424565076828, -0.02704307623207569, 4.0383148193359375, 1.09359610080719, -0.08712354302406311, -0.3571857810020447, 0.5555343627929688, 5.755573511123657e-06, -2.9280781745910645e-06, 1.7364659309387207, -3.868713974952698e-06, -2.8386712074279785e-06, 1.621277093887329, -2.7418136596679688e-06, -1.1436641216278076e-05, 0.6033935546875, 0.049088601022958755, -0.49832943081855774, -0.4918174743652344, -3.874301910400391e-06, 3.8743019104003906e-07, 1.720077395439148, -4.06801700592041e-06, -2.7865171432495117e-06, 1.633895754814148, -1.1106021702289581e-07, 7.554888725280762e-06, 0.606109619140625, 0.038037169724702835, 0.48609936237335205, -0.06373592466115952, 4.708766937255859e-06, -7.301568984985352e-07, 0.491729736328125, 8.940696716308594e-08, -3.203749656677246e-07, 0.4917334318161011, 0.14979752898216248, -0.004515387117862701, 0.2672134339809418, 3.725290298461914e-07, -2.0042061805725098e-06, 0.6228753328323364, 7.616356015205383e-06, -7.405877113342285e-06, 1.1016777753829956, 2.9802322387695312e-08, 2.551823854446411e-07, 0.7726438045501709, -0.14074429869651794, -0.019361868500709534, 0.253027081489563, 3.241002559661865e-07, -1.30385160446167e-06, 0.5432053208351135, -3.874301910400391e-06, 3.978610038757324e-06, 1.103057861328125, 1.126900315284729e-05, -7.756054401397705e-06, 0.8240506649017334, -0.009052686393260956, 0.023875392973423004, 0.3158412277698517, 2.384185791015625e-07, 1.4901161193847656e-08, 0.3153606355190277, -0.0012294631451368332, -0.2804085314273834, 1.0047489404678345, 0.001229526475071907, 0.28040561079978943, 0.17804262042045593, -0.019589204341173172, 4.092193603515625, 1.0969301462173462, -0.08712342381477356, -0.3571862578392029, 0.5555343627929688, 5.777925252914429e-06, -2.8759241104125977e-06, 1.7364652156829834, -3.943219780921936e-06, -2.898275852203369e-06, 1.621277093887329, -2.8218200895935297e-06, -1.1437572538852692e-05, 0.6033935546875, 0.04908868670463562, -0.49832963943481445, -0.49181750416755676, -3.933906555175781e-06, 4.76837158203125e-07, 1.7200770378112793, -3.919005393981934e-06, -2.726912498474121e-06, 1.633895754814148, 2.9485090635716915e-07, 7.62939453125e-06, 0.606109619140625, 0.038037218153476715, 0.4860990047454834, -0.06373601406812668, 4.682689905166626e-06, -6.966292858123779e-07, 0.4917299151420593, -5.774199962615967e-08, -2.682209014892578e-07, 0.491733193397522, 0.14979758858680725, -0.004515472799539566, 0.2672136127948761, 1.7881393432617188e-07, -2.1066516637802124e-06, 0.6228758096694946, 7.667578756809235e-06, -7.495284080505371e-06, 1.1016769409179688, -1.2665987014770508e-07, -6.966292858123779e-07, 0.7726442217826843, -0.14074431359767914, -0.01936189830303192, 0.2530267834663391, 2.430751919746399e-07, -1.1995434761047363e-06, 0.5432051420211792, -3.6135315895080566e-06, 4.082918167114258e-06, 1.1030571460723877, 1.1626631021499634e-05, -7.545575499534607e-06, 0.8240509629249573, -0.00905272364616394, 0.02387535572052002, 0.31584158539772034, 1.4901161193847656e-07, 8.940696716308594e-08, 0.3153610825538635, -0.001229614019393921, -0.2804090082645416, 1.0047492980957031, 0.0012293905019760132, 0.28040453791618347, 0.17804357409477234, -0.014159584417939186, 4.13144063949585, 1.0993587970733643, -0.08712345361709595, -0.3571864664554596, 0.5555344820022583, 5.707144737243652e-06, -2.7157366275787354e-06, 1.7364656925201416, -3.7942081689834595e-06, -2.855435013771057e-06, 1.6212767362594604, -2.9511284083127975e-06, -1.1442229151725769e-05, 0.6033935546875, 0.04908868670463562, -0.498329758644104, -0.4918173551559448, -3.993511199951172e-06, 3.2782554626464844e-07, 1.7200770378112793, -3.516674041748047e-06, -2.913177013397217e-06, 1.633895993232727, 2.3993197828531265e-07, 7.659196853637695e-06, 0.6061096787452698, 0.03803728520870209, 0.4860991835594177, -0.06373585015535355, 4.552304744720459e-06, -8.977949619293213e-07, 0.4917294383049011, -8.940696716308594e-08, -3.203749656677246e-07, 0.4917336106300354, 0.14979740977287292, -0.004515491425991058, 0.2672136723995209, 1.4901161193847656e-07, -1.8794089555740356e-06, 0.6228750944137573, 7.644295692443848e-06, -7.770955562591553e-06, 1.1016777753829956, 1.2665987014770508e-07, -1.3317912817001343e-07, 0.7726444005966187, -0.1407444179058075, -0.019361719489097595, 0.2530268430709839, 5.569308996200562e-07, -6.07222318649292e-07, 0.5432053208351135, -3.769993782043457e-06, 3.293156623840332e-06, 1.1030571460723877, 1.1524214642122388e-05, -7.845344953238964e-06, 0.8240514993667603, -0.009052813053131104, 0.023875460028648376, 0.315841943025589, 1.7881393432617188e-07, 7.450580596923828e-09, 0.3153611719608307, -0.001229509711265564, -0.2804087996482849, 1.0047494173049927, 0.0012294799089431763, 0.280405193567276, 0.1780432164669037, -0.011712543666362762, 4.149128437042236, 1.1004533767700195, -0.08712348341941833, -0.35718652606010437, 0.5555343627929688, 5.7406723499298096e-06, -2.78279185295105e-06, 1.736465573310852, -3.7291902117431164e-06, -2.828892320394516e-06, 1.6212767362594604, -2.8776703402400017e-06, -1.1382624506950378e-05, 0.6033935546875, 0.04908853769302368, -0.49832984805107117, -0.49181756377220154, -3.933906555175781e-06, 5.364418029785156e-07, 1.7200772762298584, -3.769993782043457e-06, -2.8908252716064453e-06, 1.6338958740234375, 1.3224780559539795e-07, 7.666647434234619e-06, 0.6061097383499146, 0.03803718090057373, 0.48609867691993713, -0.0637359768152237, 4.649162292480469e-06, -8.121132850646973e-07, 0.4917296767234802, -4.470348358154297e-08, -4.470348358154297e-07, 0.4917331337928772, 0.1497974693775177, -0.004515618085861206, 0.2672135829925537, 3.725290298461914e-07, -1.955777406692505e-06, 0.6228753328323364, 7.659196853637695e-06, -7.636845111846924e-06, 1.1016770601272583, 1.862645149230957e-07, -5.21540641784668e-08, 0.7726444005966187, -0.14074444770812988, -0.01936177909374237, 0.2530265748500824, 5.885958671569824e-07, -9.872019290924072e-07, 0.5432052612304688, -3.725290298461914e-06, 3.725290298461914e-06, 1.1030582189559937, 1.1436641216278076e-05, -7.838010787963867e-06, 0.824051022529602, -0.009052842855453491, 0.02387535572052002, 0.3158409893512726, 1.6391277313232422e-07, 1.4901161193847656e-07, 0.3153623938560486, -0.0012294352054595947, -0.28040915727615356, 1.0047495365142822, 0.0012295208871364594, 0.2804047465324402, 0.17804355919361115, -0.011742684990167618, 4.1489105224609375, 1.1004399061203003, -0.08712360262870789, -0.3571862280368805, 0.5555344223976135, 5.753710865974426e-06, -2.9355287551879883e-06, 1.7364654541015625, -3.8092885006335564e-06, -2.8582812774402555e-06, 1.62127685546875, -2.839951775968075e-06, -1.142360270023346e-05, 0.6033935546875, 0.04908865690231323, -0.4983298182487488, -0.49181732535362244, -3.904104232788086e-06, 4.76837158203125e-07, 1.7200770378112793, -3.6954879760742188e-06, -2.8908252716064453e-06, 1.6338958740234375, -4.936009645462036e-08, 7.674098014831543e-06, 0.606109619140625, 0.03803715854883194, 0.4860990047454834, -0.06373585015535355, 4.559755325317383e-06, -7.450580596923828e-07, 0.4917301833629608, 2.9802322387695312e-08, -5.960464477539062e-07, 0.49173352122306824, 0.14979755878448486, -0.004515491425991058, 0.2672136723995209, 5.066394805908203e-07, -1.7620623111724854e-06, 0.6228752136230469, 7.539987564086914e-06, -8.005648851394653e-06, 1.1016769409179688, 7.450580596923828e-08, -1.4156103134155273e-07, 0.7726438641548157, -0.14074435830116272, -0.019361823797225952, 0.2530267536640167, 3.725290298461914e-07, -5.234032869338989e-07, 0.5432052612304688, -3.814697265625e-06, 3.859400749206543e-06, 1.103057861328125, 1.1354684829711914e-05, -8.184462785720825e-06, 0.8240509629249573, -0.00905268732458353, 0.02387528121471405, 0.3158421218395233, 2.086162567138672e-07, -2.2351741790771484e-07, 0.31536149978637695, -0.0012295176275074482, -0.2804095149040222, 1.0047494173049927, 0.0012294501066207886, 0.28040435910224915, 0.17804357409477234, -0.013505537062883377, 4.136168479919434, 1.0996513366699219, -0.08712346851825714, -0.35718637704849243, 0.5555344820022583, 5.716457962989807e-06, -2.7976930141448975e-06, 1.736465573310852, -3.741588443517685e-06, -2.8368085622787476e-06, 1.6212763786315918, -2.8617505449801683e-06, -1.1496245861053467e-05, 0.6033936142921448, 0.049088507890701294, -0.4983295202255249, -0.49181753396987915, -3.844499588012695e-06, 4.470348358154297e-07, 1.7200770378112793, -3.769993782043457e-06, -2.820044755935669e-06, 1.633895754814148, 3.80445271730423e-07, 7.636845111846924e-06, 0.6061095595359802, 0.03803715109825134, 0.48609936237335205, -0.06373592466115952, 4.731118679046631e-06, -1.0654330253601074e-06, 0.4917301535606384, 7.078051567077637e-08, -4.917383193969727e-07, 0.4917333424091339, 0.1497974395751953, -0.0045155733823776245, 0.26721394062042236, 3.650784492492676e-07, -2.902001142501831e-06, 0.6228752136230469, 7.718801498413086e-06, -8.046627044677734e-06, 1.1016771793365479, -7.450580596923828e-08, -1.9371509552001953e-07, 0.77264404296875, -0.1407444179058075, -0.019361823797225952, 0.2530272603034973, 3.8743019104003906e-07, -1.0766088962554932e-06, 0.5432052612304688, -3.814697265625e-06, 3.6954879760742188e-06, 1.1030579805374146, 1.1799857020378113e-05, -8.594244718551636e-06, 0.8240511417388916, -0.009052827954292297, 0.023875147104263306, 0.3158418536186218, 2.682209014892578e-07, 1.9371509552001953e-07, 0.3153611123561859, -0.0012294314801692963, -0.2804090976715088, 1.0047497749328613, 0.0012295544147491455, 0.280405193567276, 0.17804355919361115, -0.01692279241979122, 4.111467361450195, 1.0981228351593018, -0.08712349832057953, -0.35718613862991333, 0.5555343627929688, 5.6996941566467285e-06, -2.7641654014587402e-06, 1.7364652156829834, -3.898981958627701e-06, -2.907589077949524e-06, 1.62127685546875, -2.8391077648848295e-06, -1.1391937732696533e-05, 0.6033936142921448, 0.049088627099990845, -0.4983294904232025, -0.49181753396987915, -3.6656856536865234e-06, 5.960464477539062e-07, 1.7200771570205688, -3.769993782043457e-06, -2.8908252716064453e-06, 1.633895993232727, -1.9883736968040466e-07, 7.539987564086914e-06, 0.606109619140625, 0.03803718835115433, 0.486098974943161, -0.06373591721057892, 4.711560904979706e-06, -7.748603820800781e-07, 0.49172964692115784, -2.9802322387695312e-08, -6.407499313354492e-07, 0.4917334020137787, 0.1497974842786789, -0.004515603184700012, 0.26721277832984924, 1.1920928955078125e-07, -1.564621925354004e-06, 0.6228752732276917, 7.651746273040771e-06, -7.906928658485413e-06, 1.101676344871521, -4.470348358154297e-08, -1.043081283569336e-07, 0.77264404296875, -0.14074432849884033, -0.01936189830303192, 0.25302591919898987, 5.662441253662109e-07, -3.816094249486923e-07, 0.543205201625824, -3.814697265625e-06, 3.6656856536865234e-06, 1.1030575037002563, 1.1485069990158081e-05, -7.264316082000732e-06, 0.8240508437156677, -0.009052693843841553, 0.02387523651123047, 0.3158411979675293, 2.086162567138672e-07, -5.960464477539063e-08, 0.3153615891933441, -0.0012293942272663116, -0.2804090976715088, 1.0047495365142822, 0.0012296438217163086, 0.28040552139282227, 0.17804326117038727, -0.020025795325636864, 4.089037895202637, 1.096734881401062, -0.08712352812290192, -0.3571864068508148, 0.5555343627929688, 5.677342414855957e-06, -2.808868885040283e-06, 1.7364652156829834, -3.913417458534241e-06, -2.8349459171295166e-06, 1.621277093887329, -2.8817448765039444e-06, -1.1475756764411926e-05, 0.6033935546875, 0.049088701605796814, -0.498329758644104, -0.4918176531791687, -3.635883331298828e-06, 4.76837158203125e-07, 1.7200775146484375, -3.7103891372680664e-06, -2.86102294921875e-06, 1.633895754814148, 2.323649823665619e-07, 7.62939453125e-06, 0.6061096787452698, 0.038037244230508804, 0.4860992133617401, -0.06373606622219086, 4.69014048576355e-06, -8.270144462585449e-07, 0.4917300343513489, 1.341104507446289e-07, -2.980232238769531e-07, 0.4917335510253906, 0.14979757368564606, -0.004515789449214935, 0.2672134041786194, 4.6938657760620117e-07, -1.7881393432617188e-06, 0.6228750944137573, 7.778406143188477e-06, -7.90134072303772e-06, 1.1016769409179688, 2.9802322387695312e-08, -2.086162567138672e-07, 0.7726441621780396, -0.14074435830116272, -0.01936212182044983, 0.2530272305011749, -1.4901161193847656e-08, -1.3246899470686913e-06, 0.5432051420211792, -3.844499588012695e-06, 3.844499588012695e-06, 1.1030573844909668, 1.1060386896133423e-05, -7.867813110351562e-06, 0.824050784111023, -0.009052693843841553, 0.02387501299381256, 0.3158418536186218, -5.960464477539063e-08, 2.384185791015625e-07, 0.3153601288795471, -0.0012293346226215363, -0.28040817379951477, 1.0047495365142822, 0.0012295693159103394, 0.28040507435798645, 0.17804382741451263, -0.02120976150035858, 4.080479621887207, 1.0962053537368774, -0.08712345361709595, -0.35718613862991333, 0.5555343627929688, 5.7443976402282715e-06, -2.8833746910095215e-06, 1.736465573310852, -3.818422555923462e-06, -2.8461217880249023e-06, 1.62127685546875, -2.865348506020382e-06, -1.1499971151351929e-05, 0.6033935546875, 0.04908871650695801, -0.498329758644104, -0.4918174147605896, -3.546476364135742e-06, 4.76837158203125e-07, 1.720077633857727, -4.112720489501953e-06, -2.8759241104125977e-06, 1.6338955163955688, 4.0279701352119446e-08, 7.733702659606934e-06, 0.606109619140625, 0.03803720325231552, 0.48609933257102966, -0.06373599171638489, 4.691071808338165e-06, -1.1473894119262695e-06, 0.491729736328125, 0.0, -4.3213367462158203e-07, 0.4917336702346802, 0.14979757368564606, -0.004515744745731354, 0.2672135829925537, 4.246830940246582e-07, -2.000480890274048e-06, 0.6228750944137573, 7.513910531997681e-06, -7.888302206993103e-06, 1.1016767024993896, -4.470348358154297e-08, 0.0, 0.7726436853408813, -0.14074435830116272, -0.019362136721611023, 0.25302714109420776, 4.76837158203125e-07, -4.6566128730773926e-07, 0.543205201625824, -3.874301910400391e-06, 3.859400749206543e-06, 1.1030584573745728, 1.1667609214782715e-05, -7.428228855133057e-06, 0.8240509033203125, -0.009052693843841553, 0.023874923586845398, 0.3158414959907532, 2.384185791015625e-07, -1.4901161193847656e-08, 0.31536173820495605, -0.0012295134365558624, -0.2804090976715088, 1.0047492980957031, 0.001229509711265564, 0.2804044783115387, 0.17804335057735443, -0.01979854144155979, 4.0906805992126465, 1.0968365669250488, -0.0871235728263855, -0.3571864366531372, 0.5555342435836792, 5.759298801422119e-06, -2.8833746910095215e-06, 1.7364656925201416, -3.824010491371155e-06, -2.8498470783233643e-06, 1.6212769746780396, -2.8611975722014904e-06, -1.1382624506950378e-05, 0.6033935546875, 0.049088507890701294, -0.49832969903945923, -0.49181756377220154, -3.7848949432373047e-06, 2.980232238769531e-07, 1.7200772762298584, -4.0531158447265625e-06, -2.8759241104125977e-06, 1.6338958740234375, 6.187474355101585e-08, 7.718801498413086e-06, 0.606109619140625, 0.03803699463605881, 0.4860987663269043, -0.06373603641986847, 4.731118679046631e-06, -7.37607479095459e-07, 0.4917299747467041, -1.4901161193847656e-08, -2.5331974029541016e-07, 0.4917336702346802, 0.14979758858680725, -0.004515551030635834, 0.26721400022506714, 2.2351741790771484e-07, -2.294778823852539e-06, 0.6228753328323364, 7.525086402893066e-06, -7.577240467071533e-06, 1.1016765832901, 1.6391277313232422e-07, 3.2782554626464844e-07, 0.7726438641548157, -0.14074428379535675, -0.019361868500709534, 0.25302696228027344, 6.556510925292969e-07, -4.507601261138916e-07, 0.5432054996490479, -3.844499588012695e-06, 3.889203071594238e-06, 1.1030583381652832, 1.1339783668518066e-05, -7.778406143188477e-06, 0.824050784111023, -0.009052649140357971, 0.02387535572052002, 0.3158418536186218, 2.980232238769531e-07, 1.9371509552001953e-07, 0.3153613209724426, -0.001229453831911087, -0.2804092466831207, 1.0047495365142822, 0.0012295395135879517, 0.28040510416030884, 0.17804333567619324, -0.015855003148317337, 4.119185447692871, 1.0986005067825317, -0.08712351322174072, -0.35718631744384766, 0.5555344223976135, 5.731359124183655e-06, -2.902001142501831e-06, 1.7364650964736938, -3.825873136520386e-06, -2.86102294921875e-06, 1.6212769746780396, -2.8673093765974045e-06, -1.1403113603591919e-05, 0.6033934950828552, 0.049088627099990845, -0.49832963943481445, -0.4918173849582672, -3.606081008911133e-06, 5.960464477539062e-07, 1.720077633857727, -3.6209821701049805e-06, -2.9802322387695312e-06, 1.633895754814148, -2.578599378466606e-08, 7.554888725280762e-06, 0.6061097383499146, 0.0380372479557991, 0.486098974943161, -0.06373573839664459, 4.67151403427124e-06, -4.842877388000488e-07, 0.49173009395599365, 3.91155481338501e-08, -3.2782554626464844e-07, 0.49173295497894287, 0.14979752898216248, -0.004515618085861206, 0.2672143578529358, 5.662441253662109e-07, -2.596527338027954e-06, 0.6228753328323364, 7.621943950653076e-06, -7.506459951400757e-06, 1.1016767024993896, 4.023313522338867e-07, -7.050111889839172e-07, 0.7726439833641052, -0.14074435830116272, -0.01936180889606476, 0.25302761793136597, 2.8312206268310547e-07, -6.854534149169922e-07, 0.5432052612304688, -3.725290298461914e-06, 4.1425228118896484e-06, 1.1030583381652832, 1.1675059795379639e-05, -7.502734661102295e-06, 0.8240513205528259, -0.009052738547325134, 0.023875325918197632, 0.3158421814441681, 2.086162567138672e-07, -2.086162567138672e-07, 0.3153606057167053, -0.0012294016778469086, -0.2804088294506073, 1.004749059677124, 0.0012294948101043701, 0.2804051637649536, 0.1780432164669037, -0.011574171483516693, 4.1501288414001465, 1.1005152463912964, -0.08712349832057953, -0.3571859300136566, 0.5555343627929688, 5.773268640041351e-06, -2.794899046421051e-06, 1.7364656925201416, -3.829598426818848e-06, -2.853572368621826e-06, 1.621277093887329, -2.8777867555618286e-06, -1.1436641216278076e-05, 0.6033935546875, 0.049088671803474426, -0.49832940101623535, -0.491817444562912, -3.844499588012695e-06, 5.364418029785156e-07, 1.7200770378112793, -3.7997961044311523e-06, -2.9206275939941406e-06, 1.633895754814148, 1.287553459405899e-07, 7.666647434234619e-06, 0.606109619140625, 0.03803719952702522, 0.48609936237335205, -0.06373590975999832, 4.686415195465088e-06, -8.791685104370117e-07, 0.4917297065258026, 1.30385160446167e-07, -1.7881393432617188e-07, 0.49173328280448914, 0.1497974842786789, -0.004515364766120911, 0.2672134041786194, -8.940696716308594e-08, -2.030283212661743e-06, 0.6228752136230469, 7.756054401397705e-06, -7.88271427154541e-06, 1.1016772985458374, 3.5762786865234375e-07, 1.4156103134155273e-07, 0.7726434469223022, -0.1407443732023239, -0.019361749291419983, 0.25302621722221375, 7.003545761108398e-07, -1.4901161193847656e-07, 0.5432053804397583, -3.948807716369629e-06, 3.7848949432373047e-06, 1.1030579805374146, 1.171603798866272e-05, -7.644295692443848e-06, 0.8240506052970886, -0.009052745997905731, 0.0238754004240036, 0.31584081053733826, 2.682209014892578e-07, 7.450580596923828e-08, 0.31536194682121277, -0.0012296559289097786, -0.2804088890552521, 1.0047495365142822, 0.0012293905019760132, 0.280405193567276, 0.1780436933040619, -0.008375762030482292, 4.173247814178467, 1.1019458770751953, -0.08712343871593475, -0.35718613862991333, 0.5555343627929688, 5.668029189109802e-06, -2.93925404548645e-06, 1.7364654541015625, -3.870576620101929e-06, -2.8796494007110596e-06, 1.6212772130966187, -2.8014183044433594e-06, -1.1399388313293457e-05, 0.6033935546875, 0.04908864200115204, -0.4983295202255249, -0.49181756377220154, -3.889203071594238e-06, 5.662441253662109e-07, 1.720077395439148, -3.7997961044311523e-06, -2.9802322387695312e-06, 1.6338956356048584, -3.608874976634979e-07, 7.666647434234619e-06, 0.6061095595359802, 0.03803715854883194, 0.48609912395477295, -0.0637359768152237, 4.6193599700927734e-06, -9.08970832824707e-07, 0.49172961711883545, -1.341104507446289e-07, -2.2351741790771484e-07, 0.4917329251766205, 0.14979757368564606, -0.004515305161476135, 0.2672135829925537, 4.991888999938965e-07, -1.2423843145370483e-06, 0.6228752732276917, 7.674098014831543e-06, -7.741153240203857e-06, 1.1016768217086792, 1.4901161193847656e-07, 2.2351741790771484e-07, 0.7726438045501709, -0.14074432849884033, -0.019361570477485657, 0.25302714109420776, 4.76837158203125e-07, -9.685754776000977e-08, 0.5432052612304688, -3.883615136146545e-06, 4.172325134277344e-06, 1.103057861328125, 1.1213123798370361e-05, -7.126480340957642e-06, 0.8240509033203125, -0.009052694775164127, 0.023875534534454346, 0.31584182381629944, 1.7881393432617188e-07, 8.940696716308594e-08, 0.31536078453063965, -0.0012294028420001268, -0.28040948510169983, 1.0047494173049927, 0.0012295842170715332, 0.2804047167301178, 0.17804312705993652, -0.006664341781288385, 4.1856184005737305, 1.1027114391326904, -0.08712349832057953, -0.35718628764152527, 0.5555343627929688, 5.653128027915955e-06, -2.808868885040283e-06, 1.7364654541015625, -3.734603524208069e-06, -2.8312206268310547e-06, 1.62127685546875, -2.9387883841991425e-06, -1.142546534538269e-05, 0.6033935546875, 0.04908868670463562, -0.49832987785339355, -0.4918174743652344, -3.680586814880371e-06, 3.8743019104003906e-07, 1.7200775146484375, -4.038214683532715e-06, -2.909451723098755e-06, 1.633895993232727, -2.2212043404579163e-07, 7.703900337219238e-06, 0.6061096787452698, 0.03803720697760582, 0.4860989451408386, -0.06373602151870728, 4.738569259643555e-06, -7.003545761108398e-07, 0.49173006415367126, 1.1920928955078125e-07, -5.960464477539062e-07, 0.4917335510253906, 0.14979766309261322, -0.004515781998634338, 0.26721420884132385, 4.6193599700927734e-07, -2.911314368247986e-06, 0.6228753924369812, 7.748603820800781e-06, -7.934868335723877e-06, 1.101677417755127, 2.2351741790771484e-08, -3.8743019104003906e-07, 0.7726438641548157, -0.14074423909187317, -0.019361957907676697, 0.2530270218849182, 8.791685104370117e-07, -5.364418029785156e-07, 0.5432053208351135, -3.773719072341919e-06, 3.5017728805541992e-06, 1.103057861328125, 1.1472031474113464e-05, -7.834285497665405e-06, 0.8240503668785095, -0.009052619338035583, 0.023875102400779724, 0.3158418536186218, 2.086162567138672e-07, -1.341104507446289e-07, 0.315361887216568, -0.0012295059859752655, -0.28040948510169983, 1.0047492980957031, 0.0012294501066207886, 0.2804047763347626, 0.17804324626922607, -0.006895358208566904, 4.183948516845703, 1.10260808467865, -0.08712361752986908, -0.35718536376953125, 0.5555340647697449, 5.755573511123657e-06, -2.853572368621826e-06, 1.7364654541015625, -3.776978701353073e-06, -2.8498470783233643e-06, 1.62127685546875, -2.7436763048171997e-06, -1.1481344699859619e-05, 0.6033934950828552, 0.04908852279186249, -0.4983285367488861, -0.4918177127838135, -3.591179847717285e-06, 4.172325134277344e-07, 1.720077633857727, -3.859400749206543e-06, -2.8167851269245148e-06, 1.633895993232727, 6.332993507385254e-08, 7.666647434234619e-06, 0.6061095595359802, 0.03803711384534836, 0.4860999286174774, -0.06373614072799683, 4.61190938949585e-06, -7.897615432739258e-07, 0.4917297959327698, 2.9802322387695312e-08, -3.2782554626464844e-07, 0.49173375964164734, 0.14979752898216248, -0.00451572984457016, 0.26721376180648804, 3.725290298461914e-07, -1.9241124391555786e-06, 0.6228751540184021, 7.852911949157715e-06, -8.068978786468506e-06, 1.101677417755127, -9.685754776000977e-08, 4.3213367462158203e-07, 0.77264404296875, -0.14074429869651794, -0.019362062215805054, 0.2530269920825958, 5.364418029785156e-07, -2.980232238769531e-07, 0.543205201625824, -3.680586814880371e-06, 3.4868717193603516e-06, 1.1030573844909668, 1.158192753791809e-05, -7.569789886474609e-06, 0.8240508437156677, -0.009052731096744537, 0.023875132203102112, 0.3158414363861084, 1.341104507446289e-07, 2.9802322387695312e-08, 0.31536048650741577, -0.0012294091284275055, -0.2804088294506073, 1.0047487020492554, 0.0012295842170715332, 0.28040453791618347, 0.17804273962974548, -0.008877085521817207, 4.169624328613281, 1.1017216444015503, -0.08712349832057953, -0.35718610882759094, 0.5555344820022583, 5.786772817373276e-06, -2.907589077949524e-06, 1.736465334892273, -3.871973603963852e-06, -2.86102294921875e-06, 1.62127685546875, -2.800486981868744e-06, -1.1468306183815002e-05, 0.6033935546875, 0.049088627099990845, -0.4983295202255249, -0.4918173849582672, -4.023313522338867e-06, 5.364418029785156e-07, 1.7200766801834106, -3.546476364135742e-06, -2.8908252716064453e-06, 1.6338961124420166, 1.1874362826347351e-07, 7.674098014831543e-06, 0.606109619140625, 0.03803713619709015, 0.4860988259315491, -0.06373583525419235, 4.7460198402404785e-06, -6.92903995513916e-07, 0.4917295575141907, 2.9802322387695312e-08, -5.364418029785156e-07, 0.49173349142074585, 0.14979754388332367, -0.004515215754508972, 0.2672148048877716, 4.470348358154297e-07, -3.0118972063064575e-06, 0.622875452041626, 7.584691047668457e-06, -7.338821887969971e-06, 1.1016768217086792, 1.4901161193847656e-08, 2.2351741790771484e-07, 0.7726442813873291, -0.14074435830116272, -0.019361451268196106, 0.25302737951278687, 6.854534149169922e-07, -5.662441253662109e-07, 0.5432052612304688, -3.814697265625e-06, 3.427267074584961e-06, 1.1030577421188354, 1.1516734957695007e-05, -7.375143468379974e-06, 0.8240504860877991, -0.009052716195583344, 0.023875683546066284, 0.31584280729293823, 1.1920928955078125e-07, 2.086162567138672e-07, 0.3153606355190277, -0.0012292973697185516, -0.2804087996482849, 1.0047491788864136, 0.0012296661734580994, 0.28040504455566406, 0.17804327607154846, -0.012142246589064598, 4.146022796630859, 1.1002612113952637, -0.0871235728263855, -0.357185959815979, 0.5555343627929688, 5.616806447505951e-06, -2.7529895305633545e-06, 1.7364659309387207, -3.8025900721549988e-06, -2.866610884666443e-06, 1.6212769746780396, -2.805376425385475e-06, -1.1421740055084229e-05, 0.6033935546875, 0.04908859729766846, -0.49832940101623535, -0.49181750416755676, -3.7550926208496094e-06, 3.2782554626464844e-07, 1.7200775146484375, -3.874301910400391e-06, -2.9280781745910645e-06, 1.633895754814148, -6.891787052154541e-08, 7.621943950653076e-06, 0.606109619140625, 0.038037169724702835, 0.48609939217567444, -0.06373592466115952, 4.559755325317383e-06, -6.258487701416016e-07, 0.4917292296886444, -5.960464477539063e-08, -7.152557373046875e-07, 0.4917345345020294, 0.14979755878448486, -0.004515156149864197, 0.2672143280506134, 6.407499313354492e-07, -2.2817403078079224e-06, 0.6228753328323364, 7.599592208862305e-06, -8.068978786468506e-06, 1.1016770601272583, 3.632158041000366e-08, -2.8312206268310547e-07, 0.7726446390151978, -0.14074435830116272, -0.019361555576324463, 0.2530270218849182, 5.513429641723633e-07, -4.023313522338867e-07, 0.5432051420211792, -4.0531158447265625e-06, 3.4496188163757324e-06, 1.103057622909546, 1.1371448636054993e-05, -7.037073373794556e-06, 0.824050784111023, -0.00905272364616394, 0.023875579237937927, 0.3158422112464905, 1.7881393432617188e-07, 2.9802322387695312e-08, 0.31536030769348145, -0.0012295730412006378, -0.28040897846221924, 1.0047496557235718, 0.0012294482439756393, 0.28040510416030884, 0.17804354429244995, -0.016520576551556587, 4.11437463760376, 1.0983028411865234, -0.08712348341941833, -0.3571859896183014, 0.5555342435836792, 5.792826414108276e-06, -2.8014183044433594e-06, 1.7364652156829834, -3.855675458908081e-06, -2.868473529815674e-06, 1.621276617050171, -2.8694630600512028e-06, -1.1455267667770386e-05, 0.6033936142921448, 0.04908877611160278, -0.49832943081855774, -0.4918174743652344, -3.725290298461914e-06, 5.364418029785156e-07, 1.720077395439148, -3.889203071594238e-06, -2.7939677238464355e-06, 1.633895754814148, 1.0570511221885681e-07, 7.636845111846924e-06, 0.606109619140625, 0.0380372479557991, 0.4860991835594177, -0.0637359768152237, 4.693865776062012e-06, -9.313225746154785e-07, 0.4917289614677429, -1.043081283569336e-07, -4.917383193969727e-07, 0.4917334020137787, 0.1497974693775177, -0.004515618085861206, 0.26721346378326416, 3.427267074584961e-07, -1.7583370208740234e-06, 0.6228752732276917, 7.584691047668457e-06, -7.808208465576172e-06, 1.1016770601272583, 2.2351741790771484e-08, -2.682209014892578e-07, 0.7726439237594604, -0.14074447751045227, -0.019362017512321472, 0.2530266344547272, 6.258487701416016e-07, -5.066394805908203e-07, 0.5432053208351135, -3.7550926208496094e-06, 3.4868717193603516e-06, 1.1030575037002563, 1.1494383215904236e-05, -7.690861821174622e-06, 0.824051558971405, -0.00905279815196991, 0.02387504279613495, 0.31584182381629944, 1.4901161193847656e-07, 7.450580596923828e-08, 0.31536054611206055, -0.0012295227497816086, -0.2804088294506073, 1.004749059677124, 0.0012294333428144455, 0.280405193567276, 0.17804308235645294, -0.021008804440498352, 4.081932067871094, 1.0962952375411987, -0.08712348341941833, -0.35718604922294617, 0.555534303188324, 5.736947059631348e-06, -2.8386712074279785e-06, 1.736465573310852, -3.876164555549622e-06, -2.868473529815674e-06, 1.62127685546875, -2.9194634407758713e-06, -1.1521857231855392e-05, 0.6033934950828552, 0.04908871650695801, -0.4983291029930115, -0.49181753396987915, -3.933906555175781e-06, 2.384185791015625e-07, 1.7200775146484375, -3.4868717193603516e-06, -2.853572368621826e-06, 1.6338958740234375, 9.42964106798172e-08, 7.644295692443848e-06, 0.606109619140625, 0.03803718462586403, 0.4860990643501282, -0.06373602151870728, 4.67151403427124e-06, -7.301568984985352e-07, 0.49172914028167725, 0.0, -5.289912223815918e-07, 0.49173370003700256, 0.1497974395751953, -0.00451543927192688, 0.2672145664691925, 3.725290298461914e-07, -1.432374119758606e-06, 0.6228753328323364, 7.674098014831543e-06, -7.68899917602539e-06, 1.1016769409179688, 5.960464477539063e-08, 1.043081283569336e-07, 0.77264404296875, -0.1407444328069687, -0.019361600279808044, 0.25302767753601074, 4.6193599700927734e-07, -9.015202522277832e-07, 0.5432050228118896, -3.7550926208496094e-06, 3.166496753692627e-06, 1.1030582189559937, 1.1349096894264221e-05, -7.374212145805359e-06, 0.8240509629249573, -0.00905279815196991, 0.023875519633293152, 0.31584250926971436, 1.862645149230957e-07, -1.043081283569336e-07, 0.3153614103794098, -0.0012295208871364594, -0.280408650636673, 1.0047495365142822, 0.0012294799089431763, 0.2804054021835327, 0.17804333567619324, -0.0237555094063282, 4.062078475952148, 1.0950666666030884, -0.08712342381477356, -0.35718628764152527, 0.5555345416069031, 5.748122930526733e-06, -3.0174851417541504e-06, 1.736465334892273, -3.7979334592819214e-06, -2.86102294921875e-06, 1.6212772130966187, -2.8562499210238457e-06, -1.1423020623624325e-05, 0.6033934950828552, 0.04908871650695801, -0.4983297884464264, -0.4918173551559448, -3.874301910400391e-06, 5.960464477539062e-07, 1.7200771570205688, -3.606081008911133e-06, -2.86102294921875e-06, 1.6338958740234375, 9.918585419654846e-08, 7.651746273040771e-06, 0.6061096787452698, 0.0380372479557991, 0.48609915375709534, -0.06373577564954758, 4.552304744720459e-06, -7.897615432739258e-07, 0.49172940850257874, 1.4901161193847656e-08, -2.980232238769531e-07, 0.49173322319984436, 0.14979755878448486, -0.004515141248703003, 0.267213374376297, 5.21540641784668e-07, -2.1103769540786743e-06, 0.6228752136230469, 7.554888725280762e-06, -7.76723027229309e-06, 1.1016771793365479, 2.2351741790771484e-07, -6.705522537231445e-07, 0.7726441025733948, -0.14074429869651794, -0.019361436367034912, 0.25302717089653015, 2.8312206268310547e-07, -1.3709068298339844e-06, 0.5432052612304688, -3.844499588012695e-06, 4.082918167114258e-06, 1.1030577421188354, 1.1393800377845764e-05, -7.484108209609985e-06, 0.8240508437156677, -0.009052656590938568, 0.023875489830970764, 0.31584203243255615, 5.21540641784668e-08, 1.1920928955078125e-07, 0.3153611421585083, -0.0012295059859752655, -0.2804093360900879, 1.0047495365142822, 0.0012294910848140717, 0.2804044783115387, 0.17804363369941711, -0.024571526795625687, 4.056180000305176, 1.0947016477584839, -0.08712339401245117, -0.3571860194206238, 0.555534303188324, 5.6549906730651855e-06, -2.637505531311035e-06, 1.7364656925201416, -3.7364661693573e-06, -2.8386712074279785e-06, 1.621276617050171, -2.8514768928289413e-06, -1.1447584256529808e-05, 0.6033935546875, 0.04908865690231323, -0.4983293414115906, -0.49181774258613586, -3.904104232788086e-06, 3.5762786865234375e-07, 1.7200775146484375, -3.7401914596557617e-06, -2.7939677238464355e-06, 1.6338956356048584, -1.771841198205948e-07, 7.666647434234619e-06, 0.606109619140625, 0.038037266582250595, 0.4860991835594177, -0.06373603641986847, 4.544854164123535e-06, -1.0058283805847168e-06, 0.49172917008399963, 4.470348358154297e-08, -3.203749656677246e-07, 0.4917333126068115, 0.14979737997055054, -0.004515610635280609, 0.2672136425971985, 5.513429641723633e-07, -2.203509211540222e-06, 0.622875452041626, 7.592141628265381e-06, -8.016824722290039e-06, 1.1016777753829956, -4.470348358154297e-08, -1.1175870895385742e-07, 0.7726444005966187, -0.14074449241161346, -0.019362181425094604, 0.25302746891975403, 6.258487701416016e-07, -2.0116567611694336e-07, 0.5432054400444031, -3.725290298461914e-06, 3.606081008911133e-06, 1.1030573844909668, 1.1429190635681152e-05, -7.53253698348999e-06, 0.8240504860877991, -0.009052880108356476, 0.023875072598457336, 0.3158421516418457, 1.9371509552001953e-07, 1.9371509552001953e-07, 0.3153608739376068, -0.0012294035404920578, -0.28040823340415955, 1.0047495365142822, 0.0012295860797166824, 0.2804059684276581, 0.1780434548854828, -0.02291778475046158, 4.068133354187012, 1.0954413414001465, -0.08712343871593475, -0.3571860194206238, 0.5555344223976135, 5.677342414855957e-06, -2.913177013397217e-06, 1.7364654541015625, -3.8137659430503845e-06, -2.86102294921875e-06, 1.62127685546875, -2.8750146157108247e-06, -1.143570989370346e-05, 0.6033936142921448, 0.04908864200115204, -0.4983295202255249, -0.491817444562912, -3.6954879760742188e-06, 5.364418029785156e-07, 1.7200777530670166, -3.978610038757324e-06, -2.9169023036956787e-06, 1.6338956356048584, -2.0919833332300186e-07, 7.525086402893066e-06, 0.606109619140625, 0.038037195801734924, 0.48609891533851624, -0.06373590230941772, 4.820525646209717e-06, -7.003545761108398e-07, 0.49172958731651306, 1.4901161193847656e-08, -8.121132850646973e-07, 0.4917338490486145, 0.14979758858680725, -0.004515096545219421, 0.26721417903900146, 2.2351741790771484e-07, -2.6226043701171875e-06, 0.6228753328323364, 7.636845111846924e-06, -7.68899917602539e-06, 1.1016769409179688, 1.043081283569336e-07, 2.086162567138672e-07, 0.7726442217826843, -0.14074425399303436, -0.019361495971679688, 0.25302761793136597, 2.980232238769531e-07, -1.1920928955078125e-07, 0.543205201625824, -3.7997961044311523e-06, 3.546476364135742e-06, 1.103057622909546, 1.1553987860679626e-05, -7.310882210731506e-06, 0.8240507245063782, -0.00905267521739006, 0.023875534534454346, 0.3158426880836487, 1.9371509552001953e-07, -3.5762786865234375e-07, 0.3153613805770874, -0.001229558140039444, -0.2804083526134491, 1.0047492980957031, 0.0012294724583625793, 0.28040528297424316, 0.17804352939128876, -0.01903163641691208, 4.096223831176758, 1.097179651260376, -0.08712348341941833, -0.357185959815979, 0.5555341243743896, 5.733221769332886e-06, -2.771615982055664e-06, 1.7364654541015625, -3.902241587638855e-06, -2.868473529815674e-06, 1.621277093887329, -2.771848812699318e-06, -1.1470168828964233e-05, 0.6033935546875, 0.049088627099990845, -0.49832963943481445, -0.49181774258613586, -3.874301910400391e-06, 5.364418029785156e-07, 1.7200779914855957, -4.0978193283081055e-06, -2.8051435947418213e-06, 1.6338961124420166, 2.658925950527191e-07, 7.554888725280762e-06, 0.6061096787452698, 0.03803722932934761, 0.4860994219779968, -0.06373618543148041, 4.67151403427124e-06, -7.897615432739258e-07, 0.49173006415367126, 2.9802322387695312e-08, -4.6938657760620117e-07, 0.4917338490486145, 0.1497974693775177, -0.004515752196311951, 0.2672133147716522, 4.470348358154297e-07, -2.738088369369507e-06, 0.6228753924369812, 7.621943950653076e-06, -7.752329111099243e-06, 1.1016765832901, 4.470348358154297e-08, -3.0174851417541504e-07, 0.7726442813873291, -0.14074449241161346, -0.01936228573322296, 0.2530272603034973, 4.470348358154297e-07, -1.4901161193847656e-08, 0.5432052612304688, -3.9013102650642395e-06, 3.725290298461914e-06, 1.103057622909546, 1.1488795280456543e-05, -7.443130016326904e-06, 0.824051022529602, -0.009052826091647148, 0.02387504279613495, 0.3158416748046875, 2.086162567138672e-07, -1.9371509552001953e-07, 0.3153612017631531, -0.0012294501066207886, -0.28040897846221924, 1.004749059677124, 0.0012295246124267578, 0.28040510416030884, 0.17804326117038727, -0.015449464321136475, 4.122117042541504, 1.098781943321228, -0.08712345361709595, -0.35718631744384766, 0.5555343627929688, 5.723908543586731e-06, -3.1031668186187744e-06, 1.7364650964736938, -3.7248246371746063e-06, -2.853572368621826e-06, 1.62127685546875, -2.903863787651062e-06, -1.1455267667770386e-05, 0.6033935546875, 0.049088746309280396, -0.4983298182487488, -0.4918173849582672, -3.725290298461914e-06, 5.066394805908203e-07, 1.7200775146484375, -3.680586814880371e-06, -2.8011854737997055e-06, 1.633895993232727, -3.073364496231079e-08, 7.62939453125e-06, 0.6061094999313354, 0.03803721442818642, 0.4860990047454834, -0.0637359619140625, 4.798173904418945e-06, -9.834766387939453e-07, 0.4917300045490265, 1.4901161193847656e-08, -3.725290298461914e-07, 0.49173277616500854, 0.14979755878448486, -0.004515655338764191, 0.26721468567848206, 3.2782554626464844e-07, -2.3283064365386963e-06, 0.6228751540184021, 7.778406143188477e-06, -7.417052984237671e-06, 1.1016767024993896, -1.9371509552001953e-07, -3.203749656677246e-07, 0.7726439237594604, -0.14074434340000153, -0.019361838698387146, 0.25302788615226746, 7.003545761108398e-07, -7.152557373046875e-07, 0.5432054400444031, -3.7923455238342285e-06, 3.56137752532959e-06, 1.1030571460723877, 1.1379830539226532e-05, -7.381662726402283e-06, 0.8240508437156677, -0.009052690118551254, 0.023875311017036438, 0.31584230065345764, 1.4901161193847656e-07, 4.470348358154297e-08, 0.3153615891933441, -0.0012296251952648163, -0.280409038066864, 1.0047492980957031, 0.001229405403137207, 0.28040462732315063, 0.1780434101819992, -0.012629132717847824, 4.142503261566162, 1.1000434160232544, -0.0871235728263855, -0.3571860194206238, 0.5555344223976135, 5.7443976402282715e-06, -2.8386712074279785e-06, 1.736465334892273, -3.773719072341919e-06, -2.8461217880249023e-06, 1.621276617050171, -2.825167030096054e-06, -1.1473894119262695e-05, 0.6033934950828552, 0.04908865690231323, -0.4983292818069458, -0.4918173849582672, -4.202127456665039e-06, 4.76837158203125e-07, 1.7200770378112793, -3.7401914596557617e-06, -2.93925404548645e-06, 1.633895754814148, -2.0954757928848267e-08, 7.674098014831543e-06, 0.6061094999313354, 0.038037173449993134, 0.4860994815826416, -0.06373593211174011, 4.641711711883545e-06, -8.121132850646973e-07, 0.4917295575141907, -4.470348358154297e-08, -6.407499313354492e-07, 0.49173325300216675, 0.14979755878448486, -0.004515521228313446, 0.26721423864364624, 3.8743019104003906e-07, -1.9315630197525024e-06, 0.6228752136230469, 7.651746273040771e-06, -7.88271427154541e-06, 1.1016762256622314, -2.980232238769531e-07, -3.2782554626464844e-07, 0.7726443409919739, -0.14074431359767914, -0.019361987709999084, 0.2530277967453003, 4.023313522338867e-07, -1.0728836059570312e-06, 0.5432053804397583, -3.769993782043457e-06, 3.337860107421875e-06, 1.1030571460723877, 1.1201482266187668e-05, -7.615424692630768e-06, 0.8240503668785095, -0.009052608162164688, 0.02387547492980957, 0.31584179401397705, 1.1920928955078125e-07, -1.4901161193847656e-07, 0.31536099314689636, -0.0012294277548789978, -0.2804088592529297, 1.004749059677124, 0.0012295693159103394, 0.28040510416030884, 0.1780431717634201, -0.010104386135935783, 4.160752773284912, 1.101172685623169, -0.08712360262870789, -0.3571857810020447, 0.5555343627929688, 5.673617124557495e-06, -2.954155206680298e-06, 1.7364652156829834, -3.7029385566711426e-06, -2.8461217880249023e-06, 1.6212767362594604, -2.794899046421051e-06, -1.1399388313293457e-05, 0.6033935546875, 0.0490884929895401, -0.4983293414115906, -0.4918171763420105, -3.844499588012695e-06, 5.364418029785156e-07, 1.7200775146484375, -3.7550926208496094e-06, -2.8833746910095215e-06, 1.6338958740234375, 1.7695128917694092e-08, 7.651746273040771e-06, 0.6061096787452698, 0.03803709149360657, 0.4860994517803192, -0.0637357085943222, 4.649162292480469e-06, -8.568167686462402e-07, 0.4917295277118683, 2.2351741790771484e-08, -4.172325134277344e-07, 0.4917345941066742, 0.14979757368564606, -0.004515655338764191, 0.2672139108181, 3.427267074584961e-07, -2.637505531311035e-06, 0.622875452041626, 7.592141628265381e-06, -7.644295692443848e-06, 1.1016771793365479, 1.4156103134155273e-07, -3.7997961044311523e-07, 0.7726436853408813, -0.14074434340000153, -0.01936185359954834, 0.25302696228027344, 5.21540641784668e-07, -5.811452865600586e-07, 0.5432053804397583, -3.993511199951172e-06, 4.0978193283081055e-06, 1.1030583381652832, 1.1515570804476738e-05, -7.5572170317173e-06, 0.8240513205528259, -0.009052678942680359, 0.023875296115875244, 0.3158416450023651, 2.086162567138672e-07, -1.4901161193847656e-08, 0.31536129117012024, -0.001229599118232727, -0.2804080843925476, 1.0047487020492554, 0.0012294352054595947, 0.280405730009079, 0.1780429184436798, -0.008239492774009705, 4.1742329597473145, 1.1020069122314453, -0.08712345361709595, -0.3571864366531372, 0.555534303188324, 5.725771188735962e-06, -2.898275852203369e-06, 1.736465334892273, -3.9227306842803955e-06, -2.853572368621826e-06, 1.621277093887329, -2.893153578042984e-06, -1.1432915925979614e-05, 0.6033935546875, 0.04908871650695801, -0.49832966923713684, -0.4918176829814911, -3.7103891372680664e-06, 2.980232238769531e-07, 1.7200772762298584, -3.7997961044311523e-06, -2.8759241104125977e-06, 1.6338958740234375, -7.078051567077637e-08, 7.651746273040771e-06, 0.6061095595359802, 0.03803733363747597, 0.4860989451408386, -0.0637359544634819, 4.723668098449707e-06, -6.258487701416016e-07, 0.49172914028167725, -1.4901161193847656e-08, -2.384185791015625e-07, 0.4917328357696533, 0.14979735016822815, -0.004515692591667175, 0.26721322536468506, 1.6391277313232422e-07, -1.521781086921692e-06, 0.6228752732276917, 7.778406143188477e-06, -7.539987564086914e-06, 1.1016771793365479, 1.4901161193847656e-08, -2.086162567138672e-07, 0.7726438045501709, -0.14074459671974182, -0.01936192810535431, 0.25302642583847046, 5.960464477539062e-07, -5.21540641784668e-07, 0.543205201625824, -3.7103891372680664e-06, 4.202127456665039e-06, 1.1030585765838623, 1.1474865459604189e-05, -7.628171260876115e-06, 0.8240507245063782, -0.009052928537130356, 0.02387523651123047, 0.315841406583786, 2.682209014892578e-07, -4.470348358154297e-08, 0.31536078453063965, -0.0012294650077819824, -0.2804085612297058, 1.0047495365142822, 0.0012295246124267578, 0.28040528297424316, 0.17804348468780518, -0.00824546255171299, 4.174189567565918, 1.1020041704177856, -0.08712349832057953, -0.35718652606010437, 0.5555344820022583, 5.695968866348267e-06, -2.946704626083374e-06, 1.736465573310852, -3.904104232788086e-06, -2.8833746910095215e-06, 1.6212769746780396, -2.8386712074279785e-06, -1.1436641216278076e-05, 0.6033936142921448, 0.04908856749534607, -0.49832984805107117, -0.49181729555130005, -3.829598426818848e-06, 5.066394805908203e-07, 1.720077395439148, -3.635883331298828e-06, -2.8759241104125977e-06, 1.6338961124420166, 1.3085082173347473e-07, 7.644295692443848e-06, 0.606109619140625, 0.03803709149360657, 0.4860990643501282, -0.06373582035303116, 4.678964614868164e-06, -7.897615432739258e-07, 0.4917295277118683, -4.0978193283081055e-08, -6.109476089477539e-07, 0.4917336702346802, 0.1497974395751953, -0.004515059292316437, 0.26721465587615967, 3.5762786865234375e-07, -2.425163984298706e-06, 0.6228753328323364, 7.659196853637695e-06, -7.808208465576172e-06, 1.1016775369644165, -1.4901161193847656e-08, 4.470348358154297e-07, 0.7726438045501709, -0.1407444328069687, -0.019361436367034912, 0.25302746891975403, 5.513429641723633e-07, -1.9371509552001953e-07, 0.5432051420211792, -3.851950168609619e-06, 3.471970558166504e-06, 1.103057622909546, 1.1619646102190018e-05, -7.774215191602707e-06, 0.8240506649017334, -0.00905277207493782, 0.023875966668128967, 0.3158418536186218, 2.682209014892578e-07, -5.960464477539063e-08, 0.3153610825538635, -0.0012294873595237732, -0.2804088890552521, 1.0047498941421509, 0.0012295246124267578, 0.2804048955440521, 0.17804363369941711, -0.009759290143847466, 4.163247108459473, 1.1013270616531372, -0.08712354302406311, -0.3571860194206238, 0.5555344820022583, 5.757436156272888e-06, -2.8423964977264404e-06, 1.7364650964736938, -3.907829523086548e-06, -2.8759241104125977e-06, 1.6212769746780396, -2.9262155294418335e-06, -1.1444091796875e-05, 0.6033935546875, 0.04908865690231323, -0.498329222202301, -0.49181729555130005, -3.7848949432373047e-06, 5.662441253662109e-07, 1.7200771570205688, -3.6209821701049805e-06, -2.9206275939941406e-06, 1.6338961124420166, 1.7229467630386353e-07, 7.6107680797576904e-06, 0.6061096787452698, 0.03803712874650955, 0.48609936237335205, -0.06373579800128937, 4.67151403427124e-06, -8.046627044677734e-07, 0.491729736328125, -1.4156103134155273e-07, -6.407499313354492e-07, 0.49173417687416077, 0.14979742467403412, -0.004515327513217926, 0.2672137916088104, 2.8312206268310547e-07, -2.1792948246002197e-06, 0.6228752732276917, 7.674098014831543e-06, -8.046627044677734e-06, 1.1016768217086792, -2.2351741790771484e-08, -1.1920928955078125e-07, 0.7726439833641052, -0.14074449241161346, -0.019361793994903564, 0.25302714109420776, 2.682209014892578e-07, 2.384185791015625e-07, 0.5432054400444031, -3.7886202335357666e-06, 4.127621650695801e-06, 1.103057861328125, 1.1264346539974213e-05, -7.6107680797576904e-06, 0.8240504264831543, -0.00905286893248558, 0.023875519633293152, 0.31584155559539795, 1.4901161193847656e-07, 4.470348358154297e-08, 0.3153614103794098, -0.0012294277548789978, -0.28040826320648193, 1.0047489404678345, 0.001229509711265564, 0.28040552139282227, 0.1780432164669037, -0.012578088790178299, 4.142872333526611, 1.1000661849975586, -0.08712349832057953, -0.3571862578392029, 0.555534303188324, 5.72623685002327e-06, -2.9616057872772217e-06, 1.736465334892273, -3.814697265625e-06, -2.853572368621826e-06, 1.621276617050171, -2.944841980934143e-06, -1.1395663022994995e-05, 0.6033934950828552, 0.049088746309280396, -0.4983295798301697, -0.49181753396987915, -3.919005393981934e-06, 4.76837158203125e-07, 1.7200777530670166, -3.948807716369629e-06, -2.771615982055664e-06, 1.633895754814148, 2.6775524020195007e-08, 7.633119821548462e-06, 0.6061096787452698, 0.0380372479557991, 0.48609909415245056, -0.06373587250709534, 4.686415195465088e-06, -6.705522537231445e-07, 0.4917297959327698, -6.705522537231445e-08, -1.1920928955078125e-07, 0.49173298478126526, 0.14979758858680725, -0.004515215754508972, 0.2672137916088104, 2.8312206268310547e-07, -1.6111880540847778e-06, 0.6228749752044678, 7.525086402893066e-06, -8.121132850646973e-06, 1.1016768217086792, 8.195638656616211e-08, 5.960464477539063e-08, 0.77264404296875, -0.14074429869651794, -0.019361719489097595, 0.253027081489563, 6.556510925292969e-07, 2.384185791015625e-07, 0.5432053208351135, -3.919005393981934e-06, 3.844499588012695e-06, 1.1030582189559937, 1.1604279279708862e-05, -7.655471563339233e-06, 0.8240506649017334, -0.00905270129442215, 0.023875564336776733, 0.3158421516418457, 2.086162567138672e-07, -1.9371509552001953e-07, 0.315361350774765, -0.0012295357882976532, -0.2804087996482849, 1.0047494173049927, 0.0012295395135879517, 0.2804054617881775, 0.17804357409477234, -0.016269464045763016, 4.116189956665039, 1.0984151363372803, -0.08712349832057953, -0.35718634724617004, 0.5555343627929688, 5.714595317840576e-06, -2.857297658920288e-06, 1.736465334892273, -3.8929283618927e-06, -2.816319465637207e-06, 1.62127685546875, -2.888031303882599e-06, -1.1445954442024231e-05, 0.6033935546875, 0.049088627099990845, -0.4983297288417816, -0.49181753396987915, -3.680586814880371e-06, 5.960464477539062e-07, 1.720077633857727, -3.889203071594238e-06, -2.779066562652588e-06, 1.6338958740234375, 7.171183824539185e-08, 7.558614015579224e-06, 0.606109619140625, 0.038037192076444626, 0.486098974943161, -0.06373591721057892, 4.7013163566589355e-06, -5.736947059631348e-07, 0.4917293190956116, 1.1175870895385742e-07, -5.364418029785156e-07, 0.49173256754875183, 0.1497974842786789, -0.004515007138252258, 0.26721394062042236, -2.2351741790771484e-07, -2.117827534675598e-06, 0.6228750944137573, 7.443130016326904e-06, -8.262693881988525e-06, 1.1016768217086792, 8.940696716308594e-08, 4.470348358154297e-08, 0.7726442217826843, -0.1407444030046463, -0.019361361861228943, 0.2530273497104645, 7.748603820800781e-07, -4.991888999938965e-07, 0.5432051420211792, -3.6209821701049805e-06, 3.7401914596557617e-06, 1.1030577421188354, 1.1608004570007324e-05, -7.88271427154541e-06, 0.8240512013435364, -0.009052764624357224, 0.02387578785419464, 0.3158418834209442, 1.7881393432617188e-07, -1.6391277313232422e-07, 0.3153618574142456, -0.001229654997587204, -0.2804085612297058, 1.0047494173049927, 0.001229405403137207, 0.2804050147533417, 0.17804330587387085, -0.018386568874120712, 4.100886821746826, 1.0974681377410889, -0.08712354302406311, -0.3571860194206238, 0.5555344223976135, 5.751848220825195e-06, -2.7939677238464355e-06, 1.736465573310852, -3.829598426818848e-06, -2.823770046234131e-06, 1.621277093887329, -2.9420480132102966e-06, -1.140497624874115e-05, 0.6033935546875, 0.04908868670463562, -0.4983294606208801, -0.4918173551559448, -3.844499588012695e-06, 4.470348358154297e-07, 1.7200775146484375, -3.56137752532959e-06, -2.950429916381836e-06, 1.633895754814148, 7.82310962677002e-08, 7.580965757369995e-06, 0.6061096787452698, 0.038037143647670746, 0.48609957098960876, -0.06373585760593414, 4.723668098449707e-06, -7.525086402893066e-07, 0.4917299151420593, 7.450580596923828e-09, -3.2782554626464844e-07, 0.49173322319984436, 0.1497974991798401, -0.004515394568443298, 0.2672138512134552, -1.043081283569336e-07, -1.130625605583191e-06, 0.6228750944137573, 7.778406143188477e-06, -7.275491952896118e-06, 1.1016767024993896, -1.4901161193847656e-07, -3.2782554626464844e-07, 0.7726442217826843, -0.14074434340000153, -0.019361719489097595, 0.2530268728733063, 2.384185791015625e-07, -1.6987323760986328e-06, 0.5432052612304688, -3.4570693969726562e-06, 3.732740879058838e-06, 1.1030570268630981, 1.1179596185684204e-05, -7.115304470062256e-06, 0.8240507245063782, -0.009052755311131477, 0.023875579237937927, 0.31584155559539795, 1.4901161193847656e-07, 1.1920928955078125e-07, 0.3153614401817322, -0.0012295357882976532, -0.28040847182273865, 1.004748821258545, 0.0012294799089431763, 0.28040552139282227, 0.17804303765296936, -0.019391980022192, 4.093619346618652, 1.0970183610916138, -0.08712345361709595, -0.35718607902526855, 0.555534303188324, 5.770474672317505e-06, -2.913177013397217e-06, 1.736465573310852, -3.825873136520386e-06, -2.898275852203369e-06, 1.6212767362594604, -2.8852373361587524e-06, -1.1447817087173462e-05, 0.6033934354782104, 0.04908865690231323, -0.49832943081855774, -0.49181756377220154, -3.933906555175781e-06, 4.470348358154297e-07, 1.7200775146484375, -3.4868717193603516e-06, -2.9578804969787598e-06, 1.6338958740234375, -7.974449545145035e-09, 7.756054401397705e-06, 0.6061096787452698, 0.03803718090057373, 0.486098974943161, -0.06373602151870728, 4.760921001434326e-06, -7.599592208862305e-07, 0.4917296767234802, 7.450580596923828e-08, -5.811452865600586e-07, 0.4917338788509369, 0.14979755878448486, -0.004515454173088074, 0.267214298248291, 7.450580596923828e-08, -1.862645149230957e-06, 0.6228752732276917, 7.592141628265381e-06, -7.62939453125e-06, 1.101677656173706, 4.470348358154297e-08, -2.384185791015625e-07, 0.77264404296875, -0.14074431359767914, -0.01936161518096924, 0.25302696228027344, 3.5762786865234375e-07, -9.685754776000977e-07, 0.5432054400444031, -3.844499588012695e-06, 4.157423973083496e-06, 1.103057861328125, 1.1760741472244263e-05, -7.458031177520752e-06, 0.8240510821342468, -0.00905265100300312, 0.023875653743743896, 0.3158422112464905, 1.4901161193847656e-07, -4.470348358154297e-08, 0.31536024808883667, -0.0012295432388782501, -0.28040874004364014, 1.0047492980957031, 0.0012293905019760132, 0.2804052531719208, 0.17804312705993652, -0.019018813967704773, 4.096316337585449, 1.0971853733062744, -0.08712345361709595, -0.3571862578392029, 0.5555344223976135, 5.798414349555969e-06, -2.8312206268310547e-06, 1.7364654541015625, -3.855675458908081e-06, -2.8833746910095215e-06, 1.6212767362594604, -2.8724316507577896e-06, -1.1412426829338074e-05, 0.6033934354782104, 0.04908877611160278, -0.49832963943481445, -0.4918174147605896, -3.874301910400391e-06, 3.2782554626464844e-07, 1.7200775146484375, -3.6507844924926758e-06, -2.905726432800293e-06, 1.633895993232727, -2.547167241573334e-07, 7.584691047668457e-06, 0.606109619140625, 0.038037270307540894, 0.4860990345478058, -0.06373587250709534, 4.678964614868164e-06, -9.685754776000977e-07, 0.4917296767234802, 4.470348358154297e-08, -5.811452865600586e-07, 0.4917343258857727, 0.1497974991798401, -0.004515409469604492, 0.2672138214111328, 4.023313522338867e-07, -1.8328428268432617e-06, 0.6228752136230469, 7.733702659606934e-06, -7.5623393058776855e-06, 1.1016778945922852, -6.705522537231445e-08, 1.341104507446289e-07, 0.7726441621780396, -0.1407444179058075, -0.0193617045879364, 0.2530267834663391, 4.917383193969727e-07, -1.7881393432617188e-07, 0.5432054400444031, -4.023313522338867e-06, 4.179775714874268e-06, 1.1030582189559937, 1.1745840311050415e-05, -7.539987564086914e-06, 0.824050784111023, -0.009052760899066925, 0.023875460028648376, 0.31584152579307556, 1.1920928955078125e-07, -4.470348358154297e-08, 0.3153609335422516, -0.001229565590620041, -0.28040891885757446, 1.0047498941421509, 0.0012294203042984009, 0.2804053723812103, 0.17804357409477234, -0.01728746108710766, 4.108831405639648, 1.0979597568511963, -0.08712360262870789, -0.3571860194206238, 0.555534303188324, 5.7015568017959595e-06, -2.946704626083374e-06, 1.736465573310852, -3.734603524208069e-06, -2.8386712074279785e-06, 1.62127685546875, -2.8370413929224014e-06, -1.1399388313293457e-05, 0.6033936142921448, 0.049088478088378906, -0.498329222202301, -0.4918176233768463, -3.7848949432373047e-06, 5.066394805908203e-07, 1.7200772762298584, -3.591179847717285e-06, -2.8908252716064453e-06, 1.633895754814148, -5.820766091346741e-08, 7.621943950653076e-06, 0.606109619140625, 0.03803706169128418, 0.4860994219779968, -0.0637359619140625, 4.544854164123535e-06, -7.82310962677002e-07, 0.49172958731651306, -7.450580596923828e-09, -5.587935447692871e-07, 0.4917333722114563, 0.14979760348796844, -0.004515267908573151, 0.26721400022506714, 4.6193599700927734e-07, -1.080334186553955e-06, 0.6228752136230469, 7.763504981994629e-06, -7.666647434234619e-06, 1.1016772985458374, 1.4901161193847656e-08, 0.0, 0.7726441621780396, -0.14074426889419556, -0.01936173439025879, 0.2530272603034973, 5.811452865600586e-07, -5.066394805908203e-07, 0.543205201625824, -3.904104232788086e-06, 3.904104232788086e-06, 1.1030577421188354, 1.1309981346130371e-05, -7.770955562591553e-06, 0.8240505456924438, -0.009052636101841927, 0.02387562394142151, 0.3158414959907532, 2.086162567138672e-07, 1.7881393432617188e-07, 0.31536078453063965, -0.0012293867766857147, -0.2804092466831207, 1.0047491788864136, 0.0012295842170715332, 0.28040483593940735, 0.17804333567619324, -0.014541514217853546, 4.1286797523498535, 1.099187970161438, -0.08712351322174072, -0.3571860194206238, 0.5555341243743896, 5.669891834259033e-06, -2.8498470783233643e-06, 1.7364654541015625, -3.809109330177307e-06, -2.86102294921875e-06, 1.6212772130966187, -2.8158538043498993e-06, -1.1468306183815002e-05, 0.6033935546875, 0.04908871650695801, -0.4983294606208801, -0.4918177127838135, -3.993511199951172e-06, 4.470348358154297e-07, 1.7200775146484375, -3.948807716369629e-06, -2.7976930141448975e-06, 1.6338958740234375, 1.862645149230957e-07, 7.599592208862305e-06, 0.6061096787452698, 0.03803721070289612, 0.4860995411872864, -0.06373618543148041, 4.559755325317383e-06, -8.493661880493164e-07, 0.4917299151420593, -1.4901161193847656e-08, -4.6938657760620117e-07, 0.4917331337928772, 0.14979761838912964, -0.004515565931797028, 0.2672136425971985, 4.470348358154297e-08, -2.4456530809402466e-06, 0.6228753328323364, 7.592141628265381e-06, -7.517635822296143e-06, 1.1016764640808105, -1.4156103134155273e-07, -7.450580596923828e-08, 0.7726441621780396, -0.14074425399303436, -0.019361943006515503, 0.2530270218849182, 3.8743019104003906e-07, -2.8312206268310547e-07, 0.5432053208351135, -3.635883331298828e-06, 3.859400749206543e-06, 1.1030583381652832, 1.1418014764785767e-05, -8.091330528259277e-06, 0.8240509629249573, -0.009052649140357971, 0.023875325918197632, 0.3158417046070099, 1.4901161193847656e-07, -4.470348358154297e-08, 0.31536105275154114, -0.0012295395135879517, -0.2804093062877655, 1.0047495365142822, 0.0012294352054595947, 0.2804047465324402, 0.17804357409477234, -0.011562904343008995, 4.150210380554199, 1.100520372390747, -0.0871235728263855, -0.3571866452693939, 0.5555342435836792, 5.6438148021698e-06, -2.913177013397217e-06, 1.736465334892273, -3.8333237171173096e-06, -2.864748239517212e-06, 1.621277093887329, -2.820277586579323e-06, -1.142360270023346e-05, 0.6033935546875, 0.04908856749534607, -0.4983299672603607, -0.49181756377220154, -3.6656856536865234e-06, 4.172325134277344e-07, 1.7200775146484375, -3.993511199951172e-06, -2.8908252716064453e-06, 1.6338956356048584, -3.332970663905144e-07, 7.584691047668457e-06, 0.606109619140625, 0.038037143647670746, 0.48609912395477295, -0.06373602151870728, 4.462897777557373e-06, -1.1175870895385742e-06, 0.49172964692115784, 2.9802322387695312e-08, -4.023313522338867e-07, 0.49173352122306824, 0.14979751408100128, -0.004515402019023895, 0.26721373200416565, 4.76837158203125e-07, -2.566725015640259e-06, 0.622875452041626, 7.703900337219238e-06, -7.2196125984191895e-06, 1.101677417755127, 6.705522537231445e-08, -2.3096799850463867e-07, 0.7726436853408813, -0.1407443732023239, -0.019361630082130432, 0.2530266344547272, 5.587935447692871e-07, -4.470348358154297e-07, 0.5432054400444031, -3.933906555175781e-06, 3.866851329803467e-06, 1.1030577421188354, 1.1552125215530396e-05, -7.677823305130005e-06, 0.8240512013435364, -0.009052742272615433, 0.023875579237937927, 0.3158414661884308, 1.4901161193847656e-07, -5.960464477539063e-08, 0.315360963344574, -0.0012295469641685486, -0.28040871024131775, 1.0047489404678345, 0.0012294650077819824, 0.28040432929992676, 0.17804336547851562, -0.008866863325238228, 4.169698238372803, 1.1017262935638428, -0.08712345361709595, -0.3571867346763611, 0.5555344820022583, 5.698762834072113e-06, -2.7976930141448975e-06, 1.736465334892273, -3.8389116525650024e-06, -2.868473529815674e-06, 1.6212769746780396, -2.918299287557602e-06, -1.1444091796875e-05, 0.6033936142921448, 0.04908868670463562, -0.49833014607429504, -0.4918175935745239, -4.26173210144043e-06, 3.8743019104003906e-07, 1.7200775146484375, -3.889203071594238e-06, -2.9653310775756836e-06, 1.633895754814148, 6.379559636116028e-08, 7.651746273040771e-06, 0.6061095595359802, 0.03803730010986328, 0.4860985577106476, -0.06373585015535355, 4.6193599700927734e-06, -9.98377799987793e-07, 0.4917299151420593, -1.4901161193847656e-07, -2.905726432800293e-07, 0.4917331039905548, 0.1497974693775177, -0.004515618085861206, 0.2672131657600403, 2.9802322387695312e-08, -1.5851110219955444e-06, 0.6228753328323364, 7.599592208862305e-06, -7.770955562591553e-06, 1.1016764640808105, -8.195638656616211e-08, -1.1920928955078125e-07, 0.7726444005966187, -0.14074444770812988, -0.01936192810535431, 0.2530266344547272, 8.717179298400879e-07, -1.6391277313232422e-07, 0.5432054400444031, -3.933906555175781e-06, 4.373490810394287e-06, 1.1030579805374146, 1.1406838893890381e-05, -7.458031177520752e-06, 0.824050784111023, -0.009052794426679611, 0.023875176906585693, 0.3158416748046875, 1.7881393432617188e-07, 2.086162567138672e-07, 0.3153610825538635, -0.0012295693159103394, -0.2804095149040222, 1.0047487020492554, 0.0012293457984924316, 0.2804047465324402, 0.17804290354251862, -0.00704193813726306, 4.182888984680176, 1.102542519569397, -0.08712348341941833, -0.35718637704849243, 0.5555342435836792, 5.795620381832123e-06, -2.93925404548645e-06, 1.736465334892273, -3.871973603963852e-06, -2.86102294921875e-06, 1.6212767362594604, -2.777203917503357e-06, -1.1457130312919617e-05, 0.6033934950828552, 0.04908856749534607, -0.4983297288417816, -0.4918175935745239, -3.7550926208496094e-06, 4.470348358154297e-07, 1.7200772762298584, -3.6656856536865234e-06, -2.950429916381836e-06, 1.633895993232727, 3.203749656677246e-07, 7.525086402893066e-06, 0.6061096787452698, 0.038037143647670746, 0.48609837889671326, -0.0637359768152237, 4.522502422332764e-06, -8.046627044677734e-07, 0.4917292594909668, 0.0, -4.246830940246582e-07, 0.49173352122306824, 0.1497974842786789, -0.0045154765248298645, 0.2672133147716522, 1.9371509552001953e-07, -1.8086284399032593e-06, 0.6228750944137573, 7.614493370056152e-06, -7.569789886474609e-06, 1.1016769409179688, -1.043081283569336e-07, -3.725290298461914e-07, 0.7726439237594604, -0.1407443881034851, -0.019361883401870728, 0.25302648544311523, 6.034970283508301e-07, -1.4901161193847656e-08, 0.543205201625824, -3.7550926208496094e-06, 4.112720489501953e-06, 1.103058099746704, 1.1403113603591919e-05, -7.398426532745361e-06, 0.8240506649017334, -0.009052719920873642, 0.02387547492980957, 0.3158412277698517, 1.4901161193847656e-07, 1.4901161193847656e-07, 0.31536200642585754, -0.0012295059859752655, -0.28040897846221924, 1.0047491788864136, 0.001229509711265564, 0.28040510416030884, 0.17804333567619324, -0.006532213184982538, 4.186573505401611, 1.1027705669403076, -0.0871235728263855, -0.3571869432926178, 0.5555343627929688, 5.708076059818268e-06, -2.868473529815674e-06, 1.736465334892273, -3.7604477256536484e-06, -2.864282578229904e-06, 1.621276617050171, -2.8205104172229767e-06, -1.1412426829338074e-05, 0.6033936142921448, 0.049088627099990845, -0.49833038449287415, -0.49181729555130005, -3.814697265625e-06, 4.76837158203125e-07, 1.720077395439148, -3.9637088775634766e-06, -2.8312206268310547e-06, 1.633895993232727, -1.0058283805847168e-07, 7.621943950653076e-06, 0.6061096787452698, 0.038037143647670746, 0.48609867691993713, -0.06373593211174011, 4.626810550689697e-06, -8.568167686462402e-07, 0.49172985553741455, -1.4901161193847656e-08, -3.650784492492676e-07, 0.4917343556880951, 0.1497974991798401, -0.004515387117862701, 0.26721465587615967, 3.2782554626464844e-07, -2.074986696243286e-06, 0.6228751540184021, 7.748603820800781e-06, -7.294118404388428e-06, 1.1016765832901, 4.470348358154297e-08, 5.662441253662109e-07, 0.7726434469223022, -0.1407443881034851, -0.019361570477485657, 0.2530272603034973, 2.682209014892578e-07, -3.427267074584961e-07, 0.543205201625824, -3.948807716369629e-06, 4.112720489501953e-06, 1.1030582189559937, 1.130811870098114e-05, -7.327646017074585e-06, 0.8240506649017334, -0.009052768349647522, 0.023875519633293152, 0.3158424198627472, 8.940696716308594e-08, 1.341104507446289e-07, 0.31536099314689636, -0.0012295618653297424, -0.2804090976715088, 1.0047491788864136, 0.0012294501066207886, 0.2804045081138611, 0.1780431866645813, -0.007166221272200346, 4.181990623474121, 1.1024869680404663, -0.08712343871593475, -0.3571861982345581, 0.5555342435836792, 5.777925252914429e-06, -2.9653310775756836e-06, 1.7364652156829834, -3.841705620288849e-06, -2.8633512556552887e-06, 1.6212769746780396, -2.8475187718868256e-06, -1.146458089351654e-05, 0.6033934950828552, 0.04908868670463562, -0.49832984805107117, -0.4918175935745239, -3.814697265625e-06, 3.5762786865234375e-07, 1.7200772762298584, -3.680586814880371e-06, -2.816319465637207e-06, 1.633895993232727, -2.7008354663848877e-08, 7.584691047668457e-06, 0.606109619140625, 0.038037270307540894, 0.48609864711761475, -0.06373605877161026, 4.649162292480469e-06, -1.1473894119262695e-06, 0.4917297959327698, -1.4901161193847656e-08, -6.854534149169922e-07, 0.4917333424091339, 0.14979755878448486, -0.004515618085861206, 0.26721426844596863, 1.1920928955078125e-07, -2.0638108253479004e-06, 0.6228752732276917, 7.539987564086914e-06, -7.4729323387146e-06, 1.1016768217086792, -6.705522537231445e-08, -2.1606683731079102e-07, 0.7726441025733948, -0.14074432849884033, -0.019362136721611023, 0.2530275881290436, 2.4586915969848633e-07, -5.960464477539062e-07, 0.5432053804397583, -3.889203071594238e-06, 3.7550926208496094e-06, 1.1030579805374146, 1.1399388313293457e-05, -8.028000593185425e-06, 0.8240510821342468, -0.009052678942680359, 0.02387520670890808, 0.31584227085113525, 2.2351741790771484e-07, -8.940696716308594e-08, 0.3153603971004486, -0.0012294650077819824, -0.28040850162506104, 1.0047492980957031, 0.0012295693159103394, 0.28040534257888794, 0.17804332077503204, -0.008948177099227905, 4.169110298156738, 1.1016899347305298, -0.08712348341941833, -0.35718581080436707, 0.555534303188324, 5.7389261201024055e-06, -2.8887297958135605e-06, 1.7364652156829834, -3.8156285881996155e-06, -2.862885594367981e-06, 1.621276617050171, -2.8921058401465416e-06, -1.1422671377658844e-05, 0.6033935546875, 0.049088671803474426, -0.4983290135860443, -0.4918176233768463, -4.082918167114258e-06, 3.5762786865234375e-07, 1.720077633857727, -3.844499588012695e-06, -2.816319465637207e-06, 1.6338958740234375, -2.0954757928848267e-08, 7.614493370056152e-06, 0.6061095595359802, 0.038037244230508804, 0.48609983921051025, -0.06373602896928787, 4.507601261138916e-06, -8.046627044677734e-07, 0.4917297959327698, -7.450580596923828e-08, -8.270144462585449e-07, 0.49173375964164734, 0.14979752898216248, -0.004515692591667175, 0.267214298248291, -8.940696716308594e-08, -1.8849968910217285e-06, 0.6228751540184021, 7.614493370056152e-06, -7.636845111846924e-06, 1.1016769409179688, 1.1175870895385742e-07, 5.140900611877441e-07, 0.7726436257362366, -0.1407443732023239, -0.01936185359954834, 0.2530267536640167, 1.1548399925231934e-06, -8.344650268554688e-07, 0.5432052612304688, -3.6656856536865234e-06, 3.6507844924926758e-06, 1.1030577421188354, 1.1403113603591919e-05, -7.797032594680786e-06, 0.8240509033203125, -0.00905272364616394, 0.02387528121471405, 0.3158424496650696, 2.086162567138672e-07, 8.940696716308594e-08, 0.3153609335422516, -0.001229364424943924, -0.2804085910320282, 1.0047492980957031, 0.0012296438217163086, 0.2804057002067566, 0.1780431717634201, -0.011837057769298553, 4.148228645324707, 1.1003977060317993, -0.08712348341941833, -0.3571862578392029, 0.5555343627929688, 5.698762834072113e-06, -2.7865171432495117e-06, 1.736465334892273, -3.7364661693573e-06, -2.8498470783233643e-06, 1.6212763786315918, -2.7902424335479736e-06, -1.1463649570941925e-05, 0.6033934950828552, 0.04908859729766846, -0.49832963943481445, -0.49181753396987915, -4.0531158447265625e-06, 5.364418029785156e-07, 1.7200772762298584, -3.635883331298828e-06, -2.9355287551879883e-06, 1.6338961124420166, 2.6868656277656555e-07, 7.681548595428467e-06, 0.6061096787452698, 0.038037143647670746, 0.486098974943161, -0.06373599171638489, 4.686415195465088e-06, -8.121132850646973e-07, 0.4917300343513489, 1.1920928955078125e-07, -4.6938657760620117e-07, 0.49173304438591003, 0.14979740977287292, -0.00451553612947464, 0.26721373200416565, 3.5762786865234375e-07, -1.6689300537109375e-06, 0.6228750944137573, 7.644295692443848e-06, -7.361173629760742e-06, 1.1016764640808105, 1.862645149230957e-07, 8.940696716308594e-08, 0.7726442217826843, -0.14074450731277466, -0.01936177909374237, 0.2530260682106018, 4.3958425521850586e-07, -9.238719940185547e-07, 0.5432053208351135, -3.889203071594238e-06, 3.516674041748047e-06, 1.1030575037002563, 1.1302530765533447e-05, -8.068978786468506e-06, 0.8240503668785095, -0.009052887558937073, 0.023875311017036438, 0.3158414661884308, 1.6391277313232422e-07, -1.7881393432617188e-07, 0.31536170840263367, -0.0012294799089431763, -0.28040868043899536, 1.004749059677124, 0.0012294799089431763, 0.28040507435798645, 0.1780432164669037, -0.01481146551668644, 4.126728534698486, 1.099067211151123, -0.08712345361709595, -0.35718613862991333, 0.555534303188324, 5.805864930152893e-06, -3.039836883544922e-06, 1.736465334892273, -3.8798898458480835e-06, -2.8740614652633667e-06, 1.6212772130966187, -2.8886861400678754e-06, -1.1436641216278076e-05, 0.6033935546875, 0.04908859729766846, -0.4983294904232025, -0.49181756377220154, -3.904104232788086e-06, 4.470348358154297e-07, 1.7200771570205688, -3.516674041748047e-06, -2.8759241104125977e-06, 1.633895993232727, -2.1653249859809875e-07, 7.651746273040771e-06, 0.6061095595359802, 0.03803720325231552, 0.4860997200012207, -0.06373606622219086, 4.559755325317383e-06, -5.662441253662109e-07, 0.49172884225845337, 1.7881393432617188e-07, -2.4586915969848633e-07, 0.49173346161842346, 0.1497974842786789, -0.004515320062637329, 0.2672138214111328, 2.8312206268310547e-07, -2.6151537895202637e-06, 0.6228752136230469, 7.5623393058776855e-06, -8.024275302886963e-06, 1.1016764640808105, 1.1920928955078125e-07, -8.046627044677734e-07, 0.7726444005966187, -0.1407443881034851, -0.019361793994903564, 0.2530270218849182, 4.917383193969727e-07, 7.152557373046875e-07, 0.5432051420211792, -3.7997961044311523e-06, 3.591179847717285e-06, 1.103058099746704, 1.1362135410308838e-05, -7.82310962677002e-06, 0.8240509629249573, -0.009052775800228119, 0.023875519633293152, 0.3158416152000427, 6.705522537231445e-08, -2.9802322387695312e-08, 0.3153611421585083, -0.001229478046298027, -0.28040921688079834, 1.004748821258545, 0.0012295185588300228, 0.2804049253463745, 0.17804309725761414, -0.01674589514732361, 4.112745761871338, 1.0982019901275635, -0.08712348341941833, -0.35718631744384766, 0.5555344820022583, 5.684792995452881e-06, -2.9653310775756836e-06, 1.7364659309387207, -3.7401914596557617e-06, -2.8721988201141357e-06, 1.621277093887329, -2.8924114303663373e-06, -1.1339783668518066e-05, 0.6033935546875, 0.04908856749534607, -0.49832966923713684, -0.491817444562912, -3.993511199951172e-06, 4.76837158203125e-07, 1.7200772762298584, -3.725290298461914e-06, -2.8908252716064453e-06, 1.6338958740234375, -2.1560117602348328e-07, 7.577240467071533e-06, 0.606109619140625, 0.03803710639476776, 0.48609864711761475, -0.06373586505651474, 4.5746564865112305e-06, -9.015202522277832e-07, 0.49172988533973694, -2.9802322387695312e-08, 0.0, 0.49173253774642944, 0.14979757368564606, -0.004515469074249268, 0.26721417903900146, 7.450580596923828e-08, -2.250075340270996e-06, 0.6228752732276917, 7.569789886474609e-06, -7.91996717453003e-06, 1.1016767024993896, -5.21540641784668e-08, 5.21540641784668e-08, 0.7726442813873291, -0.14074426889419556, -0.01936177909374237, 0.2530275583267212, 2.905726432800293e-07, 1.341104507446289e-07, 0.5432052612304688, -3.933906555175781e-06, 3.6656856536865234e-06, 1.1030573844909668, 1.1354684829711914e-05, -7.696449756622314e-06, 0.8240509629249573, -0.009052641689777374, 0.02387543022632599, 0.3158421516418457, 1.7881393432617188e-07, -2.384185791015625e-07, 0.31536155939102173, -0.0012295078486204147, -0.28040891885757446, 1.0047492980957031, 0.001229485496878624, 0.2804052531719208, 0.17804312705993652, -0.017322629690170288, 4.108577251434326, 1.0979440212249756, -0.0871235728263855, -0.3571859300136566, 0.5555343627929688, 5.695968866348267e-06, -2.9653310775756836e-06, 1.7364656925201416, -3.8370490074157715e-06, -2.864748239517212e-06, 1.6212773323059082, -2.840475644916296e-06, -1.1466443538665771e-05, 0.6033935546875, 0.049088507890701294, -0.4983295500278473, -0.49181756377220154, -3.7550926208496094e-06, 4.172325134277344e-07, 1.7200775146484375, -3.948807716369629e-06, -2.86102294921875e-06, 1.633895754814148, 1.1594966053962708e-07, 7.666647434234619e-06, 0.6061096787452698, 0.038037095218896866, 0.4860987067222595, -0.06373589485883713, 4.522502422332764e-06, -9.685754776000977e-07, 0.49172961711883545, -1.1920928955078125e-07, -4.172325134277344e-07, 0.49173250794410706, 0.14979740977287292, -0.0045154765248298645, 0.2672138512134552, 6.407499313354492e-07, -2.3953616619110107e-06, 0.6228752732276917, 7.614493370056152e-06, -7.62939453125e-06, 1.1016770601272583, 8.940696716308594e-08, 4.470348358154297e-08, 0.7726436853408813, -0.14074447751045227, -0.01936177909374237, 0.25302648544311523, 7.078051567077637e-07, 2.682209014892578e-07, 0.5432052612304688, -4.0531158447265625e-06, 3.635883331298828e-06, 1.103057861328125, 1.1634081602096558e-05, -7.539987564086914e-06, 0.8240512609481812, -0.009052865207195282, 0.0238754004240036, 0.31584131717681885, 1.4901161193847656e-07, -4.470348358154297e-08, 0.31536152958869934, -0.0012292973697185516, -0.2804091274738312, 1.0047496557235718, 0.0012296326458454132, 0.28040483593940735, 0.17804360389709473]
    q (float, 8160):  [0.06556996703147888, 0.9301059246063232, -0.03401574864983559, 0.35978665947914124, 0.34696102142333984, -0.3763155937194824, 0.77847820520401, 0.36328548192977905, -0.3148525655269623, 0.054467931389808655, 0.025361426174640656, 0.9472370147705078, 0.4201653301715851, -0.07609276473522186, 0.1450536996126175, 0.8925415277481079, 0.4068911373615265, 0.007954534143209457, 0.09353039413690567, 0.90864098072052, 0.6441606879234314, -0.4292946457862854, 0.38985466957092285, 0.498774915933609, -0.3460289239883423, -0.033055629581213, -0.0078350231051445, 0.9376085996627808, 0.5496869683265686, 0.10956954210996628, -0.15195848047733307, 0.8140929937362671, 0.4177025854587555, -0.005856269970536232, -0.09709769487380981, 0.9033616781234741, -0.5578139424324036, -0.49575918912887573, -0.5888235569000244, 0.31040847301483154, -0.0536099337041378, 0.017152531072497368, -0.021186912432312965, 0.9981898069381714, 0.030033573508262634, 0.015160037204623222, -0.013494412414729595, 0.9993428587913513, -0.5209138989448547, 0.35564979910850525, -0.4834614396095276, 0.6069819331169128, -0.45665931701660156, -0.30538520216941833, 0.16706761717796326, 0.8187127709388733, 0.466916561126709, -0.6086122393608093, -0.04953652620315552, 0.6396297216415405, 0.2118416428565979, -0.22240835428237915, 0.10072053968906403, 0.9463155269622803, -0.5229611396789551, -0.31229668855667114, 0.451023668050766, 0.6523497104644775, -0.47199535369873047, 0.38937926292419434, -0.12225636839866638, 0.7814458012580872, 0.456257700920105, 0.655157744884491, 0.0082134073600173, 0.6021044850349426, 0.3052738308906555, 0.32079413533210754, 0.07692796736955643, 0.8932979106903076, 0.021848361939191818, 0.03255070373415947, -0.04536880552768707, 0.9982007741928101, -0.3339071273803711, 0.0172097310423851, -0.04617299512028694, 0.941317081451416, 0.13565948605537415, -0.0005947889876551926, -5.481448539512712e-08, 0.9907553791999817, -0.48164692521095276, 0.002111919689923525, 2.450882874427407e-08, 0.8763628005981445, 0.06527706235647202, 0.9302319884300232, -0.03425391763448715, 0.3594912886619568, 0.3469456136226654, -0.37662389874458313, 0.7783770561218262, 0.36319732666015625, -0.3143676221370697, 0.05440772697329521, 0.025359319522976875, 0.9474015831947327, 0.4202221930027008, -0.0758005827665329, 0.1450430154800415, 0.8925414085388184, 0.40689271688461304, 0.007957188412547112, 0.09352835267782211, 0.908640444278717, 0.6441827416419983, -0.42924728989601135, 0.389591246843338, 0.49899306893348694, -0.3446741998195648, -0.032910238951444626, -0.007725478149950504, 0.9381135106086731, 0.5492587685585022, 0.10889057070016861, -0.15203168988227844, 0.8144593834877014, 0.4177081286907196, -0.005865173880010843, -0.09708376973867416, 0.9033605456352234, -0.5578458905220032, -0.4956120252609253, -0.5889232158660889, 0.31039682030677795, -0.0536506287753582, 0.017165815457701683, -0.021178750321269035, 0.9981875419616699, 0.030007271096110344, 0.01517439540475607, -0.013508979231119156, 0.99934321641922, -0.5207628011703491, 0.35586172342300415, -0.48374733328819275, 0.6067596077919006, -0.4578776955604553, -0.30658048391342163, 0.1663505584001541, 0.8177309632301331, 0.46677982807159424, -0.6083835959434509, -0.04950140416622162, 0.6399497389793396, 0.21175804734230042, -0.22260576486587524, 0.10053287446498871, 0.9463077187538147, -0.523739755153656, -0.3126995265483856, 0.45044347643852234, 0.6519328355789185, -0.47137489914894104, 0.3890994191169739, -0.12222873419523239, 0.7819638252258301, 0.45621082186698914, 0.6550126075744629, 0.008251194842159748, 0.6022973656654358, 0.30474546551704407, 0.3207157254219055, 0.07660479098558426, 0.8935341835021973, 0.021770473569631577, 0.03258901461958885, -0.04535785689949989, 0.9982017278671265, -0.3339354991912842, 0.016868822276592255, -0.0463426411151886, 0.9413048624992371, 0.13565942645072937, -0.000594964309129864, 1.880025246592254e-09, 0.9907553791999817, -0.48164698481559753, 0.0021117515861988068, -4.6759392802186994e-08, 0.8763628005981445, 0.0628068745136261, 0.9310340881347656, -0.03627251833677292, 0.35765233635902405, 0.34641018509864807, -0.37979477643966675, 0.777212381362915, 0.36290061473846436, -0.3076140582561493, 0.05357491225004196, 0.02527710050344467, 0.9496654272079468, 0.4190922677516937, -0.07294901460409164, 0.14474767446517944, 0.8933578729629517, 0.40690547227859497, 0.007983758114278316, 0.09350468963384628, 0.9086369872093201, 0.6438416838645935, -0.4289669096469879, 0.387038916349411, 0.5016534924507141, -0.3319835960865021, -0.03153067082166672, -0.006786220241338015, 0.9427335858345032, 0.5445389151573181, 0.10454993695020676, -0.15193994343280792, 0.8182059526443481, 0.4177190065383911, -0.005913960747420788, -0.09701047092676163, 0.903363049030304, -0.5575998425483704, -0.49530696868896484, -0.589043378829956, 0.3110971748828888, -0.05364585295319557, 0.01727430708706379, -0.02108924090862274, 0.9981878399848938, 0.02990643121302128, 0.015252667479217052, -0.013572411611676216, 0.9993441700935364, -0.5202150344848633, 0.3576204180717468, -0.48514440655708313, 0.6050776839256287, -0.4635893404483795, -0.31050899624824524, 0.1630253791809082, 0.8136902451515198, 0.46661537885665894, -0.6078857779502869, -0.04945854842662811, 0.6405457258224487, 0.21013610064983368, -0.2237510234117508, 0.09933202713727951, 0.9465259909629822, -0.5265627503395081, -0.3142792880535126, 0.4484193027019501, 0.6502925753593445, -0.469870001077652, 0.38778364658355713, -0.1211419552564621, 0.7836903929710388, 0.4565402865409851, 0.6553569436073303, 0.008464866317808628, 0.6016698479652405, 0.30250316858291626, 0.3195827007293701, 0.07474825531244278, 0.8948583602905273, 0.021580619737505913, 0.03280435875058174, -0.04526621103286743, 0.998202919960022, -0.3339539170265198, 0.015201963484287262, -0.04717576503753662, 0.9412853717803955, 0.13565856218338013, -0.0005960575072094798, 8.330493983521592e-08, 0.9907554984092712, -0.481647789478302, 0.002110835164785385, -6.411486310753389e-07, 0.8763623237609863, 0.05775114521384239, 0.9324599504470825, -0.04052194580435753, 0.3543180525302887, 0.3445711135864258, -0.387203186750412, 0.7743669748306274, 0.3629053235054016, -0.2900863289833069, 0.05142172425985336, 0.025047508999705315, 0.9552897214889526, 0.4147997796535492, -0.0664522647857666, 0.1437629908323288, 0.896023154258728, 0.40695109963417053, 0.00804036483168602, 0.09344622492790222, 0.9086220264434814, 0.6421517729759216, -0.4288175702095032, 0.3814024329185486, 0.5082210898399353, -0.3032940924167633, -0.02838205359876156, -0.004812978208065033, 0.9524620771408081, 0.5325906872749329, 0.0980086550116539, -0.1508694291114807, 0.8270307779312134, 0.41768696904182434, -0.005966406315565109, -0.09693502634763718, 0.9033856391906738, -0.5560489296913147, -0.4963224232196808, -0.5882012248039246, 0.31383606791496277, -0.05302996188402176, 0.017508070915937424, -0.020935306325554848, 0.998219907283783, 0.029908448457717896, 0.015321706421673298, -0.013594705611467361, 0.9993427395820618, -0.5199675559997559, 0.3612450063228607, -0.4866555631160736, 0.6019154191017151, -0.4661456346511841, -0.30908137559890747, 0.16150358319282532, 0.8130766153335571, 0.4681949019432068, -0.6097128987312317, -0.0498669259250164, 0.6376183032989502, 0.2058427929878235, -0.22498096525669098, 0.09803496301174164, 0.9473127722740173, -0.5264536738395691, -0.3145379424095154, 0.44868597388267517, 0.6500717997550964, -0.4725665748119354, 0.386074423789978, -0.11808183789253235, 0.7833799123764038, 0.4588533937931061, 0.6591886281967163, 0.008788242004811764, 0.595690131187439, 0.30245324969291687, 0.31699737906455994, 0.07196088880300522, 0.8960224986076355, 0.022045057266950607, 0.03307811915874481, -0.04515405744314194, 0.998188853263855, -0.33368852734565735, 0.013763495720922947, -0.047957997769117355, 0.9413620829582214, 0.1356561928987503, -0.00059789844090119, 2.656709625625808e-07, 0.9907557964324951, -0.48164984583854675, 0.002109179040417075, -1.5989216990419663e-06, 0.8763612508773804, 0.05116435885429382, 0.9345958232879639, -0.04633943364024162, 0.3489491045475006, 0.3420794904232025, -0.39686739444732666, 0.7704594135284424, 0.36313945055007935, -0.2674824595451355, 0.04865308478474617, 0.0248589888215065, 0.9620124697685242, 0.40969377756118774, -0.0582270585000515, 0.1423286348581314, 0.899168074131012, 0.40706154704093933, 0.00810274574905634, 0.09337648004293442, 0.9085791707038879, 0.639397144317627, -0.4291344881057739, 0.37401410937309265, 0.516844630241394, -0.26359447836875916, -0.024002259597182274, -0.002204630523920059, 0.9643324017524719, 0.5151259303092957, 0.09058535099029541, -0.149583101272583, 0.8390855193138123, 0.41763269901275635, -0.006001696456223726, -0.09687427431344986, 0.9034170508384705, -0.5533677339553833, -0.49845343828201294, -0.586720883846283, 0.3179418444633484, -0.05192479118704796, 0.01781238242983818, -0.02081875503063202, 0.998275101184845, 0.030011987313628197, 0.015318385325372219, -0.01355606596916914, 0.9993402361869812, -0.5195066332817078, 0.36587440967559814, -0.4884414076805115, 0.5980583429336548, -0.461965411901474, -0.3037087619304657, 0.16378901898860931, 0.8170202970504761, 0.4718226492404938, -0.6145333647727966, -0.05087239667773247, 0.6301936507225037, 0.20155562460422516, -0.22574028372764587, 0.09877679497003555, 0.9479767084121704, -0.5240724682807922, -0.3135559558868408, 0.4504721462726593, 0.6512339115142822, -0.47763901948928833, 0.383329302072525, -0.11518390476703644, 0.7820820212364197, 0.4632912576198578, 0.6665897369384766, 0.00932032149285078, 0.5838942527770996, 0.30572524666786194, 0.31380587816238403, 0.06816523522138596, 0.8963322043418884, 0.023170307278633118, 0.03335410729050636, -0.04512717202305794, 0.998155415058136, -0.3334140479564667, 0.012823829427361488, -0.048694826662540436, 0.9414348006248474, 0.13565239310264587, -0.0006007888005115092, 5.306990260578459e-07, 0.9907563328742981, -0.4816531836986542, 0.0021067578345537186, -3.121135023320676e-06, 0.8763594031333923, 0.044395554810762405, 0.937372624874115, -0.052238479256629944, 0.341515451669693, 0.34130430221557617, -0.4066939651966095, 0.7654059529304504, 0.3636828660964966, -0.2479785680770874, 0.045982372015714645, 0.025781890377402306, 0.9673301577568054, 0.4070720672607422, -0.0510486401617527, 0.14059403538703918, 0.9010658860206604, 0.40730932354927063, 0.008173918351531029, 0.09344528615474701, 0.9084603786468506, 0.6370441317558289, -0.4308612048625946, 0.36523813009262085, 0.5245326161384583, -0.2190515398979187, -0.01933244615793228, 0.0010467877145856619, 0.9755212068557739, 0.49352753162384033, 0.084742471575737, -0.14978188276290894, 0.852534294128418, 0.4176517426967621, -0.005921350792050362, -0.0967811793088913, 0.9034187197685242, -0.5504623055458069, -0.500633955001831, -0.585098385810852, 0.32251647114753723, -0.05068342760205269, 0.01805436983704567, -0.020663488656282425, 0.9983377456665039, 0.03017747774720192, 0.01525949314236641, -0.013462147675454617, 0.999337375164032, -0.5175154805183411, 0.36976346373558044, -0.49132272601127625, 0.5950249433517456, -0.44986990094184875, -0.2967868447303772, 0.17170068621635437, 0.8246536254882812, 0.47746509313583374, -0.6224935054779053, -0.0526217557489872, 0.617867112159729, 0.2017258256673813, -0.2259780317544937, 0.10467272251844406, 0.9472509026527405, -0.5198936462402344, -0.31159839034080505, 0.4533413052558899, 0.6535279154777527, -0.48210904002189636, 0.3814387321472168, -0.11588472872972488, 0.780157744884491, 0.46921542286872864, 0.6762641072273254, 0.009931248612701893, 0.5678072571754456, 0.3114805221557617, 0.3105402886867523, 0.0652298703789711, 0.895706295967102, 0.024655358865857124, 0.03344723582267761, -0.04508395493030548, 0.9981186389923096, -0.33344191312789917, 0.012949264608323574, -0.04935184121131897, 0.9413889646530151, 0.13563421368598938, -0.0006125688669271767, 1.5692795614086208e-06, 0.9907588362693787, -0.4816693067550659, 0.002096702577546239, -9.282334758609068e-06, 0.8763505220413208, 0.04083697870373726, 0.9403676986694336, -0.057602714747190475, 0.33275049924850464, 0.3410636782646179, -0.41036123037338257, 0.7637786269187927, 0.36320996284484863, -0.24560436606407166, 0.045696988701820374, 0.026971571147441864, 0.96791672706604, 0.41106122732162476, -0.04934795945882797, 0.14021220803260803, 0.8994075655937195, 0.4078332185745239, 0.008124975487589836, 0.09358788281679153, 0.9082110524177551, 0.6355029344558716, -0.4321417808532715, 0.36033591628074646, 0.5287225842475891, -0.18988768756389618, -0.016161467880010605, 0.003016517963260412, 0.9816681742668152, 0.47843363881111145, 0.08205185830593109, -0.15055973827838898, 0.8612203598022461, 0.4183215796947479, -0.005684723146259785, -0.09703116863965988, 0.9030834436416626, -0.5485066771507263, -0.5020844340324402, -0.5843096971511841, 0.3250138461589813, -0.04984118416905403, 0.01808040775358677, -0.020726043730974197, 0.998378336429596, 0.03020658902823925, 0.014980943873524666, -0.013383709825575352, 0.9993417859077454, -0.5111575126647949, 0.37168973684310913, -0.49858057498931885, 0.5932809114456177, -0.436155766248703, -0.29720455408096313, 0.18243035674095154, 0.8295521140098572, 0.4820810854434967, -0.629402220249176, -0.05401322618126869, 0.6070694327354431, 0.2056867480278015, -0.22517022490501404, 0.10983435809612274, 0.9460062384605408, -0.5167722105979919, -0.31048819422721863, 0.45553988218307495, 0.6550015211105347, -0.4824753701686859, 0.3825992941856384, -0.12116557359695435, 0.7785590887069702, 0.47386592626571655, 0.6835720539093018, 0.010318080894649029, 0.5550441145896912, 0.31674686074256897, 0.3131772577762604, 0.06529662758111954, 0.892932116985321, 0.02591725066304207, 0.03336213156580925, -0.045176584273576736, 0.9980853199958801, -0.3328305184841156, 0.014389983378350735, -0.04950227588415146, 0.9415764808654785, 0.13562685251235962, -0.0006199034396559, 2.36623623095511e-06, 0.9907598495483398, -0.48167580366134644, 0.0020902559626847506, -1.308111040998483e-05, 0.876347005367279, 0.04076399281620979, 0.9430445432662964, -0.06091196835041046, 0.3244919180870056, 0.3412353992462158, -0.41008493304252625, 0.7645712494850159, 0.3616899251937866, -0.25688987970352173, 0.04715440794825554, 0.028595006093382835, 0.964866042137146, 0.4201394319534302, -0.05055050179362297, 0.14106222987174988, 0.8950022459030151, 0.4081188440322876, 0.008114295080304146, 0.0936070904135704, 0.9080808758735657, 0.6360256671905518, -0.4334335923194885, 0.359076589345932, 0.5278927683830261, -0.18010470271110535, -0.015109123662114143, 0.0039353505708277225, 0.9835235476493835, 0.4713221490383148, 0.0838295966386795, -0.15226951241493225, 0.8646629452705383, 0.4196375608444214, -0.005282561760395765, -0.09758759289979935, 0.9024151563644409, -0.5472369194030762, -0.5021218061447144, -0.585188627243042, 0.32551470398902893, -0.04962708801031113, 0.018148185685276985, -0.021022167056798935, 0.9983816146850586, 0.030121436342597008, 0.014633347280323505, -0.013316520489752293, 0.9993504285812378, -0.5049334168434143, 0.37018004059791565, -0.5047748684883118, 0.5943158864974976, -0.42299744486808777, -0.2995684742927551, 0.19406870007514954, 0.8328680396080017, 0.48470017313957214, -0.6336085200309753, -0.0547497421503067, 0.6005068421363831, 0.21110659837722778, -0.22450757026672363, 0.11299961805343628, 0.9445959329605103, -0.5168594717979431, -0.3096383512020111, 0.45441964268684387, 0.6561122536659241, -0.47974321246147156, 0.38302767276763916, -0.12867581844329834, 0.7788317203521729, 0.47683653235435486, 0.687897264957428, 0.010749435983598232, 0.5470911264419556, 0.32196030020713806, 0.31693002581596375, 0.06509169191122055, 0.8897528052330017, 0.026525018736720085, 0.0332903228700161, -0.045531488955020905, 0.998055636882782, -0.33183762431144714, 0.01613321527838707, -0.049178607761859894, 0.9419156312942505, 0.13562311232089996, -0.0006255341577343643, 3.042805701625184e-06, 0.990760326385498, -0.4816790819168091, 0.0020853630267083645, -1.5886887922533788e-05, 0.8763452768325806, 0.043554071336984634, 0.9450792670249939, -0.06131980940699577, 0.31806936860084534, 0.3423178791999817, -0.40714016556739807, 0.7666681408882141, 0.35954880714416504, -0.2783712148666382, 0.04988947883248329, 0.03041505441069603, 0.9586946368217468, 0.4326528310775757, -0.05416766554117203, 0.14228971302509308, 0.8886118531227112, 0.4080789089202881, 0.00814320333302021, 0.09351135790348053, 0.9081084728240967, 0.6392929553985596, -0.4346950650215149, 0.3607388138771057, 0.5217395424842834, -0.19004879891872406, -0.016210872679948807, 0.003937654662877321, 0.9816329479217529, 0.4727707505226135, 0.09010337293148041, -0.1550757884979248, 0.8627402782440186, 0.41983672976493835, -0.005140820983797312, -0.09773753583431244, 0.9023070931434631, -0.546698272228241, -0.5006402730941772, -0.5874671339988708, 0.3245965242385864, -0.05006684735417366, 0.01834116131067276, -0.021372968330979347, 0.9983487129211426, 0.029998967424035072, 0.014348998665809631, -0.013280561193823814, 0.9993587136268616, -0.5004341006278992, 0.3665921092033386, -0.5085844993591309, 0.5970911383628845, -0.41320741176605225, -0.30354371666908264, 0.2040380835533142, 0.8339599967002869, 0.484989732503891, -0.6344054341316223, -0.05474931746721268, 0.5994306802749634, 0.21688483655452728, -0.22504080832004547, 0.11331627517938614, 0.9431208968162537, -0.5203808546066284, -0.30852174758911133, 0.44948825240135193, 0.657250702381134, -0.4748777747154236, 0.381729394197464, -0.13634093105793, 0.7811433672904968, 0.4777803421020508, 0.6887279748916626, 0.0111286835744977, 0.5452117919921875, 0.3244214951992035, 0.32059597969055176, 0.06404547393321991, 0.8876187801361084, 0.026363220065832138, 0.03337375819683075, -0.045992083847522736, 0.9980360269546509, -0.331283301115036, 0.018023965880274773, -0.048553287982940674, 0.9421088695526123, 0.13562346994876862, -0.0006292013567872345, 3.4390154723951127e-06, 0.9907602667808533, -0.4816787838935852, 0.0020822768565267324, -1.7736441805027425e-05, 0.8763453960418701, 0.04821963980793953, 0.9463819265365601, -0.058107830584049225, 0.31410133838653564, 0.344464510679245, -0.4028831720352173, 0.7691741585731506, 0.3569321632385254, -0.3063172399997711, 0.05342782288789749, 0.032071035355329514, 0.949887752532959, 0.4470801055431366, -0.05967016518115997, 0.14229393005371094, 0.8810853362083435, 0.4080694913864136, 0.00811202172189951, 0.09350014477968216, 0.9081140756607056, 0.6454482674598694, -0.43614882230758667, 0.3643776476383209, 0.5102936029434204, -0.21735821664333344, -0.019203152507543564, 0.003126399125903845, 0.975898027420044, 0.48199018836021423, 0.10068730264902115, -0.15882335603237152, 0.855758547782898, 0.4178333878517151, -0.005527868866920471, -0.09703539311885834, 0.9033099412918091, -0.5466803312301636, -0.4981110095977783, -0.5905435085296631, 0.32293105125427246, -0.05104192718863487, 0.01875985600054264, -0.02169286273419857, 0.998284637928009, 0.02993806079030037, 0.014234412461519241, -0.013317663222551346, 0.9993616938591003, -0.49683231115341187, 0.3618800640106201, -0.5112796425819397, 0.6006609797477722, -0.4166696071624756, -0.3080192506313324, 0.20967350900173187, 0.8291849493980408, 0.4835933446884155, -0.632262110710144, -0.05425151064991951, 0.6028589010238647, 0.22007493674755096, -0.22613950073719025, 0.11021769791841507, 0.9424861073493958, -0.5263262391090393, -0.30717727541923523, 0.44202858209609985, 0.6582048535346985, -0.4684760570526123, 0.3808485269546509, -0.14076384902000427, 0.7846465110778809, 0.47544965147972107, 0.6846011281013489, 0.011167602613568306, 0.5523985624313354, 0.3272554874420166, 0.3195532560348511, 0.06538958847522736, 0.8868561387062073, 0.025497304275631905, 0.033761218190193176, -0.0464634895324707, 0.9980236887931824, -0.3318365514278412, 0.020338023081421852, -0.047816384583711624, 0.9419047236442566, 0.13562995195388794, -0.0006309090531431139, 3.611040256146225e-06, 0.9907593727111816, -0.4816732406616211, 0.0020807324908673763, -1.864873593149241e-05, 0.8763484358787537, 0.05338198319077492, 0.9470695853233337, -0.053290098905563354, 0.3120412528514862, 0.346201092004776, -0.39919814467430115, 0.7711873054504395, 0.3550433814525604, -0.3311937153339386, 0.05655452981591225, 0.03303490951657295, 0.9412869215011597, 0.45914554595947266, -0.06450508534908295, 0.14351752400398254, 0.8743152618408203, 0.408100426197052, 0.008062586188316345, 0.09352140873670578, 0.9080984592437744, 0.6501858830451965, -0.43907400965690613, 0.36830586194992065, 0.49882176518440247, -0.2455279678106308, -0.022263551130890846, 0.001978188520297408, 0.9691318273544312, 0.4920538663864136, 0.11178068071603775, -0.16235198080539703, 0.8479563593864441, 0.4175034165382385, -0.0055532315745949745, -0.09701750427484512, 0.9034642577171326, -0.547260046005249, -0.49553170800209045, -0.5933966636657715, 0.3206793963909149, -0.0521407425403595, 0.019123557955026627, -0.02197493426501751, 0.9982147812843323, 0.029938410967588425, 0.014246580190956593, -0.013391506858170033, 0.9993605017662048, -0.4967750608921051, 0.3591403365135193, -0.5107088685035706, 0.6028342843055725, -0.4292749762535095, -0.310739666223526, 0.20802119374275208, 0.8221259713172913, 0.4820531904697418, -0.6296012997627258, -0.053735047578811646, 0.6069098711013794, 0.22132469713687897, -0.2262355387210846, 0.10554569214582443, 0.9427051544189453, -0.5311686396598816, -0.30671975016593933, 0.436707079410553, 0.6580804586410522, -0.4635438323020935, 0.3835166394710541, -0.14258140325546265, 0.7859469652175903, 0.47012487053871155, 0.6758711338043213, 0.010680988430976868, 0.5675092339515686, 0.3260132074356079, 0.31853795051574707, 0.06911357492208481, 0.8873963356018066, 0.024332676082849503, 0.03413631394505501, -0.04684009775519371, 0.9980223774909973, -0.3326064944267273, 0.022811461240053177, -0.047075603157281876, 0.9416137933731079, 0.13563980162143707, -0.0006304333219304681, 3.607759026635904e-06, 0.9907580018043518, -0.48166441917419434, 0.002081091981381178, -1.836275987443514e-05, 0.8763533234596252, 0.05666624754667282, 0.9469634890556335, -0.04898715019226074, 0.312488853931427, 0.34761008620262146, -0.3975652754306793, 0.7717486619949341, 0.3542782962322235, -0.34388211369514465, 0.05812060087919235, 0.03308307006955147, 0.9366283416748047, 0.4645974934101105, -0.06685154139995575, 0.14434657990932465, 0.871116578578949, 0.40803107619285583, 0.008044899441301823, 0.0935354232788086, 0.9081283211708069, 0.6522157192230225, -0.4420008063316345, 0.37076762318611145, 0.49171268939971924, -0.2628786563873291, -0.024132898077368736, 0.0009217456099577248, 0.9645266532897949, 0.4981628656387329, 0.11941277235746384, -0.16428734362125397, 0.8429614901542664, 0.4174097180366516, -0.005565539468079805, -0.09707029908895493, 0.9035018086433411, -0.5481325387954712, -0.4934300482273102, -0.5953561067581177, 0.31879255175590515, -0.052979227155447006, 0.01938716322183609, -0.022093240171670914, 0.9981629252433777, 0.02992553636431694, 0.014343573711812496, -0.013433839194476604, 0.9993589520454407, -0.49974650144577026, 0.36089247465133667, -0.5082791447639465, 0.6013838052749634, -0.4402792751789093, -0.31441622972488403, 0.20152060687541962, 0.8165084719657898, 0.4801826477050781, -0.6263442039489746, -0.05328253284096718, 0.6117831468582153, 0.22206944227218628, -0.22562305629253387, 0.10162078589200974, 0.9431079626083374, -0.53328937292099, -0.30690687894821167, 0.4349598288536072, 0.65743488073349, -0.4647971987724304, 0.3869682848453522, -0.14127588272094727, 0.7837476134300232, 0.4651256203651428, 0.667671263217926, 0.010244302451610565, 0.5811784267425537, 0.3201971650123596, 0.3200862407684326, 0.07050275057554245, 0.8888464570045471, 0.023256676271557808, 0.03447659686207771, -0.047049347311258316, 0.9980264902114868, -0.33272936940193176, 0.024824388325214386, -0.0461624376475811, 0.941564679145813, 0.13564705848693848, -0.0006286281859502196, 3.416936579014873e-06, 0.9907570481300354, -0.4816579818725586, 0.002082686172798276, -1.74052420334192e-05, 0.8763567805290222, 0.05653545260429382, 0.9461829662322998, -0.04643750935792923, 0.3152540922164917, 0.3489244282245636, -0.3983023762702942, 0.7707359194755554, 0.35436299443244934, -0.34109237790107727, 0.057720720767974854, 0.03224360570311546, 0.9377018213272095, 0.46201518177986145, -0.0654769316315651, 0.14428076148033142, 0.8726040720939636, 0.4078749120235443, 0.00806872732937336, 0.0935361310839653, 0.9081982374191284, 0.6520863175392151, -0.4431230425834656, 0.3712015748023987, 0.4905453622341156, -0.2655315697193146, -0.024402670562267303, 0.00025371613446623087, 0.9637932777404785, 0.49876224994659424, 0.12178505957126617, -0.16439400613307953, 0.8422465324401855, 0.417349636554718, -0.005613340530544519, -0.09708629548549652, 0.903527557849884, -0.5485613346099854, -0.4924699664115906, -0.5962032079696655, 0.3179554343223572, -0.053357359021902084, 0.019601713865995407, -0.022130582481622696, 0.9981377720832825, 0.02987556904554367, 0.014551844447851181, -0.013431467115879059, 0.9993574619293213, -0.505121111869812, 0.3657093048095703, -0.5041201710700989, 0.5974715352058411, -0.44715389609336853, -0.31710386276245117, 0.19237744808197021, 0.8139345049858093, 0.478083074092865, -0.6227225661277771, -0.052983637899160385, 0.6171271800994873, 0.2226574569940567, -0.22444163262844086, 0.1000460833311081, 0.9434195160865784, -0.5324828624725342, -0.30689379572868347, 0.4363711476325989, 0.6571593880653381, -0.47336938977241516, 0.38882994651794434, -0.13678857684135437, 0.7784738540649414, 0.46219685673713684, 0.6628028750419617, 0.010019099339842796, 0.5890382528305054, 0.315819650888443, 0.32152438163757324, 0.07086562365293503, 0.8898640871047974, 0.02249002642929554, 0.03478185832500458, -0.04720454663038254, 0.9980261325836182, -0.33236053586006165, 0.02627306617796421, -0.04504380375146866, 0.9417097568511963, 0.13564953207969666, -0.0006259460933506489, 3.1386980481329374e-06, 0.9907566905021667, -0.48165589570999146, 0.002085024258121848, -1.6039690308389254e-05, 0.8763579726219177, 0.05286940187215805, 0.9449061155319214, -0.047386541962623596, 0.3195492923259735, 0.3486594259738922, -0.40045472979545593, 0.7695005536079407, 0.3548823595046997, -0.3220739960670471, 0.055286165326833725, 0.03065408766269684, 0.9446015357971191, 0.45108965039253235, -0.060011886060237885, 0.1433928906917572, 0.8788374662399292, 0.40768560767173767, 0.008133186027407646, 0.09349483996629715, 0.9082868695259094, 0.6494070887565613, -0.44091740250587463, 0.37057697772979736, 0.49652284383773804, -0.2526785135269165, -0.023002294823527336, 0.0002833291655406356, 0.9672768115997314, 0.49437445402145386, 0.1162160262465477, -0.16200034320354462, 0.8460754752159119, 0.4173320531845093, -0.005705195479094982, -0.09702570736408234, 0.903541624546051, -0.5482883453369141, -0.4930022060871124, -0.5956164598464966, 0.3187004029750824, -0.053142696619033813, 0.01983904279768467, -0.02206237241625786, 0.9981460571289062, 0.029786881059408188, 0.014913665130734444, -0.013464048504829407, 0.999354362487793, -0.5103631019592285, 0.370396226644516, -0.49999019503593445, 0.5935873985290527, -0.45442840456962585, -0.3174147307872772, 0.18111777305603027, 0.8123663663864136, 0.4762514531612396, -0.6195209622383118, -0.052788518369197845, 0.6217650175094604, 0.22327369451522827, -0.22315049171447754, 0.09916295111179352, 0.9436733722686768, -0.5333206057548523, -0.3069739043712616, 0.43590638041496277, 0.6567509770393372, -0.4832911193370819, 0.38534775376319885, -0.1303938925266266, 0.7751995325088501, 0.4632720649242401, 0.6641401648521423, 0.010354076512157917, 0.586676836013794, 0.3151000440120697, 0.32067763805389404, 0.07032343000173569, 0.8904675841331482, 0.022225650027394295, 0.03505539894104004, -0.047216277569532394, 0.9980219602584839, -0.33192986249923706, 0.02629009634256363, -0.044160500168800354, 0.9419029951095581, 0.13564665615558624, -0.0006227530539035797, 2.72744546236936e-06, 0.9907571077346802, -0.48165830969810486, 0.0020877898205071688, -1.4431750059884507e-05, 0.8763566613197327, 0.04857221618294716, 0.943167507648468, -0.05196984112262726, 0.3246151804924011, 0.3456249535083771, -0.4013107717037201, 0.7700164318084717, 0.3557637333869934, -0.2952701449394226, 0.05193054676055908, 0.028883449733257294, 0.9535641670227051, 0.43549591302871704, -0.05406617745757103, 0.1420241743326187, 0.8872706890106201, 0.40752801299095154, 0.008201359771192074, 0.09342196583747864, 0.908364474773407, 0.6438659429550171, -0.4361788034439087, 0.37140223383903503, 0.5071933269500732, -0.23396563529968262, -0.020971247926354408, 0.0008024533744901419, 0.9720183610916138, 0.48954978585243225, 0.10363131761550903, -0.1571570485830307, 0.8514124751091003, 0.4173707962036133, -0.005821359809488058, -0.09690748155117035, 0.9035356640815735, -0.5486149787902832, -0.49417635798454285, -0.5937539339065552, 0.3197932243347168, -0.05267122760415077, 0.019775575026869774, -0.021770033985376358, 0.9981787204742432, 0.0296479519456625, 0.015216674655675888, -0.01351552177220583, 0.9993531703948975, -0.5136050581932068, 0.3718952536582947, -0.49705076217651367, 0.5923211574554443, -0.46107861399650574, -0.3162092864513397, 0.17154042422771454, 0.8111671209335327, 0.47516539692878723, -0.617798388004303, -0.05264250561594963, 0.6243171095848083, 0.224256232380867, -0.22215119004249573, 0.09915848076343536, 0.9436766505241394, -0.5355939269065857, -0.3073621988296509, 0.4338633120059967, 0.6560718417167664, -0.4896259009838104, 0.3797111213207245, -0.12626376748085022, 0.774689257144928, 0.46641063690185547, 0.6686675548553467, 0.011105993762612343, 0.5789831876754761, 0.31573089957237244, 0.3207886219024658, 0.06597020477056503, 0.8905372619628906, 0.022288450971245766, 0.03497137501835823, -0.046860240399837494, 0.9980402588844299, -0.3316056728363037, 0.025456370785832405, -0.044127438217401505, 0.9420416355133057, 0.1356404721736908, -0.0006193281151354313, 2.2560170691576786e-06, 0.990757942199707, -0.4816638231277466, 0.0020908524747937918, -1.278882882616017e-05, 0.8763535618782043, 0.04519939795136452, 0.9410418272018433, -0.05821993947029114, 0.33016324043273926, 0.34172964096069336, -0.399203896522522, 0.772346019744873, 0.35684552788734436, -0.2699772119522095, 0.048796892166137695, 0.027379585430026054, 0.9612395763397217, 0.41910362243652344, -0.05078935995697975, 0.14067722856998444, 0.8955347537994385, 0.40738391876220703, 0.008240915834903717, 0.09337347000837326, 0.908433735370636, 0.6371946930885315, -0.430178701877594, 0.37521934509277344, 0.5178220272064209, -0.22012938559055328, -0.019447222352027893, 0.0012118011945858598, 0.9752760529518127, 0.4874367415904999, 0.08987633138895035, -0.1517721563577652, 0.855156660079956, 0.41743138432502747, -0.005932345055043697, -0.09679733961820602, 0.9035187363624573, -0.5496622323989868, -0.4953923225402832, -0.591558575630188, 0.3201819360256195, -0.05226171761751175, 0.019308948889374733, -0.021426767110824585, 0.9982168078422546, 0.029459480196237564, 0.015417908318340778, -0.013567134737968445, 0.9993550181388855, -0.5156055688858032, 0.3713638186454773, -0.49486514925956726, 0.592746376991272, -0.4670456647872925, -0.31504151225090027, 0.1642700731754303, 0.8097113966941833, 0.474592000246048, -0.6170374155044556, -0.052540820091962814, 0.6255131363868713, 0.22550196945667267, -0.2213597297668457, 0.09975720942020416, 0.94350266456604, -0.5367943644523621, -0.30786314606666565, 0.43301013112068176, 0.6554192304611206, -0.4921180009841919, 0.37685447931289673, -0.12404926866292953, 0.7748627662658691, 0.4690060019493103, 0.6725565791130066, 0.011724687181413174, 0.5723316669464111, 0.31751254200935364, 0.32175126671791077, 0.0617593415081501, 0.8898582458496094, 0.022389691323041916, 0.03448580577969551, -0.04630772024393082, 0.9980807304382324, -0.3314298391342163, 0.024154560640454292, -0.044685836881399155, 0.9421114921569824, 0.13563357293605804, -0.00061565957730636, 1.8391244793747319e-06, 0.9907588958740234, -0.4816698431968689, 0.0020940613467246294, -1.0979116268572398e-05, 0.8763502836227417, 0.04354735091328621, 0.9386922121047974, -0.06439036130905151, 0.3358786106109619, 0.3382396697998047, -0.39393720030784607, 0.7760001420974731, 0.35809391736984253, -0.25126492977142334, 0.04650145396590233, 0.02632034383714199, 0.966442346572876, 0.4044283330440521, -0.05123908817768097, 0.13991473615169525, 0.9023503661155701, 0.4072447717189789, 0.008242442272603512, 0.09337253123521805, 0.9084962010383606, 0.6310604810714722, -0.4235982894897461, 0.3823287785053253, 0.525501549243927, -0.2173679918050766, -0.01910148374736309, 0.0011684919008985162, 0.9759021401405334, 0.48992273211479187, 0.07819008082151413, -0.14690901339054108, 0.8557334542274475, 0.4174956977367401, -0.006022385321557522, -0.0967281311750412, 0.9034958481788635, -0.5512598752975464, -0.4955998957157135, -0.5901252031326294, 0.31975868344306946, -0.05223895236849785, 0.0187296774238348, -0.02106812782585621, 0.9982366561889648, 0.029181137681007385, 0.015575389377772808, -0.013626978732645512, 0.9993599057197571, -0.5169843435287476, 0.369747132062912, -0.4930344521999359, 0.5940802693367004, -0.47126850485801697, -0.31457629799842834, 0.15946729481220245, 0.8084045648574829, 0.4743347465991974, -0.6168115139007568, -0.05247886851429939, 0.6259361505508423, 0.22692814469337463, -0.22069905698299408, 0.10066557675600052, 0.9432189464569092, -0.5376917123794556, -0.30868858098983765, 0.4327104985713959, 0.6544926762580872, -0.48915237188339233, 0.3780580759048462, -0.12302025407552719, 0.7763170003890991, 0.4700998365879059, 0.6744450926780701, 0.011914453469216824, 0.5691994428634644, 0.32251012325286865, 0.3226848840713501, 0.06057096645236015, 0.887802243232727, 0.02217922732234001, 0.03390233591198921, -0.04571345075964928, 0.9981327652931213, -0.3310488164424896, 0.022188343107700348, -0.04546314477920532, 0.9422565698623657, 0.1356276422739029, -0.0006119897007010877, 1.5011936511655222e-06, 0.9907597303390503, -0.4816751480102539, 0.002097191521897912, -9.08954916667426e-06, 0.8763473033905029, 0.04505423828959465, 0.9364868998527527, -0.069130077958107, 0.34085702896118164, 0.335359662771225, -0.38438549637794495, 0.7817144989967346, 0.35875359177589417, -0.24671335518360138, 0.04600594937801361, 0.025903688743710518, 0.9676492214202881, 0.3954103887081146, -0.05656106770038605, 0.14015531539916992, 0.9059845209121704, 0.40712791681289673, 0.008194108493626118, 0.09341958910226822, 0.9085441827774048, 0.6264597773551941, -0.4173099100589752, 0.39379048347473145, 0.5275694727897644, -0.23240523040294647, -0.020666277036070824, 0.00020067862351424992, 0.9723994731903076, 0.4991307556629181, 0.07217773795127869, -0.1438559740781784, 0.8514483571052551, 0.41753438115119934, -0.006071646697819233, -0.09674440324306488, 0.9034759402275085, -0.5533046126365662, -0.49417543411254883, -0.5904886722564697, 0.3177544176578522, -0.05288030207157135, 0.018176227807998657, -0.02088085189461708, 0.9982170462608337, 0.028799761086702347, 0.015656817704439163, -0.013699617236852646, 0.9993686676025391, -0.5179274678230286, 0.3673074543476105, -0.4914438724517822, 0.5960866212844849, -0.47284671664237976, -0.3161103129386902, 0.15764112770557404, 0.8072419166564941, 0.4743252396583557, -0.6170108318328857, -0.05243298038840294, 0.6257507801055908, 0.22853520512580872, -0.22017723321914673, 0.10160969197750092, 0.9428516030311584, -0.5405550599098206, -0.30971643328666687, 0.43042823672294617, 0.6531519889831543, -0.4801788628101349, 0.3808148503303528, -0.12401647865772247, 0.7804026007652283, 0.4685443937778473, 0.6722623109817505, 0.01181633211672306, 0.5730531215667725, 0.3316912055015564, 0.3252629041671753, 0.06117594614624977, 0.8834266066551208, 0.021379319950938225, 0.03335127979516983, -0.04532155022025108, 0.9981866478919983, -0.3303142488002777, 0.019992314279079437, -0.046128783375024796, 0.942531168460846, 0.13562506437301636, -0.0006080250022932887, 1.180180220217153e-06, 0.990760087966919, -0.48167747259140015, 0.002100561512634158, -7.008729426161153e-06, 0.8763460516929626, 0.04989757388830185, 0.9338334798812866, -0.0717427060008049, 0.34686926007270813, 0.3344500660896301, -0.3698081970214844, 0.789356529712677, 0.35819172859191895, -0.25918376445770264, 0.04773775115609169, 0.025799956172704697, 0.9643024206161499, 0.39385658502578735, -0.06594158709049225, 0.14125972986221313, 0.9058555960655212, 0.40704429149627686, 0.00809828843921423, 0.09345260262489319, 0.9085791110992432, 0.6234868764877319, -0.41186821460723877, 0.40717899799346924, 0.5251989364624023, -0.26358097791671753, -0.023918524384498596, -0.0017812054138630629, 0.9643390774726868, 0.5147570371627808, 0.07202266901731491, -0.1433197408914566, 0.8421979546546936, 0.4175550043582916, -0.006073904689401388, -0.09683244675397873, 0.9034569263458252, -0.556212306022644, -0.4916215240955353, -0.5919820070266724, 0.31383681297302246, -0.05403819680213928, 0.01754830591380596, -0.02081182412803173, 0.9981676936149597, 0.028338393196463585, 0.015489419922232628, -0.013730140402913094, 0.9993840456008911, -0.5177730321884155, 0.363107293844223, -0.4905543029308319, 0.5995170474052429, -0.4727244973182678, -0.31988242268562317, 0.15868383646011353, 0.8056216835975647, 0.47472476959228516, -0.6179949045181274, -0.0523822084069252, 0.6244796514511108, 0.23048874735832214, -0.2199190855026245, 0.10203521698713303, 0.9423902630805969, -0.546394407749176, -0.3122914135456085, 0.42592933773994446, 0.6500087976455688, -0.4683947265148163, 0.3834405243396759, -0.12776845693588257, 0.7856557369232178, 0.4637713134288788, 0.6645575761795044, 0.011898975819349289, 0.5857796669006348, 0.34491682052612305, 0.3284483551979065, 0.059292636811733246, 0.8772904276847839, 0.020156603306531906, 0.032767172902822495, -0.04507720470428467, 0.9982424974441528, -0.3296643793582916, 0.01740659773349762, -0.04640600085258484, 0.9427962899208069, 0.13563501834869385, -0.0006017856649123132, 5.710521122637147e-07, 0.9907587170600891, -0.4816686511039734, 0.00210593338124454, -3.7493041418201756e-06, 0.8763508796691895, 0.05672001466155052, 0.9301320910453796, -0.07083898037672043, 0.35583558678627014, 0.33665862679481506, -0.3548988401889801, 0.7956264615058899, 0.3573322296142578, -0.28015851974487305, 0.05042935535311699, 0.02584647946059704, 0.9582797288894653, 0.3970074951648712, -0.07551634311676025, 0.1423896700143814, 0.903552770614624, 0.40697914361953735, 0.008004629984498024, 0.0934809148311615, 0.9086061716079712, 0.6225376725196838, -0.40852800011634827, 0.41634565591812134, 0.5217355489730835, -0.2993437349796295, -0.02777804248034954, -0.004290013574063778, 0.9537312388420105, 0.5319929718971252, 0.07544473558664322, -0.14476865530014038, 0.8308631777763367, 0.4176223874092102, -0.006042893044650555, -0.09691029787063599, 0.9034176468849182, -0.5597329139709473, -0.48830461502075195, -0.5941318869590759, 0.3086504638195038, -0.055630024522542953, 0.016895191743969917, -0.02076726406812668, 0.9980924725532532, 0.02787695825099945, 0.015166779980063438, -0.013714493252336979, 0.9994022250175476, -0.5157296061515808, 0.3564265966415405, -0.4908771812915802, 0.6049980521202087, -0.4710034430027008, -0.3266540467739105, 0.16203343868255615, 0.8032422661781311, 0.47538572549819946, -0.6197277307510376, -0.0522071048617363, 0.6222703456878662, 0.2327721267938614, -0.21998658776283264, 0.10182994604110718, 0.9418352842330933, -0.5533928871154785, -0.3155782222747803, 0.42058244347572327, 0.6459699869155884, -0.45743268728256226, 0.3846825063228607, -0.13392460346221924, 0.7904675006866455, 0.4575311839580536, 0.6540586352348328, 0.012085672467947006, 0.6022678017616272, 0.35499125719070435, 0.33171483874320984, 0.05723978951573372, 0.8721640706062317, 0.01855619251728058, 0.032237883657217026, -0.04493139311671257, 0.998297393321991, -0.3292272686958313, 0.014076948165893555, -0.04614609107375145, 0.9430174231529236, 0.1356457620859146, -0.0005963438306935132, 1.0105116388103852e-07, 0.9907572269439697, -0.4816591441631317, 0.0021105941850692034, -8.30450517241843e-07, 0.8763561248779297, 0.06391078978776932, 0.9254102110862732, -0.06754286587238312, 0.3673817217350006, 0.3415071964263916, -0.3416292667388916, 0.7999013066291809, 0.3561183214187622, -0.30340760946273804, 0.05321377143263817, 0.025904569774866104, 0.9510210752487183, 0.40265873074531555, -0.0828678235411644, 0.14314837753772736, 0.9002818465232849, 0.4069386422634125, 0.007931457832455635, 0.09351672232151031, 0.9086213111877441, 0.6224260330200195, -0.40768614411354065, 0.4205280542373657, 0.5191666483879089, -0.3314704895019531, -0.0313805490732193, -0.007076873444020748, 0.9429170489311218, 0.5471208095550537, 0.08104200661182404, -0.14739350974559784, 0.8199793696403503, 0.41774311661720276, -0.005995235405862331, -0.0969747006893158, 0.9033552408218384, -0.5630726218223572, -0.4859843850135803, -0.5961418151855469, 0.30229681730270386, -0.05723751336336136, 0.015992173925042152, -0.021020738407969475, 0.9980111718177795, 0.02753390185534954, 0.014797517098486423, -0.013702256605029106, 0.9994174242019653, -0.5123722553253174, 0.3484727740287781, -0.4919063150882721, 0.6116123199462891, -0.47015008330345154, -0.33612728118896484, 0.16799432039260864, 0.7985958456993103, 0.4760867953300476, -0.6214842796325684, -0.05194316431879997, 0.620000422000885, 0.234463170170784, -0.22015275061130524, 0.10020343959331512, 0.9415514469146729, -0.5614179968833923, -0.31875720620155334, 0.41386187076568604, 0.6418115496635437, -0.4464397132396698, 0.383588045835495, -0.14185623824596405, 0.7958822846412659, 0.45138785243034363, 0.6432816386222839, 0.012132134288549423, 0.6182965040206909, 0.36091750860214233, 0.3374311625957489, 0.057382527738809586, 0.8675171732902527, 0.017048429697752, 0.03145771473646164, -0.04500464349985123, 0.9983458518981934, -0.32929545640945435, 0.010316627100110054, -0.04553680866956711, 0.9430718421936035, 0.13564711809158325, -0.0005924679571762681, -2.407603290066618e-07, 0.9907570481300354, -0.4816577434539795, 0.002113951137289405, 1.2218631582072703e-06, 0.8763568997383118, 0.06917761266231537, 0.92078697681427, -0.06323201209306717, 0.3786390423774719, 0.34604910016059875, -0.3343665599822998, 0.8012635707855225, 0.3555638790130615, -0.3191363513469696, 0.05506918579339981, 0.024952242150902748, 0.9457784295082092, 0.40737172961235046, -0.08619093894958496, 0.1438939869403839, 0.8977270722389221, 0.4069659411907196, 0.00782798882573843, 0.09348546713590622, 0.9086132049560547, 0.621423602104187, -0.40988174080848694, 0.41863343119621277, 0.5201689004898071, -0.34873199462890625, -0.033220481127500534, -0.010264664888381958, 0.936577320098877, 0.5559174418449402, 0.08623034507036209, -0.14931847155094147, 0.8131569027900696, 0.41791343688964844, -0.005987693089991808, -0.09708500653505325, 0.9032646417617798, -0.5642448663711548, -0.4874945282936096, -0.5976057052612305, 0.2946937084197998, -0.05824846401810646, 0.01456556934863329, -0.022245125845074654, 0.9979479908943176, 0.0274474136531353, 0.014296319335699081, -0.013720562681555748, 0.9994268417358398, -0.5052600502967834, 0.3371848464012146, -0.4951885938644409, 0.6211336255073547, -0.474373996257782, -0.34679746627807617, 0.18184779584407806, 0.7884365916252136, 0.4779406487941742, -0.6244680881500244, -0.05172768607735634, 0.6155782341957092, 0.23355521261692047, -0.22048726677894592, 0.09314331412315369, 0.9424232840538025, -0.570102870464325, -0.3195134997367859, 0.40466293692588806, 0.6396419405937195, -0.4336227774620056, 0.38111796975135803, -0.15228959918022156, 0.8022021651268005, 0.4460121989250183, 0.6336269378662109, 0.011958214454352856, 0.6320182085037231, 0.3737216591835022, 0.3466443121433258, 0.06375700235366821, 0.8579655885696411, 0.01644377037882805, 0.030030131340026855, -0.04579240828752518, 0.9983640909194946, -0.330504834651947, 0.008310159668326378, -0.04455961659550667, 0.9427151679992676, 0.1356346309185028, -0.0005842673126608133, -1.0288366638633306e-06, 0.9907587766647339, -0.4816688001155853, 0.0021209586411714554, 5.425159997685114e-06, 0.8763508200645447, 0.06922059506177902, 0.9168456792831421, -0.05850375443696976, 0.3888185918331146, 0.3518114686012268, -0.3358425199985504, 0.7985128164291382, 0.35470515489578247, -0.32281190156936646, 0.05531815066933632, 0.023749275133013725, 0.944546639919281, 0.4103230834007263, -0.08327896147966385, 0.1438671499490738, 0.8966615200042725, 0.40701353549957275, 0.007752719800919294, 0.09345422685146332, 0.9085957407951355, 0.6226346492767334, -0.4137205183506012, 0.41095539927482605, 0.5218018293380737, -0.3510826826095581, -0.03350534290075302, -0.011644790880382061, 0.935672402381897, 0.5577446222305298, 0.09140022099018097, -0.15126372873783112, 0.8109785914421082, 0.41807517409324646, -0.005916757509112358, -0.09716837108135223, 0.9031813144683838, -0.5620847344398499, -0.49329453706741333, -0.5976614952087402, 0.2890018820762634, -0.05799942836165428, 0.01322254166007042, -0.024118712171912193, 0.9979376792907715, 0.027645422145724297, 0.013915594667196274, -0.013810479082167149, 0.9994255304336548, -0.4952532947063446, 0.3232205808162689, -0.4996177554130554, 0.6329572200775146, -0.4833361804485321, -0.3570968508720398, 0.1965108960866928, 0.7747589349746704, 0.4805179834365845, -0.6284050941467285, -0.05142402648925781, 0.6095613241195679, 0.23068170249462128, -0.22092881798744202, 0.08183891326189041, 0.9440756440162659, -0.5812060236930847, -0.31641674041748047, 0.39045900106430054, 0.6400170922279358, -0.4175627529621124, 0.376334547996521, -0.1632000058889389, 0.8107894062995911, 0.44350165128707886, 0.6287477612495422, 0.011928342282772064, 0.6386237144470215, 0.3868422508239746, 0.3552427887916565, 0.06934111565351486, 0.8481435179710388, 0.01740565150976181, 0.028432561084628105, -0.04710407555103302, 0.9983335733413696, -0.3326343297958374, 0.008018366992473602, -0.04308552294969559, 0.942037045955658, 0.13563038408756256, -0.000579450570512563, -1.4659474345535273e-06, 0.9907593727111816, -0.48167258501052856, 0.002125114668160677, 7.916811227914877e-06, 0.8763486742973328, 0.06425366550683975, 0.9125944375991821, -0.052863698452711105, 0.400310218334198, 0.3603939116001129, -0.3441753685474396, 0.7914206981658936, 0.35399556159973145, -0.31523823738098145, 0.054063256829977036, 0.022235121577978134, 0.9472104907035828, 0.410440593957901, -0.07546937465667725, 0.14321178197860718, 0.8974035978317261, 0.40706002712249756, 0.007692648563534021, 0.0934181660413742, 0.9085791110992432, 0.6259564757347107, -0.418256014585495, 0.39767131209373474, 0.5244978070259094, -0.34072262048721313, -0.03239927813410759, -0.012106736190617085, 0.9395274519920349, 0.553770899772644, 0.09575160592794418, -0.15283259749412537, 0.8129032850265503, 0.4182420074939728, -0.005834859795868397, -0.09724888950586319, 0.9030959606170654, -0.5572449564933777, -0.5012916326522827, -0.5965944528579712, 0.286810040473938, -0.056684866547584534, 0.012622718699276447, -0.026033848524093628, 0.997972846031189, 0.028073132038116455, 0.013812283053994179, -0.013935052789747715, 0.9994133114814758, -0.4842478632926941, 0.30899596214294434, -0.5040737986564636, 0.6449303030967712, -0.49083301424980164, -0.3662753701210022, 0.2093120813369751, 0.7623081803321838, 0.48309361934661865, -0.6323986053466797, -0.051070474088191986, 0.603394091129303, 0.22764083743095398, -0.2213817834854126, 0.07016029208898544, 0.9456465244293213, -0.5923951268196106, -0.3117466866970062, 0.37501978874206543, 0.6412817239761353, -0.39650341868400574, 0.3745906949043274, -0.1712193340063095, 0.8204576969146729, 0.44512301683425903, 0.6311023831367493, 0.011873660609126091, 0.635164737701416, 0.38958606123924255, 0.3636690676212311, 0.07140252739191055, 0.8431305885314941, 0.019585449248552322, 0.027477946132421494, -0.04862620308995247, 0.9982469081878662, -0.33425214886665344, 0.006577123887836933, -0.04075898230075836, 0.9415789842605591, 0.135621577501297, -0.000575910322368145, -1.8433514696880593e-06, 0.9907605648040771, -0.4816805422306061, 0.0021281668450683355, 9.738978405948728e-06, 0.8763443231582642, 0.055807556957006454, 0.9075176119804382, -0.044994741678237915, 0.41385120153427124, 0.37248241901397705, -0.3579416871070862, 0.7793809771537781, 0.3545418381690979, -0.30018457770347595, 0.051760464906692505, 0.020572734996676445, 0.9522535800933838, 0.40891551971435547, -0.06550370901823044, 0.1417251080274582, 0.8991169929504395, 0.4070856273174286, 0.0076170144602656364, 0.0934273898601532, 0.9085673689842224, 0.6317935585975647, -0.4236716330051422, 0.37799063324928284, 0.52769535779953, -0.3219154477119446, -0.030383029952645302, -0.011904189363121986, 0.9462059140205383, 0.5460253953933716, 0.09997734427452087, -0.154441699385643, 0.8173179626464844, 0.41843342781066895, -0.00573726324364543, -0.09732573479413986, 0.9029995799064636, -0.5502417087554932, -0.5116633176803589, -0.5943058133125305, 0.28676721453666687, -0.05445083975791931, 0.012438558042049408, -0.028148343786597252, 0.998042106628418, 0.02873735874891281, 0.014070789329707623, -0.01411476917564869, 0.9993882775306702, -0.4725341498851776, 0.2948155403137207, -0.5083554983139038, 0.656787633895874, -0.49836254119873047, -0.37530866265296936, 0.21976637840270996, 0.7499873042106628, 0.4856749475002289, -0.6363385915756226, -0.05072023719549179, 0.5971771478652954, 0.22461923956871033, -0.22179782390594482, 0.058467913419008255, 0.9470657110214233, -0.6005107760429382, -0.3044297397136688, 0.360870361328125, 0.6453542113304138, -0.37233489751815796, 0.3761849105358124, -0.1806025356054306, 0.8289960026741028, 0.45054540038108826, 0.6399850249290466, 0.011576238088309765, 0.6223295331001282, 0.3841308653354645, 0.37461841106414795, 0.07416991889476776, 0.8405970335006714, 0.0228921789675951, 0.026766082271933556, -0.05038771033287048, 0.9981085062026978, -0.33499231934547424, 0.004238521214574575, -0.03736269474029541, 0.9414702653884888, 0.13560985028743744, -0.0005739358603022993, -2.1046741949248826e-06, 0.9907621145248413, -0.481690913438797, 0.002129914937540889, 1.0692189789551776e-05, 0.8763386011123657, 0.046996697783470154, 0.9008210301399231, -0.03024478629231453, 0.43057870864868164, 0.39032870531082153, -0.37596434354782104, 0.7597684860229492, 0.3592299520969391, -0.2873246967792511, 0.04957517236471176, 0.01859130524098873, 0.9563687443733215, 0.40986737608909607, -0.05872835963964462, 0.1407145857810974, 0.8993103504180908, 0.4070272147655487, 0.007435444742441177, 0.09359429776668549, 0.9085777997970581, 0.6419551372528076, -0.4322756230831146, 0.34741121530532837, 0.5294684171676636, -0.3033752739429474, -0.028408389538526535, -0.011876866221427917, 0.9523735642433167, 0.5385621786117554, 0.10737235844135284, -0.1572476029396057, 0.8207893371582031, 0.41868340969085693, -0.005624508019536734, -0.097381591796875, 0.9028784036636353, -0.5406253337860107, -0.527468740940094, -0.5902599096298218, 0.2847707271575928, -0.05134555324912071, 0.011472409591078758, -0.031559862196445465, 0.9981162548065186, 0.029880380257964134, 0.014833291992545128, -0.014451991766691208, 0.9993389248847961, -0.46066105365753174, 0.28106096386909485, -0.5119655132293701, 0.6683468222618103, -0.5134579539299011, -0.3875894844532013, 0.2225314974784851, 0.7325401902198792, 0.4884713292121887, -0.640472948551178, -0.05040383338928223, 0.5904656052589417, 0.2215341478586197, -0.22205229103565216, 0.04674277827143669, 0.9483831524848938, -0.6021159291267395, -0.2929050028324127, 0.350626140832901, 0.65477055311203, -0.3544744551181793, 0.37229567766189575, -0.20114241540431976, 0.8338378071784973, 0.45886462926864624, 0.6527836918830872, 0.011036836542189121, 0.6026564836502075, 0.3681292235851288, 0.38856041431427, 0.08373457938432693, 0.84052973985672, 0.027402998879551888, 0.02503126673400402, -0.05297211557626724, 0.9979060888290405, -0.3341967463493347, 0.002647931221872568, -0.03214772418141365, 0.9419512152671814, 0.13559605181217194, -0.0005727184470742941, -2.2802194052928826e-06, 0.9907640218734741, -0.4817030429840088, 0.00213099317625165, 1.1244170309510082e-05, 0.8763319253921509, 0.04403713718056679, 0.8912864923477173, -0.005181212909519672, 0.45126745104789734, 0.412522554397583, -0.3953905701637268, 0.7340438961982727, 0.3669756352901459, -0.29475951194763184, 0.050025492906570435, 0.015951253473758698, 0.954127848148346, 0.4226384460926056, -0.056062426418066025, 0.14205801486968994, 0.8933382630348206, 0.40699896216392517, 0.007163585163652897, 0.09374615550041199, 0.908577024936676, 0.6540794968605042, -0.44896963238716125, 0.30249547958374023, 0.5283017754554749, -0.29608577489852905, -0.027558567002415657, -0.012815761379897594, 0.9546777009963989, 0.5345968008041382, 0.12659911811351776, -0.16347835958003998, 0.8194227814674377, 0.4188671112060547, -0.00544376764446497, -0.09751525521278381, 0.9027798771858215, -0.5304822325706482, -0.5468260645866394, -0.5834001898765564, 0.2814498245716095, -0.04783947393298149, 0.009496095590293407, -0.03534846007823944, 0.9981842041015625, 0.031717367470264435, 0.015447664074599743, -0.014748910441994667, 0.9992687106132507, -0.44718366861343384, 0.266282856464386, -0.5154477953910828, 0.6807597279548645, -0.535944938659668, -0.3996564745903015, 0.2242104709148407, 0.7090609669685364, 0.49223169684410095, -0.645527720451355, -0.05034063383936882, 0.5817798972129822, 0.21790392696857452, -0.22255831956863403, 0.03320346400141716, 0.9496753215789795, -0.6100189685821533, -0.2894476354122162, 0.33876916766166687, 0.6552346348762512, -0.3433084785938263, 0.36657223105430603, -0.22342956066131592, 0.8353701829910278, 0.46515727043151855, 0.6602122783660889, 0.01097000204026699, 0.5896000266075134, 0.3477904498577118, 0.3950932025909424, 0.0994367003440857, 0.844426155090332, 0.03262016549706459, 0.02254045195877552, -0.05559083819389343, 0.99766606092453, -0.3272039294242859, 0.0006729899323545396, -0.025071533396840096, 0.9446208477020264, 0.13558705151081085, -0.0005671312683261931, -2.921059831351158e-06, 0.9907653331756592, -0.48171108961105347, 0.0021358381491154432, 1.3974780813441612e-05, 0.8763275146484375, 0.051914241164922714, 0.8799881935119629, 0.023736372590065002, 0.4715530574321747, 0.4310610294342041, -0.41124558448791504, 0.7105445265769958, 0.3744194805622101, -0.3317551910877228, 0.05450034514069557, 0.014207245782017708, 0.941682755947113, 0.4518602192401886, -0.05749428644776344, 0.14517299830913544, 0.8783174157142639, 0.40705233812332153, 0.0070375800132751465, 0.09391094744205475, 0.9085370898246765, 0.6588269472122192, -0.4747990369796753, 0.24908539652824402, 0.5277020335197449, -0.2961280941963196, -0.027536962181329727, -0.012558035552501678, 0.9546686410903931, 0.5332794785499573, 0.155869722366333, -0.17323832213878632, 0.8132073283195496, 0.41895222663879395, -0.005150483921170235, -0.09771886467933655, 0.9027200937271118, -0.5230178236961365, -0.5657824277877808, -0.5725585222244263, 0.2802133858203888, -0.04357793554663658, 0.006598909851163626, -0.03778631612658501, 0.9983134269714355, 0.034192927181720734, 0.015688547864556313, -0.014927039854228497, 0.9991806149482727, -0.4278383255004883, 0.2500133514404297, -0.5244436264038086, 0.6923919320106506, -0.5638290643692017, -0.41337016224861145, 0.2275390326976776, 0.677825927734375, 0.4955415427684784, -0.6499512195587158, -0.04978097230195999, 0.5740416646003723, 0.2107895314693451, -0.2239583134651184, 0.01505766250193119, 0.9514114856719971, -0.6192201972007751, -0.29217785596847534, 0.3298425078392029, 0.6499249339103699, -0.35055264830589294, 0.35801470279693604, -0.23115722835063934, 0.833969235420227, 0.4690350890159607, 0.6632922291755676, 0.0105501813814044, 0.5830421447753906, 0.33682724833488464, 0.39253681898117065, 0.12590590119361877, 0.8465282320976257, 0.038754090666770935, 0.01996464654803276, -0.05660691484808922, 0.9974443912506104, -0.31271621584892273, -0.005370770115405321, -0.017278751358389854, 0.9496742486953735, 0.13562306761741638, -0.0005656495923176408, -2.933529458459816e-06, 0.9907603859901428, -0.48167911171913147, 0.0021370716858655214, 1.4981043022999074e-05, 0.8763450980186462, 0.07184997200965881, 0.86998051404953, 0.04875696450471878, 0.4853805601596832, 0.4395098090171814, -0.4273070693016052, 0.6921942830085754, 0.38092896342277527, -0.3809208273887634, 0.06085469201207161, 0.014966110698878765, 0.9224814772605896, 0.4884931147098541, -0.05740237608551979, 0.14895319938659668, 0.8578417301177979, 0.407368540763855, 0.007082966156303883, 0.09395375102758408, 0.9083905816078186, 0.6473496556282043, -0.5091750621795654, 0.19455179572105408, 0.5327558517456055, -0.2914896011352539, -0.026574650779366493, -0.011641412042081356, 0.9561339020729065, 0.5313031673431396, 0.18966567516326904, -0.18439671397209167, 0.8048240542411804, 0.4188688099384308, -0.004834395833313465, -0.0980275496840477, 0.9027271270751953, -0.517977237701416, -0.587030827999115, -0.55591881275177, 0.2793719172477722, -0.03771090507507324, 0.002640765393152833, -0.03949573636054993, 0.9985044002532959, 0.03720755875110626, 0.016015861183404922, -0.015181086026132107, 0.9990638494491577, -0.4037114977836609, 0.2392018586397171, -0.5434153079986572, 0.6960598826408386, -0.5941624641418457, -0.4413958489894867, 0.21977555751800537, 0.6354836225509644, 0.49460628628730774, -0.6487184762954712, -0.04785141721367836, 0.576401948928833, 0.19838954508304596, -0.2253243327140808, -0.003929313272237778, 0.953863263130188, -0.6244039535522461, -0.2973312735557556, 0.3265674114227295, 0.6442574262619019, -0.37183913588523865, 0.3417512774467468, -0.21884536743164062, 0.8348942995071411, 0.4725102186203003, 0.6666772365570068, 0.009515499696135521, 0.57635498046875, 0.3370368182659149, 0.3859935700893402, 0.15767572820186615, 0.8441288471221924, 0.04652920365333557, 0.016842767596244812, -0.05629454180598259, 0.9971871972084045, -0.2967466711997986, -0.015187373384833336, -0.010332677513360977, 0.9547795653343201, 0.13564090430736542, -0.00056389783276245, -3.179118493790156e-06, 0.9907578825950623, -0.48166343569755554, 0.002138631185516715, 1.5834129953873344e-05, 0.8763537406921387, 0.09506625682115555, 0.8696185350418091, 0.06635604798793793, 0.4799197316169739, 0.4327690005302429, -0.4465831518173218, 0.6805707812309265, 0.3874247372150421, -0.4279249608516693, 0.06730744987726212, 0.019452283158898354, 0.9010946154594421, 0.5277974009513855, -0.06041333079338074, 0.15350379049777985, 0.8331966996192932, 0.4081689715385437, 0.007094699423760176, 0.09400168061256409, 0.9080261588096619, 0.6311737298965454, -0.5436107516288757, 0.15340973436832428, 0.5315755605697632, -0.28243395686149597, -0.024985356256365776, -0.008830858394503593, 0.9589206576347351, 0.5253087878227234, 0.22052490711212158, -0.19513081014156342, 0.798337996006012, 0.4190579354763031, -0.0045389956794679165, -0.09825611114501953, 0.9026159644126892, -0.5104591846466064, -0.6124128699302673, -0.5349220037460327, 0.27971476316452026, -0.02955937758088112, -0.0010977062629535794, -0.0419856496155262, 0.9986802339553833, 0.04025350883603096, 0.017309928312897682, -0.014621770940721035, 0.9989325404167175, -0.3856235146522522, 0.23759977519512177, -0.563668966293335, 0.6907374858856201, -0.6171101927757263, -0.47183868288993835, 0.20046502351760864, 0.5969564914703369, 0.48964306712150574, -0.6423742175102234, -0.046441320329904556, 0.5877485275268555, 0.1859436184167862, -0.2235465943813324, -0.019784824922680855, 0.9565879106521606, -0.6276275515556335, -0.30104073882102966, 0.3245493471622467, 0.6404107809066772, -0.38895097374916077, 0.3263710141181946, -0.1894698292016983, 0.8404167890548706, 0.4736616611480713, 0.6722638010978699, 0.008081727661192417, 0.5688943266868591, 0.34004518389701843, 0.38935554027557373, 0.16951359808444977, 0.8390689492225647, 0.05634670704603195, 0.01301280315965414, -0.057186104357242584, 0.9966872334480286, -0.29429540038108826, -0.020803302526474, -0.007593721617013216, 0.9554579257965088, 0.13565051555633545, -0.0005680134636349976, -2.8360882424749434e-06, 0.9907565712928772, -0.4816548824310303, 0.002135111717507243, 1.3717573892790824e-05, 0.8763583898544312, 0.11126144975423813, 0.8773623704910278, 0.08606933802366257, 0.45874640345573425, 0.4222058355808258, -0.4703507423400879, 0.6681542992591858, 0.3925330638885498, -0.4596107304096222, 0.07162847369909286, 0.02500210888683796, 0.884874165058136, 0.5556351542472839, -0.06682372093200684, 0.157555490732193, 0.8136218190193176, 0.4095810353755951, 0.006933541502803564, 0.09438115358352661, 0.9073519110679626, 0.6377291083335876, -0.5637245774269104, 0.13340137898921967, 0.5076615810394287, -0.29361844062805176, -0.02591172233223915, -0.0074382359161973, 0.9555425047874451, 0.5257472991943359, 0.23211213946342468, -0.1993144005537033, 0.7937175631523132, 0.42022258043289185, -0.004202681127935648, -0.09899649024009705, 0.901995062828064, -0.506289005279541, -0.6256536245346069, -0.5224498510360718, 0.28155839443206787, -0.02501695044338703, -0.0022003850899636745, -0.04293997585773468, 0.9987619519233704, 0.04220268502831459, 0.017008749768137932, -0.014502697624266148, 0.9988590478897095, -0.3823912739753723, 0.2380148023366928, -0.567307710647583, 0.6894112825393677, -0.6232278347015381, -0.47069504857063293, 0.18676112592220306, 0.5959476828575134, 0.4902850091457367, -0.6431943774223328, -0.04544414207339287, 0.5863927006721497, 0.18554110825061798, -0.22045262157917023, -0.035459212958812714, 0.9569314122200012, -0.6325902342796326, -0.30229172110557556, 0.3196941614151001, 0.6373735070228577, -0.3888739049434662, 0.32649537920951843, -0.1644097864627838, 0.845663845539093, 0.4753381311893463, 0.6762844920158386, 0.008196796290576458, 0.5626950860023499, 0.3162650167942047, 0.36575374007225037, 0.16136737167835236, 0.8603262305259705, 0.061941035091876984, 0.011941371485590935, -0.0574471652507782, 0.9963536262512207, -0.29948917031288147, -0.02126281149685383, -0.011095103807747364, 0.953798234462738, 0.1356578767299652, -0.0005851082969456911, -9.931195563694928e-07, 0.990755558013916, -0.48164844512939453, 0.0021202012430876493, 4.917644673696486e-06, 0.8763619661331177, 0.12539392709732056, 0.8832375407218933, 0.09925498068332672, 0.44081318378448486, 0.41135770082473755, -0.47943127155303955, 0.6653514504432678, 0.3977915048599243, -0.4892243444919586, 0.07549435645341873, 0.027580270543694496, 0.8684465885162354, 0.5742264986038208, -0.07962571829557419, 0.1614055335521698, 0.7986688017845154, 0.4101223349571228, 0.006783712655305862, 0.09450318664312363, 0.9070957899093628, 0.6477470397949219, -0.5741736888885498, 0.13315832614898682, 0.4827185571193695, -0.327301561832428, -0.029524285346269608, -0.00834328681230545, 0.9444217681884766, 0.536360502243042, 0.23895031213760376, -0.20027078688144684, 0.7842906713485718, 0.42207953333854675, -0.0037084973882883787, -0.10016559064388275, 0.9010005593299866, -0.5114757418632507, -0.6265329122543335, -0.5148835182189941, 0.2841549813747406, -0.02422322705388069, -0.002632084069773555, -0.041006047278642654, 0.9988617897033691, 0.04301353171467781, 0.015827840194106102, -0.01491148304194212, 0.9988378286361694, -0.38902759552001953, 0.24512292444705963, -0.5646222829818726, 0.6854005455970764, -0.6195831894874573, -0.46634092926979065, 0.17364756762981415, 0.6070331931114197, 0.491418719291687, -0.6442205905914307, -0.04468787834048271, 0.5843719244003296, 0.1919899731874466, -0.21603506803512573, -0.04015323147177696, 0.9564812779426575, -0.6315160989761353, -0.30423519015312195, 0.3216037452220917, 0.6365528702735901, -0.39228612184524536, 0.3349072337150574, -0.14819757640361786, 0.843792736530304, 0.4756418764591217, 0.674621045589447, 0.007330939173698425, 0.5644444227218628, 0.2919430732727051, 0.35542550683021545, 0.16629140079021454, 0.8722322583198547, 0.06308849900960922, 0.012331187725067139, -0.054903194308280945, 0.9964203238487244, -0.30189427733421326, -0.02305913344025612, -0.016963506117463112, 0.9529115557670593, 0.13566164672374725, -0.0005942468415014446, -2.6316691048577923e-08, 0.9907550811767578, -0.48164501786231995, 0.0021122870966792107, 2.2104413233137166e-07, 0.8763639330863953, 0.13781192898750305, 0.8858525156974792, 0.1019056960940361, 0.43114781379699707, 0.40652143955230713, -0.4720635414123535, 0.6713008880615234, 0.4015613794326782, -0.5202857255935669, 0.07956525683403015, 0.030461076647043228, 0.8497319221496582, 0.5875685811042786, -0.0955510288476944, 0.16337494552135468, 0.78672856092453, 0.4093395471572876, 0.0069173788651824, 0.0942102000117302, 0.9074788093566895, 0.6504235863685608, -0.5768635272979736, 0.14473246037960052, 0.4724723696708679, -0.3674653172492981, -0.03410175442695618, -0.011083484627306461, 0.9293457269668579, 0.5555098056793213, 0.24202992022037506, -0.19798779487609863, 0.7704747319221497, 0.4236897826194763, -0.0033183011692017317, -0.10089763253927231, 0.9001642465591431, -0.5217587351799011, -0.6215712428092957, -0.5089137554168701, 0.28709542751312256, -0.025181420147418976, -0.003493289928883314, -0.03760731220245361, 0.9989691376686096, 0.04310357943177223, 0.015197036787867546, -0.015005653724074364, 0.9988422989845276, -0.3973258435726166, 0.2532658278942108, -0.5611194968223572, 0.6805391311645508, -0.6135283708572388, -0.4657193720340729, 0.15711067616939545, 0.6180652379989624, 0.49229612946510315, -0.6460806727409363, -0.044357869774103165, 0.5815984010696411, 0.20018941164016724, -0.21102823317050934, -0.04206881299614906, 0.9558355212211609, -0.6242952346801758, -0.3048092722892761, 0.3291487991809845, 0.6395372152328491, -0.40372443199157715, 0.3375798463821411, -0.14184525609016418, 0.838407039642334, 0.478041410446167, 0.6767253875732422, 0.00622372655197978, 0.5598933100700378, 0.2709917724132538, 0.35847243666648865, 0.1796279102563858, 0.8750970363616943, 0.06195288896560669, 0.01224621944129467, -0.05111812427639961, 0.9966939091682434, -0.3037205934524536, -0.024187535047531128, -0.022556383162736893, 0.9521870017051697, 0.1356671005487442, -0.0005958476685918868, 1.6920245116125443e-07, 0.9907543063163757, -0.4816402196884155, 0.0021108966320753098, -5.650955472447095e-07, 0.8763664960861206, 0.14974671602249146, 0.8861269354820251, 0.09642306715250015, 0.4278523027896881, 0.4024602770805359, -0.4548339545726776, 0.6811773777008057, 0.4088389277458191, -0.5387327671051025, 0.08197081089019775, 0.03173412010073662, 0.8378787040710449, 0.5885460376739502, -0.11264348030090332, 0.16457459330558777, 0.783479630947113, 0.40912890434265137, 0.006894609425216913, 0.0942327007651329, 0.9075716137886047, 0.6453429460525513, -0.5769391059875488, 0.16120779514312744, 0.47401028871536255, -0.39787760376930237, -0.03761158511042595, -0.012871655635535717, 0.9165768623352051, 0.5706027150154114, 0.24216589331626892, -0.195691779255867, 0.7599164247512817, 0.42418909072875977, -0.0032135078217834234, -0.1010330319404602, 0.8999142050743103, -0.533233642578125, -0.6137510538101196, -0.5060974955558777, 0.28781408071517944, -0.027434758841991425, -0.004478071816265583, -0.034356988966464996, 0.9990229606628418, 0.04273839667439461, 0.01486048474907875, -0.01500905305147171, 0.9988630414009094, -0.40603265166282654, 0.2614092230796814, -0.557280421257019, 0.6754563450813293, -0.6050286889076233, -0.47210752964019775, 0.13762429356575012, 0.6261903643608093, 0.49287593364715576, -0.6483082175254822, -0.04412397742271423, 0.5786387920379639, 0.20878838002681732, -0.20584048330783844, -0.04250524938106537, 0.955107569694519, -0.6278085112571716, -0.31235194206237793, 0.32978639006614685, 0.6320868134498596, -0.3960600793361664, 0.32767587900161743, -0.13470658659934998, 0.8471239805221558, 0.48188096284866333, 0.6812798380851746, 0.006988727021962404, 0.550998866558075, 0.2643722593784332, 0.3479006290435791, 0.18374308943748474, 0.8805174827575684, 0.059081919491291046, 0.012135573662817478, -0.047670211642980576, 0.9970404505729675, -0.30934780836105347, -0.023908820003271103, -0.026876937597990036, 0.9502683877944946, 0.13566814363002777, -0.0005953483050689101, 3.536067438858481e-08, 0.9907541871070862, -0.48163917660713196, 0.002111338311806321, -3.6583730889105937e-07, 0.8763670921325684, 0.1552528440952301, 0.888645589351654, 0.08870793133974075, 0.42229899764060974, 0.3959706425666809, -0.44216904044151306, 0.6913371682167053, 0.4120032787322998, -0.5396279692649841, 0.08214365690946579, 0.03202074021100998, 0.8372746109962463, 0.5813029408454895, -0.12064029276371002, 0.16445662081241608, 0.7877098917961121, 0.4089232385158539, 0.006940542720258236, 0.09426156431436539, 0.907660961151123, 0.6398983001708984, -0.5731796622276306, 0.1835368424654007, 0.4778173565864563, -0.4128120541572571, -0.03933711722493172, -0.014774520881474018, 0.9098464250564575, 0.5764829516410828, 0.23780111968517303, -0.19262170791625977, 0.7576377987861633, 0.42434296011924744, -0.0033007776364684105, -0.10093854367733002, 0.8998519778251648, -0.5406432747840881, -0.604486882686615, -0.5092275142669678, 0.2880759835243225, -0.03039022535085678, -0.003981808666139841, -0.03240196779370308, 0.9990049004554749, 0.04218283295631409, 0.014453987590968609, -0.014977414160966873, 0.9988930821418762, -0.4168538749217987, 0.27014127373695374, -0.5511861443519592, 0.6704106330871582, -0.5964540839195251, -0.4740392565727234, 0.11942093819379807, 0.6366065740585327, 0.49265292286872864, -0.649175763130188, -0.04423312842845917, 0.5778472423553467, 0.21867068111896515, -0.20039550960063934, -0.037557318806648254, 0.9542611241340637, -0.6388735771179199, -0.32691270112991333, 0.325958251953125, 0.6154022216796875, -0.37404951453208923, 0.3154919445514679, -0.12008440494537354, 0.8637890815734863, 0.47993794083595276, 0.6778035163879395, 0.008704339154064655, 0.5569257140159607, 0.2732057273387909, 0.33742737770080566, 0.17107802629470825, 0.8844397664070129, 0.05520746484398842, 0.013303225859999657, -0.04613364860415459, 0.9973198175430298, -0.3172321617603302, -0.023229913786053658, -0.030061772093176842, 0.9475866556167603, 0.13566654920578003, -0.0005952888750471175, 7.84874671921898e-08, 0.9907543659210205, -0.4816407263278961, 0.0021114135161042213, -3.045326195660891e-07, 0.8763662576675415, 0.15359415113925934, 0.8924691677093506, 0.0793689712882042, 0.41666319966316223, 0.3912838101387024, -0.43262892961502075, 0.7008945941925049, 0.4104582667350769, -0.5280621647834778, 0.0807301327586174, 0.03179015964269638, 0.8447617292404175, 0.5684681534767151, -0.12153579294681549, 0.1633395254611969, 0.7971155643463135, 0.40860915184020996, 0.007061473093926907, 0.09426556527614594, 0.9078010320663452, 0.6375195384025574, -0.5642051696777344, 0.20809310674667358, 0.48160022497177124, -0.4169124364852905, -0.03984726220369339, -0.016405005007982254, 0.9079246520996094, 0.576832115650177, 0.2297230064868927, -0.18913356959819794, 0.7607368230819702, 0.4234960377216339, -0.0036914797965437174, -0.1004674881696701, 0.9003020524978638, -0.5456809997558594, -0.5943465232849121, -0.5144950151443481, 0.2903090715408325, -0.032827604562044144, -0.0027429512701928616, -0.030539706349372864, 0.9989905953407288, 0.04158078879117966, 0.014126514084637165, -0.014937370084226131, 0.9989235997200012, -0.43147632479667664, 0.28118303418159485, -0.5419051647186279, 0.6641559600830078, -0.5921350717544556, -0.46501824259757996, 0.10070114582777023, 0.650379478931427, 0.4917975068092346, -0.6487220525741577, -0.04486578702926636, 0.5790354609489441, 0.22681348025798798, -0.19528265297412872, -0.025367572903633118, 0.9538222551345825, -0.6431431770324707, -0.3366066813468933, 0.3267776072025299, 0.6052100658416748, -0.3616357147693634, 0.30164262652397156, -0.09919078648090363, 0.8765800595283508, 0.47527405619621277, 0.6716490387916565, 0.009823265485465527, 0.5682478547096252, 0.2818947434425354, 0.3294701874256134, 0.15254123508930206, 0.888096809387207, 0.051564253866672516, 0.015187577344477177, -0.044929638504981995, 0.9975429177284241, -0.327078253030777, -0.018656926229596138, -0.032994747161865234, 0.9442368149757385, 0.1356632262468338, -0.0005959912086836994, 6.523910656142107e-08, 0.9907549023628235, -0.48164358735084534, 0.0021109518129378557, -5.919965815337491e-07, 0.8763646483421326, 0.14621393382549286, 0.8967978954315186, 0.06770750880241394, 0.41205674409866333, 0.3889698386192322, -0.42464932799339294, 0.7096587419509888, 0.4059062600135803, -0.5054917931556702, 0.07788030803203583, 0.031223855912685394, 0.8587419986724854, 0.5500953197479248, -0.11747848242521286, 0.16136418282985687, 0.8108980059623718, 0.40818679332733154, 0.007239251397550106, 0.09426585584878922, 0.9079896211624146, 0.637508749961853, -0.5498353242874146, 0.2330542355775833, 0.4867744445800781, -0.41038498282432556, -0.03919166326522827, -0.0176718607544899, 0.9108983874320984, 0.5722666382789612, 0.2174781709909439, -0.18485549092292786, 0.768792986869812, 0.42161932587623596, -0.004381814040243626, -0.09955587238073349, 0.9012805223464966, -0.5493064522743225, -0.5834137797355652, -0.5212245583534241, 0.2936251759529114, -0.034862667322158813, -0.00135629007127136, -0.0286614540964365, 0.9989801645278931, 0.04082790017127991, 0.013942061923444271, -0.014841530472040176, 0.9989587068557739, -0.4500683546066284, 0.2958903908729553, -0.5300460457801819, 0.6549340486526489, -0.5861176252365112, -0.4489579498767853, 0.08364944159984589, 0.669257640838623, 0.4902786314487457, -0.6470822095870972, -0.045708559453487396, 0.5820843577384949, 0.2281566858291626, -0.19375751912593842, -0.0077407523058354855, 0.9541187286376953, -0.6397708654403687, -0.34188342094421387, 0.33386558294296265, 0.601949155330658, -0.359635591506958, 0.2890321910381317, -0.07609671354293823, 0.8839298486709595, 0.47152894735336304, 0.6678658723831177, 0.0100694065913558, 0.575772762298584, 0.2752876579761505, 0.3177238702774048, 0.1358395516872406, 0.8971153497695923, 0.0480872243642807, 0.017241261899471283, -0.04381426051259041, 0.9977327585220337, -0.33757317066192627, -0.010372228920459747, -0.03587699681520462, 0.940558135509491, 0.1356583833694458, -0.0005973619990982115, 1.4664561831523315e-07, 0.9907554984092712, -0.48164796829223633, 0.0021097841672599316, -1.3613367855214165e-06, 0.8763622641563416, 0.13284234702587128, 0.9016380310058594, 0.05381361022591591, 0.40805134177207947, 0.3890724778175354, -0.4191494286060333, 0.7168276309967041, 0.3988665044307709, -0.47039347887039185, 0.0733468160033226, 0.030480599030852318, 0.8788749575614929, 0.5254508852958679, -0.10840363800525665, 0.1585608422756195, 0.8288597464561462, 0.40766847133636475, 0.00747768534347415, 0.09425922483205795, 0.9082211852073669, 0.640410304069519, -0.5299767851829529, 0.2570439875125885, 0.4928768575191498, -0.3918481767177582, -0.037282783538103104, -0.018271518871188164, 0.91909259557724, 0.5618190765380859, 0.20055469870567322, -0.17953740060329437, 0.7822426557540894, 0.419249027967453, -0.005252739880234003, -0.09837622195482254, 0.9025102853775024, -0.5508890151977539, -0.5709580779075623, -0.530857264995575, 0.29785698652267456, -0.037391483783721924, 0.0005046569276601076, -0.02709387056529522, 0.9989331960678101, 0.039664678275585175, 0.014089087024331093, -0.014684314839541912, 0.9990057945251465, -0.47047147154808044, 0.3139593005180359, -0.5175988674163818, 0.6420105695724487, -0.5758476257324219, -0.4281802475452423, 0.06859523057937622, 0.6930771470069885, 0.48843666911125183, -0.6445885896682739, -0.04666522517800331, 0.5863084197044373, 0.2221251130104065, -0.19630949199199677, 0.012397918850183487, 0.9549708366394043, -0.6270145177841187, -0.34474024176597595, 0.3500961661338806, 0.6045161485671997, -0.371427059173584, 0.2847750186920166, -0.054351452738046646, 0.8820379972457886, 0.4702991843223572, 0.6686154007911682, 0.009330863133072853, 0.5759211182594299, 0.26103466749191284, 0.30238452553749084, 0.1286597102880478, 0.9076734781265259, 0.04379254952073097, 0.019438667222857475, -0.04328896477818489, 0.9979130625724792, -0.3441063165664673, -0.001088482211343944, -0.037859853357076645, 0.9381664395332336, 0.13564985990524292, -0.0005999792483635247, 3.567343185295613e-07, 0.9907566905021667, -0.4816555678844452, 0.0021075590047985315, -2.785984861475299e-06, 0.8763580918312073, 0.11596498638391495, 0.9072156548500061, 0.03920229896903038, 0.4024612605571747, 0.38952019810676575, -0.41755974292755127, 0.72187340259552, 0.39091774821281433, -0.426012247800827, 0.06752412766218185, 0.030020320788025856, 0.9016944169998169, 0.49750062823295593, -0.09477513283491135, 0.15478339791297913, 0.8482646346092224, 0.4071446657180786, 0.007725416216999292, 0.09431638568639755, 0.9084481000900269, 0.6454673409461975, -0.5076259970664978, 0.2782553732395172, 0.49825870990753174, -0.3640058636665344, -0.03405453637242317, -0.01752472296357155, 0.930608868598938, 0.5470160245895386, 0.17912258207798004, -0.17378582060337067, 0.7990538477897644, 0.4179503917694092, -0.005736298859119415, -0.09790436923503876, 0.9031607508659363, -0.5513911843299866, -0.55633145570755, -0.5426592826843262, 0.3032884895801544, -0.04052808880805969, 0.0034474534913897514, -0.02552827075123787, 0.9988462924957275, 0.038193229585886, 0.014085337519645691, -0.014790577813982964, 0.999061644077301, -0.4847290813922882, 0.3313394784927368, -0.5107478499412537, 0.6280036568641663, -0.5621470808982849, -0.4110661745071411, 0.061256662011146545, 0.7150264978408813, 0.48578301072120667, -0.6399793028831482, -0.04620135575532913, 0.5935544967651367, 0.21392709016799927, -0.19897602498531342, 0.026287149637937546, 0.9560087323188782, -0.6104316711425781, -0.34807369112968445, 0.370556503534317, 0.6073761582374573, -0.38658493757247925, 0.2965177893638611, -0.036067795008420944, 0.8725413680076599, 0.46655818819999695, 0.6642141938209534, 0.00718675134703517, 0.5840303301811218, 0.26136207580566406, 0.2941227853298187, 0.1278533637523651, 0.910403847694397, 0.03875505551695824, 0.022558361291885376, -0.04291705787181854, 0.9980717897415161, -0.3468342125415802, 0.006448857951909304, -0.03959265723824501, 0.9370682239532471, 0.13563767075538635, -0.0006046021590009332, 7.397877652692841e-07, 0.9907583594322205, -0.48166635632514954, 0.002103607403114438, -5.275107923807809e-06, 0.8763521909713745, 0.09897878766059875, 0.9129226803779602, 0.024218283593654633, 0.39520737528800964, 0.3887045681476593, -0.41737982630729675, 0.7265446186065674, 0.3831915855407715, -0.3795601725578308, 0.061404723674058914, 0.029423175379633904, 0.9226580262184143, 0.4697934687137604, -0.0794585794210434, 0.15062375366687775, 0.8661945462226868, 0.4066515266895294, 0.00799284316599369, 0.09434344619512558, 0.9086638689041138, 0.6491920351982117, -0.4859791100025177, 0.29841479659080505, 0.5033116936683655, -0.33241045475006104, -0.03053687885403633, -0.015917504206299782, 0.942505955696106, 0.5309342741966248, 0.15562044084072113, -0.16739189624786377, 0.8160092234611511, 0.41762056946754456, -0.006010881159454584, -0.09776686877012253, 0.9033264517784119, -0.5510917901992798, -0.5415225625038147, -0.5547896027565002, 0.3086416721343994, -0.04357678070664406, 0.006841572467237711, -0.024105874821543694, 0.998735785484314, 0.036476049572229385, 0.014231001958251, -0.014900444075465202, 0.999122142791748, -0.4947808086872101, 0.345718652009964, -0.5067053437232971, 0.6155650615692139, -0.550643801689148, -0.39464157819747925, 0.05763838067650795, 0.7332988977432251, 0.48255372047424316, -0.6344155669212341, -0.045665230602025986, 0.6021408438682556, 0.20561997592449188, -0.20040088891983032, 0.04099636897444725, 0.9570158123970032, -0.5969783067703247, -0.34968098998069763, 0.3871312141418457, 0.609483003616333, -0.4027811288833618, 0.3073502779006958, -0.025478720664978027, 0.8617737889289856, 0.461474746465683, 0.6574615240097046, 0.0054298704490065575, 0.5956138968467712, 0.2600860595703125, 0.2896496653556824, 0.12198206782341003, 0.9130052924156189, 0.033703871071338654, 0.026028675958514214, -0.04285718500614166, 0.9981732964515686, -0.348446249961853, 0.01245824247598648, -0.04125266522169113, 0.9363376498222351, 0.13562139868736267, -0.0006086738430894911, 1.1693659871525597e-06, 0.9907605648040771, -0.48168060183525085, 0.0021000627893954515, -7.395047759928275e-06, 0.8763443231582642, 0.08224964886903763, 0.9183738231658936, 0.00835347082465887, 0.3869815468788147, 0.38765111565589905, -0.4161485731601715, 0.7318621873855591, 0.37539950013160706, -0.3358323872089386, 0.055660977959632874, 0.028714468702673912, 0.9398372173309326, 0.44422510266304016, -0.06451918929815292, 0.1463751345872879, 0.8815189599990845, 0.40626683831214905, 0.008276661857962608, 0.09426510334014893, 0.9088414907455444, 0.6509056687355042, -0.4655153751373291, 0.3189958333969116, 0.5077981352806091, -0.30046796798706055, -0.027438128367066383, -0.013992340303957462, 0.9532945156097412, 0.5147081613540649, 0.13250254094600677, -0.1601966768503189, 0.8317786455154419, 0.41791075468063354, -0.006271418184041977, -0.09759069234132767, 0.9032095074653625, -0.5497675538063049, -0.5273823738098145, -0.5666502714157104, 0.31389638781547546, -0.04635302722454071, 0.010396813042461872, -0.022885166108608246, 0.9986088275909424, 0.0346088744699955, 0.014753054827451706, -0.014624182134866714, 0.9991850256919861, -0.5064523816108704, 0.3551080524921417, -0.4983217716217041, 0.6075193285942078, -0.539995551109314, -0.37145015597343445, 0.060020070523023605, 0.75287926197052, 0.4792427122592926, -0.6288948059082031, -0.04606553167104721, 0.6104880571365356, 0.20042409002780914, -0.20182445645332336, 0.05463065952062607, 0.9571377038955688, -0.5862688422203064, -0.3484063744544983, 0.399791419506073, 0.6124285459518433, -0.4228518307209015, 0.3133476674556732, -0.024095725268125534, 0.8499582409858704, 0.45582133531570435, 0.6506574153900146, 0.004845221061259508, 0.6073288917541504, 0.2589460015296936, 0.28550490736961365, 0.11432777345180511, 0.9156216979026794, 0.028991764411330223, 0.029392395168542862, -0.043433383107185364, 0.998202919960022, -0.3486706018447876, 0.016684753820300102, -0.04237651452422142, 0.9361381530761719, 0.13559992611408234, -0.0006115813157521188, 1.4584139762519044e-06, 0.9907634854316711, -0.48169973492622375, 0.0020975186489522457, -8.947214155341499e-06, 0.8763338327407837, 0.06732047349214554, 0.9231171607971191, -0.00919042993336916, 0.3784683048725128, 0.38729599118232727, -0.41102930903434753, 0.7383645176887512, 0.3686116933822632, -0.29984816908836365, 0.05056282505393028, 0.029576580971479416, 0.9521868228912354, 0.4224855303764343, -0.05228836461901665, 0.14189818501472473, 0.8936648368835449, 0.40612637996673584, 0.00860368087887764, 0.0943947359919548, 0.9088877439498901, 0.6491298079490662, -0.4478050768375397, 0.34058865904808044, 0.5119575262069702, -0.26993948221206665, -0.02422858402132988, -0.013145399279892445, 0.9624826908111572, 0.4980660378932953, 0.11214017868041992, -0.15349076688289642, 0.8460469245910645, 0.4183228015899658, -0.006544393487274647, -0.0976920947432518, 0.903005838394165, -0.5489284992218018, -0.5141221880912781, -0.5770540237426758, 0.3183780908584595, -0.04889533668756485, 0.013734685257077217, -0.0217377170920372, 0.9984728693962097, 0.03273085877299309, 0.015315419062972069, -0.014370298944413662, 0.9992435574531555, -0.5144628286361694, 0.35923418402671814, -0.4915592074394226, 0.6038612723350525, -0.5327993035316467, -0.3499518930912018, 0.06988496333360672, 0.7673165202140808, 0.4757581353187561, -0.6226246953010559, -0.04626770690083504, 0.6195579767227173, 0.20122039318084717, -0.20617273449897766, 0.0639350637793541, 0.955466091632843, -0.5758564472198486, -0.34519121050834656, 0.41099071502685547, 0.6167001724243164, -0.444909930229187, 0.318601131439209, -0.03129661828279495, 0.836402416229248, 0.45063167810440063, 0.6434521079063416, 0.004695314913988113, 0.6187717318534851, 0.27005329728126526, 0.28487250208854675, 0.1104126125574112, 0.9130870699882507, 0.024826345965266228, 0.0325518473982811, -0.04396258294582367, 0.9981940388679504, -0.3460914194583893, 0.019469616934657097, -0.04324200376868248, 0.9370015263557434, 0.13553960621356964, -0.0006190286367200315, 2.3206141577247763e-06, 0.9907717704772949, -0.48175299167633057, 0.0020910920575261116, -1.2824084478779696e-05, 0.8763046264648438, 0.05758620798587799, 0.9275777339935303, -0.02487984672188759, 0.3683266043663025, 0.38711240887641907, -0.40267667174339294, 0.7458866238594055, 0.36283421516418457, -0.2834169864654541, 0.04812892898917198, 0.031057192012667656, 0.9572846293449402, 0.41129109263420105, -0.04673292860388756, 0.13884864747524261, 0.8996536731719971, 0.40613722801208496, 0.008801773190498352, 0.09447865933179855, 0.9088723063468933, 0.6474851965904236, -0.4339767396450043, 0.35958340764045715, 0.5129589438438416, -0.2512129843235016, -0.022379623726010323, -0.01190608087927103, 0.9675998687744141, 0.48629412055015564, 0.09797864407300949, -0.1492668092250824, 0.8553581833839417, 0.4184662699699402, -0.006683992687612772, -0.09764835238456726, 0.9029430747032166, -0.5498824715614319, -0.5007598996162415, -0.5870873332023621, 0.31968316435813904, -0.05173414573073387, 0.016438530758023262, -0.020897969603538513, 0.9983068704605103, 0.030831145122647285, 0.015851251780986786, -0.014237960800528526, 0.9992974996566772, -0.5175096988677979, 0.36323416233062744, -0.49024254083633423, 0.5999224185943604, -0.5226899981498718, -0.3430468440055847, 0.08266958594322205, 0.7760668992996216, 0.47061464190483093, -0.6141929626464844, -0.04580184817314148, 0.6318157315254211, 0.20743808150291443, -0.21536153554916382, 0.06881655752658844, 0.9517631530761719, -0.566365659236908, -0.34042322635650635, 0.42009636759757996, 0.6219816207885742, -0.46226558089256287, 0.325120210647583, -0.04392407089471817, 0.8238192200660706, 0.447563499212265, 0.6388194561004639, 0.004790409468114376, 0.6257584095001221, 0.2888374924659729, 0.2861437201499939, 0.11066398024559021, 0.9068892598152161, 0.02085147239267826, 0.0350257009267807, -0.04447132349014282, 0.9981787204742432, -0.34165826439857483, 0.022452065721154213, -0.044039249420166016, 0.9385233521461487, 0.13548482954502106, -0.0006250966689549387, 3.097443141086842e-06, 0.9907792806625366, -0.4818013608455658, 0.0020857807248830795, -1.596330366737675e-05, 0.8762779831886292, 0.05191149190068245, 0.9316656589508057, -0.0377657525241375, 0.35760048031806946, 0.3881661891937256, -0.3923649787902832, 0.7531738877296448, 0.3579188287258148, -0.28312602639198303, 0.04782671481370926, 0.03369435667991638, 0.9572967290878296, 0.4086229205131531, -0.046291202306747437, 0.13691572844982147, 0.9011873006820679, 0.4062831699848175, 0.008942659012973309, 0.09461621940135956, 0.9087914228439331, 0.6471983194351196, -0.4233663082122803, 0.3757767677307129, 0.5105752944946289, -0.24381226301193237, -0.021697789430618286, -0.01124399621039629, 0.9695144891738892, 0.4789796769618988, 0.08963727205991745, -0.14706413447856903, 0.8607646226882935, 0.4182746708393097, -0.006797678768634796, -0.09752078354358673, 0.9030447006225586, -0.5518203973770142, -0.488299697637558, -0.5961198210716248, 0.31890273094177246, -0.054704319685697556, 0.018572555854916573, -0.020367193967103958, 0.9981220960617065, 0.029129598289728165, 0.01640171743929386, -0.014080406166613102, 0.9993419051170349, -0.5224927663803101, 0.3688057065010071, -0.48697277903556824, 0.5948455929756165, -0.5023698806762695, -0.34495478868484497, 0.09319454431533813, 0.7873661518096924, 0.46261507272720337, -0.6023197770118713, -0.0442412905395031, 0.6490308046340942, 0.2150818258523941, -0.22468627989292145, 0.06774171441793442, 0.9479804635047913, -0.5562272667884827, -0.33628204464912415, 0.42981529235839844, 0.6267252564430237, -0.4731649160385132, 0.33852607011795044, -0.05795926973223686, 0.8112680315971375, 0.4450947642326355, 0.6351401805877686, 0.004719904158264399, 0.6312412023544312, 0.30297014117240906, 0.28772398829460144, 0.11167050153017044, 0.901639461517334, 0.017146676778793335, 0.03671273589134216, -0.045083560049533844, 0.9981611371040344, -0.33731234073638916, 0.02557917684316635, -0.04485633224248886, 0.9399755597114563, 0.13543419539928436, -0.000633350049611181, 4.147676918364596e-06, 0.9907861948013306, -0.4818461239337921, 0.002078527817502618, -2.0220051737851463e-05, 0.8762533664703369, 0.04935452342033386, 0.9352431893348694, -0.04692862927913666, 0.3473931849002838, 0.390705406665802, -0.3813638389110565, 0.7594541311264038, 0.35375186800956726, -0.2959137260913849, 0.0491190142929554, 0.0378069244325161, 0.9532014727592468, 0.4130660593509674, -0.049446579068899155, 0.1356303095817566, 0.8991862535476685, 0.4065577983856201, 0.00908361654728651, 0.09481795132160187, 0.9086461663246155, 0.648691713809967, -0.41627237200737, 0.38866740465164185, 0.5048307180404663, -0.24655576050281525, -0.022027213126420975, -0.011476503685116768, 0.9688103199005127, 0.47566646337509155, 0.0873216837644577, -0.1469617635011673, 0.8628548979759216, 0.41808515787124634, -0.006844115909188986, -0.0974474847316742, 0.9031400680541992, -0.5539640784263611, -0.4776831269264221, -0.603514552116394, 0.31735309958457947, -0.05727970227599144, 0.020254753530025482, -0.02003987692296505, 0.9979515075683594, 0.027826277539134026, 0.01693846471607685, -0.013932367786765099, 0.9993721842765808, -0.5278359651565552, 0.3764134347438812, -0.48362892866134644, 0.588051974773407, -0.475957989692688, -0.35608425736427307, 0.10025059431791306, 0.7978833317756653, 0.4507741332054138, -0.5853920578956604, -0.04149026796221733, 0.6726048588752747, 0.22145144641399384, -0.23142102360725403, 0.06066619232296944, 0.945369303226471, -0.5466124415397644, -0.3335869610309601, 0.43927642703056335, 0.6300562620162964, -0.47785934805870056, 0.35750633478164673, -0.07173075526952744, 0.7991836071014404, 0.4420444667339325, 0.6306182146072388, 0.004360932856798172, 0.6378858685493469, 0.30777081847190857, 0.29346325993537903, 0.11212421953678131, 0.8981005549430847, 0.014210468158125877, 0.03781101107597351, -0.04565926641225815, 0.9981400966644287, -0.33373650908470154, 0.02831670641899109, -0.04550587758421898, 0.9411414861679077, 0.13537663221359253, -0.0006462541059590876, 5.784615950688021e-06, 0.9907940030097961, -0.4818970561027527, 0.0020671964157372713, -2.6726054784376174e-05, 0.8762254118919373, 0.04994019865989685, 0.9382200837135315, -0.04937226325273514, 0.3388384282588959, 0.394571453332901, -0.37304794788360596, 0.7637637853622437, 0.349017858505249, -0.32040295004844666, 0.05230247229337692, 0.04126757010817528, 0.94493567943573, 0.42474156618118286, -0.05385582894086838, 0.13556817173957825, 0.8934849500656128, 0.40678200125694275, 0.00908797886222601, 0.09487948566675186, 0.9085392951965332, 0.6541488766670227, -0.4128932058811188, 0.3967589735984802, 0.49415668845176697, -0.2634078562259674, -0.023893561214208603, -0.01201082393527031, 0.964313805103302, 0.47862207889556885, 0.09222784638404846, -0.14922216534614563, 0.8603183627128601, 0.41794487833976746, -0.006755134090781212, -0.09741060435771942, 0.9032096862792969, -0.555229663848877, -0.4694742262363434, -0.6093338131904602, 0.3162693977355957, -0.05899291858077049, 0.021677138283848763, -0.01981429196894169, 0.997826337814331, 0.0271166879683733, 0.017376767471432686, -0.013912647031247616, 0.9993844032287598, -0.5293057560920715, 0.3814946413040161, -0.48370495438575745, 0.5833753943443298, -0.45575830340385437, -0.37291157245635986, 0.10657184571027756, 0.8011640310287476, 0.4359811842441559, -0.5643043518066406, -0.03798042610287666, 0.7000276446342468, 0.2240184247493744, -0.23389175534248352, 0.04966894909739494, 0.9447981119155884, -0.5419406294822693, -0.3310759663581848, 0.4432564973831177, 0.6326237320899963, -0.4773275852203369, 0.3745690584182739, -0.08416314423084259, 0.7904258370399475, 0.4383315145969391, 0.6250051856040955, 0.003810803173109889, 0.6459252834320068, 0.3073089122772217, 0.3031376898288727, 0.11257822066545486, 0.894983172416687, 0.0124566201120615, 0.03864700347185135, -0.046027835458517075, 0.9981145858764648, -0.33153051137924194, 0.030232371762394905, -0.04544857516884804, 0.9418640732765198, 0.1353808343410492, -0.0006537800654768944, 6.7988539740326814e-06, 0.9907934665679932, -0.48189330101013184, 0.0020605861209332943, -3.0373852496268228e-05, 0.8762274980545044, 0.05222851410508156, 0.9405508041381836, -0.0473896861076355, 0.3322508633136749, 0.39602917432785034, -0.37064728140830994, 0.7659046053886414, 0.345212459564209, -0.3416654169559479, 0.05511360988020897, 0.043615538626909256, 0.9371899366378784, 0.43674665689468384, -0.0560307651758194, 0.13595424592494965, 0.8874848484992981, 0.4070824980735779, 0.009107568301260471, 0.09475754201412201, 0.9084172248840332, 0.6587843894958496, -0.41415566205978394, 0.40057721734046936, 0.48375213146209717, -0.2801937460899353, -0.026013674214482307, -0.012863442301750183, 0.9595047235488892, 0.4819384217262268, 0.10112890601158142, -0.15259426832199097, 0.856868326663971, 0.41764020919799805, -0.0067664519883692265, -0.09724260866641998, 0.9033685326576233, -0.5551063418388367, -0.46571457386016846, -0.6130247116088867, 0.31490910053253174, -0.05991557240486145, 0.022539179772138596, -0.019990844652056694, 0.9977487325668335, 0.026883281767368317, 0.017237404361367226, -0.013763287104666233, 0.9993951916694641, -0.5282461643218994, 0.3800106942653656, -0.48480334877967834, 0.5843916535377502, -0.4450666010379791, -0.37839001417160034, 0.11836269497871399, 0.8029489517211914, 0.4254555106163025, -0.5495554208755493, -0.03667345270514488, 0.7180749177932739, 0.22482547163963318, -0.235338494181633, 0.04764480143785477, 0.9443512558937073, -0.5398195385932922, -0.32712727785110474, 0.44356876611709595, 0.636262059211731, -0.4779064953327179, 0.3855834901332855, -0.09682817757129669, 0.7832975387573242, 0.43566736578941345, 0.6216890811920166, 0.004679698962718248, 0.650903046131134, 0.30993250012397766, 0.3061896860599518, 0.1095210537314415, 0.8934175372123718, 0.011844392865896225, 0.03902297466993332, -0.04663325473666191, 0.9980792999267578, -0.33078497648239136, 0.03195284307003021, -0.0447460301220417, 0.9421030282974243, 0.1353948414325714, -0.0006587988464161754, 7.396689397864975e-06, 0.9907915592193604, -0.4818810224533081, 0.002056111115962267, -3.285960337962024e-05, 0.8762342929840088, 0.05369657278060913, 0.9418363571166992, -0.04346363618969917, 0.32889509201049805, 0.3958081305027008, -0.37425974011421204, 0.764846920967102, 0.34391099214553833, -0.3497387170791626, 0.05618086829781532, 0.04437318071722984, 0.9341078996658325, 0.44324013590812683, -0.05523490160703659, 0.1363791674375534, 0.8842443227767944, 0.40730908513069153, 0.00912852119654417, 0.0946151614189148, 0.9083303213119507, 0.6611539721488953, -0.41803669929504395, 0.3998507261276245, 0.47774481773376465, -0.28716522455215454, -0.02706245146691799, -0.013324279338121414, 0.9574059844017029, 0.48234882950782776, 0.10901491343975067, -0.155418261885643, 0.8551611304283142, 0.41752898693084717, -0.006761237978935242, -0.09717141091823578, 0.9034277200698853, -0.5542182326316833, -0.465514212846756, -0.6144881844520569, 0.31391555070877075, -0.060188908129930496, 0.022738290950655937, -0.020318135619163513, 0.9977211356163025, 0.026953483000397682, 0.0168913621455431, -0.013572677969932556, 0.9994018077850342, -0.5276070833206177, 0.3761104941368103, -0.4844227433204651, 0.5877978801727295, -0.4366843104362488, -0.3711439371109009, 0.1325589269399643, 0.8086947202682495, 0.42234334349632263, -0.5454810857772827, -0.03721512854099274, 0.7229741215705872, 0.2222004234790802, -0.23845653235912323, 0.05514513701200485, 0.9437820315361023, -0.5349209308624268, -0.3217167556285858, 0.4457680583000183, 0.641598641872406, -0.48035240173339844, 0.39190739393234253, -0.10809112340211868, 0.7771657109260559, 0.4353058338165283, 0.6222513914108276, 0.005710083059966564, 0.6505993008613586, 0.31309881806373596, 0.3052479028701782, 0.10544464737176895, 0.8931261301040649, 0.012060903012752533, 0.03883463144302368, -0.04715884476900101, 0.9980593323707581, -0.33123454451560974, 0.03335118293762207, -0.043865982443094254, 0.9419379830360413, 0.13540205359458923, -0.0006613102159462869, 7.661771633138414e-06, 0.9907905459403992, -0.4818746745586395, 0.0020539944525808096, -3.409033524803817e-05, 0.8762377500534058, 0.053357578814029694, 0.9421151876449585, -0.039093516767024994, 0.3287000358104706, 0.3938308358192444, -0.38342151045799255, 0.7605459094047546, 0.34562283754348755, -0.34089338779449463, 0.055025991052389145, 0.043596819043159485, 0.9374770522117615, 0.44163236021995544, -0.051504191011190414, 0.1363648772239685, 0.8852755427360535, 0.4073738157749176, 0.009130275808274746, 0.0945730060338974, 0.9083056449890137, 0.660834014415741, -0.4230688512325287, 0.3946944773197174, 0.47804534435272217, -0.28037646412849426, -0.026285331696271896, -0.012885350733995438, 0.9594436287879944, 0.47882699966430664, 0.11279367655515671, -0.1568591147661209, 0.8563863039016724, 0.4174964129924774, -0.006690750364214182, -0.09727149456739426, 0.9034324884414673, -0.5529183745384216, -0.46829527616500854, -0.6137621998786926, 0.3134913444519043, -0.05976182967424393, 0.022252321243286133, -0.020778462290763855, 0.9977482557296753, 0.02726960927248001, 0.01661958359181881, -0.01348087564110756, 0.9993990659713745, -0.527531087398529, 0.3705902099609375, -0.4822247624397278, 0.5931553244590759, -0.43086302280426025, -0.35063666105270386, 0.14933085441589355, 0.8179922699928284, 0.42777401208877563, -0.5531231760978699, -0.038881510496139526, 0.7138293385505676, 0.21653218567371368, -0.24290254712104797, 0.06872331351041794, 0.9430744051933289, -0.5262333750724792, -0.31513354182243347, 0.45073604583740234, 0.6485416889190674, -0.4840122163295746, 0.39440324902534485, -0.11506696790456772, 0.7726175785064697, 0.43942713737487793, 0.6292524337768555, 0.005701563786715269, 0.6410247683525085, 0.31192007660865784, 0.30502137541770935, 0.1033809632062912, 0.893856942653656, 0.013060852885246277, 0.03791792318224907, -0.047442901879549026, 0.9980685710906982, -0.33236050605773926, 0.03492489457130432, -0.04315277189016342, 0.941517174243927, 0.13539694249629974, -0.0006617186008952558, 7.668344551348127e-06, 0.9907912611961365, -0.48187917470932007, 0.002053671283647418, -3.433920937823132e-05, 0.87623530626297, 0.049982789903879166, 0.9420978426933289, -0.03755396604537964, 0.32945889234542847, 0.38811296224594116, -0.3959835171699524, 0.7554525136947632, 0.3490802049636841, -0.3134532570838928, 0.05144289880990982, 0.04130341857671738, 0.9473092555999756, 0.4307297170162201, -0.04449513554573059, 0.13560812175273895, 0.8911243081092834, 0.40741392970085144, 0.009135649539530277, 0.09452103823423386, 0.9082930088043213, 0.6570053100585938, -0.42615944147109985, 0.38816508650779724, 0.48586007952690125, -0.25750699639320374, -0.023783324286341667, -0.011190086603164673, 0.9659188985824585, 0.47087302803993225, 0.10901105403900146, -0.15586483478546143, 0.8614529967308044, 0.4175274670124054, -0.00663737440481782, -0.09735886007547379, 0.9034091234207153, -0.5505201816558838, -0.4746926724910736, -0.6105787754058838, 0.31430575251579285, -0.058422062546014786, 0.021506180986762047, -0.021459786221385002, 0.9978295564651489, 0.027689309790730476, 0.016287993639707565, -0.01342242956161499, 0.9993937015533447, -0.5232039093971252, 0.365181028842926, -0.48435690999031067, 0.5985807180404663, -0.4310641288757324, -0.328434020280838, 0.16985562443733215, 0.8230819702148438, 0.44023820757865906, -0.5702835321426392, -0.04231696575880051, 0.6922256350517273, 0.20973534882068634, -0.2448226362466812, 0.08359726518392563, 0.942912757396698, -0.5184605121612549, -0.30905330181121826, 0.4543895423412323, 0.6551450490951538, -0.48501166701316833, 0.3954845070838928, -0.11734646558761597, 0.7710937261581421, 0.4500455856323242, 0.6465252041816711, 0.005640947259962559, 0.615980863571167, 0.30339694023132324, 0.30725979804992676, 0.10448028892278671, 0.8958937525749207, 0.015159819275140762, 0.03683556988835335, -0.04778887704014778, 0.9980629086494446, -0.3332870304584503, 0.036123622208833694, -0.04299695044755936, 0.94115149974823, 0.1353726089000702, -0.0006601523491553962, 7.454001661244547e-06, 0.9907945394515991, -0.4819006025791168, 0.0020550445187836885, -3.364973235875368e-05, 0.8762234449386597, 0.04481705650687218, 0.9419070482254028, -0.038340289145708084, 0.3306548595428467, 0.3805694282054901, -0.40844637155532837, 0.7511088848114014, 0.35238322615623474, -0.27785271406173706, 0.04684720188379288, 0.03834081068634987, 0.9587143659591675, 0.41556763648986816, -0.03556466102600098, 0.13429178297519684, 0.8988906741142273, 0.40745869278907776, 0.009160321205854416, 0.09442032128572464, 0.9082831740379333, 0.6530076265335083, -0.42540499567985535, 0.38123559951782227, 0.49726349115371704, -0.22949044406414032, -0.020801018923521042, -0.008602377958595753, 0.9730506539344788, 0.4634336233139038, 0.09792715311050415, -0.1525806039571762, 0.8673861622810364, 0.4176430404186249, -0.00660916231572628, -0.09733236581087112, 0.9033587574958801, -0.5478608012199402, -0.482405424118042, -0.6053501963615417, 0.31730878353118896, -0.05640373006463051, 0.021127840504050255, -0.021884359419345856, 0.9979445934295654, 0.0281887985765934, 0.016019806265830994, -0.013416069559752941, 0.9993842244148254, -0.515915036201477, 0.3602030277252197, -0.4897749125957489, 0.6034948825836182, -0.43452268838882446, -0.31065428256988525, 0.18779535591602325, 0.8242675065994263, 0.4531188905239105, -0.5879470109939575, -0.04594971612095833, 0.6684983968734741, 0.20234999060630798, -0.24364981055259705, 0.09728193283081055, 0.9435176253318787, -0.5136401653289795, -0.3039843738079071, 0.4551904797554016, 0.660733699798584, -0.4831496477127075, 0.3966640532016754, -0.11818690598011017, 0.7715283036231995, 0.4619390070438385, 0.6658530831336975, 0.005702317226678133, 0.585849404335022, 0.28889647126197815, 0.3127746284008026, 0.1011243611574173, 0.8991578221321106, 0.017925024032592773, 0.03619870916008949, -0.04792485758662224, 0.998033881187439, -0.33417925238609314, 0.03599407151341438, -0.04338672384619713, 0.9408221244812012, 0.13534285128116608, -0.0006580585613846779, 7.216161520773312e-06, 0.9907986521720886, -0.48192688822746277, 0.0020568580366671085, -3.268198270234279e-05, 0.876209020614624, 0.039975058287382126, 0.9412964582443237, -0.04017641767859459, 0.3327895700931549, 0.3733355402946472, -0.4178335666656494, 0.748318076133728, 0.3550433814525604, -0.24500010907649994, 0.042644187808036804, 0.03560641407966614, 0.967930018901825, 0.4007926881313324, -0.02812560275197029, 0.13304400444030762, 0.9060207009315491, 0.40751251578330994, 0.009177692234516144, 0.09430349618196487, 0.9082709550857544, 0.649752676486969, -0.42226600646972656, 0.3758515417575836, 0.508181631565094, -0.20720480382442474, -0.01846899650990963, -0.006357632111757994, 0.9781025648117065, 0.4595147669315338, 0.08469323068857193, -0.14829401671886444, 0.8715974688529968, 0.4178156554698944, -0.006599774118512869, -0.09723617881536484, 0.9032893776893616, -0.5460109114646912, -0.4904298782348633, -0.5991132259368896, 0.3200218677520752, -0.05418207496404648, 0.02050977200269699, -0.022202331572771072, 0.9980735182762146, 0.0287060234695673, 0.015747254714369774, -0.013316119089722633, 0.9993751645088196, -0.5130622982978821, 0.3561379313468933, -0.4904848039150238, 0.6077480316162109, -0.4333263039588928, -0.2917748987674713, 0.20215587317943573, 0.8283892273902893, 0.46457183361053467, -0.6037306785583496, -0.04931182041764259, 0.6459494233131409, 0.196656733751297, -0.2435106486082077, 0.10971255600452423, 0.9433938264846802, -0.5029783248901367, -0.2985738515853882, 0.4624323844909668, 0.6663503646850586, -0.4868689179420471, 0.4019744098186493, -0.12138888239860535, 0.7659242749214172, 0.47141528129577637, 0.681420624256134, 0.005605063866823912, 0.5598233342170715, 0.2776486277580261, 0.3164280652999878, 0.09960800409317017, 0.901589035987854, 0.020831264555454254, 0.03530970960855484, -0.04793204367160797, 0.9980089068412781, -0.33544206619262695, 0.03585423156619072, -0.04400120675563812, 0.9403494000434875, 0.13531576097011566, -0.0006563468487001956, 6.985842901485739e-06, 0.9908022880554199, -0.48195087909698486, 0.002058354439213872, -3.195012322976254e-05, 0.8761958479881287, 0.037114016711711884, 0.9403033256530762, -0.04301866516470909, 0.3355617821216583, 0.36679142713546753, -0.4219037890434265, 0.7484847903251648, 0.3566957712173462, -0.22193513810634613, 0.03978821635246277, 0.03369726985692978, 0.9736663699150085, 0.38926321268081665, -0.0242728553712368, 0.13231749832630157, 0.9112502932548523, 0.4075830280780792, 0.009175184182822704, 0.09418170154094696, 0.9082520008087158, 0.6464393138885498, -0.4182737171649933, 0.37468162178993225, 0.5165045261383057, -0.19654646515846252, -0.017347879707813263, -0.005114173516631126, 0.9803277254104614, 0.4601803123950958, 0.07328208535909653, -0.14431212842464447, 0.8729477524757385, 0.41798025369644165, -0.006594736594706774, -0.09715866297483444, 0.903221607208252, -0.5457789897918701, -0.4974530339241028, -0.5926188826560974, 0.32166555523872375, -0.052177544683218, 0.019636759534478188, -0.022277146577835083, 0.9981961846351624, 0.029153984040021896, 0.01538247149437666, -0.013135572895407677, 0.999370276927948, -0.5115541815757751, 0.35266923904418945, -0.4900244474411011, 0.6114023327827454, -0.4302552044391632, -0.2760063707828522, 0.21350672841072083, 0.8325358033180237, 0.47363945841789246, -0.6163145303726196, -0.05194103345274925, 0.6269961595535278, 0.1935921609401703, -0.2439640760421753, 0.11728978902101517, 0.9429988265037537, -0.489550918340683, -0.2955177426338196, 0.4744979441165924, 0.6692241430282593, -0.49208468198776245, 0.41316163539886475, -0.12674112617969513, 0.7557028532028198, 0.4778324365615845, 0.691903293132782, 0.0054862890392541885, 0.541217029094696, 0.2727700173854828, 0.3178480863571167, 0.10102030634880066, 0.902421236038208, 0.02344302274286747, 0.034129153937101364, -0.047665588557720184, 0.9980048537254333, -0.3362717032432556, 0.03483745828270912, -0.04486623778939247, 0.9400503635406494, 0.1352979838848114, -0.0006550105172209442, 6.86926614434924e-06, 0.9908047914505005, -0.48196661472320557, 0.0020594734232872725, -3.1302122806664556e-05, 0.8761872053146362, 0.03904245048761368, 0.9393671751022339, -0.04484955593943596, 0.33771812915802, 0.3612738847732544, -0.4195445775985718, 0.7519957423210144, 0.35772329568862915, -0.21761542558670044, 0.039463311433792114, 0.033370956778526306, 0.9746654033660889, 0.38453248143196106, -0.026719210669398308, 0.13282909989356995, 0.913114070892334, 0.40764737129211426, 0.009149025194346905, 0.09408733993768692, 0.9082331657409668, 0.6431105136871338, -0.41610032320022583, 0.37932246923446655, 0.5190220475196838, -0.20510178804397583, -0.018208149820566177, -0.005587816704064608, 0.9785553216934204, 0.4672201871871948, 0.06858135014772415, -0.14268556237220764, 0.8698521256446838, 0.41806983947753906, -0.0065785725601017475, -0.09717969596385956, 0.9031779766082764, -0.5478003025054932, -0.5003026723861694, -0.5884005427360535, 0.3215539753437042, -0.05131206288933754, 0.018905654549598694, -0.021934067830443382, 0.9982627630233765, 0.02935454249382019, 0.014997327700257301, -0.012995490804314613, 0.9993720650672913, -0.5078844428062439, 0.34866321086883545, -0.49222564697265625, 0.6149806976318359, -0.4297594130039215, -0.2668716609477997, 0.22240027785301208, 0.8334413766860962, 0.4793221950531006, -0.6242369413375854, -0.053454071283340454, 0.6145902276039124, 0.18963991105556488, -0.24252796173095703, 0.11999199539422989, 0.9438319802284241, -0.4813365638256073, -0.2960405647754669, 0.48380181193351746, 0.6682896018028259, -0.49192047119140625, 0.42648735642433167, -0.13482621312141418, 0.7469569444656372, 0.48039188981056213, 0.6957932710647583, 0.005587839521467686, 0.5339140892028809, 0.27262961864471436, 0.321776419878006, 0.10042699426412582, 0.9011367559432983, 0.02470572106540203, 0.03304698318243027, -0.04703744128346443, 0.9980406165122986, -0.33542394638061523, 0.03125660866498947, -0.04581725597381592, 0.9404332041740417, 0.13529786467552185, -0.000653554976452142, 6.72050919092726e-06, 0.9908047914505005, -0.48196667432785034, 0.0020608166232705116, -3.055581692024134e-05, 0.8761871457099915, 0.046043992042541504, 0.9387553930282593, -0.0431792251765728, 0.3387534022331238, 0.35758379101753235, -0.4128473103046417, 0.7566710114479065, 0.3593605160713196, -0.23179903626441956, 0.041534941643476486, 0.034513507038354874, 0.9712635278701782, 0.3866352140903473, -0.0358709990978241, 0.1345147043466568, 0.9116645455360413, 0.4076457917690277, 0.009088069200515747, 0.09408912062644958, 0.9082342982292175, 0.6407749056816101, -0.41709038615226746, 0.3870091438293457, 0.5154289603233337, -0.23083285987377167, -0.02087254449725151, -0.0077444021590054035, 0.9727386832237244, 0.47943899035453796, 0.07180344313383102, -0.14347420632839203, 0.8627848625183105, 0.41808030009269714, -0.006553656421601772, -0.09728799760341644, 0.9031616449356079, -0.5514041781425476, -0.4982268512248993, -0.5881127119064331, 0.3191347122192383, -0.0519784577190876, 0.018405556678771973, -0.02143583446741104, 0.9982484579086304, 0.029292771592736244, 0.014738256111741066, -0.012956817634403706, 0.9993782639503479, -0.5046714544296265, 0.34460872411727905, -0.4943200945854187, 0.6182226538658142, -0.431525319814682, -0.264448344707489, 0.22712333500385284, 0.8320264220237732, 0.48071229457855225, -0.6262872815132141, -0.053702060133218765, 0.6113885641098022, 0.19046655297279358, -0.24282726645469666, 0.1190086081624031, 0.9437131285667419, -0.48092958331108093, -0.29721155762672424, 0.4851507246494293, 0.6670838594436646, -0.48846545815467834, 0.431593120098114, -0.14248999953269958, 0.7448660731315613, 0.47984573245048523, 0.6943378448486328, 0.005903933197259903, 0.5362910628318787, 0.2743864059448242, 0.3278595507144928, 0.09799148887395859, 0.8986756205558777, 0.02417413704097271, 0.03235724940896034, -0.04636172950267792, 0.9981077909469604, -0.3337486684322357, 0.026860792189836502, -0.046672750264406204, 0.9411227703094482, 0.13531669974327087, -0.0006514700944535434, 6.520801889564609e-06, 0.9908021688461304, -0.48195016384124756, 0.0020625784527510405, -2.93457032967126e-05, 0.8761962652206421, 0.05508866161108017, 0.9379362463951111, -0.03870509937405586, 0.34020987153053284, 0.3564112186431885, -0.40420886874198914, 0.7609957456588745, 0.3612087666988373, -0.2557489275932312, 0.04482825845479965, 0.03612853214144707, 0.9650272727012634, 0.39285051822662354, -0.04770073667168617, 0.13667872548103333, 0.9081365466117859, 0.4075866639614105, 0.009005419909954071, 0.09414172172546387, 0.9082562327384949, 0.6400126814842224, -0.41963380575180054, 0.3945159614086151, 0.508574903011322, -0.264636754989624, -0.02440601773560047, -0.010899020358920097, 0.9639776945114136, 0.4940367639064789, 0.07917047291994095, -0.1453351527452469, 0.8535440564155579, 0.4180605411529541, -0.006541266571730375, -0.09740886092185974, 0.9031578302383423, -0.5554243922233582, -0.493742436170578, -0.5899987816810608, 0.31563234329223633, -0.0534670390188694, 0.018103940412402153, -0.020918825641274452, 0.9981862902641296, 0.029153993353247643, 0.014635893516242504, -0.01298664789646864, 0.9993834495544434, -0.5025339722633362, 0.34162652492523193, -0.4959731101989746, 0.6202915906906128, -0.4364297389984131, -0.27066320180892944, 0.2248847484588623, 0.8280684351921082, 0.47820407152175903, -0.623068630695343, -0.0526227131485939, 0.6167148947715759, 0.195419579744339, -0.243792325258255, 0.11197514086961746, 0.9433122873306274, -0.4857708215713501, -0.298793762922287, 0.4810768961906433, 0.6658183336257935, -0.48495641350746155, 0.42965495586395264, -0.14723946154117584, 0.7473516464233398, 0.4772239029407501, 0.689346969127655, 0.006419189739972353, 0.5449926257133484, 0.2763483226299286, 0.33107468485832214, 0.09434831887483597, 0.8972845673561096, 0.02263494022190571, 0.03207273408770561, -0.045764386653900146, 0.998180627822876, -0.3324999511241913, 0.022846022620797157, -0.047357313334941864, 0.9416364431381226, 0.135347381234169, -0.0006483212346211076, 6.191067313920939e-06, 0.9907980561256409, -0.48192298412323, 0.0020653277169913054, -2.7724881874746643e-05, 0.8762111663818359, 0.06438156962394714, 0.9366496801376343, -0.033216554671525955, 0.34269389510154724, 0.35753121972084045, -0.3939252197742462, 0.7653138637542725, 0.3623383641242981, -0.2851245403289795, 0.0487828254699707, 0.037674278020858765, 0.956506609916687, 0.4019196629524231, -0.05987503007054329, 0.13895131647586823, 0.9030880928039551, 0.40749701857566833, 0.00891230907291174, 0.09419767558574677, 0.9082915782928467, 0.6405428647994995, -0.4222966134548187, 0.40094274282455444, 0.5006149411201477, -0.3009710907936096, -0.02822917141020298, -0.01458104606717825, 0.9531038403511047, 0.5095303058624268, 0.08807029575109482, -0.14733897149562836, 0.8431569933891296, 0.41804295778274536, -0.006551780737936497, -0.09749972820281982, 0.9031561017036438, -0.5595359206199646, -0.4888795018196106, -0.592305064201355, 0.3115944564342499, -0.05520714074373245, 0.017830969765782356, -0.02045772224664688, 0.998106062412262, 0.029045594856142998, 0.014683866873383522, -0.013066654093563557, 0.9993848204612732, -0.501629114151001, 0.3408082127571106, -0.49740228056907654, 0.6203297972679138, -0.4443921446800232, -0.2864363491535187, 0.2146071046590805, 0.821226954460144, 0.47214066982269287, -0.6150743961334229, -0.05037897080183029, 0.6294669508934021, 0.2000894993543625, -0.24369719624519348, 0.10112862288951874, 0.9435830116271973, -0.4934718906879425, -0.30153530836105347, 0.4747331440448761, 0.6634685397148132, -0.482096403837204, 0.4239061176776886, -0.14708928763866425, 0.7524968385696411, 0.47308066487312317, 0.6818432211875916, 0.006870140787214041, 0.5578864812850952, 0.27812430262565613, 0.33043819665908813, 0.09220387041568756, 0.8971933722496033, 0.02070687897503376, 0.031985290348529816, -0.04523211345076561, 0.9982495903968811, -0.331630676984787, 0.019741639494895935, -0.0479564443230629, 0.9419827461242676, 0.13538485765457153, -0.000644131563603878, 5.658841473632492e-06, 0.9907929301261902, -0.4818898141384125, 0.002068928210064769, -2.5549461497575976e-05, 0.8762294054031372, 0.07205624133348465, 0.9352267384529114, -0.028256027027964592, 0.3454858064651489, 0.36009112000465393, -0.38436779379844666, 0.7689818739891052, 0.36230188608169556, -0.31324145197868347, 0.052521709352731705, 0.03866594284772873, 0.9474313855171204, 0.41184860467910767, -0.06927836686372757, 0.14087006449699402, 0.8976284265518188, 0.4073944389820099, 0.008843175135552883, 0.09422001987695694, 0.9083359241485596, 0.6420340538024902, -0.4246012270450592, 0.4047130346298218, 0.4936734735965729, -0.331402450799942, -0.03145186975598335, -0.017812706530094147, 0.9427968859672546, 0.522705078125, 0.09616349637508392, -0.14905472099781036, 0.8338553309440613, 0.41803187131881714, -0.006588502787053585, -0.09752314537763596, 0.9031584858894348, -0.5632085204124451, -0.4851284921169281, -0.5938225388526917, 0.30793094635009766, -0.05661972984671593, 0.01755567453801632, -0.020099041983485222, 0.9980391263961792, 0.029032481834292412, 0.014865987002849579, -0.013176493346691132, 0.9993810653686523, -0.5042011737823486, 0.3424414396286011, -0.49602559208869934, 0.618444561958313, -0.4529639482498169, -0.3048645555973053, 0.19736453890800476, 0.814204216003418, 0.46355247497558594, -0.6035885810852051, -0.04757209122180939, 0.6469442248344421, 0.2024848759174347, -0.24287539720535278, 0.09088847786188126, 0.9443255662918091, -0.5010863542556763, -0.3051450848579407, 0.4692467451095581, 0.6600049138069153, -0.4810953140258789, 0.4169270396232605, -0.14077992737293243, 0.7582217454910278, 0.4678993225097656, 0.6729605793952942, 0.0069141448475420475, 0.5728407502174377, 0.2781922221183777, 0.32714083790779114, 0.09441393613815308, 0.8981503248214722, 0.01895584724843502, 0.03200840204954147, -0.044771429151296616, 0.9983044266700745, -0.3309362828731537, 0.01848088577389717, -0.04856819659471512, 0.9422212243080139, 0.13542136549949646, -0.0006401182617992163, 5.127369149704464e-06, 0.990787923336029, -0.481857568025589, 0.002072463044896722, -2.351138937228825e-05, 0.8762471079826355, 0.07626819610595703, 0.9345367550849915, -0.025621376931667328, 0.3466522693634033, 0.36213418841362, -0.37921997904777527, 0.7710246443748474, 0.3613475561141968, -0.33110618591308594, 0.05488999933004379, 0.03908660262823105, 0.9411843419075012, 0.41961386799812317, -0.07307180762290955, 0.14186306297779083, 0.8935657143592834, 0.40732234716415405, 0.008833237923681736, 0.09419548511505127, 0.9083709120750427, 0.6432433724403381, -0.42668670415878296, 0.40563294291496277, 0.48952871561050415, -0.34649890661239624, -0.03304331749677658, -0.01942538470029831, 0.9372669458389282, 0.5287904143333435, 0.10182959586381912, -0.15048949420452118, 0.8290744423866272, 0.4179842472076416, -0.006631866563111544, -0.09750950336456299, 0.9031816720962524, -0.5652254223823547, -0.48293158411979675, -0.5943418145179749, 0.3066844642162323, -0.05719578266143799, 0.017574941739439964, -0.019736623391509056, 0.9980131387710571, 0.029135478660464287, 0.015078546479344368, -0.013263528235256672, 0.999373733997345, -0.5121742486953735, 0.34550952911376953, -0.48886358737945557, 0.615884006023407, -0.45621004700660706, -0.31085026264190674, 0.17929378151893616, 0.8143084645271301, 0.4563620388507843, -0.593863844871521, -0.045520659536123276, 0.6610500812530518, 0.20550787448883057, -0.2411872148513794, 0.08500825613737106, 0.944652795791626, -0.50630784034729, -0.30784159898757935, 0.46576353907585144, 0.6572293043136597, -0.4828528165817261, 0.41033539175987244, -0.13291886448860168, 0.7621093392372131, 0.46270477771759033, 0.6645586490631104, 0.006733519956469536, 0.5867034196853638, 0.27944397926330566, 0.3220497965812683, 0.09735018759965897, 0.8992874622344971, 0.017969906330108643, 0.032283883541822433, -0.04437340423464775, 0.9983315467834473, -0.33050990104675293, 0.018114877864718437, -0.048954933881759644, 0.9423579573631287, 0.13544538617134094, -0.0006377980462275445, 4.8213000809482764e-06, 0.9907846450805664, -0.48183631896972656, 0.0020745056681334972, -2.229073470516596e-05, 0.8762588500976562, 0.07686953246593475, 0.9345957636833191, -0.02512408420443535, 0.3463965952396393, 0.36320236325263977, -0.37880873680114746, 0.7716655135154724, 0.35933324694633484, -0.3384016156196594, 0.05602138116955757, 0.03833797201514244, 0.9385500550270081, 0.42485547065734863, -0.07195672392845154, 0.14240795373916626, 0.8910892605781555, 0.4072413742542267, 0.008801840245723724, 0.0940842404961586, 0.9084190726280212, 0.6443869471549988, -0.42795929312705994, 0.4044083058834076, 0.4879243075847626, -0.3485338091850281, -0.0333205983042717, -0.01899617165327072, 0.9365111589431763, 0.5290813446044922, 0.10518354177474976, -0.1518082469701767, 0.8282291889190674, 0.4178418219089508, -0.006640156265348196, -0.09743376821279526, 0.9032556414604187, -0.5651847124099731, -0.48204362392425537, -0.5943841934204102, 0.30807092785835266, -0.05708083510398865, 0.01794472150504589, -0.01937415450811386, 0.9980202913284302, 0.02929297275841236, 0.01530603040009737, -0.013331624679267406, 0.9993647933006287, -0.5195978879928589, 0.34979987144470215, -0.48252803087234497, 0.6122294068336487, -0.4562445878982544, -0.3125404417514801, 0.16472259163856506, 0.8167164921760559, 0.45065006613731384, -0.5859671831130981, -0.04408477991819382, 0.6720219254493713, 0.2088194191455841, -0.24014553427696228, 0.08151354640722275, 0.9444999098777771, -0.5089074969291687, -0.3098270893096924, 0.46458160877227783, 0.6551216244697571, -0.48488253355026245, 0.4059085249900818, -0.12592945992946625, 0.7643749117851257, 0.45806217193603516, 0.6575574278831482, 0.00657327426597476, 0.5981255173683167, 0.2832781970500946, 0.3173110783100128, 0.0968826487660408, 0.8998227119445801, 0.017719045281410217, 0.03289215639233589, -0.04408002644777298, 0.9983291625976562, -0.3302671015262604, 0.01770574413239956, -0.048857662826776505, 0.9424559473991394, 0.13547565042972565, -0.0006331876502372324, 4.195651399641065e-06, 0.9907804727554321, -0.48180949687957764, 0.0020785978995263577, -1.9942654034821317e-05, 0.8762735724449158, 0.0741768479347229, 0.9353289008140564, -0.026708900928497314, 0.3448830544948578, 0.36297059059143066, -0.38331472873687744, 0.770478367805481, 0.3573307394981384, -0.33382487297058105, 0.05546736344695091, 0.03761686757206917, 0.9402496218681335, 0.42669904232025146, -0.06638065725564957, 0.14203958213329315, 0.8906998634338379, 0.4072432816028595, 0.00883098877966404, 0.09399877488613129, 0.9084267616271973, 0.6444995999336243, -0.4294077157974243, 0.40006110072135925, 0.49008211493492126, -0.3343183398246765, -0.031810883432626724, -0.017387015745043755, 0.9417626857757568, 0.5224672555923462, 0.10540129244327545, -0.15264245867729187, 0.8322373032569885, 0.4177614152431488, -0.006655590143054724, -0.09737637639045715, 0.9032989144325256, -0.5633395910263062, -0.48279640078544617, -0.5938214063644409, 0.31133952736854553, -0.056376468390226364, 0.018482157960534096, -0.01913505047559738, 0.998055100440979, 0.029508259147405624, 0.015520265325903893, -0.01337417121976614, 0.9993545413017273, -0.5247277617454529, 0.35387083888053894, -0.47832363843917847, 0.6088042855262756, -0.4547721743583679, -0.3101711869239807, 0.15724001824855804, 0.8199095726013184, 0.4466201364994049, -0.5801545977592468, -0.04332611337304115, 0.679760217666626, 0.210592582821846, -0.2410198301076889, 0.08183678239583969, 0.9438554048538208, -0.5087659955024719, -0.31032437086105347, 0.4651896059513092, 0.6545644402503967, -0.4868216812610626, 0.40251851081848145, -0.11949270963668823, 0.7659667134284973, 0.4551706314086914, 0.6537700891494751, 0.0064537422731518745, 0.6044524312019348, 0.2886987626552582, 0.3138321042060852, 0.09411369264125824, 0.8996138572692871, 0.01821715384721756, 0.03362395614385605, -0.04396141692996025, 0.998301088809967, -0.33026787638664246, 0.017614593729376793, -0.04842180013656616, 0.9424798488616943, 0.13548116385936737, -0.0006321807741187513, 4.10335178457899e-06, 0.9907797574996948, -0.4818046987056732, 0.002079468686133623, -1.9427923689363524e-05, 0.8762761950492859, 0.06808030605316162, 0.9367390871047974, -0.03064601682126522, 0.3419734239578247, 0.3625757396221161, -0.39177343249320984, 0.7669492363929749, 0.35614779591560364, -0.3179798126220703, 0.0530928298830986, 0.037887223064899445, 0.9458512663841248, 0.42509520053863525, -0.05751291289925575, 0.14044088125228882, 0.8923355340957642, 0.40738946199417114, 0.008971878327429295, 0.09404073655605316, 0.9083554744720459, 0.6435023546218872, -0.4310535192489624, 0.3920328617095947, 0.4963947832584381, -0.30177515745162964, -0.028258033096790314, -0.014925404451787472, 0.9528433680534363, 0.5080159306526184, 0.10190458595752716, -0.15288090705871582, 0.841524064540863, 0.4178236424922943, -0.006686793174594641, -0.0973789244890213, 0.9032696485519409, -0.5600302815437317, -0.4858241081237793, -0.5920681953430176, 0.31590569019317627, -0.0549798347055912, 0.018925780430436134, -0.019103331491351128, 0.9981253147125244, 0.029815470799803734, 0.01566566713154316, -0.013388638384640217, 0.9993429780006409, -0.5277510285377502, 0.35721033811569214, -0.47572264075279236, 0.6062735319137573, -0.45095524191856384, -0.30174437165260315, 0.15850402414798737, 0.8249037861824036, 0.4457544982433319, -0.5785691738128662, -0.04354121536016464, 0.6816632151603699, 0.2077437937259674, -0.24230164289474487, 0.08710962533950806, 0.9436866044998169, -0.5065538287162781, -0.3089462220668793, 0.4664168655872345, 0.6560570001602173, -0.4875466227531433, 0.3991839587688446, -0.11300568282604218, 0.7682318687438965, 0.45591041445732117, 0.6560445427894592, 0.006275370717048645, 0.6014248132705688, 0.28882160782814026, 0.31254303455352783, 0.09013467282056808, 0.9004302620887756, 0.019675293937325478, 0.034177448600530624, -0.04400115832686424, 0.998252809047699, -0.3306952714920044, 0.018699798732995987, -0.0480637364089489, 0.9423273205757141, 0.1354399025440216, -0.0006403011502698064, 5.221842911851127e-06, 0.9907854199409485, -0.48184117674827576, 0.0020722439512610435, -2.3485305064241402e-05, 0.8762561678886414, 0.05992570519447327, 0.9386534094810486, -0.035375867038965225, 0.3377680778503418, 0.36416181921958923, -0.40099653601646423, 0.7621005773544312, 0.35466983914375305, -0.3007223904132843, 0.050692517310380936, 0.03765134885907173, 0.951619029045105, 0.42385995388031006, -0.048561714589595795, 0.13892388343811035, 0.8936915993690491, 0.40751591324806213, 0.00903497263789177, 0.09406375139951706, 0.908295750617981, 0.6440955400466919, -0.43111470341682434, 0.3826284110546112, 0.5028683543205261, -0.26441797614097595, -0.02433864027261734, -0.010950221680104733, 0.9640388488769531, 0.491384893655777, 0.09728332608938217, -0.15331704914569855, 0.8518043756484985, 0.4177949130535126, -0.006635439116507769, -0.09731186181306839, 0.9032905697822571, -0.5559496283531189, -0.4899841547012329, -0.5897905230522156, 0.32090914249420166, -0.05320730805397034, 0.019227566197514534, -0.019222088158130646, 0.9982133507728577, 0.030140884220600128, 0.01571999303996563, -0.01336910855025053, 0.99933260679245, -0.528542160987854, 0.36045408248901367, -0.4753233790397644, 0.6039733290672302, -0.44448190927505493, -0.2927618622779846, 0.16438089311122894, 0.830484926700592, 0.4484555423259735, -0.5819901823997498, -0.044541601091623306, 0.676898181438446, 0.2031828761100769, -0.24237504601478577, 0.0926758199930191, 0.9441304802894592, -0.5019335150718689, -0.3062475323677063, 0.4693053662776947, 0.6588078141212463, -0.4880516529083252, 0.398721307516098, -0.10988043993711472, 0.7686046957969666, 0.4589502811431885, 0.6620441675186157, 0.0060737538151443005, 0.5924739241600037, 0.2871381342411041, 0.3114303946495056, 0.08674392849206924, 0.9016863703727722, 0.021720953285694122, 0.03449930623173714, -0.04415621981024742, 0.9981924891471863, -0.33124956488609314, 0.020695246756076813, -0.048011429607868195, 0.9420936107635498, 0.13541972637176514, -0.0006482596509158611, 6.224087883310858e-06, 0.9907881021499634, -0.4818589389324188, 0.002065326552838087, -2.7457323085400276e-05, 0.8762463927268982, 0.05217110365629196, 0.9408748745918274, -0.04003759101033211, 0.3323095440864563, 0.36569744348526, -0.40997204184532166, 0.7571792006492615, 0.3533667027950287, -0.2847355008125305, 0.048435233533382416, 0.037682171911001205, 0.9566398859024048, 0.4232946038246155, -0.04028928652405739, 0.13722191751003265, 0.8946332335472107, 0.407676637172699, 0.009099425747990608, 0.09410542994737625, 0.9082186222076416, 0.6443119049072266, -0.431469202041626, 0.3731573224067688, 0.5093623995780945, -0.22548682987689972, -0.020273134112358093, -0.007056554779410362, 0.9740097522735596, 0.4735143780708313, 0.09295328706502914, -0.1538628339767456, 0.862247109413147, 0.4177640974521637, -0.006564246490597725, -0.09725417196750641, 0.903311550617218, -0.5518452525138855, -0.4941783845424652, -0.5878777503967285, 0.325045108795166, -0.05146786943078041, 0.01940327137708664, -0.019557636231184006, 0.9982945919036865, 0.03042019158601761, 0.015673862770199776, -0.013337607495486736, 0.9993253350257874, -0.5252727270126343, 0.36227330565452576, -0.4789287745952606, 0.6028879880905151, -0.44038209319114685, -0.28710097074508667, 0.17223207652568817, 0.8330503106117249, 0.4527320861816406, -0.5876730680465698, -0.04588071629405022, 0.6690059900283813, 0.20119021832942963, -0.2421136051416397, 0.09773822128772736, 0.9441137313842773, -0.4962133765220642, -0.30312472581863403, 0.4730305075645447, 0.6619137525558472, -0.4883244037628174, 0.4011687934398651, -0.11030887067317963, 0.7670950889587402, 0.46237775683403015, 0.6684250235557556, 0.006064393557608128, 0.5825616121292114, 0.28825289011001587, 0.3105871379375458, 0.082984559237957, 0.9019753336906433, 0.02386305294930935, 0.03459921106696129, -0.04449114203453064, 0.9981253147125244, -0.3317812383174896, 0.0227520689368248, -0.048171211034059525, 0.9418509006500244, 0.13539686799049377, -0.0006583111826330423, 7.597373041789979e-06, 0.9907912611961365, -0.48187926411628723, 0.0020564859732985497, -3.241588638047688e-05, 0.8762352466583252, 0.04573722556233406, 0.9431763887405396, -0.04418105259537697, 0.3261509835720062, 0.366862416267395, -0.4176870584487915, 0.7530614137649536, 0.35192057490348816, -0.2726178765296936, 0.04668807238340378, 0.03793860226869583, 0.9602397680282593, 0.42403846979141235, -0.0328805111348629, 0.13565464317798615, 0.8948229551315308, 0.40786173939704895, 0.009162584319710732, 0.0941341295838356, 0.9081319570541382, 0.6439924240112305, -0.4323647618293762, 0.3647593855857849, 0.5150583386421204, -0.18933551013469696, -0.01650449074804783, -0.003736970480531454, 0.9817666411399841, 0.4561980366706848, 0.08994074165821075, -0.1545598804950714, 0.8717254400253296, 0.4177277982234955, -0.006484255660325289, -0.09722238779067993, 0.9033323526382446, -0.5480377674102783, -0.497835636138916, -0.586637020111084, 0.3281334340572357, -0.049971841275691986, 0.019538315013051033, -0.02003329060971737, 0.9983584880828857, 0.030630428344011307, 0.015541644766926765, -0.013324516825377941, 0.9993211627006531, -0.5183286070823669, 0.36231574416160583, -0.4860777258872986, 0.6031510829925537, -0.43920400738716125, -0.2849743962287903, 0.18104352056980133, 0.8325338959693909, 0.45731696486473083, -0.5938826203346252, -0.047270454466342926, 0.6602501273155212, 0.20249634981155396, -0.2410896271467209, 0.10220206528902054, 0.9436237812042236, -0.49290576577186584, -0.3007521331310272, 0.4744627773761749, 0.6644375324249268, -0.48589155077934265, 0.4043870270252228, -0.11245334893465042, 0.7666386365890503, 0.4658905863761902, 0.6746599078178406, 0.006136718671768904, 0.5724878311157227, 0.2888227701187134, 0.3125123679637909, 0.07919487357139587, 0.9014685750007629, 0.025821033865213394, 0.03459867835044861, -0.04494301602244377, 0.9980562925338745, -0.33215591311454773, 0.024444613605737686, -0.048425719141960144, 0.941663384437561, 0.13537390530109406, -0.0006684918771497905, 8.889356649888214e-06, 0.9907943606376648, -0.4818994998931885, 0.002047465881332755, -3.751221811398864e-05, 0.876224160194397, 0.0415135957300663, 0.944847047328949, -0.046771157532930374, 0.3214859366416931, 0.36840301752090454, -0.42261308431625366, 0.7504967451095581, 0.34990304708480835, -0.26795637607574463, 0.04594643414020538, 0.03840625658631325, 0.9615681767463684, 0.4268660247325897, -0.027269333600997925, 0.13432005047798157, 0.8938679695129395, 0.40804120898246765, 0.009204890578985214, 0.09413088858127594, 0.9080512523651123, 0.643945574760437, -0.4337060749530792, 0.35837119817733765, 0.5184624195098877, -0.16365016996860504, -0.013826530426740646, -0.0015982890035957098, 0.9864202737808228, 0.4431758224964142, 0.08957048505544662, -0.15531419217586517, 0.878322184085846, 0.4176971912384033, -0.006401972379535437, -0.09723760932683945, 0.9033454656600952, -0.5453136563301086, -0.49992287158966064, -0.5862727761268616, 0.33014315366744995, -0.04907141998410225, 0.019666491076350212, -0.02036384865641594, 0.9983940124511719, 0.03073449805378914, 0.01535679679363966, -0.013332381844520569, 0.9993206858634949, -0.5114979147911072, 0.3617401719093323, -0.4930321276187897, 0.6036831140518188, -0.43632930517196655, -0.28561607003211975, 0.18926458060741425, 0.8319970965385437, 0.46104392409324646, -0.5990756750106812, -0.04841044545173645, 0.6528424620628357, 0.20662572979927063, -0.23843106627464294, 0.10579577833414078, 0.94300776720047, -0.4935373365879059, -0.2990064024925232, 0.47191429138183594, 0.6665681004524231, -0.4816042184829712, 0.4058308005332947, -0.11599994450807571, 0.768051266670227, 0.4685134291648865, 0.6789701581001282, 0.006137485150247812, 0.5652052760124207, 0.29005613923072815, 0.31711605191230774, 0.0787816271185875, 0.8994989395141602, 0.027131682261824608, 0.034616127610206604, -0.04526374861598015, 0.9980064034461975, -0.33212658762931824, 0.02575111575424671, -0.04866403341293335, 0.9416266083717346, 0.13535644114017487, -0.0006760627147741616, 9.836818207986653e-06, 0.9907967448234558, -0.48191508650779724, 0.002040912164375186, -4.131142850383185e-05, 0.8762155771255493, 0.04022439941763878, 0.9450272917747498, -0.04750746488571167, 0.32101157307624817, 0.37153539061546326, -0.4229954481124878, 0.7496286034584045, 0.34798458218574524, -0.2727234661579132, 0.046472515910863876, 0.039020709693431854, 0.9601768851280212, 0.4319646656513214, -0.02505970560014248, 0.13397519290447235, 0.8915319442749023, 0.40817293524742126, 0.009197310544550419, 0.09411217272281647, 0.9079940319061279, 0.6446607112884521, -0.43530622124671936, 0.3553548753261566, 0.5183088183403015, -0.156119242310524, -0.013025864958763123, -0.001104332972317934, 0.9876517057418823, 0.4383784234523773, 0.09228299558162689, -0.1568155437707901, 0.8801801204681396, 0.41768574714660645, -0.006337597966194153, -0.09730306267738342, 0.9033441543579102, -0.5443547964096069, -0.5004282593727112, -0.5867568254470825, 0.33009999990463257, -0.048931147903203964, 0.01961013488471508, -0.020597876980900764, 0.998397171497345, 0.030718831345438957, 0.015133881010115147, -0.013282419182360172, 0.9993252158164978, -0.5099664330482483, 0.36024171113967896, -0.49392107129096985, 0.6051464676856995, -0.42880377173423767, -0.28548476099967957, 0.1954118013381958, 0.8345298171043396, 0.463499516248703, -0.6027708649635315, -0.04927603155374527, 0.6476166248321533, 0.2125464230775833, -0.23517367243766785, 0.11077985167503357, 0.9419369697570801, -0.49415260553359985, -0.29788994789123535, 0.4701414406299591, 0.667863667011261, -0.48008620738983154, 0.40641894936561584, -0.12167678028345108, 0.767812192440033, 0.46870625019073486, 0.6789343953132629, 0.006307443603873253, 0.5650865435600281, 0.2939687669277191, 0.3206695318222046, 0.07882876694202423, 0.8969612717628479, 0.027528762817382812, 0.03452417254447937, -0.045522045344114304, 0.9979869723320007, -0.33174529671669006, 0.026505116373300552, -0.04851880297064781, 0.9417475461959839, 0.1353498250246048, -0.0006792655331082642, 1.0198232303082477e-05, 0.9907976388931274, -0.4819207787513733, 0.002038103062659502, -4.2934614612022415e-05, 0.8762124180793762, 0.041360873728990555, 0.9442709684371948, -0.046290405094623566, 0.3232627809047699, 0.3754757046699524, -0.42042720317840576, 0.7499162554740906, 0.34624361991882324, -0.2847083508968353, 0.047978393733501434, 0.03972781077027321, 0.9565882086753845, 0.43871042132377625, -0.025714414194226265, 0.13433516025543213, 0.8881587386131287, 0.4082501232624054, 0.009152204729616642, 0.09409406781196594, 0.9079616665840149, 0.6469297409057617, -0.43665096163749695, 0.35493922233581543, 0.514622151851654, -0.16502901911735535, -0.013966348022222519, -0.001927786972373724, 0.9861879348754883, 0.4412108063697815, 0.09720812737941742, -0.1587541699409485, 0.8778842091560364, 0.41770681738853455, -0.006293485872447491, -0.09737129509449005, 0.9033273458480835, -0.5442966818809509, -0.4997637867927551, -0.5884132385253906, 0.3282488286495209, -0.04937339946627617, 0.019510118290781975, -0.020960625261068344, 0.9983698129653931, 0.030612757429480553, 0.014953278005123138, -0.013214620761573315, 0.9993321299552917, -0.5107230544090271, 0.3574703633785248, -0.4920128583908081, 0.6077008247375488, -0.4223480224609375, -0.2867106795310974, 0.1990613490343094, 0.8365367650985718, 0.46400579810142517, -0.6038442254066467, -0.04952279478311539, 0.6462339758872986, 0.21928200125694275, -0.23311400413513184, 0.11352675408124924, 0.9405769109725952, -0.4959029257297516, -0.2981117069721222, 0.46835070848464966, 0.6677255034446716, -0.4792018234729767, 0.4060187339782715, -0.12690088152885437, 0.7677307724952698, 0.4670077860355377, 0.675678551197052, 0.006571891717612743, 0.5703675150871277, 0.2968907654285431, 0.32344725728034973, 0.07762441039085388, 0.8951045870780945, 0.027205578982830048, 0.034437429159879684, -0.04594860225915909, 0.9979792833328247, -0.33124062418937683, 0.02627355232834816, -0.04783463105559349, 0.941966712474823, 0.13535535335540771, -0.0006795541848987341, 1.0256051609758288e-05, 0.9907969236373901, -0.48191583156585693, 0.002037801081314683, -4.305943730287254e-05, 0.8762151598930359, 0.04425528645515442, 0.9432038068771362, -0.04329681023955345, 0.32639455795288086, 0.37925079464912415, -0.4161182940006256, 0.7512491345405579, 0.34444037079811096, -0.3020695149898529, 0.05022484436631203, 0.04046647623181343, 0.9511014223098755, 0.4467014670372009, -0.02842210978269577, 0.13524042069911957, 0.8839457035064697, 0.4082821309566498, 0.009083258919417858, 0.09407727420330048, 0.907949686050415, 0.6504712104797363, -0.43790796399116516, 0.3569512367248535, 0.5076512098312378, -0.186725452542305, -0.01627068966627121, -0.003747046459466219, 0.9822702407836914, 0.45019322633743286, 0.10375186800956726, -0.16061024367809296, 0.8722189664840698, 0.41775643825531006, -0.006264159921556711, -0.09743006527423859, 0.9032982587814331, -0.5445537567138672, -0.49809128046035767, -0.5911480188369751, 0.32543879747390747, -0.05026589334011078, 0.01953408494591713, -0.021418297663331032, 0.9983150959014893, 0.030463257804512978, 0.014863317832350731, -0.013169958256185055, 0.9993385672569275, -0.5105777978897095, 0.35495901107788086, -0.49147525429725647, 0.6097266674041748, -0.420173317193985, -0.2939128875732422, 0.20037932693958282, 0.834816038608551, 0.46194887161254883, -0.6012157797813416, -0.04881628230214119, 0.650199830532074, 0.22412744164466858, -0.23333114385604858, 0.11010600626468658, 0.9397873282432556, -0.4991985559463501, -0.29921433329582214, 0.46565330028533936, 0.666662335395813, -0.4782409965991974, 0.4051193296909332, -0.13162186741828918, 0.768010139465332, 0.4636323153972626, 0.6696377396583557, 0.006846070289611816, 0.5801581740379333, 0.2988002896308899, 0.32491081953048706, 0.07574325799942017, 0.8940997123718262, 0.026334894821047783, 0.03449586406350136, -0.04652286320924759, 0.9979740381240845, -0.33067822456359863, 0.025568373501300812, -0.046916842460632324, 0.9422298073768616, 0.1353713423013687, -0.0006769124302081764, 9.887134183372837e-06, 0.9907947182655334, -0.48190203309059143, 0.002040171530097723, -4.1713323298608884e-05, 0.8762227296829224, 0.04815460741519928, 0.9423015117645264, -0.03955162316560745, 0.3289143443107605, 0.38144463300704956, -0.41083964705467224, 0.7539688348770142, 0.34240588545799255, -0.321829617023468, 0.052838463336229324, 0.041055627167224884, 0.9444301128387451, 0.4549373388290405, -0.03232232853770256, 0.1365104764699936, 0.8794044852256775, 0.40828564763069153, 0.009006062522530556, 0.09404966980218887, 0.9079517722129822, 0.6537532806396484, -0.4393720328807831, 0.36140477657318115, 0.4989442527294159, -0.21494464576244354, -0.019251124933362007, -0.006141842808574438, 0.9764171838760376, 0.46244093775749207, 0.11127028614282608, -0.16212663054466248, 0.8645705580711365, 0.41780737042427063, -0.006245029158890247, -0.09749025106430054, 0.9032683372497559, -0.5451018214225769, -0.4959244430065155, -0.5939530730247498, 0.32271167635917664, -0.051392246037721634, 0.01973716914653778, -0.021767249330878258, 0.9982461929321289, 0.030348822474479675, 0.014895609579980373, -0.013186732307076454, 0.9993414282798767, -0.508444607257843, 0.35473087430000305, -0.4942297637462616, 0.6094153523445129, -0.4229426980018616, -0.3081595003604889, 0.1988123208284378, 0.8286319375038147, 0.4574771821498871, -0.5949828624725342, -0.04716300964355469, 0.6591553092002869, 0.22375795245170593, -0.23535394668579102, 0.09967340528964996, 0.9405350089073181, -0.5021494030952454, -0.2995920479297638, 0.4629368484020233, 0.6661682724952698, -0.47839075326919556, 0.4052177369594574, -0.1379670947790146, 0.7667503356933594, 0.45855194330215454, 0.660866916179657, 0.006982137449085712, 0.5940843820571899, 0.2993846833705902, 0.3255220055580139, 0.07458734512329102, 0.8937790393829346, 0.025167442858219147, 0.03469587489962578, -0.04699746146798134, 0.9979749917984009, -0.3302500247955322, 0.02569815143942833, -0.04634181037545204, 0.9424049258232117, 0.1353936493396759, -0.0006710016168653965, 9.092875188798644e-06, 0.9907916784286499, -0.4818821847438812, 0.0020453345496207476, -3.881873999489471e-05, 0.8762336373329163, 0.05209438502788544, 0.9412493705749512, -0.0356704480946064, 0.33175814151763916, 0.3823377192020416, -0.4067990481853485, 0.7561140656471252, 0.34150251746177673, -0.3364826738834381, 0.05481041222810745, 0.04120045527815819, 0.9391899704933167, 0.46008071303367615, -0.03618597239255905, 0.13768115639686584, 0.8763904571533203, 0.40824344754219055, 0.008947092108428478, 0.094021737575531, 0.9079742431640625, 0.6553155183792114, -0.441403329372406, 0.36529484391212463, 0.49222394824028015, -0.23884053528308868, -0.021738961338996887, -0.008339235559105873, 0.9707796573638916, 0.4728763997554779, 0.11760131269693375, -0.16351062059402466, 0.8578007817268372, 0.41782820224761963, -0.006249944679439068, -0.09754353761672974, 0.903252899646759, -0.5459393858909607, -0.4938008785247803, -0.5959567427635193, 0.3208529055118561, -0.052350036799907684, 0.02003774419426918, -0.021845852956175804, 0.9981887340545654, 0.030311163514852524, 0.015067129395902157, -0.013249743729829788, 0.9993391036987305, -0.5089349150657654, 0.3541508615016937, -0.49384164810180664, 0.6096581220626831, -0.4266014099121094, -0.313475638628006, 0.1946796029806137, 0.8257385492324829, 0.453797847032547, -0.5898292064666748, -0.04567558318376541, 0.6663954257965088, 0.21881915628910065, -0.23524893820285797, 0.08939927816390991, 0.9427533745765686, -0.5022203922271729, -0.2990112602710724, 0.4627990424633026, 0.6664713025093079, -0.47900450229644775, 0.4075102210044861, -0.14454679191112518, 0.7639347910881042, 0.4531949460506439, 0.6521931290626526, 0.0065621547400951385, 0.6076309680938721, 0.29687076807022095, 0.3269411325454712, 0.076633982360363, 0.8939264416694641, 0.02410634607076645, 0.034873489290475845, -0.04716195911169052, 0.9979872107505798, -0.3309096097946167, 0.02668153867125511, -0.04595330357551575, 0.942165195941925, 0.13541314005851746, -0.0006640052306465805, 8.16090869193431e-06, 0.9907890558242798, -0.4818648397922516, 0.0020514708012342453, -3.529109017108567e-05, 0.8762431740760803, 0.05492021143436432, 0.9398809671401978, -0.03208870813250542, 0.33552634716033936, 0.38268277049064636, -0.4047775864601135, 0.7567274570465088, 0.342158704996109, -0.342574805021286, 0.055644381791353226, 0.04076758772134781, 0.9369547963142395, 0.46060246229171753, -0.03953751176595688, 0.13862039148807526, 0.8758233785629272, 0.4081527590751648, 0.008899955078959465, 0.09402082115411758, 0.9080155491828918, 0.6554162502288818, -0.44323182106018066, 0.36743810772895813, 0.488839715719223, -0.2546837329864502, -0.02335497736930847, -0.010103854350745678, 0.9666895270347595, 0.48024919629096985, 0.12134011834859848, -0.1640060842037201, 0.8530763387680054, 0.4178446829319, -0.006277004256844521, -0.09758662432432175, 0.903240442276001, -0.5464898943901062, -0.49224618077278137, -0.5971034169197083, 0.32017213106155396, -0.05286142975091934, 0.020391078665852547, -0.021741345524787903, 0.9981569647789001, 0.030341316014528275, 0.015345408581197262, -0.013332296162843704, 0.9993329048156738, -0.5108789801597595, 0.35332193970680237, -0.49155551195144653, 0.6103600859642029, -0.42958077788352966, -0.3134895861148834, 0.19028745591640472, 0.825212299823761, 0.4514269232749939, -0.5864564776420593, -0.04474245011806488, 0.6710295081138611, 0.21317222714424133, -0.23336642980575562, 0.08330890536308289, 0.9450700283050537, -0.5011931657791138, -0.2985720634460449, 0.4638828933238983, 0.6666879653930664, -0.4784255027770996, 0.40978583693504333, -0.14874367415905, 0.7622728943824768, 0.4498891830444336, 0.6471174955368042, 0.005965990945696831, 0.6154698133468628, 0.2917154133319855, 0.32828667759895325, 0.07944835722446442, 0.8948843479156494, 0.023506052792072296, 0.035146456211805344, -0.04712652787566185, 0.9979936480522156, -0.3322894871234894, 0.02726203203201294, -0.04535231366753578, 0.9416919350624084, 0.13542446494102478, -0.0006568736862391233, 7.273582468769746e-06, 0.9907874464988708, -0.48185494542121887, 0.002057770499959588, -3.1766521715326235e-05, 0.8762485980987549, 0.05603937432169914, 0.9383328557014465, -0.029877444729208946, 0.3398505747318268, 0.3820401430130005, -0.40438777208328247, 0.7564305067062378, 0.3439895510673523, -0.3394104242324829, 0.05526042729616165, 0.039768513292074203, 0.9381712675094604, 0.4564819037914276, -0.04193946719169617, 0.1393081694841385, 0.877757728099823, 0.40803757309913635, 0.008858741261065006, 0.0940391793847084, 0.9080657958984375, 0.6536260843276978, -0.4443091154098511, 0.3687126040458679, 0.4892987906932831, -0.2613002061843872, -0.023970266804099083, -0.011254935525357723, 0.9648942947387695, 0.48441314697265625, 0.12147808074951172, -0.16388116776943207, 0.8507232069969177, 0.4178718626499176, -0.006320228334516287, -0.097618967294693, 0.9032240509986877, -0.5466926693916321, -0.4919916093349457, -0.5968483686447144, 0.3206922709941864, -0.052789703011512756, 0.020682256668806076, -0.021512284874916077, 0.9981597065925598, 0.03044796921312809, 0.01564522087574005, -0.01342227216809988, 0.9993237853050232, -0.5126357078552246, 0.353566437959671, -0.4896974265575409, 0.6102391481399536, -0.43189218640327454, -0.31292757391929626, 0.18640710413455963, 0.8251047730445862, 0.4506347179412842, -0.5852235555648804, -0.04450610652565956, 0.6726521849632263, 0.20851406455039978, -0.2314043641090393, 0.08252209424972534, 0.9466594457626343, -0.5002400279045105, -0.2983909249305725, 0.4648749828338623, 0.6667938828468323, -0.4764886796474457, 0.4109102189540863, -0.15003900229930878, 0.7626268267631531, 0.4497700333595276, 0.6471982002258301, 0.005625917576253414, 0.6154751777648926, 0.28619253635406494, 0.32851094007492065, 0.08019091188907623, 0.8965176343917847, 0.023560646921396255, 0.03545239940285683, -0.04691581428050995, 0.9979914426803589, -0.33361923694610596, 0.02748345583677292, -0.04476049542427063, 0.9412435293197632, 0.13542699813842773, -0.0006496275891549885, 6.328432391455863e-06, 0.990787148475647, -0.4818526804447174, 0.002064122585579753, -2.8195299819344655e-05, 0.8762497901916504, 0.054967064410448074, 0.93691086769104, -0.030074279755353928, 0.34390729665756226, 0.37959572672843933, -0.4056469798088074, 0.7557990550994873, 0.34659114480018616, -0.32577410340309143, 0.05352276563644409, 0.03826630488038063, 0.9431554675102234, 0.44769784808158875, -0.04248446226119995, 0.13959604501724243, 0.8821987509727478, 0.4079267978668213, 0.008832370862364769, 0.09405314922332764, 0.9081143736839294, 0.64982008934021, -0.44384023547172546, 0.3696027100086212, 0.4940987825393677, -0.25706514716148376, -0.023417728021740913, -0.011456997133791447, 0.9660423994064331, 0.48477688431739807, 0.11729859560728073, -0.16326360404491425, 0.8512211441993713, 0.4179089069366455, -0.006372681353241205, -0.09763601422309875, 0.9032047390937805, -0.5461734533309937, -0.49422356486320496, -0.5948165655136108, 0.3219177722930908, -0.051979608833789825, 0.020722314715385437, -0.02145398035645485, 0.9982026219367981, 0.030645253136754036, 0.015854382887482643, -0.013459687121212482, 0.9993139505386353, -0.5145821571350098, 0.3541942536830902, -0.4875549376010895, 0.6099523305892944, -0.4343838393688202, -0.3088987171649933, 0.18487635254859924, 0.8256591558456421, 0.45256543159484863, -0.587588369846344, -0.04525290057063103, 0.6692357659339905, 0.20520251989364624, -0.23008081316947937, 0.08642953634262085, 0.9473567008972168, -0.49898120760917664, -0.2987409234046936, 0.4663752317428589, 0.6665326356887817, -0.4752146899700165, 0.41108620166778564, -0.14790299534797668, 0.7637432813644409, 0.4534083902835846, 0.6532378196716309, 0.00588641595095396, 0.6063550710678101, 0.28424641489982605, 0.32511672377586365, 0.07762782275676727, 0.8985973000526428, 0.024451296776533127, 0.03549012914299965, -0.046790074557065964, 0.9979745745658875, -0.33455851674079895, 0.027702203020453453, -0.044326893985271454, 0.9409241676330566, 0.1354203075170517, -0.0006433201488107443, 5.504539785761153e-06, 0.9907880425453186, -0.481858491897583, 0.002069728448987007, -2.5080176783376373e-05, 0.8762465715408325, 0.0525808110833168, 0.9358925223350525, -0.03172624856233597, 0.34689173102378845, 0.37526941299438477, -0.40888845920562744, 0.7546742558479309, 0.34992852807044983, -0.30371615290641785, 0.050699152052402496, 0.03645413741469383, 0.9507140517234802, 0.43514567613601685, -0.04138874262571335, 0.13946367800235748, 0.8885297775268555, 0.40780481696128845, 0.008832371793687344, 0.09406553953886032, 0.9081678986549377, 0.6450916528701782, -0.4420608878135681, 0.3695525825023651, 0.5018664002418518, -0.24450190365314484, -0.021987952291965485, -0.01080244965851307, 0.9693393111228943, 0.4822365939617157, 0.11042189598083496, -0.16069942712783813, 0.8540670871734619, 0.41793373227119446, -0.006430621258914471, -0.09764716029167175, 0.9031916260719299, -0.5451123118400574, -0.498055100440979, -0.5919973254203796, 0.3230060935020447, -0.05082755535840988, 0.02044188417494297, -0.02165103703737259, 0.9982634782791138, 0.030869556590914726, 0.01597728207707405, -0.013445734977722168, 0.999305248260498, -0.5177252292633057, 0.3546653687953949, -0.4838963747024536, 0.6099323034286499, -0.43648630380630493, -0.29990729689598083, 0.18587423861026764, 0.8276388645172119, 0.4564049541950226, -0.5924610495567322, -0.04662016034126282, 0.6622017025947571, 0.2009417563676834, -0.22757984697818756, 0.09242715686559677, 0.948307454586029, -0.49616459012031555, -0.29840517044067383, 0.46906813979148865, 0.6668959856033325, -0.4778030812740326, 0.4101434051990509, -0.14449627697467804, 0.7632872462272644, 0.4585246741771698, 0.661535918712616, 0.006264860741794109, 0.5933685302734375, 0.2833309769630432, 0.320504754781723, 0.0760360136628151, 0.9006768465042114, 0.025700582191348076, 0.03514280542731285, -0.046829815953969955, 0.9979535937309265, -0.3353007435798645, 0.028137413784861565, -0.04396360367536545, 0.9406640529632568, 0.13540777564048767, -0.0006381740095093846, 4.857350177189801e-06, 0.9907897710800171, -0.48186957836151123, 0.002074250252917409, -2.264008617203217e-05, 0.8762405514717102, 0.049895551055669785, 0.9352771639823914, -0.03395485132932663, 0.3487322926521301, 0.3695378601551056, -0.4134151041507721, 0.7533671259880066, 0.35350778698921204, -0.277363121509552, 0.047330617904663086, 0.03456776961684227, 0.9589757919311523, 0.4205226004123688, -0.0391717255115509, 0.13894909620285034, 0.8957228660583496, 0.40767934918403625, 0.008856053464114666, 0.09406673163175583, 0.9082238674163818, 0.6402572393417358, -0.439408540725708, 0.3691170811653137, 0.5106304287910461, -0.2286352515220642, -0.020240886136889458, -0.009593697264790535, 0.9732544422149658, 0.47883275151252747, 0.10111544281244278, -0.15688562393188477, 0.8578355312347412, 0.41796377301216125, -0.006497817113995552, -0.09762047231197357, 0.9031801223754883, -0.5442519187927246, -0.5016992092132568, -0.5890149474143982, 0.3242672085762024, -0.04971553385257721, 0.020089346915483475, -0.02174893580377102, 0.9983245134353638, 0.031056584790349007, 0.016028981655836105, -0.013445421122014523, 0.999298632144928, -0.5195703506469727, 0.3555792570114136, -0.4818713068962097, 0.6094343662261963, -0.4385491609573364, -0.29160740971565247, 0.18702079355716705, 0.8292544484138489, 0.46062329411506653, -0.5979718565940857, -0.04803433641791344, 0.6541778445243835, 0.19551174342632294, -0.22448036074638367, 0.09852565079927444, 0.9495664834976196, -0.49443358182907104, -0.29760780930519104, 0.4701666235923767, 0.6677637696266174, -0.4804062843322754, 0.40885046124458313, -0.14010842144489288, 0.7631649971008301, 0.4631741940975189, 0.6691380143165588, 0.006446061655879021, 0.5811044573783875, 0.28170856833457947, 0.3175008296966553, 0.07586364448070526, 0.9022628664970398, 0.026872873306274414, 0.03474436700344086, -0.04673819616436958, 0.9979410171508789, -0.3357411324977875, 0.02866661176085472, -0.043946169316768646, 0.9404918551445007, 0.13539212942123413, -0.0006339916726574302, 4.337058271630667e-06, 0.990791916847229, -0.48188337683677673, 0.002077937126159668, -2.0579309421009384e-05, 0.876232922077179, 0.04714454710483551, 0.9348989129066467, -0.03612462058663368, 0.349909245967865, 0.3634125590324402, -0.4184987246990204, 0.751993715763092, 0.3567851185798645, -0.2498706877231598, 0.043828949332237244, 0.03272102028131485, 0.9667331576347351, 0.40535637736320496, -0.03588736802339554, 0.1381201297044754, 0.9029513597488403, 0.4075641334056854, 0.008901169523596764, 0.09404340386390686, 0.9082775712013245, 0.6361411213874817, -0.43608927726745605, 0.36876797676086426, 0.518807053565979, -0.21342583000659943, -0.018596816807985306, -0.00823257863521576, 0.9767475724220276, 0.47577357292175293, 0.09086429327726364, -0.15277279913425446, 0.8614195585250854, 0.41800129413604736, -0.0065674008801579475, -0.09755880385637283, 0.9031689167022705, -0.5437886714935303, -0.504253625869751, -0.5862178802490234, 0.3261456787586212, -0.04878987744450569, 0.01992250792682171, -0.02155819721519947, 0.9983776211738586, 0.031180676072835922, 0.016012420877814293, -0.0134578263387084, 0.9992949366569519, -0.5191755294799805, 0.35689690709114075, -0.48259487748146057, 0.6084271669387817, -0.4407360255718231, -0.28575918078422546, 0.18676771223545074, 0.8301874995231628, 0.4645780622959137, -0.6033332347869873, -0.04923807829618454, 0.6463217735290527, 0.1911853551864624, -0.2218160629272461, 0.10287444293498993, 0.9506117701530457, -0.49477750062942505, -0.29723966121673584, 0.46924498677253723, 0.6683210730552673, -0.48138266801834106, 0.4085739552974701, -0.1341858059167862, 0.7637619376182556, 0.4668451249599457, 0.6752875447273254, 0.006516868248581886, 0.5709640979766846, 0.2801692485809326, 0.31531402468681335, 0.07562339305877686, 0.9035282731056213, 0.02778753638267517, 0.03458419069647789, -0.046428047120571136, 0.9979360103607178, -0.33581843972206116, 0.028850317001342773, -0.04421030730009079, 0.9404462575912476, 0.135375514626503, -0.0006300879176706076, 3.836041742033558e-06, 0.9907941818237305, -0.4818981885910034, 0.0020813436713069677, -1.868963045126293e-05, 0.8762247562408447, 0.04502316564321518, 0.9344311356544495, -0.03772048279643059, 0.35126715898513794, 0.35830676555633545, -0.4223190248012543, 0.7511379718780518, 0.3592419922351837, -0.22681930661201477, 0.040927160531282425, 0.03116483986377716, 0.9725773930549622, 0.3920997083187103, -0.032640378922224045, 0.13732507824897766, 0.9090293049812317, 0.40746867656707764, 0.008953559212386608, 0.09399139881134033, 0.9083252549171448, 0.6336696743965149, -0.4321555197238922, 0.3692505359649658, 0.5247460007667542, -0.20469248294830322, -0.01767951063811779, -0.007305924315005541, 0.9786393642425537, 0.4754025936126709, 0.08106797188520432, -0.14874333143234253, 0.8633051514625549, 0.4180537760257721, -0.006637380924075842, -0.09746692329645157, 0.9031540155410767, -0.5441665649414062, -0.5052179098129272, -0.5840592980384827, 0.3278909921646118, -0.048339977860450745, 0.019865212962031364, -0.021114058792591095, 0.998410165309906, 0.03117724135518074, 0.01591787487268448, -0.013447419740259647, 0.9992966651916504, -0.5180788040161133, 0.3587758541107178, -0.48446300625801086, 0.6067699790000916, -0.4419032633304596, -0.2811768352985382, 0.18428067862987518, 0.8316860795021057, 0.4681124985218048, -0.6083690524101257, -0.05015367642045021, 0.6389384269714355, 0.19022031128406525, -0.21973837912082672, 0.10417484492063522, 0.9511460661888123, -0.49515455961227417, -0.29780441522598267, 0.4691329300403595, 0.6678689122200012, -0.4825994074344635, 0.4106596112251282, -0.1269400268793106, 0.763113796710968, 0.46878883242607117, 0.6787708401679993, 0.006512578576803207, 0.5652121305465698, 0.2813422679901123, 0.31495460867881775, 0.07519222050905228, 0.9033251404762268, 0.028093859553337097, 0.03455808013677597, -0.04595387354493141, 0.9979502558708191, -0.3353704810142517, 0.028679758310317993, -0.04445386305451393, 0.940599799156189, 0.13536208868026733, -0.0006264616968110204, 3.3651072044449393e-06, 0.9907960295677185, -0.4819101393222809, 0.0020845455583184958, -1.692119076324161e-05, 0.8762181997299194, 0.04482840746641159, 0.9337632656097412, -0.039358023554086685, 0.3528846204280853, 0.3546881675720215, -0.42156675457954407, 0.7526776790618896, 0.3604915142059326, -0.21577772498130798, 0.03960684314370155, 0.030315622687339783, 0.9751678109169006, 0.3838307857513428, -0.03254808858036995, 0.13721202313899994, 0.9125718474388123, 0.40739086270332336, 0.008971504867076874, 0.09395314007997513, 0.9083638787269592, 0.6318126320838928, -0.4283677041530609, 0.3728838860988617, 0.5275145173072815, -0.20707853138446808, -0.01793638803064823, -0.007456809747964144, 0.9781314730644226, 0.4789314866065979, 0.07451343536376953, -0.14566758275032043, 0.8624693155288696, 0.4180993139743805, -0.006699785590171814, -0.09740809351205826, 0.9031388163566589, -0.5456666350364685, -0.5057921409606934, -0.5824929475784302, 0.3272986114025116, -0.04839661717414856, 0.019322015345096588, -0.020898327231407166, 0.9984226226806641, 0.03106476366519928, 0.015719620510935783, -0.013413564302027225, 0.9993037581443787, -0.5173970460891724, 0.36078202724456787, -0.4860818684101105, 0.6048645377159119, -0.44378507137298584, -0.2796202301979065, 0.1813131868839264, 0.831861138343811, 0.4705774188041687, -0.612041175365448, -0.05077046528458595, 0.6335494518280029, 0.19253851473331451, -0.2187071293592453, 0.10457814484834671, 0.950873076915741, -0.49463048577308655, -0.29848799109458923, 0.4703310430049896, 0.6671090126037598, -0.485561728477478, 0.4117969870567322, -0.11959642171859741, 0.7618069052696228, 0.4689486026763916, 0.6791178584098816, 0.00649375980719924, 0.5646626353263855, 0.2875840365886688, 0.3162717819213867, 0.07667353004217148, 0.9007712006568909, 0.027844732627272606, 0.034059807658195496, -0.04557913914322853, 0.9979916214942932, -0.3347390592098236, 0.028552528470754623, -0.044690754264593124, 0.9408173561096191, 0.1353570520877838, -0.0006240177899599075, 3.0624335067841457e-06, 0.990796685218811, -0.4819144904613495, 0.002086696680635214, -1.5697916751378216e-05, 0.8762157559394836, 0.04649532213807106, 0.9328553676605225, -0.04005005955696106, 0.3549859821796417, 0.3533724248409271, -0.416879802942276, 0.7556079626083374, 0.3611036241054535, -0.21655750274658203, 0.03981470316648483, 0.030223609879612923, 0.9749893546104431, 0.3803481161594391, -0.036099325865507126, 0.13774271309375763, 0.9138156771659851, 0.40730857849121094, 0.008956318721175194, 0.09395956248044968, 0.908400297164917, 0.6309906244277954, -0.4252215325832367, 0.37864258885383606, 0.5269415378570557, -0.219825878739357, -0.019274650141596794, -0.008653922937810421, 0.9753103256225586, 0.4858720898628235, 0.0719844177365303, -0.14383801817893982, 0.8591025471687317, 0.4181235730648041, -0.006746464874595404, -0.09740132838487625, 0.9031279683113098, -0.5479109287261963, -0.5050514936447144, -0.5820073485374451, 0.3255520164966583, -0.048906031996011734, 0.018732720986008644, -0.020676566287875175, 0.998413622379303, 0.030867770314216614, 0.015505529008805752, -0.013399451039731503, 0.9993133544921875, -0.5158194899559021, 0.3612210750579834, -0.4883240759372711, 0.6041433811187744, -0.4485813081264496, -0.28106358647346497, 0.17862360179424286, 0.8293803334236145, 0.4717995226383209, -0.6139841675758362, -0.050996217876672745, 0.6307361125946045, 0.1955605447292328, -0.21894630789756775, 0.10370001196861267, 0.9502972960472107, -0.4971083402633667, -0.30047571659088135, 0.4692010283470154, 0.6651676893234253, -0.4861423075199127, 0.41066986322402954, -0.11340212821960449, 0.7629914283752441, 0.46757328510284424, 0.6767288446426392, 0.006641116458922625, 0.5686557292938232, 0.29533278942108154, 0.31727802753448486, 0.07763822376728058, 0.8978226780891418, 0.027104731649160385, 0.033588558435440063, -0.045195162296295166, 0.9980453252792358, -0.33411896228790283, 0.027427339926362038, -0.04495543614029884, 0.9410586357116699, 0.13536083698272705, -0.0006220860523171723, 2.782323008432286e-06, 0.9907961487770081, -0.4819111227989197, 0.002088383072987199, -1.4754501535207964e-05, 0.8762176632881165, 0.050163134932518005, 0.9316471219062805, -0.03948105499148369, 0.35771307349205017, 0.3542455732822418, -0.4088442325592041, 0.759485125541687, 0.36130163073539734, -0.2283666729927063, 0.04144440218806267, 0.030809592455625534, 0.9722046256065369, 0.38134676218032837, -0.0427662618458271, 0.13872969150543213, 0.9129620790481567, 0.4072233736515045, 0.008915460668504238, 0.0939980149269104, 0.9084349274635315, 0.6309120655059814, -0.42317232489585876, 0.3857000172138214, 0.5235558152198792, -0.24124033749103546, -0.021514801308512688, -0.010826346464455128, 0.9701665043830872, 0.49566078186035156, 0.07324192672967911, -0.14339008927345276, 0.8534607887268066, 0.41813191771507263, -0.006778496317565441, -0.09744507074356079, 0.9031191468238831, -0.5508170127868652, -0.5027272701263428, -0.582761824131012, 0.3228849172592163, -0.0498957559466362, 0.01826321706175804, -0.020410815253853798, 0.9983788132667542, 0.03059370256960392, 0.015293041244149208, -0.01338883675634861, 0.9993252754211426, -0.5148641467094421, 0.35907042026519775, -0.48906710743904114, 0.6056374907493591, -0.454069048166275, -0.2821115553379059, 0.17653913795948029, 0.8264794945716858, 0.47213998436927795, -0.6147727966308594, -0.05091078206896782, 0.6297192573547363, 0.19977417588233948, -0.21986845135688782, 0.10174432396888733, 0.9494189023971558, -0.5022547841072083, -0.3037734031677246, 0.46606138348579407, 0.6620035171508789, -0.4847768545150757, 0.4070867896080017, -0.1103510856628418, 0.7662208676338196, 0.46475231647491455, 0.671719491481781, 0.006966894958168268, 0.5768446922302246, 0.30269840359687805, 0.31810158491134644, 0.07748713344335556, 0.8950870633125305, 0.02585514821112156, 0.03328201174736023, -0.04483673349022865, 0.998104989528656, -0.33365151286125183, 0.024983584880828857, -0.04523768275976181, 0.9412789344787598, 0.13537180423736572, -0.0006205263780429959, 2.6352208806201816e-06, 0.9907947182655334, -0.4819014370441437, 0.002089748391881585, -1.3931208741269074e-05, 0.8762229084968567, 0.056030865758657455, 0.9303998947143555, -0.03760280832648277, 0.360281378030777, 0.35605859756469727, -0.39888516068458557, 0.7640126347541809, 0.36110612750053406, -0.24952992796897888, 0.04427133500576019, 0.03188198059797287, 0.9668290615081787, 0.3867793679237366, -0.05132132023572922, 0.13999956846237183, 0.9100373983383179, 0.40716397762298584, 0.00885279756039381, 0.09404165297746658, 0.9084576368331909, 0.6314525604248047, -0.42242398858070374, 0.39213937520980835, 0.518702507019043, -0.2677355706691742, -0.024323662742972374, -0.013624930754303932, 0.9630889892578125, 0.5071678161621094, 0.07728274911642075, -0.1437324732542038, 0.8462560176849365, 0.41815418004989624, -0.006793452892452478, -0.09749794006347656, 0.9031030535697937, -0.5542159676551819, -0.499472051858902, -0.5846996307373047, 0.3185887038707733, -0.05139278993010521, 0.017785515636205673, -0.020361632108688354, 0.9983125329017639, 0.030266933143138885, 0.015121426433324814, -0.013383717276155949, 0.9993378520011902, -0.5154300332069397, 0.3560466766357422, -0.4878120422363281, 0.6079491972923279, -0.4566265940666199, -0.2869761884212494, 0.17432931065559387, 0.8238605260848999, 0.47097641229629517, -0.6136476397514343, -0.05040045455098152, 0.6317259073257446, 0.20557434856891632, -0.2207307070493698, 0.0998772531747818, 0.9481780529022217, -0.5078319907188416, -0.3066125214099884, 0.4621545374393463, 0.659172773361206, -0.4832834005355835, 0.40089303255081177, -0.1135241687297821, 0.7699573040008545, 0.46101412177085876, 0.6646870374679565, 0.007376812864094973, 0.5878798961639404, 0.30712246894836426, 0.3187313377857208, 0.07737468183040619, 0.8933640122413635, 0.02414311282336712, 0.03298863768577576, -0.04472360387444496, 0.9981626868247986, -0.3334254026412964, 0.02184450626373291, -0.045481130480766296, 0.9414253830909729, 0.1353888064622879, -0.000619713100604713, 2.572487119323341e-06, 0.9907923936843872, -0.4818863272666931, 0.0020904799457639456, -1.3497092368197627e-05, 0.8762312531471252, 0.061555974185466766, 0.929948091506958, -0.035364825278520584, 0.36077234148979187, 0.3569527268409729, -0.39108791947364807, 0.7680634260177612, 0.3601577877998352, -0.2705908417701721, 0.04706493392586708, 0.03286132588982582, 0.9609816074371338, 0.3939031660556793, -0.05788026005029678, 0.1410982608795166, 0.906411349773407, 0.4071548879146576, 0.008795840665698051, 0.0940551906824112, 0.9084609150886536, 0.6329469680786133, -0.4221647381782532, 0.39620018005371094, 0.5139850378036499, -0.2902810573577881, -0.02678189054131508, -0.015816418454051018, 0.9564358592033386, 0.5169041752815247, 0.08097156882286072, -0.14443077147006989, 0.8398770093917847, 0.41820716857910156, -0.0067945015616714954, -0.09748788923025131, 0.9030795693397522, -0.5563887357711792, -0.49718913435935974, -0.5870153307914734, 0.31408220529556274, -0.05271858721971512, 0.017357120290398598, -0.02074754796922207, 0.998242974281311, 0.030012957751750946, 0.015092444606125355, -0.013425245881080627, 0.9993453621864319, -0.5162711143493652, 0.35539302229881287, -0.48702096939086914, 0.6082521080970764, -0.4576278328895569, -0.2975181043148041, 0.17109066247940063, 0.8202363848686218, 0.4687511622905731, -0.6108719110488892, -0.049763213843107224, 0.6361064910888672, 0.20952609181404114, -0.22134694457054138, 0.09981332719326019, 0.9471756219863892, -0.5130037069320679, -0.30882635712623596, 0.4582330584526062, 0.6568683385848999, -0.4804985821247101, 0.39527684450149536, -0.11906273663043976, 0.7737579941749573, 0.4580909013748169, 0.6589553952217102, 0.00775451073423028, 0.596548855304718, 0.30704325437545776, 0.3193950951099396, 0.07748773694038391, 0.8931443691253662, 0.022703830152750015, 0.03268515318632126, -0.04501228779554367, 0.9981934428215027, -0.3334027826786041, 0.01940884441137314, -0.045667510479688644, 0.9414777755737305, 0.1354070007801056, -0.0006201997166499496, 2.6108532438229304e-06, 0.9907898306846619, -0.48187029361724854, 0.0020899709779769182, -1.3674122783413623e-05, 0.876240074634552, 0.06479576975107193, 0.930036723613739, -0.0340256541967392, 0.36010482907295227, 0.3569008708000183, -0.38685622811317444, 0.7708545923233032, 0.35881370306015015, -0.2840888798236847, 0.04885699972510338, 0.03342658653855324, 0.9569687843322754, 0.3991753160953522, -0.06076749786734581, 0.14166083931922913, 0.9038244485855103, 0.40717753767967224, 0.008768800646066666, 0.09403128176927567, 0.9084534645080566, 0.6343442797660828, -0.42197421193122864, 0.398128479719162, 0.5109196305274963, -0.30323055386543274, -0.02822166122496128, -0.016979917883872986, 0.9523478746414185, 0.5223562121391296, 0.08342140913009644, -0.1448608785867691, 0.8361819386482239, 0.4182469844818115, -0.006788752041757107, -0.09746284037828445, 0.9030638933181763, -0.5573202967643738, -0.49607256054878235, -0.5884916186332703, 0.31142234802246094, -0.053433772176504135, 0.017149999737739563, -0.02108743228018284, 0.9982014298439026, 0.029884565621614456, 0.015105514787137508, -0.013473478145897388, 0.9993483424186707, -0.5166170001029968, 0.3550899028778076, -0.48676228523254395, 0.6083425283432007, -0.4597984850406647, -0.3045998215675354, 0.1682972013950348, 0.8169947266578674, 0.4674595296382904, -0.6091951727867126, -0.04943756014108658, 0.6386852264404297, 0.21129706501960754, -0.22200454771518707, 0.10044161975383759, 0.9465616941452026, -0.5172023773193359, -0.31082332134246826, 0.4550710618495941, 0.6548289656639099, -0.47739720344543457, 0.3918001651763916, -0.1221502497792244, 0.7769580483436584, 0.4566996395587921, 0.6560233235359192, 0.008034438826143742, 0.6008280515670776, 0.3057832419872284, 0.320255309343338, 0.07716705650091171, 0.8932963609695435, 0.021924776956439018, 0.032537076622247696, -0.04528007656335831, 0.9982035756111145, -0.3335660994052887, 0.017792630940675735, -0.04600223898887634, 0.9414355754852295, 0.13541832566261292, -0.0006206945981830359, 2.7036762730858754e-06, 0.9907883405685425, -0.48186030983924866, 0.002089494839310646, -1.3854655662726145e-05, 0.8762455582618713, 0.06568478792905807, 0.9301784634590149, -0.03366728872060776, 0.35961100459098816, 0.3566654324531555, -0.38578587770462036, 0.7718377709388733, 0.35808590054512024, -0.2882871925830841, 0.04941742867231369, 0.033574581146240234, 0.9556783437728882, 0.4010685086250305, -0.061141230165958405, 0.14179891347885132, 0.9029390215873718, 0.40719544887542725, 0.008764469996094704, 0.09400934725999832, 0.9084477424621582, 0.6350995898246765, -0.4217276871204376, 0.3982997238636017, 0.5100506544113159, -0.30675774812698364, -0.028627797961235046, -0.017261117696762085, 0.9512004256248474, 0.5237559676170349, 0.08435912430286407, -0.14468924701213837, 0.835241436958313, 0.418260395526886, -0.006783772725611925, -0.09745077788829803, 0.9030590057373047, -0.5575281381607056, -0.49575528502464294, -0.5889934301376343, 0.31060585379600525, -0.053643014281988144, 0.017103061079978943, -0.021216418594121933, 0.9981882572174072, 0.029841234907507896, 0.015119422227144241, -0.013497455976903439, 0.9993491172790527, -0.5166264772415161, 0.3550306558609009, -0.48681482672691345, 0.6083269715309143, -0.4611450731754303, -0.30715277791023254, 0.1670932173728943, 0.8155257701873779, 0.46706315875053406, -0.6086589694023132, -0.04934949800372124, 0.6394926905632019, 0.21172010898590088, -0.2223345935344696, 0.10079525411128998, 0.9463520646095276, -0.5189543962478638, -0.31170737743377686, 0.45375725626945496, 0.653933584690094, -0.47594067454338074, 0.3906332552433014, -0.12300971895456314, 0.7783024907112122, 0.4563840925693512, 0.6552652716636658, 0.008137424476444721, 0.6018927097320557, 0.305026113986969, 0.32068750262260437, 0.0768919512629509, 0.893423855304718, 0.021687310189008713, 0.0325075164437294, -0.045383237302303314, 0.9982050061225891, -0.3336721658706665, 0.017187295481562614, -0.04620194062590599, 0.9413993954658508, 0.13542181253433228, -0.0006209826678968966, 2.7838113965117373e-06, 0.9907878637313843, -0.4818571209907532, 0.002089348854497075, -1.395274193782825e-05, 0.8762473464012146]
    s (float, 2040):  [1.0, 1.0, 1.0, 1.0, 1.0, 1.0000001192092896, 1.0, 0.9999999403953552, 0.9999999403953552, 1.0, 0.9999999403953552, 1.0000001192092896, 1.0000001192092896, 0.9999998211860657, 0.9999999403953552, 1.0, 1.0, 1.0, 1.000000238418579, 1.0000001192092896, 1.0, 1.0000001192092896, 1.0, 0.9999999403953552, 0.9999999403953552, 0.9999998807907104, 0.9999999403953552, 0.9999999403953552, 1.0, 1.0000001192092896, 1.0, 1.0, 1.0, 0.9999999403953552, 1.0, 1.0, 1.0000001192092896, 0.9999999403953552, 1.0, 1.0, 1.0000001192092896, 1.0000001192092896, 1.0000001192092896, 1.0000001192092896, 1.0, 1.0000001192092896, 1.0, 0.9999999403953552, 1.0, 0.9999999403953552, 0.9999998807907104, 1.0, 1.0, 1.0, 1.0, 0.9999999403953552, 0.9999999403953552, 1.0, 0.9999999403953552, 1.0, 1.0, 1.0000001192092896, 1.0, 1.0, 1.0, 0.9999998807907104, 1.0, 1.0000001192092896, 1.0, 1.0000001192092896, 0.9999999403953552, 0.9999999403953552, 0.9999998807907104, 1.0, 0.9999999403953552, 1.0000001192092896, 0.9999999403953552, 1.0, 0.9999999403953552, 1.0, 0.9999999403953552, 0.9999999403953552, 0.9999999403953552, 1.0000001192092896, 1.0000001192092896, 1.0000001192092896, 0.9999998807907104, 1.0, 1.0000001192092896, 1.0, 1.0, 1.0, 1.0, 0.9999998807907104, 1.0, 1.0, 0.9999998807907104, 0.9999998807907104, 1.0, 1.0, 0.9999999403953552, 0.9999999403953552, 1.0, 1.0, 1.0, 0.9999997615814209, 1.0000001192092896, 1.0, 1.0000001192092896, 1.0000001192092896, 1.0000001192092896, 0.9999999403953552, 1.0, 1.0, 0.9999998807907104, 1.0, 0.9999998807907104, 0.9999999403953552, 1.0000001192092896, 1.0, 0.9999999403953552, 0.9999999403953552, 0.9999998807907104, 0.9999999403953552, 0.9999998807907104, 1.0, 0.9999999403953552, 1.0, 1.0, 0.9999998211860657, 0.9999999403953552, 1.0, 1.0000001192092896, 1.0, 1.0, 0.9999999403953552, 1.0, 1.0, 1.0, 1.0, 1.0, 1.0000001192092896, 0.9999999403953552, 1.0, 0.9999999403953552, 1.0, 0.9999999403953552, 1.0000001192092896, 1.0, 1.0000001192092896, 0.9999999403953552, 1.0, 0.9999999403953552, 1.0000001192092896, 1.0, 1.0, 1.0, 1.0000001192092896, 1.0, 1.0, 1.0, 0.9999999403953552, 0.9999999403953552, 1.0, 0.9999999403953552, 1.0, 1.0, 1.0, 1.0, 0.9999998807907104, 1.0, 1.0, 0.9999998807907104, 0.9999998211860657, 1.0000001192092896, 1.0, 0.9999998807907104, 0.9999998211860657, 1.0, 1.0000001192092896, 1.0, 1.0, 1.0000001192092896, 0.9999999403953552, 1.0, 1.0000001192092896, 1.0000001192092896, 0.9999999403953552, 0.9999998807907104, 1.0, 1.0, 0.9999999403953552, 0.9999998807907104, 1.0000001192092896, 1.0, 1.0000001192092896, 1.0, 1.0000001192092896, 1.0, 1.0, 0.9999999403953552, 0.9999999403953552, 1.0, 1.0000001192092896, 1.0000001192092896, 1.0, 1.0, 1.0, 1.0, 0.9999998807907104, 1.0, 1.0, 1.0, 1.0, 0.9999998807907104, 1.0, 1.0, 0.9999999403953552, 0.9999999403953552, 1.0, 0.9999998807907104, 1.0000001192092896, 0.9999999403953552, 1.0, 0.9999999403953552, 0.9999998807907104, 1.0, 1.0, 1.0000001192092896, 1.0, 1.0, 1.0, 1.0, 1.0000001192092896, 1.0, 1.0, 1.0, 0.9999999403953552, 0.9999999403953552, 1.0, 0.9999999403953552, 1.0000001192092896, 0.9999999403953552, 1.0, 1.0, 1.0, 1.0, 0.9999999403953552, 0.9999999403953552, 1.0, 0.9999998211860657, 1.0000001192092896, 1.0000001192092896, 1.0, 0.9999999403953552, 1.0, 1.0, 1.0000001192092896, 0.9999999403953552, 1.0, 0.9999998807907104, 1.0000001192092896, 1.0, 1.0, 0.9999999403953552, 1.0, 0.9999998807907104, 1.0, 0.9999999403953552, 0.9999998211860657, 0.9999999403953552, 1.0, 0.9999999403953552, 0.9999997615814209, 1.0, 1.0000001192092896, 1.0000001192092896, 1.0, 1.0000001192092896, 1.0, 1.0, 1.0, 1.0000001192092896, 1.0000001192092896, 0.9999999403953552, 1.0000001192092896, 1.0, 1.0000001192092896, 0.9999998807907104, 1.0, 1.0, 1.0, 1.0, 1.0000001192092896, 0.9999998807907104, 1.0, 0.9999999403953552, 0.9999999403953552, 0.9999999403953552, 1.0000001192092896, 0.9999999403953552, 1.0000001192092896, 1.0000001192092896, 1.0, 0.9999999403953552, 1.000000238418579, 1.0000001192092896, 1.0, 0.9999998807907104, 1.0, 1.0, 0.9999999403953552, 0.9999998807907104, 1.0, 1.0000001192092896, 0.9999999403953552, 1.0, 1.0000001192092896, 1.0, 0.9999999403953552, 1.0000001192092896, 0.9999999403953552, 1.0000001192092896, 1.0, 1.0000001192092896, 1.0, 1.0, 1.0, 0.9999999403953552, 1.0, 0.9999999403953552, 1.0, 1.0, 1.0, 1.0, 0.9999999403953552, 0.9999999403953552, 0.9999999403953552, 1.0, 1.0, 0.9999998807907104, 0.9999999403953552, 0.9999998807907104, 0.9999998807907104, 0.9999999403953552, 0.9999998807907104, 0.9999999403953552, 1.0000001192092896, 1.0000001192092896, 1.0000001192092896, 0.9999998211860657, 1.0, 1.0000001192092896, 1.0, 1.0, 1.0, 0.9999998807907104, 1.0, 0.9999999403953552, 1.0, 1.0, 0.9999999403953552, 1.0000001192092896, 1.0, 1.0, 1.0, 1.0000001192092896, 1.0, 0.9999999403953552, 0.9999998211860657, 1.0, 1.0000001192092896, 1.0000001192092896, 1.0000001192092896, 1.0000001192092896, 0.9999999403953552, 1.0, 0.9999998807907104, 1.0000001192092896, 0.9999999403953552, 1.0, 1.0, 0.9999999403953552, 0.9999999403953552, 1.0, 1.0, 0.9999999403953552, 1.0000001192092896, 1.0, 1.0, 0.9999999403953552, 1.0, 1.0, 1.0, 0.9999999403953552, 1.0000001192092896, 1.0000001192092896, 1.0, 1.0000001192092896, 1.0, 1.0, 1.0, 1.0, 1.0, 1.0, 0.9999999403953552, 1.0, 1.0, 0.9999998807907104, 0.9999999403953552, 0.9999999403953552, 0.9999999403953552, 0.9999999403953552, 1.0000001192092896, 1.0, 1.0, 1.0, 0.9999999403953552, 0.9999999403953552, 1.0, 1.000000238418579, 1.0000001192092896, 1.0, 1.0, 1.0000001192092896, 1.0000001192092896, 1.0, 1.0, 0.9999999403953552, 1.0, 0.9999999403953552, 0.9999999403953552, 0.9999999403953552, 1.0, 1.0, 1.0, 0.9999999403953552, 1.0000001192092896, 0.9999999403953552, 0.9999999403953552, 1.0, 0.9999999403953552, 1.0, 1.0, 1.0000001192092896, 0.9999999403953552, 1.0, 1.0, 1.0000001192092896, 0.9999998807907104, 0.9999999403953552, 1.0, 0.9999999403953552, 1.0, 0.9999999403953552, 1.0, 0.9999999403953552, 1.0, 0.9999998807907104, 1.0, 1.0, 0.9999999403953552, 1.0, 1.0, 1.0, 0.9999999403953552, 0.9999998807907104, 1.0000001192092896, 1.0000001192092896, 1.0, 1.0000001192092896, 1.0, 1.0, 0.9999998807907104, 0.9999998211860657, 1.0, 0.9999999403953552, 1.0, 0.9999998807907104, 1.0, 0.9999999403953552, 1.0, 0.9999999403953552, 0.9999998807907104, 1.0, 1.0, 0.9999999403953552, 1.0, 1.0, 0.9999998807907104, 0.9999999403953552, 1.0, 1.0, 1.0, 1.0000001192092896, 1.0, 1.0000001192092896, 1.0, 1.0000001192092896, 0.9999999403953552, 0.9999998211860657, 1.0, 1.0, 0.9999999403953552, 1.0, 1.0, 0.9999999403953552, 1.0000001192092896, 0.9999998807907104, 1.0000001192092896, 0.9999999403953552, 1.0, 1.0, 1.0, 1.0, 1.0000001192092896, 1.0, 0.9999999403953552, 0.9999999403953552, 0.9999999403953552, 1.0, 1.0000001192092896, 1.0, 1.0, 1.0, 0.9999999403953552, 1.0, 0.9999998807907104, 0.9999999403953552, 1.0, 0.9999999403953552, 1.0, 0.9999999403953552, 1.0, 1.0, 0.9999999403953552, 0.9999999403953552, 1.0, 0.9999998807907104, 1.0, 1.0000001192092896, 1.0, 1.0000001192092896, 0.9999999403953552, 1.0, 1.0000001192092896, 1.0000001192092896, 1.0, 0.9999998211860657, 1.0000001192092896, 0.9999998807907104, 0.9999999403953552, 0.9999999403953552, 0.9999998807907104, 0.9999998807907104, 1.0000001192092896, 1.0, 1.0, 1.0, 0.9999999403953552, 0.9999999403953552, 0.9999998211860657, 1.0, 1.0000001192092896, 1.0000001192092896, 0.9999999403953552, 1.0, 1.0, 1.0000001192092896, 0.9999998211860657, 1.0000001192092896, 1.0, 1.0, 1.0, 1.0, 1.0, 0.9999999403953552, 0.9999999403953552, 0.9999999403953552, 0.9999999403953552, 0.9999999403953552, 1.0, 1.0, 0.9999999403953552, 0.9999999403953552, 0.9999997615814209, 1.0, 1.0000001192092896, 1.0, 1.0000001192092896, 1.0, 0.9999998807907104, 0.9999999403953552, 1.0000001192092896, 0.9999998807907104, 0.9999999403953552, 0.9999998211860657, 1.0, 1.0, 0.9999999403953552, 0.9999999403953552, 1.0000001192092896, 1.0, 1.0, 0.9999998807907104, 1.0, 0.9999999403953552, 0.9999999403953552, 0.9999999403953552, 0.9999998807907104, 0.9999999403953552, 1.000000238418579, 1.0, 1.0000001192092896, 1.0, 0.9999998807907104, 1.0, 1.0, 1.0, 1.0, 0.9999999403953552, 1.0, 0.9999999403953552, 0.9999999403953552, 0.9999998807907104, 0.9999999403953552, 0.9999999403953552, 1.0, 1.0, 0.9999999403953552, 0.9999998807907104, 0.9999999403953552, 1.0, 0.9999999403953552, 0.9999998807907104, 1.0, 1.0, 0.9999998211860657, 1.0, 0.9999999403953552, 1.0, 1.0, 1.0, 1.0000001192092896, 1.0, 1.0000001192092896, 0.9999998807907104, 0.9999999403953552, 1.0, 0.9999998807907104, 0.9999999403953552, 1.0, 0.9999998211860657, 0.9999999403953552, 0.9999999403953552, 0.9999998211860657, 1.0, 0.9999998211860657, 0.9999998807907104, 1.0000001192092896, 1.000000238418579, 1.0, 0.9999999403953552, 0.9999998807907104, 1.0, 0.9999999403953552, 1.0000001192092896, 1.0000001192092896, 0.9999999403953552, 1.0000001192092896, 1.0, 0.9999999403953552, 1.0, 0.9999998807907104, 1.0000001192092896, 0.9999999403953552, 1.0, 0.9999998807907104, 1.0, 0.9999999403953552, 0.9999998807907104, 0.9999998807907104, 1.0, 1.0000001192092896, 1.0000001192092896, 0.9999999403953552, 1.0, 0.9999999403953552, 1.0000001192092896, 1.0, 1.0, 0.9999999403953552, 1.0, 1.0000001192092896, 0.9999998807907104, 1.0, 0.9999999403953552, 1.0, 1.0, 1.0, 1.0000001192092896, 1.0, 1.0, 1.0, 1.0, 0.9999999403953552, 1.0, 1.0, 1.0, 1.0, 1.0, 0.9999999403953552, 1.0, 0.9999999403953552, 1.0, 1.0000001192092896, 1.0, 1.0, 1.0, 1.0, 1.0, 1.0, 0.9999999403953552, 1.0, 0.9999998807907104, 1.0, 1.0, 1.0000001192092896, 1.0000001192092896, 0.9999999403953552, 1.0, 1.0000001192092896, 1.0, 1.0, 1.0, 1.0, 1.0, 1.0, 1.0, 1.0, 0.9999998807907104, 0.9999999403953552, 1.0, 0.9999999403953552, 0.9999999403953552, 0.9999999403953552, 0.9999999403953552, 1.0000001192092896, 1.0, 1.0, 0.9999998807907104, 1.0, 0.9999998211860657, 0.9999999403953552, 1.0, 1.0, 1.0000001192092896, 1.0000001192092896, 1.0000001192092896, 0.9999999403953552, 1.0000001192092896, 1.0, 1.0000001192092896, 1.0000001192092896, 1.0000001192092896, 1.0, 1.0, 0.9999999403953552, 0.9999999403953552, 1.0, 0.9999999403953552, 1.0, 1.0, 0.9999999403953552, 0.9999999403953552, 1.0000001192092896, 1.0, 0.9999999403953552, 1.0, 1.0000001192092896, 1.0000001192092896, 1.0000001192092896, 0.9999999403953552, 0.9999999403953552, 1.0, 1.0, 1.0, 1.0000001192092896, 0.9999997615814209, 0.9999999403953552, 1.0, 1.0, 1.0, 1.0, 0.9999999403953552, 0.9999999403953552, 1.0, 1.0, 0.9999999403953552, 1.0000001192092896, 1.0, 0.9999998807907104, 1.0, 1.0, 1.0000001192092896, 1.0000001192092896, 0.9999999403953552, 0.9999999403953552, 1.0000001192092896, 0.9999999403953552, 1.0, 1.0, 0.9999999403953552, 1.0, 0.9999998211860657, 0.9999998807907104, 0.9999998807907104, 0.9999998807907104, 1.0, 0.9999999403953552, 0.9999998807907104, 0.9999999403953552, 0.9999998807907104, 0.9999999403953552, 1.0000001192092896, 0.9999999403953552, 0.9999999403953552, 1.0000001192092896, 1.0000001192092896, 1.0, 1.0000001192092896, 0.9999999403953552, 1.0000001192092896, 1.0, 1.0, 1.0, 1.0, 1.0, 0.9999999403953552, 0.9999999403953552, 0.9999999403953552, 1.0, 0.9999999403953552, 0.9999999403953552, 0.9999999403953552, 1.0, 1.0, 0.9999999403953552, 0.9999998807907104, 0.9999998211860657, 0.9999998211860657, 1.0000001192092896, 1.0000001192092896, 1.0, 1.0, 0.9999999403953552, 0.9999998211860657, 1.0, 1.0, 0.9999999403953552, 0.9999999403953552, 1.0000001192092896, 0.9999999403953552, 0.9999999403953552, 0.9999999403953552, 0.9999999403953552, 1.0, 1.0, 0.9999999403953552, 1.0000001192092896, 0.9999998807907104, 0.9999999403953552, 0.9999998211860657, 1.0, 0.9999999403953552, 1.0, 1.0000001192092896, 0.9999998807907104, 1.0000001192092896, 1.0, 1.0, 1.0000001192092896, 1.0, 0.9999999403953552, 0.9999998807907104, 1.0, 1.0, 0.9999999403953552, 0.9999999403953552, 1.0, 0.9999998807907104, 1.0, 0.9999999403953552, 1.0, 1.0, 0.9999998211860657, 0.9999999403953552, 0.9999999403953552, 1.0000001192092896, 1.0000001192092896, 1.0000001192092896, 0.9999999403953552, 1.0, 0.9999998807907104, 0.9999999403953552, 0.9999998807907104, 1.0000001192092896, 1.0000001192092896, 0.9999997615814209, 1.0, 0.9999999403953552, 0.9999999403953552, 0.9999999403953552, 0.9999999403953552, 1.0, 0.9999999403953552, 1.0, 0.9999999403953552, 0.9999998807907104, 1.0, 0.9999999403953552, 0.9999999403953552, 1.0000001192092896, 1.0000001192092896, 1.0, 1.0000001192092896, 1.0000001192092896, 0.9999998807907104, 1.0, 0.9999998211860657, 1.0, 1.0, 0.9999999403953552, 0.9999999403953552, 0.9999998807907104, 0.9999999403953552, 1.0, 0.9999998807907104, 1.0, 0.9999999403953552, 1.0, 1.0, 1.0, 1.0, 1.0, 0.9999998807907104, 0.9999999403953552, 1.0, 1.0, 1.0, 1.0, 1.0, 1.0, 0.9999999403953552, 1.0000001192092896, 1.0000001192092896, 0.9999999403953552, 1.0, 0.9999999403953552, 1.0, 1.0, 0.9999999403953552, 1.0, 1.0, 0.9999998807907104, 1.0, 1.0, 0.9999999403953552, 0.9999998807907104, 0.9999997615814209, 0.9999998807907104, 0.9999999403953552, 1.0000001192092896, 1.0, 1.0000001192092896, 1.0, 1.0000001192092896, 0.9999998211860657, 1.0, 1.0, 1.0, 0.9999999403953552, 0.9999998807907104, 1.0, 0.9999999403953552, 0.9999998807907104, 0.9999999403953552, 1.0000001192092896, 1.0, 0.9999999403953552, 0.9999999403953552, 1.0000001192092896, 0.9999999403953552, 0.9999999403953552, 0.9999999403953552, 1.0, 1.0, 1.0, 0.9999998807907104, 1.0, 0.9999999403953552, 1.0, 0.9999998807907104, 0.9999999403953552, 0.9999999403953552, 1.0, 0.9999999403953552, 0.9999999403953552, 0.9999999403953552, 1.0, 0.9999999403953552, 0.9999999403953552, 0.9999999403953552, 1.0000001192092896, 0.9999999403953552, 1.0, 1.0, 0.9999999403953552, 0.9999999403953552, 1.0, 1.0, 1.0000001192092896, 1.0000001192092896, 1.0, 1.0, 0.9999999403953552, 1.0000001192092896, 1.0, 0.9999999403953552, 0.9999999403953552, 1.0, 1.0, 1.0, 0.9999999403953552, 0.9999999403953552, 0.9999999403953552, 1.0, 1.0, 1.0, 1.0, 0.9999998807907104, 0.9999998211860657, 0.9999999403953552, 0.9999999403953552, 1.0, 1.0, 1.0000001192092896, 0.9999999403953552, 1.0000001192092896, 0.9999998807907104, 1.0000001192092896, 0.9999999403953552, 1.0, 1.0, 1.0, 1.0, 1.0, 1.0000001192092896, 1.0, 0.9999998807907104, 1.0, 1.0000001192092896, 0.9999999403953552, 1.0, 0.9999998807907104, 0.9999999403953552, 1.0, 0.9999998807907104, 1.0000001192092896, 1.0, 1.0, 1.0, 0.9999999403953552, 1.0, 0.9999998807907104, 0.9999999403953552, 1.0, 0.9999999403953552, 1.0000001192092896, 1.0000001192092896, 0.9999999403953552, 1.0, 0.9999998807907104, 1.0, 0.9999999403953552, 1.0000001192092896, 0.9999999403953552, 1.0000001192092896, 0.9999999403953552, 1.0, 1.0, 1.0, 1.0, 1.0, 1.0, 1.0, 1.0, 1.0, 1.0000001192092896, 1.0, 1.0, 1.0000001192092896, 0.9999999403953552, 0.9999999403953552, 1.0, 1.0, 0.9999999403953552, 1.0, 1.0, 1.0, 1.0, 0.9999998807907104, 0.9999998807907104, 0.9999998807907104, 0.9999999403953552, 1.0, 1.0000001192092896, 1.0000001192092896, 1.000000238418579, 0.9999999403953552, 1.0, 0.9999998807907104, 1.0000001192092896, 1.0, 1.0, 0.9999999403953552, 1.0, 1.0, 0.9999999403953552, 1.0000001192092896, 1.0, 1.0, 1.0, 1.0, 1.0, 0.9999999403953552, 0.9999999403953552, 1.0, 1.0, 1.0000001192092896, 1.0, 0.9999999403953552, 1.0000001192092896, 1.0, 0.9999998807907104, 1.0, 0.9999999403953552, 0.9999998807907104, 0.9999999403953552, 1.0, 1.0, 0.9999999403953552, 0.9999998807907104, 0.9999998807907104, 1.0, 1.0, 1.0000001192092896, 1.0, 0.9999998807907104, 1.0, 0.9999998211860657, 0.9999998807907104, 1.0, 1.0, 1.0000001192092896, 0.9999999403953552, 1.0000001192092896, 0.9999999403953552, 1.0, 0.9999999403953552, 1.0, 1.0, 0.9999998211860657, 1.0, 1.0, 0.9999999403953552, 0.9999998807907104, 0.9999999403953552, 0.9999999403953552, 1.0, 1.0, 0.9999999403953552, 1.0, 1.0, 0.9999999403953552, 0.9999998211860657, 0.9999999403953552, 1.0, 1.0, 1.0, 0.9999999403953552, 0.9999999403953552, 1.0, 1.0, 1.0000001192092896, 1.0, 0.9999999403953552, 0.9999999403953552, 0.9999998807907104, 1.0, 0.9999999403953552, 0.9999998211860657, 1.0, 1.0000001192092896, 0.9999999403953552, 0.9999998807907104, 0.9999999403953552, 0.9999999403953552, 0.9999998807907104, 0.9999998211860657, 0.9999999403953552, 1.0, 1.0000001192092896, 0.9999999403953552, 1.0000001192092896, 1.0, 1.0, 1.000000238418579, 1.0, 1.0, 1.0, 1.0000001192092896, 1.0, 1.0, 1.0, 0.9999999403953552, 0.9999999403953552, 1.0, 1.0, 1.0, 1.0, 0.9999999403953552, 1.0, 0.9999998807907104, 0.9999998807907104, 1.0, 1.0000001192092896, 1.0000001192092896, 1.0, 1.0, 1.0000001192092896, 1.0, 1.0000001192092896, 1.0000001192092896, 0.9999998807907104, 1.0, 1.0, 1.0, 0.9999999403953552, 1.0, 0.9999999403953552, 1.0, 0.9999998211860657, 1.0000001192092896, 1.0, 1.0, 1.0, 1.0, 1.0, 1.0, 1.000000238418579, 1.0000001192092896, 1.0000001192092896, 0.9999999403953552, 1.0, 0.9999999403953552, 1.0, 1.0, 1.0, 1.0000001192092896, 0.9999999403953552, 0.9999998807907104, 0.9999999403953552, 0.9999998807907104, 1.0, 1.0, 0.9999999403953552, 1.0000001192092896, 1.0, 1.0, 0.9999998211860657, 0.9999998807907104, 1.0, 1.0000001192092896, 1.000000238418579, 1.0000001192092896, 1.0000001192092896, 1.0, 1.0, 1.0, 1.0000001192092896, 1.0000001192092896, 0.9999999403953552, 1.0, 0.9999999403953552, 1.0, 0.9999998807907104, 0.9999999403953552, 1.0, 1.0, 1.0, 1.0, 0.9999998807907104, 1.0, 0.9999999403953552, 0.9999999403953552, 0.9999998807907104, 1.0000001192092896, 1.0000001192092896, 0.9999998807907104, 1.0, 1.0, 1.0, 1.0, 1.0000001192092896, 1.0, 0.9999999403953552, 1.0, 1.0, 1.0, 0.9999998807907104, 1.0, 1.0, 1.0, 0.9999999403953552, 1.0, 1.0, 0.9999998807907104, 1.0, 0.9999998807907104, 0.9999999403953552, 1.0, 1.0000001192092896, 1.0, 1.0, 0.9999999403953552, 1.0, 1.0, 1.0, 1.0, 1.0, 1.0, 1.0, 1.0, 0.9999999403953552, 1.0, 1.0000001192092896, 1.0, 1.0000001192092896, 1.0, 0.9999999403953552, 1.0, 0.9999999403953552, 0.9999998807907104, 0.9999999403953552, 1.0, 1.000000238418579, 1.0, 1.0000001192092896, 1.0000001192092896, 1.0, 1.0, 1.0000001192092896, 1.0, 1.0, 1.0, 0.9999999403953552, 1.0, 0.9999999403953552, 1.0, 0.9999998807907104, 1.0, 0.9999999403953552, 1.0, 0.9999999403953552, 0.9999999403953552, 0.9999999403953552, 0.9999999403953552, 0.9999998807907104, 1.0, 1.0000001192092896, 1.000000238418579, 1.0, 1.0, 1.000000238418579, 1.0, 0.9999999403953552, 1.0, 0.9999998807907104, 0.9999998807907104, 0.9999999403953552, 0.9999999403953552, 0.9999999403953552, 1.0000001192092896, 1.0, 1.0, 0.9999999403953552, 1.0, 0.9999998211860657, 0.9999998211860657, 0.9999999403953552, 0.9999999403953552, 1.0, 1.0000001192092896, 1.0000001192092896, 1.0000001192092896, 1.0000001192092896, 1.0, 1.0, 1.0, 0.9999999403953552, 1.0, 0.9999998807907104, 0.9999999403953552, 1.0, 1.0, 0.9999998807907104, 0.9999999403953552, 1.0, 1.0, 1.0, 1.0000001192092896, 1.0, 0.9999999403953552, 1.0, 1.0, 1.0, 1.0, 1.0000001192092896, 1.0000001192092896, 1.0000001192092896, 1.0, 1.0, 1.0, 1.0, 0.9999999403953552, 0.9999998807907104, 0.9999999403953552, 1.0, 0.9999999403953552, 0.9999998807907104, 0.9999999403953552, 1.0000001192092896, 0.9999998807907104, 1.0, 1.0, 0.9999999403953552, 0.9999999403953552, 1.0, 0.9999998807907104, 0.9999999403953552, 1.0000001192092896, 1.0, 1.0000001192092896, 1.0, 1.0, 1.0, 0.9999999403953552, 1.0, 1.0000001192092896, 0.9999998211860657, 1.0, 1.0, 0.9999999403953552, 0.9999998807907104, 1.0, 0.9999999403953552, 1.0000001192092896, 1.0, 1.0000001192092896, 0.9999998807907104, 1.0, 1.0, 0.9999999403953552, 1.0000001192092896, 1.0000001192092896, 1.0000001192092896, 1.0, 1.0, 1.0000001192092896, 1.0000001192092896, 1.0, 1.0000001192092896, 1.0, 0.9999999403953552, 1.0, 0.9999999403953552, 1.0, 0.9999999403953552, 0.9999998807907104, 0.9999999403953552, 1.0, 1.0, 1.0, 1.0, 1.0, 0.9999999403953552, 0.9999999403953552, 1.0, 1.0, 0.9999999403953552, 1.0000001192092896, 1.0, 1.0, 0.9999999403953552, 0.9999999403953552, 0.9999998807907104, 0.9999999403953552, 0.9999999403953552, 1.0000001192092896, 1.0, 0.9999999403953552, 1.0, 0.9999998807907104, 0.9999999403953552, 1.0, 1.0, 1.0000001192092896, 0.9999998807907104, 0.9999998211860657, 0.9999998807907104, 0.9999998211860657, 1.0, 1.0, 1.0000001192092896, 1.0, 1.0, 1.0, 1.0000001192092896, 0.9999998807907104, 1.0000001192092896, 1.0, 0.9999999403953552, 1.0, 0.9999999403953552, 0.9999998807907104, 1.0, 0.9999998211860657, 0.9999999403953552, 1.0, 0.9999999403953552, 0.9999998807907104, 0.9999999403953552, 1.0, 0.9999999403953552, 0.9999998211860657, 1.0, 1.0, 1.0000001192092896, 1.0, 0.9999998807907104, 1.0, 1.0, 0.9999999403953552, 1.0, 1.0, 0.9999999403953552, 1.0, 1.0, 1.0, 0.9999999403953552, 1.0, 1.0, 1.0, 0.9999998807907104, 1.0000001192092896, 1.0, 1.0, 0.9999999403953552, 1.0, 0.9999998807907104, 1.0, 1.0, 1.0, 1.0, 1.0, 1.0, 1.0000001192092896, 1.0000001192092896, 1.0, 0.9999999403953552, 1.0, 0.9999999403953552, 1.0, 1.0, 0.9999998807907104, 1.0, 1.0, 1.0, 0.9999999403953552, 0.9999998807907104, 1.0000001192092896, 1.0, 0.9999999403953552, 1.0, 1.0, 1.0000001192092896, 1.0000001192092896, 1.0, 0.9999998807907104, 1.0000001192092896, 0.9999998807907104, 1.0, 1.0, 0.9999999403953552, 1.0, 1.0, 1.0, 1.0, 0.9999998211860657, 0.9999999403953552, 0.9999999403953552, 0.9999999403953552, 0.9999998807907104, 1.0, 0.9999999403953552, 0.9999998211860657, 0.9999998211860657, 1.0000001192092896, 1.0000001192092896, 1.0, 1.000000238418579, 1.0, 1.0000001192092896, 1.0, 1.0, 1.0, 0.9999999403953552, 0.9999998807907104, 1.0, 0.9999998807907104, 0.9999999403953552, 0.9999999403953552, 0.9999999403953552, 0.9999999403953552, 0.9999999403953552, 0.9999998807907104, 0.9999998807907104, 1.0, 1.0, 0.9999999403953552, 0.9999998211860657, 0.9999999403953552, 1.0, 1.0000001192092896, 1.0, 1.0000001192092896, 0.9999999403953552, 1.0, 1.0, 1.0000001192092896, 1.0, 0.9999998807907104, 1.0, 0.9999998807907104, 1.0, 1.0, 1.0, 0.9999999403953552, 1.0, 0.9999999403953552, 1.0, 0.9999998807907104, 0.9999999403953552, 0.9999998807907104, 0.9999998807907104, 1.0, 1.0, 1.0, 1.0, 1.000000238418579, 1.0, 1.0, 1.0, 1.0000001192092896, 1.0, 1.0, 0.9999999403953552, 0.9999999403953552, 0.9999999403953552, 0.9999998807907104, 1.0, 0.9999999403953552, 1.0000001192092896, 0.9999999403953552, 0.9999999403953552, 1.0, 1.0, 0.9999999403953552, 0.9999999403953552, 1.0, 1.0000001192092896, 1.0000001192092896, 1.0000001192092896, 0.9999999403953552, 1.0, 1.0, 0.9999999403953552, 1.0, 1.0, 0.9999998211860657, 1.0, 0.9999999403953552, 1.0, 0.9999999403953552, 0.9999999403953552, 1.0, 0.9999998211860657, 0.9999998807907104, 1.0, 1.0, 1.0, 0.9999999403953552, 0.9999998211860657, 0.9999998807907104, 1.0000001192092896, 1.0000001192092896, 1.0000001192092896, 1.0, 1.0, 1.0, 1.0000001192092896, 1.0, 0.9999999403953552, 1.0, 1.0, 1.0, 1.0, 0.9999999403953552, 0.9999999403953552, 0.9999999403953552, 1.0, 0.9999999403953552, 1.0, 1.0000001192092896, 1.0, 0.9999999403953552, 0.9999998807907104, 1.0, 1.0, 1.0000001192092896, 0.9999999403953552, 1.0, 0.9999999403953552, 1.0, 1.0000001192092896, 0.9999999403953552, 0.9999999403953552, 0.9999999403953552, 1.0000001192092896, 1.0, 1.0, 1.0, 1.0, 0.9999999403953552, 0.9999999403953552, 1.0000001192092896, 0.9999999403953552, 0.9999999403953552, 1.0, 1.0, 0.9999999403953552, 0.9999998807907104, 1.0000001192092896, 1.0, 1.000000238418579, 0.9999999403953552, 1.0, 1.0, 1.0, 1.0000001192092896, 1.0, 0.9999999403953552, 1.0, 1.0, 1.0, 0.9999999403953552, 0.9999999403953552, 1.0, 1.0, 0.9999999403953552, 0.9999999403953552, 0.9999999403953552, 1.0, 0.9999999403953552, 0.9999998211860657, 0.9999999403953552, 1.0, 1.0000001192092896, 1.0000001192092896, 1.0, 1.0, 1.0, 0.9999998807907104, 1.0, 0.9999999403953552, 1.0, 1.0, 1.0, 0.9999999403953552, 0.9999999403953552, 0.9999999403953552, 1.0, 0.9999999403953552, 0.9999999403953552, 1.0, 0.9999999403953552, 1.0, 1.0, 0.9999999403953552, 0.9999999403953552, 1.0, 1.0, 1.0000001192092896, 0.9999999403953552, 0.9999999403953552, 1.0, 1.0000001192092896, 1.0000001192092896, 0.9999999403953552, 0.9999999403953552, 1.0, 1.0, 1.0, 0.9999999403953552, 1.0, 0.9999999403953552, 1.0, 1.0, 1.0, 0.9999999403953552, 0.9999999403953552, 1.0, 0.9999999403953552, 0.9999998807907104, 1.0000001192092896, 0.9999999403953552, 1.0000001192092896, 1.0, 0.9999999403953552, 1.0, 1.0000001192092896, 1.0, 1.0000001192092896, 0.9999999403953552, 1.0, 1.0, 1.0, 0.9999999403953552, 1.0, 0.9999999403953552, 1.0, 0.9999999403953552, 1.0, 1.0, 0.9999999403953552, 1.0, 1.0, 0.9999999403953552, 1.0, 1.0, 0.9999999403953552, 1.0000001192092896, 1.0, 0.9999999403953552, 1.0, 1.0, 1.0, 0.9999999403953552, 1.0, 1.0, 1.0, 0.9999998807907104, 0.9999999403953552, 0.9999999403953552, 1.0, 0.9999999403953552, 1.0, 0.9999999403953552, 0.9999999403953552, 1.0, 0.9999999403953552, 0.9999998211860657, 1.0000001192092896, 1.0000001192092896, 0.9999998807907104, 1.0000001192092896, 0.9999998211860657, 1.0, 1.0000001192092896, 0.9999998807907104, 1.0000001192092896, 1.0, 1.0, 1.0, 0.9999999403953552, 0.9999999403953552, 0.9999999403953552, 1.0, 1.0, 0.9999998807907104, 0.9999999403953552, 0.9999999403953552, 0.9999999403953552, 0.9999998807907104, 0.9999999403953552, 1.0, 1.0, 1.0000001192092896, 1.0000001192092896, 0.9999998211860657, 0.9999999403953552, 1.0, 0.9999999403953552, 1.0, 1.0, 0.9999999403953552, 1.0, 1.0, 0.9999999403953552, 0.9999999403953552, 1.0, 0.9999999403953552, 1.0, 0.9999999403953552, 1.0, 1.0, 0.9999999403953552, 0.9999998807907104, 1.0, 0.9999999403953552, 1.0, 1.0, 1.0, 1.0, 1.0, 1.0, 1.0000001192092896, 0.9999999403953552, 0.9999999403953552, 0.9999999403953552, 1.0, 1.0, 1.0000001192092896, 0.9999998807907104, 1.0, 1.0, 0.9999998211860657, 1.0, 1.0000001192092896, 0.9999998807907104, 0.9999999403953552, 0.9999999403953552, 1.0, 1.0000001192092896, 1.0000001192092896, 0.9999999403953552, 1.0, 1.0, 1.0, 1.0, 0.9999999403953552, 1.0, 1.0, 1.0, 0.9999999403953552, 1.0, 1.0, 0.9999999403953552, 0.9999998807907104, 1.0, 1.0, 0.9999999403953552, 0.9999998807907104, 0.9999999403953552, 0.9999998807907104, 1.0, 0.9999999403953552, 1.0, 1.0000001192092896, 1.0, 0.9999999403953552, 1.0000001192092896, 0.9999998807907104, 0.9999999403953552, 1.0, 1.0, 1.0, 0.9999998211860657, 1.0000001192092896, 1.0000001192092896, 1.0, 0.9999998807907104, 0.9999999403953552, 1.0, 1.0, 0.9999998807907104, 0.9999999403953552, 1.0, 0.9999998211860657, 1.0, 0.9999999403953552, 1.0, 1.0000001192092896, 1.0, 1.0000001192092896, 1.0, 0.9999999403953552, 0.9999998807907104, 0.9999998807907104, 1.0, 1.0, 0.9999999403953552, 1.0, 1.0, 1.0, 0.9999998807907104, 0.9999999403953552, 1.0, 1.0, 1.0, 1.0, 0.9999999403953552, 1.0000001192092896, 0.9999998807907104, 0.9999998807907104, 1.0, 1.0, 1.0000001192092896, 1.0, 1.0, 0.9999998807907104, 1.000000238418579, 1.0, 1.0, 1.0000001192092896, 0.9999999403953552, 1.0, 0.9999999403953552, 0.9999999403953552]
