pdxasset (int, 2):  [1, 0]
info:
    fps (float, 1):  [24.0]
    sa (int, 1):  [44]
    j (int, 1):  [24]
    Hips:
        sa (str, 1):  ['tqs']
        t (float, 3):  [-0.039686258882284164, 3.9469265937805176, 1.0879409313201904]
        q (float, 4):  [0.07472647726535797, 0.8334764838218689, -0.055578771978616714, 0.5446503758430481]
        s (float, 1):  [0.9999999403953552]
    LeftUpLeg:
        sa (str, 1):  ['tqs']
        t (float, 3):  [-0.08712348341941833, -0.35718628764152527, 0.5555343627929688]
        q (float, 4):  [0.1916785091161728, -0.6919194459915161, 0.5689212083816528, 0.40104302763938904]
        s (float, 1):  [0.9999999403953552]
    LeftLeg:
        sa (str, 1):  ['tqs']
        t (float, 3):  [5.774199962615967e-06, -2.689659595489502e-06, 1.736465573310852]
        q (float, 4):  [-0.22897027432918549, 0.04568842798471451, 0.023394204676151276, 0.9720791578292847]
        s (float, 1):  [0.9999998807907104]
    LeftFoot:
        sa (str, 1):  ['tqs']
        t (float, 3):  [-3.7476420402526855e-06, -2.5406479835510254e-06, 1.6212769746780396]
        q (float, 4):  [0.6016926169395447, -0.06102253124117851, 0.10935260355472565, 0.788849949836731]
        s (float, 1):  [1.0000001192092896]
    LeftToeBase:
        sa (str, 1):  ['tqs']
        t (float, 3):  [-2.8996728360652924e-06, -1.1481344699859619e-05, 0.6033934950828552]
        q (float, 4):  [0.5099947452545166, -0.015457899309694767, 0.12756851315498352, 0.8505249619483948]
        s (float, 1):  [1.0]
    RightUpLeg:
        sa (str, 1):  ['tqs']
        t (float, 3):  [0.04908868670463562, -0.4983295202255249, -0.49181753396987915]
        q (float, 4):  [0.5597442984580994, -0.24258717894554138, 0.6445367932319641, 0.46087968349456787]
        s (float, 1):  [1.0000001192092896]
    RightLeg:
        sa (str, 1):  ['tqs']
        t (float, 3):  [-3.6954879760742188e-06, 4.76837158203125e-07, 1.7200775146484375]
        q (float, 4):  [-0.19859528541564941, -0.01652371883392334, 0.01143669430166483, 0.9798755645751953]
        s (float, 1):  [0.9999999403953552]
    RightFoot:
        sa (str, 1):  ['tqs']
        t (float, 3):  [-3.7476420402526855e-06, -2.8945505619049072e-06, 1.6338958740234375]
        q (float, 4):  [0.4648633897304535, 0.025152912363409996, -0.00051386613631621, 0.8850249648094177]
        s (float, 1):  [0.9999998807907104]
    RightToeBase:
        sa (str, 1):  ['tqs']
        t (float, 3):  [7.450580596923828e-08, 7.674098014831543e-06, 0.606109619140625]
        q (float, 4):  [0.3940044641494751, -0.009333138354122639, -0.09278031438589096, 0.9143660068511963]
        s (float, 1):  [0.9999999403953552]
    Spine02:
        sa (str, 1):  ['tqs']
        t (float, 3):  [0.03803718090057373, 0.4860993027687073, -0.06373600661754608]
        q (float, 4):  [-0.518459677696228, -0.4809449315071106, -0.5433771014213562, 0.4523637592792511]
        s (float, 1):  [0.9999999403953552]
    Spine01:
        sa (str, 1):  ['tqs']
        t (float, 3):  [4.734843969345093e-06, -6.94766640663147e-07, 0.4917294681072235]
        q (float, 4):  [-0.09553008526563644, 0.026756202802062035, 0.01889827847480774, 0.9948874115943909]
        s (float, 1):  [1.0]
    Spine:
        sa (str, 1):  ['tqs']
        t (float, 3):  [1.564621925354004e-07, -2.384185791015625e-07, 0.4917336404323578]
        q (float, 4):  [0.036028772592544556, 0.007570080924779177, -0.01221142802387476, 0.9992474913597107]
        s (float, 1):  [1.0]
    LeftShoulder:
        sa (str, 1):  ['tqs']
        t (float, 3):  [0.1497974544763565, -0.004515543580055237, 0.2672133147716522]
        q (float, 4):  [-0.5907763838768005, 0.3257724940776825, -0.40553656220436096, 0.6167623400688171]
        s (float, 1):  [1.0]
    LeftArm:
        sa (str, 1):  ['tqs']
        t (float, 3):  [1.6391277313232422e-07, -1.6111880540847778e-06, 0.6228753328323364]
        q (float, 4):  [-0.28760457038879395, -0.40303584933280945, -0.412720263004303, 0.7645310163497925]
        s (float, 1):  [1.0000001192092896]
    LeftForeArm:
        sa (str, 1):  ['tqs']
        t (float, 3):  [7.636845111846924e-06, -7.733702659606934e-06, 1.1016772985458374]
        q (float, 4):  [0.3840363621711731, -0.5174431204795837, -0.017414283007383347, 0.7645033597946167]
        s (float, 1):  [1.0]
    LeftHand:
        sa (str, 1):  ['tqs']
        t (float, 3):  [2.514570951461792e-07, -1.0337680578231812e-07, 0.7726442217826843]
        q (float, 4):  [0.026803869754076004, -0.1343032866716385, 0.12896493077278137, 0.9821467399597168]
        s (float, 1):  [1.0]
    RightShoulder:
        sa (str, 1):  ['tqs']
        t (float, 3):  [-0.14074452221393585, -0.019361885264515877, 0.2530268728733063]
        q (float, 4):  [-0.5645845532417297, -0.40755966305732727, 0.45157885551452637, 0.5578674077987671]
        s (float, 1):  [1.0000001192092896]
    RightArm:
        sa (str, 1):  ['tqs']
        t (float, 3):  [5.662441253662109e-07, -6.332993507385254e-07, 0.543205201625824]
        q (float, 4):  [-0.5063447952270508, 0.22380703687667847, 0.2757103145122528, 0.785817563533783]
        s (float, 1):  [0.9999999403953552]
    RightForeArm:
        sa (str, 1):  ['tqs']
        t (float, 3):  [-3.814697265625e-06, 3.6954879760742188e-06, 1.103057622909546]
        q (float, 4):  [0.4529590904712677, 0.6514530181884766, 0.006168999709188938, 0.6086041331291199]
        s (float, 1):  [0.9999997615814209]
    RightHand:
        sa (str, 1):  ['tqs']
        t (float, 3):  [1.1473894119262695e-05, -8.028000593185425e-06, 0.824051022529602]
        q (float, 4):  [0.24972286820411682, 0.367828905582428, 0.06886808574199677, 0.8930832147598267]
        s (float, 1):  [1.0]
    neck:
        sa (str, 1):  ['tqs']
        t (float, 3):  [-0.009052745997905731, 0.023875322192907333, 0.3158411383628845]
        q (float, 4):  [0.018066169694066048, -0.0007150722085498273, -0.13957037031650543, 0.9900470972061157]
        s (float, 1):  [1.0]
    Head:
        sa (str, 1):  ['tqs']
        t (float, 3):  [1.7508864402770996e-07, -5.029141902923584e-08, 0.3153610825538635]
        q (float, 4):  [-0.35219597816467285, -0.014878122135996819, -0.037543121725320816, 0.9350546598434448]
        s (float, 1):  [1.0]
    head_end:
        sa (str, 1):  ['tqs']
        t (float, 3):  [-0.0012295610504224896, -0.2804087698459625, 1.0047496557235718]
        q (float, 4):  [0.13565947115421295, -0.0005948207108303905, -1.4100189904553417e-09, 0.9907553791999817]
        s (float, 1):  [1.0]
    headfront:
        sa (str, 1):  ['tqs']
        t (float, 3):  [0.0012294892221689224, 0.28040528297424316, 0.17804370820522308]
        q (float, 4):  [-0.48164719343185425, 0.0021118742879480124, 1.1424171830753949e-08, 0.876362681388855]
        s (float, 1):  [1.0]
samples:
    t (float, 3168):  [-0.039686258882284164, 3.9469258785247803, 1.0879409313201904, -0.08712352812290192, -0.35718628764152527, 0.5555343627929688, 5.705282092094421e-06, -2.689659595489502e-06, 1.736465573310852, -3.769993782043457e-06, -2.600252628326416e-06, 1.6212769746780396, -2.919696271419525e-06, -1.1488795280456543e-05, 0.6033935546875, 0.04908864200115204, -0.4983295202255249, -0.49181753396987915, -3.814697265625e-06, 5.960464477539062e-07, 1.720077395439148, -3.773719072341919e-06, -2.8870999813079834e-06, 1.6338958740234375, 2.2351741790771484e-08, 7.644295692443848e-06, 0.606109619140625, 0.038037121295928955, 0.4860990643501282, -0.0637359470129013, 4.794448614120483e-06, -7.543712854385376e-07, 0.4917294681072235, 1.564621925354004e-07, -2.384185791015625e-07, 0.4917336404323578, 0.14979733526706696, -0.004515305161476135, 0.267212837934494, 4.023313522338867e-07, -2.088025212287903e-06, 0.6228752136230469, 7.636845111846924e-06, -7.733702659606934e-06, 1.1016777753829956, 2.514570951461792e-07, 1.3504177331924438e-07, 0.7726441025733948, -0.1407446414232254, -0.019361766055226326, 0.2530268728733063, 3.2782554626464844e-07, -6.332993507385254e-07, 0.5432053208351135, -3.814697265625e-06, 3.5762786865234375e-06, 1.103057622909546, 1.1473894119262695e-05, -7.5511634349823e-06, 0.8240510821342468, -0.009052865207195282, 0.023875560611486435, 0.3158406615257263, 2.3469328880310059e-07, -5.029141902923584e-08, 0.3153610825538635, -0.0012295610504224896, -0.2804087698459625, 1.0047494173049927, 0.001229429617524147, 0.28040528297424316, 0.17804346978664398, -0.03968246653676033, 3.946953535079956, 1.0879426002502441, -0.08712352812290192, -0.3571860194206238, 0.5555343627929688, 5.677342414855957e-06, -2.8312206268310547e-06, 1.736465573310852, -3.769993782043457e-06, -2.7194619178771973e-06, 1.6212772130966187, -2.798624336719513e-06, -1.138448715209961e-05, 0.6033936142921448, 0.04908852279186249, -0.498329758644104, -0.49181750416755676, -3.844499588012695e-06, 6.407499313354492e-07, 1.7200775146484375, -3.840774297714233e-06, -2.853572368621826e-06, 1.633895754814148, -1.2293457984924316e-07, 7.644295692443848e-06, 0.6061095595359802, 0.038037095218896866, 0.4860992431640625, -0.0637359470129013, 4.6193599700927734e-06, -7.16187059879303e-07, 0.49173009395599365, 1.2665987014770508e-07, -6.48200511932373e-07, 0.49173402786254883, 0.14979739487171173, -0.004515521228313446, 0.2672140598297119, 3.2782554626464844e-07, -2.4102628231048584e-06, 0.6228751540184021, 7.584691047668457e-06, -7.539987564086914e-06, 1.1016770601272583, -7.078051567077637e-08, 6.239861249923706e-08, 0.77264404296875, -0.1407444328069687, -0.01936168782413006, 0.2530270218849182, 3.7997961044311523e-07, -7.450580596923828e-08, 0.5432052612304688, -3.2782554626464844e-06, 3.7550926208496094e-06, 1.1030579805374146, 1.1395663022994995e-05, -7.227063179016113e-06, 0.8240508437156677, -0.00905279815196991, 0.02387545257806778, 0.315841406583786, 2.5704503059387207e-07, -1.9371509552001953e-07, 0.31536078453063965, -0.001229502959176898, -0.28040871024131775, 1.0047495365142822, 0.0012295525521039963, 0.28040528297424316, 0.17804333567619324, -0.03948400914669037, 3.948387861251831, 1.0880314111709595, -0.08712348341941833, -0.3571859896183014, 0.5555344223976135, 5.684792995452881e-06, -2.9653310775756836e-06, 1.736465334892273, -3.814697265625e-06, -3.084540367126465e-06, 1.6212769746780396, -2.8051435947418213e-06, -1.1451542377471924e-05, 0.6033936142921448, 0.04908859729766846, -0.4983294904232025, -0.4918174743652344, -3.829598426818848e-06, 3.5762786865234375e-07, 1.7200775146484375, -3.821682184934616e-06, -2.8865179046988487e-06, 1.6338961124420166, -4.470348358154297e-08, 7.599592208862305e-06, 0.606109619140625, 0.03803722560405731, 0.4860992133617401, -0.06373590230941772, 4.723668098449707e-06, -9.75094735622406e-07, 0.4917297065258026, 9.685754776000977e-08, -4.731118679046631e-07, 0.49173396825790405, 0.14979758858680725, -0.004515610635280609, 0.26721423864364624, 1.7881393432617188e-07, -2.1085143089294434e-06, 0.6228751540184021, 7.331371307373047e-06, -7.644295692443848e-06, 1.1016775369644165, 5.681067705154419e-08, -3.4458935260772705e-08, 0.7726441025733948, -0.14074435830116272, -0.01936192624270916, 0.2530275583267212, 6.034970283508301e-07, -5.960464477539062e-07, 0.543205201625824, -3.635883331298828e-06, 3.874301910400391e-06, 1.1030579805374146, 1.1447817087173462e-05, -7.364898920059204e-06, 0.824050784111023, -0.009052783250808716, 0.02387535199522972, 0.3158424496650696, 5.587935447692871e-08, -8.009374141693115e-08, 0.31536075472831726, -0.0012295397464185953, -0.28040915727615356, 1.0047496557235718, 0.0012295106425881386, 0.2804051637649536, 0.17804360389709473, -0.038852810859680176, 3.9529504776000977, 1.0883136987686157, -0.0871235579252243, -0.35718655586242676, 0.5555343627929688, 5.707144737243652e-06, -2.942979335784912e-06, 1.736465334892273, -3.814697265625e-06, -2.8833746910095215e-06, 1.6212767362594604, -2.8833746910095215e-06, -1.1380761861801147e-05, 0.6033935546875, 0.04908846318721771, -0.4983302056789398, -0.491817444562912, -3.777444362640381e-06, 3.725290298461914e-07, 1.720077395439148, -3.777444362640381e-06, -2.853572368621826e-06, 1.633895993232727, 8.847564458847046e-08, 7.703900337219238e-06, 0.606109619140625, 0.03803715854883194, 0.4860987961292267, -0.06373602151870728, 4.697591066360474e-06, -7.906928658485413e-07, 0.49172982573509216, 5.21540641784668e-08, -2.4586915969848633e-07, 0.4917328953742981, 0.1497974544763565, -0.004515349864959717, 0.26721301674842834, 2.5331974029541016e-07, -1.6577541828155518e-06, 0.6228752136230469, 7.666647434234619e-06, -7.644295692443848e-06, 1.101676344871521, 3.110617399215698e-07, 1.3783574104309082e-07, 0.7726441621780396, -0.14074456691741943, -0.019361788406968117, 0.25302639603614807, 5.140900611877441e-07, -7.674098014831543e-07, 0.543205201625824, -3.4570693969726562e-06, 3.7550926208496094e-06, 1.1030579805374146, 1.1410564184188843e-05, -7.048249244689941e-06, 0.8240507245063782, -0.009052827954292297, 0.023875411599874496, 0.3158413767814636, 1.30385160446167e-07, 5.21540641784668e-08, 0.315360963344574, -0.001229423563927412, -0.28040811419487, 1.0047495365142822, 0.0012295469641685486, 0.2804059684276581, 0.17804351449012756, -0.03780041262507439, 3.960557460784912, 1.0887844562530518, -0.08712354302406311, -0.3571859300136566, 0.5555343627929688, 5.7220458984375e-06, -2.8833746910095215e-06, 1.7364656925201416, -3.7550926208496094e-06, -2.4139881134033203e-06, 1.62127685546875, -2.8461217880249023e-06, -1.1578202247619629e-05, 0.6033936142921448, 0.049088552594184875, -0.4983294606208801, -0.49181756377220154, -3.822147846221924e-06, 4.6193599700927734e-07, 1.7200775146484375, -3.766268491744995e-06, -2.8921058401465416e-06, 1.6338956356048584, 8.451752364635468e-08, 7.599592208862305e-06, 0.6061096787452698, 0.038037169724702835, 0.4860989451408386, -0.06373588740825653, 4.8354268074035645e-06, -8.419156074523926e-07, 0.49172988533973694, 8.940696716308594e-08, -5.066394805908203e-07, 0.49173322319984436, 0.14979752898216248, -0.004515409469604492, 0.2672136127948761, 1.7881393432617188e-07, -1.953914761543274e-06, 0.6228753328323364, 7.525086402893066e-06, -7.577240467071533e-06, 1.1016775369644165, 3.259629011154175e-08, -5.383044481277466e-07, 0.77264404296875, -0.14074426889419556, -0.019361767917871475, 0.2530265748500824, 4.246830940246582e-07, 5.289912223815918e-07, 0.5432051420211792, -3.874301910400391e-06, 3.814697265625e-06, 1.1030579805374146, 1.1764466762542725e-05, -6.962567567825317e-06, 0.824050784111023, -0.009052731096744537, 0.023875392973423004, 0.3158417046070099, 3.725290298461914e-08, -1.4156103134155273e-07, 0.31536224484443665, -0.0012294156476855278, -0.2804083824157715, 1.004749059677124, 0.0012295236811041832, 0.28040531277656555, 0.1780431717634201, -0.035794585943222046, 3.9750561714172363, 1.089681625366211, -0.08712346851825714, -0.3571861684322357, 0.5555341839790344, 5.677342414855957e-06, -2.950429916381836e-06, 1.736465573310852, -3.6954879760742188e-06, -2.689659595489502e-06, 1.62127685546875, -2.682209014892578e-06, -1.1771917343139648e-05, 0.6033934354782104, 0.04908871650695801, -0.49832916259765625, -0.49181756377220154, -3.807246685028076e-06, 5.21540641784668e-07, 1.720077633857727, -3.863126039505005e-06, -2.8386712074279785e-06, 1.633895754814148, -6.51925802230835e-08, 7.599592208862305e-06, 0.606109619140625, 0.038037143647670746, 0.4860990643501282, -0.06373605877161026, 4.541128873825073e-06, -9.369105100631714e-07, 0.4917297065258026, -1.4901161193847656e-08, -7.82310962677002e-08, 0.49173301458358765, 0.14979760348796844, -0.00451524555683136, 0.2672140300273895, 1.9371509552001953e-07, -2.532266080379486e-06, 0.622875452041626, 7.763504981994629e-06, -7.674098014831543e-06, 1.101677417755127, 5.541369318962097e-08, -1.8812716007232666e-07, 0.7726439833641052, -0.14074434340000153, -0.01936156302690506, 0.2530272305011749, 4.3213367462158203e-07, -9.98377799987793e-07, 0.5432053208351135, -3.4570693969726562e-06, 3.6954879760742188e-06, 1.1030582189559937, 1.1429190635681152e-05, -7.681548595428467e-06, 0.8240508437156677, -0.009052641689777374, 0.023875664919614792, 0.31584176421165466, 2.7567148208618164e-07, -6.891787052154541e-08, 0.31536075472831726, -0.0012295185588300228, -0.28040993213653564, 1.0047495365142822, 0.0012294817715883255, 0.28040432929992676, 0.17804323136806488, -0.03555571287870407, 3.97678279876709, 1.0897884368896484, -0.08712346851825714, -0.3571862280368805, 0.5555344223976135, 5.811452865600586e-06, -2.808868885040283e-06, 1.7364654541015625, -3.814697265625e-06, -2.8461217880249023e-06, 1.62127685546875, -2.771615982055664e-06, -1.1667609214782715e-05, 0.6033936738967896, 0.04908856749534607, -0.49832960963249207, -0.4918175935745239, -3.769993782043457e-06, 5.21540641784668e-07, 1.7200772762298584, -3.77558171749115e-06, -2.8759241104125977e-06, 1.6338958740234375, -2.8405338525772095e-08, 7.672235369682312e-06, 0.6061095595359802, 0.038037121295928955, 0.4860990643501282, -0.06373592466115952, 4.712492227554321e-06, -9.462237358093262e-07, 0.49172985553741455, 2.2351741790771484e-08, -4.991888999938965e-07, 0.4917334318161011, 0.1497974842786789, -0.004515305161476135, 0.26721426844596863, 2.384185791015625e-07, -2.3990869522094727e-06, 0.6228752732276917, 7.778406143188477e-06, -7.748603820800781e-06, 1.1016770601272583, -1.1082738637924194e-07, 3.618188202381134e-07, 0.7726441621780396, -0.1407444328069687, -0.019361579790711403, 0.2530268728733063, 4.76837158203125e-07, -1.6167759895324707e-06, 0.5432053804397583, -3.7550926208496094e-06, 3.516674041748047e-06, 1.1030582189559937, 1.1332333087921143e-05, -7.97957181930542e-06, 0.824051022529602, -0.009052902460098267, 0.023875538259744644, 0.31584227085113525, -1.4901161193847656e-08, -4.6566128730773926e-08, 0.3153611421585083, -0.001229490851983428, -0.28040918707847595, 1.0047492980957031, 0.0012295646592974663, 0.2804047167301178, 0.17804330587387085, -0.034859150648117065, 3.9818179607391357, 1.0901000499725342, -0.08712361752986908, -0.3571861982345581, 0.5555342435836792, 5.647540092468262e-06, -2.8461217880249023e-06, 1.7364656925201416, -3.9637088775634766e-06, -2.7865171432495117e-06, 1.6212767362594604, -2.9206275939941406e-06, -1.1876225471496582e-05, 0.6033934950828552, 0.04908858239650726, -0.49832943081855774, -0.49181753396987915, -3.807246685028076e-06, 5.513429641723633e-07, 1.7200775146484375, -3.821216523647308e-06, -2.8833746910095215e-06, 1.6338956356048584, 9.057112038135529e-08, 7.659196853637695e-06, 0.6061097383499146, 0.038037095218896866, 0.486099511384964, -0.06373609602451324, 4.630535840988159e-06, -9.98377799987793e-07, 0.4917295277118683, 5.21540641784668e-08, -4.954636096954346e-07, 0.491733580827713, 0.14979767799377441, -0.004515483975410461, 0.2672136127948761, 1.6391277313232422e-07, -1.1548399925231934e-06, 0.6228752136230469, 7.797032594680786e-06, -7.733702659606934e-06, 1.1016765832901, 1.0756775736808777e-07, -3.012828528881073e-07, 0.7726442217826843, -0.14074426889419556, -0.019361887127161026, 0.2530265152454376, 5.774199962615967e-07, -1.1175870895385742e-06, 0.5432052612304688, -3.6954879760742188e-06, 3.7550926208496094e-06, 1.103057622909546, 1.1444091796875e-05, -8.13603401184082e-06, 0.824051022529602, -0.009052559733390808, 0.0238754004240036, 0.3158411681652069, 1.9371509552001953e-07, 1.1362135410308838e-07, 0.31536155939102173, -0.0012294885236769915, -0.28040918707847595, 1.0047492980957031, 0.0012295152992010117, 0.2804047465324402, 0.17804352939128876, -0.03388126194477081, 3.9888863563537598, 1.090537428855896, -0.08712354302406311, -0.3571864068508148, 0.5555344223976135, 5.6996941566467285e-06, -2.816319465637207e-06, 1.7364654541015625, -3.6954879760742188e-06, -2.7865171432495117e-06, 1.6212769746780396, -2.8908252716064453e-06, -1.1205673217773438e-05, 0.6033934950828552, 0.049088552594184875, -0.4983295798301697, -0.49181753396987915, -3.866851329803467e-06, 4.470348358154297e-07, 1.7200777530670166, -3.8781436160206795e-06, -2.9206275939941406e-06, 1.6338956356048584, -2.3283064365386963e-09, 7.651746273040771e-06, 0.606109619140625, 0.03803710639476776, 0.4860992133617401, -0.0637359544634819, 4.708766937255859e-06, -9.927898645401e-07, 0.4917296767234802, 5.960464477539063e-08, -5.21540641784668e-07, 0.49173402786254883, 0.1497974991798401, -0.0045155808329582214, 0.2672141492366791, 2.682209014892578e-07, -1.8756836652755737e-06, 0.6228752136230469, 7.797032594680786e-06, -7.458031177520752e-06, 1.1016768217086792, -1.317821443080902e-07, 3.473833203315735e-07, 0.7726439237594604, -0.1407444030046463, -0.019361959770321846, 0.2530270516872406, 6.295740604400635e-07, -2.2351741790771484e-07, 0.543205201625824, -3.3974647521972656e-06, 3.933906555175781e-06, 1.103057622909546, 1.1391937732696533e-05, -7.241964340209961e-06, 0.8240509033203125, -0.009052693843841553, 0.02387528121471405, 0.3158411681652069, 9.685754776000977e-08, -1.0058283805847168e-07, 0.3153606653213501, -0.0012295169290155172, -0.28040823340415955, 1.0047492980957031, 0.0012294873595237732, 0.28040555119514465, 0.1780434101819992, -0.03174911439418793, 4.004298210144043, 1.0914911031723022, -0.08712354302406311, -0.357186496257782, 0.5555343627929688, 5.759298801422119e-06, -2.898275852203369e-06, 1.7364654541015625, -3.6954879760742188e-06, -2.7492642402648926e-06, 1.621276617050171, -2.8312206268310547e-06, -1.1041760444641113e-05, 0.6033935546875, 0.04908861219882965, -0.49832943081855774, -0.49181750416755676, -3.725290298461914e-06, 5.662441253662109e-07, 1.720077633857727, -3.85381281375885e-06, -2.905726432800293e-06, 1.633895993232727, 2.9569491744041443e-08, 7.62939453125e-06, 0.6061096787452698, 0.03803718090057373, 0.48609888553619385, -0.0637359544634819, 4.805624485015869e-06, -6.50063157081604e-07, 0.4917292892932892, -4.470348358154297e-08, -2.905726432800293e-07, 0.49173375964164734, 0.14979763329029083, -0.004515290260314941, 0.26721298694610596, 1.9371509552001953e-07, -2.3283064365386963e-06, 0.6228751540184021, 7.68899917602539e-06, -7.405877113342285e-06, 1.1016768217086792, -1.5087425708770752e-07, 2.3655593395233154e-07, 0.7726439237594604, -0.14074431359767914, -0.019361617043614388, 0.2530263662338257, 3.390014171600342e-07, -3.501772880554199e-07, 0.5432052612304688, -3.814697265625e-06, 3.933906555175781e-06, 1.1030577421188354, 1.1231750249862671e-05, -6.668269634246826e-06, 0.8240511417388916, -0.00905260443687439, 0.023875519633293152, 0.3158414959907532, 1.1920928955078125e-07, 4.6566128730773926e-08, 0.3153606355190277, -0.0012294580228626728, -0.28040868043899536, 1.0047491788864136, 0.0012295190244913101, 0.28040486574172974, 0.17804330587387085, -0.028861479833722115, 4.025170803070068, 1.092782735824585, -0.08712345361709595, -0.35718581080436707, 0.5555343627929688, 5.669891834259033e-06, -2.950429916381836e-06, 1.736465334892273, -3.7550926208496094e-06, -2.726912498474121e-06, 1.62127685546875, -2.771615982055664e-06, -1.1399388313293457e-05, 0.6033937335014343, 0.04908864200115204, -0.49832919239997864, -0.4918174147605896, -3.777444362640381e-06, 3.5762786865234375e-07, 1.720077633857727, -3.845430910587311e-06, -2.9653310775756836e-06, 1.6338958740234375, -1.932494342327118e-08, 7.599592208862305e-06, 0.606109619140625, 0.03803727775812149, 0.4860997796058655, -0.0637359470129013, 4.5746564865112305e-06, -9.071081876754761e-07, 0.49173063039779663, -1.1920928955078125e-07, -6.705522537231445e-07, 0.4917338192462921, 0.14979761838912964, -0.004515551030635834, 0.26721417903900146, 4.76837158203125e-07, -1.5981495380401611e-06, 0.6228752136230469, 7.715076208114624e-06, -7.878988981246948e-06, 1.1016768217086792, 0.0, -1.043081283569336e-07, 0.7726441025733948, -0.14074426889419556, -0.019361840561032295, 0.25302737951278687, 3.762543201446533e-07, -7.525086402893066e-07, 0.5432053208351135, -3.6954879760742188e-06, 3.516674041748047e-06, 1.103057622909546, 1.1291354894638062e-05, -6.9588422775268555e-06, 0.8240509629249573, -0.009052619338035583, 0.023875392973423004, 0.3158420920372009, 2.086162567138672e-07, -4.470348358154297e-08, 0.3153614401817322, -0.0012294156476855278, -0.2804088592529297, 1.0047489404678345, 0.0012295059859752655, 0.2804047763347626, 0.17804358899593353, -0.02552320621907711, 4.049300670623779, 1.094275951385498, -0.08712340891361237, -0.3571854531764984, 0.555534303188324, 5.841255187988281e-06, -2.8014183044433594e-06, 1.736465573310852, -3.904104232788086e-06, -2.9653310775756836e-06, 1.6212767362594604, -2.7418136596679688e-06, -1.1712312698364258e-05, 0.6033936142921448, 0.049088627099990845, -0.4983290135860443, -0.4918174743652344, -3.7923455238342285e-06, 5.066394805908203e-07, 1.720077395439148, -3.910623490810394e-06, -2.8461217880249023e-06, 1.6338958740234375, -2.8172507882118225e-08, 7.592141628265381e-06, 0.606109619140625, 0.038037169724702835, 0.4860996603965759, -0.06373586505651474, 4.51505184173584e-06, -7.562339305877686e-07, 0.4917299449443817, 1.1920928955078125e-07, -4.842877388000488e-07, 0.4917331039905548, 0.1497974991798401, -0.004515320062637329, 0.26721370220184326, 2.682209014892578e-07, -2.1122395992279053e-06, 0.6228752136230469, 7.752329111099243e-06, -7.4729323387146e-06, 1.1016768217086792, -1.1920928955078125e-07, -2.9802322387695312e-08, 0.77264404296875, -0.1407444179058075, -0.019361605867743492, 0.25302666425704956, 3.166496753692627e-07, -1.2442469596862793e-06, 0.5432053208351135, -3.4570693969726562e-06, 3.7550926208496094e-06, 1.1030579805374146, 1.1662021279335022e-05, -7.3015689849853516e-06, 0.8240509629249573, -0.009052768349647522, 0.023875508457422256, 0.31584152579307556, 2.8312206268310547e-07, 1.4901161193847656e-07, 0.31536078453063965, -0.0012294533662497997, -0.2804080843925476, 1.0047495365142822, 0.001229533925652504, 0.2804053723812103, 0.17804363369941711, -0.022320076823234558, 4.07245397567749, 1.0957087278366089, -0.08712346851825714, -0.3571860194206238, 0.5555343627929688, 5.668960511684418e-06, -2.950429916381836e-06, 1.7364656925201416, -3.874301910400391e-06, -3.1366944313049316e-06, 1.621276617050171, -2.8908252716064453e-06, -1.1473894119262695e-05, 0.6033936142921448, 0.04908864200115204, -0.49832937121391296, -0.49181753396987915, -3.814697265625e-06, 4.76837158203125e-07, 1.7200772762298584, -3.868713974952698e-06, -2.950429916381836e-06, 1.633895993232727, 1.2223608791828156e-08, 7.614493370056152e-06, 0.606109619140625, 0.038037125021219254, 0.4860988259315491, -0.06373591721057892, 4.5746564865112305e-06, -8.363276720046997e-07, 0.49173033237457275, 8.940696716308594e-08, -4.731118679046631e-07, 0.49173375964164734, 0.1497974842786789, -0.004515528678894043, 0.2672131657600403, 8.940696716308594e-08, -2.2687017917633057e-06, 0.6228752136230469, 7.525086402893066e-06, -7.68899917602539e-06, 1.1016769409179688, 4.284083843231201e-08, 1.993030309677124e-07, 0.7726441025733948, -0.1407443881034851, -0.019361820071935654, 0.2530262768268585, 7.003545761108398e-07, -4.3958425521850586e-07, 0.5432053208351135, -3.874301910400391e-06, 3.874301910400391e-06, 1.103057622909546, 1.146271824836731e-05, -7.554888725280762e-06, 0.8240507245063782, -0.009052902460098267, 0.023875374346971512, 0.31584107875823975, 1.043081283569336e-07, 3.725290298461914e-08, 0.3153612017631531, -0.0012294950429350138, -0.2804093062877655, 1.0047495365142822, 0.0012294817715883255, 0.2804047167301178, 0.1780434399843216, -0.019763857126235962, 4.090930938720703, 1.0968520641326904, -0.08712342381477356, -0.35718652606010437, 0.5555342435836792, 5.770474672317505e-06, -2.9355287551879883e-06, 1.7364654541015625, -3.9637088775634766e-06, -2.726912498474121e-06, 1.62127685546875, -2.771615982055664e-06, -1.1399388313293457e-05, 0.6033936142921448, 0.049088627099990845, -0.49832990765571594, -0.49181756377220154, -3.8370490074157715e-06, 5.364418029785156e-07, 1.7200775146484375, -3.7401914596557617e-06, -2.816319465637207e-06, 1.6338963508605957, 7.82310962677002e-08, 7.644295692443848e-06, 0.6061094403266907, 0.038037192076444626, 0.4860990345478058, -0.06373605877161026, 4.708766937255859e-06, -8.363276720046997e-07, 0.49173009395599365, -5.960464477539063e-08, -7.711350917816162e-07, 0.49173370003700256, 0.14979752898216248, -0.004515431821346283, 0.2672134339809418, 2.086162567138672e-07, -1.9781291484832764e-06, 0.6228751540184021, 7.528811693191528e-06, -7.4356794357299805e-06, 1.1016775369644165, -9.685754776000977e-08, -6.705522537231445e-08, 0.7726439833641052, -0.14074429869651794, -0.019361671060323715, 0.2530265748500824, 4.731118679046631e-07, -1.1920928955078125e-07, 0.5432053208351135, -3.635883331298828e-06, 3.993511199951172e-06, 1.1030575037002563, 1.1459924280643463e-05, -7.055699825286865e-06, 0.8240512013435364, -0.009052768349647522, 0.023875422775745392, 0.3158416152000427, 1.2665987014770508e-07, -1.043081283569336e-07, 0.315360426902771, -0.0012294711777940392, -0.2804088294506073, 1.004749059677124, 0.0012294817715883255, 0.2804047763347626, 0.17804330587387085, -0.0178340133279562, 4.1048808097839355, 1.0977152585983276, -0.0871235579252243, -0.35718613862991333, 0.555534303188324, 5.677342414855957e-06, -2.816319465637207e-06, 1.7364659309387207, -3.859400749206543e-06, -2.9355287551879883e-06, 1.6212769746780396, -2.7418136596679688e-06, -1.1455267667770386e-05, 0.6033936142921448, 0.04908861219882965, -0.49832940101623535, -0.4918174147605896, -3.857538104057312e-06, 6.109476089477539e-07, 1.720077633857727, -3.7848949432373047e-06, -2.8014183044433594e-06, 1.633895993232727, 7.916241884231567e-08, 7.718801498413086e-06, 0.606109619140625, 0.03803713619709015, 0.48609933257102966, -0.06373593956232071, 4.678964614868164e-06, -9.927898645401e-07, 0.4917295277118683, -4.470348358154297e-08, -3.91155481338501e-07, 0.49173325300216675, 0.14979736506938934, -0.0045153796672821045, 0.2672138810157776, 2.5331974029541016e-07, -1.944601535797119e-06, 0.6228753328323364, 7.905066013336182e-06, -7.592141628265381e-06, 1.101677656173706, -3.3527612686157227e-08, 3.8743019104003906e-07, 0.7726441025733948, -0.1407446265220642, -0.019361767917871475, 0.25302761793136597, 6.221234798431396e-07, -8.195638656616211e-07, 0.543205201625824, -3.933906555175781e-06, 3.5762786865234375e-06, 1.1030579805374146, 1.1421740055084229e-05, -7.428228855133057e-06, 0.8240511417388916, -0.009053006768226624, 0.023875337094068527, 0.3158424496650696, 1.862645149230957e-07, -2.9802322387695312e-08, 0.3153611719608307, -0.001229459885507822, -0.280408650636673, 1.0047494173049927, 0.0012295302003622055, 0.28040507435798645, 0.1780436933040619, -0.01648729294538498, 4.114615440368652, 1.0983176231384277, -0.08712346851825714, -0.3571857213973999, 0.555534303188324, 5.796551704406738e-06, -2.950429916381836e-06, 1.7364654541015625, -3.829598426818848e-06, -2.898275852203369e-06, 1.6212769746780396, -2.8833746910095215e-06, -1.1406838893890381e-05, 0.6033935546875, 0.04908865690231323, -0.4983290433883667, -0.49181756377220154, -3.7811696529388428e-06, 4.4517219066619873e-07, 1.7200769186019897, -3.8333237171173096e-06, -2.86102294921875e-06, 1.6338958740234375, 3.026798367500305e-08, 7.53253698348999e-06, 0.6061097383499146, 0.038037292659282684, 0.48609989881515503, -0.06373593956232071, 4.708766937255859e-06, -8.400529623031616e-07, 0.4917296767234802, -5.960464477539063e-08, -4.805624485015869e-07, 0.4917330741882324, 0.14979754388332367, -0.00451543927192688, 0.267214298248291, 1.4901161193847656e-07, -1.385807991027832e-06, 0.6228750944137573, 7.517635822296143e-06, -7.674098014831543e-06, 1.1016777753829956, 8.940696716308594e-08, -8.568167686462402e-08, 0.77264404296875, -0.14074423909187317, -0.019361788406968117, 0.2530272305011749, 6.07222318649292e-07, 2.60770320892334e-07, 0.543205201625824, -3.5762786865234375e-06, 3.874301910400391e-06, 1.1030583381652832, 1.140497624874115e-05, -8.32974910736084e-06, 0.8240510821342468, -0.009052649140357971, 0.02387538179755211, 0.31584176421165466, 2.2351741790771484e-07, -1.2293457984924316e-07, 0.3153612017631531, -0.0012294771149754524, -0.2804093062877655, 1.0047491788864136, 0.0012294650077819824, 0.2804044187068939, 0.1780434101819992, -0.016799848526716232, 4.112356185913086, 1.0981779098510742, -0.08712348341941833, -0.35718637704849243, 0.5555344223976135, 5.662441253662109e-06, -2.6971101760864258e-06, 1.7364656925201416, -3.7103891372680664e-06, -2.9280781745910645e-06, 1.6212767362594604, -2.868473529815674e-06, -1.1496245861053467e-05, 0.6033934950828552, 0.04908868670463562, -0.4983293414115906, -0.4918173849582672, -3.870576620101929e-06, 3.5762786865234375e-07, 1.7200771570205688, -3.8035213947296143e-06, -2.905726432800293e-06, 1.6338958740234375, -3.725290298461914e-09, 7.621943950653076e-06, 0.6061098575592041, 0.03803721070289612, 0.4860990345478058, -0.06373578310012817, 4.567205905914307e-06, -8.065253496170044e-07, 0.49172985553741455, 2.384185791015625e-07, -8.642673492431641e-07, 0.491734117269516, 0.1497974842786789, -0.004515394568443298, 0.2672138512134552, 2.682209014892578e-07, -2.0191073417663574e-06, 0.6228750944137573, 7.27921724319458e-06, -7.62939453125e-06, 1.1016771793365479, 1.2293457984924316e-07, -1.5087425708770752e-07, 0.7726441621780396, -0.14074435830116272, -0.019361650571227074, 0.25302714109420776, 4.5821070671081543e-07, -6.183981895446777e-07, 0.5432053208351135, -3.337860107421875e-06, 3.814697265625e-06, 1.103057622909546, 1.1459924280643463e-05, -7.592141628265381e-06, 0.8240511417388916, -0.009052842855453491, 0.02387538179755211, 0.3158419132232666, 3.725290298461914e-07, 3.3527612686157227e-08, 0.3153611719608307, -0.0012295183259993792, -0.28040847182273865, 1.0047491788864136, 0.001229461282491684, 0.2804051637649536, 0.17804354429244995, -0.017362499609589577, 4.108288764953613, 1.097926139831543, -0.08712351322174072, -0.3571859896183014, 0.5555343627929688, 5.748122930526733e-06, -2.8759241104125977e-06, 1.7364654541015625, -3.8035213947296143e-06, -2.8461217880249023e-06, 1.621277093887329, -2.8526410460472107e-06, -1.1436641216278076e-05, 0.6033934950828552, 0.04908852279186249, -0.498329222202301, -0.4918174743652344, -3.9711594581604e-06, 4.172325134277344e-07, 1.720077395439148, -3.8817524909973145e-06, -2.950429916381836e-06, 1.633895993232727, 8.009374141693115e-08, 7.458031177520752e-06, 0.606109619140625, 0.038037143647670746, 0.48609960079193115, -0.06373590230941772, 4.7460198402404785e-06, -7.003545761108398e-07, 0.4917297661304474, -4.470348358154297e-08, -3.46451997756958e-07, 0.49173346161842346, 0.1497974693775177, -0.004515528678894043, 0.26721426844596863, 3.2782554626464844e-07, -2.0191073417663574e-06, 0.6228752732276917, 7.53253698348999e-06, -7.644295692443848e-06, 1.1016768217086792, 2.2351741790771484e-08, -4.675239324569702e-07, 0.77264404296875, -0.14074435830116272, -0.019361762329936028, 0.2530268132686615, 3.7997961044311523e-07, -1.296401023864746e-06, 0.5432054400444031, -4.112720489501953e-06, 3.814697265625e-06, 1.1030569076538086, 1.151207834482193e-05, -7.502734661102295e-06, 0.8240512609481812, -0.00905289500951767, 0.023875318467617035, 0.3158424198627472, -4.0978193283081055e-08, -1.564621925354004e-07, 0.3153616189956665, -0.0012295348569750786, -0.28040942549705505, 1.0047491788864136, 0.0012294743210077286, 0.28040510416030884, 0.178042933344841, -0.025847861543297768, 4.046954154968262, 1.0941307544708252, -0.08712339401245117, -0.3571862578392029, 0.555534303188324, 5.6140124797821045e-06, -3.032386302947998e-06, 1.7364660501480103, -3.848224878311157e-06, -2.8386712074279785e-06, 1.621277093887329, -2.868473529815674e-06, -1.1447817087173462e-05, 0.6033935546875, 0.049088746309280396, -0.49832969903945923, -0.49181756377220154, -3.7997961044311523e-06, 5.736947059631348e-07, 1.7200772762298584, -3.874301910400391e-06, -2.950429916381836e-06, 1.633895993232727, 8.381903171539307e-09, 7.614493370056152e-06, 0.6061095595359802, 0.03803725913167, 0.4860989451408386, -0.06373602896928787, 4.604458808898926e-06, -1.0170042514801025e-06, 0.49173012375831604, 1.341104507446289e-07, -5.401670932769775e-07, 0.49173372983932495, 0.14979752898216248, -0.004515625536441803, 0.26721423864364624, 2.5331974029541016e-07, -1.8924474716186523e-06, 0.6228750944137573, 7.405877113342285e-06, -7.3462724685668945e-06, 1.1016771793365479, 1.471489667892456e-07, 2.7939677238464355e-09, 0.7726442217826843, -0.1407443881034851, -0.019361944869160652, 0.25302714109420776, 4.5821070671081543e-07, -5.364418029785156e-07, 0.5432053208351135, -3.516674041748047e-06, 3.7550926208496094e-06, 1.103057622909546, 1.1514872312545776e-05, -7.275491952896118e-06, 0.8240509033203125, -0.009052768349647522, 0.023875366896390915, 0.3158419132232666, 6.332993507385254e-08, -5.587935447692871e-08, 0.31536105275154114, -0.001229523797519505, -0.2804096043109894, 1.0047495365142822, 0.0012294817715883255, 0.28040409088134766, 0.17804384231567383, -0.02782093547284603, 4.032691955566406, 1.0932482481002808, -0.08712349832057953, -0.35718628764152527, 0.5555342435836792, 5.6924764066934586e-06, -3.00724059343338e-06, 1.7364650964736938, -3.820285201072693e-06, -2.8721988201141357e-06, 1.6212767362594604, -2.86102294921875e-06, -1.1414289474487305e-05, 0.6033935546875, 0.04908858239650726, -0.498329222202301, -0.4918176233768463, -3.769993782043457e-06, 6.426125764846802e-07, 1.720077633857727, -3.762543201446533e-06, -3.1739473342895508e-06, 1.6338956356048584, 7.82310962677002e-08, 7.62939453125e-06, 0.6061097383499146, 0.038037076592445374, 0.4860992431640625, -0.06373602896928787, 4.597008228302002e-06, -6.463378667831421e-07, 0.4917300343513489, 1.4901161193847656e-07, -3.8370490074157715e-07, 0.4917339086532593, 0.1497974842786789, -0.004515334963798523, 0.2672143280506134, 2.2351741790771484e-07, -1.9744038581848145e-06, 0.6228752136230469, 7.510185241699219e-06, -7.674098014831543e-06, 1.1016769409179688, 1.5925616025924683e-07, 1.3131648302078247e-07, 0.7726439833641052, -0.14074429869651794, -0.019361644983291626, 0.2530268132686615, 6.48200511932373e-07, -6.109476089477539e-07, 0.5432052612304688, -4.112720489501953e-06, 3.874301910400391e-06, 1.1030571460723877, 1.1261552572250366e-05, -7.465481758117676e-06, 0.8240506649017334, -0.00905279815196991, 0.023875642567873, 0.3158421218395233, 3.0174851417541504e-07, -1.4901161193847656e-07, 0.3153601586818695, -0.001229470013640821, -0.2804090678691864, 1.0047491788864136, 0.0012295469641685486, 0.2804046869277954, 0.1780431866645813, -0.029414420947432518, 4.02117395401001, 1.092535376548767, -0.08712354302406311, -0.3571859300136566, 0.5555342435836792, 5.775946192443371e-06, -3.041699528694153e-06, 1.736465573310852, -3.818422555923462e-06, -2.853572368621826e-06, 1.621277093887329, -2.8386712074279785e-06, -1.1533498764038086e-05, 0.6033936142921448, 0.04908864200115204, -0.49832940101623535, -0.491817444562912, -3.814697265625e-06, 5.476176738739014e-07, 1.7200777530670166, -3.6507844924926758e-06, -3.0100345611572266e-06, 1.6338958740234375, -5.774199962615967e-08, 7.793307304382324e-06, 0.6061096787452698, 0.03803703933954239, 0.486099511384964, -0.06373607367277145, 4.582107067108154e-06, -9.424984455108643e-07, 0.49173086881637573, 2.9802322387695312e-08, -4.1350722312927246e-07, 0.49173396825790405, 0.14979732036590576, -0.0045156329870224, 0.2672140598297119, 2.682209014892578e-07, -2.2798776626586914e-06, 0.6228750348091125, 7.569789886474609e-06, -7.331371307373047e-06, 1.1016771793365479, 2.1047890186309814e-07, 3.6903657019138336e-07, 0.77264404296875, -0.14074456691741943, -0.01936190575361252, 0.25302690267562866, 4.470348358154297e-07, 3.203749656677246e-07, 0.543205201625824, -3.814697265625e-06, 3.635883331298828e-06, 1.103057861328125, 1.1472031474113464e-05, -8.15466046333313e-06, 0.824050784111023, -0.009052976965904236, 0.023875296115875244, 0.3158419132232666, 2.8870999813079834e-07, 1.4901161193847656e-08, 0.3153609037399292, -0.0012294701300561428, -0.2804085612297058, 1.0047492980957031, 0.0012294622138142586, 0.28040510416030884, 0.178043395280838, -0.0301851574331522, 4.0156025886535645, 1.0921907424926758, -0.08712348341941833, -0.3571860194206238, 0.5555343627929688, 5.66430389881134e-06, -2.913177013397217e-06, 1.7364652156829834, -3.841705620288849e-06, -2.857297658920288e-06, 1.6212769746780396, -2.8386712074279785e-06, -1.1414289474487305e-05, 0.6033935546875, 0.04908856749534607, -0.49832943081855774, -0.491817444562912, -3.844499588012695e-06, 5.438923835754395e-07, 1.7200772762298584, -3.680586814880371e-06, -2.8312206268310547e-06, 1.633895754814148, 1.1175870895385742e-08, 7.793307304382324e-06, 0.6061096787452698, 0.038037121295928955, 0.4860991835594177, -0.0637359693646431, 4.716217517852783e-06, -9.760260581970215e-07, 0.4917299151420593, 8.940696716308594e-08, -6.146728992462158e-07, 0.49173352122306824, 0.14979742467403412, -0.004515200853347778, 0.2672140598297119, 2.682209014892578e-07, -2.25752592086792e-06, 0.6228750944137573, 7.838010787963867e-06, -7.867813110351562e-06, 1.1016764640808105, 5.192123353481293e-08, 5.328911356627941e-07, 0.77264404296875, -0.14074434340000153, -0.019361525774002075, 0.2530272901058197, 8.326023817062378e-07, -1.4901161193847656e-07, 0.5432051420211792, -4.26173210144043e-06, 3.635883331298828e-06, 1.103057622909546, 1.158006489276886e-05, -7.098540663719177e-06, 0.824050784111023, -0.009052842855453491, 0.02387554571032524, 0.31584230065345764, 1.6577541828155518e-07, -5.960464477539063e-08, 0.3153607249259949, -0.0012294747866690159, -0.28040871024131775, 1.0047494173049927, 0.0012295320630073547, 0.28040575981140137, 0.17804335057735443, -0.030950000509619713, 4.010074138641357, 1.091848611831665, -0.08712348341941833, -0.357185959815979, 0.5555342435836792, 5.804002285003662e-06, -2.7194619178771973e-06, 1.7364654541015625, -3.7869904190301895e-06, -2.866610884666443e-06, 1.6212769746780396, -2.8498470783233643e-06, -1.1444091796875e-05, 0.6033936142921448, 0.04908868670463562, -0.49832963943481445, -0.49181750416755676, -3.7550926208496094e-06, 4.917383193969727e-07, 1.720077633857727, -3.933906555175781e-06, -2.7418136596679688e-06, 1.633895993232727, -2.60770320892334e-08, 7.793307304382324e-06, 0.606109619140625, 0.038037195801734924, 0.48609933257102966, -0.06373600661754608, 4.7460198402404785e-06, -9.816139936447144e-07, 0.491729736328125, -2.9802322387695312e-08, -4.246830940246582e-07, 0.49173417687416077, 0.14979742467403412, -0.004515662789344788, 0.2672137916088104, 1.9371509552001953e-07, -1.9371509552001953e-06, 0.6228750944137573, 7.68899917602539e-06, -7.733702659606934e-06, 1.1016764640808105, 1.802109181880951e-07, 6.363261491060257e-07, 0.7726441025733948, -0.14074456691741943, -0.01936199888586998, 0.2530268728733063, 5.289912223815918e-07, -5.066394805908203e-07, 0.5432052612304688, -4.291534423828125e-06, 3.6954879760742188e-06, 1.1030575037002563, 1.1416152119636536e-05, -8.23289155960083e-06, 0.8240509033203125, -0.009052835404872894, 0.023875363171100616, 0.3158412575721741, 2.1606683731079102e-07, 2.2724270820617676e-07, 0.3153611123561859, -0.0012294682674109936, -0.28040897846221924, 1.0047491788864136, 0.0012295050546526909, 0.2804051637649536, 0.178042933344841, -0.03215345740318298, 4.001375198364258, 1.0913102626800537, -0.08712323009967804, -0.35718613862991333, 0.5555344820022583, 5.709938704967499e-06, -2.816319465637207e-06, 1.736465334892273, -3.8035213947296143e-06, -2.857297658920288e-06, 1.6212769746780396, -2.859160304069519e-06, -1.1473894119262695e-05, 0.6033936142921448, 0.04908883571624756, -0.4983293414115906, -0.4918174743652344, -3.7848949432373047e-06, 5.960464477539062e-07, 1.7200775146484375, -3.948807716369629e-06, -2.771615982055664e-06, 1.6338961124420166, 5.21540641784668e-08, 7.696449756622314e-06, 0.6061094999313354, 0.0380374975502491, 0.48609963059425354, -0.06373579055070877, 4.656612873077393e-06, -8.121132850646973e-07, 0.4917294383049011, -2.9802322387695312e-08, -3.5762786865234375e-07, 0.49173423647880554, 0.14979737997055054, -0.0045150890946388245, 0.26721423864364624, 2.682209014892578e-07, -2.1457672119140625e-06, 0.6228752136230469, 7.4803829193115234e-06, -7.539987564086914e-06, 1.1016769409179688, 6.379559636116028e-08, 1.4388933777809143e-07, 0.77264404296875, -0.14074456691741943, -0.019361400976777077, 0.2530272901058197, 4.2282044887542725e-07, -1.4230608940124512e-06, 0.5432050824165344, -4.172325134277344e-06, 3.7550926208496094e-06, 1.103057622909546, 1.142546534538269e-05, -7.1302056312561035e-06, 0.824050784111023, -0.0090528205037117, 0.023875892162322998, 0.3158417344093323, 5.774199962615967e-08, -8.940696716308594e-08, 0.31536099314689636, -0.0012295537162572145, -0.28040891885757446, 1.004749059677124, 0.001229441724717617, 0.2804047465324402, 0.178043395280838, -0.03347847983241081, 3.991797685623169, 1.0907175540924072, -0.08712349832057953, -0.35718661546707153, 0.5555344223976135, 5.72623685002327e-06, -2.6300549507141113e-06, 1.7364656925201416, -3.818422555923462e-06, -2.8461217880249023e-06, 1.6212769746780396, -2.8852373361587524e-06, -1.1458992958068848e-05, 0.6033936142921448, 0.049088627099990845, -0.498329758644104, -0.4918173551559448, -3.725290298461914e-06, 7.599592208862305e-07, 1.7200775146484375, -3.814697265625e-06, -2.771615982055664e-06, 1.633895993232727, -1.341104507446289e-07, 7.633119821548462e-06, 0.6061095595359802, 0.03803715854883194, 0.4860987365245819, -0.06373578310012817, 4.86522912979126e-06, -8.996576070785522e-07, 0.4917294681072235, 7.450580596923828e-08, -4.209578037261963e-07, 0.49173370003700256, 0.14979754388332367, -0.004514977335929871, 0.26721352338790894, 3.129243850708008e-07, -1.3560056686401367e-06, 0.6228752136230469, 7.62939453125e-06, -7.465481758117676e-06, 1.1016772985458374, 2.7939677238464355e-09, 2.4121254682540894e-07, 0.7726441025733948, -0.1407444179058075, -0.019361255690455437, 0.253027081489563, 6.537884473800659e-07, -4.3213367462158203e-07, 0.5432050824165344, -4.023313522338867e-06, 3.5762786865234375e-06, 1.103058099746704, 1.1444091796875e-05, -7.826834917068481e-06, 0.8240508437156677, -0.009052783250808716, 0.023875851184129715, 0.31584203243255615, 7.450580596923828e-09, 1.0058283805847168e-07, 0.3153611719608307, -0.0012294743210077286, -0.28040841221809387, 1.0047491788864136, 0.0012294948101043701, 0.28040558099746704, 0.17804323136806488, -0.03222392871975899, 4.000865936279297, 1.0912787914276123, -0.08712339401245117, -0.3571856915950775, 0.555534303188324, 5.686655640602112e-06, -3.0659139156341553e-06, 1.736465334892273, -3.8351863622665405e-06, -2.9355287551879883e-06, 1.6212769746780396, -2.90584284812212e-06, -1.1421740055084229e-05, 0.6033935546875, 0.04908879101276398, -0.4983292818069458, -0.4918176829814911, -3.904104232788086e-06, 4.6938657760620117e-07, 1.7200771570205688, -3.635883331298828e-06, -2.8312206268310547e-06, 1.6338955163955688, -1.1920928955078125e-07, 7.465481758117676e-06, 0.6061096787452698, 0.03803719952702522, 0.4860990345478058, -0.06373587995767593, 4.5746564865112305e-06, -7.413327693939209e-07, 0.4917304515838623, -1.4901161193847656e-08, -7.37607479095459e-07, 0.49173349142074585, 0.1497974842786789, -0.004515193402767181, 0.2672130763530731, 1.6391277313232422e-07, -1.9371509552001953e-06, 0.6228751540184021, 7.644295692443848e-06, -7.659196853637695e-06, 1.1016775369644165, -1.3504177331924438e-08, -3.0384398996829987e-07, 0.7726439833641052, -0.14074455201625824, -0.019361577928066254, 0.25302648544311523, 3.166496753692627e-07, -4.246830940246582e-07, 0.5432053208351135, -3.9637088775634766e-06, 3.7550926208496094e-06, 1.103057861328125, 1.1453405022621155e-05, -7.934868335723877e-06, 0.824050784111023, -0.009052969515323639, 0.023875616490840912, 0.31584131717681885, 1.1175870895385742e-07, 1.4901161193847656e-08, 0.3153612017631531, -0.0012295236811041832, -0.2804092466831207, 1.0047495365142822, 0.0012295003980398178, 0.28040534257888794, 0.17804355919361115, -0.030842481181025505, 4.0108513832092285, 1.091896653175354, -0.08712351322174072, -0.35718581080436707, 0.5555342435836792, 5.713663995265961e-06, -2.78279185295105e-06, 1.736465334892273, -3.848224878311157e-06, -2.812594175338745e-06, 1.6212769746780396, -2.903630957007408e-06, -1.1409632861614227e-05, 0.6033936142921448, 0.049088701605796814, -0.49832913279533386, -0.49181753396987915, -3.725290298461914e-06, 5.21540641784668e-07, 1.7200775146484375, -3.814697265625e-06, -2.8014183044433594e-06, 1.6338956356048584, -1.4901161193847656e-07, 7.3909759521484375e-06, 0.6061094999313354, 0.038037218153476715, 0.4860994815826416, -0.06373593211174011, 4.708766937255859e-06, -9.201467037200928e-07, 0.4917290210723877, 1.9371509552001953e-07, -4.76837158203125e-07, 0.49173328280448914, 0.14979767799377441, -0.004515416920185089, 0.26721328496932983, 3.2782554626464844e-07, -2.6151537895202637e-06, 0.6228750944137573, 7.718801498413086e-06, -7.808208465576172e-06, 1.1016765832901, -5.075708031654358e-08, 6.798654794692993e-08, 0.7726441025733948, -0.14074426889419556, -0.01936183124780655, 0.2530268728733063, 5.178153514862061e-07, -9.685754776000977e-07, 0.543205201625824, -3.4868717193603516e-06, 3.7550926208496094e-06, 1.103058099746704, 1.1313706636428833e-05, -7.1302056312561035e-06, 0.8240509629249573, -0.009052649140357971, 0.023875407874584198, 0.3158414661884308, 3.650784492492676e-07, -1.5273690223693848e-07, 0.3153609037399292, -0.0012294170446693897, -0.28040891885757446, 1.004749059677124, 0.0012295171618461609, 0.2804044783115387, 0.17804361879825592, -0.029048217460513115, 4.023820877075195, 1.0926992893218994, -0.08712360262870789, -0.35718607902526855, 0.5555342435836792, 5.610287189483643e-06, -3.0584633350372314e-06, 1.736465334892273, -3.846362233161926e-06, -2.8833746910095215e-06, 1.6212767362594604, -2.8312206268310547e-06, -1.1429190635681152e-05, 0.6033935546875, 0.04908859729766846, -0.4983294606208801, -0.4918175935745239, -3.6656856536865234e-06, 5.066394805908203e-07, 1.7200775146484375, -3.814697265625e-06, -2.5331974029541016e-06, 1.633895754814148, 8.940696716308594e-08, 7.897615432739258e-06, 0.606109619140625, 0.03803712874650955, 0.48609986901283264, -0.06373603641986847, 4.842877388000488e-06, -8.381903171539307e-07, 0.49173009395599365, -5.960464477539063e-08, -7.078051567077637e-07, 0.4917340576648712, 0.1497974991798401, -0.004515513777732849, 0.26721394062042236, 1.341104507446289e-07, -1.3485550880432129e-06, 0.6228752732276917, 7.495284080505371e-06, -7.569789886474609e-06, 1.1016771793365479, 9.778887033462524e-08, 1.2665987014770508e-07, 0.7726439833641052, -0.14074428379535675, -0.01936183124780655, 0.2530272305011749, 9.294599294662476e-07, 7.450580596923828e-09, 0.5432052612304688, -4.082918167114258e-06, 3.874301910400391e-06, 1.1030579805374146, 1.1410564184188843e-05, -6.847083568572998e-06, 0.8240505456924438, -0.009052738547325134, 0.023875363171100616, 0.31584203243255615, 1.8998980522155762e-07, -7.82310962677002e-08, 0.3153608441352844, -0.0012294831685721874, -0.28040894865989685, 1.0047492980957031, 0.001229485496878624, 0.2804047465324402, 0.1780434101819992, -0.02663365565240383, 4.041274070739746, 1.09377920627594, -0.0871235579252243, -0.35718584060668945, 0.5555342435836792, 5.69317489862442e-06, -2.987682819366455e-06, 1.7364654541015625, -3.8030557334423065e-06, -2.868473529815674e-06, 1.62127685546875, -2.8561335057020187e-06, -1.1451542377471924e-05, 0.6033935546875, 0.04908864200115204, -0.4983290135860443, -0.4918176531791687, -3.635883331298828e-06, 5.364418029785156e-07, 1.7200777530670166, -3.904104232788086e-06, -2.7418136596679688e-06, 1.633895993232727, -5.960464477539063e-08, 7.778406143188477e-06, 0.6061096787452698, 0.03803716599941254, 0.4860994517803192, -0.06373591721057892, 4.738569259643555e-06, -8.381903171539307e-07, 0.49172914028167725, 1.4901161193847656e-07, -3.725290298461914e-07, 0.4917333424091339, 0.1497974991798401, -0.004515387117862701, 0.26721394062042236, 4.172325134277344e-07, -1.1846423149108887e-06, 0.6228750944137573, 7.465481758117676e-06, -7.495284080505371e-06, 1.1016775369644165, 1.3783574104309082e-07, -5.2619725465774536e-08, 0.7726439833641052, -0.1407444179058075, -0.01936173066496849, 0.2530266344547272, 3.334134817123413e-07, -4.731118679046631e-07, 0.5432050824165344, -4.112720489501953e-06, 3.6954879760742188e-06, 1.1030577421188354, 1.1388212442398071e-05, -7.748603820800781e-06, 0.8240509033203125, -0.009052827954292297, 0.02387545257806778, 0.3158414959907532, 1.825392246246338e-07, -6.705522537231445e-08, 0.3153608441352844, -0.0012294948101043701, -0.2804086208343506, 1.0047494173049927, 0.0012294687330722809, 0.280405730009079, 0.17804338037967682, -0.023974353447556496, 4.0604963302612305, 1.0949687957763672, -0.08712358772754669, -0.3571859300136566, 0.5555343627929688, 5.764886736869812e-06, -2.853572368621826e-06, 1.7364656925201416, -3.8068974390625954e-06, -2.905726432800293e-06, 1.6212769746780396, -2.8775539249181747e-06, -1.142546534538269e-05, 0.6033935546875, 0.049088478088378906, -0.49832937121391296, -0.4918174147605896, -3.874301910400391e-06, 4.470348358154297e-07, 1.7200777530670166, -3.933906555175781e-06, -2.9206275939941406e-06, 1.633895993232727, -1.1920928955078125e-07, 7.62939453125e-06, 0.606109619140625, 0.038037076592445374, 0.48609957098960876, -0.06373593211174011, 4.6193599700927734e-06, -7.152557373046875e-07, 0.4917301833629608, 1.043081283569336e-07, -3.2782554626464844e-07, 0.49173328280448914, 0.14979788661003113, -0.004515156149864197, 0.2672140598297119, 2.384185791015625e-07, -2.041459083557129e-06, 0.6228753328323364, 7.659196853637695e-06, -7.621943950653076e-06, 1.1016772985458374, 1.1175870895385742e-08, 1.126900315284729e-07, 0.7726439833641052, -0.14074400067329407, -0.019361503422260284, 0.25302693247795105, 8.903443813323975e-07, 3.8743019104003906e-07, 0.543205201625824, -3.3676624298095703e-06, 3.635883331298828e-06, 1.103058099746704, 1.1655502021312714e-05, -7.867813110351562e-06, 0.824050784111023, -0.009052455425262451, 0.023875698447227478, 0.3158423602581024, 8.195638656616211e-08, -1.1175870895385742e-08, 0.31536102294921875, -0.0012294615153223276, -0.2804088592529297, 1.0047496557235718, 0.0012294724583625793, 0.2804047465324402, 0.1780439168214798, -0.02110009640455246, 4.081272602081299, 1.0962543487548828, -0.08712345361709595, -0.35718610882759094, 0.5555342435836792, 5.751848220825195e-06, -2.771615982055664e-06, 1.7364652156829834, -3.7709251046180725e-06, -2.8312206268310547e-06, 1.621276617050171, -2.8740614652633667e-06, -1.1455267667770386e-05, 0.6033935546875, 0.0490884929895401, -0.4983294904232025, -0.4918176531791687, -3.4868717193603516e-06, 3.5762786865234375e-07, 1.720077395439148, -3.844499588012695e-06, -2.6226043701171875e-06, 1.633895993232727, 5.960464477539063e-08, 7.539987564086914e-06, 0.6061095595359802, 0.03803708404302597, 0.486099511384964, -0.06373630464076996, 4.738569259643555e-06, -7.636845111846924e-07, 0.4917294979095459, -1.043081283569336e-07, -4.76837158203125e-07, 0.4917326867580414, 0.1497974544763565, -0.004515469074249268, 0.2672136127948761, 3.2782554626464844e-07, -1.5869736671447754e-06, 0.6228751540184021, 7.577240467071533e-06, -7.443130016326904e-06, 1.1016771793365479, 1.5087425708770752e-07, -3.594905138015747e-07, 0.7726441025733948, -0.14074447751045227, -0.01936185359954834, 0.2530269920825958, 8.586794137954712e-07, -1.8998980522155762e-07, 0.5432053208351135, -3.9637088775634766e-06, 3.4570693969726562e-06, 1.1030577421188354, 1.126900315284729e-05, -7.793307304382324e-06, 0.824050784111023, -0.00905291736125946, 0.023875363171100616, 0.31584200263023376, 1.6763806343078613e-07, -7.82310962677002e-08, 0.31536048650741577, -0.0012294936459511518, -0.2804080843925476, 1.0047494173049927, 0.0012294836342334747, 0.2804056704044342, 0.17804357409477234, -0.017475198954343796, 4.107474327087402, 1.0978758335113525, -0.08712346851825714, -0.3571862578392029, 0.5555341839790344, 5.6996941566467285e-06, -2.86102294921875e-06, 1.7364652156829834, -3.824010491371155e-06, -2.8721988201141357e-06, 1.6212769746780396, -2.82912515103817e-06, -1.1362135410308838e-05, 0.6033936142921448, 0.04908871650695801, -0.4983295500278473, -0.49181777238845825, -3.7848949432373047e-06, 3.2782554626464844e-07, 1.720077395439148, -3.874301910400391e-06, -2.8908252716064453e-06, 1.6338958740234375, 0.0, 7.450580596923828e-06, 0.6061095595359802, 0.038037173449993134, 0.48609933257102966, -0.06373617798089981, 4.664063453674316e-06, -9.164214134216309e-07, 0.4917296767234802, 5.960464477539063e-08, -3.8743019104003906e-07, 0.49173370003700256, 0.14979739487171173, -0.004515469074249268, 0.2672143578529358, 2.980232238769531e-07, -1.996755599975586e-06, 0.6228751540184021, 7.696449756622314e-06, -7.6070427894592285e-06, 1.101676344871521, 2.3283064365386963e-08, 2.9336661100387573e-07, 0.7726438045501709, -0.1407444030046463, -0.019361644983291626, 0.2530273199081421, 5.6438148021698e-07, -9.797513484954834e-07, 0.5432052612304688, -3.9637088775634766e-06, 3.814697265625e-06, 1.1030582189559937, 1.1282041668891907e-05, -7.1302056312561035e-06, 0.8240505456924438, -0.009052887558937073, 0.0238754004240036, 0.31584206223487854, 1.1175870895385742e-07, 7.078051567077637e-08, 0.31536078453063965, -0.0012295201886445284, -0.280409038066864, 1.0047495365142822, 0.0012294575572013855, 0.280404269695282, 0.17804363369941711, -0.013580529019236565, 4.135626316070557, 1.099617838859558, -0.08712328970432281, -0.35718607902526855, 0.5555342435836792, 5.796551704406738e-06, -2.8759241104125977e-06, 1.7364656925201416, -3.834255039691925e-06, -2.7529895305633545e-06, 1.6212767362594604, -2.8542708605527878e-06, -1.1458992958068848e-05, 0.6033936142921448, 0.04908883571624756, -0.49832943081855774, -0.4918176531791687, -3.814697265625e-06, 3.2782554626464844e-07, 1.7200777530670166, -3.6954879760742188e-06, -2.592802047729492e-06, 1.6338956356048584, -5.960464477539063e-08, 7.539987564086914e-06, 0.6061094999313354, 0.038037292659282684, 0.4860994517803192, -0.06373607367277145, 4.693865776062012e-06, -7.860362529754639e-07, 0.4917294681072235, -1.1920928955078125e-07, -3.501772880554199e-07, 0.4917333424091339, 0.14979730546474457, -0.004515603184700012, 0.2672145366668701, 3.427267074584961e-07, -2.3245811462402344e-06, 0.6228749752044678, 7.659196853637695e-06, -7.614493370056152e-06, 1.1016767024993896, -1.0570511221885681e-07, -1.8114224076271057e-07, 0.77264404296875, -0.1407443881034851, -0.01936187595129013, 0.2530272603034973, 4.1350722312927246e-07, -1.2926757335662842e-06, 0.5432053208351135, -4.26173210144043e-06, 4.0531158447265625e-06, 1.1030573844909668, 1.1416152119636536e-05, -7.070600986480713e-06, 0.8240509033203125, -0.009052872657775879, 0.023875288665294647, 0.31584206223487854, 3.0919909477233887e-07, 1.1175870895385742e-08, 0.3153611421585083, -0.0012294996995478868, -0.28040987253189087, 1.0047497749328613, 0.0012294705957174301, 0.2804045081138611, 0.17804348468780518, -0.010362403467297554, 4.15888786315918, 1.1010572910308838, -0.08712346851825714, -0.35718590021133423, 0.5555343627929688, 5.729496479034424e-06, -2.9355287551879883e-06, 1.736465573310852, -3.814697265625e-06, -2.857297658920288e-06, 1.621277093887329, -2.8745271265506744e-06, -1.1391937732696533e-05, 0.6033934950828552, 0.049088746309280396, -0.4983291029930115, -0.49181753396987915, -3.7550926208496094e-06, 6.556510925292969e-07, 1.7200772762298584, -3.7848949432373047e-06, -2.8312206268310547e-06, 1.6338961124420166, 1.1920928955078125e-07, 7.718801498413086e-06, 0.6061095595359802, 0.03803731128573418, 0.4860997200012207, -0.06373589485883713, 4.738569259643555e-06, -8.940696716308594e-07, 0.4917297661304474, -1.6391277313232422e-07, -2.5331974029541016e-07, 0.49173370003700256, 0.1497974991798401, -0.0045155733823776245, 0.2672138512134552, 1.9371509552001953e-07, -2.346932888031006e-06, 0.6228750944137573, 7.659196853637695e-06, -7.72625207901001e-06, 1.1016765832901, -3.864988684654236e-08, 3.864988684654236e-08, 0.7726437449455261, -0.14074428379535675, -0.019361715763807297, 0.25302624702453613, 3.241002559661865e-07, -6.07222318649292e-07, 0.5432052612304688, -3.7848949432373047e-06, 4.0531158447265625e-06, 1.1030575037002563, 1.1628493666648865e-05, -6.951391696929932e-06, 0.8240512013435364, -0.009052649140357971, 0.023875437676906586, 0.31584101915359497, 2.5704503059387207e-07, 6.332993507385254e-08, 0.3153609335422516, -0.0012295095948502421, -0.2804095149040222, 1.0047492980957031, 0.0012294985353946686, 0.2804046869277954, 0.1780434548854828, -0.008390611037611961, 4.173140525817871, 1.10193932056427, -0.0871235579252243, -0.35718631744384766, 0.5555341243743896, 5.662441253662109e-06, -2.738088369369507e-06, 1.736465573310852, -3.840774297714233e-06, -2.946704626083374e-06, 1.6212767362594604, -2.828892320394516e-06, -1.1436641216278076e-05, 0.6033935546875, 0.04908859729766846, -0.4983295202255249, -0.4918175935745239, -3.814697265625e-06, 4.76837158203125e-07, 1.7200775146484375, -3.635883331298828e-06, -3.039836883544922e-06, 1.6338958740234375, -2.9802322387695312e-08, 7.539987564086914e-06, 0.6061094999313354, 0.038037121295928955, 0.48609891533851624, -0.06373608112335205, 4.678964614868164e-06, -9.015202522277832e-07, 0.491728812456131, 0.0, -4.470348358154297e-07, 0.4917335510253906, 0.14979766309261322, -0.004515409469604492, 0.26721256971359253, 3.5762786865234375e-07, -1.5981495380401611e-06, 0.6228750944137573, 7.651746273040771e-06, -7.621943950653076e-06, 1.1016768217086792, 3.1385570764541626e-07, -2.5192275643348694e-07, 0.7726441621780396, -0.1407441943883896, -0.019361797720193863, 0.2530258595943451, 3.5390257835388184e-07, -1.1399388313293457e-06, 0.5432054400444031, -3.904104232788086e-06, 3.7550926208496094e-06, 1.103057861328125, 1.136772334575653e-05, -8.285045623779297e-06, 0.8240509033203125, -0.009052678942680359, 0.023875340819358826, 0.31584104895591736, 2.5704503059387207e-07, 1.1548399925231934e-07, 0.3153611123561859, -0.0012295651249587536, -0.28040921688079834, 1.0047495365142822, 0.0012294631451368332, 0.28040456771850586, 0.17804354429244995, -0.007437870372086763, 4.180027484893799, 1.1023653745651245, -0.08712348341941833, -0.35718607902526855, 0.5555342435836792, 5.677342414855957e-06, -2.7641654014587402e-06, 1.7364652156829834, -3.864988684654236e-06, -2.8498470783233643e-06, 1.62127685546875, -2.807355485856533e-06, -1.1391937732696533e-05, 0.6033934354782104, 0.04908865690231323, -0.4983294606208801, -0.49181753396987915, -3.7550926208496094e-06, 5.960464477539062e-07, 1.7200778722763062, -3.7550926208496094e-06, -2.9206275939941406e-06, 1.6338961124420166, -2.384185791015625e-07, 7.778406143188477e-06, 0.6061097383499146, 0.03803718835115433, 0.486098974943161, -0.06373599171638489, 4.6193599700927734e-06, -9.08970832824707e-07, 0.4917301833629608, -8.940696716308594e-08, -5.513429641723633e-07, 0.49173402786254883, 0.14979729056358337, -0.004515036940574646, 0.2672135829925537, 1.341104507446289e-07, -1.8589198589324951e-06, 0.622875452041626, 7.621943950653076e-06, -7.547438144683838e-06, 1.1016769409179688, -8.475035429000854e-08, -1.778826117515564e-07, 0.7726442813873291, -0.14074459671974182, -0.019361402839422226, 0.25302693247795105, 4.3585896492004395e-07, -5.178153514862061e-07, 0.5432052612304688, -4.112720489501953e-06, 3.635883331298828e-06, 1.103057861328125, 1.110415905714035e-05, -7.897615432739258e-06, 0.8240508437156677, -0.009052976965904236, 0.02387576550245285, 0.31584176421165466, 3.390014171600342e-07, 1.3783574104309082e-07, 0.3153606653213501, -0.0012294859625399113, -0.2804098427295685, 1.0047497749328613, 0.001229502260684967, 0.280404269695282, 0.1780436933040619, -0.0076820398680865765, 4.178262233734131, 1.102256178855896, -0.08712351322174072, -0.3571859300136566, 0.5555344820022583, 5.796551704406738e-06, -2.823770046234131e-06, 1.736465334892273, -3.861263394355774e-06, -2.6766210794448853e-06, 1.62127685546875, -2.856540959328413e-06, -1.1414289474487305e-05, 0.6033934354782104, 0.049088627099990845, -0.49832919239997864, -0.4918174147605896, -3.874301910400391e-06, 4.172325134277344e-07, 1.7200775146484375, -3.978610038757324e-06, -2.652406692504883e-06, 1.6338956356048584, -1.6391277313232422e-07, 7.703900337219238e-06, 0.6061096787452698, 0.03803715854883194, 0.48609915375709534, -0.06373585760593414, 4.656612873077393e-06, -7.338821887969971e-07, 0.49173009395599365, 2.682209014892578e-07, -2.086162567138672e-07, 0.49173256754875183, 0.14979740977287292, -0.004515454173088074, 0.26721352338790894, 3.129243850708008e-07, -1.3485550880432129e-06, 0.6228752136230469, 7.644295692443848e-06, -7.703900337219238e-06, 1.101676344871521, 3.0640512704849243e-07, -1.1175870895385742e-07, 0.77264404296875, -0.14074450731277466, -0.01936180889606476, 0.25302690267562866, 5.438923835754395e-07, -6.407499313354492e-07, 0.5432052612304688, -3.337860107421875e-06, 3.7550926208496094e-06, 1.1030573844909668, 1.1120457202196121e-05, -7.4803829193115234e-06, 0.8240507245063782, -0.00905272364616394, 0.023875437676906586, 0.3158414363861084, 1.3783574104309082e-07, 2.086162567138672e-07, 0.3153616786003113, -0.00122945592738688, -0.2804090976715088, 1.0047492980957031, 0.0012295152992010117, 0.28040459752082825, 0.17804338037967682, -0.010381747037172318, 4.158748149871826, 1.1010487079620361, -0.08712349832057953, -0.35718610882759094, 0.5555342435836792, 5.677342414855957e-06, -2.8945505619049072e-06, 1.7364656925201416, -3.876164555549622e-06, -2.7529895305633545e-06, 1.6212769746780396, -2.9150396585464478e-06, -1.1451542377471924e-05, 0.6033936142921448, 0.04908856749534607, -0.4983293116092682, -0.4918175935745239, -3.850087523460388e-06, 5.066394805908203e-07, 1.720077395439148, -3.5688281059265137e-06, -2.950429916381836e-06, 1.6338958740234375, -1.862645149230957e-07, 7.539987564086914e-06, 0.606109619140625, 0.038037125021219254, 0.4860990345478058, -0.0637359544634819, 4.731118679046631e-06, -1.039355993270874e-06, 0.4917293190956116, 5.960464477539063e-08, -6.109476089477539e-07, 0.49173402786254883, 0.14979764819145203, -0.004515483975410461, 0.26721376180648804, 3.2782554626464844e-07, -1.5273690223693848e-06, 0.6228753328323364, 7.756054401397705e-06, -7.88271427154541e-06, 1.1016768217086792, 6.984919309616089e-08, -1.6763806343078613e-08, 0.7726441621780396, -0.14074425399303436, -0.01936176046729088, 0.25302672386169434, 2.3469328880310059e-07, -3.8743019104003906e-07, 0.5432052612304688, -3.635883331298828e-06, 3.814697265625e-06, 1.1030575037002563, 1.1291442206129432e-05, -8.009374141693115e-06, 0.8240511417388916, -0.009052664041519165, 0.02387537807226181, 0.31584203243255615, 2.1606683731079102e-07, 5.960464477539063e-08, 0.3153621256351471, -0.0012294406769797206, -0.2804095149040222, 1.004749059677124, 0.0012295600026845932, 0.28040453791618347, 0.17804311215877533, -0.016849933192133904, 4.111993789672852, 1.0981554985046387, -0.08712360262870789, -0.3571861982345581, 0.5555341839790344, 5.751848220825195e-06, -2.9578804969787598e-06, 1.7364658117294312, -3.8016587495803833e-06, -2.8479844331741333e-06, 1.62127685546875, -2.9795337468385696e-06, -1.1414289474487305e-05, 0.6033934950828552, 0.049088552594184875, -0.4983294606208801, -0.4918176531791687, -3.866851329803467e-06, 4.470348358154297e-07, 1.7200775146484375, -3.6954879760742188e-06, -2.8908252716064453e-06, 1.6338958740234375, 3.4458935260772705e-08, 7.674098014831543e-06, 0.606109619140625, 0.03803710639476776, 0.48609936237335205, -0.06373612582683563, 4.783272743225098e-06, -9.648501873016357e-07, 0.4917294383049011, 1.341104507446289e-07, -1.9371509552001953e-07, 0.4917334318161011, 0.1497974395751953, -0.004515372216701508, 0.26721304655075073, 3.725290298461914e-07, -1.6652047634124756e-06, 0.6228749752044678, 7.614493370056152e-06, -7.927417755126953e-06, 1.1016764640808105, 1.1175870895385742e-08, -3.259629011154175e-07, 0.7726441621780396, -0.14074447751045227, -0.019361713901162148, 0.25302639603614807, 2.4586915969848633e-07, -1.385807991027832e-06, 0.5432052612304688, -3.5762786865234375e-06, 3.7550926208496094e-06, 1.103057861328125, 1.142546534538269e-05, -6.951391696929932e-06, 0.8240509629249573, -0.009052664041519165, 0.023875556886196136, 0.31584084033966064, 4.470348358154297e-08, 9.685754776000977e-08, 0.3153613209724426, -0.001229552086442709, -0.28040945529937744, 1.0047498941421509, 0.0012294948101043701, 0.2804047465324402, 0.1780438870191574, -0.025446128100156784, 4.049858093261719, 1.0943104028701782, -0.08712358772754669, -0.35718634724617004, 0.5555342435836792, 5.736947059631348e-06, -2.7567148208618164e-06, 1.7364654541015625, -3.7364661693573e-06, -2.6617199182510376e-06, 1.62127685546875, -2.9350630939006805e-06, -1.1354684829711914e-05, 0.6033935546875, 0.049088478088378906, -0.4983295202255249, -0.4918175935745239, -3.725290298461914e-06, 6.258487701416016e-07, 1.7200771570205688, -3.814697265625e-06, -2.880580723285675e-06, 1.633895993232727, 4.0978193283081055e-08, 7.685273885726929e-06, 0.6061095595359802, 0.03803708031773567, 0.4860992431640625, -0.0637362003326416, 4.477798938751221e-06, -7.972121238708496e-07, 0.49173033237457275, 6.705522537231445e-08, -2.682209014892578e-07, 0.4917331635951996, 0.1497974693775177, -0.004515603184700012, 0.2672141194343567, 4.470348358154297e-08, -2.21841037273407e-06, 0.622875452041626, 7.711350917816162e-06, -7.718801498413086e-06, 1.1016771793365479, 1.4528632164001465e-07, 2.1141022443771362e-07, 0.7726439833641052, -0.1407444328069687, -0.019361887127161026, 0.2530269920825958, 3.2782554626464844e-07, -3.7997961044311523e-07, 0.543205201625824, -3.4570693969726562e-06, 3.993511199951172e-06, 1.103057622909546, 1.1434778571128845e-05, -8.221715688705444e-06, 0.8240507245063782, -0.009052738547325134, 0.023875325918197632, 0.3158416152000427, 1.6391277313232422e-07, 1.0989606380462646e-07, 0.3153609335422516, -0.0012294778134673834, -0.28040868043899536, 1.0047491788864136, 0.0012295041233301163, 0.28040534257888794, 0.1780434101819992, -0.03214425593614578, 4.001441955566406, 1.091314435005188, -0.08712354302406311, -0.3571861684322357, 0.5555342435836792, 5.766749382019043e-06, -2.9653310775756836e-06, 1.7364659309387207, -3.7923455238342285e-06, -2.8498470783233643e-06, 1.6212769746780396, -2.8172507882118225e-06, -1.1563301086425781e-05, 0.6033936738967896, 0.04908853769302368, -0.4983294904232025, -0.4918175935745239, -3.829598426818848e-06, 5.21540641784668e-07, 1.7200771570205688, -3.822147846221924e-06, -2.8759241104125977e-06, 1.633895993232727, -7.450580596923828e-09, 7.62939453125e-06, 0.6061095595359802, 0.03803715482354164, 0.4860994815826416, -0.06373600661754608, 4.67151403427124e-06, -7.860362529754639e-07, 0.4917297661304474, 1.6391277313232422e-07, -2.384185791015625e-07, 0.4917331039905548, 0.14979740977287292, -0.004515267908573151, 0.26721400022506714, 2.5331974029541016e-07, -1.7881393432617188e-06, 0.6228750944137573, 7.5623393058776855e-06, -7.599592208862305e-06, 1.1016771793365479, 1.2293457984924316e-07, 1.4808028936386108e-07, 0.7726439833641052, -0.1407444179058075, -0.0193614698946476, 0.25302693247795105, 6.034970283508301e-07, 1.4156103134155273e-07, 0.5432053208351135, -4.231929779052734e-06, 3.874301910400391e-06, 1.1030575037002563, 1.163780689239502e-05, -8.150935173034668e-06, 0.8240509033203125, -0.009052671492099762, 0.023875705897808075, 0.31584131717681885, 2.0116567611694336e-07, 3.166496753692627e-08, 0.31536027789115906, -0.0012294594198465347, -0.2804090082645416, 1.0047494173049927, 0.0012294594198465347, 0.2804049253463745, 0.17804352939128876, -0.03766663372516632, 3.961524486541748, 1.0888442993164062, -0.08712358772754669, -0.3571864366531372, 0.555534303188324, 5.749985575675964e-06, -2.868473529815674e-06, 1.7364654541015625, -3.7811696529388428e-06, -3.0156224966049194e-06, 1.6212767362594604, -2.8242357075214386e-06, -1.1667609214782715e-05, 0.6033935546875, 0.04908853769302368, -0.4983297288417816, -0.49181753396987915, -3.7103891372680664e-06, 6.705522537231445e-07, 1.7200775146484375, -3.85381281375885e-06, -2.902001142501831e-06, 1.633895754814148, 1.862645149230957e-08, 7.644295692443848e-06, 0.6061095595359802, 0.038037121295928955, 0.48609912395477295, -0.0637359544634819, 4.727393388748169e-06, -9.51811671257019e-07, 0.49173036217689514, 2.086162567138672e-07, -1.564621925354004e-07, 0.49173304438591003, 0.14979740977287292, -0.004515334963798523, 0.2672141194343567, 8.940696716308594e-08, -2.1085143089294434e-06, 0.6228752136230469, 7.666647434234619e-06, -7.703900337219238e-06, 1.1016767024993896, 2.1420419216156006e-07, -5.587935447692871e-09, 0.7726441025733948, -0.1407444328069687, -0.019361669197678566, 0.2530269920825958, 3.650784492492676e-07, -8.791685104370117e-07, 0.5432053804397583, -3.4570693969726562e-06, 4.0531158447265625e-06, 1.1030584573745728, 1.146458089351654e-05, -8.072704076766968e-06, 0.8240507245063782, -0.009052805602550507, 0.023875482380390167, 0.31584206223487854, 1.6391277313232422e-07, 8.568167686462402e-08, 0.3153616786003113, -0.0012294738553464413, -0.28040894865989685, 1.004748821258545, 0.001229582354426384, 0.2804054915904999, 0.1780426800251007, -0.039044398814439774, 3.9515655040740967, 1.0882279872894287, -0.0871235728263855, -0.35718637704849243, 0.5555343627929688, 5.736947059631348e-06, -2.868473529815674e-06, 1.736465573310852, -3.814697265625e-06, -2.7418136596679688e-06, 1.6212769746780396, -2.889428287744522e-06, -1.1377036571502686e-05, 0.6033936142921448, 0.04908856749534607, -0.4983298182487488, -0.49181753396987915, -3.7997961044311523e-06, 3.129243850708008e-07, 1.720077395439148, -3.860797733068466e-06, -2.83215194940567e-06, 1.6338958740234375, 2.2351741790771484e-08, 7.644295692443848e-06, 0.606109619140625, 0.0380370132625103, 0.4860990345478058, -0.0637359619140625, 4.559755325317383e-06, -7.860362529754639e-07, 0.491729736328125, -1.043081283569336e-07, -6.109476089477539e-07, 0.4917337894439697, 0.14979733526706696, -0.004515446722507477, 0.26721543073654175, 3.8743019104003906e-07, -1.9315630197525024e-06, 0.6228751540184021, 7.502734661102295e-06, -7.316470146179199e-06, 1.1016775369644165, -1.5832483768463135e-08, 5.8673322200775146e-08, 0.77264404296875, -0.14074444770812988, -0.0193617045879364, 0.25302815437316895, 2.5331974029541016e-07, -1.080334186553955e-06, 0.5432053208351135, -3.874301910400391e-06, 3.814697265625e-06, 1.1030583381652832, 1.1412426829338074e-05, -7.569789886474609e-06, 0.824051022529602, -0.009052887558937073, 0.023875370621681213, 0.31584271788597107, 1.4528632164001465e-07, 1.0058283805847168e-07, 0.3153607249259949, -0.001229459303431213, -0.2804080843925476, 1.0047494173049927, 0.0012295003980398178, 0.2804057002067566, 0.17804361879825592, -0.039686236530542374, 3.9469261169433594, 1.0879409313201904, -0.08712342381477356, -0.3571862280368805, 0.5555344820022583, 5.690380930900574e-06, -2.8908252716064453e-06, 1.7364654541015625, -3.822147846221924e-06, -2.7976930141448975e-06, 1.6212767362594604, -2.884306013584137e-06, -1.1362135410308838e-05, 0.6033934950828552, 0.049088701605796814, -0.4983294904232025, -0.4918174147605896, -3.829598426818848e-06, 4.917383193969727e-07, 1.720077395439148, -3.814697265625e-06, -2.913177013397217e-06, 1.6338958740234375, 1.043081283569336e-07, 7.62939453125e-06, 0.6061096787452698, 0.03803730010986328, 0.48609888553619385, -0.06373573839664459, 4.7460198402404785e-06, -1.000240445137024e-06, 0.4917300045490265, -1.1920928955078125e-07, -6.109476089477539e-07, 0.4917336404323578, 0.14979764819145203, -0.004515223205089569, 0.267214298248291, 1.9371509552001953e-07, -1.4640390872955322e-06, 0.6228751540184021, 7.748603820800781e-06, -7.733702659606934e-06, 1.1016771793365479, 2.0116567611694336e-07, 5.997717380523682e-07, 0.7726441025733948, -0.1407443732023239, -0.019361626356840134, 0.2530277967453003, 3.650784492492676e-07, -8.717179298400879e-07, 0.5432053208351135, -4.0531158447265625e-06, 3.993511199951172e-06, 1.1030577421188354, 1.169741153717041e-05, -7.651746273040771e-06, 0.8240509629249573, -0.009052693843841553, 0.023875650018453598, 0.3158420920372009, 2.421438694000244e-07, -2.0489096641540527e-08, 0.31536078453063965, -0.001229487475939095, -0.2804085612297058, 1.0047491788864136, 0.0012294827029109001, 0.2804054617881775, 0.17804336547851562]
    q (float, 4224):  [0.07472647726535797, 0.8334764838218689, -0.055578771978616714, 0.5446503758430481, 0.1916785091161728, -0.6919194459915161, 0.5689212083816528, 0.40104302763938904, -0.22897027432918549, 0.04568842798471451, 0.023394204676151276, 0.9720791578292847, 0.6016926169395447, -0.06102253124117851, 0.10935260355472565, 0.788849949836731, 0.5099947452545166, -0.015457899309694767, 0.12756851315498352, 0.8505249619483948, 0.5597442984580994, -0.24258717894554138, 0.6445367932319641, 0.46087968349456787, -0.19859528541564941, -0.01652371883392334, 0.01143669430166483, 0.9798755645751953, 0.4648633897304535, 0.025152912363409996, -0.00051386613631621, 0.8850249648094177, 0.3940044641494751, -0.009333138354122639, -0.09278031438589096, 0.9143660068511963, -0.518459677696228, -0.4809449315071106, -0.5433771014213562, 0.4523637592792511, -0.09553008526563644, 0.026756202802062035, 0.01889827847480774, 0.9948874115943909, 0.036028772592544556, 0.007570080924779177, -0.01221142802387476, 0.9992474913597107, -0.5907763838768005, 0.3257724940776825, -0.40553656220436096, 0.6167623400688171, -0.28760457038879395, -0.40303584933280945, -0.412720263004303, 0.7645310163497925, 0.3840363621711731, -0.5174431204795837, -0.017414283007383347, 0.7645033597946167, 0.026803869754076004, -0.1343032866716385, 0.12896493077278137, 0.9821467399597168, -0.5645845532417297, -0.40755966305732727, 0.45157885551452637, 0.5578674077987671, -0.5063447952270508, 0.22380703687667847, 0.2757103145122528, 0.785817563533783, 0.4529590904712677, 0.6514530181884766, 0.006168999709188938, 0.6086041331291199, 0.24972286820411682, 0.367828905582428, 0.06886808574199677, 0.8930832147598267, 0.018066169694066048, -0.0007150722085498273, -0.13957037031650543, 0.9900470972061157, -0.35219597816467285, -0.014878122135996819, -0.037543121725320816, 0.9350546598434448, 0.13565947115421295, -0.0005948207108303905, -1.4100189904553417e-09, 0.9907553791999817, -0.48164719343185425, 0.0021118742879480124, 1.1424171830753949e-08, 0.876362681388855, 0.07434572279453278, 0.8337814211845398, -0.05450707674026489, 0.544343888759613, 0.19039469957351685, -0.6923534274101257, 0.5686981081962585, 0.40122196078300476, -0.23833584785461426, 0.04689233750104904, 0.023648351430892944, 0.9697617888450623, 0.5919596552848816, -0.0606888011097908, 0.10891184210777283, 0.7962656021118164, 0.5052422285079956, -0.014461706392467022, 0.12606731057167053, 0.8535972237586975, 0.5597077012062073, -0.24332879483699799, 0.6455474495887756, 0.45911529660224915, -0.20240849256515503, -0.016894204542040825, 0.01157418079674244, 0.9790870547294617, 0.46311840415000916, 0.022909926250576973, 0.0002237827720819041, 0.8860002756118774, 0.39424389600753784, -0.009274899959564209, -0.09289679676294327, 0.9142515659332275, -0.5177811980247498, -0.4805869162082672, -0.5440698266029358, 0.4526885151863098, -0.09565821290016174, 0.026492830365896225, 0.018851522356271744, 0.9948830604553223, 0.036157529801130295, 0.007416658103466034, -0.012204496189951897, 0.9992440938949585, -0.590825080871582, 0.32584649324417114, -0.4055759906768799, 0.6166505813598633, -0.2878772020339966, -0.4027610123157501, -0.41382622718811035, 0.7639752626419067, 0.3846116065979004, -0.5180028080940247, -0.01763574592769146, 0.7638298869132996, 0.027535924687981606, -0.13352714478969574, 0.12914824485778809, 0.982208251953125, -0.5650448203086853, -0.4076552987098694, 0.45106041431427, 0.5577508211135864, -0.5057862997055054, 0.2228800356388092, 0.27677255868911743, 0.7860672473907471, 0.45358818769454956, 0.6521031260490417, 0.0063909245654940605, 0.6074360609054565, 0.24939769506454468, 0.367176353931427, 0.06901364028453827, 0.8934313058853149, 0.018198983743786812, -7.789833762217313e-05, -0.1396581530570984, 0.9900325536727905, -0.352714478969574, -0.015021330676972866, -0.03787042200565338, 0.9348436594009399, 0.13565945625305176, -0.0005948179168626666, -1.5043873702325072e-08, 0.9907553791999817, -0.4816471040248871, 0.0021118668373674154, -1.0693555374530206e-08, 0.8763627409934998, 0.07262729853391647, 0.8363375663757324, -0.04764454811811447, 0.5412898659706116, 0.1852344423532486, -0.6925187110900879, 0.5712889432907104, 0.39966851472854614, -0.2963559627532959, 0.05435402691364288, 0.024835307151079178, 0.9532061815261841, 0.5353006720542908, -0.056498780846595764, 0.10495178401470184, 0.8362094163894653, 0.4658837616443634, -0.006350534036755562, 0.1135433092713356, 0.8775078058242798, 0.5593552589416504, -0.2490910440683365, 0.6509379148483276, 0.44872623682022095, -0.22741800546646118, -0.01933806948363781, 0.012479268014431, 0.9735252261161804, 0.45274215936660767, 0.009034675545990467, 0.0041883266530931, 0.8915858864784241, 0.3964534103870392, -0.00874790083616972, -0.09386580437421799, 0.9132017493247986, -0.5132904052734375, -0.4788389801979065, -0.5489271283149719, 0.4537898004055023, -0.09646087139844894, 0.024922434240579605, 0.018545255064964294, 0.9948518872261047, 0.036780741065740585, 0.006609844043850899, -0.01216796226799488, 0.9992274641990662, -0.5914837718009949, 0.3258388638496399, -0.40533390641212463, 0.6161822080612183, -0.2901912331581116, -0.4007636308670044, -0.4199996888637543, 0.7607744932174683, 0.3872957229614258, -0.5201024413108826, -0.01886315643787384, 0.7610123157501221, 0.03192322328686714, -0.1303177922964096, 0.12968643009662628, 0.9824355840682983, -0.5681677460670471, -0.4084227979183197, 0.4477376937866211, 0.5566931962966919, -0.5021445751190186, 0.2175198197364807, 0.28276267647743225, 0.7877697348594666, 0.4567873477935791, 0.6550718545913696, 0.007671572733670473, 0.6018034219741821, 0.24780693650245667, 0.3640396296977997, 0.07009851187467575, 0.8950715661048889, 0.01888353005051613, 0.003761102445423603, -0.1400185525417328, 0.9899616837501526, -0.35620227456092834, -0.016234533861279488, -0.03999455273151398, 0.9334114193916321, 0.13565941154956818, -0.0005948221078142524, -1.0806473049740362e-08, 0.9907553791999817, -0.48164719343185425, 0.0021118726581335068, -7.239737254138845e-09, 0.876362681388855, 0.07274752855300903, 0.8413805961608887, -0.037425894290208817, 0.5342151522636414, 0.1844654232263565, -0.6840564608573914, 0.5872810482978821, 0.3913314640522003, -0.3820061981678009, 0.06516700983047485, 0.025237735360860825, 0.9215137362480164, 0.46107807755470276, -0.04495520517230034, 0.09637457877397537, 0.8809642791748047, 0.392497181892395, 0.008068571798503399, 0.09018893539905548, 0.9152851104736328, 0.5574191808700562, -0.2602144479751587, 0.6568318009376526, 0.43605536222457886, -0.266070157289505, -0.02315044030547142, 0.013976486399769783, 0.9635742902755737, 0.440300852060318, -0.009757518768310547, 0.008069627918303013, 0.8977610468864441, 0.400882750749588, -0.007657177746295929, -0.09570223838090897, 0.911084771156311, -0.5066193342208862, -0.4779467284679413, -0.5570369958877563, 0.45234233140945435, -0.0975332036614418, 0.022822657600045204, 0.018091417849063873, 0.9948060512542725, 0.037100277841091156, 0.005972480867058039, -0.012142863124608994, 0.9992199540138245, -0.5932596921920776, 0.3247562050819397, -0.4039021134376526, 0.6159866452217102, -0.294757604598999, -0.3975001573562622, -0.4274694621562958, 0.7565589547157288, 0.38923266530036926, -0.5202083587646484, -0.02030356600880623, 0.7599138021469116, 0.03776777908205986, -0.12896786630153656, 0.12945915758609772, 0.9824363589286804, -0.5728606581687927, -0.4097791612148285, 0.4432610869407654, 0.5544649958610535, -0.49686747789382935, 0.21071146428585052, 0.29045525193214417, 0.790164053440094, 0.4598100781440735, 0.6572601795196533, 0.009087379090487957, 0.5970771312713623, 0.24675562977790833, 0.3616970479488373, 0.07203317433595657, 0.896157443523407, 0.01936928927898407, 0.009084422141313553, -0.1398712694644928, 0.9899385571479797, -0.362011581659317, -0.018838733434677124, -0.04329201579093933, 0.9309772253036499, 0.13565939664840698, -0.0005948151228949428, 4.700063116480635e-10, 0.9907553791999817, -0.48164722323417664, 0.002111883834004402, -3.613226695620142e-08, 0.876362681388855, 0.0763193741440773, 0.8463439345359802, -0.02824527584016323, 0.5263834595680237, 0.18869709968566895, -0.6633578538894653, 0.6166678667068481, 0.3795662224292755, -0.47443804144859314, 0.07631294429302216, 0.02445988915860653, 0.8766337037086487, 0.3838104009628296, -0.027345838025212288, 0.08581055700778961, 0.9190094470977783, 0.3226073086261749, 0.021017340943217278, 0.06802526861429214, 0.9438514113426208, 0.5530949831008911, -0.2723601162433624, 0.661814272403717, 0.4265064299106598, -0.3081195652484894, -0.027383577078580856, 0.015582547523081303, 0.9508257508277893, 0.4323006570339203, -0.02666165679693222, 0.010423176921904087, 0.9012750387191772, 0.40519389510154724, -0.00650983490049839, -0.09751531481742859, 0.9089919328689575, -0.5011295080184937, -0.47908157110214233, -0.5646726489067078, 0.44776666164398193, -0.09826423972845078, 0.020671788603067398, 0.017622051760554314, 0.9947895407676697, 0.03694865107536316, 0.0058543444611132145, -0.012124592438340187, 0.999226450920105, -0.5956166982650757, 0.32267653942108154, -0.40155625343322754, 0.6163386106491089, -0.30004411935806274, -0.3940843343734741, -0.4347713887691498, 0.7520937323570251, 0.38995787501335144, -0.5187998414039612, -0.021450912579894066, 0.7604732513427734, 0.04333920776844025, -0.12906481325626373, 0.12935368716716766, 0.9822075366973877, -0.577068030834198, -0.41126546263694763, 0.43969428539276123, 0.5518353581428528, -0.4921118915081024, 0.20432142913341522, 0.2988276779651642, 0.7916947603225708, 0.46171531081199646, 0.6584912538528442, 0.009942250326275826, 0.5942301154136658, 0.24707451462745667, 0.3610963821411133, 0.07440022379159927, 0.8961184024810791, 0.019308043643832207, 0.014625676907598972, -0.13852038979530334, 0.9900633692741394, -0.36921921372413635, -0.022599373012781143, -0.04708511754870415, 0.9278736114501953, 0.13565945625305176, -0.0005948225734755397, 4.696391275871292e-09, 0.9907553791999817, -0.48164722323417664, 0.0021118735894560814, -1.3616019423068337e-08, 0.876362681388855, 0.08122514188289642, 0.8474334478378296, -0.024731891229748726, 0.5240680575370789, 0.19733694195747375, -0.6364415287971497, 0.6470873951911926, 0.3705107569694519, -0.5435519218444824, 0.0842919573187828, 0.024286087602376938, 0.8347792029380798, 0.33479973673820496, -0.010024757124483585, 0.0803142786026001, 0.9388068318367004, 0.30432289838790894, 0.023933934047818184, 0.0622364841401577, 0.9502323269844055, 0.54944908618927, -0.2807249128818512, 0.6629282236099243, 0.4240584075450897, -0.34263697266578674, -0.031058069318532944, 0.016387080773711205, 0.9388113617897034, 0.43930694460868835, -0.032856736332178116, 0.010490717366337776, 0.8976746797561646, 0.4083559811115265, -0.006103370804339647, -0.09936072677373886, 0.9073784351348877, -0.49913960695266724, -0.48143792152404785, -0.5678163170814514, 0.4434658885002136, -0.09815036505460739, 0.019108492881059647, 0.01708955317735672, 0.9948413968086243, 0.03685878962278366, 0.005904126446694136, -0.011999369598925114, 0.9992310404777527, -0.5978125929832458, 0.3195197582244873, -0.39848750829696655, 0.6178470253944397, -0.3037903308868408, -0.3911243975162506, -0.440706729888916, 0.7486726641654968, 0.3889455795288086, -0.5163412690162659, -0.021701645106077194, 0.7626546621322632, 0.046628206968307495, -0.13045117259025574, 0.1304418444633484, 0.9817296862602234, -0.5786507725715637, -0.4129845201969147, 0.43879055976867676, 0.5496090650558472, -0.4905569553375244, 0.20109227299690247, 0.3065102696418762, 0.7905486822128296, 0.46128973364830017, 0.6573821902275085, 0.009987086057662964, 0.595785915851593, 0.24997401237487793, 0.3634258210659027, 0.07738647609949112, 0.8941174745559692, 0.01863357238471508, 0.018597746267914772, -0.13475537300109863, 0.9905291199684143, -0.37702903151512146, -0.027552708983421326, -0.05063394084572792, 0.9244058728218079, 0.1356593519449234, -0.0005948207690380514, -1.4107532919638288e-08, 0.9907553791999817, -0.48164722323417664, 0.002111869864165783, -3.4538196302946744e-08, 0.876362681388855, 0.0854976624250412, 0.8450966477394104, -0.02470308355987072, 0.5271542072296143, 0.21020391583442688, -0.6077751517295837, 0.674113392829895, 0.36331090331077576, -0.5942823886871338, 0.09009336680173874, 0.025684429332613945, 0.7987815141677856, 0.32109495997428894, 0.00442095473408699, 0.08308859169483185, 0.9433847665786743, 0.32236015796661377, 0.018695315346121788, 0.06887702643871307, 0.9439228773117065, 0.5483868718147278, -0.28740590810775757, 0.659906268119812, 0.4256681203842163, -0.3741328716278076, -0.03463634103536606, 0.016461428254842758, 0.926581859588623, 0.46501868963241577, -0.027326591312885284, 0.00869942456483841, 0.8848363161087036, 0.41187921166419983, -0.0064514377154409885, -0.10240170359611511, 0.9054434299468994, -0.498526930809021, -0.48358237743377686, -0.5682852864265442, 0.4412151575088501, -0.09746028482913971, 0.018090490251779556, 0.016217360273003578, 0.994942843914032, 0.03712138906121254, 0.005756414029747248, -0.011737546883523464, 0.9992252588272095, -0.5997183322906494, 0.31571701169013977, -0.3950711190700531, 0.6201447248458862, -0.3061649799346924, -0.3891054689884186, -0.44586971402168274, 0.7456943988800049, 0.38590171933174133, -0.5119434595108032, -0.021128255873918533, 0.7671684622764587, 0.0487089566886425, -0.13408201932907104, 0.13178496062755585, 0.9809598326683044, -0.5780465602874756, -0.4152382016181946, 0.43999776244163513, 0.5475779175758362, -0.4919346570968628, 0.20075204968452454, 0.3140872120857239, 0.7867961525917053, 0.4587450623512268, 0.6535365581512451, 0.009539994411170483, 0.6019567251205444, 0.2564300000667572, 0.36900851130485535, 0.08139976114034653, 0.8896350264549255, 0.01738867163658142, 0.021105187013745308, -0.12861013412475586, 0.9913181662559509, -0.3859087824821472, -0.03408782556653023, -0.053833022713661194, 0.9203338623046875, 0.13565939664840698, -0.0005948155303485692, -1.2220164435916558e-08, 0.9907553791999817, -0.48164719343185425, 0.0021118707954883575, -1.062713650412661e-08, 0.876362681388855, 0.08956772834062576, 0.840729832649231, -0.026757871732115746, 0.5333245396614075, 0.22642378509044647, -0.5764738917350769, 0.69968581199646, 0.3561599850654602, -0.6350640654563904, 0.09478399902582169, 0.028085926547646523, 0.7661075592041016, 0.32961922883987427, 0.016938505694270134, 0.09146235883235931, 0.9395205974578857, 0.35390928387641907, 0.009532907977700233, 0.0807698592543602, 0.9317368865013123, 0.5463731288909912, -0.29717162251472473, 0.6523024439811707, 0.4332054853439331, -0.3917510211467743, -0.03671439737081528, 0.016174109652638435, 0.9191961884498596, 0.4919443428516388, -0.017814157530665398, 0.007145043928176165, 0.8704150915145874, 0.4055863320827484, -0.0066503058187663555, -0.09941013902425766, 0.9086105823516846, -0.4986147880554199, -0.4857613742351532, -0.5673410296440125, 0.4399356544017792, -0.09653262794017792, 0.017435535788536072, 0.01516697183251381, 0.9950615167617798, 0.037660785019397736, 0.005469145253300667, -0.01138258259743452, 0.9992108345031738, -0.6014557480812073, 0.3116103708744049, -0.3914724588394165, 0.6228156685829163, -0.30761438608169556, -0.3879146873950958, -0.4505133330821991, 0.7429221868515015, 0.3811134696006775, -0.505456805229187, -0.020026693120598793, 0.773863673210144, 0.050576262176036835, -0.1401883065700531, 0.13312885165214539, 0.9798296093940735, -0.5762411952018738, -0.41805508732795715, 0.44237709045410156, 0.5454160571098328, -0.4948578476905823, 0.2026619017124176, 0.321197509765625, 0.7815855741500854, 0.45457616448402405, 0.6474230289459229, 0.008824124000966549, 0.6116584539413452, 0.265078067779541, 0.37664008140563965, 0.08594666421413422, 0.8834529519081116, 0.015821248292922974, 0.022805433720350266, -0.12063248455524445, 0.9923091530799866, -0.39584532380104065, -0.041677191853523254, -0.057099051773548126, 0.9155922532081604, 0.13565945625305176, -0.0005948155303485692, -4.663343600164183e-10, 0.9907553791999817, -0.48164722323417664, 0.002111878478899598, -2.0988595750282002e-08, 0.876362681388855, 0.09242916852235794, 0.8358755111694336, -0.03066958487033844, 0.5402114391326904, 0.24462923407554626, -0.5434203743934631, 0.7243252396583557, 0.346704363822937, -0.6682037115097046, 0.0994526669383049, 0.030323544517159462, 0.7366772890090942, 0.3490672707557678, 0.0260841716080904, 0.10126864165067673, 0.9312444925308228, 0.3819856643676758, 0.0013429831014946103, 0.09148064255714417, 0.9196284413337708, 0.5431690216064453, -0.3077731728553772, 0.6431393027305603, 0.44341278076171875, -0.40038537979125977, -0.038041360676288605, 0.015070603229105473, 0.9154328107833862, 0.5169975161552429, -0.00772234657779336, 0.006467032711952925, 0.8559276461601257, 0.39731669425964355, -0.0073511796072125435, -0.0952354148030281, 0.912696897983551, -0.49801105260849, -0.4894545078277588, -0.565209150314331, 0.4392697811126709, -0.09590058028697968, 0.017151864245533943, 0.01463256310671568, 0.9951355457305908, 0.037816427648067474, 0.004962211009114981, -0.010793130844831467, 0.9992141127586365, -0.6025788187980652, 0.308265745639801, -0.3875449597835541, 0.625843346118927, -0.30829617381095886, -0.3871776759624481, -0.4551965594291687, 0.7401642203330994, 0.3769605755805969, -0.4973790943622589, -0.019156163558363914, 0.7811195850372314, 0.051799286156892776, -0.14736923575401306, 0.13653771579265594, 0.9782416224479675, -0.5733570456504822, -0.4210045337677002, 0.4451264441013336, 0.5439480543136597, -0.4990333616733551, 0.20622721314430237, 0.32653185725212097, 0.775766134262085, 0.44992968440055847, 0.6402629613876343, 0.008478304371237755, 0.6225389838218689, 0.27332818508148193, 0.3843175768852234, 0.09007631987333298, 0.8771989345550537, 0.014946224167943, 0.024467498064041138, -0.11170844733715057, 0.9933273196220398, -0.4062305688858032, -0.04930884391069412, -0.06091565266251564, 0.9104035496711731, 0.1356593817472458, -0.0005948186735622585, -1.1753829909366686e-08, 0.9907553791999817, -0.48164722323417664, 0.0021118754521012306, -1.7734034685190636e-08, 0.876362681388855, 0.09479636698961258, 0.8312159180641174, -0.03235909342765808, 0.5468515753746033, 0.2619386911392212, -0.5146023631095886, 0.7432891726493835, 0.33777767419815063, -0.690877377986908, 0.10202136635780334, 0.03235035389661789, 0.7150059938430786, 0.3660629391670227, 0.032637085765600204, 0.10799331963062286, 0.9237262606620789, 0.38857853412628174, -0.00040375403477810323, 0.09397659450769424, 0.916610598564148, 0.5393373966217041, -0.3218907415866852, 0.630262553691864, 0.45636677742004395, -0.4004075825214386, -0.03811655566096306, 0.014557916671037674, 0.9154283404350281, 0.5367631316184998, -0.000519516528584063, 0.005970493890345097, 0.8437117338180542, 0.39431995153427124, -0.008904593996703625, -0.09378135204315186, 0.9141321182250977, -0.49753493070602417, -0.49151986837387085, -0.5644773840904236, 0.43844327330589294, -0.09527796506881714, 0.017478786408901215, 0.014767256565392017, 0.9951876997947693, 0.038268402218818665, 0.004875997081398964, -0.010483837686479092, 0.9992006421089172, -0.6041081547737122, 0.30436474084854126, -0.38402336835861206, 0.628443717956543, -0.3067342936992645, -0.38612332940101624, -0.4578531086444855, 0.7397251725196838, 0.3714141249656677, -0.4898860454559326, -0.018032805994153023, 0.7885036468505859, 0.053133971989154816, -0.1558590829372406, 0.14018988609313965, 0.9763357639312744, -0.5708523392677307, -0.4245299696922302, 0.4483160376548767, 0.5412159562110901, -0.5020708441734314, 0.2125183492898941, 0.32820987701416016, 0.7713878154754639, 0.44452497363090515, 0.6323397159576416, 0.00761702423915267, 0.6344178915023804, 0.2790261507034302, 0.39154666662216187, 0.09307041019201279, 0.8718793392181396, 0.013914382085204124, 0.025355668738484383, -0.10172934830188751, 0.9943916201591492, -0.41554155945777893, -0.05503660440444946, -0.06589410454034805, 0.9055132269859314, 0.13565941154956818, -0.0005948171601630747, -1.7860239509559506e-08, 0.9907553791999817, -0.4816471040248871, 0.0021118673030287027, -2.9291042480394935e-08, 0.8763627409934998, 0.09650558978319168, 0.8267579078674316, -0.03285536542534828, 0.5532436966896057, 0.2794535756111145, -0.4879594147205353, 0.7592676877975464, 0.3275880813598633, -0.7082500457763672, 0.10395893454551697, 0.034041065722703934, 0.6974350214004517, 0.3834901452064514, 0.03619389608502388, 0.11177930235862732, 0.9160407781600952, 0.37699154019355774, 0.004788712598383427, 0.08874484151601791, 0.9219430088996887, 0.5347551703453064, -0.3377634286880493, 0.614854633808136, 0.47106966376304626, -0.39304691553115845, -0.037330105900764465, 0.014063733629882336, 0.9186527132987976, 0.5521243214607239, 0.004505230113863945, 0.005242566578090191, 0.8337331414222717, 0.39222660660743713, -0.01051871944218874, -0.09295773506164551, 0.9150992035865784, -0.49636009335517883, -0.4933493435382843, -0.5645701289176941, 0.4376000463962555, -0.09495077282190323, 0.018315982073545456, 0.01606096513569355, 0.9951838850975037, 0.038596831262111664, 0.004885578062385321, -0.010167652741074562, 0.9991912245750427, -0.6058319807052612, 0.3000960946083069, -0.38010427355766296, 0.6312137246131897, -0.30417516827583313, -0.3837037682533264, -0.45958688855171204, 0.7409647703170776, 0.36605405807495117, -0.48253464698791504, -0.017049510031938553, 0.7955338358879089, 0.05344650149345398, -0.16530996561050415, 0.14549368619918823, 0.9739854335784912, -0.5681434273719788, -0.428572416305542, 0.45185261964797974, 0.5379294157028198, -0.505279004573822, 0.22159551084041595, 0.32634949684143066, 0.7675184607505798, 0.43836551904678345, 0.6232403516769409, 0.006735405419021845, 0.6475815773010254, 0.2822248041629791, 0.3988666832447052, 0.09498067945241928, 0.867313802242279, 0.013340997509658337, 0.025646379217505455, -0.09044034034013748, 0.9954822659492493, -0.42502403259277344, -0.05915949493646622, -0.0726626068353653, 0.9003193378448486, 0.13565948605537415, -0.0005948214675299823, -3.763722222771548e-09, 0.9907553791999817, -0.4816471040248871, 0.0021118747536092997, -1.0095779323648912e-08, 0.8763627409934998, 0.0976373627781868, 0.8221375942230225, -0.03320084884762764, 0.5598700642585754, 0.2973079979419708, -0.46335259079933167, 0.7724737524986267, 0.3165385127067566, -0.7188321352005005, 0.10510878264904022, 0.03560986742377281, 0.6862685084342957, 0.40480393171310425, 0.03695099428296089, 0.11412803828716278, 0.906500518321991, 0.35584622621536255, 0.014189931564033031, 0.07917139679193497, 0.9310768246650696, 0.5294303894042969, -0.354486882686615, 0.5969812273979187, 0.48749977350234985, -0.378750741481781, -0.03577232360839844, 0.013582817278802395, 0.9247073531150818, 0.5644665956497192, 0.008823138661682606, 0.004363915417343378, 0.825397253036499, 0.3882376253604889, -0.01176243182271719, -0.09125392138957977, 0.9169546961784363, -0.4949301481246948, -0.49508410692214966, -0.5648729205131531, 0.4368689954280853, -0.094786636531353, 0.019594579935073853, 0.017985250800848007, 0.9951422810554504, 0.03889741376042366, 0.004939722828567028, -0.009830241091549397, 0.9991826415061951, -0.607779324054718, 0.295227974653244, -0.37557175755500793, 0.6343426704406738, -0.3008660078048706, -0.38019782304763794, -0.4605966806411743, 0.7434917688369751, 0.360689252614975, -0.4751761555671692, -0.016096679493784904, 0.8024037480354309, 0.052774615585803986, -0.17545738816261292, 0.15187285840511322, 0.9712693691253662, -0.5651105642318726, -0.43297654390335083, 0.4557373821735382, 0.5343078970909119, -0.5086782574653625, 0.2324705272912979, 0.3219698667526245, 0.7638974189758301, 0.43146806955337524, 0.6129364967346191, 0.005830361042171717, 0.6618989109992981, 0.28428366780281067, 0.4064573049545288, 0.09622731059789658, 0.8629690408706665, 0.01303613930940628, 0.025485822930932045, -0.0781460851430893, 0.9965308904647827, -0.4343811273574829, -0.06241054832935333, -0.08044004440307617, 0.894956648349762, 0.13565948605537415, -0.0005948191392235458, -1.034013852319049e-08, 0.9907553791999817, -0.4816471040248871, 0.0021118647418916225, -1.6604899677474805e-09, 0.8763627409934998, 0.09780535101890564, 0.8175721764564514, -0.03453107550740242, 0.5664075016975403, 0.3142484426498413, -0.4425322711467743, 0.782400369644165, 0.3053896725177765, -0.7188090085983276, 0.10505564510822296, 0.036827173084020615, 0.6862366795539856, 0.42803511023521423, 0.03515997901558876, 0.11543615162372589, 0.89566969871521, 0.33599379658699036, 0.02293836697936058, 0.07026362419128418, 0.938959538936615, 0.524118959903717, -0.3699184060096741, 0.578360378742218, 0.5039432644844055, -0.36156991124153137, -0.033936962485313416, 0.013128948397934437, 0.9316346645355225, 0.5734319090843201, 0.01239396445453167, 0.004131604451686144, 0.8191490769386292, 0.3858233094215393, -0.011756683699786663, -0.09015751630067825, 0.9180815815925598, -0.4937356412410736, -0.49689236283302307, -0.5647802948951721, 0.43628692626953125, -0.09466537088155746, 0.021166285499930382, 0.019704094156622887, 0.995089054107666, 0.03924744203686714, 0.0050367992371320724, -0.009488897398114204, 0.999171793460846, -0.609775960445404, 0.29002371430397034, -0.37062451243400574, 0.6377279758453369, -0.29653963446617126, -0.37659934163093567, -0.4610324501991272, 0.746783971786499, 0.3555355966091156, -0.46820324659347534, -0.015173478052020073, 0.8087953925132751, 0.05174465477466583, -0.18515942990779877, 0.15871526300907135, 0.9684255123138428, -0.562025249004364, -0.43724939227104187, 0.45949044823646545, 0.5308570265769958, -0.5115602016448975, 0.24284249544143677, 0.3164578080177307, 0.7610440850257874, 0.4246675670146942, 0.6028733253479004, 0.004987005610018969, 0.6754082441329956, 0.28620368242263794, 0.4133000671863556, 0.09684818983078003, 0.8590058088302612, 0.012889615260064602, 0.025467777624726295, -0.06612598896026611, 0.9974029064178467, -0.4420244097709656, -0.06552554666996002, -0.08775141090154648, 0.8902924060821533, 0.13565947115421295, -0.0005948203033767641, -1.3160176948190383e-08, 0.9907553791999817, -0.4816471338272095, 0.002111859852448106, -1.0162199970409347e-08, 0.876362681388855, 0.09635984152555466, 0.8134286403656006, -0.03849431872367859, 0.5723345279693604, 0.3282600939273834, -0.4291136562824249, 0.7878121137619019, 0.2957344055175781, -0.6997323632240295, 0.10285475105047226, 0.03705248981714249, 0.7059905529022217, 0.45094773173332214, 0.02974816784262657, 0.11549767106771469, 0.8845459222793579, 0.33205294609069824, 0.025213077664375305, 0.06835736334323883, 0.940442681312561, 0.520273745059967, -0.3813125491142273, 0.5613547563552856, 0.5184561610221863, -0.3466302454471588, -0.0324472151696682, 0.012702999636530876, 0.9373544454574585, 0.5779836177825928, 0.014847795478999615, 0.005977568682283163, 0.815891444683075, 0.3893490135669708, -0.009677385911345482, -0.09144184738397598, 0.9164890050888062, -0.49349695444107056, -0.4991585910320282, -0.5634183883666992, 0.43573057651519775, -0.09443536400794983, 0.022938329726457596, 0.020205441862344742, 0.9950615763664246, 0.039728425443172455, 0.005231871269643307, -0.009170662611722946, 0.9991547465324402, -0.6116252541542053, 0.28479647636413574, -0.3654536306858063, 0.6412871479988098, -0.29046833515167236, -0.3740788996219635, -0.4610111713409424, 0.7504410743713379, 0.35092219710350037, -0.4622150957584381, -0.0142940329387784, 0.8142521381378174, 0.05125001445412636, -0.19303791224956512, 0.1655563861131668, 0.9657644033432007, -0.5592705607414246, -0.44075122475624084, 0.46248936653137207, 0.5282598733901978, -0.5127460956573486, 0.24993763864040375, 0.3115929067134857, 0.7599555850028992, 0.4192575514316559, 0.5952602624893188, 0.004268805496394634, 0.6854707598686218, 0.28934445977211, 0.4176269471645355, 0.0968332588672638, 0.8558568358421326, 0.012798920273780823, 0.026396939530968666, -0.056062210351228714, 0.9979962110519409, -0.4456671476364136, -0.06946613639593124, -0.092624731361866, 0.8876800537109375, 0.1356593668460846, -0.0005948142497800291, -1.0810144779327402e-08, 0.9907553791999817, -0.48164722323417664, 0.002111883834004402, -1.434663499111366e-08, 0.876362681388855, 0.09323088824748993, 0.8098657727241516, -0.04561542347073555, 0.5773601531982422, 0.33764833211898804, -0.4265512526035309, 0.7873542308807373, 0.2900361716747284, -0.6532564163208008, 0.09749626368284225, 0.035614028573036194, 0.7499881386756897, 0.47241321206092834, 0.01677774451673031, 0.11260190606117249, 0.8739937543869019, 0.35118186473846436, 0.020456422120332718, 0.07514169812202454, 0.9330630302429199, 0.5189248919487, -0.3875022530555725, 0.5466676950454712, 0.5307668447494507, -0.3355346918106079, -0.031473685055971146, 0.012224311009049416, 0.9414225816726685, 0.5772576332092285, 0.015570526011288166, 0.010817596688866615, 0.8163419365882874, 0.39745548367500305, -0.008095359429717064, -0.09379054605960846, 0.9127798080444336, -0.4945329427719116, -0.5024063587188721, -0.5604544281959534, 0.43464457988739014, -0.09406924992799759, 0.02506140060722828, 0.01967993564903736, 0.995055615901947, 0.04028891399502754, 0.00564473494887352, -0.00889185257256031, 0.9991325736045837, -0.6131774187088013, 0.27988800406455994, -0.36030903458595276, 0.6448671221733093, -0.2813843786716461, -0.3732532262802124, -0.460813045501709, 0.7544243931770325, 0.34633639454841614, -0.4565148651599884, -0.01338536199182272, 0.8194303512573242, 0.052247095853090286, -0.19992601871490479, 0.17290572822093964, 0.9630178809165955, -0.5570257902145386, -0.44344186782836914, 0.4645649492740631, 0.5265558958053589, -0.5111864805221558, 0.2537722885608673, 0.3083116114139557, 0.7610729336738586, 0.41536420583724976, 0.5903500914573669, 0.0035889490973204374, 0.6920596361160278, 0.29470309615135193, 0.4182701110839844, 0.09656253457069397, 0.8537423014640808, 0.012803379446268082, 0.028424829244613647, -0.04819146916270256, 0.998351514339447, -0.4452454149723053, -0.07424049079418182, -0.09469235688447952, 0.8872870206832886, 0.13565942645072937, -0.0005948159960098565, -1.1283823653229774e-08, 0.9907553791999817, -0.48164722323417664, 0.002111872425302863, -1.3283921518336683e-08, 0.876362681388855, 0.09048791974782944, 0.8071967959403992, -0.05397048965096474, 0.5808033347129822, 0.343680739402771, -0.4299004375934601, 0.7843400239944458, 0.28614673018455505, -0.5833035111427307, 0.08886551111936569, 0.03319520503282547, 0.8066957592964172, 0.491454541683197, -0.000580432009883225, 0.10741810500621796, 0.8642531037330627, 0.3806418776512146, 0.012837954796850681, 0.08557561784982681, 0.9206648468971252, 0.5176262259483337, -0.3924780488014221, 0.532724916934967, 0.542428195476532, -0.326783150434494, -0.03059736080467701, 0.012096432037651539, 0.9445264935493469, 0.5742657780647278, 0.015443829819560051, 0.016962766647338867, 0.8183474540710449, 0.40776973962783813, -0.006853438913822174, -0.09658883512020111, 0.9079358577728271, -0.49700412154197693, -0.5061421990394592, -0.5572764873504639, 0.43156689405441284, -0.09336777031421661, 0.027368171140551567, 0.017898784950375557, 0.9950945377349854, 0.04091157391667366, 0.0067141796462237835, -0.008454487659037113, 0.9991044402122498, -0.614611804485321, 0.2751867175102234, -0.3560502231121063, 0.647883415222168, -0.2693013548851013, -0.374204158782959, -0.45906832814216614, 0.7594105005264282, 0.34152308106422424, -0.4523344933986664, -0.012255228124558926, 0.823775053024292, 0.05334116145968437, -0.20499175786972046, 0.18015553057193756, 0.9605608582496643, -0.5552824139595032, -0.44531986117362976, 0.46645787358283997, 0.5251370072364807, -0.5082943439483643, 0.25521931052207947, 0.3046078383922577, 0.764011800289154, 0.4129215180873871, 0.5882886648178101, 0.002659590682014823, 0.6952735185623169, 0.2994772791862488, 0.4165881872177124, 0.09546919167041779, 0.8530259728431702, 0.012258057482540607, 0.030871057882905006, -0.042053453624248505, 0.9985631108283997, -0.4404526650905609, -0.07943277060985565, -0.09440506249666214, 0.8892579078674316, 0.13565945625305176, -0.0005948137259110808, -1.269017069205347e-08, 0.9907553791999817, -0.4816471338272095, 0.0021118700969964266, -1.0095779323648912e-08, 0.8763627409934998, 0.08912041038274765, 0.8061490058898926, -0.06316108256578445, 0.5815428495407104, 0.3511483073234558, -0.426422119140625, 0.786847710609436, 0.2751902639865875, -0.5100612640380859, 0.08002076297998428, 0.03075226955115795, 0.855855405330658, 0.5106833577156067, -0.015578375197947025, 0.10201331973075867, 0.8535532355308533, 0.39527246356010437, 0.009301623329520226, 0.0905786082148552, 0.9140397310256958, 0.5129415392875671, -0.39975082874298096, 0.5203409194946289, 0.5534759163856506, -0.31981828808784485, -0.030003570020198822, 0.011960463598370552, 0.9469282031059265, 0.574110209941864, 0.01641780138015747, 0.022187257185578346, 0.8183127045631409, 0.419678658246994, -0.003482355270534754, -0.10115550458431244, 0.9020118117332458, -0.49930092692375183, -0.5118520259857178, -0.5540936589241028, 0.4262467920780182, -0.09285376965999603, 0.029664399102330208, 0.0146148931235075, 0.9951304793357849, 0.04075993224978447, 0.007951447740197182, -0.008216600865125656, 0.9991035461425781, -0.6157270669937134, 0.2715664207935333, -0.35220152139663696, 0.6504506468772888, -0.25631552934646606, -0.3766818940639496, -0.4553681015968323, 0.7648875713348389, 0.33955010771751404, -0.4509637653827667, -0.01180853508412838, 0.8253472447395325, 0.05162455514073372, -0.2052314281463623, 0.18885371088981628, 0.9589313268661499, -0.5525034070014954, -0.4463047683238983, 0.4694072902202606, 0.5246034860610962, -0.5080953240394592, 0.25418680906295776, 0.2975771129131317, 0.7672522664070129, 0.412842720746994, 0.5898182988166809, 0.0019945160020142794, 0.6940255165100098, 0.29866907000541687, 0.4146457612514496, 0.09268292039632797, 0.8545616269111633, 0.011679163202643394, 0.034135956317186356, -0.03644679859280586, 0.9986841082572937, -0.4312817454338074, -0.08513692766427994, -0.09287294745445251, 0.8933769464492798, 0.13565944135189056, -0.000594820361584425, -2.538034138410694e-08, 0.9907553791999817, -0.48164722323417664, 0.002111862413585186, -1.3283921518336683e-08, 0.876362681388855, 0.09032239764928818, 0.8076109290122986, -0.07367768883705139, 0.5780813694000244, 0.3634358048439026, -0.4081469178199768, 0.8006854057312012, 0.2454250305891037, -0.42936936020851135, 0.07025086134672165, 0.028275534510612488, 0.8999485373497009, 0.5361368060112, -0.022824767976999283, 0.09426763653755188, 0.8385404348373413, 0.3945477306842804, 0.010077295824885368, 0.08980565518140793, 0.9144208431243896, 0.5014391541481018, -0.4128786325454712, 0.5092473030090332, 0.5645859241485596, -0.3153165876865387, -0.02966824173927307, 0.011884371750056744, 0.9484482407569885, 0.5821972489356995, 0.01902720518410206, 0.02567102015018463, 0.8124194741249084, 0.434015691280365, -3.055334309465252e-05, -0.10706719011068344, 0.8945205807685852, -0.5018138289451599, -0.5203012824058533, -0.551422119140625, 0.41641712188720703, -0.09246008843183517, 0.03207448497414589, 0.006745945196598768, 0.9951767921447754, 0.03943754360079765, 0.009675100445747375, -0.008151997812092304, 0.9991419315338135, -0.6166585087776184, 0.2690473794937134, -0.34913769364356995, 0.6522642374038696, -0.24063847959041595, -0.38267895579338074, -0.4451383650302887, 0.7729824781417847, 0.3428252339363098, -0.4564397931098938, -0.012422401458024979, 0.8209624290466309, 0.04278336837887764, -0.19442421197891235, 0.20004957914352417, 0.9593482613563538, -0.5468420386314392, -0.4460791349411011, 0.4758521616458893, 0.5249210596084595, -0.5155442953109741, 0.24900749325752258, 0.2801312506198883, 0.770542562007904, 0.4176109731197357, 0.5983290076255798, 0.001724745030514896, 0.683813214302063, 0.283058226108551, 0.4141918122768402, 0.08649782091379166, 0.8607214093208313, 0.010196063667535782, 0.03989152982831001, -0.03015155903995037, 0.9986969828605652, -0.41031327843666077, -0.09257379174232483, -0.08867691457271576, 0.9028895497322083, 0.13565942645072937, -0.0005948143661953509, -8.467457845995341e-09, 0.9907553791999817, -0.4816471040248871, 0.0021118682343512774, -3.3010540079203565e-08, 0.8763627409934998, 0.09283759444952011, 0.8114409446716309, -0.08266822248697281, 0.5710611939430237, 0.37384986877441406, -0.38593363761901855, 0.8162816762924194, 0.21207481622695923, -0.3573562502861023, 0.06135039031505585, 0.025573404505848885, 0.931600034236908, 0.5588635802268982, -0.02894570492208004, 0.08365658670663834, 0.8245212435722351, 0.39499661326408386, 0.010268040001392365, 0.08938993513584137, 0.9142656922340393, 0.48686090111732483, -0.43122851848602295, 0.4990232586860657, 0.572699248790741, -0.31412550806999207, -0.029544536024332047, 0.012126567773520947, 0.9488441944122314, 0.5919215679168701, 0.02354724332690239, 0.0269274041056633, 0.8052014708518982, 0.45085442066192627, 0.0030045220628380775, -0.11198194324970245, 0.8855401277542114, -0.5031021237373352, -0.5285739302635193, -0.5506516098976135, 0.4053156077861786, -0.09235675632953644, 0.03401067852973938, -0.0020478125661611557, 0.9951428771018982, 0.03758898377418518, 0.011385919526219368, -0.00821856502443552, 0.9991946220397949, -0.6176029443740845, 0.2673517167568207, -0.3469611704349518, 0.6532286405563354, -0.22642824053764343, -0.3894045650959015, -0.43210577964782715, 0.781267523765564, 0.3490416407585144, -0.46569395065307617, -0.013687740080058575, 0.8130877614021301, 0.031327906996011734, -0.17681020498275757, 0.21021007001399994, 0.9610247015953064, -0.5417491793632507, -0.44430381059646606, 0.48190563917160034, 0.5261833667755127, -0.5238098502159119, 0.23985399305820465, 0.2603614032268524, 0.7747937440872192, 0.4249585270881653, 0.610578715801239, 0.001959549030289054, 0.6682814359664917, 0.2630521059036255, 0.4119408130645752, 0.07695719599723816, 0.8690143823623657, 0.008690457791090012, 0.04447691887617111, -0.026611825451254845, 0.9986180663108826, -0.38595765829086304, -0.09856388717889786, -0.08204591274261475, 0.9135591983795166, 0.13565945625305176, -0.0005948159960098565, -2.1623963064598684e-08, 0.9907553791999817, -0.4816470742225647, 0.0021118675358593464, -2.4043893986913645e-08, 0.8763627409934998, 0.09462668746709824, 0.8157122135162354, -0.08927130699157715, 0.5636400580406189, 0.379353404045105, -0.36910584568977356, 0.8259062170982361, 0.1942443996667862, -0.3233996331691742, 0.05703458935022354, 0.02386188693344593, 0.9442406296730042, 0.5695629715919495, -0.029641803354024887, 0.07650095224380493, 0.8178429007530212, 0.39554980397224426, 0.010184737853705883, 0.0892963632941246, 0.9140365123748779, 0.4741348922252655, -0.4504738748073578, 0.49043339490890503, 0.5759726762771606, -0.3163875341415405, -0.029661692678928375, 0.012477186508476734, 0.9480841159820557, 0.6002216339111328, 0.032542891800403595, 0.024894915521144867, 0.7987836003303528, 0.4626227915287018, 0.0059088231064379215, -0.11493705958127975, 0.8790533542633057, -0.5028142333030701, -0.5331385731697083, -0.5512360334396362, 0.3988483250141144, -0.09264688938856125, 0.034473732113838196, -0.006506628822535276, 0.995080828666687, 0.036567866802215576, 0.012326407246291637, -0.008425054140388966, 0.9992196559906006, -0.6182597279548645, 0.2665906548500061, -0.345697283744812, 0.6535883545875549, -0.21856677532196045, -0.3920004069805145, -0.42220860719680786, 0.7875939011573792, 0.3567785620689392, -0.4767562747001648, -0.015258069150149822, 0.8032307624816895, 0.021429957821965218, -0.1561691015958786, 0.21669365465641022, 0.9634292125701904, -0.541126012802124, -0.4403599202632904, 0.48245769739151, 0.5296229720115662, -0.5256701707839966, 0.22694654762744904, 0.24772469699382782, 0.7815361022949219, 0.4321522116661072, 0.6222264766693115, 0.002801763592287898, 0.6527409553527832, 0.2516675889492035, 0.4052513539791107, 0.06444355845451355, 0.8765168786048889, 0.009034646674990654, 0.04240446537733078, -0.030250800773501396, 0.9986016154289246, -0.36966583132743835, -0.09921223670244217, -0.07477208226919174, 0.920822024345398, 0.13565948605537415, -0.0005948175676167011, -2.3500315027291663e-09, 0.9907553791999817, -0.48164722323417664, 0.0021118582226336002, -9.09948560945395e-09, 0.876362681388855, 0.09566101431846619, 0.819715142250061, -0.09575901925563812, 0.5565485954284668, 0.38213256001472473, -0.35593411326408386, 0.8316055536270142, 0.18899157643318176, -0.31631654500961304, 0.05600962042808533, 0.02297619916498661, 0.9467200636863708, 0.5720834732055664, -0.021970391273498535, 0.07297568768262863, 0.8166469931602478, 0.39564013481140137, 0.010222931392490864, 0.0892171710729599, 0.9140047430992126, 0.462737500667572, -0.4686065912246704, 0.48382803797721863, 0.5763612985610962, -0.32108259201049805, -0.029979797080159187, 0.012569592334330082, 0.9464930891990662, 0.6084331274032593, 0.045310284942388535, 0.021232211962342262, 0.7920260429382324, 0.46510228514671326, 0.004835565574467182, -0.1185009777545929, 0.8772764801979065, -0.50225430727005, -0.5351114273071289, -0.5517345666885376, 0.39621394872665405, -0.09316082298755646, 0.03371881693601608, -0.007597736548632383, 0.9950509667396545, 0.036421239376068115, 0.01275166030973196, -0.008740757592022419, 0.9992169737815857, -0.6185227632522583, 0.26661592721939087, -0.3450733423233032, 0.653658926486969, -0.2142597734928131, -0.3916012644767761, -0.41431522369384766, 0.7931482195854187, 0.3658792972564697, -0.48970913887023926, -0.017049217596650124, 0.7912184596061707, 0.011752961203455925, -0.13233469426631927, 0.22162462770938873, 0.9660392999649048, -0.5437501072883606, -0.4343439042568207, 0.4786338210105896, 0.5353419184684753, -0.5224499106407166, 0.2102571278810501, 0.23960517346858978, 0.790839672088623, 0.43926435708999634, 0.6336318254470825, 0.004213952459394932, 0.6368201375007629, 0.246932253241539, 0.39511388540267944, 0.048578422516584396, 0.8834872245788574, 0.0110686756670475, 0.03483293578028679, -0.039884403347969055, 0.9985356330871582, -0.3587840497493744, -0.09551773965358734, -0.06688467413187027, 0.9261084794998169, 0.1356593668460846, -0.0005948210600763559, -7.997451589858429e-09, 0.9907553791999817, -0.48164722323417664, 0.002111872425302863, -4.848631274256832e-09, 0.876362681388855, 0.09627564251422882, 0.8229413628578186, -0.10127894580364227, 0.5506733655929565, 0.38376691937446594, -0.3460049033164978, 0.8348569273948669, 0.1897827833890915, -0.3243032991886139, 0.05687664821743965, 0.022576000541448593, 0.9439718127250671, 0.5698256492614746, -0.009644926525652409, 0.07098597288131714, 0.8186370730400085, 0.3953356444835663, 0.01038400363177061, 0.08911747485399246, 0.9141444563865662, 0.4547978639602661, -0.48352131247520447, 0.4793708622455597, 0.5740816593170166, -0.3312362730503082, -0.030898263677954674, 0.012546777725219727, 0.9429583549499512, 0.6040276885032654, 0.05442362651228905, 0.017303500324487686, 0.7949146032333374, 0.4807020425796509, 0.00796303991228342, -0.12433665245771408, 0.8679876327514648, -0.5018556714057922, -0.5355828404426575, -0.5518923997879028, 0.39586198329925537, -0.09359224885702133, 0.032803330570459366, -0.007403314579278231, 0.9950425028800964, 0.03678883612155914, 0.012840761803090572, -0.009031347930431366, 0.9991997480392456, -0.6184077858924866, 0.26731643080711365, -0.3451915383338928, 0.6534190773963928, -0.21252693235874176, -0.39174211025238037, -0.4091639220714569, 0.7962131500244141, 0.372719943523407, -0.4993637800216675, -0.018373703584074974, 0.7819067239761353, 0.00436155591160059, -0.11347856372594833, 0.22390873730182648, 0.9679713845252991, -0.5478497743606567, -0.42921385169029236, 0.472968727350235, 0.5403116941452026, -0.518223762512207, 0.19323153793811798, 0.23533152043819427, 0.7992026209831238, 0.4451689124107361, 0.6428112387657166, 0.0057321409694850445, 0.6233663558959961, 0.24581433832645416, 0.3857385516166687, 0.034928858280181885, 0.8885725140571594, 0.013363192789256573, 0.026717636734247208, -0.05001015588641167, 0.9983018636703491, -0.35253360867500305, -0.09128223359584808, -0.060599517077207565, 0.9293628931045532, 0.13565953075885773, -0.0005948186153545976, -8.4637861164083e-09, 0.9907553195953369, -0.4816471040248871, 0.002111858921125531, -3.294412209697839e-08, 0.8763627409934998, 0.09757278114557266, 0.8248047828674316, -0.10519064217805862, 0.54691082239151, 0.3852190673351288, -0.33863210678100586, 0.8366243243217468, 0.1923390030860901, -0.33907854557037354, 0.058627672493457794, 0.02238188497722149, 0.9386626482009888, 0.5644093155860901, 0.002665766514837742, 0.06873609125614166, 0.8226240873336792, 0.39416730403900146, 0.010687539353966713, 0.08884052187204361, 0.9146722555160522, 0.4513217806816101, -0.49352315068244934, 0.4768635332584381, 0.5703900456428528, -0.3508492708206177, -0.03282925486564636, 0.012677536346018314, 0.9357704520225525, 0.5741737484931946, 0.05186615511775017, 0.01468639262020588, 0.8169569969177246, 0.5032286643981934, 0.01476995274424553, -0.1288701444864273, 0.8543624877929688, -0.5023185610771179, -0.535612165927887, -0.5514147281646729, 0.39590078592300415, -0.09386961162090302, 0.03272252902388573, -0.007456955499947071, 0.9950186610221863, 0.037398811429739, 0.01272546499967575, -0.009169721975922585, 0.9991773366928101, -0.618141770362854, 0.2684752643108368, -0.345994770526886, 0.6527705788612366, -0.2135147601366043, -0.3940815329551697, -0.40816062688827515, 0.7953088283538818, 0.37491142749786377, -0.5019634366035461, -0.018881291151046753, 0.7791776061058044, 0.0013289048802107573, -0.10672198981046677, 0.2220873087644577, 0.9691675901412964, -0.5522812604904175, -0.4278099238872528, 0.46751222014427185, 0.5416607856750488, -0.5164114832878113, 0.17991244792938232, 0.23552164435386658, 0.8034178614616394, 0.44908255338668823, 0.6482383012771606, 0.006916746497154236, 0.614869236946106, 0.24569205939769745, 0.3802700340747833, 0.02930629253387451, 0.8911628723144531, 0.014705345965921879, 0.022191714495420456, -0.055600766092538834, 0.9980981349945068, -0.35089075565338135, -0.09015532582998276, -0.057999078184366226, 0.9302601218223572, 0.1356593519449234, -0.0005948139005340636, -7.523772715956056e-09, 0.9907553791999817, -0.4816471040248871, 0.0021118747536092997, -1.7601193391669767e-08, 0.8763627409934998, 0.100462906062603, 0.8249227404594421, -0.10808911919593811, 0.5456432104110718, 0.3869580328464508, -0.33208274841308594, 0.8371782302856445, 0.19778068363666534, -0.3628397285938263, 0.06151715666055679, 0.022359879687428474, 0.9295499324798584, 0.5542612075805664, 0.01686873845756054, 0.06627754867076874, 0.8295283913612366, 0.39009949564933777, 0.011515987105667591, 0.08777663111686707, 0.9165070056915283, 0.45092111825942993, -0.4989921748638153, 0.47585391998291016, 0.5667803883552551, -0.3813471794128418, -0.03583918511867523, 0.01289433240890503, 0.9236469268798828, 0.515596330165863, 0.03678033500909805, 0.014329208992421627, 0.8559219241142273, 0.5074561238288879, 0.015707997605204582, -0.13024935126304626, 0.8516318202018738, -0.504456639289856, -0.5351070761680603, -0.5499467849731445, 0.39590710401535034, -0.09422069787979126, 0.033480074256658554, -0.007659764960408211, 0.994958758354187, 0.03828117996454239, 0.012424381449818611, -0.009168678894639015, 0.9991477131843567, -0.6178765892982483, 0.27007195353507996, -0.34740760922431946, 0.6516116261482239, -0.2173510491847992, -0.3980410099029541, -0.4109618067741394, 0.7908428311347961, 0.3735286593437195, -0.4987296164035797, -0.018882833421230316, 0.7819133996963501, 0.0017433734610676765, -0.1102268248796463, 0.2162151336669922, 0.970102071762085, -0.5572894215583801, -0.4299841821193695, 0.4620523750782013, 0.5394904017448425, -0.5169724225997925, 0.1696099042892456, 0.23998813331127167, 0.8039761781692505, 0.45178017020225525, 0.6508319973945618, 0.00786927156150341, 0.6101233959197998, 0.2462131232023239, 0.3778373599052429, 0.031184295192360878, 0.8919897079467773, 0.015233471989631653, 0.020691849291324615, -0.0567907840013504, 0.9980553984642029, -0.3533214330673218, -0.09224718064069748, -0.05897124111652374, 0.9290730953216553, 0.1356593668460846, -0.0005948165198788047, -2.1620289558654804e-08, 0.9907553791999817, -0.481647253036499, 0.0021118740551173687, -1.5342928705308623e-08, 0.876362681388855, 0.10418039560317993, 0.8240349888801575, -0.10898558050394058, 0.5461089015007019, 0.3886898458003998, -0.32781344652175903, 0.8361093997955322, 0.20586319267749786, -0.3926956057548523, 0.06518960744142532, 0.022518036887049675, 0.9170787930488586, 0.5422802567481995, 0.03174275904893875, 0.06460625678300858, 0.8371084928512573, 0.3840514123439789, 0.01264236494898796, 0.0862041786313057, 0.9191917777061462, 0.45471927523612976, -0.5003924369812012, 0.476876825094223, 0.5616284608840942, -0.41885852813720703, -0.03955930098891258, 0.013001972809433937, 0.907096266746521, 0.4380282461643219, 0.016007885336875916, 0.015337429009377956, 0.8986877799034119, 0.514708936214447, 0.017354553565382957, -0.13247837126255035, 0.8468902111053467, -0.5074658393859863, -0.5332086086273193, -0.5483947396278381, 0.39677494764328003, -0.09456799179315567, 0.03453892469406128, -0.007708052173256874, 0.9948891997337341, 0.03910936415195465, 0.011969496496021748, -0.00912437029182911, 0.9991216063499451, -0.617573618888855, 0.2720407247543335, -0.3493841886520386, 0.6500211358070374, -0.2236839234828949, -0.40268033742904663, -0.4157537519931793, 0.7841956615447998, 0.3700222074985504, -0.4922100901603699, -0.01850234717130661, 0.7876994609832764, 0.004256072454154491, -0.11931344121694565, 0.20729753375053406, 0.9709654450416565, -0.5628028512001038, -0.43371546268463135, 0.45641961693763733, 0.5355606079101562, -0.518479585647583, 0.16093213856220245, 0.24728208780288696, 0.8025779128074646, 0.4535682499408722, 0.6516761183738708, 0.008693455718457699, 0.6078804731369019, 0.24778804183006287, 0.37755224108695984, 0.037048328667879105, 0.8914498686790466, 0.01527273841202259, 0.020490260794758797, -0.05640232935547829, 0.9980809688568115, -0.35861936211586, -0.09561865031719208, -0.06174544245004654, 0.9265186190605164, 0.13565944135189056, -0.0005948236212134361, -1.692022699728568e-08, 0.9907553791999817, -0.481647253036499, 0.0021118754521012306, -2.0590078531057543e-09, 0.876362681388855, 0.10854396224021912, 0.8231905698776245, -0.10788901150226593, 0.546750009059906, 0.38831275701522827, -0.32868239283561707, 0.8333299160003662, 0.21619991958141327, -0.41912007331848145, 0.06844726949930191, 0.022710513323545456, 0.905062198638916, 0.5351356267929077, 0.04201153293251991, 0.0648258849978447, 0.8412268161773682, 0.37976980209350586, 0.013315517455339432, 0.08518456667661667, 0.9210544228553772, 0.46417945623397827, -0.4954703748226166, 0.4828874170780182, 0.5530518889427185, -0.46238619089126587, -0.043942712247371674, 0.012771783396601677, 0.885496973991394, 0.35855552554130554, -0.006241138558834791, 0.01590830646455288, 0.933351993560791, 0.5210281014442444, 0.018851760774850845, -0.1342156082391739, 0.8427102565765381, -0.5109872817993164, -0.5301799178123474, -0.5470486879348755, 0.3981696665287018, -0.09477373212575912, 0.03534567728638649, -0.007509605027735233, 0.9948428273200989, 0.039564575999975204, 0.011490101926028728, -0.009138243272900581, 0.999109148979187, -0.6171905994415283, 0.2743837833404541, -0.3518464267253876, 0.6480690240859985, -0.23214015364646912, -0.4071873724460602, -0.4206113815307617, 0.7767853736877441, 0.3651782274246216, -0.48394519090652466, -0.01777506433427334, 0.7950635552406311, 0.008321812376379967, -0.13047412037849426, 0.19621077179908752, 0.9718068838119507, -0.5684767961502075, -0.4368325471878052, 0.45077261328697205, 0.531804084777832, -0.5193703174591064, 0.1536729633808136, 0.25567367672920227, 0.8007934093475342, 0.4540828466415405, 0.6508204340934753, 0.009200559929013252, 0.6084052324295044, 0.25146180391311646, 0.37941429018974304, 0.043692052364349365, 0.8893271684646606, 0.015053931623697281, 0.020507724955677986, -0.0576607771217823, 0.9980120658874512, -0.3657006621360779, -0.09798392653465271, -0.0641578808426857, 0.9233341217041016, 0.13565941154956818, -0.0005948120378889143, -1.880025246592254e-09, 0.9907553791999817, -0.48164722323417664, 0.0021118721924722195, -3.7194980428978397e-09, 0.876362681388855, 0.11354859918355942, 0.8231061100959778, -0.10622607916593552, 0.5461859703063965, 0.3844950795173645, -0.33450672030448914, 0.8296282291412354, 0.2280040979385376, -0.4372008740901947, 0.0706091895699501, 0.02278386987745762, 0.8962982892990112, 0.5386711955070496, 0.04370904341340065, 0.06744705140590668, 0.8386738300323486, 0.3831847906112671, 0.012910920195281506, 0.08770395070314407, 0.919407844543457, 0.47890886664390564, -0.48271024227142334, 0.49582067131996155, 0.5401843190193176, -0.5113239884376526, -0.04897398129105568, 0.011986028403043747, 0.8579077124595642, 0.2916743755340576, -0.027747677639126778, 0.013760387897491455, 0.9560161232948303, 0.5157956480979919, 0.017855407670140266, -0.13203883171081543, 0.8462870717048645, -0.5150091648101807, -0.5269567966461182, -0.5455092787742615, 0.39937683939933777, -0.09472702443599701, 0.03547634556889534, -0.00702805258333683, 0.9948461651802063, 0.039613161236047745, 0.011113863438367844, -0.009285070933401585, 0.9991101622581482, -0.6167076230049133, 0.2770214080810547, -0.35455673933029175, 0.6459260582923889, -0.24212132394313812, -0.41100189089775085, -0.4243909418582916, 0.7696409225463867, 0.3598175644874573, -0.47531673312187195, -0.01682164892554283, 0.8026970028877258, 0.013724842108786106, -0.14049454033374786, 0.183945432305336, 0.9727471470832825, -0.5742499232292175, -0.43776485323905945, 0.4449545741081238, 0.5297306180000305, -0.5183504819869995, 0.1471187174320221, 0.2638944983482361, 0.8000178337097168, 0.4532654583454132, 0.6484912633895874, 0.009419843554496765, 0.6114906072616577, 0.2579137682914734, 0.3832416832447052, 0.048463884741067886, 0.885583221912384, 0.014894593507051468, 0.01987442933022976, -0.06303410977125168, 0.9977023005485535, -0.37374305725097656, -0.09774062782526016, -0.06442273408174515, 0.9201155304908752, 0.13565945625305176, -0.0005948178004473448, -1.3160176948190383e-08, 0.9907553791999817, -0.4816471040248871, 0.002111859619617462, -3.254560398957551e-09, 0.8763627409934998, 0.1193399727344513, 0.8232986330986023, -0.1046321764588356, 0.5449674129486084, 0.3768286108970642, -0.3453895151615143, 0.8246647715568542, 0.2421453893184662, -0.4474904239177704, 0.07179316878318787, 0.022460544481873512, 0.8911193013191223, 0.5536260604858398, 0.0362609326839447, 0.07256107777357101, 0.8288053274154663, 0.3885398805141449, 0.011619116179645061, 0.09132716059684753, 0.9168211817741394, 0.5012488961219788, -0.456685334444046, 0.5190234184265137, 0.5203871726989746, -0.5720115303993225, -0.055849719792604446, 0.009542285464704037, 0.8182864189147949, 0.23048049211502075, -0.05290534347295761, 0.007884254679083824, 0.9716057181358337, 0.4759777784347534, 0.00949532724916935, -0.11872535198926926, 0.871354877948761, -0.5198029279708862, -0.5240193605422974, -0.5425737500190735, 0.4010266661643982, -0.09471333026885986, 0.035097118467092514, -0.006155498791486025, 0.994866669178009, 0.038859836757183075, 0.010516325943171978, -0.009508832357823849, 0.9991440773010254, -0.6159951686859131, 0.2804017961025238, -0.3572418689727783, 0.6436637043952942, -0.2541868984699249, -0.4144863486289978, -0.42870616912841797, 0.7614467144012451, 0.35434848070144653, -0.46469470858573914, -0.01602838560938835, 0.8113193511962891, 0.0218085665255785, -0.1500047743320465, 0.1712305098772049, 0.9735004305839539, -0.5803900361061096, -0.43662938475608826, 0.43837064504623413, 0.5294651985168457, -0.5158554315567017, 0.14027580618858337, 0.27301254868507385, 0.7998000383377075, 0.4512454867362976, 0.6444680094718933, 0.009889590553939342, 0.6172040700912476, 0.26790735125541687, 0.3894596993923187, 0.05178031325340271, 0.8796963095664978, 0.015104730613529682, 0.01920226216316223, -0.07277882099151611, 0.9970487952232361, -0.38424375653266907, -0.0953080952167511, -0.06273114681243896, 0.9161539077758789, 0.13565942645072937, -0.0005948178004473448, -1.9740264534107155e-08, 0.9907553791999817, -0.4816471040248871, 0.002111883834004402, -3.606584186854889e-08, 0.8763627409934998, 0.1252215951681137, 0.8234054446220398, -0.10036766529083252, 0.5442879796028137, 0.3659559190273285, -0.36438724398612976, 0.8160891532897949, 0.2594161629676819, -0.44794267416000366, 0.07177004963159561, 0.021975841373205185, 0.8909059762954712, 0.5720908641815186, 0.024355296045541763, 0.07851212471723557, 0.8160605430603027, 0.38712531328201294, 0.010429096408188343, 0.09069027006626129, 0.9174968600273132, 0.5277319550514221, -0.423423171043396, 0.5446979999542236, 0.4954954981803894, -0.6326203346252441, -0.06270226091146469, 0.0056782918982207775, 0.7718988060951233, 0.1743502914905548, -0.08047251403331757, -0.0009030575165525079, 0.9813895225524902, 0.40792736411094666, -0.0043281144462525845, -0.09636832028627396, 0.9079040288925171, -0.525014340877533, -0.5188068151473999, -0.5404626727104187, 0.40385597944259644, -0.09432153403759003, 0.03423500061035156, -0.005146617069840431, 0.9949396848678589, 0.03790593892335892, 0.010107002221047878, -0.009776568040251732, 0.9991823434829712, -0.6152951121330261, 0.2835955023765564, -0.360455185174942, 0.6411377787590027, -0.2665165066719055, -0.41781866550445557, -0.4324604570865631, 0.7532426714897156, 0.3470064401626587, -0.452903151512146, -0.014716222882270813, 0.8211265206336975, 0.03240746632218361, -0.16046302020549774, 0.15754196047782898, 0.9738490581512451, -0.5868402719497681, -0.4345349371433258, 0.4318534731864929, 0.5294342637062073, -0.5120276212692261, 0.13514743745326996, 0.2824905216693878, 0.7998512387275696, 0.4478769600391388, 0.638710081577301, 0.009819633327424526, 0.6255872249603271, 0.2797831594944, 0.3974171280860901, 0.05488017201423645, 0.8722208738327026, 0.014937736093997955, 0.018117548897862434, -0.08470745384693146, 0.9961291551589966, -0.395844042301178, -0.09151817113161087, -0.060110773891210556, 0.911766767501831, 0.13565953075885773, -0.000594812911003828, -6.5800884740951915e-09, 0.9907553791999817, -0.4816471040248871, 0.0021118882577866316, -3.1350051443723714e-08, 0.8763627409934998, 0.1288338005542755, 0.8244597315788269, -0.09548714011907578, 0.5427248477935791, 0.3535527288913727, -0.38756805658340454, 0.805643618106842, 0.2751905918121338, -0.44139769673347473, 0.0709279477596283, 0.02174510806798935, 0.894239604473114, 0.5891929268836975, 0.012876830995082855, 0.08379059284925461, 0.8035328388214111, 0.38410475850105286, 0.010686149820685387, 0.08817692846059799, 0.9190071821212769, 0.5501176714897156, -0.39358553290367126, 0.5656647086143494, 0.47168248891830444, -0.6764891147613525, -0.0677943229675293, 0.001454644137993455, 0.7333241701126099, 0.14186811447143555, -0.1021442860364914, -0.010136072523891926, 0.9845492243766785, 0.35470160841941833, -0.014774900861084461, -0.07914134860038757, 0.931506872177124, -0.5284066796302795, -0.513942539691925, -0.5393106341362, 0.40717771649360657, -0.09376387298107147, 0.03328624740242958, -0.0039030362386256456, 0.9950302243232727, 0.03719842806458473, 0.009786739945411682, -0.010039306245744228, 0.9992095232009888, -0.6143209934234619, 0.286674439907074, -0.3637906610965729, 0.638814389705658, -0.2767474353313446, -0.42033764719963074, -0.4348849356174469, 0.746727705001831, 0.3393455743789673, -0.4418123662471771, -0.013185406103730202, 0.8303448557853699, 0.04301418736577034, -0.17160655558109283, 0.14620479941368103, 0.9733062982559204, -0.5917713046073914, -0.43206101655960083, 0.42688459157943726, 0.5299996137619019, -0.5086082816123962, 0.13441330194473267, 0.29018476605415344, 0.7994019985198975, 0.4437980651855469, 0.6322777271270752, 0.009331854060292244, 0.6349654197692871, 0.28978946805000305, 0.40404751896858215, 0.05827751010656357, 0.8656623959541321, 0.014758267439901829, 0.0170197281986475, -0.09582166373729706, 0.9951435923576355, -0.4055950343608856, -0.08746111392974854, -0.05802350863814354, 0.9080068469047546, 0.13565945625305176, -0.0005948242032900453, -3.196410247596759e-08, 0.9907553791999817, -0.48164719343185425, 0.0021118943113833666, -2.7232038846136675e-09, 0.876362681388855, 0.13002562522888184, 0.8268550634384155, -0.09292454272508621, 0.5392301678657532, 0.3409837782382965, -0.40960395336151123, 0.7959555983543396, 0.28707027435302734, -0.4317549169063568, 0.06976776570081711, 0.021931836381554604, 0.8990212082862854, 0.6007707118988037, 0.0054380143992602825, 0.08747578412294388, 0.7946023941040039, 0.38393905758857727, 0.011901838704943657, 0.08726353198289871, 0.9191486239433289, 0.5648216605186462, -0.37233591079711914, 0.5800085067749023, 0.45379793643951416, -0.7035704255104065, -0.07102315872907639, -0.001098726294003427, 0.7070666551589966, 0.14964574575424194, -0.1108410432934761, -0.01756472699344158, 0.98235023021698, 0.3433505892753601, -0.01695821061730385, -0.07559089362621307, 0.9360069036483765, -0.5298692584037781, -0.5120850801467896, -0.5381600260734558, 0.40913495421409607, -0.09339094907045364, 0.03268338367342949, -0.0024153583217412233, 0.9950900077819824, 0.03718696907162666, 0.009490983560681343, -0.01023399643599987, 0.9992108345031738, -0.6130017042160034, 0.2897765338420868, -0.36685749888420105, 0.6369255185127258, -0.2837039828300476, -0.42116686701774597, -0.43607059121131897, 0.7429488301277161, 0.3329133987426758, -0.43293890357017517, -0.011827227659523487, 0.8376113176345825, 0.05150948092341423, -0.18321584165096283, 0.13891370594501495, 0.971844494342804, -0.5941226482391357, -0.42982304096221924, 0.42416974902153015, 0.5313667058944702, -0.5069339275360107, 0.13943016529083252, 0.29491156339645386, 0.797874927520752, 0.43965598940849304, 0.6260946989059448, 0.008635773323476315, 0.6439204812049866, 0.29576364159584045, 0.407742440700531, 0.06269299238920212, 0.8615913391113281, 0.014927108772099018, 0.01626795157790184, -0.10395243763923645, 0.9943371415138245, -0.4116699993610382, -0.08401381224393845, -0.05757025256752968, 0.9056242108345032, 0.13565948605537415, -0.0005948197795078158, 7.990107242505928e-09, 0.9907553791999817, -0.48164719343185425, 0.002111882669851184, -5.977764394593521e-10, 0.876362681388855, 0.12929971516132355, 0.8305625319480896, -0.0924760028719902, 0.5337562561035156, 0.3273982107639313, -0.431803822517395, 0.7865703105926514, 0.2960794270038605, -0.41635486483573914, 0.06797588616609573, 0.022328637540340424, 0.9063825607299805, 0.6077660918235779, 0.0011319268960505724, 0.08999265730381012, 0.788999617099762, 0.38277021050453186, 0.011658059433102608, 0.08964138478040695, 0.9194104075431824, 0.5744569897651672, -0.35763999819755554, 0.5896851420402527, 0.44086766242980957, -0.7203275561332703, -0.07305464893579483, -0.0016305368626490235, 0.6897742748260498, 0.20340952277183533, -0.10524759441614151, -0.022732101380825043, 0.9731550812721252, 0.35809779167175293, -0.014157397672533989, -0.08053858578205109, 0.9300962686538696, -0.5299349427223206, -0.5131201148033142, -0.536769688129425, 0.40957900881767273, -0.09317930787801743, 0.032450053840875626, -0.000665609841234982, 0.9951201677322388, 0.03783417493104935, 0.009220335632562637, -0.010373870842158794, 0.9991876482963562, -0.6113707423210144, 0.29296228289604187, -0.36971718072891235, 0.6353803277015686, -0.28851214051246643, -0.41995710134506226, -0.4361216723918915, 0.7417510747909546, 0.3274877965450287, -0.42594319581985474, -0.010582517832517624, 0.8433339595794678, 0.05802929773926735, -0.19601008296012878, 0.13462978601455688, 0.9695810675621033, -0.5939351916313171, -0.4275985658168793, 0.42368951439857483, 0.5337488055229187, -0.5071144104003906, 0.15078571438789368, 0.2969559133052826, 0.7949313521385193, 0.4350441098213196, 0.619426965713501, 0.007613334804773331, 0.6534439325332642, 0.29835009574890137, 0.4090324342250824, 0.06873638182878494, 0.8596249222755432, 0.015419553965330124, 0.015826934948563576, -0.10954373329877853, 0.9937363266944885, -0.4146164655685425, -0.08110307902097702, -0.05878626927733421, 0.9044665694236755, 0.13565947115421295, -0.0005948214093223214, -2.490666339838299e-08, 0.9907553791999817, -0.4816471040248871, 0.002111881971359253, -1.693699758220646e-08, 0.8763627409934998, 0.12678982317447662, 0.8349917531013489, -0.09276549518108368, 0.5273591876029968, 0.3133598268032074, -0.4551643133163452, 0.7764266133308411, 0.30297327041625977, -0.3959839642047882, 0.06563948094844818, 0.02274559624493122, 0.9156259298324585, 0.6118922233581543, -0.0015857636462897062, 0.09197896718978882, 0.7855731844902039, 0.38027310371398926, 0.009781008586287498, 0.09413605183362961, 0.9200190901756287, 0.5812505483627319, -0.3463842570781708, 0.5967169404029846, 0.4313868284225464, -0.7269124984741211, -0.07391146570444107, -0.00071560317883268, 0.6827406883239746, 0.2813360095024109, -0.08995873481035233, -0.02541184425354004, 0.9550454020500183, 0.3810271918773651, -0.009819475933909416, -0.0881827101111412, 0.9202965497970581, -0.528838038444519, -0.5155563354492188, -0.5355151891708374, 0.4095798134803772, -0.09304286539554596, 0.032291918992996216, 0.001288702362217009, 0.9951375126838684, 0.03879541903734207, 0.008927980437874794, -0.01048447284847498, 0.9991523027420044, -0.6094896197319031, 0.29620498418807983, -0.3725203275680542, 0.6340455412864685, -0.2921925187110901, -0.4174925684928894, -0.4351388216018677, 0.7422787547111511, 0.32300692796707153, -0.4206547439098358, -0.00942049827426672, 0.8477189540863037, 0.06292836368083954, -0.20899353921413422, 0.13194012641906738, 0.9669299721717834, -0.5920552611351013, -0.42532289028167725, 0.42472565174102783, 0.5368231534957886, -0.5080208778381348, 0.16599036753177643, 0.297151118516922, 0.7912415862083435, 0.4301344156265259, 0.6126118898391724, 0.006477111950516701, 0.6630603671073914, 0.2987971007823944, 0.40870901942253113, 0.0753282979130745, 0.8590709567070007, 0.016082454472780228, 0.015566670335829258, -0.11371518671512604, 0.9932612776756287, -0.41538599133491516, -0.07806245982646942, -0.06073524057865143, 0.9042521715164185, 0.13565939664840698, -0.0005948244943283498, -1.5043873702325072e-08, 0.9907553791999817, -0.48164722323417664, 0.002111898036673665, -1.3350340388740278e-08, 0.876362681388855, 0.12272784113883972, 0.8389673829078674, -0.09234348684549332, 0.5220577716827393, 0.30068981647491455, -0.47934386134147644, 0.7645660638809204, 0.3086322844028473, -0.374663770198822, 0.06321413815021515, 0.02305777557194233, 0.9247158765792847, 0.6139503717422485, -0.0035668339114636183, 0.09383197873830795, 0.7837396264076233, 0.38087958097457886, 0.007925453595817089, 0.0980173721909523, 0.9193805456161499, 0.5859765410423279, -0.33560481667518616, 0.6026236414909363, 0.42525944113731384, -0.7191027402877808, -0.073124960064888, 0.0007146536372601986, 0.6910452246665955, 0.35283708572387695, -0.07186493277549744, -0.025607716292142868, 0.9325693845748901, 0.39699581265449524, -0.006907359696924686, -0.09358713030815125, 0.9130104780197144, -0.5270839333534241, -0.5173964500427246, -0.5348496437072754, 0.410389244556427, -0.09302448481321335, 0.03180456906557083, 0.0033543272875249386, 0.995150089263916, 0.03961734101176262, 0.008560413494706154, -0.010583505965769291, 0.9991222023963928, -0.6074713468551636, 0.2994115352630615, -0.37541690468788147, 0.6327665448188782, -0.29491832852363586, -0.41486141085624695, -0.43308326601982117, 0.7438763976097107, 0.32027938961982727, -0.4180057942867279, -0.008510442450642586, 0.8500704765319824, 0.06581597775220871, -0.21966786682605743, 0.130033478140831, 0.964627206325531, -0.589435338973999, -0.42327558994293213, 0.42656171321868896, 0.5398601293563843, -0.5081181526184082, 0.18139511346817017, 0.29620078206062317, 0.7881477475166321, 0.42617928981781006, 0.6071941256523132, 0.005466388538479805, 0.6705644130706787, 0.29804784059524536, 0.4066958725452423, 0.0808563381433487, 0.8597838282585144, 0.016707677394151688, 0.015401446260511875, -0.117186039686203, 0.9928500056266785, -0.4142022132873535, -0.07398056238889694, -0.062157806009054184, 0.9050413370132446, 0.13565948605537415, -0.0005948258913122118, -1.7863911239146546e-08, 0.9907553791999817, -0.48164722323417664, 0.0021118721924722195, 1.1291333423812944e-09, 0.876362681388855, 0.11792346835136414, 0.8415737748146057, -0.09086279571056366, 0.5192221403121948, 0.29033640027046204, -0.5029388666152954, 0.7509746551513672, 0.3143157362937927, -0.35631516575813293, 0.061123210936784744, 0.023248370736837387, 0.9320745468139648, 0.6145132780075073, -0.005839862395077944, 0.09583178907632828, 0.7830425500869751, 0.38697269558906555, 0.006940801162272692, 0.100265271961689, 0.9165974259376526, 0.5891438126564026, -0.3221651613712311, 0.6092804670333862, 0.4217778146266937, -0.6975143551826477, -0.07078137248754501, 0.0018277540802955627, 0.7130640745162964, 0.39910414814949036, -0.057318314909935, -0.024489253759384155, 0.9147845506668091, 0.3998763859272003, -0.00663768732920289, -0.09473977982997894, 0.9116354584693909, -0.5256034135818481, -0.5175686478614807, -0.5346776247024536, 0.4122907817363739, -0.09326019883155823, 0.030656229704618454, 0.005471420008689165, 0.9951546788215637, 0.04006567224860191, 0.008133149705827236, -0.010688764043152332, 0.999106764793396, -0.6054759621620178, 0.30254247784614563, -0.3784331679344177, 0.6313915252685547, -0.2969192564487457, -0.41281163692474365, -0.42979276180267334, 0.7461258172988892, 0.3197249174118042, -0.4183274209499359, -0.007977493107318878, 0.8501262068748474, 0.06638588756322861, -0.2266043871641159, 0.12819665670394897, 0.9632284045219421, -0.5868871212005615, -0.4217504560947418, 0.4285595118999481, 0.5422425270080566, -0.5059548616409302, 0.19454103708267212, 0.29487186670303345, 0.786901593208313, 0.4239864945411682, 0.6043515801429749, 0.004886710084974766, 0.6745151877403259, 0.29654932022094727, 0.4027704894542694, 0.08401427417993546, 0.861844539642334, 0.0171645674854517, 0.015509102493524551, -0.12057112157344818, 0.992435097694397, -0.41131481528282166, -0.06815474480390549, -0.0621703565120697, 0.9068130254745483, 0.13565951585769653, -0.0005948169273324311, -1.2223837053682018e-08, 0.9907553195953369, -0.4816471040248871, 0.002111864974722266, -1.653848080707121e-08, 0.8763627409934998, 0.11178851127624512, 0.8427609801292419, -0.08840984851121902, 0.5190771222114563, 0.2829914093017578, -0.525490939617157, 0.7358739972114563, 0.31978848576545715, -0.34159013628959656, 0.059457048773765564, 0.023403076454997063, 0.9376744627952576, 0.6123461723327637, -0.008439365774393082, 0.09790486842393875, 0.7844587564468384, 0.3972660303115845, 0.0057136365212500095, 0.10346149653196335, 0.9118348360061646, 0.5898661613464355, -0.3070554733276367, 0.6161473393440247, 0.42206326127052307, -0.6570307016372681, -0.06635014712810516, 0.0031932294368743896, 0.7509315013885498, 0.42408061027526855, -0.04410769045352936, -0.02075650729238987, 0.90431147813797, 0.39799967408180237, -0.00736846961081028, -0.09435547888278961, 0.9124905467033386, -0.5242040753364563, -0.5162116885185242, -0.5350726246833801, 0.415250688791275, -0.0938710868358612, 0.028661685064435005, 0.0077209556475281715, 0.9951417446136475, 0.04018428549170494, 0.007661542389541864, -0.010796206071972847, 0.9991046190261841, -0.6034818291664124, 0.3055814504623413, -0.38151925802230835, 0.6299784183502197, -0.2981112599372864, -0.41092371940612793, -0.424383282661438, 0.7497801184654236, 0.321945458650589, -0.422570139169693, -0.007877679541707039, 0.8471856713294983, 0.06341555714607239, -0.2296096831560135, 0.12662579119205475, 0.962924599647522, -0.5839038491249084, -0.42089182138442993, 0.43125471472740173, 0.5439905524253845, -0.5010090470314026, 0.20666402578353882, 0.29262080788612366, 0.7878153324127197, 0.4238303303718567, 0.6045111417770386, 0.004700545687228441, 0.6744716763496399, 0.2936149835586548, 0.39567187428474426, 0.08468519896268845, 0.8660614490509033, 0.01745281182229519, 0.016268743202090263, -0.12345387041568756, 0.9920634627342224, -0.4056306779384613, -0.06020369008183479, -0.060869231820106506, 0.910018801689148, 0.13565948605537415, -0.0005948221078142524, -6.110082217958279e-09, 0.9907553791999817, -0.48164722323417664, 0.0021118877921253443, -1.859748977039999e-08, 0.876362681388855, 0.10539698600769043, 0.8426229953765869, -0.08408632129430771, 0.5213515758514404, 0.27660977840423584, -0.549031138420105, 0.7176914811134338, 0.3270639181137085, -0.32744544744491577, 0.05760064348578453, 0.023816457018256187, 0.9428119659423828, 0.6097655296325684, -0.010865358635783195, 0.0998883992433548, 0.7861871719360352, 0.40864744782447815, 0.003482566215097904, 0.1077381893992424, 0.9063044190406799, 0.5878263115882874, -0.29383566975593567, 0.6207975745201111, 0.4274706542491913, -0.5956762433052063, -0.058995719999074936, 0.005277958698570728, 0.8010377287864685, 0.43771207332611084, -0.0309788528829813, -0.015854407101869583, 0.8984414935112, 0.39620766043663025, -0.008038540370762348, -0.09376022219657898, 0.9133257269859314, -0.5236658453941345, -0.512058675289154, -0.5366871356964111, 0.41897130012512207, -0.09425514936447144, 0.026387503370642662, 0.009936769492924213, 0.9951487183570862, 0.040474679321050644, 0.007494430057704449, -0.011198902502655983, 0.9990897178649902, -0.6018984317779541, 0.30781158804893494, -0.3848334848880768, 0.6283896565437317, -0.2985672652721405, -0.4084068834781647, -0.41740143299102783, 0.7548757791519165, 0.3259344696998596, -0.4314211308956146, -0.007902845740318298, 0.8411778211593628, 0.058000579476356506, -0.22812803089618683, 0.12416515499353409, 0.9639380574226379, -0.5809351801872253, -0.42050448060035706, 0.4347858130931854, 0.5446574091911316, -0.4947817325592041, 0.21815510094165802, 0.289201021194458, 0.789912760257721, 0.42490220069885254, 0.6067056655883789, 0.004343794193118811, 0.671824038028717, 0.2890963852405548, 0.38788995146751404, 0.08390216529369354, 0.8711631298065186, 0.017028052359819412, 0.016330111771821976, -0.12552523612976074, 0.9918099045753479, -0.39735785126686096, -0.050974734127521515, -0.05852847918868065, 0.9143756031990051, 0.13565956056118011, -0.0005948225734755397, -2.346359551097521e-09, 0.9907553791999817, -0.4816471338272095, 0.0021118801087141037, -1.0627135615948191e-08, 0.8763627409934998, 0.09721718728542328, 0.8422796130180359, -0.07939238101243973, 0.5242239236831665, 0.26928290724754333, -0.5749832987785339, 0.6966648697853088, 0.33397454023361206, -0.31186971068382263, 0.05592712014913559, 0.023968227207660675, 0.9481745362281799, 0.6126349568367004, -0.012392058968544006, 0.10183237493038177, 0.7836804389953613, 0.4179541766643524, 0.0005390167934820056, 0.11043564230203629, 0.9017305970191956, 0.5830752849578857, -0.27996864914894104, 0.6259303092956543, 0.43572017550468445, -0.5133633613586426, -0.05028185248374939, 0.006811588071286678, 0.8566699624061584, 0.45007753372192383, -0.01869412325322628, -0.011889470741152763, 0.8927146196365356, 0.394388347864151, -0.00881742313504219, -0.09328894317150116, 0.9141538739204407, -0.5215314626693726, -0.5073773860931396, -0.5382803678512573, 0.42523816227912903, -0.09466328471899033, 0.02498715929687023, 0.012377413921058178, 0.9951187372207642, 0.03984907642006874, 0.007171918172389269, -0.011358805932104588, 0.9991154074668884, -0.5998640656471252, 0.3106458783149719, -0.3881438970565796, 0.6269024014472961, -0.2999011278152466, -0.4050022065639496, -0.41234785318374634, 0.7589478492736816, 0.3344617784023285, -0.44481849670410156, -0.008822755888104439, 0.8307791352272034, 0.05121849477291107, -0.21856121718883514, 0.12211664021015167, 0.9667963981628418, -0.5779657959938049, -0.4192374348640442, 0.43774938583374023, 0.5464165806770325, -0.4925645589828491, 0.22561363875865936, 0.28456735610961914, 0.7908856272697449, 0.42764797806739807, 0.6114459037780762, 0.004387031774967909, 0.6657565832138062, 0.2823970317840576, 0.3834049701690674, 0.08225971460342407, 0.8754917979240417, 0.01727551966905594, 0.014327578246593475, -0.12783516943454742, 0.9915414452552795, -0.3883529007434845, -0.04252076894044876, -0.05504462495446205, 0.9188820123672485, 0.1356595754623413, -0.0005948134930804372, -7.343848619500992e-12, 0.9907553791999817, -0.4816471040248871, 0.0021118703298270702, -1.4944410153816534e-08, 0.8763627409934998, 0.08815226703882217, 0.8409234285354614, -0.07249815762042999, 0.5289811491966248, 0.2597768306732178, -0.6058102250099182, 0.6693302392959595, 0.3427930176258087, -0.2930658757686615, 0.05398352071642876, 0.024254493415355682, 0.9542587995529175, 0.6241137385368347, -0.011352051049470901, 0.10364510864019394, 0.7743454575538635, 0.42215514183044434, 0.0012691826559603214, 0.10674221068620682, 0.9002164006233215, 0.575165331363678, -0.26583755016326904, 0.6292321085929871, 0.4500913619995117, -0.39398306608200073, -0.03764122352004051, 0.008417800068855286, 0.9183080196380615, 0.4618556499481201, -0.007905474863946438, -0.007714999374002218, 0.8868863582611084, 0.3932857811450958, -0.00951843336224556, -0.0927516520023346, 0.9146763682365417, -0.519072413444519, -0.4993969202041626, -0.5407924652099609, 0.4344078004360199, -0.09467609226703644, 0.024746129289269447, 0.015116863884031773, 0.9950856566429138, 0.03856753185391426, 0.007104219403117895, -0.011605633422732353, 0.9991633892059326, -0.597918689250946, 0.3133072853088379, -0.39163416624069214, 0.6252635717391968, -0.3026198744773865, -0.4002150893211365, -0.4085417687892914, 0.7624583840370178, 0.3479464054107666, -0.46527528762817383, -0.010590940713882446, 0.8138427734375, 0.04213178530335426, -0.1970105618238449, 0.1180042028427124, 0.9723614454269409, -0.5755627155303955, -0.4171375036239624, 0.440359890460968, 0.5484589338302612, -0.4949989914894104, 0.22803165018558502, 0.2779901921749115, 0.791011393070221, 0.4325099289417267, 0.6193597316741943, 0.0044362107291817665, 0.6552168130874634, 0.2726498544216156, 0.3843454122543335, 0.07917413115501404, 0.8784487247467041, 0.017537182196974754, 0.008520757779479027, -0.12999838590621948, 0.9913224577903748, -0.3775487244129181, -0.034447576850652695, -0.04975104704499245, 0.9240103960037231, 0.13565953075885773, -0.0005948237958364189, -1.3633854933914336e-08, 0.9907553791999817, -0.48164722323417664, 0.0021118829026818275, -3.141647297866257e-08, 0.876362681388855, 0.08122894912958145, 0.8383836150169373, -0.06499753892421722, 0.5350608825683594, 0.2465306520462036, -0.6359720826148987, 0.638702392578125, 0.35611996054649353, -0.27411091327667236, 0.05189226195216179, 0.024360286071896553, 0.959987998008728, 0.6335749626159668, -0.013713021762669086, 0.10601083934307098, 0.7662613391876221, 0.4306144416332245, 0.0015530225355178118, 0.10267925262451172, 0.8966748714447021, 0.5689135789871216, -0.25267642736434937, 0.6314662098884583, 0.46232280135154724, -0.2841496169567108, -0.025983793660998344, 0.009916577488183975, 0.9583765268325806, 0.46960708498954773, 0.00468644592911005, -0.0016857723239809275, 0.8828614950180054, 0.39344483613967896, -0.009708669036626816, -0.09247682243585587, 0.9146337509155273, -0.5180410146713257, -0.4904332458972931, -0.5427972674369812, 0.44326066970825195, -0.09473591297864914, 0.025100568309426308, 0.017435576766729355, 0.9950332045555115, 0.03706023842096329, 0.007286921609193087, -0.011869583278894424, 0.9992159605026245, -0.5962351560592651, 0.3159756362438202, -0.3951302170753479, 0.6233259439468384, -0.3038226366043091, -0.3971407115459442, -0.4064359962940216, 0.7647096514701843, 0.36141592264175415, -0.4851100742816925, -0.01267306599766016, 0.7961696982383728, 0.03366119787096977, -0.1733124852180481, 0.1150427982211113, 0.9775453209877014, -0.5733339786529541, -0.41473597288131714, 0.44302427768707275, 0.5504651665687561, -0.4988904297351837, 0.2276420295238495, 0.2725188136100769, 0.7905826568603516, 0.43818798661231995, 0.6283772587776184, 0.004709212575107813, 0.6427373290061951, 0.26313069462776184, 0.38570281863212585, 0.07532583922147751, 0.8810911178588867, 0.017630020156502724, 0.0025970563292503357, -0.13208143413066864, 0.9910786747932434, -0.3673764765262604, -0.027561143040657043, -0.04468502104282379, 0.9285893440246582, 0.13565948605537415, -0.0005948173929937184, 1.1276479305877274e-08, 0.9907553791999817, -0.4816471338272095, 0.0021118763834238052, 0.0, 0.8763627409934998, 0.07791604846715927, 0.8363211154937744, -0.060273006558418274, 0.5393174290657043, 0.23144720494747162, -0.6575527787208557, 0.6141138672828674, 0.37002795934677124, -0.2589251399040222, 0.04999372735619545, 0.02419549971818924, 0.9642992615699768, 0.630969226360321, -0.023534629493951797, 0.10805775225162506, 0.7678850889205933, 0.44471099972724915, -0.0012786822626367211, 0.1060638427734375, 0.8893710970878601, 0.5657562613487244, -0.24557019770145416, 0.6346008777618408, 0.46572187542915344, -0.23180429637432098, -0.02036457508802414, 0.010706542991101742, 0.9724903106689453, 0.4715258777141571, 0.014896738342940807, 0.001265502069145441, 0.8817254900932312, 0.3938797414302826, -0.009569104760885239, -0.09252361953258514, 0.91444331407547, -0.5181164741516113, -0.48516687750816345, -0.5435038805007935, 0.44807592034339905, -0.09498195350170135, 0.025517718866467476, 0.018525050953030586, 0.9949795007705688, 0.03627559915184975, 0.007430185563862324, -0.012029887177050114, 0.9992417693138123, -0.5946586728096008, 0.3188130855560303, -0.3983813524246216, 0.6213144063949585, -0.3008652627468109, -0.3974290192127228, -0.40708112716674805, 0.7653856873512268, 0.3701969385147095, -0.497713178396225, -0.014325401745736599, 0.784238874912262, 0.02962419204413891, -0.15812015533447266, 0.11693564802408218, 0.9800237417221069, -0.570908784866333, -0.41255369782447815, 0.4456522762775421, 0.552500307559967, -0.5015161633491516, 0.22695913910865784, 0.27133601903915405, 0.7895238399505615, 0.4429469704627991, 0.6358070969581604, 0.005089610815048218, 0.632077157497406, 0.257379412651062, 0.38253530859947205, 0.07272481173276901, 0.8843832015991211, 0.01769174262881279, 5.400644295150414e-05, -0.13426555693149567, 0.9907874464988708, -0.3609727919101715, -0.022785870358347893, -0.041716720908880234, 0.931364119052887, 0.13565945625305176, -0.000594816985540092, -6.583760203682232e-09, 0.9907553791999817, -0.4816471338272095, 0.00211187731474638, -1.7069838875727328e-08, 0.876362681388855, 0.07664619386196136, 0.8350076079368591, -0.058397602289915085, 0.5417355895042419, 0.21504859626293182, -0.672461211681366, 0.5955068469047546, 0.38330361247062683, -0.24579837918281555, 0.048114050179719925, 0.023831788450479507, 0.9678327441215515, 0.6189794540405273, -0.038656361401081085, 0.10906188189983368, 0.7768369913101196, 0.47888654470443726, -0.008575454354286194, 0.11719244718551636, 0.8699771165847778, 0.5631242990493774, -0.243533194065094, 0.6387726068496704, 0.464275985956192, -0.21524739265441895, -0.01848851889371872, 0.011031381785869598, 0.9763222336769104, 0.4691067039966583, 0.01975318230688572, 0.0008241995237767696, 0.8829202055931091, 0.39395952224731445, -0.009468932636082172, -0.09262382239103317, 0.9143998622894287, -0.5184862613677979, -0.48331135511398315, -0.5432716012001038, 0.44993138313293457, -0.09517543762922287, 0.026012668386101723, 0.018756266683340073, 0.9949438571929932, 0.036104947328567505, 0.00751857552677393, -0.012113272212445736, 0.9992462992668152, -0.5930231213569641, 0.3217238187789917, -0.40141019225120544, 0.6194249391555786, -0.2953469157218933, -0.3996334969997406, -0.40948882699012756, 0.765102744102478, 0.37621280550956726, -0.5063507556915283, -0.01562727987766266, 0.7757761478424072, 0.02837946265935898, -0.1478298455476761, 0.12196220457553864, 0.9810535907745361, -0.568263053894043, -0.41044801473617554, 0.4481714963912964, 0.5547538995742798, -0.5036020874977112, 0.22567270696163177, 0.2729843854904175, 0.7879951000213623, 0.44720458984375, 0.642510175704956, 0.005492214113473892, 0.6222206354141235, 0.254023939371109, 0.3766650855541229, 0.07104623317718506, 0.8880020976066589, 0.017832573503255844, -0.0004218420945107937, -0.1364787071943283, 0.9904823899269104, -0.3571045994758606, -0.019386984407901764, -0.03989758715033531, 0.9330105185508728, 0.1356593519449234, -0.0005948080797679722, -5.640075961821367e-09, 0.9907553791999817, -0.481647253036499, 0.0021118945442140102, -3.7194980428978397e-09, 0.876362681388855, 0.07538112252950668, 0.8339196443557739, -0.05656256526708603, 0.543779730796814, 0.19835491478443146, -0.686245858669281, 0.5769472122192383, 0.3960478901863098, -0.23368467390537262, 0.04635562375187874, 0.023506997153162956, 0.9709222912788391, 0.6062228679656982, -0.054737452417612076, 0.10933271795511246, 0.7858397364616394, 0.504488468170166, -0.014198548160493374, 0.125687837600708, 0.8541032671928406, 0.5606653690338135, -0.2428799718618393, 0.6429546475410461, 0.4618149697780609, -0.20413576066493988, -0.01716993749141693, 0.011309186927974224, 0.9787266850471497, 0.46596166491508484, 0.02346106246113777, -0.00021673487208317965, 0.8844937682151794, 0.39397236704826355, -0.009379786439239979, -0.09273114800453186, 0.9143843650817871, -0.5185399651527405, -0.48176971077919006, -0.5432479977607727, 0.45154839754104614, -0.09541133046150208, 0.026541903614997864, 0.018838994204998016, 0.9949056506156921, 0.03606168180704117, 0.007560414262115955, -0.012181611731648445, 0.9992467164993286, -0.5914074182510376, 0.32462114095687866, -0.40436139702796936, 0.6175355911254883, -0.2896813154220581, -0.40210282802581787, -0.41190943121910095, 0.764675498008728, 0.38176196813583374, -0.5142431259155273, -0.016891641542315483, 0.7678062915802002, 0.02737625688314438, -0.1382622867822647, 0.12713412940502167, 0.981820285320282, -0.5656207799911499, -0.40837958455085754, 0.45061418414115906, 0.5569974780082703, -0.5055685043334961, 0.224309042096138, 0.27501386404037476, 0.7864180207252502, 0.4512981176376343, 0.6489354968070984, 0.00594755494967103, 0.6125172972679138, 0.2510066032409668, 0.3702833652496338, 0.06947563588619232, 0.8916608691215515, 0.018000243231654167, -0.0005864943959750235, -0.13868854939937592, 0.990172266960144, -0.3536558151245117, -0.01619957946240902, -0.03823936730623245, 0.9344533085823059, 0.13565941154956818, -0.0005948159960098565, -2.5854019369830894e-08, 0.9907553791999817, -0.4816470742225647, 0.002111871726810932, -3.347547661292083e-08, 0.8763627409934998, 0.07472632825374603, 0.833476722240448, -0.05557939037680626, 0.5446498394012451, 0.19167864322662354, -0.6919193267822266, 0.5689213871955872, 0.4010429382324219, -0.22897012531757355, 0.045688413083553314, 0.02339424379169941, 0.9720791578292847, 0.6016924977302551, -0.06102241575717926, 0.10935256630182266, 0.7888500690460205, 0.5099946856498718, -0.015457943081855774, 0.1275685578584671, 0.8505249619483948, 0.5597443580627441, -0.2425868958234787, 0.6445367932319641, 0.46087968349456787, -0.19859543442726135, -0.01652364991605282, 0.01143682561814785, 0.9798755645751953, 0.4648635685443878, 0.025153007358312607, -0.0005139078130014241, 0.8850248456001282, 0.3940046429634094, -0.00933308620005846, -0.09278041124343872, 0.9143659472465515, -0.5184597969055176, -0.48094499111175537, -0.5433770418167114, 0.4523637294769287, -0.09553015232086182, 0.026756206527352333, 0.01889830268919468, 0.9948874711990356, 0.03602908179163933, 0.0075698294676840305, -0.012211206369102001, 0.9992474913597107, -0.5907760858535767, 0.3257720470428467, -0.40553662180900574, 0.6167626976966858, -0.28757694363594055, -0.4030363857746124, -0.4127342402935028, 0.7645336389541626, 0.38403695821762085, -0.517443835735321, -0.017415957525372505, 0.7645025849342346, 0.026824042201042175, -0.1342959702014923, 0.12898893654346466, 0.9821439981460571, -0.5645853281021118, -0.40756022930145264, 0.4515778422355652, 0.5578669905662537, -0.5063453912734985, 0.22380737960338593, 0.2757101058959961, 0.7858171463012695, 0.45294520258903503, 0.651479184627533, 0.00613059988245368, 0.6085869073867798, 0.2497897744178772, 0.36782148480415344, 0.0688176229596138, 0.8930714130401611, 0.0180662889033556, -0.0007149745943024755, -0.13957059383392334, 0.990047037601471, -0.35219600796699524, -0.014878127723932266, -0.03754309192299843, 0.9350546002388, 0.13565939664840698, -0.0005948086036369205, -1.034013852319049e-08, 0.9907553791999817, -0.48164722323417664, 0.0021118896547704935, -2.7896234655599983e-08, 0.876362681388855]
    s (float, 1056):  [0.9999999403953552, 0.9999999403953552, 0.9999998807907104, 1.0000001192092896, 1.0, 1.0000001192092896, 0.9999999403953552, 0.9999998807907104, 0.9999999403953552, 0.9999999403953552, 1.0, 1.0, 1.0, 1.0000001192092896, 1.0, 1.0, 1.0000001192092896, 0.9999999403953552, 0.9999997615814209, 1.0, 1.0, 1.0, 1.0, 1.0, 0.9999998807907104, 1.0, 1.0, 0.9999999403953552, 0.9999998807907104, 1.0000001192092896, 1.0, 0.9999999403953552, 0.9999998807907104, 0.9999998807907104, 1.0, 1.0, 1.0, 1.0, 1.0000001192092896, 1.0, 0.9999998807907104, 0.9999998807907104, 0.9999999403953552, 1.0, 0.9999999403953552, 1.0, 1.0, 0.9999999403953552, 1.0, 1.0, 0.9999999403953552, 1.0, 1.0, 1.0, 0.9999999403953552, 0.9999999403953552, 0.9999999403953552, 0.9999998211860657, 1.0, 1.0, 1.0000001192092896, 0.9999999403953552, 0.9999999403953552, 0.9999999403953552, 1.0, 1.0, 0.9999999403953552, 1.0000001192092896, 0.9999999403953552, 1.0, 1.0, 0.9999999403953552, 1.0, 0.9999999403953552, 1.0, 0.9999999403953552, 0.9999999403953552, 1.0, 0.9999998211860657, 0.9999999403953552, 0.9999998211860657, 1.0, 1.0, 1.0000001192092896, 0.9999999403953552, 1.0000001192092896, 1.0, 0.9999998211860657, 1.0, 1.0000001192092896, 1.000000238418579, 0.9999999403953552, 0.9999999403953552, 0.9999999403953552, 0.9999999403953552, 0.9999999403953552, 0.9999999403953552, 1.0, 1.0, 1.0, 1.0, 1.0, 0.9999999403953552, 1.0, 0.9999998807907104, 0.9999998211860657, 1.0, 1.0000001192092896, 1.0000001192092896, 1.0, 0.9999999403953552, 0.9999999403953552, 0.9999999403953552, 0.9999999403953552, 1.0000001192092896, 1.0000001192092896, 1.0, 1.0000001192092896, 0.9999999403953552, 0.9999999403953552, 1.0, 0.9999998807907104, 1.0, 0.9999999403953552, 0.9999999403953552, 0.9999999403953552, 0.9999999403953552, 1.0, 0.9999998211860657, 0.9999999403953552, 1.0000001192092896, 1.0000001192092896, 1.0000001192092896, 1.0, 1.0, 1.0, 1.0000001192092896, 1.0, 0.9999999403953552, 1.0, 0.9999998807907104, 0.9999999403953552, 0.9999999403953552, 1.0, 1.0, 1.0, 0.9999998807907104, 1.0, 1.0, 1.0000001192092896, 1.0, 0.9999998807907104, 0.9999999403953552, 0.9999999403953552, 1.0, 1.0, 1.0, 1.0000001192092896, 0.9999999403953552, 1.0, 1.0, 1.0, 1.0, 1.0, 0.9999998211860657, 1.0, 1.0, 1.0, 1.0, 1.0, 1.0, 0.9999999403953552, 0.9999999403953552, 1.0000001192092896, 0.9999999403953552, 0.9999999403953552, 0.9999999403953552, 0.9999999403953552, 1.0, 1.0, 1.0, 1.0, 1.0, 1.0, 1.0, 0.9999999403953552, 1.0000001192092896, 1.0, 0.9999999403953552, 1.0, 1.0, 0.9999999403953552, 1.0, 1.0, 0.9999999403953552, 1.0000001192092896, 0.9999999403953552, 1.0000001192092896, 1.0, 1.0, 0.9999998807907104, 0.9999999403953552, 0.9999998807907104, 1.0, 1.0, 1.0, 1.0, 1.0, 1.0000001192092896, 0.9999999403953552, 1.0, 1.0, 1.0, 1.0000001192092896, 0.9999999403953552, 1.0, 0.9999999403953552, 1.0, 1.0000001192092896, 1.0000001192092896, 0.9999998807907104, 1.0000001192092896, 0.9999999403953552, 0.9999998211860657, 1.0, 0.9999999403953552, 1.0, 1.0, 1.0000001192092896, 1.0000001192092896, 1.0, 0.9999998807907104, 1.0, 0.9999999403953552, 1.0, 0.9999998807907104, 0.9999999403953552, 1.0000001192092896, 0.9999998807907104, 0.9999999403953552, 0.9999999403953552, 0.9999999403953552, 1.0, 1.0, 1.0, 1.0, 0.9999999403953552, 0.9999998211860657, 0.9999998807907104, 0.9999998807907104, 1.0000001192092896, 1.0000001192092896, 1.0, 1.0, 0.9999999403953552, 1.0000001192092896, 1.0000001192092896, 0.9999999403953552, 1.0, 1.0, 1.0, 1.0, 0.9999999403953552, 0.9999999403953552, 0.9999999403953552, 0.9999999403953552, 0.9999999403953552, 1.0, 0.9999999403953552, 0.9999998807907104, 0.9999999403953552, 0.9999999403953552, 1.0, 0.9999998211860657, 0.9999999403953552, 1.0, 1.0000001192092896, 1.0, 1.0, 0.9999999403953552, 1.0000001192092896, 0.9999999403953552, 1.0, 1.0, 1.0, 1.0000001192092896, 0.9999999403953552, 0.9999998807907104, 1.0, 0.9999998807907104, 1.0, 1.0, 1.0, 1.0, 1.0, 0.9999999403953552, 1.0, 0.9999998807907104, 1.0, 1.000000238418579, 1.0000001192092896, 1.0, 1.0000001192092896, 0.9999999403953552, 1.0000001192092896, 0.9999999403953552, 1.0000001192092896, 1.0, 0.9999999403953552, 1.0, 0.9999999403953552, 0.9999998807907104, 1.0, 0.9999999403953552, 1.0, 0.9999999403953552, 1.0, 1.0, 0.9999998807907104, 1.0, 1.0, 1.0, 0.9999999403953552, 1.000000238418579, 1.0000001192092896, 1.0, 1.0, 1.0, 1.0000001192092896, 0.9999999403953552, 1.0000001192092896, 1.0, 1.0, 1.0000001192092896, 0.9999998807907104, 0.9999998807907104, 0.9999999403953552, 0.9999998807907104, 0.9999999403953552, 1.0, 0.9999998211860657, 1.0, 1.0, 0.9999999403953552, 0.9999999403953552, 0.9999998807907104, 0.9999999403953552, 1.000000238418579, 1.0000001192092896, 1.0, 0.9999999403953552, 1.0, 1.000000238418579, 0.9999999403953552, 1.0, 1.0, 0.9999999403953552, 0.9999999403953552, 0.9999999403953552, 0.9999999403953552, 0.9999999403953552, 0.9999999403953552, 1.0, 1.0, 0.9999998807907104, 0.9999999403953552, 0.9999998807907104, 0.9999999403953552, 1.0, 0.9999998211860657, 1.0, 1.0, 1.0, 1.0000001192092896, 1.0, 1.0, 1.0000001192092896, 0.9999999403953552, 1.0, 1.0, 0.9999999403953552, 1.0, 0.9999999403953552, 0.9999998807907104, 1.0, 1.0000001192092896, 0.9999999403953552, 1.0, 1.0, 1.0, 0.9999998807907104, 1.0, 0.9999999403953552, 1.0, 1.0, 1.0, 1.0000001192092896, 0.9999998807907104, 1.0, 0.9999999403953552, 1.0000001192092896, 1.0, 1.0, 1.0000001192092896, 1.0, 1.0000001192092896, 0.9999998807907104, 0.9999998807907104, 0.9999999403953552, 1.0, 1.0, 0.9999999403953552, 0.9999999403953552, 1.0, 1.0, 0.9999999403953552, 0.9999999403953552, 0.9999998807907104, 1.0, 1.000000238418579, 1.0000001192092896, 0.9999999403953552, 0.9999999403953552, 0.9999999403953552, 1.0000001192092896, 0.9999998807907104, 1.0, 0.9999999403953552, 1.0, 1.0, 0.9999999403953552, 0.9999999403953552, 0.9999999403953552, 1.0, 1.0, 1.0, 0.9999999403953552, 1.0000001192092896, 0.9999999403953552, 1.0, 0.9999998807907104, 0.9999999403953552, 0.9999999403953552, 1.0000001192092896, 1.0, 0.9999998807907104, 1.0, 0.9999999403953552, 1.0, 0.9999999403953552, 0.9999998807907104, 1.0, 0.9999998807907104, 0.9999999403953552, 0.9999999403953552, 0.9999998807907104, 1.0, 0.9999999403953552, 0.9999999403953552, 0.9999999403953552, 1.0, 0.9999999403953552, 0.9999998807907104, 0.9999998807907104, 0.9999999403953552, 1.0, 1.0, 1.0000001192092896, 1.0, 1.0, 1.0000001192092896, 0.9999998807907104, 1.0, 1.0000001192092896, 1.000000238418579, 0.9999999403953552, 0.9999999403953552, 1.0, 1.0, 0.9999999403953552, 0.9999999403953552, 0.9999998807907104, 0.9999999403953552, 1.0, 1.0, 1.0, 0.9999998807907104, 1.0, 1.0, 0.9999998807907104, 1.0000001192092896, 1.0, 1.0, 0.9999999403953552, 1.0, 1.0000001192092896, 1.0000001192092896, 1.0, 1.0, 1.0, 1.0, 1.0, 0.9999999403953552, 0.9999998807907104, 1.0, 1.0, 1.0, 1.0, 1.0, 1.0000001192092896, 0.9999998211860657, 0.9999998211860657, 0.9999998211860657, 0.9999998807907104, 0.9999999403953552, 1.000000238418579, 1.000000238418579, 0.9999998807907104, 0.9999998807907104, 1.0, 1.0, 0.9999999403953552, 0.9999999403953552, 1.0000001192092896, 1.0, 1.0, 1.0, 1.0, 1.0, 0.9999998807907104, 1.0, 1.0, 0.9999998807907104, 1.0, 1.0000001192092896, 0.9999999403953552, 0.9999998807907104, 0.9999999403953552, 1.0, 1.0, 1.0, 0.9999998807907104, 0.9999999403953552, 1.0, 1.0000001192092896, 1.0, 1.0, 1.0, 0.9999999403953552, 0.9999999403953552, 0.9999998807907104, 0.9999999403953552, 0.9999999403953552, 1.0, 0.9999999403953552, 1.0, 0.9999998807907104, 1.0000001192092896, 0.9999998807907104, 1.0000001192092896, 0.9999998807907104, 1.0, 1.0000001192092896, 1.0, 1.0, 0.9999999403953552, 0.9999999403953552, 0.9999999403953552, 0.9999998807907104, 0.9999999403953552, 1.0000001192092896, 0.9999998807907104, 0.9999998807907104, 1.0, 0.9999999403953552, 1.0, 1.0, 1.0, 0.9999999403953552, 1.0, 1.0, 1.0, 0.9999998807907104, 1.0, 0.9999998807907104, 0.9999998211860657, 0.9999999403953552, 1.0000001192092896, 1.0000001192092896, 1.0000001192092896, 1.0, 1.0, 1.0, 0.9999998807907104, 1.0, 1.0, 0.9999999403953552, 1.0000001192092896, 0.9999999403953552, 1.0, 0.9999999403953552, 1.0, 1.0, 0.9999999403953552, 0.9999998807907104, 1.0, 0.9999998807907104, 1.0, 1.0000001192092896, 0.9999999403953552, 1.0, 1.0000001192092896, 1.0, 0.9999998807907104, 0.9999998807907104, 0.9999997615814209, 0.9999999403953552, 1.0, 1.0000001192092896, 1.0, 0.9999999403953552, 1.0, 0.9999998807907104, 0.9999999403953552, 0.9999999403953552, 1.0000001192092896, 0.9999999403953552, 1.0, 1.0, 1.0, 1.0000001192092896, 0.9999998807907104, 0.9999999403953552, 0.9999999403953552, 0.9999999403953552, 1.000000238418579, 1.000000238418579, 0.9999999403953552, 0.9999999403953552, 1.0000001192092896, 1.0000001192092896, 0.9999999403953552, 1.0000001192092896, 0.9999999403953552, 1.0, 1.0, 0.9999999403953552, 0.9999998807907104, 1.0, 0.9999999403953552, 1.0, 0.9999999403953552, 1.0, 1.0, 0.9999998211860657, 0.9999998211860657, 0.9999999403953552, 0.9999998807907104, 1.0, 1.0, 1.0000001192092896, 1.0000001192092896, 1.0, 0.9999999403953552, 1.0000001192092896, 1.0, 0.9999999403953552, 1.0000001192092896, 1.0, 1.0, 0.9999999403953552, 1.0, 0.9999999403953552, 0.9999998807907104, 0.9999998807907104, 0.9999999403953552, 1.0, 0.9999998807907104, 1.0, 0.9999999403953552, 1.0, 0.9999998807907104, 1.0, 1.0000001192092896, 1.0, 1.0, 1.0, 0.9999998211860657, 1.0, 0.9999998807907104, 0.9999998807907104, 1.0, 0.9999999403953552, 1.0000001192092896, 0.9999999403953552, 0.9999998807907104, 0.9999999403953552, 1.0, 1.0000001192092896, 1.0, 1.0, 1.0000001192092896, 0.9999998211860657, 1.0, 0.9999998807907104, 0.9999999403953552, 1.0000001192092896, 1.0000001192092896, 1.0, 1.0, 1.0, 0.9999998807907104, 1.0, 0.9999998807907104, 1.0000001192092896, 1.0000001192092896, 1.0, 1.0, 0.9999999403953552, 0.9999999403953552, 1.0, 1.0, 1.0, 1.0000001192092896, 1.0, 1.0000001192092896, 1.0, 0.9999998211860657, 0.9999999403953552, 0.9999999403953552, 1.0000001192092896, 1.0000001192092896, 1.0000001192092896, 1.0, 0.9999999403953552, 0.9999999403953552, 1.0000001192092896, 1.0, 0.9999999403953552, 1.0, 1.0, 0.9999999403953552, 0.9999999403953552, 0.9999999403953552, 0.9999999403953552, 0.9999999403953552, 0.9999999403953552, 1.0, 0.9999999403953552, 1.0, 1.0, 1.0, 1.0, 0.9999998807907104, 1.0, 1.0, 1.0, 1.0000001192092896, 0.9999998807907104, 0.9999998807907104, 1.0, 0.9999999403953552, 1.0000001192092896, 1.0, 0.9999999403953552, 0.9999999403953552, 1.0, 1.0, 1.0, 1.0, 1.0, 1.0, 1.0, 1.0, 0.9999999403953552, 0.9999998807907104, 0.9999999403953552, 0.9999999403953552, 1.0, 1.0000001192092896, 1.0000001192092896, 1.0, 1.0000001192092896, 1.0, 1.0, 0.9999999403953552, 1.0, 1.0000001192092896, 0.9999998807907104, 1.0, 0.9999998807907104, 0.9999998807907104, 0.9999998807907104, 1.0, 1.0, 1.0, 1.0, 1.0, 1.0, 1.0, 1.0, 1.0, 0.9999999403953552, 1.0000001192092896, 1.0000001192092896, 1.0, 1.0, 1.0, 0.9999999403953552, 1.0, 1.0, 0.9999999403953552, 0.9999999403953552, 1.0, 0.9999999403953552, 1.0, 0.9999999403953552, 0.9999999403953552, 0.9999999403953552, 1.0, 1.0, 1.0, 1.0, 0.9999999403953552, 0.9999998807907104, 0.9999999403953552, 1.0, 1.0, 1.0000001192092896, 1.0000001192092896, 1.0, 1.0, 1.0, 0.9999999403953552, 1.0, 1.0000001192092896, 1.0, 0.9999998807907104, 0.9999998807907104, 0.9999999403953552, 0.9999999403953552, 1.0, 1.0, 0.9999999403953552, 0.9999998807907104, 1.0, 1.0000001192092896, 0.9999998211860657, 0.9999998807907104, 0.9999999403953552, 1.0, 1.0, 1.0000001192092896, 1.0, 0.9999998807907104, 1.0, 1.0000001192092896, 0.9999999403953552, 1.0, 1.0000001192092896, 1.0, 1.0, 1.0, 1.0, 0.9999999403953552, 1.0, 0.9999999403953552, 1.0, 0.9999999403953552, 1.0000001192092896, 1.0, 0.9999998807907104, 0.9999998807907104, 1.0, 0.9999999403953552, 1.0000001192092896, 1.0, 1.0, 1.0, 0.9999999403953552, 1.0, 0.9999999403953552, 1.0000001192092896, 1.0000001192092896, 0.9999999403953552, 1.0000001192092896, 1.0, 0.9999999403953552, 1.0, 1.0, 0.9999999403953552, 0.9999999403953552, 0.9999998807907104, 1.0, 1.0, 0.9999998211860657, 0.9999999403953552, 0.9999999403953552, 1.0000001192092896, 1.0, 1.0, 1.0000001192092896, 0.9999999403953552, 1.0, 1.0, 1.0, 1.0000001192092896, 1.0, 0.9999999403953552, 1.0, 0.9999999403953552, 0.9999999403953552, 0.9999999403953552, 1.0, 1.0, 1.0, 1.0, 1.0, 1.0, 0.9999999403953552, 1.0, 1.0, 1.0, 1.0000001192092896, 1.000000238418579, 0.9999998807907104, 1.0, 1.0, 1.0000001192092896, 0.9999999403953552, 1.0000001192092896, 1.0000001192092896, 1.0, 1.0000001192092896, 0.9999999403953552, 0.9999999403953552, 0.9999998807907104, 0.9999999403953552, 1.0000001192092896, 1.0000001192092896, 1.0, 1.0000001192092896, 0.9999998807907104, 0.9999999403953552, 1.0, 0.9999998807907104, 1.0, 1.0, 1.0000001192092896, 1.0000001192092896, 0.9999999403953552, 0.9999999403953552, 1.0000001192092896, 1.0000001192092896, 0.9999998807907104, 0.9999999403953552, 0.9999998807907104, 1.0, 0.9999999403953552, 0.9999999403953552, 0.9999999403953552, 1.0, 1.0, 0.9999999403953552, 1.0, 1.0, 0.9999999403953552, 0.9999999403953552, 0.9999998807907104, 0.9999999403953552, 1.0, 1.0, 1.0000001192092896, 0.9999998211860657, 1.0, 0.9999998807907104, 1.0, 0.9999999403953552, 0.9999999403953552, 1.0, 0.9999998807907104, 1.0000001192092896, 0.9999999403953552, 0.9999999403953552, 0.9999999403953552, 1.0, 0.9999999403953552, 1.0, 1.0, 1.0, 0.9999999403953552, 1.0, 1.0, 0.9999999403953552, 1.0, 1.0000001192092896, 1.0000001192092896, 0.9999999403953552, 1.0, 1.0, 1.0, 1.0, 1.0, 1.0, 1.0, 0.9999999403953552, 0.9999998807907104, 0.9999998807907104, 0.9999998807907104, 1.0, 1.0, 1.0, 0.9999999403953552, 1.0, 1.0, 0.9999999403953552, 0.9999999403953552, 0.9999998807907104, 0.9999998807907104, 1.0, 1.000000238418579, 1.0, 1.0, 0.9999999403953552, 1.0000001192092896, 1.0, 1.0, 1.0000001192092896, 0.9999999403953552, 0.9999999403953552, 0.9999999403953552, 0.9999999403953552, 0.9999999403953552, 1.0, 1.0000001192092896, 1.0, 1.0, 1.0000001192092896, 0.9999998211860657, 0.9999999403953552, 0.9999998211860657, 0.9999999403953552, 1.0, 1.0, 1.0000001192092896, 1.0, 1.0, 1.0, 1.0, 0.9999998807907104, 1.0, 1.0000001192092896, 1.0, 1.0000001192092896, 0.9999999403953552, 0.9999999403953552]
