pdxasset (int, 2):  [1, 0]
info:
    fps (float, 1):  [24.0]
    sa (int, 1):  [111]
    j (int, 1):  [24]
    Hips:
        sa (str, 1):  ['tqs']
        t (float, 3):  [-0.0495833195745945, 3.875387668609619, 1.0835139751434326]
        q (float, 4):  [0.038403987884521484, 0.9790220856666565, -0.14134663343429565, 0.1416403353214264]
        s (float, 1):  [0.9999999403953552]
    LeftUpLeg:
        sa (str, 1):  ['tqs']
        t (float, 3):  [-0.0871235579252243, -0.3571864366531372, 0.5555342435836792]
        q (float, 4):  [0.1902565062046051, -0.2216666042804718, 0.9375236630439758, 0.18898636102676392]
        s (float, 1):  [1.0]
    LeftLeg:
        sa (str, 1):  ['tqs']
        t (float, 3):  [5.710870027542114e-06, -2.680812031030655e-06, 1.7364656925201416]
        q (float, 4):  [-0.4181008040904999, 0.0708087906241417, 0.060549069195985794, 0.903610348701477]
        s (float, 1):  [1.0]
    LeftFoot:
        sa (str, 1):  ['tqs']
        t (float, 3):  [-3.777444362640381e-06, -2.8721988201141357e-06, 1.6212769746780396]
        q (float, 4):  [0.3916216194629669, -0.024795955047011375, 0.19132892787456512, 0.8996726870536804]
        s (float, 1):  [0.9999999403953552]
    LeftToeBase:
        sa (str, 1):  ['tqs']
        t (float, 3):  [-2.8911163099110126e-06, -1.1399388313293457e-05, 0.6033935546875]
        q (float, 4):  [0.3930908143520355, 0.014880307018756866, 0.08343297243118286, 0.9155856966972351]
        s (float, 1):  [0.9999998807907104]
    RightUpLeg:
        sa (str, 1):  ['tqs']
        t (float, 3):  [0.04908852279186249, -0.4983297288417816, -0.4918176829814911]
        q (float, 4):  [0.6451679468154907, -0.3576221764087677, 0.5393765568733215, 0.4061250686645508]
        s (float, 1):  [1.0]
    RightLeg:
        sa (str, 1):  ['tqs']
        t (float, 3):  [-4.038214683532715e-06, 5.662441253662109e-07, 1.720077395439148]
        q (float, 4):  [-0.41473308205604553, -0.04038874804973602, -0.014754319563508034, 0.9089266061782837]
        s (float, 1):  [0.9999999403953552]
    RightFoot:
        sa (str, 1):  ['tqs']
        t (float, 3):  [-3.688037395477295e-06, -2.816319465637207e-06, 1.6338961124420166]
        q (float, 4):  [0.5080823302268982, 0.15517288446426392, -0.13353800773620605, 0.8366249799728394]
        s (float, 1):  [1.0]
    RightToeBase:
        sa (str, 1):  ['tqs']
        t (float, 3):  [-4.01865690946579e-07, 7.763504981994629e-06, 0.606109619140625]
        q (float, 4):  [0.39321306347846985, -0.010883971117436886, -0.09010551124811172, 0.9149568676948547]
        s (float, 1):  [0.9999998807907104]
    Spine02:
        sa (str, 1):  ['tqs']
        t (float, 3):  [0.03803709149360657, 0.48609885573387146, -0.06373611092567444]
        q (float, 4):  [-0.5892249941825867, -0.4119150638580322, -0.6280372142791748, 0.29784095287323]
        s (float, 1):  [0.9999998807907104]
    Spine01:
        sa (str, 1):  ['tqs']
        t (float, 3):  [4.537403583526611e-06, -1.2218952178955078e-06, 0.49173006415367126]
        q (float, 4):  [-0.06526051461696625, 0.01771148294210434, 0.007104787509888411, 0.9976857900619507]
        s (float, 1):  [0.9999999403953552]
    Spine:
        sa (str, 1):  ['tqs']
        t (float, 3):  [-1.4901161193847656e-08, -1.0728836059570312e-06, 0.49173372983932495]
        q (float, 4):  [0.008974291384220123, 0.017752734944224358, -0.009155900217592716, 0.9997602105140686]
        s (float, 1):  [1.0]
    LeftShoulder:
        sa (str, 1):  ['tqs']
        t (float, 3):  [0.14979729056358337, -0.004515737295150757, 0.2672139108181]
        q (float, 4):  [-0.5844382643699646, 0.44042953848838806, -0.4568665027618408, 0.5056943893432617]
        s (float, 1):  [1.0]
    LeftArm:
        sa (str, 1):  ['tqs']
        t (float, 3):  [4.2049214243888855e-07, -1.914799213409424e-06, 0.6228750348091125]
        q (float, 4):  [-0.33553874492645264, 0.10000322014093399, 0.04745205491781235, 0.9355006217956543]
        s (float, 1):  [0.9999999403953552]
    LeftForeArm:
        sa (str, 1):  ['tqs']
        t (float, 3):  [7.547438144683838e-06, -7.467344403266907e-06, 1.1016770601272583]
        q (float, 4):  [0.32576775550842285, -0.4197322726249695, -0.01881825178861618, 0.8469628691673279]
        s (float, 1):  [0.9999999403953552]
    LeftHand:
        sa (str, 1):  ['tqs']
        t (float, 3):  [-5.960464477539063e-08, 1.7508864402770996e-07, 0.77264404296875]
        q (float, 4):  [0.15068474411964417, -0.34765246510505676, 0.2800622880458832, 0.8820413947105408]
        s (float, 1):  [1.0]
    RightShoulder:
        sa (str, 1):  ['tqs']
        t (float, 3):  [-0.14074447751045227, -0.019362062215805054, 0.25302669405937195]
        q (float, 4):  [-0.5891514420509338, -0.47822335362434387, 0.45212969183921814, 0.46880897879600525]
        s (float, 1):  [1.0]
    RightArm:
        sa (str, 1):  ['tqs']
        t (float, 3):  [5.662441253662109e-07, -5.662441253662109e-07, 0.5432052612304688]
        q (float, 4):  [-0.3473992347717285, 0.03449315205216408, 0.3300093710422516, 0.8770506381988525]
        s (float, 1):  [1.0]
    RightForeArm:
        sa (str, 1):  ['tqs']
        t (float, 3):  [-4.209578037261963e-06, 3.7997961044311523e-06, 1.103058099746704]
        q (float, 4):  [0.22658610343933105, 0.315079003572464, -0.01861581578850746, 0.9214322566986084]
        s (float, 1):  [1.000000238418579]
    RightHand:
        sa (str, 1):  ['tqs']
        t (float, 3):  [1.1499971151351929e-05, -7.62939453125e-06, 0.8240509629249573]
        q (float, 4):  [0.16430270671844482, 0.3950291574001312, 0.2588818073272705, 0.8659889101982117]
        s (float, 1):  [1.0]
    neck:
        sa (str, 1):  ['tqs']
        t (float, 3):  [-0.009052842855453491, 0.023875124752521515, 0.3158416748046875]
        q (float, 4):  [0.12593942880630493, 0.012699974700808525, -0.16690771281719208, 0.9778138399124146]
        s (float, 1):  [1.0]
    Head:
        sa (str, 1):  ['tqs']
        t (float, 3):  [2.086162567138672e-07, 2.384185791015625e-07, 0.31536126136779785]
        q (float, 4):  [-0.22960984706878662, 0.1371035873889923, -0.244481161236763, 0.93204665184021]
        s (float, 1):  [1.0]
    head_end:
        sa (str, 1):  ['tqs']
        t (float, 3):  [-0.0012295395135879517, -0.28040915727615356, 1.0047495365142822]
        q (float, 4):  [0.1356595903635025, -0.0005948027828708291, -4.430177114045364e-08, 0.9907553195953369]
        s (float, 1):  [0.9999998807907104]
    headfront:
        sa (str, 1):  ['tqs']
        t (float, 3):  [0.001229437068104744, 0.28040483593940735, 0.17804375290870667]
        q (float, 4):  [-0.481646865606308, 0.002111889887601137, 4.695864674886252e-08, 0.8763629198074341]
        s (float, 1):  [0.9999998807907104]
samples:
    t (float, 7992):  [-0.0495833195745945, 3.875386953353882, 1.0835139751434326, -0.08712349086999893, -0.3571864366531372, 0.5555344223976135, 5.695968866348267e-06, -2.800021320581436e-06, 1.7364654541015625, -3.7923455238342285e-06, -2.8740614652633667e-06, 1.6212769746780396, -2.8898357413709164e-06, -1.1414289474487305e-05, 0.6033935546875, 0.04908858984708786, -0.4983297288417816, -0.491817444562912, -4.0978193283081055e-06, 3.8743019104003906e-07, 1.7200770378112793, -3.896653652191162e-06, -2.8461217880249023e-06, 1.6338961124420166, -3.909226506948471e-07, 7.674098014831543e-06, 0.606109619140625, 0.03803715109825134, 0.48609861731529236, -0.06373587250709534, 4.597008228302002e-06, -1.2218952178955078e-06, 0.49172982573509216, 1.043081283569336e-07, -8.344650268554688e-07, 0.49173396825790405, 0.14979729056358337, -0.004515737295150757, 0.2672139108181, 6.58910721540451e-07, -2.1532177925109863e-06, 0.6228750348091125, 7.547438144683838e-06, -7.586553692817688e-06, 1.1016772985458374, 0.0, -3.0174851417541504e-07, 0.77264404296875, -0.14074447751045227, -0.019362062215805054, 0.25302717089653015, 5.662441253662109e-07, -5.662441253662109e-07, 0.543205201625824, -4.209578037261963e-06, 3.829598426818848e-06, 1.1030582189559937, 1.1499971151351929e-05, -7.510185241699219e-06, 0.8240509629249573, -0.009052842855453491, 0.023875363171100616, 0.3158416748046875, 3.2782554626464844e-07, 2.384185791015625e-07, 0.31536126136779785, -0.0012295469641685486, -0.28040915727615356, 1.0047497749328613, 0.001229429617524147, 0.28040435910224915, 0.17804375290870667, -0.04965634644031525, 3.874859094619751, 1.0834813117980957, -0.08712353557348251, -0.3571864366531372, 0.5555344820022583, 5.712732672691345e-06, -2.8423964977264404e-06, 1.7364652156829834, -3.859400749206543e-06, -2.86102294921875e-06, 1.6212773323059082, -2.8690847102552652e-06, -1.1555850505828857e-05, 0.6033934950828552, 0.049088627099990845, -0.4983294904232025, -0.49181750416755676, -3.948807716369629e-06, 7.748603820800781e-07, 1.720077395439148, -4.082918167114258e-06, -2.8759241104125977e-06, 1.6338958740234375, -2.1513551473617554e-07, 7.62939453125e-06, 0.606109619140625, 0.038037143647670746, 0.4860994219779968, -0.0637359693646431, 4.4405460357666016e-06, -1.2516975402832031e-06, 0.4917299747467041, 1.4901161193847656e-07, -4.172325134277344e-07, 0.4917335510253906, 0.14979757368564606, -0.00451543927192688, 0.2672136127948761, 1.6600824892520905e-07, -2.1085143089294434e-06, 0.6228752136230469, 7.227063179016113e-06, -7.428228855133057e-06, 1.101677656173706, 4.470348358154297e-08, -1.1920928955078125e-07, 0.7726439833641052, -0.14074432849884033, -0.019361943006515503, 0.2530266344547272, 7.748603820800781e-07, -1.1324882507324219e-06, 0.5432051420211792, -3.725290298461914e-06, 3.904104232788086e-06, 1.103057861328125, 1.1663883924484253e-05, -7.659196853637695e-06, 0.8240513801574707, -0.009052753448486328, 0.02387547492980957, 0.3158411979675293, 8.940696716308594e-08, 7.450580596923828e-08, 0.3153608441352844, -0.0012294650077819824, -0.28040823340415955, 1.004749059677124, 0.001229509711265564, 0.2804050147533417, 0.1780431568622589, -0.05044769495725632, 3.8691389560699463, 1.0831273794174194, -0.08712354302406311, -0.35718652606010437, 0.5555342435836792, 5.804002285003662e-06, -3.2410025596618652e-06, 1.7364650964736938, -3.874301910400391e-06, -2.8461217880249023e-06, 1.62127685546875, -2.8545036911964417e-06, -1.150369644165039e-05, 0.6033935546875, 0.04908863455057144, -0.49833017587661743, -0.49181756377220154, -3.822147846221924e-06, 7.152557373046875e-07, 1.720077395439148, -3.976747393608093e-06, -2.8312206268310547e-06, 1.6338956356048584, 1.6833655536174774e-07, 7.62939453125e-06, 0.6061096787452698, 0.03803716599941254, 0.48609843850135803, -0.06373582035303116, 4.738569259643555e-06, -9.5367431640625e-07, 0.4917294383049011, -1.341104507446289e-07, -4.917383193969727e-07, 0.4917340874671936, 0.14979740977287292, -0.004515469074249268, 0.26721417903900146, -9.033828973770142e-08, -2.1457672119140625e-06, 0.6228752136230469, 7.711350917816162e-06, -7.6107680797576904e-06, 1.1016769409179688, 8.568167686462402e-08, 0.0, 0.7726438045501709, -0.14074444770812988, -0.019361823797225952, 0.2530268728733063, 4.76837158203125e-07, -2.980232238769531e-07, 0.5432053804397583, -3.978610038757324e-06, 3.6954879760742188e-06, 1.1030582189559937, 1.1861324310302734e-05, -7.838010787963867e-06, 0.8240511417388916, -0.00905272364616394, 0.023875445127487183, 0.315841943025589, 2.086162567138672e-07, -1.4901161193847656e-07, 0.31536173820495605, -0.0012294650077819824, -0.2804083824157715, 1.0047492980957031, 0.0012295432388782501, 0.2804054021835327, 0.17804354429244995, -0.05221559852361679, 3.8563599586486816, 1.0823365449905396, -0.08712355047464371, -0.35718613862991333, 0.5555342435836792, 5.736947059631348e-06, -2.9224902391433716e-06, 1.736465573310852, -3.848224878311157e-06, -2.8815120458602905e-06, 1.62127685546875, -2.8507201932370663e-06, -1.1399388313293457e-05, 0.6033936142921448, 0.04908861219882965, -0.49832940101623535, -0.4918176233768463, -3.7886202335357666e-06, 5.066394805908203e-07, 1.7200775146484375, -3.756023943424225e-06, -2.8908252716064453e-06, 1.6338955163955688, -5.145557224750519e-08, 7.748603820800781e-06, 0.606109619140625, 0.038037147372961044, 0.4860989451408386, -0.06373599916696548, 4.552304744720459e-06, -7.748603820800781e-07, 0.4917299449443817, -1.6391277313232422e-07, -5.811452865600586e-07, 0.4917336404323578, 0.14979767799377441, -0.004515156149864197, 0.26721322536468506, 1.4621764421463013e-07, -1.9185245037078857e-06, 0.6228750944137573, 7.6070427894592285e-06, -7.510185241699219e-06, 1.1016765832901, -1.862645149230957e-08, -5.848705768585205e-07, 0.7726439237594604, -0.14074426889419556, -0.019361697137355804, 0.2530267834663391, 8.940696716308594e-07, 3.5762786865234375e-07, 0.5432050228118896, -4.157423973083496e-06, 3.6954879760742188e-06, 1.103057622909546, 1.1116266250610352e-05, -7.912516593933105e-06, 0.824050784111023, -0.00905260443687439, 0.023875676095485687, 0.3158414363861084, 8.940696716308594e-08, 2.086162567138672e-07, 0.315360426902771, -0.0012294836342334747, -0.28040891885757446, 1.0047495365142822, 0.0012295639608055353, 0.2804050147533417, 0.17804355919361115, -0.0545077919960022, 3.8397912979125977, 1.0813113451004028, -0.08712352067232132, -0.35718655586242676, 0.5555344223976135, 5.692243576049805e-06, -3.077089786529541e-06, 1.736465334892273, -3.822147846221924e-06, -2.923421561717987e-06, 1.6212767362594604, -2.882647095248103e-06, -1.1429190635681152e-05, 0.6033936142921448, 0.049088601022958755, -0.498329758644104, -0.49181756377220154, -3.915280103683472e-06, 6.854534149169922e-07, 1.7200771570205688, -3.86103056371212e-06, -2.8014183044433594e-06, 1.6338956356048584, 4.4266926124691963e-07, 7.614493370056152e-06, 0.6061096787452698, 0.03803720697760582, 0.48609936237335205, -0.0637359768152237, 4.451721906661987e-06, -8.940696716308594e-07, 0.491729736328125, 1.564621925354004e-07, -2.5704503059387207e-07, 0.4917331337928772, 0.1497974842786789, -0.004515118896961212, 0.26721328496932983, 1.2479722499847412e-07, -1.3783574104309082e-06, 0.6228750348091125, 7.580965757369995e-06, -7.448717951774597e-06, 1.1016775369644165, -1.043081283569336e-07, -2.3096799850463867e-07, 0.7726437449455261, -0.1407444328069687, -0.019361570477485657, 0.2530263662338257, 7.599592208862305e-07, -8.344650268554688e-07, 0.5432052612304688, -4.082918167114258e-06, 3.993511199951172e-06, 1.1030582189559937, 1.1324882507324219e-05, -7.830560207366943e-06, 0.8240508437156677, -0.009052634239196777, 0.02387586608529091, 0.3158412277698517, 8.940696716308594e-08, -1.9371509552001953e-07, 0.31536126136779785, -0.0012294501066207886, -0.28040945529937744, 1.0047492980957031, 0.0012295115739107132, 0.2804044783115387, 0.17804312705993652, -0.056535232812166214, 3.825136423110962, 1.0804044008255005, -0.08712349832057953, -0.35718634724617004, 0.5555341839790344, 5.736947059631348e-06, -2.726912498474121e-06, 1.7364656925201416, -3.8016587495803833e-06, -2.9066577553749084e-06, 1.62127685546875, -2.903514541685581e-06, -1.1406838893890381e-05, 0.6033936142921448, 0.04908864572644234, -0.4983297288417816, -0.4918175935745239, -3.628898411989212e-06, 4.76837158203125e-07, 1.7200779914855957, -3.9441511034965515e-06, -2.86102294921875e-06, 1.6338961124420166, -3.223540261387825e-07, 7.525086402893066e-06, 0.6061097383499146, 0.03803719952702522, 0.486099511384964, -0.06373600661754608, 4.626810550689697e-06, -1.0281801223754883e-06, 0.4917294979095459, -3.725290298461914e-08, -4.163011908531189e-07, 0.49173349142074585, 0.14979736506938934, -0.00451534241437912, 0.267214298248291, 3.5390257835388184e-08, -2.7455389499664307e-06, 0.6228753328323364, 7.953494787216187e-06, -7.429160177707672e-06, 1.1016768217086792, 8.940696716308594e-08, -2.980232238769531e-07, 0.7726436853408813, -0.1407444179058075, -0.019361551851034164, 0.25302717089653015, 5.960464477539062e-07, -2.086162567138672e-07, 0.5432052612304688, -4.678964614868164e-06, 3.6954879760742188e-06, 1.1030577421188354, 1.1473894119262695e-05, -7.692724466323853e-06, 0.8240509033203125, -0.009052842855453491, 0.023875348269939423, 0.3158421218395233, 2.086162567138672e-07, -5.960464477539063e-08, 0.3153607249259949, -0.0012293215841054916, -0.28040820360183716, 1.0047485828399658, 0.0012296997010707855, 0.28040552139282227, 0.1780426949262619, -0.05913810059428215, 3.8063220977783203, 1.0792402029037476, -0.08712350577116013, -0.35718590021133423, 0.5555343627929688, 5.6996941566467285e-06, -2.8759241104125977e-06, 1.7364652156829834, -3.844499588012695e-06, -2.857297658920288e-06, 1.6212769746780396, -2.8315698727965355e-06, -1.1429190635681152e-05, 0.6033935546875, 0.04908864200115204, -0.4983291029930115, -0.4918174743652344, -4.041939973831177e-06, 6.556510925292969e-07, 1.720077633857727, -3.825873136520386e-06, -2.8759241104125977e-06, 1.633895993232727, -2.377200871706009e-07, 7.554888725280762e-06, 0.6061096787452698, 0.038037192076444626, 0.4860992729663849, -0.06373582035303116, 4.541128873825073e-06, -8.642673492431641e-07, 0.4917292594909668, -1.2665987014770508e-07, -3.6694109439849854e-07, 0.49173325300216675, 0.1497972309589386, -0.004515225067734718, 0.2672140896320343, 9.499490261077881e-08, -2.04332172870636e-06, 0.6228750944137573, 7.390044629573822e-06, -7.499009370803833e-06, 1.1016769409179688, -5.122274160385132e-08, -5.140900611877441e-07, 0.7726439237594604, -0.1407446265220642, -0.019361495971679688, 0.2530272603034973, 4.76837158203125e-07, -6.556510925292969e-07, 0.5432050228118896, -4.1425228118896484e-06, 3.7550926208496094e-06, 1.103057861328125, 1.1742115020751953e-05, -7.703900337219238e-06, 0.824051022529602, -0.009053200483322144, 0.023875482380390167, 0.31584256887435913, 8.940696716308594e-08, 8.940696716308594e-08, 0.3153608441352844, -0.0012294985353946686, -0.28040850162506104, 1.0047495365142822, 0.0012295208871364594, 0.2804054617881775, 0.1780434101819992, -0.06165558472275734, 3.7881247997283936, 1.0781141519546509, -0.08712352067232132, -0.3571859300136566, 0.5555346012115479, 5.692243576049805e-06, -2.648681402206421e-06, 1.736465334892273, -3.814697265625e-06, -2.9588118195533752e-06, 1.62127685546875, -2.8242357075214386e-06, -1.1332333087921143e-05, 0.6033934950828552, 0.049088627099990845, -0.4983295202255249, -0.4918172061443329, -3.7439167499542236e-06, 5.066394805908203e-07, 1.7200777530670166, -4.056841135025024e-06, -2.816319465637207e-06, 1.633895754814148, 2.05356627702713e-07, 7.495284080505371e-06, 0.6061097383499146, 0.038037143647670746, 0.48609909415245056, -0.06373558193445206, 4.516914486885071e-06, -1.1157244443893433e-06, 0.4917296767234802, 1.6763806343078613e-07, -2.980232238769531e-07, 0.4917328953742981, 0.14979737997055054, -0.00451546348631382, 0.2672143578529358, 3.46451997756958e-07, -2.345070242881775e-06, 0.6228752136230469, 7.644295692443848e-06, -7.9423189163208e-06, 1.1016765832901, -8.940696716308594e-08, -1.1920928955078125e-07, 0.7726439237594604, -0.1407443881034851, -0.019361630082130432, 0.25302690267562866, 4.759058356285095e-07, -1.7881393432617188e-07, 0.5432052612304688, -4.231929779052734e-06, 3.129243850708008e-06, 1.1030577421188354, 1.1682510375976562e-05, -7.420778274536133e-06, 0.8240508437156677, -0.009052829816937447, 0.02387544885277748, 0.31584182381629944, 1.6391277313232422e-07, 4.470348358154297e-08, 0.31536081433296204, -0.00122944510076195, -0.2804087698459625, 1.0047494173049927, 0.0012295916676521301, 0.2804051637649536, 0.1780432164669037, -0.06311896443367004, 3.7775471210479736, 1.0774595737457275, -0.08712353557348251, -0.3571864664554596, 0.5555340647697449, 5.759298801422119e-06, -2.6728957891464233e-06, 1.736465573310852, -3.820285201072693e-06, -2.8514768928289413e-06, 1.6212773323059082, -2.900254912674427e-06, -1.1406838893890381e-05, 0.6033935546875, 0.04908859729766846, -0.4983297884464264, -0.49181780219078064, -3.635883331298828e-06, 4.172325134277344e-07, 1.720077395439148, -4.16487455368042e-06, -2.7418136596679688e-06, 1.6338955163955688, -2.0908191800117493e-07, 7.4356794357299805e-06, 0.6061096787452698, 0.038037125021219254, 0.4860984981060028, -0.06373618543148041, 4.414469003677368e-06, -6.770715117454529e-07, 0.4917299747467041, 2.300366759300232e-07, -5.736947059631348e-07, 0.49173372983932495, 0.149797260761261, -0.0045153312385082245, 0.2672136425971985, 1.9837170839309692e-07, -1.5115365386009216e-06, 0.6228751540184021, 8.109956979751587e-06, -7.733702659606934e-06, 1.1016768217086792, -1.043081283569336e-07, -7.450580596923828e-08, 0.7726439237594604, -0.14074473083019257, -0.019361719489097595, 0.2530265748500824, 5.923211574554443e-07, -3.5762786865234375e-07, 0.5432053804397583, -2.9802322387695312e-06, 3.5315752029418945e-06, 1.1030579805374146, 1.1622905731201172e-05, -7.875263690948486e-06, 0.8240507245063782, -0.00905309896916151, 0.023875460028648376, 0.3158414959907532, -8.940696716308594e-08, 4.470348358154297e-08, 0.31536051630973816, -0.001229599118232727, -0.2804088294506073, 1.0047487020492554, 0.0012293308973312378, 0.28040486574172974, 0.17804287374019623, -0.06341934949159622, 3.7753758430480957, 1.0773252248764038, -0.08712351322174072, -0.35718613862991333, 0.5555345416069031, 5.692243576049805e-06, -3.11434268951416e-06, 1.736465334892273, -3.829598426818848e-06, -2.9008369892835617e-06, 1.6212769746780396, -2.8790091164410114e-06, -1.1421740055084229e-05, 0.6033935546875, 0.04908859729766846, -0.49832966923713684, -0.4918174743652344, -3.829598426818848e-06, 3.8743019104003906e-07, 1.720077633857727, -3.6656856536865234e-06, -2.8908252716064453e-06, 1.6338958740234375, -7.171183824539185e-08, 7.405877113342285e-06, 0.606109619140625, 0.03803712874650955, 0.48609915375709534, -0.0637357085943222, 4.569999873638153e-06, -8.004717528820038e-07, 0.4917299449443817, 5.029141902923584e-08, -5.662441253662109e-07, 0.491733193397522, 0.14979781210422516, -0.004515372216701508, 0.267213374376297, 3.739260137081146e-07, -1.1706724762916565e-06, 0.6228755116462708, 7.74487853050232e-06, -7.763504981994629e-06, 1.1016770601272583, 8.940696716308594e-08, 1.9371509552001953e-07, 0.7726437449455261, -0.14074422419071198, -0.0193617045879364, 0.25302669405937195, 7.599592208862305e-07, 2.9802322387695312e-08, 0.5432051420211792, -3.606081008911133e-06, 4.336237907409668e-06, 1.103057622909546, 1.1622905731201172e-05, -8.031725883483887e-06, 0.8240506649017334, -0.009052678942680359, 0.023875363171100616, 0.3158414959907532, 1.043081283569336e-07, -5.960464477539063e-08, 0.3153616487979889, -0.001229550689458847, -0.28040868043899536, 1.0047498941421509, 0.0012293830513954163, 0.2804054021835327, 0.17804357409477234, -0.06316990405321121, 3.777179002761841, 1.0774368047714233, -0.08712351322174072, -0.35718613862991333, 0.5555343627929688, 5.729496479034424e-06, -2.6011839509010315e-06, 1.7364652156829834, -3.828899934887886e-06, -2.8943177312612534e-06, 1.6212767362594604, -2.89425952360034e-06, -1.154094934463501e-05, 0.6033935546875, 0.04908861219882965, -0.498329222202301, -0.49181753396987915, -3.896653652191162e-06, 5.662441253662109e-07, 1.7200775146484375, -3.926455974578857e-06, -2.9206275939941406e-06, 1.633895993232727, -4.563480615615845e-08, 7.510185241699219e-06, 0.6061097383499146, 0.038037143647670746, 0.4860993027687073, -0.0637359470129013, 4.5495107769966125e-06, -8.780043572187424e-07, 0.4917302429676056, 5.587935447692871e-09, -4.470348358154297e-07, 0.491733193397522, 0.14979758858680725, -0.0045154765248298645, 0.2672138512134552, 1.986045390367508e-07, -1.950305886566639e-06, 0.6228753328323364, 7.424503564834595e-06, -7.517635822296143e-06, 1.1016775369644165, 8.940696716308594e-08, -4.470348358154297e-07, 0.7726438045501709, -0.1407441347837448, -0.019361712038517, 0.25302642583847046, 4.76837158203125e-07, -5.587935447692871e-07, 0.5432054996490479, -3.7401914596557617e-06, 3.948807716369629e-06, 1.103057861328125, 1.1801719665527344e-05, -7.569789886474609e-06, 0.8240509033203125, -0.009052610024809837, 0.023875616490840912, 0.3158408999443054, 3.0547380447387695e-07, 8.940696716308594e-08, 0.3153609037399292, -0.0012293756008148193, -0.28040921688079834, 1.0047494173049927, 0.0012295842170715332, 0.28040486574172974, 0.17804338037967682, -0.061023201793432236, 3.7926957607269287, 1.0783970355987549, -0.08712348341941833, -0.3571862280368805, 0.5555341839790344, 5.725771188735962e-06, -2.6300549507141113e-06, 1.736465573310852, -3.756023943424225e-06, -2.8423964977264404e-06, 1.621276617050171, -2.8522335924208164e-06, -1.1511147022247314e-05, 0.6033934950828552, 0.049088649451732635, -0.4983298182487488, -0.49181756377220154, -3.6209821701049805e-06, 4.470348358154297e-07, 1.7200777530670166, -3.8780272006988525e-06, -3.0547380447387695e-06, 1.6338958740234375, -2.05356627702713e-07, 7.539987564086914e-06, 0.6061096787452698, 0.038037195801734924, 0.4860990047454834, -0.06373608857393265, 4.648230969905853e-06, -9.331852197647095e-07, 0.4917297959327698, -3.725290298461914e-09, -5.811452865600586e-07, 0.4917337894439697, 0.1497974991798401, -0.00451543927192688, 0.26721394062042236, 2.4226028472185135e-07, -1.6933772712945938e-06, 0.6228752732276917, 7.580965757369995e-06, -7.759779691696167e-06, 1.101677656173706, 0.0, -5.364418029785156e-07, 0.7726438641548157, -0.1407443732023239, -0.019361786544322968, 0.2530273199081421, 5.364418029785156e-07, -4.3958425521850586e-07, 0.5432053208351135, -3.9711594581604e-06, 3.643333911895752e-06, 1.103057861328125, 1.1622905731201172e-05, -7.674098014831543e-06, 0.824051022529602, -0.009052598848938942, 0.023875460028648376, 0.31584176421165466, 3.3527612686157227e-07, -3.725290298461914e-08, 0.31536081433296204, -0.0012294277548789978, -0.2804083824157715, 1.0047491788864136, 0.001229599118232727, 0.2804054319858551, 0.17804300785064697, -0.05682763829827309, 3.8230226039886475, 1.0802736282348633, -0.0871235653758049, -0.35718652606010437, 0.5555344820022583, 5.731359124183655e-06, -2.734595909714699e-06, 1.7364656925201416, -3.7997961044311523e-06, -2.8228387236595154e-06, 1.621277093887329, -2.8869835659861565e-06, -1.1466443538665771e-05, 0.6033935546875, 0.04908861219882965, -0.49832960963249207, -0.49181753396987915, -3.606081008911133e-06, 1.6391277313232422e-07, 1.720077395439148, -3.63960862159729e-06, -2.905726432800293e-06, 1.633895754814148, 2.92900949716568e-07, 7.62939453125e-06, 0.606109619140625, 0.03803715854883194, 0.4860987365245819, -0.06373578310012817, 4.760921001434326e-06, -1.0952353477478027e-06, 0.4917300045490265, -6.891787052154541e-08, -5.513429641723633e-07, 0.49173396825790405, 0.1497977077960968, -0.004515394568443298, 0.2672135829925537, 2.612359821796417e-07, -2.0260922610759735e-06, 0.6228751540184021, 7.666647434234619e-06, -7.595866918563843e-06, 1.1016768217086792, -5.960464477539063e-08, 3.948807716369629e-07, 0.7726437449455261, -0.14074420928955078, -0.019361726939678192, 0.25302654504776, 5.364418029785156e-07, 3.725290298461914e-07, 0.5432057976722717, -3.691762685775757e-06, 4.298985004425049e-06, 1.1030579805374146, 1.1682510375976562e-05, -7.3015689849853516e-06, 0.824050784111023, -0.009052664041519165, 0.023875422775745392, 0.31584176421165466, -5.587935447692871e-08, -7.450580596923828e-09, 0.3153614401817322, -0.0012295916676521301, -0.2804093062877655, 1.004748821258545, 0.0012293457984924316, 0.280404657125473, 0.17804276943206787, -0.05356774106621742, 3.846586227416992, 1.0817317962646484, -0.08712345361709595, -0.3571861684322357, 0.5555343627929688, 5.728565156459808e-06, -3.0025257728993893e-06, 1.7364654541015625, -3.773719072341919e-06, -2.791173756122589e-06, 1.6212769746780396, -2.85095302388072e-06, -1.1295080184936523e-05, 0.6033934950828552, 0.049088627099990845, -0.4983294904232025, -0.4918176531791687, -3.725290298461914e-06, 1.043081283569336e-07, 1.7200777530670166, -3.6656856536865234e-06, -2.9206275939941406e-06, 1.6338956356048584, 1.7363345250487328e-07, 7.82310962677002e-06, 0.606109619140625, 0.03803721442818642, 0.4860992729663849, -0.06373599916696548, 4.727393388748169e-06, -7.562339305877686e-07, 0.4917294979095459, -2.3469328880310059e-07, -4.6193599700927734e-07, 0.49173372983932495, 0.14979800581932068, -0.004515394568443298, 0.26721322536468506, 2.989545464515686e-07, -1.4514662325382233e-06, 0.6228752136230469, 7.955357432365417e-06, -7.402151823043823e-06, 1.1016765832901, -4.470348358154297e-08, 0.0, 0.7726441621780396, -0.1407439410686493, -0.019361741840839386, 0.2530266046524048, 4.76837158203125e-07, -5.997717380523682e-07, 0.543205738067627, -3.874301910400391e-06, 3.948807716369629e-06, 1.1030579805374146, 1.1205673217773438e-05, -7.281079888343811e-06, 0.824051022529602, -0.009052366018295288, 0.023875460028648376, 0.3158414959907532, 5.923211574554443e-07, 5.21540641784668e-08, 0.31536129117012024, -0.0012294664047658443, -0.2804082930088043, 1.0047492980957031, 0.0012295306660234928, 0.28040555119514465, 0.17804312705993652, -0.046986356377601624, 3.8941586017608643, 1.0846755504608154, -0.08712352067232132, -0.35718631744384766, 0.5555343627929688, 5.729496479034424e-06, -2.9578804969787598e-06, 1.7364654541015625, -3.807246685028076e-06, -2.9001384973526e-06, 1.6212769746780396, -2.8638169169425964e-06, -1.1518597602844238e-05, 0.6033935546875, 0.04908864200115204, -0.49832969903945923, -0.4918174147605896, -3.6209821701049805e-06, 5.736947059631348e-07, 1.720077395439148, -3.769993782043457e-06, -2.995133399963379e-06, 1.6338962316513062, 2.658925950527191e-07, 7.614493370056152e-06, 0.6061094999313354, 0.03803716599941254, 0.4860992133617401, -0.0637359470129013, 4.76837158203125e-06, -6.742775440216064e-07, 0.4917299747467041, -8.195638656616211e-08, -4.544854164123535e-07, 0.49173325300216675, 0.14979763329029083, -0.004515409469604492, 0.26721328496932983, 1.73225998878479e-07, -3.0356459319591522e-06, 0.6228752136230469, 7.370486855506897e-06, -7.518567144870758e-06, 1.1016771793365479, -3.725290298461914e-08, -5.923211574554443e-07, 0.772643506526947, -0.14074435830116272, -0.019361715763807297, 0.25302645564079285, 4.172325134277344e-07, -5.550682544708252e-07, 0.5432050228118896, -3.769993782043457e-06, 3.98978590965271e-06, 1.1030575037002563, 1.1146068572998047e-05, -7.700175046920776e-06, 0.824050784111023, -0.009052731096744537, 0.023875508457422256, 0.3158411979675293, 5.252659320831299e-07, -5.21540641784668e-08, 0.31536078453063965, -0.0012295544147491455, -0.28040897846221924, 1.004749059677124, 0.001229405403137207, 0.28040456771850586, 0.17804297804832458, -0.039433225989341736, 3.9487550258636475, 1.0880540609359741, -0.08712354302406311, -0.3571864366531372, 0.555534303188324, 5.7220458984375e-06, -2.9462389647960663e-06, 1.7364650964736938, -3.810971975326538e-06, -2.866610884666443e-06, 1.62127685546875, -2.8578797355294228e-06, -1.1481344699859619e-05, 0.6033936738967896, 0.04908859729766846, -0.49832990765571594, -0.4918174147605896, -3.948807716369629e-06, 3.939494490623474e-07, 1.7200772762298584, -3.4868717193603516e-06, -2.8759241104125977e-06, 1.6338958740234375, -2.2957101464271545e-07, 7.405877113342285e-06, 0.606109619140625, 0.03803712874650955, 0.4860989451408386, -0.06373579800128937, 4.696659743785858e-06, -9.313225746154785e-07, 0.4917300343513489, 1.7695128917694092e-08, -4.544854164123535e-07, 0.4917339086532593, 0.14979755878448486, -0.004515397362411022, 0.2672137916088104, 2.3096799850463867e-07, -2.1650803319062106e-06, 0.6228752136230469, 7.413327693939209e-06, -7.363967597484589e-06, 1.101677656173706, 4.0978193283081055e-08, 2.505257725715637e-07, 0.7726441621780396, -0.14074434340000153, -0.01936173439025879, 0.2530273497104645, 4.917383193969727e-07, -6.668269634246826e-07, 0.5432050824165344, -3.7942081689834595e-06, 3.7946738302707672e-06, 1.103057861328125, 1.1354684829711914e-05, -7.115304470062256e-06, 0.8240506052970886, -0.009052807465195656, 0.02387545257806778, 0.3158419132232666, -1.8998980522155762e-07, -1.4901161193847656e-08, 0.3153611123561859, -0.0012295842170715332, -0.280409038066864, 1.0047489404678345, 0.0012293681502342224, 0.28040486574172974, 0.17804285883903503, -0.034546859562397, 3.9840753078460693, 1.0902397632598877, -0.08712351322174072, -0.3571862280368805, 0.5555344223976135, 5.745096132159233e-06, -2.9802322387695312e-06, 1.7364654541015625, -3.7886202335357666e-06, -2.86102294921875e-06, 1.6212767362594604, -2.89292074739933e-06, -1.1406838893890381e-05, 0.6033934950828552, 0.04908859729766846, -0.4983295798301697, -0.4918173551559448, -3.6209821701049805e-06, 7.003545761108398e-07, 1.7200772762298584, -4.023313522338867e-06, -2.7865171432495117e-06, 1.6338958740234375, -2.859160304069519e-07, 7.763504981994629e-06, 0.606109619140625, 0.03803710266947746, 0.4860988259315491, -0.06373576074838638, 4.620291292667389e-06, -8.493661880493164e-07, 0.4917294383049011, 7.986091077327728e-08, -4.842877388000488e-07, 0.4917333722114563, 0.14979785680770874, -0.0045153978280723095, 0.26721352338790894, 2.537854015827179e-07, -2.421787939965725e-06, 0.6228752136230469, 7.674098014831543e-06, -7.711350917816162e-06, 1.1016770601272583, 1.1175870895385742e-08, -3.9814040064811707e-08, 0.77264404296875, -0.14074426889419556, -0.019361741840839386, 0.2530270516872406, 4.842877388000488e-07, -8.549541234970093e-07, 0.5432048439979553, -3.829598426818848e-06, 4.4247135519981384e-06, 1.1030573844909668, 1.1652708053588867e-05, -7.405877113342285e-06, 0.8240511417388916, -0.009052504785358906, 0.023875493556261063, 0.3158416748046875, 2.0489096641540527e-07, -2.9802322387695312e-08, 0.31536149978637695, -0.0012295544147491455, -0.28040874004364014, 1.0047489404678345, 0.0012294426560401917, 0.28040534257888794, 0.17804285883903503, -0.03311587870121002, 3.9944188594818115, 1.0908797979354858, -0.08712342381477356, -0.3571860194206238, 0.5555344223976135, 5.720183253288269e-06, -2.644956111907959e-06, 1.7364654541015625, -3.848224878311157e-06, -3.0100345611572266e-06, 1.62127685546875, -2.8996728360652924e-06, -1.150369644165039e-05, 0.6033935546875, 0.049088746309280396, -0.4983293414115906, -0.49181732535362244, -3.769993782043457e-06, 4.0978193283081055e-07, 1.7200772762298584, -3.933906555175781e-06, -2.8386712074279785e-06, 1.6338958740234375, 2.505257725715637e-07, 7.674098014831543e-06, 0.6061096787452698, 0.03803725913167, 0.4860991835594177, -0.06373582035303116, 4.803761839866638e-06, -7.078051567077637e-07, 0.4917295277118683, -1.1222437024116516e-07, -5.010515451431274e-07, 0.49173372983932495, 0.1497977077960968, -0.004515402019023895, 0.2672137916088104, 2.8032809495925903e-07, -1.2222444638609886e-06, 0.6228752136230469, 7.6070427894592285e-06, -8.229166269302368e-06, 1.1016768217086792, 7.450580596923828e-09, -2.0116567611694336e-07, 0.7726439833641052, -0.14074432849884033, -0.019361741840839386, 0.2530272305011749, 4.6938657760620117e-07, -3.1385570764541626e-07, 0.5432053804397583, -3.6954879760742188e-06, 2.987682819366455e-06, 1.103057861328125, 1.1265277862548828e-05, -7.569789886474609e-06, 0.824050784111023, -0.009052606299519539, 0.023875482380390167, 0.3158413767814636, 2.086162567138672e-07, 2.9802322387695312e-08, 0.3153603672981262, -0.0012293718755245209, -0.28040891885757446, 1.0047484636306763, 0.0012296177446842194, 0.2804048955440521, 0.17804305255413055, -0.033307190984487534, 3.9930360317230225, 1.0907942056655884, -0.08712351322174072, -0.3571864068508148, 0.5555345416069031, 5.729030817747116e-06, -2.68593430519104e-06, 1.736465334892273, -3.7997961044311523e-06, -2.9355287551879883e-06, 1.621276617050171, -2.9546208679676056e-06, -1.1414289474487305e-05, 0.6033934950828552, 0.04908864200115204, -0.49832969903945923, -0.4918173551559448, -4.0084123611450195e-06, 4.470348358154297e-07, 1.7200770378112793, -3.680586814880371e-06, -2.8833746910095215e-06, 1.6338956356048584, -8.568167686462402e-08, 7.599592208862305e-06, 0.6061096787452698, 0.03803720325231552, 0.48609933257102966, -0.06373575329780579, 4.5746564865112305e-06, -7.338821887969971e-07, 0.491729736328125, -3.4458935260772705e-08, -5.140900611877441e-07, 0.491733580827713, 0.14979739487171173, -0.004515431821346283, 0.26721370220184326, 2.4854671210050583e-07, -1.6117701306939125e-06, 0.6228752136230469, 7.569789886474609e-06, -7.778406143188477e-06, 1.1016769409179688, -7.450580596923828e-08, 5.960464477539063e-08, 0.77264404296875, -0.14074449241161346, -0.01936175674200058, 0.25302693247795105, 4.284083843231201e-07, -4.908069968223572e-07, 0.5432049632072449, -3.904104232788086e-06, 3.688037395477295e-06, 1.103057622909546, 1.1473894119262695e-05, -7.420778274536133e-06, 0.8240508437156677, -0.009052852168679237, 0.023875445127487183, 0.31584155559539795, 8.940696716308594e-08, -3.725290298461914e-08, 0.3153615891933441, -0.0012293830513954163, -0.28040823340415955, 1.0047495365142822, 0.0012295916676521301, 0.2804054021835327, 0.17804370820522308, -0.03495671972632408, 3.9811127185821533, 1.0900564193725586, -0.0871235579252243, -0.3571861982345581, 0.5555343627929688, 5.7034194469451904e-06, -3.0994415283203125e-06, 1.736465334892273, -3.866851329803467e-06, -2.853572368621826e-06, 1.6212772130966187, -2.794899046421051e-06, -1.1458992958068848e-05, 0.6033936142921448, 0.04908864200115204, -0.4983295798301697, -0.49181753396987915, -3.56137752532959e-06, 2.086162567138672e-07, 1.720077633857727, -3.844499588012695e-06, -2.816319465637207e-06, 1.6338956356048584, -1.5459954738616943e-07, 7.644295692443848e-06, 0.6061096787452698, 0.03803711384534836, 0.4860987663269043, -0.0637359693646431, 4.647299647331238e-06, -8.158385753631592e-07, 0.49172961711883545, -1.3690441846847534e-07, -4.6193599700927734e-07, 0.49173346161842346, 0.14979757368564606, -0.004515413194894791, 0.26721426844596863, 2.658925950527191e-07, -1.500011421740055e-06, 0.6228752136230469, 7.269904017448425e-06, -7.428228855133057e-06, 1.1016775369644165, 8.940696716308594e-08, -3.2782554626464844e-07, 0.7726438045501709, -0.14074423909187317, -0.019361741840839386, 0.25302740931510925, 5.960464477539062e-07, -8.477363735437393e-07, 0.5432050824165344, -3.933906555175781e-06, 3.11434268951416e-06, 1.1030582189559937, 1.1324882507324219e-05, -7.838010787963867e-06, 0.8240504264831543, -0.009052705019712448, 0.023875460028648376, 0.31584200263023376, 1.341104507446289e-07, -3.166496753692627e-08, 0.3153606653213501, -0.0012295730412006378, -0.2804090082645416, 1.0047489404678345, 0.0012294277548789978, 0.2804047465324402, 0.17804306745529175, -0.03689614683389664, 3.9670937061309814, 1.0891889333724976, -0.08712350577116013, -0.35718679428100586, 0.5555346608161926, 5.7220458984375e-06, -3.0919909477233887e-06, 1.736465334892273, -3.787688910961151e-06, -2.909451723098755e-06, 1.62127685546875, -2.8796494007110596e-06, -1.1533498764038086e-05, 0.6033935546875, 0.04908861964941025, -0.4983299970626831, -0.4918171763420105, -3.7997961044311523e-06, 3.7997961044311523e-07, 1.7200775146484375, -3.874301910400391e-06, -2.905726432800293e-06, 1.633895993232727, 1.778826117515564e-07, 7.603317499160767e-06, 0.6061095595359802, 0.03803713992238045, 0.48609888553619385, -0.06373567134141922, 4.625879228115082e-06, -6.742775440216064e-07, 0.4917292892932892, 2.3283064365386963e-08, -3.259629011154175e-07, 0.4917328953742981, 0.14979740977287292, -0.004515409469604492, 0.2672136723995209, 2.1187588572502136e-07, -2.190412487834692e-06, 0.6228751540184021, 7.62939453125e-06, -7.651746273040771e-06, 1.101677417755127, -4.470348358154297e-08, 1.341104507446289e-07, 0.7726442813873291, -0.14074429869651794, -0.019361726939678192, 0.25302624702453613, 4.3213367462158203e-07, -8.884817361831665e-07, 0.5432058572769165, -3.814697265625e-06, 3.635883331298828e-06, 1.1030584573745728, 1.0624527931213379e-05, -7.62939453125e-06, 0.8240512609481812, -0.009052781388163567, 0.023875467479228973, 0.3158414363861084, 1.5273690223693848e-07, -1.0803341865539551e-07, 0.31536051630973816, -0.0012294203042984009, -0.28040847182273865, 1.004749059677124, 0.0012295395135879517, 0.2804057002067566, 0.1780431866645813, -0.0350179448723793, 3.9806699752807617, 1.090029001235962, -0.08712350577116013, -0.3571866750717163, 0.5555344223976135, 5.751848220825195e-06, -2.8908252716064453e-06, 1.736465334892273, -3.830238711088896e-06, -2.8759241104125977e-06, 1.6212769746780396, -2.869870513677597e-06, -1.1429190635681152e-05, 0.6033934950828552, 0.04908861964941025, -0.49832969903945923, -0.4918174147605896, -3.851950168609619e-06, 4.6193599700927734e-07, 1.7200775146484375, -4.0978193283081055e-06, -2.7194619178771973e-06, 1.633895754814148, 1.30385160446167e-07, 7.644295692443848e-06, 0.6061097383499146, 0.03803711757063866, 0.4860987365245819, -0.06373579800128937, 4.67151403427124e-06, -8.437782526016235e-07, 0.49172988533973694, 7.450580596923828e-08, -4.0046870708465576e-07, 0.4917329251766205, 0.14979755878448486, -0.004515483975410461, 0.2672140300273895, 2.7008354663848877e-07, -2.199900336563587e-06, 0.6228751540184021, 7.4803829193115234e-06, -7.659196853637695e-06, 1.1016770601272583, 1.4156103134155273e-07, 1.7136335372924805e-07, 0.7726442813873291, -0.14074434340000153, -0.01936178468167782, 0.25302740931510925, 4.023313522338867e-07, -9.08970832824707e-07, 0.5432056784629822, -3.822147846221924e-06, 3.7848949432373047e-06, 1.103058099746704, 1.1239200830459595e-05, -7.61914998292923e-06, 0.8240505456924438, -0.009052829816937447, 0.02387538179755211, 0.3158422112464905, 3.427267074584961e-07, -7.450580596923828e-09, 0.3153599798679352, -0.0012293681502342224, -0.28040850162506104, 1.0047494173049927, 0.0012294715270400047, 0.2804050147533417, 0.1780436635017395, -0.036867231130599976, 3.9673027992248535, 1.089201807975769, -0.08712364733219147, -0.35718637704849243, 0.5555344223976135, 5.7443976402282715e-06, -2.8908252716064453e-06, 1.7364654541015625, -3.768131136894226e-06, -2.9578804969787598e-06, 1.6212767362594604, -2.8440263122320175e-06, -1.1414289474487305e-05, 0.6033935546875, 0.04908859729766846, -0.49832984805107117, -0.49181732535362244, -3.889203071594238e-06, 5.066394805908203e-07, 1.7200777530670166, -3.864755854010582e-06, -2.942979335784912e-06, 1.6338958740234375, 1.7695128917694092e-07, 7.701455615460873e-06, 0.6061094999313354, 0.03803706914186478, 0.48609912395477295, -0.06373582780361176, 4.556030035018921e-06, -7.82310962677002e-07, 0.4917296767234802, -7.450580596923828e-08, -6.631016731262207e-07, 0.4917328655719757, 0.14979767799377441, -0.004515618085861206, 0.26721352338790894, 2.0116567611694336e-07, -2.0405277609825134e-06, 0.6228752136230469, 7.897615432739258e-06, -7.554888725280762e-06, 1.101677417755127, 1.778826117515564e-07, 2.3795291781425476e-07, 0.7726442813873291, -0.14074447751045227, -0.019361983984708786, 0.25302720069885254, 4.6193599700927734e-07, -6.854534149169922e-07, 0.5432051420211792, -3.869645297527313e-06, 3.468245267868042e-06, 1.1030583381652832, 1.1466443538665771e-05, -7.867813110351562e-06, 0.824050784111023, -0.009052574634552002, 0.023875296115875244, 0.3158411383628845, -8.940696716308594e-08, -1.043081283569336e-07, 0.31536129117012024, -0.0012294687330722809, -0.28040942549705505, 1.0047485828399658, 0.0012295395135879517, 0.28040453791618347, 0.17804256081581116, -0.03694778308272362, 3.9667205810546875, 1.0891658067703247, -0.08712352812290192, -0.3571859896183014, 0.5555342435836792, 5.759298801422119e-06, -3.1441450119018555e-06, 1.736465573310852, -3.7960708141326904e-06, -2.816319465637207e-06, 1.6212772130966187, -2.9010698199272156e-06, -1.1526048183441162e-05, 0.6033936738967896, 0.04908864200115204, -0.4983294606208801, -0.49181753396987915, -3.926455974578857e-06, 4.470348358154297e-07, 1.720077395439148, -3.594905138015747e-06, -2.857297658920288e-06, 1.6338956356048584, 3.296881914138794e-07, 7.510185241699219e-06, 0.6061096787452698, 0.0380372628569603, 0.4860992133617401, -0.06373586505651474, 4.753470420837402e-06, -6.370246410369873e-07, 0.4917299151420593, 2.9802322387695312e-08, -5.140900611877441e-07, 0.49173352122306824, 0.1497974693775177, -0.004515349864959717, 0.2672135531902313, 2.384185791015625e-07, -2.1792948246002197e-06, 0.6228752732276917, 7.68899917602539e-06, -7.72625207901001e-06, 1.1016764640808105, -2.2351741790771484e-08, -9.255018085241318e-07, 0.7726442217826843, -0.1407444179058075, -0.019361790269613266, 0.25302666425704956, 4.023313522338867e-07, -5.21540641784668e-07, 0.5432053208351135, -3.7550926208496094e-06, 4.187226295471191e-06, 1.1030577421188354, 1.1010095477104187e-05, -7.18235969543457e-06, 0.8240511417388916, -0.009052783250808716, 0.023875564336776733, 0.3158412277698517, 9.124778443947434e-08, 5.587935447692871e-08, 0.3153608441352844, -0.0012294668704271317, -0.28040915727615356, 1.0047492980957031, 0.0012294463813304901, 0.28040459752082825, 0.17804351449012756, -0.035354867577552795, 3.9782347679138184, 1.0898783206939697, -0.08712365478277206, -0.35718628764152527, 0.5555344820022583, 5.751848220825195e-06, -2.7492642402648926e-06, 1.7364654541015625, -3.866851329803467e-06, -2.8908252716064453e-06, 1.6212767362594604, -2.834014594554901e-06, -1.1466443538665771e-05, 0.6033934354782104, 0.049088336527347565, -0.498329758644104, -0.49181726574897766, -3.606081008911133e-06, 3.8743019104003906e-07, 1.7200777530670166, -3.546476364135742e-06, -2.8759241104125977e-06, 1.633895754814148, 2.4586915969848633e-07, 7.659196853637695e-06, 0.6061096787452698, 0.0380370207130909, 0.48609936237335205, -0.0637357085943222, 4.6193599700927734e-06, -9.5367431640625e-07, 0.49172964692115784, 8.940696716308594e-08, -1.862645149230957e-07, 0.4917329251766205, 0.14979752898216248, -0.004515327513217926, 0.2672138810157776, 1.7881393432617188e-07, -2.0330771803855896e-06, 0.6228753924369812, 7.4803829193115234e-06, -7.644295692443848e-06, 1.101677417755127, -2.0489096641540527e-08, -1.0454095900058746e-07, 0.7726442217826843, -0.1407444030046463, -0.019361652433872223, 0.2530272901058197, 4.568137228488922e-07, -8.866190910339355e-07, 0.5432053804397583, -3.814697265625e-06, 3.5408884286880493e-06, 1.103058099746704, 1.1354684829711914e-05, -7.450580596923828e-06, 0.824050784111023, -0.009052716195583344, 0.02387569099664688, 0.3158418834209442, -2.1606683731079102e-07, -1.1548399925231934e-07, 0.3153614401817322, -0.0012294994667172432, -0.2804085910320282, 1.0047495365142822, 0.0012294426560401917, 0.2804052233695984, 0.17804354429244995, -0.03691254183650017, 3.966975212097168, 1.0891815423965454, -0.08712342381477356, -0.35718655586242676, 0.5555342435836792, 5.580484867095947e-06, -2.9280781745910645e-06, 1.736465573310852, -3.8035213947296143e-06, -2.816319465637207e-06, 1.6212767362594604, -2.866610884666443e-06, -1.1466443538665771e-05, 0.6033935546875, 0.04908869415521622, -0.4983297288417816, -0.4918175935745239, -4.023313522338867e-06, 5.513429641723633e-07, 1.720077395439148, -3.7550926208496094e-06, -2.771615982055664e-06, 1.6338958740234375, 1.043081283569336e-07, 7.703900337219238e-06, 0.606109619140625, 0.038037292659282684, 0.4860987663269043, -0.0637359470129013, 4.641711711883545e-06, -1.0952353477478027e-06, 0.49173033237457275, -6.146728992462158e-08, -7.525086402893066e-07, 0.4917333424091339, 0.14979766309261322, -0.004515398293733597, 0.2672140896320343, 3.8743019104003906e-07, -1.959502696990967e-06, 0.6228753328323364, 7.778406143188477e-06, -7.525086402893066e-06, 1.101677417755127, 1.9231811165809631e-07, -1.4435499906539917e-08, 0.7726439833641052, -0.14074423909187317, -0.019361617043614388, 0.2530274987220764, -1.7508864402770996e-07, -6.016343832015991e-07, 0.5432052612304688, -3.7550926208496094e-06, 3.82494181394577e-06, 1.1030579805374146, 1.1712312698364258e-05, -7.275491952896118e-06, 0.8240506649017334, -0.00905255600810051, 0.02387562207877636, 0.3158419728279114, 1.7881393432617188e-07, -2.5331974029541016e-07, 0.3153609037399292, -0.001229509711265564, -0.2804093360900879, 1.0047498941421509, 0.0012293446343392134, 0.2804042398929596, 0.17804406583309174, -0.03179140388965607, 4.003992080688477, 1.0914722681045532, -0.08712360262870789, -0.35718610882759094, 0.5555344223976135, 5.673617124557495e-06, -3.0007213354110718e-06, 1.7364654541015625, -3.7550926208496094e-06, -2.812594175338745e-06, 1.6212769746780396, -2.8549693524837494e-06, -1.1391937732696533e-05, 0.6033935546875, 0.049088552594184875, -0.4983293116092682, -0.4918173551559448, -3.933906555175781e-06, 3.948807716369629e-07, 1.7200775146484375, -3.844499588012695e-06, -2.86102294921875e-06, 1.6338961124420166, -1.4901161193847656e-08, 7.584691047668457e-06, 0.6061094999313354, 0.03803715482354164, 0.48609912395477295, -0.06373558938503265, 4.827976226806641e-06, -1.084059476852417e-06, 0.4917299747467041, -7.450580596923828e-09, -3.3690594136714935e-07, 0.4917333722114563, 0.14979763329029083, -0.0045153480023145676, 0.26721394062042236, -1.825392246246338e-07, -2.175569534301758e-06, 0.6228752136230469, 7.763504981994629e-06, -7.554888725280762e-06, 1.1016771793365479, -7.171183824539185e-08, -3.650784492492676e-07, 0.77264404296875, -0.1407443732023239, -0.019361939281225204, 0.25302737951278687, 1.2293457984924316e-07, -6.537884473800659e-07, 0.5432052612304688, -3.844499588012695e-06, 3.9674341678619385e-06, 1.103057861328125, 1.1444091796875e-05, -7.231021299958229e-06, 0.8240511417388916, -0.009052582085132599, 0.023875562474131584, 0.3158418536186218, 5.960464477539063e-08, 1.7881393432617188e-07, 0.3153613209724426, -0.0012294650077819824, -0.28040921688079834, 1.0047489404678345, 0.001229558140039444, 0.2804047763347626, 0.17804300785064697, -0.03182466700673103, 4.003751754760742, 1.0914573669433594, -0.08712349086999893, -0.35718634724617004, 0.5555342435836792, 5.766749382019043e-06, -2.8274953365325928e-06, 1.736465334892273, -3.889203071594238e-06, -2.7641654014587402e-06, 1.621277093887329, -2.933898940682411e-06, -1.1526048183441162e-05, 0.6033934950828552, 0.04908868670463562, -0.4983295798301697, -0.4918176233768463, -3.814697265625e-06, 5.21540641784668e-07, 1.720077395439148, -3.6954879760742188e-06, -2.8014183044433594e-06, 1.6338956356048584, 5.960464477539063e-08, 7.905066013336182e-06, 0.6061096787452698, 0.038037218153476715, 0.48609963059425354, -0.06373608112335205, 4.63239848613739e-06, -1.171603798866272e-06, 0.4917299747467041, -2.9802322387695312e-08, -3.0919909477233887e-07, 0.4917343258857727, 0.1497974693775177, -0.004515565931797028, 0.26721426844596863, 5.21540641784668e-07, -1.519918441772461e-06, 0.6228752136230469, 7.62939453125e-06, -7.703900337219238e-06, 1.1016777753829956, 3.734603524208069e-07, -1.7136335372924805e-07, 0.7726441025733948, -0.14074435830116272, -0.019361674785614014, 0.2530268728733063, 4.954636096954346e-07, -5.587935447692871e-07, 0.5432052612304688, -3.6507844924926758e-06, 3.7229619920253754e-06, 1.1030584573745728, 1.1496245861053467e-05, -7.351278327405453e-06, 0.824050784111023, -0.009052805602550507, 0.023875296115875244, 0.31584227085113525, 2.0116567611694336e-07, 5.960464477539063e-08, 0.31536146998405457, -0.0012292414903640747, -0.2804092764854431, 1.0047492980957031, 0.0012297257781028748, 0.2804049849510193, 0.1780434101819992, -0.03083932213485241, 4.010874271392822, 1.0918980836868286, -0.08712318539619446, -0.3571859300136566, 0.5555341243743896, 5.751848220825195e-06, -3.0174851417541504e-06, 1.7364652156829834, -3.789551556110382e-06, -2.956017851829529e-06, 1.621276617050171, -2.86102294921875e-06, -1.1481344699859619e-05, 0.6033936142921448, 0.04908887296915054, -0.4983291029930115, -0.49181753396987915, -3.814697265625e-06, 3.5762786865234375e-07, 1.7200775146484375, -3.725290298461914e-06, -2.950429916381836e-06, 1.6338963508605957, -1.4901161193847656e-07, 7.852911949157715e-06, 0.606109619140625, 0.03803742676973343, 0.48609933257102966, -0.0637359768152237, 4.626810550689697e-06, -9.676878107711673e-07, 0.491729736328125, -1.4901161193847656e-08, -8.270144462585449e-07, 0.49173372983932495, 0.1497974693775177, -0.004515796899795532, 0.267214298248291, 2.682209014892578e-07, -1.773238182067871e-06, 0.6228752136230469, 7.601454854011536e-06, -7.634982466697693e-06, 1.1016777753829956, 2.691522240638733e-07, -2.5331974029541016e-07, 0.77264404296875, -0.14074446260929108, -0.019361741840839386, 0.2530268430709839, 1.7136335372924805e-07, -9.313225746154785e-07, 0.5432052612304688, -3.769993782043457e-06, 3.684312105178833e-06, 1.1030579805374146, 1.150369644165039e-05, -8.657574653625488e-06, 0.8240509629249573, -0.00905277207493782, 0.023875445127487183, 0.3158417344093323, 3.2782554626464844e-07, 7.450580596923828e-09, 0.3153609037399292, -0.0012292265892028809, -0.280409038066864, 1.0047494173049927, 0.0012296661734580994, 0.280404657125473, 0.17804336547851562, -0.028935013338923454, 4.024639129638672, 1.092749834060669, -0.08712362498044968, -0.3571862578392029, 0.555534303188324, 5.7220458984375e-06, -3.11434268951416e-06, 1.7364656925201416, -3.8351863622665405e-06, -2.8349459171295166e-06, 1.6212769746780396, -2.8819777071475983e-06, -1.1436641216278076e-05, 0.6033935546875, 0.04908864572644234, -0.4983295500278473, -0.49181753396987915, -3.635883331298828e-06, 6.556510925292969e-07, 1.7200781106948853, -3.7848949432373047e-06, -3.0100345611572266e-06, 1.633895993232727, -2.086162567138672e-07, 7.964670658111572e-06, 0.6061096787452698, 0.03803730756044388, 0.48609909415245056, -0.06373589485883713, 4.664063453674316e-06, -4.0978193283081055e-07, 0.49172985553741455, 2.384185791015625e-07, -8.195638656616211e-07, 0.49173444509506226, 0.1497974544763565, -0.0045152753591537476, 0.267213374376297, 1.9371509552001953e-07, -2.086162567138672e-06, 0.6228750944137573, 7.554888725280762e-06, -7.584691047668457e-06, 1.1016767024993896, -1.4901161193847656e-07, -3.501772880554199e-07, 0.7726442217826843, -0.14074444770812988, -0.01936214417219162, 0.25302693247795105, 5.504116415977478e-07, -1.2293457984924316e-06, 0.5432050824165344, -3.874301910400391e-06, 3.606081008911133e-06, 1.1030571460723877, 1.1473894119262695e-05, -7.4803829193115234e-06, 0.824050784111023, -0.009052827954292297, 0.023875422775745392, 0.3158416450023651, 1.4901161193847656e-08, 2.1257437765598297e-07, 0.315360963344574, -0.0012293756008148193, -0.28040894865989685, 1.0047494173049927, 0.0012294948101043701, 0.2804049849510193, 0.17804338037967682, -0.0317583829164505, 4.004230976104736, 1.0914870500564575, -0.08712345361709595, -0.3571864068508148, 0.5555343627929688, 5.751848220825195e-06, -3.159046173095703e-06, 1.736465334892273, -3.7830322980880737e-06, -2.8312206268310547e-06, 1.62127685546875, -2.7925707399845123e-06, -1.142546534538269e-05, 0.6033935546875, 0.049088675528764725, -0.49832963943481445, -0.4918176233768463, -3.814697265625e-06, 7.897615432739258e-07, 1.7200771570205688, -3.635883331298828e-06, -2.7418136596679688e-06, 1.6338958740234375, -1.4901161193847656e-08, 7.338821887969971e-06, 0.6061095595359802, 0.038037315011024475, 0.48609912395477295, -0.06373599916696548, 4.634261131286621e-06, -3.5762786865234375e-07, 0.4917295575141907, -8.940696716308594e-08, -4.3213367462158203e-07, 0.4917336702346802, 0.14979736506938934, -0.004515931010246277, 0.26721423864364624, 5.066394805908203e-07, -2.175569534301758e-06, 0.6228753328323364, 7.569789886474609e-06, -7.636845111846924e-06, 1.101677417755127, -4.470348358154297e-08, 2.086162567138672e-07, 0.7726439833641052, -0.14074453711509705, -0.019362162798643112, 0.25302743911743164, 1.043081283569336e-06, -5.811452865600586e-07, 0.5432053208351135, -3.7848949432373047e-06, 3.933906555175781e-06, 1.1030572652816772, 1.1563301086425781e-05, -7.68899917602539e-06, 0.8240504264831543, -0.009052902460098267, 0.023875117301940918, 0.315841943025589, -1.73225998878479e-07, -1.2526288628578186e-07, 0.3153606057167053, -0.0012295842170715332, -0.28040769696235657, 1.0047494173049927, 0.00122930109500885, 0.2804056704044342, 0.17804384231567383, -0.03625002130866051, 3.971764326095581, 1.0894778966903687, -0.08712343871593475, -0.3571864366531372, 0.5555343627929688, 5.662441253662109e-06, -2.8014183044433594e-06, 1.7364656925201416, -3.734603524208069e-06, -2.8461217880249023e-06, 1.6212769746780396, -3.0137598514556885e-06, -1.1457130312919617e-05, 0.6033934950828552, 0.04908859729766846, -0.49832969903945923, -0.4918174743652344, -3.725290298461914e-06, 1.7136335372924805e-07, 1.720077395439148, -3.933906555175781e-06, -2.9802322387695312e-06, 1.6338958740234375, 1.4901161193847656e-08, 7.949769496917725e-06, 0.606109619140625, 0.03803731128573418, 0.48609840869903564, -0.06373586505651474, 4.76837158203125e-06, -5.140900611877441e-07, 0.49172958731651306, -1.6391277313232422e-07, -1.564621925354004e-07, 0.4917328953742981, 0.14979761838912964, -0.004515878856182098, 0.2672138810157776, -2.5704503059387207e-07, -1.9669532775878906e-06, 0.622875452041626, 7.361173629760742e-06, -7.718801498413086e-06, 1.1016768217086792, 0.0, -1.4901161193847656e-07, 0.7726441621780396, -0.1407441943883896, -0.01936223916709423, 0.2530269920825958, 5.364418029785156e-07, -6.407499313354492e-07, 0.5432053804397583, -3.814697265625e-06, 3.814697265625e-06, 1.1030572652816772, 1.1414289474487305e-05, -7.331371307373047e-06, 0.8240508437156677, -0.009052649140357971, 0.02387530356645584, 0.31584131717681885, -2.5704503059387207e-07, 1.2293457984924316e-07, 0.315361350774765, -0.0012296736240386963, -0.2804095149040222, 1.0047491788864136, 0.0012293383479118347, 0.2804044485092163, 0.17804327607154846, -0.04049922525882721, 3.941049575805664, 1.087577223777771, -0.08712354302406311, -0.3571862578392029, 0.5555343627929688, 5.513429641723633e-06, -2.9206275939941406e-06, 1.736465334892273, -3.875233232975006e-06, -2.8349459171295166e-06, 1.6212769746780396, -2.993270754814148e-06, -1.1391937732696533e-05, 0.6033936142921448, 0.0490887314081192, -0.4983295798301697, -0.49181756377220154, -3.95067036151886e-06, 1.9371509552001953e-07, 1.7200775146484375, -3.941357135772705e-06, -3.129243850708008e-06, 1.6338958740234375, 4.470348358154297e-08, 7.450580596923828e-06, 0.606109619140625, 0.03803731128573418, 0.4860992431640625, -0.06373592466115952, 4.4852495193481445e-06, -6.034970283508301e-07, 0.4917295277118683, 1.043081283569336e-07, -4.023313522338867e-07, 0.4917339086532593, 0.14979737997055054, -0.0045150890946388245, 0.2672138810157776, 3.427267074584961e-07, -2.2649765014648438e-06, 0.6228750944137573, 7.718801498413086e-06, -7.62939453125e-06, 1.1016769409179688, -1.7881393432617188e-07, -2.9802322387695312e-08, 0.7726442813873291, -0.14074449241161346, -0.019361671060323715, 0.25302717089653015, 7.450580596923828e-08, -6.183981895446777e-07, 0.5432046055793762, -3.993511199951172e-06, 3.680586814880371e-06, 1.1030572652816772, 1.1205673217773438e-05, -7.3462724685668945e-06, 0.8240509629249573, -0.009052783250808716, 0.023875301703810692, 0.3158422112464905, 2.2724270820617676e-07, 6.016343832015991e-07, 0.31536173820495605, -0.0012294352054595947, -0.28040793538093567, 1.0047491788864136, 0.001229502260684967, 0.28040528297424316, 0.17804336547851562, -0.04449014365673065, 3.9122021198272705, 1.0857921838760376, -0.08712350577116013, -0.35718676447868347, 0.5555343627929688, 5.587935447692871e-06, -2.652406692504883e-06, 1.7364658117294312, -3.95067036151886e-06, -2.837739884853363e-06, 1.6212767362594604, -2.8354115784168243e-06, -1.1421740055084229e-05, 0.6033936142921448, 0.049088671803474426, -0.4983300268650055, -0.49181756377220154, -3.8370490074157715e-06, 4.3492764234542847e-07, 1.7200772762298584, -3.889203071594238e-06, -2.436339855194092e-06, 1.6338961124420166, 2.9802322387695312e-08, 7.659196853637695e-06, 0.606109619140625, 0.03803728148341179, 0.4860985279083252, -0.06373591721057892, 4.4852495193481445e-06, -7.599592208862305e-07, 0.49172934889793396, -1.4901161193847656e-07, -4.805624485015869e-07, 0.4917335510253906, 0.1497974991798401, -0.00451543927192688, 0.2672141194343567, 1.1175870895385742e-07, -1.9669532775878906e-06, 0.6228753328323364, 7.897615432739258e-06, -7.68899917602539e-06, 1.1016769409179688, -5.960464477539063e-08, -4.470348358154297e-07, 0.7726441621780396, -0.14074432849884033, -0.01936192996799946, 0.25302737951278687, 2.682209014892578e-07, -6.109476089477539e-07, 0.5432051420211792, -3.904104232788086e-06, 3.822147846221924e-06, 1.103057622909546, 1.1548399925231934e-05, -7.793307304382324e-06, 0.8240509033203125, -0.009052813053131104, 0.023875519633293152, 0.3158417046070099, -7.450580596923828e-09, 1.341104507446289e-07, 0.31536102294921875, -0.0012294650077819824, -0.28040939569473267, 1.0047491788864136, 0.0012295860797166824, 0.2804045081138611, 0.17804338037967682, -0.04517027735710144, 3.9072859287261963, 1.085487961769104, -0.08712367713451385, -0.3571862578392029, 0.555534303188324, 5.7034194469451904e-06, -3.129243850708008e-06, 1.7364658117294312, -3.6992132663726807e-06, -2.9653310775756836e-06, 1.6212769746780396, -2.8619542717933655e-06, -1.1548399925231934e-05, 0.6033935546875, 0.049088433384895325, -0.4983295798301697, -0.4918174743652344, -3.8370490074157715e-06, 4.5052729547023773e-07, 1.7200775146484375, -3.814697265625e-06, -3.3080577850341797e-06, 1.633895993232727, 1.6391277313232422e-07, 7.763504981994629e-06, 0.6061095595359802, 0.038037270307540894, 0.48609891533851624, -0.06373591721057892, 4.5746564865112305e-06, -8.791685104370117e-07, 0.49172958731651306, -3.129243850708008e-07, -6.910413503646851e-07, 0.4917339086532593, 0.14979715645313263, -0.004515296779572964, 0.2672137916088104, 4.470348358154297e-07, -1.8477439880371094e-06, 0.6228750944137573, 7.927417755126953e-06, -7.808208465576172e-06, 1.1016768217086792, 1.1920928955078125e-07, 8.940696716308594e-08, 0.7726441025733948, -0.1407446563243866, -0.019361838698387146, 0.253027081489563, 5.662441253662109e-07, -4.209578037261963e-07, 0.5432052612304688, -3.933906555175781e-06, 3.904104232788086e-06, 1.1030573844909668, 1.1414289474487305e-05, -7.808208465576172e-06, 0.8240508437156677, -0.009053036570549011, 0.023875325918197632, 0.3158417046070099, 1.341104507446289e-07, 2.0116567611694336e-07, 0.315360426902771, -0.0012294575572013855, -0.2804080843925476, 1.0047491788864136, 0.0012295283377170563, 0.28040561079978943, 0.17804333567619324, -0.0432761125266552, 3.9209773540496826, 1.0863351821899414, -0.08712363243103027, -0.35718631744384766, 0.5555342435836792, 5.648471415042877e-06, -2.8312206268310547e-06, 1.7364658117294312, -3.851950168609619e-06, -2.950429916381836e-06, 1.621277093887329, -2.896878868341446e-06, -1.1399388313293457e-05, 0.6033935546875, 0.049088701605796814, -0.4983295798301697, -0.4918176233768463, -3.822147846221924e-06, 4.3818727135658264e-07, 1.720077395439148, -3.844499588012695e-06, -2.9653310775756836e-06, 1.6338958740234375, 7.450580596923828e-08, 7.3015689849853516e-06, 0.606109619140625, 0.03803720325231552, 0.48609936237335205, -0.06373602896928787, 4.5746564865112305e-06, -7.897615432739258e-07, 0.4917294979095459, 1.4901161193847656e-08, -1.1511147022247314e-06, 0.49173444509506226, 0.14979779720306396, -0.004516032990068197, 0.2672138214111328, 8.046627044677734e-07, -2.1457672119140625e-06, 0.622875452041626, 7.62939453125e-06, -7.525086402893066e-06, 1.1016767024993896, 2.384185791015625e-07, -8.940696716308594e-08, 0.7726441621780396, -0.14074420928955078, -0.019361957907676697, 0.25302654504776, 6.332993507385254e-07, -8.426140993833542e-07, 0.5432053208351135, -3.814697265625e-06, 3.725290298461914e-06, 1.103058099746704, 1.1563301086425781e-05, -7.867813110351562e-06, 0.8240509033203125, -0.009052619338035583, 0.023875100538134575, 0.3158412575721741, 1.7881393432617188e-07, 1.4901161193847656e-08, 0.31536078453063965, -0.0012294414918869734, -0.28040990233421326, 1.0047491788864136, 0.0012295779306441545, 0.280404269695282, 0.17804333567619324, -0.039625104516744614, 3.9473681449890137, 1.0879682302474976, -0.08712349832057953, -0.357185959815979, 0.5555342435836792, 5.5655837059021e-06, -2.86102294921875e-06, 1.736465573310852, -3.822147846221924e-06, -2.637505531311035e-06, 1.6212767362594604, -2.9383227229118347e-06, -1.1421740055084229e-05, 0.6033936738967896, 0.04908865690231323, -0.49832966923713684, -0.4918174743652344, -3.777444362640381e-06, 3.8975849747657776e-07, 1.7200777530670166, -3.680586814880371e-06, -2.771615982055664e-06, 1.6338955163955688, 2.9802322387695312e-08, 7.4803829193115234e-06, 0.606109619140625, 0.03803718835115433, 0.4860992729663849, -0.06373593211174011, 4.589557647705078e-06, -8.046627044677734e-07, 0.49173006415367126, 1.4901161193847656e-08, -6.239861249923706e-07, 0.491733193397522, 0.14979742467403412, -0.0045152511447668076, 0.2672138810157776, 2.514570951461792e-07, -2.0265579223632812e-06, 0.622875452041626, 7.539987564086914e-06, -7.539987564086914e-06, 1.1016775369644165, -3.5762786865234375e-07, -4.3213367462158203e-07, 0.77264404296875, -0.14074434340000153, -0.01936166360974312, 0.25302740931510925, 5.699694156646729e-07, -6.631016731262207e-07, 0.5432050824165344, -3.6954879760742188e-06, 3.7550926208496094e-06, 1.103057861328125, 1.1466443538665771e-05, -7.748603820800781e-06, 0.8240511417388916, -0.009052708745002747, 0.023875510320067406, 0.3158418536186218, 3.2782554626464844e-07, -1.7881393432617188e-07, 0.3153613209724426, -0.001229453831911087, -0.2804081439971924, 1.0047495365142822, 0.0012294724583625793, 0.28040528297424316, 0.1780434250831604, -0.03275825083255768, 3.9970037937164307, 1.091039776802063, -0.08712340891361237, -0.35718607902526855, 0.5555344223976135, 5.632638931274414e-06, -2.682209014892578e-06, 1.736465573310852, -3.993511199951172e-06, -2.905726432800293e-06, 1.621277093887329, -2.912711352109909e-06, -1.1473894119262695e-05, 0.6033934950828552, 0.04908871650695801, -0.4983293414115906, -0.491817444562912, -3.7066638469696045e-06, 4.6566128730773926e-07, 1.7200781106948853, -3.5688281059265137e-06, -2.9653310775756836e-06, 1.6338961124420166, -5.960464477539063e-08, 7.495284080505371e-06, 0.6061093807220459, 0.038037482649087906, 0.4860993027687073, -0.06373584270477295, 4.708766937255859e-06, -6.407499313354492e-07, 0.49172964692115784, 8.940696716308594e-08, -2.3469328880310059e-07, 0.4917334318161011, 0.14979754388332367, -0.004515010863542557, 0.2672138810157776, 4.023313522338867e-07, -2.384185791015625e-06, 0.6228755712509155, 7.659196853637695e-06, -7.68899917602539e-06, 1.101677656173706, -1.7881393432617188e-07, 1.7881393432617188e-07, 0.7726439833641052, -0.14074432849884033, -0.019361289218068123, 0.25302690267562866, 5.243346095085144e-07, -5.527399480342865e-07, 0.5432053208351135, -3.814697265625e-06, 3.382563591003418e-06, 1.1030582189559937, 1.1415686458349228e-05, -7.912516593933105e-06, 0.824050784111023, -0.00905272364616394, 0.02387578785419464, 0.3158416748046875, 2.086162567138672e-07, -1.341104507446289e-07, 0.3153616487979889, -0.0012296177446842194, -0.28040915727615356, 1.0047495365142822, 0.0012294910848140717, 0.2804051339626312, 0.17804349958896637, -0.02323243021965027, 4.065859317779541, 1.095300555229187, -0.08712348341941833, -0.357185959815979, 0.555534303188324, 5.841255187988281e-06, -2.8908252716064453e-06, 1.736465573310852, -3.769993782043457e-06, -2.86102294921875e-06, 1.62127685546875, -2.8247013688087463e-06, -1.154094934463501e-05, 0.6033934950828552, 0.04908859729766846, -0.49832916259765625, -0.49181753396987915, -3.77558171749115e-06, 4.6566128730773926e-07, 1.720077633857727, -3.956258296966553e-06, -3.248453140258789e-06, 1.633895754814148, 2.9802322387695312e-08, 8.016824722290039e-06, 0.6061095595359802, 0.038037270307540894, 0.4860994219779968, -0.06373609602451324, 4.738569259643555e-06, -9.98377799987793e-07, 0.49173006415367126, 2.5331974029541016e-07, -9.611248970031738e-07, 0.491733580827713, 0.14979751408100128, -0.0045156329870224, 0.26721417903900146, 2.682209014892578e-07, -2.086162567138672e-06, 0.6228753328323364, 7.510185241699219e-06, -7.3909759521484375e-06, 1.1016770601272583, -1.7881393432617188e-07, -3.2782554626464844e-07, 0.7726439833641052, -0.14074431359767914, -0.019361793994903564, 0.25302743911743164, 3.5762786865234375e-07, -1.0132789611816406e-06, 0.5432050228118896, -3.9637088775634766e-06, 3.7848949432373047e-06, 1.1030583381652832, 1.1667609214782715e-05, -6.936490535736084e-06, 0.8240508437156677, -0.009052693843841553, 0.023875288665294647, 0.3158420920372009, 2.384185791015625e-07, -2.980232238769531e-07, 0.31536105275154114, -0.0012295562773942947, -0.2804085314273834, 1.0047491788864136, 0.0012295078486204147, 0.28040602803230286, 0.17804309725761414, -0.013145934790372849, 4.138767719268799, 1.0998122692108154, -0.08712363243103027, -0.3571857810020447, 0.555534303188324, 5.736947059631348e-06, -2.8312206268310547e-06, 1.7364654541015625, -3.896653652191162e-06, -2.9206275939941406e-06, 1.62127685546875, -2.6980414986610413e-06, -1.1444091796875e-05, 0.6033934950828552, 0.04908853769302368, -0.49832940101623535, -0.49181753396987915, -3.7122517824172974e-06, 4.3585896492004395e-07, 1.7200777530670166, -3.7103891372680664e-06, -2.9355287551879883e-06, 1.633895993232727, -5.960464477539063e-08, 7.539987564086914e-06, 0.6061097979545593, 0.03803715482354164, 0.48609957098960876, -0.06373613327741623, 4.801899194717407e-06, -7.897615432739258e-07, 0.4917304515838623, 1.7881393432617188e-07, -5.066394805908203e-07, 0.4917340874671936, 0.14979751408100128, -0.0045156776905059814, 0.2672143578529358, 4.172325134277344e-07, -2.2649765014648438e-06, 0.6228755712509155, 7.353723049163818e-06, -7.62939453125e-06, 1.1016769409179688, 5.960464477539063e-08, 3.427267074584961e-07, 0.7726441025733948, -0.14074429869651794, -0.019361861050128937, 0.25302794575691223, 2.1979212760925293e-07, -1.125037670135498e-06, 0.5432053208351135, -3.516674041748047e-06, 3.844499588012695e-06, 1.103057861328125, 1.1257827281951904e-05, -7.778406143188477e-06, 0.8240508437156677, -0.00905272364616394, 0.023875534534454346, 0.31584227085113525, 1.1920928955078125e-07, 0.0, 0.3153620660305023, -0.0012295320630073547, -0.2804090082645416, 1.0047491788864136, 0.0012294873595237732, 0.28040504455566406, 0.17804324626922607, -0.003965519834309816, 4.2051262855529785, 1.1039185523986816, -0.08712358772754669, -0.3571862578392029, 0.5555344223976135, 5.558133125305176e-06, -2.9802322387695312e-06, 1.7364647388458252, -3.7923455238342285e-06, -2.8461217880249023e-06, 1.6212769746780396, -2.939719706773758e-06, -1.1455267667770386e-05, 0.6033935546875, 0.04908859729766846, -0.49832937121391296, -0.49181753396987915, -3.855675458908081e-06, 3.7997961044311523e-07, 1.7200775146484375, -3.904104232788086e-06, -2.682209014892578e-06, 1.633895754814148, 1.6391277313232422e-07, 7.361173629760742e-06, 0.606109619140625, 0.038037143647670746, 0.48609909415245056, -0.0637359544634819, 4.827976226806641e-06, -8.195638656616211e-07, 0.49172982573509216, -1.2665987014770508e-07, -6.407499313354492e-07, 0.49173271656036377, 0.1497974991798401, -0.0045157670974731445, 0.26721370220184326, 4.76837158203125e-07, -1.4901161193847656e-06, 0.6228753924369812, 7.7858567237854e-06, -7.37607479095459e-06, 1.1016765832901, -2.8312206268310547e-07, -2.384185791015625e-07, 0.7726442813873291, -0.14074434340000153, -0.01936200261116028, 0.2530270218849182, 2.0116567611694336e-07, -3.5762786865234375e-07, 0.5432050824165344, -3.471970558166504e-06, 3.427267074584961e-06, 1.103057861328125, 1.179426908493042e-05, -6.67572021484375e-06, 0.824050784111023, -0.009052738547325134, 0.023875072598457336, 0.3158414363861084, 2.1373853087425232e-07, 2.9802322387695312e-08, 0.3153610825538635, -0.001229599118232727, -0.28040841221809387, 1.004749059677124, 0.0012293606996536255, 0.2804051637649536, 0.17804330587387085, 0.0025207754224538803, 4.252011299133301, 1.1068198680877686, -0.08712352812290192, -0.3571864068508148, 0.5555341839790344, 5.647540092468262e-06, -2.8312206268310547e-06, 1.7364654541015625, -3.986060619354248e-06, -3.039836883544922e-06, 1.6212769746780396, -2.8954818844795227e-06, -1.1574476957321167e-05, 0.6033934950828552, 0.049088627099990845, -0.4983297884464264, -0.4918176233768463, -3.7923455238342285e-06, 5.21540641784668e-07, 1.7200775146484375, -3.680586814880371e-06, -2.8312206268310547e-06, 1.6338956356048584, 1.341104507446289e-07, 7.614493370056152e-06, 0.6061097383499146, 0.03803715854883194, 0.48609891533851624, -0.06373605132102966, 4.589557647705078e-06, -1.043081283569336e-06, 0.49172985553741455, 1.4901161193847656e-08, -4.76837158203125e-07, 0.4917337894439697, 0.14979763329029083, -0.004515290260314941, 0.2672136425971985, 2.384185791015625e-07, -1.9073486328125e-06, 0.6228751540184021, 7.509253919124603e-06, -7.405877113342285e-06, 1.101677417755127, 1.4901161193847656e-07, -6.631016731262207e-07, 0.7726442813873291, -0.14074435830116272, -0.019361555576324463, 0.25302672386169434, 2.424931153655052e-07, -5.364418029785156e-07, 0.5432056188583374, -3.978610038757324e-06, 3.874301910400391e-06, 1.103057861328125, 1.1906027793884277e-05, -7.808208465576172e-06, 0.824050784111023, -0.009052678942680359, 0.023875534534454346, 0.3158416152000427, 1.564621925354004e-07, -3.725290298461914e-08, 0.31536048650741577, -0.001229122281074524, -0.28040823340415955, 1.0047485828399658, 0.0012297481298446655, 0.2804054617881775, 0.17804309725761414, 0.0062293787486851215, 4.278818607330322, 1.1084786653518677, -0.08712354302406311, -0.35718634724617004, 0.5555343627929688, 5.602836608886719e-06, -2.9802322387695312e-06, 1.7364656925201416, -3.8817524909973145e-06, -2.913177013397217e-06, 1.6212767362594604, -2.975109964609146e-06, -1.1440366506576538e-05, 0.6033934950828552, 0.049088627099990845, -0.49832984805107117, -0.49181753396987915, -3.6954879760742188e-06, 5.960464477539062e-07, 1.7200778722763062, -3.889203071594238e-06, -2.7418136596679688e-06, 1.633895993232727, -3.3527612686157227e-08, 7.756054401397705e-06, 0.6061094999313354, 0.03803721442818642, 0.4860993027687073, -0.06373605132102966, 4.559755325317383e-06, -9.238719940185547e-07, 0.49173030257225037, -1.4901161193847656e-08, -2.980232238769531e-07, 0.4917336404323578, 0.14979763329029083, -0.004515290260314941, 0.26721441745758057, 5.960464477539063e-08, -2.562999725341797e-06, 0.6228753328323364, 7.592141628265381e-06, -7.584691047668457e-06, 1.1016777753829956, -7.450580596923828e-09, 7.450580596923828e-08, 0.7726439237594604, -0.14074435830116272, -0.019361495971679688, 0.25302740931510925, 7.82310962677002e-08, -4.470348358154297e-07, 0.5432053804397583, -3.994849976152182e-06, 3.337860107421875e-06, 1.103058099746704, 1.1671334505081177e-05, -7.718801498413086e-06, 0.824050784111023, -0.009052753448486328, 0.023875564336776733, 0.31584224104881287, 1.7136335372924805e-07, -3.0547380447387695e-07, 0.3153606057167053, -0.0012292861938476562, -0.2804083526134491, 1.0047495365142822, 0.0012298226356506348, 0.2804056406021118, 0.17804348468780518, 0.008211634121835232, 4.29314661026001, 1.1093653440475464, -0.08712349832057953, -0.35718631744384766, 0.5555343627929688, 5.647540092468262e-06, -2.7865171432495117e-06, 1.7364649772644043, -3.9711594581604e-06, -2.9206275939941406e-06, 1.6212769746780396, -2.9029324650764465e-06, -1.1578202247619629e-05, 0.6033935546875, 0.04908865690231323, -0.49832943081855774, -0.49181753396987915, -3.810971975326538e-06, 3.8743019104003906e-07, 1.720077633857727, -3.725290298461914e-06, -2.816319465637207e-06, 1.633895754814148, 0.0, 7.517635822296143e-06, 0.606109619140625, 0.038037195801734924, 0.4860987067222595, -0.06373585760593414, 4.589557647705078e-06, -1.2367963790893555e-06, 0.4917304515838623, 4.470348358154297e-08, -5.364418029785156e-07, 0.4917336106300354, 0.14979739487171173, -0.004515349864959717, 0.2672136425971985, 2.980232238769531e-07, -2.115964889526367e-06, 0.6228752136230469, 7.729977369308472e-06, -7.3015689849853516e-06, 1.1016767024993896, 3.427267074584961e-07, -5.960464477539063e-08, 0.7726442813873291, -0.14074452221393585, -0.0193617045879364, 0.2530273199081421, 4.544854164123535e-07, -2.682209014892578e-07, 0.5432051420211792, -3.56137752532959e-06, 4.32133674621582e-06, 1.103058099746704, 1.1320225894451141e-05, -7.681548595428467e-06, 0.8240510821342468, -0.009052824229001999, 0.02387562394142151, 0.3158416152000427, 3.0919909477233887e-07, 7.450580596923828e-09, 0.3153611719608307, -0.0012294352054595947, -0.28040874004364014, 1.0047492980957031, 0.001229614019393921, 0.2804051637649536, 0.17804333567619324, 0.008434892632067204, 4.294760704040527, 1.10946524143219, -0.08712349832057953, -0.3571862578392029, 0.555534303188324, 5.841255187988281e-06, -2.9355287551879883e-06, 1.7364648580551147, -3.829598426818848e-06, -2.9355287551879883e-06, 1.6212767362594604, -2.8423964977264404e-06, -1.1429190635681152e-05, 0.6033936142921448, 0.04908856749534607, -0.4983295202255249, -0.4918176531791687, -3.88268381357193e-06, 5.699694156646729e-07, 1.7200777530670166, -3.829598426818848e-06, -2.7120113372802734e-06, 1.633895754814148, -5.21540641784668e-08, 7.670372724533081e-06, 0.606109619140625, 0.03803710266947746, 0.4860992729663849, -0.0637359544634819, 4.589557647705078e-06, -1.0132789611816406e-06, 0.4917294979095459, 1.9371509552001953e-07, -5.662441253662109e-07, 0.49173346161842346, 0.1497974842786789, -0.004515230655670166, 0.2672134041786194, 2.384185791015625e-07, -1.9073486328125e-06, 0.6228751540184021, 7.718801498413086e-06, -8.165836334228516e-06, 1.101677417755127, 1.4901161193847656e-07, 5.587935447692871e-07, 0.7726434469223022, -0.14074425399303436, -0.0193617045879364, 0.25302696228027344, 7.450580596923828e-08, -3.427267074584961e-07, 0.5432055592536926, -3.7513673305511475e-06, 4.26173210144043e-06, 1.103057622909546, 1.1734897270798683e-05, -7.646158337593079e-06, 0.8240508437156677, -0.009052768349647522, 0.023875296115875244, 0.31584182381629944, 1.9371509552001953e-07, -3.427267074584961e-07, 0.31536078453063965, -0.0012294203042984009, -0.2804092764854431, 1.0047498941421509, 0.0012295693159103394, 0.2804052233695984, 0.1780436635017395, 0.006363303866237402, 4.279786586761475, 1.1085386276245117, -0.08712361752986908, -0.3571859300136566, 0.5555343627929688, 5.7220458984375e-06, -3.0174851417541504e-06, 1.7364656925201416, -3.874301910400391e-06, -2.9578804969787598e-06, 1.62127685546875, -3.107823431491852e-06, -1.1458992958068848e-05, 0.6033935546875, 0.04908864200115204, -0.498329222202301, -0.4918175935745239, -3.7979334592819214e-06, 4.3958425521850586e-07, 1.720077395439148, -3.933906555175781e-06, -2.7604401111602783e-06, 1.633895993232727, 1.341104507446289e-07, 7.614493370056152e-06, 0.6061097979545593, 0.03803730756044388, 0.48609960079193115, -0.0637359768152237, 4.857778549194336e-06, -8.791685104370117e-07, 0.491729736328125, -4.470348358154297e-08, -1.7881393432617188e-07, 0.4917333126068115, 0.1497974693775177, -0.0045153796672821045, 0.2672131657600403, 0.0, -1.817941665649414e-06, 0.6228752732276917, 7.592141628265381e-06, -7.405877113342285e-06, 1.1016770601272583, -6.51925802230835e-09, 4.917383193969727e-07, 0.7726446390151978, -0.1407444179058075, -0.01936158537864685, 0.25302645564079285, 3.5762786865234375e-07, -9.08970832824707e-07, 0.543205738067627, -3.9637088775634766e-06, 3.6731362342834473e-06, 1.103057622909546, 1.1667143553495407e-05, -7.584691047668457e-06, 0.824050784111023, -0.009052932262420654, 0.023875266313552856, 0.3158416748046875, -1.4901161193847656e-08, -2.384185791015625e-07, 0.3153608739376068, -0.0012294948101043701, -0.28040868043899536, 1.0047487020492554, 0.0012294650077819824, 0.28040507435798645, 0.17804282903671265, 0.002033968223258853, 4.24849271774292, 1.1066021919250488, -0.08712369203567505, -0.35718631744384766, 0.5555342435836792, 5.5730342864990234e-06, -2.9802322387695312e-06, 1.736465334892273, -3.688037395477295e-06, -2.7865171432495117e-06, 1.6212769746780396, -2.852175384759903e-06, -1.1496245861053467e-05, 0.6033936142921448, 0.04908858612179756, -0.4983294606208801, -0.4918176531791687, -3.734603524208069e-06, 5.140900611877441e-07, 1.720077633857727, -3.7848949432373047e-06, -2.7976930141448975e-06, 1.6338958740234375, 7.450580596923828e-08, 7.659196853637695e-06, 0.6061094999313354, 0.03803721070289612, 0.48609891533851624, -0.0637359693646431, 4.649162292480469e-06, -9.164214134216309e-07, 0.4917295575141907, -2.384185791015625e-07, -3.5762786865234375e-07, 0.4917334020137787, 0.14979752898216248, -0.004515588283538818, 0.2672133445739746, 5.662441253662109e-07, -2.294778823852539e-06, 0.6228753328323364, 7.569789886474609e-06, -7.83521682024002e-06, 1.1016771793365479, 1.862645149230957e-09, 4.470348358154297e-08, 0.7726439237594604, -0.14074447751045227, -0.01936200261116028, 0.25302693247795105, 6.258487701416016e-07, -6.48200511932373e-07, 0.5432052612304688, -4.0531158447265625e-06, 4.410743713378906e-06, 1.1030579805374146, 1.0818243026733398e-05, -7.875263690948486e-06, 0.8240512013435364, -0.009052664041519165, 0.023875266313552856, 0.3158414363861084, 1.4901161193847656e-07, -1.7881393432617188e-07, 0.31536081433296204, -0.0012294948101043701, -0.2804091274738312, 1.0047498941421509, 0.0012294501066207886, 0.28040462732315063, 0.17804422974586487, -0.0036101634614169598, 4.207695007324219, 1.1040775775909424, -0.08712366223335266, -0.35718581080436707, 0.555534303188324, 5.602836608886719e-06, -2.9169023036956787e-06, 1.7364654541015625, -3.7848949432373047e-06, -2.9653310775756836e-06, 1.62127685546875, -2.7744099497795105e-06, -1.1403113603591919e-05, 0.6033936738967896, 0.049088574945926666, -0.4983292520046234, -0.4918175935745239, -3.7152785807847977e-06, 3.948807716369629e-07, 1.720077633857727, -3.852881491184235e-06, -2.905726432800293e-06, 1.633895754814148, -1.862645149230957e-09, 7.599592208862305e-06, 0.6061096787452698, 0.03803711384534836, 0.4860997498035431, -0.06373602151870728, 4.634261131286621e-06, -7.711350917816162e-07, 0.4917297065258026, 1.4901161193847656e-07, -3.650784492492676e-07, 0.49173301458358765, 0.1497974395751953, -0.004515424370765686, 0.2672134041786194, 3.3015385270118713e-07, -1.0281801223754883e-06, 0.6228751540184021, 7.62939453125e-06, -7.838010787963867e-06, 1.1016764640808105, -6.984919309616089e-08, 2.60770320892334e-07, 0.7726443409919739, -0.1407444179058075, -0.019361674785614014, 0.2530261278152466, 5.550682544708252e-07, -4.675239324569702e-07, 0.5432053208351135, -3.844499588012695e-06, 3.953929990530014e-06, 1.1030577421188354, 1.1444091796875e-05, -7.539987564086914e-06, 0.824050784111023, -0.009052783250808716, 0.0238754004240036, 0.3158413767814636, 0.0, -8.940696716308594e-08, 0.31536149978637695, -0.001229606568813324, -0.28040891885757446, 1.0047481060028076, 0.00122939795255661, 0.28040507435798645, 0.17804238200187683, -0.007931267842650414, 4.1764607429504395, 1.102144718170166, -0.08712343126535416, -0.35718581080436707, 0.5555342435836792, 5.811452865600586e-06, -2.8759241104125977e-06, 1.7364654541015625, -3.769993782043457e-06, -2.726912498474121e-06, 1.6212767362594604, -2.9210932552814484e-06, -1.1496245861053467e-05, 0.6033936738967896, 0.04908858239650726, -0.49832889437675476, -0.4918176531791687, -3.6926940083503723e-06, 4.507601261138916e-07, 1.7200777530670166, -3.864988684654236e-06, -2.9206275939941406e-06, 1.6338958740234375, 1.6763806343078613e-08, 7.636845111846924e-06, 0.6061096787452698, 0.038037098944187164, 0.4860997200012207, -0.06373605132102966, 4.589557647705078e-06, -8.698552846908569e-07, 0.4917294681072235, 9.685754776000977e-08, -4.246830940246582e-07, 0.49173370003700256, 0.1497974693775177, -0.004515659064054489, 0.2672131359577179, 2.384185791015625e-07, -1.8440186977386475e-06, 0.6228750944137573, 7.62939453125e-06, -7.9423189163208e-06, 1.1016775369644165, -8.055940270423889e-08, -3.725290298461914e-07, 0.77264404296875, -0.14074452221393585, -0.01936212368309498, 0.2530270516872406, 6.258487701416016e-07, -5.513429641723633e-07, 0.5432053804397583, -3.680586814880371e-06, 4.179775714874268e-06, 1.1030577421188354, 1.1447817087173462e-05, -7.905066013336182e-06, 0.8240509033203125, -0.009052880108356476, 0.02387513592839241, 0.3158416152000427, 5.960464477539063e-08, 1.4901161193847656e-07, 0.3153612017631531, -0.0012294307816773653, -0.2804088890552521, 1.004749059677124, 0.0012295735068619251, 0.2804049551486969, 0.17804346978664398, -0.01182493381202221, 4.148316383361816, 1.100403070449829, -0.08712346851825714, -0.35718637704849243, 0.5555344223976135, 5.751848220825195e-06, -2.8461217880249023e-06, 1.7364656925201416, -3.725290298461914e-06, -2.8312206268310547e-06, 1.62127685546875, -2.902001142501831e-06, -1.1451542377471924e-05, 0.6033936738967896, 0.04908859729766846, -0.49832966923713684, -0.49181753396987915, -3.840774297714233e-06, 3.501772880554199e-07, 1.720077395439148, -3.7476420402526855e-06, -2.86102294921875e-06, 1.633895754814148, 2.2351741790771484e-08, 7.62939453125e-06, 0.606109619140625, 0.03803696483373642, 0.4860984981060028, -0.06373588740825653, 4.678964614868164e-06, -7.916241884231567e-07, 0.49173006415367126, -2.9802322387695312e-08, -6.258487701416016e-07, 0.49173375964164734, 0.14979781210422516, -0.004515595734119415, 0.2672141492366791, 0.0, -2.162531018257141e-06, 0.6228753924369812, 7.569789886474609e-06, -7.465481758117676e-06, 1.1016771793365479, -3.073364496231079e-08, -1.2665987014770508e-07, 0.77264404296875, -0.1407441794872284, -0.019361846148967743, 0.2530274987220764, 3.3155083656311035e-07, -5.960464477539062e-07, 0.5432053208351135, -3.6209821701049805e-06, 3.6209821701049805e-06, 1.1030579805374146, 1.1309981346130371e-05, -7.325783371925354e-06, 0.8240509033203125, -0.009052589535713196, 0.023875229060649872, 0.3158425986766815, 1.6391277313232422e-07, 2.421438694000244e-07, 0.31536105275154114, -0.001229509711265564, -0.2804090976715088, 1.0047496557235718, 0.0012294426560401917, 0.2804047465324402, 0.178043931722641, -0.017408279702067375, 4.10795783996582, 1.0979057550430298, -0.08712342381477356, -0.3571861684322357, 0.5555343627929688, 5.848705768585205e-06, -2.9355287551879883e-06, 1.7364654541015625, -3.7550926208496094e-06, -3.0994415283203125e-06, 1.62127685546875, -2.6132911443710327e-06, -1.1436641216278076e-05, 0.6033936142921448, 0.04908864200115204, -0.498329758644104, -0.49181753396987915, -3.7550926208496094e-06, 2.682209014892578e-07, 1.7200775146484375, -3.822147846221924e-06, -2.86102294921875e-06, 1.633895754814148, 2.4586915969848633e-07, 7.62939453125e-06, 0.6061094999313354, 0.03803730756044388, 0.4860990047454834, -0.06373599916696548, 4.708766937255859e-06, -7.459893822669983e-07, 0.491729199886322, 0.0, -5.755573511123657e-07, 0.4917331039905548, 0.14979754388332367, -0.004515372216701508, 0.2672136425971985, 1.9371509552001953e-07, -1.8253922462463379e-06, 0.6228753924369812, 7.703900337219238e-06, -7.905066013336182e-06, 1.1016771793365479, 1.7881393432617188e-07, 3.986060619354248e-07, 0.7726441621780396, -0.1407443881034851, -0.019361713901162148, 0.2530266046524048, 7.003545761108398e-07, -1.0058283805847168e-06, 0.5432052612304688, -3.889203071594238e-06, 3.978610038757324e-06, 1.1030579805374146, 1.1421740055084229e-05, -7.830560207366943e-06, 0.824050784111023, -0.009052827954292297, 0.0238754041492939, 0.3158419132232666, 1.341104507446289e-07, -3.8370490074157715e-07, 0.3153609335422516, -0.0012295357882976532, -0.28040847182273865, 1.0047494173049927, 0.0012294650077819824, 0.28040552139282227, 0.17804333567619324, -0.024287624284625053, 4.058231830596924, 1.0948286056518555, -0.08712342381477356, -0.35718587040901184, 0.5555343627929688, 5.705282092094421e-06, -2.8274953365325928e-06, 1.736465334892273, -3.762543201446533e-06, -2.771615982055664e-06, 1.62127685546875, -2.95368954539299e-06, -1.1444091796875e-05, 0.6033934950828552, 0.049088701605796814, -0.4983293414115906, -0.49181729555130005, -3.7997961044311523e-06, 5.811452865600586e-07, 1.7200778722763062, -3.8817524909973145e-06, -2.86102294921875e-06, 1.6338956356048584, -1.1734664440155029e-07, 7.703900337219238e-06, 0.6061096787452698, 0.038037288933992386, 0.486099511384964, -0.06373593211174011, 4.633679054677486e-06, -9.353971108794212e-07, 0.49172988533973694, 7.729977369308472e-08, -3.1013041734695435e-07, 0.4917331337928772, 0.14979754388332367, -0.004515528678894043, 0.2672140896320343, 3.501772880554199e-07, -2.1532177925109863e-06, 0.6228753328323364, 7.703900337219238e-06, -7.763504981994629e-06, 1.1016768217086792, -5.960464477539063e-08, -3.427267074584961e-07, 0.7726439237594604, -0.14074432849884033, -0.019361846148967743, 0.2530272603034973, 3.8743019104003906e-07, -5.960464477539062e-07, 0.5432053208351135, -3.725290298461914e-06, 3.6954879760742188e-06, 1.103057622909546, 1.1533498764038086e-05, -7.927417755126953e-06, 0.8240507245063782, -0.009052678942680359, 0.023875443264842033, 0.3158418834209442, 9.872019290924072e-08, -1.94646418094635e-07, 0.315360963344574, -0.0012295108754187822, -0.2804087698459625, 1.0047500133514404, 0.0012294836342334747, 0.2804054021835327, 0.1780436486005783, -0.031103750690817833, 4.008962631225586, 1.0917798280715942, -0.08712345361709595, -0.3571864664554596, 0.5555342435836792, 5.751848220825195e-06, -2.857297658920288e-06, 1.7364658117294312, -3.874301910400391e-06, -2.853572368621826e-06, 1.6212769746780396, -2.830289304256439e-06, -1.1354684829711914e-05, 0.6033935546875, 0.04908868670463562, -0.49832943081855774, -0.49181756377220154, -3.7550926208496094e-06, 4.470348358154297e-07, 1.720077633857727, -3.948807716369629e-06, -2.86102294921875e-06, 1.6338955163955688, -2.6542693376541138e-08, 7.541384547948837e-06, 0.6061095595359802, 0.03803713619709015, 0.48609867691993713, -0.06373590975999832, 4.537403583526611e-06, -6.146728992462158e-07, 0.4917299747467041, 1.7881393432617188e-07, -5.438923835754395e-07, 0.49173304438591003, 0.14979751408100128, -0.0045155119150877, 0.2672134339809418, 7.471535354852676e-07, -2.2137537598609924e-06, 0.6228752136230469, 7.599592208862305e-06, -7.22147524356842e-06, 1.1016770601272583, 5.960464477539063e-08, -5.327165126800537e-07, 0.77264404296875, -0.1407443732023239, -0.019361793994903564, 0.25302615761756897, 5.960464477539062e-07, -2.682209014892578e-07, 0.5432053804397583, -3.5017728805541992e-06, 3.7848949432373047e-06, 1.1030584573745728, 1.1548399925231934e-05, -7.897615432739258e-06, 0.8240505456924438, -0.009052768349647522, 0.02387530356645584, 0.31584131717681885, 2.682209014892578e-07, -1.862645149230957e-07, 0.31536051630973816, -0.0012294352054595947, -0.28040915727615356, 1.0047492980957031, 0.0012295283377170563, 0.28040510416030884, 0.17804314196109772, -0.037818342447280884, 3.96042799949646, 1.0887763500213623, -0.08712354302406311, -0.35718652606010437, 0.555534303188324, 5.647540092468262e-06, -2.771615982055664e-06, 1.736465573310852, -3.859400749206543e-06, -2.8274953365325928e-06, 1.62127685546875, -2.8526410460472107e-06, -1.125037670135498e-05, 0.6033934950828552, 0.049088627099990845, -0.4983295798301697, -0.49181774258613586, -3.725290298461914e-06, 3.5762786865234375e-07, 1.7200775146484375, -3.777444362640381e-06, -2.905726432800293e-06, 1.6338958740234375, 3.5390257835388184e-08, 7.621943950653076e-06, 0.6061096787452698, 0.03803713992238045, 0.48609858751296997, -0.06373604387044907, 4.6156346797943115e-06, -7.934868335723877e-07, 0.4917302429676056, -7.450580596923828e-09, -3.129243850708008e-07, 0.4917331337928772, 0.1497974991798401, -0.004515364766120911, 0.2672138810157776, 1.862645149230957e-07, -2.343207597732544e-06, 0.6228752136230469, 7.62939453125e-06, -7.271766662597656e-06, 1.1016767024993896, -3.725290298461914e-09, 9.685754776000977e-08, 0.7726439237594604, -0.14074447751045227, -0.019361764192581177, 0.2530268728733063, 1.7881393432617188e-07, 3.427267074584961e-07, 0.5432053208351135, -3.919005393981934e-06, 3.7476420402526855e-06, 1.1030575037002563, 1.1354684829711914e-05, -7.599592208862305e-06, 0.8240507245063782, -0.009053006768226624, 0.023875251412391663, 0.3158419728279114, 2.384185791015625e-07, 0.0, 0.31536099314689636, -0.0012294203042984009, -0.2804095447063446, 1.0047494173049927, 0.0012295637279748917, 0.28040415048599243, 0.17804348468780518, -0.0446193590760231, 3.9112679958343506, 1.0857343673706055, -0.08712358772754669, -0.3571860194206238, 0.555534303188324, 5.751848220825195e-06, -2.6300549507141113e-06, 1.7364650964736938, -3.904104232788086e-06, -2.9152724891901016e-06, 1.6212769746780396, -2.8889626264572144e-06, -1.1309981346130371e-05, 0.6033936142921448, 0.049088526517152786, -0.49832940101623535, -0.4918175935745239, -3.933906555175781e-06, 2.086162567138672e-07, 1.7200775146484375, -3.829598426818848e-06, -2.7641654014587402e-06, 1.6338955163955688, 3.91155481338501e-08, 7.659196853637695e-06, 0.6061095595359802, 0.03803713247179985, 0.4860994219779968, -0.06373585015535355, 4.7013163566589355e-06, -8.866190910339355e-07, 0.49173012375831604, 3.501772880554199e-07, -2.8312206268310547e-07, 0.4917336702346802, 0.14979760348796844, -0.004515059292316437, 0.26721352338790894, -4.6566128730773926e-09, -1.2111850082874298e-06, 0.6228752732276917, 7.68899917602539e-06, -7.3909759521484375e-06, 1.1016770601272583, 5.960464477539063e-08, 8.009374141693115e-07, 0.7726439833641052, -0.1407444030046463, -0.01936131715774536, 0.2530268430709839, 5.364418029785156e-07, -5.066394805908203e-07, 0.5432053804397583, -3.896653652191162e-06, 3.896653652191162e-06, 1.1030585765838623, 1.1444091796875e-05, -7.547438144683838e-06, 0.8240509033203125, -0.00905260443687439, 0.02387598156929016, 0.31584131717681885, 2.2351741790771484e-07, -2.5331974029541016e-07, 0.3153606057167053, -0.0012294799089431763, -0.2804088294506073, 1.0047492980957031, 0.0012295047054067254, 0.280404657125473, 0.1780434101819992, -0.05202379822731018, 3.8577463626861572, 1.0824223756790161, -0.08712352067232132, -0.3571864366531372, 0.5555346012115479, 5.707144737243652e-06, -2.9653310775756836e-06, 1.7364654541015625, -3.7848949432373047e-06, -2.8498470783233643e-06, 1.6212767362594604, -2.7818605303764343e-06, -1.1302530765533447e-05, 0.6033933162689209, 0.049088649451732635, -0.49832993745803833, -0.4918171465396881, -3.919005393981934e-06, 2.682209014892578e-07, 1.7200775146484375, -3.844499588012695e-06, -2.8409995138645172e-06, 1.6338958740234375, 6.51925802230835e-09, 7.599592208862305e-06, 0.606109619140625, 0.03803715854883194, 0.4860990345478058, -0.063735730946064, 4.842877388000488e-06, -6.407499313354492e-07, 0.4917294383049011, 2.9802322387695312e-08, -6.221234798431396e-07, 0.4917330741882324, 0.14979754388332367, -0.004515238106250763, 0.2672141194343567, -2.421438694000244e-07, -1.7881393432617188e-06, 0.622875452041626, 7.4803829193115234e-06, -7.539987564086914e-06, 1.1016768217086792, 8.940696716308594e-08, -1.7136335372924805e-07, 0.7726438641548157, -0.14074461162090302, -0.019361630082130432, 0.2530270218849182, 2.9802322387695312e-08, -9.387731552124023e-07, 0.5432053208351135, -4.425644874572754e-06, 3.5741832107305527e-06, 1.103057622909546, 1.1339783668518066e-05, -7.9423189163208e-06, 0.8240512609481812, -0.009052678942680359, 0.023875728249549866, 0.3158417344093323, 2.682209014892578e-07, -3.650784492492676e-07, 0.31536102294921875, -0.0012295246124267578, -0.2804092764854431, 1.0047495365142822, 0.0012294836342334747, 0.2804048955440521, 0.17804348468780518, -0.05810173973441124, 3.8138132095336914, 1.079703688621521, -0.08712339401245117, -0.35718655586242676, 0.5555344820022583, 5.662441253662109e-06, -2.816319465637207e-06, 1.736465573310852, -3.829598426818848e-06, -3.207474946975708e-06, 1.6212767362594604, -2.952292561531067e-06, -1.1406838893890381e-05, 0.6033935546875, 0.04908877611160278, -0.49832993745803833, -0.49181732535362244, -3.7848949432373047e-06, 4.76837158203125e-07, 1.7200771570205688, -3.814697265625e-06, -2.8870999813079834e-06, 1.6338961124420166, -3.4924596548080444e-08, 7.599592208862305e-06, 0.6061095595359802, 0.038037385791540146, 0.4860987365245819, -0.06373575329780579, 4.813075065612793e-06, -8.419156074523926e-07, 0.4917296767234802, 1.4901161193847656e-07, -1.3691169442608953e-07, 0.49173402786254883, 0.14979732036590576, -0.004515453241765499, 0.2672143578529358, 6.295740604400635e-07, -1.959502696990967e-06, 0.6228752732276917, 7.510185241699219e-06, -7.556751370429993e-06, 1.1016769409179688, 2.60770320892334e-08, 3.650784492492676e-07, 0.7726441025733948, -0.14074456691741943, -0.01936172880232334, 0.25302767753601074, 6.258487701416016e-07, -4.76837158203125e-07, 0.5432053804397583, -3.5762786865234375e-06, 4.045665264129639e-06, 1.1030586957931519, 1.1742115020751953e-05, -7.245689630508423e-06, 0.8240512609481812, -0.009053066372871399, 0.023875147104263306, 0.31584233045578003, 3.725290298461914e-07, -1.30385160446167e-07, 0.3153613805770874, -0.0012294687330722809, -0.28040811419487, 1.0047491788864136, 0.001229589805006981, 0.2804054617881775, 0.1780431866645813, -0.06165338680148125, 3.7881407737731934, 1.0781151056289673, -0.08712349832057953, -0.3571861684322357, 0.5555343627929688, 5.751848220825195e-06, -2.9653310775756836e-06, 1.7364652156829834, -3.7848949432373047e-06, -2.952292561531067e-06, 1.621276617050171, -2.9709190130233765e-06, -1.1369585990905762e-05, 0.6033935546875, 0.049088701605796814, -0.4983297288417816, -0.49181753396987915, -3.814697265625e-06, 3.8743019104003906e-07, 1.7200777530670166, -3.859400749206543e-06, -2.816319465637207e-06, 1.633895754814148, -2.9569491744041443e-07, 7.621943950653076e-06, 0.6061095595359802, 0.03803719952702522, 0.4860992133617401, -0.06373586505651474, 4.678964614868164e-06, -9.834766387939453e-07, 0.4917300343513489, 5.401670932769775e-07, -3.688037395477295e-07, 0.49173280596733093, 0.14979782700538635, -0.004515336826443672, 0.2672139108181, 1.6891863197088242e-07, -1.5795230865478516e-06, 0.6228750944137573, 7.644295692443848e-06, -7.713213562965393e-06, 1.1016770601272583, 2.9802322387695312e-08, 1.862645149230957e-07, 0.7726439833641052, -0.14074401557445526, -0.01936160773038864, 0.2530268728733063, 2.980232238769531e-07, -3.129243850708008e-07, 0.5432055592536926, -3.874301910400391e-06, 3.844499588012695e-06, 1.1030577421188354, 1.1622905731201172e-05, -7.048249244689941e-06, 0.824050784111023, -0.00905272364616394, 0.023875413462519646, 0.3158418536186218, 2.086162567138672e-07, 1.4808028936386108e-07, 0.31536155939102173, -0.0012293606996536255, -0.2804100811481476, 1.0047492980957031, 0.0012296177446842194, 0.28040438890457153, 0.17804302275180817, -0.06378274410963058, 3.772749185562134, 1.0771626234054565, -0.08712346851825714, -0.3571859300136566, 0.5555342435836792, 5.796551704406738e-06, -2.9355287551879883e-06, 1.7364654541015625, -3.859400749206543e-06, -2.808868885040283e-06, 1.621277093887329, -2.816319465637207e-06, -1.1272728443145752e-05, 0.6033936738967896, 0.049088671803474426, -0.4983295202255249, -0.4918174743652344, -3.874301910400391e-06, 3.8743019104003906e-07, 1.7200775146484375, -3.874301910400391e-06, -2.779066562652588e-06, 1.633895754814148, -1.2619420886039734e-07, 7.696449756622314e-06, 0.6061096787452698, 0.03803723305463791, 0.48609885573387146, -0.06373564898967743, 4.820525646209717e-06, -9.5367431640625e-07, 0.4917295277118683, 8.521601557731628e-08, -1.341104507446289e-07, 0.491733193397522, 0.14979767799377441, -0.004515118896961212, 0.2672138214111328, 1.6763806343078613e-08, -2.555549144744873e-06, 0.6228750944137573, 7.852911949157715e-06, -7.558614015579224e-06, 1.1016768217086792, 9.685754776000977e-08, -3.725290298461914e-08, 0.7726439833641052, -0.1407441794872284, -0.0193617045879364, 0.253027081489563, 5.21540641784668e-07, -2.980232238769531e-07, 0.5432055592536926, -3.844499588012695e-06, 3.889203071594238e-06, 1.1030586957931519, 1.1429190635681152e-05, -7.62939453125e-06, 0.824051022529602, -0.009052738547325134, 0.023875530809164047, 0.31584155559539795, 5.21540641784668e-08, -7.636845111846924e-08, 0.31536149978637695, -0.0012295395135879517, -0.2804078161716461, 1.0047489404678345, 0.0012293960899114609, 0.28040555119514465, 0.1780432164669037, -0.06388279050588608, 3.7720258235931396, 1.077117919921875, -0.08712346851825714, -0.3571859896183014, 0.5555344820022583, 5.692243576049805e-06, -2.7939677238464355e-06, 1.736465334892273, -3.7848949432373047e-06, -2.7567148208618164e-06, 1.6212769746780396, -2.8014183044433594e-06, -1.1309981346130371e-05, 0.6033934950828552, 0.04908861219882965, -0.49832940101623535, -0.49181750416755676, -3.7550926208496094e-06, 4.76837158203125e-07, 1.7200775146484375, -3.926455974578857e-06, -2.9355287551879883e-06, 1.6338962316513062, -1.685693860054016e-07, 7.6107680797576904e-06, 0.606109619140625, 0.03803718835115433, 0.48609960079193115, -0.06373584270477295, 4.537403583526611e-06, -9.313225746154785e-07, 0.49172958731651306, -1.0244548320770264e-07, -4.6938657760620117e-07, 0.49173349142074585, 0.14979764819145203, -0.0045152753591537476, 0.267213374376297, 1.9371509552001953e-07, -2.078711986541748e-06, 0.6228753924369812, 8.091330528259277e-06, -7.543712854385376e-06, 1.1016768217086792, 1.1920928955078125e-07, 3.3155083656311035e-07, 0.7726439833641052, -0.1407441794872284, -0.01936168223619461, 0.253027081489563, 3.8743019104003906e-07, -6.034970283508301e-07, 0.5432053208351135, -3.7550926208496094e-06, 3.7997961044311523e-06, 1.1030583381652832, 1.1494383215904236e-05, -7.957220077514648e-06, 0.824051022529602, -0.009052746929228306, 0.023875504732131958, 0.3158416152000427, 2.2351741790771484e-08, -2.5331974029541016e-07, 0.315361350774765, -0.0012295693159103394, -0.2804088592529297, 1.0047491788864136, 0.0012293830513954163, 0.2804050147533417, 0.17804326117038727, -0.06325390934944153, 3.77657151222229, 1.0773992538452148, -0.08712350577116013, -0.3571864068508148, 0.5555344820022583, 5.681067705154419e-06, -3.0584633350372314e-06, 1.7364658117294312, -3.919005393981934e-06, -2.9206275939941406e-06, 1.621277093887329, -2.7939677238464355e-06, -1.1158641427755356e-05, 0.6033935546875, 0.049088556319475174, -0.49832963943481445, -0.4918173551559448, -3.814697265625e-06, 5.066394805908203e-07, 1.7200777530670166, -4.023313522338867e-06, -2.8908252716064453e-06, 1.633895754814148, -2.3795291781425476e-07, 7.569789886474609e-06, 0.6061096787452698, 0.03803716599941254, 0.486098974943161, -0.06373561918735504, 4.302710294723511e-06, -7.450580596923828e-07, 0.49172964692115784, -1.043081283569336e-07, -4.3213367462158203e-07, 0.491733193397522, 0.14979760348796844, -0.004515394568443298, 0.2672138214111328, 3.7997961044311523e-07, -1.4975666999816895e-06, 0.6228752732276917, 7.867813110351562e-06, -7.651746273040771e-06, 1.1016770601272583, 1.4901161193847656e-08, 4.246830940246582e-07, 0.7726439237594604, -0.14074426889419556, -0.01936180889606476, 0.2530267834663391, 5.066394805908203e-07, -3.2782554626464844e-07, 0.543205738067627, -3.7550926208496094e-06, 3.6954879760742188e-06, 1.1030572652816772, 1.138448715209961e-05, -7.12275505065918e-06, 0.824051022529602, -0.00905274972319603, 0.02387535572052002, 0.3158418536186218, 3.159511834383011e-07, 8.940696716308594e-08, 0.315361350774765, -0.001229405403137207, -0.28040921688079834, 1.0047491788864136, 0.0012296224012970924, 0.2804047465324402, 0.17804302275180817, -0.06058872863650322, 3.7958364486694336, 1.0785913467407227, -0.08712352067232132, -0.35718637704849243, 0.5555345416069031, 5.733221769332886e-06, -2.913177013397217e-06, 1.7364654541015625, -3.958120942115784e-06, -2.86102294921875e-06, 1.62127685546875, -2.8461217880249023e-06, -1.1295080184936523e-05, 0.6033934950828552, 0.049088578671216965, -0.4983297288417816, -0.49181753396987915, -3.844499588012695e-06, 6.258487701416016e-07, 1.7200772762298584, -3.7401914596557617e-06, -2.9206275939941406e-06, 1.633895993232727, -1.1175870895385742e-08, 7.666647434234619e-06, 0.6061096787452698, 0.03803718090057373, 0.4860990047454834, -0.06373576819896698, 4.7013163566589355e-06, -9.126961231231689e-07, 0.4917297065258026, -1.6391277313232422e-07, -6.258487701416016e-07, 0.49173370003700256, 0.14979776740074158, -0.004515253007411957, 0.26721444725990295, 1.9371509552001953e-07, -1.7210841178894043e-06, 0.622875452041626, 7.18235969543457e-06, -7.35744833946228e-06, 1.1016769409179688, -1.4901161193847656e-08, -1.341104507446289e-07, 0.7726441621780396, -0.14074397087097168, -0.01936165988445282, 0.25302794575691223, 4.6938657760620117e-07, -3.3527612686157227e-07, 0.5432050824165344, -3.874301910400391e-06, 3.9637088775634766e-06, 1.1030583381652832, 1.1473894119262695e-05, -7.912516593933105e-06, 0.8240509033203125, -0.00905241072177887, 0.023875579237937927, 0.31584256887435913, 9.289942681789398e-08, -1.043081283569336e-07, 0.31536105275154114, -0.0012294799089431763, -0.28040891885757446, 1.0047495365142822, 0.0012295395135879517, 0.28040486574172974, 0.1780438870191574, -0.054850220680236816, 3.8373160362243652, 1.08115816116333, -0.08712347596883774, -0.35718676447868347, 0.5555346012115479, 5.641952157020569e-06, -2.8312206268310547e-06, 1.736465573310852, -3.6992132663726807e-06, -3.159046173095703e-06, 1.6212767362594604, -2.8461217880249023e-06, -1.1511147022247314e-05, 0.6033935546875, 0.04908861592411995, -0.49832984805107117, -0.491817444562912, -3.904104232788086e-06, 4.172325134277344e-07, 1.720077395439148, -3.993511199951172e-06, -2.8312206268310547e-06, 1.633895754814148, -1.043081283569336e-07, 7.763504981994629e-06, 0.606109619140625, 0.038037240505218506, 0.4860987961292267, -0.06373569369316101, 4.265457391738892e-06, -9.648501873016357e-07, 0.4917301535606384, -3.725290298461914e-08, -5.662441253662109e-07, 0.49173370003700256, 0.1497977375984192, -0.004515409469604492, 0.26721465587615967, 3.986060619354248e-07, -2.212822437286377e-06, 0.6228752732276917, 7.510185241699219e-06, -7.681548595428467e-06, 1.1016768217086792, 2.123415470123291e-07, 2.384185791015625e-07, 0.7726439237594604, -0.14074431359767914, -0.019361771643161774, 0.25302788615226746, 4.172325134277344e-07, -5.997717380523682e-07, 0.5432051420211792, -3.829598426818848e-06, 4.172325134277344e-06, 1.103057622909546, 1.1458992958068848e-05, -6.57886266708374e-06, 0.8240509033203125, -0.009052779525518417, 0.02387547492980957, 0.3158424496650696, 1.126900315284729e-07, -1.6205012798309326e-07, 0.31536105275154114, -0.0012293830513954163, -0.28040894865989685, 1.0047500133514404, 0.001229599118232727, 0.28040531277656555, 0.17804399132728577, -0.0494820810854435, 3.8761186599731445, 1.083559274673462, -0.08712346106767654, -0.3571862280368805, 0.5555341243743896, 5.763489753007889e-06, -2.8954818844795227e-06, 1.736465334892273, -3.816443495452404e-06, -2.86102294921875e-06, 1.62127685546875, -2.8312206268310547e-06, -1.1203810572624207e-05, 0.6033935546875, 0.04908864200115204, -0.49832984805107117, -0.4918177127838135, -3.874301910400391e-06, 5.662441253662109e-07, 1.7200775146484375, -3.889203071594238e-06, -2.8461217880249023e-06, 1.6338958740234375, 1.1455267667770386e-07, 7.53253698348999e-06, 0.606109619140625, 0.0380372479557991, 0.486098974943161, -0.06373608112335205, 4.3101608753204346e-06, -1.0132789611816406e-06, 0.4917301833629608, 1.3224780559539795e-07, -4.3213367462158203e-07, 0.49173304438591003, 0.14979751408100128, -0.004515327513217926, 0.2672133147716522, 1.6391277313232422e-07, -2.5779008865356445e-06, 0.6228752136230469, 7.62939453125e-06, -7.6070427894592285e-06, 1.1016771793365479, -3.3527612686157227e-08, -5.364418029785156e-07, 0.7726441621780396, -0.14074455201625824, -0.019361741840839386, 0.2530267834663391, 6.258487701416016e-07, -8.605420589447021e-07, 0.543205201625824, -3.978610038757324e-06, 3.6656856536865234e-06, 1.103057861328125, 1.150369644165039e-05, -7.990747690200806e-06, 0.824050784111023, -0.009052854031324387, 0.023875534534454346, 0.31584152579307556, 1.6763806343078613e-07, -2.1420419216156006e-08, 0.3153613209724426, -0.0012296438217163086, -0.2804093062877655, 1.0047489404678345, 0.00122939795255661, 0.28040462732315063, 0.17804312705993652, -0.04412098601460457, 3.914870500564575, 1.0859572887420654, -0.08712353557348251, -0.357185959815979, 0.5555344820022583, 5.743058864027262e-06, -2.8810463845729828e-06, 1.7364650964736938, -3.7513673305511475e-06, -2.7567148208618164e-06, 1.62127685546875, -2.868473529815674e-06, -1.1410564184188843e-05, 0.6033935546875, 0.04908863455057144, -0.4983293414115906, -0.4918172061443329, -3.7848949432373047e-06, 5.066394805908203e-07, 1.7200775146484375, -3.7401914596557617e-06, -2.6226043701171875e-06, 1.6338958740234375, -3.2177194952964783e-07, 7.7858567237854e-06, 0.606109619140625, 0.03803716599941254, 0.48609915375709534, -0.06373556703329086, 4.466623067855835e-06, -8.493661880493164e-07, 0.49173063039779663, -8.195638656616211e-08, -4.172325134277344e-07, 0.491733193397522, 0.14979767799377441, -0.004515444859862328, 0.26721352338790894, 1.9837170839309692e-07, -1.4118850231170654e-06, 0.6228751540184021, 7.405877113342285e-06, -7.584691047668457e-06, 1.1016769409179688, 7.450580596923828e-08, -4.76837158203125e-07, 0.77264404296875, -0.14074410498142242, -0.019361797720193863, 0.25302666425704956, 3.3527612686157227e-07, -9.723007678985596e-07, 0.5432058572769165, -3.814697265625e-06, 3.904104232788086e-06, 1.103057622909546, 1.1429190635681152e-05, -7.625669240951538e-06, 0.8240506052970886, -0.00905256811529398, 0.0238754041492939, 0.3158411979675293, -1.862645149230957e-08, -6.705522537231445e-08, 0.3153615891933441, -0.0012293681502342224, -0.28040921688079834, 1.0047491788864136, 0.0012296698987483978, 0.28040459752082825, 0.17804333567619324, -0.039960671216249466, 3.9449424743652344, 1.0878181457519531, -0.0871235728263855, -0.35718637704849243, 0.5555341243743896, 5.729496479034424e-06, -2.7455389499664307e-06, 1.736465334892273, -3.6954879760742188e-06, -2.7865171432495117e-06, 1.62127685546875, -2.825632691383362e-06, -1.138448715209961e-05, 0.6033936142921448, 0.04908856749534607, -0.4983297884464264, -0.49181774258613586, -3.7550926208496094e-06, 5.662441253662109e-07, 1.7200778722763062, -3.680586814880371e-06, -2.9206275939941406e-06, 1.6338958740234375, -7.031485438346863e-08, 7.599592208862305e-06, 0.6061097383499146, 0.03803713992238045, 0.4860987961292267, -0.06373616307973862, 4.656612873077393e-06, -9.462237358093262e-07, 0.4917297065258026, -1.0326039046049118e-07, -4.991888999938965e-07, 0.4917334318161011, 0.1497974395751953, -0.004515327047556639, 0.26721394062042236, 1.5273690223693848e-07, -1.8514692783355713e-06, 0.622875452041626, 7.927417755126953e-06, -7.525086402893066e-06, 1.1016769409179688, 7.450580596923828e-08, -5.960464477539063e-08, 0.7726439237594604, -0.1407446414232254, -0.019361689686775208, 0.2530273199081421, 3.46451997756958e-07, -5.345791578292847e-07, 0.5432047843933105, -3.874301910400391e-06, 3.933906555175781e-06, 1.103057861328125, 1.1533498764038086e-05, -7.353723049163818e-06, 0.8240510821342468, -0.009053010493516922, 0.023875469341874123, 0.31584227085113525, 3.46451997756958e-07, -2.9802322387695312e-08, 0.3153601586818695, -0.0012293830513954163, -0.2804092764854431, 1.004748821258545, 0.0012295767664909363, 0.2804044783115387, 0.17804311215877533, -0.03734196349978447, 3.9638712406158447, 1.088989496231079, -0.08712354302406311, -0.3571864068508148, 0.5555341839790344, 5.684792995452881e-06, -2.726912498474121e-06, 1.736465573310852, -3.861263394355774e-06, -2.8759241104125977e-06, 1.62127685546875, -2.816319465637207e-06, -1.1477619409561157e-05, 0.6033933758735657, 0.04908861592411995, -0.4983299672603607, -0.4918174743652344, -3.9637088775634766e-06, 7.301568984985352e-07, 1.720077633857727, -3.829598426818848e-06, -2.8461217880249023e-06, 1.633895754814148, 1.1175870895385742e-08, 7.6070427894592285e-06, 0.606109619140625, 0.03803713992238045, 0.48609888553619385, -0.06373588740825653, 4.447996616363525e-06, -9.5367431640625e-07, 0.4917302429676056, 1.7508864402770996e-07, -4.246830940246582e-07, 0.491733193397522, 0.14979735016822815, -0.004515409469604492, 0.2672134041786194, 3.2223761081695557e-07, -2.2435560822486877e-06, 0.6228752136230469, 7.495284080505371e-06, -7.413327693939209e-06, 1.1016771793365479, -3.2782554626464844e-07, 1.1920928955078125e-07, 0.7726437449455261, -0.14074459671974182, -0.019361697137355804, 0.25302645564079285, 5.066394805908203e-07, -7.022172212600708e-07, 0.5432062149047852, -3.948807716369629e-06, 3.427267074584961e-06, 1.103057861328125, 1.1444091796875e-05, -7.5213611125946045e-06, 0.8240506649017334, -0.009053044021129608, 0.02387550100684166, 0.3158414661884308, -5.21540641784668e-08, -5.21540641784668e-08, 0.31536054611206055, -0.0012294575572013855, -0.2804093062877655, 1.004749059677124, 0.0012295246124267578, 0.2804047167301178, 0.17804311215877533, -0.03740859031677246, 3.9633896350860596, 1.0889596939086914, -0.08712347596883774, -0.35718610882759094, 0.5555346608161926, 5.766749382019043e-06, -3.1031668186187744e-06, 1.736465334892273, -3.922032192349434e-06, -2.779066562652588e-06, 1.62127685546875, -2.9481016099452972e-06, -1.1496245861053467e-05, 0.6033936142921448, 0.04908867925405502, -0.49832963943481445, -0.49181726574897766, -3.546476364135742e-06, 4.544854164123535e-07, 1.7200778722763062, -3.7103891372680664e-06, -2.771615982055664e-06, 1.633895993232727, -2.7101486921310425e-07, 7.651746273040771e-06, 0.6061096787452698, 0.0380372516810894, 0.4860990047454834, -0.06373550742864609, 4.556030035018921e-06, -8.717179298400879e-07, 0.4917297065258026, 4.414469003677368e-07, -3.8743019104003906e-07, 0.4917336702346802, 0.1497974842786789, -0.004515483975410461, 0.2672140598297119, 1.825392246246338e-07, -1.8989667296409607e-06, 0.6228750944137573, 7.241964340209961e-06, -7.3909759521484375e-06, 1.101677417755127, -2.9802322387695312e-08, 3.725290298461914e-07, 0.7726439237594604, -0.1407444328069687, -0.01936180889606476, 0.2530273199081421, 3.939494490623474e-07, -6.752088665962219e-07, 0.5432055592536926, -3.7550926208496094e-06, 3.5762786865234375e-06, 1.103057861328125, 1.1369585990905762e-05, -7.703900337219238e-06, 0.8240516185760498, -0.009052706882357597, 0.023875422775745392, 0.31584182381629944, 1.7881393432617188e-07, 2.9802322387695312e-08, 0.315361887216568, -0.0012295171618461609, -0.28040868043899536, 1.0047492980957031, 0.0012295059859752655, 0.28040528297424316, 0.17804348468780518, -0.03814489021897316, 3.9580674171447754, 1.0886303186416626, -0.08712358772754669, -0.35718610882759094, 0.5555342435836792, 5.7034194469451904e-06, -2.9746443033218384e-06, 1.736465573310852, -3.8016587495803833e-06, -2.8833746910095215e-06, 1.62127685546875, -2.86102294921875e-06, -1.1380878277122974e-05, 0.6033934950828552, 0.04908859729766846, -0.49832963943481445, -0.49181756377220154, -3.546476364135742e-06, 2.384185791015625e-07, 1.7200772762298584, -3.606081008911133e-06, -2.9206275939941406e-06, 1.6338961124420166, -8.754432201385498e-08, 7.711350917816162e-06, 0.6061094999313354, 0.03803708776831627, 0.48609885573387146, -0.06373600661754608, 4.623085260391235e-06, -8.083879947662354e-07, 0.4917289614677429, 2.952292561531067e-07, -4.805624485015869e-07, 0.49173295497894287, 0.14979732036590576, -0.004515454173088074, 0.2672136425971985, 2.0489096641540527e-07, -2.0470470190048218e-06, 0.6228752136230469, 7.644295692443848e-06, -7.510185241699219e-06, 1.1016770601272583, 5.960464477539063e-08, -2.5331974029541016e-07, 0.7726437449455261, -0.14074434340000153, -0.01936176046729088, 0.2530262768268585, 4.6193599700927734e-07, -4.145549610257149e-07, 0.5432059168815613, -3.6656856536865234e-06, 3.2782554626464844e-06, 1.1030579805374146, 1.138448715209961e-05, -7.68899917602539e-06, 0.8240506052970886, -0.009052814915776253, 0.023875471204519272, 0.3158411383628845, -1.341104507446289e-07, -1.1175870895385742e-08, 0.3153608441352844, -0.0012294165790081024, -0.2804087996482849, 1.0047494173049927, 0.0012294547632336617, 0.2804042100906372, 0.17804384231567383, -0.04215967655181885, 3.9290473461151123, 1.0868345499038696, -0.08712352812290192, -0.357185959815979, 0.5555343627929688, 5.7425349950790405e-06, -3.0677765607833862e-06, 1.7364649772644043, -3.866851329803467e-06, -2.812594175338745e-06, 1.6212772130966187, -2.8796494007110596e-06, -1.1337921023368835e-05, 0.6033936142921448, 0.04908865690231323, -0.4983293414115906, -0.4918171763420105, -3.814697265625e-06, 5.662441253662109e-07, 1.7200775146484375, -3.7848949432373047e-06, -2.562999725341797e-06, 1.6338958740234375, -1.0523945093154907e-07, 7.651746273040771e-06, 0.6061093807220459, 0.03803715854883194, 0.48609891533851624, -0.06373573839664459, 4.71901148557663e-06, -9.57399606704712e-07, 0.4917292594909668, 1.3969838619232178e-07, -4.6193599700927734e-07, 0.4917331635951996, 0.14979737997055054, -0.004515394568443298, 0.26721444725990295, 2.3469328880310059e-07, -2.0961742848157883e-06, 0.6228752136230469, 8.020550012588501e-06, -8.180737495422363e-06, 1.1016767024993896, 1.9371509552001953e-07, 5.4016709327697754e-08, 0.77264404296875, -0.14074432849884033, -0.019361697137355804, 0.2530268430709839, 5.289912223815918e-07, -5.811452865600586e-07, 0.5432053208351135, -4.112720489501953e-06, 4.6193599700927734e-06, 1.103057861328125, 1.163780689239502e-05, -7.405877113342285e-06, 0.8240503668785095, -0.009052764624357224, 0.02387552708387375, 0.3158418536186218, 2.086162567138672e-07, 1.1175870895385742e-07, 0.315360963344574, -0.001229570247232914, -0.2804087996482849, 1.0047492980957031, 0.0012294845655560493, 0.2804051637649536, 0.17804354429244995, -0.041476089507341385, 3.933988571166992, 1.0871403217315674, -0.08712349832057953, -0.3571859896183014, 0.5555344223976135, 5.7220458984375e-06, -3.3276155591011047e-06, 1.736465334892273, -3.7997961044311523e-06, -2.8759241104125977e-06, 1.6212769746780396, -2.8498470783233643e-06, -1.1505559086799622e-05, 0.6033935546875, 0.049088627099990845, -0.4983293414115906, -0.491817444562912, -3.635883331298828e-06, 4.842877388000488e-07, 1.720077395439148, -3.725290298461914e-06, -2.9206275939941406e-06, 1.6338958740234375, 2.4028122425079346e-07, 7.674098014831543e-06, 0.6061096787452698, 0.03803717717528343, 0.4860994219779968, -0.06373590230941772, 4.552304744720459e-06, -8.605420589447021e-07, 0.49172982573509216, -1.4901161193847656e-07, -4.991888999938965e-07, 0.4917338192462921, 0.14979711174964905, -0.004515260457992554, 0.2672141492366791, 1.4901161193847656e-07, -1.944601535797119e-06, 0.6228752136230469, 7.778406143188477e-06, -7.994472980499268e-06, 1.1016768217086792, 6.705522537231445e-08, 3.3155083656311035e-07, 0.77264404296875, -0.1407444179058075, -0.019361555576324463, 0.25302737951278687, 5.364418029785156e-07, -1.564621925354004e-07, 0.5432048439979553, -3.933906555175781e-06, 4.377216100692749e-06, 1.1030579805374146, 1.1324882507324219e-05, -7.897615432739258e-06, 0.8240513801574707, -0.009052835404872894, 0.023875661194324493, 0.31584176421165466, 2.2351741790771484e-07, -1.7881393432617188e-07, 0.315360426902771, -0.0012295038904994726, -0.2804088294506073, 1.0047489404678345, 0.0012294051703065634, 0.2804044783115387, 0.17804329097270966, -0.04170975461602211, 3.9322996139526367, 1.0870357751846313, -0.0871235579252243, -0.3571862280368805, 0.5555342435836792, 5.7299621403217316e-06, -2.8489157557487488e-06, 1.736465573310852, -3.771856427192688e-06, -2.89292074739933e-06, 1.6212767362594604, -2.8330832719802856e-06, -1.1481344699859619e-05, 0.6033934950828552, 0.04908856749534607, -0.49832963943481445, -0.4918176531791687, -3.933906555175781e-06, 4.3213367462158203e-07, 1.7200777530670166, -3.859400749206543e-06, -2.8908252716064453e-06, 1.633895993232727, 4.284083843231201e-08, 7.763504981994629e-06, 0.6061094999313354, 0.038037095218896866, 0.48609861731529236, -0.06373585760593414, 4.407018423080444e-06, -9.723007678985596e-07, 0.4917301535606384, 1.2665987014770508e-07, -2.7567148208618164e-07, 0.49173328280448914, 0.14979742467403412, -0.004515409469604492, 0.26721417903900146, 2.8312206268310547e-07, -2.3730099201202393e-06, 0.6228752136230469, 7.763504981994629e-06, -7.987022399902344e-06, 1.1016770601272583, -7.450580596923828e-08, -8.940696716308594e-08, 0.77264404296875, -0.14074432849884033, -0.01936165615916252, 0.2530269920825958, 6.556510925292969e-07, -9.5367431640625e-07, 0.5432049036026001, -3.814697265625e-06, 3.6954879760742188e-06, 1.103057861328125, 1.138448715209961e-05, -8.13603401184082e-06, 0.8240506649017334, -0.009052634239196777, 0.023875579237937927, 0.31584128737449646, 1.7136335372924805e-07, 4.842877388000488e-08, 0.3153609335422516, -0.0012294763000681996, -0.280409574508667, 1.0047495365142822, 0.001229622052051127, 0.2804039716720581, 0.1780436486005783, -0.041034553200006485, 3.9371800422668457, 1.087337851524353, -0.08712358772754669, -0.3571864664554596, 0.5555345416069031, 5.692243576049805e-06, -2.826913259923458e-06, 1.7364656925201416, -3.866851329803467e-06, -2.857297658920288e-06, 1.621277093887329, -2.8655631467700005e-06, -1.1466443538665771e-05, 0.6033934950828552, 0.0490884929895401, -0.49832993745803833, -0.49181732535362244, -3.874301910400391e-06, 4.172325134277344e-07, 1.720077633857727, -3.993511199951172e-06, -2.682209014892578e-06, 1.6338958740234375, 2.2724270820617676e-07, 7.599592208862305e-06, 0.6061094999313354, 0.03803709149360657, 0.4860988259315491, -0.06373582035303116, 4.637986421585083e-06, -8.344650268554688e-07, 0.49173012375831604, 7.450580596923828e-08, -2.7567148208618164e-07, 0.49173277616500854, 0.14979727566242218, -0.004515364766120911, 0.2672138512134552, 2.086162567138672e-07, -1.646578311920166e-06, 0.6228750944137573, 7.579103112220764e-06, -7.614493370056152e-06, 1.101677656173706, 0.0, -4.76837158203125e-07, 0.7726436853408813, -0.14074449241161346, -0.01936163753271103, 0.2530269920825958, -1.0058283805847168e-07, -2.682209014892578e-07, 0.543205201625824, -3.807246685028076e-06, 3.623776137828827e-06, 1.103057622909546, 1.1490657925605774e-05, -7.774680852890015e-06, 0.8240507245063782, -0.009053021669387817, 0.02387547492980957, 0.3158418536186218, 7.450580596923828e-08, -1.9278377294540405e-07, 0.3153606057167053, -0.00122948142234236, -0.2804076671600342, 1.004749059677124, 0.001229490851983428, 0.2804059386253357, 0.17804314196109772, -0.04141395911574364, 3.9344375133514404, 1.0871680974960327, -0.08712351322174072, -0.35718655586242676, 0.5555344820022583, 5.6857679737731814e-06, -3.029126673936844e-06, 1.736465573310852, -3.851018846035004e-06, -2.8274953365325928e-06, 1.621277093887329, -2.8976937755942345e-06, -1.1451542377471924e-05, 0.6033936142921448, 0.049088768661022186, -0.4983298182487488, -0.4918173551559448, -3.993511199951172e-06, 6.258487701416016e-07, 1.7200775146484375, -3.933906555175781e-06, -3.039836883544922e-06, 1.6338956356048584, -2.384185791015625e-07, 7.659196853637695e-06, 0.6061096787452698, 0.03803722560405731, 0.4860989451408386, -0.0637357085943222, 4.649162292480469e-06, -7.115304470062256e-07, 0.4917293190956116, 2.9802322387695312e-08, -2.682209014892578e-07, 0.49173280596733093, 0.1497974991798401, -0.004515491425991058, 0.26721319556236267, 1.1920928955078125e-07, -1.1175870895385742e-06, 0.6228750944137573, 7.584691047668457e-06, -7.793307304382324e-06, 1.1016771793365479, 2.9802322387695312e-08, 8.940696716308594e-08, 0.7726439833641052, -0.14074434340000153, -0.01936170645058155, 0.25302618741989136, 6.780028343200684e-07, -2.980232238769531e-07, 0.5432054400444031, -3.814697265625e-06, 3.5297125577926636e-06, 1.1030577421188354, 1.1563301086425781e-05, -7.197260856628418e-06, 0.8240508437156677, -0.009052729234099388, 0.023875653743743896, 0.31584084033966064, 1.564621925354004e-07, 1.341104507446289e-07, 0.31536149978637695, -0.0012294817715883255, -0.280409038066864, 1.0047492980957031, 0.00122951646335423, 0.28040510416030884, 0.1780434101819992, -0.0415852814912796, 3.933199167251587, 1.0870914459228516, -0.08712337911128998, -0.3571867048740387, 0.5555344820022583, 5.755573511123657e-06, -2.9616057872772217e-06, 1.7364656925201416, -3.768131136894226e-06, -2.853572368621826e-06, 1.6212769746780396, -2.8141075745224953e-06, -1.1421740055084229e-05, 0.6033935546875, 0.04908883571624756, -0.49833011627197266, -0.491817444562912, -3.933906555175781e-06, 5.364418029785156e-07, 1.7200772762298584, -3.948807716369629e-06, -2.682209014892578e-06, 1.6338958740234375, 1.0058283805847168e-07, 7.37607479095459e-06, 0.6061094999313354, 0.038037292659282684, 0.4860990047454834, -0.06373593211174011, 4.708766937255859e-06, -8.586794137954712e-07, 0.491729199886322, -1.4901161193847656e-08, -1.0030344128608704e-06, 0.4917340874671936, 0.14979751408100128, -0.004515663720667362, 0.26721400022506714, 3.0174851417541504e-07, -2.0712614059448242e-06, 0.6228753328323364, 7.584691047668457e-06, -8.07642936706543e-06, 1.1016765832901, 5.960464477539063e-08, 4.470348358154297e-08, 0.7726439833641052, -0.14074432849884033, -0.019361993297934532, 0.2530269920825958, 2.1606683731079102e-07, -5.476176738739014e-07, 0.5432053804397583, -3.904104232788086e-06, 4.708766937255859e-06, 1.1030577421188354, 1.1622905731201172e-05, -7.748603820800781e-06, 0.8240509033203125, -0.009052714332938194, 0.023875420913100243, 0.3158416450023651, 1.4528632164001465e-07, 2.980232238769531e-07, 0.31536081433296204, -0.0012294873595237732, -0.28040871024131775, 1.004749059677124, 0.0012294836342334747, 0.2804052233695984, 0.1780431717634201, -0.04308527335524559, 3.9223568439483643, 1.0864205360412598, -0.0871235728263855, -0.35718631744384766, 0.5555344223976135, 5.722511559724808e-06, -2.7958303689956665e-06, 1.736465573310852, -3.822147846221924e-06, -2.8833746910095215e-06, 1.621277093887329, -2.9368093237280846e-06, -1.1399388313293457e-05, 0.6033935546875, 0.04908856749534607, -0.4983295798301697, -0.491817444562912, -3.814697265625e-06, 3.129243850708008e-07, 1.7200775146484375, -3.7103891372680664e-06, -3.129243850708008e-06, 1.633895993232727, -1.7881393432617188e-07, 7.569789886474609e-06, 0.6061094403266907, 0.03803711384534836, 0.48609912395477295, -0.06373578310012817, 4.738569259643555e-06, -5.420297384262085e-07, 0.49172940850257874, 1.341104507446289e-07, -4.880130290985107e-07, 0.49173372983932495, 0.1497974693775177, -0.004515595734119415, 0.2672137916088104, -5.21540641784668e-07, -1.9818544387817383e-06, 0.6228751540184021, 7.68899917602539e-06, -7.975846529006958e-06, 1.1016769409179688, -8.940696716308594e-08, -8.195638656616211e-08, 0.77264404296875, -0.1407443732023239, -0.01936141587793827, 0.25302648544311523, 2.980232238769531e-07, -9.834766387939453e-07, 0.5432053804397583, -3.546476364135742e-06, 3.563240170478821e-06, 1.1030577421188354, 1.1494383215904236e-05, -7.733702659606934e-06, 0.8240508437156677, -0.009052753448486328, 0.02387543022632599, 0.31584134697914124, 6.05359673500061e-08, 5.273614078760147e-08, 0.31536027789115906, -0.001229558140039444, -0.2804090082645416, 1.0047495365142822, 0.0012294556945562363, 0.28040459752082825, 0.17804370820522308, -0.0427488349378109, 3.9247887134552, 1.0865709781646729, -0.0871235579252243, -0.3571862280368805, 0.5555343627929688, 5.762529326602817e-06, -2.8060749173164368e-06, 1.736465573310852, -3.810971975326538e-06, -2.868473529815674e-06, 1.621277093887329, -2.9336661100387573e-06, -1.1445954442024231e-05, 0.6033934950828552, 0.049088530242443085, -0.49832969903945923, -0.49181753396987915, -3.844499588012695e-06, 7.897615432739258e-07, 1.7200772762298584, -3.814697265625e-06, -2.6971101760864258e-06, 1.6338962316513062, -7.450580596923828e-09, 7.614493370056152e-06, 0.6061094999313354, 0.03803712874650955, 0.4860985577106476, -0.06373584270477295, 4.645437002182007e-06, -8.563511073589325e-07, 0.49172964692115784, -1.0803341865539551e-07, -4.6193599700927734e-07, 0.49173372983932495, 0.14979751408100128, -0.004515253007411957, 0.2672141194343567, 8.642673492431641e-07, -2.1457672119140625e-06, 0.6228752136230469, 7.733702659606934e-06, -7.91996717453003e-06, 1.1016768217086792, 4.889443516731262e-08, 2.2724270820617676e-07, 0.77264404296875, -0.14074435830116272, -0.019361738115549088, 0.2530275583267212, 3.948807716369629e-07, -1.0076910257339478e-06, 0.5432050228118896, -3.6954879760742188e-06, 3.91155481338501e-06, 1.1030583381652832, 1.1414289474487305e-05, -7.674098014831543e-06, 0.82405024766922, -0.009052753448486328, 0.02387523651123047, 0.3158421814441681, 2.8312206268310547e-07, -1.4528632164001465e-07, 0.3153614401817322, -0.0012294948101043701, -0.28040921688079834, 1.0047496557235718, 0.0012295544147491455, 0.28040531277656555, 0.1780436635017395, -0.04050881043076515, 3.9409804344177246, 1.0875729322433472, -0.08712350577116013, -0.3571861982345581, 0.5555343627929688, 5.741603672504425e-06, -2.8759241104125977e-06, 1.736465573310852, -3.814697265625e-06, -2.8461217880249023e-06, 1.6212769746780396, -2.8444919735193253e-06, -1.1414289474487305e-05, 0.6033934950828552, 0.04908858239650726, -0.4983295798301697, -0.4918174147605896, -3.814697265625e-06, 7.450580596923828e-08, 1.7200778722763062, -3.7997961044311523e-06, -2.7120113372802734e-06, 1.6338958740234375, -2.4586915969848633e-07, 7.674098014831543e-06, 0.6061094999313354, 0.038037244230508804, 0.4860995411872864, -0.06373605132102966, 4.6193599700927734e-06, -9.066425263881683e-07, 0.4917297661304474, 8.940696716308594e-08, -5.289912223815918e-07, 0.4917338788509369, 0.1497974842786789, -0.004514731466770172, 0.26721394062042236, 8.046627044677734e-07, -1.5925616025924683e-06, 0.6228751540184021, 7.718801498413086e-06, -7.718801498413086e-06, 1.1016768217086792, 8.195638656616211e-08, -3.725290298461914e-09, 0.77264404296875, -0.14074446260929108, -0.019360706210136414, 0.25302666425704956, 7.748603820800781e-07, -4.1350722312927246e-07, 0.5432050228118896, -3.919005393981934e-06, 3.635883331298828e-06, 1.1030577421188354, 1.130625605583191e-05, -7.791444659233093e-06, 0.8240510821342468, -0.009052779525518417, 0.02387608028948307, 0.3158416748046875, 6.034970283508301e-07, -2.4959444999694824e-07, 0.3153615891933441, -0.0012294650077819824, -0.28041017055511475, 1.0047492980957031, 0.0012294575572013855, 0.28040453791618347, 0.17804309725761414, -0.0404498390853405, 3.941406488418579, 1.0875993967056274, -0.08712339401245117, -0.35718637704849243, 0.5555343627929688, 5.773268640041351e-06, -3.162771463394165e-06, 1.7364660501480103, -3.859400749206543e-06, -2.823770046234131e-06, 1.6212769746780396, -2.873828634619713e-06, -1.1436641216278076e-05, 0.6033936738967896, 0.0490887314081192, -0.4983294606208801, -0.4918174743652344, -3.844499588012695e-06, 4.3213367462158203e-07, 1.7200775146484375, -3.948807716369629e-06, -2.9206275939941406e-06, 1.6338958740234375, 8.940696716308594e-08, 7.875263690948486e-06, 0.6061095595359802, 0.038037341088056564, 0.486098974943161, -0.06373593956232071, 4.7013163566589355e-06, -7.068738341331482e-07, 0.4917294383049011, 8.940696716308594e-08, -5.587935447692871e-07, 0.4917333126068115, 0.14979761838912964, -0.004515733569860458, 0.267214298248291, -4.172325134277344e-07, -1.646578311920166e-06, 0.6228751540184021, 7.4803829193115234e-06, -7.659196853637695e-06, 1.1016780138015747, 7.450580596923828e-09, 3.1385570764541626e-07, 0.77264404296875, -0.14074431359767914, -0.01936192438006401, 0.25302740931510925, 4.023313522338867e-07, -6.556510925292969e-07, 0.5432053804397583, -4.112720489501953e-06, 3.725290298461914e-06, 1.103056788444519, 1.1436641216278076e-05, -7.543712854385376e-06, 0.8240508437156677, -0.009052636101841927, 0.02387525886297226, 0.3158418834209442, 1.4901161193847656e-07, -1.2433156371116638e-07, 0.31536126136779785, -0.0012294650077819824, -0.28040868043899536, 1.0047491788864136, 0.0012294650077819824, 0.28040504455566406, 0.17804338037967682, -0.03995367884635925, 3.944993019104004, 1.0878212451934814, -0.08712343871593475, -0.3571864068508148, 0.5555343627929688, 5.720183253288269e-06, -2.7008354663848877e-06, 1.7364658117294312, -3.829598426818848e-06, -2.86102294921875e-06, 1.6212769746780396, -2.903863787651062e-06, -1.1458992958068848e-05, 0.6033936738967896, 0.049088649451732635, -0.49832984805107117, -0.4918173849582672, -3.7848949432373047e-06, 6.631016731262207e-07, 1.7200771570205688, -3.6954879760742188e-06, -3.337860107421875e-06, 1.6338958740234375, -1.4901161193847656e-08, 7.72625207901001e-06, 0.6061094999313354, 0.03803719952702522, 0.48609909415245056, -0.06373585760593414, 4.627741873264313e-06, -8.028000593185425e-07, 0.4917297661304474, -7.450580596923828e-08, -5.513429641723633e-07, 0.4917336404323578, 0.1497974693775177, -0.0045151375234127045, 0.26721423864364624, 4.470348358154297e-08, -1.7881393432617188e-06, 0.6228750944137573, 7.510185241699219e-06, -7.614493370056152e-06, 1.1016772985458374, -8.195638656616211e-08, -5.168840289115906e-07, 0.7726441025733948, -0.1407444030046463, -0.019361121580004692, 0.25302720069885254, 3.0547380447387695e-07, -3.8743019104003906e-07, 0.5432054996490479, -3.814697265625e-06, 3.769993782043457e-06, 1.103057861328125, 1.16005539894104e-05, -7.420778274536133e-06, 0.8240509629249573, -0.009052777662873268, 0.023876043036580086, 0.3158421516418457, 2.086162567138672e-07, 7.962808012962341e-08, 0.3153607249259949, -0.001229405403137207, -0.2804085612297058, 1.0047494173049927, 0.001229599118232727, 0.2804049849510193, 0.1780434101819992, -0.03993929177522659, 3.945096969604492, 1.0878276824951172, -0.08712366968393326, -0.3571864366531372, 0.5555343627929688, 5.76116144657135e-06, -2.8423964977264404e-06, 1.7364654541015625, -3.948807716369629e-06, -2.8833746910095215e-06, 1.6212769746780396, -2.841698005795479e-06, -1.1391937732696533e-05, 0.6033935546875, 0.04908854514360428, -0.4983295798301697, -0.49181750416755676, -3.844499588012695e-06, 4.3213367462158203e-07, 1.720077633857727, -3.7848949432373047e-06, -2.8461217880249023e-06, 1.6338958740234375, -2.5331974029541016e-07, 7.338821887969971e-06, 0.6061097383499146, 0.03803715482354164, 0.48609888553619385, -0.06373592466115952, 4.600733518600464e-06, -6.910413503646851e-07, 0.4917299449443817, 1.4901161193847656e-08, -7.972121238708496e-07, 0.4917336702346802, 0.14979755878448486, -0.004515625536441803, 0.26721373200416565, 2.5331974029541016e-07, -1.5050172805786133e-06, 0.6228750944137573, 7.659196853637695e-06, -7.510185241699219e-06, 1.101676344871521, 7.450580596923828e-09, -2.421438694000244e-08, 0.77264404296875, -0.14074428379535675, -0.01936209946870804, 0.2530270516872406, 5.364418029785156e-07, -5.960464477539062e-07, 0.5432052612304688, -4.231929779052734e-06, 3.904104232788086e-06, 1.103057861328125, 1.1682510375976562e-05, -7.661059498786926e-06, 0.8240508437156677, -0.009052625857293606, 0.02387509122490883, 0.3158419132232666, -2.8312206268310547e-07, 1.0104849934577942e-07, 0.3153611421585083, -0.0012296214699745178, -0.28040918707847595, 1.0047495365142822, 0.0012294501066207886, 0.28040483593940735, 0.17804351449012756, -0.040008775889873505, 3.944594621658325, 1.087796688079834, -0.08712361007928848, -0.3571859300136566, 0.555534303188324, 5.741603672504425e-06, -2.902001142501831e-06, 1.736465334892273, -3.7550926208496094e-06, -2.8461217880249023e-06, 1.6212769746780396, -2.8938520699739456e-06, -1.1429190635681152e-05, 0.6033936142921448, 0.04908863455057144, -0.4983295202255249, -0.4918174147605896, -3.814697265625e-06, 4.917383193969727e-07, 1.720077633857727, -3.889203071594238e-06, -2.652406692504883e-06, 1.6338958740234375, -5.960464477539063e-08, 7.331371307373047e-06, 0.6061095595359802, 0.03803722560405731, 0.48609915375709534, -0.06373585760593414, 4.656612873077393e-06, -5.462206900119781e-07, 0.4917302429676056, 8.940696716308594e-08, -4.842877388000488e-07, 0.49173352122306824, 0.1497974395751953, -0.004515372216701508, 0.26721352338790894, 5.885958671569824e-07, -1.6242265701293945e-06, 0.6228751540184021, 7.62939453125e-06, -7.525086402893066e-06, 1.1016772985458374, 3.3527612686157227e-08, 5.085021257400513e-07, 0.7726439833641052, -0.1407444030046463, -0.01936212368309498, 0.2530267834663391, 6.705522537231445e-07, -2.0489096641540527e-07, 0.5432052612304688, -3.635883331298828e-06, 3.941357135772705e-06, 1.1030583381652832, 1.1436641216278076e-05, -7.603317499160767e-06, 0.8240509033203125, -0.009052809327840805, 0.023875432088971138, 0.31584134697914124, 7.450580596923828e-07, -5.029141902923584e-08, 0.3153614401817322, -0.0012295059859752655, -0.2804088592529297, 1.0047492980957031, 0.0012295432388782501, 0.280404657125473, 0.17804346978664398, -0.04074280709028244, 3.939288854598999, 1.0874682664871216, -0.08712336421012878, -0.35718613862991333, 0.5555344223976135, 5.7425349950790405e-06, -3.077089786529541e-06, 1.7364656925201416, -3.855675458908081e-06, -2.905726432800293e-06, 1.62127685546875, -2.853921614587307e-06, -1.1377036571502686e-05, 0.6033936142921448, 0.04908883571624756, -0.49832937121391296, -0.4918174147605896, -3.904104232788086e-06, 4.470348358154297e-07, 1.720077395439148, -3.889203071594238e-06, -2.950429916381836e-06, 1.633895754814148, 7.450580596923828e-09, 7.621943950653076e-06, 0.606109619140625, 0.038037389516830444, 0.48609915375709534, -0.06373584270477295, 4.645437002182007e-06, -1.0675867088139057e-06, 0.491729736328125, -1.4156103134155273e-07, -4.209578037261963e-07, 0.49173352122306824, 0.14979742467403412, -0.004515096545219421, 0.26721394062042236, 9.909272193908691e-07, -1.8659047782421112e-06, 0.6228752732276917, 7.510185241699219e-06, -7.778406143188477e-06, 1.1016767024993896, -1.1175870895385742e-08, 4.880130290985107e-07, 0.7726439833641052, -0.14074446260929108, -0.019361546263098717, 0.2530272603034973, 6.926711648702621e-07, -5.438923835754395e-07, 0.5432052612304688, -3.904104232788086e-06, 3.859400749206543e-06, 1.1030579805374146, 1.1555850505828857e-05, -7.808208465576172e-06, 0.8240509033203125, -0.009052839130163193, 0.02387591078877449, 0.3158418536186218, -8.940696716308594e-08, -3.3527612686157227e-08, 0.3153616189956665, -0.001229550689458847, -0.2804085910320282, 1.0047495365142822, 0.0012294519692659378, 0.2804054021835327, 0.17804370820522308, -0.04254033789038658, 3.926295757293701, 1.0866643190383911, -0.0871235653758049, -0.35718661546707153, 0.5555344820022583, 5.653477273881435e-06, -2.9187649488449097e-06, 1.736465573310852, -3.8035213947296143e-06, -2.808868885040283e-06, 1.6212767362594604, -2.817949280142784e-06, -1.1511147022247314e-05, 0.6033935546875, 0.04908864200115204, -0.4983299970626831, -0.49181732535362244, -3.814697265625e-06, 2.980232238769531e-07, 1.720077633857727, -3.7103891372680664e-06, -2.7120113372802734e-06, 1.633895754814148, -2.905726432800293e-07, 7.495284080505371e-06, 0.6061096787452698, 0.03803730010986328, 0.4860983192920685, -0.06373575329780579, 4.678033292293549e-06, -8.951174095273018e-07, 0.4917299747467041, -7.683411240577698e-09, 8.381903171539307e-08, 0.49173349142074585, 0.1497974842786789, -0.004515532404184341, 0.26721397042274475, 3.5762786865234375e-07, -1.944601535797119e-06, 0.6228752136230469, 7.12275505065918e-06, -7.539987564086914e-06, 1.1016775369644165, 7.450580596923828e-09, -1.7136335372924805e-07, 0.7726441025733948, -0.1407444179058075, -0.019361509010195732, 0.2530268132686615, 7.450580596923828e-07, -5.364418029785156e-07, 0.5432054400444031, -4.105269908905029e-06, 3.769993782043457e-06, 1.1030569076538086, 1.1451542377471924e-05, -7.9423189163208e-06, 0.8240509033203125, -0.009052776731550694, 0.02387579344213009, 0.31584152579307556, -1.341104507446289e-07, 2.9802322387695312e-08, 0.31536078453063965, -0.001229502260684967, -0.2804087698459625, 1.0047494173049927, 0.0012294724583625793, 0.2804051339626312, 0.17804336547851562, -0.04023519903421402, 3.942958116531372, 1.0876953601837158, -0.08712354302406311, -0.3571866750717163, 0.5555343627929688, 5.750218406319618e-06, -2.8330832719802856e-06, 1.7364659309387207, -3.762543201446533e-06, -2.905726432800293e-06, 1.62127685546875, -2.9001384973526e-06, -1.1455267667770386e-05, 0.6033934950828552, 0.04908861219882965, -0.4983300268650055, -0.49181756377220154, -3.7550926208496094e-06, 5.066394805908203e-07, 1.720077633857727, -4.082918167114258e-06, -2.9206275939941406e-06, 1.633895754814148, -4.470348358154297e-08, 7.718801498413086e-06, 0.6061095595359802, 0.03803711384534836, 0.4860987067222595, -0.06373593956232071, 4.5709311962127686e-06, -8.819624781608582e-07, 0.49172964692115784, -1.210719347000122e-08, -3.7185964174568653e-07, 0.491733580827713, 0.1497974693775177, -0.004515388514846563, 0.2672137916088104, 4.5634806156158447e-07, -1.776963472366333e-06, 0.6228751540184021, 7.830560207366943e-06, -7.428228855133057e-06, 1.1016770601272583, -1.955777406692505e-08, 4.470348358154297e-08, 0.77264404296875, -0.1407444179058075, -0.019361987709999084, 0.2530268728733063, 7.599592208862305e-07, -9.98377799987793e-07, 0.5432052612304688, -3.859400749206543e-06, 3.7923455238342285e-06, 1.103058099746704, 1.1488795280456543e-05, -8.035451173782349e-06, 0.824050784111023, -0.009052766487002373, 0.023875385522842407, 0.31584158539772034, 3.0547380447387695e-07, 3.7997961044311523e-07, 0.3153609037399292, -0.0012294575572013855, -0.2804092466831207, 1.0047491788864136, 0.0012294873595237732, 0.28040415048599243, 0.178043395280838, -0.042038436979055405, 3.9299237728118896, 1.0868887901306152, -0.08712337911128998, -0.35718652606010437, 0.5555342435836792, 5.6889839470386505e-06, -3.0454248189926147e-06, 1.7364654541015625, -3.8370490074157715e-06, -2.8721988201141357e-06, 1.6212769746780396, -2.882443368434906e-06, -1.146458089351654e-05, 0.6033936142921448, 0.049088746309280396, -0.49832963943481445, -0.4918175935745239, -3.7550926208496094e-06, 3.501772880554199e-07, 1.7200778722763062, -3.7848949432373047e-06, -2.9206275939941406e-06, 1.633895993232727, -5.960464477539063e-08, 7.68899917602539e-06, 0.606109619140625, 0.03803735598921776, 0.4860987365245819, -0.06373600661754608, 4.559755325317383e-06, -8.66129994392395e-07, 0.4917301535606384, 6.332993507385254e-08, -3.7066638469696045e-07, 0.4917333722114563, 0.1497974991798401, -0.004515351727604866, 0.2672140300273895, 3.8743019104003906e-07, -2.1383166313171387e-06, 0.6228753328323364, 7.499009370803833e-06, -7.700640708208084e-06, 1.101677417755127, 2.086162567138672e-07, -3.2782554626464844e-07, 0.7726441025733948, -0.1407443732023239, -0.019361626356840134, 0.253027081489563, 2.868473529815674e-07, -9.685754776000977e-08, 0.5432049632072449, -4.16487455368042e-06, 3.822147846221924e-06, 1.1030575037002563, 1.1511147022247314e-05, -8.165836334228516e-06, 0.824050784111023, -0.009052802808582783, 0.023875709623098373, 0.3158417344093323, 1.6763806343078613e-07, 3.594905138015747e-07, 0.31536081433296204, -0.0012295031920075417, -0.2804083526134491, 1.0047492980957031, 0.0012294761836528778, 0.28040534257888794, 0.178043395280838, -0.04380869120359421, 3.917127847671509, 1.086097002029419, -0.08712360262870789, -0.3571864068508148, 0.5555343627929688, 5.692883860319853e-06, -2.766028046607971e-06, 1.7364654541015625, -3.8333237171173096e-06, -2.902001142501831e-06, 1.62127685546875, -2.866145223379135e-06, -1.1432915925979614e-05, 0.6033935546875, 0.04908853769302368, -0.49832943081855774, -0.49181756377220154, -3.7550926208496094e-06, 4.0046870708465576e-07, 1.720077395439148, -3.680586814880371e-06, -3.0100345611572266e-06, 1.6338958740234375, 4.0978193283081055e-08, 7.6070427894592285e-06, 0.606109619140625, 0.03803708404302597, 0.486099511384964, -0.06373591721057892, 4.544854164123535e-06, -9.313225746154785e-07, 0.4917294681072235, -6.705522537231445e-08, -4.805624485015869e-07, 0.4917336106300354, 0.1497974544763565, -0.004515599459409714, 0.26721394062042236, 0.0, -2.2202730178833008e-06, 0.6228752732276917, 7.539987564086914e-06, -7.525086402893066e-06, 1.1016771793365479, -2.9802322387695312e-08, -5.066394805908203e-07, 0.7726442217826843, -0.14074444770812988, -0.019361667335033417, 0.2530266344547272, 4.3274485506117344e-07, -7.229973562061787e-07, 0.543205201625824, -3.5762786865234375e-06, 3.874301910400391e-06, 1.103058099746704, 1.1466443538665771e-05, -7.510185241699219e-06, 0.8240508437156677, -0.009052818641066551, 0.023875519633293152, 0.3158414959907532, 1.1734664440155029e-07, -3.0174851417541504e-07, 0.3153611719608307, -0.0012294985353946686, -0.2804095149040222, 1.0047494173049927, 0.001229484099894762, 0.2804047763347626, 0.17804336547851562, -0.045350082218647, 3.9059860706329346, 1.0854074954986572, -0.08712345361709595, -0.35718628764152527, 0.5555344223976135, 5.7211145758628845e-06, -3.1320087146013975e-06, 1.7364648580551147, -3.8053840398788452e-06, -2.771615982055664e-06, 1.62127685546875, -2.8419308364391327e-06, -1.1421740055084229e-05, 0.6033934950828552, 0.04908865690231323, -0.49832969903945923, -0.4918174147605896, -3.6656856536865234e-06, 5.066394805908203e-07, 1.7200770378112793, -3.904104232788086e-06, -2.86102294921875e-06, 1.6338958740234375, -6.705522537231445e-08, 7.703900337219238e-06, 0.6061095595359802, 0.038037270307540894, 0.4860987663269043, -0.0637357085943222, 4.507601261138916e-06, -8.940696716308594e-07, 0.4917295277118683, -1.6391277313232422e-07, -6.407499313354492e-07, 0.49173396825790405, 0.14979752898216248, -0.0045156702399253845, 0.2672138810157776, 4.172325134277344e-07, -2.086162567138672e-06, 0.6228752136230469, 7.88271427154541e-06, -7.718801498413086e-06, 1.1016767024993896, -2.9802322387695312e-08, -3.725290298461914e-07, 0.77264404296875, -0.1407443732023239, -0.01936177909374237, 0.2530266344547272, 2.1606683731079102e-07, -2.952292561531067e-07, 0.543205201625824, -3.904104232788086e-06, 4.127621650695801e-06, 1.1030579805374146, 1.150369644165039e-05, -7.420778274536133e-06, 0.8240506649017334, -0.0090528205037117, 0.023875176906585693, 0.3158416748046875, 1.7904676496982574e-07, 3.8463622331619263e-07, 0.3153608739376068, -0.001229412853717804, -0.28040874004364014, 1.0047492980957031, 0.0012295544147491455, 0.28040534257888794, 0.1780434101819992, -0.04576670378446579, 3.9029746055603027, 1.0852211713790894, -0.0871235653758049, -0.357186496257782, 0.555534303188324, 5.725771188735962e-06, -2.769753336906433e-06, 1.736465334892273, -3.748573362827301e-06, -2.8405338525772095e-06, 1.6212764978408813, -2.868007868528366e-06, -1.1421740055084229e-05, 0.6033935546875, 0.04908856749534607, -0.49832963943481445, -0.4918175935745239, -3.7848949432373047e-06, 5.364418029785156e-07, 1.7200778722763062, -3.919005393981934e-06, -2.8908252716064453e-06, 1.6338958740234375, -7.450580596923828e-09, 7.674098014831543e-06, 0.606109619140625, 0.03803711757063866, 0.4860989451408386, -0.06373600661754608, 4.7460198402404785e-06, -1.0505318641662598e-06, 0.49172985553741455, -8.940696716308594e-08, -6.258487701416016e-07, 0.4917336702346802, 0.1497974693775177, -0.004515364766120911, 0.2672143578529358, 3.650784492492676e-07, -1.8700957298278809e-06, 0.6228751540184021, 7.897615432739258e-06, -7.674098014831543e-06, 1.1016771793365479, -1.1920928955078125e-07, -8.940696716308594e-08, 0.7726439833641052, -0.14074452221393585, -0.01936180889606476, 0.2530274987220764, 5.811452865600586e-07, -2.5704503059387207e-07, 0.5432053208351135, -3.874301910400391e-06, 3.6223791539669037e-06, 1.1030577421188354, 1.1354684829711914e-05, -7.852911949157715e-06, 0.8240509629249573, -0.009052842855453491, 0.0238754004240036, 0.3158421814441681, 1.2759119272232056e-07, -4.544854164123535e-07, 0.3153607249259949, -0.0012295842170715332, -0.2804080545902252, 1.0047489404678345, 0.0012294203042984009, 0.28040575981140137, 0.17804324626922607, -0.04465867206454277, 3.9109838008880615, 1.085716724395752, -0.08712352812290192, -0.35718634724617004, 0.555534303188324, 5.7220458984375e-06, -2.582091838121414e-06, 1.7364659309387207, -3.862194716930389e-06, -2.866610884666443e-06, 1.6212774515151978, -2.889428287744522e-06, -1.1399388313293457e-05, 0.6033936142921448, 0.04908856749534607, -0.49832963943481445, -0.4918174743652344, -3.933906555175781e-06, 5.960464477539062e-07, 1.720077633857727, -3.844499588012695e-06, -2.771615982055664e-06, 1.6338958740234375, -9.313225746154785e-09, 7.614493370056152e-06, 0.606109619140625, 0.03803716227412224, 0.4860984981060028, -0.06373581290245056, 4.7013163566589355e-06, -1.2516975402832031e-06, 0.49173057079315186, -2.9802322387695312e-08, -2.8312206268310547e-07, 0.49173349142074585, 0.14979766309261322, -0.004515320062637329, 0.26721373200416565, 2.3096799850463867e-07, -2.171844244003296e-06, 0.6228752732276917, 7.838010787963867e-06, -7.554888725280762e-06, 1.1016770601272583, 2.9802322387695312e-08, 1.8812716007232666e-07, 0.7726439237594604, -0.14074435830116272, -0.01936180889606476, 0.253027081489563, 4.5191700337454677e-07, -2.384185791015625e-07, 0.543205201625824, -3.3974647521972656e-06, 3.9637088775634766e-06, 1.103057861328125, 1.1429190635681152e-05, -7.428228855133057e-06, 0.8240509033203125, -0.009052738547325134, 0.023875266313552856, 0.3158414959907532, 1.4156103134155273e-07, -4.470348358154297e-08, 0.3153608739376068, -0.0012295320630073547, -0.2804090678691864, 1.0047491788864136, 0.0012294575572013855, 0.28040459752082825, 0.17804348468780518, -0.0423930361866951, 3.9273605346679688, 1.0867301225662231, -0.08712345361709595, -0.357185959815979, 0.5555346608161926, 5.6978315114974976e-06, -2.877088263630867e-06, 1.7364654541015625, -3.841239959001541e-06, -2.823770046234131e-06, 1.6212769746780396, -2.8801150619983673e-06, -1.1421740055084229e-05, 0.6033935546875, 0.04908858612179756, -0.4983293414115906, -0.49181729555130005, -3.516674041748047e-06, 3.5762786865234375e-07, 1.7200778722763062, -4.0531158447265625e-06, -2.8014183044433594e-06, 1.6338958740234375, -1.2479722499847412e-07, 7.584691047668457e-06, 0.606109619140625, 0.03803721442818642, 0.4860996603965759, -0.06373567879199982, 4.731118679046631e-06, -8.344650268554688e-07, 0.49173033237457275, -1.9371509552001953e-07, -5.811452865600586e-07, 0.4917336702346802, 0.149797722697258, -0.004515647888183594, 0.2672138214111328, 4.991888999938965e-07, -1.9511207938194275e-06, 0.6228752136230469, 7.88271427154541e-06, -7.830560207366943e-06, 1.1016772985458374, -1.4901161193847656e-08, -1.3597309589385986e-07, 0.77264404296875, -0.14074403047561646, -0.0193617045879364, 0.25302672386169434, 6.109476089477539e-07, -5.21540641784668e-07, 0.5432052612304688, -3.9637088775634766e-06, 4.082918167114258e-06, 1.1030586957931519, 1.146271824836731e-05, -7.806229405105114e-06, 0.824050784111023, -0.009052395820617676, 0.023875698447227478, 0.31584104895591736, 1.7881393432617188e-07, 1.341104507446289e-07, 0.31536024808883667, -0.0012293756008148193, -0.2804088592529297, 1.0047492980957031, 0.0012295907363295555, 0.2804056704044342, 0.17804312705993652, -0.0406109020113945, 3.9402425289154053, 1.0875272750854492, -0.08712354302406311, -0.3571862578392029, 0.5555344820022583, 5.71180135011673e-06, -2.81468965113163e-06, 1.7364658117294312, -3.836117684841156e-06, -2.8721988201141357e-06, 1.621277093887329, -2.8526410460472107e-06, -1.1496245861053467e-05, 0.6033935546875, 0.049088556319475174, -0.4983294606208801, -0.4918173849582672, -3.6954879760742188e-06, 4.172325134277344e-07, 1.7200772762298584, -3.769993782043457e-06, -2.7865171432495117e-06, 1.6338961124420166, 5.811452865600586e-07, 7.659196853637695e-06, 0.606109619140625, 0.03803715854883194, 0.4860992431640625, -0.06373573839664459, 4.9620866775512695e-06, -9.98377799987793e-07, 0.4917296767234802, -1.043081283569336e-07, -2.682209014892578e-07, 0.4917331337928772, 0.14979775249958038, -0.0045158714056015015, 0.2672139108181, 1.8998980522155762e-07, -1.607462763786316e-06, 0.6228752136230469, 7.62939453125e-06, -7.80448317527771e-06, 1.1016768217086792, 5.960464477539063e-08, 3.19676473736763e-07, 0.77264404296875, -0.14074400067329407, -0.019362077116966248, 0.25302654504776, 3.8743019104003906e-07, -1.1846423149108887e-06, 0.5432051420211792, -4.26173210144043e-06, 3.829598426818848e-06, 1.1030575037002563, 1.1369585990905762e-05, -7.322058081626892e-06, 0.824051022529602, -0.009052515029907227, 0.023874938488006592, 0.31584200263023376, 1.7881393432617188e-07, 1.341104507446289e-07, 0.3153611719608307, -0.0012294398620724678, -0.28040921688079834, 1.0047494173049927, 0.0012295651249587536, 0.28040507435798645, 0.17804357409477234, -0.0383620485663414, 3.95649790763855, 1.0885331630706787, -0.0871235728263855, -0.35718613862991333, 0.5555341243743896, 5.714595317840576e-06, -3.010802174685523e-06, 1.7364650964736938, -3.8370490074157715e-06, -2.868473529815674e-06, 1.62127685546875, -2.8563663363456726e-06, -1.1369585990905762e-05, 0.6033935546875, 0.049088604748249054, -0.4983295500278473, -0.4918174743652344, -3.606081008911133e-06, 4.76837158203125e-07, 1.7200775146484375, -4.127621650695801e-06, -2.8759241104125977e-06, 1.6338958740234375, 2.980232238769531e-07, 7.569789886474609e-06, 0.606109619140625, 0.03803716599941254, 0.486098974943161, -0.06373587995767593, 4.4852495193481445e-06, -8.642673492431641e-07, 0.49172988533973694, 1.6391277313232422e-07, -2.682209014892578e-07, 0.491733193397522, 0.14979758858680725, -0.004515394568443298, 0.2672140598297119, 4.6566128730773926e-07, -1.6633421182632446e-06, 0.6228752136230469, 7.867813110351562e-06, -7.592141628265381e-06, 1.1016769409179688, 2.60770320892334e-08, 2.859160304069519e-07, 0.7726441025733948, -0.14074446260929108, -0.019361883401870728, 0.25302791595458984, 5.960464477539062e-07, -6.705522537231445e-07, 0.5432053804397583, -3.814697265625e-06, 3.814697265625e-06, 1.103057861328125, 1.1324882507324219e-05, -7.70576298236847e-06, 0.8240509629249573, -0.009052574634552002, 0.023875653743743896, 0.31584227085113525, 1.043081283569336e-07, -1.7881393432617188e-07, 0.3153618574142456, -0.0012294161133468151, -0.2804085612297058, 1.0047494173049927, 0.0012295938795432448, 0.2804054617881775, 0.17804329097270966, -0.03559337183833122, 3.976510763168335, 1.0897716283798218, -0.08712350577116013, -0.35718610882759094, 0.5555341839790344, 5.7176221162080765e-06, -2.630287781357765e-06, 1.7364654541015625, -3.832392394542694e-06, -2.8721988201141357e-06, 1.6212769746780396, -2.834480255842209e-06, -1.1406838893890381e-05, 0.6033936142921448, 0.04908867925405502, -0.4983295500278473, -0.491817444562912, -3.7550926208496094e-06, 5.960464477539062e-07, 1.7200775146484375, -3.7401914596557617e-06, -2.9206275939941406e-06, 1.6338958740234375, -1.9371509552001953e-07, 7.659196853637695e-06, 0.606109619140625, 0.03803716227412224, 0.4860991835594177, -0.06373599171638489, 4.708766937255859e-06, -9.760260581970215e-07, 0.491729736328125, 7.450580596923828e-08, -4.470348358154297e-07, 0.49173325300216675, 0.14979752898216248, -0.004515469074249268, 0.2672134041786194, 1.4901161193847656e-08, -1.4640390872955322e-06, 0.6228753924369812, 7.733702659606934e-06, -7.428228855133057e-06, 1.101677417755127, -1.043081283569336e-07, 5.289912223815918e-07, 0.7726441025733948, -0.1407443881034851, -0.01936200261116028, 0.25302666425704956, 4.76837158203125e-07, -4.172325134277344e-07, 0.5432053208351135, -3.6954879760742188e-06, 4.585832357406616e-06, 1.103057622909546, 1.150369644165039e-05, -7.972121238708496e-06, 0.824050784111023, -0.009052813053131104, 0.02387508749961853, 0.31584131717681885, 1.4901161193847656e-07, -1.1920928955078125e-07, 0.3153614103794098, -0.001229533925652504, -0.2804088294506073, 1.0047492980957031, 0.0012294352054595947, 0.2804049253463745, 0.17804338037967682, -0.034866105765104294, 3.9817676544189453, 1.0900969505310059, -0.08712346851825714, -0.3571864068508148, 0.5555342435836792, 5.730427801609039e-06, -2.973247319459915e-06, 1.7364658117294312, -3.7960708141326904e-06, -2.868473529815674e-06, 1.6212769746780396, -2.8694048523902893e-06, -1.1518597602844238e-05, 0.6033935546875, 0.049088671803474426, -0.4983297884464264, -0.4918174743652344, -3.725290298461914e-06, 6.556510925292969e-07, 1.7200778722763062, -3.7550926208496094e-06, -2.8014183044433594e-06, 1.6338958740234375, -1.7881393432617188e-07, 7.703900337219238e-06, 0.6061097383499146, 0.0380372554063797, 0.4860992431640625, -0.06373615562915802, 4.5709311962127686e-06, -9.164214134216309e-07, 0.49173009395599365, 5.21540641784668e-08, -2.9802322387695312e-08, 0.491733193397522, 0.14979764819145203, -0.004515357315540314, 0.26721319556236267, 8.754432201385498e-08, -2.2314488887786865e-06, 0.6228755116462708, 7.778406143188477e-06, -7.811933755874634e-06, 1.1016765832901, 0.0, 4.302710294723511e-07, 0.7726441621780396, -0.14074425399303436, -0.019361719489097595, 0.25302624702453613, 2.086162567138672e-07, -1.0728836059570312e-06, 0.5432054996490479, -4.112720489501953e-06, 4.366040229797363e-06, 1.1030579805374146, 1.1622905731201172e-05, -7.659196853637695e-06, 0.8240506649017334, -0.009052708745002747, 0.023875385522842407, 0.31584101915359497, 2.086162567138672e-07, 0.0, 0.315361350774765, -0.0012293756008148193, -0.2804088294506073, 1.0047487020492554, 0.001229606568813324, 0.2804049551486969, 0.17804285883903503, -0.035770539194345474, 3.9752299785614014, 1.0896923542022705, -0.08712345361709595, -0.35718661546707153, 0.5555344223976135, 5.720183253288269e-06, -2.868473529815674e-06, 1.7364654541015625, -3.810971975326538e-06, -2.8442591428756714e-06, 1.6212767362594604, -2.8675422072410583e-06, -1.1406838893890381e-05, 0.6033934950828552, 0.04908868670463562, -0.498329758644104, -0.491817444562912, -3.874301910400391e-06, 6.556510925292969e-07, 1.7200777530670166, -3.978610038757324e-06, -2.86102294921875e-06, 1.6338958740234375, 1.7881393432617188e-07, 7.554888725280762e-06, 0.6061095595359802, 0.038037270307540894, 0.4860985279083252, -0.063735730946064, 4.7013163566589355e-06, -7.972121238708496e-07, 0.4917297065258026, 1.4156103134155273e-07, -1.341104507446289e-07, 0.49173370003700256, 0.14979752898216248, -0.0045152828097343445, 0.267213374376297, 3.2223761081695557e-07, -2.78279185295105e-06, 0.6228749752044678, 7.972121238708496e-06, -7.618218660354614e-06, 1.101676344871521, -1.4901161193847656e-08, 3.762543201446533e-07, 0.77264404296875, -0.1407444328069687, -0.01936173439025879, 0.253027081489563, 2.086162567138672e-07, -1.9371509552001953e-07, 0.5432053804397583, -4.172325134277344e-06, 3.6656856536865234e-06, 1.103058099746704, 1.1533498764038086e-05, -7.271766662597656e-06, 0.8240509629249573, -0.009052708745002747, 0.023875445127487183, 0.31584155559539795, 2.980232238769531e-07, -8.940696716308594e-08, 0.3153611719608307, -0.001229412853717804, -0.2804090976715088, 1.0047494173049927, 0.0012295935302972794, 0.28040415048599243, 0.17804363369941711, -0.03999803215265274, 3.9446723461151123, 1.087801456451416, -0.08712350577116013, -0.3571864366531372, 0.555534303188324, 5.728565156459808e-06, -2.866610884666443e-06, 1.736465334892273, -3.846362233161926e-06, -2.8815120458602905e-06, 1.6212769746780396, -2.854038029909134e-06, -1.1406838893890381e-05, 0.6033936738967896, 0.04908858984708786, -0.49832969903945923, -0.49181750416755676, -3.904104232788086e-06, 4.76837158203125e-07, 1.7200775146484375, -4.06801700592041e-06, -2.8014183044433594e-06, 1.6338958740234375, -3.0547380447387695e-07, 7.4803829193115234e-06, 0.6061095595359802, 0.03803715854883194, 0.48609885573387146, -0.06373587250709534, 4.556030035018921e-06, -9.834766387939453e-07, 0.491730272769928, -3.129243850708008e-07, -1.9371509552001953e-07, 0.49173346161842346, 0.14979712665081024, -0.004515461623668671, 0.2672140896320343, 3.734603524208069e-07, -1.7471611499786377e-06, 0.622875452041626, 7.68899917602539e-06, -7.849186658859253e-06, 1.1016767024993896, 2.60770320892334e-08, -3.8743019104003906e-07, 0.7726438641548157, -0.14074470102787018, -0.01936180889606476, 0.2530269920825958, 6.258487701416016e-07, -6.556510925292969e-07, 0.5432053804397583, -3.3080577850341797e-06, 3.933906555175781e-06, 1.1030577421188354, 1.1309981346130371e-05, -7.420778274536133e-06, 0.8240507245063782, -0.009053125977516174, 0.02387535572052002, 0.3158416152000427, 2.086162567138672e-07, 0.0, 0.31536126136779785, -0.001229405403137207, -0.2804090082645416, 1.0047500133514404, 0.001229606568813324, 0.28040531277656555, 0.17804382741451263, -0.046654459089040756, 3.896557569503784, 1.0848240852355957, -0.08712361752986908, -0.35718607902526855, 0.555534303188324, 5.754875019192696e-06, -2.838089130818844e-06, 1.736465334892273, -3.795139491558075e-06, -2.8740614652633667e-06, 1.6212769746780396, -2.855667844414711e-06, -1.1358410120010376e-05, 0.6033935546875, 0.04908852279186249, -0.498329758644104, -0.4918176531791687, -3.874301910400391e-06, 4.76837158203125e-07, 1.7200775146484375, -3.829598426818848e-06, -2.823770046234131e-06, 1.6338955163955688, 7.82310962677002e-08, 7.674098014831543e-06, 0.6061095595359802, 0.038037072867155075, 0.4860990047454834, -0.0637359619140625, 4.645437002182007e-06, -1.1622905731201172e-06, 0.49173009395599365, -5.21540641784668e-08, -6.258487701416016e-07, 0.49173402786254883, 0.1497974544763565, -0.004515260457992554, 0.26721417903900146, 1.0989606380462646e-07, -1.3075768947601318e-06, 0.6228756308555603, 7.763504981994629e-06, -7.727183401584625e-06, 1.1016770601272583, 1.1175870895385742e-08, 7.078051567077637e-07, 0.77264404296875, -0.1407443732023239, -0.019361555576324463, 0.2530272305011749, 7.748603820800781e-07, -1.9371509552001953e-07, 0.5432053208351135, -3.7103891372680664e-06, 3.844499588012695e-06, 1.103057622909546, 1.1220574378967285e-05, -8.463859558105469e-06, 0.8240509629249573, -0.00905291736125946, 0.023875519633293152, 0.3158421814441681, 2.980232238769531e-07, 1.1920928955078125e-07, 0.31536081433296204, -0.0012295246124267578, -0.28040894865989685, 1.0047492980957031, 0.0012294705957174301, 0.2804049253463745, 0.17804333567619324, -0.053819164633750916, 3.84476900100708, 1.0816192626953125, -0.08712349086999893, -0.3571864366531372, 0.5555345416069031, 5.7248398661613464e-06, -2.7224887162446976e-06, 1.736465573310852, -3.8035213947296143e-06, -2.8461217880249023e-06, 1.6212772130966187, -2.8442591428756714e-06, -1.1485069990158081e-05, 0.6033935546875, 0.049088649451732635, -0.4983297884464264, -0.4918173849582672, -3.829598426818848e-06, 4.76837158203125e-07, 1.7200778722763062, -3.5315752029418945e-06, -2.779066562652588e-06, 1.6338961124420166, 3.026798367500305e-08, 7.644295692443848e-06, 0.606109619140625, 0.03803716599941254, 0.48609837889671326, -0.06373561918735504, 4.656612873077393e-06, -9.5367431640625e-07, 0.4917297065258026, -7.450580596923828e-09, 2.9802322387695312e-08, 0.49173298478126526, 0.1497974842786789, -0.00451553612947464, 0.2672138214111328, 4.362664185464382e-07, -2.130866050720215e-06, 0.6228752732276917, 7.450580596923828e-06, -7.63358548283577e-06, 1.1016767024993896, -1.4901161193847656e-08, -1.7136335372924805e-07, 0.7726439833641052, -0.14074426889419556, -0.019361555576324463, 0.2530263662338257, 2.980232238769531e-07, -9.5367431640625e-07, 0.5432052612304688, -4.127621650695801e-06, 3.904104232788086e-06, 1.1030579805374146, 1.1354684829711914e-05, -7.644295692443848e-06, 0.8240512609481812, -0.00905260443687439, 0.023875601589679718, 0.3158414959907532, 2.384185791015625e-07, -8.940696716308594e-08, 0.31536099314689636, -0.0012294314801692963, -0.28040969371795654, 1.0047496557235718, 0.0012295600026845932, 0.28040456771850586, 0.17804363369941711, -0.05908770486712456, 3.8066861629486084, 1.0792627334594727, -0.08712345361709595, -0.3571862578392029, 0.555534303188324, 5.731359124183655e-06, -2.7818605303764343e-06, 1.7364658117294312, -3.7979334592819214e-06, -2.7962960302829742e-06, 1.6212767362594604, -2.8936192393302917e-06, -1.1436641216278076e-05, 0.6033935546875, 0.04908868297934532, -0.4983295798301697, -0.4918173551559448, -3.7550926208496094e-06, 6.556510925292969e-07, 1.720077633857727, -3.907829523086548e-06, -2.8833746910095215e-06, 1.6338958740234375, 2.92900949716568e-07, 7.674098014831543e-06, 0.606109619140625, 0.03803719952702522, 0.4860987067222595, -0.06373577564954758, 4.634261131286621e-06, -8.493661880493164e-07, 0.49172934889793396, -1.4901161193847656e-07, -7.450580596923828e-07, 0.4917336106300354, 0.14979742467403412, -0.00451543927192688, 0.26721400022506714, 3.9025326259434223e-07, -1.385807991027832e-06, 0.6228755116462708, 7.748603820800781e-06, -7.432128768414259e-06, 1.1016771793365479, 1.4901161193847656e-08, -2.682209014892578e-07, 0.7726439237594604, -0.1407444030046463, -0.01936165988445282, 0.253027081489563, 7.450580596923828e-07, -1.043081283569336e-06, 0.5432052612304688, -3.471970558166504e-06, 4.023313522338867e-06, 1.1030583381652832, 1.1578202247619629e-05, -8.15466046333313e-06, 0.8240505456924438, -0.009052857756614685, 0.023875325918197632, 0.3158422112464905, 2.980232238769531e-07, 0.0, 0.3153611421585083, -0.0012295320630073547, -0.2804082930088043, 1.004749059677124, 0.0012294212356209755, 0.28040510416030884, 0.1780434250831604, -0.06228558346629143, 3.7835710048675537, 1.0778323411941528, -0.0871235728263855, -0.3571867346763611, 0.5555343627929688, 5.7406723499298096e-06, -2.835877239704132e-06, 1.736465573310852, -3.814697265625e-06, -2.903863787651062e-06, 1.6212767362594604, -2.868677256628871e-06, -1.1421740055084229e-05, 0.6033935546875, 0.04908858612179756, -0.4983298182487488, -0.491817444562912, -3.516674041748047e-06, 5.960464477539062e-07, 1.7200775146484375, -3.5688281059265137e-06, -2.8461217880249023e-06, 1.6338961124420166, -3.329478204250336e-08, 7.539987564086914e-06, 0.6061097383499146, 0.03803711384534836, 0.4860984981060028, -0.06373579055070877, 4.552304744720459e-06, -9.685754776000977e-07, 0.4917300343513489, -5.960464477539063e-08, -1.6391277313232422e-07, 0.49173325300216675, 0.14979709684848785, -0.0045157670974731445, 0.2672139108181, 3.3458491088822484e-08, -1.9371509552001953e-06, 0.622875452041626, 7.3015689849853516e-06, -7.737195119261742e-06, 1.1016775369644165, -1.4901161193847656e-08, -3.166496753692627e-07, 0.7726437449455261, -0.14074483513832092, -0.019362211227416992, 0.2530272603034973, 5.960464477539062e-07, -5.066394805908203e-07, 0.5432054400444031, -4.045665264129639e-06, 3.606081008911133e-06, 1.103057861328125, 1.1295080184936523e-05, -7.724389433860779e-06, 0.8240505456924438, -0.009053096175193787, 0.023875318467617035, 0.31584158539772034, -5.960464477539063e-08, 5.960464477539063e-08, 0.3153611123561859, -0.001229453831911087, -0.2804088592529297, 1.0047495365142822, 0.0012295786291360855, 0.2804051637649536, 0.17804357409477234, -0.06221000477671623, 3.7841172218322754, 1.0778661966323853, -0.08712348341941833, -0.35718679428100586, 0.5555343627929688, 5.774199962615967e-06, -2.7585774660110474e-06, 1.7364656925201416, -3.793276846408844e-06, -2.8619542717933655e-06, 1.62127685546875, -2.86481918010395e-06, -1.142546534538269e-05, 0.6033936142921448, 0.04908871278166771, -0.498329758644104, -0.4918176233768463, -3.5688281059265137e-06, 4.172325134277344e-07, 1.720077633857727, -3.870576620101929e-06, -2.86102294921875e-06, 1.6338958740234375, 1.0943040251731873e-08, 7.62939453125e-06, 0.6061095595359802, 0.038037240505218506, 0.4860989451408386, -0.06373582035303116, 4.597008228302002e-06, -1.1175870895385742e-06, 0.49172964692115784, 5.960464477539063e-08, -4.76837158203125e-07, 0.491733193397522, 0.14979752898216248, -0.004515483975410461, 0.26721328496932983, 7.099006325006485e-07, -1.5720725059509277e-06, 0.6228748559951782, 7.361173629760742e-06, -7.434282451868057e-06, 1.101677417755127, 0.0, -3.8370490074157715e-07, 0.7726436853408813, -0.1407444030046463, -0.01936185359954834, 0.25302648544311523, 3.2782554626464844e-07, -5.960464477539062e-07, 0.5432053804397583, -3.516674041748047e-06, 3.6656856536865234e-06, 1.103058099746704, 1.1980533599853516e-05, -8.026137948036194e-06, 0.8240505456924438, -0.009052738547325134, 0.02387543022632599, 0.3158411383628845, 2.980232238769531e-07, 1.7881393432617188e-07, 0.31536149978637695, -0.001229405403137207, -0.280409574508667, 1.0047497749328613, 0.001229533925652504, 0.28040438890457153, 0.1780438870191574, -0.05959898605942726, 3.802990674972534, 1.0790340900421143, -0.08712354302406311, -0.3571864068508148, 0.5555347204208374, 5.7406723499298096e-06, -2.8228387236595154e-06, 1.736465573310852, -3.8102734833955765e-06, -2.9150396585464478e-06, 1.62127685546875, -2.8695649234578013e-06, -1.1514872312545776e-05, 0.6033935546875, 0.04908861592411995, -0.498329758644104, -0.49181729555130005, -3.553926944732666e-06, 6.556510925292969e-07, 1.720077633857727, -4.105269908905029e-06, -2.7865171432495117e-06, 1.633895993232727, -2.0326115190982819e-07, 7.584691047668457e-06, 0.6061097383499146, 0.03803715854883194, 0.4860994815826416, -0.06373573839664459, 4.455447196960449e-06, -1.0579824447631836e-06, 0.49172985553741455, -1.6391277313232422e-07, -9.387731552124023e-07, 0.4917337894439697, 0.14979740977287292, -0.004515446722507477, 0.26721423864364624, 5.098991096019745e-07, -1.691281795501709e-06, 0.6228753328323364, 7.62939453125e-06, -7.667113095521927e-06, 1.1016771793365479, 5.960464477539063e-08, -5.029141902923584e-07, 0.77264404296875, -0.14074435830116272, -0.019361376762390137, 0.25302654504776, 1.4901161193847656e-07, -7.748603820800781e-07, 0.5432053804397583, -3.919005393981934e-06, 3.7550926208496094e-06, 1.103057622909546, 1.1026859283447266e-05, -7.72811472415924e-06, 0.8240510821342468, -0.009052753448486328, 0.02387559413909912, 0.3158419132232666, 2.682209014892578e-07, -1.043081283569336e-07, 0.31536102294921875, -0.0012294836342334747, -0.2804086208343506, 1.0047494173049927, 0.0012295227497816086, 0.28040552139282227, 0.17804306745529175, -0.05691100284457207, 3.822420120239258, 1.0802363157272339, -0.08712354302406311, -0.35718637704849243, 0.555534303188324, 5.6996941566467285e-06, -2.791173756122589e-06, 1.736465334892273, -3.81888821721077e-06, -2.8581125661730766e-06, 1.6212769746780396, -2.8654903871938586e-06, -1.1488795280456543e-05, 0.6033935546875, 0.04908856749534607, -0.4983297288417816, -0.49181750416755676, -3.5762786865234375e-06, 7.152557373046875e-07, 1.7200778722763062, -3.732740879058838e-06, -2.8461217880249023e-06, 1.6338962316513062, -1.6298145055770874e-08, 7.554888725280762e-06, 0.606109619140625, 0.03803710639476776, 0.4860987961292267, -0.0637359470129013, 4.507601261138916e-06, -1.0132789611816406e-06, 0.4917295575141907, 1.341104507446289e-07, -5.960464477539062e-07, 0.4917339086532593, 0.14979760348796844, -0.004515424370765686, 0.2672143280506134, -7.112976163625717e-08, -1.944601535797119e-06, 0.6228751540184021, 7.4803829193115234e-06, -7.424503564834595e-06, 1.1016769409179688, 7.450580596923828e-08, -2.5704503059387207e-07, 0.7726439833641052, -0.14074432849884033, -0.01936185359954834, 0.25302717089653015, 0.0, -7.152557373046875e-07, 0.5432051420211792, -3.814697265625e-06, 3.6954879760742188e-06, 1.103057622909546, 1.1861324310302734e-05, -7.405877113342285e-06, 0.8240512609481812, -0.009052693843841553, 0.023875407874584198, 0.315841943025589, 3.8743019104003906e-07, 1.7881393432617188e-07, 0.3153606057167053, -0.001229550689458847, -0.280409038066864, 1.0047492980957031, 0.001229388639330864, 0.280404657125473, 0.17804338037967682, -0.05426182970404625, 3.841569185256958, 1.0814213752746582, -0.08712346851825714, -0.3571862280368805, 0.5555343627929688, 5.7220458984375e-06, -2.971850335597992e-06, 1.7364654541015625, -3.8044527173042297e-06, -2.873362973332405e-06, 1.6212767362594604, -2.870699972845614e-06, -1.1470168828964233e-05, 0.6033935546875, 0.0490887314081192, -0.4983295500278473, -0.49181753396987915, -3.896653652191162e-06, 5.066394805908203e-07, 1.7200775146484375, -3.825873136520386e-06, -2.8759241104125977e-06, 1.6338955163955688, 2.644956111907959e-07, 7.62939453125e-06, 0.606109619140625, 0.03803720325231552, 0.4860988259315491, -0.06373593211174011, 4.708766937255859e-06, -1.2516975402832031e-06, 0.4917297065258026, 4.470348358154297e-08, -3.427267074584961e-07, 0.49173372983932495, 0.14979760348796844, -0.004515074193477631, 0.26721376180648804, 6.026821210980415e-07, -2.0563602447509766e-06, 0.6228752136230469, 7.897615432739258e-06, -7.631257176399231e-06, 1.1016767024993896, 7.450580596923828e-08, -1.2665987014770508e-07, 0.7726436853408813, -0.14074432849884033, -0.019361600279808044, 0.2530268728733063, 0.0, -4.470348358154297e-07, 0.5432054400444031, -3.732740879058838e-06, 3.7103891372680664e-06, 1.1030577421188354, 1.115351915359497e-05, -7.68899917602539e-06, 0.8240512609481812, -0.009052693843841553, 0.02387591451406479, 0.3158416152000427, 1.4901161193847656e-07, 3.129243850708008e-07, 0.3153608441352844, -0.001229565590620041, -0.28040921688079834, 1.0047491788864136, 0.0012293756008148193, 0.2804049253463745, 0.17804327607154846, -0.05260702595114708, 3.8535306453704834, 1.082161545753479, -0.08712360262870789, -0.357186496257782, 0.5555343627929688, 5.7220458984375e-06, -2.948567271232605e-06, 1.7364654541015625, -3.795139491558075e-06, -2.930406481027603e-06, 1.6212767362594604, -2.9089569579809904e-06, -1.1429190635681152e-05, 0.6033935546875, 0.049088507890701294, -0.49832960963249207, -0.49181750416755676, -3.7848949432373047e-06, 5.364418029785156e-07, 1.7200775146484375, -3.6172568798065186e-06, -2.7567148208618164e-06, 1.6338961124420166, -2.468004822731018e-08, 7.659196853637695e-06, 0.6061094999313354, 0.038037072867155075, 0.4860985577106476, -0.06373579800128937, 4.723668098449707e-06, -5.21540641784668e-07, 0.49172985553741455, -5.960464477539063e-08, -3.427267074584961e-07, 0.49173402786254883, 0.14979732036590576, -0.004515208303928375, 0.2672143578529358, -1.3830140233039856e-07, -1.6838312149047852e-06, 0.6228748559951782, 7.82310962677002e-06, -7.700175046920776e-06, 1.1016771793365479, 1.4901161193847656e-08, -5.103647708892822e-07, 0.7726439237594604, -0.14074450731277466, -0.019361525774002075, 0.2530271112918854, 7.450580596923828e-07, -1.7881393432617188e-07, 0.5432053208351135, -4.075467586517334e-06, 3.889203071594238e-06, 1.1030573844909668, 1.138448715209961e-05, -7.838010787963867e-06, 0.8240504264831543, -0.009052962064743042, 0.02387562394142151, 0.31584227085113525, 1.7881393432617188e-07, 1.4901161193847656e-08, 0.3153613805770874, -0.0012294948101043701, -0.28040844202041626, 1.004749059677124, 0.0012294221669435501, 0.28040531277656555, 0.17804312705993652, -0.05195719376206398, 3.8582279682159424, 1.0824521780014038, -0.08712349832057953, -0.3571861684322357, 0.5555343627929688, 5.662441253662109e-06, -3.159046173095703e-06, 1.736465334892273, -3.7942081689834595e-06, -2.935994416475296e-06, 1.621276617050171, -2.8407266654539853e-06, -1.150369644165039e-05, 0.6033934950828552, 0.04908865690231323, -0.4983294606208801, -0.49181753396987915, -3.851950168609619e-06, 6.556510925292969e-07, 1.720077395439148, -3.762543201446533e-06, -2.913177013397217e-06, 1.6338958740234375, -1.8673017621040344e-07, 7.525086402893066e-06, 0.606109619140625, 0.03803717717528343, 0.4860987663269043, -0.0637357234954834, 4.5746564865112305e-06, -8.642673492431641e-07, 0.4917299151420593, -1.341104507446289e-07, -5.811452865600586e-07, 0.4917336702346802, 0.14979740977287292, -0.004515096545219421, 0.2672138214111328, 3.8277357816696167e-07, -2.25752592086792e-06, 0.6228750348091125, 7.778406143188477e-06, -7.6089054346084595e-06, 1.1016768217086792, -2.9802322387695312e-08, 1.1175870895385742e-08, 0.7726438641548157, -0.14074423909187317, -0.019361287355422974, 0.2530266344547272, 4.172325134277344e-07, -5.066394805908203e-07, 0.5432051420211792, -3.5017728805541992e-06, 3.6507844924926758e-06, 1.1030579805374146, 1.1488795280456543e-05, -7.838010787963867e-06, 0.8240511417388916, -0.009052813053131104, 0.023875698447227478, 0.31584155559539795, 1.1920928955078125e-07, -2.9802322387695312e-08, 0.3153611421585083, -0.0012294165790081024, -0.2804082930088043, 1.004748821258545, 0.0012295711785554886, 0.2804051637649536, 0.17804324626922607, -0.051949068903923035, 3.8582866191864014, 1.0824557542800903, -0.08712340891361237, -0.35718628764152527, 0.5555344223976135, 5.7891011238098145e-06, -2.72504985332489e-06, 1.7364656925201416, -3.809109330177307e-06, -2.8461217880249023e-06, 1.6212769746780396, -2.9174552764743567e-06, -1.1507421731948853e-05, 0.6033936142921448, 0.04908876121044159, -0.4983294606208801, -0.4918173551559448, -3.807246685028076e-06, 5.364418029785156e-07, 1.7200778722763062, -3.769993782043457e-06, -2.771615982055664e-06, 1.6338953971862793, -3.6833807826042175e-07, 7.718801498413086e-06, 0.6061095595359802, 0.038037288933992386, 0.4860987961292267, -0.06373570114374161, 4.842877388000488e-06, -7.003545761108398e-07, 0.4917295575141907, -2.384185791015625e-07, -4.76837158203125e-07, 0.49173349142074585, 0.14979730546474457, -0.004515491425991058, 0.2672133147716522, 2.1886080503463745e-07, -2.034008502960205e-06, 0.6228753924369812, 8.314847946166992e-06, -7.854774594306946e-06, 1.1016759872436523, -4.470348358154297e-08, -1.7881393432617188e-07, 0.77264404296875, -0.14074447751045227, -0.01936154067516327, 0.25302615761756897, 8.642673492431641e-07, -5.662441253662109e-07, 0.5432054400444031, -4.433095455169678e-06, 3.7103891372680664e-06, 1.1030577421188354, 1.1675059795379639e-05, -7.4803829193115234e-06, 0.824051022529602, -0.009052753448486328, 0.02387572079896927, 0.3158407211303711, 2.384185791015625e-07, -2.2351741790771484e-07, 0.31536129117012024, -0.0012295283377170563, -0.28040820360183716, 1.004749059677124, 0.0012294519692659378, 0.28040575981140137, 0.17804300785064697, -0.05220242962241173, 3.856455087661743, 1.082342505455017, -0.08712351322174072, -0.35718658566474915, 0.5555344223976135, 5.684792995452881e-06, -2.810731530189514e-06, 1.736465334892273, -3.820285201072693e-06, -2.917833626270294e-06, 1.6212769746780396, -2.8593349270522594e-06, -1.1593103408813477e-05, 0.6033934950828552, 0.04908858239650726, -0.498329758644104, -0.491817444562912, -3.725290298461914e-06, 6.258487701416016e-07, 1.7200778722763062, -3.598630428314209e-06, -2.689659595489502e-06, 1.633895754814148, -8.265487849712372e-08, 7.68899917602539e-06, 0.6061096787452698, 0.03803713619709015, 0.4860987067222595, -0.06373589485883713, 4.425644874572754e-06, -1.1175870895385742e-06, 0.4917299747467041, 1.341104507446289e-07, -7.152557373046875e-07, 0.49173417687416077, 0.14979737997055054, -0.004515267908573151, 0.2672143578529358, 4.898756742477417e-07, -2.0638108253479004e-06, 0.6228749752044678, 7.681548595428467e-06, -7.567927241325378e-06, 1.1016770601272583, 7.450580596923828e-08, 5.960464477539063e-08, 0.77264404296875, -0.1407446563243866, -0.019361570477485657, 0.25302764773368835, 2.9802322387695312e-08, -3.5762786865234375e-07, 0.5432052612304688, -3.91155481338501e-06, 3.859400749206543e-06, 1.1030577421188354, 1.1298805475234985e-05, -7.659196853637695e-06, 0.8240506649017334, -0.00905299186706543, 0.02387566864490509, 0.31584247946739197, 2.086162567138672e-07, -1.341104507446289e-07, 0.3153610825538635, -0.0012293793261051178, -0.2804095447063446, 1.0047494173049927, 0.001229638233780861, 0.2804047465324402, 0.17804332077503204, -0.0524204783141613, 3.854879140853882, 1.0822449922561646, -0.08712345361709595, -0.35718604922294617, 0.5555344820022583, 5.677342414855957e-06, -2.8721988201141357e-06, 1.7364654541015625, -3.829598426818848e-06, -2.8265640139579773e-06, 1.6212772130966187, -2.894463250413537e-06, -1.1388212442398071e-05, 0.6033935546875, 0.04908869415521622, -0.49832943081855774, -0.4918176233768463, -3.829598426818848e-06, 4.172325134277344e-07, 1.7200775146484375, -3.725290298461914e-06, -2.7492642402648926e-06, 1.633895754814148, 2.698507159948349e-07, 7.68899917602539e-06, 0.606109619140625, 0.03803721070289612, 0.4860993027687073, -0.06373590975999832, 4.51505184173584e-06, -8.493661880493164e-07, 0.4917300045490265, 1.4901161193847656e-08, -3.129243850708008e-07, 0.4917335510253906, 0.14979754388332367, -0.00451572984457016, 0.26721394062042236, 6.84056431055069e-07, -2.0638108253479004e-06, 0.6228752732276917, 7.212162017822266e-06, -7.420778274536133e-06, 1.1016770601272583, 0.0, -2.980232238769531e-07, 0.7726439833641052, -0.14074432849884033, -0.01936209201812744, 0.25302672386169434, 6.258487701416016e-07, -6.854534149169922e-07, 0.5432053208351135, -4.265457391738892e-06, 3.7550926208496094e-06, 1.1030577421188354, 1.1246651411056519e-05, -7.62939453125e-06, 0.8240504860877991, -0.00905272364616394, 0.023875057697296143, 0.31584179401397705, -2.9802322387695312e-08, -1.4901161193847656e-08, 0.3153618574142456, -0.0012294352054595947, -0.28040894865989685, 1.004749059677124, 0.0012295525521039963, 0.28040510416030884, 0.1780434250831604, -0.05242045968770981, 3.854879140853882, 1.0822449922561646, -0.08712346851825714, -0.35718604922294617, 0.5555344820022583, 5.692243576049805e-06, -2.868473529815674e-06, 1.7364654541015625, -3.840774297714233e-06, -2.825632691383362e-06, 1.6212772130966187, -2.838496584445238e-06, -1.1429190635681152e-05, 0.6033935546875, 0.04908866435289383, -0.49832943081855774, -0.4918176233768463, -3.829598426818848e-06, 4.172325134277344e-07, 1.7200775146484375, -3.725290298461914e-06, -2.7492642402648926e-06, 1.633895754814148, -1.7369166016578674e-07, 7.674098014831543e-06, 0.6061095595359802, 0.038037192076444626, 0.4860993027687073, -0.06373590230941772, 4.522502422332764e-06, -8.642673492431641e-07, 0.4917300045490265, 1.4901161193847656e-08, -3.129243850708008e-07, 0.4917335510253906, 0.14979736506938934, -0.004515349864959717, 0.26721352338790894, 3.657769411802292e-07, -2.0563602447509766e-06, 0.6228751540184021, 7.621943950653076e-06, -7.4785202741622925e-06, 1.1016770601272583, 0.0, -3.986060619354248e-07, 0.7726439833641052, -0.14074453711509705, -0.019361689686775208, 0.2530267536640167, 3.2782554626464844e-07, -7.152557373046875e-07, 0.5432052612304688, -4.8317015171051025e-06, 3.814697265625e-06, 1.1030577421188354, 1.1280179023742676e-05, -7.599592208862305e-06, 0.824050784111023, -0.009052932262420654, 0.023875460028648376, 0.31584134697914124, 5.960464477539063e-08, -5.960464477539063e-08, 0.3153613209724426, -0.0012294501066207886, -0.28040850162506104, 1.0047492980957031, 0.001229574903845787, 0.2804049849510193, 0.17804357409477234]
    q (float, 10656):  [0.038403987884521484, 0.9790220856666565, -0.14134663343429565, 0.1416403353214264, 0.1902565062046051, -0.2216666042804718, 0.9375236630439758, 0.18898636102676392, -0.4181008040904999, 0.0708087906241417, 0.060549069195985794, 0.903610348701477, 0.3916216194629669, -0.024795955047011375, 0.19132892787456512, 0.8996726870536804, 0.3930908143520355, 0.014880307018756866, 0.08343297243118286, 0.9155856966972351, 0.6451679468154907, -0.3576221764087677, 0.5393765568733215, 0.4061250686645508, -0.41473308205604553, -0.04038874804973602, -0.014754319563508034, 0.9089266061782837, 0.5080823302268982, 0.15517288446426392, -0.13353800773620605, 0.8366249799728394, 0.39321306347846985, -0.010883971117436886, -0.09010551124811172, 0.9149568676948547, -0.5892249941825867, -0.4119150638580322, -0.6280372142791748, 0.29784095287323, -0.06526051461696625, 0.01771148294210434, 0.007104787509888411, 0.9976857900619507, 0.008974291384220123, 0.017752734944224358, -0.009155900217592716, 0.9997602105140686, -0.5844382643699646, 0.44042953848838806, -0.4568665027618408, 0.5056943893432617, -0.33553874492645264, 0.10000322014093399, 0.04745205491781235, 0.9355006217956543, 0.32576775550842285, -0.4197322726249695, -0.01881825178861618, 0.8469628691673279, 0.15068474411964417, -0.34765246510505676, 0.2800622880458832, 0.8820413947105408, -0.5891514420509338, -0.47822335362434387, 0.45212969183921814, 0.46880897879600525, -0.3473992347717285, 0.03449315205216408, 0.3300093710422516, 0.8770506381988525, 0.22658610343933105, 0.315079003572464, -0.01861581578850746, 0.9214322566986084, 0.16430270671844482, 0.3950291574001312, 0.2588818073272705, 0.8659889101982117, 0.12593942880630493, 0.012699974700808525, -0.16690771281719208, 0.9778138399124146, -0.22960984706878662, 0.1371035873889923, -0.244481161236763, 0.93204665184021, 0.1356595903635025, -0.0005948027828708291, -4.430177114045364e-08, 0.9907553195953369, -0.481646865606308, 0.002111889887601137, 4.695864674886252e-08, 0.8763629198074341, 0.038244426250457764, 0.9792609810829163, -0.14197421073913574, 0.13938690721988678, 0.18927156925201416, -0.221001535654068, 0.9378272891044617, 0.18924741446971893, -0.4194137752056122, 0.07105860114097595, 0.060888659209012985, 0.9029592275619507, 0.39243456721305847, -0.025292562320828438, 0.19259381294250488, 0.8990345001220703, 0.39316877722740173, 0.014863597229123116, 0.08344337344169617, 0.9155515432357788, 0.6458522081375122, -0.356533944606781, 0.5398260354995728, 0.4053964912891388, -0.4151459038257599, -0.04040028899908066, -0.014248941093683243, 0.9087456464767456, 0.5075982213020325, 0.15579542517662048, -0.1318247765302658, 0.8370746970176697, 0.39315328001976013, -0.01086344663053751, -0.09010250866413116, 0.9149830937385559, -0.5897990465164185, -0.4115774631500244, -0.6270934343338013, 0.29915714263916016, -0.06316807121038437, 0.01783418282866478, 0.008178025484085083, 0.9978100657463074, 0.009212182834744453, 0.017653098329901695, -0.009143423289060593, 0.9997599720954895, -0.5837188363075256, 0.4391656816005707, -0.4574463963508606, 0.5070983171463013, -0.3366057574748993, 0.09938032925128937, 0.04593909531831741, 0.935259222984314, 0.32546961307525635, -0.4193759262561798, -0.018628444522619247, 0.8472581505775452, 0.1505490243434906, -0.34558433294296265, 0.27503588795661926, 0.8844556212425232, -0.5871298313140869, -0.47801461815834045, 0.4541178345680237, 0.46963560581207275, -0.3470780849456787, 0.043509673327207565, 0.32456815242767334, 0.8788055777549744, 0.2208031266927719, 0.3066501021385193, -0.018650170415639877, 0.9256694316864014, 0.16397608816623688, 0.39296913146972656, 0.2590535879135132, 0.8669361472129822, 0.12596890330314636, 0.012705299071967602, -0.16674576699733734, 0.9778375625610352, -0.2308020144701004, 0.13563410937786102, -0.2478804737329483, 0.9310687780380249, 0.13566112518310547, -0.0005952883511781693, 4.453310964436241e-08, 0.9907551407814026, -0.4816455543041229, 0.002111421898007393, -1.5362839178578724e-07, 0.8763635754585266, 0.037691280245780945, 0.9805415272712708, -0.14466963708400726, 0.1272338628768921, 0.18272440135478973, -0.21754561364650726, 0.9399929046630859, 0.18894188106060028, -0.42770788073539734, 0.07264534384012222, 0.06264669448137283, 0.8988125920295715, 0.39767542481422424, -0.028249898925423622, 0.19717969000339508, 0.8956429958343506, 0.3935539424419403, 0.014760916121304035, 0.08350682258605957, 0.915381908416748, 0.6496764421463013, -0.35091355443000793, 0.542290210723877, 0.4008759558200836, -0.41831108927726746, -0.04061826691031456, -0.011432322673499584, 0.9073231816291809, 0.5051050782203674, 0.1598288118839264, -0.1228950023651123, 0.8391785025596619, 0.39305728673934937, -0.010926857590675354, -0.08948563039302826, 0.9150841236114502, -0.5931024551391602, -0.40978023409843445, -0.6217933297157288, 0.30607643723487854, -0.052631571888923645, 0.018696477636694908, 0.014149706810712814, 0.9983386993408203, 0.010378723032772541, 0.0171770341694355, -0.009086533449590206, 0.9997573494911194, -0.5801833868026733, 0.43274787068367004, -0.46023690700531006, 0.5140998363494873, -0.342710942029953, 0.09791062027215958, 0.03891327977180481, 0.9335140585899353, 0.32343733310699463, -0.41674813628196716, -0.017550481483340263, 0.8493534326553345, 0.15119382739067078, -0.33536529541015625, 0.24689526855945587, 0.8965005874633789, -0.5775917172431946, -0.4761781394481659, 0.46343091130256653, 0.47420886158943176, -0.34627625346183777, 0.08197513967752457, 0.2976275384426117, 0.8858841061592102, 0.19627246260643005, 0.2709125280380249, -0.018741006031632423, 0.942195475101471, 0.163597971200943, 0.3758416175842285, 0.262187123298645, 0.8736342191696167, 0.12578018009662628, 0.012895549647510052, -0.16555136442184448, 0.9780622720718384, -0.23608632385730743, 0.12814147770404816, -0.2662070393562317, 0.9257304668426514, 0.13567596673965454, -0.0005994556122459471, 8.02427393864491e-07, 0.9907531142234802, -0.4816323518753052, 0.0021076712291687727, -2.008576529988204e-06, 0.8763708472251892, 0.03777134791016579, 0.9820237755775452, -0.14618907868862152, 0.11327565461397171, 0.17263779044151306, -0.2139507234096527, 0.9434335231781006, 0.18534967303276062, -0.43985944986343384, 0.07501770555973053, 0.06444291025400162, 0.8926047086715698, 0.4056072235107422, -0.03247161582112312, 0.19806230068206787, 0.8917397260665894, 0.393897145986557, 0.014617620967328548, 0.08358996361494064, 0.9152289628982544, 0.6540679335594177, -0.34529441595077515, 0.5452555418014526, 0.3945419490337372, -0.4237366318702698, -0.04113314673304558, -0.007938883267343044, 0.904816210269928, 0.5025474429130554, 0.1658148467540741, -0.1136605441570282, 0.8408524394035339, 0.3934623897075653, -0.011365647427737713, -0.08745671063661575, 0.9151008129119873, -0.5976283550262451, -0.4077385663986206, -0.6148642897605896, 0.3138974606990814, -0.04191826283931732, 0.020252030342817307, 0.02179906517267227, 0.9986778497695923, 0.011528677307069302, 0.01664023846387863, -0.009053557179868221, 0.9997540712356567, -0.5768226981163025, 0.426138311624527, -0.46282488107681274, 0.5210325121879578, -0.3510448634624481, 0.10110300779342651, 0.03339532017707825, 0.9302851557731628, 0.3198727071285248, -0.4117375612258911, -0.016101224347949028, 0.8531672954559326, 0.155827134847641, -0.32533779740333557, 0.21032650768756866, 0.9086451530456543, -0.5695671439170837, -0.4722532033920288, 0.47129735350608826, 0.4800511300563812, -0.3481921851634979, 0.10301589965820312, 0.2719561755657196, 0.8911733031272888, 0.18384751677513123, 0.25288793444633484, -0.018656520172953606, 0.9496840238571167, 0.1670040488243103, 0.33998221158981323, 0.2705663740634918, 0.8850511908531189, 0.12456014007329941, 0.013650157488882542, -0.16329310834407806, 0.9785876870155334, -0.23939958214759827, 0.12028282135725021, -0.28828901052474976, 0.9192982912063599, 0.13570867478847504, -0.000608191650826484, 1.9930644157284405e-06, 0.9907486438751221, -0.4816035032272339, 0.002099911915138364, -6.145703537185909e-06, 0.8763867020606995, 0.038255803287029266, 0.983400285243988, -0.14672724902629852, 0.09965719282627106, 0.16161799430847168, -0.21070699393749237, 0.9470012784004211, 0.1807507574558258, -0.45328062772750854, 0.07773248106241226, 0.0660194605588913, 0.8855143785476685, 0.4146411418914795, -0.03736915811896324, 0.19722463190555573, 0.8875689506530762, 0.3941649794578552, 0.01445864513516426, 0.08367399126291275, 0.9151085019111633, 0.6581310033798218, -0.3406471312046051, 0.5482556223869324, 0.387606680393219, -0.42996394634246826, -0.04173070192337036, -0.004117409233003855, 0.9018717408180237, 0.5003884434700012, 0.1724250167608261, -0.1058344691991806, 0.8418314456939697, 0.3941284418106079, -0.011965258046984673, -0.08480986207723618, 0.9150556921958923, -0.6031154990196228, -0.40553897619247437, -0.6065317392349243, 0.3223494291305542, -0.031114475801587105, 0.022428758442401886, 0.030812600627541542, 0.9987889528274536, 0.012661109678447247, 0.016001977026462555, -0.009065293706953526, 0.9997506737709045, -0.5734350681304932, 0.4194375276565552, -0.465380996465683, 0.5278872847557068, -0.36119914054870605, 0.10832498222589493, 0.029188821092247963, 0.9257153272628784, 0.31498780846595764, -0.4046851396560669, -0.014320427551865578, 0.8583749532699585, 0.16424965858459473, -0.3145394027233124, 0.1663370281457901, 0.9200103878974915, -0.5623959302902222, -0.4667711853981018, 0.4783491790294647, 0.48684456944465637, -0.35190460085868835, 0.11204473674297333, 0.24652738869190216, 0.8960097432136536, 0.1794881671667099, 0.24656130373477936, -0.01833033375442028, 0.9521846175193787, 0.1740260273218155, 0.2892475128173828, 0.2809610366821289, 0.898393988609314, 0.12245463579893112, 0.014932786114513874, -0.16013258695602417, 0.9793566465377808, -0.24073675274848938, 0.11214819550514221, -0.31340399384498596, 0.911727249622345, 0.13575127720832825, -0.0006197795155458152, 3.3765684293030063e-06, 0.9907427430152893, -0.48156583309173584, 0.002089765155687928, -1.1883919796673581e-05, 0.8764074444770813, 0.038938477635383606, 0.9844404458999634, -0.14638935029506683, 0.08905607461929321, 0.15063917636871338, -0.20892153680324554, 0.9502602815628052, 0.17511454224586487, -0.4636056423187256, 0.0800803080201149, 0.066851906478405, 0.8798794150352478, 0.42211511731147766, -0.04161662980914116, 0.19366377592086792, 0.8846362233161926, 0.39442017674446106, 0.014265050180256367, 0.083776094019413, 0.9149922728538513, 0.6615657806396484, -0.33749905228614807, 0.5508118867874146, 0.3808298110961914, -0.43713149428367615, -0.04234418272972107, -0.0007970231235958636, 0.8983998894691467, 0.49975576996803284, 0.1790381669998169, -0.10076751559972763, 0.8414484262466431, 0.39493754506111145, -0.012657145038247108, -0.08188656717538834, 0.9149638414382935, -0.609375, -0.40318235754966736, -0.5969643592834473, 0.3312699794769287, -0.020307963714003563, 0.025279955938458443, 0.04100973159074783, 0.9986324310302734, 0.013774678111076355, 0.015238413587212563, -0.009169960394501686, 0.9997469782829285, -0.5698646306991577, 0.412720650434494, -0.46797624230384827, 0.5347094535827637, -0.37285929918289185, 0.11961426585912704, 0.026257267221808434, 0.919771134853363, 0.3087742030620575, -0.3956064283847809, -0.012215090915560722, 0.8648727536201477, 0.17705698311328888, -0.3016079068183899, 0.11506589502096176, 0.9297544956207275, -0.5554357171058655, -0.4601259231567383, 0.4851515591144562, 0.494371622800827, -0.3571323752403259, 0.11378300189971924, 0.2196204960346222, 0.9007090330123901, 0.17932075262069702, 0.24600444734096527, -0.017653023824095726, 0.9523729681968689, 0.1858782321214676, 0.22690458595752716, 0.28975003957748413, 0.9110480546951294, 0.11954444646835327, 0.016779925674200058, -0.15610311925411224, 0.9803363084793091, -0.23984213173389435, 0.10390277206897736, -0.3411744236946106, 0.9029285311698914, 0.13578493893146515, -0.0006288798176683486, 4.413490842125611e-06, 0.9907381534576416, -0.4815359115600586, 0.0020817837212234735, -1.638483809074387e-05, 0.8764238953590393, 0.039265092462301254, 0.9852554798126221, -0.14625957608222961, 0.07961157709360123, 0.14027351140975952, -0.20549631118774414, 0.9536299705505371, 0.1693653017282486, -0.4755251109600067, 0.08277422934770584, 0.0672219768166542, 0.8732156157493591, 0.43001601099967957, -0.04670548439025879, 0.1899116486310959, 0.8813843727111816, 0.3945758640766144, 0.01405429933220148, 0.08389322459697723, 0.9149176478385925, 0.6652097702026367, -0.3336702287197113, 0.5530990362167358, 0.37448838353157043, -0.44550544023513794, -0.04310721531510353, 0.0028630965389311314, 0.8942362666130066, 0.5004401206970215, 0.185434952378273, -0.09623777121305466, 0.8401856422424316, 0.3957042098045349, -0.013273797929286957, -0.07908210903406143, 0.91487056016922, -0.6159523725509644, -0.40072864294052124, -0.5865725874900818, 0.34051713347435, -0.009663759730756283, 0.028678152710199356, 0.05177720636129379, 0.9982000589370728, 0.014852956868708134, 0.014371421188116074, -0.009411988779902458, 0.9997420907020569, -0.566095769405365, 0.4060538113117218, -0.4705360531806946, 0.5415273308753967, -0.38508468866348267, 0.13393010199069977, 0.024009935557842255, 0.9127957224845886, 0.30142742395401, -0.3849482834339142, -0.009827462956309319, 0.872272789478302, 0.19379711151123047, -0.285656213760376, 0.05873865261673927, 0.9366925954818726, -0.5478286147117615, -0.4531136453151703, 0.4924893081188202, 0.5020222067832947, -0.3607028126716614, 0.1132858619093895, 0.18896004557609558, 0.9062857627868652, 0.17958344519138336, 0.24568410217761993, -0.01662541925907135, 0.9524246454238892, 0.20279750227928162, 0.16193342208862305, 0.2927313446998596, 0.9203038215637207, 0.1161283552646637, 0.01915406808257103, -0.15147094428539276, 0.9814295172691345, -0.23712804913520813, 0.09583240002393723, -0.37029966711997986, 0.8930087685585022, 0.13582858443260193, -0.000640128564555198, 5.607420916931005e-06, 0.9907321333885193, -0.4814973473548889, 0.0020719869062304497, -2.197000321757514e-05, 0.8764451146125793, 0.03949321061372757, 0.9858982563018799, -0.14607460796833038, 0.07146445661783218, 0.1302361786365509, -0.20216350257396698, 0.9567066431045532, 0.16395407915115356, -0.4855775833129883, 0.08530372381210327, 0.06686963886022568, 0.867448091506958, 0.436474472284317, -0.051637616008520126, 0.18621274828910828, 0.8787197470664978, 0.39464592933654785, 0.01383687648922205, 0.08402132987976074, 0.9148790240287781, 0.6689884662628174, -0.32928869128227234, 0.5546034574508667, 0.36937570571899414, -0.4541766941547394, -0.043929215520620346, 0.006489024963229895, 0.8898043036460876, 0.502245306968689, 0.19075384736061096, -0.09133303910493851, 0.8384634256362915, 0.39633092284202576, -0.013763819821178913, -0.07670944184064865, 0.9147939682006836, -0.6224559545516968, -0.3983117938041687, -0.5757907629013062, 0.3498019278049469, 0.0007535030017606914, 0.03232869133353233, 0.06262131780385971, 0.9975133538246155, 0.01592794433236122, 0.013434587977826595, -0.009824393317103386, 0.9997345805168152, -0.5618312358856201, 0.3993733823299408, -0.4732647240161896, 0.5485135316848755, -0.3974292576313019, 0.1499880850315094, 0.021770182996988297, 0.9050301909446716, 0.2933713495731354, -0.3734651505947113, -0.007266057189553976, 0.8800024390220642, 0.21273450553417206, -0.2664538621902466, -1.6296795365633443e-05, 0.9400778412818909, -0.5390058755874634, -0.4462233781814575, 0.5010080933570862, 0.5092626214027405, -0.36309775710105896, 0.11245860159397125, 0.15600484609603882, 0.9116883277893066, 0.18053005635738373, 0.24603775143623352, -0.015395873226225376, 0.9521750211715698, 0.22496198117733002, 0.10346638411283493, 0.2920750677585602, 0.9237851500511169, 0.11266626417636871, 0.021974753588438034, -0.14652036130428314, 0.9825249314308167, -0.23281662166118622, 0.08775793761014938, -0.3994874358177185, 0.8823291659355164, 0.13587312400341034, -0.0006511822575703263, 6.78686456012656e-06, 0.9907260537147522, -0.4814579486846924, 0.0020624217577278614, -2.7546248020371422e-05, 0.8764668107032776, 0.040027916431427, 0.986470639705658, -0.14474977552890778, 0.06573381274938583, 0.12105684727430344, -0.20200133323669434, 0.9587870836257935, 0.15895919501781464, -0.4893568158149719, 0.08707115054130554, 0.06554776430130005, 0.8652467727661133, 0.43919143080711365, -0.05478963255882263, 0.18224014341831207, 0.878007709980011, 0.3946579396724701, 0.013650842942297459, 0.0841459110379219, 0.9148651361465454, 0.6728036999702454, -0.3255409300327301, 0.5543447136878967, 0.3661424517631531, -0.4616447687149048, -0.04460204020142555, 0.009407239966094494, 0.885892927646637, 0.5046706199645996, 0.19406874477863312, -0.08597183972597122, 0.8368116617202759, 0.39679592847824097, -0.014111515134572983, -0.07497913390398026, 0.9147305488586426, -0.628623366355896, -0.39610302448272705, -0.5648622512817383, 0.358978807926178, 0.010866895318031311, 0.03608990088105202, 0.07323164492845535, 0.996602475643158, 0.017014089971780777, 0.012494247406721115, -0.010403597727417946, 0.9997230172157288, -0.5568621754646301, 0.39249706268310547, -0.4762766659259796, 0.5558876991271973, -0.40959081053733826, 0.16716517508029938, 0.018845142796635628, 0.8966248035430908, 0.28475362062454224, -0.3614571690559387, -0.004608019720762968, 0.8878304362297058, 0.23314279317855835, -0.2439127117395401, -0.059662941843271255, 0.9394633173942566, -0.528532862663269, -0.43979355692863464, 0.5112492442131042, 0.5156151056289673, -0.36444783210754395, 0.11166617274284363, 0.12200368940830231, 0.9164188504219055, 0.18273891508579254, 0.24797600507736206, -0.014119031839072704, 0.9512701630592346, 0.25336721539497375, 0.05838734284043312, 0.2901664078235626, 0.9209774136543274, 0.10795244574546814, 0.02539951726794243, -0.14132502675056458, 0.9837318658828735, -0.22597862780094147, 0.07786896824836731, -0.42947787046432495, 0.8708724975585938, 0.13591036200523376, -0.0006579298060387373, 7.323187674046494e-06, 0.9907209873199463, -0.48142486810684204, 0.002056671539321542, -3.1055598810780793e-05, 0.8764849901199341, 0.04142431169748306, 0.986896812915802, -0.140907883644104, 0.0668114423751831, 0.11571551859378815, -0.20563217997550964, 0.959646999835968, 0.1529802531003952, -0.4847820997238159, 0.08738633245229721, 0.06229345127940178, 0.8680261969566345, 0.4362853169441223, -0.0536523312330246, 0.1759108603000641, 0.8808132410049438, 0.3947352468967438, 0.013518795371055603, 0.08406318724155426, 0.91484135389328, 0.6760541200637817, -0.32354915142059326, 0.5524609088897705, 0.3647651970386505, -0.46925991773605347, -0.04647349193692207, 0.010147386230528355, 0.8817780017852783, 0.5089958310127258, 0.19496862590312958, -0.08299443125724792, 0.8342795968055725, 0.3971453905105591, -0.014588702470064163, -0.07412268966436386, 0.9146412014961243, -0.6330157518386841, -0.39583873748779297, -0.5549365282058716, 0.36694467067718506, 0.020540783181786537, 0.03956356272101402, 0.08361917734146118, 0.9955002069473267, 0.017912043258547783, 0.011667490936815739, -0.011613059788942337, 0.9997040629386902, -0.5514183044433594, 0.3848735988140106, -0.47919565439224243, 0.5640760064125061, -0.42103904485702515, 0.18440495431423187, 0.014113650657236576, 0.887987494468689, 0.27525022625923157, -0.34922531247138977, -0.0023475056514143944, 0.8956972360610962, 0.25463464856147766, -0.21799468994140625, -0.11833029985427856, 0.9346857666969299, -0.5147988200187683, -0.43417397141456604, 0.5251035094261169, 0.520328164100647, -0.3672822117805481, 0.10899145901203156, 0.09144091606140137, 0.9191644191741943, 0.18956895172595978, 0.25750085711479187, -0.01215361151844263, 0.947422444820404, 0.2845326364040375, 0.0272535253316164, 0.2846769094467163, 0.9150177836418152, 0.09724940359592438, 0.030217425897717476, -0.13507243990898132, 0.9855886101722717, -0.21374984085559845, 0.061872903257608414, -0.46400216221809387, 0.8574291467666626, 0.13593873381614685, -0.0006511146202683449, 6.066613877919735e-06, 0.9907170534133911, -0.481399804353714, 0.0020628608763217926, -2.7911892175325193e-05, 0.8764986991882324, 0.04460546746850014, 0.9865722060203552, -0.13446956872940063, 0.0812625139951706, 0.12225143611431122, -0.21126653254032135, 0.9583643674850464, 0.14818522334098816, -0.47467437386512756, 0.08752962946891785, 0.060135915875434875, 0.8737313747406006, 0.4298989176750183, -0.0477791354060173, 0.1644793152809143, 0.8864821791648865, 0.39407792687416077, 0.013678331859409809, 0.08417292684316635, 0.9151122570037842, 0.6822794675827026, -0.32405033707618713, 0.5428586602210999, 0.3671383857727051, -0.47668421268463135, -0.04595237970352173, 0.010560557246208191, 0.8778092265129089, 0.5159392952919006, 0.19075779616832733, -0.0846060961484909, 0.8308188319206238, 0.3966439664363861, -0.014109661802649498, -0.0751420110464096, 0.9147831201553345, -0.6380286812782288, -0.39398854970932007, -0.5444456338882446, 0.37586086988449097, 0.02937084250152111, 0.043094489723443985, 0.0916142463684082, 0.9944280385971069, 0.019309964030981064, 0.011193941347301006, -0.011809010989964008, 0.9996811151504517, -0.5441051721572876, 0.37779712677001953, -0.48356133699417114, 0.5721778273582458, -0.4320419728755951, 0.19681259989738464, 0.004146279767155647, 0.8801064491271973, 0.26513588428497314, -0.3349411189556122, 0.0007278718403540552, 0.9041664004325867, 0.2761254608631134, -0.19076402485370636, -0.17316770553588867, 0.9259464144706726, -0.4977114498615265, -0.4285968542098999, 0.542847216129303, 0.5233592987060547, -0.3686436414718628, 0.10064615309238434, 0.06888827681541443, 0.9215349555015564, 0.2034728229045868, 0.27570465207099915, -0.010390475392341614, 0.9394028782844543, 0.30643290281295776, 0.008883778937160969, 0.25401195883750916, 0.9173319339752197, 0.08536870032548904, 0.03465791791677475, -0.13075648248195648, 0.9871240258216858, -0.20225057005882263, 0.04379623010754585, -0.4915987253189087, 0.8458766341209412, 0.1359681934118271, -0.0006355429068207741, 3.572200739654363e-06, 0.9907130599021912, -0.48137393593788147, 0.0020768626127392054, -2.046541885647457e-05, 0.8765129446983337, 0.04771417751908302, 0.9861918091773987, -0.1287159025669098, 0.09263546019792557, 0.12442588806152344, -0.22128838300704956, 0.9568752646446228, 0.1412070095539093, -0.45791518688201904, 0.08661811798810959, 0.05683663859963417, 0.8829386234283447, 0.42082613706588745, -0.04052986577153206, 0.15236490964889526, 0.8933351635932922, 0.39383482933044434, 0.013929994776844978, 0.08414895832538605, 0.9152153134346008, 0.6873694658279419, -0.3241635859012604, 0.5324409604072571, 0.37275704741477966, -0.4766721725463867, -0.04599042236804962, 0.009989559650421143, 0.8778204917907715, 0.5185595750808716, 0.18502919375896454, -0.08169689774513245, 0.8307742476463318, 0.39588117599487305, -0.013601868413388729, -0.07716450840234756, 0.9149528741836548, -0.6402391791343689, -0.3947259783744812, -0.5362228155136108, 0.38308003544807434, 0.03745518997311592, 0.04577989503741264, 0.09867264330387115, 0.9933604598045349, 0.020404765382409096, 0.011067241430282593, -0.012595058418810368, 0.9996511936187744, -0.5366311073303223, 0.3704758882522583, -0.48775598406791687, 0.5804040431976318, -0.4430387020111084, 0.20543569326400757, -0.007437778636813164, 0.872615396976471, 0.2537946403026581, -0.31998664140701294, 0.0033656577579677105, 0.9127900004386902, 0.29631471633911133, -0.1629876345396042, -0.22334669530391693, 0.9141930341720581, -0.47604069113731384, -0.4188166558742523, 0.5648480653762817, 0.528132975101471, -0.3654845952987671, 0.09274209290742874, 0.045745525509119034, 0.9250552654266357, 0.21476858854293823, 0.2911898195743561, -0.008362192660570145, 0.9322086572647095, 0.3298082649707794, 0.006058009807020426, 0.22020448744297028, 0.9179868102073669, 0.07402075827121735, 0.0391218326985836, -0.12610246241092682, 0.988477885723114, -0.19572687149047852, 0.02611265331506729, -0.5099642872810364, 0.8372249603271484, 0.13599233329296112, -0.0006211824365891516, 1.2375799087749328e-06, 0.9907097220420837, -0.4813525676727295, 0.0020898194052278996, -1.3777595086139627e-05, 0.8765246272087097, 0.05054149031639099, 0.9860652685165405, -0.12354696542024612, 0.09928233176469803, 0.11987455934286118, -0.23757168650627136, 0.9547943472862244, 0.13250510394573212, -0.43088847398757935, 0.08433356136083603, 0.05374037101864815, 0.8968472480773926, 0.4094502627849579, -0.031153259798884392, 0.14071427285671234, 0.900877058506012, 0.39197325706481934, 0.01304317731410265, 0.08377227932214737, 0.9160617589950562, 0.6916171312332153, -0.3235131800174713, 0.5205396413803101, 0.38215646147727966, -0.4678702652454376, -0.04524765908718109, 0.008836719207465649, 0.8825938701629639, 0.5162895917892456, 0.1766142100095749, -0.07237190753221512, 0.8348740935325623, 0.39484989643096924, -0.012835846282541752, -0.08004631847143173, 0.9151619672775269, -0.6406151652336121, -0.3966943919658661, -0.5296965837478638, 0.3894449770450592, 0.04456884041428566, 0.04760738089680672, 0.10381032526493073, 0.99245685338974, 0.021369632333517075, 0.011497166007757187, -0.013523662462830544, 0.9996140599250793, -0.5285245180130005, 0.3636796474456787, -0.49235615134239197, 0.5882044434547424, -0.4552287459373474, 0.21161781251430511, -0.019626371562480927, 0.8646383881568909, 0.24180413782596588, -0.30431807041168213, 0.005862103309482336, 0.9213505983352661, 0.31468138098716736, -0.13617956638336182, -0.2675139307975769, 0.9004815816879272, -0.45162907242774963, -0.4040010869503021, 0.5887173414230347, 0.5350010991096497, -0.356855183839798, 0.0864766389131546, 0.021553829312324524, 0.929898738861084, 0.22882753610610962, 0.31086480617523193, -0.006357224192470312, 0.922475278377533, 0.3555048108100891, 0.014676986262202263, 0.19417999684810638, 0.9141635894775391, 0.0633544772863388, 0.04329420626163483, -0.12216103821992874, 0.9895395636558533, -0.19203704595565796, 0.010806570760905743, -0.522914469242096, 0.8304007649421692, 0.13600051403045654, -0.0006085355998948216, -7.388848075606802e-07, 0.990708589553833, -0.4813452959060669, 0.002101185033097863, -7.838088095013518e-06, 0.8765285611152649, 0.05338974669575691, 0.9860783219337463, -0.11909015476703644, 0.10303722321987152, 0.11155015230178833, -0.25627896189689636, 0.9518216848373413, 0.12614750862121582, -0.3978690803050995, 0.08022405207157135, 0.05309384688735008, 0.9123844504356384, 0.40555340051651, -0.0168056208640337, 0.13786330819129944, 0.9034587740898132, 0.3831048011779785, 0.007648048922419548, 0.08240724354982376, 0.919989824295044, 0.6942114233970642, -0.32201504707336426, 0.5073189735412598, 0.3962375521659851, -0.4516542851924896, -0.043952278792858124, 0.007138759829103947, 0.8910811543464661, 0.5106867551803589, 0.16538302600383759, -0.05809447914361954, 0.8417081236839294, 0.39360833168029785, -0.01190243847668171, -0.08360281586647034, 0.9153913855552673, -0.6393468976020813, -0.39974072575569153, -0.5247415900230408, 0.3950812816619873, 0.05026109144091606, 0.048199426382780075, 0.10601481795310974, 0.9919231534004211, 0.022130001336336136, 0.012868355959653854, -0.01457416545599699, 0.9995660185813904, -0.5195214152336121, 0.35758069157600403, -0.49781686067581177, 0.5953250527381897, -0.47299888730049133, 0.22564388811588287, -0.026831209659576416, 0.8512561321258545, 0.23115044832229614, -0.2896755635738373, 0.007703185547143221, 0.9287616610527039, 0.33044347167015076, -0.11295474320650101, -0.303141325712204, 0.8866530656814575, -0.4255536198616028, -0.38492727279663086, 0.6132070422172546, 0.5428740978240967, -0.34005317091941833, 0.07992951571941376, -0.006534907966852188, 0.9369804859161377, 0.246029794216156, 0.33465948700904846, -0.004468329716473818, 0.9096441268920898, 0.38044026494026184, 0.03040231019258499, 0.1895826756954193, 0.9046542644500732, 0.05385212227702141, 0.0468415692448616, -0.119392529129982, 0.990278422832489, -0.19073694944381714, -0.0022974847815930843, -0.5301252007484436, 0.826184868812561, 0.13597635924816132, -0.0005998351844027638, -1.9816334315692075e-06, 0.9907119274139404, -0.4813666343688965, 0.0021089324727654457, -3.723093641383457e-06, 0.8765168190002441, 0.05692094564437866, 0.9858511686325073, -0.1155601516366005, 0.10725396126508713, 0.09925210475921631, -0.2825958728790283, 0.946129322052002, 0.12299571931362152, -0.3509376645088196, 0.07319238781929016, 0.05188051611185074, 0.932091236114502, 0.3991372287273407, -0.0023331865668296814, 0.1366005688905716, 0.9066556096076965, 0.3818844258785248, 0.0075606293976306915, 0.08466526865959167, 0.920292854309082, 0.6944591403007507, -0.32179272174835205, 0.491780549287796, 0.4151238799095154, -0.4290073812007904, -0.04211459681391716, 0.004857331048697233, 0.9023056626319885, 0.5031927227973938, 0.1531457006931305, -0.04225245118141174, 0.8494458794593811, 0.39228978753089905, -0.010813886299729347, -0.08774932473897934, 0.9155828356742859, -0.6361793875694275, -0.40492260456085205, -0.5217330455780029, 0.3988837003707886, 0.053643010556697845, 0.04795638099312782, 0.1055075079202652, 0.9918118715286255, 0.02271057292819023, 0.01490586157888174, -0.015592006035149097, 0.999509334564209, -0.5103441476821899, 0.3519454598426819, -0.5034942030906677, 0.6018112897872925, -0.4945927858352661, 0.24589702486991882, -0.028163885697722435, 0.8331382870674133, 0.22211207449436188, -0.27632543444633484, 0.008923310786485672, 0.9350031614303589, 0.34308576583862305, -0.09597361087799072, -0.3290097415447235, 0.8745477795600891, -0.4004126489162445, -0.3659266233444214, 0.6362907886505127, 0.5485448837280273, -0.31577304005622864, 0.0712495818734169, -0.04007454216480255, 0.9453068375587463, 0.26238465309143066, 0.3563424348831177, -0.002343944273889065, 0.8967546820640564, 0.40911462903022766, 0.048933133482933044, 0.18518276512622833, 0.8921536207199097, 0.045890819281339645, 0.04982219263911247, -0.11729979515075684, 0.9907838106155396, -0.19179685413837433, -0.013469906523823738, -0.5295611023902893, 0.8261946439743042, 0.13590817153453827, -0.0005886693252250552, -3.019428049810813e-06, 0.9907212853431702, -0.4814269542694092, 0.002118569565936923, 1.942372591656749e-06, 0.8764836192131042, 0.061298664659261703, 0.9852606058120728, -0.11251983791589737, 0.1133284941315651, 0.08334944397211075, -0.3139699399471283, 0.9378537535667419, 0.12209032475948334, -0.29687070846557617, 0.06416789442300797, 0.0497649610042572, 0.951458752155304, 0.39274877309799194, 0.009496530517935753, 0.13452894985675812, 0.9097033739089966, 0.3860584795475006, 0.011103780940175056, 0.08918234705924988, 0.9180861115455627, 0.6933735609054565, -0.3225858807563782, 0.4741225838661194, 0.43632474541664124, -0.4043048024177551, -0.040234874933958054, 0.002566084498539567, 0.9137353301048279, 0.4957848787307739, 0.1412443071603775, -0.02669498138129711, 0.8564664721488953, 0.39089345932006836, -0.009619861841201782, -0.09229481220245361, 0.9157463908195496, -0.6307117342948914, -0.41347190737724304, -0.5209183692932129, 0.39985981583595276, 0.0537886917591095, 0.04728902876377106, 0.10250360518693924, 0.9921509623527527, 0.02310899645090103, 0.017454728484153748, -0.016429811716079712, 0.9994454979896545, -0.5013425946235657, 0.3464123606681824, -0.5090977549552917, 0.6078434586524963, -0.5185713171958923, 0.2666337788105011, -0.024094825610518456, 0.8120404481887817, 0.21387533843517303, -0.2632932960987091, 0.009684263728559017, 0.9406594634056091, 0.34942135214805603, -0.08962483704090118, -0.3422945737838745, 0.867586612701416, -0.37780147790908813, -0.34766650199890137, 0.6563273072242737, 0.5528367757797241, -0.28435996174812317, 0.06287374347448349, -0.07845942676067352, 0.9534308910369873, 0.2768628001213074, 0.37432995438575745, 2.059644612018019e-05, 0.8849995136260986, 0.43273475766181946, 0.06442134082317352, 0.18183939158916473, 0.8806389570236206, 0.03949052467942238, 0.0523986853659153, -0.11545544862747192, 0.9911432266235352, -0.19484864175319672, -0.02180507965385914, -0.5193344950675964, 0.8317753672599792, 0.13581007719039917, -0.000572624325286597, -4.198179794911994e-06, 0.9907347559928894, -0.4815136790275574, 0.002132191089913249, 1.0329775250284001e-05, 0.8764359951019287, 0.06628786772489548, 0.9843429923057556, -0.11107311397790909, 0.11973992735147476, 0.06750088185071945, -0.3366020917892456, 0.9315651655197144, 0.11970371752977371, -0.2554411292076111, 0.05625631660223007, 0.047134581953287125, 0.964034914970398, 0.39238274097442627, 0.018450982868671417, 0.13175946474075317, 0.9101290106773376, 0.39299264550209045, 0.016340089961886406, 0.09482655674219131, 0.9144931435585022, 0.6905571222305298, -0.32297396659851074, 0.45744267106056213, 0.4577826261520386, -0.38096097111701965, -0.039765842258930206, -8.426092244917527e-05, 0.9237356185913086, 0.4894084930419922, 0.13119088113307953, -0.011815992183983326, 0.8620491623878479, 0.3893487751483917, -0.008681103587150574, -0.09715421497821808, 0.9159111380577087, -0.6217041611671448, -0.4267702102661133, -0.5233914852142334, 0.39675259590148926, 0.051029544323682785, 0.0461784303188324, 0.09708155691623688, 0.9928941130638123, 0.02329416014254093, 0.019389694556593895, -0.018048519268631935, 0.9993776679039001, -0.4940508306026459, 0.3414272964000702, -0.5135217308998108, 0.6128920316696167, -0.5436482429504395, 0.28643256425857544, -0.014093548059463501, 0.7887993454933167, 0.2055254578590393, -0.2504728138446808, 0.009983682073652744, 0.9460036754608154, 0.3429698944091797, -0.10019353777170181, -0.339243620634079, 0.8701992034912109, -0.3571524918079376, -0.33061665296554565, 0.673963725566864, 0.5557945966720581, -0.24753223359584808, 0.05573280155658722, -0.12028633803129196, 0.9597671031951904, 0.2880663275718689, 0.38840773701667786, 0.004490462131798267, 0.8752925992012024, 0.44617289304733276, 0.07101625204086304, 0.17950256168842316, 0.8738794922828674, 0.03486238047480583, 0.05566646531224251, -0.11316775530576706, 0.9914025068283081, -0.19676578044891357, -0.028838369995355606, -0.5012446641921997, 0.8421433568000793, 0.13572248816490173, -0.0005535350064747036, -5.452594450616743e-06, 0.9907467365264893, -0.48159104585647583, 0.0021482924930751324, 2.043260792561341e-05, 0.8763934969902039, 0.07269225269556046, 0.982258677482605, -0.11140176653862, 0.13218697905540466, 0.06411471217870712, -0.3370337188243866, 0.932104766368866, 0.11609621345996857, -0.25298115611076355, 0.05561207979917526, 0.047063738107681274, 0.9647242426872253, 0.4089857041835785, 0.02289130911231041, 0.12695303559303284, 0.9033768177032471, 0.39791926741600037, 0.02057500369846821, 0.09995830059051514, 0.9117265343666077, 0.6869861483573914, -0.3234153687953949, 0.4361347258090973, 0.4829482436180115, -0.35563644766807556, -0.03786422684788704, -0.0019468460232019424, 0.9338550567626953, 0.4832570254802704, 0.1206158697605133, 0.00044015207095071673, 0.867129921913147, 0.38768619298934937, -0.0071756416000425816, -0.10245212912559509, 0.9160521030426025, -0.6119006872177124, -0.440486341714859, -0.5274448394775391, 0.39160093665122986, 0.04596683755517006, 0.04404626041650772, 0.0865415558218956, 0.9942120313644409, 0.023495571687817574, 0.02231365442276001, -0.01805984228849411, 0.9993117451667786, -0.486360639333725, 0.33968642354011536, -0.5201402306556702, 0.6144270896911621, -0.5682855248451233, 0.30012091994285583, -0.00016494163719471544, 0.7661455273628235, 0.1970081478357315, -0.2356489896774292, 0.010157901793718338, 0.9516061544418335, 0.3214450776576996, -0.12202700972557068, -0.3228715658187866, 0.8817803263664246, -0.3417171835899353, -0.3174374997615814, 0.6867439150810242, 0.5575352907180786, -0.20208704471588135, 0.05354401096701622, -0.1620195508003235, 0.9643876552581787, 0.2974652349948883, 0.39676544070243835, 0.007408182602375746, 0.8683528900146484, 0.44414016604423523, 0.06818517297506332, 0.1746862530708313, 0.8761135935783386, 0.03287031129002571, 0.05598830431699753, -0.11488690227270126, 0.9912546873092651, -0.19753552973270416, -0.029790235683321953, -0.4730459153652191, 0.8580908179283142, 0.13572187721729279, -0.0005539740086533129, -5.4756169447500724e-06, 0.9907468557357788, -0.4815918505191803, 0.002147904597222805, 2.020201827690471e-05, 0.8763930201530457, 0.07894175499677658, 0.9787630438804626, -0.11362473666667938, 0.151263028383255, 0.06455502659082413, -0.3288781940937042, 0.9354123473167419, 0.11258544027805328, -0.2607210874557495, 0.056201010942459106, 0.047494929283857346, 0.9626059532165527, 0.42877399921417236, 0.02313126064836979, 0.11874722689390182, 0.8952747583389282, 0.3960088789463043, 0.019535131752490997, 0.1020880788564682, 0.9123449921607971, 0.682486891746521, -0.3232034146785736, 0.41220709681510925, 0.5097416043281555, -0.3351949453353882, -0.03606167808175087, -0.003318016417324543, 0.9414525628089905, 0.48269790410995483, 0.11133354157209396, 0.00831565260887146, 0.86864173412323, 0.3861153721809387, -0.0053774649277329445, -0.10799136757850647, 0.9160916805267334, -0.6021135449409485, -0.45340093970298767, -0.5325280427932739, 0.3850984275341034, 0.04016381874680519, 0.04115597903728485, 0.07322573661804199, 0.9956561326980591, 0.02352389693260193, 0.0256461501121521, -0.017296403646469116, 0.9992446303367615, -0.47815075516700745, 0.33902832865715027, -0.5276167392730713, 0.6148595213890076, -0.593453586101532, 0.31505298614501953, 0.0192042775452137, 0.7403956055641174, 0.18957111239433289, -0.2213122546672821, 0.010429535992443562, 0.9565432071685791, 0.29489293694496155, -0.14119713008403778, -0.3047807812690735, 0.8945446610450745, -0.32995638251304626, -0.30903488397598267, 0.6970059275627136, 0.55660480260849, -0.1571638435125351, 0.060623060911893845, -0.21067708730697632, 0.9629327654838562, 0.3100931644439697, 0.40744325518608093, 0.010076622478663921, 0.8589125275611877, 0.4282713234424591, 0.07034160941839218, 0.17423172295093536, 0.8838999271392822, 0.034211769700050354, 0.05496950447559357, -0.11835154891014099, 0.9908586740493774, -0.19658367335796356, -0.02497854456305504, -0.44038257002830505, 0.8756678104400635, 0.13572092354297638, -0.0005564170423895121, -5.127224994794233e-06, 0.9907469749450684, -0.48159259557724, 0.002145787002518773, 1.8950791854877025e-05, 0.8763926029205322, 0.0854891762137413, 0.9733735918998718, -0.1173638328909874, 0.17737306654453278, 0.06740885972976685, -0.3138940632343292, 0.9411135911941528, 0.10598040372133255, -0.27505967020988464, 0.057095710188150406, 0.04627063497900963, 0.9586142301559448, 0.44683384895324707, 0.02155262604355812, 0.10546953231096268, 0.8881166577339172, 0.38872677087783813, 0.014701912179589272, 0.10117242485284805, 0.9156634211540222, 0.6759868860244751, -0.3234221637248993, 0.3897274434566498, 0.5353057384490967, -0.3226498067378998, -0.03606696054339409, -0.006273897364735603, 0.9458101987838745, 0.4884070158004761, 0.10408533364534378, 0.008664531633257866, 0.8663427829742432, 0.3846082389354706, -0.003981121350079775, -0.11374831199645996, 0.9160360097885132, -0.5903663039207458, -0.46715471148490906, -0.5392956733703613, 0.3773518204689026, 0.03466321527957916, 0.03929132595658302, 0.058973200619220734, 0.9968835711479187, 0.02399131841957569, 0.02745954319834709, -0.01838056743144989, 0.999165952205658, -0.4731700122356415, 0.3392883241176605, -0.5327871441841125, 0.6141102910041809, -0.6161806583404541, 0.32441696524620056, 0.04056527838110924, 0.7165399789810181, 0.18492069840431213, -0.2123362272977829, 0.010007417760789394, 0.9594882130622864, 0.2677694261074066, -0.15899020433425903, -0.29032593965530396, 0.9048383831977844, -0.3184698224067688, -0.30046531558036804, 0.7073322534561157, 0.5549582242965698, -0.1354592740535736, 0.06830383092164993, -0.2568948566913605, 0.9544581770896912, 0.33020469546318054, 0.4338938593864441, 0.015712052583694458, 0.8381253480911255, 0.39829936623573303, 0.060345642268657684, 0.1750308722257614, 0.8983764052391052, 0.0373934768140316, 0.05636853352189064, -0.12104098498821259, 0.9903400540351868, -0.19579805433750153, -0.0158112570643425, -0.40481874346733093, 0.893048107624054, 0.13572163879871368, -0.0005608093342743814, -4.430787612363929e-06, 0.9907468557357788, -0.4815921485424042, 0.002141868695616722, 1.6958132619038224e-05, 0.8763929009437561, 0.09242919832468033, 0.9644669890403748, -0.12162356078624725, 0.21556441485881805, 0.0792965516448021, -0.2975549101829529, 0.9460394382476807, 0.1009088084101677, -0.28676414489746094, 0.057735245674848557, 0.044439200311899185, 0.9552267789840698, 0.45037388801574707, 0.0223543643951416, 0.08952157199382782, 0.8880594372749329, 0.38313162326812744, 0.009872241877019405, 0.09901277720928192, 0.9183186888694763, 0.6707878708839417, -0.3228816092014313, 0.36520087718963623, 0.5589449405670166, -0.3198885917663574, -0.03641330450773239, -0.00917600467801094, 0.9467107057571411, 0.500091016292572, 0.09781572222709656, -0.0014183910097926855, 0.860429584980011, 0.3832002878189087, -0.00230357120744884, -0.11963390558958054, 0.9158820509910583, -0.5793843865394592, -0.47812288999557495, -0.5461597442626953, 0.3707045316696167, 0.030047370120882988, 0.03906362131237984, 0.04163419455289841, 0.9979167580604553, 0.024527041241526604, 0.029812105000019073, -0.019313450902700424, 0.9990679025650024, -0.46864333748817444, 0.3433849513530731, -0.5389556288719177, 0.6099074482917786, -0.6372188925743103, 0.31914952397346497, 0.054823026061058044, 0.6993498206138611, 0.19396820664405823, -0.22241060435771942, 0.00844351202249527, 0.9554258584976196, 0.2439228594303131, -0.17860086262226105, -0.2820541262626648, 0.9105212092399597, -0.30737072229385376, -0.28629589080810547, 0.7139570116996765, 0.5601992607116699, -0.1404348760843277, 0.07918310910463333, -0.29726463556289673, 0.9410854578018188, 0.3627404570579529, 0.47850313782691956, 0.021524474024772644, 0.7993690371513367, 0.34800755977630615, 0.042780909687280655, 0.17683787643909454, 0.9196678400039673, 0.04276328533887863, 0.05763842910528183, -0.12694977223873138, 0.9893093109130859, -0.19591501355171204, -0.0019054502481594682, -0.36590737104415894, 0.9097942113876343, 0.13572989404201508, -0.000565728812944144, -3.912366992153693e-06, 0.9907457232475281, -0.481584757566452, 0.0021375182550400496, 1.4399206520465668e-05, 0.8763969540596008, 0.09842826426029205, 0.9477518796920776, -0.13027994334697723, 0.27405357360839844, 0.10714812576770782, -0.2799718677997589, 0.9492090344429016, 0.09558884054422379, -0.2875589430332184, 0.0572378970682621, 0.0403902605175972, 0.9551975131034851, 0.4265589714050293, 0.02944687195122242, 0.06823906302452087, 0.9014009833335876, 0.3928617238998413, 0.0035255062393844128, 0.09949690103530884, 0.9141923189163208, 0.6601011157035828, -0.32458633184432983, 0.3356441259384155, 0.5884328484535217, -0.2822817862033844, -0.03203633427619934, -0.011038481257855892, 0.9587329626083374, 0.48481616377830505, 0.08897843211889267, -0.0339907705783844, 0.8694140315055847, 0.38231948018074036, -0.0003033367684110999, -0.12569725513458252, 0.9154408574104309, -0.5697550177574158, -0.4853582978248596, -0.5531940460205078, 0.36576342582702637, 0.027283214032649994, 0.04111293703317642, 0.02056827023625374, 0.9985701441764832, 0.025114212185144424, 0.03285113349556923, -0.020944274961948395, 0.9989251494407654, -0.46408358216285706, 0.3525314927101135, -0.5463442206382751, 0.6015447378158569, -0.6577914953231812, 0.2982259690761566, 0.05564989522099495, 0.6894016861915588, 0.24325835704803467, -0.2879627048969269, 0.002511480823159218, 0.9262270331382751, 0.22917793691158295, -0.20372407138347626, -0.2869080603122711, 0.9075559377670288, -0.30766695737838745, -0.2670568525791168, 0.7003294229507446, 0.5861402750015259, -0.15813182294368744, 0.10260158777236938, -0.3308873474597931, 0.9246517419815063, 0.4028407633304596, 0.5372682809829712, 0.024705130606889725, 0.74057537317276, 0.2734626531600952, 0.0418221540749073, 0.18949668109416962, 0.9421041011810303, 0.05104907602071762, 0.05862145125865936, -0.13645820319652557, 0.9875913262367249, -0.19782833755016327, 0.011064765974879265, -0.32221606373786926, 0.9256988167762756, 0.13568738102912903, -0.0005907837767153978, -4.7283552362387127e-07, 0.9907515048980713, -0.4816221296787262, 0.0021153977140784264, 2.1619905510306126e-06, 0.8763764500617981, 0.10465032607316971, 0.9223085045814514, -0.1416454017162323, 0.343994140625, 0.14086656272411346, -0.2631807327270508, 0.9505385160446167, 0.08584354817867279, -0.2841077744960785, 0.05621860548853874, 0.03531183302402496, 0.9564911723136902, 0.39466914534568787, 0.03852612152695656, 0.03682638704776764, 0.9172763228416443, 0.40648147463798523, 0.0013224203139543533, 0.10198695212602615, 0.9079480767250061, 0.6441707015037537, -0.33108773827552795, 0.2993132174015045, 0.6211575269699097, -0.24533683061599731, -0.027376003563404083, -0.010583657771348953, 0.9689934849739075, 0.47274792194366455, 0.08609272539615631, -0.08187027275562286, 0.8731521964073181, 0.38140052556991577, 0.0020666506607085466, -0.13190366327762604, 0.9149485230445862, -0.5605642795562744, -0.4900551438331604, -0.5620482563972473, 0.3601604700088501, 0.024319831281900406, 0.04642418771982193, -0.006811245810240507, 0.998602569103241, 0.02584892138838768, 0.035484980791807175, -0.0231127068400383, 0.9987684488296509, -0.4604598879814148, 0.3665957450866699, -0.5541576743125916, 0.5886369943618774, -0.6775435209274292, 0.24825629591941833, 0.0465543195605278, 0.6907505989074707, 0.3311218023300171, -0.40769851207733154, -0.007824924774467945, 0.8509283661842346, 0.22326181828975677, -0.23395460844039917, -0.3035624027252197, 0.8962529301643372, -0.3343594968318939, -0.2547597885131836, 0.6512136459350586, 0.6318401098251343, -0.16615359485149384, 0.13812129199504852, -0.3504863977432251, 0.9113038778305054, 0.42679813504219055, 0.5801091194152832, 0.021623939275741577, 0.6934329867362976, 0.21152524650096893, 0.0768951028585434, 0.18355341255664825, 0.9568972587585449, 0.061424776911735535, 0.06000624597072601, -0.1520557552576065, 0.9846345782279968, -0.20413857698440552, 0.008385284803807735, -0.25548118352890015, 0.9449796676635742, 0.13566404581069946, -0.0005951637867838144, 5.099571964706229e-08, 0.9907547235488892, -0.48164287209510803, 0.0021115990821272135, -1.2367296164939034e-07, 0.876365065574646, 0.10575160384178162, 0.8959941864013672, -0.15304435789585114, 0.40322256088256836, 0.17084823548793793, -0.24983462691307068, 0.9498682022094727, 0.07838339358568192, -0.2794322669506073, 0.054935526102781296, 0.03153235837817192, 0.9580737948417664, 0.36228927969932556, 0.04718703031539917, 0.01458662748336792, 0.9307562112808228, 0.41666311025619507, 0.006989600136876106, 0.10484384000301361, 0.9029677510261536, 0.6300973296165466, -0.33432909846305847, 0.2675269842147827, 0.6477891206741333, -0.22006981074810028, -0.023390259593725204, -0.00948251225054264, 0.9751575589179993, 0.4679225981235504, 0.0833480954170227, -0.12511228024959564, 0.8708894848823547, 0.3788619339466095, 0.005583478603512049, -0.14009934663772583, 0.9147703051567078, -0.551385223865509, -0.4922420382499695, -0.5737160444259644, 0.3528769016265869, 0.0186461228877306, 0.0547974556684494, -0.03966347500681877, 0.9975351691246033, 0.026161976158618927, 0.0373353585600853, -0.02438279055058956, 0.9986626505851746, -0.4571026563644409, 0.38287270069122314, -0.5623621940612793, 0.572900116443634, -0.6966232657432556, 0.16147541999816895, 0.029877664521336555, 0.6983903050422668, 0.41561242938041687, -0.5235291719436646, -0.016561605036258698, 0.7435786724090576, 0.22185726463794708, -0.26515549421310425, -0.323809415102005, 0.8806925415992737, -0.3654405176639557, -0.24067422747612, 0.5896095037460327, 0.6788886785507202, -0.1889667958021164, 0.16240698099136353, -0.3469538986682892, 0.9041783809661865, 0.4288778603076935, 0.5955126881599426, 0.01527695544064045, 0.6791133880615234, 0.21301625669002533, 0.09290003776550293, 0.1868588775396347, 0.9545037746429443, 0.07034198194742203, 0.06288319081068039, -0.17430870234966278, 0.9801602959632874, -0.21232447028160095, 0.004039316903799772, -0.17618761956691742, 0.961176335811615, 0.13565948605537415, -0.000594787357840687, 3.196042897002371e-08, 0.9907553791999817, -0.4816468060016632, 0.0021118561271578074, 9.49800060823236e-09, 0.8763629198074341, 0.09865091741085052, 0.8698867559432983, -0.16315151751041412, 0.4549137353897095, 0.2030407190322876, -0.2410036027431488, 0.9466776251792908, 0.06703144311904907, -0.2799763083457947, 0.054110024124383926, 0.027764353901147842, 0.9580785632133484, 0.34045568108558655, 0.0547163225710392, -0.0029683627653867006, 0.9386624693870544, 0.426760196685791, 0.006754559930413961, 0.10810311883687973, 0.8978551030158997, 0.6158827543258667, -0.34027788043022156, 0.2561941146850586, 0.6627699732780457, -0.20898182690143585, -0.02092917263507843, -0.009504937566816807, 0.9776493310928345, 0.4695022404193878, 0.07380850613117218, -0.16415174305438995, 0.8643923401832581, 0.37854909896850586, 0.007462139241397381, -0.15490283071994781, 0.9124966263771057, -0.5427273511886597, -0.49289193749427795, -0.5866304636001587, 0.344048410654068, 0.008754905313253403, 0.06491327285766602, -0.07385242730379105, 0.9951158165931702, 0.026067594066262245, 0.036997728049755096, -0.024915704503655434, 0.9986645579338074, -0.45513221621513367, 0.3971896469593048, -0.569479763507843, 0.5574834942817688, -0.7031781077384949, 0.034097664058208466, 0.006021581124514341, 0.7101701498031616, 0.4757997691631317, -0.6075001358985901, -0.022225242108106613, 0.6356604099273682, 0.2269580364227295, -0.29064813256263733, -0.34571024775505066, 0.8628430962562561, -0.39607447385787964, -0.2246669977903366, 0.5266805291175842, 0.7178143262863159, -0.2303643822669983, 0.15270261466503143, -0.3324391841888428, 0.9017196893692017, 0.4008041024208069, 0.5644491910934448, 0.009021079167723656, 0.721575915813446, 0.3095630705356598, 0.0766897052526474, 0.17948196828365326, 0.9306318759918213, 0.07412953674793243, 0.0685584619641304, -0.198953315615654, 0.9747933745384216, -0.22023628652095795, -0.001153080607764423, -0.08500122278928757, 0.9717352986335754, 0.13565942645072937, -0.0005947949248366058, -7.520100986369016e-09, 0.9907553791999817, -0.48164695501327515, 0.0021119010634720325, -9.365162156882434e-08, 0.8763628005981445, 0.08668484538793564, 0.8416422009468079, -0.17254506051540375, 0.5043336153030396, 0.24098815023899078, -0.2308197170495987, 0.9413579106330872, 0.04992268607020378, -0.3036828637123108, 0.05604216083884239, 0.023640098050236702, 0.9508297443389893, 0.3563961088657379, 0.051526281982660294, -0.0270850732922554, 0.9325198531150818, 0.42839720845222473, 0.005139944609254599, 0.10955964028835297, 0.8969091773033142, 0.5970272421836853, -0.36425623297691345, 0.29023122787475586, 0.6531781554222107, -0.24671003222465515, -0.024502059444785118, -0.01240825466811657, 0.968700110912323, 0.48212718963623047, 0.06289015710353851, -0.17449842393398285, 0.8562409281730652, 0.4069581925868988, 0.008287426084280014, -0.17058859765529633, 0.8973382115364075, -0.5386340618133545, -0.4913007915019989, -0.5971900224685669, 0.3344564735889435, -0.005606432445347309, 0.07488182187080383, -0.10382742434740067, 0.9917566180229187, 0.02538764290511608, 0.03369820863008499, -0.023068059235811234, 0.998843252658844, -0.45465999841690063, 0.4063456058502197, -0.5747029781341553, 0.5457876324653625, -0.6856529712677002, -0.1277226358652115, 0.013518637977540493, 0.7165083289146423, 0.493071585893631, -0.632919192314148, -0.025942347943782806, 0.5963394641876221, 0.24333693087100983, -0.3056269586086273, -0.35900259017944336, 0.8476417064666748, -0.42995503544807434, -0.20996326208114624, 0.46669551730155945, 0.7438073754310608, -0.26932159066200256, 0.11840976029634476, -0.32191357016563416, 0.899898111820221, 0.33501094579696655, 0.47206032276153564, 0.004005623050034046, 0.8154205679893494, 0.3762665092945099, 0.12753476202487946, 0.07197201997041702, 0.914865255355835, 0.07256991416215897, 0.07660378515720367, -0.22092889249324799, 0.9695647954940796, -0.22584675252437592, -0.012444720603525639, 0.021114254370331764, 0.9738545417785645, 0.13565948605537415, -0.0005947610479779541, -2.2563975576872508e-08, 0.9907553791999817, -0.48164698481559753, 0.0021118647418916225, -2.1320689214121558e-08, 0.8763628005981445, 0.07356550544500351, 0.8110794425010681, -0.18367379903793335, 0.5504563450813293, 0.2838367819786072, -0.23374086618423462, 0.9277233481407166, 0.06427546590566635, -0.29947227239608765, 0.05465484410524368, 0.02083466574549675, 0.9523103833198547, 0.3602660894393921, 0.046292055398225784, -0.028222564607858658, 0.9312726855278015, 0.42744991183280945, 0.005004958249628544, 0.11001922190189362, 0.8973056077957153, 0.5790324807167053, -0.38366276025772095, 0.3395257592201233, 0.6342291831970215, -0.3000318706035614, -0.030161892995238304, -0.013928347267210484, 0.9533504843711853, 0.457676500082016, 0.04078071191906929, -0.17479746043682098, 0.8708128333091736, 0.4740939438343048, 0.0507575161755085, -0.14919744431972504, 0.8662555813789368, -0.5387694239616394, -0.48713937401771545, -0.6063202619552612, 0.32372617721557617, -0.022974397987127304, 0.08183178305625916, -0.12504082918167114, 0.9885042309761047, 0.02414638176560402, 0.03077889233827591, -0.020893068984150887, 0.9990160465240479, -0.4541967809200287, 0.40871939063072205, -0.5788328051567078, 0.5400059223175049, -0.6714830994606018, -0.25064802169799805, 0.05403851717710495, 0.6952452063560486, 0.4970283806324005, -0.6341841220855713, -0.030844295397400856, 0.5914573669433594, 0.2600175142288208, -0.3184443414211273, -0.33062779903411865, 0.8495112657546997, -0.46367892622947693, -0.20129750669002533, 0.41991370916366577, 0.7537597417831421, -0.2796686291694641, 0.13217245042324066, -0.2953510582447052, 0.9039268493652344, 0.271800696849823, 0.38129866123199463, -0.0016971789300441742, 0.8835908770561218, 0.278529554605484, 0.14126455783843994, -0.04835289344191551, 0.9487505555152893, 0.06642107665538788, 0.08184531331062317, -0.2337617725133896, 0.9665635228157043, -0.22098428010940552, -0.02638283371925354, 0.1199236810207367, 0.9675165414810181, 0.13565942645072937, -0.0005948212929069996, -7.520100986369016e-09, 0.9907553791999817, -0.48164698481559753, 0.0021118351723998785, -6.369639038439345e-08, 0.8763628005981445, 0.06950350850820541, 0.7786844968795776, -0.1773265153169632, 0.5978084802627563, 0.3277984857559204, -0.24625690281391144, 0.9082559943199158, 0.08352730423212051, -0.2790057957172394, 0.05123373493552208, 0.017807820811867714, 0.9587563872337341, 0.3549292981624603, 0.04310944303870201, -0.027777358889579773, 0.9334855079650879, 0.4265148937702179, 0.00487879291176796, 0.11046504229307175, 0.8976963758468628, 0.5617969632148743, -0.3915039896965027, 0.38616567850112915, 0.6180492639541626, -0.33870071172714233, -0.03426773101091385, -0.01652030274271965, 0.9401248097419739, 0.4092305600643158, 0.01269939262419939, -0.1714976578950882, 0.8960790634155273, 0.5449217557907104, 0.06338709592819214, -0.15818116068840027, 0.82098788022995, -0.5403316020965576, -0.4817664921283722, -0.6146034598350525, 0.3133774995803833, -0.041093870997428894, 0.08563464134931564, -0.14538206160068512, 0.9848055839538574, 0.0215777475386858, 0.028431987389922142, -0.018687976524233818, 0.9991880655288696, -0.45109930634498596, 0.4076407253742218, -0.586283266544342, 0.5353599786758423, -0.673679769039154, -0.338473379611969, 0.08778142184019089, 0.6510650515556335, 0.5011581182479858, -0.6344313025474548, -0.037591490894556046, 0.5873027443885803, 0.26279115676879883, -0.326374888420105, -0.2829107940196991, 0.8627756237983704, -0.4939759373664856, -0.2024482637643814, 0.3922842741012573, 0.7490764856338501, -0.2804955244064331, 0.19184903800487518, -0.2389681041240692, 0.9096210598945618, 0.2097216099500656, 0.29084569215774536, -0.006993304472416639, 0.9334756135940552, 0.2620016634464264, 0.07860070466995239, -0.1268000304698944, 0.9534667730331421, 0.05733409896492958, 0.0830550268292427, -0.24508768320083618, 0.9642337560653687, -0.21117255091667175, -0.03701212257146835, 0.21364058554172516, 0.9530970454216003, 0.13565945625305176, -0.0005948513280600309, -6.5800884740951915e-09, 0.9907553791999817, -0.48164692521095276, 0.002111854264512658, 1.0627134727769771e-08, 0.8763628005981445, 0.05581999570131302, 0.7416133284568787, -0.17367081344127655, 0.6455480456352234, 0.3741230368614197, -0.2589796483516693, 0.8847532868385315, 0.10086172819137573, -0.2614540457725525, 0.047847263514995575, 0.014443316496908665, 0.963921070098877, 0.3500727117061615, 0.04081784933805466, -0.025635935366153717, 0.935481607913971, 0.4257644712924957, 0.004584738984704018, 0.11110000312328339, 0.8979756832122803, 0.5431877970695496, -0.39574572443962097, 0.41947105526924133, 0.610226571559906, -0.350796103477478, -0.03555991128087044, -0.019694441929459572, 0.9355692267417908, 0.35836857557296753, -0.011658201925456524, -0.16534297168254852, 0.9187479615211487, 0.5941711068153381, 0.057782869786024094, -0.2009740024805069, 0.7766796946525574, -0.5394308567047119, -0.47730687260627747, -0.6240675449371338, 0.30287331342697144, -0.05898979306221008, 0.08657074719667435, -0.17129017412662506, 0.9796353578567505, 0.018141139298677444, 0.02685065194964409, -0.017053479328751564, 0.9993293285369873, -0.4427536129951477, 0.4057963192462921, -0.6001577377319336, 0.5283079743385315, -0.6781485080718994, -0.4070909917354584, 0.10298668593168259, 0.6031461954116821, 0.5031545162200928, -0.6339015364646912, -0.042802594602108, 0.5858091115951538, 0.2574940025806427, -0.3264320194721222, -0.2364775687456131, 0.8781898617744446, -0.5234802961349487, -0.210173562169075, 0.37506312131881714, 0.7356107234954834, -0.280033677816391, 0.2754773199558258, -0.14653441309928894, 0.9078662395477295, 0.1536771059036255, 0.20687375962734222, -0.011717854999005795, 0.9661518335342407, 0.2998664975166321, 0.03721018135547638, -0.19904285669326782, 0.9322432279586792, 0.04729504883289337, 0.0789138674736023, -0.2610815763473511, 0.9609225988388062, -0.20383724570274353, -0.035401422530412674, 0.29994457960128784, 0.9312520623207092, 0.13565942645072937, -0.000594723445829004, -1.692389872687272e-08, 0.9907553791999817, -0.48164692521095276, 0.0021118924487382174, -4.317273649689923e-09, 0.8763628005981445, 0.030027126893401146, 0.7026369571685791, -0.17706842720508575, 0.6885102987289429, 0.4220476746559143, -0.2653505206108093, 0.8594933152198792, 0.11285466700792313, -0.25742295384407043, 0.0456416942179203, 0.010043340735137463, 0.9651680588722229, 0.35030537843704224, 0.03782209753990173, -0.024374430999159813, 0.9355541467666626, 0.42515110969543457, 0.0040184068493545055, 0.11207714676856995, 0.8981476426124573, 0.5216575264930725, -0.4048705995082855, 0.433515727519989, 0.6132025718688965, -0.33768340945243835, -0.03453284874558449, -0.019677117466926575, 0.9404202699661255, 0.3299756944179535, -0.02175627090036869, -0.15936000645160675, 0.9301866292953491, 0.6135819554328918, 0.07897057384252548, -0.22021666169166565, 0.7541787028312683, -0.5358405113220215, -0.4748307168483734, -0.6336104273796082, 0.29317033290863037, -0.07590413838624954, 0.08480954170227051, -0.19962342083454132, 0.9732401967048645, 0.013826935552060604, 0.02664579078555107, -0.014777694828808308, 0.99944007396698, -0.43092793226242065, 0.40225258469581604, -0.6188767552375793, 0.5191200375556946, -0.6804301142692566, -0.4500406086444855, 0.10705924034118652, 0.5683455467224121, 0.5023941397666931, -0.6337524056434631, -0.04480578005313873, 0.5864729285240173, 0.2499668002128601, -0.3160751760005951, -0.202053040266037, 0.8926296830177307, -0.5446611046791077, -0.22862684726715088, 0.3756410777568817, 0.7141203284263611, -0.27571049332618713, 0.32277923822402954, -0.022191982716321945, 0.9051545858383179, 0.1387479305267334, 0.18412470817565918, -0.014582531526684761, 0.9729514718055725, 0.10894620418548584, 0.06742876023054123, -0.3652390241622925, 0.9220545291900635, 0.03552974388003349, 0.06978660076856613, -0.2801971137523651, 0.9567429423332214, -0.2005254179239273, -0.03314809873700142, 0.3618890345096588, 0.9097951054573059, 0.13565939664840698, -0.0005949189071543515, 3.572415252506289e-08, 0.9907553791999817, -0.4816470146179199, 0.0021118498407304287, -7.020551606728986e-08, 0.8763627409934998, 0.00851009413599968, 0.6565052270889282, -0.17171236872673035, 0.7344681024551392, 0.47229716181755066, -0.2696205675601959, 0.8301481604576111, 0.12285879254341125, -0.25703951716423035, 0.04410748928785324, 0.005745637230575085, 0.9653767347335815, 0.3510785400867462, 0.03457013890147209, -0.025347772985696793, 0.9353642463684082, 0.4247537851333618, 0.003314550034701824, 0.1131674125790596, 0.8982017636299133, 0.5026715397834778, -0.41149821877479553, 0.43865489959716797, 0.6209449172019958, -0.32226696610450745, -0.03303961083292961, -0.01945931650698185, 0.9458719491958618, 0.32094916701316833, -0.02119220234453678, -0.15412865579128265, 0.934230625629425, 0.6265076994895935, 0.08031946420669556, -0.23149774968624115, 0.739895761013031, -0.5339295864105225, -0.4733165204524994, -0.6393301486968994, 0.28661423921585083, -0.08897235989570618, 0.08190331608057022, -0.21487465500831604, 0.9691257476806641, 0.01112933550029993, 0.026270724833011627, -0.01383026223629713, 0.9994972348213196, -0.42370423674583435, 0.395571231842041, -0.6293320059776306, 0.5176286101341248, -0.6690689325332642, -0.4684508442878723, 0.10625819116830826, 0.5671065449714661, 0.50223708152771, -0.6378584504127502, -0.04448112100362778, 0.5821648836135864, 0.23812349140644073, -0.29585856199264526, -0.1807660460472107, 0.9072422385215759, -0.5605809092521667, -0.24943293631076813, 0.38142141699790955, 0.6914116144180298, -0.306286096572876, 0.31798452138900757, 0.06869100779294968, 0.8946263194084167, 0.17405381798744202, 0.23779179155826569, -0.013095314614474773, 0.9555045366287231, -0.002746818820014596, 0.14948992431163788, -0.42309385538101196, 0.8936648368835449, 0.0273290928453207, 0.06330087780952454, -0.28673699498176575, 0.9555250406265259, -0.19464002549648285, -0.051349736750125885, 0.39819473028182983, 0.8949410319328308, 0.1356586217880249, -0.0005947093013674021, 2.068027527002414e-08, 0.9907554984092712, -0.481647789478302, 0.0021119872108101845, -2.5505137557502167e-08, 0.8763623833656311, -0.012324601411819458, 0.6108461022377014, -0.1665673851966858, 0.7739318013191223, 0.5203987956047058, -0.26713114976882935, 0.8004916310310364, 0.13053439557552338, -0.2653108239173889, 0.0439295619726181, 0.0018885871395468712, 0.9631597995758057, 0.35690149664878845, 0.030594125390052795, -0.02254750207066536, 0.9333686232566833, 0.4246450364589691, 0.002586125861853361, 0.1142159178853035, 0.8981229066848755, 0.4887688457965851, -0.41484251618385315, 0.4350645840167999, 0.6322416663169861, -0.30137869715690613, -0.030911117792129517, -0.018673723563551903, 0.9528204202651978, 0.32230931520462036, -0.015449886210262775, -0.1376645416021347, 0.936443567276001, 0.6352928876876831, 0.06093120574951172, -0.24332860112190247, 0.7303981781005859, -0.5294672846794128, -0.47498100996017456, -0.6436242461204529, 0.2824985086917877, -0.09533988684415817, 0.08100589364767075, -0.22550927102565765, 0.9661749005317688, 0.009728861972689629, 0.02630751021206379, -0.013644547201693058, 0.9995134472846985, -0.41894927620887756, 0.3905842900276184, -0.6357150673866272, 0.5174860954284668, -0.6563358306884766, -0.4794224798679352, 0.10058489441871643, 0.5738118886947632, 0.5016548037528992, -0.6406680345535278, -0.043652649968862534, 0.5796390175819397, 0.2232901006937027, -0.2728956639766693, -0.16849488019943237, 0.920477569103241, -0.568943202495575, -0.264695942401886, 0.3876710534095764, 0.6752413511276245, -0.3226359188556671, 0.29470258951187134, 0.13886478543281555, 0.888691782951355, 0.20670726895332336, 0.2871224284172058, -0.010696052573621273, 0.9352638125419617, 0.0010593697661533952, 0.150395005941391, -0.3843941390514374, 0.9108355641365051, 0.024763476103544235, 0.060515906661748886, -0.2902543544769287, 0.9547131061553955, -0.19534918665885925, -0.07307437062263489, 0.4265069365501404, 0.8801083564758301, 0.13565903902053833, -0.0005948198959231377, 5.629059884881826e-09, 0.9907554388046265, -0.4816472828388214, 0.0021118095610290766, -4.250854601650644e-08, 0.8763626217842102, -0.03012426197528839, 0.5759264826774597, -0.16716909408569336, 0.799659788608551, 0.5564703941345215, -0.2515694797039032, 0.7797117233276367, 0.13821420073509216, -0.2896147072315216, 0.045989908277988434, -0.0025527842808514833, 0.9560344219207764, 0.37363389134407043, 0.021257968619465828, -0.008567819371819496, 0.927293062210083, 0.42488303780555725, 0.0018002237193286419, 0.11515377461910248, 0.897892415523529, 0.48379844427108765, -0.4162121117115021, 0.4210723042488098, 0.6445189714431763, -0.2760460674762726, -0.028674347326159477, -0.01520325243473053, 0.9605962634086609, 0.33055001497268677, -0.005966737400740385, -0.10230517387390137, 0.938208281993866, 0.6374946236610413, 0.05538095906376839, -0.23889479041099548, 0.730385422706604, -0.5213726758956909, -0.4797053039073944, -0.6473821401596069, 0.28098025918006897, -0.09627705067396164, 0.08397731930017471, -0.23418930172920227, 0.9637603163719177, 0.009183518588542938, 0.02738875336945057, -0.013928724452853203, 0.9994856119155884, -0.4164368212223053, 0.3893515467643738, -0.639479398727417, 0.5158021450042725, -0.6530916094779968, -0.48014697432518005, 0.08774345368146896, 0.5789915919303894, 0.5020999312400818, -0.6429927349090576, -0.04317723959684372, 0.5767077803611755, 0.20845846831798553, -0.2512369155883789, -0.16492192447185516, 0.9307125210762024, -0.5711184144020081, -0.2710721790790558, 0.3915523290634155, 0.6686034202575684, -0.3396317660808563, 0.25264307856559753, 0.18522201478481293, 0.8868565559387207, 0.23442064225673676, 0.33012351393699646, -0.009269234724342823, 0.9143191576004028, 0.01579289510846138, 0.1431826651096344, -0.29358500242233276, 0.9450169801712036, 0.02487192302942276, 0.06248965114355087, -0.29394397139549255, 0.9534534215927124, -0.2073400467634201, -0.0962696373462677, 0.449623703956604, 0.863470196723938, 0.13566115498542786, -0.0005923819844610989, -2.049191323294508e-07, 0.9907551407814026, -0.4816454350948334, 0.0021140759345144033, 1.234871888300404e-06, 0.8763636350631714, -0.042755886912345886, 0.5545636415481567, -0.17092174291610718, 0.8132753968238831, 0.5799695253372192, -0.22873742878437042, 0.7678099870681763, 0.14758868515491486, -0.33219465613365173, 0.05086921527981758, -0.007702333386987448, 0.9418066143989563, 0.40594619512557983, 0.006891237571835518, 0.015670763328671455, 0.9137366414070129, 0.42556032538414, 0.0009685258846729994, 0.11585627496242523, 0.8974825143814087, 0.49602609872817993, -0.41005298495292664, 0.409278005361557, 0.6467660069465637, -0.2865271270275116, -0.030238859355449677, -0.014576894231140614, 0.9574838876724243, 0.3497708737850189, 0.011926448903977871, -0.06784526258707047, 0.9342992901802063, 0.6336420774459839, 0.048418667167425156, -0.22686050832271576, 0.7380295991897583, -0.5107773542404175, -0.4864000380039215, -0.6503174901008606, 0.2821502387523651, -0.09434007108211517, 0.0931413397192955, -0.2385973185300827, 0.9620270133018494, 0.00923854298889637, 0.029822520911693573, -0.01483273133635521, 0.9994024634361267, -0.4190386235713959, 0.39338764548301697, -0.6375929117202759, 0.5129601359367371, -0.662996768951416, -0.46632909774780273, 0.06859543174505234, 0.5816074013710022, 0.5046027898788452, -0.6454680562019348, -0.04373147338628769, 0.571694552898407, 0.19848252832889557, -0.2361227124929428, -0.1685083508491516, 0.9361920952796936, -0.5645849108695984, -0.2659039795398712, 0.3940008580684662, 0.6747609972953796, -0.36693331599235535, 0.19304510951042175, 0.1904173493385315, 0.8898509740829468, 0.2456417977809906, 0.34962907433509827, -0.011384000070393085, 0.9040409922599792, 0.025423720479011536, 0.20883338153362274, -0.15545059740543365, 0.9651826024055481, 0.024468200281262398, 0.07264365255832672, -0.29605787992477417, 0.952089250087738, -0.2325264811515808, -0.12514370679855347, 0.46796050667762756, 0.8433762192726135, 0.13566842675209045, -0.0005855604540556669, -9.512976930636796e-07, 0.9907541275024414, -0.48163899779319763, 0.002120014512911439, 4.767308837472228e-06, 0.8763672113418579, -0.04325941205024719, 0.5348325967788696, -0.17206163704395294, 0.826121985912323, 0.5920197367668152, -0.21450690925121307, 0.7577807903289795, 0.1710783690214157, -0.36327242851257324, 0.0544612891972065, -0.011935192160308361, 0.9300132393836975, 0.4366627037525177, -0.009283388033509254, 0.03426257520914078, 0.898924708366394, 0.4264979958534241, 0.00014236863353289664, 0.11654344201087952, 0.8969487547874451, 0.5247028470039368, -0.3848862946033478, 0.4105771481990814, 0.638729989528656, -0.3534132242202759, -0.03732946142554283, -0.018690427765250206, 0.9345353245735168, 0.33242538571357727, 0.010444276034832, -0.049249958246946335, 0.9417848587036133, 0.6147263050079346, 0.03054581582546234, -0.21198810636997223, 0.7591044902801514, -0.5033086538314819, -0.4949782192707062, -0.6494221687316895, 0.2827153205871582, -0.0922427847981453, 0.10342013090848923, -0.23548674583435059, 0.9619467258453369, 0.009982207790017128, 0.032810140401124954, -0.01573549583554268, 0.9992879033088684, -0.4276597797870636, 0.39703717827796936, -0.6278162598609924, 0.5150876641273499, -0.6618131399154663, -0.4654138684272766, 0.047011904418468475, 0.5858184695243835, 0.505009651184082, -0.644921064376831, -0.04353446140885353, 0.5719675421714783, 0.1953161656856537, -0.22575001418590546, -0.17726442217826843, 0.9377984404563904, -0.5478198528289795, -0.25535279512405396, 0.39974236488342285, 0.6891259551048279, -0.38753849267959595, 0.1495756208896637, 0.15224573016166687, 0.8968067169189453, 0.22883549332618713, 0.3264177739620209, -0.01652522385120392, 0.9169583916664124, 0.019924387335777283, 0.30710625648498535, 0.0045004780404269695, 0.9514560103416443, 0.022674856707453728, 0.0859537124633789, -0.2920569181442261, 0.9522607922554016, -0.26253756880760193, -0.161752849817276, 0.47461339831352234, 0.8244102001190186, 0.13566707074642181, -0.0005802492378279567, -1.4438609241551603e-06, 0.9907543063163757, -0.4816402196884155, 0.0021244047675281763, 7.409207228192827e-06, 0.8763664960861206, -0.029347410425543785, 0.5133318305015564, -0.16834239661693573, 0.8410053849220276, 0.5944709777832031, -0.2063499093055725, 0.7488004565238953, 0.20813898742198944, -0.3801478147506714, 0.05639435350894928, -0.01521634217351675, 0.9230795502662659, 0.4591442942619324, -0.025418438017368317, 0.04395623132586479, 0.8869094252586365, 0.4273040294647217, -0.0005803131498396397, 0.11712713539600372, 0.8964888453483582, 0.5535988211631775, -0.3511980175971985, 0.4112153649330139, 0.6333168745040894, -0.4266534745693207, -0.04470011591911316, -0.021407054737210274, 0.9030562043190002, 0.2817302644252777, -0.01217728853225708, -0.036738935858011246, 0.9587126970291138, 0.5653178095817566, 0.012805190868675709, -0.17833203077316284, 0.8052636384963989, -0.5005146265029907, -0.5054129362106323, -0.6442859768867493, 0.2809599041938782, -0.08851267397403717, 0.10893146693706512, -0.22641772031784058, 0.9638643860816956, 0.011398356407880783, 0.03470107167959213, -0.015993090346455574, 0.9992047548294067, -0.43874591588974, 0.39499595761299133, -0.6135741472244263, 0.5244110226631165, -0.6501191258430481, -0.47226205468177795, 0.028864150866866112, 0.594542384147644, 0.5049980878829956, -0.644872784614563, -0.042513635009527206, 0.5721089243888855, 0.19455258548259735, -0.2160000503063202, -0.19028261303901672, 0.9377024173736572, -0.5243912935256958, -0.2426149994134903, 0.4086172878742218, 0.7065293192863464, -0.40642839670181274, 0.13849708437919617, 0.10844025760889053, 0.8965908885002136, 0.201927050948143, 0.28634586930274963, -0.01927638240158558, 0.9364079833030701, 0.04107266291975975, 0.3518666625022888, 0.1171812042593956, 0.9277777075767517, 0.022047527134418488, 0.09521018713712692, -0.2813378572463989, 0.954619288444519, -0.29092732071876526, -0.19948717951774597, 0.46740227937698364, 0.8106178045272827, 0.13566039502620697, -0.0005749550764448941, -1.8819091565092094e-06, 0.9907552599906921, -0.48164600133895874, 0.0021288360003381968, 1.025099481921643e-05, 0.8763632774353027, -0.005030473228543997, 0.4952092468738556, -0.1608278602361679, 0.8537428975105286, 0.588426411151886, -0.20126771926879883, 0.7407755851745605, 0.253962904214859, -0.38903874158859253, 0.05747131258249283, -0.01671457663178444, 0.9192749857902527, 0.47680070996284485, -0.040147390216588974, 0.05037624016404152, 0.8766478896141052, 0.42804816365242004, -0.0011411075247451663, 0.11753610521554947, 0.8960796594619751, 0.5797397494316101, -0.3198002278804779, 0.40805837512016296, 0.6285842061042786, -0.48679089546203613, -0.050213392823934555, -0.021868860349059105, 0.8717998266220093, 0.22410812973976135, -0.03438855707645416, -0.02627364546060562, 0.9736029505729675, 0.490667462348938, -0.01225612498819828, -0.12622207403182983, 0.8620691299438477, -0.5001830458641052, -0.5169384479522705, -0.6362432837486267, 0.2789018154144287, -0.08224457502365112, 0.10885661095380783, -0.21463406085968018, 0.9671185612678528, 0.013139181770384312, 0.03560137748718262, -0.015832025557756424, 0.9991543292999268, -0.44990307092666626, 0.387801855802536, -0.5972934365272522, 0.5389226078987122, -0.6242303252220154, -0.48484930396080017, 0.02037428319454193, 0.6122438311576843, 0.5022532343864441, -0.6431951522827148, -0.03961681202054024, 0.5766039490699768, 0.200377956032753, -0.2104746550321579, -0.20917199552059174, 0.9337002635002136, -0.4908333420753479, -0.2373480498790741, 0.4300473928451538, 0.7195886373519897, -0.4086166024208069, 0.14513206481933594, 0.07104441523551941, 0.8982883095741272, 0.18695898354053497, 0.26443514227867126, -0.021024629473686218, 0.9458743929862976, 0.08040917664766312, 0.3645540475845337, 0.2438056468963623, 0.8950941562652588, 0.023849958553910255, 0.09936386346817017, -0.2667739689350128, 0.958326518535614, -0.3170020878314972, -0.23356354236602783, 0.4499202072620392, 0.8015794157981873, 0.1356564313173294, -0.0005705940420739353, -2.1469918465299997e-06, 0.9907557964324951, -0.481649786233902, 0.0021326022688299417, 1.2674940990109462e-05, 0.8763611912727356, 0.02211845852434635, 0.4871431887149811, -0.15573060512542725, 0.859040379524231, 0.5741026997566223, -0.20100563764572144, 0.7329771518707275, 0.30454450845718384, -0.38433918356895447, 0.05713648721575737, -0.014527344144880772, 0.9213076233863831, 0.48906224966049194, -0.0501490980386734, 0.05934030935168266, 0.8687818646430969, 0.42879319190979004, -0.0014371644938364625, 0.11734382063150406, 0.8957481384277344, 0.6021615266799927, -0.29402536153793335, 0.4104543626308441, 0.6184479594230652, -0.5272808074951172, -0.053528767079114914, -0.020209500566124916, 0.8477624654769897, 0.17925383150577545, -0.05323157459497452, -0.019280459731817245, 0.9821724891662598, 0.42572832107543945, -0.03049454092979431, -0.08345796167850494, 0.9004778265953064, -0.4978765845298767, -0.5296598076820374, -0.6278287172317505, 0.2782273292541504, -0.0737479031085968, 0.10336163640022278, -0.20315058529376984, 0.9708797931671143, 0.014979326166212559, 0.036349084228277206, -0.015963485464453697, 0.9990993738174438, -0.4579266309738159, 0.3764732778072357, -0.5821065902709961, 0.5565276741981506, -0.5774186849594116, -0.5016435980796814, 0.020547324791550636, 0.6438316702842712, 0.49869099259376526, -0.6425435543060303, -0.03457927331328392, 0.5807317495346069, 0.23973017930984497, -0.21557721495628357, -0.2446022629737854, 0.9144537448883057, -0.45400887727737427, -0.22390353679656982, 0.4490440785884857, 0.7362761497497559, -0.39190787076950073, 0.12317080795764923, 0.06251585483551025, 0.9095762372016907, 0.242402583360672, 0.3480300307273865, -0.0232623852789402, 0.9053037762641907, 0.11652538925409317, 0.3341895043849945, 0.3975653648376465, 0.8465701341629028, 0.02820875681936741, 0.09814624488353729, -0.2518228590488434, 0.9623703956604004, -0.34109726548194885, -0.2588668465614319, 0.42653894424438477, 0.7966839075088501, 0.13564951717853546, -0.0005610843654721975, -3.4724016586551443e-06, 0.9907568097114563, -0.4816558063030243, 0.002141021890565753, 1.7286194633925334e-05, 0.876357913017273, 0.0482415035367012, 0.48612749576568604, -0.14894697070121765, 0.8597486019134521, 0.5533608794212341, -0.21070310473442078, 0.7233443260192871, 0.35520273447036743, -0.3624148964881897, 0.054499201476573944, -0.008585570380091667, 0.930382490158081, 0.49144813418388367, -0.05389804765582085, 0.06732012331485748, 0.8666266798973083, 0.4292870759963989, -0.0012329865712672472, 0.11701180785894394, 0.8955553770065308, 0.6132507920265198, -0.2818969488143921, 0.42124542593955994, 0.6058134436607361, -0.5499413013458252, -0.055397581309080124, -0.018000246956944466, 0.8331696391105652, 0.17442482709884644, -0.054164133965969086, -0.022400815039873123, 0.9829244613647461, 0.3944445252418518, -0.03407086431980133, -0.06926042586565018, 0.915672242641449, -0.4926416277885437, -0.5429568886756897, -0.6202722191810608, 0.27886274456977844, -0.06450846791267395, 0.09510728716850281, -0.19211068749427795, 0.9746213555335999, 0.01653597503900528, 0.03645568713545799, -0.015272933058440685, 0.9990817308425903, -0.4620579779148102, 0.3629089593887329, -0.5701139569282532, 0.5742557048797607, -0.504460871219635, -0.525913417339325, 0.029771076515316963, 0.6841403245925903, 0.4969885051250458, -0.6446591019630432, -0.028659360483288765, 0.5801687240600586, 0.30432114005088806, -0.19949272274971008, -0.2979975640773773, 0.8824900984764099, -0.415537029504776, -0.21227014064788818, 0.4719391465187073, 0.7480266690254211, -0.34888604283332825, 0.11229395866394043, 0.048243384808301926, 0.929161548614502, 0.2829471230506897, 0.4066069722175598, -0.02297377958893776, 0.868380069732666, 0.1469021737575531, 0.2883630096912384, 0.4548042118549347, 0.8297106027603149, 0.03277541324496269, 0.0936700776219368, -0.2393515259027481, 0.9658481478691101, -0.3596600294113159, -0.2719023823738098, 0.4009322226047516, 0.7974755167961121, 0.13563305139541626, -0.0005590855143964291, -3.6331355204310967e-06, 0.990759015083313, -0.4816703498363495, 0.002142705488950014, 1.8263996025780216e-05, 0.876349925994873, 0.07316691428422928, 0.48771101236343384, -0.14247764647006989, 0.8581869006156921, 0.5279188752174377, -0.22544778883457184, 0.7143420577049255, 0.40023794770240784, -0.3317033648490906, 0.05065927281975746, -0.0029799211770296097, 0.9420178532600403, 0.48787495493888855, -0.05416206270456314, 0.07149507850408554, 0.8682931661605835, 0.4296247661113739, -0.0009427684126421809, 0.11651178449392319, 0.8954589366912842, 0.6211302876472473, -0.27394232153892517, 0.43716761469841003, 0.5899468660354614, -0.568074107170105, -0.057069480419158936, -0.015763375908136368, 0.8208449482917786, 0.1900825798511505, -0.045441921800374985, -0.029011331498622894, 0.980286717414856, 0.3802500069141388, -0.03367017209529877, -0.06755298376083374, 0.9217987060546875, -0.48758143186569214, -0.5546488165855408, -0.613196611404419, 0.28039082884788513, -0.055287715047597885, 0.08572216331958771, -0.17945650219917297, 0.9784632921218872, 0.017721232026815414, 0.036588095128536224, -0.014269386418163776, 0.9990714192390442, -0.46360352635383606, 0.34899768233299255, -0.5600854158401489, 0.5912501811981201, -0.42887750267982483, -0.5439765453338623, 0.05530291423201561, 0.719093382358551, 0.49573013186454773, -0.645753026008606, -0.02340065687894821, 0.5802646279335022, 0.35596954822540283, -0.17763490974903107, -0.34834128618240356, 0.8487578630447388, -0.37709885835647583, -0.20310068130493164, 0.4990750849246979, 0.75330650806427, -0.275781512260437, 0.10442136228084564, 0.025901945307850838, 0.9551805257797241, 0.3092412054538727, 0.44030794501304626, -0.020013170316815376, 0.8426733016967773, 0.1539779156446457, 0.2627447843551636, 0.461818665266037, 0.8330543637275696, 0.03733368590474129, 0.08776885271072388, -0.2270730882883072, 0.9691959023475647, -0.36170926690101624, -0.2725681960582733, 0.3769707977771759, 0.807939350605011, 0.13559594750404358, -0.0005490067414939404, -4.560901288641617e-06, 0.9907640814781189, -0.4817031919956207, 0.0021514268592000008, 2.3406097170663998e-05, 0.8763318061828613, 0.09432640671730042, 0.4877302050590515, -0.13528087735176086, 0.8572752475738525, 0.5005638003349304, -0.24388830363750458, 0.7072582244873047, 0.43559175729751587, -0.2955402135848999, 0.046059880405664444, 0.0016784750623628497, 0.9542178511619568, 0.4793323576450348, -0.05384329333901405, 0.06746573746204376, 0.8733783960342407, 0.4299536943435669, -0.0005189034854993224, 0.11609245836734772, 0.8953558802604675, 0.6281334161758423, -0.26801344752311707, 0.4544351100921631, 0.571931779384613, -0.5810489654541016, -0.05916643887758255, -0.013585100881755352, 0.811601459980011, 0.21397148072719574, -0.030017845332622528, -0.03998006135225296, 0.9755597114562988, 0.37882736325263977, -0.033379729837179184, -0.07184989750385284, 0.9220700860023499, -0.4853484034538269, -0.5624220371246338, -0.6059643030166626, 0.28447431325912476, -0.046546246856451035, 0.07749276608228683, -0.1644633412361145, 0.9822322130203247, 0.018644344061613083, 0.03571559861302376, -0.011101090349256992, 0.9991264343261719, -0.4648047983646393, 0.33721256256103516, -0.5512273907661438, 0.6053037643432617, -0.3645448386669159, -0.5522056221961975, 0.09221899509429932, 0.7440912127494812, 0.4922764301300049, -0.6449509263038635, -0.021362127736210823, 0.5841625332832336, 0.381859689950943, -0.15638279914855957, -0.3859851360321045, 0.8250715732574463, -0.3410472571849823, -0.19510561227798462, 0.5292878150939941, 0.751980721950531, -0.1863962560892105, 0.08575134724378586, -0.0033921850845217705, 0.9787194132804871, 0.33553969860076904, 0.4696662127971649, -0.016910305246710777, 0.8164195418357849, 0.13719353079795837, 0.24346162378787994, 0.43151426315307617, 0.857729434967041, 0.0414922833442688, 0.08371103554964066, -0.21626016497612, 0.9718551635742188, -0.34504014253616333, -0.2632055878639221, 0.35834169387817383, 0.8265962600708008, 0.13553819060325623, -0.0005309385014697909, -6.452138222812209e-06, 0.990772008895874, -0.4817541837692261, 0.002167140133678913, 3.263600592617877e-05, 0.8763037323951721, 0.11008835583925247, 0.4898185133934021, -0.12779644131660461, 0.8553516864776611, 0.4715220630168915, -0.26385077834129333, 0.7071231007575989, 0.45609936118125916, -0.26460781693458557, 0.04202434420585632, 0.003821608377620578, 0.9634324312210083, 0.47158995270729065, -0.05579877644777298, 0.056721460074186325, 0.8782209753990173, 0.42975375056266785, -0.00023961935949046165, 0.11585956066846848, 0.8954821228981018, 0.6310360431671143, -0.2687940001487732, 0.47438740730285645, 0.5518152117729187, -0.5825908184051514, -0.05928121507167816, -0.013829867355525494, 0.8104828596115112, 0.24176408350467682, -0.011858053505420685, -0.05518175661563873, 0.9686921834945679, 0.3898313045501709, -0.03342081606388092, -0.0807916447520256, 0.9167264103889465, -0.48483699560165405, -0.5658864974975586, -0.6013004183769226, 0.28834596276283264, -0.03890957683324814, 0.07179180532693863, -0.14747080206871033, 0.9856898188591003, 0.01882411167025566, 0.03650721535086632, -0.010012570768594742, 0.9991059303283691, -0.46896567940711975, 0.3298375904560089, -0.5408527255058289, 0.6154321432113647, -0.3267562985420227, -0.5492668151855469, 0.12000493705272675, 0.7596941590309143, 0.48772546648979187, -0.6373921036720276, -0.02002989500761032, 0.596199631690979, 0.38409096002578735, -0.14501991868019104, -0.3933594822883606, 0.822624921798706, -0.31271642446517944, -0.19311931729316711, 0.5576835870742798, 0.7442461848258972, -0.11303944140672684, 0.047670453786849976, -0.03725340589880943, 0.9917468428611755, 0.3720051050186157, 0.5059981346130371, -0.0035294422414153814, 0.7781809568405151, 0.11628895998001099, 0.19277450442314148, 0.3794870376586914, 0.8973876237869263, 0.045440059155225754, 0.07960116863250732, -0.20567476749420166, 0.9743185639381409, -0.3165337145328522, -0.2445526272058487, 0.3464169502258301, 0.8485256433486938, 0.1355067938566208, -0.0005181841552257538, -7.7135764513514e-06, 0.9907763004302979, -0.48178204894065857, 0.0021780699025839567, 3.9038906834321097e-05, 0.8762884140014648, 0.11843352019786835, 0.4961792528629303, -0.12190491706132889, 0.8514216542243958, 0.4455544948577881, -0.28294357657432556, 0.7117831110954285, 0.46345335245132446, -0.24332532286643982, 0.039495933800935745, 0.004625904373824596, 0.9691292643547058, 0.4676274061203003, -0.05990445986390114, 0.045739199966192245, 0.8807065486907959, 0.4294421076774597, -4.236919994582422e-05, 0.1157732903957367, 0.895642876625061, 0.6330744028091431, -0.27368947863578796, 0.49615713953971863, 0.5273888111114502, -0.5745006203651428, -0.05851013958454132, -0.014845864847302437, 0.8162751793861389, 0.2710508704185486, 0.006212722510099411, -0.07302405685186386, 0.9597709774971008, 0.4090665876865387, -0.03432190790772438, -0.09143832325935364, 0.9072626829147339, -0.48754316568374634, -0.564038097858429, -0.5981021523475647, 0.2940008342266083, -0.0330963134765625, 0.06790900975465775, -0.13049480319023132, 0.9885666966438293, 0.019900742918252945, 0.036729633808135986, -0.008676699362695217, 0.9990894198417664, -0.47595348954200745, 0.3280804455280304, -0.5307657718658447, 0.6197735667228699, -0.3188038170337677, -0.5317646861076355, 0.1320466548204422, 0.7734043002128601, 0.4820129871368408, -0.6299827098846436, -0.020384306088089943, 0.6085801124572754, 0.37932446599006653, -0.14675205945968628, -0.38060954213142395, 0.8304896950721741, -0.30218505859375, -0.1951281577348709, 0.5720694661140442, 0.7371199131011963, -0.052943479269742966, 0.003793874755501747, -0.07293227314949036, 0.9959234595298767, 0.3954428434371948, 0.5310519337654114, 0.005827333312481642, 0.7493829727172852, 0.11320952326059341, 0.1303921490907669, 0.33250394463539124, 0.9271583557128906, 0.04899268224835396, 0.07656929641962051, -0.19976074993610382, 0.9756190776824951, -0.2773802578449249, -0.22137092053890228, 0.33531832695007324, 0.8727065324783325, 0.13550421595573425, -0.0005105118034407496, -8.843448995321523e-06, 0.9907766580581665, -0.4817843735218048, 0.002184879034757614, 4.264619201421738e-05, 0.8762871026992798, 0.12212200462818146, 0.5087183713912964, -0.1175432875752449, 0.8440826535224915, 0.42270830273628235, -0.30108755826950073, 0.7176144123077393, 0.46442827582359314, -0.23109470307826996, 0.0382998064160347, 0.005809128750115633, 0.9721598029136658, 0.46859219670295715, -0.0636896938085556, 0.0391395278275013, 0.8802459836006165, 0.4291815459728241, 0.00021379697136580944, 0.11566809564828873, 0.8957812786102295, 0.6341218948364258, -0.2816830575466156, 0.5177760720252991, 0.5004517436027527, -0.5566954016685486, -0.05667571723461151, -0.015440776944160461, 0.8286372423171997, 0.2980593740940094, 0.021326810121536255, -0.09041853994131088, 0.9500159621238708, 0.42972511053085327, -0.03559301793575287, -0.10092177242040634, 0.8965959548950195, -0.4937560558319092, -0.5577834844589233, -0.5953090786933899, 0.3011471629142761, -0.02745400369167328, 0.06431357562541962, -0.11150773614645004, 0.9913002252578735, 0.02138785645365715, 0.036111980676651, -0.007792594842612743, 0.99908846616745, -0.48346659541130066, 0.329369455575943, -0.5214079022407532, 0.6212162375450134, -0.3202719986438751, -0.4970853328704834, 0.13397657871246338, 0.795224666595459, 0.48049473762512207, -0.6292229294776917, -0.02056986279785633, 0.6105573177337646, 0.3736366629600525, -0.1515086442232132, -0.3770284056663513, 0.8338407278060913, -0.3067161738872528, -0.20220249891281128, 0.5750364065170288, 0.7310078740119934, 0.0024036492686718702, -0.03366456180810928, -0.10968877375125885, 0.993392825126648, 0.4133513569831848, 0.5510572791099548, 0.01630210690200329, 0.7247143387794495, 0.11053647100925446, 0.05587160587310791, 0.2945150136947632, 0.9475868940353394, 0.053600557148456573, 0.07332342863082886, -0.1960844099521637, 0.9763716459274292, -0.23559631407260895, -0.19941282272338867, 0.3201140761375427, 0.8956874012947083, 0.13552212715148926, -0.0005110055790282786, -9.110429346037563e-06, 0.9907742142677307, -0.48176848888397217, 0.0021846024319529533, 4.218126196064986e-05, 0.876295804977417, 0.122284896671772, 0.5278305411338806, -0.11249112337827682, 0.8329388499259949, 0.4039628207683563, -0.31889012455940247, 0.722428023815155, 0.461758553981781, -0.230942502617836, 0.03876633197069168, 0.007714117411524057, 0.9721642136573792, 0.47644612193107605, -0.06618814170360565, 0.03916080296039581, 0.8758336901664734, 0.4289606511592865, 0.0005408877623267472, 0.11544986814260483, 0.8959150910377502, 0.6348162889480591, -0.29324012994766235, 0.5374634861946106, 0.4713295102119446, -0.5306450724601746, -0.05379198491573334, -0.015136702917516232, 0.8457500338554382, 0.32185667753219604, 0.032525211572647095, -0.10624309629201889, 0.9402461647987366, 0.44766053557395935, -0.036789219826459885, -0.10755644738674164, 0.886948823928833, -0.5041254758834839, -0.546830952167511, -0.592500627040863, 0.3094777464866638, -0.02233842760324478, 0.061140917241573334, -0.0890224501490593, 0.9939002990722656, 0.02283428981900215, 0.03445517644286156, -0.007751095108687878, 0.9991152882575989, -0.49126389622688293, 0.3327603042125702, -0.5119088292121887, 0.6211921572685242, -0.32269203662872314, -0.44403427839279175, 0.1333557367324829, 0.8251785635948181, 0.48340266942977905, -0.6343487501144409, -0.019926229491829872, 0.602931559085846, 0.3667484223842621, -0.1591702699661255, -0.3891632854938507, 0.8298869729042053, -0.32678577303886414, -0.21719685196876526, 0.5686050653457642, 0.7229971885681152, 0.04548409953713417, -0.0544428788125515, -0.14590385556221008, 0.986751914024353, 0.42935818433761597, 0.5698913931846619, 0.0245225727558136, 0.7001957297325134, 0.09539732336997986, -0.026044992730021477, 0.2708474397659302, 0.9575294852256775, 0.05861958488821983, 0.07032379508018494, -0.19266650080680847, 0.9769840836524963, -0.20187324285507202, -0.19009387493133545, 0.30172663927078247, 0.9121801257133484, 0.1355547308921814, -0.0005235042190179229, -8.06330717750825e-06, 0.9907697439193726, -0.48173949122428894, 0.0021739224903285503, 3.5733428376261145e-05, 0.8763118386268616, 0.1181667298078537, 0.5521553754806519, -0.10462503880262375, 0.818666398525238, 0.3908151686191559, -0.3374679386615753, 0.724250853061676, 0.4569898247718811, -0.24505174160003662, 0.04116975516080856, 0.010001419112086296, 0.968583881855011, 0.4928276836872101, -0.06807845085859299, 0.04696551710367203, 0.866187334060669, 0.4288518726825714, 0.0008677575970068574, 0.11517482250928879, 0.8960022926330566, 0.6353521347045898, -0.30929604172706604, 0.5528678894042969, 0.44158878922462463, -0.4951900541782379, -0.04967959225177765, -0.013644421473145485, 0.8672558069229126, 0.3414507806301117, 0.040278688073158264, -0.12115902453660965, 0.9311871528625488, 0.45606330037117004, -0.03816014155745506, -0.10794202983379364, 0.8825523257255554, -0.5189465284347534, -0.531001091003418, -0.5893242359161377, 0.31847986578941345, -0.019590148702263832, 0.05783558636903763, -0.06287191063165665, 0.9961518049240112, 0.024129165336489677, 0.031377311795949936, -0.008703134953975677, 0.999178409576416, -0.49914824962615967, 0.33693134784698486, -0.5022419095039368, 0.6205492615699768, -0.31721773743629456, -0.37993839383125305, 0.13527549803256989, 0.8583241105079651, 0.48831233382225037, -0.6425608396530151, -0.018393736332654953, 0.5901934504508972, 0.35485419631004333, -0.1775333136320114, -0.40830516815185547, 0.8220993280410767, -0.3674512505531311, -0.24574100971221924, 0.5539100170135498, 0.7055314183235168, 0.0626429095864296, -0.05352458730340004, -0.17334222793579102, 0.981408953666687, 0.44024404883384705, 0.5881689786911011, 0.028315193951129913, 0.6778205633163452, 0.10311887413263321, -0.09763768315315247, 0.2642565965652466, 0.953940212726593, 0.06188490614295006, 0.06761204451322556, -0.18883584439754486, 0.9777218103408813, -0.18061530590057373, -0.2023857831954956, 0.28246575593948364, 0.9201256632804871, 0.13559414446353912, -0.000549776537809521, -5.06004244016367e-06, 0.990764319896698, -0.4817047119140625, 0.002151104621589184, 2.2521311620948836e-05, 0.8763309717178345, 0.11253305524587631, 0.5871273875236511, -0.0895981416106224, 0.7966115474700928, 0.3785865306854248, -0.35811030864715576, 0.7209681272506714, 0.4567650556564331, -0.26541757583618164, 0.044210437685251236, 0.010982451029121876, 0.963056743144989, 0.5112118721008301, -0.07032620906829834, 0.07340376079082489, 0.853421688079834, 0.4285920560359955, 0.0007460647611878812, 0.11455205827951431, 0.8962065577507019, 0.6351137161254883, -0.33205828070640564, 0.5599260926246643, 0.4157530665397644, -0.44611695408821106, -0.04380238801240921, -0.01003629807382822, 0.893845796585083, 0.36264050006866455, 0.051180072128772736, -0.1249414011836052, 0.9220966100692749, 0.44314298033714294, -0.04594431445002556, -0.09507247060537338, 0.8902104496955872, -0.5378486514091492, -0.5108911395072937, -0.5855333209037781, 0.32689428329467773, -0.02080908976495266, 0.0545530840754509, -0.032716039568185806, 0.9977577924728394, 0.025290966033935547, 0.026926076039671898, -0.011091611348092556, 0.999255895614624, -0.5081523060798645, 0.3414100110530853, -0.4908934533596039, 0.6198742389678955, -0.3175027072429657, -0.2920144200325012, 0.12595432996749878, 0.8933393359184265, 0.49189576506614685, -0.6490615010261536, -0.0154991140589118, 0.5801012516021729, 0.34273242950439453, -0.20390684902668, -0.4249315857887268, 0.8126436471939087, -0.4191955029964447, -0.29087457060813904, 0.5378261804580688, 0.6711260676383972, 0.0008375663310289383, -0.012297187000513077, -0.18101321160793304, 0.9834034442901611, 0.4237896502017975, 0.5793156623840332, 0.021586807444691658, 0.695937991142273, 0.1723679006099701, -0.0801553875207901, 0.24291333556175232, 0.9512400031089783, 0.06121763586997986, 0.06489354372024536, -0.18219810724258423, 0.9792063236236572, -0.17585840821266174, -0.21787521243095398, 0.25590983033180237, 0.9252645373344421, 0.13562537729740143, -0.0005706696538254619, -2.651293016242562e-06, 0.9907600283622742, -0.4816771447658539, 0.0021328283473849297, 1.2161658560216893e-05, 0.8763461709022522, 0.11546730995178223, 0.6369473338127136, -0.06365779042243958, 0.7595479488372803, 0.35967254638671875, -0.38442111015319824, 0.7100725173950195, 0.4676036536693573, -0.28876250982284546, 0.04768100753426552, 0.01249726116657257, 0.9561310410499573, 0.530693769454956, -0.07331385463476181, 0.11517469584941864, 0.8364951014518738, 0.4291120767593384, 0.005274947267025709, 0.11596646159887314, 0.8957604765892029, 0.6325327157974243, -0.3539997935295105, 0.5616488456726074, 0.39891988039016724, -0.38782522082328796, -0.03697732090950012, -0.0028589987196028233, 0.9209864735603333, 0.3735457956790924, 0.05492229759693146, -0.10881748050451279, 0.9195683002471924, 0.41494789719581604, -0.049579039216041565, -0.0766914114356041, 0.905250608921051, -0.5598308444023132, -0.48706164956092834, -0.5809510946273804, 0.33444929122924805, -0.026268649846315384, 0.05242778733372688, -4.29054161941167e-05, 0.9982791543006897, 0.026532279327511787, 0.019627269357442856, -0.013276888057589531, 0.9993670582771301, -0.5189880132675171, 0.3455188572406769, -0.47934943437576294, 0.6176506876945496, -0.3360320031642914, -0.16796272993087769, 0.09948839247226715, 0.9213973879814148, 0.49218353629112244, -0.652836799621582, -0.013124175369739532, 0.5756624937057495, 0.3338175415992737, -0.22747531533241272, -0.4375705122947693, 0.8033385872840881, -0.47253888845443726, -0.337361216545105, 0.5157089233398438, 0.6300307512283325, -0.1536186933517456, 0.07601157575845718, -0.16138729453086853, 0.9718939065933228, 0.37810930609703064, 0.5301235318183899, 0.007162198890000582, 0.7589144706726074, 0.27580392360687256, 0.006237673107534647, 0.23074379563331604, 0.9330865740776062, 0.05524154379963875, 0.06195779889822006, -0.17392946779727936, 0.9812533259391785, -0.19289156794548035, -0.22045552730560303, 0.21763859689235687, 0.9310347437858582, 0.13564816117286682, -0.0005816864431835711, -1.401795316269272e-06, 0.9907569289207458, -0.48165687918663025, 0.002123242011293769, 6.654687240370549e-06, 0.8763573169708252, 0.12607406079769135, 0.6949893236160278, -0.03658575564622879, 0.7069346904754639, 0.334471195936203, -0.42580899596214294, 0.6882350444793701, 0.48285436630249023, -0.3058067858219147, 0.051028817892074585, 0.01985093019902706, 0.9505178928375244, 0.5507784485816956, -0.06771191954612732, 0.14742594957351685, 0.8187330961227417, 0.4307378828525543, 0.02050040103495121, 0.12181831151247025, 0.8939826488494873, 0.6253437399864197, -0.3636569380760193, 0.5693895220756531, 0.3905053436756134, -0.33504462242126465, -0.030541589483618736, 0.005965166259557009, 0.9416882395744324, 0.34797099232673645, 0.02908852882683277, -0.08114994317293167, 0.9335334897041321, 0.39540502429008484, -0.030438387766480446, -0.07380610704421997, 0.9150305986404419, -0.5829927921295166, -0.46030712127685547, -0.5766810774803162, 0.3401113450527191, -0.03394845128059387, 0.052025023847818375, 0.03303203359246254, 0.9975218176841736, 0.026256058365106583, 0.010485461913049221, -0.01327539887279272, 0.9995121359825134, -0.5313680768013, 0.3471032977104187, -0.47101327776908875, 0.6126286387443542, -0.37475094199180603, -0.009564392268657684, 0.06979711353778839, 0.9244450330734253, 0.48890045285224915, -0.6492647528648376, -0.013992979191243649, 0.5824395418167114, 0.32801422476768494, -0.24667276442050934, -0.42991963028907776, 0.8041942715644836, -0.533046543598175, -0.38777026534080505, 0.48069122433662415, 0.5783007144927979, -0.3519371747970581, 0.17092445492744446, -0.10503610223531723, 0.9142715930938721, 0.3094492554664612, 0.4351697862148285, -0.0055075702257454395, 0.8454809784889221, 0.34260064363479614, 0.11099076271057129, 0.2676762044429779, 0.8936752080917358, 0.04367012903094292, 0.05633452534675598, -0.1663118302822113, 0.9834936261177063, -0.2312411516904831, -0.20108187198638916, 0.1620955616235733, 0.9379864931106567, 0.13565941154956818, -0.0005948278703726828, -4.4650598773898764e-09, 0.9907553791999817, -0.48164698481559753, 0.0021118915174156427, -2.1320689214121558e-08, 0.8763628005981445, 0.13609209656715393, 0.7486532926559448, -0.02070644125342369, 0.6485124826431274, 0.29215362668037415, -0.4776780903339386, 0.6591479778289795, 0.5019899010658264, -0.29696065187454224, 0.05146663263440132, 0.026706386357545853, 0.9531276822090149, 0.5705304145812988, -0.06857942789793015, 0.16305166482925415, 0.8020012974739075, 0.42908602952957153, 0.03498097509145737, 0.12628813087940216, 0.8937073349952698, 0.6057208776473999, -0.3670938014984131, 0.5863954424858093, 0.39304542541503906, -0.28940239548683167, -0.023932505398988724, 0.011486322619020939, 0.956839382648468, 0.3058527708053589, -0.006522298790514469, -0.07448382675647736, 0.9491384625434875, 0.4010159373283386, -0.01374454889446497, -0.09271562099456787, 0.9112635254859924, -0.6034590601921082, -0.4348495304584503, -0.5709385275840759, 0.3475232422351837, -0.03818017616868019, 0.05056224390864372, 0.06697041541337967, 0.9957413077354431, 0.02269665338099003, 0.007274664007127285, -0.011096681468188763, 0.9996543526649475, -0.5399991273880005, 0.3494085669517517, -0.47162574529647827, 0.6032277345657349, -0.41824787855148315, 0.16004709899425507, 0.08619797229766846, 0.889957070350647, 0.47851234674453735, -0.6237977743148804, -0.021310145035386086, 0.6176149845123291, 0.31519269943237305, -0.2765848934650421, -0.3587929308414459, 0.8339196443557739, -0.5654473304748535, -0.4421878457069397, 0.4634535312652588, 0.5195672512054443, -0.5001510381698608, 0.22271478176116943, -0.057511258870363235, 0.8348290324211121, 0.19454877078533173, 0.25684842467308044, -0.013197236694395542, 0.9465757012367249, 0.2651650309562683, 0.2956242561340332, 0.39653104543685913, 0.8276817202568054, 0.03284195438027382, 0.0477781742811203, -0.15559735894203186, 0.9861177206039429, -0.27742087841033936, -0.15687261521816254, 0.07781881839036942, 0.9446549415588379, 0.13565942645072937, -0.0005948409088887274, -1.7401248442183714e-08, 0.9907553791999817, -0.48164698481559753, 0.0021118964068591595, 1.7933290408223002e-09, 0.8763628005981445, 0.1339838057756424, 0.791814923286438, -0.02156400866806507, 0.595493495464325, 0.26999592781066895, -0.5147091746330261, 0.6395220160484314, 0.5031782388687134, -0.2936040163040161, 0.052878864109516144, 0.032427672296762466, 0.9539124369621277, 0.5937752723693848, -0.0700187012553215, 0.1741454303264618, 0.7824332118034363, 0.4224686622619629, 0.03661896288394928, 0.12524037063121796, 0.8969359993934631, 0.5767037272453308, -0.37419393658638, 0.6062027215957642, 0.3998875319957733, -0.24209941923618317, -0.016317443922162056, 0.013120138086378574, 0.9700254797935486, 0.31344595551490784, -0.015881331637501717, -0.10693090409040451, 0.9434326887130737, 0.40120264887809753, -0.028247153386473656, -0.11294206976890564, 0.9085607528686523, -0.619493842124939, -0.4153517186641693, -0.5629931092262268, 0.356018602848053, -0.03833740949630737, 0.04488452523946762, 0.10003266483545303, 0.9932316541671753, 0.018562542274594307, 0.007936011999845505, -0.009602290578186512, 0.9997500777244568, -0.5330922603607178, 0.36797216534614563, -0.49410706758499146, 0.5798856616020203, -0.43516650795936584, 0.2735074460506439, 0.15410414338111877, 0.843845784664154, 0.4452827572822571, -0.5654376149177551, -0.02793934755027294, 0.6937023401260376, 0.2915877401828766, -0.30871033668518066, -0.2598501145839691, 0.8672672510147095, -0.5767592191696167, -0.48798754811286926, 0.45741382241249084, 0.4690305292606354, -0.574037492275238, 0.20857377350330353, -0.002097461838275194, 0.7918166518211365, 0.13944317400455475, 0.16752062737941742, -0.012334980070590973, 0.9758792519569397, 0.213042750954628, 0.1773599237203598, 0.5091922879219055, 0.8147879838943481, 0.028658468276262283, 0.03986189886927605, -0.1408325433731079, 0.988815426826477, -0.2929844260215759, -0.10408712178468704, -0.021430060267448425, 0.9501929879188538, 0.13565939664840698, -0.000594846613239497, -2.491400685755707e-08, 0.9907553791999817, -0.48164695501327515, 0.0021119152661412954, -9.033064074515096e-09, 0.8763628005981445, 0.12160562723875046, 0.8299115300178528, -0.03862723708152771, 0.5431085824966431, 0.25730931758880615, -0.5399907231330872, 0.6280706524848938, 0.4977240264415741, -0.2913781702518463, 0.05382037162780762, 0.03631243482232094, 0.9544022083282471, 0.6163463592529297, -0.06966179609298706, 0.18689005076885223, 0.7617982029914856, 0.4129032790660858, 0.03025401383638382, 0.12247525900602341, 0.9019952416419983, 0.5569489598274231, -0.360343337059021, 0.6329677104949951, 0.39913955330848694, -0.21731510758399963, -0.011886154301464558, 0.015138950198888779, 0.9759117364883423, 0.31699612736701965, -0.02984328754246235, -0.1247275248169899, 0.9397158622741699, 0.4040580093860626, -0.023711765184998512, -0.12532055377960205, 0.9057977795600891, -0.6337132453918457, -0.401677668094635, -0.5545091032981873, 0.3599754273891449, -0.04022448509931564, 0.03417579457163811, 0.12523552775382996, 0.9907220005989075, 0.015250278636813164, 0.00903701689094305, -0.009509087540209293, 0.9997977018356323, -0.5185316801071167, 0.38399115204811096, -0.5185648798942566, 0.5610402226448059, -0.4238571524620056, 0.3237263262271881, 0.21509140729904175, 0.8180966377258301, 0.38848719000816345, -0.48030683398246765, -0.025167269632220268, 0.7859705686569214, 0.2788637578487396, -0.3222254812717438, -0.19262349605560303, 0.8839128613471985, -0.579444944858551, -0.5244251489639282, 0.45227694511413574, 0.4297296702861786, -0.6165781021118164, 0.15445414185523987, 0.04276593029499054, 0.77080899477005, 0.16345611214637756, 0.1924930363893509, -0.00884943176060915, 0.9675485491752625, 0.10935574769973755, 0.04973167926073074, 0.5299948453903198, 0.8394483923912048, 0.028005896136164665, 0.028369441628456116, -0.12727752327919006, 0.9910657405853271, -0.2832115888595581, -0.043769143521785736, -0.11910216510295868, 0.9506262540817261, 0.13565941154956818, -0.0005948061589151621, -2.8321551326371264e-08, 0.9907553791999817, -0.4816468060016632, 0.002111889189109206, -9.23232246208272e-09, 0.8763629198074341, 0.10213141143321991, 0.8595041632652283, -0.06775804609060287, 0.4962163269519806, 0.25052618980407715, -0.5528331995010376, 0.6259698271751404, 0.4896670877933502, -0.2884047031402588, 0.05407434701919556, 0.038393355906009674, 0.9552091956138611, 0.6350763440132141, -0.06870605796575546, 0.19539685547351837, 0.744162380695343, 0.40147554874420166, 0.01841586083173752, 0.1195039302110672, 0.9078530073165894, 0.5524864792823792, -0.32808345556259155, 0.6605793237686157, 0.388271689414978, -0.22897520661354065, -0.012888921424746513, 0.018649142235517502, 0.9731682538986206, 0.32800522446632385, -0.03010660782456398, -0.1104152649641037, 0.9377177953720093, 0.40416860580444336, -0.01469823531806469, -0.12812624871730804, 0.905547022819519, -0.6450586915016174, -0.39285337924957275, -0.5474956035614014, 0.36029720306396484, -0.04598838463425636, 0.021680304780602455, 0.14046798646450043, 0.9887789487838745, 0.0124336127191782, 0.009023398160934448, -0.009426949545741081, 0.9998375773429871, -0.49789729714393616, 0.39877182245254517, -0.5443852543830872, 0.5447239279747009, -0.3892956078052521, 0.2971768081188202, 0.244310200214386, 0.8369273543357849, 0.3269282579421997, -0.39488476514816284, -0.01697877049446106, 0.8584262728691101, 0.28758612275123596, -0.31597900390625, -0.1580408662557602, 0.8902103900909424, -0.5735963582992554, -0.5526559948921204, 0.45241692662239075, 0.4010953903198242, -0.624869167804718, 0.10360686480998993, 0.05599251016974449, 0.7717959880828857, 0.18012848496437073, 0.21113640069961548, -0.006230545695871115, 0.960695743560791, -0.0042586252093315125, -0.018556179478764534, 0.44932588934898376, 0.8931650519371033, 0.02821960300207138, 0.014294492080807686, -0.11797317117452621, 0.9925128221511841, -0.26855161786079407, 0.019511479884386063, -0.20293733477592468, 0.9414435029029846, 0.13565941154956818, -0.0005948214675299823, -6.5800884740951915e-09, 0.9907553791999817, -0.48164698481559753, 0.0021119150333106518, 1.859748621768631e-08, 0.8763628005981445, 0.08150029182434082, 0.8770819306373596, -0.10104948282241821, 0.46246519684791565, 0.24834991991519928, -0.5500330328941345, 0.6362682580947876, 0.4805712103843689, -0.29338839650154114, 0.055038198828697205, 0.03959714621305466, 0.9535859227180481, 0.6538927555084229, -0.07229959219694138, 0.19050779938697815, 0.7286314964294434, 0.38887661695480347, 0.0053662462159991264, 0.11738456040620804, 0.9137653112411499, 0.5492565631866455, -0.2957039773464203, 0.6936981081962585, 0.3600824475288391, -0.26495346426963806, -0.016874294728040695, 0.023001164197921753, 0.9638391733169556, 0.34791627526283264, -0.015725156292319298, -0.10555897653102875, 0.9314313530921936, 0.40551745891571045, -0.0143692996352911, -0.12752631306648254, 0.9050338268280029, -0.6516884565353394, -0.3852432072162628, -0.5439049005508423, 0.36201855540275574, -0.05753019079566002, 0.015189296565949917, 0.14875350892543793, 0.9870826005935669, 0.009875507093966007, 0.00884185265749693, -0.009952385909855366, 0.9998626112937927, -0.4780694246292114, 0.41429656744003296, -0.5671204924583435, 0.5274300575256348, -0.35083821415901184, 0.25429555773735046, 0.24156580865383148, 0.8682697415351868, 0.303548127412796, -0.36593860387802124, -0.012679144740104675, 0.8796514868736267, 0.3165958523750305, -0.29417937994003296, -0.1451285183429718, 0.8900355696678162, -0.552176296710968, -0.5726044774055481, 0.47020989656448364, 0.3822669982910156, -0.6452792286872864, 0.04274725541472435, 0.07005830109119415, 0.759525716304779, 0.18346652388572693, 0.21395999193191528, -0.0036855051293969154, 0.9594517350196838, -0.08711496740579605, -0.04547430947422981, 0.11941306293010712, 0.9879694581031799, 0.024571919813752174, 0.005737468134611845, -0.11001046746969223, 0.9936100840568542, -0.2510375380516052, 0.0737229436635971, -0.26152172684669495, 0.9290595054626465, 0.13565942645072937, -0.0005948042962700129, -9.400126010916665e-09, 0.9907553791999817, -0.48164692521095276, 0.0021118593867868185, -1.5940702979833077e-08, 0.8763628005981445, 0.06573441624641418, 0.8965322971343994, -0.13123950362205505, 0.41795337200164795, 0.23587743937969208, -0.558158278465271, 0.6413506865501404, 0.4706278443336487, -0.28813713788986206, 0.054731205105781555, 0.040492378175258636, 0.9551658630371094, 0.6693333387374878, -0.07030558586120605, 0.18913695216178894, 0.7150365710258484, 0.38037553429603577, -0.0039625936187803745, 0.11864998936653137, 0.9171810150146484, 0.5343345403671265, -0.27111437916755676, 0.7271042466163635, 0.3351163864135742, -0.29099422693252563, -0.019597843289375305, 0.027635209262371063, 0.9561247825622559, 0.36470484733581543, -0.0005258853198029101, -0.10181469470262527, 0.9255397915840149, 0.40740329027175903, -0.0141054792329669, -0.12522712349891663, 0.9045118689537048, -0.6567609310150146, -0.379136860370636, -0.5407927632331848, 0.3639555275440216, -0.0711129829287529, 0.011108307167887688, 0.15499097108840942, 0.98529052734375, 0.0076568531803786755, 0.008168569765985012, -0.010962878353893757, 0.9998772144317627, -0.4628545045852661, 0.43027263879776, -0.5836248993873596, 0.5099148154258728, -0.32384851574897766, 0.24111232161521912, 0.2338850051164627, 0.884468674659729, 0.3050757348537445, -0.371074914932251, -0.011433575302362442, 0.8769842982292175, 0.3326457738876343, -0.28043386340141296, -0.15004003047943115, 0.8878015875816345, -0.5210702419281006, -0.5880282521247864, 0.4994533061981201, 0.3650411069393158, -0.6821362972259521, -0.028510436415672302, 0.09377304464578629, 0.7246266603469849, 0.18350689113140106, 0.21369829773902893, -0.0013806805945932865, 0.9595084190368652, -0.003759420244023204, 0.022123144939541817, -0.12621596455574036, 0.9917489290237427, 0.019114915281534195, 0.001846261671744287, -0.09882774949073792, 0.9949192404747009, -0.23096159100532532, 0.11490807682275772, -0.3065028190612793, 0.9162471890449524, 0.13565948605537415, -0.0005947995814494789, -2.5384013113693982e-08, 0.9907553791999817, -0.48164692521095276, 0.002111865673214197, 2.603647963894673e-08, 0.8763628005981445, 0.05117777734994888, 0.9101014137268066, -0.15887697041034698, 0.37928131222724915, 0.216792494058609, -0.5678972601890564, 0.6473812460899353, 0.45977306365966797, -0.2792390286922455, 0.05391513556241989, 0.04052194207906723, 0.9578500390052795, 0.6798992156982422, -0.06999099999666214, 0.17832133173942566, 0.707841694355011, 0.3790362775325775, -0.007582350634038448, 0.12465937435626984, 0.9169155359268188, 0.5157156586647034, -0.2533401846885681, 0.7576406598091125, 0.3095751106739044, -0.31646981835365295, -0.022400403395295143, 0.03132475167512894, 0.9478206038475037, 0.38413044810295105, 0.013993512839078903, -0.10673925280570984, 0.9169813394546509, 0.4096149206161499, -0.014169801957905293, -0.12219729274511337, 0.9039262533187866, -0.6610415577888489, -0.3754054307937622, -0.5362457633018494, 0.3667908012866974, -0.08103614300489426, 0.006390852853655815, 0.16194675862789154, 0.9834457635879517, 0.006203438621014357, 0.0072425352409482, -0.012125642038881779, 0.9998810291290283, -0.4490213096141815, 0.43856433033943176, -0.5969597101211548, 0.4996802508831024, -0.28396204113960266, 0.2072756290435791, 0.2213740050792694, 0.9096130728721619, 0.29152920842170715, -0.35629507899284363, -0.007533533964306116, 0.8876979947090149, 0.33769431710243225, -0.2701677680015564, -0.16445070505142212, 0.8865257501602173, -0.4877263605594635, -0.5992535948753357, 0.5303831696510315, 0.34887224435806274, -0.7145235538482666, -0.0876644030213356, 0.10371021926403046, 0.6863055229187012, 0.18135321140289307, 0.211243137717247, -0.0003616971371229738, 0.9604620337486267, 0.04122398421168327, 0.07366234064102173, -0.23300549387931824, 0.9688048958778381, 0.017477326095104218, 0.00044309181976132095, -0.08379136025905609, 0.9963299632072449, -0.21038372814655304, 0.14136675000190735, -0.3451729118824005, 0.9036647081375122, 0.1356595754623413, -0.0005948175094090402, -4.700063449547542e-09, 0.9907553195953369, -0.48164698481559753, 0.0021118423901498318, 1.281898143190574e-08, 0.8763628005981445, 0.04091402888298035, 0.9198098182678223, -0.18396204710006714, 0.3441423773765564, 0.19129090011119843, -0.5770187377929688, 0.6565977334976196, 0.44647127389907837, -0.27375006675720215, 0.05385667458176613, 0.04008570685982704, 0.9594548344612122, 0.68231201171875, -0.07099241018295288, 0.15986227989196777, 0.7098270654678345, 0.3919016718864441, -0.005971528589725494, 0.1377013474702835, 0.9096239805221558, 0.49140089750289917, -0.24207045137882233, 0.7864782214164734, 0.28527021408081055, -0.3412134051322937, -0.02532964199781418, 0.03317955508828163, 0.9390585422515869, 0.40613803267478943, 0.027489112690091133, -0.11784765869379044, 0.9057638645172119, 0.4122270941734314, -0.014624597504734993, -0.11887438595294952, 0.9031743407249451, -0.6637746691703796, -0.3742002844810486, -0.5321423411369324, 0.36905547976493835, -0.0872824564576149, 0.00028243468841537833, 0.1694493144750595, 0.9816662669181824, 0.005880854558199644, 0.005717841442674398, -0.014222383499145508, 0.9998652338981628, -0.4415731430053711, 0.4424096941947937, -0.6054646372795105, 0.4926452934741974, -0.24647030234336853, 0.1835850477218628, 0.20311546325683594, 0.9296736121177673, 0.2785490155220032, -0.3439951539039612, -0.005196780432015657, 0.8966888189315796, 0.3429667353630066, -0.25628966093063354, -0.17892228066921234, 0.8858195543289185, -0.45658013224601746, -0.6059252023696899, 0.5594188570976257, 0.33382606506347656, -0.7366993427276611, -0.12664493918418884, 0.0954144150018692, 0.657366931438446, 0.18075136840343475, 0.20819324254989624, 0.0005396712222136557, 0.9612410068511963, 0.02545802667737007, 0.1269967257976532, -0.2663039565086365, 0.9551470875740051, 0.01678081974387169, 3.3224121580133215e-05, -0.0656549260020256, 0.9977012872695923, -0.18977466225624084, 0.1565662920475006, -0.38005977869033813, 0.8916429281234741, 0.13565947115421295, -0.0005948212929069996, -3.454179164918969e-08, 0.9907553791999817, -0.4816470146179199, 0.0021118372678756714, 2.437599277982372e-08, 0.8763627409934998, 0.035451874136924744, 0.9282548427581787, -0.21419310569763184, 0.3020058274269104, 0.15988415479660034, -0.5836167931556702, 0.6728549003601074, 0.4255523681640625, -0.2804974913597107, 0.05491119623184204, 0.04185032099485397, 0.9573685526847839, 0.6689053773880005, -0.06589758396148682, 0.1406814604997635, 0.7269331812858582, 0.42764216661453247, -0.001997849205508828, 0.16433489322662354, 0.888882577419281, 0.4579427242279053, -0.23444409668445587, 0.813661515712738, 0.27070167660713196, -0.3561117649078369, -0.02693885937333107, 0.035572636872529984, 0.9333773851394653, 0.428972065448761, 0.04006330668926239, -0.12495405226945877, 0.8937362432479858, 0.41449782252311707, -0.01493834424763918, -0.11560381203889847, 0.9025542736053467, -0.6661646366119385, -0.3746742904186249, -0.5279386639595032, 0.3703034222126007, -0.0893469750881195, -0.008791559375822544, 0.17235539853572845, 0.9809349775314331, 0.005057950504124165, 0.004108515102416277, -0.015324299223721027, 0.9998613595962524, -0.44023752212524414, 0.44889527559280396, -0.606307327747345, 0.4869039058685303, -0.23371268808841705, 0.18855100870132446, 0.16780105233192444, 0.9389727115631104, 0.2726064622402191, -0.3393271267414093, -0.0030717903282493353, 0.9002962708473206, 0.35933274030685425, -0.23241564631462097, -0.1805884838104248, 0.8855793476104736, -0.43380922079086304, -0.6102038621902466, 0.580143392086029, 0.3207716941833496, -0.7405965328216553, -0.118878573179245, 0.08176816254854202, 0.6562763452529907, 0.1774759739637375, 0.20276060700416565, 0.0005485727451741695, 0.9630109667778015, 0.014972880482673645, 0.15133681893348694, -0.31840863823890686, 0.9356756806373596, 0.01833287626504898, -0.0042551616206765175, -0.05110420286655426, 0.9985160231590271, -0.17069630324840546, 0.1650720089673996, -0.4113605320453644, 0.8799980282783508, 0.13565948605537415, -0.0005950451595708728, 4.6996959213174705e-08, 0.9907553791999817, -0.48164695501327515, 0.0021115692798048258, -1.2440389696166676e-07, 0.8763628005981445, 0.034370120614767075, 0.9356118440628052, -0.2378510981798172, 0.2586040496826172, 0.1046762466430664, -0.5878729820251465, 0.7094324827194214, 0.3743712604045868, -0.30938148498535156, 0.058943040668964386, 0.04394629970192909, 0.9480915665626526, 0.6434478163719177, -0.06395094096660614, 0.09039066731929779, 0.7574396133422852, 0.4536771774291992, -0.002603592351078987, 0.19865034520626068, 0.8687395453453064, 0.42242342233657837, -0.23560644686222076, 0.834822416305542, 0.26290610432624817, -0.36545518040657043, -0.02813900075852871, 0.0366581566631794, 0.9296810626983643, 0.45133182406425476, 0.050859931856393814, -0.1249234527349472, 0.8821037411689758, 0.41665512323379517, -0.015317380428314209, -0.11270374059677124, 0.9019211530685425, -0.6661354899406433, -0.3766377568244934, -0.5270112156867981, 0.3696846663951874, -0.08572756499052048, -0.016859587281942368, 0.17029300332069397, 0.9815125465393066, 0.004588390234857798, 0.002201966242864728, -0.01650293543934822, 0.999850869178772, -0.44276800751686096, 0.45665213465690613, -0.6033352017402649, 0.4810529947280884, -0.24704638123512268, 0.21216897666454315, 0.11944030225276947, 0.9379159808158875, 0.2715538442134857, -0.34134232997894287, -0.0016314781969413161, 0.8998562693595886, 0.37767699360847473, -0.20991039276123047, -0.17874012887477875, 0.8839398622512817, -0.41592222452163696, -0.6089440584182739, 0.5985230803489685, 0.3129952847957611, -0.7350125312805176, -0.08928211033344269, 0.06077980250120163, 0.669396162033081, 0.17287732660770416, 0.19510690867900848, 0.0012873858213424683, 0.9654248356819153, 0.05551689863204956, 0.12632963061332703, -0.3497329354286194, 0.9266313314437866, 0.020482463762164116, -0.010028498247265816, -0.043483417481184006, 0.9987938404083252, -0.15384399890899658, 0.16960567235946655, -0.4325466454029083, 0.8720489740371704, 0.13565939664840698, -0.0005950459162704647, 3.478780996601927e-08, 0.9907553791999817, -0.48164698481559753, 0.002111667301505804, -1.3815275679007755e-07, 0.8763628005981445, 0.03565637022256851, 0.9432187080383301, -0.24782678484916687, 0.21828649938106537, 0.034051649272441864, -0.5837745070457458, 0.7524406313896179, 0.3031187355518341, -0.35353347659111023, 0.06468773633241653, 0.04456232860684395, 0.9321178793907166, 0.5982879996299744, -0.049523308873176575, 0.01592741720378399, 0.7995906472206116, 0.48600998520851135, -0.019893625751137733, 0.23800809681415558, 0.8406846523284912, 0.3928268253803253, -0.24919459223747253, 0.8461107611656189, 0.26016485691070557, -0.3726678192615509, -0.02920665219426155, 0.03773713484406471, 0.9267371296882629, 0.47375884652137756, 0.06124384328722954, -0.11724373698234558, 0.8706639409065247, 0.41858455538749695, -0.015549437142908573, -0.11042633652687073, 0.9013053178787231, -0.6641997694969177, -0.37819820642471313, -0.5284656286239624, 0.3694983124732971, -0.07549521327018738, -0.019297219812870026, 0.16640818119049072, 0.9829732775688171, 0.004236861597746611, 0.0005110559286549687, -0.016874196007847786, 0.9998485445976257, -0.44961461424827576, 0.46605435013771057, -0.595961332321167, 0.47483691573143005, -0.27213284373283386, 0.2532411515712738, 0.07209091633558273, 0.925535261631012, 0.2751536965370178, -0.34854739904403687, -0.0005851282621733844, 0.8959937691688538, 0.3854239881038666, -0.19949568808078766, -0.18405655026435852, 0.8819144368171692, -0.39971181750297546, -0.6009435057640076, 0.6184674501419067, 0.3107980787754059, -0.726412296295166, -0.07715731114149094, 0.04591304063796997, 0.6813691258430481, 0.1887117177248001, 0.21672838926315308, 0.005307926796376705, 0.9578040242195129, 0.09968859702348709, 0.09483486413955688, -0.32879844307899475, 0.9343233704566956, 0.02159310318529606, -0.011762967333197594, -0.04196350648999214, 0.9988165497779846, -0.14012928307056427, 0.1706901639699936, -0.44532090425491333, 0.8677084445953369, 0.1356600672006607, -0.0005960696144029498, 1.6074217512596078e-07, 0.9907553195953369, -0.4816465675830841, 0.0021108845248818398, -6.461960992965032e-07, 0.8763630390167236, 0.0379098616540432, 0.9515088200569153, -0.24451375007629395, 0.18277569115161896, -0.02881079539656639, -0.565737783908844, 0.7908332943916321, 0.2317185401916504, -0.40505945682525635, 0.07096792012453079, 0.0428180918097496, 0.9105256795883179, 0.519217312335968, -0.006115690339356661, -0.05770743265748024, 0.8526698350906372, 0.545414388179779, -0.05909835174679756, 0.2820669114589691, 0.787063479423523, 0.3737344443798065, -0.269575297832489, 0.8489888906478882, 0.25859159231185913, -0.3806905448436737, -0.030502434819936752, 0.03910817578434944, 0.9233714938163757, 0.4934890866279602, 0.0720953568816185, -0.10302745550870895, 0.8606138229370117, 0.42023056745529175, -0.015597228892147541, -0.10924527049064636, 0.900682270526886, -0.6601529717445374, -0.3799682557582855, -0.5319558382034302, 0.3699258267879486, -0.05780329555273056, -0.015837587416172028, 0.16239850223064423, 0.9849033951759338, 0.004833786282688379, -0.0009784342255443335, -0.01700984314084053, 0.999843180179596, -0.4605407118797302, 0.4729844927787781, -0.5854427218437195, 0.47057920694351196, -0.30343207716941833, 0.307197630405426, 0.030860822647809982, 0.9014467597007751, 0.27809083461761475, -0.35431981086730957, 0.0004855759907513857, 0.8928173184394836, 0.38871434330940247, -0.19492541253566742, -0.1984870284795761, 0.8783553838729858, -0.3829658627510071, -0.5862778425216675, 0.641642153263092, 0.3129071891307831, -0.7208670377731323, -0.10653731971979141, 0.0640590488910675, 0.6818335652351379, 0.2554461359977722, 0.3132425546646118, 0.014463449828326702, 0.9145585298538208, 0.14332838356494904, 0.07463173568248749, -0.29249894618988037, 0.9425134062767029, 0.020328190177679062, -0.008245028555393219, -0.04381263256072998, 0.9987989664077759, -0.13361892104148865, 0.16617092490196228, -0.4516216814517975, 0.8663550615310669, 0.135662242770195, -0.0005969046032987535, 2.2090307538746856e-07, 0.9907549619674683, -0.48164451122283936, 0.0021099569275975227, -1.0945931308015133e-06, 0.8763641715049744, 0.03682641312479973, 0.960451602935791, -0.22732603549957275, 0.15652281045913696, -0.04571451246738434, -0.5360792279243469, 0.8208936452865601, 0.19147571921348572, -0.4615490436553955, 0.07751636952161789, 0.04152676835656166, 0.8827452659606934, 0.42779970169067383, 0.06237266957759857, -0.08672162145376205, 0.8975391387939453, 0.5851734280586243, -0.10928825289011002, 0.3137102425098419, 0.7397392392158508, 0.3722360134124756, -0.2968635559082031, 0.8411951065063477, 0.2563263773918152, -0.3853261172771454, -0.03172806277871132, 0.040796276181936264, 0.921332061290741, 0.5069913268089294, 0.08339517563581467, -0.08215656131505966, 0.8539644479751587, 0.4215906262397766, -0.015245373360812664, -0.10970979928970337, 0.8999959230422974, -0.6533016562461853, -0.3814038038253784, -0.5369294881820679, 0.37340980768203735, -0.03191860392689705, -0.005546280648559332, 0.15626120567321777, 0.9871843457221985, 0.007165032904595137, -0.001976806204766035, -0.017306840047240257, 0.9998226165771484, -0.4697321057319641, 0.4739691913127899, -0.5772464871406555, 0.4706287384033203, -0.3292602002620697, 0.3582509458065033, -0.00717820692807436, 0.8736088871955872, 0.2723360061645508, -0.34732580184936523, 0.002497129375115037, 0.8973247408866882, 0.3933820128440857, -0.18986737728118896, -0.22046969830989838, 0.8721204996109009, -0.3661809265613556, -0.5632796883583069, 0.6671850085258484, 0.32170143723487854, -0.7172607183456421, -0.17467333376407623, 0.09702017903327942, 0.6675428152084351, 0.3450198173522949, 0.4492170512676239, 0.025837188586592674, 0.8237097859382629, 0.18246059119701385, 0.06887170672416687, -0.2740427851676941, 0.9417353272438049, 0.017835160717368126, 0.0015283692628145218, -0.04978509619832039, 0.9985995292663574, -0.14414866268634796, 0.1537657380104065, -0.4531843364238739, 0.8661416172981262, 0.1356622874736786, -0.000598360609728843, 4.136020663736417e-07, 0.9907549619674683, -0.4816443920135498, 0.002108757384121418, -1.7365374560540658e-06, 0.8763642311096191, 0.03219451382756233, 0.9673922657966614, -0.20664210617542267, 0.14288023114204407, -0.03724922612309456, -0.50767582654953, 0.8416755199432373, 0.18016701936721802, -0.5157527327537537, 0.08343585580587387, 0.04095126688480377, 0.8516810536384583, 0.45130014419555664, 0.053780823945999146, -0.07686746120452881, 0.8874272704124451, 0.51265949010849, -0.10600187629461288, 0.28622984886169434, 0.8025062680244446, 0.38041624426841736, -0.3285903036594391, 0.8259098529815674, 0.2553131878376007, -0.37728312611579895, -0.031325604766607285, 0.0399680994451046, 0.9247046709060669, 0.5123109221458435, 0.09094200283288956, -0.061664994806051254, 0.8517420291900635, 0.4230673313140869, -0.014649970456957817, -0.11171332001686096, 0.8990659713745117, -0.644653856754303, -0.3834311068058014, -0.5413767695426941, 0.37988585233688354, -0.0019501086790114641, 0.006389292422682047, 0.1493648886680603, 0.9887595772743225, 0.010732367634773254, -0.003022832330316305, -0.018331730738282204, 0.9997698068618774, -0.4731186032295227, 0.46775662899017334, -0.5750628113746643, 0.47609373927116394, -0.346151202917099, 0.3943822979927063, -0.049423713237047195, 0.8498231172561646, 0.258131206035614, -0.32852351665496826, 0.005122379399836063, 0.9085232019424438, 0.39803430438041687, -0.18350017070770264, -0.24405035376548767, 0.8650640845298767, -0.34911680221557617, -0.5348365306854248, 0.6932020783424377, 0.33397358655929565, -0.7073703408241272, -0.23341341316699982, 0.10491792857646942, 0.6588912606239319, 0.3999789357185364, 0.5273922085762024, 0.03370985388755798, 0.748824417591095, 0.22146248817443848, 0.07333554327487946, -0.27056053280830383, 0.9340092539787292, 0.015705382451415062, 0.013399018906056881, -0.0557854101061821, 0.9982293248176575, -0.1707593947649002, 0.1329711228609085, -0.46152105927467346, 0.860324501991272, 0.13565880060195923, -0.000598554965108633, 3.609648615565675e-07, 0.9907554388046265, -0.4816475808620453, 0.002108619548380375, -1.8767525489238324e-06, 0.8763625025749207, 0.02796712890267372, 0.9710813760757446, -0.18888138234615326, 0.1433270275592804, 0.01951480843126774, -0.44132760167121887, 0.878193199634552, 0.18337348103523254, -0.588420569896698, 0.090531125664711, 0.047168999910354614, 0.8020850419998169, 0.47879770398139954, 0.03785169869661331, -0.044075559824705124, 0.8760007619857788, 0.49569305777549744, -0.08580248802900314, 0.26940473914146423, 0.8211866617202759, 0.3927564322948456, -0.35471534729003906, 0.8084231019020081, 0.2576266825199127, -0.36846646666526794, -0.03051275759935379, 0.03847665712237358, 0.9283431172370911, 0.5156978368759155, 0.09442111104726791, -0.047687847167253494, 0.8502154350280762, 0.42488807439804077, -0.013680675067007542, -0.11444400995969772, 0.8978783488273621, -0.6378024816513062, -0.3869495093822479, -0.5421798229217529, 0.38667717576026917, 0.02786741591989994, 0.018668364733457565, 0.1412203162908554, 0.9894098043441772, 0.013605117797851562, -0.0029227775521576405, -0.018450705334544182, 0.9997329115867615, -0.4713687598705292, 0.4576580822467804, -0.5761039853096008, 0.48627638816833496, -0.35743167996406555, 0.4098580479621887, -0.09657125174999237, 0.833626389503479, 0.238997682929039, -0.30338212847709656, 0.00838770717382431, 0.9223714470863342, 0.4009355902671814, -0.17629757523536682, -0.26481369137763977, 0.8590946197509766, -0.3324740529060364, -0.503459095954895, 0.7170581817626953, 0.349023699760437, -0.6991370320320129, -0.28100907802581787, 0.10530638694763184, 0.6489621996879578, 0.43541792035102844, 0.5828059315681458, 0.0402965173125267, 0.6849268078804016, 0.2648002803325653, 0.07768495380878448, -0.26065653562545776, 0.9251508116722107, 0.01566215604543686, 0.02481638453900814, -0.06303256005048752, 0.9975799322128296, -0.20290464162826538, 0.10657112300395966, -0.4687219560146332, 0.8530955910682678, 0.13565954566001892, -0.0005972586805000901, 2.1480022383002506e-07, 0.9907553791999817, -0.4816468358039856, 0.0021096738055348396, -1.289004899263091e-06, 0.8763629198074341, 0.02598930336534977, 0.9728239178657532, -0.17374560236930847, 0.15083332359790802, 0.08235011994838715, -0.3644751012325287, 0.9085086584091187, 0.18705207109451294, -0.6413912773132324, 0.09548765420913696, 0.05386630445718765, 0.7593404054641724, 0.4907887876033783, 0.022783970460295677, -0.009676933288574219, 0.8709268569946289, 0.49394962191581726, -0.057224422693252563, 0.2526234984397888, 0.8300123810768127, 0.4049069285392761, -0.37925517559051514, 0.7887548208236694, 0.2647295594215393, -0.3568136692047119, -0.02933596819639206, 0.03627382218837738, 0.9330099821090698, 0.517745852470398, 0.09533286839723587, -0.036344029009342194, 0.8494292497634888, 0.42705038189888, -0.012460505589842796, -0.1178237572312355, 0.8964319825172424, -0.6307896375656128, -0.39155516028404236, -0.5428338050842285, 0.3925817310810089, 0.05509675666689873, 0.029911110177636147, 0.1313532590866089, 0.9893513321876526, 0.016413994133472443, -0.0021237151231616735, -0.01850493997335434, 0.9996917843818665, -0.46479251980781555, 0.4470997452735901, -0.5818135738372803, 0.49554285407066345, -0.36614617705345154, 0.4088571071624756, -0.14061912894248962, 0.8240140080451965, 0.21703216433525085, -0.27420952916145325, 0.011518754065036774, 0.9367889165878296, 0.40164634585380554, -0.16847236454486847, -0.2820282280445099, 0.8548434972763062, -0.31502434611320496, -0.46752744913101196, 0.7402879595756531, 0.36626699566841125, -0.695969820022583, -0.30733540654182434, 0.09801700711250305, 0.641532301902771, 0.463390976190567, 0.6266533136367798, 0.045591723173856735, 0.624896764755249, 0.3009188175201416, 0.07454252243041992, -0.23071056604385376, 0.922314465045929, 0.017276423051953316, 0.03579503297805786, -0.07148689776659012, 0.9966493248939514, -0.23578450083732605, 0.07928064465522766, -0.4723508059978485, 0.8455796837806702, 0.13566087186336517, -0.0005965153104625642, 1.7061233847925905e-07, 0.9907551407814026, -0.48164570331573486, 0.002110336674377322, -8.39077983982861e-07, 0.8763635158538818, 0.02758914604783058, 0.9729365706443787, -0.16213971376419067, 0.16230855882167816, 0.13917072117328644, -0.29166874289512634, 0.9267067909240723, 0.19176913797855377, -0.6623684763908386, 0.09701644629240036, 0.05818271264433861, 0.7405880093574524, 0.4817211925983429, 0.011811618693172932, 0.024444561451673508, 0.8759039044380188, 0.4827730357646942, -0.033122554421424866, 0.23032286763191223, 0.8442656993865967, 0.41647061705589294, -0.401676207780838, 0.7667610049247742, 0.2780036926269531, -0.345669150352478, -0.028313880786299706, 0.033950336277484894, 0.937314510345459, 0.5219343304634094, 0.0962657481431961, -0.025141539052128792, 0.8471631407737732, 0.4288729131221771, -0.011234859004616737, -0.12141741812229156, 0.895097553730011, -0.6239408850669861, -0.39600124955177307, -0.5440627932548523, 0.39733681082725525, 0.07538935542106628, 0.03845042362809181, 0.1196339800953865, 0.9892045855522156, 0.018642326816916466, 0.0002366556436754763, -0.018110480159521103, 0.9996621608734131, -0.45255517959594727, 0.4344204068183899, -0.5926340818405151, 0.5052302479743958, -0.3765695095062256, 0.39419132471084595, -0.16725657880306244, 0.8214827179908752, 0.19047562777996063, -0.23739922046661377, 0.014247649349272251, 0.9524482488632202, 0.4003831744194031, -0.16062453389167786, -0.2939792275428772, 0.8529181480407715, -0.2989290654659271, -0.4293057918548584, 0.7599600553512573, 0.3857443034648895, -0.6969802975654602, -0.29192468523979187, 0.07332058995962143, 0.650862991809845, 0.4875141680240631, 0.6646086573600769, 0.04932789504528046, 0.5640851855278015, 0.3251797556877136, 0.06707483530044556, -0.16505396366119385, 0.9287175536155701, 0.020971667021512985, 0.04504742845892906, -0.081870898604393, 0.9954034686088562, -0.2595404088497162, 0.05862943083047867, -0.46707743406295776, 0.8432319164276123, 0.13566260039806366, -0.0005952978390268981, -3.290045569315225e-08, 0.9907549023628235, -0.4816440939903259, 0.002111514564603567, -2.911829710683378e-07, 0.8763644099235535, 0.03473176062107086, 0.9700632095336914, -0.1507113128900528, 0.18723563849925995, 0.18641626834869385, -0.23666642606258392, 0.9329965114593506, 0.19686417281627655, -0.6488627791404724, 0.09466692805290222, 0.057560618966817856, 0.7527961730957031, 0.4559272825717926, 0.011680138297379017, 0.04565003141760826, 0.8887687921524048, 0.4495059549808502, -0.018072551116347313, 0.20128557085990906, 0.8701160550117493, 0.42547714710235596, -0.4279431104660034, 0.7396504282951355, 0.29791122674942017, -0.33792632818222046, -0.027670707553625107, 0.031349483877420425, 0.9402432441711426, 0.5344918370246887, 0.09709174931049347, -0.02434256114065647, 0.8392253518104553, 0.42885029315948486, -0.010804749093949795, -0.12400855123996735, 0.894758403301239, -0.617846667766571, -0.400016725063324, -0.5446226596832275, 0.4020427465438843, 0.08803357183933258, 0.04503158852458, 0.1102779433131218, 0.9889696836471558, 0.020388467237353325, 0.004690156783908606, -0.01703464426100254, 0.9996359944343567, -0.441314697265625, 0.4223821461200714, -0.6007279753684998, 0.5157136917114258, -0.38511186838150024, 0.37283238768577576, -0.16808825731277466, 0.8273035883903503, 0.16896380484104156, -0.20537228882312775, 0.015386555343866348, 0.9638655781745911, 0.39727163314819336, -0.1526273638010025, -0.28850576281547546, 0.8576972484588623, -0.28809791803359985, -0.3931216597557068, 0.7722093462944031, 0.4076122045516968, -0.6901677846908569, -0.23561476171016693, 0.033278726041316986, 0.6834081411361694, 0.5042513608932495, 0.6925565004348755, 0.05040905252099037, 0.5133761763572693, 0.3466150462627411, 0.07196978479623795, -0.08687178045511246, 0.9311990141868591, 0.026316875591874123, 0.05213369429111481, -0.09293261915445328, 0.9939582943916321, -0.27624183893203735, 0.04404979571700096, -0.45139509439468384, 0.8473443984985352, 0.13566607236862183, -0.0005932185449637473, -2.8388407713464403e-07, 0.9907544851303101, -0.48164102435112, 0.0021132221445441246, 7.492101872230705e-07, 0.8763660788536072, 0.048446789383888245, 0.9626167416572571, -0.13996176421642303, 0.22678764164447784, 0.22048377990722656, -0.20247259736061096, 0.9336346983909607, 0.1967688649892807, -0.6032541394233704, 0.09004668146371841, 0.05169156938791275, 0.7907617092132568, 0.41947218775749207, 0.023414170369505882, 0.048146601766347885, 0.9061880707740784, 0.4155781865119934, 0.0010936034377664328, 0.16741979122161865, 0.8940157890319824, 0.42434966564178467, -0.458998441696167, 0.7103464603424072, 0.3235052227973938, -0.3376882076263428, -0.02740558050572872, 0.025250284001231194, 0.9405201077461243, 0.5585499405860901, 0.09479580819606781, -0.037099890410900116, 0.8232007026672363, 0.42832836508750916, -0.011458274908363819, -0.12628327310085297, 0.8946821093559265, -0.6094383001327515, -0.40752798318862915, -0.5483198761940002, 0.40230756998062134, 0.09427949786186218, 0.04896508902311325, 0.09844784438610077, 0.9894553422927856, 0.02277941256761551, 0.008223735727369785, -0.018381375819444656, 0.9995377063751221, -0.43115395307540894, 0.4124574661254883, -0.6082396507263184, 0.5234783291816711, -0.3867814242839813, 0.34534889459609985, -0.15103502571582794, 0.841619074344635, 0.17621871829032898, -0.21316587924957275, 0.013087566010653973, 0.9609037637710571, 0.39282718300819397, -0.14439480006694794, -0.26381275057792664, 0.8690453171730042, -0.2879272699356079, -0.3610404431819916, 0.771059513092041, 0.4384232461452484, -0.677692174911499, -0.1710365116596222, -0.023122448474168777, 0.7148042917251587, 0.5137214660644531, 0.7043319940567017, 0.05178326740860939, 0.48716041445732117, 0.3636728525161743, 0.09057409316301346, -0.04615858942270279, 0.9259631633758545, 0.031658392399549484, 0.05651101469993591, -0.10465547442436218, 0.992396891117096, -0.3059847950935364, 0.03361402451992035, -0.42435887455940247, 0.8515650033950806, 0.13569143414497375, -0.0005834251642227173, -1.5030867643872625e-06, 0.9907510280609131, -0.4816187620162964, 0.0021219111513346434, 5.703482656826964e-06, 0.8763782978057861, 0.06743501126766205, 0.9489228129386902, -0.13191841542720795, 0.2785598039627075, 0.24904483556747437, -0.19093337655067444, 0.9294299483299255, 0.19411638379096985, -0.5276398658752441, 0.08208627253770828, 0.04300501570105553, 0.8443983793258667, 0.3786037564277649, 0.04342332482337952, 0.03411708027124405, 0.9239100217819214, 0.38356736302375793, 0.021978158503770828, 0.1310243159532547, 0.9139068126678467, 0.4160654544830322, -0.49693095684051514, 0.6727879047393799, 0.3567992150783539, -0.3189627528190613, -0.025264983996748924, 0.020555874332785606, 0.9472073912620544, 0.5737106204032898, 0.09195798635482788, -0.06329339742660522, 0.8114147186279297, 0.42947158217430115, -0.011467785574495792, -0.12912005186080933, 0.8937285542488098, -0.5999848246574402, -0.41691842675209045, -0.5558501482009888, 0.3965199589729309, 0.09272529184818268, 0.04954222962260246, 0.07733812183141708, 0.9914466142654419, 0.025277029722929, 0.01048764493316412, -0.02062332257628441, 0.9994127154350281, -0.41964849829673767, 0.40467047691345215, -0.6166413426399231, 0.5290467739105225, -0.3855658173561096, 0.30062922835350037, -0.12417760491371155, 0.8634471893310547, 0.22632192075252533, -0.2803204357624054, 0.005914526060223579, 0.9328257441520691, 0.388325572013855, -0.13828162848949432, -0.24468746781349182, 0.8776158094406128, -0.3078555464744568, -0.34115147590637207, 0.7459313869476318, 0.4821068048477173, -0.6666461229324341, -0.1187768280506134, -0.10209584981203079, 0.7287328243255615, 0.5097136497497559, 0.691810667514801, 0.05599125102162361, 0.5083845853805542, 0.3734515905380249, 0.12585404515266418, -0.09407620877027512, 0.9142452478408813, 0.03778783604502678, 0.055270835757255554, -0.12077106535434723, 0.9904199242591858, -0.35219651460647583, 0.028112169355154037, -0.37378814816474915, 0.8575836420059204, 0.13568048179149628, -0.0005876562790945172, -9.193350365421793e-07, 0.9907525181770325, -0.4816283583641052, 0.0021181481424719095, 3.569015007087728e-06, 0.8763730525970459, 0.08869173377752304, 0.9297377467155457, -0.13161680102348328, 0.3322628140449524, 0.2722037136554718, -0.202836275100708, 0.9205181002616882, 0.19341416656970978, -0.4471769332885742, 0.07315662503242493, 0.034000590443611145, 0.8908001780509949, 0.3602305054664612, 0.060258109122514725, 0.010296791791915894, 0.9308581352233887, 0.3573843240737915, 0.03240662068128586, 0.1047087013721466, 0.9275032877922058, 0.4008614122867584, -0.5319636464118958, 0.6308497190475464, 0.3979364037513733, -0.2894940972328186, -0.02196461707353592, 0.016671139746904373, 0.9567825198173523, 0.5829489231109619, 0.0894855409860611, -0.09069684147834778, 0.8024568557739258, 0.4332188665866852, -0.010366665199398994, -0.13331738114356995, 0.891313910484314, -0.5894319415092468, -0.4283193349838257, -0.5657707452774048, 0.386025995016098, 0.08542664349079132, 0.04760841280221939, 0.0490809828042984, 0.9939953684806824, 0.02780245430767536, 0.010374538600444794, -0.022428300231695175, 0.9993079304695129, -0.4096164107322693, 0.39859431982040405, -0.6241106390953064, 0.5327503681182861, -0.3812287449836731, 0.2278599590063095, -0.08661007881164551, 0.8917641043663025, 0.31302395462989807, -0.3998951315879822, -0.004654175601899624, 0.8614396452903748, 0.37618276476860046, -0.14130154252052307, -0.2691715657711029, 0.8752526044845581, -0.3417074382305145, -0.32801225781440735, 0.6992223858833313, 0.5354737043380737, -0.6493539214134216, -0.08262350410223007, -0.1964140385389328, 0.7300235629081726, 0.4916028678417206, 0.6615301370620728, 0.061551179736852646, 0.562952995300293, 0.36848071217536926, 0.16811604797840118, -0.21851013600826263, 0.8878132104873657, 0.04500388354063034, 0.04921480640769005, -0.14366494119167328, 0.9873768091201782, -0.4013621211051941, 0.02299679070711136, -0.2952320873737335, 0.8667281270027161, 0.13566286861896515, -0.0005930562620051205, -1.94575363821059e-07, 0.9907549023628235, -0.4816440939903259, 0.002113359048962593, 8.756743454796379e-07, 0.8763644099235535, 0.1023082509636879, 0.9109557867050171, -0.13755667209625244, 0.37519434094429016, 0.30075159668922424, -0.21672219038009644, 0.9041475653648376, 0.21236111223697662, -0.4471878111362457, 0.0723894014954567, 0.03017200529575348, 0.8909952640533447, 0.42170971632003784, 0.04694519564509392, 0.02093236893415451, 0.9052728414535522, 0.3693544864654541, 0.03033817932009697, 0.10106389969587326, 0.9232783913612366, 0.39570358395576477, -0.5519305467605591, 0.5922819972038269, 0.4335819482803345, -0.27075523138046265, -0.02008233778178692, 0.014301639050245285, 0.9623324871063232, 0.6005640029907227, 0.09953999519348145, -0.10482189059257507, 0.7864013314247131, 0.43078792095184326, -0.01180504634976387, -0.13475193083286285, 0.8922579884529114, -0.5814316868782043, -0.43730688095092773, -0.5744332075119019, 0.3751351237297058, 0.07537408173084259, 0.0455472469329834, 0.018850436434149742, 0.9959361553192139, 0.02998949959874153, 0.010389535687863827, -0.021742094308137894, 0.9992597103118896, -0.40339791774749756, 0.3932849168777466, -0.6284643411636353, 0.5363112092018127, -0.37311112880706787, 0.11413257569074631, -0.024045318365097046, 0.9204258322715759, 0.3842707574367523, -0.4976400136947632, -0.012828310951590538, 0.7775126099586487, 0.36148735880851746, -0.1504613608121872, -0.3051459789276123, 0.8680865168571472, -0.3774298429489136, -0.31611594557762146, 0.6438285708427429, 0.5857492685317993, -0.6025209426879883, -0.0465872697532177, -0.267008513212204, 0.7506694197654724, 0.46469467878341675, 0.6247162818908691, 0.058243270963430405, 0.62481689453125, 0.3584006130695343, 0.18709242343902588, -0.31885644793510437, 0.8572490811347961, 0.05340327322483063, 0.041571956127882004, -0.17062048614025116, 0.983009934425354, -0.4254082143306732, 0.0006751389591954648, -0.1941954791545868, 0.8839205503463745, 0.13565948605537415, -0.0005947977188043296, -3.760050493184508e-09, 0.9907553791999817, -0.4816471040248871, 0.002111876616254449, 6.641959759967619e-10, 0.8763627409934998, 0.10668053478002548, 0.8905330896377563, -0.14372782409191132, 0.4182251989841461, 0.3486979007720947, -0.21711541712284088, 0.8780280947685242, 0.2456367462873459, -0.4589386284351349, 0.07266445457935333, 0.0282602459192276, 0.8850404024124146, 0.4664420783519745, 0.01692161336541176, 0.07276687771081924, 0.8813912272453308, 0.37365615367889404, 0.023235293105244637, 0.09235689789056778, 0.9226654171943665, 0.3921104967594147, -0.5639888048171997, 0.5568810701370239, 0.466957688331604, -0.24992689490318298, -0.0178202074021101, 0.0118000078946352, 0.9680288434028625, 0.6126195788383484, 0.10265612602233887, -0.11766505986452103, 0.7747992873191833, 0.4309629201889038, -0.01207126397639513, -0.1373656839132309, 0.8917711973190308, -0.575075626373291, -0.442010760307312, -0.5863260626792908, 0.3607442378997803, 0.059828437864780426, 0.044382981956005096, -0.013679618015885353, 0.9971276521682739, 0.03092287853360176, 0.010335497558116913, -0.019235188141465187, 0.9992832541465759, -0.40282538533210754, 0.384866863489151, -0.6283458471298218, 0.5429463386535645, -0.3616540729999542, -0.03757162764668465, 0.05274268612265587, 0.9300607442855835, 0.4221659302711487, -0.5509614944458008, -0.01664995402097702, 0.719680666923523, 0.3587696850299835, -0.14706791937351227, -0.3237253427505493, 0.863051176071167, -0.42189833521842957, -0.3095957338809967, 0.5772741436958313, 0.626822829246521, -0.5404472351074219, -0.009169028140604496, -0.28476694226264954, 0.7916694283485413, 0.4136218726634979, 0.5602794885635376, 0.04320131242275238, 0.716336190700531, 0.34225988388061523, 0.14893516898155212, -0.32930389046669006, 0.8673150539398193, 0.05939241126179695, 0.037924624979496, -0.1922980397939682, 0.9788032174110413, -0.41862574219703674, -0.04096117615699768, -0.08894854038953781, 0.9028636813163757, 0.1356593817472458, -0.0005948443431407213, -3.951357641085451e-08, 0.9907553791999817, -0.48164695501327515, 0.0021118544973433018, -3.719497243537262e-08, 0.8763628005981445, 0.10764805972576141, 0.8662999868392944, -0.1469161957502365, 0.4651363790035248, 0.39888477325439453, -0.21173325181007385, 0.8478730916976929, 0.2777968943119049, -0.4643699824810028, 0.07233092188835144, 0.026478758081793785, 0.882285475730896, 0.4827215075492859, -0.008987356908619404, 0.11705155670642853, 0.8678699135780334, 0.38701292872428894, 0.0138082941994071, 0.08818476647138596, 0.9177438616752625, 0.3854743540287018, -0.5698268413543701, 0.5232905745506287, 0.5028656125068665, -0.22484026849269867, -0.015082372352480888, 0.009859173558652401, 0.9742290377616882, 0.6141359806060791, 0.09361077845096588, -0.13341860473155975, 0.7721875309944153, 0.4377382695674896, -0.008928846567869186, -0.14301632344722748, 0.8876101970672607, -0.5722923874855042, -0.44040149450302124, -0.6007212400436401, 0.3430190980434418, 0.036526069045066833, 0.04446381703019142, -0.048158787190914154, 0.9971808195114136, 0.02964274398982525, 0.011174996383488178, -0.016541890799999237, 0.9993612170219421, -0.40433427691459656, 0.3732529580593109, -0.6271399855613708, 0.5512635111808777, -0.3487802743911743, -0.2089574784040451, 0.12797394394874573, 0.9046058654785156, 0.4319590926170349, -0.5660008788108826, -0.016456542536616325, 0.7019855380058289, 0.36055999994277954, -0.1362861841917038, -0.3246718645095825, 0.8637191653251648, -0.4759698510169983, -0.3097546100616455, 0.5047034025192261, 0.6502147912979126, -0.47080129384994507, 0.03161671385169029, -0.23590607941150665, 0.8495262861251831, 0.33326810598373413, 0.45545345544815063, 0.01899179257452488, 0.8253083229064941, 0.30705350637435913, 0.11061966419219971, -0.2761809229850769, 0.9039942026138306, 0.05975960195064545, 0.037217751145362854, -0.209543377161026, 0.9752616286277771, -0.37656018137931824, -0.08903344720602036, 0.011332137510180473, 0.9220342040061951, 0.13565942645072937, -0.0005948152975179255, -2.784787334064731e-08, 0.9907553791999817, -0.4816470146179199, 0.0021118579898029566, -2.4708088020020114e-08, 0.8763628005981445, 0.10137318074703217, 0.8374151587486267, -0.14765103161334991, 0.5163899660110474, 0.4389662444591522, -0.20285749435424805, 0.8261721730232239, 0.28913143277168274, -0.4701504409313202, 0.07248543202877045, 0.02185121923685074, 0.8793332576751709, 0.48961901664733887, -0.015929656103253365, 0.11594405025243759, 0.864046573638916, 0.3884987533092499, 0.012201528064906597, 0.08739322423934937, 0.9172143936157227, 0.3740427792072296, -0.5683491230010986, 0.4978574514389038, 0.5377817749977112, -0.19731879234313965, -0.012277785688638687, 0.007371681742370129, 0.9802348017692566, 0.6049609184265137, 0.07036888599395752, -0.1564110666513443, 0.7775641679763794, 0.4521717131137848, -0.003553733229637146, -0.1507072001695633, 0.8790992498397827, -0.5710355639457703, -0.4338204562664032, -0.6160876154899597, 0.3258131742477417, 0.004657056648284197, 0.04605353996157646, -0.08436163514852524, 0.995359480381012, 0.026287836953997612, 0.013134242966771126, -0.013953503221273422, 0.9994707703590393, -0.4057888984680176, 0.36204272508621216, -0.6277378797531128, 0.5569609999656677, -0.34033527970314026, -0.35487058758735657, 0.17685355246067047, 0.8526204228401184, 0.4242352247238159, -0.5589073300361633, -0.015399708412587643, 0.7123271822929382, 0.34839746356010437, -0.14195936918258667, -0.29280880093574524, 0.8790504932403564, -0.5257543921470642, -0.2947186231613159, 0.4382493495941162, 0.666828989982605, -0.40458518266677856, 0.08772185444831848, -0.15770341455936432, 0.8965184688568115, 0.2534607946872711, 0.34959644079208374, 0.0023886908311396837, 0.9019613265991211, 0.2788306474685669, 0.18454265594482422, -0.31061598658561707, 0.8897838592529297, 0.05126599222421646, 0.03783632069826126, -0.2263650894165039, 0.9719563126564026, -0.3025403618812561, -0.12295987457036972, 0.09487034380435944, 0.9403987526893616, 0.13565948605537415, -0.0005948118050582707, -4.700063116480635e-10, 0.9907553791999817, -0.48164695501327515, 0.0021118586882948875, 4.2508538911079086e-09, 0.8763628005981445, 0.0928688570857048, 0.8080207109451294, -0.14545907080173492, 0.5633112192153931, 0.47149842977523804, -0.19936496019363403, 0.8071413636207581, 0.2940504550933838, -0.47036558389663696, 0.07205549627542496, 0.016758371144533157, 0.8793653249740601, 0.49418529868125916, -0.01980161853134632, 0.10743535310029984, 0.8624653220176697, 0.388071209192276, 0.011658266186714172, 0.08821652084589005, 0.917323648929596, 0.36334601044654846, -0.5637969374656677, 0.4844382405281067, 0.5616336464881897, -0.17990560829639435, -0.01063637062907219, 0.005079996772110462, 0.9836132526397705, 0.5882608294487, 0.046766139566898346, -0.17897959053516388, 0.7872283458709717, 0.4756568968296051, -0.0012569334357976913, -0.16194166243076324, 0.8645946383476257, -0.570646345615387, -0.4253985583782196, -0.6307621598243713, 0.30909234285354614, -0.029477713629603386, 0.04852626100182533, -0.11890558898448944, 0.9912808537483215, 0.021603796631097794, 0.01569705456495285, -0.012398290447890759, 0.9995664954185486, -0.40713265538215637, 0.3518567979335785, -0.6284842491149902, 0.5616470575332642, -0.347834050655365, -0.45008406043052673, 0.19076628983020782, 0.8000275492668152, 0.40756067633628845, -0.5382157564163208, -0.015286926180124283, 0.7375530004501343, 0.31420665979385376, -0.16981109976768494, -0.22594696283340454, 0.9063036441802979, -0.5748746991157532, -0.2806723415851593, 0.38172414898872375, 0.6671048402786255, -0.34921953082084656, 0.1464192122220993, -0.07499159127473831, 0.9224876165390015, 0.1813901662826538, 0.24666988849639893, -0.00801499281078577, 0.9519387483596802, 0.27579614520072937, 0.21606133878231049, -0.3627980351448059, 0.8634995818138123, 0.03865549713373184, 0.03685987368226051, -0.2412852942943573, 0.9689832329750061, -0.22224998474121094, -0.12998203933238983, 0.16365878283977509, 0.9523263573646545, 0.13565945625305176, -0.0005948236212134361, -6.102738314694989e-09, 0.9907553791999817, -0.48164698481559753, 0.002111838897690177, -7.43899430943884e-09, 0.8763628005981445, 0.08224070817232132, 0.7756797671318054, -0.1388719081878662, 0.6101409792900085, 0.5065559148788452, -0.19684065878391266, 0.7843313217163086, 0.2991308271884918, -0.4670688211917877, 0.07111477851867676, 0.011644958518445492, 0.8812796473503113, 0.496378630399704, -0.02302342839539051, 0.10428104549646378, 0.8615124821662903, 0.38779494166374207, 0.010999265126883984, 0.08923105150461197, 0.9173504710197449, 0.37525317072868347, -0.5452688336372375, 0.47240114212036133, 0.5819830894470215, -0.192732036113739, -0.01319650188088417, 0.0017451202729716897, 0.9811611175537109, 0.5708711743354797, 0.03144725784659386, -0.17866389453411102, 0.8007473945617676, 0.5093104839324951, -0.0022529191337525845, -0.18338027596473694, 0.8408147692680359, -0.5709230899810791, -0.416207879781723, -0.6434854865074158, 0.2945239543914795, -0.06221911311149597, 0.05073771998286247, -0.1476956009864807, 0.9857689738273621, 0.01637088507413864, 0.018480589613318443, -0.012054119259119034, 0.9996225237846375, -0.40940162539482117, 0.34333255887031555, -0.62758868932724, 0.5662557482719421, -0.364187091588974, -0.4991472661495209, 0.19724904000759125, 0.761125922203064, 0.39819395542144775, -0.5254701375961304, -0.01655937358736992, 0.7516970634460449, 0.2513427734375, -0.2178863137960434, -0.15444591641426086, 0.9303218722343445, -0.61397385597229, -0.2633659541606903, 0.33660218119621277, 0.6636064648628235, -0.2928856909275055, 0.16408637166023254, -0.008640660904347897, 0.9419230222702026, 0.14582644402980804, 0.19427789747714996, -0.013093910180032253, 0.9699583649635315, 0.19962561130523682, 0.2727680504322052, -0.43517759442329407, 0.8344864845275879, 0.025496955960989, 0.0362764336168766, -0.2519361078739166, 0.9667275547981262, -0.14946158230304718, -0.13161775469779968, 0.22545291483402252, 0.9536818265914917, 0.13565947115421295, -0.0005948034231550992, -4.993816915543903e-09, 0.9907553791999817, -0.4816470742225647, 0.002111834706738591, -3.805843107329565e-08, 0.8763627409934998, 0.06227031722664833, 0.7456302642822266, -0.13672424852848053, 0.6492029428482056, 0.5424005389213562, -0.19437602162361145, 0.7593715190887451, 0.3022821843624115, -0.4611814022064209, 0.06984847038984299, 0.0068401251919567585, 0.8845259547233582, 0.49695783853530884, -0.026220684871077538, 0.10083986073732376, 0.8614968061447144, 0.3877870738506317, 0.010223759338259697, 0.0903274267911911, 0.9172554612159729, 0.39292797446250916, -0.5235676765441895, 0.4606286585330963, 0.5994212031364441, -0.2104869782924652, -0.016243405640125275, -0.0019580216612666845, 0.9774597883224487, 0.5534754395484924, 0.018861074000597, -0.17335602641105652, 0.8144058585166931, 0.5433192849159241, -0.00716792605817318, -0.20709972083568573, 0.8135493397712708, -0.5714576244354248, -0.4078464210033417, -0.6533798575401306, 0.2831825315952301, -0.09174991399049759, 0.05253777652978897, -0.16828332841396332, 0.9800522923469543, 0.01114297192543745, 0.020800933241844177, -0.012200773693621159, 0.9996470808982849, -0.4121205508708954, 0.3376907408237457, -0.6259859204292297, 0.5694411993026733, -0.3717137277126312, -0.5176741480827332, 0.2121909111738205, 0.7408221364021301, 0.39851197600364685, -0.5252024531364441, -0.01901414804160595, 0.7516575455665588, 0.1773872971534729, -0.26390695571899414, -0.08384305238723755, 0.9443819522857666, -0.6427016258239746, -0.2545965611934662, 0.3086087107658386, 0.6533574461936951, -0.2297763228416443, 0.14944714307785034, 0.03978487104177475, 0.960877537727356, 0.14641734957695007, 0.19687063992023468, -0.015005556866526604, 0.969318687915802, 0.02340562269091606, 0.32814839482307434, -0.5203872323036194, 0.7880151867866516, 0.0131370909512043, 0.03673374652862549, -0.2578509747982025, 0.9653968214988708, -0.08583465963602066, -0.1371278613805771, 0.2827996015548706, 0.9454378485679626, 0.13565942645072937, -0.0005948059260845184, 2.6316682166793726e-08, 0.9907553791999817, -0.48164692521095276, 0.0021118202712386847, -4.569668021758844e-08, 0.8763628005981445, 0.03843417763710022, 0.7126948833465576, -0.13885657489299774, 0.6865185499191284, 0.5758699178695679, -0.19092760980129242, 0.7348142862319946, 0.3032630980014801, -0.44962015748023987, 0.06782903522253036, 0.0034419759176671505, 0.8906341195106506, 0.49200451374053955, -0.028039954602718353, 0.09665951132774353, 0.8647556304931641, 0.38793861865997314, 0.009569133631885052, 0.09121424704790115, 0.9171106815338135, 0.4142683446407318, -0.5006440281867981, 0.45073115825653076, 0.6120284199714661, -0.22960683703422546, -0.01913648657500744, -0.0053290678188204765, 0.9730806946754456, 0.5376926064491272, 0.00955971796065569, -0.16794006526470184, 0.8261909484863281, 0.5726006627082825, -0.012775016017258167, -0.22876213490962982, 0.7871678471565247, -0.5721405744552612, -0.4020608365535736, -0.6593301892280579, 0.2761990427970886, -0.11335697025060654, 0.054955411702394485, -0.17840167880058289, 0.9758601188659668, 0.007373700849711895, 0.02136230282485485, -0.010224008932709694, 0.9996923208236694, -0.4149513244628906, 0.3353922963142395, -0.6242030262947083, 0.5706995725631714, -0.3679087460041046, -0.5196691155433655, 0.2269970327615738, 0.7369257807731628, 0.40247127413749695, -0.5304505228996277, -0.022940658032894135, 0.7457297444343567, 0.1558360755443573, -0.2689119577407837, -0.029649343341588974, 0.9500117897987366, -0.6583396196365356, -0.2515835762023926, 0.29733899235725403, 0.6441150903701782, -0.1725950539112091, 0.1437847763299942, 0.072704017162323, 0.9717258214950562, 0.16261665523052216, 0.22256292402744293, -0.01399997528642416, 0.9611584544181824, -0.07085586339235306, 0.30195748805999756, -0.5690378546714783, 0.7615754008293152, 0.003985028248280287, 0.04011484235525131, -0.26144489645957947, 0.9643762111663818, -0.03653078153729439, -0.1480538696050644, 0.33050432801246643, 0.9314035177230835, 0.13565658032894135, -0.0005949511541984975, 8.554111730063596e-08, 0.9907557368278503, -0.4816494584083557, 0.0021116819698363543, -2.2383437325856903e-08, 0.8763614296913147, 0.019074149429798126, 0.6875147223472595, -0.1360062062740326, 0.7130652666091919, 0.6013668179512024, -0.1901593953371048, 0.7146080732345581, 0.30254364013671875, -0.43773165345191956, 0.06589008122682571, 0.0005004801787436008, 0.896687924861908, 0.4877542555332184, -0.02950800210237503, 0.0961083471775055, 0.8671725988388062, 0.38814324140548706, 0.009041949175298214, 0.09172749519348145, 0.9169782996177673, 0.4397202432155609, -0.47972771525382996, 0.4433263838291168, 0.6164164543151855, -0.249756321310997, -0.021996697410941124, -0.008583437651395798, 0.9680207967758179, 0.5236621499061584, 0.00414174422621727, -0.16373175382614136, 0.8360339403152466, 0.5950064063072205, -0.012342123314738274, -0.244477778673172, 0.7655361890792847, -0.5721572637557983, -0.39914461970329285, -0.6621896624565125, 0.27354082465171814, -0.12478431314229965, 0.05913433060050011, -0.17777089774608612, 0.9743354320526123, 0.0055513083934783936, 0.02216123417019844, -0.01105851773172617, 0.999677836894989, -0.42125841975212097, 0.335630863904953, -0.6169177293777466, 0.5738516449928284, -0.359162300825119, -0.5201071500778198, 0.22039829194545746, 0.7429102063179016, 0.40755295753479004, -0.5385068655014038, -0.025350380688905716, 0.7370673418045044, 0.14787672460079193, -0.27068883180618286, 0.014340433292090893, 0.9511331915855408, -0.6632251143455505, -0.25185075402259827, 0.2956821024417877, 0.6397466659545898, -0.1950652152299881, 0.11713224649429321, 0.11025983095169067, 0.9675083756446838, 0.22584280371665955, 0.3181380033493042, -0.009248259477317333, 0.9207049608230591, -0.04232781007885933, 0.2892493009567261, -0.5026074051856995, 0.8135901689529419, 0.0005583061138167977, 0.04625948145985603, -0.2602536082267761, 0.9644313454627991, -0.0016165667911991477, -0.1549421101808548, 0.36121702194213867, 0.9195175766944885, 0.1356586217880249, -0.0005941113922744989, -6.815091069256596e-08, 0.9907554984092712, -0.4816478490829468, 0.0021124258637428284, 3.415961487007735e-07, 0.8763623237609863, 0.005011168774217367, 0.6754700541496277, -0.13417939841747284, 0.7250593304634094, 0.6152898073196411, -0.19072866439819336, 0.7025170922279358, 0.3025074601173401, -0.4279921352863312, 0.06431510299444199, -0.0012070710072293878, 0.9014903903007507, 0.48358574509620667, -0.030604060739278793, 0.09985312074422836, 0.8690440654754639, 0.38839563727378845, 0.008883425034582615, 0.09158813208341599, 0.9168868660926819, 0.46416613459587097, -0.46346747875213623, 0.4362013638019562, 0.6160163879394531, -0.26940634846687317, -0.024728400632739067, -0.011065898463129997, 0.9626454710960388, 0.5129135847091675, 0.0024312485475093126, -0.15976674854755402, 0.8434383869171143, 0.6095960736274719, -0.001847933977842331, -0.25293728709220886, 0.7512735724449158, -0.5717481374740601, -0.39829206466674805, -0.6633034348487854, 0.2729398310184479, -0.131822407245636, 0.06293266266584396, -0.17139065265655518, 0.9743139147758484, 0.004667868372052908, 0.022899679839611053, -0.011862436309456825, 0.9996564984321594, -0.42875897884368896, 0.3388754725456238, -0.6087623238563538, 0.5750979781150818, -0.36003759503364563, -0.5061194896697998, 0.20374301075935364, 0.7567726373672485, 0.4124724864959717, -0.5461955666542053, -0.026965618133544922, 0.7285669445991516, 0.14589981734752655, -0.27391305565834045, 0.03818300738930702, 0.9498563408851624, -0.6640278100967407, -0.2499106228351593, 0.2948737144470215, 0.6400479078292847, -0.22315987944602966, 0.07911904901266098, 0.1346423476934433, 0.9621909260749817, 0.26763683557510376, 0.3817148804664612, -0.005912672728300095, 0.8846634030342102, -0.00029619463020935655, 0.30915671586990356, -0.4160043001174927, 0.8551973104476929, -0.0013846440706402063, 0.05166791006922722, -0.25786489248275757, 0.9647975564002991, 0.0196464154869318, -0.15798194706439972, 0.37663888931274414, 0.9125781655311584, 0.1356572061777115, -0.0005930227343924344, -2.0256899802006956e-07, 0.9907556772232056, -0.4816490709781647, 0.0021134004928171635, 8.841124099490116e-07, 0.8763616681098938, -0.0010011510457843542, 0.678979218006134, -0.13233070075511932, 0.7221320867538452, 0.6175332069396973, -0.19380269944667816, 0.7004279494285583, 0.30082225799560547, -0.4262133538722992, 0.0640176385641098, -0.000792286591604352, 0.9023543000221252, 0.483298122882843, -0.030410949140787125, 0.10598886013031006, 0.8684840202331543, 0.3887884318828583, 0.009174487553536892, 0.09065768122673035, 0.9168100357055664, 0.48563283681869507, -0.4524253010749817, 0.4294772148132324, 0.6123899817466736, -0.28761884570121765, -0.02722504548728466, -0.012623485177755356, 0.9572747349739075, 0.5069951415061951, 0.0032081161625683308, -0.15804268419742584, 0.8473300337791443, 0.6148088574409485, 0.01986185647547245, -0.2534705698490143, 0.7465710043907166, -0.5712865591049194, -0.3996964991092682, -0.6626984477043152, 0.27332252264022827, -0.13568682968616486, 0.06528497487306595, -0.16088086366653442, 0.9754200577735901, 0.00476977601647377, 0.023722313344478607, -0.012935006991028786, 0.9996235370635986, -0.436811238527298, 0.3448716402053833, -0.600208580493927, 0.5744642615318298, -0.37572020292282104, -0.4721726179122925, 0.18064074218273163, 0.7766957879066467, 0.41814112663269043, -0.5546299815177917, -0.02821199782192707, 0.7188516855239868, 0.1455128937959671, -0.27838149666786194, 0.04769860580563545, 0.9481849074363708, -0.6625310182571411, -0.2461329996585846, 0.2933635711669922, 0.6437461376190186, -0.23691143095493317, 0.05268236994743347, 0.143331840634346, 0.9594548344612122, 0.28908127546310425, 0.41523605585098267, -0.005516514182090759, 0.8625431060791016, 0.05065465718507767, 0.3201097846031189, -0.2902701497077942, 0.9003927707672119, -0.001940700225532055, 0.05500776693224907, -0.25400081276893616, 0.9656365513801575, 0.026534615084528923, -0.15578562021255493, 0.37544968724250793, 0.9132712483406067, 0.13565769791603088, -0.0005932216299697757, -1.837724283859643e-07, 0.9907556176185608, -0.48164859414100647, 0.0021132181864231825, 8.198177852136723e-07, 0.8763619661331177, 0.0004186884907539934, 0.7010976672172546, -0.13161522150039673, 0.7008134126663208, 0.6040939688682556, -0.2029530555009842, 0.7127714157104492, 0.2929803431034088, -0.4338175356388092, 0.06529631465673447, 0.002067361958324909, 0.8986292481422424, 0.4888511598110199, -0.02870801091194153, 0.11024443805217743, 0.864896833896637, 0.38953521847724915, 0.010022851638495922, 0.08858484774827957, 0.9166867733001709, 0.5038563013076782, -0.44696763157844543, 0.4245033264160156, 0.6050998568534851, -0.30384203791618347, -0.02937028557062149, -0.013734595850110054, 0.9521705508232117, 0.5068385601043701, 0.005801161285489798, -0.16161420941352844, 0.8467360138893127, 0.6060038805007935, 0.04655400663614273, -0.25042933225631714, 0.7535762786865234, -0.5711202621459961, -0.4035981297492981, -0.6599543690681458, 0.27457332611083984, -0.13622528314590454, 0.06490647047758102, -0.14685116708278656, 0.9775809645652771, 0.00590557511895895, 0.02454928681254387, -0.014213500544428825, 0.9995801448822021, -0.44459110498428345, 0.3514586091041565, -0.5913481116294861, 0.5736925005912781, -0.39588117599487305, -0.4303317666053772, 0.1569940745830536, 0.7958929538726807, 0.42250820994377136, -0.5612270832061768, -0.0291143711656332, 0.711100161075592, 0.14533759653568268, -0.28311488032341003, 0.054277002811431885, 0.9464549422264099, -0.6593918800354004, -0.24087101221084595, 0.2906632125377655, 0.6501526236534119, -0.23076671361923218, 0.06003250554203987, 0.13259626924991608, 0.9620608687400818, 0.2855711281299591, 0.4113845229148865, -0.00959680788218975, 0.8655170798301697, 0.1072564572095871, 0.30644670128822327, -0.10393020510673523, 0.9400984048843384, -0.0010609682649374008, 0.05531146749854088, -0.2486097812652588, 0.9670225977897644, 0.017333315685391426, -0.14560306072235107, 0.35299694538116455, 0.9240630269050598, 0.13565975427627563, -0.0005950581398792565, 3.207426146900616e-08, 0.9907553195953369, -0.48164668679237366, 0.0021116165444254875, -1.1982092473772354e-07, 0.8763629794120789, 0.007671101484447718, 0.7370572090148926, -0.12841157615184784, 0.663474440574646, 0.5742356181144714, -0.21999074518680573, 0.7378760576248169, 0.27820220589637756, -0.4459632635116577, 0.06744171679019928, 0.005993934348225594, 0.8924866914749146, 0.49851521849632263, -0.027623869478702545, 0.11068423092365265, 0.8593419194221497, 0.39068421721458435, 0.011267383582890034, 0.08546977490186691, 0.9164790511131287, 0.5219648480415344, -0.4446890950202942, 0.42210492491722107, 0.5929855108261108, -0.31931787729263306, -0.031226370483636856, -0.015762988477945328, 0.9470018744468689, 0.5151625871658325, 0.012138483114540577, -0.16738009452819824, 0.8405023217201233, 0.5798790454864502, 0.05810311809182167, -0.24980920553207397, 0.7732785940170288, -0.5711761713027954, -0.40870675444602966, -0.6557360887527466, 0.27699601650238037, -0.13453984260559082, 0.06389174610376358, -0.1301645189523697, 0.9802418351173401, 0.007421008311212063, 0.02570236288011074, -0.016299040988087654, 0.9995092153549194, -0.4522686302661896, 0.35728389024734497, -0.5819852948188782, 0.5736675262451172, -0.4128997027873993, -0.3850463628768921, 0.1343930959701538, 0.814365804195404, 0.4248661994934082, -0.5649005770683289, -0.02911878377199173, 0.7067731022834778, 0.14506669342517853, -0.2882028818130493, 0.06079908460378647, 0.9445624351501465, -0.654621958732605, -0.23623937368392944, 0.2884267270565033, 0.6576254367828369, -0.23334500193595886, 0.0823931023478508, 0.12146338820457458, 0.9612534046173096, 0.27572131156921387, 0.39814653992652893, -0.015078375115990639, 0.8747740983963013, 0.157217875123024, 0.2914219796657562, 0.10231298208236694, 0.9380233287811279, -0.00034937477903440595, 0.05420862138271332, -0.24193888902664185, 0.9687759876251221, -0.002026956994086504, -0.12671317160129547, 0.3157382011413574, 0.9403451681137085, 0.13566219806671143, -0.0005961532588116825, 1.3285760758208198e-07, 0.990755021572113, -0.4816446900367737, 0.0021106633357703686, -6.790729685235419e-07, 0.8763640522956848, 0.01775960996747017, 0.7783297896385193, -0.12304900586605072, 0.6154236793518066, 0.5318588614463806, -0.23957259953022003, 0.7692323923110962, 0.26079240441322327, -0.45921221375465393, 0.06977026909589767, 0.010174308903515339, 0.8855239748954773, 0.5119454264640808, -0.030274439603090286, 0.11012827605009079, 0.8513913154602051, 0.3921797275543213, 0.012600035406649113, 0.08182752877473831, 0.9161553382873535, 0.5416103005409241, -0.4405360221862793, 0.42383450269699097, 0.5770187973976135, -0.3341379165649414, -0.03294236585497856, -0.01816682144999504, 0.9417731165885925, 0.5284590125083923, 0.021593127399683, -0.17422577738761902, 0.8306083679199219, 0.5431351065635681, 0.057798463851213455, -0.24600955843925476, 0.8007140159606934, -0.5713080763816833, -0.41383039951324463, -0.6507999897003174, 0.2807328999042511, -0.13142916560173035, 0.06370870023965836, -0.11236059665679932, 0.9828746914863586, 0.008793128654360771, 0.02679738588631153, -0.018006863072514534, 0.9994400143623352, -0.4596612751483917, 0.3627396821975708, -0.5732265114784241, 0.5731866359710693, -0.42762991786003113, -0.33618229627609253, 0.11274684965610504, 0.831506073474884, 0.4264867305755615, -0.5673843622207642, -0.029115397483110428, 0.7038013935089111, 0.14491625130176544, -0.29332035779953003, 0.06692386418581009, 0.9425941109657288, -0.6476360559463501, -0.23160971701145172, 0.28753241896629333, 0.6665205359458923, -0.2292804718017578, 0.11076200008392334, 0.09857156872749329, 0.9620009660720825, 0.26307377219200134, 0.38123413920402527, -0.02072746679186821, 0.8860152959823608, 0.17389050126075745, 0.26582708954811096, 0.29881954193115234, 0.8998916149139404, -0.00021262397058308125, 0.054249413311481476, -0.23589883744716644, 0.9702621698379517, -0.026582015678286552, -0.10304441303014755, 0.27107003331184387, 0.9566588997840881, 0.13566716015338898, -0.0005947275785729289, -1.421733912820855e-07, 0.9907543063163757, -0.48164016008377075, 0.002111983485519886, -8.435252496497014e-09, 0.8763665556907654, 0.016358712688088417, 0.8191357254981995, -0.13174079358577728, 0.5580263137817383, 0.4862687587738037, -0.2518519461154938, 0.8032969236373901, 0.23415248095989227, -0.4684179127216339, 0.07145123928785324, 0.015693409368395805, 0.8804731965065002, 0.5154167413711548, -0.029814645648002625, 0.10680750012397766, 0.8497346043586731, 0.3938329517841339, 0.014169448986649513, 0.07788337767124176, 0.9157668948173523, 0.5615541338920593, -0.43260684609413147, 0.4299216568470001, 0.559174120426178, -0.3482944071292877, -0.03459051251411438, -0.02045663446187973, 0.9365233778953552, 0.544175386428833, 0.03356408700346947, -0.18357446789741516, 0.8179529309272766, 0.5005072951316833, 0.050342146307229996, -0.23470529913902283, 0.831788182258606, -0.571428120136261, -0.41863563656806946, -0.6456554532051086, 0.28520750999450684, -0.1266726553440094, 0.06438235193490982, -0.09415557980537415, 0.9853647351264954, 0.009940900839865208, 0.027323000133037567, -0.018341470509767532, 0.9994089603424072, -0.46662500500679016, 0.368497759103775, -0.5657505393028259, 0.5713116526603699, -0.43860113620758057, -0.2866118550300598, 0.09320434182882309, 0.8466378450393677, 0.42651838064193726, -0.5674819350242615, -0.0295276902616024, 0.7036864161491394, 0.1449468433856964, -0.29806336760520935, 0.07331093400716782, 0.9406243562698364, -0.6384450197219849, -0.22654497623443604, 0.2883334755897522, 0.6767046451568604, -0.21909978985786438, 0.14299054443836212, 0.06331802904605865, 0.9630886912345886, 0.2485123723745346, 0.3612395226955414, -0.02558228000998497, 0.8983836770057678, 0.15860247611999512, 0.2370063215494156, 0.47870030999183655, 0.8303729891777039, 3.385566014912911e-05, 0.05654817447066307, -0.2314344048500061, 0.9712056517601013, -0.054324809461832047, -0.07634597271680832, 0.2209913581609726, 0.9707641005516052, 0.13565944135189056, -0.0005948292091488838, -4.23005674932142e-09, 0.9907553791999817, -0.4816471040248871, 0.002111850306391716, -1.1689849088725168e-08, 0.8763627409934998, 0.022169798612594604, 0.8578771352767944, -0.13335132598876953, 0.49575480818748474, 0.43672287464141846, -0.2612096667289734, 0.835300862789154, 0.20812296867370605, -0.48184749484062195, 0.07364504039287567, 0.022484906017780304, 0.8728653192520142, 0.5248294472694397, -0.031487733125686646, 0.10556212812662125, 0.844049334526062, 0.39576253294944763, 0.015614709816873074, 0.07396608591079712, 0.9152361750602722, 0.580894410610199, -0.41870713233947754, 0.4413754642009735, 0.540771484375, -0.36189454793930054, -0.036179326474666595, -0.021989284083247185, 0.9312571883201599, 0.5594564080238342, 0.04767023026943207, -0.19363640248775482, 0.8045129179954529, 0.45777377486228943, 0.04419959709048271, -0.21002618968486786, 0.8627737760543823, -0.5713355541229248, -0.4232389032840729, -0.6403380632400513, 0.290537029504776, -0.11982442438602448, 0.06513884663581848, -0.07579465210437775, 0.9877521395683289, 0.011000113561749458, 0.027280062437057495, -0.018125148490071297, 0.9994029998779297, -0.47349146008491516, 0.3737991750240326, -0.5585352778434753, 0.5693140625953674, -0.44032615423202515, -0.24144208431243896, 0.07966718077659607, 0.8610875606536865, 0.4211990237236023, -0.5596855878829956, -0.029226098209619522, 0.7130843997001648, 0.14476752281188965, -0.30256927013397217, 0.08043605089187622, 0.9386289715766907, -0.6276414394378662, -0.22228458523750305, 0.2911336421966553, 0.6869477033615112, -0.20697833597660065, 0.1818925440311432, 0.019839240238070488, 0.9610835313796997, 0.23233774304389954, 0.3380337357521057, -0.028542079031467438, 0.9115578532218933, 0.12419318407773972, 0.22803670167922974, 0.6278464794158936, 0.7337466478347778, 0.0024205998051911592, 0.0593661330640316, -0.2270415723323822, 0.9720709919929504, -0.08369313925504684, -0.04668789356946945, 0.16445840895175934, 0.9817174673080444, 0.13565951585769653, -0.0005948113976046443, -2.115028330251789e-08, 0.9907553791999817, -0.48164695501327515, 0.00211185566149652, 4.782210627496397e-09, 0.8763628005981445, 0.026121648028492928, 0.8922039270401001, -0.1370372772216797, 0.4295470416545868, 0.3885132074356079, -0.26407164335250854, 0.8626591563224792, 0.1874644160270691, -0.49608394503593445, 0.07585017383098602, 0.029597265645861626, 0.8644486665725708, 0.5323227643966675, -0.03501802310347557, 0.11272181570529938, 0.8382720947265625, 0.39761584997177124, 0.016892962157726288, 0.070455402135849, 0.9146870374679565, 0.5982658863067627, -0.3999536335468292, 0.4559914767742157, 0.5236285328865051, -0.3752192258834839, -0.03797411546111107, -0.02169744484126568, 0.9259037375450134, 0.5740947723388672, 0.06216251105070114, -0.20118077099323273, 0.7912505269050598, 0.41901054978370667, 0.05210771784186363, -0.17147313058376312, 0.8901190757751465, -0.5711533427238464, -0.427446186542511, -0.635198175907135, 0.2959679663181305, -0.1112937480211258, 0.06451091170310974, -0.05846136435866356, 0.989966869354248, 0.01213627029210329, 0.026336371898651123, -0.01732606813311577, 0.9994292855262756, -0.48041439056396484, 0.3794142007827759, -0.5513299703598022, 0.566817581653595, -0.4397144317626953, -0.1971322000026703, 0.06832364201545715, 0.873568594455719, 0.4133681356906891, -0.5484803318977356, -0.02882128208875656, 0.7262682318687439, 0.14441145956516266, -0.3069862425327301, 0.0876682847738266, 0.9365997314453125, -0.6174570322036743, -0.22001492977142334, 0.29618915915489197, 0.6947030425071716, -0.1919013261795044, 0.22425122559070587, -0.030937276780605316, 0.9549493193626404, 0.21555131673812866, 0.31269919872283936, -0.0294047724455595, 0.9246038198471069, 0.08785887807607651, 0.23603233695030212, 0.7107439637184143, 0.6568201184272766, 0.007159618195146322, 0.05960486829280853, -0.22234082221984863, 0.9731189608573914, -0.1123671606183052, -0.014818514697253704, 0.10247762501239777, 0.9882572293281555, 0.13565964996814728, -0.0005948198377154768, -9.05129482475786e-09, 0.9907553195953369, -0.48164698481559753, 0.002111859619617462, -1.7601191615312928e-08, 0.8763628005981445, 0.029955822974443436, 0.9197218418121338, -0.13989442586898804, 0.36557337641716003, 0.3432890772819519, -0.2641530930995941, 0.8845639824867249, 0.1729806810617447, -0.5065128803253174, 0.07750830799341202, 0.036536186933517456, 0.857964038848877, 0.5360562801361084, -0.03985392674803734, 0.12365129590034485, 0.8341257572174072, 0.3993001878261566, 0.017948158085346222, 0.06745129078626633, 0.9141594767570496, 0.6090095043182373, -0.3833899199962616, 0.4756334125995636, 0.5058580040931702, -0.3893641233444214, -0.0395808182656765, -0.020032405853271484, 0.9200150370597839, 0.5827800035476685, 0.07468070834875107, -0.20427782833576202, 0.7829820513725281, 0.39194849133491516, 0.07024775445461273, -0.13344651460647583, 0.9075426459312439, -0.571854293346405, -0.4309942424297333, -0.6299589276313782, 0.30063000321388245, -0.10278996080160141, 0.061146412044763565, -0.04270249605178833, 0.9919031858444214, 0.013180788606405258, 0.025292813777923584, -0.017818603664636612, 0.9994343519210815, -0.4875459671020508, 0.3844097852706909, -0.5433677434921265, 0.5650483965873718, -0.4401954114437103, -0.15437233448028564, 0.05766747146844864, 0.8826503157615662, 0.40466389060020447, -0.5364047288894653, -0.027310404926538467, 0.7401157021522522, 0.14363831281661987, -0.3118218183517456, 0.09459078311920166, 0.9344452023506165, -0.6078885197639465, -0.2228446751832962, 0.30494555830955505, 0.6984411478042603, -0.18136349320411682, 0.26488804817199707, -0.08111479133367538, 0.943589985370636, 0.19987675547599792, 0.2887064814567566, -0.02838827483355999, 0.9358910322189331, 0.06342413276433945, 0.24048037827014923, 0.7377154231071472, 0.6276324391365051, 0.013898169621825218, 0.05602258816361427, -0.21536840498447418, 0.9748255610466003, -0.1404583752155304, 0.017093200236558914, 0.037112582474946976, 0.9892431497573853, 0.13565966486930847, -0.0005950931808911264, 2.1623964840955523e-08, 0.9907553195953369, -0.4816468060016632, 0.0021116205025464296, -1.327727545685775e-07, 0.8763629198074341, 0.033501382917165756, 0.9400936365127563, -0.1421237587928772, 0.3080626130104065, 0.29853934049606323, -0.2632787227630615, 0.9029329419136047, 0.16208228468894958, -0.5093363523483276, 0.07820818573236465, 0.04154430702328682, 0.8559988737106323, 0.5334805250167847, -0.04618142917752266, 0.13215020298957825, 0.834147572517395, 0.40066075325012207, 0.018852433189749718, 0.06477251648902893, 0.9137396216392517, 0.610233724117279, -0.3748340904712677, 0.5024068355560303, 0.4844600260257721, -0.4041040241718292, -0.041136350482702255, -0.01758941262960434, 0.913618266582489, 0.5833771228790283, 0.08790571987628937, -0.1941351443529129, 0.7837443351745605, 0.3844832479953766, 0.07918640971183777, -0.10774549096822739, 0.913396418094635, -0.5734403133392334, -0.43451887369155884, -0.6242190003395081, 0.3044837415218353, -0.0946623682975769, 0.05607026442885399, -0.029133809730410576, 0.9935020804405212, 0.014199422672390938, 0.023701664060354233, -0.018292030319571495, 0.9994508624076843, -0.4948270916938782, 0.3892924189567566, -0.5354138016700745, 0.5629650354385376, -0.44105786085128784, -0.11412490159273148, 0.04852966591715813, 0.8888691663742065, 0.3948166072368622, -0.5232307314872742, -0.025413554161787033, 0.7547871470451355, 0.1426515281200409, -0.31667396426200867, 0.10150234401226044, 0.9322367906570435, -0.598849892616272, -0.22984981536865234, 0.31798458099365234, 0.6981645822525024, -0.18911996483802795, 0.2863726317882538, -0.11791621148586273, 0.9318370223045349, 0.20086312294006348, 0.28868162631988525, -0.02743225172162056, 0.9357159733772278, 0.05241581052541733, 0.23949545621871948, 0.7214937210083008, 0.6475656628608704, 0.022155825048685074, 0.050883881747722626, -0.20800766348838806, 0.9765514731407166, -0.16809086501598358, 0.04573872312903404, -0.02703668177127838, 0.9843385815620422, 0.1356596052646637, -0.0005948146572336555, -1.879290856265925e-08, 0.9907553791999817, -0.4816470742225647, 0.0021118486765772104, -1.5409346687533798e-08, 0.8763627409934998, 0.036117635667324066, 0.9530818462371826, -0.14215663075447083, 0.26480576395988464, 0.2585972249507904, -0.2656582295894623, 0.9166498780250549, 0.1493527591228485, -0.5027862191200256, 0.07809029519557953, 0.045548275113105774, 0.8596704602241516, 0.5253918170928955, -0.049993064254522324, 0.12994611263275146, 0.8393915295600891, 0.4016592800617218, 0.019665833562612534, 0.06244434416294098, 0.9134461283683777, 0.6139604449272156, -0.3652409315109253, 0.5154248476028442, 0.4732746183872223, -0.41154536604881287, -0.04207541421055794, -0.014745964668691158, 0.9102981090545654, 0.5787582993507385, 0.10253213346004486, -0.1599036455154419, 0.793067991733551, 0.3894887864589691, 0.07324577867984772, -0.09273757040500641, 0.9134185314178467, -0.5759471654891968, -0.4373288154602051, -0.617117702960968, 0.3101520538330078, -0.08625131100416183, 0.050548404455184937, -0.017818834632635117, 0.9948306679725647, 0.015316467732191086, 0.022229226306080818, -0.018897924572229385, 0.9994569420814514, -0.5026999711990356, 0.3943158686161041, -0.5270377993583679, 0.5603918433189392, -0.4409102201461792, -0.07427377998828888, 0.039761584252119064, 0.893588662147522, 0.38361597061157227, -0.5082964897155762, -0.02326088584959507, 0.7706701159477234, 0.14150452613830566, -0.3214968144893646, 0.10831286013126373, 0.9299917221069336, -0.5887003540992737, -0.24440211057662964, 0.3400552570819855, 0.6914202570915222, -0.2241295576095581, 0.2594415843486786, -0.12273261696100235, 0.9313392639160156, 0.2537825405597687, 0.36536115407943726, -0.02799839712679386, 0.895165741443634, 0.06621405482292175, 0.23619477450847626, 0.6724896430969238, 0.6982731819152832, 0.03220175579190254, 0.04597925767302513, -0.20063798129558563, 0.9780558943748474, -0.19594955444335938, 0.06687691062688828, -0.08633933961391449, 0.9745136499404907, 0.13566718995571136, -0.0005974364466965199, 3.872819434036501e-07, 0.9907543063163757, -0.4816402494907379, 0.0021094768308103085, -1.2577161214721855e-06, 0.8763664960861206, 0.038609571754932404, 0.9598729014396667, -0.14131766557693481, 0.23912902176380157, 0.22527001798152924, -0.26763686537742615, 0.9268196225166321, 0.13648930191993713, -0.4876488745212555, 0.0770099088549614, 0.04762018099427223, 0.8683319687843323, 0.5100889205932617, -0.05190223827958107, 0.11762847751379013, 0.8504581451416016, 0.40202751755714417, 0.020328279584646225, 0.06079108268022537, 0.9133811593055725, 0.6119089722633362, -0.3623095452785492, 0.5268241167068481, 0.4655701816082001, -0.4161906838417053, -0.042405907064676285, -0.012221325188875198, 0.9082057476043701, 0.5752434730529785, 0.09397758543491364, -0.13396437466144562, 0.8014466762542725, 0.39382675290107727, 0.06754523515701294, -0.09593474119901657, 0.9116658568382263, -0.5796436071395874, -0.43872469663619995, -0.6076270937919617, 0.3198801875114441, -0.07634073495864868, 0.045750755816698074, -0.007904781959950924, 0.9960002303123474, 0.016494926065206528, 0.02109135128557682, -0.019624773412942886, 0.999448835849762, -0.5107133984565735, 0.3993609547615051, -0.5183600783348083, 0.5576607584953308, -0.43841463327407837, -0.03120477870106697, 0.029059801250696182, 0.897760808467865, 0.3715165853500366, -0.49155086278915405, -0.0205910075455904, 0.7873557806015015, 0.14007312059402466, -0.32647278904914856, 0.1147969514131546, 0.9276943206787109, -0.5723813772201538, -0.2765842080116272, 0.3820367455482483, 0.6707672476768494, -0.2623903155326843, 0.23427356779575348, -0.12073280662298203, 0.92827308177948, 0.3064275085926056, 0.4407597780227661, -0.02619320899248123, 0.8432952761650085, 0.10944601893424988, 0.23084349930286407, 0.6007658839225769, 0.7575045824050903, 0.04443516582250595, 0.04141971096396446, -0.19345659017562866, 0.9792264699935913, -0.22452114522457123, 0.0798344537615776, -0.1405116766691208, 0.960975170135498, 0.1356789767742157, -0.0006004537572152913, 8.557663022656925e-07, 0.9907526969909668, -0.48162975907325745, 0.0021068265195935965, -2.5664253371360246e-06, 0.8763722777366638, 0.04142870381474495, 0.9639407992362976, -0.14306969940662384, 0.2205287218093872, 0.1977294534444809, -0.2647545337677002, 0.935326099395752, 0.12638501822948456, -0.47259414196014404, 0.07595519721508026, 0.048707880079746246, 0.8766488432884216, 0.4940595030784607, -0.053180061280727386, 0.10556256026029587, 0.861355721950531, 0.4019545018672943, 0.02076570689678192, 0.05993693321943283, 0.9134598970413208, 0.6030480861663818, -0.3679022490978241, 0.5465928316116333, 0.4496856927871704, -0.4269549250602722, -0.04325038567185402, -0.009181035682559013, 0.903191328048706, 0.5755616426467896, 0.05291212722659111, -0.10895597189664841, 0.8087383508682251, 0.3942059576511383, 0.06288668513298035, -0.12327507138252258, 0.9085428714752197, -0.5837053656578064, -0.4396531581878662, -0.5970943570137024, 0.33086487650871277, -0.06610234826803207, 0.04179362580180168, 0.0009121746988967061, 0.9969367980957031, 0.017773134633898735, 0.01974688097834587, -0.020068306475877762, 0.9994455575942993, -0.5184230208396912, 0.40413206815719604, -0.5101848840713501, 0.5546407103538513, -0.433519184589386, 0.01287128310650587, 0.01824941113591194, 0.9008675813674927, 0.3592277765274048, -0.47422468662261963, -0.01807100512087345, 0.8035793900489807, 0.1386892944574356, -0.33127766847610474, 0.1212584525346756, 0.9253738522529602, -0.553122341632843, -0.3094805181026459, 0.4258565604686737, 0.6456963419914246, -0.3028717339038849, 0.20860537886619568, -0.1178027018904686, 0.9224289059638977, 0.3440570533275604, 0.49247655272483826, -0.021628255024552345, 0.7991393804550171, 0.1711239367723465, 0.2361156940460205, 0.515032947063446, 0.8060441017150879, 0.05810346081852913, 0.037299491465091705, -0.18696069717407227, 0.9799379706382751, -0.25141608715057373, 0.08697458356618881, -0.18912522494792938, 0.9452285766601562, 0.13569365441799164, -0.0006034230464138091, 1.2324358067417052e-06, 0.9907506704330444, -0.48161667585372925, 0.002104187151417136, -4.055104454891989e-06, 0.8763794898986816, 0.043883997946977615, 0.9668182134628296, -0.14612814784049988, 0.2048981636762619, 0.17621412873268127, -0.262364000082016, 0.9409059882164001, 0.12169503420591354, -0.4559843838214874, 0.074724480509758, 0.04891028627753258, 0.8854955434799194, 0.4784143269062042, -0.053566135466098785, 0.09986356645822525, 0.8707913756370544, 0.4015442132949829, 0.02087298408150673, 0.060142453759908676, 0.9136243462562561, 0.5916293263435364, -0.3761862516403198, 0.5674629211425781, 0.43179211020469666, -0.43776804208755493, -0.044332221150398254, -0.005377863068133593, 0.8979782462120056, 0.5736294984817505, 0.004703882150352001, -0.08636807650327682, 0.8145352602005005, 0.39237791299819946, 0.06004991754889488, -0.14418762922286987, 0.9064455628395081, -0.5874195694923401, -0.4405882656574249, -0.5864190459251404, 0.3419548273086548, -0.05623720958828926, 0.0379972904920578, 0.008700390346348286, 0.9976562261581421, 0.019033215939998627, 0.018292825669050217, -0.019958026707172394, 0.9994522333145142, -0.5259113311767578, 0.4085067808628082, -0.5027668476104736, 0.5511488318443298, -0.4273355305194855, 0.05588820204138756, 0.008774074725806713, 0.9023213982582092, 0.3471386134624481, -0.4570484459400177, -0.016343211755156517, 0.8187395334243774, 0.13765360414981842, -0.33560383319854736, 0.12795180082321167, 0.9230654835700989, -0.5325007438659668, -0.3351486027240753, 0.46477213501930237, 0.6229809522628784, -0.3398546278476715, 0.16756419837474823, -0.1049545481801033, 0.9194594025611877, 0.3740648925304413, 0.5329282283782959, -0.015195262618362904, 0.7588359713554382, 0.24409769475460052, 0.2471674531698227, 0.4185965657234192, 0.8391075730323792, 0.07267839461565018, 0.03345192223787308, -0.18139010667800903, 0.9801512360572815, -0.2752668559551239, 0.08982881903648376, -0.2319476157426834, 0.9286330342292786, 0.1357024908065796, -0.000605501641985029, 1.3993494576425292e-06, 0.9907494783401489, -0.4816089868545532, 0.0021024097222834826, -5.151115146873053e-06, 0.8763836622238159, 0.04678026959300041, 0.9687280058860779, -0.14910565316677094, 0.19273103773593903, 0.16550399363040924, -0.2616865932941437, 0.9423412680625916, 0.12697041034698486, -0.4365994334220886, 0.07311823964118958, 0.04960845783352852, 0.8953064680099487, 0.46173760294914246, -0.05070873722434044, 0.10457871109247208, 0.8793692588806152, 0.40055498480796814, 0.020634295418858528, 0.061925675719976425, 0.9139448404312134, 0.5817455053329468, -0.38350892066955566, 0.5844844579696655, 0.4157774746417999, -0.44554656744003296, -0.045088425278663635, -0.0013387659564614296, 0.8941216468811035, 0.5607255101203918, -0.038739025592803955, -0.06900734454393387, 0.8242112398147583, 0.3964259922504425, 0.06236354634165764, -0.15636679530143738, 0.9025002717971802, -0.5911779403686523, -0.4404343068599701, -0.5768553614616394, 0.35180142521858215, -0.04777489975094795, 0.03447646275162697, 0.015131332911550999, 0.9981483221054077, 0.019849909469485283, 0.016742320731282234, -0.019342420622706413, 0.9994755983352661, -0.5334898233413696, 0.4122343361377716, -0.4960009455680847, 0.5472061038017273, -0.41938576102256775, 0.09452982246875763, 0.002238637302070856, 0.902870237827301, 0.3353084325790405, -0.43981215357780457, -0.014859110116958618, 0.8330142498016357, 0.13667131960391998, -0.33952075242996216, 0.13464175164699554, 0.9208247661590576, -0.5223931670188904, -0.35593435168266296, 0.4875304400920868, 0.6022708415985107, -0.3667803108692169, 0.09395791590213776, -0.06598930060863495, 0.9231953024864197, 0.39557433128356934, 0.5626656413078308, -0.006295093335211277, 0.7258710265159607, 0.3193928599357605, 0.23027320206165314, 0.30361294746398926, 0.8676299452781677, 0.08702177554368973, 0.02983786351978779, -0.17683382332324982, 0.9799320101737976, -0.2936936020851135, 0.08981841802597046, -0.2667137086391449, 0.9135318994522095, 0.1357101947069168, -0.0006085353088565171, 1.5932041605992708e-06, 0.990748405456543, -0.48160216212272644, 0.0020998059771955013, -6.744985512341373e-06, 0.8763874769210815, 0.049775779247283936, 0.9701786637306213, -0.15117807686328888, 0.18281395733356476, 0.1625656932592392, -0.258068323135376, 0.9428609013557434, 0.13411369919776917, -0.42489930987358093, 0.07254350930452347, 0.051541149616241455, 0.9008560180664062, 0.4491688013076782, -0.045359108597040176, 0.11192303150892258, 0.885247528553009, 0.39932912588119507, 0.020244229584932327, 0.06454802304506302, 0.914308488368988, 0.5777353048324585, -0.3911859691143036, 0.5900558233261108, 0.406238317489624, -0.4422301650047302, -0.04461892321705818, 0.001546674408018589, 0.8957897424697876, 0.5460197925567627, -0.05490991100668907, -0.0615517683327198, 0.8337017297744751, 0.40002045035362244, 0.0653245598077774, -0.16049513220787048, 0.8999764919281006, -0.5938460826873779, -0.4392690658569336, -0.570647120475769, 0.35881945490837097, -0.041910674422979355, 0.03135161101818085, 0.020161008462309837, 0.9984258413314819, 0.020035943016409874, 0.015082894824445248, -0.018091781064867973, 0.999521791934967, -0.541154146194458, 0.41520458459854126, -0.4898219704627991, 0.542984127998352, -0.40965035557746887, 0.12574252486228943, 0.0008049369789659977, 0.9035345911979675, 0.32395705580711365, -0.4228091835975647, -0.01360422745347023, 0.8462264537811279, 0.13578064739704132, -0.3429381549358368, 0.14130911231040955, 0.9186885952949524, -0.5227665901184082, -0.3739694356918335, 0.4961889386177063, 0.5836595892906189, -0.38345104455947876, 0.019100045785307884, 0.0034809729550033808, 0.9233571290969849, 0.40491077303886414, 0.57875657081604, 0.0013396055437624454, 0.7078745365142822, 0.350383996963501, 0.19973663985729218, 0.17843854427337646, 0.8974943161010742, 0.10022447258234024, 0.026120701804757118, -0.17348037660121918, 0.9793760180473328, -0.30464550852775574, 0.08982762694358826, -0.2921670973300934, 0.9020867347717285, 0.13572661578655243, -0.0006145895458757877, 2.1687430944439257e-06, 0.9907461404800415, -0.4815874993801117, 0.002094605704769492, -9.87004841590533e-06, 0.8763955235481262, 0.05159712955355644, 0.9717110991477966, -0.15171104669570923, 0.17349086701869965, 0.16270405054092407, -0.25384920835494995, 0.9435131549835205, 0.13737142086029053, -0.42163556814193726, 0.07302922755479813, 0.05460613593459129, 0.9021686911582947, 0.44290104508399963, -0.038666412234306335, 0.11675027757883072, 0.8880951404571533, 0.3982507884502411, 0.0196848064661026, 0.0674808919429779, 0.9145792722702026, 0.5820704102516174, -0.4013940989971161, 0.5778893232345581, 0.4075791537761688, -0.4188188314437866, -0.04189541935920715, 0.0013932017609477043, 0.9071018099784851, 0.5332481861114502, -0.02965611033141613, -0.06870952993631363, 0.8426421880722046, 0.39734289050102234, 0.056004494428634644, -0.15833471715450287, 0.9021708369255066, -0.594557523727417, -0.4374580681324005, -0.5688996315002441, 0.3626086413860321, -0.0387287512421608, 0.02855539880692959, 0.023924801498651505, 0.998555064201355, 0.01974628120660782, 0.013658137992024422, -0.016479874029755592, 0.9995758533477783, -0.5483900308609009, 0.4175560772418976, -0.4843306839466095, 0.5388312339782715, -0.39940008521080017, 0.14902693033218384, 0.004072949755936861, 0.904573917388916, 0.3138389587402344, -0.40715932846069336, -0.012613283470273018, 0.8576522469520569, 0.13511249423027039, -0.3458751440048218, 0.147991344332695, 0.9166316390037537, -0.526355504989624, -0.3922223448753357, 0.5001412034034729, 0.5647746324539185, -0.40132996439933777, -0.037302594631910324, 0.08369746059179306, 0.9113383293151855, 0.4065432548522949, 0.5853852033615112, 0.006219419185072184, 0.7014328241348267, 0.3692794144153595, 0.16841305792331696, 0.07601690292358398, 0.9107640981674194, 0.11256832629442215, 0.022003881633281708, -0.17105750739574432, 0.9785619974136353, -0.3076472878456116, 0.0922776311635971, -0.309114545583725, 0.8951458930969238, 0.13573959469795227, -0.0006210138089954853, 2.8120789465901908e-06, 0.9907443523406982, -0.48157602548599243, 0.0020890762098133564, -1.3151091479812749e-05, 0.8764018416404724, 0.05179690197110176, 0.9734878540039062, -0.1502346694469452, 0.164523646235466, 0.16672642529010773, -0.2453000843524933, 0.9451326727867126, 0.13694696128368378, -0.4353969693183899, 0.07556501030921936, 0.05987396463751793, 0.895061194896698, 0.44735515117645264, -0.033071719110012054, 0.1192883774638176, 0.8857482671737671, 0.39717501401901245, 0.018954362720251083, 0.07094400376081467, 0.9148003458976746, 0.5952925682067871, -0.4119822680950165, 0.5470985174179077, 0.4202149510383606, -0.37425658106803894, -0.036748435348272324, -0.0024793921038508415, 0.9265934228897095, 0.515475869178772, 0.03913196921348572, -0.09351222962141037, 0.8508870601654053, 0.39059722423553467, 0.025079702958464622, -0.15015947818756104, 0.9078859686851501, -0.5934619903564453, -0.434914767742157, -0.5720712542533875, 0.36247286200523376, -0.038211435079574585, 0.026090120896697044, 0.026100853458046913, 0.998587965965271, 0.019015852361917496, 0.01289143692702055, -0.014745471999049187, 0.9996273517608643, -0.5552630424499512, 0.41946718096733093, -0.47921085357666016, 0.5348713397979736, -0.38882726430892944, 0.16328468918800354, 0.012328000739216805, 0.9066419005393982, 0.30516985058784485, -0.39320728182792664, -0.011869602836668491, 0.8672477006912231, 0.13474896550178528, -0.3484303057193756, 0.15474919974803925, 0.9145992398262024, -0.5327050089836121, -0.40998730063438416, 0.49972474575042725, 0.5462700724601746, -0.42518794536590576, -0.07322482764720917, 0.16354051232337952, 0.8871909976005554, 0.4015706181526184, 0.5816730856895447, 0.008144215680658817, 0.7073408961296082, 0.38547834753990173, 0.15114779770374298, 0.00864898506551981, 0.9102120399475098, 0.12247069180011749, 0.01798981986939907, -0.16931430995464325, 0.9777576327323914, -0.30368611216545105, 0.09683641046285629, -0.31780439615249634, 0.8929713368415833, 0.13576555252075195, -0.0006313395570032299, 4.0054524106380995e-06, 0.9907408356666565, -0.4815531075000763, 0.0020800346974283457, -1.8291410015081055e-05, 0.8764144778251648, 0.05144377797842026, 0.9751516580581665, -0.14770691096782684, 0.1568933129310608, 0.17296701669692993, -0.2328813374042511, 0.947242021560669, 0.13631315529346466, -0.46003076434135437, 0.07868512719869614, 0.0661202073097229, 0.8819345235824585, 0.45786502957344055, -0.02891935221850872, 0.12153804302215576, 0.8801999092102051, 0.39618995785713196, 0.017875848338007927, 0.0748402401804924, 0.914938747882843, 0.614077627658844, -0.41512152552604675, 0.5107433795928955, 0.43557316064834595, -0.3283599019050598, -0.03150596097111702, -0.00672858627513051, 0.9440031051635742, 0.48384442925453186, 0.12392153590917587, -0.1317395269870758, 0.8562609553337097, 0.39046716690063477, -0.007768628187477589, -0.1248367503285408, 0.9120804667472839, -0.5921066999435425, -0.4311301112174988, -0.5801365971565247, 0.35633987188339233, -0.040597185492515564, 0.023945005610585213, 0.025744564831256866, 0.9985568523406982, 0.017703024670481682, 0.012789980508387089, -0.013126359321177006, 0.9996753334999084, -0.5619266033172607, 0.42101967334747314, -0.4742546081542969, 0.5310965776443481, -0.3779919445514679, 0.16600078344345093, 0.026119034737348557, 0.9104304909706116, 0.29806068539619446, -0.38124850392341614, -0.011347085237503052, 0.8750318288803101, 0.13477183878421783, -0.35072511434555054, 0.16174408793449402, 0.912506103515625, -0.5417587757110596, -0.4263938069343567, 0.4949902892112732, 0.5288388729095459, -0.45852455496788025, -0.08047372847795486, 0.22620472311973572, 0.8556346297264099, 0.38849878311157227, 0.5618338584899902, 0.007302778773009777, 0.7303137183189392, 0.40160512924194336, 0.16337737441062927, -0.006088306661695242, 0.9011015892028809, 0.1238229051232338, 0.01554262824356556, -0.16789832711219788, 0.9778734445571899, -0.2972574532032013, 0.09797884523868561, -0.31838175654411316, 0.8948023319244385, 0.13577719032764435, -0.0006327538285404444, 4.1586799852666445e-06, 0.9907392263412476, -0.48154282569885254, 0.002078830497339368, -1.895697096188087e-05, 0.8764201402664185, 0.05151044949889183, 0.9762596487998962, -0.14662374556064606, 0.15088166296482086, 0.17869485914707184, -0.21687476336956024, 0.9497445821762085, 0.13790829479694366, -0.48364225029945374, 0.08099257946014404, 0.07112528383731842, 0.8686032295227051, 0.46544042229652405, -0.026049837470054626, 0.12490466982126236, 0.8758341073989868, 0.3951074182987213, 0.016770493239164352, 0.07857034355401993, 0.9151150584220886, 0.6285375952720642, -0.40845033526420593, 0.49901124835014343, 0.4348524212837219, -0.3263126611709595, -0.03134728968143463, -0.008617752231657505, 0.944702684879303, 0.4702913165092468, 0.16815724968910217, -0.15118969976902008, 0.8530480265617371, 0.3920716345310211, -0.011046933010220528, -0.09281160682439804, 0.9151741862297058, -0.591613233089447, -0.426942378282547, -0.590751588344574, 0.3445673882961273, -0.04508381709456444, 0.022014133632183075, 0.02315034344792366, 0.998472273349762, 0.015938887372612953, 0.01267867162823677, -0.011762960813939571, 0.9997233748435974, -0.5677616000175476, 0.42230090498924255, -0.46989309787750244, 0.5277397036552429, -0.3675936460494995, 0.1588808298110962, 0.04252402111887932, 0.9153270125389099, 0.292736291885376, -0.3722829222679138, -0.0109605323523283, 0.8806763291358948, 0.1351093053817749, -0.35269901156425476, 0.16930191218852997, 0.9103217720985413, -0.5522608757019043, -0.44087448716163635, 0.4872644543647766, 0.5130410194396973, -0.48966434597969055, -0.06124887987971306, 0.25996822118759155, 0.8299963474273682, 0.36770156025886536, 0.526611864566803, 0.004439786076545715, 0.7664567232131958, 0.4036461114883423, 0.19812533259391785, 0.025420423597097397, 0.8928437829017639, 0.12425350397825241, 0.013584407977759838, -0.166896790266037, 0.9780194759368896, -0.2843308448791504, 0.10312509536743164, -0.30853384733200073, 0.9018470644950867, 0.13577672839164734, -0.0006315804785117507, 4.158213414484635e-06, 0.9907392859458923, -0.48154324293136597, 0.0020797615870833397, -1.8263734091306105e-05, 0.8764199018478394, 0.05130784958600998, 0.9770964980125427, -0.14572888612747192, 0.14633208513259888, 0.18293718993663788, -0.20436803996562958, 0.951337456703186, 0.14044484496116638, -0.49751031398773193, 0.0818801149725914, 0.07379192113876343, 0.8604265451431274, 0.4665544927120209, -0.02296009659767151, 0.1295129358768463, 0.8746577501296997, 0.3942117393016815, 0.01578109711408615, 0.08161874115467072, 0.9152520895004272, 0.636963427066803, -0.3980465233325958, 0.5074521899223328, 0.42229002714157104, -0.3554631769657135, -0.0347740575671196, -0.010783648118376732, 0.9339810013771057, 0.47903862595558167, 0.17608796060085297, -0.14663289487361908, 0.8473569750785828, 0.3921661674976349, -0.011261455714702606, -0.0899764820933342, 0.9154142141342163, -0.5913260579109192, -0.4224315285682678, -0.6023064255714417, 0.33032140135765076, -0.05056559666991234, 0.02020387537777424, 0.019249284639954567, 0.99833083152771, 0.013975539244711399, 0.012732153758406639, -0.010709365829825401, 0.9997639656066895, -0.5722496509552002, 0.4234903156757355, -0.4665599763393402, 0.5248887538909912, -0.3587651252746582, 0.1452951282262802, 0.05880697816610336, 0.920173168182373, 0.28937390446662903, -0.36653703451156616, -0.010750295594334602, 0.8841933012008667, 0.1356946974992752, -0.3542596399784088, 0.1774597316980362, 0.9080722332000732, -0.5626378059387207, -0.45263156294822693, 0.4783823788166046, 0.4997136890888214, -0.4999718964099884, -0.03393379971385002, 0.27086499333381653, 0.8218933939933777, 0.339309424161911, 0.48020297288894653, 0.00038121870602481067, 0.8088721036911011, 0.3898225724697113, 0.2421044111251831, 0.0670137032866478, 0.8859644532203674, 0.12497234344482422, 0.012169666588306427, -0.16625581681728363, 0.9780555963516235, -0.268564909696579, 0.11100538074970245, -0.29379427433013916, 0.9106237888336182, 0.1357458382844925, -0.0006332114571705461, 4.5388646867650095e-06, 0.9907435178756714, -0.48157045245170593, 0.0020782947540283203, -1.9021257685380988e-05, 0.8764049410820007, 0.050291888415813446, 0.9778386950492859, -0.14435012638568878, 0.14305701851844788, 0.18647189438343048, -0.196842759847641, 0.9518335461616516, 0.1431574821472168, -0.5029523372650146, 0.08181017637252808, 0.07530252635478973, 0.8571321964263916, 0.4632152020931244, -0.020065167918801308, 0.13460303843021393, 0.8757346272468567, 0.39349034428596497, 0.015118114650249481, 0.08374473452568054, 0.915381669998169, 0.6422820687294006, -0.3879982531070709, 0.5171651840209961, 0.4116688668727875, -0.38065558671951294, -0.03767815977334976, -0.013516880571842194, 0.9238501191139221, 0.4880184829235077, 0.17651405930519104, -0.14027555286884308, 0.8432102799415588, 0.39228686690330505, -0.011245823465287685, -0.09024685621261597, 0.9153360724449158, -0.5907536745071411, -0.4180014729499817, -0.6138907670974731, 0.31531423330307007, -0.056511279195547104, 0.018660616129636765, 0.014483130536973476, 0.99812251329422, 0.011990627273917198, 0.013094887137413025, -0.009948632679879665, 0.9997928738594055, -0.5760981440544128, 0.4248393177986145, -0.46356117725372314, 0.5222389698028564, -0.35096031427383423, 0.12779337167739868, 0.07395047694444656, 0.9246767163276672, 0.2879108786582947, -0.36395683884620667, -0.010764840058982372, 0.885735273361206, 0.13650467991828918, -0.3553602993488312, 0.1861262172460556, 0.9057828187942505, -0.572696328163147, -0.461396187543869, 0.46887341141700745, 0.4891730546951294, -0.48616793751716614, -0.008095511235296726, 0.26671159267425537, 0.8321298956871033, 0.30351734161376953, 0.42508864402770996, -0.00448225811123848, 0.8527349233627319, 0.36335453391075134, 0.288996160030365, 0.10516554117202759, 0.8794287443161011, 0.12581048905849457, 0.01134840864688158, -0.1660764068365097, 0.9779885411262512, -0.2519267499446869, 0.12062814831733704, -0.2763187885284424, 0.9195812940597534, 0.13572242856025696, -0.0006328076706267893, 4.574376362143084e-06, 0.9907467365264893, -0.4815913140773773, 0.0020785555243492126, -1.8831686247722246e-05, 0.8763934969902039, 0.048589397221803665, 0.9784451127052307, -0.14278878271579742, 0.14105215668678284, 0.18908366560935974, -0.19682186841964722, 0.9508845210075378, 0.14603805541992188, -0.49680468440055847, 0.0805758684873581, 0.07514934241771698, 0.86083984375, 0.4547034800052643, -0.016770875081419945, 0.14043530821800232, 0.8793414831161499, 0.39309725165367126, 0.014821957796812057, 0.08472531288862228, 0.9154651761054993, 0.6439024209976196, -0.381595253944397, 0.5232909321784973, 0.4073590636253357, -0.3909306824207306, -0.03894071280956268, -0.01574992761015892, 0.9194611310958862, 0.49176347255706787, 0.17359225451946259, -0.13634665310382843, 0.8422850370407104, 0.3924972414970398, -0.011286194436252117, -0.09017356485128403, 0.9152525663375854, -0.5900295376777649, -0.41457608342170715, -0.6235654950141907, 0.3019239604473114, -0.062114737927913666, 0.01786409690976143, 0.009533227421343327, 0.9978635907173157, 0.010186371393501759, 0.01369526144117117, -0.00939895585179329, 0.9998101592063904, -0.5790261626243591, 0.4262003004550934, -0.4613141119480133, 0.5198763012886047, -0.34476664662361145, 0.10991556197404861, 0.085515595972538, 0.9283004403114319, 0.28829628229141235, -0.36428356170654297, -0.011032051406800747, 0.8854722380638123, 0.13755202293395996, -0.35596033930778503, 0.19523628056049347, 0.9034680128097534, -0.5813322067260742, -0.4665181040763855, 0.460380494594574, 0.482144832611084, -0.46217891573905945, 0.014839835464954376, 0.25913140177726746, 0.8479512929916382, 0.2655685544013977, 0.36842605471611023, -0.009066176600754261, 0.8908722996711731, 0.3241899311542511, 0.3307923376560211, 0.14228887856006622, 0.8747749924659729, 0.12628309428691864, 0.010797270573675632, -0.1664842665195465, 0.9778645634651184, -0.23866841197013855, 0.13029110431671143, -0.25844821333885193, 0.92696613073349, 0.1356985867023468, -0.0006312016048468649, 4.416904630488716e-06, 0.9907499551773071, -0.4816122353076935, 0.0020799983758479357, -1.8117076251655817e-05, 0.8763819336891174, 0.04690742865204811, 0.9788424968719482, -0.1417212337255478, 0.13993623852729797, 0.19088652729988098, -0.20231890678405762, 0.948874831199646, 0.14921779930591583, -0.4820582866668701, 0.0785999745130539, 0.07358931750059128, 0.8694978356361389, 0.4430640637874603, -0.012696866877377033, 0.14674821496009827, 0.8843065500259399, 0.392930805683136, 0.014700456522405148, 0.08508948981761932, 0.9155048131942749, 0.643119752407074, -0.37764909863471985, 0.5268526077270508, 0.4076817035675049, -0.39154693484306335, -0.03913559764623642, -0.01679454930126667, 0.9191721081733704, 0.49205321073532104, 0.1685888171195984, -0.134455144405365, 0.8434354662895203, 0.39267438650131226, -0.011324016377329826, -0.0901082307100296, 0.9151825308799744, -0.589323103427887, -0.41259607672691345, -0.6287623643875122, 0.29516223073005676, -0.06498686969280243, 0.01725507341325283, 0.006958779878914356, 0.9977126717567444, 0.008994651958346367, 0.014501932077109814, -0.009039455093443394, 0.9998135566711426, -0.5809564590454102, 0.4277249574661255, -0.45990070700645447, 0.5177183151245117, -0.34067502617836, 0.10062534362077713, 0.08962266892194748, 0.9304745197296143, 0.29020339250564575, -0.36687594652175903, -0.011566780507564545, 0.8837704658508301, 0.1388309895992279, -0.3560326099395752, 0.20467530190944672, 0.9011518955230713, -0.5884736180305481, -0.4696158170700073, 0.45315244793891907, 0.47729724645614624, -0.4336242377758026, 0.03717946633696556, 0.2597040832042694, 0.8620566129684448, 0.22516940534114838, 0.30903586745262146, -0.012950954958796501, 0.9239198565483093, 0.2805672585964203, 0.36240872740745544, 0.17689305543899536, 0.8710055947303772, 0.1265590637922287, 0.010502832010388374, -0.16670264303684235, 0.9777948260307312, -0.2307814359664917, 0.1357409805059433, -0.24897730350494385, 0.9307656288146973, 0.1356765627861023, -0.0006274176994338632, 3.7503029943763977e-06, 0.9907529950141907, -0.4816317856311798, 0.0020834298338741064, -1.633368265174795e-05, 0.8763712048530579, 0.04536645859479904, 0.979063868522644, -0.14121465384960175, 0.1394069939851761, 0.1924276202917099, -0.20772705972194672, 0.9467519521713257, 0.1532377004623413, -0.46728044748306274, 0.07680194079875946, 0.07231245934963226, 0.8777934908866882, 0.43209946155548096, -0.009924795478582382, 0.15279605984687805, 0.8887321949005127, 0.39280006289482117, 0.014741006307303905, 0.08519227802753448, 0.915550708770752, 0.6410865187644958, -0.37529081106185913, 0.5287151336669922, 0.41064003109931946, -0.387676864862442, -0.038776785135269165, -0.017195334658026695, 0.9208188652992249, 0.49131977558135986, 0.16316959261894226, -0.13352975249290466, 0.8450742363929749, 0.3928065598011017, -0.011357266455888748, -0.09006412327289581, 0.9151297807693481, -0.5890311598777771, -0.4119855463504791, -0.6294166445732117, 0.295203298330307, -0.0650189071893692, 0.016719680279493332, 0.006896946579217911, 0.9977201223373413, 0.008560538291931152, 0.015484840609133244, -0.008969481103122234, 0.9998032450675964, -0.5819242000579834, 0.42947426438331604, -0.45919376611709595, 0.5158073306083679, -0.33906853199005127, 0.10050922632217407, 0.08618219941854477, 0.9313984513282776, 0.29370054602622986, -0.37190479040145874, -0.012369546107947826, 0.8804963827133179, 0.14032573997974396, -0.3555506765842438, 0.21446704864501953, 0.8988305330276489, -0.5952193737030029, -0.4718329608440399, 0.4459482431411743, 0.47351640462875366, -0.4043061137199402, 0.04820924624800682, 0.27657100558280945, 0.8704716563224792, 0.19849422574043274, 0.2706311345100403, -0.01554040890187025, 0.9418690800666809, 0.239081010222435, 0.38565510511398315, 0.20626023411750793, 0.8669297695159912, 0.1267930418252945, 0.010589724406599998, -0.16658903658390045, 0.9777829647064209, -0.22840982675552368, 0.1364833265542984, -0.24881532788276672, 0.9312852621078491, 0.13566434383392334, -0.000627459492534399, 3.6105873277847422e-06, 0.9907546639442444, -0.48164257407188416, 0.002083428669720888, -1.657343455008231e-05, 0.8763653039932251, 0.04378609359264374, 0.9792017340660095, -0.14074891805648804, 0.13941480219364166, 0.19360360503196716, -0.21327097713947296, 0.9445486664772034, 0.1576734334230423, -0.45210960507392883, 0.07497702538967133, 0.07073485851287842, 0.8859864473342896, 0.4210623502731323, -0.008032566867768764, 0.15890182554721832, 0.8929681777954102, 0.3927391767501831, 0.01486069057136774, 0.08504699915647507, 0.9155884385108948, 0.638699471950531, -0.37357035279273987, 0.5299455523490906, 0.41432589292526245, -0.3833561837673187, -0.038355130702257156, -0.017479542642831802, 0.9226382970809937, 0.4911610186100006, 0.15793517231941223, -0.13299605250358582, 0.8462442755699158, 0.39295318722724915, -0.011393736116588116, -0.09000847488641739, 0.9150718450546265, -0.5887052416801453, -0.4116264283657074, -0.6296367049217224, 0.29588431119918823, -0.06484844535589218, 0.01632516086101532, 0.007142385467886925, 0.9977360367774963, 0.008380726911127567, 0.016343947499990463, -0.009077958762645721, 0.9997901320457458, -0.5823959112167358, 0.43125757575035095, -0.45881929993629456, 0.5141175389289856, -0.3383168578147888, 0.10037143528461456, 0.08102336525917053, 0.9321494102478027, 0.2982527017593384, -0.3786706030368805, -0.013304795138537884, 0.8760576248168945, 0.14193210005760193, -0.354682981967926, 0.22451183199882507, 0.8964651226997375, -0.6001709699630737, -0.4734819233417511, 0.44051721692085266, 0.4706955850124359, -0.3804672658443451, 0.04193556308746338, 0.30097222328186035, 0.8734424710273743, 0.1966954469680786, 0.26933297514915466, -0.016919514164328575, 0.9425945281982422, 0.20415407419204712, 0.40022578835487366, 0.22865629196166992, 0.8636299967765808, 0.12699604034423828, 0.011055983603000641, -0.16636517643928528, 0.9777895212173462, -0.22671295702457428, 0.13677290081977844, -0.2491181194782257, 0.9315763711929321, 0.13565444946289062, -0.0006268025608733296, 3.4131837765016826e-06, 0.9907560348510742, -0.48165154457092285, 0.002084116218611598, -1.6329104255419225e-05, 0.8763603568077087, 0.042585305869579315, 0.9792042374610901, -0.14067740738391876, 0.1398410052061081, 0.1954224705696106, -0.21622318029403687, 0.9426839351654053, 0.16249491274356842, -0.44100338220596313, 0.07367675006389618, 0.06957027316093445, 0.8917666077613831, 0.4121984541416168, -0.0072892396710813046, 0.16494499146938324, 0.8960092067718506, 0.39278125762939453, 0.015037035569548607, 0.08470206707715988, 0.9155994653701782, 0.6369660496711731, -0.3716643750667572, 0.5312212705612183, 0.41706568002700806, -0.38187167048454285, -0.03819721192121506, -0.01758423075079918, 0.9232582449913025, 0.4922792613506317, 0.15406449139118195, -0.13285082578659058, 0.8463308811187744, 0.3930535912513733, -0.01141578983515501, -0.08997240662574768, 0.9150319695472717, -0.5883602499961853, -0.4114008843898773, -0.6299724578857422, 0.2961694598197937, -0.06484340876340866, 0.016166258603334427, 0.007327970117330551, 0.9977375864982605, 0.008344368077814579, 0.01676233671605587, -0.009168325923383236, 0.9997826814651489, -0.5825394988059998, 0.43300071358680725, -0.458657830953598, 0.5126314759254456, -0.337909460067749, 0.09962235391139984, 0.07526836544275284, 0.9328597187995911, 0.3034280836582184, -0.3863828480243683, -0.014343486167490482, 0.8708811402320862, 0.14360347390174866, -0.35349851846694946, 0.23461437225341797, 0.8940765857696533, -0.5973284840583801, -0.4751875400543213, 0.4433848261833191, 0.469899445772171, -0.36989906430244446, 0.04692337289452553, 0.3082304894924164, 0.875195324420929, 0.19640551507472992, 0.2697197496891022, -0.017638685181736946, 0.942531168460846, 0.18337149918079376, 0.40603330731391907, 0.24326732754707336, 0.861587405204773, 0.12714393436908722, 0.011502997949719429, -0.16623853147029877, 0.9777867197990417, -0.22530005872249603, 0.13712695240974426, -0.2487393021583557, 0.9319682717323303, 0.135649636387825, -0.0006260527297854424, 3.2458592613693327e-06, 0.9907566905021667, -0.4816558361053467, 0.0020847872365266085, -1.6040752598200925e-05, 0.8763579726219177, 0.04156786948442459, 0.9791497588157654, -0.14075525104999542, 0.14044879376888275, 0.19784125685691833, -0.21669206023216248, 0.9412062764167786, 0.16743417084217072, -0.4345022737979889, 0.07288433611392975, 0.06893595308065414, 0.8950662016868591, 0.405760794878006, -0.007646583486348391, 0.1708533763885498, 0.8978356122970581, 0.3928852677345276, 0.015221173875033855, 0.08428192138671875, 0.9155905842781067, 0.6360797882080078, -0.36950448155403137, 0.5327548384666443, 0.4183793067932129, -0.38360458612442017, -0.038370538502931595, -0.01783367618918419, 0.9225276112556458, 0.4946928918361664, 0.15164223313331604, -0.1327260434627533, 0.8453800678253174, 0.3931386172771454, -0.01142423041164875, -0.08995091915130615, 0.9149974584579468, -0.5880755186080933, -0.41134169697761536, -0.6301847696304321, 0.2963654100894928, -0.06491208076477051, 0.016199607402086258, 0.0074742515571415424, 0.9977315068244934, 0.008353126235306263, 0.017041685059666634, -0.009213408455252647, 0.9997774958610535, -0.5825257897377014, 0.4347003400325775, -0.4586564600467682, 0.5112079977989197, -0.33774828910827637, 0.09858281165361404, 0.06907361000776291, 0.9335075616836548, 0.3089617192745209, -0.3945755362510681, -0.015475723892450333, 0.8652244806289673, 0.14531263709068298, -0.3521157205104828, 0.24475686252117157, 0.8916237354278564, -0.5941228866577148, -0.4765320122241974, 0.4466773271560669, 0.4694833755493164, -0.36210986971855164, 0.05110369622707367, 0.3119455873966217, 0.8769006729125977, 0.1969461888074875, 0.27116337418556213, -0.018070733174681664, 0.9419957995414734, 0.17247678339481354, 0.4057358503341675, 0.2512202858924866, 0.8616951704025269, 0.1271490901708603, 0.011857855133712292, -0.16620424389839172, 0.9777876734733582, -0.22452087700366974, 0.13743937015533447, -0.24799691140651703, 0.9323080778121948, 0.13564690947532654, -0.000625358778052032, 3.129410742985783e-06, 0.9907570481300354, -0.4816581606864929, 0.0020854491740465164, -1.5711930245743133e-05, 0.8763567209243774, 0.04065597802400589, 0.9790936708450317, -0.1408638060092926, 0.1409967839717865, 0.20059043169021606, -0.21565505862236023, 0.9399879574775696, 0.17227621376514435, -0.43123018741607666, 0.07243882864713669, 0.06865380704402924, 0.8967049717903137, 0.4011385440826416, -0.008605308830738068, 0.17662963271141052, 0.8987857103347778, 0.39299649000167847, 0.015384532511234283, 0.08389114588499069, 0.9155759811401367, 0.6357978582382202, -0.3672793507575989, 0.5344102382659912, 0.4186559021472931, -0.38712871074676514, -0.038732726126909256, -0.018193991854786873, 0.9210320711135864, 0.4976755678653717, 0.15021885931491852, -0.13250474631786346, 0.8439169526100159, 0.39321258664131165, -0.0114265326410532, -0.08993630856275558, 0.9149670600891113, -0.587902307510376, -0.41140973567962646, -0.6302086114883423, 0.29656389355659485, -0.06502728909254074, 0.016377678140997887, 0.007572570815682411, 0.9977203607559204, 0.008397282101213932, 0.017245613038539886, -0.009255973622202873, 0.9997732043266296, -0.5826687216758728, 0.43640005588531494, -0.4584955871105194, 0.5097392201423645, -0.33740338683128357, 0.09792688488960266, 0.06290864199399948, 0.9341369271278381, 0.3142017722129822, -0.4023522436618805, -0.016570869833230972, 0.8597181439399719, 0.1469651460647583, -0.35076093673706055, 0.2548089623451233, 0.8890671730041504, -0.5918858051300049, -0.4774095118045807, 0.4489856958389282, 0.4692155718803406, -0.35641220211982727, 0.05041060969233513, 0.31600603461265564, 0.8778207898139954, 0.20145192742347717, 0.27837294340133667, -0.01827877387404442, 0.9389310479164124, 0.16739419102668762, 0.40323081612586975, 0.2553168833255768, 0.8626687526702881, 0.1270207166671753, 0.012192323803901672, -0.16623026132583618, 0.9777957797050476, -0.2244863659143448, 0.1376395970582962, -0.24707971513271332, 0.9325303435325623, 0.13564540445804596, -0.0006246691336855292, 3.0274188702605898e-06, 0.9907572269439697, -0.48165953159332275, 0.00208608852699399, -1.5372668713098392e-05, 0.8763559460639954, 0.03980698436498642, 0.9790670275688171, -0.14097397029399872, 0.14131374657154083, 0.20341262221336365, -0.2141060084104538, 0.9388797879219055, 0.17688053846359253, -0.4297601878643036, 0.07218758016824722, 0.06856531649827957, 0.8974374532699585, 0.3978155851364136, -0.009712999686598778, 0.18226653337478638, 0.899125874042511, 0.3930816054344177, 0.015511349774897099, 0.08359664678573608, 0.915564239025116, 0.6358321905136108, -0.365287721157074, 0.5359227657318115, 0.41841256618499756, -0.3908112943172455, -0.039114657789468765, -0.018549367785453796, 0.9194523096084595, 0.5004356503486633, 0.149409681558609, -0.13218262791633606, 0.8424777388572693, 0.3932710289955139, -0.011426223441958427, -0.08992532640695572, 0.9149430990219116, -0.5878709554672241, -0.4116182327270508, -0.6299793720245361, 0.2968237102031708, -0.06514303386211395, 0.016694199293851852, 0.007608034182339907, 0.9977073073387146, 0.008476297371089458, 0.017387790605425835, -0.009310784749686718, 0.9997695684432983, -0.5829619765281677, 0.4381077289581299, -0.4581772983074188, 0.5082228779792786, -0.336925745010376, 0.09772183746099472, 0.05671318247914314, 0.9347273111343384, 0.319125771522522, -0.4097118377685547, -0.01761067472398281, 0.8543915152549744, 0.14855258166790009, -0.34944605827331543, 0.2647687494754791, 0.8864068388938904, -0.5904155969619751, -0.4779300093650818, 0.45052143931388855, 0.46906593441963196, -0.35272252559661865, 0.045126039534807205, 0.32110223174095154, 0.8777492642402649, 0.2103477269411087, 0.2919852137565613, -0.018357547000050545, 0.9328244924545288, 0.16593199968338013, 0.3999427855014801, 0.2571363151073456, 0.8639405965805054, 0.12677116692066193, 0.012521850876510143, -0.16631737351417542, 0.9778091907501221, -0.22536630928516388, 0.1376677006483078, -0.24608181416988373, 0.9325777888298035, 0.13564471900463104, -0.0006240826332941651, 2.9455200092343148e-06, 0.9907573461532593, -0.48166003823280334, 0.0020865837577730417, -1.5125325262488332e-05, 0.8763557076454163, 0.039135806262493134, 0.9790900349617004, -0.14106769859790802, 0.14124804735183716, 0.2055894434452057, -0.21295377612113953, 0.9380226135253906, 0.1802700012922287, -0.42933887243270874, 0.07206590473651886, 0.06858271360397339, 0.8976475596427917, 0.39597511291503906, -0.010457461699843407, 0.18665684759616852, 0.8990292549133301, 0.39310914278030396, 0.01556689664721489, 0.08349432796239853, 0.915560781955719, 0.635998547077179, -0.36399516463279724, 0.5369101762771606, 0.4180201292037964, -0.39308881759643555, -0.039353273808956146, -0.018761832267045975, 0.9184663891792297, 0.5020390152931213, 0.14907868206501007, -0.13180792331695557, 0.8416407108306885, 0.3933040201663971, -0.011422926560044289, -0.08992088586091995, 0.9149293899536133, -0.5879813432693481, -0.4119165241718292, -0.6295377612113953, 0.29712802171707153, -0.06522562354803085, 0.017055273056030273, 0.007570984307676554, 0.997696042060852, 0.008553632535040379, 0.01747938245534897, -0.009362459182739258, 0.9997668266296387, -0.5832771062850952, 0.43947628140449524, -0.45783841609954834, 0.5069836974143982, -0.33651605248451233, 0.09791157394647598, 0.0516948476433754, 0.935145914554596, 0.3228572607040405, -0.4153224527835846, -0.01840384304523468, 0.8502539396286011, 0.14978159964084625, -0.3484239876270294, 0.2726738750934601, 0.8842031359672546, -0.5893751382827759, -0.4782760739326477, 0.45161521434783936, 0.4689699113368988, -0.35007503628730774, 0.03999413549900055, 0.3255760967731476, 0.8774099349975586, 0.21823115646839142, 0.3040050268173218, -0.018396742641925812, 0.9271557331085205, 0.16533172130584717, 0.39720141887664795, 0.2582041323184967, 0.8650012612342834, 0.12649798393249512, 0.012753022834658623, -0.16644668579101562, 0.9778196215629578, -0.22694024443626404, 0.13750645518302917, -0.24527530372142792, 0.9324323534965515, 0.13564427196979523, -0.0006237938068807125, 2.891006715799449e-06, 0.990757405757904, -0.4816606938838959, 0.00208684871904552, -1.4990565432526637e-05, 0.8763553500175476, 0.039135806262493134, 0.9790900349617004, -0.14106769859790802, 0.14124804735183716, 0.2055894434452057, -0.21295377612113953, 0.9380226135253906, 0.1802700012922287, -0.4293389320373535, 0.07206591218709946, 0.06858272105455399, 0.897647500038147, 0.39597511291503906, -0.010457494296133518, 0.18665684759616852, 0.8990292549133301, 0.39310914278030396, 0.015566907823085785, 0.08349430561065674, 0.915560781955719, 0.635998547077179, -0.36399516463279724, 0.5369101762771606, 0.4180201292037964, -0.39308881759643555, -0.039353273808956146, -0.018761832267045975, 0.9184663891792297, 0.5020389556884766, 0.14907868206501007, -0.13180793821811676, 0.8416407108306885, 0.3933040499687195, -0.011422920972108841, -0.08992086350917816, 0.9149293899536133, -0.5879813432693481, -0.4119165241718292, -0.6295377612113953, 0.29712802171707153, -0.06522562354803085, 0.017055273056030273, 0.007570984307676554, 0.997696042060852, 0.008553615771234035, 0.01747935637831688, -0.00936252623796463, 0.9997668266296387, -0.58327716588974, 0.43947625160217285, -0.4578383266925812, 0.506983757019043, -0.3365161120891571, 0.09791166335344315, 0.051694851368665695, 0.935145914554596, 0.3228572905063629, -0.4153224527835846, -0.018403856083750725, 0.8502539396286011, 0.14978159964084625, -0.34842395782470703, 0.27267393469810486, 0.8842031359672546, -0.5893750190734863, -0.47827622294425964, 0.45161524415016174, 0.4689699113368988, -0.35007503628730774, 0.03999415040016174, 0.32557612657546997, 0.8774099349975586, 0.21823115646839142, 0.3040049374103546, -0.018396735191345215, 0.9271557331085205, 0.1653316766023636, 0.39720141887664795, 0.2582041025161743, 0.8650012612342834, 0.12649793922901154, 0.012753091752529144, -0.16644668579101562, 0.9778196215629578, -0.22694016993045807, 0.13750645518302917, -0.2452753335237503, 0.9324324131011963, 0.13564418256282806, -0.0006237771594896913, 2.8817203201469965e-06, 0.990757405757904, -0.4816606938838959, 0.002086872234940529, -1.4966388334869407e-05, 0.8763553500175476]
    s (float, 2664):  [0.9999999403953552, 1.0, 1.0, 0.9999999403953552, 0.9999998807907104, 1.0, 0.9999999403953552, 1.0, 0.9999998807907104, 0.9999998807907104, 0.9999999403953552, 1.0, 1.0, 0.9999999403953552, 0.9999999403953552, 1.0, 1.0, 1.0, 1.000000238418579, 1.0, 1.0, 1.0, 0.9999998807907104, 0.9999998807907104, 0.9999999403953552, 1.0000001192092896, 1.0, 1.0000001192092896, 0.9999998211860657, 1.0, 1.0, 0.9999998807907104, 0.9999999403953552, 0.9999999403953552, 1.0, 1.0000001192092896, 1.000000238418579, 0.9999998807907104, 1.0, 0.9999999403953552, 1.0, 1.0, 1.0000001192092896, 1.0, 1.0, 1.0000001192092896, 0.9999998807907104, 1.0, 0.9999999403953552, 1.0, 0.9999999403953552, 1.0, 0.9999998807907104, 1.0, 1.0, 0.9999999403953552, 0.9999998807907104, 0.9999999403953552, 1.0, 1.0000001192092896, 1.0000001192092896, 1.0, 0.9999999403953552, 0.9999999403953552, 1.0000001192092896, 0.9999999403953552, 1.0000001192092896, 1.0, 0.9999998807907104, 1.0, 0.9999998807907104, 0.9999998807907104, 0.9999999403953552, 1.0, 1.0, 0.9999999403953552, 0.9999998807907104, 1.0, 0.9999999403953552, 0.9999999403953552, 1.0, 1.0, 1.0, 1.0000001192092896, 1.0, 0.9999999403953552, 0.9999999403953552, 1.0, 1.0, 0.9999998211860657, 0.9999998807907104, 1.0, 0.9999999403953552, 1.0, 1.0, 0.9999999403953552, 0.9999998211860657, 0.9999999403953552, 1.0000001192092896, 1.0, 0.9999999403953552, 1.0, 0.9999999403953552, 1.0, 0.9999999403953552, 1.0, 1.0000001192092896, 1.0000001192092896, 1.0000001192092896, 0.9999999403953552, 0.9999999403953552, 0.9999999403953552, 1.0, 0.9999999403953552, 1.0000001192092896, 1.0, 0.9999999403953552, 0.9999998807907104, 1.0, 1.0, 1.0, 0.9999998807907104, 0.9999999403953552, 1.0000001192092896, 0.9999999403953552, 0.9999998807907104, 0.9999999403953552, 1.0, 0.9999998807907104, 0.9999999403953552, 0.9999999403953552, 1.0000001192092896, 1.0, 0.9999999403953552, 1.0, 0.9999999403953552, 1.0, 0.9999997615814209, 1.0000001192092896, 1.0000001192092896, 0.9999998807907104, 1.0, 1.0, 1.0, 0.9999999403953552, 0.9999999403953552, 0.9999999403953552, 1.0000001192092896, 0.9999998807907104, 1.0000001192092896, 1.0000001192092896, 0.9999998807907104, 0.9999999403953552, 0.9999998807907104, 0.9999999403953552, 1.0000001192092896, 1.0000001192092896, 1.0000001192092896, 1.0, 1.0, 1.0000001192092896, 0.9999998807907104, 1.0, 1.0, 0.9999999403953552, 0.9999999403953552, 0.9999999403953552, 1.0, 0.9999998807907104, 0.9999999403953552, 1.0, 1.0, 0.9999999403953552, 1.0, 1.0, 1.0, 1.0, 0.9999998807907104, 1.0, 1.0000001192092896, 1.0000001192092896, 0.9999999403953552, 0.9999999403953552, 1.0, 1.0, 0.9999998807907104, 1.0000001192092896, 1.0, 0.9999999403953552, 0.9999998807907104, 0.9999999403953552, 0.9999999403953552, 0.9999998807907104, 1.0, 0.9999999403953552, 1.0000001192092896, 1.0, 1.0, 1.0, 0.9999999403953552, 0.9999999403953552, 0.9999999403953552, 1.0, 1.0000001192092896, 1.0000001192092896, 1.0, 1.0, 1.0, 1.0000001192092896, 0.9999999403953552, 1.0000001192092896, 0.9999999403953552, 1.0, 0.9999999403953552, 1.0, 0.9999998807907104, 0.9999997615814209, 1.0000001192092896, 1.0, 0.9999998807907104, 1.0, 1.0, 0.9999999403953552, 0.9999998807907104, 0.9999998807907104, 1.0, 1.0, 1.0, 1.0, 1.0, 1.0, 1.0, 1.0, 0.9999999403953552, 1.0, 0.9999999403953552, 0.9999999403953552, 1.0, 1.0, 1.0, 0.9999999403953552, 1.0, 0.9999998807907104, 0.9999998807907104, 0.9999998807907104, 1.0000001192092896, 1.0000001192092896, 1.0, 0.9999998807907104, 0.9999998807907104, 1.0, 1.0, 1.0000001192092896, 1.0000001192092896, 0.9999999403953552, 0.9999999403953552, 1.0, 0.9999999403953552, 1.0, 1.0, 0.9999998807907104, 1.0000001192092896, 1.0, 1.0, 1.0, 0.9999998807907104, 1.0, 0.9999999403953552, 0.9999998807907104, 1.0, 1.0, 1.0, 1.0, 0.9999998807907104, 1.0, 1.0000001192092896, 1.0, 0.9999998807907104, 1.0, 0.9999999403953552, 1.0000001192092896, 0.9999998807907104, 1.0000001192092896, 1.0000001192092896, 1.0, 1.0, 0.9999999403953552, 1.0, 0.9999998807907104, 1.0, 0.9999999403953552, 1.0, 0.9999999403953552, 1.0, 1.0, 0.9999999403953552, 0.9999999403953552, 1.0, 1.0000001192092896, 1.0000001192092896, 1.0000001192092896, 0.9999998807907104, 1.0, 0.9999999403953552, 1.0, 0.9999998807907104, 1.0, 1.0, 0.9999999403953552, 1.0, 1.0, 1.0, 0.9999998807907104, 0.9999999403953552, 1.0, 1.0000001192092896, 0.9999999403953552, 1.0, 1.0, 1.0, 0.9999999403953552, 1.0, 1.0000001192092896, 1.0000001192092896, 1.0000001192092896, 1.0, 0.9999999403953552, 1.0, 1.0000001192092896, 1.0, 1.0, 1.0000001192092896, 0.9999999403953552, 1.0, 1.0, 0.9999999403953552, 0.9999998807907104, 0.9999999403953552, 1.0, 0.9999998211860657, 0.9999998807907104, 1.0000001192092896, 0.9999998211860657, 1.0, 0.9999998211860657, 0.9999998807907104, 0.9999999403953552, 1.0000001192092896, 1.000000238418579, 0.9999998807907104, 1.0, 1.0, 1.0000001192092896, 0.9999999403953552, 1.0, 0.9999999403953552, 0.9999998807907104, 1.0, 0.9999999403953552, 1.0, 0.9999999403953552, 1.0000001192092896, 0.9999998807907104, 0.9999999403953552, 1.0, 1.0, 1.0, 1.0, 0.9999998807907104, 0.9999998211860657, 1.0, 1.0000001192092896, 1.0, 1.0, 1.0, 1.0000001192092896, 1.0000001192092896, 1.0, 1.0000001192092896, 1.0, 1.0, 1.0, 1.0, 0.9999999403953552, 0.9999999403953552, 1.0, 1.0, 1.0, 0.9999999403953552, 0.9999999403953552, 0.9999999403953552, 0.9999999403953552, 0.9999999403953552, 0.9999997019767761, 0.9999999403953552, 1.0000001192092896, 1.000000238418579, 1.0, 1.0, 1.0, 1.0000001192092896, 0.9999998807907104, 1.0, 1.0, 0.9999999403953552, 1.0, 1.0, 0.9999999403953552, 0.9999998807907104, 0.9999999403953552, 1.0, 1.0, 0.9999999403953552, 0.9999999403953552, 1.0, 0.9999997615814209, 1.0, 0.9999998807907104, 1.0000001192092896, 1.0000001192092896, 1.0000001192092896, 1.0000001192092896, 0.9999999403953552, 0.9999999403953552, 1.0, 1.0, 1.0, 1.0000001192092896, 0.9999999403953552, 1.0000001192092896, 0.9999999403953552, 0.9999998807907104, 0.9999998807907104, 1.0000001192092896, 0.9999999403953552, 0.9999999403953552, 0.9999999403953552, 1.0, 0.9999998807907104, 0.9999999403953552, 1.0, 0.9999998807907104, 1.0, 1.0000001192092896, 1.000000238418579, 1.0, 1.0, 1.0000001192092896, 1.0000001192092896, 0.9999999403953552, 1.0, 0.9999999403953552, 0.9999999403953552, 0.9999998807907104, 0.9999999403953552, 1.0, 0.9999998807907104, 1.0, 1.0, 1.0, 1.0, 1.0, 0.9999999403953552, 0.9999998807907104, 1.0, 0.9999998807907104, 0.9999998807907104, 1.0, 1.0000001192092896, 0.9999999403953552, 1.0, 1.0, 1.0000001192092896, 1.0, 1.0, 1.0, 0.9999999403953552, 0.9999999403953552, 1.0, 0.9999999403953552, 0.9999999403953552, 1.0000001192092896, 1.0, 1.0, 1.0, 1.0, 0.9999998211860657, 0.9999998807907104, 1.0, 0.9999999403953552, 1.0, 1.0000001192092896, 1.0000001192092896, 0.9999998807907104, 1.0000001192092896, 0.9999998807907104, 1.0000001192092896, 1.000000238418579, 0.9999999403953552, 1.0000001192092896, 0.9999998211860657, 1.0000001192092896, 1.0000001192092896, 1.0, 0.9999999403953552, 1.0, 1.0, 1.0, 1.0, 1.0, 0.9999999403953552, 1.0, 1.0, 0.9999998211860657, 1.0000001192092896, 1.0000001192092896, 1.0000001192092896, 1.0, 1.0, 1.0, 1.0000001192092896, 1.0, 0.9999999403953552, 0.9999999403953552, 0.9999999403953552, 1.0000001192092896, 0.9999998807907104, 0.9999999403953552, 1.0, 1.0000001192092896, 1.0, 0.9999999403953552, 0.9999999403953552, 1.0000001192092896, 1.0000001192092896, 0.9999999403953552, 0.9999998807907104, 1.0, 1.0, 1.0000001192092896, 1.0000001192092896, 1.0, 1.0, 0.9999999403953552, 1.000000238418579, 1.000000238418579, 1.0, 1.0000001192092896, 0.9999999403953552, 1.0, 0.9999999403953552, 0.9999999403953552, 0.9999998807907104, 1.0000001192092896, 1.0, 1.0000001192092896, 1.0, 1.0, 1.0, 0.9999998807907104, 1.0, 1.0, 1.0, 0.9999999403953552, 1.0000001192092896, 1.0, 1.0, 1.0, 1.0000001192092896, 0.9999998211860657, 1.0, 1.0000001192092896, 1.0, 1.0000001192092896, 0.9999999403953552, 0.9999999403953552, 1.0, 1.0, 1.0, 0.9999998807907104, 1.0, 1.0000001192092896, 0.9999999403953552, 0.9999998211860657, 0.9999999403953552, 1.0, 1.0000001192092896, 1.0000001192092896, 1.0000001192092896, 1.0, 1.0, 1.0000001192092896, 1.0000001192092896, 1.0, 1.0000001192092896, 1.0, 1.0, 0.9999999403953552, 0.9999999403953552, 0.9999999403953552, 0.9999998807907104, 0.9999999403953552, 1.0, 1.0, 1.0, 1.0, 0.9999999403953552, 1.0, 1.0, 0.9999998807907104, 0.9999999403953552, 1.0000001192092896, 1.0000001192092896, 1.0, 1.0, 1.0000001192092896, 1.0, 1.0000001192092896, 1.0000001192092896, 1.0, 1.0, 1.0, 0.9999999403953552, 0.9999998807907104, 0.9999999403953552, 0.9999998807907104, 1.0000001192092896, 1.0, 0.9999999403953552, 1.0, 1.0, 1.0, 0.9999999403953552, 0.9999998807907104, 0.9999999403953552, 1.0, 1.0, 0.9999999403953552, 0.9999998807907104, 1.0, 1.0, 1.0000001192092896, 1.0000001192092896, 0.9999999403953552, 1.0, 1.0, 0.9999998807907104, 0.9999998807907104, 1.0, 1.0, 0.9999999403953552, 1.0000001192092896, 0.9999999403953552, 0.9999999403953552, 0.9999998807907104, 1.0, 0.9999999403953552, 0.9999999403953552, 1.0, 1.0, 1.0000001192092896, 0.9999999403953552, 0.9999999403953552, 1.0000001192092896, 1.0, 0.9999998807907104, 1.0, 0.9999999403953552, 1.0, 1.0000001192092896, 0.9999998807907104, 0.9999998211860657, 0.9999999403953552, 0.9999999403953552, 1.0, 1.0, 1.0, 1.0, 1.0, 0.9999999403953552, 1.0, 0.9999998211860657, 0.9999999403953552, 1.0000001192092896, 1.0000001192092896, 1.0, 1.0, 1.0000001192092896, 1.0, 0.9999999403953552, 1.0, 0.9999999403953552, 0.9999998807907104, 0.9999998807907104, 0.9999998807907104, 0.9999999403953552, 1.0, 1.0, 1.0, 1.0, 0.9999999403953552, 1.0, 0.9999999403953552, 1.0000001192092896, 0.9999999403953552, 0.9999998211860657, 1.0, 1.000000238418579, 1.0000001192092896, 1.0000001192092896, 0.9999999403953552, 0.9999999403953552, 1.0, 1.0000001192092896, 1.0, 0.9999999403953552, 1.0, 0.9999999403953552, 1.0000001192092896, 1.0, 0.9999999403953552, 0.9999999403953552, 1.0, 1.0, 1.0, 1.0000001192092896, 1.0, 0.9999999403953552, 0.9999998807907104, 1.0, 0.9999999403953552, 1.0000001192092896, 1.0, 1.0, 0.9999999403953552, 1.0, 0.9999998807907104, 0.9999998807907104, 1.0, 1.0, 0.9999999403953552, 1.0000001192092896, 0.9999999403953552, 0.9999998807907104, 1.0, 0.9999999403953552, 0.9999999403953552, 0.9999999403953552, 1.0, 1.0, 0.9999998807907104, 0.9999999403953552, 0.9999999403953552, 1.0, 0.9999999403953552, 1.000000238418579, 1.0, 1.0000001192092896, 1.0, 1.0, 0.9999998807907104, 0.9999998807907104, 1.0000001192092896, 1.0, 0.9999999403953552, 0.9999999403953552, 0.9999998211860657, 0.9999999403953552, 1.0, 0.9999999403953552, 0.9999999403953552, 1.0000001192092896, 1.0000001192092896, 1.0, 0.9999998807907104, 0.9999999403953552, 1.0, 0.9999999403953552, 0.9999999403953552, 1.0000001192092896, 1.0000001192092896, 1.0, 1.0, 1.0, 1.0, 0.9999999403953552, 1.0, 1.0, 1.0, 1.0, 1.0, 1.0, 1.0, 1.0, 1.0, 1.0, 0.9999999403953552, 1.0, 1.0, 0.9999999403953552, 0.9999998807907104, 0.9999999403953552, 1.0, 1.0000001192092896, 1.0, 1.0, 0.9999998211860657, 1.0, 1.0000001192092896, 1.0, 0.9999999403953552, 1.0, 1.0, 1.0, 1.0, 1.0, 1.0, 1.0, 1.0, 1.0000001192092896, 1.0, 1.0, 0.9999998807907104, 0.9999998807907104, 1.0, 0.9999999403953552, 1.0000001192092896, 1.0000001192092896, 1.0000001192092896, 1.0, 1.0, 1.0000001192092896, 0.9999999403953552, 0.9999999403953552, 1.0, 1.0, 0.9999999403953552, 1.0000001192092896, 1.0, 1.0, 1.0, 0.9999998807907104, 0.9999999403953552, 1.0000001192092896, 0.9999999403953552, 1.0, 1.0, 1.0, 0.9999999403953552, 0.9999999403953552, 0.9999999403953552, 1.0000001192092896, 1.0000001192092896, 1.0, 1.0, 1.0, 1.0, 1.0, 1.0, 1.0, 1.0, 1.0, 0.9999999403953552, 1.0, 1.0, 1.0, 0.9999998807907104, 1.0, 1.0, 1.0000001192092896, 1.0000001192092896, 0.9999999403953552, 0.9999999403953552, 0.9999999403953552, 1.0000001192092896, 1.0, 1.0, 1.000000238418579, 1.0, 1.0, 1.0, 1.0, 1.0, 0.9999999403953552, 0.9999998807907104, 1.0000001192092896, 0.9999999403953552, 0.9999999403953552, 1.0, 0.9999998807907104, 0.9999998807907104, 1.0, 1.0, 1.0, 1.0, 0.9999999403953552, 0.9999999403953552, 0.9999998807907104, 1.0000001192092896, 1.0000001192092896, 1.0000001192092896, 1.0000001192092896, 0.9999999403953552, 0.9999999403953552, 0.9999999403953552, 0.9999999403953552, 1.0, 1.0, 1.0, 1.0, 0.9999999403953552, 0.9999999403953552, 1.0, 0.9999999403953552, 1.0, 0.9999999403953552, 0.9999999403953552, 0.9999999403953552, 1.0, 0.9999999403953552, 0.9999998211860657, 0.9999999403953552, 1.0, 1.0, 1.0, 1.0000001192092896, 1.0000001192092896, 0.9999999403953552, 1.0, 0.9999999403953552, 1.0, 1.0, 0.9999999403953552, 1.0, 1.0, 0.9999999403953552, 0.9999999403953552, 0.9999998807907104, 0.9999999403953552, 1.0, 1.0, 1.0, 1.0, 1.0, 0.9999998211860657, 0.9999998807907104, 1.0, 1.000000238418579, 1.0000001192092896, 1.0, 1.0, 1.0, 0.9999999403953552, 0.9999999403953552, 1.0, 1.0000001192092896, 0.9999998807907104, 1.0, 1.0, 1.0000001192092896, 1.0, 0.9999998807907104, 0.9999997615814209, 1.0000001192092896, 0.9999999403953552, 1.0, 1.0, 0.9999999403953552, 0.9999998807907104, 0.9999999403953552, 1.0000001192092896, 1.0, 1.0000001192092896, 1.0000001192092896, 0.9999999403953552, 0.9999999403953552, 1.0, 1.0, 1.0, 1.0, 0.9999999403953552, 1.0000001192092896, 0.9999999403953552, 0.9999999403953552, 0.9999999403953552, 1.0000001192092896, 1.0, 1.0, 0.9999999403953552, 1.0000001192092896, 0.9999999403953552, 0.9999999403953552, 0.9999998807907104, 1.0, 1.0, 1.000000238418579, 1.0, 1.0000001192092896, 1.0, 0.9999999403953552, 1.0, 0.9999998807907104, 0.9999999403953552, 0.9999999403953552, 1.0, 1.0000001192092896, 1.0, 0.9999999403953552, 1.0, 0.9999999403953552, 0.9999999403953552, 0.9999999403953552, 1.0, 1.0, 1.0, 0.9999998807907104, 0.9999998807907104, 1.0, 0.9999999403953552, 1.0, 1.0, 1.0000001192092896, 1.0000001192092896, 1.0000001192092896, 1.0, 0.9999998807907104, 1.000000238418579, 1.0, 0.9999999403953552, 1.0, 0.9999998807907104, 1.0, 1.0, 0.9999999403953552, 0.9999999403953552, 1.0000001192092896, 1.0000001192092896, 1.0, 0.9999999403953552, 0.9999998807907104, 1.0000001192092896, 0.9999999403953552, 0.9999999403953552, 1.0000001192092896, 1.0000001192092896, 1.0, 1.0000001192092896, 1.0, 1.0000001192092896, 0.9999999403953552, 0.9999999403953552, 1.0, 1.0, 1.0, 0.9999999403953552, 0.9999999403953552, 0.9999999403953552, 0.9999999403953552, 0.9999999403953552, 0.9999999403953552, 1.0000001192092896, 1.0, 1.0, 1.0, 1.0, 1.0000001192092896, 0.9999999403953552, 1.0000001192092896, 1.0000001192092896, 1.0, 1.0000001192092896, 1.0, 1.0, 1.0, 1.0, 1.0000001192092896, 1.0, 1.0, 1.0, 0.9999999403953552, 1.0, 0.9999999403953552, 1.0, 1.0, 0.9999999403953552, 1.0, 1.0, 1.0, 0.9999999403953552, 1.0, 0.9999999403953552, 1.0000001192092896, 1.0000001192092896, 1.0, 0.9999999403953552, 1.0, 1.0000001192092896, 0.9999998807907104, 1.0, 1.0, 1.0, 1.0, 0.9999999403953552, 0.9999998807907104, 0.9999999403953552, 1.0, 1.0, 1.0, 1.0, 1.0000001192092896, 1.0, 0.9999998807907104, 0.9999998211860657, 1.0, 0.9999999403953552, 1.0, 1.0000001192092896, 0.9999999403953552, 1.0, 0.9999999403953552, 1.0000001192092896, 0.9999999403953552, 1.0000001192092896, 1.0, 0.9999999403953552, 0.9999998807907104, 0.9999998807907104, 0.9999998807907104, 1.0, 0.9999999403953552, 0.9999998807907104, 0.9999999403953552, 0.9999999403953552, 1.0, 1.0, 0.9999998807907104, 1.0, 0.9999999403953552, 1.0, 1.0, 1.0000001192092896, 0.9999999403953552, 0.9999999403953552, 1.0000001192092896, 1.0, 1.0, 0.9999998807907104, 1.0, 0.9999998807907104, 1.0, 0.9999999403953552, 0.9999999403953552, 1.0, 1.0, 1.0, 1.0, 0.9999999403953552, 1.0, 1.0, 0.9999998807907104, 0.9999998807907104, 1.0, 1.0, 0.9999999403953552, 1.0000001192092896, 1.0, 1.0000001192092896, 1.0, 1.000000238418579, 0.9999999403953552, 1.0000001192092896, 1.0000001192092896, 1.0, 1.0, 1.0, 0.9999998807907104, 1.0, 1.0, 0.9999998807907104, 0.9999999403953552, 1.0, 1.0000001192092896, 0.9999999403953552, 0.9999998807907104, 1.0, 0.9999999403953552, 1.0, 1.0000001192092896, 1.000000238418579, 1.0000001192092896, 0.9999999403953552, 0.9999998807907104, 1.0000001192092896, 1.0000001192092896, 1.0, 1.0, 1.0000001192092896, 0.9999999403953552, 0.9999998211860657, 0.9999999403953552, 0.9999999403953552, 0.9999999403953552, 0.9999999403953552, 1.0000001192092896, 1.0, 1.0000001192092896, 1.0, 1.0, 0.9999999403953552, 0.9999998807907104, 0.9999999403953552, 1.0, 1.0, 1.0000001192092896, 0.9999998807907104, 1.0000001192092896, 1.0000001192092896, 0.9999998211860657, 1.0, 1.0000001192092896, 1.0, 1.0000001192092896, 0.9999998807907104, 0.9999999403953552, 0.9999999403953552, 0.9999998807907104, 1.0, 1.0000001192092896, 0.9999998807907104, 0.9999999403953552, 0.9999998807907104, 1.0, 1.0000001192092896, 0.9999998807907104, 1.0, 0.9999999403953552, 1.0000001192092896, 1.0000001192092896, 0.9999999403953552, 0.9999999403953552, 1.0000001192092896, 0.9999999403953552, 1.0, 1.0, 1.0, 1.0, 1.0, 1.0, 0.9999998807907104, 1.0, 1.0, 0.9999999403953552, 1.0, 1.0, 1.0, 0.9999999403953552, 0.9999998211860657, 0.9999999403953552, 1.0, 1.0, 1.0, 1.0, 0.9999999403953552, 1.0000001192092896, 0.9999998807907104, 0.9999998807907104, 1.0000001192092896, 1.0, 0.9999999403953552, 1.0, 0.9999999403953552, 0.9999999403953552, 1.0, 1.0, 0.9999999403953552, 0.9999999403953552, 1.0, 1.0000001192092896, 1.0, 0.9999999403953552, 1.0, 1.0, 1.0, 1.0, 1.0000001192092896, 1.0000001192092896, 1.0, 1.0, 1.0000001192092896, 0.9999999403953552, 1.0000001192092896, 1.0000001192092896, 1.0, 1.0, 1.0, 1.0, 0.9999998807907104, 1.0, 1.0, 1.0, 1.0, 1.0, 1.0, 0.9999999403953552, 0.9999999403953552, 0.9999999403953552, 1.0, 1.0000001192092896, 1.0, 1.0, 1.0, 1.0, 1.0, 0.9999998807907104, 1.0000001192092896, 1.0000001192092896, 0.9999999403953552, 1.0, 0.9999998807907104, 1.0, 1.0, 1.0, 0.9999998807907104, 0.9999999403953552, 1.0, 1.0, 1.0, 1.0, 0.9999997615814209, 0.9999997615814209, 0.9999998807907104, 1.0000001192092896, 1.0000001192092896, 1.0, 0.9999999403953552, 0.9999998807907104, 1.0, 0.9999998807907104, 0.9999999403953552, 0.9999998807907104, 0.9999998807907104, 1.0, 1.0, 1.0, 0.9999999403953552, 0.9999999403953552, 1.0, 1.0, 0.9999999403953552, 1.0, 1.0, 1.0000001192092896, 0.9999999403953552, 0.9999998807907104, 0.9999998807907104, 1.0000001192092896, 1.0, 0.9999998807907104, 0.9999999403953552, 1.0, 1.0, 1.0000001192092896, 1.0, 1.0, 0.9999999403953552, 1.0, 1.0000001192092896, 0.9999999403953552, 0.9999999403953552, 1.0, 0.9999999403953552, 1.0, 1.0, 1.0, 1.0000001192092896, 0.9999998807907104, 0.9999998211860657, 0.9999998807907104, 1.0, 1.0, 1.0000001192092896, 1.0000001192092896, 0.9999999403953552, 1.0, 1.0000001192092896, 1.0, 1.0, 1.0, 0.9999999403953552, 1.0, 0.9999999403953552, 0.9999999403953552, 0.9999998807907104, 0.9999999403953552, 1.0, 1.0, 0.9999999403953552, 1.0, 0.9999999403953552, 1.0, 0.9999999403953552, 0.9999998807907104, 1.0, 1.0000001192092896, 1.0000001192092896, 1.0, 0.9999998807907104, 1.0, 1.0, 0.9999999403953552, 1.0, 1.0, 0.9999999403953552, 0.9999999403953552, 0.9999998807907104, 0.9999998807907104, 0.9999999403953552, 1.0, 1.0, 1.0, 0.9999998807907104, 1.0000001192092896, 0.9999999403953552, 1.0, 0.9999999403953552, 1.0, 1.0, 1.0000001192092896, 1.0, 1.0, 1.0, 1.0, 1.0000001192092896, 1.0, 0.9999999403953552, 1.0, 0.9999999403953552, 1.0, 0.9999999403953552, 0.9999998211860657, 0.9999999403953552, 1.0, 1.0, 1.0, 0.9999999403953552, 0.9999998211860657, 1.0, 1.0, 0.9999999403953552, 0.9999998807907104, 1.0, 1.0, 1.0000001192092896, 1.0, 0.9999999403953552, 0.9999998807907104, 1.0000001192092896, 0.9999999403953552, 0.9999999403953552, 1.0000001192092896, 0.9999999403953552, 0.9999999403953552, 0.9999998807907104, 0.9999999403953552, 0.9999999403953552, 1.0000001192092896, 1.0, 0.9999998807907104, 0.9999999403953552, 1.0, 1.0, 0.9999999403953552, 0.9999998807907104, 1.0, 1.0, 1.0000001192092896, 1.000000238418579, 1.0, 1.0, 1.0, 1.0000001192092896, 0.9999999403953552, 1.0, 1.0000001192092896, 1.0, 0.9999998807907104, 0.9999999403953552, 0.9999999403953552, 1.0, 1.0000001192092896, 0.9999998807907104, 1.0, 1.0, 1.0, 0.9999999403953552, 0.9999998807907104, 0.9999999403953552, 0.9999998211860657, 1.0, 1.0000001192092896, 1.0000001192092896, 1.0000001192092896, 1.0, 0.9999999403953552, 1.0000001192092896, 0.9999999403953552, 1.0, 0.9999999403953552, 0.9999999403953552, 1.0000001192092896, 0.9999998807907104, 0.9999998807907104, 1.0, 1.000000238418579, 0.9999999403953552, 0.9999999403953552, 1.0, 1.0000001192092896, 0.9999998807907104, 0.9999998807907104, 0.9999998807907104, 0.9999999403953552, 0.9999998807907104, 1.0, 1.000000238418579, 1.0000001192092896, 1.0000001192092896, 1.0, 1.0, 0.9999998807907104, 1.0000001192092896, 1.0, 1.0, 1.0000001192092896, 0.9999999403953552, 0.9999999403953552, 0.9999998807907104, 1.0, 0.9999999403953552, 1.0, 1.0, 1.0, 1.0000001192092896, 1.0, 1.0, 1.0, 0.9999999403953552, 1.0000001192092896, 1.0000001192092896, 1.0000001192092896, 0.9999999403953552, 0.9999998807907104, 1.0, 0.9999997019767761, 0.9999998211860657, 1.0, 0.9999999403953552, 1.0, 0.9999998807907104, 0.9999999403953552, 0.9999999403953552, 1.0, 1.0, 1.0, 0.9999999403953552, 0.9999999403953552, 1.0, 0.9999998807907104, 0.9999998807907104, 0.9999998807907104, 1.0, 1.0000001192092896, 0.9999999403953552, 1.0, 1.0, 0.9999999403953552, 1.0, 0.9999998211860657, 1.0000001192092896, 1.0000001192092896, 1.0, 1.0000001192092896, 1.0, 1.0, 1.0, 0.9999998211860657, 1.0, 1.0000001192092896, 0.9999999403953552, 0.9999999403953552, 0.9999999403953552, 0.9999999403953552, 1.0, 0.9999998807907104, 1.0, 1.0, 1.0000001192092896, 1.0, 0.9999998211860657, 0.9999999403953552, 1.0000001192092896, 1.0, 1.0, 1.0, 1.0, 1.0, 1.0, 1.0, 0.9999998807907104, 1.0, 0.9999999403953552, 1.0, 1.0, 1.0000001192092896, 1.0, 0.9999999403953552, 0.9999998807907104, 1.0, 0.9999998807907104, 1.0000001192092896, 1.0000001192092896, 1.0, 1.0, 1.0, 1.0, 0.9999999403953552, 0.9999999403953552, 1.0, 1.0, 1.0, 0.9999999403953552, 1.0, 0.9999998807907104, 0.9999999403953552, 0.9999999403953552, 1.0, 0.9999999403953552, 1.0, 1.0, 0.9999999403953552, 1.0, 0.9999999403953552, 0.9999999403953552, 1.0000001192092896, 1.0000001192092896, 0.9999999403953552, 1.0, 0.9999999403953552, 1.0000001192092896, 1.0, 1.0000001192092896, 1.0, 0.9999999403953552, 1.0, 0.9999999403953552, 0.9999999403953552, 0.9999999403953552, 1.0000001192092896, 1.0, 1.0000001192092896, 0.9999999403953552, 1.0, 0.9999999403953552, 0.9999999403953552, 0.9999999403953552, 0.9999999403953552, 1.0000001192092896, 1.0, 1.000000238418579, 1.0, 0.9999999403953552, 1.0, 1.0000001192092896, 1.0, 1.0000001192092896, 1.0, 0.9999998807907104, 1.0, 0.9999998807907104, 0.9999998807907104, 0.9999999403953552, 1.0, 0.9999999403953552, 1.0, 0.9999999403953552, 1.0, 1.0, 0.9999999403953552, 1.0, 0.9999998807907104, 1.0, 1.0, 1.0, 1.0, 1.0, 0.9999999403953552, 1.0, 0.9999999403953552, 1.0, 1.0, 0.9999998807907104, 1.0, 0.9999999403953552, 1.0, 1.0, 1.0, 1.0, 0.9999999403953552, 0.9999999403953552, 0.9999999403953552, 1.0, 1.0000001192092896, 0.9999999403953552, 0.9999999403953552, 1.0, 1.000000238418579, 1.0000001192092896, 0.9999999403953552, 1.0, 1.0, 1.0000001192092896, 1.0, 0.9999999403953552, 0.9999999403953552, 0.9999998807907104, 1.0, 0.9999999403953552, 0.9999998807907104, 1.0, 1.0, 0.9999999403953552, 1.0, 1.0, 0.9999999403953552, 0.9999999403953552, 0.9999999403953552, 1.0, 0.9999999403953552, 1.0, 1.0, 1.0000001192092896, 1.0, 1.0, 1.0000001192092896, 1.0, 0.9999998807907104, 1.0, 1.0, 0.9999998807907104, 1.0, 0.9999999403953552, 0.9999999403953552, 1.0, 0.9999999403953552, 1.0000001192092896, 1.0, 0.9999998807907104, 1.0, 0.9999998807907104, 1.0, 0.9999999403953552, 0.9999998807907104, 1.0, 1.0000001192092896, 1.0000001192092896, 1.0000001192092896, 0.9999999403953552, 0.9999999403953552, 1.0, 1.0, 1.0, 0.9999999403953552, 0.9999998807907104, 1.0000001192092896, 0.9999999403953552, 0.9999999403953552, 0.9999999403953552, 0.9999999403953552, 0.9999999403953552, 1.0, 0.9999998807907104, 1.0, 1.0, 0.9999999403953552, 1.0, 0.9999998211860657, 0.9999999403953552, 1.0000001192092896, 1.0000001192092896, 1.0, 1.0000001192092896, 1.0, 1.0000001192092896, 1.0, 1.0, 1.0000001192092896, 1.0, 1.0, 0.9999999403953552, 0.9999999403953552, 1.0, 1.0000001192092896, 0.9999999403953552, 0.9999999403953552, 1.0, 0.9999999403953552, 0.9999998807907104, 0.9999999403953552, 1.0, 0.9999999403953552, 1.0000001192092896, 1.0000001192092896, 1.0000001192092896, 1.0, 1.0, 1.0, 1.0, 1.0, 0.9999999403953552, 1.0000001192092896, 0.9999999403953552, 1.0, 0.9999998807907104, 0.9999998211860657, 1.0, 1.0, 1.0, 1.0000001192092896, 1.0, 1.0, 0.9999998807907104, 1.0000001192092896, 0.9999999403953552, 0.9999999403953552, 1.0, 1.0, 1.0000001192092896, 1.0000001192092896, 0.9999999403953552, 0.9999998211860657, 0.9999999403953552, 0.9999999403953552, 1.0, 1.0000001192092896, 0.9999998807907104, 1.0, 0.9999998807907104, 1.0, 1.0, 1.0000001192092896, 1.0, 1.0, 0.9999998807907104, 1.0, 0.9999999403953552, 1.0000001192092896, 1.0, 1.0, 1.0, 1.0, 1.0, 1.0000001192092896, 1.0, 0.9999999403953552, 0.9999998807907104, 0.9999999403953552, 1.0000001192092896, 1.0000001192092896, 0.9999999403953552, 0.9999999403953552, 1.0, 0.9999998807907104, 0.9999999403953552, 1.0, 1.0000001192092896, 1.0000001192092896, 1.0, 1.0000001192092896, 0.9999999403953552, 0.9999998807907104, 1.0, 1.0, 1.0, 1.0000001192092896, 1.0000001192092896, 0.9999999403953552, 0.9999998807907104, 1.0, 1.0000001192092896, 0.9999999403953552, 1.0000001192092896, 0.9999999403953552, 1.0, 0.9999999403953552, 1.0, 0.9999998807907104, 1.0, 0.9999999403953552, 1.0, 1.0, 0.9999998807907104, 1.0, 0.9999998211860657, 1.0, 0.9999999403953552, 1.0, 0.9999999403953552, 1.0000001192092896, 1.0000001192092896, 0.9999998807907104, 1.0, 0.9999999403953552, 1.0, 0.9999998807907104, 1.0000001192092896, 1.0, 1.0, 1.0, 1.0000001192092896, 0.9999999403953552, 1.0, 0.9999999403953552, 1.0000001192092896, 1.0, 0.9999999403953552, 1.0, 1.0, 0.9999998807907104, 1.0, 0.9999999403953552, 1.0, 1.0, 1.0000001192092896, 1.0, 1.0000001192092896, 1.0, 1.0, 0.9999999403953552, 1.0, 1.0, 1.0, 1.0000001192092896, 1.0, 0.9999998211860657, 1.0, 0.9999998807907104, 0.9999999403953552, 1.0, 1.0, 0.9999999403953552, 1.0, 1.0, 0.9999999403953552, 0.9999999403953552, 1.0, 1.0, 1.0, 1.0000001192092896, 0.9999999403953552, 1.0, 0.9999999403953552, 0.9999999403953552, 1.0, 0.9999999403953552, 0.9999999403953552, 1.0000001192092896, 0.9999998807907104, 0.9999998807907104, 0.9999999403953552, 0.9999999403953552, 1.0, 1.0, 0.9999999403953552, 1.0, 1.0, 1.0, 0.9999999403953552, 0.9999999403953552, 1.0, 1.0000001192092896, 1.000000238418579, 0.9999999403953552, 0.9999999403953552, 1.0, 1.0000001192092896, 0.9999998807907104, 1.0000001192092896, 1.0000001192092896, 1.0, 1.0, 0.9999998211860657, 0.9999998807907104, 1.0, 0.9999999403953552, 1.0, 1.0, 1.0000001192092896, 1.0, 1.0, 1.0, 1.0, 0.9999998211860657, 1.0, 1.0, 1.0, 1.0, 0.9999998807907104, 1.0, 0.9999999403953552, 1.0, 1.0, 1.0000001192092896, 1.0, 1.0, 1.0, 1.0, 0.9999999403953552, 0.9999999403953552, 1.0, 1.0, 1.0, 1.0000001192092896, 1.0, 1.0, 0.9999999403953552, 1.0, 0.9999999403953552, 1.0, 1.0000001192092896, 0.9999999403953552, 0.9999998807907104, 0.9999999403953552, 1.0000001192092896, 1.0, 1.0, 1.0000001192092896, 0.9999999403953552, 1.0, 0.9999998807907104, 0.9999998807907104, 0.9999999403953552, 0.9999998807907104, 0.9999999403953552, 1.0, 1.0, 0.9999999403953552, 1.0, 1.0, 0.9999998807907104, 0.9999999403953552, 0.9999999403953552, 1.0, 1.000000238418579, 1.0, 1.0, 0.9999999403953552, 1.0, 1.0, 1.0, 0.9999998807907104, 1.0, 1.0, 0.9999998807907104, 0.9999999403953552, 0.9999999403953552, 0.9999999403953552, 1.0, 1.0, 1.0, 1.0, 1.0, 1.0, 0.9999998807907104, 0.9999999403953552, 0.9999999403953552, 1.0000001192092896, 1.0000001192092896, 1.0, 1.0, 1.0, 1.0000001192092896, 0.9999999403953552, 1.0, 1.0000001192092896, 1.0, 1.0, 0.9999998807907104, 0.9999999403953552, 0.9999999403953552, 0.9999999403953552, 1.0, 1.0, 1.0, 1.0, 0.9999999403953552, 0.9999998807907104, 1.0, 0.9999998211860657, 0.9999998807907104, 1.0, 1.0000001192092896, 1.0, 1.0000001192092896, 1.0, 1.0, 0.9999999403953552, 1.0000001192092896, 0.9999999403953552, 0.9999999403953552, 0.9999999403953552, 1.0, 1.0, 0.9999998211860657, 0.9999999403953552, 1.0, 0.9999998807907104, 1.0000001192092896, 1.0, 1.0, 1.0, 1.0, 0.9999999403953552, 0.9999998807907104, 1.0000001192092896, 1.0000001192092896, 1.0, 0.9999999403953552, 1.0000001192092896, 0.9999999403953552, 0.9999999403953552, 1.0000001192092896, 1.0, 1.0, 1.0, 0.9999999403953552, 0.9999998807907104, 0.9999999403953552, 0.9999998807907104, 1.0, 1.0000001192092896, 1.0, 0.9999999403953552, 1.0, 1.0, 0.9999998211860657, 0.9999999403953552, 1.0, 1.0000001192092896, 1.0000001192092896, 1.0, 1.0, 1.0, 1.0, 0.9999999403953552, 1.0, 1.0, 0.9999998807907104, 0.9999999403953552, 1.0, 1.0, 0.9999999403953552, 1.0, 1.0, 1.0, 0.9999998807907104, 1.0, 1.0, 0.9999999403953552, 0.9999999403953552, 0.9999998807907104, 1.0000001192092896, 1.0000001192092896, 1.0000001192092896, 1.0, 1.0, 1.0, 1.0, 0.9999998807907104, 1.000000238418579, 1.0000001192092896, 1.0, 1.0000001192092896, 1.0, 1.0, 0.9999999403953552, 1.0, 0.9999998807907104, 1.0, 1.0, 0.9999999403953552, 1.0, 1.0, 1.0, 0.9999998807907104, 0.9999999403953552, 1.0000001192092896, 1.0, 0.9999999403953552, 0.9999999403953552, 1.0, 1.0, 0.9999999403953552, 1.0000001192092896, 1.0, 0.9999998807907104, 0.9999998807907104, 1.0, 0.9999999403953552, 0.9999999403953552, 1.0, 0.9999999403953552, 1.0, 1.0000001192092896, 1.0, 1.0, 0.9999998807907104, 1.0, 0.9999998807907104, 0.9999999403953552, 1.0000001192092896, 1.0000001192092896, 1.0, 0.9999999403953552, 1.0, 1.0, 0.9999998807907104, 1.0, 1.0, 0.9999999403953552, 0.9999999403953552, 0.9999999403953552, 0.9999999403953552, 0.9999999403953552, 1.0000001192092896, 0.9999999403953552, 1.0, 1.0, 1.0, 1.0, 1.0, 1.0, 1.0, 0.9999999403953552, 1.0000001192092896, 1.0000001192092896, 1.0, 0.9999999403953552, 1.0000001192092896, 1.0000001192092896, 0.9999999403953552, 0.9999999403953552, 1.0000001192092896, 0.9999999403953552, 0.9999999403953552, 1.0, 0.9999999403953552, 0.9999998807907104, 0.9999999403953552, 0.9999999403953552, 1.0, 0.9999998807907104, 1.0, 1.0, 1.0, 1.0, 0.9999998807907104, 0.9999998211860657, 1.0, 1.0000001192092896, 1.0, 0.9999998807907104, 1.0, 1.0000001192092896, 0.9999999403953552, 0.9999998807907104, 1.0, 1.0, 1.0000001192092896, 0.9999999403953552, 1.0, 0.9999998807907104, 0.9999998807907104, 1.0, 1.0, 1.0, 1.0, 0.9999998807907104, 0.9999999403953552, 1.0, 0.9999998807907104, 1.0, 1.0, 1.0, 1.0, 0.9999999403953552, 1.0, 1.0, 0.9999998807907104, 1.0000001192092896, 1.0, 0.9999998211860657, 1.0, 0.9999999403953552, 0.9999999403953552, 0.9999998807907104, 1.0000001192092896, 1.0, 1.0, 1.0, 0.9999999403953552, 1.0, 1.0, 1.0000001192092896, 0.9999999403953552, 0.9999998807907104, 1.0, 1.0000001192092896, 1.0, 0.9999999403953552, 1.0000001192092896, 1.0, 0.9999999403953552, 0.9999998211860657, 0.9999999403953552, 1.0000001192092896, 1.0, 1.0, 0.9999999403953552, 0.9999999403953552, 1.0, 1.0, 0.9999999403953552, 1.0, 1.0000001192092896, 1.0, 0.9999998211860657, 1.0, 1.0000001192092896, 0.9999999403953552, 1.0000001192092896, 1.0000001192092896, 1.0, 1.0000001192092896, 0.9999999403953552, 1.0, 0.9999998807907104, 1.0, 1.0, 0.9999999403953552, 1.0, 0.9999998807907104, 0.9999998807907104, 0.9999998807907104, 1.0, 0.9999999403953552, 1.0000001192092896, 1.0, 1.0, 0.9999998807907104, 0.9999999403953552, 1.0, 0.9999999403953552, 0.9999998807907104, 1.0, 1.0000001192092896, 1.0000001192092896, 1.0, 1.0, 1.0, 1.0, 0.9999999403953552, 1.0, 0.9999999403953552, 0.9999999403953552, 1.0, 1.0, 0.9999999403953552, 0.9999998211860657, 1.0, 0.9999999403953552, 0.9999998807907104, 0.9999998211860657, 0.9999998807907104, 1.0, 0.9999999403953552, 0.9999997615814209, 1.0, 1.0000001192092896, 1.0, 1.0, 0.9999998807907104, 1.0, 1.0, 0.9999998807907104, 1.0, 1.0, 0.9999998807907104, 1.0, 1.0, 0.9999999403953552, 0.9999999403953552, 1.0, 0.9999999403953552, 0.9999999403953552, 0.9999999403953552, 0.9999998807907104, 0.9999999403953552, 1.0, 0.9999998807907104, 0.9999998807907104, 0.9999999403953552, 1.0000001192092896, 1.0, 1.0, 1.0, 1.0, 1.0000001192092896, 0.9999999403953552, 0.9999999403953552, 0.9999998807907104, 0.9999999403953552, 0.9999998807907104, 0.9999999403953552, 0.9999999403953552, 1.0, 0.9999999403953552, 0.9999999403953552, 1.0, 1.0, 1.0000001192092896, 1.0, 0.9999998807907104, 0.9999998807907104, 0.9999999403953552, 1.0000001192092896, 1.0000001192092896, 1.0000001192092896, 1.0, 1.0, 1.0, 1.0000001192092896, 0.9999998807907104, 1.0, 1.0, 0.9999998807907104, 0.9999999403953552, 0.9999998807907104, 0.9999999403953552, 0.9999999403953552, 0.9999999403953552, 1.0, 1.0000001192092896, 1.0, 1.0000001192092896, 1.0, 1.0, 0.9999998211860657, 1.0, 1.0, 1.0000001192092896, 1.000000238418579, 1.0, 1.0, 1.0, 1.0000001192092896, 1.0, 1.0000001192092896, 1.0, 1.0, 1.0, 1.0, 1.0, 1.0, 0.9999998807907104, 1.0, 1.0000001192092896, 0.9999999403953552, 1.0, 1.0, 1.0, 0.9999998807907104, 0.9999998211860657, 0.9999999403953552, 1.0, 1.0000001192092896, 0.9999999403953552, 1.0, 1.0, 1.0000001192092896, 1.0, 1.0, 1.0, 0.9999999403953552, 1.0, 0.9999999403953552, 1.0, 0.9999999403953552, 1.0000001192092896, 1.0, 1.0, 0.9999999403953552, 1.0, 0.9999998807907104, 1.0, 0.9999999403953552, 0.9999999403953552, 0.9999999403953552, 0.9999999403953552, 1.0000001192092896, 1.0, 1.0, 0.9999999403953552, 1.0000001192092896, 1.0, 1.0, 1.0, 0.9999999403953552, 1.0000001192092896, 0.9999999403953552, 0.9999999403953552, 0.9999998807907104, 1.0000001192092896, 1.0000001192092896, 1.0, 0.9999998211860657, 1.0, 1.0, 1.0000001192092896, 1.0, 0.9999998807907104, 1.0, 1.0000001192092896, 1.0, 1.0000001192092896, 0.9999998807907104, 1.0, 1.0, 0.9999999403953552, 1.0, 1.0000001192092896, 0.9999999403953552, 1.0000001192092896, 0.9999999403953552, 1.0, 0.9999999403953552, 0.9999998807907104, 0.9999999403953552, 1.0, 1.0, 1.0, 1.0000001192092896, 0.9999998807907104, 1.0, 0.9999998211860657, 0.9999999403953552, 0.9999998807907104, 1.0, 1.0, 1.0, 1.0000001192092896, 1.0, 0.9999998211860657, 0.9999999403953552, 1.0, 0.9999998211860657, 1.0, 0.9999999403953552, 0.9999999403953552, 0.9999999403953552, 0.9999998807907104, 1.0, 1.0, 0.9999998807907104, 0.9999999403953552, 1.0000001192092896, 1.0, 0.9999998807907104, 0.9999998211860657, 1.0, 1.0, 1.0000001192092896, 0.9999998807907104, 0.9999998211860657, 1.0, 1.0000001192092896, 0.9999999403953552, 0.9999999403953552, 1.0, 1.0, 1.0000001192092896, 0.9999999403953552, 0.9999998807907104, 0.9999999403953552, 0.9999998211860657, 1.0, 1.0000001192092896, 0.9999999403953552, 1.0, 1.0, 0.9999999403953552, 1.0, 0.9999998211860657, 0.9999999403953552, 1.0, 1.0000001192092896, 1.0, 0.9999998211860657, 1.0, 1.0, 0.9999998211860657, 0.9999998807907104, 1.0, 0.9999999403953552, 1.0, 0.9999998807907104, 0.9999999403953552, 0.9999998807907104, 1.0000001192092896, 0.9999999403953552, 1.0, 0.9999999403953552, 1.0000001192092896, 1.0, 0.9999999403953552, 0.9999998807907104, 1.0000001192092896, 0.9999999403953552, 1.0, 1.0000001192092896, 1.0, 1.0, 1.0, 1.0, 0.9999998807907104, 0.9999999403953552, 0.9999999403953552, 0.9999999403953552, 0.9999999403953552, 1.0, 1.0, 0.9999998807907104, 1.0000001192092896, 1.0, 0.9999999403953552, 1.0, 1.0000001192092896, 1.0, 0.9999999403953552, 0.9999999403953552, 1.0000001192092896, 0.9999999403953552, 0.9999999403953552, 1.0000001192092896, 0.9999999403953552, 1.0, 1.0000001192092896, 1.0, 0.9999998807907104, 1.0, 0.9999999403953552, 0.9999998807907104, 0.9999998807907104, 1.0, 1.0]
