pdxasset (int, 2):  [1, 0]
info:
    fps (float, 1):  [24.0]
    sa (int, 1):  [186]
    j (int, 1):  [24]
    Hips:
        sa (str, 1):  ['tqs']
        t (float, 3):  [-0.142091304063797, 3.2067108154296875, 1.0421355962753296]
        q (float, 4):  [-0.1531880646944046, 0.7812336683273315, -0.11773999780416489, 0.5935863256454468]
        s (float, 1):  [1.0]
    LeftUpLeg:
        sa (str, 1):  ['tqs']
        t (float, 3):  [-0.08712344616651535, -0.35718637704849243, 0.5555343627929688]
        q (float, 4):  [-0.4802444875240326, -0.15649107098579407, -0.8243064284324646, 0.2557239234447479]
        s (float, 1):  [1.0]
    LeftLeg:
        sa (str, 1):  ['tqs']
        t (float, 3):  [5.736947059631348e-06, -2.7567148208618164e-06, 1.7364654541015625]
        q (float, 4):  [-0.6901305317878723, 0.09892477095127106, 0.01048625074326992, 0.7168150544166565]
        s (float, 1):  [1.0]
    LeftFoot:
        sa (str, 1):  ['tqs']
        t (float, 3):  [-3.8566067814826965e-06, -2.9206275939941406e-06, 1.62127685546875]
        q (float, 4):  [0.28831836581230164, 0.08832894265651703, 0.10782234370708466, 0.9473356604576111]
        s (float, 1):  [0.9999998807907104]
    LeftToeBase:
        sa (str, 1):  ['tqs']
        t (float, 3):  [-3.125518560409546e-06, -1.138448715209961e-05, 0.6033935546875]
        q (float, 4):  [0.3975629508495331, -0.007249645888805389, 0.134765163064003, 0.9075954556465149]
        s (float, 1):  [0.9999998807907104]
    RightUpLeg:
        sa (str, 1):  ['tqs']
        t (float, 3):  [0.04908868670463562, -0.4983297884464264, -0.49181753396987915]
        q (float, 4):  [0.7062081694602966, -0.28784632682800293, 0.6392648220062256, 0.0987679660320282]
        s (float, 1):  [1.0]
    RightLeg:
        sa (str, 1):  ['tqs']
        t (float, 3):  [-3.851950168609619e-06, 3.9348378777503967e-07, 1.720077633857727]
        q (float, 4):  [-0.9519608020782471, -0.09845656156539917, -0.04616520553827286, 0.2862614691257477]
        s (float, 1):  [1.0000001192092896]
    RightFoot:
        sa (str, 1):  ['tqs']
        t (float, 3):  [-3.56137752532959e-06, -2.7120113372802734e-06, 1.6338956356048584]
        q (float, 4):  [0.6437416672706604, 0.008100790902972221, 0.01995161734521389, 0.7649399042129517]
        s (float, 1):  [0.9999998807907104]
    RightToeBase:
        sa (str, 1):  ['tqs']
        t (float, 3):  [1.4901161193847656e-07, 7.62939453125e-06, 0.6061096787452698]
        q (float, 4):  [0.7248895168304443, 0.15311965346336365, -0.3187476694583893, 0.5911763906478882]
        s (float, 1):  [0.9999998807907104]
    Spine02:
        sa (str, 1):  ['tqs']
        t (float, 3):  [0.0380372628569603, 0.4860991835594177, -0.06373599916696548]
        q (float, 4):  [-0.5454533696174622, -0.49030032753944397, -0.631554126739502, 0.2514471411705017]
        s (float, 1):  [1.0]
    Spine01:
        sa (str, 1):  ['tqs']
        t (float, 3):  [4.682689905166626e-06, -6.556510925292969e-07, 0.49172940850257874]
        q (float, 4):  [-0.19843634963035583, -0.004471415188163519, -0.06222446635365486, 0.9781263470649719]
        s (float, 1):  [0.9999999403953552]
    Spine:
        sa (str, 1):  ['tqs']
        t (float, 3):  [1.7532147467136383e-07, -8.102506399154663e-07, 0.4917336106300354]
        q (float, 4):  [0.006527407560497522, 0.0055932654067873955, -0.0068247560411691666, 0.9999397397041321]
        s (float, 1):  [1.0000001192092896]
    LeftShoulder:
        sa (str, 1):  ['tqs']
        t (float, 3):  [0.14979717135429382, -0.004514850676059723, 0.2672138810157776]
        q (float, 4):  [-0.4828292429447174, 0.4872515797615051, -0.5592350959777832, 0.46552973985671997]
        s (float, 1):  [1.000000238418579]
    LeftArm:
        sa (str, 1):  ['tqs']
        t (float, 3):  [4.3958425521850586e-07, -2.0712614059448242e-06, 0.6228753328323364]
        q (float, 4):  [-0.01966620236635208, -0.611004114151001, -0.09944567829370499, 0.7851100564002991]
        s (float, 1):  [0.9999999403953552]
    LeftForeArm:
        sa (str, 1):  ['tqs']
        t (float, 3):  [7.22147524356842e-06, -7.659196853637695e-06, 1.101677417755127]
        q (float, 4):  [0.3874362111091614, -0.5201731324195862, 0.00962233729660511, 0.7610653638839722]
        s (float, 1):  [1.0]
    LeftHand:
        sa (str, 1):  ['tqs']
        t (float, 3):  [1.4901161193847656e-08, -3.725290298461914e-08, 0.77264404296875]
        q (float, 4):  [-0.05253353714942932, -0.20582464337348938, -0.4854755103588104, 0.8480507135391235]
        s (float, 1):  [1.0000001192092896]
    RightShoulder:
        sa (str, 1):  ['tqs']
        t (float, 3):  [-0.14074471592903137, -0.019361495971679688, 0.2530270516872406]
        q (float, 4):  [-0.6344909071922302, -0.44815096259117126, 0.3979285657405853, 0.48809319734573364]
        s (float, 1):  [1.0]
    RightArm:
        sa (str, 1):  ['tqs']
        t (float, 3):  [8.530914783477783e-07, -4.991888999938965e-07, 0.5432052612304688]
        q (float, 4):  [-0.08770863711833954, 0.009478816762566566, 0.060281433165073395, 0.9942753314971924]
        s (float, 1):  [1.0]
    RightForeArm:
        sa (str, 1):  ['tqs']
        t (float, 3):  [-3.818422555923462e-06, 3.7476420402526855e-06, 1.1030577421188354]
        q (float, 4):  [0.26044341921806335, 0.3596478998661041, -0.010264521464705467, 0.8959448933601379]
        s (float, 1):  [1.0]
    RightHand:
        sa (str, 1):  ['tqs']
        t (float, 3):  [1.1261552572250366e-05, -7.852911949157715e-06, 0.8240508437156677]
        q (float, 4):  [0.20042437314987183, 0.287327378988266, 0.15729930996894836, 0.9233255386352539]
        s (float, 1):  [1.0]
    neck:
        sa (str, 1):  ['tqs']
        t (float, 3):  [-0.009053070098161697, 0.023875921964645386, 0.3158416748046875]
        q (float, 4):  [-0.05317792668938637, 0.009251253679394722, 0.04695986956357956, 0.9974373579025269]
        s (float, 1):  [0.9999999403953552]
    Head:
        sa (str, 1):  ['tqs']
        t (float, 3):  [1.210719347000122e-08, -2.9802322387695312e-08, 0.3153611123561859]
        q (float, 4):  [-0.3524250388145447, 0.10152886807918549, 0.16383400559425354, 0.9157766699790955]
        s (float, 1):  [1.0]
    head_end:
        sa (str, 1):  ['tqs']
        t (float, 3):  [-0.0012294091284275055, -0.280409038066864, 1.0047494173049927]
        q (float, 4):  [0.13565956056118011, -0.0005948276375420392, 5.640075961821367e-09, 0.9907553791999817]
        s (float, 1):  [0.9999998807907104]
    headfront:
        sa (str, 1):  ['tqs']
        t (float, 3):  [0.001229558140039444, 0.2804049849510193, 0.1780434548854828]
        q (float, 4):  [-0.4816468060016632, 0.0021118440199643373, -6.177021560915819e-08, 0.8763629198074341]
        s (float, 1):  [0.9999998807907104]
samples:
    t (float, 13392):  [-0.142091304063797, 3.20671010017395, 1.0421355962753296, -0.08712344616651535, -0.35718637704849243, 0.5555344223976135, 5.736947059631348e-06, -2.7567148208618164e-06, 1.7364654541015625, -3.851018846035004e-06, -2.8908252716064453e-06, 1.62127685546875, -3.125518560409546e-06, -1.138448715209961e-05, 0.6033935546875, 0.04908868670463562, -0.4983297884464264, -0.4918174743652344, -4.030764102935791e-06, 3.9348378777503967e-07, 1.7200772762298584, -3.56137752532959e-06, -2.8312206268310547e-06, 1.6338956356048584, 2.682209014892578e-07, 7.748603820800781e-06, 0.6061097383499146, 0.0380372628569603, 0.4860991835594177, -0.06373593211174011, 4.682689905166626e-06, -6.556510925292969e-07, 0.49172964692115784, -6.309710443019867e-08, -3.334134817123413e-07, 0.49173349142074585, 0.14979717135429382, -0.0045150890946388245, 0.2672138810157776, 4.3958425521850586e-07, -2.0712614059448242e-06, 0.6228753328323364, 7.459893822669983e-06, -7.614493370056152e-06, 1.1016771793365479, -4.470348358154297e-08, -3.725290298461914e-08, 0.77264404296875, -0.14074459671974182, -0.019361495971679688, 0.2530270516872406, 6.146728992462158e-07, -6.183981895446777e-07, 0.5432054996490479, -3.5800039768218994e-06, 3.7848949432373047e-06, 1.1030579805374146, 1.1298805475234985e-05, -7.733702659606934e-06, 0.8240508437156677, -0.009053070098161697, 0.023875683546066284, 0.3158416748046875, 7.171183824539185e-08, -2.9802322387695312e-08, 0.3153611123561859, -0.0012294240295886993, -0.280409038066864, 1.0047492980957031, 0.001229550689458847, 0.2804047465324402, 0.17804333567619324, -0.1421309858560562, 3.206423282623291, 1.042117953300476, -0.08712384849786758, -0.35718682408332825, 0.5555342435836792, 5.736947059631348e-06, -3.0547380447387695e-06, 1.736465573310852, -3.7336722016334534e-06, -2.9802322387695312e-06, 1.6212772130966187, -3.1106173992156982e-06, -1.1205673217773438e-05, 0.6033936142921448, 0.04908819496631622, -0.4983297288417816, -0.491817444562912, -3.978610038757324e-06, 3.902241587638855e-07, 1.720077395439148, -3.933906555175781e-06, -2.7120113372802734e-06, 1.6338958740234375, 2.9802322387695312e-08, 7.450580596923828e-06, 0.6061097979545593, 0.0380367785692215, 0.4860988259315491, -0.06373601406812668, 4.645437002182007e-06, -1.0281801223754883e-06, 0.4917297959327698, -3.3585820347070694e-08, -3.725290298461914e-09, 0.4917333126068115, 0.1497974991798401, -0.004515111446380615, 0.26721394062042236, 3.427267074584961e-07, -1.8514692783355713e-06, 0.6228753328323364, 7.5511634349823e-06, -7.614493370056152e-06, 1.1016769409179688, 5.960464477539063e-08, -1.341104507446289e-07, 0.7726441621780396, -0.14074422419071198, -0.01936161518096924, 0.253027081489563, 7.82310962677002e-08, -5.885958671569824e-07, 0.5432051420211792, -3.842636942863464e-06, 3.844499588012695e-06, 1.1030582189559937, 1.126900315284729e-05, -7.703900337219238e-06, 0.8240513205528259, -0.009052569046616554, 0.023875512182712555, 0.3158419728279114, 3.604218363761902e-07, -1.9371509552001953e-07, 0.3153610825538635, -0.0012296028435230255, -0.2804092466831207, 1.0047495365142822, 0.0012293606996536255, 0.2804047763347626, 0.1780434548854828, -0.14210481941699982, 3.2066123485565186, 1.042129635810852, -0.0871233195066452, -0.35718634724617004, 0.5555344223976135, 5.751848220825195e-06, -2.9355287551879883e-06, 1.7364652156829834, -3.766268491744995e-06, -2.950429916381836e-06, 1.6212769746780396, -2.779066562652588e-06, -1.1265277862548828e-05, 0.6033936142921448, 0.0490887314081192, -0.4983294606208801, -0.491817444562912, -3.7550926208496094e-06, 3.2689422369003296e-07, 1.720077395439148, -3.844499588012695e-06, -2.8312206268310547e-06, 1.6338956356048584, -5.960464477539063e-08, 7.420778274536133e-06, 0.6061097383499146, 0.038037315011024475, 0.48609915375709534, -0.06373600661754608, 4.675239324569702e-06, -4.023313522338867e-07, 0.4917295575141907, 1.4028046280145645e-07, -4.6938657760620117e-07, 0.49173352122306824, 0.14979739487171173, -0.004515372216701508, 0.26721346378326416, 6.183981895446777e-07, -2.1848827600479126e-06, 0.622875452041626, 8.204951882362366e-06, -7.68899917602539e-06, 1.1016767024993896, -2.9802322387695312e-08, -5.960464477539063e-08, 0.7726438641548157, -0.14074420928955078, -0.019362308084964752, 0.25302690267562866, 4.023313522338867e-07, -5.364418029785156e-07, 0.543205201625824, -4.187226295471191e-06, 3.7848949432373047e-06, 1.103057622909546, 1.1399388313293457e-05, -7.808208465576172e-06, 0.8240506649017334, -0.00905282236635685, 0.023875489830970764, 0.3158414363861084, 2.505257725715637e-07, -1.4901161193847656e-07, 0.3153611123561859, -0.0012295730412006378, -0.2804088890552521, 1.0047491788864136, 0.001229502260684967, 0.28040459752082825, 0.17804324626922607, -0.1413549780845642, 3.2120325565338135, 1.0424649715423584, -0.087123803794384, -0.3571861982345581, 0.555534303188324, 5.7220458984375e-06, -3.080815076828003e-06, 1.7364652156829834, -3.7392601370811462e-06, -2.950429916381836e-06, 1.621277093887329, -2.857297658920288e-06, -1.1444091796875e-05, 0.6033936738967896, 0.049088478088378906, -0.49832960963249207, -0.49181750416755676, -4.075467586517334e-06, 6.076879799365997e-07, 1.7200775146484375, -3.725290298461914e-06, -2.86102294921875e-06, 1.6338958740234375, 1.4901161193847656e-07, 7.957220077514648e-06, 0.606109619140625, 0.038037098944187164, 0.4860992133617401, -0.06373600661754608, 4.757195711135864e-06, -6.48200511932373e-07, 0.49172985553741455, 3.3178366720676422e-09, -2.4959444999694824e-07, 0.49173349142074585, 0.1497974395751953, -0.004515260457992554, 0.2672139108181, 7.152557373046875e-07, -1.821666955947876e-06, 0.6228751540184021, 7.426366209983826e-06, -7.674098014831543e-06, 1.1016771793365479, -8.940696716308594e-08, 1.2665987014770508e-07, 0.7726439237594604, -0.14074446260929108, -0.01936144381761551, 0.25302696228027344, 4.842877388000488e-08, -5.736947059631348e-07, 0.5432050824165344, -4.20399010181427e-06, 3.807246685028076e-06, 1.103057622909546, 1.146271824836731e-05, -7.584691047668457e-06, 0.824050784111023, -0.009052813984453678, 0.023875616490840912, 0.3158417344093323, 5.8673322200775146e-08, 7.450580596923828e-08, 0.3153610825538635, -0.0012294799089431763, -0.28040969371795654, 1.0047494173049927, 0.0012295320630073547, 0.2804042398929596, 0.178043395280838, -0.1400834023952484, 3.221223831176758, 1.0430337190628052, -0.08712341636419296, -0.35718661546707153, 0.555534303188324, 5.736947059631348e-06, -2.983957529067993e-06, 1.7364654541015625, -3.729015588760376e-06, -2.9206275939941406e-06, 1.6212767362594604, -2.942979335784912e-06, -1.1026859283447266e-05, 0.6033934950828552, 0.049088671803474426, -0.4983297288417816, -0.49181756377220154, -3.91155481338501e-06, 3.5623088479042053e-07, 1.7200775146484375, -3.904104232788086e-06, -2.7120113372802734e-06, 1.6338958740234375, 1.341104507446289e-07, 7.599592208862305e-06, 0.606109619140625, 0.03803735971450806, 0.4860991835594177, -0.06373599171638489, 4.563480615615845e-06, -7.599592208862305e-07, 0.49172988533973694, -2.227025106549263e-07, -2.2165477275848389e-07, 0.4917333722114563, 0.14979751408100128, -0.00451543927192688, 0.2672138512134552, 1.862645149230957e-07, -2.028420567512512e-06, 0.6228753924369812, 7.849186658859253e-06, -7.614493370056152e-06, 1.1016765832901, 5.960464477539063e-08, 1.4156103134155273e-07, 0.7726438641548157, -0.14074425399303436, -0.01936189830303192, 0.253027081489563, 6.593763828277588e-07, -5.140900611877441e-07, 0.5432047843933105, -3.5725533962249756e-06, 3.851950168609619e-06, 1.103057861328125, 1.1235475540161133e-05, -7.82310962677002e-06, 0.8240509629249573, -0.009052584879100323, 0.0238754004240036, 0.31584176421165466, 1.387670636177063e-07, 4.470348358154297e-08, 0.31536102294921875, -0.0012294016778469086, -0.28040874004364014, 1.0047491788864136, 0.0012295953929424286, 0.280405730009079, 0.17804333567619324, -0.13883575797080994, 3.2302422523498535, 1.043591856956482, -0.08712362498044968, -0.3571864366531372, 0.5555344223976135, 5.796551704406738e-06, -3.2782554626464844e-06, 1.7364654541015625, -3.939494490623474e-06, -2.8312206268310547e-06, 1.6212772130966187, -2.7529895305633545e-06, -1.1324882507324219e-05, 0.6033935546875, 0.049088552594184875, -0.49832943081855774, -0.4918174147605896, -3.807246685028076e-06, 4.2654573917388916e-07, 1.720077633857727, -3.725290298461914e-06, -3.0249357223510742e-06, 1.633895993232727, 5.960464477539063e-08, 7.838010787963867e-06, 0.6061098575592041, 0.03803708404302597, 0.4860992431640625, -0.06373591721057892, 4.712492227554321e-06, -8.530914783477783e-07, 0.49172985553741455, 1.341104507446289e-07, -5.736947059631348e-07, 0.4917336106300354, 0.14979733526706696, -0.004515260457992554, 0.2672138214111328, 2.4586915969848633e-07, -1.9073486328125e-06, 0.6228755712509155, 7.877126336097717e-06, -7.584691047668457e-06, 1.1016767024993896, 7.450580596923828e-08, -1.341104507446289e-07, 0.7726441621780396, -0.1407444179058075, -0.019361712038517, 0.2530270218849182, 3.3155083656311035e-07, -6.332993507385254e-07, 0.5432046055793762, -3.248453140258789e-06, 3.777444362640381e-06, 1.1030579805374146, 1.134723424911499e-05, -7.495284080505371e-06, 0.8240509033203125, -0.009052855893969536, 0.023875676095485687, 0.31584179401397705, -2.9802322387695312e-08, -2.9802322387695312e-08, 0.3153609335422516, -0.0012296028435230255, -0.28040844202041626, 1.0047495365142822, 0.0012293867766857147, 0.280405193567276, 0.178043395280838, -0.1381373554468155, 3.23529052734375, 1.043904185295105, -0.08712328970432281, -0.3571861982345581, 0.555534303188324, 5.736947059631348e-06, -2.7120113372802734e-06, 1.7364656925201416, -3.861263394355774e-06, -2.9206275939941406e-06, 1.6212767362594604, -2.7455389499664307e-06, -1.1444091796875e-05, 0.6033933162689209, 0.049088895320892334, -0.49832960963249207, -0.49181753396987915, -3.769993782043457e-06, 4.2282044887542725e-07, 1.720077633857727, -3.829598426818848e-06, -2.995133399963379e-06, 1.633895754814148, 5.960464477539063e-08, 7.3015689849853516e-06, 0.6061096787452698, 0.03803751617670059, 0.4860994517803192, -0.06373599916696548, 4.794448614120483e-06, -5.587935447692871e-07, 0.4917297959327698, -1.782318577170372e-07, -6.183981895446777e-07, 0.49173352122306824, 0.14979755878448486, -0.004515528678894043, 0.26721376180648804, -1.7881393432617188e-07, -1.823529601097107e-06, 0.6228752732276917, 8.098781108856201e-06, -7.644295692443848e-06, 1.1016765832901, -1.4901161193847656e-08, -2.9802322387695312e-08, 0.7726439237594604, -0.1407441347837448, -0.019362077116966248, 0.25302696228027344, 8.791685104370117e-07, -6.705522537231445e-07, 0.543205201625824, -3.919005393981934e-06, 3.7401914596557617e-06, 1.103058099746704, 1.1280179023742676e-05, -7.718801498413086e-06, 0.8240511417388916, -0.009052791632711887, 0.02387557178735733, 0.3158414959907532, -9.220093488693237e-08, 4.470348358154297e-08, 0.3153611123561859, -0.0012295208871364594, -0.28040891885757446, 1.0047494173049927, 0.0012294910848140717, 0.28040504455566406, 0.17804351449012756, -0.13704213500022888, 3.2432072162628174, 1.0443941354751587, -0.08712365478277206, -0.3571866452693939, 0.5555343627929688, 5.751848220825195e-06, -2.730637788772583e-06, 1.7364654541015625, -3.930181264877319e-06, -2.8014183044433594e-06, 1.6212767362594604, -2.823770046234131e-06, -1.1622905731201172e-05, 0.6033934950828552, 0.04908865690231323, -0.49832993745803833, -0.4918174147605896, -3.874301910400391e-06, 3.91155481338501e-07, 1.7200775146484375, -3.9637088775634766e-06, -2.8908252716064453e-06, 1.6338958740234375, -1.4901161193847656e-08, 7.718801498413086e-06, 0.6061097383499146, 0.038037046790122986, 0.48609888553619385, -0.06373590975999832, 4.395842552185059e-06, -5.327165126800537e-07, 0.491729199886322, 1.176958903670311e-07, -8.288770914077759e-07, 0.4917336702346802, 0.14979742467403412, -0.0045149922370910645, 0.2672135829925537, 3.725290298461914e-08, -1.9352883100509644e-06, 0.622874915599823, 7.90320336818695e-06, -7.614493370056152e-06, 1.1016767024993896, 1.4901161193847656e-08, 1.4901161193847656e-07, 0.7726442217826843, -0.14074444770812988, -0.019361190497875214, 0.25302669405937195, 7.078051567077637e-07, -4.0978193283081055e-07, 0.5432049036026001, -3.63960862159729e-06, 3.7550926208496094e-06, 1.1030582189559937, 1.1377036571502686e-05, -7.718801498413086e-06, 0.8240511417388916, -0.009052705951035023, 0.02387574315071106, 0.3158414959907532, 2.123415470123291e-07, -1.341104507446289e-07, 0.31536105275154114, -0.0012294650077819824, -0.2804083824157715, 1.0047495365142822, 0.001229558140039444, 0.2804058790206909, 0.17804360389709473, -0.13524924218654633, 3.256166696548462, 1.0451960563659668, -0.08712315559387207, -0.3571864366531372, 0.5555343627929688, 5.751848220825195e-06, -2.9653310775756836e-06, 1.7364654541015625, -3.864988684654236e-06, -2.8908252716064453e-06, 1.6212769746780396, -2.9653310775756836e-06, -1.1265277862548828e-05, 0.6033936738967896, 0.04908885061740875, -0.49832963943481445, -0.49181753396987915, -3.889203071594238e-06, 3.3061951398849487e-07, 1.720077395439148, -3.7848949432373047e-06, -3.0249357223510742e-06, 1.6338958740234375, -1.341104507446289e-07, 7.331371307373047e-06, 0.6061094999313354, 0.03803752362728119, 0.48609915375709534, -0.0637359693646431, 4.507601261138916e-06, -6.817281246185303e-07, 0.4917293190956116, 5.8498699218034744e-08, -5.774199962615967e-07, 0.4917336106300354, 0.14979764819145203, -0.0045156776905059814, 0.26721394062042236, -2.7567148208618164e-07, -1.8551945686340332e-06, 0.6228749752044678, 7.657334208488464e-06, -7.659196853637695e-06, 1.1016769409179688, 1.043081283569336e-07, -8.195638656616211e-08, 0.7726438641548157, -0.14074428379535675, -0.01936199516057968, 0.2530270516872406, 5.178153514862061e-07, -5.21540641784668e-07, 0.543205201625824, -3.933906555175781e-06, 3.7476420402526855e-06, 1.103057622909546, 1.1436641216278076e-05, -7.659196853637695e-06, 0.824050784111023, -0.009052700363099575, 0.02387525886297226, 0.31584176421165466, 2.0582228899002075e-07, -7.450580596923828e-08, 0.3153610825538635, -0.0012295544147491455, -0.2804090082645416, 1.0047489404678345, 0.0012294091284275055, 0.2804047763347626, 0.17804309725761414, -0.13333247601985931, 3.270021677017212, 1.046053409576416, -0.08712349832057953, -0.357186496257782, 0.5555344223976135, 5.662441253662109e-06, -3.1739473342895508e-06, 1.7364654541015625, -3.829598426818848e-06, -2.7418136596679688e-06, 1.6212769746780396, -2.857297658920288e-06, -1.138448715209961e-05, 0.6033934950828552, 0.04908861219882965, -0.4983295798301697, -0.4918173849582672, -3.889203071594238e-06, 3.2782554626464844e-07, 1.7200775146484375, -3.859400749206543e-06, -2.816319465637207e-06, 1.633895993232727, 4.470348358154297e-08, 7.957220077514648e-06, 0.6061094999313354, 0.03803727775812149, 0.4860990643501282, -0.06373590975999832, 4.645437002182007e-06, -4.6938657760620117e-07, 0.4917299449443817, -1.0046642273664474e-07, -4.041939973831177e-07, 0.49173349142074585, 0.1497974842786789, -0.004515372216701508, 0.26721349358558655, 2.942979335784912e-07, -1.7434358596801758e-06, 0.6228752136230469, 7.84359872341156e-06, -7.644295692443848e-06, 1.1016767024993896, -2.2351741790771484e-07, -4.246830940246582e-07, 0.77264404296875, -0.1407443732023239, -0.019361786544322968, 0.2530267834663391, 8.940696716308594e-08, -5.438923835754395e-07, 0.5432049632072449, -3.926455974578857e-06, 3.807246685028076e-06, 1.103057861328125, 1.1395663022994995e-05, -7.450580596923828e-06, 0.8240511417388916, -0.009052621200680733, 0.02387499064207077, 0.3158414959907532, 1.685693860054016e-07, -7.450580596923828e-08, 0.31536099314689636, -0.0012295208871364594, -0.2804090976715088, 1.0047494173049927, 0.001229502260684967, 0.2804047465324402, 0.17804336547851562, -0.1315990835428238, 3.2825512886047363, 1.0468287467956543, -0.08712341636419296, -0.35718607902526855, 0.5555344223976135, 5.677342414855957e-06, -2.8498470783233643e-06, 1.7364654541015625, -3.844499588012695e-06, -2.8312206268310547e-06, 1.6212767362594604, -2.7082860469818115e-06, -1.150369644165039e-05, 0.6033937931060791, 0.04908871650695801, -0.498329222202301, -0.4918174147605896, -3.933906555175781e-06, 4.079192876815796e-07, 1.7200775146484375, -3.889203071594238e-06, -2.816319465637207e-06, 1.633895754814148, 1.043081283569336e-07, 7.778406143188477e-06, 0.6061094999313354, 0.038037337362766266, 0.486099511384964, -0.06373592466115952, 4.69014048576355e-06, -7.674098014831543e-07, 0.4917294383049011, -1.1385418474674225e-07, -7.245689630508423e-07, 0.4917335510253906, 0.14979737997055054, -0.004515416920185089, 0.2672138214111328, 2.2351741790771484e-08, -1.8849968910217285e-06, 0.6228753328323364, 7.253140211105347e-06, -7.674098014831543e-06, 1.1016775369644165, 4.470348358154297e-08, 2.3096799850463867e-07, 0.77264404296875, -0.14074452221393585, -0.019361726939678192, 0.25302696228027344, 3.6135315895080566e-07, -5.662441253662109e-07, 0.5432053208351135, -3.769993782043457e-06, 3.829598426818848e-06, 1.1030577421188354, 1.1418014764785767e-05, -7.614493370056152e-06, 0.8240508437156677, -0.009053071960806847, 0.023875758051872253, 0.3158416152000427, -8.381903171539307e-09, -1.4901161193847656e-07, 0.3153610825538635, -0.0012295469641685486, -0.2804086208343506, 1.0047494173049927, 0.0012294761836528778, 0.2804047763347626, 0.1780434250831604, -0.12976109981536865, 3.2958366870880127, 1.047650933265686, -0.087123341858387, -0.3571864366531372, 0.5555343627929688, 5.692243576049805e-06, -2.7902424335479736e-06, 1.7364654541015625, -3.8053840398788452e-06, -2.9206275939941406e-06, 1.621277093887329, -2.983957529067993e-06, -1.1444091796875e-05, 0.6033935546875, 0.04908888041973114, -0.4983298182487488, -0.4918174147605896, -3.7923455238342285e-06, 3.7904828786849976e-07, 1.7200777530670166, -3.889203071594238e-06, -2.8312206268310547e-06, 1.6338958740234375, -1.341104507446289e-07, 7.510185241699219e-06, 0.6061094999313354, 0.03803730010986328, 0.4860992431640625, -0.0637359470129013, 4.537403583526611e-06, -1.4528632164001465e-07, 0.49172940850257874, 3.608874976634979e-08, -3.4086406230926514e-07, 0.4917336404323578, 0.14979757368564606, -0.004515416920185089, 0.2672139108181, 4.023313522338867e-07, -1.8589198589324951e-06, 0.6228753924369812, 7.892027497291565e-06, -7.569789886474609e-06, 1.1016770601272583, -7.450580596923828e-08, 1.9371509552001953e-07, 0.7726442813873291, -0.14074426889419556, -0.019361712038517, 0.2530270218849182, 3.7997961044311523e-07, -6.109476089477539e-07, 0.5432049632072449, -3.810971975326538e-06, 3.866851329803467e-06, 1.1030577421188354, 1.1485069990158081e-05, -7.644295692443848e-06, 0.8240511417388916, -0.009052582085132599, 0.023875467479228973, 0.3158419132232666, 2.4493783712387085e-07, -1.9371509552001953e-07, 0.31536102294921875, -0.0012294873595237732, -0.2804088592529297, 1.0047492980957031, 0.0012294910848140717, 0.28040504455566406, 0.17804338037967682, -0.12791816890239716, 3.3091580867767334, 1.0484752655029297, -0.08712299913167953, -0.35718628764152527, 0.5555343627929688, 5.759298801422119e-06, -3.032386302947998e-06, 1.736465334892273, -3.812834620475769e-06, -2.9206275939941406e-06, 1.621276617050171, -2.9802322387695312e-06, -1.1146068572998047e-05, 0.6033937335014343, 0.0490889698266983, -0.49832937121391296, -0.49181756377220154, -3.993511199951172e-06, 3.371387720108032e-07, 1.7200775146484375, -3.844499588012695e-06, -2.816319465637207e-06, 1.6338961124420166, 4.470348358154297e-08, 7.62939453125e-06, 0.6061096787452698, 0.03803763538599014, 0.48609933257102966, -0.06373601406812668, 4.5709311962127686e-06, -7.562339305877686e-07, 0.49172985553741455, -9.16188582777977e-08, -2.0116567611694336e-07, 0.4917336404323578, 0.14979779720306396, -0.004515327513217926, 0.2672140598297119, -1.7508864402770996e-07, -1.9241124391555786e-06, 0.622874915599823, 7.731840014457703e-06, -7.614493370056152e-06, 1.101676106452942, 5.960464477539063e-08, 5.21540641784668e-08, 0.7726439237594604, -0.1407441794872284, -0.019361335784196854, 0.253027081489563, 4.246830940246582e-07, -5.438923835754395e-07, 0.5432047843933105, -3.7960708141326904e-06, 3.844499588012695e-06, 1.103057622909546, 1.1544674634933472e-05, -7.525086402893066e-06, 0.8240509033203125, -0.009052532725036144, 0.02387581765651703, 0.3158417344093323, 5.960464477539063e-08, 6.258487701416016e-07, 0.31536102294921875, -0.0012295879423618317, -0.280409038066864, 1.0047492980957031, 0.0012294352054595947, 0.2804047763347626, 0.1780432164669037, -0.12667757272720337, 3.3181254863739014, 1.0490301847457886, -0.08712324500083923, -0.3571861982345581, 0.5555344223976135, 5.774199962615967e-06, -2.9727816581726074e-06, 1.7364654541015625, -3.859400749206543e-06, -2.86102294921875e-06, 1.6212769746780396, -2.9280781745910645e-06, -1.1265277862548828e-05, 0.6033935546875, 0.04908883571624756, -0.4983295202255249, -0.491817444562912, -3.635883331298828e-06, 4.163011908531189e-07, 1.7200775146484375, -3.859400749206543e-06, -3.0100345611572266e-06, 1.6338958740234375, -1.4901161193847656e-08, 7.808208465576172e-06, 0.6061097979545593, 0.038037534803152084, 0.48609936237335205, -0.06373591721057892, 4.451721906661987e-06, -2.7939677238464355e-07, 0.491729199886322, 1.8277205526828766e-08, -2.2724270820617676e-07, 0.49173352122306824, 0.1497972160577774, -0.004515320062637329, 0.2672138512134552, 1.2293457984924316e-07, -1.8998980522155762e-06, 0.6228752732276917, 8.3092600107193e-06, -7.584691047668457e-06, 1.101676344871521, -1.4901161193847656e-08, 1.862645149230957e-07, 0.7726444005966187, -0.14074425399303436, -0.019362155348062515, 0.25302714109420776, 5.103647708892822e-07, -5.513429641723633e-07, 0.5432050824165344, -4.0121376514434814e-06, 3.8333237171173096e-06, 1.103058099746704, 1.1350959539413452e-05, -7.539987564086914e-06, 0.8240507245063782, -0.009052827954292297, 0.02387549728155136, 0.3158417344093323, 7.729977369308472e-08, -3.427267074584961e-07, 0.3153609037399292, -0.0012295804917812347, -0.2804083228111267, 1.0047491788864136, 0.0012293718755245209, 0.2804051637649536, 0.1780432164669037, -0.12508009374141693, 3.3296725749969482, 1.049744725227356, -0.0871233120560646, -0.357186496257782, 0.5555343627929688, 5.684792995452881e-06, -2.902001142501831e-06, 1.736465334892273, -3.846362233161926e-06, -2.950429916381836e-06, 1.6212769746780396, -2.8945505619049072e-06, -1.1563301086425781e-05, 0.6033936142921448, 0.049088895320892334, -0.49832984805107117, -0.49181750416755676, -3.829598426818848e-06, 4.7404319047927856e-07, 1.720077395439148, -4.0978193283081055e-06, -2.592802047729492e-06, 1.6338958740234375, 2.9802322387695312e-08, 7.331371307373047e-06, 0.6061096787452698, 0.0380374900996685, 0.4860990047454834, -0.0637359693646431, 4.384666681289673e-06, -8.642673492431641e-07, 0.4917292296886444, 8.102506399154663e-08, -5.774199962615967e-08, 0.49173346161842346, 0.14979754388332367, -0.004515260457992554, 0.26721373200416565, -8.940696716308594e-08, -1.7918646335601807e-06, 0.6228753924369812, 7.72811472415924e-06, -7.644295692443848e-06, 1.1016767024993896, 7.450580596923828e-08, 2.980232238769531e-07, 0.7726441621780396, -0.14074446260929108, -0.019361402839422226, 0.2530268132686615, -3.725290298461914e-08, -4.917383193969727e-07, 0.5432050824165344, -3.848224878311157e-06, 3.7141144275665283e-06, 1.1030577421188354, 1.1246651411056519e-05, -7.569789886474609e-06, 0.8240509629249573, -0.009052763693034649, 0.023875616490840912, 0.31584155559539795, 1.695007085800171e-07, 5.21540641784668e-07, 0.31536102294921875, -0.0012295413762331009, -0.2804087698459625, 1.0047494173049927, 0.0012294203042984009, 0.2804047763347626, 0.1780434250831604, -0.12236449867486954, 3.34930157661438, 1.0509593486785889, -0.08712338656187057, -0.3571866452693939, 0.5555342435836792, 5.729496479034424e-06, -3.1068921089172363e-06, 1.7364656925201416, -3.7588179111480713e-06, -2.9206275939941406e-06, 1.62127685546875, -2.7604401111602783e-06, -1.150369644165039e-05, 0.6033934354782104, 0.04908883571624756, -0.49832987785339355, -0.4918174743652344, -3.859400749206543e-06, 5.047768354415894e-07, 1.7200775146484375, -3.844499588012695e-06, -2.7567148208618164e-06, 1.6338958740234375, 1.043081283569336e-07, 7.599592208862305e-06, 0.6061097383499146, 0.03803739324212074, 0.4860987961292267, -0.06373599171638489, 4.723668098449707e-06, -5.476176738739014e-07, 0.4917296767234802, -6.752088665962219e-08, -7.729977369308472e-07, 0.4917335510253906, 0.14979736506938934, -0.004515431821346283, 0.26721373200416565, 1.1175870895385742e-08, -1.7397105693817139e-06, 0.6228753924369812, 7.458031177520752e-06, -7.674098014831543e-06, 1.1016772985458374, -5.960464477539063e-08, -2.905726432800293e-07, 0.7726436257362366, -0.14074455201625824, -0.01936176046729088, 0.25302690267562866, 7.562339305877686e-07, -4.470348358154297e-07, 0.5432053804397583, -3.986060619354248e-06, 3.773719072341919e-06, 1.103058099746704, 1.1518597602844238e-05, -7.584691047668457e-06, 0.824051022529602, -0.009052921086549759, 0.023875296115875244, 0.3158416450023651, -5.075708031654358e-08, 1.1920928955078125e-07, 0.3153612017631531, -0.001229546032845974, -0.2804087996482849, 1.0047494173049927, 0.0012294221669435501, 0.2804052531719208, 0.17804348468780518, -0.11974877864122391, 3.36820912361145, 1.0521293878555298, -0.08712348341941833, -0.3571862280368805, 0.5555343627929688, 5.684792995452881e-06, -2.600252628326416e-06, 1.7364654541015625, -3.730878233909607e-06, -2.9206275939941406e-06, 1.6212772130966187, -2.8498470783233643e-06, -1.1682510375976562e-05, 0.6033934950828552, 0.04908864200115204, -0.49832984805107117, -0.4918174743652344, -3.851950168609619e-06, 4.10713255405426e-07, 1.720077633857727, -3.904104232788086e-06, -2.9653310775756836e-06, 1.6338958740234375, 1.4901161193847656e-08, 7.659196853637695e-06, 0.606109619140625, 0.03803712874650955, 0.4860992431640625, -0.0637359619140625, 4.772096872329712e-06, -6.593763828277588e-07, 0.4917294979095459, 3.899913281202316e-08, -4.4330954551696777e-07, 0.49173352122306824, 0.14979736506938934, -0.0045154765248298645, 0.2672137916088104, 3.203749656677246e-07, -1.8961727619171143e-06, 0.6228756308555603, 7.411465048789978e-06, -7.569789886474609e-06, 1.101677417755127, -1.9371509552001953e-07, -3.7997961044311523e-07, 0.7726436853408813, -0.14074450731277466, -0.019361741840839386, 0.25302696228027344, 2.3469328880310059e-07, -4.246830940246582e-07, 0.5432053804397583, -3.7997961044311523e-06, 3.866851329803467e-06, 1.103058099746704, 1.1395663022994995e-05, -7.62939453125e-06, 0.8240513205528259, -0.009052906185388565, 0.023875385522842407, 0.3158416450023651, 2.882443368434906e-07, -4.917383193969727e-07, 0.3153609335422516, -0.0012294570915400982, -0.2804092764854431, 1.004749059677124, 0.0012295094784349203, 0.28040510416030884, 0.17804338037967682, -0.11730745434761047, 3.3858556747436523, 1.053221344947815, -0.08712352067232132, -0.35718590021133423, 0.555534303188324, 5.714595317840576e-06, -2.6263296604156494e-06, 1.7364656925201416, -3.727152943611145e-06, -3.0100345611572266e-06, 1.621277093887329, -2.771615982055664e-06, -1.138448715209961e-05, 0.6033934354782104, 0.049088746309280396, -0.4983293414115906, -0.491817444562912, -3.859400749206543e-06, 4.470348358154297e-07, 1.720077395439148, -3.6656856536865234e-06, -2.8461217880249023e-06, 1.6338958740234375, 1.4901161193847656e-07, 7.659196853637695e-06, 0.606109619140625, 0.03803739696741104, 0.4860992729663849, -0.06373591721057892, 4.5299530029296875e-06, -7.674098014831543e-07, 0.49172917008399963, 1.2925011105835438e-07, -7.115304470062256e-07, 0.49173370003700256, 0.1497974395751953, -0.004515036940574646, 0.2672138810157776, 2.9802322387695312e-08, -1.942738890647888e-06, 0.6228753328323364, 7.737427949905396e-06, -7.659196853637695e-06, 1.1016769409179688, 2.2351741790771484e-08, -3.8743019104003906e-07, 0.7726436257362366, -0.14074455201625824, -0.019361216574907303, 0.25302696228027344, -7.82310962677002e-08, -4.3213367462158203e-07, 0.5432051420211792, -4.306435585021973e-06, 3.859400749206543e-06, 1.1030577421188354, 1.1498108506202698e-05, -7.703900337219238e-06, 0.8240506649017334, -0.009052739478647709, 0.02387584000825882, 0.3158417344093323, -4.831235855817795e-08, -6.705522537231445e-07, 0.3153611421585083, -0.0012294817715883255, -0.28040874004364014, 1.004749059677124, 0.0012294948101043701, 0.2804053723812103, 0.1780432164669037, -0.11452151834964752, 3.4059932231903076, 1.0544674396514893, -0.08712352812290192, -0.3571862280368805, 0.5555343627929688, 5.7891011238098145e-06, -2.779066562652588e-06, 1.7364654541015625, -3.846362233161926e-06, -2.8908252716064453e-06, 1.621276617050171, -2.905726432800293e-06, -1.1563301086425781e-05, 0.6033935546875, 0.04908864200115204, -0.498329758644104, -0.4918174147605896, -3.807246685028076e-06, 3.501772880554199e-07, 1.7200775146484375, -3.7550926208496094e-06, -2.8461217880249023e-06, 1.6338958740234375, 1.6391277313232422e-07, 7.3015689849853516e-06, 0.606109619140625, 0.03803712874650955, 0.48609912395477295, -0.0637359768152237, 4.585832357406616e-06, -5.811452865600586e-07, 0.4917297065258026, 1.569860614836216e-07, -4.6938657760620117e-07, 0.4917333126068115, 0.14979727566242218, -0.004515200853347778, 0.26721370220184326, 2.2351741790771484e-08, -2.000480890274048e-06, 0.6228753328323364, 7.368624210357666e-06, -7.614493370056152e-06, 1.1016770601272583, 8.195638656616211e-08, -1.4901161193847656e-07, 0.7726437449455261, -0.14074461162090302, -0.01936180144548416, 0.2530270218849182, 8.828938007354736e-07, -4.0978193283081055e-07, 0.5432057976722717, -4.015862941741943e-06, 3.7848949432373047e-06, 1.1030579805374146, 1.1418014764785767e-05, -7.62939453125e-06, 0.8240508437156677, -0.009052861481904984, 0.023875266313552856, 0.3158416450023651, 1.9650906324386597e-07, -1.1920928955078125e-07, 0.31536078453063965, -0.0012294016778469086, -0.28040871024131775, 1.0047492980957031, 0.0012296102941036224, 0.2804054915904999, 0.178043395280838, -0.11060208827257156, 3.434324026107788, 1.0562206506729126, -0.08712396025657654, -0.35718584060668945, 0.555534303188324, 5.669891834259033e-06, -2.7492642402648926e-06, 1.7364654541015625, -3.866851329803467e-06, -2.8014183044433594e-06, 1.6212767362594604, -2.8312206268310547e-06, -1.1265277862548828e-05, 0.6033935546875, 0.049088314175605774, -0.49832937121391296, -0.491817444562912, -3.7476420402526855e-06, 4.78699803352356e-07, 1.720077633857727, -3.725290298461914e-06, -2.8908252716064453e-06, 1.633895754814148, 1.6391277313232422e-07, 7.510185241699219e-06, 0.606109619140625, 0.03803692385554314, 0.48609980940818787, -0.0637359470129013, 4.447996616363525e-06, -1.8998980522155762e-07, 0.49172914028167725, -6.024492904543877e-08, -3.986060619354248e-07, 0.4917336106300354, 0.1497974991798401, -0.004515517503023148, 0.2672138810157776, 1.7881393432617188e-07, -1.9297003746032715e-06, 0.6228749752044678, 7.977709174156189e-06, -7.659196853637695e-06, 1.1016765832901, -7.450580596923828e-08, -2.3096799850463867e-07, 0.7726438045501709, -0.14074425399303436, -0.019362114369869232, 0.2530271112918854, 6.48200511932373e-07, -4.3958425521850586e-07, 0.5432054996490479, -3.7942081689834595e-06, 3.814697265625e-06, 1.1030575037002563, 1.1608004570007324e-05, -7.733702659606934e-06, 0.8240511417388916, -0.009052840992808342, 0.023875482380390167, 0.3158416152000427, -1.6205012798309326e-07, 5.21540641784668e-07, 0.3153606057167053, -0.001229509711265564, -0.2804088294506073, 1.0047492980957031, 0.0012294948101043701, 0.28040510416030884, 0.17804336547851562, -0.10496310144662857, 3.4750845432281494, 1.058742880821228, -0.08712346106767654, -0.35718655586242676, 0.555534303188324, 5.677342414855957e-06, -2.689659595489502e-06, 1.736465334892273, -3.6731362342834473e-06, -2.9206275939941406e-06, 1.621276617050171, -2.8312206268310547e-06, -1.138448715209961e-05, 0.6033936142921448, 0.04908861219882965, -0.4983295202255249, -0.4918174147605896, -3.889203071594238e-06, 2.998858690261841e-07, 1.7200770378112793, -3.874301910400391e-06, -3.069639205932617e-06, 1.6338958740234375, -1.4901161193847656e-07, 7.957220077514648e-06, 0.606109619140625, 0.038037195801734924, 0.4860990345478058, -0.06373591721057892, 4.597008228302002e-06, -4.731118679046631e-07, 0.49172961711883545, 4.2957253754138947e-08, -1.6763806343078613e-07, 0.4917336106300354, 0.14979751408100128, -0.004515204578638077, 0.2672138512134552, -8.568167686462402e-08, -1.7620623111724854e-06, 0.6228750348091125, 7.444992661476135e-06, -7.599592208862305e-06, 1.1016770601272583, -3.203749656677246e-07, -1.2665987014770508e-07, 0.7726438045501709, -0.14074447751045227, -0.019361350685358047, 0.2530268728733063, 1.6577541828155518e-07, -4.842877388000488e-07, 0.5432049036026001, -3.961846232414246e-06, 3.904104232788086e-06, 1.103057861328125, 1.1436641216278076e-05, -7.748603820800781e-06, 0.8240512609481812, -0.009052732959389687, 0.023875504732131958, 0.3158417046070099, 1.4062970876693726e-07, 2.2351741790771484e-07, 0.315360963344574, -0.0012294799089431763, -0.28040897846221924, 1.0047492980957031, 0.001229509711265564, 0.28040486574172974, 0.17804324626922607, -0.09884575009346008, 3.5193026065826416, 1.0614792108535767, -0.08712362498044968, -0.35718634724617004, 0.5555344223976135, 5.550682544708252e-06, -2.7641654014587402e-06, 1.736465573310852, -3.7513673305511475e-06, -2.8312206268310547e-06, 1.6212767362594604, -3.0025839805603027e-06, -1.1622905731201172e-05, 0.6033937931060791, 0.04908852279186249, -0.4983298182487488, -0.4918174743652344, -3.7997961044311523e-06, 3.501772880554199e-07, 1.7200775146484375, -3.919005393981934e-06, -2.8908252716064453e-06, 1.633895993232727, 1.6391277313232422e-07, 7.659196853637695e-06, 0.6061100959777832, 0.038037050515413284, 0.4860991835594177, -0.06373593211174011, 4.492700099945068e-06, -2.905726432800293e-07, 0.4917295277118683, -7.147900760173798e-08, -3.0919909477233887e-07, 0.4917336404323578, 0.1497974395751953, -0.004515204578638077, 0.26721370220184326, -4.0978193283081055e-08, -1.9818544387817383e-06, 0.6228750944137573, 7.400289177894592e-06, -7.584691047668457e-06, 1.1016770601272583, -1.2293457984924316e-07, -5.21540641784668e-08, 0.7726439833641052, -0.14074431359767914, -0.01936180889606476, 0.2530270218849182, 5.308538675308228e-07, -4.76837158203125e-07, 0.5432053804397583, -3.7476420402526855e-06, 3.8370490074157715e-06, 1.103058099746704, 1.142360270023346e-05, -7.569789886474609e-06, 0.8240511417388916, -0.009052667766809464, 0.023875415325164795, 0.31584179401397705, 1.4156103134155273e-07, 6.705522537231445e-07, 0.3153609037399292, -0.001229509711265564, -0.2804095149040222, 1.0047491788864136, 0.0012294873595237732, 0.28040483593940735, 0.17804333567619324, -0.09397865831851959, 3.554483652114868, 1.063656210899353, -0.08712364733219147, -0.35718676447868347, 0.5555343627929688, 5.662441253662109e-06, -2.734363079071045e-06, 1.7364654541015625, -3.721565008163452e-06, -2.682209014892578e-06, 1.6212767362594604, -2.7120113372802734e-06, -1.1920928955078125e-05, 0.6033934950828552, 0.04908846318721771, -0.4983298182487488, -0.491817444562912, -3.956258296966553e-06, 3.91155481338501e-07, 1.7200770378112793, -3.7401914596557617e-06, -2.8759241104125977e-06, 1.6338958740234375, 1.6391277313232422e-07, 7.659196853637695e-06, 0.6061099767684937, 0.038036998361349106, 0.4860990345478058, -0.06373591721057892, 4.4871121644973755e-06, -6.705522537231445e-07, 0.4917292892932892, 6.076879799365997e-08, -7.972121238708496e-07, 0.49173372983932495, 0.14979778230190277, -0.004515495151281357, 0.2672139108181, -1.4528632164001465e-07, -1.8030405044555664e-06, 0.6228750348091125, 7.82497227191925e-06, -7.599592208862305e-06, 1.1016770601272583, -1.4901161193847656e-07, -1.2665987014770508e-07, 0.77264404296875, -0.14074428379535675, -0.019361425191164017, 0.25302690267562866, 6.05359673500061e-07, -5.587935447692871e-07, 0.5432054996490479, -3.5874545574188232e-06, 3.814697265625e-06, 1.1030579805374146, 1.1490657925605774e-05, -7.569789886474609e-06, 0.8240506649017334, -0.009052609093487263, 0.023875631392002106, 0.3158417046070099, 1.8067657947540283e-07, -4.470348358154297e-08, 0.31536102294921875, -0.0012295395135879517, -0.280409038066864, 1.0047494173049927, 0.0012294575572013855, 0.2804044187068939, 0.17804332077503204, -0.09091391414403915, 3.576636552810669, 1.0650269985198975, -0.08712352812290192, -0.35718652606010437, 0.5555344223976135, 5.729496479034424e-06, -2.775341272354126e-06, 1.736465334892273, -3.814697265625e-06, -2.86102294921875e-06, 1.62127685546875, -2.868473529815674e-06, -1.1622905731201172e-05, 0.6033934354782104, 0.04908876121044159, -0.49832993745803833, -0.49181753396987915, -3.926455974578857e-06, 3.511086106300354e-07, 1.720077395439148, -3.7103891372680664e-06, -2.8312206268310547e-06, 1.6338961124420166, -2.9802322387695312e-08, 7.569789886474609e-06, 0.6061100363731384, 0.03803723305463791, 0.4860990643501282, -0.06373599171638489, 4.388391971588135e-06, -8.754432201385498e-07, 0.4917292892932892, 1.210719347000122e-08, -2.7939677238464355e-07, 0.4917334318161011, 0.14979729056358337, -0.004516001790761948, 0.2672135531902313, 1.6763806343078613e-07, -1.735985279083252e-06, 0.6228746771812439, 7.534399628639221e-06, -7.569789886474609e-06, 1.1016764640808105, -9.313225746154785e-10, -4.3958425521850586e-07, 0.7726441621780396, -0.1407446414232254, -0.019361935555934906, 0.25302669405937195, 3.46451997756958e-07, -5.066394805908203e-07, 0.5432053208351135, -4.26173210144043e-06, 3.7550926208496094e-06, 1.1030573844909668, 1.1296942830085754e-05, -7.659196853637695e-06, 0.8240509629249573, -0.009053083136677742, 0.02387533336877823, 0.3158412277698517, 2.4400651454925537e-07, 2.9802322387695312e-08, 0.31536123156547546, -0.0012294799089431763, -0.280409038066864, 1.0047492980957031, 0.0012295693159103394, 0.2804052233695984, 0.17804338037967682, -0.08851446211338043, 3.593980550765991, 1.0661002397537231, -0.08712352067232132, -0.35718658566474915, 0.5555342435836792, 5.7443976402282715e-06, -2.946704626083374e-06, 1.736465334892273, -3.851950168609619e-06, -2.8014183044433594e-06, 1.6212767362594604, -2.8014183044433594e-06, -1.1682510375976562e-05, 0.6033933162689209, 0.04908853769302368, -0.49832984805107117, -0.49181753396987915, -3.7550926208496094e-06, 3.6973506212234497e-07, 1.7200775146484375, -3.7997961044311523e-06, -2.816319465637207e-06, 1.6338958740234375, 1.341104507446289e-07, 7.68899917602539e-06, 0.606109619140625, 0.03803722932934761, 0.48609912395477295, -0.06373601406812668, 4.565343260765076e-06, -9.164214134216309e-07, 0.49172961711883545, 8.614733815193176e-08, -3.650784492492676e-07, 0.4917338192462921, 0.1497972458600998, -0.004515018314123154, 0.26721325516700745, -3.3527612686157227e-08, -1.821666955947876e-06, 0.6228747367858887, 7.251277565956116e-06, -7.584691047668457e-06, 1.1016771793365479, -2.9709190130233765e-07, -2.2351741790771484e-08, 0.7726441025733948, -0.14074453711509705, -0.019361533224582672, 0.2530266046524048, 6.556510925292969e-07, -5.960464477539062e-07, 0.5432053804397583, -4.04752790927887e-06, 3.7923455238342285e-06, 1.1030573844909668, 1.1168420314788818e-05, -7.659196853637695e-06, 0.8240512013435364, -0.009052817709743977, 0.023875445127487183, 0.31584128737449646, 8.568167686462402e-08, 1.341104507446289e-07, 0.3153609335422516, -0.0012294426560401917, -0.2804087996482849, 1.0047492980957031, 0.0012295693159103394, 0.28040531277656555, 0.178043395280838, -0.085874542593956, 3.613062620162964, 1.0672811269760132, -0.08712345361709595, -0.3571861684322357, 0.5555343627929688, 5.6996941566467285e-06, -2.8312206268310547e-06, 1.736465573310852, -3.889203071594238e-06, -2.8014183044433594e-06, 1.62127685546875, -2.816319465637207e-06, -1.1682510375976562e-05, 0.6033934354782104, 0.0490889698266983, -0.49832990765571594, -0.4918173849582672, -3.6582350730895996e-06, 3.6600977182388306e-07, 1.720077395439148, -3.933906555175781e-06, -2.9355287551879883e-06, 1.6338962316513062, 1.341104507446289e-07, 7.3015689849853516e-06, 0.6061098575592041, 0.03803747519850731, 0.4860990643501282, -0.0637359544634819, 4.556030035018921e-06, -8.23289155960083e-07, 0.4917297065258026, 4.98257577419281e-08, -4.3958425521850586e-07, 0.49173372983932495, 0.1497974544763565, -0.0045154280960559845, 0.2672138512134552, 3.520399332046509e-07, -2.1532177925109863e-06, 0.6228750944137573, 7.854774594306946e-06, -7.569789886474609e-06, 1.1016770601272583, -8.847564458847046e-08, 1.6391277313232422e-07, 0.7726438641548157, -0.14074452221393585, -0.019361313432455063, 0.2530268132686615, 5.085021257400513e-07, -5.029141902923584e-07, 0.5432050228118896, -3.7867575883865356e-06, 3.829598426818848e-06, 1.103057861328125, 1.1526048183441162e-05, -7.770955562591553e-06, 0.8240510821342468, -0.00905301608145237, 0.023876070976257324, 0.31584158539772034, 1.601874828338623e-07, 1.7881393432617188e-07, 0.31536149978637695, -0.0012295432388782501, -0.2804082930088043, 1.0047492980957031, 0.001229485496878624, 0.28040599822998047, 0.17804324626922607, -0.0827382430434227, 3.635732889175415, 1.0686839818954468, -0.08712342381477356, -0.35718637704849243, 0.5555343627929688, 5.684792995452881e-06, -2.652406692504883e-06, 1.736465573310852, -3.874301910400391e-06, -2.950429916381836e-06, 1.6212769746780396, -2.808868885040283e-06, -1.1682510375976562e-05, 0.6033935546875, 0.04908871650695801, -0.4983297884464264, -0.49181753396987915, -4.023313522338867e-06, 6.118789315223694e-07, 1.7200772762298584, -3.829598426818848e-06, -2.816319465637207e-06, 1.633895993232727, 2.9802322387695312e-08, 7.897615432739258e-06, 0.606109619140625, 0.038037411868572235, 0.4860990643501282, -0.06373598426580429, 4.563480615615845e-06, -9.238719940185547e-07, 0.49173009395599365, 1.0151416063308716e-07, -8.940696716308594e-07, 0.49173370003700256, 0.14979755878448486, -0.004515388980507851, 0.2672138214111328, 5.308538675308228e-07, -1.9334256649017334e-06, 0.6228753328323364, 7.539987564086914e-06, -7.599592208862305e-06, 1.1016768217086792, -1.4528632164001465e-07, -2.384185791015625e-07, 0.7726439237594604, -0.14074429869651794, -0.019361643120646477, 0.25302693247795105, 7.487833499908447e-07, -4.0978193283081055e-07, 0.5432053208351135, -3.952533006668091e-06, 3.8370490074157715e-06, 1.1030575037002563, 1.1449679732322693e-05, -7.666647434234619e-06, 0.8240511417388916, -0.009052651934325695, 0.02387586608529091, 0.31584158539772034, 7.450580596923828e-08, -3.129243850708008e-07, 0.315360963344574, -0.0012294724583625793, -0.2804083228111267, 1.0047494173049927, 0.0012295497581362724, 0.2804057002067566, 0.17804336547851562, -0.07980462163686752, 3.656937837600708, 1.0699961185455322, -0.08712366968393326, -0.35718631744384766, 0.5555343627929688, 5.736947059631348e-06, -2.913177013397217e-06, 1.7364654541015625, -3.896653652191162e-06, -2.7120113372802734e-06, 1.6212769746780396, -2.808868885040283e-06, -1.1801719665527344e-05, 0.6033936738967896, 0.04908834397792816, -0.49832969903945923, -0.4918174743652344, -3.680586814880371e-06, 4.330649971961975e-07, 1.7200771570205688, -3.933906555175781e-06, -2.816319465637207e-06, 1.6338962316513062, 8.940696716308594e-08, 7.539987564086914e-06, 0.6061097383499146, 0.03803708031773567, 0.4860990047454834, -0.0637359619140625, 4.695728421211243e-06, -1.2330710887908936e-06, 0.49172961711883545, 1.564621925354004e-07, -5.513429641723633e-07, 0.4917337894439697, 0.14979733526706696, -0.004515325650572777, 0.2672136425971985, 2.7567148208618164e-07, -2.129003405570984e-06, 0.622874915599823, 7.893890142440796e-06, -7.68899917602539e-06, 1.1016767024993896, -3.050081431865692e-08, 7.450580596923828e-08, 0.7726437449455261, -0.14074444770812988, -0.019361741840839386, 0.2530268728733063, 4.842877388000488e-07, -3.427267074584961e-07, 0.5432060956954956, -3.4980475902557373e-06, 3.7923455238342285e-06, 1.103058099746704, 1.1363998055458069e-05, -7.748603820800781e-06, 0.8240504264831543, -0.009052746929228306, 0.02387554943561554, 0.3158414959907532, 1.30385160446167e-07, 4.6193599700927734e-07, 0.3153606057167053, -0.0012294147163629532, -0.2804085910320282, 1.0047494173049927, 0.001229600515216589, 0.2804050147533417, 0.1780434548854828, -0.07615931332111359, 3.6832873821258545, 1.0716266632080078, -0.08712360262870789, -0.35718604922294617, 0.5555343627929688, 5.781650543212891e-06, -2.734363079071045e-06, 1.7364654541015625, -3.863126039505005e-06, -2.8312206268310547e-06, 1.6212773323059082, -2.8833746910095215e-06, -1.1622905731201172e-05, 0.6033934354782104, 0.04908861219882965, -0.4983295202255249, -0.49181750416755676, -3.8370490074157715e-06, 2.3958273231983185e-07, 1.7200778722763062, -3.9637088775634766e-06, -2.7120113372802734e-06, 1.6338961124420166, 1.6391277313232422e-07, 7.3909759521484375e-06, 0.6061099767684937, 0.03803731128573418, 0.4860990047454834, -0.0637359619140625, 4.7478824853897095e-06, -4.6566128730773926e-07, 0.4917297661304474, -1.4994293451309204e-07, -6.705522537231445e-08, 0.491733580827713, 0.14979761838912964, -0.0045154765248298645, 0.26721417903900146, 8.097849786281586e-07, -1.6633421182632446e-06, 0.6228755712509155, 8.277595043182373e-06, -7.614493370056152e-06, 1.101676344871521, -1.1920928955078125e-07, -3.2782554626464844e-07, 0.7726434469223022, -0.14074429869651794, -0.019361471757292747, 0.25302717089653015, 5.904585123062134e-07, -7.003545761108398e-07, 0.543205738067627, -4.101544618606567e-06, 3.777444362640381e-06, 1.1030579805374146, 1.1702999472618103e-05, -7.763504981994629e-06, 0.8240513801574707, -0.009052697569131851, 0.023875296115875244, 0.3158419728279114, 1.7881393432617188e-07, -1.9371509552001953e-07, 0.3153614401817322, -0.001229509711265564, -0.28040874004364014, 1.004748821258545, 0.0012294696643948555, 0.28040429949760437, 0.17804332077503204, -0.07050066441297531, 3.7241897583007812, 1.07415771484375, -0.08712334930896759, -0.3571862578392029, 0.5555343627929688, 5.729496479034424e-06, -2.60770320892334e-06, 1.736465334892273, -3.7923455238342285e-06, -2.652406692504883e-06, 1.62127685546875, -2.853572368621826e-06, -1.150369644165039e-05, 0.6033935546875, 0.04908871650695801, -0.49832943081855774, -0.49181753396987915, -3.9711594581604e-06, 2.4796463549137115e-07, 1.7200772762298584, -3.7848949432373047e-06, -2.9653310775756836e-06, 1.6338961124420166, 2.9802322387695312e-08, 7.838010787963867e-06, 0.6061094999313354, 0.03803756460547447, 0.486098974943161, -0.06373599171638489, 4.829838871955872e-06, -1.1883676052093506e-06, 0.4917297959327698, -9.778887033462524e-08, -4.470348358154297e-07, 0.49173349142074585, 0.14979740977287292, -0.004515389911830425, 0.26721423864364624, -5.192123353481293e-08, -1.6810372471809387e-06, 0.622875452041626, 7.4803829193115234e-06, -7.614493370056152e-06, 1.1016768217086792, -2.9802322387695312e-08, -2.384185791015625e-07, 0.7726436853408813, -0.14074434340000153, -0.019361823797225952, 0.2530273199081421, 5.476176738739014e-07, -7.487833499908447e-07, 0.5432047247886658, -4.336237907409668e-06, 3.807246685028076e-06, 1.1030573844909668, 1.1265277862548828e-05, -7.703900337219238e-06, 0.8240504264831543, -0.009052651934325695, 0.023875132203102112, 0.31584203243255615, -5.960464477539063e-08, -2.384185791015625e-07, 0.3153609037399292, -0.0012294948101043701, -0.280408650636673, 1.0047489404678345, 0.001229485496878624, 0.28040561079978943, 0.17804290354251862, -0.06157074496150017, 3.7887380123138428, 1.078152060508728, -0.08712321519851685, -0.35718631744384766, 0.5555344223976135, 5.662441253662109e-06, -3.0547380447387695e-06, 1.7364654541015625, -3.822147846221924e-06, -2.8014183044433594e-06, 1.621277093887329, -2.8833746910095215e-06, -1.1265277862548828e-05, 0.6033936142921448, 0.0490889772772789, -0.4983298182487488, -0.4918174147605896, -3.889203071594238e-06, 4.654284566640854e-07, 1.720077633857727, -3.933906555175781e-06, -3.0547380447387695e-06, 1.6338958740234375, 0.0, 8.046627044677734e-06, 0.6061097979545593, 0.038037486374378204, 0.4860985577106476, -0.06373589485883713, 4.8568472266197205e-06, -7.972121238708496e-07, 0.491730272769928, -8.195638656616211e-08, -4.023313522338867e-07, 0.49173375964164734, 0.14979752898216248, -0.004515375476330519, 0.2672138810157776, -2.1979212760925293e-07, -1.730397343635559e-06, 0.6228750348091125, 7.980503141880035e-06, -7.614493370056152e-06, 1.1016768217086792, 8.940696716308594e-08, -4.544854164123535e-07, 0.77264404296875, -0.14074432849884033, -0.0193618331104517, 0.2530270516872406, 1.8719583749771118e-07, -6.258487701416016e-07, 0.5432054996490479, -3.632158041000366e-06, 3.762543201446533e-06, 1.1030582189559937, 1.1651776731014252e-05, -7.659196853637695e-06, 0.8240506649017334, -0.009052684530615807, 0.02387550100684166, 0.31584179401397705, 1.0803341865539551e-07, 4.470348358154297e-07, 0.3153609037399292, -0.0012294799089431763, -0.28040850162506104, 1.0047489404678345, 0.0012295357882976532, 0.28040462732315063, 0.17804323136806488, -0.051360223442316055, 3.8625428676605225, 1.0827192068099976, -0.0871235579252243, -0.3571861982345581, 0.5555343627929688, 5.714595317840576e-06, -2.8908252716064453e-06, 1.7364654541015625, -3.7588179111480713e-06, -2.86102294921875e-06, 1.6212769746780396, -2.853572368621826e-06, -1.1622905731201172e-05, 0.6033935546875, 0.04908864200115204, -0.49832960963249207, -0.49181753396987915, -3.777444362640381e-06, 5.224719643592834e-07, 1.7200777530670166, -3.948807716369629e-06, -2.7120113372802734e-06, 1.6338958740234375, 0.0, 7.539987564086914e-06, 0.6061099767684937, 0.038037192076444626, 0.48609915375709534, -0.06373600661754608, 4.618428647518158e-06, -7.860362529754639e-07, 0.4917299151420593, 1.341104507446289e-07, -5.960464477539062e-07, 0.49173328280448914, 0.14979751408100128, -0.004515616223216057, 0.26721420884132385, 9.313225746154785e-07, -1.9334256649017334e-06, 0.6228748559951782, 7.644295692443848e-06, -7.674098014831543e-06, 1.101676106452942, 3.725290298461914e-08, -1.043081283569336e-07, 0.7726439833641052, -0.14074434340000153, -0.01936180889606476, 0.2530272901058197, 3.641471266746521e-07, -5.699694156646729e-07, 0.5432052612304688, -3.4049153327941895e-06, 3.814697265625e-06, 1.1030577421188354, 1.1328374966979027e-05, -7.689930498600006e-06, 0.824051022529602, -0.009053019806742668, 0.023875780403614044, 0.3158419132232666, 6.705522537231445e-08, 1.7881393432617188e-07, 0.3153609037399292, -0.0012294575572013855, -0.28040921688079834, 1.0047496557235718, 0.0012295283377170563, 0.2804047763347626, 0.17804348468780518, -0.04406861215829849, 3.9152491092681885, 1.0859806537628174, -0.08712302148342133, -0.35718604922294617, 0.555534303188324, 5.669891834259033e-06, -2.950429916381836e-06, 1.736465334892273, -3.7401914596557617e-06, -3.0100345611572266e-06, 1.6212763786315918, -2.726912498474121e-06, -1.138448715209961e-05, 0.6033937335014343, 0.04908917844295502, -0.4983294904232025, -0.4918174743652344, -3.6954879760742188e-06, 5.019828677177429e-07, 1.720077395439148, -3.7550926208496094e-06, -2.905726432800293e-06, 1.633895993232727, -4.470348358154297e-08, 7.748603820800781e-06, 0.6061092615127563, 0.03803765028715134, 0.4860996901988983, -0.0637359470129013, 4.7995708882808685e-06, -7.152557373046875e-07, 0.4917297959327698, -1.3783574104309082e-07, -3.725290298461914e-07, 0.4917334318161011, 0.14979736506938934, -0.0045151785016059875, 0.2672138512134552, -5.997717380523682e-07, -1.5422701835632324e-06, 0.6228750348091125, 8.133240044116974e-06, -7.554888725280762e-06, 1.1016770601272583, 6.146728992462158e-08, 4.470348358154297e-08, 0.77264404296875, -0.14074422419071198, -0.01936184987425804, 0.2530269920825958, -1.9266735762357712e-08, -6.342306733131409e-07, 0.5432053208351135, -3.948807716369629e-06, 3.7401914596557617e-06, 1.1030577421188354, 1.125573180615902e-05, -7.624737918376923e-06, 0.8240512013435364, -0.00905268732458353, 0.023875415325164795, 0.3158418536186218, 7.264316082000732e-08, 4.023313522338867e-07, 0.315361350774765, -0.0012295246124267578, -0.2804090976715088, 1.0047496557235718, 0.0012295469641685486, 0.2804045081138611, 0.1780438870191574, -0.04384731501340866, 3.916848659515381, 1.086079716682434, -0.08712358772754669, -0.3571860194206238, 0.5555344223976135, 5.729496479034424e-06, -2.7585774660110474e-06, 1.736465334892273, -3.846362233161926e-06, -2.950429916381836e-06, 1.6212763786315918, -2.898275852203369e-06, -1.1265277862548828e-05, 0.6033936142921448, 0.04908856749534607, -0.49832943081855774, -0.49181753396987915, -3.56137752532959e-06, 5.364418029785156e-07, 1.7200772762298584, -3.7401914596557617e-06, -2.5480985641479492e-06, 1.6338958740234375, -8.940696716308594e-08, 7.539987564086914e-06, 0.6061094403266907, 0.03803735971450806, 0.4860989451408386, -0.06373599916696548, 4.7848152462393045e-06, -1.2889504432678223e-06, 0.491729736328125, 7.82310962677002e-08, -4.3213367462158203e-07, 0.4917336404323578, 0.1497977375984192, -0.00451548770070076, 0.26721400022506714, -3.8370490074157715e-07, -1.9371509552001953e-06, 0.6228750348091125, 7.581897079944611e-06, -7.659196853637695e-06, 1.1016769409179688, 6.891787052154541e-08, -1.9371509552001953e-07, 0.7726439833641052, -0.1407444179058075, -0.019361533224582672, 0.25302696228027344, 5.091424100100994e-07, -4.2887404561042786e-07, 0.5432048439979553, -4.090368747711182e-06, 3.7997961044311523e-06, 1.103057622909546, 1.1312775313854218e-05, -7.599592208862305e-06, 0.8240504860877991, -0.009052611887454987, 0.023875409737229347, 0.3158418536186218, 1.30385160446167e-07, -1.1920928955078125e-07, 0.31536149978637695, -0.0012294203042984009, -0.28040897846221924, 1.0047495365142822, 0.0012295916676521301, 0.2804053723812103, 0.17804357409477234, -0.04468775913119316, 3.910773515701294, 1.085703730583191, -0.08712317049503326, -0.35718631744384766, 0.5555344223976135, 5.7220458984375e-06, -3.295019268989563e-06, 1.736465573310852, -3.824243322014809e-06, -2.8908252716064453e-06, 1.62127685546875, -2.7641654014587402e-06, -1.150369644165039e-05, 0.6033933758735657, 0.04908888787031174, -0.49832963943481445, -0.4918174147605896, -3.762543201446533e-06, 6.258487701416016e-07, 1.7200775146484375, -3.7103891372680664e-06, -3.0100345611572266e-06, 1.633895993232727, 8.940696716308594e-08, 7.539987564086914e-06, 0.6061096787452698, 0.038037531077861786, 0.48609912395477295, -0.06373590230941772, 4.794914275407791e-06, -5.699694156646729e-07, 0.4917297959327698, -3.3527612686157227e-08, -4.023313522338867e-07, 0.491733580827713, 0.14979729056358337, -0.004515096545219421, 0.2672139108181, 7.897615432739258e-07, -1.911073923110962e-06, 0.6228752136230469, 7.131602615118027e-06, -7.681548595428467e-06, 1.101677417755127, -3.725290298461914e-08, -3.3527612686157227e-07, 0.77264404296875, -0.1407444030046463, -0.019361700862646103, 0.253027081489563, 2.3585744202136993e-07, -3.0780211091041565e-07, 0.5432053208351135, -3.889203071594238e-06, 3.844499588012695e-06, 1.1030577421188354, 1.1332333087921143e-05, -7.76723027229309e-06, 0.8240510821342468, -0.009052910842001438, 0.023875746876001358, 0.3158417046070099, 2.0489096641540527e-08, 2.8312206268310547e-07, 0.3153606355190277, -0.0012295171618461609, -0.2804088592529297, 1.004749059677124, 0.0012294873595237732, 0.2804046869277954, 0.17804312705993652, -0.046604223549366, 3.896920680999756, 1.0848464965820312, -0.08712361752986908, -0.3571860194206238, 0.5555344223976135, 5.677342414855957e-06, -2.9923394322395325e-06, 1.7364654541015625, -3.876164555549622e-06, -2.5033950805664062e-06, 1.6212764978408813, -2.868473529815674e-06, -1.150369644165039e-05, 0.6033936142921448, 0.04908841848373413, -0.4983295500278473, -0.4918174147605896, -3.889203071594238e-06, 3.557652235031128e-07, 1.7200775146484375, -3.814697265625e-06, -2.9802322387695312e-06, 1.6338956356048584, -1.043081283569336e-07, 8.031725883483887e-06, 0.6061096787452698, 0.03803716227412224, 0.4860992431640625, -0.0637359619140625, 4.9942173063755035e-06, -9.760260581970215e-07, 0.4917296767234802, -1.2293457984924316e-07, -6.258487701416016e-07, 0.4917335510253906, 0.14979736506938934, -0.004515353590250015, 0.26721349358558655, 1.7881393432617188e-07, -1.9744038581848145e-06, 0.6228753328323364, 7.234979420900345e-06, -7.554888725280762e-06, 1.1016775369644165, 5.21540641784668e-08, 3.129243850708008e-07, 0.7726442813873291, -0.14074453711509705, -0.019361525774002075, 0.25302654504776, 7.909256964921951e-07, -3.417953848838806e-07, 0.543205976486206, -3.9711594581604e-06, 3.8333237171173096e-06, 1.1030575037002563, 1.1508353054523468e-05, -7.690861821174622e-06, 0.8240507245063782, -0.009052910842001438, 0.023875797167420387, 0.31584131717681885, 1.9185245037078857e-07, 1.7881393432617188e-07, 0.3153613209724426, -0.0012294426560401917, -0.2804091274738312, 1.0047487020492554, 0.0012295544147491455, 0.2804046869277954, 0.17804276943206787, -0.04971156269311905, 3.874459981918335, 1.0834566354751587, -0.08712354302406311, -0.3571864068508148, 0.5555344223976135, 5.707144737243652e-06, -2.854038029909134e-06, 1.736465334892273, -3.63960862159729e-06, -2.86102294921875e-06, 1.62127685546875, -2.9727816581726074e-06, -1.1205673217773438e-05, 0.6033936738967896, 0.04908870905637741, -0.4983295500278473, -0.4918174147605896, -3.919005393981934e-06, 6.370246410369873e-07, 1.720077633857727, -3.978610038757324e-06, -2.726912498474121e-06, 1.633895754814148, 5.960464477539063e-08, 7.539987564086914e-06, 0.606109619140625, 0.03803718090057373, 0.4860992133617401, -0.06373593211174011, 4.79305163025856e-06, -1.084059476852417e-06, 0.491729736328125, 1.1548399925231934e-07, -3.2782554626464844e-07, 0.4917333722114563, 0.14979737997055054, -0.004515603184700012, 0.26721325516700745, -5.811452865600586e-07, -1.6354024410247803e-06, 0.6228750348091125, 7.1711838245391846e-06, -7.644295692443848e-06, 1.101677417755127, 4.470348358154297e-08, -1.6391277313232422e-07, 0.7726444005966187, -0.14074459671974182, -0.019361842423677444, 0.25302654504776, 7.688067853450775e-07, -4.7031790018081665e-07, 0.5432049632072449, -3.5315752029418945e-06, 3.8817524909973145e-06, 1.103057861328125, 1.1621508747339249e-05, -7.556751370429993e-06, 0.824051022529602, -0.009052680805325508, 0.02387513592839241, 0.315841406583786, 2.5331974029541016e-07, 1.4901161193847656e-08, 0.3153608441352844, -0.0012295395135879517, -0.2804090678691864, 1.0047494173049927, 0.0012294799089431763, 0.2804041802883148, 0.17804399132728577, -0.05476950481534004, 3.8378994464874268, 1.081194281578064, -0.08712367713451385, -0.35718634724617004, 0.5555342435836792, 5.6549906730651855e-06, -3.484077751636505e-06, 1.7364654541015625, -3.810971975326538e-06, -2.7418136596679688e-06, 1.6212772130966187, -2.8312206268310547e-06, -1.1742115020751953e-05, 0.6033936738967896, 0.04908853769302368, -0.49832963943481445, -0.49181753396987915, -3.729015588760376e-06, 4.4330954551696777e-07, 1.720077633857727, -3.680586814880371e-06, -2.5331974029541016e-06, 1.633895993232727, -5.960464477539063e-08, 7.763504981994629e-06, 0.6061097383499146, 0.038037076592445374, 0.486098974943161, -0.06373600661754608, 4.8084184527397156e-06, -7.636845111846924e-07, 0.4917296767234802, -5.960464477539063e-08, -5.21540641784668e-07, 0.4917336106300354, 0.14979766309261322, -0.004515454173088074, 0.2672139108181, -2.9802322387695312e-08, -1.5832483768463135e-06, 0.6228750348091125, 7.446156814694405e-06, -7.6070427894592285e-06, 1.101677417755127, -5.960464477539063e-08, -7.450580596923828e-08, 0.77264404296875, -0.1407441943883896, -0.019361771643161774, 0.2530272603034973, 2.812594175338745e-07, -4.0605664253234863e-07, 0.5432058572769165, -3.851950168609619e-06, 3.8333237171173096e-06, 1.103057861328125, 1.1280993930995464e-05, -7.613562047481537e-06, 0.824051022529602, -0.009052705019712448, 0.023875487968325615, 0.3158418834209442, 3.91155481338501e-08, 1.7136335372924805e-07, 0.3153610825538635, -0.0012294650077819824, -0.2804088592529297, 1.0047489404678345, 0.0012294575572013855, 0.2804052531719208, 0.17804324626922607, -0.06408632546663284, 3.770554780960083, 1.0770268440246582, -0.08712339401245117, -0.35718658566474915, 0.5555344223976135, 5.707144737243652e-06, -3.2670795917510986e-06, 1.736465573310852, -3.777444362640381e-06, -2.8908252716064453e-06, 1.6212767362594604, -2.8721988201141357e-06, -1.150369644165039e-05, 0.6033936738967896, 0.04908880591392517, -0.49832990765571594, -0.4918174743652344, -3.769993782043457e-06, 3.8370490074157715e-07, 1.7200777530670166, -4.0084123611450195e-06, -2.8908252716064453e-06, 1.633895993232727, -1.6391277313232422e-07, 7.256865501403809e-06, 0.606109619140625, 0.03803729638457298, 0.4860989451408386, -0.0637359619140625, 4.595145583152771e-06, -8.903443813323975e-07, 0.49173009395599365, 8.009374141693115e-08, -1.341104507446289e-07, 0.491733193397522, 0.1497976928949356, -0.004515290260314941, 0.2672137916088104, 2.421438694000244e-07, -1.5422701835632324e-06, 0.6228751540184021, 8.07963078841567e-06, -7.636845111846924e-06, 1.101676344871521, -1.2665987014770508e-07, -1.9371509552001953e-07, 0.7726441025733948, -0.14074409008026123, -0.019361913204193115, 0.25302693247795105, 5.550682544708252e-07, -5.438923835754395e-07, 0.5432056188583374, -4.045665264129639e-06, 3.773719072341919e-06, 1.103057622909546, 1.1450611054897308e-05, -7.575377821922302e-06, 0.8240506052970886, -0.009052645415067673, 0.02387576550245285, 0.31584131717681885, 1.2852251529693604e-07, 3.650784492492676e-07, 0.3153611719608307, -0.0012295320630073547, -0.28040868043899536, 1.004749059677124, 0.0012294948101043701, 0.28040504455566406, 0.1780436486005783, -0.07644275575876236, 3.6812384128570557, 1.0714999437332153, -0.08712351322174072, -0.35718610882759094, 0.5555344820022583, 5.6438148021698e-06, -3.026798367500305e-06, 1.736465573310852, -3.7178397178649902e-06, -2.6226043701171875e-06, 1.621277093887329, -2.738088369369507e-06, -1.1622905731201172e-05, 0.6033936738967896, 0.04908865690231323, -0.4983294904232025, -0.4918174743652344, -3.952533006668091e-06, 5.401670932769775e-07, 1.7200772762298584, -3.7550926208496094e-06, -2.8461217880249023e-06, 1.633895993232727, -4.470348358154297e-08, 7.852911949157715e-06, 0.6061093807220459, 0.03803737089037895, 0.48609891533851624, -0.06373593211174011, 4.3995678424835205e-06, -4.0605664253234863e-07, 0.49172964692115784, 1.1175870895385742e-07, -8.940696716308594e-07, 0.49173402786254883, 0.14979740977287292, -0.0045152828097343445, 0.26721328496932983, -1.7136335372924805e-07, -1.3597309589385986e-06, 0.6228753328323364, 7.64266587793827e-06, -7.62939453125e-06, 1.1016764640808105, 1.1548399925231934e-07, 2.0116567611694336e-07, 0.7726439237594604, -0.14074444770812988, -0.01936160773038864, 0.25302639603614807, 2.775341272354126e-07, -2.980232238769531e-07, 0.5432052612304688, -3.9711594581604e-06, 3.810971975326538e-06, 1.103057622909546, 1.129182055592537e-05, -7.636845111846924e-06, 0.8240511417388916, -0.009052937850356102, 0.02387578785419464, 0.3158409595489502, 1.7462298274040222e-07, 3.0547380447387695e-07, 0.31536027789115906, -0.0012294426560401917, -0.28040823340415955, 1.0047491788864136, 0.0012295395135879517, 0.2804053723812103, 0.1780434101819992, -0.08867623656988144, 3.592811107635498, 1.0660278797149658, -0.08712343871593475, -0.35718613862991333, 0.5555343627929688, 5.689449608325958e-06, -2.652406692504883e-06, 1.7364656925201416, -3.844499588012695e-06, -2.7120113372802734e-06, 1.6212763786315918, -2.9243528842926025e-06, -1.150369644165039e-05, 0.6033936738967896, 0.04908871650695801, -0.49832940101623535, -0.4918174743652344, -3.7066638469696045e-06, 3.8743019104003906e-07, 1.7200775146484375, -3.6656856536865234e-06, -2.6971101760864258e-06, 1.633895754814148, 0.0, 7.763504981994629e-06, 0.6061098575592041, 0.03803738206624985, 0.4860991835594177, -0.0637359768152237, 4.4889748096466064e-06, -9.350478649139404e-07, 0.49172988533973694, 1.9650906324386597e-07, -1.6391277313232422e-07, 0.49173399806022644, 0.14979727566242218, -0.004515230655670166, 0.2672140300273895, -5.774199962615967e-07, -2.086162567138672e-06, 0.6228750944137573, 7.555820047855377e-06, -7.700175046920776e-06, 1.1016775369644165, 1.4901161193847656e-08, -6.705522537231445e-08, 0.7726438045501709, -0.14074444770812988, -0.019361689686775208, 0.25302720069885254, 9.909272193908691e-07, -3.2782554626464844e-07, 0.5432054400444031, -4.1387975215911865e-06, 3.829598426818848e-06, 1.1030571460723877, 1.1558644473552704e-05, -7.577240467071533e-06, 0.8240508437156677, -0.009052831679582596, 0.023875802755355835, 0.31584182381629944, 1.3504177331924438e-07, 1.9371509552001953e-07, 0.3153611719608307, -0.0012293606996536255, -0.2804091274738312, 1.0047492980957031, 0.0012296363711357117, 0.28040507435798645, 0.17804333567619324, -0.10175254195928574, 3.498291492462158, 1.0601789951324463, -0.08712348341941833, -0.35718652606010437, 0.555534303188324, 5.677342414855957e-06, -3.1478703022003174e-06, 1.7364654541015625, -3.822147846221924e-06, -3.0100345611572266e-06, 1.62127685546875, -2.78279185295105e-06, -1.1801719665527344e-05, 0.6033935546875, 0.04908859729766846, -0.49832987785339355, -0.4918173849582672, -3.7942081689834595e-06, 5.327165126800537e-07, 1.7200775146484375, -3.6954879760742188e-06, -2.8312206268310547e-06, 1.633895754814148, -1.4901161193847656e-08, 7.793307304382324e-06, 0.606109619140625, 0.038037173449993134, 0.4860990047454834, -0.0637359470129013, 4.652887582778931e-06, -1.2256205081939697e-06, 0.491729736328125, 2.0139850676059723e-08, -9.08970832824707e-07, 0.4917336702346802, 0.14979760348796844, -0.0045155808329582214, 0.26721394062042236, 5.21540641784668e-07, -2.0191073417663574e-06, 0.6228751540184021, 7.779337465763092e-06, -7.685273885726929e-06, 1.101676344871521, 1.1175870895385742e-07, -1.1920928955078125e-07, 0.7726442217826843, -0.1407441943883896, -0.01936199516057968, 0.2530273199081421, 4.6193599700927734e-07, -4.023313522338867e-07, 0.5432051420211792, -4.172325134277344e-06, 3.7848949432373047e-06, 1.1030571460723877, 1.1421740055084229e-05, -7.621943950653076e-06, 0.8240514397621155, -0.009052670560777187, 0.02387537807226181, 0.315841943025589, 6.76955096423626e-08, -2.60770320892334e-07, 0.3153611123561859, -0.0012295395135879517, -0.2804087698459625, 1.0047489404678345, 0.0012294426560401917, 0.2804046869277954, 0.1780434399843216, -0.11493457853794098, 3.4030075073242188, 1.0542826652526855, -0.08712370693683624, -0.35718610882759094, 0.5555343627929688, 5.690380930900574e-06, -2.8833746910095215e-06, 1.7364654541015625, -3.8817524909973145e-06, -3.069639205932617e-06, 1.621276617050171, -2.864748239517212e-06, -1.1622905731201172e-05, 0.6033934950828552, 0.04908838868141174, -0.49832919239997864, -0.49181750416755676, -3.7532299757003784e-06, 4.3958425521850586e-07, 1.720077395439148, -3.6954879760742188e-06, -2.8014183044433594e-06, 1.6338958740234375, -4.470348358154297e-08, 7.748603820800781e-06, 0.6061097383499146, 0.038037046790122986, 0.48609963059425354, -0.0637359768152237, 4.492700099945068e-06, -4.2654573917388916e-07, 0.4917293190956116, 5.681067705154419e-08, -2.980232238769531e-07, 0.49173370003700256, 0.14979752898216248, -0.004515692591667175, 0.2672136723995209, 3.0081719160079956e-07, -1.5702098608016968e-06, 0.6228751540184021, 7.7076256275177e-06, -7.584691047668457e-06, 1.1016770601272583, -7.450580596923828e-08, -5.21540641784668e-08, 0.7726438045501709, -0.14074425399303436, -0.019362129271030426, 0.2530270218849182, 4.544854164123535e-07, -2.3096799850463867e-07, 0.5432054996490479, -3.848224878311157e-06, 3.7848949432373047e-06, 1.103057622909546, 1.1494383215904236e-05, -7.659196853637695e-06, 0.8240508437156677, -0.009052732028067112, 0.023875147104263306, 0.3158417046070099, 1.4994293451309204e-07, -3.725290298461914e-08, 0.31536105275154114, -0.0012295246124267578, -0.28040871024131775, 1.0047492980957031, 0.001229405403137207, 0.28040504455566406, 0.17804360389709473, -0.12746188044548035, 3.3124561309814453, 1.0486793518066406, -0.08712360262870789, -0.35718655586242676, 0.555534303188324, 5.599111318588257e-06, -2.8759241104125977e-06, 1.7364656925201416, -3.684312105178833e-06, -2.8312206268310547e-06, 1.62127685546875, -2.868473529815674e-06, -1.1742115020751953e-05, 0.6033935546875, 0.049088627099990845, -0.49833011627197266, -0.49181753396987915, -3.8044527173042297e-06, 6.05359673500061e-07, 1.7200772762298584, -3.725290298461914e-06, -2.86102294921875e-06, 1.6338958740234375, 1.4901161193847656e-07, 7.256865501403809e-06, 0.606109619140625, 0.03803699463605881, 0.4860989451408386, -0.06373600661754608, 4.522502422332764e-06, -7.35744833946228e-07, 0.4917295575141907, 2.086162567138672e-07, -8.642673492431641e-07, 0.4917336702346802, 0.14979732036590576, -0.00451534241437912, 0.267213374376297, 3.1013041734695435e-07, -1.6093254089355469e-06, 0.6228752732276917, 7.178634405136108e-06, -7.611699402332306e-06, 1.1016775369644165, -1.7881393432617188e-07, -7.450580596923828e-08, 0.77264404296875, -0.14074449241161346, -0.019361667335033417, 0.2530267536640167, 1.4901161193847656e-07, -4.470348358154297e-07, 0.5432053804397583, -4.034489393234253e-06, 3.933906555175781e-06, 1.1030577421188354, 1.1354684829711914e-05, -7.539987564086914e-06, 0.8240507245063782, -0.009052598848938942, 0.023875202983617783, 0.3158417344093323, 2.3283064365386963e-07, 5.21540641784668e-08, 0.315361350774765, -0.0012294799089431763, -0.28040891885757446, 1.004749059677124, 0.0012294426560401917, 0.280404657125473, 0.17804349958896637, -0.13968469202518463, 3.2241058349609375, 1.0432121753692627, -0.0871235579252243, -0.35718628764152527, 0.555534303188324, 5.662441253662109e-06, -2.6337802410125732e-06, 1.7364654541015625, -3.7811696529388428e-06, -2.562999725341797e-06, 1.62127685546875, -2.905726432800293e-06, -1.1265277862548828e-05, 0.6033936142921448, 0.04908852279186249, -0.49832966923713684, -0.4918174147605896, -3.7034042179584503e-06, 4.926696419715881e-07, 1.720077633857727, -3.814697265625e-06, -3.039836883544922e-06, 1.633895754814148, 4.470348358154297e-08, 7.495284080505371e-06, 0.606109619140625, 0.03803713619709015, 0.48609912395477295, -0.0637359768152237, 4.664063453674316e-06, -1.0207295417785645e-06, 0.4917294979095459, 8.940696716308594e-08, -5.513429641723633e-07, 0.491733580827713, 0.14979764819145203, -0.004515662789344788, 0.2672138214111328, 2.867018338292837e-07, -2.2230669856071472e-06, 0.6228752732276917, 7.98981636762619e-06, -7.597263902425766e-06, 1.1016768217086792, 5.960464477539063e-08, -3.0547380447387695e-07, 0.772644579410553, -0.1407441943883896, -0.01936229318380356, 0.25302696228027344, 4.6938657760620117e-07, -5.662441253662109e-07, 0.5432056784629822, -3.907829523086548e-06, 3.7848949432373047e-06, 1.103057622909546, 1.1378899216651917e-05, -7.510185241699219e-06, 0.8240511417388916, -0.009052712470293045, 0.023875337094068527, 0.31584155559539795, 2.3096799850463867e-07, 1.1175870895385742e-07, 0.3153610825538635, -0.0012294650077819824, -0.28040868043899536, 1.0047495365142822, 0.0012295246124267578, 0.28040507435798645, 0.17804373800754547, -0.15168699622154236, 3.1373493671417236, 1.0378435850143433, -0.08712361752986908, -0.3571860194206238, 0.555534303188324, 5.759298801422119e-06, -2.6188790798187256e-06, 1.736465334892273, -3.814697265625e-06, -2.950429916381836e-06, 1.6212767362594604, -2.812594175338745e-06, -1.1622905731201172e-05, 0.6033937931060791, 0.04908861219882965, -0.4983295202255249, -0.4918174147605896, -3.6992132663726807e-06, 4.172325134277344e-07, 1.7200778722763062, -3.6954879760742188e-06, -2.726912498474121e-06, 1.633895993232727, -4.470348358154297e-08, 7.525086402893066e-06, 0.6061097383499146, 0.03803715109825134, 0.486099511384964, -0.06373593211174011, 4.7460198402404785e-06, -6.05359673500061e-07, 0.4917296767234802, -2.7194619178771973e-07, -2.5331974029541016e-07, 0.4917333126068115, 0.149797722697258, -0.004515893757343292, 0.2672136723995209, 4.2669125832617283e-07, -2.294778823852539e-06, 0.6228753328323364, 8.167698979377747e-06, -7.62520357966423e-06, 1.1016765832901, -1.4901161193847656e-07, 2.384185791015625e-07, 0.7726442813873291, -0.1407443732023239, -0.019361890852451324, 0.2530266344547272, 3.0547380447387695e-07, -5.364418029785156e-07, 0.5432049036026001, -3.7103891372680664e-06, 3.844499588012695e-06, 1.1030575037002563, 1.1272728443145752e-05, -7.659196853637695e-06, 0.8240508437156677, -0.009052557870745659, 0.02387494221329689, 0.3158414959907532, 1.695007085800171e-07, -2.7567148208618164e-07, 0.3153612017631531, -0.001229315996170044, -0.28040939569473267, 1.0047498941421509, 0.001229599118232727, 0.2804045081138611, 0.17804384231567383, -0.16333647072315216, 3.0531435012817383, 1.032632827758789, -0.08712358772754669, -0.35718584060668945, 0.5555343627929688, 5.7220458984375e-06, -2.868473529815674e-06, 1.7364654541015625, -3.7848949432373047e-06, -2.8312206268310547e-06, 1.621277093887329, -2.868473529815674e-06, -1.1682510375976562e-05, 0.6033936142921448, 0.04908865690231323, -0.4983295500278473, -0.4918174743652344, -3.7364661693573e-06, 5.438923835754395e-07, 1.720077633857727, -3.814697265625e-06, -2.7418136596679688e-06, 1.633895993232727, 0.0, 7.659196853637695e-06, 0.6061097383499146, 0.03803700953722, 0.4860995411872864, -0.06373600661754608, 4.783272743225098e-06, -8.726492524147034e-07, 0.4917302131652832, -3.0174851417541504e-07, -1.4901161193847656e-07, 0.4917328953742981, 0.149797722697258, -0.004515521228313446, 0.2672140598297119, 4.805406206287444e-07, -2.023763954639435e-06, 0.6228752732276917, 7.146038115024567e-06, -7.631257176399231e-06, 1.1016772985458374, 2.9802322387695312e-08, -3.5762786865234375e-07, 0.77264404296875, -0.1407443881034851, -0.019361339509487152, 0.25302672386169434, 5.21540641784668e-07, -4.76837158203125e-07, 0.5432049632072449, -3.7476420402526855e-06, 3.889203071594238e-06, 1.103058099746704, 1.1391937732696533e-05, -7.525086402893066e-06, 0.8240510821342468, -0.009052597917616367, 0.023875687271356583, 0.31584158539772034, 1.0244548320770264e-07, 1.7136335372924805e-07, 0.3153611123561859, -0.0012294948101043701, -0.2804083228111267, 1.0047491788864136, 0.0012294575572013855, 0.28040531277656555, 0.17804329097270966, -0.17463475465774536, 2.971475839614868, 1.0275791883468628, -0.08712354302406311, -0.35718637704849243, 0.5555343627929688, 5.774199962615967e-06, -2.8908252716064453e-06, 1.7364654541015625, -3.7997961044311523e-06, -2.8312206268310547e-06, 1.6212767362594604, -2.8708018362522125e-06, -1.138448715209961e-05, 0.6033935546875, 0.0490887314081192, -0.4983297884464264, -0.491817444562912, -3.7364661693573e-06, 5.140900611877441e-07, 1.720077633857727, -3.7550926208496094e-06, -2.950429916381836e-06, 1.633895993232727, -1.6391277313232422e-07, 7.644295692443848e-06, 0.6061095595359802, 0.038037173449993134, 0.48609891533851624, -0.0637359470129013, 4.678964614868164e-06, -9.229406714439392e-07, 0.49172985553741455, -1.9371509552001953e-07, 5.960464477539063e-08, 0.4917333424091339, 0.14979760348796844, -0.0045151375234127045, 0.26721349358558655, 4.237517714500427e-07, -1.7192214727401733e-06, 0.6228750348091125, 7.861293852329254e-06, -7.621943950653076e-06, 1.1016768217086792, -1.4901161193847656e-07, -3.2782554626464844e-07, 0.7726436853408813, -0.14074407517910004, -0.019362151622772217, 0.25302690267562866, 5.662441253662109e-07, -5.811452865600586e-07, 0.543205201625824, -3.822147846221924e-06, 3.904104232788086e-06, 1.1030584573745728, 1.130625605583191e-05, -7.539987564086914e-06, 0.824051022529602, -0.009052591398358345, 0.023875480517745018, 0.31584152579307556, -3.725290298461914e-08, 2.0116567611694336e-07, 0.31536078453063965, -0.001229509711265564, -0.2804085910320282, 1.004749059677124, 0.0012294650077819824, 0.2804054021835327, 0.17804311215877533, -0.18561328947544098, 2.8921196460723877, 1.022668480873108, -0.08712351322174072, -0.3571862578392029, 0.5555344223976135, 5.729496479034424e-06, -3.11434268951416e-06, 1.7364654541015625, -3.725290298461914e-06, -2.8014183044433594e-06, 1.6212764978408813, -2.7811620384454727e-06, -1.1682510375976562e-05, 0.6033936738967896, 0.04908858239650726, -0.49832963943481445, -0.4918174743652344, -3.844499588012695e-06, 6.332993507385254e-07, 1.7200772762298584, -3.904104232788086e-06, -2.9206275939941406e-06, 1.6338958740234375, 7.450580596923828e-08, 7.748603820800781e-06, 0.6061095595359802, 0.03803715854883194, 0.4860992133617401, -0.06373591721057892, 4.51505184173584e-06, -9.657815098762512e-07, 0.4917297959327698, 8.195638656616211e-08, -5.662441253662109e-07, 0.49173346161842346, 0.14979737997055054, -0.004514977335929871, 0.26721370220184326, 2.9383227229118347e-07, -1.9241124391555786e-06, 0.6228753328323364, 7.6089054346084595e-06, -7.633119821548462e-06, 1.1016768217086792, -1.1920928955078125e-07, -5.960464477539063e-08, 0.7726439833641052, -0.14074459671974182, -0.01936125010251999, 0.25302669405937195, 7.450580596923828e-07, -6.556510925292969e-07, 0.543205201625824, -3.7029385566711426e-06, 3.7848949432373047e-06, 1.1030579805374146, 1.1362135410308838e-05, -7.763504981994629e-06, 0.8240507245063782, -0.009052716195583344, 0.023875612765550613, 0.3158416450023651, -1.862645149230957e-08, -2.9802322387695312e-08, 0.3153613209724426, -0.001229614019393921, -0.2804083526134491, 1.0047489404678345, 0.0012294724583625793, 0.2804054021835327, 0.17804314196109772, -0.19538047909736633, 2.821519136428833, 1.0182996988296509, -0.08712340891361237, -0.3571864068508148, 0.5555343627929688, 5.766749382019043e-06, -3.0994415283203125e-06, 1.7364656925201416, -3.7550926208496094e-06, -2.8908252716064453e-06, 1.62127685546875, -2.902233973145485e-06, -1.1265277862548828e-05, 0.6033935546875, 0.049088746309280396, -0.49832984805107117, -0.491817444562912, -3.725290298461914e-06, 5.21540641784668e-07, 1.7200777530670166, -3.7848949432373047e-06, -2.7865171432495117e-06, 1.6338958740234375, -1.4901161193847656e-08, 7.584691047668457e-06, 0.6061096787452698, 0.03803716599941254, 0.48609933257102966, -0.0637359768152237, 4.813075065612793e-06, -9.797513484954834e-07, 0.49172988533973694, 3.3527612686157227e-08, -1.6391277313232422e-07, 0.4917335510253906, 0.14979736506938934, -0.004515266045928001, 0.2672136127948761, 7.404014468193054e-07, -2.0116567611694336e-06, 0.6228753924369812, 8.277595043182373e-06, -7.5623393058776855e-06, 1.1016768217086792, -2.9802322387695312e-08, -2.682209014892578e-07, 0.7726436853408813, -0.1407444179058075, -0.01936173066496849, 0.25302690267562866, 2.384185791015625e-07, -6.854534149169922e-07, 0.5432048439979553, -3.9637088775634766e-06, 3.829598426818848e-06, 1.1030579805374146, 1.1421740055084229e-05, -7.4356794357299805e-06, 0.824051022529602, -0.00905268732458353, 0.02387547865509987, 0.3158416450023651, 2.682209014892578e-07, -1.9371509552001953e-07, 0.31536105275154114, -0.0012294724583625793, -0.2804095149040222, 1.0047491788864136, 0.001229606568813324, 0.28040462732315063, 0.17804324626922607, -0.2039901614189148, 2.7592856884002686, 1.014448642730713, -0.0871235579252243, -0.35718637704849243, 0.5555343627929688, 5.7891011238098145e-06, -3.1068921089172363e-06, 1.736465573310852, -3.889203071594238e-06, -2.7120113372802734e-06, 1.6212769746780396, -2.773245796561241e-06, -1.1324882507324219e-05, 0.6033934950828552, 0.049088433384895325, -0.49832940101623535, -0.491817444562912, -3.887340426445007e-06, 5.494803190231323e-07, 1.7200772762298584, -3.725290298461914e-06, -2.905726432800293e-06, 1.6338958740234375, 1.4901161193847656e-08, 7.37607479095459e-06, 0.6061095595359802, 0.038037098944187164, 0.4860990047454834, -0.0637359768152237, 4.664063453674316e-06, -1.1492520570755005e-06, 0.4917300343513489, 1.043081283569336e-07, -5.662441253662109e-07, 0.4917335510253906, 0.14979757368564606, -0.004515158943831921, 0.2672136425971985, 3.3527612686157227e-08, -1.817941665649414e-06, 0.6228752732276917, 7.623806595802307e-06, -7.502734661102295e-06, 1.1016769409179688, -1.7881393432617188e-07, -1.4901161193847656e-07, 0.7726438641548157, -0.14074435830116272, -0.01936168223619461, 0.2530267536640167, 5.364418029785156e-07, -8.195638656616211e-07, 0.5432053804397583, -3.904104232788086e-06, 3.7848949432373047e-06, 1.103057861328125, 1.1473894119262695e-05, -7.778406143188477e-06, 0.824050784111023, -0.00905272550880909, 0.023875553160905838, 0.31584152579307556, 2.9802322387695312e-08, 4.172325134277344e-07, 0.3153608441352844, -0.0012295544147491455, -0.2804088592529297, 1.0047491788864136, 0.001229412853717804, 0.2804046869277954, 0.1780434548854828, -0.2095189243555069, 2.7193219661712646, 1.011975646018982, -0.08712361007928848, -0.3571862280368805, 0.5555343627929688, 5.7220458984375e-06, -3.2261013984680176e-06, 1.7364654541015625, -3.7848949432373047e-06, -2.7418136596679688e-06, 1.6212769746780396, -2.971850335597992e-06, -1.1682510375976562e-05, 0.6033936738967896, 0.04908859729766846, -0.49832966923713684, -0.49181753396987915, -3.869645297527313e-06, 7.455237209796906e-07, 1.720077633857727, -3.7550926208496094e-06, -2.9355287551879883e-06, 1.6338956356048584, 2.9802322387695312e-08, 7.748603820800781e-06, 0.606109619140625, 0.03803716599941254, 0.48609936237335205, -0.0637359768152237, 4.492700099945068e-06, -6.07222318649292e-07, 0.4917296767234802, 1.9744038581848145e-07, -5.736947059631348e-07, 0.4917335510253906, 0.14979763329029083, -0.004515593871474266, 0.26721394062042236, 6.51925802230835e-08, -1.8849968910217285e-06, 0.6228750944137573, 7.49342143535614e-06, -7.748603820800781e-06, 1.1016770601272583, 5.960464477539063e-08, 1.4901161193847656e-08, 0.7726443409919739, -0.14074420928955078, -0.019362077116966248, 0.2530271112918854, 4.470348358154297e-07, -5.811452865600586e-07, 0.5432055592536926, -4.246830940246582e-06, 3.874301910400391e-06, 1.103057861328125, 1.1563301086425781e-05, -7.450580596923828e-06, 0.824051022529602, -0.009052617475390434, 0.023875266313552856, 0.31584176421165466, -1.4901161193847656e-08, -5.960464477539063e-08, 0.3153610825538635, -0.0012296289205551147, -0.28040826320648193, 1.0047494173049927, 0.0012293606996536255, 0.28040534257888794, 0.17804333567619324, -0.20896831154823303, 2.723302125930786, 1.0122219324111938, -0.08712363988161087, -0.35718634724617004, 0.5555343627929688, 5.692243576049805e-06, -2.9802322387695312e-06, 1.736465573310852, -3.889203071594238e-06, -2.950429916381836e-06, 1.6212769746780396, -2.9616057872772217e-06, -1.1444091796875e-05, 0.6033935546875, 0.04908856749534607, -0.4983297288417816, -0.4918174743652344, -3.6992132663726807e-06, 3.2782554626464844e-07, 1.7200772762298584, -3.7550926208496094e-06, -2.905726432800293e-06, 1.633895754814148, -2.9802322387695312e-08, 7.659196853637695e-06, 0.606109619140625, 0.03803716599941254, 0.48609909415245056, -0.0637359619140625, 4.678964614868164e-06, -1.1622905731201172e-06, 0.49172964692115784, 8.754432201385498e-08, -7.525086402893066e-07, 0.491733580827713, 0.14979754388332367, -0.00451529398560524, 0.26721376180648804, -6.705522537231445e-08, -1.8328428268432617e-06, 0.6228753328323364, 7.782131433486938e-06, -7.577240467071533e-06, 1.1016769409179688, 2.9802322387695312e-08, -9.313225746154785e-08, 0.7726439833641052, -0.1407443732023239, -0.019361820071935654, 0.25302696228027344, 5.21540641784668e-07, -4.917383193969727e-07, 0.5432053804397583, -3.859400749206543e-06, 3.874301910400391e-06, 1.103057622909546, 1.1593103408813477e-05, -7.621943950653076e-06, 0.8240511417388916, -0.00905266497284174, 0.023875396698713303, 0.3158416748046875, 3.650784492492676e-07, 4.470348358154297e-08, 0.31536099314689636, -0.001229599118232727, -0.2804086208343506, 1.0047492980957031, 0.0012292861938476562, 0.28040504455566406, 0.17804352939128876, -0.19935692846775055, 2.792776346206665, 1.0165209770202637, -0.08712348341941833, -0.35718655586242676, 0.5555343627929688, 5.766749382019043e-06, -3.0025839805603027e-06, 1.7364654541015625, -3.769993782043457e-06, -2.8014183044433594e-06, 1.6212769746780396, -2.816319465637207e-06, -1.1444091796875e-05, 0.6033934354782104, 0.04908852279186249, -0.49833008646965027, -0.491817444562912, -3.647059202194214e-06, 3.2782554626464844e-07, 1.7200770378112793, -3.6656856536865234e-06, -2.771615982055664e-06, 1.633895993232727, 4.470348358154297e-08, 7.897615432739258e-06, 0.6061097383499146, 0.03803716599941254, 0.4860990345478058, -0.0637359470129013, 4.552304744720459e-06, -9.387731552124023e-07, 0.49172937870025635, 3.725290298461914e-09, -5.364418029785156e-07, 0.49173370003700256, 0.149797722697258, -0.004515543580055237, 0.26721373200416565, -2.849847078323364e-07, -1.8328428268432617e-06, 0.6228750944137573, 7.858499884605408e-06, -7.539987564086914e-06, 1.1016770601272583, -7.450580596923828e-09, 5.960464477539063e-08, 0.7726442813873291, -0.14074422419071198, -0.019361915066838264, 0.25302693247795105, 5.774199962615967e-07, -5.960464477539062e-07, 0.5432053804397583, -3.6209821701049805e-06, 3.814697265625e-06, 1.1030573844909668, 1.1511147022247314e-05, -7.405877113342285e-06, 0.8240509629249573, -0.009052641689777374, 0.02387557178735733, 0.3158416152000427, 3.725290298461914e-08, 2.2351741790771484e-07, 0.3153608739376068, -0.001229315996170044, -0.28040850162506104, 1.0047492980957031, 0.0012296438217163086, 0.2804052233695984, 0.17804351449012756, -0.18134598433971405, 2.9229650497436523, 1.024577260017395, -0.0871235728263855, -0.3571862578392029, 0.5555343627929688, 5.751848220825195e-06, -2.652406692504883e-06, 1.736465334892273, -3.866851329803467e-06, -2.9206275939941406e-06, 1.62127685546875, -2.9169023036956787e-06, -1.150369644165039e-05, 0.6033936142921448, 0.04908852279186249, -0.49832963943481445, -0.4918174743652344, -3.840774297714233e-06, 4.76837158203125e-07, 1.7200778722763062, -3.6954879760742188e-06, -3.039836883544922e-06, 1.6338961124420166, 8.940696716308594e-08, 7.748603820800781e-06, 0.6061096787452698, 0.03803715854883194, 0.4860989451408386, -0.06373593211174011, 4.708766937255859e-06, -9.164214134216309e-07, 0.49172961711883545, -1.993030309677124e-07, -4.6193599700927734e-07, 0.491733580827713, 0.1497972458600998, -0.004515200853347778, 0.26721370220184326, 1.0151416063308716e-07, -1.9315630197525024e-06, 0.6228750944137573, 7.413327693939209e-06, -7.770955562591553e-06, 1.1016768217086792, -1.7881393432617188e-07, -6.705522537231445e-08, 0.7726439237594604, -0.1407444179058075, -0.01936165802180767, 0.2530268430709839, 5.587935447692871e-08, -5.960464477539062e-07, 0.5432053208351135, -3.904104232788086e-06, 3.7997961044311523e-06, 1.103057622909546, 1.1444091796875e-05, -7.6070427894592285e-06, 0.8240507245063782, -0.009052812121808529, 0.023875385522842407, 0.3158416748046875, -7.450580596923828e-08, 2.086162567138672e-07, 0.3153608441352844, -0.0012295544147491455, -0.28040871024131775, 1.0047494173049927, 0.0012294575572013855, 0.2804049849510193, 0.17804351449012756, -0.15742649137973785, 3.095862627029419, 1.0352762937545776, -0.08712358772754669, -0.35718604922294617, 0.5555343627929688, 5.702488124370575e-06, -2.9318034648895264e-06, 1.7364656925201416, -3.7178397178649902e-06, -2.8014183044433594e-06, 1.621277093887329, -2.7455389499664307e-06, -1.138448715209961e-05, 0.6033936738967896, 0.049088507890701294, -0.4983294904232025, -0.491817444562912, -3.941357135772705e-06, 3.650784492492676e-07, 1.720077395439148, -3.725290298461914e-06, -2.86102294921875e-06, 1.633895993232727, -1.4901161193847656e-08, 7.420778274536133e-06, 0.6061096787452698, 0.03803706914186478, 0.4860994815826416, -0.06373599171638489, 4.69014048576355e-06, -6.332993507385254e-07, 0.4917297959327698, 7.171183824539185e-08, -5.178153514862061e-07, 0.4917336106300354, 0.14979767799377441, -0.004515204578638077, 0.26721376180648804, 8.195638656616211e-08, -1.9795261323451996e-06, 0.6228751540184021, 7.829628884792328e-06, -7.467344403266907e-06, 1.1016768217086792, 7.450580596923828e-08, -1.4901161193847656e-08, 0.7726442813873291, -0.1407443881034851, -0.019361384212970734, 0.2530268728733063, 5.681067705154419e-07, -4.0978193283081055e-07, 0.5432047843933105, -4.023313522338867e-06, 3.6656856536865234e-06, 1.1030582189559937, 1.153070479631424e-05, -7.739290595054626e-06, 0.8240508437156677, -0.009052485227584839, 0.023875214159488678, 0.31584179401397705, 2.905726432800293e-07, -4.917383193969727e-07, 0.3153614103794098, -0.0012295395135879517, -0.28040891885757446, 1.0047495365142822, 0.001229614019393921, 0.28040558099746704, 0.17804338037967682, -0.13094013929367065, 3.2873141765594482, 1.0471235513687134, -0.08712338656187057, -0.35718652606010437, 0.5555344223976135, 5.729496479034424e-06, -2.7926871553063393e-06, 1.736465334892273, -3.904104232788086e-06, -2.950429916381836e-06, 1.6212769746780396, -2.7641654014587402e-06, -1.1622905731201172e-05, 0.6033934354782104, 0.049088701605796814, -0.49832990765571594, -0.49181750416755676, -3.844499588012695e-06, 3.948807716369629e-07, 1.7200775146484375, -3.874301910400391e-06, -2.5480985641479492e-06, 1.633895993232727, -5.960464477539063e-08, 7.361173629760742e-06, 0.606109619140625, 0.03803728520870209, 0.4860990643501282, -0.0637359619140625, 4.641711711883545e-06, -7.450580596923828e-07, 0.4917296767234802, -5.727633833885193e-08, -5.029141902923584e-07, 0.49173349142074585, 0.1497972160577774, -0.004515644162893295, 0.26721376180648804, 1.6391277313232422e-07, -1.7900019884109497e-06, 0.6228753328323364, 7.505062967538834e-06, -7.576309144496918e-06, 1.1016769409179688, 5.587935447692871e-09, -4.842877388000488e-08, 0.7726438045501709, -0.14074474573135376, -0.01936173066496849, 0.2530268430709839, 7.813796401023865e-07, -4.954636096954346e-07, 0.5432050228118896, -3.7997961044311523e-06, 3.7993304431438446e-06, 1.1030577421188354, 1.154094934463501e-05, -7.759779691696167e-06, 0.824050784111023, -0.009052974171936512, 0.023875601589679718, 0.31584152579307556, 3.3155083656311035e-07, -8.940696716308594e-08, 0.3153611123561859, -0.0012294203042984009, -0.2804087996482849, 1.0047495365142822, 0.0012296587228775024, 0.28040534257888794, 0.17804351449012756, -0.10479793697595596, 3.476278305053711, 1.0588167905807495, -0.08712323755025864, -0.3571864366531372, 0.5555343627929688, 5.647540092468262e-06, -2.8330832719802856e-06, 1.736465573310852, -3.7588179111480713e-06, -2.950429916381836e-06, 1.6212769746780396, -2.853572368621826e-06, -1.1086463928222656e-05, 0.6033936738967896, 0.04908885061740875, -0.49832969903945923, -0.49181753396987915, -3.732740879058838e-06, 4.3958425521850586e-07, 1.720077633857727, -3.844499588012695e-06, -2.6226043701171875e-06, 1.6338956356048584, 0.0, 7.867813110351562e-06, 0.6061097383499146, 0.038037367165088654, 0.48609912395477295, -0.06373600661754608, 4.526227712631226e-06, -1.6391277313232422e-07, 0.4917294979095459, 2.2095628082752228e-07, -6.705522537231445e-08, 0.4917335510253906, 0.1497974544763565, -0.004515983164310455, 0.2672138214111328, -1.1920928955078125e-07, -1.8775463104248047e-06, 0.6228753328323364, 8.333474397659302e-06, -7.387250661849976e-06, 1.1016768217086792, -1.9231811165809631e-07, -3.725290298461914e-09, 0.7726449370384216, -0.14074471592903137, -0.019361916929483414, 0.2530267834663391, 4.423782229423523e-07, -5.30388206243515e-07, 0.5432053208351135, -3.56137752532959e-06, 3.762543201446533e-06, 1.103058099746704, 1.1507421731948853e-05, -7.636845111846924e-06, 0.8240506052970886, -0.009052816778421402, 0.023875005543231964, 0.3158417344093323, -2.1979212760925293e-07, 8.940696716308594e-08, 0.315360963344574, -0.0012293756008148193, -0.28040820360183716, 1.0047494173049927, 0.0012296885251998901, 0.28040552139282227, 0.17804351449012756, -0.08108693361282349, 3.6476690769195557, 1.0694226026535034, -0.08712346106767654, -0.35718587040901184, 0.5555343627929688, 5.729496479034424e-06, -2.6263296604156494e-06, 1.7364654541015625, -3.864988684654236e-06, -2.8312206268310547e-06, 1.62127685546875, -2.853572368621826e-06, -1.1563301086425781e-05, 0.6033935546875, 0.049088627099990845, -0.4983293414115906, -0.4918174743652344, -3.7550926208496094e-06, 5.587935447692871e-07, 1.720077633857727, -3.993511199951172e-06, -2.682209014892578e-06, 1.6338958740234375, 2.9802322387695312e-08, 7.62939453125e-06, 0.6061097979545593, 0.03803738206624985, 0.4860992133617401, -0.0637359619140625, 4.532746970653534e-06, -7.450580596923828e-07, 0.49172985553741455, 1.1082738637924194e-07, -7.115304470062256e-07, 0.4917336702346802, 0.14979730546474457, -0.004515480250120163, 0.2672138810157776, -1.4901161193847656e-08, -1.7508864402770996e-06, 0.6228751540184021, 7.569789886474609e-06, -7.405877113342285e-06, 1.1016768217086792, -9.499490261077881e-08, -4.470348358154297e-08, 0.7726438641548157, -0.1407446712255478, -0.019361671060323715, 0.2530269920825958, 4.6193599700927734e-07, -4.4330954551696777e-07, 0.5432056188583374, -4.038214683532715e-06, 3.904104232788086e-06, 1.103057861328125, 1.1473894119262695e-05, -7.525086402893066e-06, 0.8240510821342468, -0.009053048677742481, 0.023875422775745392, 0.3158417344093323, 2.4330802261829376e-07, 8.940696716308594e-08, 0.315360963344574, -0.0012294799089431763, -0.28040844202041626, 1.0047492980957031, 0.0012294948101043701, 0.2804054021835327, 0.178043395280838, -0.05333246663212776, 3.8482868671417236, 1.0818370580673218, -0.08712346106767654, -0.3571866750717163, 0.555534303188324, 5.7443976402282715e-06, -2.8908252716064453e-06, 1.7364654541015625, -3.7280842661857605e-06, -2.86102294921875e-06, 1.621277093887329, -2.7567148208618164e-06, -1.138448715209961e-05, 0.6033937931060791, 0.049088601022958755, -0.49832966923713684, -0.4918174743652344, -3.814697265625e-06, 4.991888999938965e-07, 1.7200777530670166, -3.933906555175781e-06, -2.682209014892578e-06, 1.6338961124420166, -2.9802322387695312e-08, 7.867813110351562e-06, 0.6061094403266907, 0.038037143647670746, 0.48609888553619385, -0.06373599171638489, 4.526227712631226e-06, -1.1771917343139648e-06, 0.4917294979095459, -1.6763806343078613e-07, -8.009374141693115e-07, 0.4917334318161011, 0.1497979462146759, -0.004515994340181351, 0.26721394062042236, 1.8067657947540283e-07, -1.776963472366333e-06, 0.6228747963905334, 7.539987564086914e-06, -7.838010787963867e-06, 1.1016770601272583, 4.470348358154297e-08, -1.4901161193847656e-08, 0.7726436853408813, -0.14074403047561646, -0.01936192438006401, 0.2530270218849182, 2.7194619178771973e-07, -5.662441253662109e-07, 0.5432049036026001, -3.941357135772705e-06, 3.6656856536865234e-06, 1.103058099746704, 1.1302530765533447e-05, -7.62939453125e-06, 0.8240506649017334, -0.009052414447069168, 0.023875296115875244, 0.3158417344093323, 1.825392246246338e-07, -2.980232238769531e-07, 0.31536126136779785, -0.0012296438217163086, -0.2804092466831207, 1.0047494173049927, 0.0012293774634599686, 0.2804049253463745, 0.178043395280838, -0.02748599462211132, 4.035113334655762, 1.0933979749679565, -0.08712401986122131, -0.3571861982345581, 0.5555343627929688, 5.766749382019043e-06, -2.86102294921875e-06, 1.7364654541015625, -3.865920007228851e-06, -2.8461217880249023e-06, 1.6212764978408813, -2.7567148208618164e-06, -1.1414289474487305e-05, 0.6033936142921448, 0.04908827319741249, -0.4983295202255249, -0.491817444562912, -3.919005393981934e-06, 4.6193599700927734e-07, 1.720077395439148, -3.6656856536865234e-06, -2.8312206268310547e-06, 1.6338958740234375, -5.960464477539063e-08, 7.3909759521484375e-06, 0.606109619140625, 0.038036882877349854, 0.4860993027687073, -0.0637359619140625, 4.492700099945068e-06, -8.121132850646973e-07, 0.4917299449443817, -6.332993507385254e-08, -3.0174851417541504e-07, 0.49173372983932495, 0.14979732036590576, -0.004515253007411957, 0.2672138810157776, 5.645852070301771e-07, -1.523410901427269e-06, 0.6228747963905334, 7.3462724685668945e-06, -7.659196853637695e-06, 1.1016768217086792, -3.91155481338501e-08, 1.043081283569336e-07, 0.77264404296875, -0.1407444179058075, -0.0193619504570961, 0.2530271112918854, 9.434297680854797e-07, -6.07222318649292e-07, 0.5432053208351135, -3.937631845474243e-06, 3.844499588012695e-06, 1.103057622909546, 1.1608004570007324e-05, -7.718801498413086e-06, 0.8240510821342468, -0.00905258022248745, 0.02387525886297226, 0.3158418834209442, -7.82310962677002e-08, -2.980232238769531e-07, 0.31536081433296204, -0.001229611225426197, -0.2804080545902252, 1.004748821258545, 0.0012294100597500801, 0.2804057002067566, 0.17804302275180817, -0.009385984390974045, 4.165945529937744, 1.1014940738677979, -0.08712369203567505, -0.35718628764152527, 0.5555343627929688, 5.677342414855957e-06, -2.391636371612549e-06, 1.736465573310852, -3.8016587495803833e-06, -2.941116690635681e-06, 1.6212764978408813, -2.9653310775756836e-06, -1.1622905731201172e-05, 0.6033935546875, 0.049088507890701294, -0.49832960963249207, -0.491817444562912, -3.933906555175781e-06, 4.6193599700927734e-07, 1.7200779914855957, -3.7103891372680664e-06, -2.8014183044433594e-06, 1.6338956356048584, -8.940696716308594e-08, 7.68899917602539e-06, 0.6061100959777832, 0.03803706914186478, 0.4860989451408386, -0.0637359619140625, 4.723668098449707e-06, -8.866190910339355e-07, 0.4917297661304474, 1.1175870895385742e-07, -7.748603820800781e-07, 0.4917336404323578, 0.14979764819145203, -0.004515981301665306, 0.2672138810157776, 8.326023817062378e-07, -2.0048319129273295e-06, 0.6228752732276917, 7.674098014831543e-06, -7.331371307373047e-06, 1.1016770601272583, 4.0978193283081055e-08, 1.4901161193847656e-08, 0.7726441025733948, -0.14074468612670898, -0.019361674785614014, 0.2530265748500824, 6.081536412239075e-07, -5.252659320831299e-07, 0.5432055592536926, -3.8343932828865945e-06, 3.904104232788086e-06, 1.1030579805374146, 1.1552125215530396e-05, -7.614493370056152e-06, 0.8240511417388916, -0.009052557870745659, 0.023875050246715546, 0.3158416450023651, 9.685754776000977e-08, -3.2782554626464844e-07, 0.3153609335422516, -0.0012296438217163086, -0.280409038066864, 1.0047487020492554, 0.0012293662875890732, 0.2804049551486969, 0.178042933344841, -0.008061524480581284, 4.1755194664001465, 1.1020864248275757, -0.08712367713451385, -0.35718613862991333, 0.5555343627929688, 5.677342414855957e-06, -3.0249357223510742e-06, 1.7364654541015625, -3.997236490249634e-06, -2.771615982055664e-06, 1.6212763786315918, -2.86102294921875e-06, -1.1116266250610352e-05, 0.6033936738967896, 0.049088601022958755, -0.4983293414115906, -0.4918174743652344, -3.769993782043457e-06, 4.3958425521850586e-07, 1.7200775146484375, -3.635883331298828e-06, -2.950429916381836e-06, 1.6338958740234375, 5.960464477539063e-08, 7.718801498413086e-06, 0.6061097979545593, 0.038037072867155075, 0.4860991835594177, -0.0637359619140625, 4.783272743225098e-06, -1.218169927597046e-06, 0.49172985553741455, -8.568167686462402e-08, -7.674098014831543e-07, 0.49173393845558167, 0.14979737997055054, -0.004515241831541061, 0.26721373200416565, 7.897615432739258e-07, -1.7415732145309448e-06, 0.6228752732276917, 7.405877113342285e-06, -7.62939453125e-06, 1.1016769409179688, 1.043081283569336e-07, -2.9802322387695312e-08, 0.7726444602012634, -0.14074434340000153, -0.019361894577741623, 0.25302714109420776, 7.934868335723877e-07, -5.327165126800537e-07, 0.5432049036026001, -3.4421682357788086e-06, 3.919005393981934e-06, 1.103058099746704, 1.1344440281391144e-05, -7.666647434234619e-06, 0.8240512013435364, -0.009052812121808529, 0.023875482380390167, 0.31584152579307556, 1.1920928955078125e-07, 1.564621925354004e-07, 0.3153613805770874, -0.0012293476611375809, -0.28040817379951477, 1.004749059677124, 0.0012296661734580994, 0.280405730009079, 0.17804311215877533, -0.016542477533221245, 4.114216327667236, 1.0982929468154907, -0.08712344616651535, -0.3571859896183014, 0.5555344223976135, 5.759298801422119e-06, -3.0063092708587646e-06, 1.7364654541015625, -3.7513673305511475e-06, -2.8908252716064453e-06, 1.621277093887329, -2.9206275939941406e-06, -1.1354684829711914e-05, 0.6033936738967896, 0.049088697880506516, -0.49832916259765625, -0.4918174743652344, -3.635883331298828e-06, 2.384185791015625e-07, 1.7200775146484375, -3.6656856536865234e-06, -2.8014183044433594e-06, 1.633895754814148, 2.384185791015625e-07, 8.106231689453125e-06, 0.6061094999313354, 0.03803721442818642, 0.48609939217567444, -0.0637359544634819, 4.76837158203125e-06, -7.227063179016113e-07, 0.49172985553741455, 1.6391277313232422e-07, -6.780028343200684e-07, 0.4917336702346802, 0.1497974842786789, -0.004515401087701321, 0.26721349358558655, 4.0978193283081055e-07, -2.041459083557129e-06, 0.6228753328323364, 7.748603820800781e-06, -7.450580596923828e-06, 1.1016770601272583, 1.1175870895385742e-07, -2.682209014892578e-07, 0.7726433277130127, -0.14074459671974182, -0.01936173066496849, 0.2530266046524048, 6.258487701416016e-07, -6.034970283508301e-07, 0.5432058572769165, -4.328787326812744e-06, 3.889203071594238e-06, 1.1030575037002563, 1.130811870098114e-05, -7.554423063993454e-06, 0.8240510821342468, -0.009052781388163567, 0.02387542650103569, 0.3158414959907532, 1.564621925354004e-07, 1.4156103134155273e-07, 0.31536126136779785, -0.0012295246124267578, -0.28040817379951477, 1.0047491788864136, 0.001229356974363327, 0.2804052233695984, 0.17804330587387085, -0.026382556185126305, 4.043088912963867, 1.0938916206359863, -0.08712355047464371, -0.357185959815979, 0.5555343627929688, 5.684792995452881e-06, -3.043562173843384e-06, 1.7364654541015625, -3.997236490249634e-06, -2.845190465450287e-06, 1.6212767362594604, -2.8312206268310547e-06, -1.1548399925231934e-05, 0.6033939123153687, 0.049088578671216965, -0.4983293116092682, -0.49181750416755676, -3.859400749206543e-06, 4.023313522338867e-07, 1.720077633857727, -3.7439167499542236e-06, -3.0100345611572266e-06, 1.6338961124420166, 1.1920928955078125e-07, 8.13603401184082e-06, 0.6061097383499146, 0.0380372479557991, 0.48609936237335205, -0.0637359768152237, 4.604458808898926e-06, -8.083879947662354e-07, 0.49172982573509216, 4.917383193969727e-07, -7.078051567077637e-07, 0.4917339086532593, 0.14979767799377441, -0.004515768960118294, 0.2672141194343567, 2.384185791015625e-07, -1.646578311920166e-06, 0.6228753328323364, 7.6070427894592285e-06, -7.718801498413086e-06, 1.1016772985458374, 5.21540641784668e-08, -1.7881393432617188e-07, 0.7726433873176575, -0.1407443881034851, -0.019361797720193863, 0.2530270516872406, 7.14324414730072e-07, -5.010515451431274e-07, 0.5432058572769165, -4.280358552932739e-06, 3.9637088775634766e-06, 1.1030575037002563, 1.1242926120758057e-05, -7.570022717118263e-06, 0.8240513205528259, -0.009052814915776253, 0.023875324055552483, 0.3158417046070099, 2.644956111907959e-07, 7.82310962677002e-08, 0.315360963344574, -0.001229356974363327, -0.2804085612297058, 1.004749059677124, 0.0012295804917812347, 0.28040462732315063, 0.17804326117038727, -0.03521778807044029, 3.9792253971099854, 1.0899395942687988, -0.08712334930896759, -0.35718652606010437, 0.5555343627929688, 5.647540092468262e-06, -2.9578804969787598e-06, 1.7364654541015625, -3.822147846221924e-06, -2.8796494007110596e-06, 1.6212773323059082, -2.7865171432495117e-06, -1.1354684829711914e-05, 0.6033935546875, 0.04908880218863487, -0.49832987785339355, -0.4918174743652344, -3.844499588012695e-06, 4.917383193969727e-07, 1.7200777530670166, -3.9130100049078465e-06, -2.771615982055664e-06, 1.633895993232727, 2.9802322387695312e-08, 7.748603820800781e-06, 0.6061093211174011, 0.03803728520870209, 0.4860989451408386, -0.06373598426580429, 4.753470420837402e-06, -7.599592208862305e-07, 0.49173009395599365, 2.1606683731079102e-07, -8.940696716308594e-07, 0.49173396825790405, 0.14979755878448486, -0.004515174776315689, 0.26721352338790894, 4.470348358154297e-08, -1.6316771507263184e-06, 0.6228750944137573, 8.001923561096191e-06, -7.659196853637695e-06, 1.1016770601272583, -3.725290298461914e-09, 1.6391277313232422e-07, 0.7726441025733948, -0.14074410498142242, -0.019361596554517746, 0.2530267834663391, 7.03614205121994e-07, -4.0978193283081055e-07, 0.543205976486206, -4.425644874572754e-06, 3.7997961044311523e-06, 1.1030575037002563, 1.126900315284729e-05, -7.671304047107697e-06, 0.8240512609481812, -0.009052589535713196, 0.023875707760453224, 0.3158416152000427, 1.1455267667770386e-07, 6.146728992462158e-08, 0.3153609037399292, -0.0012294687330722809, -0.2804085314273834, 1.0047492980957031, 0.0012295444030314684, 0.28040575981140137, 0.1780434548854828, -0.04212569817900658, 3.929292917251587, 1.0868496894836426, -0.08712337166070938, -0.3571862578392029, 0.5555343627929688, 5.617737770080566e-06, -2.8908252716064453e-06, 1.7364656925201416, -3.875698894262314e-06, -2.7185305953025818e-06, 1.6212764978408813, -2.905726432800293e-06, -1.1235475540161133e-05, 0.6033937931060791, 0.049088574945926666, -0.4983295202255249, -0.49181750416755676, -3.7103891372680664e-06, 4.023313522338867e-07, 1.7200772762298584, -3.814697265625e-06, -2.9802322387695312e-06, 1.6338961124420166, 2.384185791015625e-07, 7.867813110351562e-06, 0.6061097383499146, 0.038037143647670746, 0.4860992729663849, -0.0637359768152237, 4.388391971588135e-06, -9.313225746154785e-07, 0.4917295277118683, -4.0978193283081055e-08, -3.781169652938843e-07, 0.4917340576648712, 0.14979752898216248, -0.004515219479799271, 0.2672136425971985, 8.493661880493164e-07, -2.16066837310791e-06, 0.6228752732276917, 7.3945848271250725e-06, -7.569789886474609e-06, 1.1016767024993896, -5.960464477539063e-08, -2.980232238769531e-07, 0.7726439237594604, -0.14074420928955078, -0.019361965358257294, 0.2530272305011749, 7.264316082000732e-07, -5.634501576423645e-07, 0.5432058572769165, -4.034489393234253e-06, 3.948807716369629e-06, 1.103057861328125, 1.1432915925979614e-05, -7.592141628265381e-06, 0.8240506649017334, -0.00905282236635685, 0.023875633254647255, 0.3158414661884308, 1.2479722499847412e-07, 8.568167686462402e-08, 0.315361350774765, -0.0012295246124267578, -0.2804082930088043, 1.0047496557235718, 0.0012295357882976532, 0.28040575981140137, 0.1780431866645813, -0.05032794550061226, 3.870004415512085, 1.0831809043884277, -0.08712351322174072, -0.35718652606010437, 0.5555343627929688, 5.7220458984375e-06, -2.643093466758728e-06, 1.7364654541015625, -3.7942081689834595e-06, -2.7939677238464355e-06, 1.6212769746780396, -2.8833746910095215e-06, -1.1056661605834961e-05, 0.6033937931060791, 0.04908867925405502, -0.4983297288417816, -0.491817444562912, -3.9711594581604e-06, 4.3213367462158203e-07, 1.720077633857727, -3.5762786865234375e-06, -2.7418136596679688e-06, 1.6338961124420166, -1.7881393432617188e-07, 7.718801498413086e-06, 0.6061098575592041, 0.03803718835115433, 0.4860988259315491, -0.0637359619140625, 4.820525646209717e-06, -1.0170042514801025e-06, 0.4917300343513489, 3.166496753692627e-07, -5.252659320831299e-07, 0.4917336404323578, 0.14979736506938934, -0.0045156776905059814, 0.26721400022506714, -5.960464477539063e-08, -2.086162567138672e-06, 0.6228752732276917, 7.756054401397705e-06, -7.554888725280762e-06, 1.1016770601272583, -6.28642737865448e-08, -1.1920928955078125e-07, 0.7726437449455261, -0.14074456691741943, -0.019361935555934906, 0.2530271112918854, 9.131617844104767e-07, -4.7567300498485565e-07, 0.543205201625824, -3.7066638469696045e-06, 3.7029385566711426e-06, 1.103058099746704, 1.1373311281204224e-05, -7.62939453125e-06, 0.8240509629249573, -0.009052863344550133, 0.023875083774328232, 0.3158419132232666, 2.4655309971421957e-07, -4.670364432968199e-07, 0.31536099314689636, -0.0012295953929424286, -0.28040897846221924, 1.0047491788864136, 0.0012294091284275055, 0.2804050147533417, 0.17804323136806488, -0.06266382336616516, 3.780837059020996, 1.0776631832122803, -0.08712339401245117, -0.35718652606010437, 0.5555344223976135, 5.766749382019043e-06, -3.1741801649332047e-06, 1.736465573310852, -3.841123543679714e-06, -2.8759241104125977e-06, 1.62127685546875, -2.86102294921875e-06, -1.1257827281951904e-05, 0.6033936738967896, 0.04908877611160278, -0.4983295798301697, -0.49181753396987915, -3.7439167499542236e-06, 3.5762786865234375e-07, 1.7200772762298584, -3.680586814880371e-06, -2.86102294921875e-06, 1.633895993232727, 5.960464477539063e-08, 7.450580596923828e-06, 0.6061097383499146, 0.038037337362766266, 0.4860992133617401, -0.0637359693646431, 4.492700099945068e-06, -1.1362135410308838e-06, 0.4917296767234802, 2.3632310330867767e-07, -2.4191103875637054e-07, 0.4917339086532593, 0.14979735016822815, -0.004515469074249268, 0.26721370220184326, 2.086162567138672e-07, -1.7136335372924805e-06, 0.6228751540184021, 7.3462724685668945e-06, -7.495284080505371e-06, 1.1016772985458374, -1.862645149230957e-09, -2.384185791015625e-07, 0.7726432085037231, -0.14074453711509705, -0.01936180144548416, 0.2530268132686615, 3.4319236874580383e-07, -3.1478703022003174e-07, 0.5432051420211792, -3.691762685775757e-06, 3.907829523086548e-06, 1.1030582189559937, 1.1457130312919617e-05, -7.599592208862305e-06, 0.8240506649017334, -0.009052924811840057, 0.023875366896390915, 0.31584179401397705, 2.384185791015625e-07, -2.4400651454925537e-07, 0.31536149978637695, -0.0012296922504901886, -0.28040918707847595, 1.0047496557235718, 0.0012292750179767609, 0.2804047465324402, 0.17804361879825592, -0.08350217342376709, 3.6302108764648438, 1.0683422088623047, -0.08712340891361237, -0.3571861684322357, 0.5555343627929688, 5.617737770080566e-06, -2.773478627204895e-06, 1.7364654541015625, -3.970228135585785e-06, -2.950429916381836e-06, 1.6212763786315918, -2.905726432800293e-06, -1.1421740055084229e-05, 0.6033934354782104, 0.04908871650695801, -0.49832963943481445, -0.4918174743652344, -3.7960708141326904e-06, 3.8743019104003906e-07, 1.720077395439148, -3.7103891372680664e-06, -3.0100345611572266e-06, 1.6338962316513062, -8.940696716308594e-08, 7.927417755126953e-06, 0.6061097979545593, 0.03803737089037895, 0.4860991835594177, -0.06373599171638489, 4.664063453674316e-06, -7.748603820800781e-07, 0.4917299747467041, 8.055940270423889e-08, -4.041939973831177e-07, 0.491733580827713, 0.14979779720306396, -0.00451543927192688, 0.2672138810157776, 8.940696716308594e-08, -1.4156103134155273e-06, 0.6228752732276917, 7.3462724685668945e-06, -7.644295692443848e-06, 1.1016770601272583, 1.4016404747962952e-07, -2.60770320892334e-08, 0.7726438641548157, -0.14074425399303436, -0.019361529499292374, 0.25302669405937195, 5.820766091346741e-08, -9.797513484954834e-07, 0.5432044863700867, -3.857538104057312e-06, 3.904104232788086e-06, 1.103057622909546, 1.1057592928409576e-05, -7.681548595428467e-06, 0.8240503668785095, -0.009052537381649017, 0.0238754041492939, 0.3158416450023651, 9.685754776000977e-08, -1.7136335372924805e-07, 0.3153601884841919, -0.001229509711265564, -0.2804085910320282, 1.0047495365142822, 0.0012295059859752655, 0.280405193567276, 0.17804354429244995, -0.10590700805187225, 3.46826171875, 1.0583207607269287, -0.08712335675954819, -0.35718652606010437, 0.5555343627929688, 5.632638931274414e-06, -2.9318034648895264e-06, 1.7364654541015625, -3.7997961044311523e-06, -2.950429916381836e-06, 1.621276617050171, -2.909451723098755e-06, -1.1391937732696533e-05, 0.6033934950828552, 0.049088723957538605, -0.49832963943481445, -0.491817444562912, -3.91155481338501e-06, 2.60770320892334e-07, 1.720077395439148, -3.919005393981934e-06, -2.8908252716064453e-06, 1.633895754814148, 8.940696716308594e-08, 7.957220077514648e-06, 0.606109619140625, 0.03803723305463791, 0.4860992729663849, -0.0637359768152237, 4.664063453674316e-06, -5.364418029785156e-07, 0.49172914028167725, 1.9744038581848145e-07, -4.577450454235077e-07, 0.49173393845558167, 0.14979763329029083, -0.004515513777732849, 0.2672140598297119, 2.086162567138672e-07, -1.5795230865478516e-06, 0.6228752136230469, 7.972121238708496e-06, -7.53253698348999e-06, 1.1016770601272583, 1.2619420886039734e-07, -2.086162567138672e-07, 0.7726439237594604, -0.14074429869651794, -0.01936156116425991, 0.25302714109420776, 3.9068982005119324e-07, -5.140900611877441e-07, 0.543205738067627, -4.217028617858887e-06, 3.982335329055786e-06, 1.1030573844909668, 1.1488038580864668e-05, -7.65291042625904e-06, 0.8240509033203125, -0.009052678942680359, 0.023875556886196136, 0.31584176421165466, 1.30385160446167e-07, -2.123415470123291e-07, 0.31536099314689636, -0.0012294761836528778, -0.28040894865989685, 1.0047494173049927, 0.0012295059859752655, 0.2804050147533417, 0.1780431568622589, -0.1278897374868393, 3.309363603591919, 1.048487901687622, -0.08712346851825714, -0.35718607902526855, 0.5555344223976135, 5.796551704406738e-06, -2.637505531311035e-06, 1.7364654541015625, -3.859400749206543e-06, -2.86102294921875e-06, 1.62127685546875, -2.954155206680298e-06, -1.13658607006073e-05, 0.6033934950828552, 0.04908858984708786, -0.49832963943481445, -0.49181753396987915, -3.814697265625e-06, 6.109476089477539e-07, 1.7200777530670166, -3.680586814880371e-06, -2.902001142501831e-06, 1.633895754814148, -8.940696716308594e-08, 7.912516593933105e-06, 0.6061094999313354, 0.03803713247179985, 0.48609963059425354, -0.0637359619140625, 4.76837158203125e-06, -7.972121238708496e-07, 0.49172964692115784, 1.7695128917694092e-07, -6.854534149169922e-07, 0.4917336702346802, 0.1497974544763565, -0.0045153796672821045, 0.2672136723995209, 1.9371509552001953e-07, -2.086162567138672e-06, 0.6228750944137573, 7.644295692443848e-06, -7.654540240764618e-06, 1.1016767024993896, -9.12696123123169e-08, -4.470348358154297e-08, 0.7726442813873291, -0.1407443881034851, -0.019361766055226326, 0.2530269920825958, 2.654269337654114e-07, -5.401670932769775e-07, 0.5432048439979553, -4.353001713752747e-06, 3.919005393981934e-06, 1.1030575037002563, 1.138448715209961e-05, -7.584691047668457e-06, 0.8240512609481812, -0.00905272364616394, 0.02387518435716629, 0.3158416748046875, 7.82310962677002e-08, -4.470348358154297e-08, 0.31536078453063965, -0.0012294873595237732, -0.2804088592529297, 1.0047492980957031, 0.0012294948101043701, 0.28040480613708496, 0.17804381251335144, -0.1494928002357483, 3.153209924697876, 1.0388250350952148, -0.08712352812290192, -0.3571864068508148, 0.5555344223976135, 5.677342414855957e-06, -2.771615982055664e-06, 1.7364654541015625, -3.800727427005768e-06, -2.9206275939941406e-06, 1.6212769746780396, -2.8079375624656677e-06, -1.150369644165039e-05, 0.6033935546875, 0.0490884929895401, -0.4983297288417816, -0.4918174743652344, -3.7476420402526855e-06, 2.980232238769531e-07, 1.720077633857727, -3.645196557044983e-06, -2.8908252716064453e-06, 1.6338956356048584, 1.1920928955078125e-07, 7.733702659606934e-06, 0.606109619140625, 0.03803699463605881, 0.48609909415245056, -0.06373591721057892, 4.805624485015869e-06, -9.424984455108643e-07, 0.49172961711883545, -1.1920928955078125e-07, -7.683411240577698e-07, 0.4917336106300354, 0.14979755878448486, -0.004515074193477631, 0.2672138810157776, 0.0, -2.3245811462402344e-06, 0.6228753328323364, 7.815659046173096e-06, -7.670372724533081e-06, 1.1016762256622314, 2.7939677238464355e-09, -1.4901161193847656e-07, 0.7726439833641052, -0.14074432849884033, -0.01936132088303566, 0.2530269920825958, 2.7567148208618164e-07, -9.08970832824707e-07, 0.5432050824165344, -4.113651812076569e-06, 3.822147846221924e-06, 1.1030575037002563, 1.1296942830085754e-05, -7.599592208862305e-06, 0.8240510821342468, -0.009052656590938568, 0.023875735700130463, 0.3158420920372009, 1.862645149230957e-07, 2.60770320892334e-07, 0.3153601586818695, -0.0012294389307498932, -0.28040918707847595, 1.004749059677124, 0.0012295413762331009, 0.28040480613708496, 0.17804348468780518, -0.13956409692764282, 3.224977731704712, 1.0432660579681396, -0.08712355047464371, -0.3571862578392029, 0.5555343627929688, 5.7220458984375e-06, -2.8014183044433594e-06, 1.7364654541015625, -3.768131136894226e-06, -2.86102294921875e-06, 1.6212769746780396, -2.9192306101322174e-06, -1.1457130312919617e-05, 0.6033936738967896, 0.04908861219882965, -0.4983295500278473, -0.4918174147605896, -3.769993782043457e-06, 3.427267074584961e-07, 1.7200778722763062, -3.6954879760742188e-06, -2.771615982055664e-06, 1.6338961124420166, -1.043081283569336e-07, 7.137656211853027e-06, 0.606109619140625, 0.038037147372961044, 0.48609939217567444, -0.0637359619140625, 4.7460198402404785e-06, -1.0170042514801025e-06, 0.4917295277118683, 0.0, -1.8440186977386475e-07, 0.49173370003700256, 0.14979758858680725, -0.004515208303928375, 0.2672138214111328, 3.5762786865234375e-07, -2.0563602447509766e-06, 0.6228755116462708, 7.681548595428467e-06, -7.651746273040771e-06, 1.1016770601272583, 8.847564458847046e-09, -6.705522537231445e-08, 0.7726441621780396, -0.14074428379535675, -0.019361691549420357, 0.25302737951278687, 2.896413207054138e-07, -9.5367431640625e-07, 0.5432049632072449, -3.727152943611145e-06, 3.91155481338501e-06, 1.1030577421188354, 1.1578202247619629e-05, -7.599592208862305e-06, 0.8240509033203125, -0.009052634239196777, 0.023875705897808075, 0.31584179401397705, 1.2293457984924316e-07, -3.650784492492676e-07, 0.3153609037399292, -0.0012296037748456001, -0.2804088890552521, 1.0047498941421509, 0.0012294519692659378, 0.2804051637649536, 0.17804405093193054, -0.11629001051187515, 3.3932101726531982, 1.0536764860153198, -0.08712362498044968, -0.35718590021133423, 0.5555343627929688, 5.81890344619751e-06, -2.823770046234131e-06, 1.7364654541015625, -3.7942081689834595e-06, -2.8312206268310547e-06, 1.6212767362594604, -2.871733158826828e-06, -1.1481344699859619e-05, 0.6033935546875, 0.04908852279186249, -0.49832919239997864, -0.4918174147605896, -3.6954879760742188e-06, 5.066394805908203e-07, 1.7200777530670166, -3.6656856536865234e-06, -2.9802322387695312e-06, 1.633895754814148, 1.1920928955078125e-07, 7.867813110351562e-06, 0.6061096787452698, 0.03803709149360657, 0.4860995411872864, -0.06373593956232071, 4.695728421211243e-06, -4.521571099758148e-07, 0.49172914028167725, 7.450580596923828e-08, -2.942979335784912e-07, 0.4917334020137787, 0.14979755878448486, -0.004515625536441803, 0.2672140896320343, 3.4831464290618896e-07, -1.9669532775878906e-06, 0.6228751540184021, 7.759779691696167e-06, -7.592141628265381e-06, 1.1016765832901, 1.1641532182693481e-08, 6.705522537231445e-08, 0.7726439833641052, -0.14074432849884033, -0.019362056627869606, 0.2530272603034973, 6.100162863731384e-07, -4.284083843231201e-07, 0.543205201625824, -3.441236913204193e-06, 3.769993782043457e-06, 1.1030575037002563, 1.1358410120010376e-05, -7.748603820800781e-06, 0.8240503668785095, -0.009052671492099762, 0.02387554943561554, 0.3158416152000427, 2.7194619178771973e-07, 4.0978193283081055e-07, 0.31536054611206055, -0.0012296400964260101, -0.28040868043899536, 1.0047498941421509, 0.00122930109500885, 0.2804050147533417, 0.17804403603076935, -0.09519617259502411, 3.545682907104492, 1.0631115436553955, -0.08712352812290192, -0.3571864366531372, 0.5555344223976135, 5.692243576049805e-06, -3.0919909477233887e-06, 1.736465334892273, -3.863126039505005e-06, -2.8833746910095215e-06, 1.62127685546875, -2.854038029909134e-06, -1.1421740055084229e-05, 0.6033934354782104, 0.049088697880506516, -0.49832963943481445, -0.491817444562912, -3.5762786865234375e-06, 5.066394805908203e-07, 1.7200777530670166, -4.023313522338867e-06, -2.9206275939941406e-06, 1.6338961124420166, -1.7881393432617188e-07, 7.703900337219238e-06, 0.6061097383499146, 0.03803723677992821, 0.4860987663269043, -0.06373584270477295, 4.629604518413544e-06, -9.988434612751007e-07, 0.4917296767234802, 3.3527612686157227e-08, -2.0489096641540527e-07, 0.4917336404323578, 0.14979755878448486, -0.004515483975410461, 0.26721352338790894, 5.885958671569824e-07, -2.0265579223632812e-06, 0.6228752732276917, 7.819558959454298e-06, -7.674098014831543e-06, 1.1016762256622314, -1.4062970876693726e-07, -1.2852251529693604e-07, 0.7726442813873291, -0.1407443881034851, -0.019362013787031174, 0.2530272603034973, -3.725290298461914e-09, -8.344650268554688e-07, 0.543205201625824, -3.218185156583786e-06, 3.822147846221924e-06, 1.1030584573745728, 1.1429190635681152e-05, -7.733702659606934e-06, 0.8240509629249573, -0.009052731096744537, 0.023875251412391663, 0.3158416748046875, 1.5273690223693848e-07, -1.30385160446167e-07, 0.31536126136779785, -0.0012296093627810478, -0.28040841221809387, 1.0047497749328613, 0.001229455228894949, 0.2804054915904999, 0.1780439019203186, -0.077708400785923, 3.6720900535583496, 1.0709338188171387, -0.08712342381477356, -0.3571861684322357, 0.555534303188324, 5.6978315114974976e-06, -2.767890691757202e-06, 1.7364649772644043, -3.8370490074157715e-06, -2.726912498474121e-06, 1.6212767362594604, -2.835877239704132e-06, -1.1481344699859619e-05, 0.6033934354782104, 0.0490887388586998, -0.4983297884464264, -0.491817444562912, -3.874301910400391e-06, 5.960464477539062e-07, 1.720077395439148, -3.814697265625e-06, -2.9206275939941406e-06, 1.633895754814148, 3.8743019104003906e-07, 7.539987564086914e-06, 0.6061097383499146, 0.038037292659282684, 0.4860990643501282, -0.06373591721057892, 4.634261131286621e-06, -1.171370968222618e-06, 0.491729736328125, -2.9802322387695312e-08, -1.082196831703186e-06, 0.4917336106300354, 0.14979735016822815, -0.004515085369348526, 0.2672134041786194, -5.960464477539063e-08, -1.817941665649414e-06, 0.6228752732276917, 7.655471563339233e-06, -7.703900337219238e-06, 1.1016769409179688, -6.51925802230835e-08, 4.0978193283081055e-08, 0.7726442217826843, -0.14074453711509705, -0.019361834973096848, 0.2530268728733063, 7.003545761108398e-07, -8.270144462585449e-07, 0.5432051420211792, -4.105269908905029e-06, 3.822147846221924e-06, 1.1030577421188354, 1.136166974902153e-05, -7.718801498413086e-06, 0.8240503072738647, -0.009052880108356476, 0.023875828832387924, 0.3158409893512726, 2.682209014892578e-07, -1.4901161193847656e-08, 0.31536102294921875, -0.001229440444149077, -0.2804087698459625, 1.0047498941421509, 0.0012294696643948555, 0.28040504455566406, 0.17804355919361115, -0.06432031840085983, 3.7688634395599365, 1.0769221782684326, -0.08712349832057953, -0.357186496257782, 0.555534303188324, 5.71785494685173e-06, -2.767890691757202e-06, 1.736465334892273, -3.7550926208496094e-06, -2.779066562652588e-06, 1.621276617050171, -2.921558916568756e-06, -1.1451542377471924e-05, 0.6033935546875, 0.049088940024375916, -0.49832987785339355, -0.4918176531791687, -3.993511199951172e-06, 3.0547380447387695e-07, 1.7200775146484375, -3.874301910400391e-06, -2.86102294921875e-06, 1.633895993232727, 8.940696716308594e-08, 7.651746273040771e-06, 0.6061098575592041, 0.038037244230508804, 0.4860996603965759, -0.06373616307973862, 4.639849066734314e-06, -9.5367431640625e-07, 0.4917299747467041, -8.195638656616211e-08, -4.139728844165802e-07, 0.4917331635951996, 0.14979761838912964, -0.004515649750828743, 0.2672134041786194, 5.662441253662109e-07, -1.9222497940063477e-06, 0.622874915599823, 7.5511634349823e-06, -7.614493370056152e-06, 1.1016764640808105, -4.284083843231201e-08, 5.960464477539063e-08, 0.7726439833641052, -0.1407443732023239, -0.019362112507224083, 0.2530268430709839, 1.6391277313232422e-07, -4.936009645462036e-07, 0.5432050824165344, -3.5800039768218994e-06, 3.859400749206543e-06, 1.1030582189559937, 1.1436408385634422e-05, -7.539987564086914e-06, 0.8240504860877991, -0.009052716195583344, 0.02387528121471405, 0.31584152579307556, 1.8812716007232666e-07, -3.4994445741176605e-07, 0.3153614401817322, -0.0012297594221308827, -0.2804091274738312, 1.00475013256073, 0.0012293437030166388, 0.28040486574172974, 0.17804397642612457, -0.05262438580393791, 3.853405237197876, 1.0821537971496582, -0.08712344616651535, -0.35718631744384766, 0.5555341243743896, 5.750684067606926e-06, -2.8708018362522125e-06, 1.7364656925201416, -3.810971975326538e-06, -2.8293579816818237e-06, 1.6212767362594604, -2.8400681912899017e-06, -1.1492520570755005e-05, 0.6033936142921448, 0.049088768661022186, -0.49832987785339355, -0.49181750416755676, -3.635883331298828e-06, 6.258487701416016e-07, 1.7200778722763062, -3.7550926208496094e-06, -3.0100345611572266e-06, 1.6338958740234375, 2.9802322387695312e-08, 7.363036274909973e-06, 0.6061095595359802, 0.0380372516810894, 0.4860987663269043, -0.06373598426580429, 4.522502422332764e-06, -1.3811513781547546e-06, 0.4917302131652832, -7.450580596923828e-08, -1.3355165719985962e-06, 0.49173402786254883, 0.14979727566242218, -0.00451572984457016, 0.2672136425971985, -5.960464477539063e-08, -2.562999725341797e-06, 0.6228753924369812, 7.599592208862305e-06, -7.703900337219238e-06, 1.1016767024993896, -1.1175870895385742e-08, 1.4901161193847656e-08, 0.7726442813873291, -0.14074453711509705, -0.019361961632966995, 0.25302642583847046, 4.172325134277344e-07, -9.872019290924072e-07, 0.543205201625824, -3.941357135772705e-06, 3.814697265625e-06, 1.1030575037002563, 1.125037670135498e-05, -8.042901754379272e-06, 0.8240504860877991, -0.009052906185388565, 0.023875491693615913, 0.3158411383628845, -1.1641532182693481e-08, -1.1548399925231934e-07, 0.3153618574142456, -0.0012292767642065883, -0.28040874004364014, 1.0047481060028076, 0.0012296843342483044, 0.2804049551486969, 0.17804226279258728, -0.0437130369246006, 3.9178192615509033, 1.0861396789550781, -0.08712358772754669, -0.35718628764152527, 0.5555343627929688, 5.722511559724808e-06, -2.9867514967918396e-06, 1.7364656925201416, -3.8035213947296143e-06, -2.8502545319497585e-06, 1.6212767362594604, -2.837739884853363e-06, -1.1518539395183325e-05, 0.6033936142921448, 0.049088552594184875, -0.49832990765571594, -0.4918173551559448, -3.874301910400391e-06, 3.5762786865234375e-07, 1.7200775146484375, -3.7848949432373047e-06, -3.0100345611572266e-06, 1.6338958740234375, -2.2351741790771484e-07, 7.696449756622314e-06, 0.6061095595359802, 0.03803718090057373, 0.4860991835594177, -0.06373580545186996, 4.857778549194336e-06, -7.636845111846924e-07, 0.49172964692115784, 2.0489096641540527e-07, -6.705522537231445e-08, 0.4917331337928772, 0.14979758858680725, -0.004515528678894043, 0.2672138810157776, 4.023313522338867e-07, -1.6391277313232422e-06, 0.6228752136230469, 7.72625207901001e-06, -7.703900337219238e-06, 1.1016770601272583, 8.416827768087387e-08, -8.475035429000854e-08, 0.7726444005966187, -0.14074423909187317, -0.019361987709999084, 0.25302669405937195, 3.8743019104003906e-07, -5.271285772323608e-07, 0.543205201625824, -4.217028617858887e-06, 3.725290298461914e-06, 1.103057622909546, 1.1439784429967403e-05, -8.316710591316223e-06, 0.8240504860877991, -0.00905260257422924, 0.023875340819358826, 0.3158414959907532, 3.390014171600342e-07, 3.8743019104003906e-07, 0.3153612017631531, -0.0012294764164835215, -0.2804092764854431, 1.0047492980957031, 0.0012294463813304901, 0.28040462732315063, 0.1780434399843216, -0.037071987986564636, 3.965822696685791, 1.089110255241394, -0.08712352812290192, -0.3571861982345581, 0.5555340647697449, 5.724374204874039e-06, -2.7953647077083588e-06, 1.7364654541015625, -3.7811696529388428e-06, -2.859160304069519e-06, 1.6212769746780396, -2.9257498681545258e-06, -1.1496245861053467e-05, 0.6033935546875, 0.049088701605796814, -0.49832943081855774, -0.4918177127838135, -3.814697265625e-06, 4.172325134277344e-07, 1.720077633857727, -3.635883331298828e-06, -2.6226043701171875e-06, 1.6338961124420166, -2.980232238769531e-07, 7.62939453125e-06, 0.6061094999313354, 0.03803718835115433, 0.4860992729663849, -0.06373612582683563, 4.5746564865112305e-06, -7.599592208862305e-07, 0.4917296767234802, 0.0, -6.668269634246826e-07, 0.49173301458358765, 0.14979740977287292, -0.004515625536441803, 0.26721420884132385, 4.3213367462158203e-07, -2.339482307434082e-06, 0.6228751540184021, 7.72625207901001e-06, -7.547438144683838e-06, 1.101677656173706, -3.5390257835388184e-08, -8.940696716308594e-08, 0.7726439237594604, -0.1407443881034851, -0.01936185732483864, 0.25302767753601074, 8.009374141693115e-07, -9.369105100631714e-07, 0.543205201625824, -4.0978193283081055e-06, 3.7848949432373047e-06, 1.1030577421188354, 1.1683907359838486e-05, -7.662922143936157e-06, 0.8240510821342468, -0.009052805602550507, 0.023875407874584198, 0.3158421218395233, 2.2351741790771484e-08, -1.7881393432617188e-07, 0.3153607249259949, -0.0012295747874304652, -0.2804088294506073, 1.0047487020492554, 0.0012295397464185953, 0.2804049253463745, 0.17804287374019623, -0.03291510045528412, 3.9958701133728027, 1.0909695625305176, -0.08712340891361237, -0.35718587040901184, 0.555534303188324, 5.725305527448654e-06, -2.929242327809334e-06, 1.7364656925201416, -3.818422555923462e-06, -2.9616057872772217e-06, 1.6212772130966187, -2.8498470783233643e-06, -1.1414289474487305e-05, 0.6033934950828552, 0.04908871650695801, -0.4983293414115906, -0.4918174743652344, -3.5762786865234375e-06, 1.1920928955078125e-07, 1.7200777530670166, -3.7550926208496094e-06, -2.9802322387695312e-06, 1.6338956356048584, -4.470348358154297e-08, 7.525086402893066e-06, 0.606109619140625, 0.03803718090057373, 0.4860990643501282, -0.06373576819896698, 4.678964614868164e-06, -8.270144462585449e-07, 0.4917295575141907, -1.4901161193847656e-07, -6.295740604400635e-07, 0.4917336106300354, 0.14979763329029083, -0.004515424370765686, 0.26721346378326416, 5.811452865600586e-07, -2.205371856689453e-06, 0.622874915599823, 7.573515176773071e-06, -7.595866918563843e-06, 1.1016769409179688, -9.685754776000977e-08, -1.341104507446289e-07, 0.7726438641548157, -0.14074429869651794, -0.01936184987425804, 0.2530266046524048, 5.122274160385132e-07, -2.5704503059387207e-07, 0.5432052612304688, -3.4570693969726562e-06, 3.7550926208496094e-06, 1.103058099746704, 1.1235475540161133e-05, -7.651746273040771e-06, 0.824050784111023, -0.009052515029907227, 0.023875325918197632, 0.3158411979675293, 0.0, 7.450580596923828e-08, 0.31536033749580383, -0.0012294277548789978, -0.2804087698459625, 1.004748821258545, 0.0012295552296563983, 0.2804049253463745, 0.17804303765296936, -0.031472161412239075, 4.00629997253418, 1.0916149616241455, -0.08712336421012878, -0.35718590021133423, 0.5555341839790344, 5.776062607765198e-06, -2.878718078136444e-06, 1.7364658117294312, -3.807246685028076e-06, -2.8796494007110596e-06, 1.6212767362594604, -2.8223730623722076e-06, -1.1451542377471924e-05, 0.6033935546875, 0.049088746309280396, -0.4983293116092682, -0.49181777238845825, -3.6954879760742188e-06, 1.7881393432617188e-07, 1.720077633857727, -3.844499588012695e-06, -2.86102294921875e-06, 1.633895993232727, 3.3527612686157227e-08, 7.569789886474609e-06, 0.6061096787452698, 0.038037240505218506, 0.4860989451408386, -0.06373602151870728, 4.813075065612793e-06, -8.23289155960083e-07, 0.49172908067703247, 1.4156103134155273e-07, -5.960464477539063e-08, 0.4917336702346802, 0.14979755878448486, -0.004515394568443298, 0.26721423864364624, 2.384185791015625e-07, -2.3245811462402344e-06, 0.6228751540184021, 7.599592208862305e-06, -7.620081305503845e-06, 1.1016765832901, -7.450580596923828e-08, -1.1175870895385742e-07, 0.7726439237594604, -0.14074426889419556, -0.019361665472388268, 0.2530273497104645, 5.21540641784668e-07, 5.653128027915955e-07, 0.5432052612304688, -3.3676624298095703e-06, 3.546476364135742e-06, 1.103058099746704, 1.1578202247619629e-05, -7.82310962677002e-06, 0.824050784111023, -0.009052827954292297, 0.023875385522842407, 0.31584200263023376, 1.4901161193847656e-07, -7.450580596923828e-08, 0.315360963344574, -0.0012295576743781567, -0.2804088592529297, 1.0047495365142822, 0.0012294631451368332, 0.28040507435798645, 0.17804330587387085, -0.03275805339217186, 3.9970052242279053, 1.0910398960113525, -0.08712345361709595, -0.357186496257782, 0.5555343627929688, 5.710870027542114e-06, -2.8833746910095215e-06, 1.7364654541015625, -3.8025900721549988e-06, -2.9243528842926025e-06, 1.621276617050171, -2.8517097234725952e-06, -1.1362135410308838e-05, 0.6033935546875, 0.049088701605796814, -0.49832963943481445, -0.4918175935745239, -3.6954879760742188e-06, 2.384185791015625e-07, 1.720077633857727, -3.635883331298828e-06, -2.7567148208618164e-06, 1.6338956356048584, 3.390014171600342e-07, 7.525086402893066e-06, 0.6061095595359802, 0.03803720325231552, 0.4860990643501282, -0.06373592466115952, 4.656612873077393e-06, -7.636845111846924e-07, 0.4917292892932892, -5.21540641784668e-08, -2.644956111907959e-07, 0.49173346161842346, 0.14979752898216248, -0.004515200853347778, 0.2672138512134552, 1.341104507446289e-07, -1.9222497940063477e-06, 0.6228753328323364, 7.515773177146912e-06, -7.572583854198456e-06, 1.1016769409179688, -5.21540641784668e-08, -2.086162567138672e-07, 0.7726436257362366, -0.14074435830116272, -0.019361436367034912, 0.2530270218849182, 5.960464477539062e-07, 2.1338928490877151e-07, 0.5432052612304688, -3.680586814880371e-06, 3.7848949432373047e-06, 1.103057861328125, 1.1689960956573486e-05, -7.68899917602539e-06, 0.8240512013435364, -0.009052835404872894, 0.023875638842582703, 0.3158419728279114, 1.7136335372924805e-07, -7.450580596923828e-09, 0.3153614103794098, -0.001229465939104557, -0.28040894865989685, 1.0047494173049927, 0.0012295888736844063, 0.280405193567276, 0.17804327607154846, -0.03583115339279175, 3.974792003631592, 1.0896652936935425, -0.08712346106767654, -0.35718652606010437, 0.5555344223976135, 5.766749382019043e-06, -2.8833746910095215e-06, 1.736465573310852, -3.844499588012695e-06, -2.775341272354126e-06, 1.62127685546875, -2.900604158639908e-06, -1.1451542377471924e-05, 0.6033935546875, 0.04908867925405502, -0.4983297288417816, -0.49181750416755676, -3.993511199951172e-06, 2.980232238769531e-07, 1.7200778722763062, -3.889203071594238e-06, -2.771615982055664e-06, 1.633895993232727, 1.3969838619232178e-08, 7.748603820800781e-06, 0.606109619140625, 0.03803718835115433, 0.4860991835594177, -0.0637359693646431, 4.597008228302002e-06, -6.668269634246826e-07, 0.4917300045490265, 7.450580596923828e-09, -3.725290298461914e-07, 0.4917340576648712, 0.14979761838912964, -0.004515469074249268, 0.2672139108181, 2.086162567138672e-07, -2.1010637283325195e-06, 0.6228756308555603, 7.677823305130005e-06, -7.549300789833069e-06, 1.1016770601272583, 1.4901161193847656e-08, -1.043081283569336e-07, 0.7726441025733948, -0.14074434340000153, -0.019361738115549088, 0.25302714109420776, 2.980232238769531e-07, -5.392357707023621e-07, 0.5432052612304688, -3.6242417991161346e-06, 3.3676624298095703e-06, 1.1030579805374146, 1.1466443538665771e-05, -7.748603820800781e-06, 0.8240509629249573, -0.009052596986293793, 0.02387552335858345, 0.3158412277698517, 1.2665987014770508e-07, 1.1175870895385742e-08, 0.3153616487979889, -0.0012294705957174301, -0.2804093658924103, 1.0047491788864136, 0.001229478046298027, 0.28040453791618347, 0.178043395280838, -0.03992798179388046, 3.945178747177124, 1.0878328084945679, -0.08712348341941833, -0.3571862280368805, 0.5555341839790344, 5.669891834259033e-06, -2.820044755935669e-06, 1.7364654541015625, -3.910623490810394e-06, -2.9280781745910645e-06, 1.621277093887329, -2.835877239704132e-06, -1.1451542377471924e-05, 0.6033935546875, 0.04908868670463562, -0.49832960963249207, -0.4918176829814911, -3.7550926208496094e-06, 5.364418029785156e-07, 1.7200779914855957, -3.978610038757324e-06, -2.905726432800293e-06, 1.6338961124420166, 1.6624107956886292e-07, 7.592141628265381e-06, 0.606109619140625, 0.03803730010986328, 0.48609912395477295, -0.06373602896928787, 4.779547452926636e-06, -8.419156074523926e-07, 0.49172958731651306, 1.4901161193847656e-08, -2.4959444999694824e-07, 0.49173298478126526, 0.14979740977287292, -0.004515163600444794, 0.26721349358558655, 1.341104507446289e-07, -1.341104507446289e-06, 0.6228755116462708, 7.71600753068924e-06, -7.569789886474609e-06, 1.1016769409179688, 2.2351741790771484e-08, -7.450580596923828e-08, 0.77264404296875, -0.1407444030046463, -0.019361358135938644, 0.25302624702453613, 5.21540641784668e-07, -7.441267371177673e-07, 0.5432053208351135, -3.3676624298095703e-06, 4.664063453674316e-06, 1.103057861328125, 1.1548399925231934e-05, -7.539987564086914e-06, 0.8240507245063782, -0.009052902460098267, 0.023875659331679344, 0.31584155559539795, 1.30385160446167e-07, -2.2351741790771484e-08, 0.31536197662353516, -0.001229478046298027, -0.28040874004364014, 1.004749059677124, 0.0012295711785554886, 0.2804052531719208, 0.17804273962974548, -0.04267926514148712, 3.9252915382385254, 1.0866020917892456, -0.08712349832057953, -0.35718637704849243, 0.5555342435836792, 5.725771188735962e-06, -2.8349459171295166e-06, 1.7364654541015625, -3.810971975326538e-06, -2.7865171432495117e-06, 1.6212769746780396, -2.791173756122589e-06, -1.1458992958068848e-05, 0.6033934950828552, 0.04908864200115204, -0.4983297288417816, -0.49181756377220154, -3.6954879760742188e-06, 4.76837158203125e-07, 1.720077633857727, -4.06801700592041e-06, -2.771615982055664e-06, 1.633895754814148, -9.12696123123169e-08, 7.703900337219238e-06, 0.6061097383499146, 0.03803705796599388, 0.4860987067222595, -0.06373590230941772, 4.6603381633758545e-06, -7.82310962677002e-07, 0.4917299151420593, -1.3597309589385986e-07, -5.345791578292847e-07, 0.4917331635951996, 0.1497974544763565, -0.004515230655670166, 0.26721420884132385, 5.960464477539063e-08, -1.55717134475708e-06, 0.6228753924369812, 7.70878978073597e-06, -7.574446499347687e-06, 1.1016764640808105, -1.4901161193847656e-08, 1.6391277313232422e-07, 0.7726438045501709, -0.14074447751045227, -0.01936156675219536, 0.2530272901058197, 8.642673492431641e-07, 9.872019290924072e-08, 0.543205201625824, -4.231929779052734e-06, 3.6656856536865234e-06, 1.103058099746704, 1.1563301086425781e-05, -7.927417755126953e-06, 0.8240510821342468, -0.009052755311131477, 0.023875728249549866, 0.3158417046070099, 1.2479722499847412e-07, 1.862645149230957e-08, 0.315361350774765, -0.0012295357882976532, -0.28040918707847595, 1.0047495365142822, 0.0012294610496610403, 0.2804049551486969, 0.17804376780986786, -0.04389696568250656, 3.916489601135254, 1.086057424545288, -0.08712354302406311, -0.35718637704849243, 0.5555344223976135, 5.725771188735962e-06, -2.7455389499664307e-06, 1.736465573310852, -3.818422555923462e-06, -2.868473529815674e-06, 1.62127685546875, -2.896413207054138e-06, -1.1518597602844238e-05, 0.6033935546875, 0.049088746309280396, -0.49832987785339355, -0.4918173849582672, -3.635883331298828e-06, 2.980232238769531e-07, 1.7200777530670166, -4.127621650695801e-06, -2.8312206268310547e-06, 1.633895754814148, -2.1420419216156006e-08, 7.62939453125e-06, 0.6061096787452698, 0.0380372516810894, 0.4860987961292267, -0.06373585015535355, 4.641711711883545e-06, -9.5367431640625e-07, 0.49173012375831604, -9.313225746154785e-08, -4.4330954551696777e-07, 0.49173393845558167, 0.1497974842786789, -0.004515521228313446, 0.2672135531902313, 3.427267074584961e-07, -1.695007085800171e-06, 0.622874915599823, 7.763504981994629e-06, -7.683411240577698e-06, 1.1016771793365479, -4.470348358154297e-08, -1.1920928955078125e-07, 0.7726436853408813, -0.14074435830116272, -0.019361797720193863, 0.2530266344547272, 4.172325134277344e-07, -7.748603820800781e-07, 0.5432050824165344, -3.039836883544922e-06, 3.6652199923992157e-06, 1.1030573844909668, 1.1205673217773438e-05, -7.3909759521484375e-06, 0.8240509629249573, -0.00905259046703577, 0.023875433951616287, 0.3158409297466278, 2.2584572434425354e-07, -5.51808625459671e-08, 0.31536048650741577, -0.001229485496878624, -0.28040897846221924, 1.0047484636306763, 0.001229502260684967, 0.2804049253463745, 0.17804233729839325, -0.04286094382405281, 3.923978328704834, 1.0865209102630615, -0.08712360262870789, -0.357186496257782, 0.5555344223976135, 5.725771188735962e-06, -2.898275852203369e-06, 1.7364654541015625, -3.822147846221924e-06, -2.7194619178771973e-06, 1.62127685546875, -2.8368085622787476e-06, -1.1473894119262695e-05, 0.6033935546875, 0.04908865690231323, -0.49832993745803833, -0.49181732535362244, -3.814697265625e-06, 3.5762786865234375e-07, 1.720077395439148, -3.859400749206543e-06, -2.942979335784912e-06, 1.6338962316513062, -1.555308699607849e-07, 7.845461368560791e-06, 0.6061095595359802, 0.0380370132625103, 0.48609864711761475, -0.06373583525419235, 4.695728421211243e-06, -8.083879947662354e-07, 0.49172985553741455, 9.313225746154785e-09, -6.463378667831421e-07, 0.49173349142074585, 0.14979755878448486, -0.004515618085861206, 0.2672140896320343, 2.086162567138672e-07, -2.5443732738494873e-06, 0.6228749752044678, 7.666647434234619e-06, -7.599592208862305e-06, 1.1016765832901, 1.4901161193847656e-08, 4.470348358154297e-08, 0.7726434469223022, -0.14074431359767914, -0.019361864775419235, 0.2530268430709839, 3.8743019104003906e-07, -6.668269634246826e-07, 0.5432053208351135, -3.635883331298828e-06, 3.978610038757324e-06, 1.103057861328125, 1.1414289474487305e-05, -7.68899917602539e-06, 0.8240509033203125, -0.009052691981196404, 0.023875294253230095, 0.31584176421165466, 3.403984010219574e-07, -2.2351741790771484e-07, 0.3153606951236725, -0.0012294775806367397, -0.2804090082645416, 1.004749059677124, 0.0012295320630073547, 0.2804049849510193, 0.1780426800251007, -0.037754837423563004, 3.9608869552612305, 1.088804841041565, -0.08712366223335266, -0.35718658566474915, 0.555534303188324, 5.756504833698273e-06, -2.8517097234725952e-06, 1.7364650964736938, -3.7476420402526855e-06, -2.913177013397217e-06, 1.6212767362594604, -2.8423964977264404e-06, -1.1436641216278076e-05, 0.6033935546875, 0.049088478088378906, -0.4983297288417816, -0.49181753396987915, -3.904104232788086e-06, 4.76837158203125e-07, 1.7200775146484375, -3.7997961044311523e-06, -2.868473529815674e-06, 1.6338961124420166, 4.1443854570388794e-08, 7.68899917602539e-06, 0.6061097383499146, 0.038036979734897614, 0.4860987663269043, -0.0637359693646431, 4.695728421211243e-06, -8.866190910339355e-07, 0.491729736328125, -9.96515154838562e-08, -1.695007085800171e-07, 0.49173370003700256, 0.14979729056358337, -0.0045153796672821045, 0.26721376180648804, 3.129243850708008e-07, -1.8421560525894165e-06, 0.6228749752044678, 8.009374141693115e-06, -7.651746273040771e-06, 1.1016767024993896, 2.60770320892334e-08, -8.195638656616211e-08, 0.7726438045501709, -0.14074461162090302, -0.019361652433872223, 0.25302737951278687, 5.364418029785156e-07, -4.284083843231201e-07, 0.5432052612304688, -3.7550926208496094e-06, 2.9802322387695312e-06, 1.1030577421188354, 1.1548399925231934e-05, -7.808208465576172e-06, 0.8240506052970886, -0.009052871726453304, 0.023875577375292778, 0.3158419728279114, 8.195638656616211e-08, -1.8347054719924927e-07, 0.31536078453063965, -0.0012294948101043701, -0.28040894865989685, 1.0047484636306763, 0.0012294985353946686, 0.28040504455566406, 0.1780424863100052, -0.03238051384687424, 3.9997341632843018, 1.0912086963653564, -0.08712342381477356, -0.35718634724617004, 0.5555344820022583, 5.729496479034424e-06, -2.823770046234131e-06, 1.7364656925201416, -3.851950168609619e-06, -2.8312206268310547e-06, 1.6212769746780396, -2.7315691113471985e-06, -1.1533498764038086e-05, 0.6033934950828552, 0.04908871650695801, -0.4983297288417816, -0.49181726574897766, -3.844499588012695e-06, 5.960464477539062e-07, 1.7200775146484375, -3.635883331298828e-06, -2.7865171432495117e-06, 1.633895754814148, -7.89295881986618e-08, 7.696449756622314e-06, 0.6061096787452698, 0.03803711384534836, 0.4860987663269043, -0.06373579055070877, 4.628673195838928e-06, -9.164214134216309e-07, 0.4917299747467041, -9.313225746154785e-09, -3.9581209421157837e-07, 0.49173346161842346, 0.14979752898216248, -0.004515513777732849, 0.26721346378326416, 1.9371509552001953e-07, -2.609565854072571e-06, 0.6228752136230469, 7.577240467071533e-06, -7.569789886474609e-06, 1.1016765832901, 1.0244548320770264e-07, -8.66129994392395e-08, 0.7726439237594604, -0.14074420928955078, -0.01936176046729088, 0.25302639603614807, 1.7881393432617188e-07, -1.2889504432678223e-06, 0.5432053208351135, -4.0531158447265625e-06, 3.3080577850341797e-06, 1.1030571460723877, 1.1599622666835785e-05, -7.4803829193115234e-06, 0.8240505456924438, -0.00905273575335741, 0.02387537620961666, 0.315841406583786, 1.2852251529693604e-07, 1.30385160446167e-08, 0.31536078453063965, -0.0012295106425881386, -0.28040868043899536, 1.0047491788864136, 0.0012294845655560493, 0.2804052531719208, 0.1780434399843216, -0.027665620669722557, 4.033814907073975, 1.0933176279067993, -0.08712340891361237, -0.3571859300136566, 0.5555343627929688, 5.6996941566467285e-06, -2.8498470783233643e-06, 1.736465334892273, -3.807246685028076e-06, -2.8908252716064453e-06, 1.6212767362594604, -2.8563663363456726e-06, -1.1412426829338074e-05, 0.6033936142921448, 0.049088746309280396, -0.49832916259765625, -0.4918176531791687, -3.814697265625e-06, 2.980232238769531e-07, 1.720077633857727, -3.874301910400391e-06, -2.8461217880249023e-06, 1.633895754814148, 2.3283064365386963e-10, 7.674098014831543e-06, 0.6061094999313354, 0.038037218153476715, 0.4860997200012207, -0.06373611092567444, 4.742294549942017e-06, -8.866190910339355e-07, 0.4917299151420593, -1.7695128917694092e-08, -4.637986421585083e-07, 0.4917330741882324, 0.1497974991798401, -0.004515238106250763, 0.26721325516700745, 2.384185791015625e-07, -1.4975666999816895e-06, 0.6228749752044678, 7.644295692443848e-06, -7.659196853637695e-06, 1.1016772985458374, 2.0489096641540527e-07, 6.332993507385254e-08, 0.7726434469223022, -0.1407443881034851, -0.01936161145567894, 0.2530265152454376, 4.172325134277344e-07, -5.476176738739014e-07, 0.5432053208351135, -3.874301910400391e-06, 3.5762786865234375e-06, 1.1030571460723877, 1.0557472705841064e-05, -7.510185241699219e-06, 0.8240512013435364, -0.00905279628932476, 0.023875558748841286, 0.31584110856056213, 1.3783574104309082e-07, -1.6763806343078613e-08, 0.31536000967025757, -0.0012294808402657509, -0.28040823340415955, 1.0047482252120972, 0.0012295013293623924, 0.28040534257888794, 0.17804284393787384, -0.024258827790617943, 4.058440208435059, 1.094841480255127, -0.0871235579252243, -0.3571866452693939, 0.555534303188324, 5.766749382019043e-06, -2.9206275939941406e-06, 1.736465573310852, -3.8370490074157715e-06, -2.8908252716064453e-06, 1.62127685546875, -2.8945505619049072e-06, -1.1455267667770386e-05, 0.6033934950828552, 0.04908865690231323, -0.4983298182487488, -0.4918177127838135, -3.769993782043457e-06, 5.364418029785156e-07, 1.720077633857727, -3.851950168609619e-06, -2.9318034648895264e-06, 1.633895993232727, 1.280568540096283e-08, 7.718801498413086e-06, 0.6061095595359802, 0.03803713619709015, 0.4860987067222595, -0.06373603641986847, 4.665926098823547e-06, -8.083879947662354e-07, 0.49173036217689514, 3.3527612686157227e-08, -5.057081580162048e-07, 0.49173352122306824, 0.1497974842786789, -0.0045153796672821045, 0.26721397042274475, 2.682209014892578e-07, -2.1047890186309814e-06, 0.6228750944137573, 7.577240467071533e-06, -7.62939453125e-06, 1.1016764640808105, -7.450580596923828e-09, -1.564621925354004e-07, 0.7726438641548157, -0.14074435830116272, -0.019361641258001328, 0.2530265152454376, 5.364418029785156e-07, -1.564621925354004e-07, 0.5432053804397583, -3.769993782043457e-06, 3.874301910400391e-06, 1.1030583381652832, 1.1265277862548828e-05, -7.867813110351562e-06, 0.8240512609481812, -0.009052763693034649, 0.023875558748841286, 0.31584128737449646, 1.601874828338623e-07, 1.3224780559539795e-07, 0.31536048650741577, -0.0012294910848140717, -0.2804088592529297, 1.0047494173049927, 0.0012295134365558624, 0.2804049551486969, 0.17804372310638428, -0.02313550002872944, 4.066559791564941, 1.0953439474105835, -0.0871235579252243, -0.357185959815979, 0.555534303188324, 5.707144737243652e-06, -2.7567148208618164e-06, 1.736465573310852, -3.844499588012695e-06, -2.7418136596679688e-06, 1.6212767362594604, -2.812594175338745e-06, -1.1414289474487305e-05, 0.6033936738967896, 0.049088627099990845, -0.4983290433883667, -0.4918175935745239, -3.7550926208496094e-06, 5.960464477539062e-07, 1.7200777530670166, -3.680586814880371e-06, -2.8833746910095215e-06, 1.6338958740234375, 1.1653173714876175e-07, 7.592141628265381e-06, 0.6061096787452698, 0.03803712874650955, 0.48609960079193115, -0.06373599171638489, 4.7031790018081665e-06, -8.698552846908569e-07, 0.4917295575141907, -7.241033017635345e-08, -5.796318873763084e-07, 0.4917339086532593, 0.14979755878448486, -0.004515446722507477, 0.2672131061553955, 2.682209014892578e-07, -2.680346369743347e-06, 0.6228750944137573, 7.800757884979248e-06, -7.599592208862305e-06, 1.1016762256622314, 1.7881393432617188e-07, 1.4901161193847656e-08, 0.7726436853408813, -0.14074432849884033, -0.019361764192581177, 0.25302645564079285, 4.76837158203125e-07, -7.227063179016113e-07, 0.5432054400444031, -3.6656856536865234e-06, 3.725290298461914e-06, 1.103057861328125, 1.1563301086425781e-05, -7.569789886474609e-06, 0.824051022529602, -0.009052684530615807, 0.023875471204519272, 0.3158409893512726, 1.9744038581848145e-07, -4.470348358154297e-08, 0.3153611421585083, -0.0012294948101043701, -0.28040921688079834, 1.0047492980957031, 0.001229502260684967, 0.28040480613708496, 0.17804373800754547, -0.02252843976020813, 4.070948123931885, 1.0956155061721802, -0.08712348341941833, -0.35718581080436707, 0.5555341243743896, 5.759298801422119e-06, -2.8312206268310547e-06, 1.736465573310852, -3.889203071594238e-06, -2.8312206268310547e-06, 1.62127685546875, -2.808868885040283e-06, -1.1414289474487305e-05, 0.6033935546875, 0.04908859729766846, -0.4983291029930115, -0.49181777238845825, -3.7476420402526855e-06, 4.76837158203125e-07, 1.720077633857727, -3.926455974578857e-06, -2.905726432800293e-06, 1.6338961124420166, -1.6996636986732483e-08, 7.584691047668457e-06, 0.606109619140625, 0.03803710266947746, 0.4860993027687073, -0.063736192882061, 4.623085260391235e-06, -8.810311555862427e-07, 0.49172958731651306, 4.516914486885071e-08, -4.437752068042755e-07, 0.49173417687416077, 0.14979755878448486, -0.0045153796672821045, 0.26721417903900146, 1.4901161193847656e-07, -2.3208558559417725e-06, 0.6228752136230469, 7.4803829193115234e-06, -7.525086402893066e-06, 1.101677656173706, 9.685754776000977e-08, -8.940696716308594e-08, 0.7726432681083679, -0.14074428379535675, -0.019361697137355804, 0.2530269920825958, 6.258487701416016e-07, -5.21540641784668e-07, 0.5432048439979553, -4.112720489501953e-06, 4.172325134277344e-06, 1.1030583381652832, 1.1511147022247314e-05, -7.614493370056152e-06, 0.8240509629249573, -0.009052719920873642, 0.023875465616583824, 0.31584200263023376, 2.682209014892578e-07, -2.9802322387695312e-08, 0.31536078453063965, -0.0012294761836528778, -0.2804088294506073, 1.0047483444213867, 0.0012294985353946686, 0.28040534257888794, 0.1780422478914261, -0.021817641332745552, 4.076085567474365, 1.095933437347412, -0.08712346851825714, -0.357185959815979, 0.555534303188324, 5.669891834259033e-06, -2.7939677238464355e-06, 1.7364659309387207, -3.769993782043457e-06, -2.86102294921875e-06, 1.6212769746780396, -2.7865171432495117e-06, -1.1444091796875e-05, 0.6033935546875, 0.049088627099990845, -0.49832960963249207, -0.4918174743652344, -3.73227521777153e-06, 5.960464477539062e-07, 1.720077395439148, -4.0084123611450195e-06, -2.7865171432495117e-06, 1.6338956356048584, 1.5067053027451038e-07, 7.584691047668457e-06, 0.6061096787452698, 0.03803699463605881, 0.48609909415245056, -0.06373599916696548, 4.604458808898926e-06, -9.350478649139404e-07, 0.4917299151420593, 1.0058283805847168e-07, -4.507601261138916e-07, 0.49173417687416077, 0.1497974693775177, -0.004515442997217178, 0.2672138810157776, 3.2782554626464844e-07, -2.1080486476421356e-06, 0.6228753328323364, 7.092952728271484e-06, -7.584691047668457e-06, 1.1016777753829956, -2.2351741790771484e-08, -5.960464477539063e-08, 0.7726438045501709, -0.14074435830116272, -0.01936175674200058, 0.2530270218849182, 6.258487701416016e-07, -1.564621925354004e-07, 0.5432051420211792, -3.926455974578857e-06, 4.455447196960449e-06, 1.103057622909546, 1.1652708053588867e-05, -7.554888725280762e-06, 0.824049711227417, -0.009052731096744537, 0.023875512182712555, 0.31584200263023376, 1.341104507446289e-07, 8.195638656616211e-08, 0.31536126136779785, -0.0012294836342334747, -0.28040921688079834, 1.0047489404678345, 0.001229526475071907, 0.2804047465324402, 0.17804329097270966, -0.02109583467245102, 4.081303119659424, 1.0962562561035156, -0.08712339401245117, -0.35718590021133423, 0.5555343627929688, 5.692243576049805e-06, -2.8833746910095215e-06, 1.7364656925201416, -3.7997961044311523e-06, -2.8908252716064453e-06, 1.621276617050171, -2.816319465637207e-06, -1.1444091796875e-05, 0.6033936142921448, 0.049088627099990845, -0.4983294606208801, -0.4918175935745239, -3.6656856536865234e-06, 6.258487701416016e-07, 1.720077395439148, -3.87243926525116e-06, -2.86102294921875e-06, 1.633895993232727, 8.812639862298965e-08, 7.599592208862305e-06, 0.6061096787452698, 0.03803713992238045, 0.48609957098960876, -0.06373604387044907, 4.634261131286621e-06, -9.252689778804779e-07, 0.4917296767234802, -1.1175870895385742e-08, -5.755573511123657e-07, 0.491733193397522, 0.1497974693775177, -0.0045154280960559845, 0.26721447706222534, 2.086162567138672e-07, -2.62516550719738e-06, 0.6228752136230469, 7.7858567237854e-06, -7.666647434234619e-06, 1.1016775369644165, -1.1175870895385742e-08, -1.4901161193847656e-08, 0.7726444005966187, -0.1407443881034851, -0.019361719489097595, 0.253027081489563, 3.8743019104003906e-07, -1.2442469596862793e-06, 0.5432053804397583, -3.7923455238342285e-06, 3.248453140258789e-06, 1.1030586957931519, 1.1295080184936523e-05, -7.659196853637695e-06, 0.824051558971405, -0.009052741341292858, 0.02387552335858345, 0.3158422112464905, 1.1175870895385742e-07, -7.450580596923828e-09, 0.31536078453063965, -0.0012295171618461609, -0.280409038066864, 1.0047482252120972, 0.0012295059859752655, 0.2804047465324402, 0.17804300785064697, -0.020204469561576843, 4.0877461433410645, 1.096655011177063, -0.08712342381477356, -0.3571861684322357, 0.5555343627929688, 5.759298801422119e-06, -2.780463546514511e-06, 1.736465334892273, -3.6656856536865234e-06, -2.816319465637207e-06, 1.6212769746780396, -3.0174851417541504e-06, -1.1444091796875e-05, 0.6033936142921448, 0.049088627099990845, -0.4983295202255249, -0.49181750416755676, -3.874301910400391e-06, 5.662441253662109e-07, 1.720077633857727, -3.648921847343445e-06, -2.86102294921875e-06, 1.6338958740234375, -8.236384019255638e-08, 7.72625207901001e-06, 0.6061096787452698, 0.03803704306483269, 0.4860992133617401, -0.06373600661754608, 4.60771843791008e-06, -9.182840585708618e-07, 0.49172988533973694, -9.313225746154785e-08, -4.4330954551696777e-07, 0.49173346161842346, 0.14979740977287292, -0.004515392705798149, 0.2672137916088104, 2.682209014892578e-07, -1.932494342327118e-06, 0.622875452041626, 7.3909759521484375e-06, -7.62939453125e-06, 1.1016771793365479, 2.421438694000244e-08, 6.705522537231445e-08, 0.7726441025733948, -0.1407444328069687, -0.01936151832342148, 0.2530272603034973, 4.76837158203125e-07, -6.258487701416016e-07, 0.543205738067627, -3.6954879760742188e-06, 4.172325134277344e-06, 1.1030573844909668, 1.1146068572998047e-05, -7.3909759521484375e-06, 0.8240507245063782, -0.009052783250808716, 0.02387547865509987, 0.31584247946739197, 1.7881393432617188e-07, 9.685754776000977e-08, 0.31536102294921875, -0.0012295180931687355, -0.28040874004364014, 1.0047484636306763, 0.0012295236811041832, 0.2804048955440521, 0.1780434101819992, -0.018858058378100395, 4.09747838973999, 1.0972572565078735, -0.08712337911128998, -0.3571861982345581, 0.5555344223976135, 5.854293704032898e-06, -2.946704626083374e-06, 1.736465334892273, -3.948807716369629e-06, -2.8461217880249023e-06, 1.6212769746780396, -2.8908252716064453e-06, -1.1429190635681152e-05, 0.6033934950828552, 0.049088820815086365, -0.49832937121391296, -0.49181756377220154, -3.725290298461914e-06, 6.854534149169922e-07, 1.7200772762298584, -3.8096477510407567e-06, -2.913177013397217e-06, 1.6338958740234375, -1.0035000741481781e-07, 7.68899917602539e-06, 0.606109619140625, 0.038037337362766266, 0.4860993027687073, -0.0637359544634819, 4.628673195838928e-06, -8.400529623031616e-07, 0.4917301833629608, 1.1920928955078125e-07, -3.948807716369629e-07, 0.4917333424091339, 0.14979764819145203, -0.0045153978280723095, 0.2672140598297119, 8.940696716308594e-08, -2.3134052753448486e-06, 0.6228753328323364, 7.782131433486938e-06, -7.640570402145386e-06, 1.1016772985458374, 1.341104507446289e-07, 7.078051567077637e-08, 0.7726442217826843, -0.14074425399303436, -0.019361712038517, 0.2530271112918854, 7.748603820800781e-07, -6.258487701416016e-07, 0.543204665184021, -3.725290298461914e-06, 3.337860107421875e-06, 1.103058099746704, 1.138448715209961e-05, -7.927417755126953e-06, 0.8240514993667603, -0.009052649140357971, 0.023875489830970764, 0.3158418834209442, 3.241002559661865e-07, 1.564621925354004e-07, 0.3153610825538635, -0.0012295232154428959, -0.28040948510169983, 1.0047491788864136, 0.0012295064516365528, 0.2804042100906372, 0.17804330587387085, -0.017299523577094078, 4.108744144439697, 1.0979543924331665, -0.08712352812290192, -0.357186496257782, 0.5555343627929688, 5.777925252914429e-06, -3.0547380447387695e-06, 1.7364656925201416, -3.8817524909973145e-06, -2.919929102063179e-06, 1.6212773323059082, -2.7567148208618164e-06, -1.1548399925231934e-05, 0.6033934950828552, 0.049088671803474426, -0.49832987785339355, -0.4918174147605896, -3.844499588012695e-06, 3.8743019104003906e-07, 1.720077395439148, -3.757886588573456e-06, -2.7725473046302795e-06, 1.6338958740234375, 6.568734534084797e-08, 7.621943950653076e-06, 0.6061096787452698, 0.03803716599941254, 0.4860985279083252, -0.06373587995767593, 4.589557647705078e-06, -7.897615432739258e-07, 0.4917299449443817, 7.450580596923828e-09, -3.8743019104003906e-07, 0.49173370003700256, 0.1497974991798401, -0.004515498876571655, 0.2672139108181, 2.086162567138672e-07, -2.169981598854065e-06, 0.6228752732276917, 7.808208465576172e-06, -7.569789886474609e-06, 1.101677417755127, -2.7567148208618164e-07, 0.0, 0.7726438045501709, -0.1407443732023239, -0.01936180889606476, 0.2530270218849182, 6.854534149169922e-07, 1.1920928955078125e-07, 0.5432047843933105, -3.5762786865234375e-06, 3.7550926208496094e-06, 1.1030577421188354, 1.1622905731201172e-05, -7.927417755126953e-06, 0.824051022529602, -0.009052678942680359, 0.023875460028648376, 0.3158418536186218, 3.725290298461914e-07, 6.705522537231445e-08, 0.3153609037399292, -0.001229477464221418, -0.2804092466831207, 1.0047491788864136, 0.001229503657668829, 0.280405193567276, 0.17804290354251862, -0.015859030187129974, 4.119156360626221, 1.0985987186431885, -0.08712336421012878, -0.35718604922294617, 0.5555343627929688, 5.759298801422119e-06, -2.995133399963379e-06, 1.7364649772644043, -3.831461071968079e-06, -2.8498470783233643e-06, 1.6212764978408813, -2.779066562652588e-06, -1.1444091796875e-05, 0.6033934354782104, 0.04908877611160278, -0.49832963943481445, -0.4918174743652344, -3.5762786865234375e-06, 4.172325134277344e-07, 1.720077633857727, -3.715045750141144e-06, -2.775341272354126e-06, 1.6338958740234375, 5.398760549724102e-08, 7.703900337219238e-06, 0.606109619140625, 0.03803720697760582, 0.4860990345478058, -0.0637359768152237, 4.738569259643555e-06, -8.083879947662354e-07, 0.4917301833629608, -1.1920928955078125e-07, -3.650784492492676e-07, 0.49173375964164734, 0.1497974693775177, -0.004515375941991806, 0.26721373200416565, 4.023313522338867e-07, -1.650303602218628e-06, 0.6228752136230469, 7.778406143188477e-06, -7.838010787963867e-06, 1.1016767024993896, 2.5331974029541016e-07, 5.960464477539063e-08, 0.7726436257362366, -0.14074447751045227, -0.019361786544322968, 0.2530265152454376, 1.1920928955078125e-07, -4.023313522338867e-07, 0.5432051420211792, -3.7550926208496094e-06, 3.6954879760742188e-06, 1.1030579805374146, 1.138448715209961e-05, -7.68899917602539e-06, 0.8240506649017334, -0.009052842855453491, 0.023875482380390167, 0.3158416450023651, 1.1920928955078125e-07, -2.086162567138672e-07, 0.3153614401817322, -0.0012294766493141651, -0.2804090976715088, 1.0047492980957031, 0.0012295333435758948, 0.28040510416030884, 0.17804354429244995, -0.015398949384689331, 4.1224822998046875, 1.0988044738769531, -0.08712348341941833, -0.35718634724617004, 0.5555344223976135, 5.736947059631348e-06, -2.987682819366455e-06, 1.7364654541015625, -3.768131136894226e-06, -2.808868885040283e-06, 1.6212767362594604, -2.9206275939941406e-06, -1.1488795280456543e-05, 0.6033935546875, 0.04908865690231323, -0.49832993745803833, -0.49181750416755676, -3.7848949432373047e-06, 5.066394805908203e-07, 1.7200772762298584, -3.932975232601166e-06, -2.771615982055664e-06, 1.6338958740234375, -2.8114300221204758e-08, 7.599592208862305e-06, 0.6061096787452698, 0.03803722560405731, 0.486098974943161, -0.0637359619140625, 4.693865776062012e-06, -6.668269634246826e-07, 0.49173036217689514, -2.5331974029541016e-07, -3.8743019104003906e-07, 0.49173325300216675, 0.1497974693775177, -0.004515279084444046, 0.2672141492366791, 2.980232238769531e-07, -1.821666955947876e-06, 0.6228752732276917, 7.778406143188477e-06, -7.4803829193115234e-06, 1.101676344871521, 0.0, -8.940696716308594e-08, 0.7726439237594604, -0.1407443881034851, -0.019361630082130432, 0.25302714109420776, 6.854534149169922e-07, -7.599592208862305e-07, 0.5432053208351135, -3.337860107421875e-06, 3.2782554626464844e-06, 1.103057861328125, 1.1458992958068848e-05, -7.510185241699219e-06, 0.8240514993667603, -0.009052857756614685, 0.02387559413909912, 0.31584176421165466, 1.7881393432617188e-07, 9.685754776000977e-08, 0.3153608739376068, -0.0012294426560401917, -0.2804093360900879, 1.004749059677124, 0.0012295376509428024, 0.2804051339626312, 0.1780429184436798, -0.016445908695459366, 4.114914417266846, 1.0983362197875977, -0.08712336421012878, -0.35718610882759094, 0.5555343627929688, 5.718320608139038e-06, -2.522021532058716e-06, 1.7364658117294312, -3.782915882766247e-06, -2.771615982055664e-06, 1.62127685546875, -2.9206275939941406e-06, -1.1429190635681152e-05, 0.6033936142921448, 0.04908877611160278, -0.4983290433883667, -0.4918173551559448, -3.844499588012695e-06, 3.5762786865234375e-07, 1.7200778722763062, -3.6116689443588257e-06, -2.7567148208618164e-06, 1.6338958740234375, 8.702045306563377e-09, 7.621943950653076e-06, 0.6061097383499146, 0.03803732991218567, 0.48609957098960876, -0.06373588740825653, 4.678964614868164e-06, -8.530914783477783e-07, 0.4917300343513489, -5.960464477539063e-08, -4.3213367462158203e-07, 0.49173352122306824, 0.14979757368564606, -0.004515537992119789, 0.26721373200416565, 5.513429641723633e-07, -2.0712614059448242e-06, 0.6228752136230469, 7.510185241699219e-06, -7.510185241699219e-06, 1.1016764640808105, -2.9802322387695312e-08, 2.086162567138672e-07, 0.7726446986198425, -0.14074429869651794, -0.019361909478902817, 0.25302672386169434, 3.5762786865234375e-07, -4.023313522338867e-07, 0.5432052612304688, -3.516674041748047e-06, 3.1888484954833984e-06, 1.103057861328125, 1.150369644165039e-05, -7.450580596923828e-06, 0.8240506052970886, -0.009052708745002747, 0.02387543022632599, 0.3158417344093323, 3.2782554626464844e-07, -1.043081283569336e-07, 0.3153613209724426, -0.0012295329943299294, -0.28040844202041626, 1.004749059677124, 0.0012294799089431763, 0.2804056406021118, 0.17804314196109772, -0.01831887476146221, 4.101376056671143, 1.0974984169006348, -0.0871233344078064, -0.35718584060668945, 0.5555344820022583, 5.7443976402282715e-06, -2.905726432800293e-06, 1.736465334892273, -3.684312105178833e-06, -2.816319465637207e-06, 1.621276617050171, -2.8759241104125977e-06, -1.1444091796875e-05, 0.6033934354782104, 0.04908880591392517, -0.49832919239997864, -0.49181732535362244, -3.7997961044311523e-06, 4.172325134277344e-07, 1.7200772762298584, -3.6656856536865234e-06, -2.771615982055664e-06, 1.633895993232727, -1.2470991350710392e-07, 7.621943950653076e-06, 0.6061095595359802, 0.038037121295928955, 0.4860990643501282, -0.06373590230941772, 4.686415195465088e-06, -7.674098014831543e-07, 0.4917295277118683, -5.960464477539063e-08, -5.885958671569824e-07, 0.4917334020137787, 0.14979752898216248, -0.004515454173088074, 0.26721394062042236, 2.2351741790771484e-07, -2.045184373855591e-06, 0.6228753328323364, 7.68899917602539e-06, -7.510185241699219e-06, 1.101677417755127, 2.980232238769531e-07, 2.2351741790771484e-08, 0.7726444005966187, -0.1407444179058075, -0.01936173439025879, 0.25302743911743164, 6.258487701416016e-07, -9.387731552124023e-07, 0.5432050824165344, -3.4570693969726562e-06, 2.9653310775756836e-06, 1.103058099746704, 1.150369644165039e-05, -7.569789886474609e-06, 0.8240513801574707, -0.009052664041519165, 0.023875415325164795, 0.3158425986766815, 2.086162567138672e-07, 2.384185791015625e-07, 0.315360963344574, -0.0012294352054595947, -0.2804087996482849, 1.0047500133514404, 0.0012295152992010117, 0.28040534257888794, 0.17804378271102905, -0.020793886855244637, 4.0834856033325195, 1.0963913202285767, -0.08712348341941833, -0.3571854829788208, 0.5555343627929688, 5.815178155899048e-06, -3.069639205932617e-06, 1.7364652156829834, -3.905035555362701e-06, -2.8908252716064453e-06, 1.6212769746780396, -2.767890691757202e-06, -1.1555850505828857e-05, 0.6033935546875, 0.049088746309280396, -0.4983288645744324, -0.4918173551559448, -3.814697265625e-06, 4.470348358154297e-07, 1.720077395439148, -3.829598426818848e-06, -2.8759241104125977e-06, 1.6338958740234375, 1.206353772431612e-08, 7.621943950653076e-06, 0.6061095595359802, 0.038037337362766266, 0.4860997796058655, -0.06373586505651474, 4.708766937255859e-06, -7.7858567237854e-07, 0.4917295575141907, -1.341104507446289e-07, -4.917383193969727e-07, 0.4917333424091339, 0.14979739487171173, -0.004515472799539566, 0.2672145664691925, 1.4901161193847656e-07, -1.2945383787155151e-06, 0.6228753328323364, 7.62939453125e-06, -7.569789886474609e-06, 1.1016767024993896, 5.960464477539063e-08, 4.470348358154297e-08, 0.7726442813873291, -0.14074453711509705, -0.019361652433872223, 0.25302737951278687, 7.748603820800781e-07, -3.3527612686157227e-07, 0.5432053208351135, -3.993511199951172e-06, 4.470348358154297e-06, 1.103057622909546, 1.1354684829711914e-05, -7.510185241699219e-06, 0.8240511417388916, -0.009052872657775879, 0.023875489830970764, 0.315841943025589, 1.4901161193847656e-07, 7.450580596923828e-09, 0.3153614103794098, -0.0012294985353946686, -0.2804090678691864, 1.0047494173049927, 0.0012295003980398178, 0.2804044187068939, 0.17804352939128876, -0.02384844981133938, 4.06140661239624, 1.0950250625610352, -0.08712345361709595, -0.3571864664554596, 0.5555343627929688, 5.718320608139038e-06, -2.7082860469818115e-06, 1.7364654541015625, -3.845430910587311e-06, -2.905726432800293e-06, 1.62127685546875, -2.8051435947418213e-06, -1.1421740055084229e-05, 0.6033936142921448, 0.04908868670463562, -0.49832969903945923, -0.4918175935745239, -3.7550926208496094e-06, 4.76837158203125e-07, 1.7200770378112793, -3.7606805562973022e-06, -3.0100345611572266e-06, 1.633895754814148, 6.2427716329693794e-09, 7.614493370056152e-06, 0.606109619140625, 0.0380372479557991, 0.4860987365245819, -0.06373602896928787, 4.682689905166626e-06, -8.419156074523926e-07, 0.49173060059547424, -4.470348358154297e-08, -5.662441253662109e-07, 0.49173370003700256, 0.1497974693775177, -0.004515388980507851, 0.2672136425971985, 5.066394805908203e-07, -1.7154961824417114e-06, 0.6228752136230469, 7.987022399902344e-06, -7.957220077514648e-06, 1.1016769409179688, -1.1920928955078125e-07, -5.960464477539063e-08, 0.7726446390151978, -0.14074447751045227, -0.01936180144548416, 0.25302672386169434, 3.5762786865234375e-07, -7.236376404762268e-07, 0.5432052612304688, -4.351139068603516e-06, 4.112720489501953e-06, 1.103057861328125, 1.150369644165039e-05, -7.599592208862305e-06, 0.824050784111023, -0.00905279815196991, 0.023875482380390167, 0.3158414959907532, 4.172325134277344e-07, -1.4156103134155273e-07, 0.31536152958869934, -0.001229509711265564, -0.2804080545902252, 1.004748821258545, 0.0012294836342334747, 0.28040578961372375, 0.17804327607154846, -0.027946172282099724, 4.031786918640137, 1.093192219734192, -0.08712336421012878, -0.3571861982345581, 0.5555343627929688, 5.662441253662109e-06, -2.7976930141448975e-06, 1.7364656925201416, -3.8780272006988525e-06, -2.8349459171295166e-06, 1.6212769746780396, -2.8833746910095215e-06, -1.1444091796875e-05, 0.6033935546875, 0.04908868670463562, -0.4983295500278473, -0.49181750416755676, -3.769993782043457e-06, 4.470348358154297e-07, 1.7200778722763062, -3.8174912333488464e-06, -2.9206275939941406e-06, 1.6338958740234375, -5.878973752260208e-09, 7.636845111846924e-06, 0.606109619140625, 0.03803722560405731, 0.486099511384964, -0.06373600661754608, 4.69014048576355e-06, -8.884817361831665e-07, 0.4917300045490265, 7.450580596923828e-08, -4.954636096954346e-07, 0.4917337894439697, 0.14979758858680725, -0.004515462554991245, 0.2672136723995209, 2.682209014892578e-07, -8.698552846908569e-07, 0.6228753328323364, 7.3909759521484375e-06, -7.599592208862305e-06, 1.1016771793365479, -5.960464477539063e-08, 2.9802322387695312e-08, 0.7726439237594604, -0.1407443881034851, -0.01936192810535431, 0.25302714109420776, 6.258487701416016e-07, -2.1979212760925293e-07, 0.5432053804397583, -3.993511199951172e-06, 3.874301910400391e-06, 1.1030577421188354, 1.1324882507324219e-05, -7.204711437225342e-06, 0.8240503072738647, -0.009052649140357971, 0.02387533336877823, 0.31584227085113525, 1.7881393432617188e-07, -8.940696716308594e-08, 0.31536102294921875, -0.0012294910848140717, -0.2804088592529297, 1.004749059677124, 0.0012295152992010117, 0.2804054617881775, 0.1780429631471634, -0.032396312803030014, 3.999619960784912, 1.091201663017273, -0.08712349832057953, -0.35718661546707153, 0.5555343627929688, 5.709007382392883e-06, -2.8721988201141357e-06, 1.7364656925201416, -3.830296918749809e-06, -2.8442591428756714e-06, 1.6212769746780396, -2.9280781745910645e-06, -1.138448715209961e-05, 0.6033935546875, 0.04908865690231323, -0.49832969903945923, -0.491817444562912, -3.6954879760742188e-06, 5.662441253662109e-07, 1.720077633857727, -3.7048012018203735e-06, -2.8312206268310547e-06, 1.6338958740234375, -1.752050593495369e-08, 7.644295692443848e-06, 0.6061095595359802, 0.03803715854883194, 0.4860990643501282, -0.06373598426580429, 4.719942808151245e-06, -8.270144462585449e-07, 0.4917297065258026, 7.450580596923828e-09, -4.3958425521850586e-07, 0.49173393845558167, 0.14979752898216248, -0.0045152949169278145, 0.2672148048877716, 2.2351741790771484e-07, -1.4510005712509155e-06, 0.6228752136230469, 7.3909759521484375e-06, -7.4803829193115234e-06, 1.1016771793365479, -1.7881393432617188e-07, 4.470348358154297e-08, 0.7726447582244873, -0.14074435830116272, -0.019361786544322968, 0.25302791595458984, 3.5762786865234375e-07, -7.599592208862305e-07, 0.5432052612304688, -3.827735781669617e-06, 3.3676624298095703e-06, 1.1030579805374146, 1.1622905731201172e-05, -7.033348083496094e-06, 0.824051022529602, -0.009052827954292297, 0.02387550100684166, 0.3158423602581024, 5.21540641784668e-08, 3.725290298461914e-08, 0.31536057591438293, -0.0012294724583625793, -0.2804092466831207, 1.0047492980957031, 0.001229509711265564, 0.2804042100906372, 0.17804335057735443, -0.03543425351381302, 3.977660894393921, 1.0898427963256836, -0.08712337911128998, -0.35718679428100586, 0.555534303188324, 5.7248398661613464e-06, -3.125518560409546e-06, 1.7364652156829834, -3.773719072341919e-06, -2.86102294921875e-06, 1.6212769746780396, -3.032386302947998e-06, -1.1444091796875e-05, 0.6033936142921448, 0.04908859729766846, -0.49833017587661743, -0.4918174743652344, -3.680586814880371e-06, 5.364418029785156e-07, 1.7200775146484375, -3.946712240576744e-06, -2.8759241104125977e-06, 1.633895993232727, -4.598405212163925e-08, 7.644295692443848e-06, 0.606109619140625, 0.03803723305463791, 0.48609858751296997, -0.0637359619140625, 4.805624485015869e-06, -6.239861249923706e-07, 0.49173057079315186, 1.4901161193847656e-08, -3.241002559661865e-07, 0.4917343854904175, 0.14979755878448486, -0.004515429958701134, 0.2672140300273895, 1.4156103134155273e-07, -1.974869519472122e-06, 0.6228752732276917, 7.450580596923828e-06, -7.569789886474609e-06, 1.1016769409179688, -5.960464477539063e-08, -4.470348358154297e-08, 0.772644579410553, -0.14074423909187317, -0.01936163753271103, 0.2530275583267212, 3.948807716369629e-07, -7.338821887969971e-07, 0.5432053208351135, -3.680586814880371e-06, 3.915280103683472e-06, 1.103058099746704, 1.1622905731201172e-05, -7.554888725280762e-06, 0.8240509033203125, -0.009052634239196777, 0.02387549728155136, 0.3158419132232666, 1.1175870895385742e-07, -1.601874828338623e-07, 0.31536105275154114, -0.0012294873595237732, -0.28040891885757446, 1.0047494173049927, 0.0012295357882976532, 0.2804054617881775, 0.17804311215877533, -0.03740217164158821, 3.9634361267089844, 1.0889625549316406, -0.08712364733219147, -0.3571864366531372, 0.5555343627929688, 5.770940333604813e-06, -2.9765069484710693e-06, 1.7364652156829834, -3.889203071594238e-06, -2.8386712074279785e-06, 1.6212769746780396, -2.8312206268310547e-06, -1.150369644165039e-05, 0.6033935546875, 0.049088478088378906, -0.49832990765571594, -0.4918174743652344, -3.6656856536865234e-06, 5.364418029785156e-07, 1.7200775146484375, -3.836117684841156e-06, -2.8908252716064453e-06, 1.6338958740234375, 1.2316741049289703e-07, 7.62939453125e-06, 0.606109619140625, 0.03803705796599388, 0.4860991835594177, -0.0637359693646431, 4.764646291732788e-06, -8.717179298400879e-07, 0.49173009395599365, 8.940696716308594e-08, -5.960464477539062e-07, 0.4917333424091339, 0.1497974693775177, -0.004515503533184528, 0.2672138214111328, 3.8743019104003906e-07, -2.2025778889656067e-06, 0.6228752136230469, 7.927417755126953e-06, -7.718801498413086e-06, 1.1016765832901, -5.960464477539063e-08, -1.4901161193847656e-08, 0.7726439833641052, -0.1407444030046463, -0.019361767917871475, 0.2530268430709839, 4.721805453300476e-07, -6.92903995513916e-07, 0.543205201625824, -3.822147846221924e-06, 3.7886202335357666e-06, 1.1030575037002563, 1.1473894119262695e-05, -8.434057235717773e-06, 0.8240509033203125, -0.009052731096744537, 0.023875590413808823, 0.31584179401397705, 2.0489096641540527e-07, 1.993030309677124e-07, 0.31536149978637695, -0.0012294948101043701, -0.2804093062877655, 1.0047497749328613, 0.0012295059859752655, 0.28040507435798645, 0.17804357409477234, -0.038422245532274246, 3.9560625553131104, 1.0885062217712402, -0.08712349832057953, -0.3571860194206238, 0.5555344223976135, 5.741603672504425e-06, -3.0510127544403076e-06, 1.736465573310852, -3.84356826543808e-06, -2.8759241104125977e-06, 1.6212767362594604, -2.8051435947418213e-06, -1.1511147022247314e-05, 0.6033936142921448, 0.04908868670463562, -0.4983292818069458, -0.491817444562912, -3.7401914596557617e-06, 3.8743019104003906e-07, 1.720077395439148, -3.719702363014221e-06, -2.9206275939941406e-06, 1.6338961124420166, 1.0244548320770264e-07, 7.6070427894592285e-06, 0.6061095595359802, 0.038037270307540894, 0.48609986901283264, -0.06373598426580429, 4.679430276155472e-06, -6.237532943487167e-07, 0.49172988533973694, 2.1420419216156006e-08, -4.85684722661972e-07, 0.4917338788509369, 0.1497974991798401, -0.004515472799539566, 0.2672141194343567, 2.980232238769531e-07, -2.666376531124115e-06, 0.6228753328323364, 7.748603820800781e-06, -7.987022399902344e-06, 1.1016768217086792, -1.1920928955078125e-07, -8.940696716308594e-08, 0.7726443409919739, -0.14074435830116272, -0.0193617083132267, 0.2530275285243988, 5.953479558229446e-07, -6.332993507385254e-07, 0.5432052612304688, -4.038214683532715e-06, 3.5939738154411316e-06, 1.1030572652816772, 1.1354684829711914e-05, -7.3909759521484375e-06, 0.8240509629249573, -0.009052716195583344, 0.023875487968325615, 0.3158426582813263, 1.564621925354004e-07, -2.7939677238464355e-08, 0.31536129117012024, -0.0012294857297092676, -0.28040868043899536, 1.004749059677124, 0.0012295108754187822, 0.2804050147533417, 0.17804327607154846, -0.03949747234582901, 3.9482905864715576, 1.0880253314971924, -0.08712346851825714, -0.35718628764152527, 0.5555344820022583, 5.681067705154419e-06, -2.600252628326416e-06, 1.736465334892273, -3.770343028008938e-06, -2.8865179046988487e-06, 1.6212769746780396, -2.853572368621826e-06, -1.1481344699859619e-05, 0.6033935546875, 0.049088627099990845, -0.49832943081855774, -0.49181726574897766, -3.904104232788086e-06, 3.2782554626464844e-07, 1.7200772762298584, -3.907829523086548e-06, -2.816319465637207e-06, 1.633895754814148, 1.257285475730896e-08, 7.68899917602539e-06, 0.606109619140625, 0.038036905229091644, 0.4860987067222595, -0.06373584270477295, 4.727393388748169e-06, -8.028000593185425e-07, 0.491730660200119, -1.862645149230957e-08, -5.308538675308228e-07, 0.49173396825790405, 0.1497974693775177, -0.004515346139669418, 0.2672138512134552, 2.384185791015625e-07, -1.434236764907837e-06, 0.6228753328323364, 7.569789886474609e-06, -7.867813110351562e-06, 1.1016764640808105, 2.384185791015625e-07, 0.0, 0.7726439237594604, -0.14074435830116272, -0.019361587241292, 0.25302690267562866, 4.991888999938965e-07, -4.917383193969727e-07, 0.543205201625824, -3.7923455238342285e-06, 3.889203071594238e-06, 1.1030577421188354, 1.1324882507324219e-05, -7.286667823791504e-06, 0.8240509629249573, -0.00905274972319603, 0.023875508457422256, 0.31584200263023376, 2.086162567138672e-07, 9.313225746154785e-10, 0.31536194682121277, -0.001229497604072094, -0.28040891885757446, 1.0047496557235718, 0.0012295041233301163, 0.2804049551486969, 0.1780436486005783, -0.03941546007990837, 3.948883295059204, 1.088062047958374, -0.0871235579252243, -0.3571862578392029, 0.5555344820022583, 5.7853758335113525e-06, -3.0994415283203125e-06, 1.7364649772644043, -3.893161192536354e-06, -2.8461217880249023e-06, 1.6212767362594604, -2.882443368434906e-06, -1.1511147022247314e-05, 0.6033935546875, 0.04908859729766846, -0.4983294606208801, -0.4918173849582672, -3.7178397178649902e-06, 5.364418029785156e-07, 1.7200772762298584, -3.7811696529388428e-06, -2.9355287551879883e-06, 1.633895754814148, 3.152526915073395e-07, 7.636845111846924e-06, 0.606109619140625, 0.0380370169878006, 0.4860990345478058, -0.06373589485883713, 4.6193599700927734e-06, -9.071081876754761e-07, 0.491729736328125, -2.2351741790771484e-08, -5.494803190231323e-07, 0.49173280596733093, 0.1497974693775177, -0.00451534241437912, 0.26721465587615967, 2.086162567138672e-07, -1.125037670135498e-06, 0.6228752136230469, 7.748603820800781e-06, -7.68899917602539e-06, 1.1016770601272583, 2.384185791015625e-07, -1.1175870895385742e-07, 0.7726435661315918, -0.14074447751045227, -0.019361846148967743, 0.2530273199081421, 5.159527063369751e-07, -1.0766088962554932e-06, 0.5432053208351135, -3.7848949432373047e-06, 4.608184099197388e-06, 1.103057622909546, 1.1444091796875e-05, -7.286667823791504e-06, 0.824051022529602, -0.00905279815196991, 0.023875491693615913, 0.3158422112464905, 1.2665987014770508e-07, -1.3597309589385986e-07, 0.31536129117012024, -0.0012294873595237732, -0.2804088294506073, 1.0047497749328613, 0.0012295152992010117, 0.2804048955440521, 0.17804394662380219, -0.0385146364569664, 3.955394983291626, 1.0884649753570557, -0.08712349832057953, -0.3571859300136566, 0.5555344223976135, 5.7015568017959595e-06, -2.5890767574310303e-06, 1.736465573310852, -3.864988684654236e-06, -2.8759241104125977e-06, 1.621277093887329, -2.9280781745910645e-06, -1.1451542377471924e-05, 0.6033936142921448, 0.04908853769302368, -0.4983293116092682, -0.49181750416755676, -3.741704858839512e-06, 4.6193599700927734e-07, 1.720077633857727, -3.606081008911133e-06, -2.950429916381836e-06, 1.633895993232727, 3.958120942115784e-08, 7.592141628265381e-06, 0.606109619140625, 0.03803705424070358, 0.48609957098960876, -0.06373591721057892, 4.682689905166626e-06, -6.705522537231445e-07, 0.4917297065258026, -5.21540641784668e-08, -6.631016731262207e-07, 0.4917329251766205, 0.14979755878448486, -0.0045150890946388245, 0.26721441745758057, 1.1920928955078125e-07, -2.384185791015625e-06, 0.6228752136230469, 7.62939453125e-06, -7.659196853637695e-06, 1.1016775369644165, -2.384185791015625e-07, 3.725290298461914e-08, 0.7726435661315918, -0.14074435830116272, -0.019361579790711403, 0.2530267834663391, 4.0978193283081055e-07, -7.636845111846924e-07, 0.5432053208351135, -3.7476420402526855e-06, 3.948807716369629e-06, 1.1030583381652832, 1.1295080184936523e-05, -7.748603820800781e-06, 0.8240510821342468, -0.009052693843841553, 0.023875664919614792, 0.31584206223487854, 1.4156103134155273e-07, -1.5273690223693848e-07, 0.3153611421585083, -0.001229485496878624, -0.28040921688079834, 1.0047495365142822, 0.0012294990010559559, 0.2804046869277954, 0.17804346978664398, -0.037469491362571716, 3.962949514389038, 1.0889323949813843, -0.08712349832057953, -0.3571862578392029, 0.555534303188324, 5.6549906730651855e-06, -2.991408109664917e-06, 1.736465573310852, -3.716442734003067e-06, -2.8349459171295166e-06, 1.621276617050171, -2.888031303882599e-06, -1.1473894119262695e-05, 0.6033936142921448, 0.049088478088378906, -0.4983298182487488, -0.4918177127838135, -3.818422555923462e-06, 5.066394805908203e-07, 1.7200772762298584, -3.5017728805541992e-06, -2.905726432800293e-06, 1.6338962316513062, 1.2759119272232056e-07, 7.636845111846924e-06, 0.606109619140625, 0.03803713619709015, 0.4860992729663849, -0.06373605132102966, 4.604458808898926e-06, -7.7858567237854e-07, 0.49173030257225037, -1.862645149230957e-08, -3.427267074584961e-07, 0.4917343258857727, 0.1497974693775177, -0.0045154765248298645, 0.2672137916088104, 2.682209014892578e-07, -1.3783574104309082e-06, 0.6228752136230469, 7.3909759521484375e-06, -7.674098014831543e-06, 1.1016770601272583, -5.960464477539063e-08, -4.470348358154297e-08, 0.7726436257362366, -0.1407444030046463, -0.019361570477485657, 0.25302737951278687, 4.0978193283081055e-07, -4.246830940246582e-07, 0.5432052612304688, -3.6582350730895996e-06, 4.179775714874268e-06, 1.1030575037002563, 1.1593103408813477e-05, -7.659196853637695e-06, 0.8240508437156677, -0.009052775800228119, 0.02387550100684166, 0.31584224104881287, 1.7881393432617188e-07, -1.4901161193847656e-08, 0.3153614401817322, -0.0012294882908463478, -0.28040871024131775, 1.004748821258545, 0.0012295206543058157, 0.28040534257888794, 0.17804276943206787, -0.03623649477958679, 3.9718620777130127, 1.0894839763641357, -0.0871235579252243, -0.35718613862991333, 0.5555344820022583, 5.7034194469451904e-06, -2.775341272354126e-06, 1.736465573310852, -3.886583726853132e-06, -2.8312206268310547e-06, 1.6212767362594604, -2.789776772260666e-06, -1.1436641216278076e-05, 0.6033936142921448, 0.04908853769302368, -0.4983292520046234, -0.4918174743652344, -3.769993782043457e-06, 3.8743019104003906e-07, 1.720077395439148, -3.848224878311157e-06, -2.808868885040283e-06, 1.6338958740234375, -1.3597309589385986e-07, 7.6070427894592285e-06, 0.6061095595359802, 0.03803704306483269, 0.4860992729663849, -0.06373592466115952, 4.61190938949585e-06, -9.313225746154785e-07, 0.4917299449443817, 5.960464477539063e-08, -3.241002559661865e-07, 0.491733193397522, 0.1497974693775177, -0.004515521228313446, 0.26721304655075073, 2.086162567138672e-07, -1.4975666999816895e-06, 0.6228750348091125, 7.569789886474609e-06, -7.569789886474609e-06, 1.1016765832901, 0.0, -8.940696716308594e-08, 0.7726439833641052, -0.14074447751045227, -0.01936183124780655, 0.2530268132686615, 3.8743019104003906e-07, -7.189810276031494e-07, 0.5432052612304688, -3.7550926208496094e-06, 4.157423973083496e-06, 1.103058099746704, 1.1473894119262695e-05, -7.68899917602539e-06, 0.8240508437156677, -0.009052790701389313, 0.023875318467617035, 0.31584107875823975, 1.9371509552001953e-07, -1.1920928955078125e-07, 0.31536033749580383, -0.0012294641928747296, -0.28040823340415955, 1.0047484636306763, 0.0012295052874833345, 0.2804054319858551, 0.17804290354251862, -0.0349038764834404, 3.981494665145874, 1.0900800228118896, -0.08712351322174072, -0.35718607902526855, 0.5555344820022583, 5.7443976402282715e-06, -2.9578804969787598e-06, 1.7364650964736938, -3.7509016692638397e-06, -2.9001384973526e-06, 1.6212767362594604, -2.7939677238464355e-06, -1.1447817087173462e-05, 0.6033935546875, 0.04908868670463562, -0.4983293414115906, -0.4918173551559448, -3.814697265625e-06, 5.066394805908203e-07, 1.7200775146484375, -3.900378942489624e-06, -2.8312206268310547e-06, 1.633895993232727, 3.3527612686157227e-08, 7.592141628265381e-06, 0.6061095595359802, 0.038037072867155075, 0.48609933257102966, -0.06373587250709534, 4.723668098449707e-06, -6.407499313354492e-07, 0.49172958731651306, -1.4901161193847656e-08, -4.023313522338867e-07, 0.49173399806022644, 0.14979735016822815, -0.0045153796672821045, 0.26721322536468506, 3.2782554626464844e-07, -2.1532177925109863e-06, 0.6228750944137573, 7.4803829193115234e-06, -7.599592208862305e-06, 1.1016775369644165, 2.384185791015625e-07, -5.960464477539063e-08, 0.7726439237594604, -0.14074449241161346, -0.019361576065421104, 0.25302669405937195, 5.364418029785156e-07, -6.034970283508301e-07, 0.5432051420211792, -3.904104232788086e-06, 3.978610038757324e-06, 1.103057861328125, 1.1563301086425781e-05, -7.0035457611083984e-06, 0.8240511417388916, -0.009052891284227371, 0.023875493556261063, 0.31584155559539795, 1.9371509552001953e-07, -2.086162567138672e-07, 0.31536078453063965, -0.001229479443281889, -0.28040942549705505, 1.0047498941421509, 0.001229503657668829, 0.28040459752082825, 0.1780436784029007, -0.03395770490169525, 3.9883337020874023, 1.090503215789795, -0.08712351322174072, -0.3571864664554596, 0.5555343627929688, 5.709007382392883e-06, -2.8908252716064453e-06, 1.7364650964736938, -3.6992132663726807e-06, -2.8284266591072083e-06, 1.6212767362594604, -2.8274953365325928e-06, -1.1446885764598846e-05, 0.6033934950828552, 0.04908877611160278, -0.498329758644104, -0.4918173551559448, -3.769993782043457e-06, 4.172325134277344e-07, 1.7200772762298584, -3.7373974919319153e-06, -2.8498470783233643e-06, 1.6338958740234375, 2.491287887096405e-08, 7.659196853637695e-06, 0.606109619140625, 0.03803720325231552, 0.4860987067222595, -0.06373588740825653, 4.764646291732788e-06, -8.754432201385498e-07, 0.4917294681072235, 7.450580596923828e-09, -4.917383193969727e-07, 0.4917333722114563, 0.14979739487171173, -0.004515498876571655, 0.26721394062042236, 1.1920928955078125e-07, -1.6689300537109375e-06, 0.6228752732276917, 7.838010787963867e-06, -7.595866918563843e-06, 1.1016770601272583, -1.4901161193847656e-07, 1.1920928955078125e-07, 0.7726441621780396, -0.14074450731277466, -0.01936175301671028, 0.25302720069885254, 5.811452865600586e-07, 2.086162567138672e-07, 0.5432051420211792, -3.993511199951172e-06, 3.948807716369629e-06, 1.1030582189559937, 1.1354684829711914e-05, -6.943941116333008e-06, 0.8240509033203125, -0.009052898734807968, 0.02387549728155136, 0.31584247946739197, 2.086162567138672e-07, -3.725290298461914e-08, 0.31536105275154114, -0.0012294845655560493, -0.2804091274738312, 1.0047494173049927, 0.001229514367878437, 0.28040483593940735, 0.17804333567619324, -0.032637353986501694, 3.997877836227417, 1.0910937786102295, -0.08712351322174072, -0.357185959815979, 0.5555344820022583, 5.7034194469451904e-06, -2.8461217880249023e-06, 1.7364656925201416, -3.807246685028076e-06, -2.8139911592006683e-06, 1.621276617050171, -2.8955982998013496e-06, -1.1442229151725769e-05, 0.6033935546875, 0.04908856749534607, -0.4983295500278473, -0.4918174147605896, -3.814697265625e-06, 5.960464477539062e-07, 1.720077633857727, -4.026573151350021e-06, -2.7837231755256653e-06, 1.6338956356048584, 1.2153759598731995e-07, 7.659196853637695e-06, 0.6061095595359802, 0.0380370169878006, 0.48609885573387146, -0.06373590975999832, 4.697591066360474e-06, -8.381903171539307e-07, 0.49173030257225037, 7.450580596923828e-09, -4.805624485015869e-07, 0.49173346161842346, 0.14979740977287292, -0.004515424370765686, 0.2672133445739746, 2.5331974029541016e-07, -2.33575701713562e-06, 0.6228752136230469, 7.420778274536133e-06, -7.577240467071533e-06, 1.1016772985458374, 0.0, -8.940696716308594e-08, 0.772643506526947, -0.1407444328069687, -0.019361767917871475, 0.253027081489563, 7.450580596923828e-07, -6.92903995513916e-07, 0.543205201625824, -3.859400749206543e-06, 3.4868717193603516e-06, 1.1030577421188354, 1.1414289474487305e-05, -7.12275505065918e-06, 0.8240508437156677, -0.009052757173776627, 0.023875579237937927, 0.31584134697914124, 1.1175870895385742e-07, 2.2351741790771484e-08, 0.31536102294921875, -0.0012294705957174301, -0.2804090678691864, 1.0047489404678345, 0.0012295078486204147, 0.28040483593940735, 0.17804282903671265, -0.031447529792785645, 4.0064778327941895, 1.0916260480880737, -0.08712343871593475, -0.35718604922294617, 0.5555343627929688, 5.7443976402282715e-06, -2.8796494007110596e-06, 1.7364658117294312, -3.7588179111480713e-06, -2.913177013397217e-06, 1.6212767362594604, -2.860790118575096e-06, -1.1421740055084229e-05, 0.6033934354782104, 0.04908856749534607, -0.49832969903945923, -0.4918176829814911, -3.7550926208496094e-06, 4.470348358154297e-07, 1.7200767993927002, -4.202127456665039e-06, -2.902001142501831e-06, 1.6338961124420166, 3.259629011154175e-09, 7.659196853637695e-06, 0.6061096787452698, 0.03803712874650955, 0.48609915375709534, -0.06373587250709534, 4.6156346797943115e-06, -8.121132850646973e-07, 0.4917294681072235, 4.7963112592697144e-08, -4.0978193283081055e-07, 0.4917340874671936, 0.1497974544763565, -0.0045153796672821045, 0.26721370220184326, 2.3096799850463867e-07, -2.4121254682540894e-06, 0.6228752732276917, 7.569789886474609e-06, -7.659196853637695e-06, 1.1016767024993896, 4.470348358154297e-08, 1.4901161193847656e-07, 0.7726439833641052, -0.1407443881034851, -0.01936173625290394, 0.2530268132686615, 6.258487701416016e-07, 2.7939677238464355e-07, 0.5432053804397583, -3.941357135772705e-06, 3.3676624298095703e-06, 1.1030584573745728, 1.1265277862548828e-05, -7.450580596923828e-06, 0.824051022529602, -0.009052686393260956, 0.02387557178735733, 0.3158414363861084, 1.7136335372924805e-07, 8.940696716308594e-08, 0.31536149978637695, -0.0012294817715883255, -0.28040820360183716, 1.0047491788864136, 0.001229509711265564, 0.28040528297424316, 0.17804355919361115, -0.030388204380869865, 4.014134883880615, 1.092099905014038, -0.08712336421012878, -0.3571862280368805, 0.5555343627929688, 5.735084414482117e-06, -2.9187649488449097e-06, 1.7364650964736938, -3.844499588012695e-06, -2.9243528842926025e-06, 1.6212769746780396, -2.9139264370314777e-06, -1.1466443538665771e-05, 0.6033936142921448, 0.04908880591392517, -0.4983294904232025, -0.4918175935745239, -3.7550926208496094e-06, 3.5762786865234375e-07, 1.7200775146484375, -3.7997961044311523e-06, -2.8312206268310547e-06, 1.633895754814148, 1.5203841030597687e-07, 7.584691047668457e-06, 0.6061096787452698, 0.0380372479557991, 0.4860992729663849, -0.0637359470129013, 4.712492227554321e-06, -7.934868335723877e-07, 0.49172985553741455, 8.195638656616211e-08, -3.700261004269123e-07, 0.4917331635951996, 0.14979752898216248, -0.004515394568443298, 0.267214298248291, 2.323649823665619e-07, -2.291053533554077e-06, 0.6228752732276917, 7.599592208862305e-06, -7.558614015579224e-06, 1.1016770601272583, -5.960464477539063e-08, 1.4901161193847656e-07, 0.772644579410553, -0.1407444179058075, -0.01936175301671028, 0.25302761793136597, 6.07222318649292e-07, -2.0116567611694336e-07, 0.5432052612304688, -3.7029385566711426e-06, 3.635883331298828e-06, 1.103057622909546, 1.150369644165039e-05, -7.361173629760742e-06, 0.8240509629249573, -0.009052775800228119, 0.02387545257806778, 0.31584224104881287, 7.450580596923828e-08, 2.2351741790771484e-08, 0.3153611421585083, -0.0012294910848140717, -0.28040942549705505, 1.0047497749328613, 0.0012294985353946686, 0.2804047763347626, 0.17804372310638428, -0.029469838365912437, 4.020773410797119, 1.09251070022583, -0.08712351322174072, -0.3571862280368805, 0.5555343627929688, 5.738344043493271e-06, -2.854038029909134e-06, 1.7364650964736938, -3.807246685028076e-06, -2.905726432800293e-06, 1.6212767362594604, -2.786560798995197e-06, -1.1473894119262695e-05, 0.6033936142921448, 0.04908868670463562, -0.49832943081855774, -0.4918173551559448, -3.844499588012695e-06, 4.172325134277344e-07, 1.720077633857727, -4.198402166366577e-06, -2.816319465637207e-06, 1.6338955163955688, 6.996560841798782e-08, 7.659196853637695e-06, 0.6061095595359802, 0.03803706169128418, 0.48609912395477295, -0.06373587995767593, 4.620291292667389e-06, -8.195638656616211e-07, 0.4917297959327698, 7.82310962677002e-08, -3.8743019104003906e-07, 0.49173325300216675, 0.14979751408100128, -0.004515394568443298, 0.2672136425971985, 2.4586915969848633e-07, -2.0544975996017456e-06, 0.6228750348091125, 7.927417755126953e-06, -7.599592208862305e-06, 1.1016769409179688, -1.1920928955078125e-07, 0.0, 0.7726445198059082, -0.14074434340000153, -0.01936168037354946, 0.2530272305011749, 5.513429641723633e-07, -8.344650268554688e-07, 0.5432052612304688, -3.688037395477295e-06, 4.082918167114258e-06, 1.103057622909546, 1.1593103408813477e-05, -7.838010787963867e-06, 0.8240509629249573, -0.009052839130163193, 0.023875411599874496, 0.3158412277698517, 8.940696716308594e-08, 3.725290298461914e-08, 0.3153616786003113, -0.001229514367878437, -0.28040871024131775, 1.0047491788864136, 0.0012294752523303032, 0.2804049551486969, 0.1780432015657425, -0.028899339959025383, 4.02489709854126, 1.0927658081054688, -0.08712349832057953, -0.357185959815979, 0.5555342435836792, 5.725771188735962e-06, -2.973712980747223e-06, 1.7364652156829834, -3.7848949432373047e-06, -2.853572368621826e-06, 1.62127685546875, -2.8514477889984846e-06, -1.1399388313293457e-05, 0.6033934950828552, 0.049088627099990845, -0.49832940101623535, -0.4918175935745239, -3.6656856536865234e-06, 5.960464477539062e-07, 1.7200775146484375, -3.900378942489624e-06, -2.816319465637207e-06, 1.6338961124420166, 1.19674950838089e-07, 7.584691047668457e-06, 0.606109619140625, 0.038037098944187164, 0.4860993027687073, -0.06373612582683563, 4.626810550689697e-06, -7.37607479095459e-07, 0.49173009395599365, 5.21540641784668e-08, -3.725290298461914e-07, 0.4917331635951996, 0.1497974395751953, -0.00451543927192688, 0.2672136127948761, 2.682209014892578e-07, -2.1988525986671448e-06, 0.6228752732276917, 7.018446922302246e-06, -7.569789886474609e-06, 1.1016771793365479, -1.4901161193847656e-08, 1.043081283569336e-07, 0.7726446390151978, -0.14074446260929108, -0.01936178281903267, 0.2530269920825958, 3.129243850708008e-07, -5.811452865600586e-07, 0.5432052612304688, -3.926455974578857e-06, 3.635883331298828e-06, 1.1030577421188354, 1.150369644165039e-05, -8.165836334228516e-06, 0.8240504860877991, -0.009052745997905731, 0.02387547865509987, 0.3158417046070099, 2.0116567611694336e-07, 3.725290298461914e-08, 0.31536155939102173, -0.0012294990010559559, -0.280409038066864, 1.0047491788864136, 0.0012294929474592209, 0.28040456771850586, 0.17804338037967682, -0.0285815242677927, 4.027194499969482, 1.0929080247879028, -0.08712342381477356, -0.35718604922294617, 0.5555343627929688, 5.674548447132111e-06, -3.0230730772018433e-06, 1.7364650964736938, -3.822147846221924e-06, -2.853572368621826e-06, 1.62127685546875, -2.8196373023092747e-06, -1.1377036571502686e-05, 0.6033935546875, 0.04908880591392517, -0.4983293414115906, -0.49181753396987915, -3.591179847717285e-06, 7.152557373046875e-07, 1.7200775146484375, -3.6656856536865234e-06, -2.905726432800293e-06, 1.6338961124420166, 1.9988510757684708e-07, 7.584691047668457e-06, 0.606109619140625, 0.03803722560405731, 0.4860992729663849, -0.0637359768152237, 4.7050416469573975e-06, -7.674098014831543e-07, 0.4917299151420593, 2.9802322387695312e-08, -4.507601261138916e-07, 0.4917334318161011, 0.14979767799377441, -0.004515409469604492, 0.26721346378326416, 2.384185791015625e-07, -2.4600885808467865e-06, 0.6228750944137573, 7.569789886474609e-06, -7.644295692443848e-06, 1.1016770601272583, 3.725290298461914e-09, 2.682209014892578e-07, 0.7726444005966187, -0.14074420928955078, -0.01936175301671028, 0.2530266046524048, 3.725290298461914e-07, -1.044943928718567e-06, 0.543205201625824, -3.896653652191162e-06, 3.546476364135742e-06, 1.1030575037002563, 1.1414289474487305e-05, -8.016824722290039e-06, 0.8240508437156677, -0.00905265286564827, 0.0238754041492939, 0.3158411979675293, 5.960464477539063e-08, 1.1920928955078125e-07, 0.3153610825538635, -0.0012294934131205082, -0.28040918707847595, 1.004749059677124, 0.0012294999323785305, 0.28040459752082825, 0.17804351449012756, -0.02843633107841015, 4.0282440185546875, 1.0929728746414185, -0.08712339401245117, -0.35718581080436707, 0.5555344223976135, 5.781184881925583e-06, -2.8870999813079834e-06, 1.736465334892273, -3.7923455238342285e-06, -2.812594175338745e-06, 1.62127685546875, -2.8724607545882463e-06, -1.1399388313293457e-05, 0.6033935546875, 0.04908865690231323, -0.4983294606208801, -0.49181750416755676, -3.5315752029418945e-06, 4.76837158203125e-07, 1.7200777530670166, -4.0121376514434814e-06, -2.86102294921875e-06, 1.633895993232727, 2.323649823665619e-07, 7.4356794357299805e-06, 0.6061096787452698, 0.0380372554063797, 0.48609983921051025, -0.06373602151870728, 4.630535840988159e-06, -8.195638656616211e-07, 0.49172937870025635, 7.450580596923828e-09, -4.209578037261963e-07, 0.4917339086532593, 0.14979758858680725, -0.0045153978280723095, 0.2672134339809418, 2.086162567138672e-07, -2.3944303393363953e-06, 0.6228752136230469, 7.4729323387146e-06, -7.599592208862305e-06, 1.1016768217086792, -2.3096799850463867e-07, 7.450580596923828e-09, 0.7726442813873291, -0.1407443732023239, -0.019361786544322968, 0.2530270516872406, 4.76837158203125e-07, 5.8673322200775146e-08, 0.5432050824165344, -4.090368747711182e-06, 3.725290298461914e-06, 1.1030583381652832, 1.150369644165039e-05, -8.106231689453125e-06, 0.8240509033203125, -0.009052690118551254, 0.023875420913100243, 0.31584107875823975, 3.501772880554199e-07, 1.341104507446289e-07, 0.31536054611206055, -0.0012294687330722809, -0.2804088592529297, 1.0047497749328613, 0.0012295031920075417, 0.2804049551486969, 0.17804355919361115, -0.02841346524655819, 4.028409004211426, 1.0929831266403198, -0.08712346851825714, -0.3571862578392029, 0.5555342435836792, 5.69317489862442e-06, -2.853572368621826e-06, 1.736465573310852, -3.8370490074157715e-06, -2.8014183044433594e-06, 1.62127685546875, -2.827233402058482e-06, -1.1421740055084229e-05, 0.6033934950828552, 0.049088627099990845, -0.4983298182487488, -0.4918175935745239, -3.829598426818848e-06, 4.470348358154297e-07, 1.720077633857727, -3.5241246223449707e-06, -2.9206275939941406e-06, 1.633895993232727, 1.1542579159140587e-07, 7.465481758117676e-06, 0.606109619140625, 0.0380372554063797, 0.486099511384964, -0.06373599171638489, 4.675239324569702e-06, -8.568167686462402e-07, 0.4917304515838623, 4.842877388000488e-08, -4.880130290985107e-07, 0.49173370003700256, 0.14979751408100128, -0.004515398293733597, 0.2672133147716522, 2.086162567138672e-07, -2.7050264179706573e-06, 0.6228752136230469, 7.4729323387146e-06, -7.554888725280762e-06, 1.1016767024993896, 1.2852251529693604e-07, -5.960464477539063e-08, 0.7726438045501709, -0.1407444179058075, -0.019361738115549088, 0.2530268132686615, 4.470348358154297e-07, -5.30388206243515e-07, 0.5432054400444031, -3.859400749206543e-06, 3.844499588012695e-06, 1.103057861328125, 1.1563301086425781e-05, -7.897615432739258e-06, 0.8240508437156677, -0.009052682667970657, 0.02387552335858345, 0.3158414363861084, 2.086162567138672e-07, -1.7881393432617188e-07, 0.3153609037399292, -0.001229502260684967, -0.28040918707847595, 1.0047495365142822, 0.0012294910848140717, 0.28040510416030884, 0.17804302275180817, -0.02894509769976139, 4.024566173553467, 1.092745304107666, -0.08712349832057953, -0.35718590021133423, 0.5555344820022583, 5.706213414669037e-06, -2.909451723098755e-06, 1.7364650964736938, -3.807246685028076e-06, -2.8386712074279785e-06, 1.62127685546875, -2.803426468744874e-06, -1.1391937732696533e-05, 0.6033935546875, 0.04908859729766846, -0.498329222202301, -0.4918174147605896, -4.0978193283081055e-06, 3.8743019104003906e-07, 1.720077633857727, -4.1425228118896484e-06, -2.823770046234131e-06, 1.633895993232727, 1.2281816452741623e-07, 7.703900337219238e-06, 0.6061095595359802, 0.03803711384534836, 0.4860996603965759, -0.06373591721057892, 4.652887582778931e-06, -8.344650268554688e-07, 0.4917304813861847, 6.705522537231445e-08, -5.066394805908203e-07, 0.4917334020137787, 0.1497974991798401, -0.004515409469604492, 0.26721489429473877, 2.086162567138672e-07, -1.5815021470189095e-06, 0.622875452041626, 7.569789886474609e-06, -7.62939453125e-06, 1.1016767024993896, -8.940696716308594e-08, -1.7881393432617188e-07, 0.7726441025733948, -0.14074435830116272, -0.019361674785614014, 0.25302764773368835, 2.086162567138672e-07, -1.019798219203949e-06, 0.5432051420211792, -3.941357135772705e-06, 4.082918167114258e-06, 1.103057861328125, 1.1563301086425781e-05, -8.016824722290039e-06, 0.8240512013435364, -0.009052645415067673, 0.023875519633293152, 0.31584200263023376, 3.241002559661865e-07, 2.2724270820617676e-07, 0.31536075472831726, -0.0012294510379433632, -0.28040874004364014, 1.0047489404678345, 0.0012295357882976532, 0.2804053723812103, 0.17804312705993652, -0.02902589552104473, 4.023982048034668, 1.0927091836929321, -0.08712337911128998, -0.3571862578392029, 0.555534303188324, 5.6996941566467285e-06, -2.898275852203369e-06, 1.7364652156829834, -3.822147846221924e-06, -2.8908252716064453e-06, 1.62127685546875, -2.836546627804637e-06, -1.1444091796875e-05, 0.6033935546875, 0.049088746309280396, -0.4983295202255249, -0.49181750416755676, -3.606081008911133e-06, 4.76837158203125e-07, 1.7200781106948853, -3.591179847717285e-06, -2.779066562652588e-06, 1.6338961124420166, -9.726500138640404e-08, 7.614493370056152e-06, 0.606109619140625, 0.03803718835115433, 0.4860989451408386, -0.06373601406812668, 4.6603381633758545e-06, -9.238719940185547e-07, 0.49172911047935486, 1.1175870895385742e-08, -4.172325134277344e-07, 0.49173328280448914, 0.14979740977287292, -0.004515372216701508, 0.26721423864364624, 2.3096799850463867e-07, -1.7953570932149887e-06, 0.6228751540184021, 7.927417755126953e-06, -7.554888725280762e-06, 1.101676106452942, 9.872019290924072e-08, -8.195638656616211e-08, 0.7726442813873291, -0.14074447751045227, -0.019361672922968864, 0.2530274987220764, 3.2782554626464844e-07, -3.7066638469696045e-07, 0.5432053208351135, -3.829598426818848e-06, 3.7550926208496094e-06, 1.1030579805374146, 1.1563301086425781e-05, -8.046627044677734e-06, 0.8240509033203125, -0.009052801877260208, 0.02387557178735733, 0.3158424496650696, 2.60770320892334e-07, -7.078051567077637e-08, 0.31536048650741577, -0.0012294650077819824, -0.28040871024131775, 1.0047497749328613, 0.0012295283377170563, 0.28040459752082825, 0.17804381251335144, -0.029154827818274498, 4.023050308227539, 1.092651605606079, -0.08712353557348251, -0.35718604922294617, 0.5555344223976135, 5.6764110922813416e-06, -2.93925404548645e-06, 1.736465334892273, -3.7848949432373047e-06, -2.812594175338745e-06, 1.62127685546875, -2.8489157557487488e-06, -1.1488795280456543e-05, 0.6033936142921448, 0.04908856749534607, -0.4983293116092682, -0.4918174147605896, -3.6507844924926758e-06, 5.364418029785156e-07, 1.7200778722763062, -3.8370490074157715e-06, -2.8312206268310547e-06, 1.633895993232727, -1.1175870895385742e-08, 7.569789886474609e-06, 0.6061095595359802, 0.038037121295928955, 0.4860992133617401, -0.06373584270477295, 4.477798938751221e-06, -9.08970832824707e-07, 0.4917292892932892, -1.0803341865539551e-07, -5.736947059631348e-07, 0.49173349142074585, 0.1497974693775177, -0.004515491425991058, 0.2672136425971985, 1.9371509552001953e-07, -2.0174775272607803e-06, 0.6228752732276917, 7.636845111846924e-06, -7.659196853637695e-06, 1.1016768217086792, -1.471489667892456e-07, -2.2351741790771484e-07, 0.77264404296875, -0.14074432849884033, -0.019361766055226326, 0.25302737951278687, 6.705522537231445e-07, -3.6135315895080566e-07, 0.5432052612304688, -3.829598426818848e-06, 4.023313522338867e-06, 1.103057861328125, 1.138448715209961e-05, -6.9141387939453125e-06, 0.824050784111023, -0.009052779525518417, 0.023875411599874496, 0.31584155559539795, 2.0489096641540527e-07, -6.705522537231445e-08, 0.31536057591438293, -0.0012295152992010117, -0.2804083824157715, 1.0047492980957031, 0.0012294687330722809, 0.28040531277656555, 0.17804330587387085, -0.02931291051208973, 4.021907806396484, 1.092580795288086, -0.08712325990200043, -0.3571861684322357, 0.5555343627929688, 5.736015737056732e-06, -2.9169023036956787e-06, 1.736465573310852, -3.859400749206543e-06, -2.820044755935669e-06, 1.6212769746780396, -2.838089130818844e-06, -1.1451542377471924e-05, 0.6033935546875, 0.04908880591392517, -0.4983293116092682, -0.49181753396987915, -3.7848949432373047e-06, 6.556510925292969e-07, 1.7200777530670166, -3.2670795917510986e-06, -2.9727816581726074e-06, 1.6338961124420166, -5.506444722414017e-08, 7.539987564086914e-06, 0.606109619140625, 0.038037389516830444, 0.4860994815826416, -0.06373611092567444, 4.5709311962127686e-06, -9.760260581970215e-07, 0.4917300045490265, -7.450580596923828e-09, -5.140900611877441e-07, 0.49173372983932495, 0.14979761838912964, -0.004515454173088074, 0.26721346378326416, 3.501772880554199e-07, -1.926906406879425e-06, 0.6228750944137573, 7.718801498413086e-06, -7.554888725280762e-06, 1.1016767024993896, 2.9802322387695312e-08, -5.21540641784668e-08, 0.7726433277130127, -0.14074422419071198, -0.01936172880232334, 0.25302690267562866, 4.917383193969727e-07, -1.601874828338623e-07, 0.5432053208351135, -3.829598426818848e-06, 4.202127456665039e-06, 1.1030575037002563, 1.1712312698364258e-05, -7.3015689849853516e-06, 0.8240506649017334, -0.009052660316228867, 0.02387543022632599, 0.3158416152000427, 6.705522537231445e-08, -2.0116567611694336e-07, 0.31536146998405457, -0.0012295190244913101, -0.2804093658924103, 1.0047491788864136, 0.0012294836342334747, 0.28040456771850586, 0.1780434101819992, -0.029456214979290962, 4.020871639251709, 1.0925167798995972, -0.08712349832057953, -0.3571862280368805, 0.5555344820022583, 5.6978315114974976e-06, -2.808868885040283e-06, 1.736465334892273, -3.8370490074157715e-06, -2.812594175338745e-06, 1.62127685546875, -2.8448994271457195e-06, -1.1444091796875e-05, 0.6033936142921448, 0.04908859729766846, -0.49832966923713684, -0.4918174147605896, -3.814697265625e-06, 4.76837158203125e-07, 1.720077633857727, -4.056841135025024e-06, -2.816319465637207e-06, 1.633895993232727, -7.526250556111336e-08, 7.644295692443848e-06, 0.6061096787452698, 0.0380370058119297, 0.48609912395477295, -0.06373585015535355, 4.559755325317383e-06, -9.08970832824707e-07, 0.4917292296886444, 3.725290298461914e-09, -4.0978193283081055e-07, 0.4917336702346802, 0.1497974842786789, -0.00451543228700757, 0.2672140896320343, 2.905726432800293e-07, -1.4165416359901428e-06, 0.6228752136230469, 7.666647434234619e-06, -7.733702659606934e-06, 1.1016767024993896, -3.91155481338501e-08, -1.043081283569336e-07, 0.7726443409919739, -0.1407443881034851, -0.01936177909374237, 0.25302740931510925, 4.470348358154297e-07, -5.62518835067749e-07, 0.5432053804397583, -3.7103891372680664e-06, 4.0531158447265625e-06, 1.1030588150024414, 1.1473894119262695e-05, -7.4803829193115234e-06, 0.824050784111023, -0.009052753448486328, 0.023875411599874496, 0.3158418834209442, 2.5331974029541016e-07, -8.940696716308594e-08, 0.31536102294921875, -0.0012294966727495193, -0.2804087698459625, 1.0047484636306763, 0.0012295357882976532, 0.2804052531719208, 0.17804305255413055, -0.029575800523161888, 4.020007133483887, 1.0924632549285889, -0.08712339401245117, -0.3571862280368805, 0.5555344820022583, 5.704117938876152e-06, -2.7511268854141235e-06, 1.7364656925201416, -3.7923455238342285e-06, -2.941116690635681e-06, 1.6212769746780396, -2.829998265951872e-06, -1.1421740055084229e-05, 0.6033935546875, 0.04908871650695801, -0.4983295500278473, -0.4918174147605896, -3.635883331298828e-06, 5.960464477539062e-07, 1.720077395439148, -3.2335519790649414e-06, -3.0100345611572266e-06, 1.6338956356048584, 5.878973752260208e-08, 7.510185241699219e-06, 0.606109619140625, 0.038037221878767014, 0.48609909415245056, -0.0637359768152237, 4.552304744720459e-06, -8.717179298400879e-07, 0.4917297661304474, -6.332993507385254e-08, -3.948807716369629e-07, 0.49173375964164734, 0.1497974544763565, -0.00451546348631382, 0.2672141194343567, 2.8312206268310547e-07, -1.4603137969970703e-06, 0.6228753328323364, 7.4729323387146e-06, -7.569789886474609e-06, 1.1016768217086792, 8.381903171539307e-08, -1.6391277313232422e-07, 0.7726435661315918, -0.1407444328069687, -0.019361700862646103, 0.2530275285243988, 4.470348358154297e-07, -7.869675755500793e-07, 0.5432052612304688, -3.829598426818848e-06, 4.082918167114258e-06, 1.1030577421188354, 1.1652708053588867e-05, -8.612871170043945e-06, 0.8240506649017334, -0.009052671492099762, 0.02387547492980957, 0.3158414959907532, 8.940696716308594e-08, -7.450580596923828e-08, 0.31536081433296204, -0.0012295297347009182, -0.28040871024131775, 1.0047497749328613, 0.001229509711265564, 0.2804054319858551, 0.17804346978664398, -0.029677191749215126, 4.019274711608887, 1.0924179553985596, -0.08712334930896759, -0.35718604922294617, 0.5555344223976135, 5.769077688455582e-06, -2.898275852203369e-06, 1.736465573310852, -3.7848949432373047e-06, -2.9318034648895264e-06, 1.62127685546875, -2.8857612051069736e-06, -1.1440366506576538e-05, 0.6033936142921448, 0.04908883571624756, -0.49832937121391296, -0.4918174147605896, -3.635883331298828e-06, 5.960464477539062e-07, 1.7200775146484375, -3.6992132663726807e-06, -2.905726432800293e-06, 1.6338958740234375, -4.7031790018081665e-08, 7.584691047668457e-06, 0.6061094999313354, 0.038037169724702835, 0.48609912395477295, -0.06373592466115952, 4.7460198402404785e-06, -8.866190910339355e-07, 0.49172940850257874, -6.705522537231445e-08, -4.917383193969727e-07, 0.4917338788509369, 0.14979755878448486, -0.004515480250120163, 0.26721322536468506, 2.8312206268310547e-07, -2.3189932107925415e-06, 0.6228753924369812, 7.37607479095459e-06, -7.621943950653076e-06, 1.1016772985458374, 1.7136335372924805e-07, -5.960464477539063e-08, 0.7726435661315918, -0.14074432849884033, -0.019361793994903564, 0.25302645564079285, 4.76837158203125e-07, 1.257285475730896e-07, 0.5432052612304688, -3.904104232788086e-06, 3.874301910400391e-06, 1.1030575037002563, 1.1682510375976562e-05, -7.987022399902344e-06, 0.8240507245063782, -0.009052660316228867, 0.023875456303358078, 0.3158408999443054, 1.564621925354004e-07, 1.4901161193847656e-08, 0.31536129117012024, -0.0012295381166040897, -0.2804095149040222, 1.0047494173049927, 0.0012294501066207886, 0.2804044485092163, 0.17804332077503204, -0.029753392562270164, 4.018723487854004, 1.092383861541748, -0.08712345361709595, -0.3571859896183014, 0.555534303188324, 5.694106221199036e-06, -2.691522240638733e-06, 1.7364654541015625, -3.814697265625e-06, -2.950429916381836e-06, 1.62127685546875, -2.8350623324513435e-06, -1.1395663022994995e-05, 0.6033934354782104, 0.04908877611160278, -0.49832916259765625, -0.4918174147605896, -3.993511199951172e-06, 4.470348358154297e-07, 1.7200777530670166, -3.5762786865234375e-06, -2.8312206268310547e-06, 1.633895754814148, -1.3632234185934067e-07, 7.644295692443848e-06, 0.606109619140625, 0.038037169724702835, 0.48609957098960876, -0.06373593211174011, 4.675239324569702e-06, -7.972121238708496e-07, 0.4917294681072235, -8.568167686462402e-08, -3.0547380447387695e-07, 0.4917338490486145, 0.14979767799377441, -0.004515305161476135, 0.26721322536468506, 2.384185791015625e-07, -2.3515895009040833e-06, 0.6228753328323364, 7.621943950653076e-06, -7.611699402332306e-06, 1.101677417755127, 8.195638656616211e-08, -7.450580596923828e-08, 0.7726432085037231, -0.14074426889419556, -0.019361652433872223, 0.2530268728733063, 6.109476089477539e-07, -7.512280717492104e-07, 0.5432052612304688, -3.6656856536865234e-06, 3.933906555175781e-06, 1.103057861328125, 1.1473894119262695e-05, -8.702278137207031e-06, 0.824050784111023, -0.009052563458681107, 0.02387559413909912, 0.31584101915359497, 1.1920928955078125e-07, 2.086162567138672e-07, 0.31536051630973816, -0.0012294265907257795, -0.2804092466831207, 1.004748821258545, 0.0012295320630073547, 0.28040480613708496, 0.17804308235645294, -0.029799172654747963, 4.018392562866211, 1.0923633575439453, -0.08712354302406311, -0.35718587040901184, 0.555534303188324, 5.747424438595772e-06, -2.6868656277656555e-06, 1.736465573310852, -3.889203071594238e-06, -2.985820174217224e-06, 1.6212772130966187, -2.8195208869874477e-06, -1.1470168828964233e-05, 0.6033935546875, 0.04908865690231323, -0.4983290433883667, -0.4918173849582672, -3.814697265625e-06, 5.364418029785156e-07, 1.7200775146484375, -3.6954879760742188e-06, -2.8312206268310547e-06, 1.6338958740234375, 5.326000973582268e-08, 7.659196853637695e-06, 0.6061096787452698, 0.038037050515413284, 0.48609933257102966, -0.06373599916696548, 4.693865776062012e-06, -8.568167686462402e-07, 0.49173009395599365, 4.0978193283081055e-08, -4.842877388000488e-07, 0.49173420667648315, 0.1497974842786789, -0.004515431821346283, 0.26721397042274475, 2.384185791015625e-07, -1.1920928955078125e-06, 0.6228751540184021, 7.905066013336182e-06, -7.640570402145386e-06, 1.1016768217086792, 1.341104507446289e-07, 0.0, 0.7726433277130127, -0.14074444770812988, -0.019361767917871475, 0.25302767753601074, 4.023313522338867e-07, 3.864988684654236e-07, 0.543205201625824, -3.859400749206543e-06, 4.112720489501953e-06, 1.1030572652816772, 1.195073127746582e-05, -7.838010787963867e-06, 0.8240509629249573, -0.009052839130163193, 0.0238754004240036, 0.3158417344093323, 2.0116567611694336e-07, -1.1920928955078125e-07, 0.3153606653213501, -0.0012294482439756393, -0.2804082930088043, 1.0047496557235718, 0.001229509711265564, 0.2804052233695984, 0.17804375290870667, -0.029834045097231865, 4.01814079284668, 1.0923477411270142, -0.08712342381477356, -0.3571864068508148, 0.5555342435836792, 5.7220458984375e-06, -2.7352944016456604e-06, 1.7364656925201416, -3.7997961044311523e-06, -2.8926879167556763e-06, 1.62127685546875, -2.867018338292837e-06, -1.1449679732322693e-05, 0.6033935546875, 0.04908865690231323, -0.4983295500278473, -0.4918175935745239, -3.874301910400391e-06, 5.662441253662109e-07, 1.720077395439148, -3.762543201446533e-06, -2.8014183044433594e-06, 1.6338958740234375, 1.83936208486557e-08, 7.644295692443848e-06, 0.606109619140625, 0.03803712874650955, 0.48609915375709534, -0.06373601406812668, 4.597008228302002e-06, -7.82310962677002e-07, 0.49172988533973694, -5.587935447692871e-08, -4.917383193969727e-07, 0.4917333424091339, 0.14979757368564606, -0.0045152753591537476, 0.2672148048877716, 2.2351741790771484e-07, -1.8980354070663452e-06, 0.6228752136230469, 7.808208465576172e-06, -7.674098014831543e-06, 1.1016778945922852, 1.0058283805847168e-07, -1.6391277313232422e-07, 0.77264404296875, -0.14074447751045227, -0.01936168596148491, 0.25302836298942566, 3.725290298461914e-07, -3.166496753692627e-07, 0.5432053208351135, -3.978610038757324e-06, 4.0531158447265625e-06, 1.103057622909546, 1.150369644165039e-05, -7.957220077514648e-06, 0.8240507245063782, -0.009052813053131104, 0.023875504732131958, 0.3158428370952606, 1.862645149230957e-07, 1.1920928955078125e-07, 0.3153608441352844, -0.001229533925652504, -0.2804090976715088, 1.0047492980957031, 0.001229502260684967, 0.28040429949760437, 0.17804375290870667, -0.029862040653824806, 4.017938137054443, 1.0923352241516113, -0.08712358772754669, -0.3571861982345581, 0.555534303188324, 5.729496479034424e-06, -2.739951014518738e-06, 1.7364654541015625, -3.844499588012695e-06, -2.8833746910095215e-06, 1.62127685546875, -2.870219759643078e-06, -1.1418014764785767e-05, 0.6033935546875, 0.049088627099990845, -0.49832940101623535, -0.49181753396987915, -4.0531158447265625e-06, 4.76837158203125e-07, 1.720077633857727, -3.8035213947296143e-06, -2.9802322387695312e-06, 1.633895993232727, 6.490154191851616e-08, 7.659196853637695e-06, 0.606109619140625, 0.038036931306123734, 0.4860988259315491, -0.06373586505651474, 4.664063453674316e-06, -8.866190910339355e-07, 0.491729736328125, -4.470348358154297e-08, -3.501772880554199e-07, 0.49173420667648315, 0.14979760348796844, -0.0045153796672821045, 0.26721304655075073, 2.60770320892334e-07, -1.7005950212478638e-06, 0.6228750348091125, 7.599592208862305e-06, -7.558614015579224e-06, 1.1016768217086792, 1.8998980522155762e-07, -2.2351741790771484e-07, 0.7726433873176575, -0.1407443881034851, -0.01936173066496849, 0.2530265748500824, 5.066394805908203e-07, -2.998858690261841e-07, 0.5432053208351135, -3.769993782043457e-06, 4.1425228118896484e-06, 1.1030585765838623, 1.1682510375976562e-05, -7.897615432739258e-06, 0.8240508437156677, -0.009052753448486328, 0.023875460028648376, 0.3158411979675293, 1.6391277313232422e-07, 5.587935447692871e-09, 0.3153597116470337, -0.0012294985353946686, -0.2804085910320282, 1.0047491788864136, 0.0012294873595237732, 0.2804051637649536, 0.1780431568622589, -0.02990061230957508, 4.017659664154053, 1.0923179388046265, -0.08712336421012878, -0.3571862578392029, 0.555534303188324, 5.736947059631348e-06, -2.814456820487976e-06, 1.736465573310852, -3.773719072341919e-06, -2.7958303689956665e-06, 1.621276617050171, -2.8362846933305264e-06, -1.1496245861053467e-05, 0.6033936142921448, 0.04908883571624756, -0.49832963943481445, -0.49181753396987915, -3.546476364135742e-06, 4.76837158203125e-07, 1.7200775146484375, -3.8035213947296143e-06, -2.86102294921875e-06, 1.633895993232727, -1.5710247680544853e-07, 7.703900337219238e-06, 0.606109619140625, 0.03803735226392746, 0.4860991835594177, -0.06373599171638489, 4.678964614868164e-06, -8.195638656616211e-07, 0.49172958731651306, -2.9802322387695312e-08, -4.246830940246582e-07, 0.49173396825790405, 0.1497974544763565, -0.004515394568443298, 0.2672138512134552, 1.9371509552001953e-07, -2.3748725652694702e-06, 0.6228750944137573, 7.867813110351562e-06, -7.6107680797576904e-06, 1.1016772985458374, -5.21540641784668e-08, -1.1920928955078125e-07, 0.7726439237594604, -0.14074429869651794, -0.0193617045879364, 0.25302654504776, 6.705522537231445e-07, -5.62518835067749e-07, 0.5432053804397583, -3.874301910400391e-06, 4.0531158447265625e-06, 1.1030583381652832, 1.1593103408813477e-05, -7.68899917602539e-06, 0.8240506649017334, -0.009052783250808716, 0.023875519633293152, 0.3158416450023651, 2.086162567138672e-07, 5.587935447692871e-09, 0.3153618276119232, -0.0012294985353946686, -0.2804090082645416, 1.0047496557235718, 0.0012294799089431763, 0.2804048955440521, 0.17804348468780518, -0.02998288907110691, 4.017065048217773, 1.0922811031341553, -0.08712339401245117, -0.3571859300136566, 0.5555343627929688, 5.768612027168274e-06, -2.5695189833641052e-06, 1.7364660501480103, -3.7960708141326904e-06, -2.8014183044433594e-06, 1.6212767362594604, -2.883316483348608e-06, -1.1410564184188843e-05, 0.6033936142921448, 0.04908871650695801, -0.4983291029930115, -0.4918173849582672, -3.725290298461914e-06, 5.364418029785156e-07, 1.7200775146484375, -3.7513673305511475e-06, -2.9206275939941406e-06, 1.633895754814148, -1.3603130355477333e-07, 7.644295692443848e-06, 0.6061095595359802, 0.03803722560405731, 0.48609963059425354, -0.0637359544634819, 4.656612873077393e-06, -8.121132850646973e-07, 0.4917294383049011, 2.2351741790771484e-08, -4.023313522338867e-07, 0.4917331337928772, 0.14979760348796844, -0.004515454173088074, 0.2672134339809418, 1.564621925354004e-07, -1.9073486328125e-06, 0.6228752732276917, 7.88271427154541e-06, -7.634982466697693e-06, 1.1016771793365479, 1.4901161193847656e-08, 5.960464477539063e-08, 0.77264404296875, -0.14074432849884033, -0.019361767917871475, 0.25302693247795105, 4.6193599700927734e-07, -1.3224780559539795e-06, 0.543205201625824, -3.919005393981934e-06, 3.993511199951172e-06, 1.103057861328125, 1.1712312698364258e-05, -8.255243301391602e-06, 0.8240509033203125, -0.009052775800228119, 0.023875437676906586, 0.315841943025589, 2.2351741790771484e-08, -1.30385160446167e-07, 0.31536051630973816, -0.0012294910848140717, -0.28040918707847595, 1.0047494173049927, 0.0012294724583625793, 0.28040528297424316, 0.17804276943206787, -0.030099740251898766, 4.0162200927734375, 1.092228889465332, -0.08712330460548401, -0.3571861684322357, 0.555534303188324, 5.709938704967499e-06, -2.8992071747779846e-06, 1.736465334892273, -3.773719072341919e-06, -2.898275852203369e-06, 1.62127685546875, -2.8686481527984142e-06, -1.146271824836731e-05, 0.6033936738967896, 0.04908883571624756, -0.4983293414115906, -0.49181753396987915, -3.9637088775634766e-06, 4.172325134277344e-07, 1.720077633857727, -3.7886202335357666e-06, -2.816319465637207e-06, 1.6338958740234375, 1.745065674185753e-07, 7.68899917602539e-06, 0.606109619140625, 0.03803737461566925, 0.48609888553619385, -0.06373600661754608, 4.753470420837402e-06, -8.642673492431641e-07, 0.49172961711883545, -3.725290298461914e-08, -5.178153514862061e-07, 0.4917331337928772, 0.14979742467403412, -0.004515334963798523, 0.267214298248291, 3.734603524208069e-07, -2.1513551473617554e-06, 0.6228750944137573, 7.733702659606934e-06, -7.50366598367691e-06, 1.1016770601272583, 2.1606683731079102e-07, -1.1920928955078125e-07, 0.7726444005966187, -0.14074444770812988, -0.019361641258001328, 0.25302696228027344, 4.3213367462158203e-07, -2.3469328880310059e-07, 0.5432052612304688, -3.889203071594238e-06, 3.904104232788086e-06, 1.103057861328125, 1.150369644165039e-05, -7.927417755126953e-06, 0.8240511417388916, -0.0090528205037117, 0.023875512182712555, 0.3158420920372009, 1.7136335372924805e-07, 4.470348358154297e-08, 0.3153608739376068, -0.0012294687330722809, -0.2804088592529297, 1.0047495365142822, 0.0012294799089431763, 0.2804049849510193, 0.17804351449012756, -0.030234934762120247, 4.015243053436279, 1.0921684503555298, -0.08712327480316162, -0.357185959815979, 0.5555345416069031, 5.739741027355194e-06, -2.646353095769882e-06, 1.736465573310852, -3.825873136520386e-06, -2.8498470783233643e-06, 1.62127685546875, -2.8103822842240334e-06, -1.1437572538852692e-05, 0.6033934950828552, 0.049088895320892334, -0.4983292818069458, -0.49181729555130005, -3.725290298461914e-06, 4.76837158203125e-07, 1.7200775146484375, -3.907829523086548e-06, -2.9355287551879883e-06, 1.6338961124420166, -5.046604201197624e-08, 7.614493370056152e-06, 0.606109619140625, 0.03803730383515358, 0.4860989451408386, -0.06373582780361176, 4.641711711883545e-06, -8.419156074523926e-07, 0.4917301535606384, -2.9802322387695312e-08, -4.484318196773529e-07, 0.4917333126068115, 0.14979764819145203, -0.004515349864959717, 0.2672143876552582, 1.73225998878479e-07, -1.4156103134155273e-06, 0.6228752732276917, 7.703900337219238e-06, -7.762573659420013e-06, 1.1016775369644165, -7.450580596923828e-09, 2.9802322387695312e-08, 0.7726434469223022, -0.14074431359767914, -0.019361771643161774, 0.25302720069885254, 6.631016731262207e-07, -2.9802322387695312e-08, 0.543205201625824, -3.7997961044311523e-06, 3.814697265625e-06, 1.1030583381652832, 1.1682510375976562e-05, -8.285045623779297e-06, 0.8240508437156677, -0.009052589535713196, 0.023875586688518524, 0.3158421218395233, 8.940696716308594e-08, -4.470348358154297e-08, 0.3153616786003113, -0.0012295544147491455, -0.2804087698459625, 1.004749059677124, 0.0012294426560401917, 0.2804049551486969, 0.17804327607154846, -0.030424771830439568, 4.013870716094971, 1.09208345413208, -0.08712348341941833, -0.35718607902526855, 0.5555342435836792, 5.722511559724808e-06, -2.7198693715035915e-06, 1.7364656925201416, -3.7811696529388428e-06, -2.825632691383362e-06, 1.6212769746780396, -2.8377980925142765e-06, -1.1464115232229233e-05, 0.6033935546875, 0.04908871650695801, -0.4983292818069458, -0.4918174147605896, -3.7550926208496094e-06, 5.364418029785156e-07, 1.7200772762298584, -3.5762786865234375e-06, -2.86102294921875e-06, 1.6338958740234375, 1.771841198205948e-07, 7.62939453125e-06, 0.606109619140625, 0.038037192076444626, 0.4860993027687073, -0.06373582780361176, 4.798173904418945e-06, -7.301568984985352e-07, 0.4917300343513489, -1.4901161193847656e-08, -5.029141902923584e-07, 0.4917339086532593, 0.14979751408100128, -0.004515320062637329, 0.26721417903900146, 2.682209014892578e-07, -2.2761523723602295e-06, 0.6228752136230469, 8.016824722290039e-06, -7.68713653087616e-06, 1.1016769409179688, -7.450580596923828e-08, 8.940696716308594e-08, 0.7726445198059082, -0.1407444328069687, -0.019361630082130432, 0.25302791595458984, 4.917383193969727e-07, -8.791685104370117e-07, 0.5432053208351135, -3.829598426818848e-06, 3.874301910400391e-06, 1.1030583381652832, 1.1563301086425781e-05, -7.3015689849853516e-06, 0.8240511417388916, -0.009052745997905731, 0.023875541985034943, 0.31584206223487854, 1.7136335372924805e-07, 7.450580596923828e-09, 0.3153606951236725, -0.0012294203042984009, -0.2804090976715088, 1.0047496557235718, 0.0012295544147491455, 0.2804049253463745, 0.1780434399843216, -0.030716432258486748, 4.011762619018555, 1.0919530391693115, -0.08712330460548401, -0.35718628764152527, 0.5555343627929688, 5.703885108232498e-06, -2.8328504413366318e-06, 1.736465573310852, -3.773719072341919e-06, -2.8703361749649048e-06, 1.6212767362594604, -2.8912327252328396e-06, -1.1437310604378581e-05, 0.6033936142921448, 0.04908883571624756, -0.49832969903945923, -0.4918174743652344, -3.7550926208496094e-06, 4.172325134277344e-07, 1.7200779914855957, -3.598630428314209e-06, -2.8461217880249023e-06, 1.6338961124420166, -8.079223334789276e-08, 7.584691047668457e-06, 0.606109619140625, 0.03803732618689537, 0.4860992431640625, -0.0637359768152237, 4.708766937255859e-06, -8.642673492431641e-07, 0.49172982573509216, -6.705522537231445e-08, -3.5762786865234375e-07, 0.4917336404323578, 0.14979757368564606, -0.004515409469604492, 0.26721370220184326, 2.2351741790771484e-07, -1.5553086996078491e-06, 0.6228753328323364, 8.001923561096191e-06, -7.778406143188477e-06, 1.1016770601272583, 3.725290298461914e-08, 1.1920928955078125e-07, 0.7726436853408813, -0.14074423909187317, -0.019361790269613266, 0.25302672386169434, 4.3585896492004395e-07, -8.922070264816284e-07, 0.5432053208351135, -3.904104232788086e-06, 4.231929779052734e-06, 1.1030582189559937, 1.1682510375976562e-05, -7.778406143188477e-06, 0.8240506649017334, -0.009052753448486328, 0.023875407874584198, 0.31584203243255615, 1.9371509552001953e-07, -1.564621925354004e-07, 0.31536129117012024, -0.0012294799089431763, -0.28040844202041626, 1.0047489404678345, 0.0012294948101043701, 0.2804054915904999, 0.17804284393787384, -0.03100874461233616, 4.009649753570557, 1.0918222665786743, -0.08712325990200043, -0.35718685388565063, 0.5555344223976135, 5.711335688829422e-06, -2.6634661480784416e-06, 1.736465573310852, -3.777444362640381e-06, -2.9150396585464478e-06, 1.6212767362594604, -2.9028160497546196e-06, -1.1476455256342888e-05, 0.6033935546875, 0.04908895492553711, -0.49833008646965027, -0.4918174743652344, -3.635883331298828e-06, 5.364418029785156e-07, 1.7200777530670166, -3.606081008911133e-06, -2.8759241104125977e-06, 1.633895754814148, -3.474997356534004e-08, 7.614493370056152e-06, 0.6061095595359802, 0.0380375050008297, 0.48609891533851624, -0.06373591721057892, 4.7013163566589355e-06, -1.0132789611816406e-06, 0.4917297661304474, 7.450580596923828e-08, -4.842877388000488e-07, 0.49173372983932495, 0.14979752898216248, -0.004515394568443298, 0.2672141194343567, 1.4901161193847656e-07, -1.5869736671447754e-06, 0.6228753924369812, 7.405877113342285e-06, -7.517635822296143e-06, 1.1016767024993896, -5.960464477539063e-08, 0.0, 0.7726439833641052, -0.1407443881034851, -0.01936177909374237, 0.2530270218849182, 4.3585896492004395e-07, -5.941838026046753e-07, 0.5432051420211792, -4.0084123611450195e-06, 4.023313522338867e-06, 1.103058099746704, 1.1682510375976562e-05, -7.4803829193115234e-06, 0.8240506649017334, -0.0090528205037117, 0.02387547492980957, 0.31584224104881287, 7.450580596923828e-08, 6.705522537231445e-08, 0.31536126136779785, -0.0012294799089431763, -0.2804093658924103, 1.0047489404678345, 0.001229509711265564, 0.2804044485092163, 0.1780432164669037, -0.031161801889538765, 4.008543014526367, 1.0917538404464722, -0.08712343871593475, -0.3571860194206238, 0.5555344223976135, 5.7192519307136536e-06, -2.873362973332405e-06, 1.7364654541015625, -3.7401914596557617e-06, -2.7921050786972046e-06, 1.6212767362594604, -2.7875066734850407e-06, -1.1484604328870773e-05, 0.6033934950828552, 0.04908871650695801, -0.4983295202255249, -0.4918174147605896, -3.889203071594238e-06, 4.172325134277344e-07, 1.7200775146484375, -3.7178397178649902e-06, -2.7567148208618164e-06, 1.6338955163955688, -1.0617077350616455e-07, 7.659196853637695e-06, 0.6061094999313354, 0.03803725913167, 0.4860994219779968, -0.0637359470129013, 4.760921001434326e-06, -8.493661880493164e-07, 0.4917299747467041, 1.341104507446289e-07, -4.172325134277344e-07, 0.491733580827713, 0.14979760348796844, -0.004515290260314941, 0.2672138512134552, 2.1606683731079102e-07, -1.8589198589324951e-06, 0.6228753328323364, 7.271766662597656e-06, -7.547438144683838e-06, 1.1016771793365479, 1.341104507446289e-07, -1.4901161193847656e-07, 0.7726441025733948, -0.14074446260929108, -0.019361697137355804, 0.25302696228027344, 4.544854164123535e-07, -8.270144462585449e-07, 0.5432051420211792, -3.993511199951172e-06, 3.993511199951172e-06, 1.1030582189559937, 1.1831521987915039e-05, -8.016824722290039e-06, 0.8240508437156677, -0.009052693843841553, 0.023875541985034943, 0.31584176421165466, 1.1920928955078125e-07, 5.960464477539063e-08, 0.3153612017631531, -0.001229509711265564, -0.28040874004364014, 1.004749059677124, 0.0012294575572013855, 0.280405193567276, 0.17804329097270966, -0.03129684552550316, 4.007566928863525, 1.09169340133667, -0.08712346851825714, -0.3571861684322357, 0.5555343627929688, 5.707144737243652e-06, -2.7564819902181625e-06, 1.736465573310852, -3.7364661693573e-06, -2.780929207801819e-06, 1.6212764978408813, -2.8181530069559813e-06, -1.1460506357252598e-05, 0.6033934950828552, 0.04908859729766846, -0.4983295500278473, -0.4918174147605896, -3.933906555175781e-06, 4.172325134277344e-07, 1.7200777530670166, -3.8817524909973145e-06, -2.8461217880249023e-06, 1.6338958740234375, -1.2881355360150337e-07, 7.614493370056152e-06, 0.606109619140625, 0.038037028163671494, 0.4860989451408386, -0.06373582780361176, 4.723668098449707e-06, -8.344650268554688e-07, 0.49173033237457275, 6.705522537231445e-08, -4.991888999938965e-07, 0.4917331337928772, 0.14979755878448486, -0.004515394568443298, 0.2672133445739746, 1.4156103134155273e-07, -1.8756836652755737e-06, 0.6228752136230469, 7.554888725280762e-06, -7.659196853637695e-06, 1.1016772985458374, 1.4901161193847656e-08, 2.9802322387695312e-08, 0.7726442813873291, -0.1407444179058075, -0.01936180144548416, 0.25302645564079285, 5.159527063369751e-07, 5.029141902923584e-08, 0.5432052612304688, -4.0084123611450195e-06, 4.380941390991211e-06, 1.1030582189559937, 1.1622905731201172e-05, -7.897615432739258e-06, 0.824050784111023, -0.009052775800228119, 0.023875437676906586, 0.3158416152000427, 1.7881393432617188e-07, 1.4901161193847656e-08, 0.3153612017631531, -0.0012294203042984009, -0.2804087996482849, 1.0047495365142822, 0.0012295544147491455, 0.2804054915904999, 0.17804333567619324, -0.03150814771652222, 4.006039619445801, 1.0915988683700562, -0.08712367713451385, -0.35718610882759094, 0.555534303188324, 5.686655640602112e-06, -2.6330817490816116e-06, 1.7364652156829834, -3.810971975326538e-06, -2.808868885040283e-06, 1.6212767362594604, -2.8170179575681686e-06, -1.1473952326923609e-05, 0.6033935546875, 0.04908856749534607, -0.49832943081855774, -0.49181750416755676, -3.769993782043457e-06, 5.960464477539062e-07, 1.7200775146484375, -3.844499588012695e-06, -2.9355287551879883e-06, 1.6338961124420166, 1.0168878361582756e-07, 7.62939453125e-06, 0.6061096787452698, 0.03803704306483269, 0.4860990047454834, -0.06373591721057892, 4.755333065986633e-06, -9.126961231231689e-07, 0.49172958731651306, -6.705522537231445e-08, -5.364418029785156e-07, 0.491734117269516, 0.14979740977287292, -0.004515513777732849, 0.26721325516700745, 2.5331974029541016e-07, -1.9185245037078857e-06, 0.6228751540184021, 7.793307304382324e-06, -7.644295692443848e-06, 1.1016770601272583, 0.0, -2.9802322387695312e-08, 0.7726444005966187, -0.14074450731277466, -0.0193617045879364, 0.2530268132686615, 3.91155481338501e-07, -8.419156074523926e-07, 0.5432053208351135, -3.725290298461914e-06, 3.933906555175781e-06, 1.1030571460723877, 1.1444091796875e-05, -7.927417755126953e-06, 0.824051022529602, -0.009052872657775879, 0.023875467479228973, 0.31584134697914124, 1.1920928955078125e-07, -2.9802322387695312e-08, 0.3153609037399292, -0.0012294799089431763, -0.280408650636673, 1.0047491788864136, 0.001229509711265564, 0.2804052531719208, 0.1780432164669037, -0.03168172016739845, 4.004785060882568, 1.0915212631225586, -0.0871233344078064, -0.35718631744384766, 0.5555344820022583, 5.712732672691345e-06, -2.6188790798187256e-06, 1.736465334892273, -3.7848949432373047e-06, -2.8740614652633667e-06, 1.62127685546875, -2.8900103643536568e-06, -1.1443160474300385e-05, 0.6033936142921448, 0.04908883571624756, -0.4983298182487488, -0.49181750416755676, -3.7550926208496094e-06, 4.76837158203125e-07, 1.7200777530670166, -3.7141144275665283e-06, -2.8312206268310547e-06, 1.6338956356048584, -4.44706529378891e-08, 7.733702659606934e-06, 0.606109619140625, 0.03803727775812149, 0.486098974943161, -0.06373591721057892, 4.717148840427399e-06, -9.015202522277832e-07, 0.49172985553741455, 4.470348358154297e-08, -4.246830940246582e-07, 0.49173325300216675, 0.14979763329029083, -0.004515409469604492, 0.2672136723995209, 2.086162567138672e-07, -1.3746321201324463e-06, 0.6228753328323364, 7.092952728271484e-06, -7.666647434234619e-06, 1.1016769409179688, -5.960464477539063e-08, 8.940696716308594e-08, 0.7726436853408813, -0.1407441943883896, -0.019361600279808044, 0.25302743911743164, 5.289912223815918e-07, 1.043081283569336e-07, 0.5432053804397583, -4.0531158447265625e-06, 3.6954879760742188e-06, 1.1030583381652832, 1.1712312698364258e-05, -7.68899917602539e-06, 0.824051022529602, -0.009052664041519165, 0.023875519633293152, 0.3158416748046875, 1.9371509552001953e-07, -3.725290298461914e-08, 0.315361350774765, -0.0012294426560401917, -0.2804090082645416, 1.0047489404678345, 0.0012295544147491455, 0.2804046869277954, 0.17804363369941711, -0.031840480864048004, 4.003637313842773, 1.0914502143859863, -0.08712337911128998, -0.35718590021133423, 0.555534303188324, 5.741603672504425e-06, -2.8603244572877884e-06, 1.7364652156829834, -3.7960708141326904e-06, -2.8386712074279785e-06, 1.6212769746780396, -2.881803084164858e-06, -1.1409632861614227e-05, 0.6033935546875, 0.04908883571624756, -0.4983293414115906, -0.4918174743652344, -3.814697265625e-06, 4.172325134277344e-07, 1.7200777530670166, -4.030764102935791e-06, -2.8312206268310547e-06, 1.6338956356048584, 1.6542617231607437e-07, 7.584691047668457e-06, 0.6061096787452698, 0.03803729638457298, 0.4860994517803192, -0.06373605877161026, 4.574190825223923e-06, -8.307397365570068e-07, 0.49173006415367126, 1.2665987014770508e-07, -4.3213367462158203e-07, 0.49173402786254883, 0.1497976928949356, -0.00451543927192688, 0.26721373200416565, 2.682209014892578e-07, -2.158805727958679e-06, 0.6228752136230469, 7.510185241699219e-06, -7.621943950653076e-06, 1.101677417755127, -1.1920928955078125e-07, 5.960464477539063e-08, 0.7726441621780396, -0.14074425399303436, -0.01936180889606476, 0.2530267536640167, 4.991888999938965e-07, -3.557652235031128e-07, 0.5432051420211792, -3.919005393981934e-06, 3.904104232788086e-06, 1.1030575037002563, 1.1354684829711914e-05, -7.957220077514648e-06, 0.824050784111023, -0.009052515029907227, 0.023875445127487183, 0.31584152579307556, 1.2665987014770508e-07, -7.450580596923828e-09, 0.31536081433296204, -0.0012294501066207886, -0.28040868043899536, 1.0047491788864136, 0.0012295246124267578, 0.280405193567276, 0.1780436933040619, -0.03199557214975357, 4.002516269683838, 1.0913809537887573, -0.08712340891361237, -0.35718584060668945, 0.5555344223976135, 5.728565156459808e-06, -2.845190465450287e-06, 1.7364660501480103, -3.807246685028076e-06, -2.7529895305633545e-06, 1.62127685546875, -2.869637683033943e-06, -1.143570989370346e-05, 0.6033936142921448, 0.049088746309280396, -0.4983292520046234, -0.4918173551559448, -3.7848949432373047e-06, 4.172325134277344e-07, 1.7200778722763062, -4.079192876815796e-06, -2.8461217880249023e-06, 1.6338958740234375, -4.493631422519684e-08, 7.659196853637695e-06, 0.606109619140625, 0.038037318736314774, 0.4860996901988983, -0.06373578310012817, 4.610978066921234e-06, -8.605420589447021e-07, 0.4917299747467041, 1.4528632164001465e-07, -2.905726432800293e-07, 0.4917334020137787, 0.14979754388332367, -0.004515469074249268, 0.2672134041786194, 2.2351741790771484e-07, -1.9855797290802e-06, 0.6228752136230469, 7.569789886474609e-06, -7.651746273040771e-06, 1.1016767024993896, 2.9802322387695312e-08, -5.960464477539063e-08, 0.7726443409919739, -0.1407444179058075, -0.019361793994903564, 0.2530268728733063, 5.140900611877441e-07, -9.499490261077881e-08, 0.5432052612304688, -3.874301910400391e-06, 3.4570693969726562e-06, 1.103057622909546, 1.1682510375976562e-05, -7.867813110351562e-06, 0.824050784111023, -0.009052656590938568, 0.023875482380390167, 0.3158411681652069, 1.1920928955078125e-07, 2.2351741790771484e-08, 0.3153614401817322, -0.0012294501066207886, -0.2804088890552521, 1.0047496557235718, 0.0012295246124267578, 0.28040528297424316, 0.17804376780986786, -0.032218556851148605, 4.000904560089111, 1.0912811756134033, -0.0871233195066452, -0.3571861684322357, 0.5555344820022583, 5.673617124557495e-06, -2.6747584342956543e-06, 1.7364654541015625, -3.7848949432373047e-06, -2.853572368621826e-06, 1.6212767362594604, -2.9032817110419273e-06, -1.1453405022621155e-05, 0.6033935546875, 0.04908883571624756, -0.4983293414115906, -0.4918173551559448, -3.6954879760742188e-06, 5.960464477539062e-07, 1.7200778722763062, -3.5874545574188232e-06, -2.86102294921875e-06, 1.6338956356048584, 5.494803190231323e-08, 7.68899917602539e-06, 0.606109619140625, 0.03803717717528343, 0.48609891533851624, -0.06373591721057892, 4.637986421585083e-06, -7.227063179016113e-07, 0.49173080921173096, 1.4528632164001465e-07, -4.6193599700927734e-07, 0.49173399806022644, 0.1497974693775177, -0.0045153796672821045, 0.2672141194343567, 2.2351741790771484e-07, -1.0319054126739502e-06, 0.6228752136230469, 8.016824722290039e-06, -7.525086402893066e-06, 1.1016768217086792, 2.8312206268310547e-07, 1.7881393432617188e-07, 0.7726442217826843, -0.1407443881034851, -0.019361771643161774, 0.2530272305011749, 5.513429641723633e-07, -5.21540641784668e-08, 0.5432052612304688, -4.038214683532715e-06, 3.844499588012695e-06, 1.103057622909546, 1.0877847671508789e-05, -7.867813110351562e-06, 0.8240509629249573, -0.009052768349647522, 0.02387554943561554, 0.3158421814441681, -1.4901161193847656e-08, 1.341104507446289e-07, 0.31536123156547546, -0.0012294948101043701, -0.2804090678691864, 1.0047492980957031, 0.0012294799089431763, 0.28040504455566406, 0.17804326117038727, -0.03236459195613861, 3.999849319458008, 1.0912158489227295, -0.08712354302406311, -0.3571864366531372, 0.5555344223976135, 5.749054253101349e-06, -2.7227215468883514e-06, 1.7364658117294312, -3.777444362640381e-06, -2.8405338525772095e-06, 1.6212767362594604, -2.8260983526706696e-06, -1.1472031474113464e-05, 0.6033935546875, 0.04908856749534607, -0.498329758644104, -0.49181756377220154, -3.814697265625e-06, 4.76837158203125e-07, 1.7200775146484375, -3.591179847717285e-06, -2.8461217880249023e-06, 1.6338958740234375, -2.680462785065174e-07, 7.703900337219238e-06, 0.6061096787452698, 0.03803700953722, 0.4860987067222595, -0.06373588740825653, 4.697591066360474e-06, -8.791685104370117e-07, 0.4917302429676056, -7.264316082000732e-08, -5.066394805908203e-07, 0.4917340874671936, 0.14979752898216248, -0.004515409469604492, 0.2672141194343567, 2.5331974029541016e-07, -1.344829797744751e-06, 0.6228752136230469, 7.539987564086914e-06, -7.621943950653076e-06, 1.1016769409179688, 0.0, 1.4901161193847656e-07, 0.7726442217826843, -0.14074435830116272, -0.019361697137355804, 0.25302714109420776, 6.109476089477539e-07, -6.407499313354492e-07, 0.5432053804397583, -3.7848949432373047e-06, 3.4570693969726562e-06, 1.1030575037002563, 1.1116266250610352e-05, -7.510185241699219e-06, 0.8240509033203125, -0.00905279815196991, 0.023875445127487183, 0.315841943025589, 1.862645149230957e-07, 1.1920928955078125e-07, 0.3153602182865143, -0.0012294724583625793, -0.28040850162506104, 1.004748821258545, 0.0012295171618461609, 0.28040575981140137, 0.1780431568622589, -0.03249393403530121, 3.9989144802093506, 1.0911580324172974, -0.08712342381477356, -0.3571862280368805, 0.5555345416069031, 5.709007382392883e-06, -2.6384368538856506e-06, 1.7364654541015625, -3.7588179111480713e-06, -2.734363079071045e-06, 1.6212767362594604, -2.8237118385732174e-06, -1.1424534022808075e-05, 0.6033936142921448, 0.04908871650695801, -0.498329758644104, -0.49181729555130005, -3.725290298461914e-06, 5.364418029785156e-07, 1.720077633857727, -3.959983587265015e-06, -2.905726432800293e-06, 1.633895754814148, -2.7957139536738396e-07, 7.644295692443848e-06, 0.6061096787452698, 0.038037389516830444, 0.4860991835594177, -0.06373583525419235, 4.727393388748169e-06, -8.754432201385498e-07, 0.4917295575141907, 1.4901161193847656e-08, -5.289912223815918e-07, 0.49173352122306824, 0.14979740977287292, -0.004515513777732849, 0.2672131359577179, 2.2351741790771484e-07, -1.298263669013977e-06, 0.6228752136230469, 7.88271427154541e-06, -7.510185241699219e-06, 1.1016768217086792, 1.043081283569336e-07, 0.0, 0.77264404296875, -0.14074446260929108, -0.019361745566129684, 0.2530267834663391, 5.21540641784668e-07, -6.780028343200684e-07, 0.5432053804397583, -3.814697265625e-06, 3.725290298461914e-06, 1.1030577421188354, 1.1682510375976562e-05, -7.68899917602539e-06, 0.8240509629249573, -0.009052857756614685, 0.02387543022632599, 0.315841406583786, 2.1606683731079102e-07, 5.960464477539063e-08, 0.31536123156547546, -0.0012294724583625793, -0.28040897846221924, 1.0047492980957031, 0.0012295171618461609, 0.28040462732315063, 0.1780436635017395, -0.032639678567647934, 3.997860908508301, 1.091092824935913, -0.08712334930896759, -0.35718634724617004, 0.5555344820022583, 5.714595317840576e-06, -2.752291038632393e-06, 1.7364654541015625, -3.814697265625e-06, -2.738088369369507e-06, 1.62127685546875, -2.851069439202547e-06, -1.1447817087173462e-05, 0.6033936142921448, 0.049088746309280396, -0.49832969903945923, -0.4918174147605896, -3.904104232788086e-06, 5.960464477539062e-07, 1.7200777530670166, -4.08664345741272e-06, -2.8312206268310547e-06, 1.633895754814148, 1.414446160197258e-08, 7.644295692443848e-06, 0.606109619140625, 0.038037244230508804, 0.4860988259315491, -0.0637357085943222, 4.5746564865112305e-06, -7.860362529754639e-07, 0.4917297661304474, -1.955777406692505e-08, -4.76837158203125e-07, 0.4917341470718384, 0.1497974991798401, -0.004515394568443298, 0.2672134339809418, 3.129243850708008e-07, -1.469627022743225e-06, 0.6228752732276917, 7.674098014831543e-06, -7.569789886474609e-06, 1.1016770601272583, 2.9802322387695312e-08, 2.9802322387695312e-08, 0.7726435661315918, -0.14074432849884033, -0.019361678510904312, 0.25302642583847046, 6.109476089477539e-07, -6.239861249923706e-07, 0.543205201625824, -3.919005393981934e-06, 3.7550926208496094e-06, 1.1030586957931519, 1.150369644165039e-05, -7.599592208862305e-06, 0.8240510821342468, -0.009052760899066925, 0.023875467479228973, 0.3158411383628845, 2.2351741790771484e-07, 2.2351741790771484e-08, 0.3153608739376068, -0.0012294873595237732, -0.28040921688079834, 1.0047489404678345, 0.001229502260684967, 0.2804051339626312, 0.17804275453090668, -0.03271134942770004, 3.997342824935913, 1.091060757637024, -0.08712360262870789, -0.3571864068508148, 0.5555345416069031, 5.731359124183655e-06, -2.8242357075214386e-06, 1.736465573310852, -3.807246685028076e-06, -2.8703361749649048e-06, 1.6212772130966187, -2.893037162721157e-06, -1.1422671377658844e-05, 0.6033935546875, 0.04908871650695801, -0.49832960963249207, -0.49181729555130005, -3.874301910400391e-06, 5.364418029785156e-07, 1.720077633857727, -4.0121376514434814e-06, -2.8759241104125977e-06, 1.6338958740234375, -7.700873538851738e-08, 7.614493370056152e-06, 0.6061096787452698, 0.03803705424070358, 0.4860992729663849, -0.06373590230941772, 4.809349775314331e-06, -8.419156074523926e-07, 0.49172985553741455, 6.472691893577576e-08, -4.917383193969727e-07, 0.4917333722114563, 0.1497974842786789, -0.004515409469604492, 0.26721325516700745, 1.7881393432617188e-07, -2.3990869522094727e-06, 0.6228752136230469, 7.838010787963867e-06, -7.621943950653076e-06, 1.1016769409179688, 2.384185791015625e-07, -2.9802322387695312e-08, 0.7726436257362366, -0.14074432849884033, -0.019361741840839386, 0.2530265748500824, 5.21540641784668e-07, 4.377216100692749e-07, 0.5432052612304688, -3.889203071594238e-06, 4.0531158447265625e-06, 1.1030582189559937, 1.1235475540161133e-05, -7.838010787963867e-06, 0.8240510821342468, -0.009052827954292297, 0.023875437676906586, 0.3158411383628845, 1.9371509552001953e-07, -7.450580596923828e-08, 0.31536048650741577, -0.0012294501066207886, -0.2804088592529297, 1.0047494173049927, 0.0012295395135879517, 0.28040486574172974, 0.17804408073425293, -0.03280720114707947, 3.996649980545044, 1.0910178422927856, -0.08712337911128998, -0.3571860194206238, 0.5555342435836792, 5.7034194469451904e-06, -2.709217369556427e-06, 1.7364659309387207, -3.7997961044311523e-06, -2.9336661100387573e-06, 1.62127685546875, -2.889544703066349e-06, -1.1445954442024231e-05, 0.6033935546875, 0.04908868670463562, -0.4983292818069458, -0.4918176233768463, -3.546476364135742e-06, 5.960464477539062e-07, 1.7200777530670166, -3.926455974578857e-06, -2.8014183044433594e-06, 1.6338958740234375, 2.0314473658800125e-08, 7.554888725280762e-06, 0.606109619140625, 0.038037192076444626, 0.48609915375709534, -0.06373602151870728, 4.623085260391235e-06, -9.08970832824707e-07, 0.49173063039779663, 7.613562047481537e-08, -3.5762786865234375e-07, 0.49173396825790405, 0.1497974693775177, -0.004515394568443298, 0.26721349358558655, 2.2351741790771484e-07, -2.332031726837158e-06, 0.6228752136230469, 7.37607479095459e-06, -7.5623393058776855e-06, 1.1016771793365479, 0.0, 0.0, 0.7726441025733948, -0.14074449241161346, -0.019361786544322968, 0.2530267536640167, 3.2782554626464844e-07, -1.5236437320709229e-06, 0.5432053208351135, -3.874301910400391e-06, 3.993511199951172e-06, 1.1030579805374146, 1.1265277862548828e-05, -7.3015689849853516e-06, 0.8240509033203125, -0.009052850306034088, 0.02387545257806778, 0.3158414959907532, 1.2665987014770508e-07, -4.470348358154297e-08, 0.31536024808883667, -0.0012294724583625793, -0.280408650636673, 1.0047497749328613, 0.001229502260684967, 0.2804051339626312, 0.17804355919361115, -0.03289007768034935, 3.996051073074341, 1.0909807682037354, -0.08712354302406311, -0.3571861982345581, 0.5555344223976135, 5.718320608139038e-06, -2.6659108698368073e-06, 1.7364656925201416, -3.810971975326538e-06, -2.8815120458602905e-06, 1.6212769746780396, -2.8671929612755775e-06, -1.1430121958255768e-05, 0.6033935546875, 0.04908853769302368, -0.4983297884464264, -0.4918174147605896, -3.933906555175781e-06, 6.556510925292969e-07, 1.7200778722763062, -3.7178397178649902e-06, -2.8908252716064453e-06, 1.6338962316513062, -6.6356733441352844e-09, 7.584691047668457e-06, 0.6061096787452698, 0.03803708031773567, 0.48609936237335205, -0.06373593211174011, 4.604458808898926e-06, -9.201467037200928e-07, 0.49173033237457275, 7.404014468193054e-08, -3.7997961044311523e-07, 0.4917335510253906, 0.1497974693775177, -0.00451543927192688, 0.2672140598297119, 2.8312206268310547e-07, -2.738088369369507e-06, 0.6228751540184021, 7.420778274536133e-06, -7.599592208862305e-06, 1.101677656173706, 1.4901161193847656e-08, -5.960464477539063e-08, 0.7726439833641052, -0.14074444770812988, -0.01936178281903267, 0.2530270218849182, 5.21540641784668e-07, -8.903443813323975e-07, 0.5432053804397583, -3.859400749206543e-06, 4.023313522338867e-06, 1.1030588150024414, 1.1652708053588867e-05, -7.3909759521484375e-06, 0.8240508437156677, -0.009052753448486328, 0.023875437676906586, 0.31584128737449646, 2.1606683731079102e-07, -1.4901161193847656e-08, 0.3153610825538635, -0.0012294426560401917, -0.28040844202041626, 1.0047491788864136, 0.0012295469641685486, 0.28040552139282227, 0.1780434399843216, -0.0329747274518013, 3.995439052581787, 1.0909429788589478, -0.08712361752986908, -0.3571867048740387, 0.5555345416069031, 5.76116144657135e-06, -2.888031303882599e-06, 1.736465573310852, -3.777444362640381e-06, -2.8330832719802856e-06, 1.621276617050171, -2.8698123060166836e-06, -1.1412426829338074e-05, 0.6033936142921448, 0.049088627099990845, -0.4983297288417816, -0.4918173551559448, -3.904104232788086e-06, 4.76837158203125e-07, 1.7200775146484375, -3.7588179111480713e-06, -2.816319465637207e-06, 1.6338961124420166, 2.5425106287002563e-07, 7.584691047668457e-06, 0.606109619140625, 0.038037024438381195, 0.48609885573387146, -0.06373590230941772, 4.645437002182007e-06, -7.301568984985352e-07, 0.4917295575141907, -5.029141902923584e-08, -3.3527612686157227e-07, 0.49173402786254883, 0.14979751408100128, -0.004515320062637329, 0.2672135531902313, 2.384185791015625e-07, -2.000480890274048e-06, 0.6228752136230469, 7.331371307373047e-06, -7.748603820800781e-06, 1.1016771793365479, 8.940696716308594e-08, -2.9802322387695312e-08, 0.7726438045501709, -0.1407444030046463, -0.01936166360974312, 0.25302669405937195, 3.8743019104003906e-07, -2.1606683731079102e-07, 0.5432051420211792, -3.889203071594238e-06, 4.082918167114258e-06, 1.103057861328125, 1.1354684829711914e-05, -7.957220077514648e-06, 0.8240505456924438, -0.009052760899066925, 0.02387552708387375, 0.3158417344093323, 2.086162567138672e-07, -2.9802322387695312e-08, 0.31536123156547546, -0.0012295320630073547, -0.2804090082645416, 1.0047495365142822, 0.0012294426560401917, 0.2804050147533417, 0.1780434548854828, -0.03304695710539818, 3.9949169158935547, 1.0909106731414795, -0.0871235579252243, -0.3571864068508148, 0.5555344223976135, 5.692243576049805e-06, -2.820044755935669e-06, 1.736465573310852, -3.840774297714233e-06, -2.8703361749649048e-06, 1.621276617050171, -2.8595677576959133e-06, -1.1461321264505386e-05, 0.6033936738967896, 0.04908865690231323, -0.49832940101623535, -0.4918175935745239, -3.606081008911133e-06, 4.76837158203125e-07, 1.7200777530670166, -3.825873136520386e-06, -2.8461217880249023e-06, 1.633895754814148, 1.3702083379030228e-07, 7.62939453125e-06, 0.606109619140625, 0.038036998361349106, 0.4860990643501282, -0.0637359544634819, 4.667788743972778e-06, -8.717179298400879e-07, 0.49172934889793396, -3.4458935260772705e-08, -4.544854164123535e-07, 0.4917340874671936, 0.1497974991798401, -0.004515364766120911, 0.2672131359577179, 2.384185791015625e-07, -2.1904706954956055e-06, 0.6228752136230469, 7.808208465576172e-06, -7.525086402893066e-06, 1.1016771793365479, -7.450580596923828e-08, 1.4901161193847656e-07, 0.7726442813873291, -0.14074434340000153, -0.01936178281903267, 0.2530260384082794, 6.258487701416016e-07, -1.993030309677124e-07, 0.543205201625824, -3.844499588012695e-06, 3.874301910400391e-06, 1.103057861328125, 1.1533498764038086e-05, -8.285045623779297e-06, 0.8240512013435364, -0.009052686393260956, 0.023875534534454346, 0.3158408999443054, 8.940696716308594e-08, 0.0, 0.31536102294921875, -0.0012295544147491455, -0.28040897846221924, 1.004748821258545, 0.0012294426560401917, 0.2804052531719208, 0.17804303765296936, -0.03311214596033096, 3.99444580078125, 1.0908814668655396, -0.0871235728263855, -0.3571864366531372, 0.5555344820022583, 5.688518285751343e-06, -2.8293579816818237e-06, 1.7364652156829834, -3.769993782043457e-06, -2.7725473046302795e-06, 1.6212767362594604, -2.8478680178523064e-06, -1.1446885764598846e-05, 0.6033936738967896, 0.049088627099990845, -0.4983297288417816, -0.4918174743652344, -3.606081008911133e-06, 4.172325134277344e-07, 1.720077633857727, -3.9227306842803955e-06, -2.8312206268310547e-06, 1.633895754814148, -6.647314876317978e-08, 7.62939453125e-06, 0.6061095595359802, 0.038037002086639404, 0.48609885573387146, -0.06373583525419235, 4.723668098449707e-06, -7.748603820800781e-07, 0.4917304217815399, 4.190951585769653e-08, -4.917383193969727e-07, 0.49173399806022644, 0.1497974991798401, -0.004515647888183594, 0.2672136723995209, 2.682209014892578e-07, -1.559033989906311e-06, 0.6228752136230469, 7.450580596923828e-06, -7.6070427894592285e-06, 1.1016772985458374, 1.4901161193847656e-07, -1.1920928955078125e-07, 0.7726438641548157, -0.14074446260929108, -0.019361872225999832, 0.2530268728733063, 4.023313522338867e-07, -1.3113021850585938e-06, 0.5432053208351135, -3.6656856536865234e-06, 3.993511199951172e-06, 1.1030582189559937, 1.150369644165039e-05, -8.046627044677734e-06, 0.824050784111023, -0.009052738547325134, 0.023875325918197632, 0.31584107875823975, 2.3096799850463867e-07, -9.685754776000977e-08, 0.3153614401817322, -0.0012294799089431763, -0.2804085314273834, 1.0047496557235718, 0.0012295171618461609, 0.2804051339626312, 0.17804378271102905, -0.03316385671496391, 3.9940719604492188, 1.0908583402633667, -0.08712348341941833, -0.3571864664554596, 0.5555344223976135, 5.7034194469451904e-06, -2.818182110786438e-06, 1.7364654541015625, -3.7811696529388428e-06, -2.748332917690277e-06, 1.6212767362594604, -2.814456820487976e-06, -1.1408235877752304e-05, 0.6033934950828552, 0.04908856749534607, -0.4983298182487488, -0.4918173551559448, -3.6954879760742188e-06, 3.5762786865234375e-07, 1.7200775146484375, -3.825873136520386e-06, -2.816319465637207e-06, 1.633895993232727, 1.3248063623905182e-07, 7.659196853637695e-06, 0.6061096787452698, 0.038037125021219254, 0.48609888553619385, -0.06373579800128937, 4.623085260391235e-06, -7.82310962677002e-07, 0.4917301535606384, 1.0896474123001099e-07, -5.736947059631348e-07, 0.49173399806022644, 0.14979757368564606, -0.004515424370765686, 0.26721319556236267, 2.384185791015625e-07, -2.514570951461792e-06, 0.6228752136230469, 7.4356794357299805e-06, -7.621943950653076e-06, 1.1016771793365479, 2.9802322387695312e-08, -1.1920928955078125e-07, 0.7726432085037231, -0.14074432849884033, -0.019361671060323715, 0.2530265748500824, 5.21540641784668e-07, -7.040798664093018e-07, 0.5432052612304688, -3.844499588012695e-06, 3.904104232788086e-06, 1.1030577421188354, 1.1712312698364258e-05, -7.539987564086914e-06, 0.8240506052970886, -0.009052686393260956, 0.023875519633293152, 0.3158412575721741, 1.862645149230957e-07, -1.1175870895385742e-07, 0.31536024808883667, -0.0012295395135879517, -0.280409038066864, 1.0047492980957031, 0.0012294650077819824, 0.28040528297424316, 0.1780432164669037, -0.033249907195568085, 3.9934499263763428, 1.0908198356628418, -0.08712346851825714, -0.3571864068508148, 0.5555342435836792, 5.707144737243652e-06, -2.8116628527641296e-06, 1.7364652156829834, -3.807246685028076e-06, -2.8032809495925903e-06, 1.6212767362594604, -2.845597919076681e-06, -1.147179864346981e-05, 0.6033936142921448, 0.04908865690231323, -0.49833011627197266, -0.4918176531791687, -3.680586814880371e-06, 6.556510925292969e-07, 1.7200772762298584, -3.643333911895752e-06, -2.86102294921875e-06, 1.633895754814148, -1.2543750926852226e-07, 7.718801498413086e-06, 0.6061096787452698, 0.03803728148341179, 0.4860991835594177, -0.06373608857393265, 4.67151403427124e-06, -7.525086402893066e-07, 0.4917297065258026, 2.60770320892334e-08, -3.203749656677246e-07, 0.4917339086532593, 0.14979755878448486, -0.004515454173088074, 0.2672134339809418, 2.384185791015625e-07, -1.9706785678863525e-06, 0.6228751540184021, 7.584691047668457e-06, -7.674098014831543e-06, 1.1016769409179688, -1.4901161193847656e-08, -1.1920928955078125e-07, 0.7726444005966187, -0.14074429869651794, -0.01936176046729088, 0.25302624702453613, 2.980232238769531e-07, -5.047768354415894e-07, 0.5432053804397583, -3.829598426818848e-06, 4.023313522338867e-06, 1.1030585765838623, 1.1444091796875e-05, -7.897615432739258e-06, 0.8240508437156677, -0.009052664041519165, 0.02387543022632599, 0.3158409297466278, 3.650784492492676e-07, 2.9802322387695312e-08, 0.3153613209724426, -0.0012294724583625793, -0.2804087996482849, 1.0047496557235718, 0.0012295246124267578, 0.2804049253463745, 0.17804379761219025, -0.03334636241197586, 3.99275279045105, 1.0907766819000244, -0.08712373673915863, -0.35718631744384766, 0.5555343627929688, 5.766749382019043e-06, -2.9811635613441467e-06, 1.736465573310852, -3.7811696529388428e-06, -2.7064234018325806e-06, 1.6212767362594604, -2.848217263817787e-06, -1.1444557458162308e-05, 0.6033935546875, 0.04908841848373413, -0.4983294606208801, -0.49181750416755676, -3.904104232788086e-06, 5.364418029785156e-07, 1.7200777530670166, -3.98978590965271e-06, -2.7865171432495117e-06, 1.6338958740234375, 1.2223608791828156e-08, 7.748603820800781e-06, 0.606109619140625, 0.038036953657865524, 0.4860991835594177, -0.06373586505651474, 4.682689905166626e-06, -8.344650268554688e-07, 0.4917295575141907, -4.6566128730773926e-08, -4.544854164123535e-07, 0.49173301458358765, 0.1497974991798401, -0.004515498876571655, 0.26721373200416565, 1.4901161193847656e-07, -1.5497207641601562e-06, 0.6228750944137573, 7.420778274536133e-06, -7.644295692443848e-06, 1.1016769409179688, 7.450580596923828e-08, -8.940696716308594e-08, 0.7726441025733948, -0.14074432849884033, -0.019361767917871475, 0.2530265152454376, 4.023313522338867e-07, -3.5390257835388184e-07, 0.5432053208351135, -3.874301910400391e-06, 4.351139068603516e-06, 1.1030583381652832, 1.1533498764038086e-05, -7.271766662597656e-06, 0.8240509629249573, -0.00905262678861618, 0.023875437676906586, 0.3158412277698517, 1.862645149230957e-07, 2.2351741790771484e-08, 0.31536048650741577, -0.0012295246124267578, -0.2804092466831207, 1.0047494173049927, 0.0012294873595237732, 0.28040456771850586, 0.17804327607154846, -0.03336162865161896, 3.992642402648926, 1.09076988697052, -0.08712358772754669, -0.35718637704849243, 0.5555343627929688, 5.6996941566467285e-06, -2.882443368434906e-06, 1.7364650964736938, -3.810971975326538e-06, -2.8312206268310547e-06, 1.62127685546875, -2.8833455871790648e-06, -1.143125700764358e-05, 0.6033935546875, 0.04908844828605652, -0.49832963943481445, -0.4918174743652344, -3.635883331298828e-06, 4.76837158203125e-07, 1.7200777530670166, -3.777444362640381e-06, -2.7120113372802734e-06, 1.6338956356048584, -5.5821146816015244e-08, 7.614493370056152e-06, 0.606109619140625, 0.038037143647670746, 0.4860994517803192, -0.06373602151870728, 4.5709311962127686e-06, -9.08970832824707e-07, 0.49172964692115784, 9.872019290924072e-08, -4.246830940246582e-07, 0.4917334318161011, 0.1497974693775177, -0.004515454173088074, 0.2672135531902313, 1.6391277313232422e-07, -1.866370439529419e-06, 0.6228753328323364, 7.3462724685668945e-06, -7.577240467071533e-06, 1.1016771793365479, -1.9371509552001953e-07, -5.960464477539063e-08, 0.7726439237594604, -0.14074435830116272, -0.01936175301671028, 0.2530263662338257, 5.066394805908203e-07, -4.470348358154297e-07, 0.5432051420211792, -3.725290298461914e-06, 4.082918167114258e-06, 1.103058099746704, 1.1712312698364258e-05, -8.58306884765625e-06, 0.8240507245063782, -0.009052786976099014, 0.023875422775745392, 0.3158409893512726, 3.725290298461914e-08, -1.2665987014770508e-07, 0.31536146998405457, -0.0012294724583625793, -0.2804090082645416, 1.0047489404678345, 0.001229509711265564, 0.2804049253463745, 0.17804297804832458, -0.033355604857206345, 3.9926860332489014, 1.0907725095748901, -0.08712360262870789, -0.3571862280368805, 0.5555341243743896, 5.710870027542114e-06, -2.7548521757125854e-06, 1.736465334892273, -3.807246685028076e-06, -2.796761691570282e-06, 1.62127685546875, -2.8847716748714447e-06, -1.1410098522901535e-05, 0.6033936738967896, 0.04908853769302368, -0.49832966923713684, -0.4918174743652344, -3.7401914596557617e-06, 5.960464477539062e-07, 1.7200777530670166, -3.732740879058838e-06, -2.771615982055664e-06, 1.633895754814148, 1.4010583981871605e-07, 7.703900337219238e-06, 0.6061097383499146, 0.03803708031773567, 0.4860992431640625, -0.06373606622219086, 4.794448614120483e-06, -7.82310962677002e-07, 0.4917294681072235, 3.725290298461914e-09, -4.3958425521850586e-07, 0.49173399806022644, 0.14979742467403412, -0.004515394568443298, 0.26721376180648804, 2.682209014892578e-07, -1.73225998878479e-06, 0.6228752136230469, 7.733702659606934e-06, -7.592141628265381e-06, 1.1016769409179688, -2.9802322387695312e-08, -5.960464477539063e-08, 0.7726437449455261, -0.14074444770812988, -0.019361715763807297, 0.2530275583267212, 6.109476089477539e-07, -7.227063179016113e-07, 0.543205201625824, -3.859400749206543e-06, 4.26173210144043e-06, 1.1030582189559937, 1.1533498764038086e-05, -7.778406143188477e-06, 0.824051022529602, -0.009052734822034836, 0.02387552708387375, 0.3158414959907532, 1.564621925354004e-07, -1.1920928955078125e-07, 0.315361350774765, -0.0012294948101043701, -0.2804085612297058, 1.0047491788864136, 0.0012295246124267578, 0.2804052233695984, 0.17804352939128876, -0.03340088203549385, 3.992358684539795, 1.090752363204956, -0.08712366223335266, -0.3571861982345581, 0.5555343627929688, 5.718320608139038e-06, -2.8619542717933655e-06, 1.7364654541015625, -3.7960708141326904e-06, -2.8973445296287537e-06, 1.6212767362594604, -2.9284856282174587e-06, -1.1479947715997696e-05, 0.6033935546875, 0.04908853769302368, -0.4983295798301697, -0.49181753396987915, -3.7997961044311523e-06, 2.980232238769531e-07, 1.720077395439148, -3.5762786865234375e-06, -2.995133399963379e-06, 1.6338958740234375, 7.136259227991104e-08, 7.644295692443848e-06, 0.6061096787452698, 0.03803694248199463, 0.48609936237335205, -0.06373590230941772, 4.697591066360474e-06, -7.599592208862305e-07, 0.4917305111885071, 1.6763806343078613e-07, -4.246830940246582e-07, 0.491733193397522, 0.14979751408100128, -0.004515513777732849, 0.26721349358558655, 2.384185791015625e-07, -2.127140760421753e-06, 0.6228751540184021, 7.554888725280762e-06, -7.651746273040771e-06, 1.1016771793365479, 2.9802322387695312e-08, -2.384185791015625e-07, 0.7726436853408813, -0.1407444179058075, -0.019361812621355057, 0.25302720069885254, 5.513429641723633e-07, -2.8312206268310547e-07, 0.5432052612304688, -3.859400749206543e-06, 4.26173210144043e-06, 1.1030583381652832, 1.1563301086425781e-05, -6.9141387939453125e-06, 0.8240511417388916, -0.009052705019712448, 0.023875407874584198, 0.3158417344093323, 6.705522537231445e-08, 7.450580596923828e-08, 0.3153610825538635, -0.0012294985353946686, -0.2804088890552521, 1.004748821258545, 0.0012294724583625793, 0.2804050147533417, 0.17804282903671265, -0.03333970531821251, 3.9928009510040283, 1.0907796621322632, -0.08712346851825714, -0.3571864366531372, 0.5555343627929688, 5.677342414855957e-06, -2.8973445296287537e-06, 1.7364654541015625, -3.766268491744995e-06, -2.775341272354126e-06, 1.621276617050171, -2.8723152354359627e-06, -1.1446420103311539e-05, 0.6033935546875, 0.04908871650695801, -0.498329758644104, -0.4918174743652344, -3.7848949432373047e-06, 5.960464477539062e-07, 1.720077633857727, -3.8035213947296143e-06, -2.823770046234131e-06, 1.6338961124420166, 4.0745362639427185e-08, 7.674098014831543e-06, 0.6061096787452698, 0.03803728148341179, 0.4860993027687073, -0.06373603641986847, 4.727393388748169e-06, -8.866190910339355e-07, 0.4917300343513489, 7.82310962677002e-08, -4.3213367462158203e-07, 0.49173322319984436, 0.14979755878448486, -0.0045153796672821045, 0.26721349358558655, 3.129243850708008e-07, -1.3373792171478271e-06, 0.6228751540184021, 7.525086402893066e-06, -7.569789886474609e-06, 1.1016767024993896, 1.043081283569336e-07, -5.960464477539063e-08, 0.7726430892944336, -0.1407444179058075, -0.01936178281903267, 0.25302666425704956, 5.662441253662109e-07, -3.241002559661865e-07, 0.5432052612304688, -3.859400749206543e-06, 3.635883331298828e-06, 1.103057861328125, 1.1742115020751953e-05, -7.510185241699219e-06, 0.8240506052970886, -0.009052682667970657, 0.02387547492980957, 0.3158414959907532, 2.384185791015625e-07, -8.195638656616211e-08, 0.3153611719608307, -0.001229509711265564, -0.28040897846221924, 1.0047489404678345, 0.0012294873595237732, 0.28040462732315063, 0.178043395280838, -0.033303409814834595, 3.99306321144104, 1.090795874595642, -0.08712366223335266, -0.35718661546707153, 0.5555344223976135, 5.718320608139038e-06, -2.8675422072410583e-06, 1.7364652156829834, -3.773719072341919e-06, -2.812594175338745e-06, 1.621276617050171, -2.803630195558071e-06, -1.145433634519577e-05, 0.6033936738967896, 0.04908853769302368, -0.4983300566673279, -0.4918173849582672, -3.6954879760742188e-06, 5.960464477539062e-07, 1.7200775146484375, -3.904104232788086e-06, -2.853572368621826e-06, 1.6338961124420166, -3.180466592311859e-07, 7.659196853637695e-06, 0.606109619140625, 0.03803694620728493, 0.48609888553619385, -0.06373585015535355, 4.794448614120483e-06, -7.82310962677002e-07, 0.4917301833629608, 1.2665987014770508e-07, -3.650784492492676e-07, 0.49173352122306824, 0.14979742467403412, -0.004515305161476135, 0.2672136127948761, 2.2351741790771484e-07, -2.0042061805725098e-06, 0.6228752732276917, 7.778406143188477e-06, -7.701106369495392e-06, 1.1016770601272583, 2.086162567138672e-07, 2.9802322387695312e-08, 0.7726438045501709, -0.14074453711509705, -0.01936177723109722, 0.25302648544311523, 5.662441253662109e-07, 5.587935447692871e-08, 0.5432051420211792, -3.725290298461914e-06, 3.4868717193603516e-06, 1.1030583381652832, 1.1563301086425781e-05, -7.271766662597656e-06, 0.8240509033203125, -0.00905287079513073, 0.02387554943561554, 0.31584182381629944, 2.0116567611694336e-07, 8.940696716308594e-08, 0.31536030769348145, -0.0012294575572013855, -0.280408650636673, 1.0047496557235718, 0.0012295320630073547, 0.2804052531719208, 0.17804329097270966, -0.03331475704908371, 3.992981195449829, 1.090790867805481, -0.08712366223335266, -0.35718658566474915, 0.5555343627929688, 5.718320608139038e-06, -2.941116690635681e-06, 1.7364656925201416, -3.7867575883865356e-06, -2.8316862881183624e-06, 1.62127685546875, -2.8195208869874477e-06, -1.146271824836731e-05, 0.6033935546875, 0.049088507890701294, -0.49832987785339355, -0.49181750416755676, -3.725290298461914e-06, 4.76837158203125e-07, 1.7200775146484375, -3.5800039768218994e-06, -2.9206275939941406e-06, 1.633895993232727, -4.3463660404086113e-07, 7.636845111846924e-06, 0.606109619140625, 0.0380370169878006, 0.48609888553619385, -0.06373593956232071, 4.716217517852783e-06, -8.270144462585449e-07, 0.49173006415367126, 5.21540641784668e-08, -3.7997961044311523e-07, 0.4917343556880951, 0.14979737997055054, -0.004515394568443298, 0.2672143578529358, 2.086162567138672e-07, -1.3299286365509033e-06, 0.6228753924369812, 7.465481758117676e-06, -7.59027898311615e-06, 1.1016770601272583, 4.470348358154297e-08, 2.9802322387695312e-08, 0.7726441025733948, -0.14074453711509705, -0.019361721351742744, 0.2530277669429779, 3.427267074584961e-07, -7.82310962677002e-07, 0.5432052612304688, -3.635883331298828e-06, 4.1425228118896484e-06, 1.103058099746704, 1.138448715209961e-05, -7.539987564086914e-06, 0.824050784111023, -0.009052854031324387, 0.023875467479228973, 0.31584206223487854, 5.960464477539063e-08, -2.9802322387695312e-08, 0.31536129117012024, -0.0012294910848140717, -0.2804091274738312, 1.0047491788864136, 0.001229502260684967, 0.2804049253463745, 0.17804332077503204, -0.03333944082260132, 3.992802858352661, 1.0907797813415527, -0.08712358772754669, -0.35718676447868347, 0.5555344223976135, 5.718320608139038e-06, -2.8926879167556763e-06, 1.7364650964736938, -3.818422555923462e-06, -2.8638169169425964e-06, 1.6212767362594604, -2.828543074429035e-06, -1.1463649570941925e-05, 0.6033934950828552, 0.049088478088378906, -0.4983300268650055, -0.491817444562912, -3.7401914596557617e-06, 3.5762786865234375e-07, 1.7200777530670166, -3.863126039505005e-06, -2.8759241104125977e-06, 1.633895993232727, -2.3632310330867767e-08, 7.674098014831543e-06, 0.606109619140625, 0.03803703561425209, 0.48609843850135803, -0.06373588740825653, 4.738569259643555e-06, -9.015202522277832e-07, 0.49173039197921753, -2.1606683731079102e-07, -4.917383193969727e-07, 0.49173325300216675, 0.1497974544763565, -0.004515469074249268, 0.2672136425971985, 2.682209014892578e-07, -2.421438694000244e-06, 0.6228752732276917, 7.927417755126953e-06, -7.443130016326904e-06, 1.1016768217086792, -1.341104507446289e-07, -1.1920928955078125e-07, 0.772644579410553, -0.1407444030046463, -0.01936178468167782, 0.2530272603034973, 4.76837158203125e-07, -8.866190910339355e-07, 0.5432052612304688, -3.874301910400391e-06, 3.7848949432373047e-06, 1.1030583381652832, 1.1622905731201172e-05, -7.450580596923828e-06, 0.8240508437156677, -0.009052732959389687, 0.023875489830970764, 0.3158422112464905, 2.384185791015625e-07, -6.705522537231445e-08, 0.3153610825538635, -0.0012295059859752655, -0.2804087698459625, 1.0047494173049927, 0.0012294277548789978, 0.280405193567276, 0.17804290354251862, -0.03336508944630623, 3.99261736869812, 1.0907683372497559, -0.08712346851825714, -0.35718655586242676, 0.5555341839790344, 5.733221769332886e-06, -2.954155206680298e-06, 1.7364654541015625, -3.820285201072693e-06, -2.837739884853363e-06, 1.6212769746780396, -2.8995564207434654e-06, -1.1431053280830383e-05, 0.6033936142921448, 0.04908871650695801, -0.49832963943481445, -0.4918177127838135, -3.7997961044311523e-06, 3.8743019104003906e-07, 1.7200778722763062, -3.7476420402526855e-06, -2.7865171432495117e-06, 1.633895754814148, -1.5599653124809265e-08, 7.666647434234619e-06, 0.6061096787452698, 0.038037318736314774, 0.4860989451408386, -0.06373603641986847, 4.582107067108154e-06, -8.344650268554688e-07, 0.4917297959327698, -1.862645149230957e-08, -5.587935447692871e-07, 0.4917329251766205, 0.1497974693775177, -0.004515469074249268, 0.2672141492366791, 3.2782554626464844e-07, -2.1047890186309814e-06, 0.6228752136230469, 7.539987564086914e-06, -7.517635822296143e-06, 1.1016772985458374, 8.940696716308594e-08, -1.4901161193847656e-07, 0.7726442813873291, -0.14074444770812988, -0.019361842423677444, 0.2530267834663391, 5.066394805908203e-07, -4.209578037261963e-07, 0.543205201625824, -3.546476364135742e-06, 3.7550926208496094e-06, 1.103058099746704, 1.1473894119262695e-05, -7.927417755126953e-06, 0.8240508437156677, -0.009052729234099388, 0.023875467479228973, 0.3158416152000427, 8.940696716308594e-08, -1.564621925354004e-07, 0.3153608739376068, -0.0012294948101043701, -0.2804087996482849, 1.004748821258545, 0.0012294501066207886, 0.2804051637649536, 0.17804290354251862, -0.033413149416446686, 3.992269992828369, 1.0907468795776367, -0.08712346851825714, -0.3571862578392029, 0.5555343627929688, 5.736947059631348e-06, -2.902001142501831e-06, 1.7364656925201416, -3.840774297714233e-06, -2.976739779114723e-06, 1.62127685546875, -2.8005451895296574e-06, -1.1458992958068848e-05, 0.6033935546875, 0.04908865690231323, -0.4983295202255249, -0.4918175935745239, -3.6507844924926758e-06, 4.470348358154297e-07, 1.7200777530670166, -3.602355718612671e-06, -2.726912498474121e-06, 1.633895993232727, 1.5570549294352531e-07, 7.614493370056152e-06, 0.6061096787452698, 0.03803708776831627, 0.48609885573387146, -0.06373582780361176, 4.4852495193481445e-06, -1.0132789611816406e-06, 0.4917292892932892, -3.3527612686157227e-08, -5.140900611877441e-07, 0.4917335510253906, 0.14979752898216248, -0.004515469074249268, 0.26721394062042236, 2.5331974029541016e-07, -2.3953616619110107e-06, 0.6228752136230469, 7.68899917602539e-06, -7.584691047668457e-06, 1.1016767024993896, 8.940696716308594e-08, -8.940696716308594e-08, 0.7726441025733948, -0.14074435830116272, -0.01936184987425804, 0.2530266046524048, 4.6193599700927734e-07, -9.313225746154785e-08, 0.5432051420211792, -3.546476364135742e-06, 3.635883331298828e-06, 1.103057861328125, 1.1622905731201172e-05, -6.973743438720703e-06, 0.8240509033203125, -0.009052742272615433, 0.0238754004240036, 0.3158414363861084, 2.0116567611694336e-07, 3.725290298461914e-08, 0.31536102294921875, -0.0012294910848140717, -0.280409574508667, 1.0047489404678345, 0.0012295320630073547, 0.28040406107902527, 0.17804358899593353, -0.03346831724047661, 3.9918711185455322, 1.0907222032546997, -0.08712360262870789, -0.35718631744384766, 0.555534303188324, 5.755573511123657e-06, -2.7157366275787354e-06, 1.736465334892273, -3.818422555923462e-06, -2.8747599571943283e-06, 1.621276617050171, -2.836633939296007e-06, -1.1418014764785767e-05, 0.6033936142921448, 0.049088507890701294, -0.4983298182487488, -0.49181753396987915, -3.829598426818848e-06, 6.258487701416016e-07, 1.7200777530670166, -3.855675458908081e-06, -2.86102294921875e-06, 1.633895993232727, 1.7229467630386353e-07, 7.614493370056152e-06, 0.606109619140625, 0.03803710266947746, 0.4860987365245819, -0.0637359470129013, 4.686415195465088e-06, -9.834766387939453e-07, 0.49173039197921753, -9.685754776000977e-08, -5.513429641723633e-07, 0.491733580827713, 0.14979754388332367, -0.004515498876571655, 0.26721376180648804, 2.2351741790771484e-07, -1.776963472366333e-06, 0.6228753328323364, 7.748603820800781e-06, -7.666647434234619e-06, 1.1016769409179688, -4.470348358154297e-08, 2.9802322387695312e-08, 0.7726444005966187, -0.1407443732023239, -0.019361861050128937, 0.2530268728733063, 5.066394805908203e-07, -6.742775440216064e-07, 0.5432053208351135, -3.978610038757324e-06, 3.606081008911133e-06, 1.103057861328125, 1.1324882507324219e-05, -7.659196853637695e-06, 0.8240507245063782, -0.00905272550880909, 0.023875370621681213, 0.3158412575721741, 1.341104507446289e-07, 1.4901161193847656e-08, 0.31536078453063965, -0.0012294761836528778, -0.28040897846221924, 1.004749059677124, 0.0012294873595237732, 0.28040483593940735, 0.1780431866645813, -0.03354974463582039, 3.9912827014923096, 1.0906857252120972, -0.08712340891361237, -0.35718652606010437, 0.5555343627929688, 5.692243576049805e-06, -2.7623027563095093e-06, 1.7364654541015625, -3.827735781669617e-06, -2.815562766045332e-06, 1.62127685546875, -2.8926879167556763e-06, -1.1431053280830383e-05, 0.6033935546875, 0.04908865690231323, -0.49832984805107117, -0.49181753396987915, -3.591179847717285e-06, 4.172325134277344e-07, 1.7200775146484375, -3.859400749206543e-06, -2.942979335784912e-06, 1.6338958740234375, 2.922024577856064e-08, 7.592141628265381e-06, 0.6061096787452698, 0.03803727403283119, 0.4860992133617401, -0.0637359619140625, 4.608184099197388e-06, -8.493661880493164e-07, 0.4917304515838623, -2.60770320892334e-08, -4.470348358154297e-07, 0.491733580827713, 0.1497974842786789, -0.004515364766120911, 0.26721349358558655, 2.2351741790771484e-07, -2.466142177581787e-06, 0.6228750944137573, 7.68899917602539e-06, -7.5623393058776855e-06, 1.1016765832901, 8.940696716308594e-08, -8.940696716308594e-08, 0.77264404296875, -0.1407444328069687, -0.01936176046729088, 0.2530266344547272, 6.258487701416016e-07, -1.0728836059570312e-06, 0.5432052612304688, -3.874301910400391e-06, 3.5762786865234375e-06, 1.103057622909546, 1.1414289474487305e-05, -7.18235969543457e-06, 0.8240506649017334, -0.009052759036421776, 0.023875504732131958, 0.3158419132232666, 2.2351741790771484e-07, -2.2351741790771484e-08, 0.3153609335422516, -0.0012294948101043701, -0.2804087996482849, 1.0047489404678345, 0.0012294799089431763, 0.2804051339626312, 0.17804287374019623, -0.03360116854310036, 3.9909110069274902, 1.0906627178192139, -0.08712352812290192, -0.3571864664554596, 0.5555341839790344, 5.695968866348267e-06, -2.814456820487976e-06, 1.736465334892273, -3.7960708141326904e-06, -2.849263182724826e-06, 1.6212767362594604, -2.859509550035e-06, -1.1429190635681152e-05, 0.6033935546875, 0.049088627099990845, -0.498329758644104, -0.4918176531791687, -3.7401914596557617e-06, 4.76837158203125e-07, 1.720077395439148, -3.688037395477295e-06, -2.987682819366455e-06, 1.633895993232727, 4.17931005358696e-08, 7.614493370056152e-06, 0.6061096787452698, 0.03803728148341179, 0.4860990643501282, -0.0637359768152237, 4.708766937255859e-06, -7.599592208862305e-07, 0.49172961711883545, -7.450580596923828e-09, -4.544854164123535e-07, 0.4917336106300354, 0.14979755878448486, -0.00451543927192688, 0.26721346378326416, 2.2351741790771484e-07, -1.601874828338623e-06, 0.6228753328323364, 7.539987564086914e-06, -7.659196853637695e-06, 1.1016772985458374, 4.470348358154297e-08, 5.960464477539063e-08, 0.7726439833641052, -0.1407444328069687, -0.019361848011612892, 0.2530266046524048, 7.152557373046875e-07, -3.3527612686157227e-08, 0.5432051420211792, -4.0084123611450195e-06, 3.427267074584961e-06, 1.1030582189559937, 1.138448715209961e-05, -7.450580596923828e-06, 0.8240507245063782, -0.00905277393758297, 0.0238754004240036, 0.3158414363861084, 1.4156103134155273e-07, -6.705522537231445e-08, 0.3153620660305023, -0.001229550689458847, -0.2804083228111267, 1.004749059677124, 0.0012294575572013855, 0.2804059088230133, 0.17804276943206787, -0.033701833337545395, 3.9901833534240723, 1.0906176567077637, -0.08712361752986908, -0.35718655586242676, 0.5555340647697449, 5.707144737243652e-06, -2.780929207801819e-06, 1.736465334892273, -3.825873136520386e-06, -2.8203357942402363e-06, 1.62127685546875, -2.81914253719151e-06, -1.1449679732322693e-05, 0.6033936142921448, 0.04908859729766846, -0.4983298182487488, -0.4918175935745239, -3.844499588012695e-06, 6.258487701416016e-07, 1.7200771570205688, -3.6992132663726807e-06, -2.7939677238464355e-06, 1.6338958740234375, 2.671731635928154e-08, 7.681548595428467e-06, 0.6061096787452698, 0.03803710639476776, 0.4860990345478058, -0.06373617798089981, 4.637986421585083e-06, -8.121132850646973e-07, 0.4917294681072235, 7.450580596923828e-09, -5.289912223815918e-07, 0.49173328280448914, 0.14979740977287292, -0.004515424370765686, 0.2672134041786194, 1.4901161193847656e-07, -1.344829797744751e-06, 0.6228753328323364, 7.897615432739258e-06, -7.748603820800781e-06, 1.1016762256622314, 8.940696716308594e-08, -8.940696716308594e-08, 0.7726436257362366, -0.14074444770812988, -0.019361699000000954, 0.25302624702453613, 5.364418029785156e-07, -4.0978193283081055e-07, 0.5432052612304688, -4.082918167114258e-06, 4.172325134277344e-06, 1.103057861328125, 1.1652708053588867e-05, -8.07642936706543e-06, 0.8240508437156677, -0.009052813053131104, 0.02387552708387375, 0.3158414661884308, 3.203749656677246e-07, -7.450580596923828e-09, 0.3153602182865143, -0.0012294985353946686, -0.28040894865989685, 1.0047491788864136, 0.0012294799089431763, 0.2804049849510193, 0.17804332077503204, -0.033810991793870926, 3.989394187927246, 1.0905689001083374, -0.08712349832057953, -0.357186496257782, 0.5555344223976135, 5.729496479034424e-06, -2.7082860469818115e-06, 1.7364654541015625, -3.777444362640381e-06, -2.7975765988230705e-06, 1.6212767362594604, -2.8172216843813658e-06, -1.1414289474487305e-05, 0.6033935546875, 0.049088507890701294, -0.49832963943481445, -0.49181750416755676, -3.933906555175781e-06, 5.066394805908203e-07, 1.7200771570205688, -3.91155481338501e-06, -2.8386712074279785e-06, 1.6338961124420166, 1.775333657860756e-07, 7.614493370056152e-06, 0.606109619140625, 0.03803703188896179, 0.4860987067222595, -0.06373592466115952, 4.637986421585083e-06, -8.195638656616211e-07, 0.4917295575141907, -1.30385160446167e-07, -4.544854164123535e-07, 0.4917325973510742, 0.14979751408100128, -0.004515424370765686, 0.26721394062042236, 2.682209014892578e-07, -2.2277235984802246e-06, 0.6228752732276917, 7.539987564086914e-06, -7.659196853637695e-06, 1.1016775369644165, -7.450580596923828e-08, -1.1920928955078125e-07, 0.7726437449455261, -0.14074429869651794, -0.019361702725291252, 0.2530268132686615, 4.6193599700927734e-07, -1.1473894119262695e-06, 0.5432053804397583, -3.889203071594238e-06, 3.516674041748047e-06, 1.103057861328125, 1.1682510375976562e-05, -7.12275505065918e-06, 0.824050784111023, -0.00905260443687439, 0.023875616490840912, 0.315841943025589, 2.1606683731079102e-07, -5.960464477539063e-08, 0.31536051630973816, -0.0012295208871364594, -0.28040850162506104, 1.0047489404678345, 0.0012294948101043701, 0.2804051637649536, 0.1780434250831604, -0.0338924415409565, 3.9888055324554443, 1.0905324220657349, -0.08712358772754669, -0.35718587040901184, 0.5555343627929688, 5.725771188735962e-06, -2.7641654014587402e-06, 1.736465573310852, -3.851950168609619e-06, -2.734130248427391e-06, 1.6212769746780396, -2.886488800868392e-06, -1.1436641216278076e-05, 0.6033935546875, 0.049088507890701294, -0.49832943081855774, -0.4918174743652344, -3.978610038757324e-06, 4.76837158203125e-07, 1.7200772762298584, -3.730878233909607e-06, -2.8312206268310547e-06, 1.633895754814148, 5.192123353481293e-08, 7.636845111846924e-06, 0.606109619140625, 0.03803698718547821, 0.4860994219779968, -0.06373602151870728, 4.582107067108154e-06, -9.238719940185547e-07, 0.49173012375831604, -1.862645149230957e-08, -4.917383193969727e-07, 0.4917328357696533, 0.1497974842786789, -0.004515454173088074, 0.267214298248291, 2.5331974029541016e-07, -1.2777745723724365e-06, 0.6228753328323364, 7.510185241699219e-06, -7.584691047668457e-06, 1.1016769409179688, 8.940696716308594e-08, -2.9802322387695312e-08, 0.7726436853408813, -0.1407444179058075, -0.019361816346645355, 0.2530271112918854, 8.046627044677734e-07, -1.1175870895385742e-07, 0.5432052612304688, -3.859400749206543e-06, 3.874301910400391e-06, 1.1030577421188354, 1.1682510375976562e-05, -7.18235969543457e-06, 0.8240508437156677, -0.009052760899066925, 0.023875348269939423, 0.31584152579307556, 3.725290298461914e-07, 5.21540641784668e-08, 0.3153603672981262, -0.0012294761836528778, -0.2804088294506073, 1.0047500133514404, 0.0012294799089431763, 0.2804054319858551, 0.1780436635017395, -0.03395676240324974, 3.9883406162261963, 1.0905036926269531, -0.08712352812290192, -0.3571861684322357, 0.5555343627929688, 5.692243576049805e-06, -2.825632691383362e-06, 1.7364654541015625, -3.8389116525650024e-06, -2.844957634806633e-06, 1.62127685546875, -2.8339563868939877e-06, -1.1445954442024231e-05, 0.6033935546875, 0.04908856749534607, -0.4983295500278473, -0.4918173551559448, -3.948807716369629e-06, 5.364418029785156e-07, 1.720077633857727, -3.6135315895080566e-06, -2.8461217880249023e-06, 1.633895754814148, 1.6705598682165146e-08, 7.748603820800781e-06, 0.6061096787452698, 0.03803720325231552, 0.4860990643501282, -0.06373581290245056, 4.578381776809692e-06, -8.717179298400879e-07, 0.4917302131652832, -9.313225746154785e-08, -4.3213367462158203e-07, 0.49173346161842346, 0.1497974693775177, -0.004515290260314941, 0.2672143280506134, 2.5331974029541016e-07, -1.695007085800171e-06, 0.6228752136230469, 7.361173629760742e-06, -7.659196853637695e-06, 1.1016769409179688, 2.2351741790771484e-07, 8.940696716308594e-08, 0.7726434469223022, -0.14074446260929108, -0.019361624494194984, 0.25302717089653015, 6.556510925292969e-07, 5.960464477539063e-08, 0.543205201625824, -3.859400749206543e-06, 3.725290298461914e-06, 1.1030582189559937, 1.1473894119262695e-05, -7.987022399902344e-06, 0.8240509629249573, -0.0090528205037117, 0.023875590413808823, 0.315841943025589, 8.195638656616211e-08, -3.725290298461914e-08, 0.315361350774765, -0.0012294426560401917, -0.28040841221809387, 1.0047496557235718, 0.001229509711265564, 0.28040531277656555, 0.17804324626922607, -0.03403680771589279, 3.987761974334717, 1.0904678106307983, -0.08712346851825714, -0.3571862578392029, 0.5555343627929688, 5.733221769332886e-06, -3.1348317861557007e-06, 1.7364652156829834, -3.818422555923462e-06, -2.81468965113163e-06, 1.6212767362594604, -2.9126531444489956e-06, -1.1457130312919617e-05, 0.6033935546875, 0.04908871650695801, -0.4983295798301697, -0.49181750416755676, -3.919005393981934e-06, 3.8743019104003906e-07, 1.720077633857727, -4.103407263755798e-06, -2.816319465637207e-06, 1.6338958740234375, -2.5960616767406464e-07, 7.718801498413086e-06, 0.606109619140625, 0.03803727403283119, 0.48609960079193115, -0.06373598426580429, 4.667788743972778e-06, -9.164214134216309e-07, 0.49172988533973694, -1.1175870895385742e-08, -6.407499313354492e-07, 0.491734117269516, 0.1497974544763565, -0.0045153796672821045, 0.2672135829925537, 2.5331974029541016e-07, -1.8943101167678833e-06, 0.622875452041626, 7.838010787963867e-06, -7.703900337219238e-06, 1.1016769409179688, -5.960464477539063e-08, -2.980232238769531e-07, 0.7726435661315918, -0.1407444328069687, -0.019361671060323715, 0.2530266046524048, 5.21540641784668e-07, -8.530914783477783e-07, 0.5432052612304688, -3.680586814880371e-06, 3.933906555175781e-06, 1.1030583381652832, 1.1533498764038086e-05, -7.68899917602539e-06, 0.8240509033203125, -0.009052831679582596, 0.023875445127487183, 0.3158409595489502, 6.705522537231445e-08, 9.685754776000977e-08, 0.31536149978637695, -0.0012294910848140717, -0.28040939569473267, 1.0047491788864136, 0.0012294799089431763, 0.28040453791618347, 0.1780434250831604, -0.03411746025085449, 3.9871790409088135, 1.090431809425354, -0.08712360262870789, -0.357186496257782, 0.5555346012115479, 5.751848220825195e-06, -2.9578804969787598e-06, 1.736465334892273, -3.866851329803467e-06, -2.8777867555618286e-06, 1.6212767362594604, -2.9114889912307262e-06, -1.1432915925979614e-05, 0.6033935546875, 0.04908868670463562, -0.498329758644104, -0.4918172359466553, -4.0084123611450195e-06, 5.662441253662109e-07, 1.7200772762298584, -3.768131136894226e-06, -2.8498470783233643e-06, 1.633895754814148, 1.0855728760361671e-07, 7.525086402893066e-06, 0.606109619140625, 0.03803718090057373, 0.4860991835594177, -0.06373569369316101, 4.656612873077393e-06, -8.828938007354736e-07, 0.4917301535606384, -2.60770320892334e-08, -5.811452865600586e-07, 0.4917336702346802, 0.1497974693775177, -0.004515454173088074, 0.26721423864364624, 1.7881393432617188e-07, -1.5012919902801514e-06, 0.6228753328323364, 7.450580596923828e-06, -7.703900337219238e-06, 1.1016769409179688, 0.0, 0.0, 0.7726441621780396, -0.1407444179058075, -0.019361749291419983, 0.2530265748500824, 3.8743019104003906e-07, -1.564621925354004e-07, 0.5432051420211792, -3.6209821701049805e-06, 3.546476364135742e-06, 1.103058099746704, 1.1444091796875e-05, -7.4803829193115234e-06, 0.8240507245063782, -0.009052842855453491, 0.023875366896390915, 0.315841406583786, 1.7136335372924805e-07, -7.450580596923828e-09, 0.3153611719608307, -0.0012294575572013855, -0.28040868043899536, 1.0047491788864136, 0.0012295246124267578, 0.2804049849510193, 0.1780434250831604, -0.03417500481009483, 3.9867630004882812, 1.090406060218811, -0.08712346851825714, -0.357186496257782, 0.555534303188324, 5.688518285751343e-06, -3.0659139156341553e-06, 1.736465573310852, -3.8333237171173096e-06, -2.893153578042984e-06, 1.6212767362594604, -2.888991730287671e-06, -1.1527910828590393e-05, 0.6033935546875, 0.049088746309280396, -0.4983299672603607, -0.4918176829814911, -3.814697265625e-06, 5.066394805908203e-07, 1.720077395439148, -3.5744160413742065e-06, -2.823770046234131e-06, 1.633895993232727, 2.1676532924175262e-07, 7.5623393058776855e-06, 0.6061096787452698, 0.0380372479557991, 0.48609915375709534, -0.06373611092567444, 4.585832357406616e-06, -8.717179298400879e-07, 0.49172964692115784, 2.9802322387695312e-08, -3.7997961044311523e-07, 0.4917330741882324, 0.14979739487171173, -0.004515483975410461, 0.2672137916088104, 1.9371509552001953e-07, -2.4065375328063965e-06, 0.6228751540184021, 7.838010787963867e-06, -7.659196853637695e-06, 1.1016778945922852, -5.960464477539063e-08, 0.0, 0.77264404296875, -0.14074446260929108, -0.019361793994903564, 0.2530268430709839, 5.364418029785156e-07, -1.0691583156585693e-06, 0.5432051420211792, -3.643333911895752e-06, 3.516674041748047e-06, 1.1030579805374146, 1.1265277862548828e-05, -7.510185241699219e-06, 0.8240507245063782, -0.009052839130163193, 0.023875441402196884, 0.31584104895591736, 1.564621925354004e-07, 1.043081283569336e-07, 0.315361350774765, -0.0012295357882976532, -0.2804085910320282, 1.0047485828399658, 0.0012294799089431763, 0.280405193567276, 0.1780427098274231, -0.03422286733984947, 3.986417055130005, 1.090384602546692, -0.0871235728263855, -0.35718610882759094, 0.5555343627929688, 5.725771188735962e-06, -3.1031668186187744e-06, 1.7364652156829834, -3.859400749206543e-06, -2.905726432800293e-06, 1.6212769746780396, -2.861779648810625e-06, -1.1455267667770386e-05, 0.6033935546875, 0.04908865690231323, -0.49832940101623535, -0.4918174743652344, -3.904104232788086e-06, 2.980232238769531e-07, 1.720077395439148, -3.777444362640381e-06, -3.069639205932617e-06, 1.633895993232727, 2.9802322387695312e-08, 7.666647434234619e-06, 0.6061095595359802, 0.038037098944187164, 0.4860992133617401, -0.06373606622219086, 4.597008228302002e-06, -9.350478649139404e-07, 0.4917294979095459, -5.587935447692871e-08, -5.140900611877441e-07, 0.49173322319984436, 0.1497974544763565, -0.004515364766120911, 0.2672147750854492, 2.980232238769531e-07, -2.600252628326416e-06, 0.6228750944137573, 7.361173629760742e-06, -7.569789886474609e-06, 1.101677417755127, -1.043081283569336e-07, -8.940696716308594e-08, 0.7726438641548157, -0.1407444179058075, -0.019361719489097595, 0.2530278265476227, 4.172325134277344e-07, -7.37607479095459e-07, 0.5432053208351135, -3.7029385566711426e-06, 3.904104232788086e-06, 1.1030573844909668, 1.1265277862548828e-05, -7.420778274536133e-06, 0.8240509033203125, -0.009052790701389313, 0.02387552335858345, 0.31584253907203674, 1.9371509552001953e-07, -1.4901161193847656e-08, 0.3153610825538635, -0.0012294836342334747, -0.2804092764854431, 1.0047500133514404, 0.0012294948101043701, 0.2804050147533417, 0.17804348468780518, -0.034307148307561874, 3.9858078956604004, 1.0903469324111938, -0.08712366223335266, -0.357185959815979, 0.555534303188324, 5.710870027542114e-06, -2.8870999813079834e-06, 1.736465334892273, -3.8035213947296143e-06, -2.848450094461441e-06, 1.621276617050171, -2.9025832191109657e-06, -1.1494383215904236e-05, 0.6033936142921448, 0.049088478088378906, -0.4983294606208801, -0.4918174147605896, -3.874301910400391e-06, 5.662441253662109e-07, 1.7200770378112793, -3.868713974952698e-06, -2.9280781745910645e-06, 1.6338958740234375, 6.484333425760269e-08, 7.659196853637695e-06, 0.606109619140625, 0.03803708404302597, 0.48609939217567444, -0.06373590230941772, 4.667788743972778e-06, -9.5367431640625e-07, 0.4917299449443817, -3.3527612686157227e-08, -5.140900611877441e-07, 0.4917336702346802, 0.14979754388332367, -0.0045152753591537476, 0.2672139108181, 2.384185791015625e-07, -2.127140760421753e-06, 0.6228752732276917, 7.4803829193115234e-06, -7.569789886474609e-06, 1.1016771793365479, -2.9802322387695312e-08, 0.0, 0.7726438641548157, -0.14074435830116272, -0.019361630082130432, 0.2530267536640167, 7.003545761108398e-07, -5.401670932769775e-07, 0.5432052612304688, -3.7997961044311523e-06, 3.933906555175781e-06, 1.1030575037002563, 1.1473894119262695e-05, -7.152557373046875e-06, 0.824051022529602, -0.009052705019712448, 0.023875590413808823, 0.31584155559539795, 1.862645149230957e-07, -8.940696716308594e-08, 0.3153606355190277, -0.0012294948101043701, -0.2804088890552521, 1.0047495365142822, 0.0012294948101043701, 0.28040486574172974, 0.17804330587387085, -0.034390076994895935, 3.985208511352539, 1.0903098583221436, -0.08712354302406311, -0.3571861982345581, 0.555534303188324, 5.7034194469451904e-06, -2.78279185295105e-06, 1.7364649772644043, -3.8333237171173096e-06, -2.832617610692978e-06, 1.62127685546875, -2.910877810791135e-06, -1.1436641216278076e-05, 0.6033936738967896, 0.049088627099990845, -0.49832963943481445, -0.4918175935745239, -4.0531158447265625e-06, 5.364418029785156e-07, 1.7200777530670166, -3.634020686149597e-06, -3.032386302947998e-06, 1.633895993232727, 1.5721889212727547e-07, 7.539987564086914e-06, 0.606109619140625, 0.03803695738315582, 0.4860987961292267, -0.06373600661754608, 4.678964614868164e-06, -7.860362529754639e-07, 0.49173077940940857, 3.725290298461914e-08, -4.544854164123535e-07, 0.4917341470718384, 0.14979754388332367, -0.004515394568443298, 0.26721394062042236, 2.086162567138672e-07, -1.3709068298339844e-06, 0.6228752136230469, 7.68899917602539e-06, -7.599592208862305e-06, 1.101677417755127, -4.470348358154297e-08, -2.384185791015625e-07, 0.7726443409919739, -0.14074434340000153, -0.019361674785614014, 0.25302714109420776, 5.811452865600586e-07, -6.258487701416016e-07, 0.5432051420211792, -3.889203071594238e-06, 3.7550926208496094e-06, 1.103057622909546, 1.1533498764038086e-05, -7.361173629760742e-06, 0.824051022529602, -0.009052712470293045, 0.023875504732131958, 0.31584134697914124, 1.9371509552001953e-07, 8.195638656616211e-08, 0.31536105275154114, -0.0012294426560401917, -0.28040844202041626, 1.004748821258545, 0.0012295320630073547, 0.2804054915904999, 0.17804326117038727, -0.03448007255792618, 3.984557867050171, 1.0902695655822754, -0.08712348341941833, -0.35718631744384766, 0.5555343627929688, 5.7406723499298096e-06, -2.7939677238464355e-06, 1.7364656925201416, -3.848224878311157e-06, -2.8582289814949036e-06, 1.6212767362594604, -2.8557260520756245e-06, -1.1457130312919617e-05, 0.6033935546875, 0.04908871650695801, -0.4983295202255249, -0.49181756377220154, -3.9637088775634766e-06, 4.470348358154297e-07, 1.7200772762298584, -3.637745976448059e-06, -2.8498470783233643e-06, 1.633895754814148, 6.181653589010239e-08, 7.614493370056152e-06, 0.6061095595359802, 0.03803721442818642, 0.48609915375709534, -0.06373599916696548, 4.6193599700927734e-06, -8.866190910339355e-07, 0.49173030257225037, 3.3527612686157227e-08, -4.246830940246582e-07, 0.49173375964164734, 0.1497974842786789, -0.004515454173088074, 0.2672136127948761, 1.6391277313232422e-07, -1.7415732145309448e-06, 0.6228751540184021, 7.241964340209961e-06, -7.62939453125e-06, 1.1016772985458374, 4.470348358154297e-08, -1.1920928955078125e-07, 0.7726432681083679, -0.14074435830116272, -0.019361818209290504, 0.2530263662338257, 5.513429641723633e-07, -1.1175870895385742e-08, 0.5432052612304688, -4.004687070846558e-06, 3.7550926208496094e-06, 1.103057861328125, 1.1593103408813477e-05, -7.18235969543457e-06, 0.824051022529602, -0.009052686393260956, 0.023875534534454346, 0.3158414363861084, 2.7567148208618164e-07, -7.450580596923828e-09, 0.3153614103794098, -0.0012294575572013855, -0.28040915727615356, 1.004749059677124, 0.0012295171618461609, 0.2804044187068939, 0.17804360389709473]
    q (float, 17856):  [-0.1531880646944046, 0.7812336683273315, -0.11773999780416489, 0.5935863256454468, -0.4802444875240326, -0.15649107098579407, -0.8243064284324646, 0.2557239234447479, -0.6901305317878723, 0.09892477095127106, 0.01048625074326992, 0.7168150544166565, 0.28831836581230164, 0.08832894265651703, 0.10782234370708466, 0.9473356604576111, 0.3975629508495331, -0.007249645888805389, 0.134765163064003, 0.9075954556465149, 0.7062081694602966, -0.28784632682800293, 0.6392648220062256, 0.0987679660320282, -0.9519608020782471, -0.09845656156539917, -0.04616520553827286, 0.2862614691257477, 0.6437416672706604, 0.008100790902972221, 0.01995161734521389, 0.7649399042129517, 0.7248895168304443, 0.15311965346336365, -0.3187476694583893, 0.5911763906478882, -0.5454533696174622, -0.49030032753944397, -0.631554126739502, 0.2514471411705017, -0.19843634963035583, -0.004471415188163519, -0.06222446635365486, 0.9781263470649719, 0.006527407560497522, 0.0055932654067873955, -0.0068247560411691666, 0.9999397397041321, -0.4828292429447174, 0.4872515797615051, -0.5592350959777832, 0.46552973985671997, -0.01966620236635208, -0.611004114151001, -0.09944567829370499, 0.7851100564002991, 0.3874362111091614, -0.5201731324195862, 0.00962233729660511, 0.7610653638839722, -0.05253353714942932, -0.20582464337348938, -0.4854755103588104, 0.8480507135391235, -0.6344909071922302, -0.44815096259117126, 0.3979285657405853, 0.48809319734573364, -0.08770863711833954, 0.009478816762566566, 0.060281433165073395, 0.9942753314971924, 0.26044341921806335, 0.3596478998661041, -0.010264521464705467, 0.8959448933601379, 0.20042437314987183, 0.287327378988266, 0.15729930996894836, 0.9233255386352539, -0.05317792668938637, 0.009251253679394722, 0.04695986956357956, 0.9974373579025269, -0.3524250388145447, 0.10152886807918549, 0.16383400559425354, 0.9157766699790955, 0.13565956056118011, -0.0005948276375420392, 5.640075961821367e-09, 0.9907553791999817, -0.4816468060016632, 0.0021118440199643373, -6.177021560915819e-08, 0.8763629198074341, -0.15315400063991547, 0.7812309265136719, -0.11772467195987701, 0.5936017632484436, -0.4802345633506775, -0.15647780895233154, -0.8243162035942078, 0.2557191848754883, -0.6901019811630249, 0.0989210307598114, 0.010489404201507568, 0.7168430089950562, 0.28822261095046997, 0.08831077814102173, 0.1078144907951355, 0.9473673701286316, 0.3975694179534912, -0.007251817267388105, 0.13476833701133728, 0.9075921177864075, 0.7062090635299683, -0.28780922293663025, 0.6392784714698792, 0.09878134727478027, -0.9519718289375305, -0.09845701605081558, -0.04616973549127579, 0.28622397780418396, 0.6436936259269714, 0.0080751683562994, 0.019952481612563133, 0.7649805545806885, 0.724889874458313, 0.15311956405639648, -0.3187471330165863, 0.5911763310432434, -0.5454612970352173, -0.49028462171554565, -0.6315653920173645, 0.25143224000930786, -0.1984683871269226, -0.004473409149795771, -0.06222359463572502, 0.9781199097633362, 0.006525338627398014, 0.005592662841081619, -0.00682639516890049, 0.9999397993087769, -0.4828290045261383, 0.48725175857543945, -0.559235692024231, 0.46552908420562744, -0.019665364176034927, -0.6110067367553711, -0.09944324940443039, 0.7851083278656006, 0.38744357228279114, -0.5201824903488159, 0.009623914957046509, 0.7610552310943604, -0.052569642663002014, -0.20584546029567719, -0.48550689220428467, 0.8480254411697388, -0.6345150470733643, -0.4481491446495056, 0.39790281653404236, 0.48808443546295166, -0.08766130357980728, 0.009452974423766136, 0.06022613123059273, 0.994283139705658, 0.26049625873565674, 0.35971125960350037, -0.010250549763441086, 0.8959042429924011, 0.2003847360610962, 0.28731459379196167, 0.15718546509742737, 0.9233574271202087, -0.053177639842033386, 0.009252459742128849, 0.04696153849363327, 0.9974372982978821, -0.3523518443107605, 0.10155531764030457, 0.1638132929801941, 0.9158056378364563, 0.13565945625305176, -0.0005947877652943134, -2.3500315582403175e-10, 0.9907553791999817, -0.48164692521095276, 0.002111858455464244, -6.728304668968121e-08, 0.8763628005981445, -0.15293806791305542, 0.7812213897705078, -0.11762864887714386, 0.59368896484375, -0.4801953434944153, -0.15638050436973572, -0.8243744969367981, 0.2556644082069397, -0.6899267435073853, 0.0988977774977684, 0.010495196096599102, 0.7170147895812988, 0.2878030836582184, 0.08829675614833832, 0.10773668438196182, 0.9475050568580627, 0.3976036608219147, -0.007261602208018303, 0.13478264212608337, 0.9075749516487122, 0.7061929702758789, -0.2876165807247162, 0.6393632292747498, 0.0989086925983429, -0.9520354866981506, -0.09846051037311554, -0.046192873269319534, 0.2860073745250702, 0.6434893608093262, 0.007939091883599758, 0.019903024658560753, 0.7651550769805908, 0.724891185760498, 0.15311835706233978, -0.31874388456344604, 0.5911767482757568, -0.5455031991004944, -0.49020570516586304, -0.6316198706626892, 0.2513584792613983, -0.19862619042396545, -0.0044828858226537704, -0.06221939995884895, 0.9780880808830261, 0.006512131541967392, 0.00559147447347641, -0.006830519065260887, 0.9999398589134216, -0.48282599449157715, 0.4872492551803589, -0.5592448711395264, 0.4655238091945648, -0.019660020247101784, -0.6110190153121948, -0.09943339973688126, 0.7851001620292664, 0.387479692697525, -0.5202280879020691, 0.00963026937097311, 0.7610055804252625, -0.05274473875761032, -0.20594535768032074, -0.4856693744659424, 0.8478972911834717, -0.6346426010131836, -0.4481445848941803, 0.39777180552482605, 0.48802968859672546, -0.0874020904302597, 0.009357282891869545, 0.05994217470288277, 0.9943240284919739, 0.260672003030777, 0.35992977023124695, -0.010229471139609814, 0.8957656025886536, 0.19986295700073242, 0.28714513778686523, 0.15700027346611023, 0.9235547780990601, -0.05316365510225296, 0.00925461109727621, 0.04696609079837799, 0.9974377751350403, -0.35195934772491455, 0.10168387740850449, 0.16370674967765808, 0.9159613251686096, 0.13565948605537415, -0.0005947866011410952, -7.755104114437472e-09, 0.9907553791999817, -0.48164698481559753, 0.002111881971359253, -4.4567546098051025e-08, 0.8763628005981445, -0.15259145200252533, 0.7812364101409912, -0.11746826767921448, 0.5937901735305786, -0.4801786243915558, -0.15619707107543945, -0.8244602680206299, 0.25553131103515625, -0.6896721124649048, 0.09886288642883301, 0.01047558058053255, 0.7172648310661316, 0.28756460547447205, 0.08851862698793411, 0.10751370340585709, 0.9475821256637573, 0.3976432681083679, -0.0072685061022639275, 0.13479094207286835, 0.9075562953948975, 0.7061290144920349, -0.2873828709125519, 0.6395031809806824, 0.09913939982652664, -0.9521309733390808, -0.0984693244099617, -0.04619774967432022, 0.2856854498386383, 0.643316388130188, 0.007735142018646002, 0.01970793306827545, 0.7653077244758606, 0.7248906493186951, 0.153115376830101, -0.3187396228313446, 0.5911804437637329, -0.545549213886261, -0.490129292011261, -0.631668746471405, 0.251284658908844, -0.19877518713474274, -0.0044902111403644085, -0.0622166246175766, 0.9780579805374146, 0.006492838263511658, 0.005593017674982548, -0.00682448223233223, 0.9999399781227112, -0.48280036449432373, 0.4872371256351471, -0.5592882633209229, 0.46551090478897095, -0.019646301865577698, -0.6110195517539978, -0.09942364692687988, 0.7851012945175171, 0.38751518726348877, -0.5202656984329224, 0.009633027017116547, 0.7609617710113525, -0.052972279489040375, -0.2060859650373459, -0.48579198122024536, 0.8477786779403687, -0.6347362995147705, -0.44817933440208435, 0.3976896107196808, 0.48794275522232056, -0.08712863177061081, 0.009515171870589256, 0.05965619161725044, 0.9943637251853943, 0.2605888247489929, 0.35981371998786926, -0.010287154465913773, 0.895835816860199, 0.1982812136411667, 0.2865951359272003, 0.15769551694393158, 0.9239479899406433, -0.053105100989341736, 0.009245447814464569, 0.046960946172475815, 0.997441291809082, -0.35147637128829956, 0.1018010675907135, 0.16359655559062958, 0.9161534309387207, 0.1356596052646637, -0.0005947683821432292, -1.880025468636859e-09, 0.9907553195953369, -0.48164692521095276, 0.0021119138691574335, -2.3911052693392776e-08, 0.8763628005981445, -0.15213516354560852, 0.7813051342964172, -0.11722836643457413, 0.5938642621040344, -0.4801574945449829, -0.1559295654296875, -0.8245794773101807, 0.25534966588020325, -0.6893759965896606, 0.09882143139839172, 0.010433480143547058, 0.7175557613372803, 0.2875502109527588, 0.08896704763174057, 0.10710659623146057, 0.9475905895233154, 0.39768725633621216, -0.007272370625287294, 0.1347937136888504, 0.9075365662574768, 0.7060394287109375, -0.2871222496032715, 0.6396938562393188, 0.09930223971605301, -0.9522666335105896, -0.09848225861787796, -0.04617052525281906, 0.28523290157318115, 0.6430736184120178, 0.007452722173184156, 0.019453968852758408, 0.7655209898948669, 0.7248885631561279, 0.15311112999916077, -0.3187344968318939, 0.5911868810653687, -0.5455911159515381, -0.4900418817996979, -0.6317418217658997, 0.2511807084083557, -0.1989627480506897, -0.004500349517911673, -0.062233950942754745, 0.9780187010765076, 0.006466773804277182, 0.005590332206338644, -0.0068114520981907845, 0.9999402761459351, -0.4827289581298828, 0.48722195625305176, -0.5593900084495544, 0.46547865867614746, -0.01960008591413498, -0.6110383868217468, -0.0993778258562088, 0.7850936055183411, 0.38754767179489136, -0.5202955603599548, 0.00963166356086731, 0.7609248161315918, -0.05334494635462761, -0.20634256303310394, -0.4857858717441559, 0.8476964235305786, -0.6347329616546631, -0.44826623797416687, 0.3977234363555908, 0.4878397583961487, -0.08693248778581619, 0.009979872032999992, 0.05938005447387695, 0.9943928718566895, 0.26044175028800964, 0.3595919609069824, -0.010305123403668404, 0.8959673643112183, 0.1957143247127533, 0.28566282987594604, 0.1583087146282196, 0.9246788620948792, -0.053007323294878006, 0.009228961542248726, 0.046949565410614014, 0.99744713306427, -0.35093656182289124, 0.10191413760185242, 0.16351798176765442, 0.9163618087768555, 0.13565939664840698, -0.0005947357858531177, -1.4096517730877167e-08, 0.9907553791999817, -0.4816468060016632, 0.0021119259763509035, -1.846464492416544e-08, 0.8763629198074341, -0.15157437324523926, 0.7814615964889526, -0.11685370653867722, 0.5938755869865417, -0.48013758659362793, -0.1556044965982437, -0.8247457146644592, 0.2550484836101532, -0.6890823245048523, 0.09878025949001312, 0.01038708258420229, 0.7178441286087036, 0.28767597675323486, 0.08950942009687424, 0.10663780570030212, 0.9475542306900024, 0.39773181080818176, -0.007274421863257885, 0.13479380309581757, 0.9075170159339905, 0.7059191465377808, -0.28704094886779785, 0.6398686170578003, 0.09926663339138031, -0.9524437189102173, -0.09849687665700912, -0.046149641275405884, 0.2846393585205078, 0.6428616046905518, 0.007270388770848513, 0.019352205097675323, 0.7657033801078796, 0.7248820662498474, 0.1531052440404892, -0.3187287151813507, 0.5911993980407715, -0.5456138849258423, -0.4898882210254669, -0.6319308876991272, 0.25095516443252563, -0.19935205578804016, -0.004531330894678831, -0.062319982796907425, 0.9779337644577026, 0.006425749976187944, 0.005571720656007528, -0.006799055729061365, 0.9999407529830933, -0.4826216995716095, 0.48721396923065186, -0.559539258480072, 0.46541884541511536, -0.019446231424808502, -0.6112300753593445, -0.0991937592625618, 0.7849714756011963, 0.387578547000885, -0.5203242897987366, 0.009625226259231567, 0.7608895301818848, -0.053778890520334244, -0.20666348934173584, -0.4856399595737457, 0.8476743698120117, -0.6346811652183533, -0.4483450651168823, 0.3978200852870941, 0.4877558946609497, -0.08685454726219177, 0.010267436504364014, 0.05905900150537491, 0.994415819644928, 0.26056796312332153, 0.3597719669342041, -0.01029540877789259, 0.8958585262298584, 0.19271320104599, 0.2842547595500946, 0.15630531311035156, 0.9260829091072083, -0.05290266126394272, 0.009220420382916927, 0.04693968966603279, 0.9974532723426819, -0.35052523016929626, 0.10205768793821335, 0.16358742117881775, 0.9164908528327942, 0.13565975427627563, -0.0005947512108832598, -3.7563792076866775e-09, 0.9907553195953369, -0.48164671659469604, 0.002111925045028329, -2.3313271313440964e-08, 0.8763629794120789, -0.15087121725082397, 0.7816598415374756, -0.1163153424859047, 0.5938993692398071, -0.48029625415802, -0.1554667353630066, -0.8248960971832275, 0.2543463408946991, -0.688830554485321, 0.09875019639730453, 0.010482912883162498, 0.7180884480476379, 0.28707268834114075, 0.08973006159067154, 0.10657406598329544, 0.9477234482765198, 0.39776235818862915, -0.0072718155570328236, 0.13479554653167725, 0.9075033664703369, 0.7058022022247314, -0.28721684217453003, 0.6399078369140625, 0.09933675825595856, -0.9526408910751343, -0.09851621091365814, -0.04604344069957733, 0.283989280462265, 0.6428865194320679, 0.007049935404211283, 0.019290877506136894, 0.7656860947608948, 0.7248296141624451, 0.15307968854904175, -0.31872209906578064, 0.5912740230560303, -0.5456412434577942, -0.48972058296203613, -0.6321327686309814, 0.25071457028388977, -0.1997823864221573, -0.004563614726066589, -0.06241718679666519, 0.9778395891189575, 0.006401387508958578, 0.005532733630388975, -0.006790821440517902, 0.9999411702156067, -0.4825250804424286, 0.48718804121017456, -0.5596703886985779, 0.4653884470462799, -0.01918964646756649, -0.6115430593490601, -0.09889291971921921, 0.7847719788551331, 0.38759976625442505, -0.5203484892845154, 0.009619872085750103, 0.7608622908592224, -0.05398484691977501, -0.2068459838628769, -0.4855538606643677, 0.8476660847663879, -0.6346057653427124, -0.4484725594520569, 0.3979317247867584, 0.48764568567276, -0.0867961049079895, 0.010928986594080925, 0.05876844376325607, 0.9944311380386353, 0.260396271944046, 0.3594905138015747, -0.010139166377484798, 0.8960232138633728, 0.19040851294994354, 0.28331106901168823, 0.15073701739311218, 0.9277703762054443, -0.0527663417160511, 0.009228711947798729, 0.04693521559238434, 0.9974606037139893, -0.3502413332462311, 0.10222422331571579, 0.1637950837612152, 0.91654372215271, 0.13565970957279205, -0.0005948489415459335, 1.456652398701408e-08, 0.9907553791999817, -0.48164668679237366, 0.002111845649778843, -7.126821088832003e-08, 0.8763629794120789, -0.15012069046497345, 0.7819383144378662, -0.11573059111833572, 0.5938372611999512, -0.4804437756538391, -0.15531253814697266, -0.8250641822814941, 0.25361567735671997, -0.6886215209960938, 0.0987268015742302, 0.010588993318378925, 0.7182905673980713, 0.28660309314727783, 0.08999992907047272, 0.10659629106521606, 0.9478375315666199, 0.39779120683670044, -0.007270403206348419, 0.13480181992053986, 0.9074898362159729, 0.7057088613510132, -0.2874310314655304, 0.6399311423301697, 0.09922997653484344, -0.9528567790985107, -0.0985317975282669, -0.045882657170295715, 0.2832847237586975, 0.6428975462913513, 0.006745859514921904, 0.019146306440234184, 0.7656831741333008, 0.7246917486190796, 0.15301541984081268, -0.3186841607093811, 0.5914799571037292, -0.5456732511520386, -0.4895598888397217, -0.632327675819397, 0.25046685338020325, -0.20020949840545654, -0.004596574231982231, -0.06251687556505203, 0.9777457118034363, 0.006375659257173538, 0.005495418328791857, -0.006778307259082794, 0.9999415874481201, -0.4824085831642151, 0.48715606331825256, -0.559826672077179, 0.4653547704219818, -0.018909761682152748, -0.611863374710083, -0.09860994666814804, 0.7845646739006042, 0.3876258432865143, -0.5203742384910583, 0.009612859226763248, 0.7608314752578735, -0.05412045493721962, -0.2069416642189026, -0.48554104566574097, 0.8476414680480957, -0.6345219612121582, -0.44860097765922546, 0.3980555832386017, 0.4875355064868927, -0.08665937930345535, 0.011651692911982536, 0.0584893636405468, 0.9944513440132141, 0.2600944936275482, 0.35904136300086975, -0.010020398534834385, 0.8962922692298889, 0.18729817867279053, 0.2824675738811493, 0.14541426301002502, 0.9295085668563843, -0.05263927951455116, 0.00923097226768732, 0.04692595452070236, 0.9974677562713623, -0.34997496008872986, 0.10235896706581116, 0.16400907933712006, 0.9165922403335571, 0.13565975427627563, -0.0005949734477326274, 2.796537579285996e-08, 0.9907553791999817, -0.48164668679237366, 0.0021117376163601875, -1.572815619965695e-07, 0.8763629794120789, -0.14930576086044312, 0.7823102474212646, -0.11509193480014801, 0.5936769843101501, -0.4805696904659271, -0.15511281788349152, -0.82526034116745, 0.25286006927490234, -0.6884716153144836, 0.098711758852005, 0.010691985487937927, 0.7184348106384277, 0.2863523066043854, 0.09035445004701614, 0.1066773533821106, 0.9478704929351807, 0.397818386554718, -0.007274725008755922, 0.1348259598016739, 0.9074742794036865, 0.70560222864151, -0.28782108426094055, 0.639933168888092, 0.0988432839512825, -0.9530837535858154, -0.09854216128587723, -0.04572879895567894, 0.2825416326522827, 0.6428733468055725, 0.006588639225810766, 0.01911943592131138, 0.7657055258750916, 0.7244529724121094, 0.15291866660118103, -0.3185999393463135, 0.5918428301811218, -0.5457098484039307, -0.48940959572792053, -0.6325122714042664, 0.25021475553512573, -0.2006288319826126, -0.004623285494744778, -0.0626182109117508, 0.9776531457901001, 0.006345376372337341, 0.005466993898153305, -0.006756889633834362, 0.9999421238899231, -0.48228007555007935, 0.4871272146701813, -0.5600003004074097, 0.465309202671051, -0.018587075173854828, -0.6121752858161926, -0.09842053055763245, 0.7843528389930725, 0.38766106963157654, -0.5204031467437744, 0.009602062404155731, 0.7607938647270203, -0.05420553311705589, -0.20693403482437134, -0.4855974614620209, 0.8476055860519409, -0.6344256401062012, -0.44871971011161804, 0.3982003331184387, 0.48743340373039246, -0.08639496564865112, 0.012411116622388363, 0.05823016166687012, 0.994480311870575, 0.25967785716056824, 0.35836949944496155, -0.010004518553614616, 0.8966820240020752, 0.18286040425300598, 0.2815779447555542, 0.14129653573036194, 0.9312954545021057, -0.05252576991915703, 0.009221076965332031, 0.0469069667160511, 0.997474730014801, -0.34967929124832153, 0.10246085375547409, 0.16420060396194458, 0.9166593551635742, 0.13565972447395325, -0.0005952023202553391, 2.2090299367505395e-08, 0.9907553195953369, -0.4816468060016632, 0.00211152876727283, -2.5691096539048885e-07, 0.8763629198074341, -0.14839914441108704, 0.7827569842338562, -0.11439713835716248, 0.5934496521949768, -0.48068246245384216, -0.15488597750663757, -0.8254657983779907, 0.25211307406425476, -0.6884364485740662, 0.09871184825897217, 0.01078858319669962, 0.7184670567512512, 0.2862197160720825, 0.0908513218164444, 0.10673584789037704, 0.9478564262390137, 0.3978411555290222, -0.007282322272658348, 0.13486239314079285, 0.9074588418006897, 0.7054924964904785, -0.28850311040878296, 0.639836311340332, 0.09826428443193436, -0.9533049464225769, -0.0985475555062294, -0.0455862395465374, 0.2818154990673065, 0.6428605318069458, 0.006665791850537062, 0.019282372668385506, 0.7657115459442139, 0.724157989025116, 0.15281186997890472, -0.3184833526611328, 0.5922939777374268, -0.5457518696784973, -0.48926469683647156, -0.6326882243156433, 0.24996155500411987, -0.2010471373796463, -0.004619818180799484, -0.06272117793560028, 0.9775606393814087, 0.006316118873655796, 0.005445106886327267, -0.006734542548656464, 0.9999425411224365, -0.4821600019931793, 0.4871113896369934, -0.5601615905761719, 0.46525609493255615, -0.018145177513360977, -0.6124315857887268, -0.0985366478562355, 0.7841485142707825, 0.3877091109752655, -0.5204484462738037, 0.009592692367732525, 0.7607384920120239, -0.05436813086271286, -0.20683595538139343, -0.4857204854488373, 0.8475486040115356, -0.6343545913696289, -0.44878971576690674, 0.3983176350593567, 0.48736557364463806, -0.08601197600364685, 0.01325494609773159, 0.05803172290325165, 0.9945142269134521, 0.2590019404888153, 0.35742461681365967, -0.009979170747101307, 0.8972547650337219, 0.1780400574207306, 0.28126880526542664, 0.13739706575870514, 0.9329049587249756, -0.05242113023996353, 0.00920779723674059, 0.046886101365089417, 0.9974812865257263, -0.3491930365562439, 0.10254336893558502, 0.16426309943199158, 0.916824221611023, 0.13565976917743683, -0.0005954192019999027, 5.47557341690208e-08, 0.9907553791999817, -0.4816468060016632, 0.002111339708790183, -3.9685701835878717e-07, 0.8763629198074341, -0.14744195342063904, 0.783203661441803, -0.11368303745985031, 0.5932361483573914, -0.4807946979999542, -0.15457946062088013, -0.8256747126579285, 0.25140202045440674, -0.6884506940841675, 0.09871792048215866, 0.01085809338837862, 0.7184514999389648, 0.286240816116333, 0.09142493456602097, 0.10674048960208893, 0.9477943778038025, 0.3978670835494995, -0.007289740722626448, 0.1348973661661148, 0.9074422121047974, 0.7054591774940491, -0.28909677267074585, 0.6396602392196655, 0.0979040116071701, -0.9535067081451416, -0.09854485094547272, -0.04534536600112915, 0.28117185831069946, 0.6428449749946594, 0.006361108738929033, 0.019085729494690895, 0.7657321095466614, 0.7238661646842957, 0.1527089625597, -0.31834572553634644, 0.5927509665489197, -0.5457911491394043, -0.4891274869441986, -0.6328592896461487, 0.24971109628677368, -0.20146331191062927, -0.004612778779119253, -0.06282252818346024, 0.9774684906005859, 0.006290313322097063, 0.0054288264364004135, -0.006716067902743816, 0.99994295835495, -0.48205357789993286, 0.48710596561431885, -0.560304582118988, 0.46519985795021057, -0.017626283690333366, -0.6126583814620972, -0.09887365996837616, 0.7839406728744507, 0.3877696096897125, -0.5205129981040955, 0.009583882056176662, 0.7606635689735413, -0.05455362796783447, -0.2066068798303604, -0.4858689308166504, 0.8475075364112854, -0.6343567967414856, -0.4488162398338318, 0.39835137128829956, 0.48731064796447754, -0.08542947471141815, 0.014076330699026585, 0.05802024155855179, 0.994553804397583, 0.2582058906555176, 0.3561916649341583, -0.009973103180527687, 0.8979742527008057, 0.17350129783153534, 0.2814793884754181, 0.1331777572631836, 0.9343073964118958, -0.05235934257507324, 0.009198019281029701, 0.046867866069078445, 0.9974854588508606, -0.34876811504364014, 0.10258054733276367, 0.1642724871635437, 0.9169801473617554, 0.13565979897975922, -0.0005956508102826774, 7.438585214458726e-08, 0.9907553195953369, -0.48164668679237366, 0.0021111450623720884, -5.133568947712774e-07, 0.8763629794120789, -0.14641173183918, 0.7836230397224426, -0.11293945461511612, 0.5930794477462769, -0.48096567392349243, -0.15418967604637146, -0.8258764147758484, 0.25065064430236816, -0.6885290145874023, 0.09873243421316147, 0.010904822498559952, 0.718373715877533, 0.28636327385902405, 0.09200546145439148, 0.1068212017416954, 0.9476920962333679, 0.39789432287216187, -0.0072985365986824036, 0.134933203458786, 0.9074248671531677, 0.705469012260437, -0.28981614112854004, 0.6393215656280518, 0.09791874885559082, -0.9536526799201965, -0.09853225201368332, -0.04506406933069229, 0.28072625398635864, 0.6430416107177734, 0.005845081061124802, 0.018687494099140167, 0.765580952167511, 0.7236679196357727, 0.15266713500022888, -0.31825852394104004, 0.5930505990982056, -0.5458247661590576, -0.48899781703948975, -0.6330231428146362, 0.24947604537010193, -0.20187066495418549, -0.0046074120327830315, -0.06292123347520828, 0.9773781299591064, 0.006264728959649801, 0.0054262843914330006, -0.006694837473332882, 0.9999432563781738, -0.48195192217826843, 0.4871091842651367, -0.5604403614997864, 0.4651382565498352, -0.017100472003221512, -0.6129263043403625, -0.09935029596090317, 0.783682644367218, 0.38781338930130005, -0.5205522775650024, 0.009571893140673637, 0.7606145739555359, -0.054654236882925034, -0.20630726218223572, -0.48595452308654785, 0.847524881362915, -0.6344438195228577, -0.4488043189048767, 0.3982936441898346, 0.4872555434703827, -0.08475808799266815, 0.014904240146279335, 0.05813794955611229, 0.9945923686027527, 0.25721240043640137, 0.3547486364841461, -0.010011049918830395, 0.8988298177719116, 0.16901040077209473, 0.2819758355617523, 0.1306481510400772, 0.935337483882904, -0.05231640860438347, 0.009183176793158054, 0.046846091747283936, 0.9974889159202576, -0.34839850664138794, 0.10251093655824661, 0.16425658762454987, 0.9171313047409058, 0.13566002249717712, -0.0005959856789559126, 1.33478138764076e-07, 0.9907553195953369, -0.48164641857147217, 0.002110866131260991, -6.716347229485109e-07, 0.8763630986213684, -0.14536601305007935, 0.784026563167572, -0.11217296868562698, 0.592948853969574, -0.4811747670173645, -0.15379320085048676, -0.8260756134986877, 0.2498350739479065, -0.6886461973190308, 0.09875296801328659, 0.010952462442219257, 0.7182578444480896, 0.2864171862602234, 0.0924738347530365, 0.10698932409286499, 0.9476112723350525, 0.39791956543922424, -0.00730972271412611, 0.1349727213382721, 0.907407820224762, 0.7055301666259766, -0.2906689941883087, 0.638853132724762, 0.098007433116436, -0.9537585973739624, -0.09851187467575073, -0.044833678752183914, 0.28041020035743713, 0.6432560086250305, 0.005392297171056271, 0.018401894718408585, 0.7654110193252563, 0.72371906042099, 0.15278302133083344, -0.31831762194633484, 0.5929266810417175, -0.5458490252494812, -0.4888686239719391, -0.6331847906112671, 0.2492656707763672, -0.202267587184906, -0.004603691399097443, -0.06301666796207428, 0.9772899150848389, 0.0062344553880393505, 0.005440833978354931, -0.006668372545391321, 0.9999435544013977, -0.4818536937236786, 0.4870946407318115, -0.5605795383453369, 0.4650876522064209, -0.01655665412545204, -0.6132587790489197, -0.10002657026052475, 0.7833481431007385, 0.3878074288368225, -0.5205186009407043, 0.009564432315528393, 0.7606407403945923, -0.05472618341445923, -0.2060127854347229, -0.48607948422431946, 0.8475202322006226, -0.6345474123954773, -0.44879090785980225, 0.39822354912757874, 0.4871903955936432, -0.08398593217134476, 0.015630606561899185, 0.05847582593560219, 0.9946268796920776, 0.2560172379016876, 0.3529997169971466, -0.010149704292416573, 0.8998574614524841, 0.16539593040943146, 0.2823021113872528, 0.13074542582035065, 0.9358714818954468, -0.05227786302566528, 0.009167968295514584, 0.04681668058037758, 0.9974924325942993, -0.3480585217475891, 0.10220705717802048, 0.1642352044582367, 0.9172980785369873, 0.13565993309020996, -0.0005962798022665083, 1.3054059877504187e-07, 0.9907553195953369, -0.4816465973854065, 0.002110653091222048, -8.204146411117108e-07, 0.8763630390167236, -0.1443953812122345, 0.7843457460403442, -0.11145062744617462, 0.5929000973701477, -0.4813970923423767, -0.15335659682750702, -0.8262302279472351, 0.24916301667690277, -0.6887806057929993, 0.09877505898475647, 0.010955024510622025, 0.7181258797645569, 0.28652188181877136, 0.0929209366440773, 0.10709637403488159, 0.9475237727165222, 0.3979457914829254, -0.007324003614485264, 0.1350160539150238, 0.907389760017395, 0.7057138681411743, -0.29135629534721375, 0.6383090615272522, 0.0981888473033905, -0.9538403749465942, -0.09848257899284363, -0.0446031428873539, 0.2801790237426758, 0.6432774662971497, 0.004686330445110798, 0.01800466701388359, 0.7654070854187012, 0.7239739298820496, 0.15301771461963654, -0.31847691535949707, 0.5924692749977112, -0.5458533763885498, -0.4887484610080719, -0.6333473920822144, 0.2490786612033844, -0.20264744758605957, -0.0045991153456270695, -0.06310588121414185, 0.9772054553031921, 0.00620257155969739, 0.005465170834213495, -0.006644647568464279, 0.999943733215332, -0.4817519783973694, 0.48708081245422363, -0.560722291469574, 0.46503520011901855, -0.01601015403866768, -0.6136313676834106, -0.10078003257513046, 0.7829710245132446, 0.38776087760925293, -0.5204307436943054, 0.009579295292496681, 0.7607244253158569, -0.054935190826654434, -0.2059939205646515, -0.48649007081985474, 0.8472756743431091, -0.6347224116325378, -0.4488023817539215, 0.3980778455734253, 0.48707079887390137, -0.08328298479318619, 0.01594732329249382, 0.05899728834629059, 0.9946501851081848, 0.2550038695335388, 0.3515324890613556, -0.010302096605300903, 0.9007173776626587, 0.1637556552886963, 0.2822954058647156, 0.13331474363803864, 0.9357994794845581, -0.052214089781045914, 0.009192649275064468, 0.04677427187561989, 0.9974974989891052, -0.34769511222839355, 0.10177403688430786, 0.1642310619354248, 0.9174847602844238, 0.13566002249717712, -0.0005964784068055451, 1.7214718184277444e-07, 0.9907553195953369, -0.48164647817611694, 0.002110441215336323, -9.270843861486355e-07, 0.8763630986213684, -0.1435600370168686, 0.7843438982963562, -0.11083374917507172, 0.5932209491729736, -0.4819473624229431, -0.15281827747821808, -0.8261725306510925, 0.24862077832221985, -0.6889123320579529, 0.09879645705223083, 0.01085623074322939, 0.7179980874061584, 0.28688305616378784, 0.09344441443681717, 0.1072307676076889, 0.9473478198051453, 0.39797624945640564, -0.007343796547502279, 0.13506148755550385, 0.9073694944381714, 0.7059535384178162, -0.2919776141643524, 0.6376473903656006, 0.09891705960035324, -0.9538431167602539, -0.09844648838043213, -0.04444412514567375, 0.28020763397216797, 0.6431105136871338, 0.003906689118593931, 0.017283489927649498, 0.7655683755874634, 0.7242211103439331, 0.1532488912343979, -0.31859663128852844, 0.592042863368988, -0.5457535982131958, -0.4887336194515228, -0.63346266746521, 0.2490333765745163, -0.20284169912338257, -0.0045492760837078094, -0.06317722052335739, 0.9771608114242554, 0.006182312499731779, 0.005514169577509165, -0.006608441937714815, 0.9999438524246216, -0.4815617799758911, 0.48717206716537476, -0.5609437823295593, 0.46486958861351013, -0.015507512725889683, -0.6143651604652405, -0.10153932124376297, 0.7823073267936707, 0.387706995010376, -0.5203331708908081, 0.009627669118344784, 0.7608180046081543, -0.05553915724158287, -0.20640456676483154, -0.4874829053878784, 0.8465653657913208, -0.6350918412208557, -0.4487091302871704, 0.3977322280406952, 0.4869575798511505, -0.0828929990530014, 0.015464830212295055, 0.060033831745386124, 0.994628369808197, 0.25401976704597473, 0.3501155376434326, -0.010490094311535358, 0.9015448689460754, 0.16250191628932953, 0.28150150179862976, 0.13795292377471924, 0.9355849027633667, -0.05210455134510994, 0.009308518841862679, 0.04670073464512825, 0.9975056648254395, -0.3474237024784088, 0.10107653588056564, 0.16424348950386047, 0.917662501335144, 0.1356600970029831, -0.0005965384189039469, 1.6943729974627786e-07, 0.9907552599906921, -0.48164647817611694, 0.002110350877046585, -9.672681926531368e-07, 0.8763630986213684, -0.1426657885313034, 0.7843310832977295, -0.1100548729300499, 0.5935985445976257, -0.4825797379016876, -0.15216635167598724, -0.8261473774909973, 0.24787642061710358, -0.6889163851737976, 0.09879881888628006, 0.010779141448438168, 0.7179951071739197, 0.2873719036579132, 0.09399455785751343, 0.10720008611679077, 0.9471486210823059, 0.3980005979537964, -0.007357059512287378, 0.13510142266750336, 0.9073527455329895, 0.7062930464744568, -0.2927160859107971, 0.6368246078491211, 0.09960874170064926, -0.953900158405304, -0.09842107445001602, -0.04432837665081024, 0.2800407409667969, 0.6430811285972595, 0.0033287948463112116, 0.01692410185933113, 0.7656038403511047, 0.7243860960006714, 0.15340587496757507, -0.31866922974586487, 0.5917612314224243, -0.5454937815666199, -0.4888990819454193, -0.6334907412528992, 0.2492063045501709, -0.20271028578281403, -0.004400406964123249, -0.0632554292678833, 0.9771836996078491, 0.006191763561218977, 0.00558689096942544, -0.006539999041706324, 0.9999438524246216, -0.4814000427722931, 0.48729729652404785, -0.5611143708229065, 0.46470001339912415, -0.015104523859918118, -0.6156159043312073, -0.10258367657661438, 0.7811949253082275, 0.3876873552799225, -0.5202993750572205, 0.009688658639788628, 0.7608503699302673, -0.05641648545861244, -0.206928551197052, -0.4887613356113434, 0.8456418514251709, -0.6354772448539734, -0.44850432872772217, 0.39736467599868774, 0.48694339394569397, -0.08298660814762115, 0.01537977997213602, 0.06174195557832718, 0.9945173263549805, 0.251909077167511, 0.34706011414527893, -0.01077428087592125, 0.9033133387565613, 0.16033759713172913, 0.2802235782146454, 0.14259754121303558, 0.9356455206871033, -0.05199040472507477, 0.009595257230103016, 0.04657965525984764, 0.997514545917511, -0.345897912979126, 0.0998888835310936, 0.16435235738754272, 0.9183491468429565, 0.13566040992736816, -0.000596617057453841, 1.9235010029206023e-07, 0.9907552599906921, -0.48164623975753784, 0.0021103301551193, -1.0030682915385114e-06, 0.876363217830658, -0.14200849831104279, 0.7842282056808472, -0.10924965888261795, 0.5940406322479248, -0.4831911027431488, -0.1516265869140625, -0.8260844349861145, 0.24722521007061005, -0.6887756586074829, 0.09878294914960861, 0.010756229981780052, 0.7181325554847717, 0.28716564178466797, 0.09424982219934464, 0.10721879452466965, 0.9471837282180786, 0.3979990482330322, -0.007367112673819065, 0.13514494895935059, 0.9073469042778015, 0.7066085338592529, -0.29351675510406494, 0.6360452771186829, 0.09999356418848038, -0.9540343880653381, -0.09841813892126083, -0.04434281215071678, 0.27958163619041443, 0.6432116031646729, 0.0032872399315238, 0.017101356759667397, 0.7654904723167419, 0.7244283556938171, 0.1534530222415924, -0.3186837434768677, 0.5916894674301147, -0.5450990796089172, -0.4891863167285919, -0.6334897875785828, 0.249508798122406, -0.202341690659523, -0.004172252956777811, -0.0633772686123848, 0.9772531986236572, 0.0062305619940161705, 0.00567776570096612, -0.0064598508179187775, 0.9999436140060425, -0.481381356716156, 0.48746341466903687, -0.5610828399658203, 0.4645831882953644, -0.01466651912778616, -0.616902232170105, -0.10402398556470871, 0.7799971699714661, 0.38778355717658997, -0.5204615592956543, 0.00971913430839777, 0.7606900334358215, -0.05677413567900658, -0.207081601023674, -0.48951634764671326, 0.8451435565948486, -0.6359032392501831, -0.44807368516921997, 0.396913081407547, 0.4871520698070526, -0.08381181955337524, 0.01465664990246296, 0.06391862034797668, 0.9943214654922485, 0.2499651461839676, 0.344262957572937, -0.01098896749317646, 0.9049197435379028, 0.1579529047012329, 0.27914443612098694, 0.14539073407649994, 0.9359437823295593, -0.05163200944662094, 0.010153179988265038, 0.046353500336408615, 0.997538149356842, -0.3409515619277954, 0.09845731407403946, 0.16461347043514252, 0.9203046560287476, 0.13566063344478607, -0.0005965437740087509, 1.803796578769834e-07, 0.9907552003860474, -0.4816458821296692, 0.002110341563820839, -9.397701319358021e-07, 0.8763634562492371, -0.14150922000408173, 0.7840131521224976, -0.10848166793584824, 0.5945841073989868, -0.4839070439338684, -0.15123282372951508, -0.8259085416793823, 0.24665303528308868, -0.6884202361106873, 0.09874102473258972, 0.010805639438331127, 0.718478262424469, 0.28647148609161377, 0.09436189383268356, 0.10733740031719208, 0.9473693370819092, 0.3979760408401489, -0.007371131796389818, 0.13518968224525452, 0.9073502421379089, 0.7068973779678345, -0.2939503788948059, 0.6355149149894714, 0.10005051642656326, -0.9542720317840576, -0.09845179319381714, -0.044313374906778336, 0.2787625193595886, 0.6432214975357056, 0.0033651720732450485, 0.017485303804278374, 0.7654731273651123, 0.7244229316711426, 0.15345682203769684, -0.3186831772327423, 0.5916954278945923, -0.5445640683174133, -0.4896296262741089, -0.633449912071228, 0.24990834295749664, -0.20165501534938812, -0.0038943381514400244, -0.06360748410224915, 0.9773812890052795, 0.006312868092209101, 0.00576850026845932, -0.006367540918290615, 0.999943196773529, -0.48188263177871704, 0.4873749613761902, -0.5604671239852905, 0.46489930152893066, -0.013859071768820286, -0.6175775527954102, -0.10609433799982071, 0.7791982889175415, 0.38793379068374634, -0.5207551717758179, 0.009718215093016624, 0.7604123950004578, -0.05586375296115875, -0.20662149786949158, -0.48958325386047363, 0.8452781438827515, -0.6367044448852539, -0.4474465548992157, 0.39599883556365967, 0.48742586374282837, -0.08472693711519241, 0.013276306912302971, 0.06628794968128204, 0.9941081404685974, 0.24773617088794708, 0.3410894274711609, -0.011160247027873993, 0.9067305326461792, 0.15566504001617432, 0.2787105441093445, 0.1455608308315277, 0.9364298582077026, -0.049472447484731674, 0.011034208349883556, 0.045860353857278824, 0.9976610541343689, -0.33227232098579407, 0.09725529700517654, 0.16546978056430817, 0.9234480261802673, 0.13566093146800995, -0.000596415891777724, 1.7437238852835435e-07, 0.9907551407814026, -0.4816456139087677, 0.0021104798652231693, -8.609964652350754e-07, 0.8763635158538818, -0.1407575160264969, 0.7837322354316711, -0.107267364859581, 0.5953527688980103, -0.4846305251121521, -0.15015994012355804, -0.8257665634155273, 0.2463633418083191, -0.6878547668457031, 0.09866388142108917, 0.010736268013715744, 0.7190312743186951, 0.28618791699409485, 0.09523478150367737, 0.10689270496368408, 0.9474179744720459, 0.39796164631843567, -0.007366108242422342, 0.1352323591709137, 0.9073502421379089, 0.7072126269340515, -0.2946872413158417, 0.6347575187683105, 0.10046215355396271, -0.9546236395835876, -0.09852267056703568, -0.044200945645570755, 0.2775489091873169, 0.6439028382301331, 0.0035744488704949617, 0.017749177291989326, 0.7648930549621582, 0.7244445085525513, 0.15347126126289368, -0.3186866343021393, 0.5916633605957031, -0.5438649654388428, -0.4905499219894409, -0.6332588791847229, 0.25011005997657776, -0.20071659982204437, -0.0037466620560735464, -0.06424792855978012, 0.9775331020355225, 0.006445178296416998, 0.00585284736007452, -0.006241984665393829, 0.9999426007270813, -0.4838806092739105, 0.4860241711139679, -0.558380663394928, 0.46674519777297974, -0.014154714532196522, -0.6171156167984009, -0.10967443138360977, 0.7790632247924805, 0.38780736923217773, -0.520739734172821, 0.00979655608534813, 0.7604864835739136, -0.05530718341469765, -0.20651637017726898, -0.4899781346321106, 0.845111608505249, -0.6391123533248901, -0.44622424244880676, 0.39331281185150146, 0.4875698983669281, -0.08539765328168869, 0.008103850297629833, 0.06849692761898041, 0.9939566254615784, 0.24591520428657532, 0.33855006098747253, -0.011376713402569294, 0.9081740975379944, 0.15192966163158417, 0.2780678868293762, 0.1453661471605301, 0.9372642636299133, -0.04468502476811409, 0.012572399340569973, 0.04470674693584442, 0.9979211091995239, -0.3215950131416321, 0.09432899206876755, 0.16795779764652252, 0.9270754456520081, 0.13566170632839203, -0.0005962717114016414, 1.844775425752232e-07, 0.990755021572113, -0.48164495825767517, 0.002110566943883896, -7.879346526351583e-07, 0.8763639330863953, -0.13964855670928955, 0.7834925055503845, -0.10583692789077759, 0.5961848497390747, -0.48526495695114136, -0.14891505241394043, -0.8257137537002563, 0.24604687094688416, -0.6871840953826904, 0.0985698252916336, 0.010724314488470554, 0.719685435295105, 0.2855134904384613, 0.09617075324058533, 0.10618562251329422, 0.9476063847541809, 0.39796024560928345, -0.007362284231930971, 0.1352899968624115, 0.9073423743247986, 0.7075528502464294, -0.2952844202518463, 0.6339980363845825, 0.10110652446746826, -0.9550533890724182, -0.09861494600772858, -0.043950360268354416, 0.2760733664035797, 0.6445026397705078, 0.0035988755989819765, 0.017770102247595787, 0.7643871307373047, 0.7244874238967896, 0.15349768102169037, -0.3186996877193451, 0.5915970206260681, -0.5430441498756409, -0.49196550250053406, -0.6328656673431396, 0.250108540058136, -0.19939428567886353, -0.003765355795621872, -0.0652860701084137, 0.9777348637580872, 0.0066335201263427734, 0.005929288454353809, -0.006071323063224554, 0.9999420046806335, -0.48725467920303345, 0.4837927222251892, -0.5548539757728577, 0.4697495698928833, -0.015007652342319489, -0.6158002614974976, -0.11448021233081818, 0.779396653175354, 0.38710281252861023, -0.5199571251869202, 0.009957709349691868, 0.761378288269043, -0.05507158115506172, -0.20685628056526184, -0.49059057235717773, 0.8446884155273438, -0.6428014636039734, -0.4443724751472473, 0.3892044126987457, 0.48770827054977417, -0.08618047833442688, -8.19336564745754e-05, 0.07034989446401596, 0.9937926530838013, 0.244065523147583, 0.3359852433204651, -0.011592589318752289, 0.9096216559410095, 0.145395889878273, 0.276839017868042, 0.14549539983272552, 0.9386433362960815, -0.038044534623622894, 0.014608468860387802, 0.04332464188337326, 0.9982295632362366, -0.3101862967014313, 0.09031760692596436, 0.17101378738880157, 0.930796205997467, 0.13566286861896515, -0.0005961676361039281, 2.07625390657995e-07, 0.9907549023628235, -0.48164403438568115, 0.002110647037625313, -6.873087272651901e-07, 0.8763644099235535, -0.13840815424919128, 0.783280074596405, -0.10432551801204681, 0.5970190167427063, -0.48590201139450073, -0.14768585562705994, -0.8256712555885315, 0.245672807097435, -0.6865209341049194, 0.09847525507211685, 0.010790134780108929, 0.7203299403190613, 0.28462284803390503, 0.09712010622024536, 0.10521750152111053, 0.9478854537010193, 0.397954523563385, -0.007352439686655998, 0.135344997048378, 0.9073367118835449, 0.7078638672828674, -0.29587507247924805, 0.6332696676254272, 0.10176593065261841, -0.9555099010467529, -0.09872572124004364, -0.04358188062906265, 0.2745080590248108, 0.6449984312057495, 0.0036366237327456474, 0.01767057180404663, 0.7639709711074829, 0.7245796918869019, 0.1535569280385971, -0.31874144077301025, 0.5914461016654968, -0.5421838164329529, -0.4934781789779663, -0.6323627829551697, 0.2502666413784027, -0.19788390398025513, -0.0037892526015639305, -0.0662182942032814, 0.9779789447784424, 0.006841506343334913, 0.006028398871421814, -0.005892828106880188, 0.9999410510063171, -0.490887314081192, 0.48167017102241516, -0.5509480834007263, 0.4727364480495453, -0.01579064503312111, -0.6137773394584656, -0.11993543058633804, 0.7801560759544373, 0.38604018092155457, -0.5186903476715088, 0.01016358844935894, 0.7627778053283691, -0.05534116551280022, -0.20757651329040527, -0.49118170142173767, 0.8441504240036011, -0.6468696594238281, -0.4422817528247833, 0.3846495449542999, 0.48784351348876953, -0.08662082254886627, -0.008019513450562954, 0.07250431180000305, 0.993567168712616, 0.24149182438850403, 0.33240434527397156, -0.01194155402481556, 0.9116174578666687, 0.13570770621299744, 0.2749750316143036, 0.1461193710565567, 0.9405431151390076, -0.029427876695990562, 0.01704011857509613, 0.041489362716674805, 0.9985601305961609, -0.29667070508003235, 0.0854627788066864, 0.17356093227863312, 0.9351786971092224, 0.13566365838050842, -0.000596174446400255, 2.3123956793824618e-07, 0.9907547831535339, -0.4816431701183319, 0.002110647037625313, -6.629323365814344e-07, 0.8763648867607117, -0.13712212443351746, 0.7831073999404907, -0.10270818322896957, 0.5978221893310547, -0.4866611361503601, -0.1466890126466751, -0.8256040811538696, 0.24499227106571198, -0.6859201192855835, 0.09839381277561188, 0.01096230186522007, 0.7209106683731079, 0.2833935618400574, 0.09778853505849838, 0.1045655757188797, 0.9482571482658386, 0.39791521430015564, -0.0073318504728376865, 0.13539156317710876, 0.9073472023010254, 0.7081464529037476, -0.2963024079799652, 0.6326135396957397, 0.10263385623693466, -0.9560059905052185, -0.09885270893573761, -0.042998816817998886, 0.27282193303108215, 0.645533561706543, 0.003237950848415494, 0.016806110739707947, 0.7635400891304016, 0.7247597575187683, 0.15366187691688538, -0.31880757212638855, 0.5911625027656555, -0.5412255525588989, -0.4951666593551636, -0.6317945718765259, 0.2504410743713379, -0.19610029458999634, -0.0038290205411612988, -0.06734577566385269, 0.9782609939575195, 0.007080717012286186, 0.006170430686324835, -0.005696010775864124, 0.9999396800994873, -0.4951099753379822, 0.47917839884757996, -0.5463626384735107, 0.4761742651462555, -0.016942841932177544, -0.6113121509552002, -0.1263730525970459, 0.7810506820678711, 0.3845032751560211, -0.5167667865753174, 0.010395060293376446, 0.7648537755012512, -0.05533295497298241, -0.20840945839881897, -0.49145427346229553, 0.8437869548797607, -0.6518005728721619, -0.4397548735141754, 0.37912416458129883, 0.48788994550704956, -0.08712046593427658, -0.018053237348794937, 0.07480093836784363, 0.9932215213775635, 0.23904569447040558, 0.3290589451789856, -0.012358120642602444, 0.9134684801101685, 0.12507928907871246, 0.27269652485847473, 0.14947257936000824, 0.942151665687561, -0.018784865736961365, 0.019984805956482887, 0.03940583020448685, 0.9988468289375305, -0.2817058861255646, 0.0795808881521225, 0.17614321410655975, 0.939831018447876, 0.13566455245018005, -0.0005962516297586262, 2.4839116008479323e-07, 0.9907546639442444, -0.48164236545562744, 0.002110556699335575, -7.001268613748834e-07, 0.8763653635978699, -0.13575159013271332, 0.7830566167831421, -0.1009068414568901, 0.5985078811645508, -0.4875409007072449, -0.14599841833114624, -0.8254846334457397, 0.24405623972415924, -0.6850888729095459, 0.09826749563217163, 0.011145396158099174, 0.721714973449707, 0.2823909521102905, 0.09909249097108841, 0.10405948013067245, 0.9484765529632568, 0.3978153169155121, -0.007279687095433474, 0.1354127675294876, 0.9073882102966309, 0.7085942625999451, -0.2969528138637543, 0.6317053437232971, 0.10325528681278229, -0.9567122459411621, -0.09899479895830154, -0.041869666427373886, 0.27046000957489014, 0.6466583013534546, 0.0031177352648228407, 0.015951069071888924, 0.7626066207885742, 0.724873423576355, 0.15375488996505737, -0.31887951493263245, 0.5909600853919983, -0.540223240852356, -0.4969886243343353, -0.6311718225479126, 0.2505660951137543, -0.19429856538772583, -0.0038831515703350306, -0.06858016550540924, 0.9785345196723938, 0.007321968208998442, 0.006319414358586073, -0.005500700790435076, 0.9999380707740784, -0.49945738911628723, 0.4766949713230133, -0.5415579676628113, 0.4796031713485718, -0.01744278334081173, -0.6096218228340149, -0.13243696093559265, 0.7813562154769897, 0.3825792968273163, -0.5143253207206726, 0.010711693204939365, 0.7674554586410522, -0.056058935821056366, -0.20934946835041046, -0.49265480041503906, 0.8428057432174683, -0.6562765836715698, -0.4375759959220886, 0.3740450143814087, 0.48776912689208984, -0.08687655627727509, -0.02640867978334427, 0.07853495329618454, 0.9927675127983093, 0.23506329953670502, 0.32346972823143005, -0.012850306928157806, 0.9164865016937256, 0.11884686350822449, 0.2721348702907562, 0.15430550277233124, 0.942341685295105, -0.005854633636772633, 0.02292640134692192, 0.037373073399066925, 0.9990211725234985, -0.26600489020347595, 0.07362809777259827, 0.17859047651290894, 0.9444182515144348, 0.1356683224439621, -0.0005966025637462735, 3.4075497978847125e-07, 0.9907541871070862, -0.48163899779319763, 0.0021101951133459806, -8.298422358166135e-07, 0.8763672113418579, -0.13429103791713715, 0.7830753326416016, -0.09900189936161041, 0.5991307497024536, -0.4883304536342621, -0.1457105129957199, -0.8253767490386963, 0.24301253259181976, -0.6844143271446228, 0.09816420823335648, 0.011470407247543335, 0.7223637104034424, 0.2803508937358856, 0.09989379346370697, 0.10383488237857819, 0.949022114276886, 0.3976894021034241, -0.007226090878248215, 0.13544811308383942, 0.9074385762214661, 0.7090038061141968, -0.29778528213500977, 0.6307492256164551, 0.10388937592506409, -0.9575034379959106, -0.09915179759263992, -0.04058287292718887, 0.2677857577800751, 0.6479662656784058, 0.003076474880799651, 0.015007730573415756, 0.7615149617195129, 0.7250550389289856, 0.1539110541343689, -0.31899788975715637, 0.5906326174736023, -0.5391762852668762, -0.49889615178108215, -0.6305747032165527, 0.2505340278148651, -0.1925859898328781, -0.00395316444337368, -0.06997746974229813, 0.978773832321167, 0.007585202809423208, 0.00648477440699935, -0.00531657924875617, 0.999936044216156, -0.504082441329956, 0.4740390181541443, -0.5363630652427673, 0.4832210838794708, -0.018311381340026855, -0.6082356572151184, -0.13855397701263428, 0.7813557982444763, 0.38017353415489197, -0.5112071633338928, 0.01102747954428196, 0.7707228660583496, -0.05584140121936798, -0.21006238460540771, -0.4933125376701355, 0.8422578573226929, -0.6607344150543213, -0.4352475702762604, 0.36891376972198486, 0.48774200677871704, -0.08703622221946716, -0.03514103963971138, 0.0822385624051094, 0.9921827912330627, 0.23114411532878876, 0.3179593086242676, -0.013284546323120594, 0.9194008111953735, 0.11700984090566635, 0.2724657952785492, 0.15911325812339783, 0.9416761994361877, 0.00772114098072052, 0.026109786704182625, 0.035391103476285934, 0.9990025758743286, -0.2490502893924713, 0.06611232459545135, 0.18046130239963531, 0.9492295980453491, 0.1356724500656128, -0.0005968779441900551, 4.3448855535643816e-07, 0.9907535910606384, -0.4816354215145111, 0.0021099348086863756, -8.982520967037999e-07, 0.8763691782951355, -0.1325702667236328, 0.7832123041152954, -0.09689665585756302, 0.5996788144111633, -0.48911792039871216, -0.14525923132896423, -0.8254365921020508, 0.24149103462696075, -0.6842860579490662, 0.09814941883087158, 0.011842621490359306, 0.7224811911582947, 0.2788897156715393, 0.10021978616714478, 0.10389748215675354, 0.9494113326072693, 0.3975573182106018, -0.007176428101956844, 0.1354692280292511, 0.9074937105178833, 0.7091861367225647, -0.2991008758544922, 0.6297421455383301, 0.10496954619884491, -0.9581301808357239, -0.09931467473506927, -0.03963843360543251, 0.2656163275241852, 0.6491758823394775, 0.002894754521548748, 0.014224567450582981, 0.7604998350143433, 0.7253440022468567, 0.1541329324245453, -0.31916746497154236, 0.5901281237602234, -0.5381246209144592, -0.50077885389328, -0.6300279498100281, 0.2504144608974457, -0.19092980027198792, -0.003995290491729975, -0.07142819464206696, 0.97899329662323, 0.007872960530221462, 0.006656373385339975, -0.005137118510901928, 0.999933660030365, -0.5084792375564575, 0.47134387493133545, -0.5313498377799988, 0.4867762625217438, -0.019626380875706673, -0.6074739694595337, -0.14442428946495056, 0.780853271484375, 0.3773527443408966, -0.5074960589408875, 0.011375858448445797, 0.7745471596717834, -0.05501081794500351, -0.2105579376220703, -0.49447619915008545, 0.8415060639381409, -0.6649965047836304, -0.43298348784446716, 0.3639676570892334, 0.4876807630062103, -0.08736483007669449, -0.04275287315249443, 0.08606097847223282, 0.9915306568145752, 0.22611218690872192, 0.31078290939331055, -0.01367978472262621, 0.9230927228927612, 0.11845297366380692, 0.272652268409729, 0.16293814778327942, 0.9407873153686523, 0.021971937268972397, 0.02913532964885235, 0.03358360379934311, 0.9987695217132568, -0.23105871677398682, 0.05850844830274582, 0.18161429464817047, 0.9540466070175171, 0.135674387216568, -0.0005966509925201535, 4.1677893136693456e-07, 0.9907533526420593, -0.4816338121891022, 0.0021101057063788176, -7.670071227039443e-07, 0.8763700127601624, -0.13084883987903595, 0.7833229899406433, -0.09480151534080505, 0.6002469062805176, -0.49004003405570984, -0.14477787911891937, -0.8254346251487732, 0.23991213738918304, -0.6842640042304993, 0.09814788401126862, 0.012193484231829643, 0.7224964499473572, 0.27809464931488037, 0.10088198632001877, 0.10386551916599274, 0.9495779275894165, 0.3974252939224243, -0.007108388468623161, 0.13544532656669617, 0.9075556397438049, 0.7094480395317078, -0.30048948526382446, 0.6285655498504639, 0.1062779575586319, -0.9587036371231079, -0.09947999566793442, -0.038557760417461395, 0.26363691687583923, 0.6505836248397827, 0.0027177962474524975, 0.013277833350002766, 0.759313702583313, 0.7256327867507935, 0.15434101223945618, -0.3193483054637909, 0.5896207690238953, -0.5370354652404785, -0.502605140209198, -0.6294999718666077, 0.25042131543159485, -0.1892494559288025, -0.003955059684813023, -0.072746142745018, 0.9792226552963257, 0.008161094971001148, 0.0068325502797961235, -0.004970265086740255, 0.9999309778213501, -0.5127271413803101, 0.4689670205116272, -0.5263968706130981, 0.4899868369102478, -0.02104315347969532, -0.6069092750549316, -0.15000829100608826, 0.7802024483680725, 0.373856782913208, -0.5028161406517029, 0.011766987852752209, 0.7792744040489197, -0.05333535745739937, -0.21129795908927917, -0.4960523545742035, 0.8405001759529114, -0.6693360209465027, -0.4306231141090393, 0.35890474915504456, 0.4875863790512085, -0.08774811029434204, -0.049279142171144485, 0.09020168334245682, 0.9908256530761719, 0.22058896720409393, 0.3028327524662018, -0.014009635895490646, 0.9270580410957336, 0.11963662505149841, 0.2722322344779968, 0.16411522030830383, 0.9405545592308044, 0.036354776471853256, 0.03176458552479744, 0.03207849711179733, 0.9983187317848206, -0.2110089808702469, 0.050994616001844406, 0.18178491294384003, 0.9590771794319153, 0.13567577302455902, -0.0005962803843431175, 3.6501580780168297e-07, 0.9907531142234802, -0.4816324710845947, 0.002110428875312209, -5.878744673282199e-07, 0.8763707876205444, -0.12923216819763184, 0.7833088040351868, -0.09279821068048477, 0.6009283661842346, -0.4911656975746155, -0.1443452090024948, -0.8253428936004639, 0.23818036913871765, -0.6843076944351196, 0.09815508127212524, 0.012720836326479912, 0.722445011138916, 0.27698296308517456, 0.1009567454457283, 0.10404472798109055, 0.9498751759529114, 0.39728036522865295, -0.006998902186751366, 0.1353173702955246, 0.9076390266418457, 0.709965705871582, -0.3016343116760254, 0.627155065536499, 0.1078985333442688, -0.9591654539108276, -0.09963438659906387, -0.03730721399188042, 0.26207414269447327, 0.6516469120979309, 0.002149181207641959, 0.011857228353619576, 0.7584267258644104, 0.7259207963943481, 0.15451577305793762, -0.3195182979106903, 0.5891281366348267, -0.5359432101249695, -0.5045595169067383, -0.6288791298866272, 0.2503910958766937, -0.18747089803218842, -0.0040698545053601265, -0.07422178983688354, 0.9794535636901855, 0.008457310497760773, 0.0069603994488716125, -0.004767640493810177, 0.9999286532402039, -0.5175111293792725, 0.4657265841960907, -0.5208852887153625, 0.49392271041870117, -0.021731900051236153, -0.6057578325271606, -0.15590068697929382, 0.7799232602119446, 0.369768351316452, -0.4972704350948334, 0.012145030312240124, 0.7847585678100586, -0.051610931754112244, -0.21202100813388824, -0.4966137409210205, 0.8400941491127014, -0.6735938191413879, -0.4286069869995117, 0.3539407253265381, 0.48712772130966187, -0.08882081508636475, -0.05612191557884216, 0.09376148134469986, 0.990035355091095, 0.21485477685928345, 0.2945915758609772, -0.014325177296996117, 0.931046724319458, 0.11992457509040833, 0.2714638411998749, 0.16418521106243134, 0.9407277703285217, 0.050160109996795654, 0.03364670276641846, 0.031210055574774742, 0.9976862668991089, -0.19112372398376465, 0.04439416527748108, 0.1825678050518036, 0.9634157419204712, 0.13567689061164856, -0.0005960762500762939, 3.2701134955459565e-07, 0.9907529950141907, -0.48163148760795593, 0.0021106405183672905, -4.85655334614421e-07, 0.8763713240623474, -0.1276191622018814, 0.7832139730453491, -0.09084946662187576, 0.6016939282417297, -0.4923053979873657, -0.14382755756378174, -0.8252555727958679, 0.23643676936626434, -0.684411346912384, 0.09816847741603851, 0.01319386437535286, 0.7223365306854248, 0.2762111723423004, 0.10096941888332367, 0.10419946163892746, 0.9500815868377686, 0.397145539522171, -0.006894355174154043, 0.13519026339054108, 0.9077177047729492, 0.7103567719459534, -0.3030494153499603, 0.6256875991821289, 0.10986096411943436, -0.9595441818237305, -0.0997852310538292, -0.03620627149939537, 0.26078149676322937, 0.6528367400169373, 0.0018523166654631495, 0.01071782223880291, 0.7574205994606018, 0.726148784160614, 0.15465211868286133, -0.3196693956851959, 0.5887292623519897, -0.5349313020706177, -0.5067665576934814, -0.6280762553215027, 0.2501130998134613, -0.18558627367019653, -0.00443214550614357, -0.07589040696620941, 0.979682981967926, 0.008767143823206425, 0.007056455127894878, -0.004550544079393148, 0.9999263286590576, -0.5227864384651184, 0.4622046947479248, -0.5147718191146851, 0.49806731939315796, -0.022643601521849632, -0.6041130423545837, -0.1620054543018341, 0.7799288034439087, 0.3653607964515686, -0.49125781655311584, 0.012551500461995602, 0.7905818819999695, -0.049950093030929565, -0.21265314519405365, -0.4976218640804291, 0.8394379615783691, -0.6773520708084106, -0.42670968174934387, 0.3495083749294281, 0.4867822825908661, -0.09054361283779144, -0.06301841139793396, 0.09734231978654861, 0.9891183376312256, 0.20909208059310913, 0.2862450182437897, -0.014601459726691246, 0.9349497556686401, 0.12091691046953201, 0.2703258991241455, 0.16430732607841492, 0.9409070611000061, 0.06336437910795212, 0.035411983728408813, 0.030686285346746445, 0.9968898296356201, -0.1727360039949417, 0.03933780640363693, 0.18386885523796082, 0.9668542146682739, 0.13567757606506348, -0.0005956575041636825, 2.55621642963888e-07, 0.9907529354095459, -0.481630802154541, 0.0021110197994858027, -2.9317311600607354e-07, 0.8763716816902161, -0.1260349601507187, 0.7831157445907593, -0.0889892652630806, 0.6024333238601685, -0.49338269233703613, -0.14319902658462524, -0.8252250552177429, 0.23467257618904114, -0.6845641732215881, 0.09818518161773682, 0.013612989336252213, 0.7221816182136536, 0.2760617434978485, 0.1011655405163765, 0.10418469458818436, 0.9501057863235474, 0.39703333377838135, -0.006792164873331785, 0.13505548238754272, 0.9077876806259155, 0.7106727957725525, -0.30450496077537537, 0.6242275238037109, 0.11207544803619385, -0.9598337411880493, -0.0999295637011528, -0.035170018672943115, 0.25980040431022644, 0.6539861559867859, 0.001606504898518324, 0.009676722809672356, 0.7564429044723511, 0.7262755632400513, 0.1547393500804901, -0.31979382038116455, 0.5884823203086853, -0.5338882207870483, -0.5089865922927856, -0.6272348761558533, 0.2499450147151947, -0.18359367549419403, -0.004710205364972353, -0.07749257981777191, 0.9799317121505737, 0.009080450050532818, 0.0071387398056685925, -0.004345069173723459, 0.999923825263977, -0.5276643633842468, 0.458805650472641, -0.5090551972389221, 0.5019267797470093, -0.02340020053088665, -0.6026225090026855, -0.16799578070640564, 0.7797922492027283, 0.360734224319458, -0.4849134385585785, 0.012975852005183697, 0.7965936064720154, -0.049280062317848206, -0.21328957378864288, -0.49889320135116577, 0.8385610580444336, -0.6811721920967102, -0.4251379668712616, 0.3450451195240021, 0.4860103726387024, -0.09208598732948303, -0.06855060160160065, 0.10067777335643768, 0.9882737994194031, 0.20246006548404694, 0.2765587568283081, -0.01489968877285719, 0.9393099546432495, 0.12189165502786636, 0.26933005452156067, 0.16413967311382294, 0.9410961270332336, 0.07596921920776367, 0.036810167133808136, 0.03042633831501007, 0.995965838432312, -0.15648531913757324, 0.03537895530462265, 0.18505610525608063, 0.9695436358451843, 0.1356782615184784, -0.0005951295606791973, 1.6238760736086988e-07, 0.9907528162002563, -0.4816303253173828, 0.0021114947739988565, -3.7128167207356455e-08, 0.8763719201087952, -0.12439713627099991, 0.7830865979194641, -0.08703386038541794, 0.6030969023704529, -0.494426429271698, -0.14251990616321564, -0.8253016471862793, 0.232610821723938, -0.6847124695777893, 0.0981970801949501, 0.0141918258741498, 0.7220282554626465, 0.2759486436843872, 0.10115262866020203, 0.10408268868923187, 0.9501512050628662, 0.3969239592552185, -0.006684017833322287, 0.13491395115852356, 0.907857358455658, 0.7109649181365967, -0.3058342933654785, 0.6228176951408386, 0.11442217975854874, -0.9600977897644043, -0.10008671879768372, -0.03399541974067688, 0.258919358253479, 0.6548511981964111, 0.0011767026735469699, 0.008481566794216633, 0.7557093501091003, 0.726345419883728, 0.15480217337608337, -0.3199203312397003, 0.5883108973503113, -0.532845675945282, -0.5113335251808167, -0.6260561943054199, 0.25033432245254517, -0.18093040585517883, -0.00484458077698946, -0.0787401795387268, 0.9803268313407898, 0.00945824570953846, 0.007275015581399202, -0.004161250777542591, 0.9999201893806458, -0.5321952700614929, 0.4559229910373688, -0.5036771893501282, 0.5051847696304321, -0.02534831315279007, -0.6007943153381348, -0.17492765188217163, 0.7796178460121155, 0.356057345867157, -0.4784640073776245, 0.01337684877216816, 0.8025686740875244, -0.04997273162007332, -0.21427638828754425, -0.49969860911369324, 0.8377885818481445, -0.6851974129676819, -0.4230191707611084, 0.34029144048690796, 0.4855524003505707, -0.09442810714244843, -0.07161761820316315, 0.10513544082641602, 0.9873706698417664, 0.19360220432281494, 0.26356443762779236, -0.015257447026669979, 0.944891095161438, 0.12206947058439255, 0.26868417859077454, 0.1633509248495102, 0.9413949251174927, 0.0868581086397171, 0.03737955167889595, 0.030445173382759094, 0.9950535297393799, -0.14220339059829712, 0.033122189342975616, 0.1860717087984085, 0.9716266989707947, 0.13567857444286346, -0.0005947344470769167, 8.471887014138701e-08, 0.9907527565956116, -0.4816301167011261, 0.002111856359988451, 1.4691858041260275e-07, 0.8763720989227295, -0.12208391726016998, 0.7831602096557617, -0.084051713347435, 0.6038965582847595, -0.4959897994995117, -0.14154884219169617, -0.8255541324615479, 0.22895067930221558, -0.6844993233680725, 0.09816425293684006, 0.01535534206777811, 0.7222109436988831, 0.2737225592136383, 0.09973733872175217, 0.1048954650759697, 0.9508550763130188, 0.396751344203949, -0.006551867350935936, 0.13477656245231628, 0.9079540967941284, 0.7111914157867432, -0.3075156509876251, 0.6211977005004883, 0.1172792837023735, -0.9604935050010681, -0.10028622299432755, -0.0324275977909565, 0.2575720250606537, 0.6554991006851196, 0.0001585536083439365, 0.006703613791614771, 0.7551661729812622, 0.7263549566268921, 0.15483170747756958, -0.32006019353866577, 0.5882152318954468, -0.5318822264671326, -0.5144699811935425, -0.6240301132202148, 0.2510150074958801, -0.17695514857769012, -0.0052336775697767735, -0.08009319752454758, 0.9809406399726868, 0.009996364824473858, 0.00751040643081069, -0.003914472181349993, 0.9999141693115234, -0.5374765992164612, 0.45342111587524414, -0.4973986744880676, 0.5080578327178955, -0.030456755310297012, -0.5989671349525452, -0.18563340604305267, 0.7783643007278442, 0.351020872592926, -0.4714370667934418, 0.013761550188064575, 0.8089141249656677, -0.050960130989551544, -0.21501322090625763, -0.5008557438850403, 0.836848795413971, -0.6880650520324707, -0.42109236121177673, 0.3366732895374298, 0.48569414019584656, -0.09963872283697128, -0.06957929581403732, 0.11352045834064484, 0.9860750436782837, 0.17883464694023132, 0.2418462187051773, -0.015773771330714226, 0.9535616636276245, 0.12212573736906052, 0.268452912569046, 0.16197815537452698, 0.9416907429695129, 0.0961296334862709, 0.0375928170979023, 0.030894044786691666, 0.9941787719726562, -0.13087588548660278, 0.031027281656861305, 0.18849581480026245, 0.9728197455406189, 0.13567817211151123, -0.0005947256577201188, 5.639356004394358e-08, 0.9907528162002563, -0.48163044452667236, 0.0021118565928190947, 1.1264646104791609e-07, 0.8763719201087952, -0.11942723393440247, 0.7831601500511169, -0.08033431321382523, 0.6049328446388245, -0.4981880486011505, -0.14011865854263306, -0.8258413076400757, 0.22396789491176605, -0.6837796568870544, 0.09806856513023376, 0.016710713505744934, 0.7228752970695496, 0.2708708643913269, 0.09783913195133209, 0.10631343722343445, 0.9517110586166382, 0.3965626358985901, -0.006408345885574818, 0.13463392853736877, 0.908058762550354, 0.7115649580955505, -0.309342622756958, 0.6192042231559753, 0.12070053070783615, -0.9609463810920715, -0.10049541294574738, -0.0307855773717165, 0.25599804520606995, 0.6562036871910095, -0.0012471424415707588, 0.004585758782923222, 0.754568874835968, 0.7261886596679688, 0.15472468733787537, -0.3201160728931427, 0.5884182453155518, -0.530977189540863, -0.5177921652793884, -0.6216535568237305, 0.2519949674606323, -0.17242170870304108, -0.005620559677481651, -0.08128847181797028, 0.9816473126411438, 0.010586510412395, 0.007821435108780861, -0.0036541521549224854, 0.9999067187309265, -0.5425630211830139, 0.45128658413887024, -0.49131283164024353, 0.5104680061340332, -0.036753516644239426, -0.5982744693756104, -0.19692690670490265, 0.7758457660675049, 0.34542912244796753, -0.46355319023132324, 0.014123233035206795, 0.8158417344093323, -0.05117831379175186, -0.2156042605638504, -0.5020667910575867, 0.8359572291374207, -0.6909347772598267, -0.4192436933517456, 0.3329969048500061, 0.48575401306152344, -0.1055990606546402, -0.06426233798265457, 0.12356522679328918, 0.9846069812774658, 0.16024169325828552, 0.21442359685897827, -0.01638839580118656, 0.9633673429489136, 0.12225723266601562, 0.2687316834926605, 0.16044895350933075, 0.9418559074401855, 0.10317596048116684, 0.03679533302783966, 0.03172755613923073, 0.9934757947921753, -0.12070232629776001, 0.02924489974975586, 0.19124455749988556, 0.9736535549163818, 0.13567742705345154, -0.000594673678278923, 2.773044194270824e-08, 0.9907529354095459, -0.4816310703754425, 0.002111916895955801, 1.1855778581093546e-07, 0.8763715624809265, -0.11711736023426056, 0.7828845381736755, -0.07638705521821976, 0.606251060962677, -0.500826895236969, -0.13842590153217316, -0.8260709643363953, 0.21821430325508118, -0.6824449300765991, 0.09790230542421341, 0.017962491139769554, 0.7241280674934387, 0.2670861780643463, 0.09504801034927368, 0.10850018262863159, 0.9528161287307739, 0.39635953307151794, -0.006280222442001104, 0.13451281189918518, 0.9081662893295288, 0.7116908431053162, -0.3112596273422241, 0.6174360513687134, 0.12404188513755798, -0.9613737463951111, -0.10068374127149582, -0.02982432208955288, 0.254428505897522, 0.6566982269287109, -0.0021487483754754066, 0.003264437662437558, 0.7541433572769165, 0.725799024105072, 0.15443606674671173, -0.32001763582229614, 0.5890280604362488, -0.5301393270492554, -0.5205966234207153, -0.6197014451026917, 0.252787709236145, -0.16864341497421265, -0.005843359045684338, -0.08235243707895279, 0.9822134971618652, 0.011089211329817772, 0.008149048313498497, -0.003438645973801613, 0.9998993873596191, -0.5473640561103821, 0.4491181969642639, -0.48557978868484497, 0.5127356648445129, -0.04285622388124466, -0.5986390113830566, -0.2055070996284485, 0.7730209827423096, 0.33952510356903076, -0.4551839530467987, 0.014483132399618626, 0.8229948878288269, -0.0504397451877594, -0.2159406542778015, -0.5038081407546997, 0.8348669409751892, -0.6932583451271057, -0.4176359474658966, 0.3299708962440491, 0.4858933389186859, -0.11193621158599854, -0.0608779601752758, 0.13196377456188202, 0.9830308556556702, 0.14525450766086578, 0.19230937957763672, -0.01686805486679077, 0.9703781604766846, 0.12261968851089478, 0.2692446708679199, 0.1593656986951828, 0.9418462514877319, 0.10826589912176132, 0.03537463769316673, 0.03293199837207794, 0.992946445941925, -0.11093395203351974, 0.027367694303393364, 0.19413875043392181, 0.9742971062660217, 0.13567662239074707, -0.000593931064940989, -1.1280177858452589e-07, 0.9907529950141907, -0.4816318154335022, 0.002112598391249776, 4.7017982751640375e-07, 0.8763711452484131, -0.11564017832279205, 0.7822281122207642, -0.07233918458223343, 0.6078763008117676, -0.5037106275558472, -0.135953888297081, -0.8262882828712463, 0.21222595870494843, -0.6799209117889404, 0.09758968651294708, 0.018471965566277504, 0.7265278100967407, 0.2637094259262085, 0.09272869676351547, 0.11072926223278046, 0.9537283778190613, 0.39616858959198, -0.006179222371429205, 0.13440515100955963, 0.9082662463188171, 0.7116571664810181, -0.3119680881500244, 0.616489589214325, 0.1271243542432785, -0.9618459939956665, -0.10081221163272858, -0.029842784628272057, 0.252583771944046, 0.6563782095909119, -0.003591415472328663, 0.0019436466973274946, 0.7544209361076355, 0.725271999835968, 0.15402646362781525, -0.31972551345825195, 0.5899423360824585, -0.5294897556304932, -0.5222821235656738, -0.6187652349472046, 0.25296586751937866, -0.16671323776245117, -0.005877853836864233, -0.08319863677024841, 0.9824715256690979, 0.011374968104064465, 0.008424348197877407, -0.00333217135630548, 0.9998942613601685, -0.551913857460022, 0.44655856490135193, -0.48024365305900574, 0.5151140689849854, -0.047866031527519226, -0.6000925302505493, -0.20867660641670227, 0.7707476019859314, 0.333513081073761, -0.4466905891895294, 0.014920295216143131, 0.8300686478614807, -0.04825054481625557, -0.21514762938022614, -0.5080698728561401, 0.8326153755187988, -0.69551020860672, -0.41543442010879517, 0.32719624042510986, 0.48643848299980164, -0.11806777864694595, -0.06790070980787277, 0.13574637472629547, 0.9813370704650879, 0.1428695023059845, 0.18884825706481934, -0.016975920647382736, 0.9714095592498779, 0.12372884154319763, 0.26950833201408386, 0.15904603898525238, 0.9416797757148743, 0.11149100959300995, 0.03382459282875061, 0.034486111253499985, 0.9925907254219055, -0.10188501328229904, 0.025176329538226128, 0.1972208321094513, 0.9747253656387329, 0.13567690551280975, -0.000591919815633446, -3.9903630977278226e-07, 0.9907529950141907, -0.48163148760795593, 0.002114343224093318, 1.4027017414264265e-06, 0.8763713240623474, -0.11419083178043365, 0.7817642688751221, -0.06780461966991425, 0.6092681288719177, -0.5062677264213562, -0.132856085896492, -0.8269335627555847, 0.20548298954963684, -0.676120936870575, 0.09710994362831116, 0.018931733444333076, 0.7301176190376282, 0.25937619805336, 0.09015019237995148, 0.11283751577138901, 0.9549160599708557, 0.3960053026676178, -0.006109176203608513, 0.13437055051326752, 0.9083430171012878, 0.7112680673599243, -0.311614453792572, 0.6165778040885925, 0.1297151744365692, -0.9625579118728638, -0.10094548016786575, -0.030294960364699364, 0.24974901974201202, 0.655861496925354, -0.005592375062406063, 0.00066391471773386, 0.7548602223396301, 0.7243844270706177, 0.1535174548625946, -0.319277286529541, 0.591406524181366, -0.5292739272117615, -0.5231383442878723, -0.6183785200119019, 0.252593457698822, -0.16636793315410614, -0.005962072871625423, -0.08406761288642883, 0.9824555516242981, 0.011498929001390934, 0.008640231564640999, -0.003268364816904068, 0.9998912215232849, -0.55638188123703, 0.4433410167694092, -0.47513920068740845, 0.5178133249282837, -0.053239259868860245, -0.601481020450592, -0.2100120484828949, 0.7689480781555176, 0.32635506987571716, -0.4365227520465851, 0.015299355611205101, 0.8382757306098938, -0.0408596470952034, -0.2138470709323883, -0.5108019709587097, 0.831673800945282, -0.6968170404434204, -0.4132364094257355, 0.3254975378513336, 0.487578809261322, -0.12372155487537384, -0.07376503199338913, 0.136664018034935, 0.9800891280174255, 0.1419815570116043, 0.1876414716243744, -0.017026614397764206, 0.9717726111412048, 0.1254478096961975, 0.26953357458114624, 0.15782541036605835, 0.9416505098342896, 0.11358702182769775, 0.03209428861737251, 0.035796720534563065, 0.9923641681671143, -0.09452322870492935, 0.023561405017971992, 0.20023640990257263, 0.9748926162719727, 0.13567699491977692, -0.0005896816728636622, -7.529555432483903e-07, 0.9907529950141907, -0.4816316068172455, 0.002116372110322118, 2.5026661205629352e-06, 0.8763712644577026, -0.11215488612651825, 0.781883716583252, -0.06279409676790237, 0.6100295782089233, -0.5081337690353394, -0.12980176508426666, -0.8280985355377197, 0.1980011910200119, -0.6716306805610657, 0.09654003381729126, 0.019566267728805542, 0.7343087792396545, 0.25350478291511536, 0.08750972151756287, 0.11491702497005463, 0.9564891457557678, 0.3959002196788788, -0.006081696599721909, 0.13445019721984863, 0.9083772301673889, 0.71059650182724, -0.310198038816452, 0.6175257563591003, 0.13225610554218292, -0.9635807871818542, -0.10110371559858322, -0.030515410006046295, 0.24568071961402893, 0.655587911605835, -0.008974805474281311, -0.0016732198419049382, 0.7550637125968933, 0.7238403558731079, 0.15321509540081024, -0.31904006004333496, 0.5922784805297852, -0.529608428478241, -0.5233476161956787, -0.6180526614189148, 0.25225648283958435, -0.1663791835308075, -0.00617253826931119, -0.08442822843790054, 0.9824213981628418, 0.011573581956326962, 0.008861851878464222, -0.003292723558843136, 0.9998883605003357, -0.5605471730232239, 0.44006064534187317, -0.47044748067855835, 0.5203967690467834, -0.061271801590919495, -0.6014543175697327, -0.21012693643569946, 0.768339216709137, 0.3188014030456543, -0.4257851839065552, 0.015734504908323288, 0.8466552495956421, -0.03371231630444527, -0.21310344338417053, -0.5146616101264954, 0.829803466796875, -0.6980170607566833, -0.41001707315444946, 0.32381540536880493, 0.48969566822052, -0.12832699716091156, -0.07798849791288376, 0.13813816010951996, 0.9789626598358154, 0.1414664089679718, 0.18696412444114685, -0.0170622356235981, 0.9719776511192322, 0.12753386795520782, 0.2700640857219696, 0.1559152752161026, 0.9415364861488342, 0.11460284888744354, 0.03037640079855919, 0.036830831319093704, 0.9922634959220886, -0.08902294933795929, 0.021512385457754135, 0.2015538364648819, 0.975186288356781, 0.13567636907100677, -0.0005877386429347098, -1.0641005019351724e-06, 0.9907530546188354, -0.4816320240497589, 0.002118149306625128, 3.388961658856715e-06, 0.8763709664344788, -0.1097247526049614, 0.7828437685966492, -0.05780071020126343, 0.6097337603569031, -0.5089698433876038, -0.12741981446743011, -0.8298100233078003, 0.19007675349712372, -0.6665787696838379, 0.09589946269989014, 0.020388668403029442, 0.7389589548110962, 0.2464575320482254, 0.08526582270860672, 0.11683331429958344, 0.9582997560501099, 0.3958054780960083, -0.006043807603418827, 0.13452252745628357, 0.9084080457687378, 0.7096462249755859, -0.3069828450679779, 0.6197893619537354, 0.13425695896148682, -0.9649423956871033, -0.10130460560321808, -0.03033200465142727, 0.24021565914154053, 0.6555711030960083, -0.013663306832313538, -0.005677117966115475, 0.7549885511398315, 0.7236814498901367, 0.1531383991241455, -0.3190377354621887, 0.5924936532974243, -0.5304607152938843, -0.5229468941688538, -0.6176916360855103, 0.25218069553375244, -0.16670677065849304, -0.006401703227311373, -0.08404583483934402, 0.9823971390724182, 0.011599981226027012, 0.009052197448909283, -0.0034059893805533648, 0.9998859763145447, -0.5645859837532043, 0.4361867904663086, -0.46595898270606995, 0.5233221054077148, -0.07287460565567017, -0.5982137322425842, -0.207996666431427, 0.7704330086708069, 0.3131622076034546, -0.41773343086242676, 0.01617620326578617, 0.8527406454086304, -0.0305116456001997, -0.21302394568920135, -0.521439254283905, 0.8257063031196594, -0.6986383199691772, -0.4067319333553314, 0.3227404057979584, 0.4922523498535156, -0.13115914165973663, -0.07881822437047958, 0.14045827090740204, 0.9781904220581055, 0.14156506955623627, 0.187186598777771, -0.017060482874512672, 0.9719204902648926, 0.12954989075660706, 0.27086809277534485, 0.1539960503578186, 0.9413461685180664, 0.11458732187747955, 0.028682583943009377, 0.03761323168873787, 0.9922863841056824, -0.08473335951566696, 0.01988854818046093, 0.2014070600271225, 0.9756330847740173, 0.13567517697811127, -0.0005865513812750578, -1.253039499715669e-06, 0.9907532334327698, -0.4816330373287201, 0.0021191947162151337, 3.943629053537734e-06, 0.8763704299926758, -0.10683426260948181, 0.7849454879760742, -0.05340403690934181, 0.6079432964324951, -0.5083572864532471, -0.12691247463226318, -0.8321229219436646, 0.1817624419927597, -0.6597692370414734, 0.09496689587831497, 0.02192632108926773, 0.7451208829879761, 0.2361251413822174, 0.08398551493883133, 0.118258036673069, 0.9608362913131714, 0.39565035700798035, -0.005907442420721054, 0.13455677032470703, 0.9084714651107788, 0.7074170112609863, -0.30186542868614197, 0.6249592304229736, 0.13365788757801056, -0.9672189354896545, -0.10162676125764847, -0.02975594997406006, 0.23081199824810028, 0.6563356518745422, -0.016618965193629265, -0.00902856606990099, 0.7542319297790527, 0.7237716913223267, 0.1532084345817566, -0.3192647099494934, 0.5922430157661438, -0.5320767760276794, -0.5219554901123047, -0.6169716119766235, 0.2525922954082489, -0.16741199791431427, -0.0066772946156561375, -0.08256621658802032, 0.9824008941650391, 0.011600851081311703, 0.009170563891530037, -0.0036023056600242853, 0.9998841881752014, -0.5692585110664368, 0.43100491166114807, -0.460744708776474, 0.5271564722061157, -0.08929756283760071, -0.588530957698822, -0.20228956639766693, 0.777647852897644, 0.3124305307865143, -0.41651418805122375, 0.01638474315404892, 0.8536009788513184, -0.03124527633190155, -0.2145862579345703, -0.5285900235176086, 0.8207125663757324, -0.6990908980369568, -0.4033982455730438, 0.3218086361885071, 0.49495556950569153, -0.1304803192615509, -0.07601147890090942, 0.1435183584690094, 0.9780591130256653, 0.14265675842761993, 0.18897289037704468, -0.017034275457262993, 0.9714155197143555, 0.13192340731620789, 0.27165859937667847, 0.15232577919960022, 0.9410604238510132, 0.11351680010557175, 0.02633022889494896, 0.037810955196619034, 0.9924671053886414, -0.08054381608963013, 0.02066652849316597, 0.199323371052742, 0.9763994216918945, 0.135677307844162, -0.0005823440151289105, -1.835852913245617e-06, 0.9907529354095459, -0.48163115978240967, 0.0021229174453765154, 5.989394139760407e-06, 0.876371443271637, -0.10250961035490036, 0.7883095145225525, -0.04884523153305054, 0.6047099232673645, -0.5064324140548706, -0.1269942820072174, -0.835228681564331, 0.1726030558347702, -0.6540783643722534, 0.09425126761198044, 0.023623839020729065, 0.7501600980758667, 0.22681042551994324, 0.08283355087041855, 0.11939266324043274, 0.963037371635437, 0.39549458026885986, -0.0057565937750041485, 0.13444554805755615, 0.9085567593574524, 0.7033373117446899, -0.29694709181785583, 0.632327139377594, 0.13153508305549622, -0.9692975878715515, -0.10211621969938278, -0.029535306617617607, 0.22172541916370392, 0.6551427841186523, -0.01841452531516552, -0.009526609443128109, 0.7552205920219421, 0.7245906591415405, 0.15350447595119476, -0.31990256905555725, 0.5908190011978149, -0.5354834794998169, -0.5192564725875854, -0.6157956123352051, 0.25382283329963684, -0.16878381371498108, -0.007184350397437811, -0.0788239911198616, 0.982469916343689, 0.011564074084162712, 0.009276555851101875, -0.003935178741812706, 0.9998823404312134, -0.5738153457641602, 0.4260023236274719, -0.45565950870513916, 0.5306905508041382, -0.10917980968952179, -0.5704661011695862, -0.195124089717865, 0.7903004884719849, 0.31695228815078735, -0.4225617051124573, 0.01604781299829483, 0.8489554524421692, -0.027935918420553207, -0.21426594257354736, -0.5296233296394348, 0.8202492594718933, -0.6991746425628662, -0.4001668095588684, 0.3211735188961029, 0.49786439538002014, -0.12550607323646545, -0.0680912658572197, 0.14733348786830902, 0.9787260293960571, 0.14653661847114563, 0.1948605179786682, -0.01691821776330471, 0.9696753025054932, 0.13482746481895447, 0.27270257472991943, 0.15058501064777374, 0.9406269192695618, 0.11104664951562881, 0.023608427494764328, 0.037086959928274155, 0.9928423166275024, -0.07647412270307541, 0.02394973859190941, 0.19417525827884674, 0.9776881337165833, 0.13567295670509338, -0.0005821998347528279, -1.9298531697131693e-06, 0.9907535314559937, -0.4816349744796753, 0.002123108599334955, 5.984094968880527e-06, 0.8763693571090698, -0.0982237160205841, 0.792571485042572, -0.04513801634311676, 0.6001209020614624, -0.502910852432251, -0.12775006890296936, -0.8388744592666626, 0.16446951031684875, -0.6485401391983032, 0.09356068819761276, 0.025552617385983467, 0.7549762725830078, 0.21778808534145355, 0.0828661248087883, 0.11955109983682632, 0.9650954008102417, 0.3954007923603058, -0.005631399806588888, 0.1343897581100464, 0.9086065888404846, 0.6991686224937439, -0.2897292375564575, 0.6408299207687378, 0.12867477536201477, -0.97139573097229, -0.1026512011885643, -0.02837647683918476, 0.21224452555179596, 0.6539186835289001, -0.021440433338284492, -0.011842746287584305, 0.7561682462692261, 0.725120484828949, 0.15372462570667267, -0.32050520181655884, 0.5897842049598694, -0.5396896600723267, -0.5155253410339355, -0.6144090890884399, 0.2558716833591461, -0.17043808102607727, -0.007395193912088871, -0.0736396536231041, 0.982585072517395, 0.011512360535562038, 0.009300554171204567, -0.004390445537865162, 0.999880850315094, -0.5777444243431091, 0.42230990529060364, -0.4512752294540405, 0.5331195592880249, -0.12731969356536865, -0.546464741230011, -0.1876503825187683, 0.8061968684196472, 0.32514119148254395, -0.4337674677371979, 0.015453459694981575, 0.8401727080345154, -0.02431650646030903, -0.2140926569700241, -0.5286833047866821, 0.8210158944129944, -0.69856196641922, -0.3988880515098572, 0.3214879035949707, 0.4995449185371399, -0.11621814221143723, -0.05257079750299454, 0.15080583095550537, 0.9802995920181274, 0.15156497061252594, 0.2024877667427063, -0.016751402989029884, 0.9673397541046143, 0.1378166377544403, 0.27398747205734253, 0.14864392578601837, 0.9401289820671082, 0.10832730680704117, 0.02008279412984848, 0.03592643514275551, 0.9932628870010376, -0.07343361526727676, 0.029015036299824715, 0.18694528937339783, 0.9791920781135559, 0.1356668323278427, -0.0005838857614435256, -1.7606491837796057e-06, 0.9907543659210205, -0.48164045810699463, 0.0021216620225459337, 5.123453775013331e-06, 0.876366376876831, -0.09451799839735031, 0.7974498867988586, -0.042183853685855865, 0.5944414138793945, -0.4978716969490051, -0.1289629489183426, -0.8429582715034485, 0.15784068405628204, -0.6431192755699158, 0.09289581328630447, 0.027472831308841705, 0.7596139311790466, 0.20897136628627777, 0.08362896740436554, 0.11888410896062851, 0.9670593738555908, 0.39536789059638977, -0.005572010297328234, 0.13446268439292908, 0.908610463142395, 0.6943196058273315, -0.28115516901016235, 0.6508243083953857, 0.12369251996278763, -0.9734991788864136, -0.10323930531740189, -0.027125874534249306, 0.2022504359483719, 0.652042031288147, -0.023791220039129257, -0.013577478006482124, 0.7576878666877747, 0.7254536151885986, 0.15390367805957794, -0.32110753655433655, 0.5889997482299805, -0.5442174673080444, -0.5112069249153137, -0.6130761504173279, 0.25813284516334534, -0.17247526347637177, -0.007368480321019888, -0.06793379783630371, 0.9826408624649048, 0.011440993286669254, 0.009230720810592175, -0.0049426662735641, 0.9998797178268433, -0.5816028118133545, 0.4188915193080902, -0.4469393491744995, 0.5352694392204285, -0.14458367228507996, -0.5162752270698547, -0.17865745723247528, 0.8250072598457336, 0.3369079530239105, -0.45002180337905884, 0.014608817175030708, 0.8268978595733643, -0.02416306734085083, -0.214818075299263, -0.525462806224823, 0.8228962421417236, -0.6967180371284485, -0.3996681272983551, 0.3233497440814972, 0.5002943277359009, -0.10428285598754883, -0.03227461501955986, 0.15285508334636688, 0.9822009801864624, 0.1587519496679306, 0.21329639852046967, -0.01648804172873497, 0.9638623595237732, 0.1408396065235138, 0.27508795261383057, 0.14712569117546082, 0.9395982623100281, 0.10560952872037888, 0.015462780371308327, 0.034335553646087646, 0.9936944246292114, -0.0711127296090126, 0.03713027015328407, 0.17806747555732727, 0.9807427525520325, 0.13566012680530548, -0.0005861910176463425, -1.450439640393597e-06, 0.9907552599906921, -0.48164644837379456, 0.002119627082720399, 3.98517431676737e-06, 0.8763630986213684, -0.0912763923406601, 0.8024497628211975, -0.0388004370033741, 0.588419497013092, -0.49220332503318787, -0.129335418343544, -0.8472587466239929, 0.1521870493888855, -0.637666642665863, 0.09223685413599014, 0.029171600937843323, 0.7642138004302979, 0.20063740015029907, 0.08506176620721817, 0.11782150715589523, 0.9688277840614319, 0.3953877091407776, -0.005559557117521763, 0.13461178541183472, 0.9085798263549805, 0.6892414689064026, -0.2727362811565399, 0.6608542203903198, 0.11761285364627838, -0.9755666851997375, -0.10382983088493347, -0.025964651256799698, 0.19187183678150177, 0.6498503684997559, -0.02577713131904602, -0.01488674245774746, 0.7594790458679199, 0.7258583307266235, 0.15410473942756653, -0.32173654437065125, 0.5881046056747437, -0.5490811467170715, -0.5064461827278137, -0.6118457317352295, 0.2601292133331299, -0.17506825923919678, -0.007373286411166191, -0.06205533817410469, 0.9825710654258728, 0.011300587095320225, 0.009121360257267952, -0.005551390815526247, 0.9998791217803955, -0.586733341217041, 0.4142478108406067, -0.44113388657569885, 0.5380926728248596, -0.16092978417873383, -0.4782049357891083, -0.16914606094360352, 0.8466470837593079, 0.35111939907073975, -0.4696759581565857, 0.013447594828903675, 0.8099005222320557, -0.025401849299669266, -0.21600152552127838, -0.5181589722633362, 0.8271695375442505, -0.6942220330238342, -0.40192535519599915, 0.32610219717025757, 0.5001691579818726, -0.08930990844964981, -0.009862114675343037, 0.156284362077713, 0.9836166501045227, 0.1669694483280182, 0.22562649846076965, -0.016197005286812782, 0.9596622586250305, 0.14352935552597046, 0.27573463320732117, 0.14674712717533112, 0.9390607476234436, 0.10308388620615005, 0.009909525513648987, 0.03269139304757118, 0.994085967540741, -0.07237926125526428, 0.047429218888282776, 0.16907726228237152, 0.9817966222763062, 0.13565382361412048, -0.0005883572157472372, -1.2050953728248714e-06, 0.990756094455719, -0.4816519618034363, 0.0021177115850150585, 2.855520051525673e-06, 0.8763600587844849, -0.08861840516328812, 0.8070926070213318, -0.035700347274541855, 0.5826438069343567, -0.4866887629032135, -0.12928129732608795, -0.8514150381088257, 0.1466725766658783, -0.6319541335105896, 0.09154818207025528, 0.030837085098028183, 0.7689616680145264, 0.19191186130046844, 0.08560972660779953, 0.11704475432634354, 0.970639705657959, 0.3954964280128479, -0.005586821120232344, 0.13480828702449799, 0.9085032343864441, 0.6855828762054443, -0.26173341274261475, 0.6696808338165283, 0.11401468515396118, -0.9773170948028564, -0.10429742932319641, -0.02424462139606476, 0.18271729350090027, 0.647510290145874, -0.031627994030714035, -0.02031782828271389, 0.7611289620399475, 0.7264288663864136, 0.1543087512254715, -0.32229602336883545, 0.5870394110679626, -0.5539126396179199, -0.5022658705711365, -0.6107579469680786, 0.26054683327674866, -0.17831683158874512, -0.008493474684655666, -0.05750676989555359, 0.9822545051574707, 0.011062650009989738, 0.008846721611917019, -0.0061119114980101585, 0.9998809695243835, -0.5930277109146118, 0.40986794233322144, -0.4341284930706024, 0.5402397513389587, -0.17359627783298492, -0.4379955232143402, -0.16062790155410767, 0.8673079013824463, 0.36524367332458496, -0.48925086855888367, 0.012236298061907291, 0.7918844223022461, -0.0239439457654953, -0.21753108501434326, -0.5114246606826782, 0.8309944272041321, -0.6899500489234924, -0.407530814409256, 0.33118918538093567, 0.49819812178611755, -0.07213079929351807, 0.014673363417387009, 0.15952925384044647, 0.9844451546669006, 0.175140380859375, 0.23785370588302612, -0.015870504081249237, 0.9552484750747681, 0.14555494487285614, 0.2762130796909332, 0.14652840793132782, 0.9386423826217651, 0.10088339447975159, 0.0026664703618735075, 0.031685903668403625, 0.9943900108337402, -0.07848495244979858, 0.061869312077760696, 0.16244730353355408, 0.9816431403160095, 0.1356475055217743, -0.000591698510106653, -7.670490163036447e-07, 0.9907569885253906, -0.48165762424468994, 0.002114819595590234, 1.2029996696583112e-06, 0.8763569593429565, -0.08659249544143677, 0.8108740448951721, -0.03361452370882034, 0.5778020024299622, -0.4820995628833771, -0.129395991563797, -0.854847252368927, 0.14167875051498413, -0.6260972619056702, 0.09085624665021896, 0.03242824599146843, 0.773754358291626, 0.18328848481178284, 0.08588654547929764, 0.11661266535520554, 0.9723324179649353, 0.39581099152565, -0.005711128935217857, 0.13515429198741913, 0.908314049243927, 0.6816608309745789, -0.2512091398239136, 0.6782719492912292, 0.11036183685064316, -0.9786747097969055, -0.10476669669151306, -0.023371653631329536, 0.17513863742351532, 0.6446503400802612, -0.03504423052072525, -0.022992895916104317, 0.7633276581764221, 0.7271042466163635, 0.1545611321926117, -0.3229568898677826, 0.5857723355293274, -0.558978259563446, -0.4985997676849365, -0.6094001531600952, 0.2599483132362366, -0.18181262910366058, -0.010666410438716412, -0.053571783006191254, 0.9818148612976074, 0.010768165811896324, 0.008433064445853233, -0.006672798655927181, 0.9998841881752014, -0.5980095863342285, 0.40594717860221863, -0.4287055730819702, 0.5420358777046204, -0.1838430017232895, -0.39912158250808716, -0.15614286065101624, 0.8846033811569214, 0.37717822194099426, -0.5058649182319641, 0.010997356846928596, 0.7757037878036499, -0.014248502440750599, -0.21572652459144592, -0.5036174058914185, 0.8364380598068237, -0.6845227479934692, -0.41454505920410156, 0.3375610113143921, 0.49561434984207153, -0.05427461117506027, 0.04071996733546257, 0.1606701910495758, 0.9846731424331665, 0.18229123950004578, 0.24852041900157928, -0.015553595498204231, 0.9511916637420654, 0.14682139456272125, 0.27664458751678467, 0.14602474868297577, 0.9383965134620667, 0.09817501902580261, -0.0051470110192894936, 0.031079906970262527, 0.9946704506874084, -0.08555564284324646, 0.07707047462463379, 0.15661033987998962, 0.9809248447418213, 0.13564153015613556, -0.0005939769907854497, -4.770552095578751e-07, 0.9907578229904175, -0.4816628396511078, 0.0021128258667886257, -2.125448039791422e-09, 0.8763540983200073, -0.08521464467048645, 0.814406156539917, -0.032369229942560196, 0.5730910897254944, -0.47779911756515503, -0.1298867017030716, -0.8579530715942383, 0.1369452327489853, -0.6203486323356628, 0.09018543362617493, 0.03388572856783867, 0.7783867716789246, 0.17608869075775146, 0.08629193156957626, 0.11621136218309402, 0.9736741781234741, 0.3963196873664856, -0.00594121590256691, 0.13568416237831116, 0.9080116748809814, 0.6778157353401184, -0.24026408791542053, 0.6865706443786621, 0.1070508286356926, -0.9797796607017517, -0.10521083325147629, -0.022659309208393097, 0.16866858303546906, 0.6419290900230408, -0.03826874867081642, -0.025388358160853386, 0.7653875350952148, 0.7278229594230652, 0.15482191741466522, -0.3236444890499115, 0.5844298005104065, -0.5640944838523865, -0.4951196312904358, -0.6079116463661194, 0.2590318024158478, -0.18530341982841492, -0.013250591233372688, -0.049758441746234894, 0.9813313484191895, 0.010393510572612286, 0.00797295942902565, -0.007355832029134035, 0.9998871684074402, -0.6009272336959839, 0.4037361443042755, -0.42599159479141235, 0.5426000952720642, -0.19382162392139435, -0.3572784960269928, -0.15626418590545654, 0.9002037048339844, 0.39127859473228455, -0.5256853699684143, 0.009362963028252125, 0.7552935481071472, -0.010360206477344036, -0.20914007723331451, -0.4906443953514099, 0.845825731754303, -0.6797427535057068, -0.4205141067504883, 0.3431148827075958, 0.4933456480503082, -0.03655228763818741, 0.06639199703931808, 0.15979135036468506, 0.9842371940612793, 0.1882586032152176, 0.25737395882606506, -0.01525631733238697, 0.9476732611656189, 0.14740347862243652, 0.2770184874534607, 0.14545109868049622, 0.9382840394973755, 0.09427729994058609, -0.012681248597800732, 0.030503658577799797, 0.9949977397918701, -0.0928986519575119, 0.09225192666053772, 0.15014934539794922, 0.9799564480781555, 0.13563507795333862, -0.0005961348069831729, -2.7636278332465736e-07, 0.9907587170600891, -0.4816685616970062, 0.002110963687300682, -1.088166982299299e-06, 0.8763509392738342, -0.08506722748279572, 0.8174769878387451, -0.03199441358447075, 0.5687453746795654, -0.4754423201084137, -0.13181345164775848, -0.8600097894668579, 0.13024218380451202, -0.6155382394790649, 0.08966146409511566, 0.0356416292488575, 0.782178521156311, 0.16995353996753693, 0.08450521528720856, 0.1191469207406044, 0.974565863609314, 0.39707452058792114, -0.006300840526819229, 0.13642488420009613, 0.9075683951377869, 0.6750550270080566, -0.23005607724189758, 0.6932985782623291, 0.10349912941455841, -0.980451762676239, -0.10555940866470337, -0.021869685500860214, 0.1646001935005188, 0.6385220885276794, -0.04152921214699745, -0.026822751387953758, 0.7680139541625977, 0.7288182973861694, 0.15515850484371185, -0.3244130313396454, 0.5826714038848877, -0.569348156452179, -0.4911600649356842, -0.606440007686615, 0.258524626493454, -0.18891499936580658, -0.01571635901927948, -0.04547813907265663, 0.9808138608932495, 0.009900487028062344, 0.007285674102604389, -0.008215313777327538, 0.9998906850814819, -0.6008327603340149, 0.4046878516674042, -0.4271135628223419, 0.5411115884780884, -0.20154047012329102, -0.3028518557548523, -0.1649419665336609, 0.9167640805244446, 0.4119848608970642, -0.5550463795661926, 0.007250433787703514, 0.7225921750068665, -0.00012036039697704837, -0.2020617574453354, -0.48277342319488525, 0.8521155118942261, -0.6757344007492065, -0.4262859523296356, 0.3479382395744324, 0.49051234126091003, -0.019720125943422318, 0.09466200321912766, 0.15359129011631012, 0.9833921194076538, 0.19271335005760193, 0.26384955644607544, -0.014950805343687534, 0.9449981451034546, 0.14778022468090057, 0.27688711881637573, 0.145467147231102, 0.938261091709137, 0.08975229412317276, -0.019602583721280098, 0.029375527054071426, 0.9953378438949585, -0.09943818300962448, 0.10989726334810257, 0.14193913340568542, 0.9787175059318542, 0.13562892377376556, -0.000599404564127326, 7.942706048424952e-08, 0.990759551525116, -0.4816737771034241, 0.0021081124432384968, -2.798238028844935e-06, 0.876348078250885, -0.08606075495481491, 0.8197488188743591, -0.03287740796804428, 0.5652649998664856, -0.47589728236198425, -0.13503028452396393, -0.8605954647064209, 0.12109533697366714, -0.6118243336677551, 0.08929640799760818, 0.03789466246962547, 0.785023033618927, 0.16452135145664215, 0.08015241473913193, 0.12579211592674255, 0.9750306010246277, 0.39832523465156555, -0.006927988026291132, 0.13763464987277985, 0.9068328142166138, 0.6738086938858032, -0.22129403054714203, 0.6977980136871338, 0.1004427969455719, -0.9804694652557373, -0.10574010759592056, -0.020842354744672775, 0.1645122617483139, 0.6343028545379639, -0.044930730015039444, -0.028150023892521858, 0.771264374256134, 0.7295880913734436, 0.15539614856243134, -0.3250446617603302, 0.5812910795211792, -0.5747169852256775, -0.4868643581867218, -0.6053235530853271, 0.2573850154876709, -0.19336961209774017, -0.018374744802713394, -0.04133456200361252, 0.980082631111145, 0.009169446304440498, 0.0062019857577979565, -0.00928251538425684, 0.9998956322669983, -0.5971838235855103, 0.4071081578731537, -0.43252643942832947, 0.5390318632125854, -0.20598238706588745, -0.23269088566303253, -0.18163567781448364, 0.9329708814620972, 0.4372919499874115, -0.5911508798599243, 0.004978565964847803, 0.6777105927467346, 0.019559333100914955, -0.18837371468544006, -0.4877820611000061, 0.8521745800971985, -0.6695618629455566, -0.4343588054180145, 0.35539424419403076, 0.48653295636177063, -0.004778579343110323, 0.12785468995571136, 0.14077629148960114, 0.9817395210266113, 0.19606466591358185, 0.26850879192352295, -0.014593341387808323, 0.9429998397827148, 0.14822186529636383, 0.27645090222358704, 0.14600995182991028, 0.9382357001304626, 0.08576758950948715, -0.025515981018543243, 0.02903548628091812, 0.9955650568008423, -0.10211921483278275, 0.12609988451004028, 0.13586828112602234, 0.9773486256599426, 0.13562145829200745, -0.0006036819540895522, 5.51784523850074e-07, 0.9907605648040771, -0.4816807210445404, 0.002104389015585184, -4.950224138156045e-06, 0.8763442635536194, -0.089060477912426, 0.8210291862487793, -0.03404906392097473, 0.5628676414489746, -0.4788948595523834, -0.1382620632648468, -0.859786868095398, 0.11094965785741806, -0.6088685393333435, 0.08902204781770706, 0.04014691337943077, 0.7872372269630432, 0.16054858267307281, 0.0738963857293129, 0.13527928292751312, 0.974916934967041, 0.3995696008205414, -0.007577748503535986, 0.13887369632720947, 0.9060909748077393, 0.6745571494102478, -0.21523776650428772, 0.6994187235832214, 0.09725668281316757, -0.9800691604614258, -0.10571225732564926, -0.019855167716741562, 0.1670183390378952, 0.6318044066429138, -0.048719774931669235, -0.029768439009785652, 0.7730222344398499, 0.7296186089515686, 0.15535621345043182, -0.3252723217010498, 0.5811360478401184, -0.5790393352508545, -0.4833492040634155, -0.6049009561538696, 0.2553076148033142, -0.1978786140680313, -0.021033890545368195, -0.03876972571015358, 0.9792336821556091, 0.00834617018699646, 0.004964616149663925, -0.010376243852078915, 0.9998990297317505, -0.5905774831771851, 0.4115319848060608, -0.4414406418800354, 0.535714328289032, -0.20385530591011047, -0.16573116183280945, -0.20670753717422485, 0.9424691796302795, 0.45813408493995667, -0.6210691332817078, 0.002622288418933749, 0.6359083652496338, 0.04235462844371796, -0.1695086807012558, -0.49120140075683594, 0.8533428907394409, -0.6630266904830933, -0.44330698251724243, 0.3633319139480591, 0.4815230667591095, 0.004047539085149765, 0.15625545382499695, 0.11967998743057251, 0.9804308414459229, 0.2006920725107193, 0.2749204933643341, -0.014112667180597782, 0.940182089805603, 0.14821113646030426, 0.2759301960468292, 0.14637567102909088, 0.9383336901664734, 0.08159416913986206, -0.02972366474568844, 0.030189555138349533, 0.9957647919654846, -0.1045343279838562, 0.1369546353816986, 0.1344742476940155, 0.9758241772651672, 0.13561339676380157, -0.0006075056735426188, 1.0039308335763053e-06, 0.9907616376876831, -0.4816877245903015, 0.0021010739728808403, -6.884367849124828e-06, 0.876340389251709, -0.09330477565526962, 0.8207672834396362, -0.03504401817917824, 0.5625008344650269, -0.4845656752586365, -0.14089378714561462, -0.8573170900344849, 0.10174667090177536, -0.6066626906394958, 0.08882230520248413, 0.042238008230924606, 0.7888516783714294, 0.15791213512420654, 0.06792093068361282, 0.14520756900310516, 0.9743537902832031, 0.40081343054771423, -0.00819631852209568, 0.1400413066148758, 0.905356228351593, 0.6773421764373779, -0.21298880875110626, 0.6978819370269775, 0.0938306599855423, -0.9794422388076782, -0.1055586189031601, -0.01896725967526436, 0.17085258662700653, 0.6308976411819458, -0.0511368103325367, -0.03002982586622238, 0.7735964059829712, 0.7290411591529846, 0.15512283146381378, -0.32522329688072205, 0.5819498896598816, -0.5824419260025024, -0.4812434911727905, -0.604703962802887, 0.25199094414711, -0.2020338624715805, -0.02433045580983162, -0.0380086749792099, 0.9783382415771484, 0.007608252577483654, 0.003717654151841998, -0.011269557289779186, 0.9999006390571594, -0.5829901099205017, 0.4161054790019989, -0.4512915313243866, 0.5322731137275696, -0.1967305839061737, -0.11115230619907379, -0.2432294636964798, 0.943282425403595, 0.46963852643966675, -0.6375443339347839, -0.0002958054537884891, 0.6107183694839478, 0.09745680540800095, -0.13895158469676971, -0.48335981369018555, 0.8588119149208069, -0.6549831628799438, -0.4531249701976776, 0.3726816177368164, 0.47621771693229675, 0.0022956449538469315, 0.17796768248081207, 0.09068100154399872, 0.9798465371131897, 0.20756666362285614, 0.2845582365989685, -0.013499326072633266, 0.9358207583427429, 0.14789293706417084, 0.275225967168808, 0.14671659469604492, 0.9385374784469604, 0.07621893286705017, -0.032785430550575256, 0.03311270475387573, 0.996001660823822, -0.1064196452498436, 0.14519266784191132, 0.1400177776813507, 0.9736472964286804, 0.13560757040977478, -0.0006104219355620444, 1.407192485203268e-06, 0.99076247215271, -0.481692910194397, 0.002098535653203726, -8.321751010953449e-06, 0.8763375878334045, -0.09759178757667542, 0.8184925317764282, -0.03643283620476723, 0.5649942755699158, -0.49193400144577026, -0.1422063708305359, -0.8533048033714294, 0.09823054075241089, -0.6059661507606506, 0.08876220881938934, 0.04344481974840164, 0.7893280982971191, 0.1593015342950821, 0.06767929345369339, 0.15005014836788177, 0.9734102487564087, 0.40223228931427, -0.008659419603645802, 0.14079253375530243, 0.9046058058738708, 0.6828346848487854, -0.21369577944278717, 0.6924793720245361, 0.09242968261241913, -0.9786791205406189, -0.1053471565246582, -0.017344744876027107, 0.1754661351442337, 0.6315972208976746, -0.05281719192862511, -0.030609481036663055, 0.7728896737098694, 0.7279977202415466, 0.15476727485656738, -0.3249724805355072, 0.5834888815879822, -0.5848649740219116, -0.4809781014919281, -0.6046298742294312, 0.2470136284828186, -0.205725759267807, -0.028578300029039383, -0.0393921360373497, 0.9773988723754883, 0.007183078210800886, 0.002681310987100005, -0.011760622262954712, 0.9999014735221863, -0.5757009387016296, 0.41961973905563354, -0.4604438245296478, 0.5296028256416321, -0.19101755321025848, -0.08824833482503891, -0.2968360483646393, 0.9314574003219604, 0.46527811884880066, -0.6307520270347595, -0.003347842488437891, 0.621012806892395, 0.22273197770118713, -0.09375074505805969, -0.45601847767829895, 0.8565328121185303, -0.6488954424858093, -0.4628736078739166, 0.3793429732322693, 0.4698741137981415, -0.010356797836720943, 0.18645896017551422, 0.0534869022667408, 0.9809510707855225, 0.21778245270252228, 0.2990311086177826, -0.012708737514913082, 0.9289723634719849, 0.1477823555469513, 0.2744677662849426, 0.14706739783287048, 0.9387220144271851, 0.06957606971263885, -0.03449388965964317, 0.03845636174082756, 0.9962381720542908, -0.1103053018450737, 0.14937978982925415, 0.15510304272174835, 0.970289409160614, 0.13560612499713898, -0.0006121796905063093, 1.6943566834015655e-06, 0.9907626509666443, -0.4816940724849701, 0.0020969395991414785, -9.148572644335218e-06, 0.876336932182312, -0.1011907234787941, 0.814660370349884, -0.038667574524879456, 0.5697312951087952, -0.49821072816848755, -0.14131633937358856, -0.8493533134460449, 0.10205256193876266, -0.6077055335044861, 0.08893542736768723, 0.04355471953749657, 0.7879641652107239, 0.1647607684135437, 0.06953748315572739, 0.14954979717731476, 0.9724470376968384, 0.40314728021621704, -0.008954081684350967, 0.14124730229377747, 0.9041246175765991, 0.6889218091964722, -0.21938906610012054, 0.6845135688781738, 0.09325496852397919, -0.9775117635726929, -0.10497411340475082, -0.016755495220422745, 0.18212777376174927, 0.6332738995552063, -0.05153239145874977, -0.02817724086344242, 0.7716959118843079, 0.7267580628395081, 0.1543584018945694, -0.3245398700237274, 0.5853803157806396, -0.5863795280456543, -0.4817817211151123, -0.6049150824546814, 0.24108754098415375, -0.20925767719745636, -0.033086515963077545, -0.04215886443853378, 0.9763908386230469, 0.006987167056649923, 0.002196775283664465, -0.011868152767419815, 0.9999027252197266, -0.5692195296287537, 0.4220580756664276, -0.4683155119419098, 0.5277658104896545, -0.19092857837677002, -0.1020083799958229, -0.3540816009044647, 0.9098169207572937, 0.4477747976779938, -0.6044819355010986, -0.004808448720723391, 0.6588446497917175, 0.374362051486969, -0.053765296936035156, -0.4090622365474701, 0.8304399251937866, -0.6457142233848572, -0.47126951813697815, 0.38235029578208923, 0.4634290337562561, -0.021256830543279648, 0.17552684247493744, 0.021164461970329285, 0.984017550945282, 0.2332291305065155, 0.32127615809440613, -0.011741413734853268, 0.9177407026290894, 0.14787191152572632, 0.27418985962867737, 0.1469605267047882, 0.938805878162384, 0.06423261016607285, -0.032198917120695114, 0.045587554574012756, 0.9963730573654175, -0.1179330125451088, 0.1481003761291504, 0.18030945956707, 0.9652184247970581, 0.13560932874679565, -0.0006118220626376569, 1.7545178252476035e-06, 0.9907622337341309, -0.48169127106666565, 0.002097131684422493, -8.878620064933784e-06, 0.8763384819030762, -0.10628283023834229, 0.8094477653503418, -0.04244031757116318, 0.5759314894676208, -0.5032451748847961, -0.13881810009479523, -0.8455501794815063, 0.11188731342554092, -0.6112905740737915, 0.08930939435958862, 0.04225017502903938, 0.7852149605751038, 0.17343537509441376, 0.07095057517290115, 0.14719563722610474, 0.9711949825286865, 0.4031732380390167, -0.008983100764453411, 0.14116224646568298, 0.9041260480880737, 0.6959875226020813, -0.22718527913093567, 0.6743571162223816, 0.09607633948326111, -0.9757066369056702, -0.10430950671434402, -0.01761592924594879, 0.1918482482433319, 0.6360219717025757, -0.050162430852651596, -0.0255278293043375, 0.7696155309677124, 0.7253740429878235, 0.15383537113666534, -0.32371294498443604, 0.5876879692077637, -0.5866947770118713, -0.483045756816864, -0.6056835055351257, 0.23580430448055267, -0.2121444046497345, -0.036901313811540604, -0.04524565488100052, 0.9754926562309265, 0.006838874891400337, 0.0020071102771908045, -0.011699844151735306, 0.9999061822891235, -0.5632199645042419, 0.42462655901908875, -0.47518014907836914, 0.5260033011436462, -0.18472294509410858, -0.1279936134815216, -0.39280131459236145, 0.8917410969734192, 0.4314739406108856, -0.5799097418785095, -0.0050128367729485035, 0.6910208463668823, 0.48297151923179626, -0.031609997153282166, -0.3619762361049652, 0.7966884970664978, -0.6440994143486023, -0.4764784276485443, 0.38362666964530945, 0.4592764973640442, -0.025576161220669746, 0.15010133385658264, -0.0007060503703542054, 0.9883394837379456, 0.2509101331233978, 0.34686949849128723, -0.010756639763712883, 0.903664767742157, 0.14806918799877167, 0.27421513199806213, 0.1470673531293869, 0.938750684261322, 0.060787033289670944, -0.027586257085204124, 0.05270837992429733, 0.9963763356208801, -0.12493851035833359, 0.1426115185022354, 0.207565039396286, 0.9596713185310364, 0.1356154829263687, -0.0006102943443693221, 1.6553522073081695e-06, 0.990761399269104, -0.481685996055603, 0.002098436001688242, -8.021557732718065e-06, 0.8763414025306702, -0.11294004321098328, 0.8029155135154724, -0.04798306152224541, 0.5833257436752319, -0.5075449347496033, -0.13484831154346466, -0.8415303230285645, 0.1266525685787201, -0.6164688467979431, 0.089863121509552, 0.03980698436498642, 0.7812209725379944, 0.18570081889629364, 0.07280600816011429, 0.14281868934631348, 0.9694417715072632, 0.4025691747665405, -0.008740278892219067, 0.14046335220336914, 0.9045063853263855, 0.7035420536994934, -0.2368951439857483, 0.6625217795372009, 0.09987086802721024, -0.9730285406112671, -0.10343745350837708, -0.01976979710161686, 0.2052445262670517, 0.6388295888900757, -0.047206420451402664, -0.02125176601111889, 0.7676045298576355, 0.7237972617149353, 0.15321774780750275, -0.32263419032096863, 0.5903804302215576, -0.5858351588249207, -0.4845304787158966, -0.6066712737083435, 0.23233036696910858, -0.2136290818452835, -0.039349738508462906, -0.04783113673329353, 0.9749494194984436, 0.006704028230160475, 0.0018508065259084105, -0.011352230794727802, 0.999911367893219, -0.5581188201904297, 0.42730429768562317, -0.4807834327220917, 0.5241773128509521, -0.1732594221830368, -0.15023475885391235, -0.41180112957954407, 0.8819470405578613, 0.4235047996044159, -0.5677845478057861, -0.004754617810249329, 0.7058624029159546, 0.5363251566886902, -0.020771466195583344, -0.33757463097572327, 0.7732834219932556, -0.6453501582145691, -0.4789881408214569, 0.3819486200809479, 0.4562990963459015, -0.02618628554046154, 0.11586202681064606, -0.015165397897362709, 0.9928042888641357, 0.2666220963001251, 0.36965498328208923, -0.009933407418429852, 0.8900389075279236, 0.14828899502754211, 0.27437275648117065, 0.14734479784965515, 0.9386263489723206, 0.05898691713809967, -0.021833224222064018, 0.05865649878978729, 0.9962947964668274, -0.1299939751625061, 0.13600215315818787, 0.2323315292596817, 0.9542677998542786, 0.1356213092803955, -0.0006082418840378523, 1.4222316622181097e-06, 0.9907605648040771, -0.48168063163757324, 0.002100224606692791, -6.971613856876502e-06, 0.8763443231582642, -0.11959096044301987, 0.7949233055114746, -0.055282436311244965, 0.5922321081161499, -0.5123821496963501, -0.12981046736240387, -0.8366700410842896, 0.1435166746377945, -0.6235928535461426, 0.090634785592556, 0.0368821807205677, 0.7756010890007019, 0.2019278109073639, 0.07463250309228897, 0.13735619187355042, 0.9668446183204651, 0.40134572982788086, -0.008146804757416248, 0.13902725279331207, 0.9052771329879761, 0.7108805179595947, -0.25032278895378113, 0.6485772728919983, 0.10646586865186691, -0.9689926505088806, -0.10240227729082108, -0.0233539417386055, 0.22365517914295197, 0.6416060328483582, -0.04060955345630646, -0.01314203068614006, 0.7658458948135376, 0.7218876481056213, 0.15249493718147278, -0.3214593529701233, 0.5935381054878235, -0.584119439125061, -0.4859652817249298, -0.6076853275299072, 0.23099996149539948, -0.2134743332862854, -0.04006381332874298, -0.04927732050418854, 0.9748822450637817, 0.00653919018805027, 0.0016382744070142508, -0.010958549566566944, 0.999917209148407, -0.5551971793174744, 0.4302423298358917, -0.48412415385246277, 0.521796464920044, -0.16085584461688995, -0.1568564623594284, -0.4220346212387085, 0.8782985210418701, 0.42588376998901367, -0.5709686875343323, -0.004927178844809532, 0.7018501162528992, 0.5495896339416504, -0.007159716449677944, -0.33900243043899536, 0.7635295391082764, -0.6483896970748901, -0.4809277653694153, 0.3786167502403259, 0.4527125954627991, -0.027861785143613815, 0.08104094117879868, -0.022348646074533463, 0.9960706233978271, 0.27684879302978516, 0.3844490647315979, -0.009399293921887875, 0.8806051015853882, 0.14839217066764832, 0.27449750900268555, 0.14755646884441376, 0.9385403990745544, 0.05827804282307625, -0.015728812664747238, 0.06244304031133652, 0.9962214231491089, -0.13107874989509583, 0.12917117774486542, 0.25032472610473633, 0.9505107402801514, 0.13562361896038055, -0.0006057265563867986, 1.0988693475155742e-06, 0.9907602667808533, -0.4816787838935852, 0.0021024798043072224, -5.730331849918002e-06, 0.8763453364372253, -0.12412162125110626, 0.7866979241371155, -0.0635589063167572, 0.6013821959495544, -0.5170732736587524, -0.12507277727127075, -0.8315716981887817, 0.15962624549865723, -0.6341828107833862, 0.09186886250972748, 0.03365283086895943, 0.7669678926467896, 0.22217413783073425, 0.07530325651168823, 0.13138853013515472, 0.9631745219230652, 0.39999452233314514, -0.007458394858986139, 0.13730567693710327, 0.9061434268951416, 0.7174475193023682, -0.26595479249954224, 0.6327314972877502, 0.11911351978778839, -0.9634720087051392, -0.10126209259033203, -0.02682318352162838, 0.24647162854671478, 0.6434236764907837, -0.03357088938355446, -0.0048042177222669125, 0.7647587060928345, 0.7195897102355957, 0.1516382247209549, -0.3202030062675476, 0.5972156524658203, -0.5820889472961426, -0.48654890060424805, -0.6090376377105713, 0.23133501410484314, -0.21287216246128082, -0.03931327164173126, -0.04972414672374725, 0.9750217795372009, 0.006309174932539463, 0.0016070795245468616, -0.010548138059675694, 0.9999231696128845, -0.5523703694343567, 0.43419912457466125, -0.48748525977134705, 0.5183783173561096, -0.15113624930381775, -0.15921534597873688, -0.42969822883605957, 0.8758811354637146, 0.43012648820877075, -0.5770841836929321, -0.0049814521335065365, 0.694219172000885, 0.5556511282920837, 0.004167080856859684, -0.34689855575561523, 0.755576491355896, -0.651622474193573, -0.4793412685394287, 0.3757427930831909, 0.45214763283729553, -0.03578970208764076, 0.04793894663453102, -0.024041829630732536, 0.9979193210601807, 0.28012922406196594, 0.38924187421798706, -0.009342550300061703, 0.8774571418762207, 0.14838247001171112, 0.27458447217941284, 0.14754055440425873, 0.9385189414024353, 0.05886838957667351, -0.009891954250633717, 0.06384453177452087, 0.9961729645729065, -0.1289595514535904, 0.12137290090322495, 0.2596702575683594, 0.9493204951286316, 0.13562898337841034, -0.0006029469077475369, 7.745597372377233e-07, 0.990759551525116, -0.4816738963127136, 0.002104886109009385, -4.334615823609056e-06, 0.8763480186462402, -0.12649492919445038, 0.7777374386787415, -0.07078053057193756, 0.6116483807563782, -0.5232884883880615, -0.11899898201227188, -0.8258439898490906, 0.17317654192447662, -0.6460132598876953, 0.09324227273464203, 0.030286289751529694, 0.7570043206214905, 0.24443094432353973, 0.07658039033412933, 0.12577207386493683, 0.9584206938743591, 0.3989208936691284, -0.006832520477473736, 0.13568700850009918, 0.9068651795387268, 0.7233692407608032, -0.28403016924858093, 0.614425778388977, 0.13617944717407227, -0.9566404819488525, -0.10001464933156967, -0.030441610142588615, 0.27186283469200134, 0.6446904540061951, -0.025841152295470238, 0.0039052427746355534, 0.7639968991279602, 0.7166472673416138, 0.15057116746902466, -0.31876134872436523, 0.6017775535583496, -0.5796252489089966, -0.48755913972854614, -0.6104609966278076, 0.23164208233356476, -0.2119973748922348, -0.038354258984327316, -0.05079248175024986, 0.9751954674720764, 0.006108368281275034, 0.0015575725119560957, -0.009864255785942078, 0.9999315142631531, -0.551058292388916, 0.43694934248924255, -0.48917317390441895, 0.5158678889274597, -0.14113041758537292, -0.16226834058761597, -0.43475764989852905, 0.8744924068450928, 0.4337818920612335, -0.5825139880180359, -0.004880786873400211, 0.6873767971992493, 0.5600013136863708, 0.01118975505232811, -0.35462620854377747, 0.7486745715141296, -0.6537845730781555, -0.4785155951976776, 0.3742581307888031, 0.4511313736438751, -0.047938764095306396, 0.015598244965076447, -0.021329296752810478, 0.9985007047653198, 0.2771869897842407, 0.38497671484947205, -0.009626706130802631, 0.8802656531333923, 0.14823178946971893, 0.2746039927005768, 0.14735977351665497, 0.9385654926300049, 0.058966364711523056, -0.0046461718156933784, 0.06443830579519272, 0.9961672425270081, -0.1262507140636444, 0.1122267097234726, 0.26610979437828064, 0.9490265846252441, 0.13563257455825806, -0.0006000219727866352, 3.8070371033427364e-07, 0.9907590746879578, -0.48167064785957336, 0.002107466571033001, -2.8884317089250544e-06, 0.8763498067855835, -0.12729859352111816, 0.7675824761390686, -0.07657252997159958, 0.6234973073005676, -0.5319141745567322, -0.11123444885015488, -0.8191371560096741, 0.1835990697145462, -0.65765380859375, 0.0945371687412262, 0.026982340961694717, 0.7468776106834412, 0.2671870291233063, 0.07831041514873505, 0.12119327485561371, 0.952780544757843, 0.39832523465156555, -0.006341500673443079, 0.1343647539615631, 0.9073273539543152, 0.7288623452186584, -0.3033688962459564, 0.5935199856758118, 0.15640050172805786, -0.9484760761260986, -0.09864132106304169, -0.03427202254533768, 0.2991463243961334, 0.6454421877861023, -0.017733555287122726, 0.01280851848423481, 0.7634958028793335, 0.7135137319564819, 0.14941644668579102, -0.31723472476005554, 0.6065765023231506, -0.5765582323074341, -0.4896833896636963, -0.6118088364601135, 0.23125910758972168, -0.21082782745361328, -0.03778764605522156, -0.05333004519343376, 0.9753356575965881, 0.005974770989269018, 0.0014378962805494666, -0.00884309783577919, 0.9999420642852783, -0.5513812303543091, 0.43819209933280945, -0.4890320599079132, 0.5146011114120483, -0.1301213502883911, -0.1690789759159088, -0.43666988611221313, 0.8739566206932068, 0.43626493215560913, -0.5863973498344421, -0.004524088464677334, 0.6824885606765747, 0.5632087588310242, 0.012270010076463223, -0.3618636131286621, 0.7427651882171631, -0.6550743579864502, -0.4790976345539093, 0.3738170862197876, 0.4490031599998474, -0.0630381777882576, -0.01800532080233097, -0.015188313089311123, 0.9977331161499023, 0.2686914801597595, 0.3726080060005188, -0.010249912738800049, 0.8881796598434448, 0.1479676365852356, 0.2745366096496582, 0.14693193137645721, 0.9386939406394958, 0.058806244283914566, 0.0003362898132763803, 0.06436321139335632, 0.9961922764778137, -0.12414959818124771, 0.10337195545434952, 0.27145951986312866, 0.9487944841384888, 0.13562895357608795, -0.0005977876717224717, 2.866659087885637e-08, 0.990759551525116, -0.4816738963127136, 0.0021094551775604486, -1.8555955421106773e-06, 0.8763480186462402, -0.12656430900096893, 0.7566267251968384, -0.08101674169301987, 0.6363440752029419, -0.5422652959823608, -0.10216057300567627, -0.811674952507019, 0.19156032800674438, -0.6697432398796082, 0.09591073542833328, 0.022905470803380013, 0.7360166311264038, 0.2913435995578766, 0.08287254720926285, 0.11680586636066437, 0.9458369016647339, 0.3983950912952423, -0.006044795271009207, 0.13336773216724396, 0.9074457883834839, 0.7331762909889221, -0.32338589429855347, 0.5705516338348389, 0.17984700202941895, -0.9388688802719116, -0.09721515327692032, -0.038110848516225815, 0.32805800437927246, 0.6463408470153809, -0.009184959344565868, 0.021806135773658752, 0.7626819014549255, 0.7113882303237915, 0.148539200425148, -0.3160426616668701, 0.6099016666412354, -0.5727354288101196, -0.4926353693008423, -0.6132781505584717, 0.23059602081775665, -0.20918820798397064, -0.037083640694618225, -0.056985050439834595, 0.975508987903595, 0.0059220073744654655, 0.0013526665279641747, -0.007673884741961956, 0.9999521374702454, -0.5512538552284241, 0.43880462646484375, -0.489291787147522, 0.5139682292938232, -0.12044093012809753, -0.1823558807373047, -0.4350236654281616, 0.8734956979751587, 0.43651625514030457, -0.5872015953063965, -0.0036999036092311144, 0.6816408038139343, 0.5669638514518738, 0.004209358245134354, -0.3679601848125458, 0.7369800806045532, -0.6582848429679871, -0.47791358828544617, 0.37137532234191895, 0.44759365916252136, -0.08072785288095474, -0.052323855459690094, -0.009374183602631092, 0.9953177571296692, 0.2527100741863251, 0.34910038113594055, -0.011188485659658909, 0.9022977948188782, 0.14758555591106415, 0.2744385898113251, 0.146356001496315, 0.9388726949691772, 0.059342313557863235, 0.004859274718910456, 0.06274891644716263, 0.9962517023086548, -0.12206728756427765, 0.09680002182722092, 0.27244770526885986, 0.9494743943214417, 0.13562530279159546, -0.0005955070373602211, -3.073863581448677e-07, 0.9907600283622742, -0.4816771149635315, 0.002111511304974556, -7.450426551258715e-07, 0.876346230506897, -0.12368551641702652, 0.745296061038971, -0.08332820236682892, 0.6498401165008545, -0.5551586747169495, -0.0940527468919754, -0.8029871582984924, 0.19535769522190094, -0.6839754581451416, 0.09761253744363785, 0.01911051571369171, 0.7226923108100891, 0.3163165748119354, 0.08836818486452103, 0.11542870849370956, 0.9374492764472961, 0.3988472521305084, -0.005831911228597164, 0.13255517184734344, 0.9073675870895386, 0.7356271147727966, -0.3464353382587433, 0.5443976521492004, 0.20607425272464752, -0.928063690662384, -0.09583857655525208, -0.04116351529955864, 0.35751694440841675, 0.6475796699523926, 0.002266891999170184, 0.032681938260793686, 0.7612932324409485, 0.7099785804748535, 0.1479833871126175, -0.31526806950569153, 0.6120762825012207, -0.5680927634239197, -0.49648723006248474, -0.614867627620697, 0.22958390414714813, -0.2071891874074936, -0.03592677414417267, -0.06202676147222519, 0.9756713509559631, 0.006121982354670763, 0.0012544640339910984, -0.0064611779525876045, 0.9999596476554871, -0.5526296496391296, 0.43863290548324585, -0.48747748136520386, 0.5143612623214722, -0.10713781416416168, -0.2008562684059143, -0.43042293190956116, 0.8734496831893921, 0.43500256538391113, -0.5854232311248779, -0.0028138761408627033, 0.684137761592865, 0.5701738595962524, -0.01098292414098978, -0.37029024958610535, 0.7332573533058167, -0.6627561450004578, -0.4764983654022217, 0.36700382828712463, 0.4461074769496918, -0.09892036020755768, -0.07565808296203613, -0.014286579564213753, 0.9921121597290039, 0.22498878836631775, 0.30792152881622314, -0.012417524121701717, 0.9243431091308594, 0.1469670534133911, 0.2741280198097229, 0.14549939334392548, 0.9391935467720032, 0.06016506999731064, 0.011010208167135715, 0.061046116054058075, 0.9962592124938965, -0.12111537158489227, 0.08862052112817764, 0.27492061257362366, 0.9496821165084839, 0.13562338054180145, -0.0005936035304330289, -5.369795417209389e-07, 0.990760326385498, -0.48167890310287476, 0.002113161375746131, 1.9029594966468721e-07, 0.8763452172279358, -0.11830531805753708, 0.7344595789909363, -0.0837114155292511, 0.662997305393219, -0.5683910846710205, -0.0860237330198288, -0.7944795489311218, 0.1957901269197464, -0.7000898718833923, 0.09959609806537628, 0.01553745474666357, 0.7069041132926941, 0.3422636091709137, 0.09280011802911758, 0.11631689220666885, 0.9277468323707581, 0.3992403447628021, -0.005630573257803917, 0.1318167895078659, 0.9073035717010498, 0.735234260559082, -0.3714352548122406, 0.5163794159889221, 0.23413410782814026, -0.915762722492218, -0.09439381957054138, -0.044034443795681, 0.3879811763763428, 0.6474717855453491, 0.01481405459344387, 0.04376537352800369, 0.7606874704360962, 0.7088475227355957, 0.14755083620548248, -0.3146430552005768, 0.6138107776641846, -0.5629359483718872, -0.5000609159469604, -0.61678147315979, 0.2293969690799713, -0.20507891476154327, -0.033584341406822205, -0.06701380014419556, 0.9758708477020264, 0.0063798688352108, 0.0016086151590570807, -0.005263174884021282, 0.9999644756317139, -0.5557992458343506, 0.4367177188396454, -0.4835093021392822, 0.5163173079490662, -0.095614954829216, -0.2183077335357666, -0.42270419001579285, 0.8743687272071838, 0.43292760848999023, -0.5826864242553711, -0.0021475101821124554, 0.6877831220626831, 0.5714054107666016, -0.03045499697327614, -0.3696426451206207, 0.7320742011070251, -0.6693142056465149, -0.4732290506362915, 0.36023807525634766, 0.4453103542327881, -0.11601915210485458, -0.09109704196453094, -0.009246161207556725, 0.9890174269676208, 0.18801526725292206, 0.25344163179397583, -0.014116735197603703, 0.9487983584403992, 0.1461835354566574, 0.2741219699382782, 0.14453385770320892, 0.9394665956497192, 0.06192433089017868, 0.017604922875761986, 0.059316519647836685, 0.9961611032485962, -0.1163536012172699, 0.07925614714622498, 0.2773590385913849, 0.9503958821296692, 0.13562193512916565, -0.0005915598012506962, -7.941927151478012e-07, 0.9907605051994324, -0.4816801846027374, 0.002114929025992751, 1.2090609970982769e-06, 0.8763445615768433, -0.11101315915584564, 0.7246421575546265, -0.08191622793674469, 0.6751737594604492, -0.5798600316047668, -0.07671552151441574, -0.787347137928009, 0.19483734667301178, -0.718106210231781, 0.10186810046434402, 0.01127888448536396, 0.6883452534675598, 0.3694959580898285, 0.09584161639213562, 0.11846472322940826, 0.9166532754898071, 0.39967724680900574, -0.005577381234616041, 0.13136941194534302, 0.9071764349937439, 0.7315977215766907, -0.3989187180995941, 0.48610901832580566, 0.26329949498176575, -0.9017961621284485, -0.0927787572145462, -0.04780813306570053, 0.41936883330345154, 0.6465438008308411, 0.03012830764055252, 0.05432428792119026, 0.7603435516357422, 0.7080901265144348, 0.14722687005996704, -0.31399625539779663, 0.6150926351547241, -0.5574468374252319, -0.5029028654098511, -0.6188064217567444, 0.23112845420837402, -0.20249903202056885, -0.0299795251339674, -0.07084779441356659, 0.9762561321258545, 0.0066287522204220295, 0.0029923077672719955, -0.004075207281857729, 0.999965250492096, -0.5591945052146912, 0.43431511521339417, -0.47932907938957214, 0.5185708403587341, -0.08285357803106308, -0.23530876636505127, -0.4148887097835541, 0.875004231929779, 0.4290062487125397, -0.5769796371459961, -0.002112914575263858, 0.6950134634971619, 0.574574887752533, -0.04449481517076492, -0.35948631167411804, 0.733930230140686, -0.677773654460907, -0.46734675765037537, 0.3516642451286316, 0.44558072090148926, -0.13086232542991638, -0.10121957212686539, 0.03404735028743744, 0.9856320023536682, 0.1512507200241089, 0.20019860565662384, -0.016071263700723648, 0.9678767919540405, 0.14547979831695557, 0.2749946117401123, 0.1439417451620102, 0.9394116997718811, 0.06453302502632141, 0.024639364331960678, 0.057376205921173096, 0.9959600567817688, -0.10967549681663513, 0.06953115016222, 0.2790215015411377, 0.9514639973640442, 0.13562123477458954, -0.0005889818421564996, -1.1015752079401864e-06, 0.9907605648040771, -0.4816807210445404, 0.002117169089615345, 2.4705955183890183e-06, 0.8763442635536194, -0.10044966638088226, 0.715300977230072, -0.07578443735837936, 0.6873944401741028, -0.5904635787010193, -0.0642223060131073, -0.7811155915260315, 0.19257906079292297, -0.7389662265777588, 0.1045796349644661, 0.005902026779949665, 0.6655502915382385, 0.39888817071914673, 0.09875573217868805, 0.12148641794919968, 0.9035356044769287, 0.39994025230407715, -0.005488203372806311, 0.1308533102273941, 0.9071356654167175, 0.7232962250709534, -0.4321618378162384, 0.4505968987941742, 0.29502740502357483, -0.8856782913208008, -0.09105046093463898, -0.052248988300561905, 0.45227622985839844, 0.6459501385688782, 0.05082077533006668, 0.06531570106744766, 0.7588804960250854, 0.7081059813499451, 0.14720644056797028, -0.31354930996894836, 0.6153072714805603, -0.5524621605873108, -0.5055031180381775, -0.6200205087661743, 0.2341514378786087, -0.19941335916519165, -0.02620435692369938, -0.07355104386806488, 0.9767998456954956, 0.007090937811881304, 0.005414928309619427, -0.002998902229592204, 0.9999557137489319, -0.5638555884361267, 0.43066519498825073, -0.4736485481262207, 0.5217772126197815, -0.0689631998538971, -0.2511117458343506, -0.4069329500198364, 0.8755527138710022, 0.42135095596313477, -0.5656300783157349, -0.0030888288747519255, 0.7088840007781982, 0.5849966406822205, -0.04652874171733856, -0.3288653492927551, 0.7399064898490906, -0.6861538887023926, -0.4614114463329315, 0.3431006968021393, 0.44561684131622314, -0.14889807999134064, -0.10887669026851654, 0.1141267940402031, 0.9761917591094971, 0.12556815147399902, 0.1633872389793396, -0.017506495118141174, 0.9783817529678345, 0.1451774537563324, 0.27657824754714966, 0.14411082863807678, 0.9389675259590149, 0.06786258518695831, 0.03080824390053749, 0.055542122572660446, 0.9956709742546082, -0.10317745804786682, 0.06168408691883087, 0.2797406315803528, 0.9525201320648193, 0.13562248647212982, -0.0005859910161234438, -1.4377457091541146e-06, 0.9907604455947876, -0.48167961835861206, 0.0021198424510657787, 3.990039658674505e-06, 0.8763448596000671, -0.08615478128194809, 0.7053306698799133, -0.06651438027620316, 0.7004725933074951, -0.6031259894371033, -0.051401544362306595, -0.7737473249435425, 0.18684767186641693, -0.7608509659767151, 0.10747867822647095, 0.002016310580074787, 0.6399609446525574, 0.42768940329551697, 0.10033643990755081, 0.1265886127948761, 0.8893760442733765, 0.40000542998313904, -0.005182136781513691, 0.13000068068504333, 0.9072312712669373, 0.709927499294281, -0.46604499220848083, 0.41232994198799133, 0.3298317790031433, -0.8678936958312988, -0.08940062671899796, -0.053387172520160675, 0.48571377992630005, 0.6460686326026917, 0.06873303651809692, 0.07410631328821182, 0.7565576434135437, 0.7100886106491089, 0.14794176816940308, -0.3140573799610138, 0.6125809550285339, -0.5484493970870972, -0.5086669921875, -0.6196017265319824, 0.23781317472457886, -0.19510991871356964, -0.02344280295073986, -0.07534533739089966, 0.9776020050048828, 0.008096355944871902, 0.007776308339089155, -0.0022369041107594967, 0.9999344944953918, -0.5687265396118164, 0.4266675114631653, -0.46731558442115784, 0.5254723429679871, -0.05580883473157883, -0.27174168825149536, -0.39899513125419617, 0.8739821314811707, 0.408155232667923, -0.5465704798698425, -0.004064631648361683, 0.731200098991394, 0.5939056277275085, -0.04813695698976517, -0.2852763831615448, 0.750717282295227, -0.6950551867485046, -0.45426592230796814, 0.33332791924476624, 0.44657957553863525, -0.17752709984779358, -0.12220288813114166, 0.1727098673582077, 0.9611045122146606, 0.11374597251415253, 0.14632408320903778, -0.018144618719816208, 0.9825080037117004, 0.14513050019741058, 0.27781933546066284, 0.14443370699882507, 0.9385586977005005, 0.07124783098697662, 0.03499041870236397, 0.05399412289261818, 0.9953814148902893, -0.10006976872682571, 0.05436347797513008, 0.2774693965911865, 0.9539608955383301, 0.13562631607055664, -0.0005853271577507257, -1.456080212847155e-06, 0.9907599091529846, -0.4816763699054718, 0.002120375167578459, 4.3407335397205316e-06, 0.8763466477394104, -0.06992930173873901, 0.6961898803710938, -0.05605875328183174, 0.7122408151626587, -0.6152094602584839, -0.03706707805395126, -0.7670515179634094, 0.1782565712928772, -0.780472993850708, 0.11008896678686142, -0.0007461911882273853, 0.6154200434684753, 0.4550088047981262, 0.10228575766086578, 0.1317589432001114, 0.8747252225875854, 0.3998519778251648, -0.004630343057215214, 0.1287553310394287, 0.9074795246124268, 0.6933603882789612, -0.495179146528244, 0.3764652907848358, 0.36376214027404785, -0.8491340279579163, -0.08780064433813095, -0.05130203068256378, 0.5182958245277405, 0.644806444644928, 0.08084768056869507, 0.07290061563253403, 0.7565538883209229, 0.7122132182121277, 0.1487751454114914, -0.31471961736679077, 0.6095653772354126, -0.5442904829978943, -0.5119532942771912, -0.6190588474273682, 0.24169786274433136, -0.19035644829273224, -0.02033260650932789, -0.07720975577831268, 0.9784629344940186, 0.0093664126470685, 0.009691554121673107, -0.001730959746055305, 0.9999076724052429, -0.5729539394378662, 0.4224773943424225, -0.4614158868789673, 0.5294638872146606, -0.043574679642915726, -0.2978737950325012, -0.39148956537246704, 0.8695449233055115, 0.3896231949329376, -0.5202018022537231, -0.004338222090154886, 0.7599770426750183, 0.5990309119224548, -0.050986796617507935, -0.23859268426895142, 0.7626505494117737, -0.7039812803268433, -0.44811365008354187, 0.323004812002182, 0.44639942049980164, -0.21045176684856415, -0.14009159803390503, 0.19271814823150635, 0.9481266736984253, 0.11423413455486298, 0.14721620082855225, -0.018256425857543945, 0.9823159575462341, 0.14508235454559326, 0.278487890958786, 0.14452649652957916, 0.9383537173271179, 0.07317598909139633, 0.03722551092505455, 0.0536266565322876, 0.9951803088188171, -0.0985020101070404, 0.0456031858921051, 0.27485018968582153, 0.9553403258323669, 0.1356302797794342, -0.0005870920140296221, -1.1665473493849277e-06, 0.9907593727111816, -0.4816727936267853, 0.002118778182193637, 3.5718378512683557e-06, 0.876348614692688, -0.055068254470825195, 0.6859099268913269, -0.04754709079861641, 0.7240403294563293, -0.6277483701705933, -0.021548006683588028, -0.7598409056663513, 0.16765885055065155, -0.7953782081604004, 0.11208461225032806, -0.0026023604441434145, 0.5956541299819946, 0.4792326092720032, 0.10170712321996689, 0.13674308359622955, 0.8609837889671326, 0.39941537380218506, -0.004123686347156763, 0.12772083282470703, 0.9078203439712524, 0.6761296391487122, -0.514877200126648, 0.3455066978931427, 0.39796388149261475, -0.8287636041641235, -0.08605864644050598, -0.04667670652270317, 0.55096834897995, 0.6425046324729919, 0.08496113121509552, 0.058038003742694855, 0.7593424320220947, 0.7129668593406677, 0.1493491232395172, -0.31513771414756775, 0.6083266735076904, -0.5397896766662598, -0.5150629878044128, -0.6184970140457153, 0.24657388031482697, -0.1848057359457016, -0.01654885895550251, -0.07852543890476227, 0.9794930815696716, 0.010661645792424679, 0.011290358379483223, -0.0013356227427721024, 0.9998785257339478, -0.5763189792633057, 0.41775697469711304, -0.4563533663749695, 0.5339263081550598, -0.032154154032468796, -0.3269556760787964, -0.3872421085834503, 0.861457884311676, 0.36933472752571106, -0.49140143394470215, -0.003770336275920272, 0.7887346744537354, 0.5996420979499817, -0.04926221817731857, -0.20227523148059845, 0.7727143168449402, -0.7109493613243103, -0.44534945487976074, 0.314547061920166, 0.44415661692619324, -0.2417023628950119, -0.15188899636268616, 0.19317331910133362, 0.9387192130088806, 0.11605706810951233, 0.14993345737457275, -0.018227126449346542, 0.9816916584968567, 0.14497259259223938, 0.2788202166557312, 0.14449000358581543, 0.9382776021957397, 0.07385462522506714, 0.037574898451566696, 0.05476554110646248, 0.9950549602508545, -0.09777267277240753, 0.03403037413954735, 0.27352359890937805, 0.9562778472900391, 0.13563235104084015, -0.0005916925729252398, -3.9433751908291015e-07, 0.9907590746879578, -0.4816710352897644, 0.0021146058570593596, 1.444249392079655e-06, 0.8763496279716492, -0.04653225466609001, 0.6723450422286987, -0.04332469403743744, 0.7375025153160095, -0.6422710418701172, -0.005617108661681414, -0.7504587173461914, 0.1557823270559311, -0.8021402359008789, 0.1131119430065155, -0.00456199049949646, 0.5863069891929626, 0.49761486053466797, 0.09531006217002869, 0.1418779194355011, 0.8503917455673218, 0.3985556960105896, -0.003962155431509018, 0.12751546502113342, 0.9082276821136475, 0.6573944091796875, -0.5226070284843445, 0.3281407058238983, 0.43247905373573303, -0.8069851994514465, -0.08415035903453827, -0.043084368109703064, 0.5829557180404663, 0.6418663263320923, 0.08543304353952408, 0.03411133959889412, 0.7612786889076233, 0.7124295830726624, 0.1500106155872345, -0.3156934678554535, 0.6085051894187927, -0.5342646241188049, -0.5177352428436279, -0.6185485124588013, 0.25280261039733887, -0.17857438325881958, -0.011583114042878151, -0.07911322265863419, 0.980672299861908, 0.011771691031754017, 0.0126664312556386, -0.0010345305781811476, 0.9998499751091003, -0.5785835981369019, 0.41304415464401245, -0.4525384306907654, 0.5383721590042114, -0.020870771259069443, -0.3573991060256958, -0.3883492052555084, 0.8491261601448059, 0.35328409075737, -0.46866199374198914, -0.002693441929295659, 0.8096536993980408, 0.5859553217887878, -0.03842378407716751, -0.19261638820171356, 0.7861799597740173, -0.7150053977966309, -0.44441765546798706, 0.3093584477901459, 0.44221892952919006, -0.2677172124385834, -0.1595352441072464, 0.188414067029953, 0.9313303232192993, 0.11752769351005554, 0.15227927267551422, -0.018235981464385986, 0.9811553359031677, 0.1448247879743576, 0.27898871898651123, 0.14434464275836945, 0.9382727742195129, 0.07424817234277725, 0.03675883635878563, 0.05788405239582062, 0.9948796629905701, -0.09809426963329315, 0.01930944062769413, 0.2765350341796875, 0.9557892680168152, 0.1356295496225357, -0.0005951430066488683, 1.8188801220730966e-07, 0.9907594919204712, -0.4816734492778778, 0.0021115129347890615, -1.249373298151113e-07, 0.8763482570648193, -0.04304438456892967, 0.6591671705245972, -0.04299839586019516, 0.7495312094688416, -0.6564614176750183, 0.00860645156353712, -0.7410085797309875, 0.14103399217128754, -0.8030450344085693, 0.11349312961101532, -0.00683344341814518, 0.5849711894989014, 0.5106490254402161, 0.08335154503583908, 0.14827613532543182, 0.8427955508232117, 0.3973688781261444, -0.003990885801613331, 0.12775328755378723, 0.9087140560150146, 0.6338927149772644, -0.5232571959495544, 0.32905393838882446, 0.464871346950531, -0.7843493223190308, -0.08219053596258163, -0.04097241535782814, 0.6134836077690125, 0.6423567533493042, 0.08466126024723053, 0.004550509620457888, 0.761701762676239, 0.7086714506149292, 0.14848308265209198, -0.3144775927066803, 0.613874077796936, -0.5276477932929993, -0.5201382637023926, -0.6191150546073914, 0.26027026772499084, -0.17165552079677582, -0.005422347225248814, -0.07907623797655106, 0.9819633364677429, 0.012832270935177803, 0.014186011627316475, -0.0009253454627469182, 0.9998166561126709, -0.5809577703475952, 0.4108177423477173, -0.44884440302848816, 0.5406066179275513, -0.01674659550189972, -0.3887130320072174, -0.38825634121894836, 0.8353914022445679, 0.3393411338329315, -0.44910645484924316, -0.001225080108270049, 0.8265286087989807, 0.5554121136665344, -0.034366425126791, -0.2014520764350891, 0.8060728311538696, -0.7190977931022644, -0.44233494997024536, 0.304330974817276, 0.4411585330963135, -0.28482240438461304, -0.16339562833309174, 0.19073083996772766, 0.925094485282898, 0.11937280744314194, 0.1553775817155838, -0.018265260383486748, 0.9804459810256958, 0.14476518332958221, 0.27918893098831177, 0.14428576827049255, 0.9382314085960388, 0.07262974232435226, 0.03559035062789917, 0.061118412762880325, 0.9948481321334839, -0.09748910367488861, 0.005083611700683832, 0.27831900119781494, 0.9555148482322693, 0.13561847805976868, -0.0005958349793218076, 4.393909875943791e-07, 0.9907609820365906, -0.48168322443962097, 0.00211080233566463, -3.9633474102629407e-07, 0.8763428926467896, -0.042253341525793076, 0.6472265720367432, -0.045566145330667496, 0.7597606182098389, -0.6693903207778931, 0.023418089374899864, -0.7320310473442078, 0.12449424713850021, -0.8000635504722595, 0.11339353024959564, -0.00853363424539566, 0.5890393853187561, 0.5233992338180542, 0.07149933278560638, 0.1553100049495697, 0.834757387638092, 0.39636123180389404, -0.004052398726344109, 0.12807172536849976, 0.9091088771820068, 0.6145125031471252, -0.5190057754516602, 0.3326207995414734, 0.49231183528900146, -0.7587426900863647, -0.07971367985010147, -0.03856250271201134, 0.645343542098999, 0.639340877532959, 0.07828018814325333, -0.02467687800526619, 0.7645302414894104, 0.7052061557769775, 0.1472020298242569, -0.3133268654346466, 0.6187423467636108, -0.5205116868019104, -0.5221458673477173, -0.6197701692581177, 0.2689168453216553, -0.16402336955070496, 0.0014632785459980369, -0.07820022851228714, 0.9833508729934692, 0.013834687881171703, 0.015753837302327156, -0.0010424281936138868, 0.9997797012329102, -0.5852096080780029, 0.4112672805786133, -0.44341766834259033, 0.5401571989059448, -0.020338520407676697, -0.4184150993824005, -0.38589441776275635, 0.821949303150177, 0.32443565130233765, -0.42853206396102905, 0.00073860096745193, 0.8432682156562805, 0.5117162466049194, -0.03728615492582321, -0.21952275931835175, 0.8297988176345825, -0.724012017250061, -0.4416862726211548, 0.2985408902168274, 0.437713623046875, -0.29150083661079407, -0.16835252940654755, 0.19273096323013306, 0.9217047095298767, 0.12757456302642822, 0.16820544004440308, -0.018195800483226776, 0.9772924780845642, 0.14471717178821564, 0.2793080806732178, 0.14420564472675323, 0.9382157325744629, 0.07065897434949875, 0.03464336693286896, 0.06415507197380066, 0.9948322772979736, -0.09654596447944641, -0.006890301126986742, 0.2794381082057953, 0.9552726149559021, 0.13561388850212097, -0.0005960320122539997, 6.899612685629108e-07, 0.9907616376876831, -0.4816873073577881, 0.002110475907102227, -3.1032018910082115e-07, 0.8763406276702881, -0.04137967526912689, 0.6395663619041443, -0.05063710734248161, 0.7659494876861572, -0.6779415011405945, 0.039410300552845, -0.726443886756897, 0.10545837134122849, -0.7932854294776917, 0.11276065558195114, -0.010409492067992687, 0.5982264280319214, 0.5356865525245667, 0.06594671308994293, 0.16122721135616302, 0.826254665851593, 0.3963716924190521, -0.004185730125755072, 0.1284344494342804, 0.9090525507926941, 0.6010093688964844, -0.5126380324363708, 0.33675578236579895, 0.5124310851097107, -0.7310116291046143, -0.07686813920736313, -0.03513320907950401, 0.6771107912063599, 0.6337791681289673, 0.06816360354423523, -0.04996412247419357, 0.7688831090927124, 0.7003150582313538, 0.145551398396492, -0.31161442399024963, 0.625515878200531, -0.5126946568489075, -0.5244426131248474, -0.620827317237854, 0.27690738439559937, -0.15651936829090118, 0.008104548789560795, -0.07815258204936981, 0.9845446348190308, 0.01474442146718502, 0.01720678061246872, -0.001360942143946886, 0.999742329120636, -0.5912263989448547, 0.41338345408439636, -0.4362567961215973, 0.537815511226654, -0.02895371802151203, -0.44665396213531494, -0.3820205628871918, 0.8085309267044067, 0.3060927987098694, -0.40335559844970703, 0.003481474006548524, 0.8623220920562744, 0.46176648139953613, -0.045788295567035675, -0.24433079361915588, 0.8514561653137207, -0.7280470132827759, -0.43921300768852234, 0.29404693841934204, 0.4365500807762146, -0.29631519317626953, -0.17800283432006836, 0.19166485965251923, 0.9185733199119568, 0.14496025443077087, 0.19501852989196777, -0.017954660579562187, 0.9698618054389954, 0.14476506412029266, 0.27928265929222107, 0.14414048194885254, 0.9382258653640747, 0.06854648143053055, 0.0322444848716259, 0.06691058725118637, 0.9948792457580566, -0.09383991360664368, -0.01716889999806881, 0.27749937772750854, 0.955977737903595, 0.13560691475868225, -0.0005969751509837806, 1.0786529855977278e-06, 0.9907625317573547, -0.4816932678222656, 0.002109549008309841, -5.547525461224723e-07, 0.8763374090194702, -0.03652198240160942, 0.6382163763046265, -0.05711381882429123, 0.7668663859367371, -0.6808670163154602, 0.056564100086688995, -0.7259349226951599, 0.07898786664009094, -0.782051146030426, 0.1112431213259697, -0.011283917352557182, 0.6131017208099365, 0.5469425916671753, 0.06640617549419403, 0.16501380503177643, 0.8180553317070007, 0.39727920293807983, -0.004005572758615017, 0.12852323055267334, 0.9086446166038513, 0.5899057984352112, -0.5083267688751221, 0.34091711044311523, 0.5266788005828857, -0.6989257335662842, -0.07305364310741425, -0.03172094374895096, 0.7107459306716919, 0.6254688501358032, 0.05756985396146774, -0.065394327044487, 0.7753695845603943, 0.6932655572891235, 0.14243075251579285, -0.30931708216667175, 0.6351529955863953, -0.5064456462860107, -0.5262582898139954, -0.6214331984519958, 0.2835239768028259, -0.14886383712291718, 0.014407848939299583, -0.07786712795495987, 0.9856818318367004, 0.01582859456539154, 0.018243931233882904, -0.0033499053679406643, 0.9997026324272156, -0.5991888046264648, 0.4146920144557953, -0.4266652762889862, 0.5356865525245667, -0.03872440755367279, -0.47058388590812683, -0.38148680329322815, 0.7946817278862, 0.2807409167289734, -0.3678416907787323, 0.006645324174314737, 0.8864721655845642, 0.4183107912540436, -0.05741419643163681, -0.2717399001121521, 0.864798903465271, -0.7302902936935425, -0.4366798996925354, 0.29230695962905884, 0.4365127384662628, -0.29925718903541565, -0.19145600497722626, 0.19865413010120392, 0.9134146571159363, 0.17525628209114075, 0.24149662256240845, -0.017373686656355858, 0.954286515712738, 0.14564292132854462, 0.2796008586883545, 0.14410480856895447, 0.9380007386207581, 0.06603579968214035, 0.02822115831077099, 0.0702451542019844, 0.9949414730072021, -0.09046153724193573, -0.02420877479016781, 0.26859772205352783, 0.9586896896362305, 0.1355980783700943, -0.0005987557815387845, 1.77190895556123e-06, 0.9907637238502502, -0.4817012548446655, 0.0021076686680316925, -1.1020714509868412e-06, 0.8763329982757568, -0.03163537383079529, 0.6422878503799438, -0.06707441806793213, 0.7628673315048218, -0.6804168820381165, 0.0718102753162384, -0.727806568145752, 0.046624403446912766, -0.7652499079704285, 0.1090981513261795, -0.0074538239277899265, 0.6343774199485779, 0.5559860467910767, 0.06176001578569412, 0.1658959835767746, 0.8121230006217957, 0.3979407846927643, -0.003585995640605688, 0.12765634059906006, 0.9084790349006653, 0.5807061195373535, -0.5043851733207703, 0.35057467222213745, 0.5342971086502075, -0.6618778109550476, -0.06919226795434952, -0.027055026963353157, 0.7459210753440857, 0.6074400544166565, 0.046978726983070374, -0.07836773246526718, 0.7890932559967041, 0.6869884133338928, 0.1398991048336029, -0.3069780468940735, 0.6436145305633545, -0.499952495098114, -0.5276991128921509, -0.6213861703872681, 0.2923360764980316, -0.14146330952644348, 0.02027028799057007, -0.07555558532476425, 0.9868478178977966, 0.016812222078442574, 0.019180096685886383, -0.003956868313252926, 0.9996668696403503, -0.6078699231147766, 0.41598808765411377, -0.416507750749588, 0.5328878164291382, -0.052666448056697845, -0.48327091336250305, -0.38459593057632446, 0.7847047448158264, 0.254118412733078, -0.33141443133354187, 0.010462608188390732, 0.90855872631073, 0.3824296295642853, -0.07716559618711472, -0.30626991391181946, 0.8683270215988159, -0.7307778000831604, -0.43671900033950806, 0.2918364405632019, 0.43597227334976196, -0.29623445868492126, -0.1900496929883957, 0.20677202939987183, 0.9128919243812561, 0.20098815858364105, 0.2815612852573395, -0.016935080289840698, 0.9381045699119568, 0.1459125578403473, 0.2796061933040619, 0.14421020448207855, 0.9379410147666931, 0.06630555540323257, 0.02350662276148796, 0.07072001695632935, 0.9950124025344849, -0.0891994833946228, -0.029695481061935425, 0.25653740763664246, 0.9619512557983398, 0.13558606803417206, -0.0006037480779923499, 2.9873265248170355e-06, 0.990765392780304, -0.48171189427375793, 0.0021029175259172916, -3.1721297091280576e-06, 0.8763270974159241, -0.02592814527451992, 0.6501004099845886, -0.07938020676374435, 0.7552456855773926, -0.6772890090942383, 0.08596724271774292, -0.7306190133094788, 0.009223845787346363, -0.743277370929718, 0.10621945559978485, -0.0009432944934815168, 0.6604962944984436, 0.56253582239151, 0.05338839441537857, 0.1655241698026657, 0.8082728385925293, 0.39811447262763977, -0.0028613389004021883, 0.12616977095603943, 0.9086132049560547, 0.569941520690918, -0.5019969344139099, 0.3643931746482849, 0.5388723015785217, -0.6188594102859497, -0.06466156989336014, -0.021820543333888054, 0.7825316786766052, 0.5745289921760559, 0.0338381789624691, -0.09124895185232162, 0.8126777410507202, 0.6821829676628113, 0.13783608376979828, -0.3051721453666687, 0.6499981880187988, -0.494553804397583, -0.5277936458587646, -0.6210599541664124, 0.30188578367233276, -0.13479046523571014, 0.026432620361447334, -0.07158343493938446, 0.987931489944458, 0.017756415531039238, 0.01997070014476776, -0.004636968020349741, 0.9996321201324463, -0.6181473135948181, 0.4174608290195465, -0.4044128954410553, 0.5292170643806458, -0.06305495649576187, -0.4799080789089203, -0.3938440680503845, 0.781408429145813, 0.23442260921001434, -0.3046859800815582, 0.013244670815765858, 0.9230585694313049, 0.34995436668395996, -0.09405338019132614, -0.3378603756427765, 0.8686404824256897, -0.7273253798484802, -0.4383317232131958, 0.2954367399215698, 0.4376988410949707, -0.2921646237373352, -0.17317408323287964, 0.22251589596271515, 0.9138584733009338, 0.22268478572368622, 0.3158513903617859, -0.016574017703533173, 0.9221576452255249, 0.14611417055130005, 0.2796788513660431, 0.14438392221927643, 0.9378612637519836, 0.06797729432582855, 0.017521793022751808, 0.07048475742340088, 0.995039701461792, -0.08544709533452988, -0.03639209643006325, 0.23977643251419067, 0.9663755297660828, 0.1355762630701065, -0.0006109617534093559, 4.325884674472036e-06, 0.9907667636871338, -0.481720507144928, 0.002096324460580945, -6.40334292256739e-06, 0.8763224482536316, -0.018879389390349388, 0.6622523665428162, -0.09361624717712402, 0.7431697845458984, 0.6705415844917297, -0.10033446550369263, 0.7343412041664124, 0.03240273520350456, -0.7159663438796997, 0.10261091589927673, 0.007851813919842243, 0.690508246421814, 0.5666086673736572, 0.0434984415769577, 0.16480542719364166, 0.8061648011207581, 0.3982415795326233, -0.0018365756841376424, 0.12398067861795425, 0.9088613986968994, 0.558552086353302, -0.5023911595344543, 0.37943023443222046, 0.5400514006614685, -0.5688149333000183, -0.059294406324625015, -0.016417095437645912, 0.8201611042022705, 0.5206875205039978, 0.02011081948876381, -0.10238171368837357, 0.8473476767539978, 0.6786006689071655, 0.13624034821987152, -0.3038826882839203, 0.6546717286109924, -0.49045586585998535, -0.5270944237709045, -0.6198889017105103, 0.31202933192253113, -0.12836752831935883, 0.03240952640771866, -0.0662006214261055, 0.9889837503433228, 0.018751583993434906, 0.020687300711870193, -0.005444712936878204, 0.9995953440666199, -0.629594624042511, 0.41936418414115906, -0.3908134400844574, 0.5244132876396179, -0.06916312873363495, -0.46148252487182617, -0.40952542424201965, 0.7839255332946777, 0.22135500609874725, -0.28709012269973755, 0.015011204406619072, 0.9318561553955078, 0.3212611675262451, -0.10650895535945892, -0.3585316836833954, 0.8700012564659119, -0.7230792045593262, -0.43809545040130615, 0.299683541059494, 0.4420618712902069, -0.2869787812232971, -0.1478015035390854, 0.24215030670166016, 0.9149651527404785, 0.24032412469387054, 0.34413766860961914, -0.016377892345190048, 0.9074940085411072, 0.14636658132076263, 0.279775470495224, 0.14461123943328857, 0.9377580285072327, 0.07039511948823929, 0.012375825084745884, 0.06905771791934967, 0.9950489401817322, -0.08177229762077332, -0.044117409735918045, 0.21830353140830994, 0.9714476466178894, 0.1355716437101364, -0.00062099116621539, 5.846330623171525e-06, 0.9907673597335815, -0.4817245900630951, 0.002087358618155122, -1.1184607501490973e-05, 0.8763201832771301, -0.009282340295612812, 0.6789653897285461, -0.10857988148927689, 0.7260373830795288, 0.6517286896705627, -0.1170770451426506, 0.7450175285339355, 0.08057037740945816, -0.6883774995803833, 0.09898252785205841, 0.008763627149164677, 0.7185138463973999, 0.5739400386810303, 0.02724517695605755, 0.16715553402900696, 0.801192581653595, 0.3997492790222168, -0.0009592738351784647, 0.12094110250473022, 0.9086104035377502, 0.5509472489356995, -0.4917290508747101, 0.3976532220840454, 0.5445470809936523, -0.5437545776367188, -0.056080833077430725, -0.022666580975055695, 0.8370616436004639, 0.4630733132362366, 0.007341844495385885, -0.11272265017032623, 0.8790920376777649, 0.6733158826828003, 0.13420644402503967, -0.30246925354003906, 0.6611707806587219, -0.48842862248420715, -0.5267245769500732, -0.6167361736297607, 0.32192423939704895, -0.12140069156885147, 0.03685253858566284, -0.0607711561024189, 0.9900558590888977, 0.019829779863357544, 0.021436449140310287, -0.006335962098091841, 0.9995535016059875, -0.6413350701332092, 0.4202367067337036, -0.37718531489372253, 0.5194436311721802, -0.07421747595071793, -0.4335765242576599, -0.42950740456581116, 0.7886866331100464, 0.20982354879379272, -0.27133214473724365, 0.016164958477020264, 0.9391973614692688, 0.2988063097000122, -0.11824646592140198, -0.3641049265861511, 0.8741625547409058, -0.7171679735183716, -0.43739065527915955, 0.30563029646873474, 0.4482741355895996, -0.28145256638526917, -0.11532410234212875, 0.26328688859939575, 0.9155133962631226, 0.2509961426258087, 0.36181095242500305, -0.01637786626815796, 0.8976778984069824, 0.1465270072221756, 0.2798440456390381, 0.14483493566513062, 0.9376779794692993, 0.07167629152536392, 0.00886542908847332, 0.06634630262851715, 0.9951794147491455, -0.08244066685438156, -0.051968809217214584, 0.19232167303562164, 0.976481020450592, 0.13558802008628845, -0.0006038346909917891, 2.5639767500251764e-06, 0.9907651543617249, -0.4817100167274475, 0.0021031335927546024, -3.4929450976051157e-06, 0.87632817029953, 0.005542987957596779, 0.7000243663787842, -0.1211942806839943, 0.7037379741668701, 0.6277336478233337, -0.1396746039390564, 0.7543584108352661, 0.13185174763202667, -0.6586660146713257, 0.09510330110788345, 0.012580543756484985, 0.7462949752807617, 0.579935610294342, 0.018861351534724236, 0.1693834364414215, 0.7966355085372925, 0.40290263295173645, -7.478515180991963e-05, 0.11747855693101883, 0.9076718688011169, 0.5565899014472961, -0.4800746440887451, 0.4025009870529175, 0.5456454157829285, -0.5276815295219421, -0.053917765617370605, -0.02822726033627987, 0.8472593426704407, 0.38791367411613464, 0.011011275462806225, -0.13465528190135956, 0.9117399454116821, 0.6488230228424072, 0.12324527651071548, -0.2910653352737427, 0.6921851634979248, -0.4903750717639923, -0.5254796147346497, -0.61275714635849, 0.32853052020072937, -0.11691746115684509, 0.03902370110154152, -0.056555889546871185, 0.9907618165016174, 0.020396895706653595, 0.021967723965644836, -0.007310094311833382, 0.9995238780975342, -0.6517616510391235, 0.41947439312934875, -0.36527955532073975, 0.515576183795929, -0.08083860576152802, -0.4047897756099701, -0.44755592942237854, 0.7932868599891663, 0.19794589281082153, -0.2542298138141632, 0.017031576484441757, 0.9465171098709106, 0.28147053718566895, -0.12295299023389816, -0.3628321588039398, 0.8797782063484192, -0.705224871635437, -0.43491479754447937, 0.3180325925350189, 0.46082791686058044, -0.2841033339500427, -0.07409299165010452, 0.2780284583568573, 0.9146014451980591, 0.2567128539085388, 0.3713149130344391, -0.016440361738204956, 0.8921622633934021, 0.14665894210338593, 0.27974072098731995, 0.145005464553833, 0.9376618266105652, 0.0724935457110405, 0.004469417966902256, 0.06205972284078598, 0.9954262375831604, -0.08378927409648895, -0.05331265553832054, 0.16042105853557587, 0.9820398092269897, 0.13564364612102509, -0.0005966450553387403, 5.409687560131715e-07, 0.9907575249671936, -0.481660932302475, 0.0021101082675158978, -7.290942676263512e-07, 0.8763551712036133, 0.024320246651768684, 0.7245272994041443, -0.13072781264781952, 0.6762980222702026, 0.5991498231887817, -0.16429337859153748, 0.7622894644737244, 0.18149928748607635, -0.6276370286941528, 0.09109281003475189, 0.017367636784911156, 0.772963285446167, 0.5818743109703064, 0.01621222496032715, 0.17268511652946472, 0.794568657875061, 0.4062919020652771, 0.0010795088019222021, 0.11366003751754761, 0.9066461324691772, 0.5797855854034424, -0.46030882000923157, 0.40267854928970337, 0.5383442044258118, -0.5295506119728088, -0.05357466638088226, -0.03189283236861229, 0.8459839224815369, 0.3299432098865509, 0.020787078887224197, -0.1589728146791458, 0.9302865266799927, 0.5849329233169556, 0.09250007569789886, -0.25760236382484436, 0.7635039687156677, -0.4946805238723755, -0.5243164300918579, -0.6079140305519104, 0.3329022526741028, -0.11352577060461044, 0.04008674621582031, -0.05355020612478256, 0.9912806749343872, 0.02080301195383072, 0.02244853600859642, -0.008465745486319065, 0.9994957447052002, -0.6600298285484314, 0.41962695121765137, -0.35633277893066406, 0.5111759901046753, -0.09019418060779572, -0.3836028277873993, -0.4634467363357544, 0.7936819791793823, 0.18082314729690552, -0.22930513322353363, 0.01808018796145916, 0.956240177154541, 0.27070900797843933, -0.1169544905424118, -0.3598576784133911, 0.8851783871650696, -0.6923220753669739, -0.42869988083839417, 0.33144229650497437, 0.47650033235549927, -0.28814080357551575, -0.03399406000971794, 0.28979918360710144, 0.9120502471923828, 0.2603381872177124, 0.37728604674339294, -0.016390083357691765, 0.8886004090309143, 0.1468627005815506, 0.27961984276771545, 0.14538191258907318, 0.9376077055931091, 0.07048072665929794, 0.0005168470088392496, 0.05675602704286575, 0.9958970546722412, -0.08668983727693558, -0.05144674703478813, 0.12399669736623764, 0.9871488809585571, 0.13565954566001892, -0.0005948224570602179, 7.523773604134476e-09, 0.9907553195953369, -0.48164692521095276, 0.0021119187586009502, 2.7896227550172625e-09, 0.8763628005981445, 0.04482557624578476, 0.7520003914833069, -0.13611724972724915, 0.6433958411216736, 0.5664369463920593, -0.18941959738731384, 0.7694753408432007, 0.22622349858283997, -0.5977333784103394, 0.0873405858874321, 0.022012783214449883, 0.7966190576553345, 0.5813891887664795, 0.015238048508763313, 0.17897889018058777, 0.7935495972633362, 0.4086286425590515, 0.002699060132727027, 0.10918428003787994, 0.9061424732208252, 0.6138217449188232, -0.43314796686172485, 0.40212443470954895, 0.5233561992645264, -0.5440001487731934, -0.05456377938389778, -0.03341713547706604, 0.8366420865058899, 0.3143713176250458, 0.04066247120499611, -0.16420720517635345, 0.9341055750846863, 0.5218105316162109, 0.06277255713939667, -0.22021016478538513, 0.8217547535896301, -0.49841317534446716, -0.5232203006744385, -0.6039677858352661, 0.33622583746910095, -0.11095790565013885, 0.039929330348968506, -0.05188615247607231, 0.9916661977767944, 0.021053923293948174, 0.022586314007639885, -0.009694300591945648, 0.9994761943817139, -0.6659780144691467, 0.42089128494262695, -0.3504636585712433, 0.5064572691917419, -0.10140149295330048, -0.37148240208625793, -0.4761243164539337, 0.7905847430229187, 0.15860244631767273, -0.19751770794391632, 0.01952270418405533, 0.9671871066093445, 0.2637910544872284, -0.10204785317182541, -0.35330772399902344, 0.8917254209518433, -0.6788734793663025, -0.42195555567741394, 0.3450379967689514, 0.49196869134902954, -0.29215899109840393, 0.004351376555860043, 0.2931790053844452, 0.9103132486343384, 0.26127442717552185, 0.37928542494773865, -0.016468530520796776, 0.8874722719192505, 0.1470150202512741, 0.2794361412525177, 0.14553220570087433, 0.9376152753829956, 0.06671801954507828, -0.002777023008093238, 0.050533000379800797, 0.996487557888031, -0.0913119688630104, -0.04592471942305565, 0.08409037441015244, 0.9912022352218628, 0.13565926253795624, -0.0005948133184574544, -3.1725427618312096e-08, 0.9907553791999817, -0.48164695501327515, 0.0021119159646332264, -3.9187558087405705e-08, 0.8763628005981445, 0.06358081102371216, 0.7835565805435181, -0.13796550035476685, 0.6024633646011353, 0.5320133566856384, -0.21524816751480103, 0.775692343711853, 0.2625478506088257, -0.5719326734542847, 0.0842524990439415, 0.026680348441004753, 0.8155260682106018, 0.5804246664047241, 0.014954723417758942, 0.19064833223819733, 0.791540801525116, 0.4098392724990845, 0.0045583355240523815, 0.10460833460092545, 0.9061281085014343, 0.6427522301673889, -0.4056355059146881, 0.40388399362564087, 0.5091239213943481, -0.5526282787322998, -0.05528659000992775, -0.033448558300733566, 0.8309191465377808, 0.33224019408226013, 0.06000899523496628, -0.14551696181297302, 0.9299678802490234, 0.5173100233078003, 0.0543881393969059, -0.20718549191951752, 0.8285568952560425, -0.498630553483963, -0.5227100253105164, -0.6020565032958984, 0.3401026725769043, -0.10858666896820068, 0.038857582956552505, -0.05111197382211685, 0.9920114278793335, 0.02140672318637371, 0.022270048037171364, -0.010880912654101849, 0.9994636178016663, -0.6705487370491028, 0.42251715064048767, -0.34600910544395447, 0.5021169781684875, -0.11219660192728043, -0.3605310618877411, -0.48749735951423645, 0.7872583270072937, 0.1381685733795166, -0.16881869733333588, 0.02093883790075779, 0.9756901860237122, 0.25341272354125977, -0.08334124833345413, -0.3361920714378357, 0.9032226204872131, -0.6681062579154968, -0.4150295555591583, 0.3552584946155548, 0.5051494240760803, -0.29814398288726807, 0.0367128811776638, 0.27797433733940125, 0.9124103784561157, 0.26004698872566223, 0.3782106041908264, -0.01679058000445366, 0.8882851004600525, 0.14691965281963348, 0.27896055579185486, 0.14530791342258453, 0.9378066658973694, 0.06257850676774979, -0.005214749835431576, 0.04298727214336395, 0.9971001744270325, -0.09805434942245483, -0.03825785592198372, 0.039199937134981155, 0.9936725497245789, 0.1356596052646637, -0.0005948085454292595, -7.064782536758685e-09, 0.9907553791999817, -0.48164695501327515, 0.0021118870936334133, -1.1889106588114373e-08, 0.8763628005981445, 0.0783236175775528, 0.8158320784568787, -0.1393769234418869, 0.5557495951652527, 0.49805641174316406, -0.24497415125370026, 0.7780186533927917, 0.29430335760116577, -0.5480719804763794, 0.08147915452718735, 0.03074304759502411, 0.8318853378295898, 0.5796803832054138, 0.0161869078874588, 0.20962756872177124, 0.7872514724731445, 0.4109436571598053, 0.006131007336080074, 0.10080111771821976, 0.9060501456260681, 0.6609496474266052, -0.380465567111969, 0.41649341583251953, 0.4948987066745758, -0.5549209117889404, -0.055334582924842834, -0.03398112952709198, 0.8293649554252625, 0.34920409321784973, 0.07255669683218002, -0.13831767439842224, 0.9239373207092285, 0.5145040154457092, 0.04615779221057892, -0.1935359239578247, 0.8340857625007629, -0.4984560012817383, -0.5220018625259399, -0.6005167365074158, 0.3441445827484131, -0.1064997985959053, 0.037874698638916016, -0.05088347941637039, 0.9922873973846436, 0.02185926027595997, 0.02198595367372036, -0.012236328795552254, 0.9994443655014038, -0.6741240620613098, 0.42462268471717834, -0.3425968885421753, 0.4978752136230469, -0.12308931350708008, -0.3460146188735962, -0.4997609257698059, 0.7844500541687012, 0.12374049425125122, -0.1482834368944168, 0.021935349330306053, 0.9809277057647705, 0.23996737599372864, -0.06409820169210434, -0.3097931444644928, 0.9177882671356201, -0.6612011194229126, -0.40938806533813477, 0.3612501621246338, 0.5145025253295898, -0.2845819890499115, 0.06668706238269806, 0.278041809797287, 0.9150184392929077, 0.2610892355442047, 0.38066598773002625, -0.01706639677286148, 0.8869242072105408, 0.1469840407371521, 0.2788369357585907, 0.1453922688961029, 0.9378201961517334, 0.0586123950779438, -0.008452879264950752, 0.03442835062742233, 0.9976511597633362, -0.10221334546804428, -0.02663026936352253, -0.010961662977933884, 0.9943456053733826, 0.1356595903635025, -0.0005948214675299823, 1.3101425722084059e-08, 0.9907553791999817, -0.48164698481559753, 0.0021118842996656895, -1.3483177241369049e-08, 0.8763628005981445, 0.09192156791687012, 0.8459713459014893, -0.1359861046075821, 0.5073369145393372, 0.46574458479881287, -0.2782408595085144, 0.7762950658798218, 0.3209828734397888, -0.5251325964927673, 0.07879234850406647, 0.033850111067295074, 0.8466886878013611, 0.5792973041534424, 0.019086264073848724, 0.231408953666687, 0.7813451290130615, 0.4114360213279724, 0.007603797130286694, 0.0973377376794815, 0.9061942100524902, 0.6754765510559082, -0.35857418179512024, 0.4263521432876587, 0.4830939769744873, -0.548276960849762, -0.05457764491438866, -0.032365843653678894, 0.8338861465454102, 0.3718138039112091, 0.08215601742267609, -0.11824807524681091, 0.9170727133750916, 0.508804202079773, 0.037032462656497955, -0.17810161411762238, 0.8414432406425476, -0.49885186553001404, -0.5206307172775269, -0.5987523198127747, 0.3486919701099396, -0.10489516705274582, 0.03659534454345703, -0.0495881550014019, 0.9925718307495117, 0.022389668971300125, 0.021908557042479515, -0.013745705597102642, 0.9994147419929504, -0.6769270896911621, 0.42700397968292236, -0.33994922041893005, 0.49383383989334106, -0.1367020308971405, -0.330422580242157, -0.5100044012069702, 0.7823228240013123, 0.11243873089551926, -0.13190576434135437, 0.02278767339885235, 0.9846010208129883, 0.2229447364807129, -0.047775477170944214, -0.2785453498363495, 0.9329660534858704, -0.6514486074447632, -0.4039318859577179, 0.36982813477516174, 0.5250533223152161, -0.25154638290405273, 0.09934437274932861, 0.29514095187187195, 0.9163771271705627, 0.2611801028251648, 0.3818368911743164, -0.017424115911126137, 0.886387050151825, 0.14729315042495728, 0.2791101336479187, 0.14585678279399872, 0.9376183152198792, 0.05560152605175972, -0.01171223446726799, 0.02540830709040165, 0.9980610013008118, -0.10975503921508789, -0.012813536450266838, -0.06340047717094421, 0.991851806640625, 0.13565951585769653, -0.0005948416073806584, 1.0648580905936456e-09, 0.9907553791999817, -0.48164692521095276, 0.0021118822041898966, -1.2752561673323726e-08, 0.8763628005981445, 0.10269441455602646, 0.8727619647979736, -0.13025705516338348, 0.4591008424758911, 0.4347727298736572, -0.3124494254589081, 0.7730986475944519, 0.3400978744029999, -0.5042857527732849, 0.07630555331707001, 0.036205414682626724, 0.8593965768814087, 0.5794869065284729, 0.021974259987473488, 0.25260719656944275, 0.774533212184906, 0.41155028343200684, 0.008823453448712826, 0.09450375288724899, 0.906431257724762, 0.6875403523445129, -0.34046608209609985, 0.43219926953315735, 0.473893404006958, -0.5303927659988403, -0.05281134322285652, -0.027887461706995964, 0.8456457257270813, 0.3930285573005676, 0.09552619606256485, -0.08113779127597809, 0.9109445810317993, 0.4999788999557495, 0.027608033269643784, -0.16156528890132904, 0.8503855466842651, -0.4997222423553467, -0.5192714929580688, -0.596551775932312, 0.3532150387763977, -0.10334375500679016, 0.03457224369049072, -0.047778256237506866, 0.9928958415985107, 0.02291284315288067, 0.021712608635425568, -0.015231097117066383, 0.9993855953216553, -0.6789348125457764, 0.4295746982097626, -0.3381000757217407, 0.490103542804718, -0.1527203619480133, -0.31660518050193787, -0.5158193707466125, 0.7812605500221252, 0.10462867468595505, -0.1203686073422432, 0.023449596017599106, 0.9869216680526733, 0.19777369499206543, -0.03383069857954979, -0.24424618482589722, 0.9487280249595642, -0.6354251503944397, -0.40281856060028076, 0.385097473859787, 0.5344829559326172, -0.2061055302619934, 0.13114029169082642, 0.31254643201828003, 0.9179528951644897, 0.2653910219669342, 0.38894855976104736, -0.017543476074934006, 0.8820311427116394, 0.1477932333946228, 0.2793780267238617, 0.1466350257396698, 0.9373384118080139, 0.05283873528242111, -0.01532283890992403, 0.015859294682741165, 0.9983595609664917, -0.12120482325553894, 0.0037429118528962135, -0.11743973195552826, 0.9856486916542053, 0.13565942645072937, -0.0005948070902377367, -1.7801488283453182e-08, 0.9907553791999817, -0.48164692521095276, 0.0021118877921253443, -1.8796743717075515e-08, 0.8763628005981445, 0.10989692807197571, 0.894685685634613, -0.12168192863464355, 0.4155162274837494, 0.41079041361808777, -0.34676164388656616, 0.7659567594528198, 0.3525874614715576, -0.4882217049598694, 0.074347585439682, 0.038520872592926025, 0.8686933517456055, 0.5799762010574341, 0.024739138782024384, 0.2745128273963928, 0.7665887475013733, 0.4114009439945221, 0.009664722718298435, 0.09268419444561005, 0.9066782593727112, 0.6919617652893066, -0.332689493894577, 0.43898293375968933, 0.46669113636016846, -0.5003214478492737, -0.04993034899234772, -0.023936349898576736, 0.8640674352645874, 0.4096144437789917, 0.11256659775972366, -0.05990636348724365, 0.9033028483390808, 0.48611021041870117, 0.018027285113930702, -0.14377401769161224, 0.8618009686470032, -0.5011644959449768, -0.5174009203910828, -0.5944977402687073, 0.3573555648326874, -0.10233359783887863, 0.03238767385482788, -0.04582596942782402, 0.9931660890579224, 0.023143230006098747, 0.02123623713850975, -0.01627531833946705, 0.9993740916252136, -0.6795427203178406, 0.4315800666809082, -0.3377547562122345, 0.4877316653728485, -0.16577337682247162, -0.3094891309738159, -0.5145195722579956, 0.7823076844215393, 0.09740602970123291, -0.10999288409948349, 0.02419440448284149, 0.9888520240783691, 0.1671847105026245, -0.0239429771900177, -0.21731805801391602, 0.9613786339759827, -0.6184349060058594, -0.40824830532073975, 0.4026513695716858, 0.5373486280441284, -0.15796251595020294, 0.15265855193138123, 0.3248588740825653, 0.9198967218399048, 0.2732720971107483, 0.4009123742580414, -0.017231948673725128, 0.8742395043373108, 0.14836880564689636, 0.27973541617393494, 0.14748507738113403, 0.9370074272155762, 0.04977503791451454, -0.019172919914126396, 0.00816849060356617, 0.9985430240631104, -0.13058722019195557, 0.02142532914876938, -0.15945054590702057, 0.9782962799072266, 0.1356595754623413, -0.0005952306091785431, 6.110082040322595e-08, 0.9907553791999817, -0.4816468060016632, 0.0021115129347890615, -2.1599649357995077e-07, 0.8763629198074341, 0.11492312699556351, 0.9111967086791992, -0.11161982268095016, 0.37954485416412354, 0.39301323890686035, -0.37763920426368713, 0.7573841214179993, 0.3595811128616333, -0.47935783863067627, 0.07323352247476578, 0.04016174376010895, 0.8736360669136047, 0.582453727722168, 0.027075281366705894, 0.29447507858276367, 0.7571650743484497, 0.4110509157180786, 0.010360943153500557, 0.09121717512607574, 0.9069781303405762, 0.6726513504981995, -0.34888413548469543, 0.4691132605075836, 0.4535997807979584, -0.46401360630989075, -0.046264052391052246, -0.02350325509905815, 0.8843068480491638, 0.42848533391952515, 0.11889402568340302, -0.0989944264292717, 0.8902048468589783, 0.47151103615760803, 0.009360048919916153, -0.12730927765369415, 0.872572124004364, -0.5030390620231628, -0.515320897102356, -0.5928572416305542, 0.3604391813278198, -0.1020733043551445, 0.030444763600826263, -0.044489774852991104, 0.9933151006698608, 0.023179112002253532, 0.02034999430179596, -0.01677478849887848, 0.9993834495544434, -0.6785122752189636, 0.4325723946094513, -0.3391628861427307, 0.4873097538948059, -0.17385166883468628, -0.3101767301559448, -0.5080648064613342, 0.7844974398612976, 0.090467169880867, -0.10058186203241348, 0.02499930001795292, 0.9904918670654297, 0.1427655667066574, -0.018543437123298645, -0.20529310405254364, 0.9680541753768921, -0.6078233122825623, -0.41474220156669617, 0.41415145993232727, 0.5357409715652466, -0.1202317625284195, 0.15633109211921692, 0.3287029266357422, 0.923612117767334, 0.2829565107822418, 0.4151404798030853, -0.01674993894994259, 0.8644729256629944, 0.14883169531822205, 0.279880553483963, 0.14809367060661316, 0.936794638633728, 0.04688350111246109, -0.022092759609222412, 0.0038905239198356867, 0.998648464679718, -0.13710089027881622, 0.03466126695275307, -0.1823568344116211, 0.9730097055435181, 0.13566048443317413, -0.0005957345711067319, 1.1186519799366579e-07, 0.9907552003860474, -0.4816461205482483, 0.002111092209815979, -4.3086367895739386e-07, 0.8763632774353027, 0.11851854622364044, 0.9236828088760376, -0.09908176213502884, 0.3506369888782501, 0.3808029294013977, -0.4068063497543335, 0.7475876808166504, 0.36140066385269165, -0.47709670662879944, 0.0729772225022316, 0.0432577058672905, 0.8747467398643494, 0.5888150930404663, 0.028864126652479172, 0.3106687068939209, 0.7456195950508118, 0.41078081727027893, 0.010715284384787083, 0.09059307724237442, 0.9071589112281799, 0.647538423538208, -0.3737039864063263, 0.5003290772438049, 0.43670371174812317, -0.42721930146217346, -0.04225483536720276, -0.02463153563439846, 0.9028241634368896, 0.45031630992889404, 0.11178062856197357, -0.16181251406669617, 0.8709403276443481, 0.4616504907608032, 0.003391323145478964, -0.11567609012126923, 0.8794807195663452, -0.5054349303245544, -0.5124423503875732, -0.591130256652832, 0.3640102744102478, -0.10190586000680923, 0.028762241825461388, -0.0422532744705677, 0.9934800267219543, 0.023017536848783493, 0.019561538472771645, -0.017199693247675896, 0.9993956685066223, -0.6758188009262085, 0.4336572587490082, -0.34258902072906494, 0.4876917004585266, -0.1859714388847351, -0.30807629227638245, -0.4974069893360138, 0.7893604636192322, 0.08813821524381638, -0.09777690470218658, 0.025384966284036636, 0.9909727573394775, 0.12450426816940308, -0.014266468584537506, -0.2045098841190338, 0.9708094000816345, -0.598506510257721, -0.4220637083053589, 0.4244912564754486, 0.5324090719223022, -0.0791214257478714, 0.14937804639339447, 0.3267018795013428, 0.9298880696296692, 0.29620563983917236, 0.4343540072441101, -0.01592629961669445, 0.8504970669746399, 0.14938651025295258, 0.2800857126712799, 0.14892151951789856, 0.9365137815475464, 0.043251022696495056, -0.025861576199531555, 3.180316343787126e-05, 0.998729407787323, -0.14536520838737488, 0.04761091247200966, -0.203094020485878, 0.9671375155448914, 0.1356656700372696, -0.0005992999649606645, 5.837447361045633e-07, 0.9907544851303101, -0.48164159059524536, 0.0021079755388200283, -2.1794187432533363e-06, 0.8763657808303833, 0.12080385535955429, 0.9324685335159302, -0.0826600044965744, 0.33026692271232605, 0.3731248080730438, -0.43376997113227844, 0.7355455756187439, 0.36275923252105713, -0.4786154329776764, 0.07316678762435913, 0.04557564854621887, 0.8737829923629761, 0.5952695608139038, 0.027316754683852196, 0.32535725831985474, 0.734200656414032, 0.4109830856323242, 0.01057305559515953, 0.09101936966180801, 0.9070262312889099, 0.628719687461853, -0.39790454506874084, 0.5195479393005371, 0.42006364464759827, -0.39700374007225037, -0.038759179413318634, -0.026502111926674843, 0.9166151881217957, 0.4769218862056732, 0.09391288459300995, -0.22428660094738007, 0.8446428179740906, 0.4572136104106903, 0.0002556148683652282, -0.10954587161540985, 0.8825844526290894, -0.5089287757873535, -0.5079231858253479, -0.5886676907539368, 0.36942654848098755, -0.1014782041311264, 0.02750040777027607, -0.03726474568247795, 0.9937591552734375, 0.02268032729625702, 0.01920703426003456, -0.0176232922822237, 0.9994029402732849, -0.6718719005584717, 0.4352729916572571, -0.34775596857070923, 0.48804861307144165, -0.207490473985672, -0.29242777824401855, -0.48435404896736145, 0.7980193495750427, 0.09750008583068848, -0.11140481382608414, 0.024659592658281326, 0.988673210144043, 0.11027087271213531, -0.01064934954047203, -0.21197053790092468, 0.9709765315055847, -0.586526095867157, -0.4325656592845917, 0.438100129365921, 0.5262534022331238, -0.02335231378674507, 0.13443510234355927, 0.31647491455078125, 0.9387361407279968, 0.3131665885448456, 0.4582352340221405, -0.014496022835373878, 0.8317072987556458, 0.15029984712600708, 0.280382364988327, 0.15008921921253204, 0.9360923767089844, 0.03797410428524017, -0.031037891283631325, -0.0048597147688269615, 0.9987847805023193, -0.15953534841537476, 0.062246136367321014, -0.22882795333862305, 0.9582858085632324, 0.13567058742046356, -0.0006013011443428695, 8.572891374569735e-07, 0.9907538294792175, -0.4816370904445648, 0.002106156898662448, -3.1666006634623045e-06, 0.8763682842254639, 0.12208504229784012, 0.9383230209350586, -0.06378323584794998, 0.3171384334564209, 0.36348816752433777, -0.4583469033241272, 0.7256215214729309, 0.36230912804603577, -0.48244509100914, 0.07368069887161255, 0.04723912104964256, 0.8715425133705139, 0.6026206016540527, 0.019936708733439445, 0.3316246569156647, 0.7255866527557373, 0.41127657890319824, 0.010286272503435612, 0.09151912480592728, 0.9068462252616882, 0.6157991290092468, -0.41741588711738586, 0.5310089588165283, 0.4056906998157501, -0.3814716041088104, -0.03675439581274986, -0.029053496196866035, 0.9231925010681152, 0.5063658356666565, 0.07292759418487549, -0.2787235379219055, 0.812765896320343, 0.45715850591659546, -0.0006509142694994807, -0.10785352438688278, 0.8828212022781372, -0.5129080414772034, -0.5027906894683838, -0.5851559042930603, 0.37645670771598816, -0.09995225071907043, 0.026737846434116364, -0.030271656811237335, 0.9941721558570862, 0.022243039682507515, 0.01938103698194027, -0.017846668139100075, 0.9994053840637207, -0.6672182679176331, 0.4368683695793152, -0.3540753722190857, 0.4884633719921112, -0.237682044506073, -0.26044443249702454, -0.4748888313770294, 0.8063228726387024, 0.11831483244895935, -0.1410326212644577, 0.022854521870613098, 0.9826439619064331, 0.10094241052865982, -0.007526902947574854, -0.22438807785511017, 0.9692285656929016, -0.5660063028335571, -0.44297152757644653, 0.4611680507659912, 0.520324170589447, 0.03979341685771942, 0.11426355689764023, 0.28823021054267883, 0.9498862028121948, 0.33269360661506653, 0.48363983631134033, -0.011733618564903736, 0.8094874024391174, 0.1516217589378357, 0.28053537011146545, 0.15171873569488525, 0.9355705380439758, 0.03066677786409855, -0.03751268610358238, -0.01022728905081749, 0.9987730979919434, -0.18043409287929535, 0.07735898345708847, -0.2561860978603363, 0.9464818239212036, 0.13567385077476501, -0.0006014795508235693, 8.220426934713032e-07, 0.9907534122467041, -0.48163414001464844, 0.00210602511651814, -3.312185526738176e-06, 0.8763698935508728, 0.12453790009021759, 0.9420111179351807, -0.04499175027012825, 0.30835238099098206, 0.3526217043399811, -0.48129042983055115, 0.7148869037628174, 0.3646289110183716, -0.4813019931316376, 0.07353957742452621, 0.04848305508494377, 0.8721179366111755, 0.6065559983253479, 0.012389348819851875, 0.3340302109718323, 0.72135990858078, 0.41118714213371277, 0.010259349830448627, 0.09150877594947815, 0.9068881273269653, 0.6109587550163269, -0.42878055572509766, 0.5309406518936157, 0.40122148394584656, -0.3774639368057251, -0.03625327721238136, -0.03022724762558937, 0.9248205423355103, 0.5248763561248779, 0.06340336054563522, -0.30307620763778687, 0.7928616404533386, 0.45884788036346436, -0.0005524871521629393, -0.10802706331014633, 0.8819231986999512, -0.5156919360160828, -0.4993886351585388, -0.5818756818771362, 0.382222056388855, -0.09804581850767136, 0.026542091742157936, -0.024359742179512978, 0.9945296049118042, 0.022027600556612015, 0.019788647070527077, -0.017689572647213936, 0.999405026435852, -0.6622727513313293, 0.43872183561325073, -0.36037373542785645, 0.4889261722564697, -0.26335108280181885, -0.24088045954704285, -0.4720791280269623, 0.8060795068740845, 0.123133584856987, -0.14801301062107086, 0.022508833557367325, 0.9810319542884827, 0.10470081865787506, -0.006549605634063482, -0.23724421858787537, 0.9657691717147827, -0.5340046882629395, -0.4364752769470215, 0.49703261256217957, 0.5265804529190063, 0.058399446308612823, 0.1004367470741272, 0.24011801183223724, 0.9637662172317505, 0.34447044134140015, 0.49601247906684875, -0.008630777709186077, 0.7970176935195923, 0.15285202860832214, 0.27997103333473206, 0.15304996073246002, 0.9353225231170654, 0.02449360489845276, -0.042510610073804855, -0.013891876675188541, 0.9986991286277771, -0.1983986347913742, 0.08881087601184845, -0.27265170216560364, 0.9372361898422241, 0.13567666709423065, -0.0006016524857841432, 8.554135320082423e-07, 0.9907529950141907, -0.4816318452358246, 0.002105868887156248, -3.351700115672429e-06, 0.8763711452484131, 0.1272175908088684, 0.9443933963775635, -0.02833794616162777, 0.3018837571144104, 0.3431817889213562, -0.4999804198741913, 0.7035908699035645, 0.3704129755496979, -0.47566139698028564, 0.07275163382291794, 0.0496564619243145, 0.875207245349884, 0.6056788563728333, 0.00552103528752923, 0.33692872524261475, 0.7208340167999268, 0.41108593344688416, 0.010396766476333141, 0.09130155295133591, 0.9069532752037048, 0.6138085126876831, -0.4312589168548584, 0.5241764187812805, 0.40310534834861755, -0.38159358501434326, -0.03697439283132553, -0.03049216978251934, 0.923086941242218, 0.5232756733894348, 0.054093554615974426, -0.28829139471054077, 0.8000903129577637, 0.46021637320518494, -0.0005562935839407146, -0.10808771848678589, 0.8812023997306824, -0.5191566944122314, -0.4966873228549957, -0.5784227252006531, 0.38627105951309204, -0.09694500267505646, 0.026238122954964638, -0.01809224858880043, 0.9947792887687683, 0.021856481209397316, 0.020322849974036217, -0.017320293933153152, 0.9994044899940491, -0.6574226021766663, 0.44051122665405273, -0.36666345596313477, 0.4891864061355591, -0.2916899621486664, -0.21905815601348877, -0.4650633931159973, 0.8066266775131226, 0.1270148754119873, -0.15346311032772064, 0.022151120007038116, 0.979706883430481, 0.11084858328104019, -0.005470968317240477, -0.24507208168506622, 0.9631315469741821, -0.4987177848815918, -0.42984193563461304, 0.5366381406784058, 0.5277649760246277, 0.07358445227146149, 0.09204854816198349, 0.1775628626346588, 0.9770280718803406, 0.3520650565624237, 0.49982234835624695, -0.004666090477257967, 0.7913318276405334, 0.15413375198841095, 0.2788558006286621, 0.1542791724205017, 0.9352433681488037, 0.019098440185189247, -0.04613707587122917, -0.01751536875963211, 0.9985989928245544, -0.2143074870109558, 0.0995640680193901, -0.28626200556755066, 0.9285544753074646, 0.13567407429218292, -0.0006019942229613662, 8.370828936676844e-07, 0.9907533526420593, -0.4816340506076813, 0.002105619525536895, -3.559463721103384e-06, 0.8763698935508728, 0.13002005219459534, 0.9455912113189697, -0.014808722771704197, 0.2978803813457489, 0.3332573473453522, -0.5147627592086792, 0.6923648118972778, 0.3802497982978821, -0.4629687964916229, 0.07099461555480957, 0.050077181309461594, 0.8821065425872803, 0.5992504954338074, -0.00010970800940413028, 0.3398752510547638, 0.7248335480690002, 0.4109945595264435, 0.010640935972332954, 0.09091584384441376, 0.9070306420326233, 0.6156538724899292, -0.43658310174942017, 0.5138304233551025, 0.4078526496887207, -0.3838883936405182, -0.037489570677280426, -0.02948000282049179, 0.9221470355987549, 0.5031512975692749, 0.06157752871513367, -0.254552960395813, 0.8235592246055603, 0.4594810903072357, -0.0009127266239374876, -0.10772838443517685, 0.8816297054290771, -0.5233995914459229, -0.4949052333831787, -0.5742338299751282, 0.3890724182128906, -0.09615760296583176, 0.025563890114426613, -0.011581862345337868, 0.9949703812599182, 0.021851932629942894, 0.02085929363965988, -0.017013896256685257, 0.9993987679481506, -0.6521344780921936, 0.442465603351593, -0.37338367104530334, 0.48941755294799805, -0.3220336139202118, -0.1958397775888443, -0.4579930007457733, 0.8050984740257263, 0.1299465149641037, -0.15719687938690186, 0.02175094373524189, 0.9787389636039734, 0.11915629357099533, -0.0039298878982663155, -0.24029165506362915, 0.9633515477180481, -0.46218645572662354, -0.4170286953449249, 0.5753042101860046, 0.5305617451667786, 0.08939924091100693, 0.09354910999536514, 0.1026884913444519, 0.9862613677978516, 0.3513699769973755, 0.48894548416137695, -0.0001829008833738044, 0.7984181046485901, 0.15542031824588776, 0.2770839035511017, 0.1553758978843689, 0.9353755116462708, 0.013995594345033169, -0.048544030636548996, -0.020739281550049782, 0.9985076189041138, -0.22798866033554077, 0.10908620804548264, -0.2970350980758667, 0.9208102822303772, 0.13567082583904266, -0.0005982498405501246, 3.8188071016520553e-07, 0.9907538294792175, -0.4816369414329529, 0.0021088800858706236, -1.6710400814190507e-06, 0.8763683438301086, 0.13216249644756317, 0.9450392127037048, -0.0037176343612372875, 0.2990321218967438, 0.3312077224254608, -0.5258919596672058, 0.6748968958854675, 0.3978107273578644, -0.44171610474586487, 0.06805434077978134, 0.04983694478869438, 0.8931807279586792, 0.5858169198036194, -0.0016512606525793672, 0.3496846854686737, 0.7311200499534607, 0.41080430150032043, 0.01099358405917883, 0.09046074748039246, 0.9071580767631531, 0.6149774789810181, -0.4429636597633362, 0.5017932057380676, 0.4168807566165924, -0.3821924924850464, -0.03741491958498955, -0.029507702216506004, 0.9228533506393433, 0.4953966736793518, 0.06086823716759682, -0.24260489642620087, 0.8318774104118347, 0.4599311351776123, -0.0026177549734711647, -0.10649723559617996, 0.8815411925315857, -0.5285338759422302, -0.4932248890399933, -0.5691508650779724, 0.3917251229286194, -0.09518361836671829, 0.023198209702968597, -0.004816168453544378, 0.9951777458190918, 0.021721534430980682, 0.021199354901909828, -0.01654604636132717, 0.9994023442268372, -0.645732045173645, 0.4452061951160431, -0.3814111053943634, 0.4892311692237854, -0.354149729013443, -0.17638351023197174, -0.45266440510749817, 0.7991006374359131, 0.1309814453125, -0.1579568088054657, 0.02142464369535446, 0.9784858226776123, 0.12814684212207794, -0.00023105854052118957, -0.22723568975925446, 0.9653715491294861, -0.4228679835796356, -0.39921891689300537, 0.6166608929634094, 0.5305998921394348, 0.1014348566532135, 0.10191021114587784, 0.01916680671274662, 0.9894230365753174, 0.3393637537956238, 0.4608181416988373, 0.0035460470244288445, 0.8200404644012451, 0.156314417719841, 0.2746925950050354, 0.15600115060806274, 0.9358276724815369, 0.009718047454953194, -0.050590697675943375, -0.02313157357275486, 0.998404324054718, -0.24189920723438263, 0.11708439141511917, -0.30316269397735596, 0.9142584204673767, 0.1356642246246338, -0.0005966898752376437, 1.8905650733813673e-07, 0.9907547235488892, -0.48164278268814087, 0.0021102633327245712, -9.185141607304104e-07, 0.8763651251792908, 0.13284148275852203, 0.9435732960700989, 0.0023746476508677006, 0.3033428490161896, 0.3399818539619446, -0.5284369587898254, 0.652116060256958, 0.4241597354412079, -0.41889676451683044, 0.06473344564437866, 0.049045998603105545, 0.9043946266174316, 0.5674234628677368, -0.0012072654208168387, 0.37238773703575134, 0.734408974647522, 0.4103500247001648, 0.011356501840054989, 0.09020482003688812, 0.9073846936225891, 0.6124404668807983, -0.44413694739341736, 0.4914673864841461, 0.4314148724079132, -0.379509836435318, -0.03704622760415077, -0.02883721888065338, 0.923995852470398, 0.494407594203949, 0.05186605453491211, -0.2431681752204895, 0.8329107165336609, 0.4455689787864685, -0.008130956441164017, -0.10040336847305298, 0.8895624876022339, -0.5324596762657166, -0.49390122294425964, -0.5634931921958923, 0.3937305808067322, -0.09234414249658585, 0.019449450075626373, -4.540413647191599e-05, 0.9955372214317322, 0.022047892212867737, 0.021157152950763702, -0.01606297679245472, 0.9994039535522461, -0.6388771533966064, 0.4471336901187897, -0.38930389285087585, 0.4902549386024475, -0.38671109080314636, -0.16067232191562653, -0.44793298840522766, 0.7899335622787476, 0.13064207136631012, -0.15695004165172577, 0.02129981853067875, 0.9786959290504456, 0.1377776712179184, 0.0037236737553030252, -0.2303294986486435, 0.9633025527000427, -0.39285245537757874, -0.387539267539978, 0.6495930552482605, 0.5229809880256653, 0.10329587012529373, 0.11226574331521988, -0.0633322149515152, 0.9862633347511292, 0.32217133045196533, 0.42698702216148376, 0.005775992292910814, 0.84489905834198, 0.15672197937965393, 0.27214470505714417, 0.15611445903778076, 0.9364848136901855, 0.004976512864232063, -0.05188141018152237, -0.024431001394987106, 0.998341977596283, -0.2560925781726837, 0.12041056901216507, -0.3043176531791687, 0.9095651507377625, 0.13566085696220398, -0.0005964524461887777, 1.513347172021895e-07, 0.9907551407814026, -0.4816458225250244, 0.0021104603074491024, -8.22473225525755e-07, 0.8763634562492371, 0.13167622685432434, 0.9412485361099243, 0.0058884890750050545, 0.31093066930770874, 0.35101190209388733, -0.524685263633728, 0.6290931701660156, 0.453583300113678, -0.3961907625198364, 0.06129249185323715, 0.04710248112678528, 0.9149084687232971, 0.5472445487976074, -0.0005920976982451975, 0.39794784784317017, 0.7363155484199524, 0.40947529673576355, 0.011604005470871925, 0.09025019407272339, 0.9077721238136292, 0.6089104413986206, -0.44141286611557007, 0.48290547728538513, 0.4485364854335785, -0.3785836696624756, -0.03680458664894104, -0.028379788622260094, 0.9243994951248169, 0.4973716139793396, 0.04044884815812111, -0.24766524136066437, 0.8304500579833984, 0.43187999725341797, -0.011483130045235157, -0.09426795691251755, 0.8969177007675171, -0.5347931385040283, -0.4957544505596161, -0.5581355690956116, 0.39586445689201355, -0.08851926028728485, 0.01571323163807392, 0.003533868119120598, 0.9959442615509033, 0.022723348811268806, 0.021091006696224213, -0.01589082181453705, 0.9993929862976074, -0.6301612257957458, 0.4488464593887329, -0.3986234962940216, 0.4924764037132263, -0.41751629114151, -0.1487153172492981, -0.4420439898967743, 0.7798468470573425, 0.12982819974422455, -0.1553262621164322, 0.02125483751296997, 0.9790641665458679, 0.14684560894966125, 0.005645997356623411, -0.24148258566856384, 0.9592135548591614, -0.3702782988548279, -0.3775057792663574, 0.6740418672561646, 0.5158012509346008, 0.09958314150571823, 0.12558987736701965, -0.14252308011054993, 0.9767280220985413, 0.3022703230381012, 0.39110249280929565, 0.006839603651314974, 0.8692668080329895, 0.15685632824897766, 0.269912987947464, 0.1560531109571457, 0.9371181726455688, 0.001424226677045226, -0.05189097300171852, -0.024856215342879295, 0.9983423352241516, -0.2716682255268097, 0.11894205212593079, -0.30256807804107666, 0.9058155417442322, 0.1356603056192398, -0.0005936321686021984, -1.3078295069135493e-07, 0.9907552599906921, -0.48164623975753784, 0.0021128873340785503, 5.976432362331252e-07, 0.876363217830658, 0.12939168512821198, 0.9379895329475403, 0.007765986956655979, 0.3215170204639435, 0.357343852519989, -0.5160925388336182, 0.611369788646698, 0.4818515181541443, -0.37526488304138184, 0.05811309441924095, 0.04431144520640373, 0.9240322709083557, 0.5281097292900085, -0.0006216042675077915, 0.41730785369873047, 0.7395633459091187, 0.40816107392311096, 0.011675495654344559, 0.090626560151577, 0.9083254337310791, 0.6047957539558411, -0.4349403977394104, 0.4764569401741028, 0.4669451117515564, -0.38182318210601807, -0.03702050819993019, -0.028758911415934563, 0.9230457544326782, 0.5055460333824158, 0.02872529625892639, -0.2532062530517578, 0.8243085741996765, 0.4260483980178833, -0.010945328511297703, -0.09039756655693054, 0.9001062512397766, -0.5361299514770508, -0.4981018602848053, -0.5534495115280151, 0.3976844251155853, -0.08465644717216492, 0.011797299608588219, 0.005902934819459915, 0.9963229298591614, 0.02354883961379528, 0.021050477400422096, -0.016055947169661522, 0.9993720650672913, -0.6204527616500854, 0.451709508895874, -0.40857863426208496, 0.49402472376823425, -0.4431118965148926, -0.14116787910461426, -0.43666431307792664, 0.770095944404602, 0.12823638319969177, -0.1525011956691742, 0.02126898430287838, 0.9797175526618958, 0.1566297858953476, 0.006231807172298431, -0.24988184869289398, 0.9555037021636963, -0.3530443012714386, -0.3688865005970001, 0.6928524971008301, 0.5091541409492493, 0.09235953539609909, 0.1439327597618103, -0.21636748313903809, 0.9612170457839966, 0.27993306517601013, 0.3538775146007538, 0.0065885367803275585, 0.8923927545547485, 0.15681752562522888, 0.268085241317749, 0.15593287348747253, 0.9376692175865173, -0.0006775029469281435, -0.04963419586420059, -0.024897359311580658, 0.9984568953514099, -0.2858498692512512, 0.11508271098136902, -0.2986810505390167, 0.9032360315322876, 0.13566149771213531, -0.0005878882366232574, -6.702254609081137e-07, 0.9907551407814026, -0.48164522647857666, 0.002117841737344861, 3.5954881241195835e-06, 0.8763637542724609, 0.12704847753047943, 0.9340233206748962, 0.008760206401348114, 0.33374008536338806, 0.3559877872467041, -0.5026389956474304, 0.6066635847091675, 0.5025794506072998, -0.35958331823349, 0.05587359145283699, 0.04214932397007942, 0.9304845333099365, 0.5100476145744324, 0.0028678460512310266, 0.4218370020389557, 0.7495977282524109, 0.4074626863002777, 0.011268108151853085, 0.09144409745931625, 0.9085621237754822, 0.6009715795516968, -0.4246766269207001, 0.4712594151496887, 0.4862072169780731, -0.3898159861564636, -0.03801063820719719, -0.03031996451318264, 0.9196082949638367, 0.5235283374786377, 0.01892627403140068, -0.2541227638721466, 0.8130077123641968, 0.4227443039417267, -0.011708661913871765, -0.08723136782646179, 0.9019650220870972, -0.537358820438385, -0.500565767288208, -0.5502367615699768, 0.39739033579826355, -0.08270297199487686, 0.007400385104119778, 0.006797300651669502, 0.9965236186981201, 0.024176038801670074, 0.02109995111823082, -0.01690022088587284, 0.9993422031402588, -0.6132485866546631, 0.45501992106437683, -0.4159039258956909, 0.4938693642616272, -0.4621102511882782, -0.13489313423633575, -0.42838266491889954, 0.7646870017051697, 0.1263699233531952, -0.14886771142482758, 0.021439582109451294, 0.9805148839950562, 0.16924163699150085, 0.007320086471736431, -0.25379058718681335, 0.9523098468780518, -0.34040334820747375, -0.35947364568710327, 0.7067211866378784, 0.5054200887680054, 0.08440077304840088, 0.1642751544713974, -0.28242602944374084, 0.9413425326347351, 0.2584837079048157, 0.3207815885543823, 0.005549510475248098, 0.9111830592155457, 0.15673264861106873, 0.2669724225997925, 0.15612128376960754, 0.9379695057868958, -0.0019154779147356749, -0.04480722174048424, -0.024093078449368477, 0.9987032413482666, -0.2958032190799713, 0.11327162384986877, -0.29162490367889404, 0.9025657773017883, 0.13566212356090546, -0.0005822891835123301, -1.1773698815886746e-06, 0.990755021572113, -0.4816446900367737, 0.00212265201844275, 6.592201771127293e-06, 0.8763640522956848, 0.1254677027463913, 0.929138720035553, 0.010961786843836308, 0.3476189374923706, 0.35984623432159424, -0.4789522588253021, 0.617914617061615, 0.5092121958732605, -0.36090749502182007, 0.056205105036497116, 0.043148383498191833, 0.929905891418457, 0.48500701785087585, 0.013102071359753609, 0.4163205623626709, 0.7689432501792908, 0.4090568423271179, 0.010313303209841251, 0.09245876967906952, 0.907754123210907, 0.5972554683685303, -0.4139269292354584, 0.4631118178367615, 0.507422685623169, -0.395626038312912, -0.03918854519724846, -0.032092753797769547, 0.9170138239860535, 0.5425370335578918, 0.008145546540617943, -0.25236237049102783, 0.8011869192123413, 0.4226490259170532, -0.011969425715506077, -0.08584131300449371, 0.9021396040916443, -0.538328230381012, -0.50253826379776, -0.5488517880439758, 0.3954993188381195, -0.08264262974262238, 0.0034843767061829567, 0.007497717160731554, 0.9965449571609497, 0.024455497041344643, 0.021078655496239662, -0.01863180845975876, 0.999305009841919, -0.6080074906349182, 0.45528119802474976, -0.42145970463752747, 0.49539655447006226, -0.4793405830860138, -0.13013042509555817, -0.4201814830303192, 0.7594380974769592, 0.12531635165214539, -0.1459033191204071, 0.021795952692627907, 0.9810876846313477, 0.18532779812812805, 0.01080721989274025, -0.25055965781211853, 0.9501351118087769, -0.3335568606853485, -0.35020682215690613, 0.7142975330352783, 0.5058399438858032, 0.07719609141349792, 0.17956744134426117, -0.3419850766658783, 0.9191531538963318, 0.2411942332983017, 0.2957817614078522, 0.004839962348341942, 0.9242916703224182, 0.156948521733284, 0.26637744903564453, 0.15679408609867096, 0.9379903674125671, -0.0048836469650268555, -0.040035735815763474, -0.02147524803876877, 0.9989555478096008, -0.30133575201034546, 0.11480273306369781, -0.2809215486049652, 0.903935968875885, 0.13566778600215912, -0.0005800133803859353, -1.3566748293669662e-06, 0.990754246711731, -0.48163965344429016, 0.002124563092365861, 7.79656238591997e-06, 0.8763667941093445, 0.12373445183038712, 0.9230024218559265, 0.015139838680624962, 0.3640426993370056, 0.362935334444046, -0.4583192467689514, 0.629661500453949, 0.5116130113601685, -0.3616582155227661, 0.05636118724942207, 0.04204924777150154, 0.929655134677887, 0.44919902086257935, 0.029102014377713203, 0.42056992650032043, 0.7877146005630493, 0.41268712282180786, 0.00945375394076109, 0.09472690522670746, 0.9058845639228821, 0.5899605751037598, -0.40686339139938354, 0.4562027156352997, 0.5275299549102783, -0.3967379629611969, -0.03939775004982948, -0.03452249988913536, 0.9164360761642456, 0.5584465265274048, -0.004399922210723162, -0.2564842402935028, 0.7888814806938171, 0.42369088530540466, -0.011993695981800556, -0.08547238260507584, 0.9016854763031006, -0.5391561388969421, -0.5037825703620911, -0.5486346483230591, 0.39308252930641174, -0.08349239081144333, -9.126154327532277e-05, 0.007131021469831467, 0.9964829087257385, 0.02458399161696434, 0.020971769466996193, -0.01953998953104019, 0.9992867708206177, -0.6053647398948669, 0.45532700419425964, -0.42416778206825256, 0.49627885222435, -0.4911559522151947, -0.12663325667381287, -0.41730979084968567, 0.7540440559387207, 0.12499319016933441, -0.14457395672798157, 0.021705932915210724, 0.9813276529312134, 0.19713182747364044, 0.010483697056770325, -0.24450074136257172, 0.9493411183357239, -0.329853355884552, -0.3425549864768982, 0.7177822589874268, 0.5085680484771729, 0.06659361720085144, 0.19813495874404907, -0.39895448088645935, 0.8928287625312805, 0.22457581758499146, 0.2713651657104492, 0.003302871249616146, 0.9359037280082703, 0.15686988830566406, 0.26600828766822815, 0.1566966474056244, 0.9381245374679565, -0.009079738520085812, -0.036833755671978, -0.019198128953576088, 0.9990957379341125, -0.3067503869533539, 0.1189781054854393, -0.2669204771518707, 0.905815601348877, 0.13565926253795624, -0.0005731905694119632, -1.7903826119436417e-06, 0.9907553791999817, -0.4816471338272095, 0.002130289562046528, 1.1455588719400112e-05, 0.876362681388855, 0.12205854803323746, 0.9166518449783325, 0.02195189893245697, 0.3799595534801483, 0.37205150723457336, -0.44696304202079773, 0.6390300393104553, 0.5034306645393372, -0.3668186068534851, 0.05707301199436188, 0.04388618841767311, 0.927502453327179, 0.41301408410072327, 0.0622410774230957, 0.43557029962539673, 0.7973856925964355, 0.4179743826389313, 0.008059057407081127, 0.09820601344108582, 0.9030991792678833, 0.5793440341949463, -0.4047190845012665, 0.4509564936161041, 0.5451617240905762, -0.3938881754875183, -0.038996610790491104, -0.03881080821156502, 0.9175102710723877, 0.5717766880989075, -0.0173043180257082, -0.26394587755203247, 0.7765980362892151, 0.4250186085700989, -0.011818716302514076, -0.08545723557472229, 0.9010641574859619, -0.5393046140670776, -0.5057852268218994, -0.5496519207954407, 0.3888634443283081, -0.084914930164814, -0.0027535322587937117, 0.005059406626969576, 0.9963715672492981, 0.024481380358338356, 0.02074853889644146, -0.02036891132593155, 0.9992774128913879, -0.6029156446456909, 0.45487621426582336, -0.4268379509449005, 0.4973829388618469, -0.5008203387260437, -0.12569411098957062, -0.41818100214004517, 0.7473317384719849, 0.12676078081130981, -0.1463489681482315, 0.02152850665152073, 0.9808415770530701, 0.20258943736553192, 0.0041417875327169895, -0.24517004191875458, 0.9480675458908081, -0.32728302478790283, -0.33565422892570496, 0.7203390002250671, 0.511208176612854, 0.054888077080249786, 0.21405786275863647, -0.4483201205730438, 0.8661267757415771, 0.2125115990638733, 0.25415799021720886, 0.0019219685345888138, 0.9435247182846069, 0.156845360994339, 0.26591965556144714, 0.15670090913772583, 0.9381530284881592, -0.013939883559942245, -0.03453439846634865, -0.016200561076402664, 0.999174952507019, -0.31439247727394104, 0.12185407429933548, -0.2500345706939697, 0.9076297283172607, 0.13565142452716827, -0.0005601404700428247, -3.2100181215355406e-06, 0.9907565116882324, -0.48165416717529297, 0.002141618635505438, 1.8108188669430092e-05, 0.8763588070869446, 0.11882869899272919, 0.9105358123779297, 0.03265250846743584, 0.39463672041893005, 0.38439154624938965, -0.4440789520740509, 0.6515427231788635, 0.4801345765590668, -0.3803577721118927, 0.0588969960808754, 0.046816691756248474, 0.9217740297317505, 0.3847160041332245, 0.1076587587594986, 0.439445436000824, 0.8045439124107361, 0.42457088828086853, 0.005301725585013628, 0.1047045961022377, 0.8993043899536133, 0.5716646909713745, -0.4057861268520355, 0.4462648332118988, 0.5562236905097961, -0.38969847559928894, -0.038654789328575134, -0.0428876131772995, 0.9191308617591858, 0.5812364816665649, -0.02883164957165718, -0.2726490795612335, 0.7661562561988831, 0.4261630177497864, -0.011714567430317402, -0.08544115722179413, 0.9005263447761536, -0.5384032726287842, -0.5089505314826965, -0.5519176721572876, 0.3827248215675354, -0.08697503805160522, -0.0052665965631604195, 0.0002326809917576611, 0.9961965680122375, 0.023933665826916695, 0.020728860050439835, -0.020790167152881622, 0.9992824196815491, -0.5991640686988831, 0.45468685030937195, -0.43131664395332336, 0.4982251226902008, -0.5130993127822876, -0.12665843963623047, -0.41514015197753906, 0.7405034899711609, 0.1324320286512375, -0.15373633801937103, 0.021027809008955956, 0.9789712429046631, 0.20058679580688477, -0.008151227608323097, -0.26034969091415405, 0.9444133639335632, -0.3207995891571045, -0.33043962717056274, 0.7285332679748535, 0.5070863962173462, 0.045496806502342224, 0.223574697971344, -0.48299461603164673, 0.8453760147094727, 0.21700330078601837, 0.26031696796417236, 0.0022387984208762646, 0.9408186078071594, 0.1569806933403015, 0.26649558544158936, 0.15708240866661072, 0.937903106212616, -0.018595632165670395, -0.032357972115278244, -0.012274540960788727, 0.9992279410362244, -0.320795476436615, 0.1259819120168686, -0.22651873528957367, 0.9109929203987122, 0.1356450766324997, -0.0005543314618989825, -3.7193874504737323e-06, 0.9907573461532593, -0.4816596508026123, 0.0021465683821588755, 2.1098219804116525e-05, 0.876355767250061, 0.11297988146543503, 0.9042507410049438, 0.04577077552676201, 0.4092325270175934, 0.38250717520713806, -0.4471660256385803, 0.6779903769493103, 0.44052237272262573, -0.4127659797668457, 0.06399829685688019, 0.047842152416706085, 0.9073255062103271, 0.38276752829551697, 0.10928301513195038, 0.3833577632904053, 0.8334165215492249, 0.4324176609516144, -0.002613375661894679, 0.12255610525608063, 0.8933018445968628, 0.5700494647026062, -0.4072488844394684, 0.43906834721565247, 0.562504231929779, -0.38431987166404724, -0.038278158754110336, -0.0469709113240242, 0.9212093949317932, 0.5880023837089539, -0.03746724873781204, -0.2784702181816101, 0.7584878206253052, 0.42695483565330505, -0.011665779165923595, -0.08539814502000809, 0.9001559019088745, -0.5362929701805115, -0.5133838653564453, -0.5543758273124695, 0.37615731358528137, -0.08825591951608658, -0.008858093060553074, -0.007497807964682579, 0.9960302114486694, 0.023713963106274605, 0.02080375887453556, -0.021024731919169426, 0.9992811679840088, -0.5970332026481628, 0.4542115330696106, -0.4339914619922638, 0.49889352917671204, -0.5301042795181274, -0.1256674826145172, -0.4107740521430969, 0.7310689687728882, 0.1398053765296936, -0.1632017195224762, 0.020240137353539467, 0.9764271974563599, 0.20371659100055695, -0.014644000679254532, -0.27473440766334534, 0.9395776391029358, -0.3111427426338196, -0.32429754734039307, 0.7404329776763916, 0.4997803270816803, 0.03882855176925659, 0.23343661427497864, -0.5087196826934814, 0.8277705311775208, 0.22445963323116302, 0.2705460786819458, 0.0029081134125590324, 0.9361700415611267, 0.15714256465435028, 0.2671874165534973, 0.15754203498363495, 0.9376020431518555, -0.02198735624551773, -0.029270373284816742, -0.007497699931263924, 0.999301552772522, -0.3266800045967102, 0.12831363081932068, -0.19725212454795837, 0.9153728485107422, 0.13563816249370575, -0.0005491484771482646, -4.207954134471947e-06, 0.9907582998275757, -0.4816657602787018, 0.00215104129165411, 2.3814563974156044e-05, 0.8763523697853088, 0.10731514543294907, 0.8996303081512451, 0.059822287410497665, 0.41901084780693054, 0.37181273102760315, -0.4506102204322815, 0.7077593803405762, 0.3972184658050537, -0.4577224552631378, 0.07080056518316269, 0.04660774767398834, 0.8850452899932861, 0.3898138999938965, 0.08558632433414459, 0.2996324896812439, 0.8665682673454285, 0.43442240357398987, -0.00505821080878377, 0.12727253139019012, 0.8916575908660889, 0.5727500915527344, -0.41009631752967834, 0.4269179701805115, 0.5670269131660461, -0.37824347615242004, -0.03792813420295715, -0.04970169812440872, 0.9235924482345581, 0.5940628051757812, -0.0424121655523777, -0.27711689472198486, 0.7539873123168945, 0.4274539053440094, -0.01156274788081646, -0.0854373499751091, 0.8999166488647461, -0.53235924243927, -0.5183876156806946, -0.5579131245613098, 0.3695957660675049, -0.08914744108915329, -0.01279342733323574, -0.017157748341560364, 0.9957885146141052, 0.023941142484545708, 0.020892830565571785, -0.021512875333428383, 0.9992634654045105, -0.5943496227264404, 0.45496413111686707, -0.4368833601474762, 0.4988878071308136, -0.5497175455093384, -0.11877645552158356, -0.40579119324684143, 0.7204417586326599, 0.14762918651103973, -0.17307966947555542, 0.019387787207961082, 0.9735878109931946, 0.20780318975448608, -0.021288657560944557, -0.2938660681247711, 0.9327418804168701, -0.3048936724662781, -0.3197786808013916, 0.7484391927719116, 0.49459102749824524, 0.02794146165251732, 0.2513791620731354, -0.5296050310134888, 0.8096581697463989, 0.23270784318447113, 0.2824368476867676, 0.003434588899835944, 0.9306259751319885, 0.1572527140378952, 0.2680310308933258, 0.15797404944896698, 0.9372700452804565, -0.02486947737634182, -0.02616761066019535, -0.0026788925752043724, 0.9993445873260498, -0.3335147500038147, 0.12818942964076996, -0.16930867731571198, 0.9185150861740112, 0.13563206791877747, -0.0005449671880342066, -4.617441845766734e-06, 0.9907591342926025, -0.4816712737083435, 0.0021546557545661926, 2.5981218641391024e-05, 0.8763493895530701, 0.1033008024096489, 0.8971348404884338, 0.0732046365737915, 0.42322471737861633, 0.36914190649986267, -0.4495767652988434, 0.7269908785820007, 0.3648277521133423, -0.5035807490348816, 0.07706502825021744, 0.043946437537670135, 0.8593812584877014, 0.3882721960544586, 0.07061383128166199, 0.2351633757352829, 0.8882322907447815, 0.4292283356189728, 0.0008825030527077615, 0.11294849961996078, 0.8961054086685181, 0.574560821056366, -0.4164368510246277, 0.41429659724235535, 0.5699285864830017, -0.37233322858810425, -0.03752181679010391, -0.050769414752721786, 0.9259495139122009, 0.5991395711898804, -0.04445434734225273, -0.2745184004306793, 0.7507964372634888, 0.4277298152446747, -0.011372987180948257, -0.08557546883821487, 0.8997748494148254, -0.5269702672958374, -0.5237340331077576, -0.5623381733894348, 0.3630163371562958, -0.08968962728977203, -0.016532810404896736, -0.02736506424844265, 0.9954565167427063, 0.02445477619767189, 0.02095276676118374, -0.02244894951581955, 0.9992291927337646, -0.590400755405426, 0.4569719433784485, -0.4407420754432678, 0.49834734201431274, -0.5711129903793335, -0.10595308244228363, -0.40155690908432007, 0.7080649137496948, 0.1547820270061493, -0.18168167769908905, 0.018596366047859192, 0.9709214568138123, 0.21207435429096222, -0.027335744351148605, -0.3158508539199829, 0.9244000911712646, -0.30544543266296387, -0.31995150446891785, 0.7493947148323059, 0.49268829822540283, 0.007060554809868336, 0.2802140414714813, -0.5477480888366699, 0.7882907390594482, 0.24419407546520233, 0.29977673292160034, 0.0038996017538011074, 0.9222190380096436, 0.15726667642593384, 0.26905590295791626, 0.1583438664674759, 0.9369116425514221, -0.02748708985745907, -0.02309286594390869, 0.0019045554799959064, 0.9993535876274109, -0.3431355059146881, 0.12563739717006683, -0.14528313279151917, 0.9194379448890686, 0.13562726974487305, -0.0005415920750238001, -4.8919214350462426e-06, 0.9907597899436951, -0.481675386428833, 0.0021575146820396185, 2.7679667255142704e-05, 0.8763470649719238, 0.1023884192109108, 0.8964255452156067, 0.08181686699390411, 0.4233720600605011, 0.3677084147930145, -0.4463786780834198, 0.7400572299957275, 0.3432956337928772, -0.5347160696983337, 0.08106210827827454, 0.043132487684488297, 0.8400281071662903, 0.3832084834575653, 0.07329946011304855, 0.20811307430267334, 0.8969210982322693, 0.42327871918678284, 0.007024530321359634, 0.0974910706281662, 0.9007115364074707, 0.5715519189834595, -0.4241899251937866, 0.4048747420310974, 0.573992908000946, -0.36755993962287903, -0.037111639976501465, -0.05063861981034279, 0.9278783202171326, 0.6041907072067261, -0.04472674801945686, -0.2741686701774597, 0.746849775314331, 0.4278637170791626, -0.01115639228373766, -0.08566286414861679, 0.8997055292129517, -0.5218566656112671, -0.5294970870018005, -0.5653691291809082, 0.3572900891304016, -0.08927455544471741, -0.019649697467684746, -0.036092374473810196, 0.9951589107513428, 0.025224728509783745, 0.020442580804228783, -0.023840315639972687, 0.9991884231567383, -0.5871565341949463, 0.45941832661628723, -0.4434646964073181, 0.497514933347702, -0.5925551056861877, -0.0857565626502037, -0.3995029330253601, 0.6942058205604553, 0.1573037952184677, -0.1836085021495819, 0.018276678398251534, 0.9701594710350037, 0.21542978286743164, -0.02928289771080017, -0.3338848650455475, 0.9171987175941467, -0.31539270281791687, -0.3284081220626831, 0.7408785223960876, 0.4937354028224945, -0.028848104178905487, 0.32165661454200745, -0.5611276030540466, 0.762129008769989, 0.2597644329071045, 0.32388362288475037, 0.004386770073324442, 0.9097266793251038, 0.1571587324142456, 0.270248144865036, 0.15861046314239502, 0.9365414381027222, -0.030423501506447792, -0.01817513257265091, 0.005054151173681021, 0.9993590712547302, -0.357233464717865, 0.12044399231672287, -0.1288444697856903, 0.9172112941741943, 0.13562573492527008, -0.0005386322154663503, -5.100836915516993e-06, 0.9907600283622742, -0.4816768169403076, 0.0021600290201604366, 2.9335298677324317e-05, 0.876346230506897, 0.10507334768772125, 0.8963043093681335, 0.0848875641822815, 0.42236512899398804, 0.3636222779750824, -0.4438268542289734, 0.7494571805000305, 0.3303188383579254, -0.5446913242340088, 0.08231693506240845, 0.04579687491059303, 0.833329439163208, 0.37979674339294434, 0.09000229090452194, 0.2152886837720871, 0.8951563239097595, 0.4242555499076843, 0.006991853471845388, 0.0973871499300003, 0.9002633690834045, 0.5628886222839355, -0.4311556816101074, 0.40086835622787476, 0.5801429748535156, -0.3658316135406494, -0.0369209423661232, -0.050691764801740646, 0.9285658001899719, 0.6094272136688232, -0.04453879967331886, -0.2775973081588745, 0.741319477558136, 0.42819178104400635, -0.0109183881431818, -0.0857982411980629, 0.8995395302772522, -0.5191650390625, -0.5349762439727783, -0.5654229521751404, 0.3529376983642578, -0.0879814550280571, -0.02214476466178894, -0.041315462440252304, 0.9950185418128967, 0.026112724095582962, 0.019053861498832703, -0.025197431445121765, 0.9991597533226013, -0.5823491811752319, 0.4625440835952759, -0.4476449191570282, 0.49652430415153503, -0.6114481687545776, -0.06817421317100525, -0.40222442150115967, 0.6780110597610474, 0.1523648053407669, -0.17558550834655762, 0.01878262683749199, 0.9724206328392029, 0.21683737635612488, -0.029444145038723946, -0.345632404088974, 0.9124981164932251, -0.3352133333683014, -0.3457319736480713, 0.7216538786888123, 0.4973098933696747, -0.07074256986379623, 0.36123690009117126, -0.5567465424537659, 0.7446722388267517, 0.2764994204044342, 0.3496159315109253, 0.005118890665471554, 0.8951483368873596, 0.156998410820961, 0.2710815966129303, 0.1586504727602005, 0.9363206624984741, -0.03181813657283783, -0.012066513299942017, 0.006036604754626751, 0.999402642250061, -0.37405261397361755, 0.11996028572320938, -0.12056935578584671, 0.9116782546043396, 0.1356276422739029, -0.0005352323642000556, -5.371208771975944e-06, 0.9907597303390503, -0.4816751778125763, 0.002162925200536847, 3.11393232550472e-05, 0.8763471841812134, 0.10921871662139893, 0.8961626291275024, 0.08583925664424896, 0.42142075300216675, 0.35932043194770813, -0.44252073764801025, 0.7549049854278564, 0.32431894540786743, -0.538428783416748, 0.08156119287014008, 0.048350777477025986, 0.8373197913169861, 0.38077935576438904, 0.10991440713405609, 0.23048937320709229, 0.8887072801589966, 0.4251593053340912, 0.007171607576310635, 0.09702058136463165, 0.8998751044273376, 0.5521195530891418, -0.4375433623790741, 0.4001564383506775, 0.5861694812774658, -0.36652204394340515, -0.036914482712745667, -0.051052458584308624, 0.9282739758491516, 0.6147199869155884, -0.044362518936395645, -0.28358450531959534, 0.7346639633178711, 0.4283810257911682, -0.01077545341104269, -0.08584331721067429, 0.8994467854499817, -0.5181485414505005, -0.5388320684432983, -0.5640876293182373, 0.3506956696510315, -0.08648744970560074, -0.023251919075846672, -0.04336228221654892, 0.9950371980667114, 0.026905138045549393, 0.017250457778573036, -0.026149168610572815, 0.9991470575332642, -0.5783154964447021, 0.46584150195121765, -0.4511469304561615, 0.49498409032821655, -0.6262982487678528, -0.05093460902571678, -0.40550240874290466, 0.6638704538345337, 0.14337049424648285, -0.16248133778572083, 0.019835596904158592, 0.9760385751724243, 0.21500816941261292, -0.03235780447721481, -0.3600746691226959, 0.9072324633598328, -0.3655690848827362, -0.3737720847129822, 0.6905084252357483, 0.4998518228530884, -0.10674066096544266, 0.3873361349105835, -0.5208287835121155, 0.7532028555870056, 0.29557356238365173, 0.3779814541339874, 0.006559027824550867, 0.8773387670516968, 0.15689589083194733, 0.27147340774536133, 0.15854091942310333, 0.9362428784370422, -0.032720863819122314, -0.0063466099090874195, 0.00555034726858139, 0.9994289875030518, -0.3897211253643036, 0.12372370064258575, -0.11770117282867432, 0.9049620628356934, 0.13563233613967896, -0.0005322035285644233, -5.6320641306228936e-06, 0.9907591342926025, -0.48167094588279724, 0.002165495418012142, 3.2755982829257846e-05, 0.8763495087623596, 0.11390598863363266, 0.8963156342506409, 0.0851767286658287, 0.4199865758419037, 0.3546837270259857, -0.4423147737979889, 0.7568814158439636, 0.32509645819664, -0.5181605219841003, 0.07904728502035141, 0.04975895211100578, 0.8501677513122559, 0.3839515149593353, 0.11965787410736084, 0.249141126871109, 0.8810175657272339, 0.4256892204284668, 0.007532564923167229, 0.0963764414191246, 0.8996908068656921, 0.5414319634437561, -0.44269755482673645, 0.4011184275150299, 0.5915864109992981, -0.3696463108062744, -0.03714452683925629, -0.05152053385972977, 0.9269992113113403, 0.6204126477241516, -0.043560195714235306, -0.2892969250679016, 0.7276661396026611, 0.4284653663635254, -0.010690410621464252, -0.08586562424898148, 0.8994055390357971, -0.5178670883178711, -0.5414373874664307, -0.5621898770332336, 0.350145548582077, -0.08477669954299927, -0.022782567888498306, -0.043491918593645096, 0.9951896071434021, 0.02758375182747841, 0.015225588344037533, -0.02662990242242813, 0.9991487264633179, -0.576945424079895, 0.46860471367836, -0.4520988464355469, 0.4931027293205261, -0.6364982724189758, -0.033844638615846634, -0.40922632813453674, 0.6528845429420471, 0.13169418275356293, -0.1460248827934265, 0.021195339038968086, 0.9802469611167908, 0.2094624936580658, -0.036741118878126144, -0.3737887144088745, 0.9028053879737854, -0.4034739136695862, -0.41103288531303406, 0.6490932703018188, 0.4969293475151062, -0.1319078654050827, 0.4001091420650482, -0.44680067896842957, 0.7892287969589233, 0.31593894958496094, 0.4085644781589508, 0.008201713673770428, 0.8562653660774231, 0.15671606361865997, 0.2715591788291931, 0.15823689103126526, 0.9362995624542236, -0.034026313573122025, -0.0008585598552599549, 0.003907020203769207, 0.9994129538536072, -0.4026425778865814, 0.1264902800321579, -0.11902391910552979, 0.8987283110618591, 0.1356392800807953, -0.0005302293575368822, -5.788584985566558e-06, 0.9907581806182861, -0.4816647171974182, 0.0021671843715012074, 3.3806027204263955e-05, 0.8763529062271118, 0.1184631809592247, 0.897190272808075, 0.08312639594078064, 0.4172602891921997, 0.3524463474750519, -0.44191715121269226, 0.7543008327484131, 0.33394768834114075, -0.4861088693141937, 0.07501263171434402, 0.04941609874367714, 0.8692694306373596, 0.3841370642185211, 0.11181004345417023, 0.26686352491378784, 0.8767673969268799, 0.4252197742462158, 0.008156542666256428, 0.09551884233951569, 0.8999987840652466, 0.5354792475700378, -0.44541269540786743, 0.400287002325058, 0.595516562461853, -0.3770708441734314, -0.037684328854084015, -0.05129914730787277, 0.9239945411682129, 0.6272532343864441, -0.03994104266166687, -0.2903609275817871, 0.7215598225593567, 0.4289394021034241, -0.01052291039377451, -0.08640573173761368, 0.8991298079490662, -0.5175942182540894, -0.5433655977249146, -0.5605350732803345, 0.3502151370048523, -0.08291652798652649, -0.021219825372099876, -0.043640103191137314, 0.9953743815422058, 0.02816702239215374, 0.012935858219861984, -0.02642488293349743, 0.999170184135437, -0.5780999064445496, 0.47107574343681335, -0.45069462060928345, 0.49067556858062744, -0.6396602392196655, -0.025283390656113625, -0.4157373607158661, 0.6460325717926025, 0.1161818876862526, -0.12442968785762787, 0.02261572703719139, 0.9851434230804443, 0.2011055052280426, -0.04073367640376091, -0.3794593811035156, 0.9021685123443604, -0.4504050016403198, -0.454486608505249, 0.5950943827629089, 0.48625093698501587, -0.15097710490226746, 0.3909708261489868, -0.34034594893455505, 0.8417317867279053, 0.3341834843158722, 0.43719762563705444, 0.008921267464756966, 0.8349252343177795, 0.15626125037670135, 0.27131572365760803, 0.15725062787532806, 0.9366121888160706, -0.03569624945521355, 0.006767794024199247, 0.0006793536012992263, 0.9993395209312439, -0.4113340675830841, 0.12636081874370575, -0.12240123003721237, 0.8943462371826172, 0.1356508582830429, -0.0005300033371895552, -5.7775455388764385e-06, 0.9907565712928772, -0.48165464401245117, 0.002167339902371168, 3.396947431610897e-05, 0.8763584494590759, 0.12425733357667923, 0.8974581956863403, 0.08174734562635422, 0.41526660323143005, 0.34800806641578674, -0.4404420852661133, 0.7513843178749084, 0.34687572717666626, -0.4489174485206604, 0.07041704654693604, 0.04754077270627022, 0.8895248770713806, 0.372389554977417, 0.08579180389642715, 0.269815593957901, 0.8838356137275696, 0.4243486821651459, 0.008455909788608551, 0.09598405659198761, 0.9003576040267944, 0.5355411171913147, -0.4454250633716583, 0.3955814242362976, 0.5985879898071289, -0.39043092727661133, -0.038590915501117706, -0.05093822255730629, 0.9184115529060364, 0.6367331743240356, -0.03444565087556839, -0.2858743369579315, 0.7153043150901794, 0.42918068170547485, -0.010566468350589275, -0.08733702450990677, 0.8989241123199463, -0.5168870687484741, -0.5456329584121704, -0.5602009296417236, 0.34826329350471497, -0.08123908936977386, -0.020281916484236717, -0.04672922566533089, 0.9953920245170593, 0.028390970081090927, 0.010082886554300785, -0.024765998125076294, 0.9992392063140869, -0.5826111435890198, 0.4738428592681885, -0.4468848705291748, 0.48613908886909485, -0.6340982913970947, -0.02574174292385578, -0.41727763414382935, 0.6504892110824585, 0.0967748761177063, -0.09800378978252411, 0.0238728616386652, 0.9901818037033081, 0.1857517659664154, -0.05320416018366814, -0.3871689736843109, 0.9015352725982666, -0.5086948275566101, -0.4825851619243622, 0.5284132957458496, 0.47866544127464294, -0.20127339661121368, 0.3048210144042969, -0.20107828080654144, 0.9089228510856628, 0.3434427082538605, 0.45417916774749756, 0.007707899436354637, 0.8220152258872986, 0.15506871044635773, 0.2701692581176758, 0.15440168976783752, 0.9376152753829956, -0.03638455271720886, 0.017168698832392693, -0.003785626497119665, 0.999183177947998, -0.4199538230895996, 0.12308429181575775, -0.12084431946277618, 0.8910026550292969, 0.13566921651363373, -0.0005324698286131024, -5.5257501117012e-06, 0.9907540678977966, -0.48163822293281555, 0.0021652281284332275, 3.27495981764514e-05, 0.876367449760437, 0.13175314664840698, 0.8965655565261841, 0.08102922141551971, 0.41502487659454346, 0.3323989510536194, -0.4398227334022522, 0.7562259435653687, 0.35240498185157776, -0.41406670212745667, 0.0665164589881897, 0.04448886588215828, 0.9067221879959106, 0.3561551570892334, 0.054191555827856064, 0.24731458723545074, 0.8994733691215515, 0.42288896441459656, 0.008265991695225239, 0.0966295674443245, 0.9009768962860107, 0.5370656251907349, -0.4443334639072418, 0.3900500535964966, 0.6016555428504944, -0.40533027052879333, -0.04021342098712921, -0.0514645092189312, 0.9118342399597168, 0.6459887623786926, -0.02748594805598259, -0.28161847591400146, 0.7089669108390808, 0.42833778262138367, -0.010837027803063393, -0.08704555034637451, 0.8993511199951172, -0.5154309868812561, -0.5495500564575195, -0.5606321692466736, 0.343536376953125, -0.07957607507705688, -0.02049633115530014, -0.05217824876308441, 0.9952512383460999, 0.02787087857723236, 0.007445949595421553, -0.022252608090639114, 0.9993361234664917, -0.5841132402420044, 0.4741327166557312, -0.44763752818107605, 0.48335352540016174, -0.6277067065238953, -0.03902203217148781, -0.4127470850944519, 0.6588637828826904, 0.07529368996620178, -0.06831151992082596, 0.0256437249481678, 0.9944882392883301, 0.17217573523521423, -0.06349948048591614, -0.3885507881641388, 0.9029682278633118, -0.5623966455459595, -0.4683419466018677, 0.47197920083999634, 0.49152982234954834, -0.3103521168231964, 0.15555547177791595, -0.058433908969163895, 0.9359858632087708, 0.32724133133888245, 0.4386683404445648, 0.0034733882639557123, 0.8369415402412415, 0.15214136242866516, 0.2683272659778595, 0.1497216671705246, 0.9393811225891113, -0.03584035485982895, 0.02456626668572426, -0.007067403290420771, 0.9990305304527283, -0.4289063811302185, 0.12017574161291122, -0.11189425736665726, 0.8882999420166016, 0.13568724691867828, -0.000537289131898433, -5.0641065172385424e-06, 0.9907515645027161, -0.4816223680973053, 0.002161057200282812, 3.032346830877941e-05, 0.876376211643219, 0.13806238770484924, 0.8948878049850464, 0.07991930097341537, 0.41680631041526794, 0.3126262128353119, -0.44065579771995544, 0.7647470831871033, 0.3510686755180359, -0.3829972445964813, 0.0633767619729042, 0.04118717461824417, 0.9206520318984985, 0.3323655426502228, 0.029971279203891754, 0.2093857079744339, 0.9191259145736694, 0.42432543635368347, 0.008177611045539379, 0.09626645594835281, 0.9003409743309021, 0.5372189879417419, -0.4445960819721222, 0.38165852427482605, 0.6066852807998657, -0.41245323419570923, -0.04113844409584999, -0.052447590976953506, 0.9085368514060974, 0.6523562073707581, -0.021415477618575096, -0.27731552720069885, 0.705031156539917, 0.4276544749736786, -0.011174184270203114, -0.08656194806098938, 0.8997187614440918, -0.5123069882392883, -0.5542182326316833, -0.5610206127166748, 0.34005799889564514, -0.07632072269916534, -0.02048686146736145, -0.05820384994149208, 0.9951722025871277, 0.027008170261979103, 0.007069336716085672, -0.01973661594092846, 0.9994153380393982, -0.5828468203544617, 0.47116392850875854, -0.4513266682624817, 0.4843536615371704, -0.6260672807693481, -0.05255037546157837, -0.40302950143814087, 0.6654663681983948, 0.057825252413749695, -0.04361829161643982, 0.026963241398334503, 0.9970088601112366, 0.17191460728645325, -0.06058770790696144, -0.37053030729293823, 0.910758912563324, -0.5926463007926941, -0.44244199991226196, 0.44192415475845337, 0.5076598525047302, -0.401609867811203, 0.03761260211467743, 0.01880922168493271, 0.914844810962677, 0.29559940099716187, 0.39647719264030457, -0.0007818607264198363, 0.8691526055335999, 0.14950978755950928, 0.26781636476516724, 0.14586131274700165, 0.9405560493469238, -0.03383996710181236, 0.025982752442359924, -0.008820507675409317, 0.9990505576133728, -0.43687722086906433, 0.11481528729200363, -0.10064508020877838, 0.8864684700965881, 0.1356937736272812, -0.0005402545793913305, -4.77810317534022e-06, 0.9907506704330444, -0.4816165864467621, 0.002158516552299261, 2.8822767490055412e-05, 0.8763793706893921, 0.1437585949897766, 0.8947568535804749, 0.07531502097845078, 0.41601839661598206, 0.30027568340301514, -0.44121313095092773, 0.7671915888786316, 0.35578450560569763, -0.3664133846759796, 0.06168270856142044, 0.03813862428069115, 0.9276216626167297, 0.32427358627319336, 0.025472091510891914, 0.18456856906414032, 0.92743319272995, 0.44099554419517517, 0.007791881449520588, 0.09376559406518936, 0.8925638794898987, 0.5337618589401245, -0.44870391488075256, 0.37182310223579407, 0.6127893924713135, -0.417592316865921, -0.04177452623844147, -0.05199582874774933, 0.9061831831932068, 0.6601648330688477, -0.011769527569413185, -0.2739632725715637, 0.6992767453193665, 0.42715927958488464, -0.01112045906484127, -0.08646373450756073, 0.8999640941619873, -0.5069049596786499, -0.5586016178131104, -0.5589396953582764, 0.34438052773475647, -0.06912919133901596, -0.016861137002706528, -0.05988083779811859, 0.9956661462783813, 0.027838129550218582, 0.00824377965182066, -0.019656823948025703, 0.9993851780891418, -0.576016366481781, 0.4636385440826416, -0.45902132987976074, 0.49248746037483215, -0.6390900015830994, -0.03501902148127556, -0.3953820765018463, 0.6587948203086853, 0.06695865094661713, -0.05468550696969032, 0.0260482020676136, 0.9959154725074768, 0.1896371990442276, -0.04055856913328171, -0.3459348678588867, 0.9179987907409668, -0.6040783524513245, -0.4351104497909546, 0.4294724762439728, 0.5111963152885437, -0.4117911159992218, -0.008848811499774456, 0.027688518166542053, 0.9108145236968994, 0.2992749810218811, 0.4016832113265991, -0.0005767958355136216, 0.865496814250946, 0.14936865866184235, 0.26791471242904663, 0.14557188749313354, 0.9405953288078308, -0.03161418065428734, 0.020928340032696724, -0.008822415955364704, 0.9992420673370361, -0.43764960765838623, 0.0924825370311737, -0.1033373549580574, 0.8883869051933289, 0.1357029378414154, -0.0005403469549492002, -4.78763422506745e-06, 0.9907494783401489, -0.48160871863365173, 0.002158429240807891, 2.872306686185766e-05, 0.8763837218284607, 0.15485090017318726, 0.8990249037742615, 0.06790050119161606, 0.40393689274787903, 0.2846633195877075, -0.4440826177597046, 0.7650704979896545, 0.36935701966285706, -0.3741483688354492, 0.06270287185907364, 0.03874913975596428, 0.9244349002838135, 0.36747053265571594, 0.02059267833828926, 0.18868331611156464, 0.91046142578125, 0.44527551531791687, 0.006535462569445372, 0.096097432076931, 0.8901979327201843, 0.523502767086029, -0.4608025848865509, 0.3679002523422241, 0.6150246858596802, -0.4232860803604126, -0.04227133467793465, -0.04955895617604256, 0.9036514759063721, 0.6649870276451111, 0.0002350192953599617, -0.27213603258132935, 0.6955100297927856, 0.42658916115760803, -0.010983964428305626, -0.08667594939470291, 0.9002156853675842, -0.5032672882080078, -0.5599614977836609, -0.5547530055046082, 0.3541386127471924, -0.06113874167203903, -0.010357349179685116, -0.055694449692964554, 0.9965204000473022, 0.029386330395936966, 0.00907495990395546, -0.01978340744972229, 0.9993311166763306, -0.5702228546142578, 0.459068238735199, -0.464688777923584, 0.49816325306892395, -0.647081732749939, 0.01570817269384861, -0.39395570755004883, 0.6525622606277466, 0.09387829899787903, -0.09059087932109833, 0.023303743451833725, 0.9911796450614929, 0.19955986738204956, -0.029498253017663956, -0.3520961105823517, 0.9139661192893982, -0.6145444512367249, -0.43017837405204773, 0.41734984517097473, 0.512933611869812, -0.4118823707103729, -0.014595487155020237, 0.03299351781606674, 0.9105225801467896, 0.2896670699119568, 0.3878834545612335, -0.0012240094365552068, 0.8750073909759521, 0.14920663833618164, 0.26762184500694275, 0.1452498584985733, 0.9407541751861572, -0.029277123510837555, 0.0142376609146595, -0.011474170722067356, 0.9994040727615356, -0.4246644079685211, 0.05120189115405083, -0.1236816868185997, 0.8954001069068909, 0.13571274280548096, -0.0005406713462434709, -4.984890438208822e-06, 0.9907481074333191, -0.4815998077392578, 0.002158296527341008, 2.846434108505491e-05, 0.8763886094093323, 0.16322089731693268, 0.9046417474746704, 0.06192914769053459, 0.38877633213996887, 0.2679089307785034, -0.4478502869606018, 0.7654511332511902, 0.37648314237594604, -0.3871942460536957, 0.06443598121404648, 0.04022148251533508, 0.9188638925552368, 0.40439632534980774, 0.0032261526212096214, 0.20088578760623932, 0.8922433257102966, 0.43564507365226746, 0.008202641271054745, 0.09271114319562912, 0.8952937126159668, 0.5142942070960999, -0.4747619330883026, 0.3663550317287445, 0.6130959987640381, -0.4260978102684021, -0.042482197284698486, -0.04792557656764984, 0.9024074077606201, 0.6668710112571716, 0.012250098399817944, -0.26879116892814636, 0.6948988437652588, 0.4260216951370239, -0.010792963206768036, -0.08690555393695831, 0.9004645943641663, -0.4984171390533447, -0.5618553161621094, -0.5539834499359131, 0.3591674566268921, -0.056160133332014084, -0.004993785172700882, -0.05623234063386917, 0.9968244433403015, 0.030502961948513985, 0.009564566425979137, -0.019798971712589264, 0.99929279088974, -0.569514811038971, 0.4553179442882538, -0.46489983797073364, 0.5022017359733582, -0.6398633718490601, 0.04670106992125511, -0.4049968123435974, 0.6514379978179932, 0.1125696673989296, -0.11658116430044174, 0.021416878327727318, 0.986548662185669, 0.1880810409784317, -0.032967887818813324, -0.34300723671913147, 0.919719934463501, -0.6206619143486023, -0.42888975143432617, 0.41025277972221375, 0.5123720169067383, -0.4101439118385315, -0.020254118368029594, 0.037015173584222794, 0.9110442399978638, 0.28601351380348206, 0.38278594613075256, -0.0014784676022827625, 0.8784469366073608, 0.14919118583202362, 0.2675154209136963, 0.14517593383789062, 0.940798282623291, -0.024806302040815353, 0.011307045817375183, -0.01391312200576067, 0.9995315074920654, -0.41566038131713867, 0.024693893268704414, -0.137794628739357, 0.8986819982528687, 0.135731041431427, -0.0005369337159208953, -5.7409488363191485e-06, 0.9907456040382385, -0.48158368468284607, 0.0021617417223751545, 3.0090473956079222e-05, 0.876397430896759, 0.16650165617465973, 0.910475492477417, 0.05648108571767807, 0.37432801723480225, 0.2533189058303833, -0.4531370997428894, 0.7672466039657593, 0.3766018748283386, -0.3951197564601898, 0.06569857895374298, 0.04082832112908363, 0.9153671860694885, 0.42748329043388367, -0.00925607979297638, 0.21038857102394104, 0.8791524767875671, 0.4283807575702667, 0.009654635563492775, 0.08858039975166321, 0.8991942405700684, 0.5090622901916504, -0.485683798789978, 0.3666810095310211, 0.6086968779563904, -0.42392730712890625, -0.042328085750341415, -0.045853883028030396, 0.9035438299179077, 0.6650506258010864, 0.02153618261218071, -0.26439589262008667, 0.698096513748169, 0.42567935585975647, -0.010669502429664135, -0.08705385774374008, 0.9006136059761047, -0.4938475787639618, -0.5636215806007385, -0.5546139478683472, 0.3617302477359772, -0.05291955545544624, -0.000965109677053988, -0.058447740972042084, 0.9968863725662231, 0.031180549412965775, 0.009842583909630775, -0.019699957221746445, 0.9992711544036865, -0.5672372579574585, 0.45229578018188477, -0.4668610692024231, 0.5056789517402649, -0.6319923996925354, 0.06185955926775932, -0.40437859296798706, 0.658207356929779, 0.11601954698562622, -0.12220749258995056, 0.021081246435642242, 0.985474705696106, 0.16763438284397125, -0.04889126121997833, -0.34005478024482727, 0.9240515232086182, -0.6240937113761902, -0.42988407611846924, 0.40632614493370056, 0.510495662689209, -0.41121160984039307, -0.016616810113191605, 0.040792081505060196, 0.9104751348495483, 0.2806509733200073, 0.37518250942230225, -0.0018677855841815472, 0.8834419250488281, 0.1490822434425354, 0.2674001455307007, 0.14500536024570465, 0.9408746361732483, -0.02018575556576252, 0.01143853459507227, -0.017058532685041428, 0.9995853304862976, -0.4100606441497803, 0.016174621880054474, -0.1507154107093811, 0.8993739485740662, 0.13575012981891632, -0.0005397836212068796, -5.602196324616671e-06, 0.9907429814338684, -0.48156678676605225, 0.0021593603305518627, 2.858668813132681e-05, 0.8764067888259888, 0.16494564712047577, 0.9172780513763428, 0.04840414598584175, 0.35923659801483154, 0.24114149808883667, -0.45829498767852783, 0.7704120874404907, 0.37186259031295776, -0.3996371328830719, 0.06648105382919312, 0.04143303260207176, 0.9133201837539673, 0.44569236040115356, -0.018706874921917915, 0.2199849784374237, 0.867533802986145, 0.4230474829673767, 0.009487942792475224, 0.08939531445503235, 0.9016370177268982, 0.5077114105224609, -0.49295032024383545, 0.3707207441329956, 0.6014941930770874, -0.4202934205532074, -0.04204640910029411, -0.04324497655034065, 0.9053813815116882, 0.6614391207695007, 0.030708394944667816, -0.25877800583839417, 0.703270435333252, 0.4253866672515869, -0.010573922656476498, -0.08715259283781052, 0.9007434844970703, -0.4914799630641937, -0.5652724504470825, -0.5534484386444092, 0.36415573954582214, -0.049402862787246704, 0.0005743156652897596, -0.05890817567706108, 0.9970400929450989, 0.031782373785972595, 0.009766771458089352, -0.01960717886686325, 0.9992547631263733, -0.564690113067627, 0.4503876566886902, -0.46896350383758545, 0.5082805752754211, -0.6320799589157104, 0.07024414837360382, -0.385097861289978, 0.668760359287262, 0.10797138512134552, -0.11152233928442001, 0.021815694868564606, 0.9876381158828735, 0.15354204177856445, -0.06192688271403313, -0.3391413688659668, 0.9260523915290833, -0.6266019940376282, -0.43129250407218933, 0.4032275080680847, 0.508688747882843, -0.41555681824684143, -0.004611100070178509, 0.04432053491473198, 0.9084751009941101, 0.2767724096775055, 0.36929863691329956, -0.001980746863409877, 0.8871367573738098, 0.14901204407215118, 0.2673044800758362, 0.1448623389005661, 0.9409350156784058, -0.016651257872581482, 0.013550423085689545, -0.021731000393629074, 0.9995333552360535, -0.4057278633117676, 0.020432766526937485, -0.16785557568073273, 0.8982159495353699, 0.13576389849185944, -0.000545710907317698, -4.945944056089502e-06, 0.9907410740852356, -0.4815545678138733, 0.0021541996393352747, 2.559032327553723e-05, 0.8764134645462036, 0.16202963888645172, 0.9242013096809387, 0.03886667639017105, 0.34363895654678345, 0.23213784396648407, -0.4636191427707672, 0.7726778388023376, 0.3662489950656891, -0.403674840927124, 0.06719247996807098, 0.042554181069135666, 0.9114389419555664, 0.4644012749195099, -0.026450753211975098, 0.23139050602912903, 0.8544532060623169, 0.41731730103492737, 0.009661625139415264, 0.09103638678789139, 0.9041378498077393, 0.5082176327705383, -0.4990517199039459, 0.37643447518348694, 0.5924181938171387, -0.4162563979625702, -0.04167058318853378, -0.04010314121842384, 0.9074061512947083, 0.6562949419021606, 0.04075486958026886, -0.25322145223617554, 0.7095737457275391, 0.42502930760383606, -0.010465990751981735, -0.08725715428590775, 0.9009033441543579, -0.4922391176223755, -0.5652214288711548, -0.5513637065887451, 0.3663652241230011, -0.047440893948078156, 0.00027661697822622955, -0.056563667953014374, 0.9972712397575378, 0.032258786261081696, 0.009402397088706493, -0.019608894363045692, 0.9992429614067078, -0.5639443397521973, 0.4495646059513092, -0.4692327678203583, 0.5095871090888977, -0.6337356567382812, 0.07691053301095963, -0.36458754539489746, 0.6778936982154846, 0.10458982735872269, -0.10697045177221298, 0.022059788927435875, 0.9884997010231018, 0.14544126391410828, -0.07137710601091385, -0.3276634216308594, 0.9308001399040222, -0.6257229447364807, -0.4343278110027313, 0.4037221670150757, 0.5067924857139587, -0.42053160071372986, 0.011653185822069645, 0.04869772866368294, 0.9058951139450073, 0.27909529209136963, 0.3721846044063568, -0.0015956938732415438, 0.885201632976532, 0.14905902743339539, 0.26725757122039795, 0.14489370584487915, 0.9409360289573669, -0.0125468410551548, 0.015720121562480927, -0.02691665105521679, 0.9994353652000427, -0.3996746242046356, 0.030305692926049232, -0.18753531575202942, 0.8967565894126892, 0.13577739894390106, -0.0005526244640350342, -4.214740329189226e-06, 0.9907392859458923, -0.4815427362918854, 0.0021482163574546576, 2.2084801457822323e-05, 0.8764199614524841, 0.15816855430603027, 0.9316638112068176, 0.029070748016238213, 0.32579153776168823, 0.22434201836585999, -0.46972885727882385, 0.7747412323951721, 0.3588894307613373, -0.4069545567035675, 0.06775850802659988, 0.04418604075908661, 0.9098595380783081, 0.4815813899040222, -0.03175066038966179, 0.24357245862483978, 0.8412750959396362, 0.41239309310913086, 0.01042082253843546, 0.09096994996070862, 0.9063927531242371, 0.5104403495788574, -0.5042698383331299, 0.3849619925022125, 0.580488383769989, -0.41323044896125793, -0.04137018695473671, -0.03677676245570183, 0.9089425802230835, 0.6499670147895813, 0.05078816041350365, -0.24709630012512207, 0.716873049736023, 0.4245961010456085, -0.010381320491433144, -0.08734907954931259, 0.9010996222496033, -0.494933545589447, -0.5639410018920898, -0.5491184592247009, 0.36807647347450256, -0.04697490483522415, -0.0010189218446612358, -0.052821915596723557, 0.9974979758262634, 0.03256349638104439, 0.008880377747118473, -0.019683275371789932, 0.9992363452911377, -0.5648336410522461, 0.4493423104286194, -0.46789345145225525, 0.5100296139717102, -0.6355975270271301, 0.0852220430970192, -0.3448057472705841, 0.6854648590087891, 0.10695105046033859, -0.11025010794401169, 0.02174912579357624, 0.9878934025764465, 0.13877920806407928, -0.08097019046545029, -0.3100878894329071, 0.9370323419570923, -0.6233746409416199, -0.43697240948677063, 0.405754029750824, 0.5057893991470337, -0.42264270782470703, 0.03356511890888214, 0.05577554926276207, 0.9039555191993713, 0.28238850831985474, 0.3768753707408905, -0.0012842669384554029, 0.8821678161621094, 0.14913271367549896, 0.2673005759716034, 0.14498883485794067, 0.940897524356842, -0.00852664653211832, 0.01727401092648506, -0.03212486952543259, 0.9992982149124146, -0.3921353816986084, 0.04170166328549385, -0.2082066833972931, 0.8950647115707397, 0.13578838109970093, -0.0005592017550952733, -3.522407723721699e-06, 0.9907377362251282, -0.4815329313278198, 0.0021425005979835987, 1.873058317869436e-05, 0.8764253854751587, 0.15336190164089203, 0.9396076202392578, 0.019940247759222984, 0.30531972646713257, 0.2176758199930191, -0.47699105739593506, 0.7763912677764893, 0.34973326325416565, -0.40954717993736267, 0.06814045459032059, 0.046271130442619324, 0.9085631370544434, 0.4966001510620117, -0.0343322716653347, 0.2565462291240692, 0.8284887671470642, 0.408660352230072, 0.011801337823271751, 0.08841660618782043, 0.9083170890808105, 0.5151343941688538, -0.5084593296051025, 0.3954469859600067, 0.5654443502426147, -0.4117288589477539, -0.04123955965042114, -0.0333641916513443, 0.9097612500190735, 0.6430016756057739, 0.06085586175322533, -0.23927390575408936, 0.7249782085418701, 0.4241056442260742, -0.010311443358659744, -0.087435781955719, 0.9013229608535767, -0.4979448914527893, -0.5619044899940491, -0.5477288365364075, 0.36919838190078735, -0.047703370451927185, -0.001966336974874139, -0.04921594262123108, 0.9976464509963989, 0.03266747668385506, 0.00835718959569931, -0.01977909542620182, 0.9992356300354004, -0.5669390559196472, 0.4491777718067169, -0.4653741717338562, 0.5101434588432312, -0.635402500629425, 0.09486963599920273, -0.32744157314300537, 0.6928531527519226, 0.11455947160720825, -0.12088482081890106, 0.020928625017404556, 0.9858118295669556, 0.1295260339975357, -0.09171907603740692, -0.2920803427696228, 0.9431328773498535, -0.6195651888847351, -0.43982839584350586, 0.4094054698944092, 0.5050516724586487, -0.42299529910087585, 0.06066865846514702, 0.06474398821592331, 0.901777446269989, 0.28501248359680176, 0.3810760974884033, -0.0012077734572812915, 0.8795154690742493, 0.14915397763252258, 0.26736706495285034, 0.14508181810379028, 0.9408608675003052, -0.005042238160967827, 0.018163805827498436, -0.037044405937194824, 0.9991357922554016, -0.38420456647872925, 0.052111782133579254, -0.22863717377185822, 0.8929704427719116, 0.13579672574996948, -0.0005647826474159956, -2.9401180654531345e-06, 0.9907366037368774, -0.4815255403518677, 0.0021376912482082844, 1.595522917341441e-05, 0.8764294981956482, 0.14749634265899658, 0.947365403175354, 0.012147216126322746, 0.2838945686817169, 0.2146703153848648, -0.4844375252723694, 0.7771233320236206, 0.33958253264427185, -0.4122568666934967, 0.06838960945606232, 0.048839911818504333, 0.9071834683418274, 0.5085267424583435, -0.03352866694331169, 0.2703953683376312, 0.8168003559112549, 0.4067317843437195, 0.013112769462168217, 0.08513538539409637, 0.9094774723052979, 0.5240140557289124, -0.5101162791252136, 0.40555644035339355, 0.5483744740486145, -0.4118247926235199, -0.04133352264761925, -0.02984236739575863, 0.9098358750343323, 0.6362941861152649, 0.07128716260194778, -0.22850064933300018, 0.7333725690841675, 0.42363661527633667, -0.01020858809351921, -0.0875568762421608, 0.9015329480171204, -0.5001105666160583, -0.5590624213218689, -0.5477970838546753, 0.3704822063446045, -0.04896581918001175, -0.0012420968851074576, -0.046174995601177216, 0.9977318048477173, 0.03259420022368431, 0.008032167330384254, -0.019871549680829048, 0.9992388486862183, -0.5699939131736755, 0.44827744364738464, -0.4619622528553009, 0.5106320977210999, -0.6303437948226929, 0.10492095351219177, -0.3134884536266327, 0.7024125456809998, 0.12583939731121063, -0.13697078824043274, 0.019782617688179016, 0.9823503494262695, 0.11496680974960327, -0.1033579483628273, -0.279043048620224, 0.9477524757385254, -0.6167839765548706, -0.44124653935432434, 0.4120213985443115, 0.5050915479660034, -0.42370176315307617, 0.08642464876174927, 0.07172387838363647, 0.8988121747970581, 0.28630316257476807, 0.3836561143398285, -0.0013856681762263179, 0.8779730200767517, 0.14917531609535217, 0.26746249198913574, 0.14508934319019318, 0.9408292174339294, -0.002283483976498246, 0.018223783001303673, -0.04143117740750313, 0.9989725351333618, -0.3758864104747772, 0.05974689871072769, -0.24793997406959534, 0.8908790349960327, 0.1358017772436142, -0.0005694293649867177, -2.6969530608766945e-06, 0.9907358884811401, -0.4815209209918976, 0.0021337843500077724, 1.334383796347538e-05, 0.8764320015907288, 0.14183835685253143, 0.9541491270065308, 0.005231139715760946, 0.26354146003723145, 0.2146081179380417, -0.4914855659008026, 0.7766762375831604, 0.3303927481174469, -0.4126521944999695, 0.06829141080379486, 0.05153165012598038, 0.9068621397018433, 0.5156248211860657, -0.02930428273975849, 0.2841831147670746, 0.8077823519706726, 0.40681082010269165, 0.013077070005238056, 0.08505196124315262, 0.9094504714012146, 0.5340771675109863, -0.509394645690918, 0.41492411494255066, 0.5320870876312256, -0.41152217984199524, -0.0414159893989563, -0.026412729173898697, 0.9100750684738159, 0.6279329061508179, 0.08023439347743988, -0.2166881561279297, 0.7431749701499939, 0.42325836420059204, -0.010066634975373745, -0.08771546185016632, 0.9016967415809631, -0.502193033695221, -0.5548349022865295, -0.5485419034957886, 0.3729103207588196, -0.0507720522582531, 0.0008498969837091863, -0.041781678795814514, 0.9978355765342712, 0.032320182770490646, 0.0077833919785916805, -0.01996387168765068, 0.9992478489875793, -0.5741060376167297, 0.4463801383972168, -0.4574025869369507, 0.5117909908294678, -0.6217242479324341, 0.11646466702222824, -0.29938381910324097, 0.714327871799469, 0.13737191259860992, -0.15365731716156006, 0.018671980127692223, 0.9783505797386169, 0.09984009712934494, -0.1138286143541336, -0.26881179213523865, 0.951217770576477, -0.6177783608436584, -0.44140174984931946, 0.4105261564254761, 0.5049580931663513, -0.4228663742542267, 0.10816957801580429, 0.07522708177566528, 0.8965624570846558, 0.28679731488227844, 0.3850923478603363, -0.0016429959796369076, 0.877182126045227, 0.14911051094532013, 0.26759424805641174, 0.14506381750106812, 0.940805971622467, 0.00021309396834112704, 0.01760048046708107, -0.04573800787329674, 0.9987983703613281, -0.36644721031188965, 0.06546338647603989, -0.2674722969532013, 0.8887573480606079, 0.1358039826154709, -0.0005725600058212876, -2.455127287248615e-06, 0.9907355308532715, -0.4815192222595215, 0.002131165936589241, 1.1723049283318687e-05, 0.8764329552650452, 0.13662298023700714, 0.9604529738426208, -0.0013638080563396215, 0.24261586368083954, 0.2138552963733673, -0.49766913056373596, 0.777122437953949, 0.3204248547554016, -0.41283202171325684, 0.06833842396736145, 0.053213946521282196, 0.9066795706748962, 0.5205231308937073, -0.024171508848667145, 0.2976526916027069, 0.7999213933944702, 0.40773215889930725, 0.012332222424447536, 0.08586449921131134, 0.9089717864990234, 0.5422461628913879, -0.507838249206543, 0.4264630377292633, 0.5159445405006409, -0.41137179732322693, -0.04204218462109566, -0.023783311247825623, 0.9101868271827698, 0.6191319823265076, 0.08886252343654633, -0.20605547726154327, 0.7525424957275391, 0.4231852889060974, -0.009937423281371593, -0.08744920790195465, 0.9017583131790161, -0.5032719969749451, -0.550933301448822, -0.5502811670303345, 0.3746737539768219, -0.05336444824934006, 0.0037744438741356134, -0.03676177188754082, 0.9978910684585571, 0.03172975778579712, 0.00768844410777092, -0.02001810446381569, 0.9992664456367493, -0.578516960144043, 0.4436704218387604, -0.4521791636943817, 0.5138178467750549, -0.6112993955612183, 0.12814956903457642, -0.28476935625076294, 0.7271844148635864, 0.14860019087791443, -0.1695847511291504, 0.017859185114502907, 0.974084198474884, 0.08668775856494904, -0.12178236246109009, -0.25868117809295654, 0.9543260931968689, -0.6204782128334045, -0.4408474564552307, 0.4072137773036957, 0.504814088344574, -0.42150813341140747, 0.12676385045051575, 0.07536590099334717, 0.8947524428367615, 0.2867116630077362, 0.38624146580696106, -0.001527343294583261, 0.8767049908638, 0.14881956577301025, 0.26738879084587097, 0.14513643085956573, 0.9408992528915405, 0.00295655126683414, 0.016826694831252098, -0.04946785792708397, 0.998629629611969, -0.35658371448516846, 0.06943265348672867, -0.28627732396125793, 0.88660728931427, 0.13580361008644104, -0.0005755662568844855, -2.2995518520474434e-06, 0.9907355904579163, -0.48151952028274536, 0.0021286329720169306, 1.002503813651856e-05, 0.8764327764511108, 0.13225162029266357, 0.9654822945594788, -0.007698200177401304, 0.22426386177539825, 0.21459876000881195, -0.5020077228546143, 0.7775546312332153, 0.31200069189071655, -0.41295525431632996, 0.0682777687907219, 0.055375780910253525, 0.9064985513687134, 0.5243069529533386, -0.018734104931354523, 0.30938440561294556, 0.7931156754493713, 0.4085325300693512, 0.012001821771264076, 0.08677741885185242, 0.908530056476593, 0.5492163300514221, -0.505283534526825, 0.437109112739563, 0.5019816160202026, -0.4107055068016052, -0.04220452532172203, -0.021397555246949196, 0.9105393886566162, 0.6100730895996094, 0.09665891528129578, -0.1970973014831543, 0.7613281607627869, 0.4230247437953949, -0.009809986688196659, -0.08754593133926392, 0.9018256664276123, -0.5049687623977661, -0.5461287498474121, -0.5519049763679504, 0.37702903151512146, -0.05611960589885712, 0.006711953319609165, -0.03190617263317108, 0.9978915452957153, 0.031185481697320938, 0.007610389031469822, -0.02008756622672081, 0.9992827773094177, -0.5829854011535645, 0.4407972991466522, -0.44718655943870544, 0.5156064629554749, -0.5994289517402649, 0.13793542981147766, -0.27040132880210876, 0.7406361699104309, 0.1579262912273407, -0.1832129955291748, 0.017031854018568993, 0.9701557755470276, 0.07638648897409439, -0.12692341208457947, -0.24740006029605865, 0.9575222134590149, -0.6233059167861938, -0.44034987688064575, 0.403847336769104, 0.5044692158699036, -0.42000719904899597, 0.14358194172382355, 0.07412201911211014, 0.8930196762084961, 0.28592047095298767, 0.3857894241809845, -0.0016712590586394072, 0.8771620392799377, 0.14863571524620056, 0.26738181710243225, 0.1450709104537964, 0.9409403800964355, 0.0051114377565681934, 0.01623653993010521, -0.052822720259428024, 0.9984588027000427, -0.34664496779441833, 0.0717770978808403, -0.30241402983665466, 0.8850034475326538, 0.13580210506916046, -0.0005783903761766851, -2.1312855551514076e-06, 0.9907358288764954, -0.4815205931663513, 0.0021262734662741423, 8.478254130750429e-06, 0.8764321804046631, 0.12942005693912506, 0.9692026972770691, -0.013528311625123024, 0.20907805860042572, 0.21523946523666382, -0.504611074924469, 0.7782813906669617, 0.3054794669151306, -0.41283467411994934, 0.06819283962249756, 0.05747076869010925, 0.9064294695854187, 0.5272030830383301, -0.013912524096667767, 0.31879860162734985, 0.7875473499298096, 0.40895432233810425, 0.012324540875852108, 0.08666495233774185, 0.9083466529846191, 0.5541207790374756, -0.5024115443229675, 0.44637230038642883, 0.4912072718143463, -0.40973350405693054, -0.04212348908185959, -0.01942027546465397, 0.9110251665115356, 0.6013094186782837, 0.1032261922955513, -0.19015400111675262, 0.7691637277603149, 0.42301419377326965, -0.009630577638745308, -0.08790162205696106, 0.9017979502677917, -0.5070963501930237, -0.54106205701828, -0.5532183647155762, 0.3795452117919922, -0.05875176936388016, 0.009257371537387371, -0.027165301144123077, 0.9978600144386292, 0.030683647841215134, 0.007581169717013836, -0.02013283222913742, 0.9992976188659668, -0.5868393778800964, 0.43831661343574524, -0.4430127739906311, 0.5169504880905151, -0.5881602168083191, 0.1450878232717514, -0.2557258605957031, 0.7534065842628479, 0.16479288041591644, -0.19341112673282623, 0.01630808413028717, 0.9670416116714478, 0.06763798743486404, -0.12897388637065887, -0.23579661548137665, 0.9608281850814819, -0.6257794499397278, -0.4398774206638336, 0.4009091556072235, 0.5041625499725342, -0.4181731939315796, 0.15868240594863892, 0.07177499681711197, 0.8915152549743652, 0.2843571901321411, 0.38381314277648926, -0.0019195512868463993, 0.8785356283187866, 0.1485535353422165, 0.26740267872810364, 0.1449759304523468, 0.9409620761871338, 0.006464147474616766, 0.016122128814458847, -0.05557682365179062, 0.9983033537864685, -0.337951123714447, 0.07282242923974991, -0.3150918781757355, 0.8838569521903992, 0.1358012706041336, -0.0005810956936329603, -1.8998908899447997e-06, 0.9907359480857849, -0.4815214276313782, 0.0021239800844341516, 7.0796386353322305e-06, 0.8764317631721497, 0.1276630014181137, 0.9720383286476135, -0.017854103818535805, 0.1962774246931076, 0.2152007520198822, -0.5065568089485168, 0.7790205478668213, 0.3003595769405365, -0.41268640756607056, 0.06813891232013702, 0.059259962290525436, 0.9063858389854431, 0.5292179584503174, -0.009521187283098698, 0.3262648284435272, 0.7831915616989136, 0.4091324806213379, 0.012372388504445553, 0.08661644160747528, 0.9082704186439514, 0.5579357147216797, -0.4997212290763855, 0.45395225286483765, 0.48261138796806335, -0.40946510434150696, -0.0421328991651535, -0.017665792256593704, 0.9111811518669128, 0.5947393774986267, 0.10679025948047638, -0.1838802546262741, 0.7752864360809326, 0.423091858625412, -0.009455788880586624, -0.08823870122432709, 0.901730477809906, -0.5087160468101501, -0.5364984273910522, -0.5544940233230591, 0.3819865882396698, -0.060957636684179306, 0.01187051273882389, -0.022931504994630814, 0.9978063106536865, 0.03025965206325054, 0.00765945902094245, -0.020112305879592896, 0.9993103742599487, -0.5902640223503113, 0.43608129024505615, -0.4393067955970764, 0.5181033611297607, -0.5787222385406494, 0.15190953016281128, -0.23957334458827972, 0.7645971179008484, 0.1696356236934662, -0.2004440277814865, 0.01571258343756199, 0.9647793173789978, 0.06009860336780548, -0.12865960597991943, -0.22535935044288635, 0.963871419429779, -0.6273760795593262, -0.43952202796936035, 0.3990209400653839, 0.5039860606193542, -0.41730445623397827, 0.17208990454673767, 0.06930329650640488, 0.8896286487579346, 0.28150609135627747, 0.3798433244228363, -0.00219072587788105, 0.8811745643615723, 0.1484377682209015, 0.267410010099411, 0.1448258012533188, 0.9410014152526855, 0.00693076616153121, 0.01624191924929619, -0.057760197669267654, 0.9981743097305298, -0.3311254382133484, 0.07246926426887512, -0.32490602135658264, 0.8829157948493958, 0.13580229878425598, -0.0005839957157149911, -1.6579544990236172e-06, 0.9907357692718506, -0.4815206229686737, 0.0021214880980551243, 5.543869974644622e-06, 0.8764321804046631, 0.12661336362361908, 0.9742089509963989, -0.021162981167435646, 0.18557533621788025, 0.21508266031742096, -0.5076757669448853, 0.7797651886940002, 0.29659923911094666, -0.41284099221229553, 0.06812944263219833, 0.06062215566635132, 0.9062260389328003, 0.5304394364356995, -0.00588427996262908, 0.3325788378715515, 0.7797375917434692, 0.40920794010162354, 0.01240739319473505, 0.08661431074142456, 0.9082361459732056, 0.5613296627998352, -0.49683162569999695, 0.4599791467189789, 0.47590604424476624, -0.41015732288360596, -0.04226934164762497, -0.016319042071700096, 0.9108885526657104, 0.5900372862815857, 0.1089845672249794, -0.17750652134418488, 0.7800447940826416, 0.4232307970523834, -0.009292765520513058, -0.08855550736188889, 0.9016358852386475, -0.509921133518219, -0.5325297117233276, -0.5557757019996643, 0.38406503200531006, -0.06293317675590515, 0.014203419908881187, -0.019383925944566727, 0.9977284073829651, 0.029896950349211693, 0.007866717875003815, -0.020051032304763794, 0.999320924282074, -0.5931454300880432, 0.4345678389072418, -0.43623247742652893, 0.5186815857887268, -0.571800172328949, 0.15787574648857117, -0.22145973145961761, 0.7739996314048767, 0.17361047863960266, -0.20581836998462677, 0.01509647723287344, 0.9629487991333008, 0.05455537885427475, -0.1271793693304062, -0.21566399931907654, 0.9666117429733276, -0.6278616786003113, -0.43964117765426636, 0.39843082427978516, 0.5037442445755005, -0.416527658700943, 0.18518748879432678, 0.06704814732074738, 0.8875330686569214, 0.2775627672672272, 0.3742162883281708, -0.0024932853411883116, 0.8848247528076172, 0.1483229398727417, 0.26736876368522644, 0.14466974139213562, 0.9410552382469177, 0.006687419954687357, 0.016594303771853447, -0.059572841972112656, 0.9980636239051819, -0.32591643929481506, 0.07171372324228287, -0.3324747681617737, 0.882097601890564, 0.13580358028411865, -0.0005864559789188206, -1.4448282854573335e-06, 0.990735650062561, -0.4815194308757782, 0.002119370736181736, 4.241548140271334e-06, 0.8764328956604004, 0.12633582949638367, 0.975783109664917, -0.023497449234128, 0.1770153045654297, 0.2148207575082779, -0.5081344842910767, 0.780432403087616, 0.29423925280570984, -0.4132043123245239, 0.06814796477556229, 0.06159774586558342, 0.9059932827949524, 0.5308732390403748, -0.0031187471468001604, 0.3380206227302551, 0.7771139144897461, 0.40921759605407715, 0.012437637895345688, 0.08662330359220505, 0.9082305431365967, 0.5640395283699036, -0.49412697553634644, 0.46450695395469666, 0.4710957109928131, -0.4114386737346649, -0.04247598722577095, -0.015348821878433228, 0.9103177785873413, 0.5868201851844788, 0.11036767810583115, -0.17166782915592194, 0.7835758924484253, 0.4234207272529602, -0.009142057970166206, -0.08885308355093002, 0.9015189409255981, -0.511009693145752, -0.5289774537086487, -0.557064414024353, 0.3856569826602936, -0.06492022424936295, 0.016155041754245758, -0.016530251130461693, 0.9976227879524231, 0.029558755457401276, 0.0081905797123909, -0.019958529621362686, 0.9993302226066589, -0.5958805084228516, 0.4333714544773102, -0.4333171844482422, 0.518991231918335, -0.5685699582099915, 0.16320054233074188, -0.20062559843063354, 0.7809245586395264, 0.17729398608207703, -0.21027594804763794, 0.014384649693965912, 0.9613240957260132, 0.05091754347085953, -0.1255226582288742, -0.20580589771270752, 0.9691725373268127, -0.6278597712516785, -0.4398654103279114, 0.39841413497924805, 0.5035641193389893, -0.41594699025154114, 0.19669951498508453, 0.06500953435897827, 0.8854779601097107, 0.2737390995025635, 0.3686889111995697, -0.0027698692865669727, 0.8883286118507385, 0.1482401043176651, 0.26734235882759094, 0.14447811245918274, 0.9411051869392395, 0.006031892728060484, 0.01714080385863781, -0.06105756759643555, 0.997968852519989, -0.3218236267566681, 0.07099860906600952, -0.33813342452049255, 0.8815069794654846, 0.1358056515455246, -0.0005883265403099358, -1.2638688531296793e-06, 0.9907353520393372, -0.4815176725387573, 0.0021177809685468674, 3.296867589597241e-06, 0.8764338493347168, 0.12721237540245056, 0.9765938520431519, -0.024922678247094154, 0.1716403216123581, 0.2147083580493927, -0.508324384689331, 0.7806408405303955, 0.29343926906585693, -0.4136931896209717, 0.06819184869527817, 0.06253402680158615, 0.9057027101516724, 0.5313827395439148, -0.0009177369647659361, 0.34124886989593506, 0.7753584980964661, 0.4091637432575226, 0.012485002167522907, 0.08662544935941696, 0.9082539081573486, 0.5653331875801086, -0.49276602268218994, 0.4664871394634247, 0.4690093994140625, -0.41081503033638, -0.04245373606681824, -0.014240147545933723, 0.9106184244155884, 0.5838797092437744, 0.11077811568975449, -0.16807228326797485, 0.7864887118339539, 0.42359983921051025, -0.008991673588752747, -0.08910960704088211, 0.9014110565185547, -0.5124885439872742, -0.5258397459983826, -0.5579691529273987, 0.38667628169059753, -0.06716133654117584, 0.017674177885055542, -0.013707292266190052, 0.9974914193153381, 0.029268577694892883, 0.008506877347826958, -0.01982528530061245, 0.9993387460708618, -0.5983601808547974, 0.4326467514038086, -0.43069034814834595, 0.5189294219017029, -0.5697228312492371, 0.1678551882505417, -0.17815187573432922, 0.7845396399497986, 0.18137507140636444, -0.2148188203573227, 0.013506818562746048, 0.9595694541931152, 0.04801579937338829, -0.12498476356267929, -0.19472704827785492, 0.971676230430603, -0.6277668476104736, -0.44006118178367615, 0.3985002636909485, 0.5034406781196594, -0.41565951704978943, 0.20634308457374573, 0.06308817863464355, 0.8835551142692566, 0.27026820182800293, 0.36348214745521545, -0.0029243750032037497, 0.8915308713912964, 0.14812827110290527, 0.26730823516845703, 0.14435561001300812, 0.9411513209342957, 0.005072491243481636, 0.017840486019849777, -0.062302399426698685, 0.9978849291801453, -0.31868401169776917, 0.07007988542318344, -0.3427264094352722, 0.8809471726417542, 0.1358121931552887, -0.0005891437176615, -1.2379089184832992e-06, 0.9907344579696655, -0.4815119504928589, 0.002117107855156064, 2.8574611405929318e-06, 0.8764370083808899, 0.12922285497188568, 0.976696252822876, -0.02563677355647087, 0.16943633556365967, 0.21425005793571472, -0.5062892436981201, 0.7818983793258667, 0.29394397139549255, -0.4166780114173889, 0.0686127170920372, 0.06346401572227478, 0.9042367339134216, 0.5319204926490784, -0.0007692075450904667, 0.34186309576034546, 0.7747190594673157, 0.40896129608154297, 0.012548033148050308, 0.08664339780807495, 0.9083425402641296, 0.5656856298446655, -0.49117910861968994, 0.46786609292030334, 0.4688754081726074, -0.4133007228374481, -0.04276798292994499, -0.013520403765141964, 0.9094892144203186, 0.5838255286216736, 0.11041899025440216, -0.16604284942150116, 0.7870102524757385, 0.4237315058708191, -0.008879915811121464, -0.08922155201435089, 0.9013391733169556, -0.5139574408531189, -0.5232127904891968, -0.5585725903511047, 0.38741812109947205, -0.06912951171398163, 0.018467485904693604, -0.011281606741249561, 0.9973729848861694, 0.02906215377151966, 0.008808567188680172, -0.019691141322255135, 0.9993448257446289, -0.6006767153739929, 0.4321342408657074, -0.42823511362075806, 0.5187119841575623, -0.5743573307991028, 0.1704099327325821, -0.15972104668617249, 0.7845785021781921, 0.18632172048091888, -0.2204032838344574, 0.012508743442595005, 0.9573662877082825, 0.04317314177751541, -0.12608559429645538, -0.18320150673389435, 0.9739998579025269, -0.627760648727417, -0.4401043951511383, 0.39851996302604675, 0.5033950805664062, -0.41532251238822937, 0.21297727525234222, 0.061107125133275986, 0.8822776675224304, 0.2672569453716278, 0.35889849066734314, -0.0030451545026153326, 0.8942909836769104, 0.14807802438735962, 0.26724007725715637, 0.14423662424087524, 0.9411967992782593, 0.003781756153330207, 0.018801581114530563, -0.06327611953020096, 0.9978117942810059, -0.3175634741783142, 0.06839222460985184, -0.34617576003074646, 0.8801353573799133, 0.13582952320575714, -0.0005881513352505863, -1.4779697039557504e-06, 0.9907320141792297, -0.4814966022968292, 0.0021180598996579647, 3.309774911031127e-06, 0.8764454126358032, 0.13141608238220215, 0.976326584815979, -0.025820400565862656, 0.16985131800174713, 0.21345973014831543, -0.5046449899673462, 0.7827813029289246, 0.29499465227127075, -0.41735121607780457, 0.06878714263439178, 0.06362102180719376, 0.9039019346237183, 0.53131103515625, -0.00033460211125202477, 0.34075331687927246, 0.7756259441375732, 0.4088064730167389, 0.0125796590000391, 0.08665148913860321, 0.9084110260009766, 0.5650651454925537, -0.4903069734573364, 0.46797147393226624, 0.4704286456108093, -0.4144793450832367, -0.04288235679268837, -0.013476534746587276, 0.9089479446411133, 0.5840004682540894, 0.10922694206237793, -0.16547907888889313, 0.7871655821800232, 0.423836886882782, -0.008855779655277729, -0.08928779512643814, 0.901283323764801, -0.5151774287223816, -0.5212095379829407, -0.5587616562843323, 0.3882245123386383, -0.07042338699102402, 0.01898646354675293, -0.009082765318453312, 0.9972951412200928, 0.028936248272657394, 0.009021010249853134, -0.019559171050786972, 0.9993491768836975, -0.6025453209877014, 0.43167823553085327, -0.4262661933898926, 0.5185462236404419, -0.5801849365234375, 0.1712615191936493, -0.1486051231622696, 0.7822860479354858, 0.19205757975578308, -0.22727933526039124, 0.011491140350699425, 0.9546339511871338, 0.03613816946744919, -0.1282694935798645, -0.17257921397686005, 0.9759392738342285, -0.6273839473724365, -0.44024166464805603, 0.39898914098739624, 0.5033730268478394, -0.41536110639572144, 0.21833308041095734, 0.059189941734075546, 0.8810802698135376, 0.2631911039352417, 0.35280492901802063, -0.0032300215680152178, 0.8979135155677795, 0.1479991227388382, 0.2671692669391632, 0.14410877227783203, 0.941248893737793, 0.00214683311060071, 0.019701115787029266, -0.0640784353017807, 0.997748076915741, -0.31832483410835266, 0.06555159389972687, -0.34876134991645813, 0.8790550827980042, 0.13583214581012726, -0.000587046321015805, -1.6850128758960636e-06, 0.9907317161560059, -0.48149409890174866, 0.0021190233528614044, 3.7637705645465758e-06, 0.8764467835426331, 0.13368606567382812, 0.9756489992141724, -0.025699052959680557, 0.17197848856449127, 0.21272942423820496, -0.5026404857635498, 0.7837654948234558, 0.2963283061981201, -0.4179823100566864, 0.06898772716522217, 0.0636182501912117, 0.9035951495170593, 0.530729353427887, -0.0002706849481910467, 0.3383306562900543, 0.7770834565162659, 0.4086306095123291, 0.012607714161276817, 0.08666101098060608, 0.9084888100624084, 0.5639657378196716, -0.4896498918533325, 0.4675312936306, 0.4728637635707855, -0.4157572388648987, -0.04298331215977669, -0.01359772589057684, 0.908357560634613, 0.584809422492981, 0.10760045796632767, -0.1662881225347519, 0.7866183519363403, 0.42388373613357544, -0.008864750154316425, -0.08929193019866943, 0.9012607932090759, -0.5162264108657837, -0.5200451612472534, -0.5584374666213989, 0.3888585865497589, -0.07090871781110764, 0.019075192511081696, -0.007365313358604908, 0.9972732663154602, 0.028901873156428337, 0.009109570644795895, -0.019463511183857918, 0.9993512034416199, -0.6037535667419434, 0.4314408004283905, -0.4250347316265106, 0.5183493494987488, -0.5866957306861877, 0.17013701796531677, -0.14599016308784485, 0.7781570553779602, 0.19814319908618927, -0.23499561846256256, 0.010545723140239716, 0.9515278339385986, 0.027754396200180054, -0.1311354637145996, -0.16378194093704224, 0.9773477911949158, -0.6268822550773621, -0.44024500250816345, 0.39961832761764526, 0.503495991230011, -0.4152010381221771, 0.2221318632364273, 0.05777142941951752, 0.8802999258041382, 0.25864550471305847, 0.3460841476917267, -0.0034576395992189646, 0.9018405079841614, 0.1479058861732483, 0.2670963704586029, 0.14399394392967224, 0.9413018226623535, 0.0002575646503828466, 0.020649032667279243, -0.06463821977376938, 0.9976950883865356, -0.320771723985672, 0.06227503716945648, -0.3504752516746521, 0.8777211904525757, 0.13583509624004364, -0.0005854579503647983, -1.940703214131645e-06, 0.9907312989234924, -0.4814915359020233, 0.0021205018274486065, 4.5415281419991516e-06, 0.8764482140541077, 0.13607843220233917, 0.9747694730758667, -0.025142688304185867, 0.17514261603355408, 0.21162717044353485, -0.5006632804870605, 0.784703254699707, 0.29797834157943726, -0.4183245301246643, 0.06915802508592606, 0.06337711960077286, 0.9034407138824463, 0.5300546884536743, -0.0005988686461932957, 0.33511051535606384, 0.7789368629455566, 0.408433735370636, 0.012629336677491665, 0.08667519688606262, 0.908575713634491, 0.5621324777603149, -0.4895436465740204, 0.4667508900165558, 0.4759176969528198, -0.4169877767562866, -0.04306527227163315, -0.013943917118012905, 0.9077842235565186, 0.5862622857093811, 0.10564479976892471, -0.1679358333349228, 0.7854509949684143, 0.42389044165611267, -0.008900145068764687, -0.08926703780889511, 0.90125972032547, -0.5166912078857422, -0.5202153325080872, -0.5579575896263123, 0.38870254158973694, -0.07084989547729492, 0.01860828511416912, -0.007188374642282724, 0.9972875118255615, 0.02893737144768238, 0.009097409434616566, -0.019423402845859528, 0.9993510842323303, -0.6041693091392517, 0.4315049946308136, -0.4247320890426636, 0.5180593729019165, -0.5927901864051819, 0.16614197194576263, -0.15358993411064148, 0.7729209661483765, 0.2040899395942688, -0.24304057657718658, 0.00978351291269064, 0.9482525587081909, 0.02002701908349991, -0.13436299562454224, -0.158355712890625, 0.9779923558235168, -0.6258973479270935, -0.4403236210346222, 0.4008322060108185, 0.5036876201629639, -0.4145008623600006, 0.22321467101573944, 0.05677475407719612, 0.8804208636283875, 0.2539408206939697, 0.33928489685058594, -0.003757332218810916, 0.9057514667510986, 0.14785626530647278, 0.26705315709114075, 0.14386647939682007, 0.9413414001464844, -0.001871274784207344, 0.021571312099695206, -0.06483118236064911, 0.997661292552948, -0.3247268795967102, 0.05939122661948204, -0.3500719368457794, 0.8766269087791443, 0.13583804666996002, -0.0005835474585182965, -2.264079967062571e-06, 0.990730881690979, -0.48148903250694275, 0.002122224308550358, 5.4591505431744736e-06, 0.8764495253562927, 0.13851265609264374, 0.9737223386764526, -0.024048754945397377, 0.1791667938232422, 0.2104904055595398, -0.49912887811660767, 0.7852367758750916, 0.29994574189186096, -0.41820669174194336, 0.06927032023668289, 0.06304260343313217, 0.9035100340843201, 0.5292754769325256, -0.00116625742521137, 0.331531822681427, 0.780994713306427, 0.4082379639148712, 0.012648269534111023, 0.08668449521064758, 0.9086624979972839, 0.5599510073661804, -0.4900600016117096, 0.4653288424015045, 0.47933822870254517, -0.4179331660270691, -0.04310488700866699, -0.014372549019753933, 0.9073408246040344, 0.5880389213562012, 0.10357116162776947, -0.17032603919506073, 0.7838827967643738, 0.4239135682582855, -0.008938070386648178, -0.08924002200365067, 0.9012511372566223, -0.5170924067497253, -0.5207027792930603, -0.5574153661727905, 0.388293981552124, -0.07075687497854233, 0.01795772835612297, -0.007176925893872976, 0.9973061084747314, 0.028989378362894058, 0.008989807218313217, -0.019437186419963837, 0.9993502497673035, -0.6044512391090393, 0.43143147230148315, -0.4245717227458954, 0.5179232358932495, -0.5982924699783325, 0.16201719641685486, -0.1657101958990097, 0.7670310735702515, 0.20877191424369812, -0.24967096745967865, 0.00930838193744421, 0.9455115795135498, 0.014578373171389103, -0.13758789002895355, -0.1563844084739685, 0.977957546710968, -0.625161349773407, -0.4400518834590912, 0.401779443025589, 0.5040843486785889, -0.41371816396713257, 0.22235529124736786, 0.056431740522384644, 0.8810283541679382, 0.25069910287857056, 0.3346714973449707, -0.003990884404629469, 0.9083661437034607, 0.14781613647937775, 0.26701411604881287, 0.14380277693271637, 0.9413684606552124, -0.004002376925200224, 0.022609900683164597, -0.06471779197454453, 0.9976394176483154, -0.32908162474632263, 0.05730503052473068, -0.3490149974822998, 0.8755626678466797, 0.13584034144878387, -0.0005816530319862068, -2.5380975330335787e-06, 0.9907305836677551, -0.4814870059490204, 0.002123904647305608, 6.339048013614956e-06, 0.8764507174491882, 0.14094938337802887, 0.97254878282547, -0.022631283849477768, 0.18376629054546356, 0.2095230370759964, -0.49789753556251526, 0.7854675650596619, 0.30205780267715454, -0.4177757501602173, 0.06934307515621185, 0.06270893663167953, 0.9037270545959473, 0.5284566283226013, -0.0017315869918093085, 0.32753056287765503, 0.7832332849502563, 0.4080415368080139, 0.012670228257775307, 0.08669085055589676, 0.9087498188018799, 0.5575857758522034, -0.4909400939941406, 0.4635552763938904, 0.48290005326271057, -0.41861337423324585, -0.04310481250286102, -0.01483254972845316, 0.9070197343826294, 0.5898268818855286, 0.10140858590602875, -0.17340652644634247, 0.7821449637413025, 0.42394429445266724, -0.008977307938039303, -0.08921018242835999, 0.901239275932312, -0.5178216099739075, -0.521022617816925, -0.5567260980606079, 0.38788190484046936, -0.0707557424902916, 0.017088040709495544, -0.006997185759246349, 0.9973227381706238, 0.029026508331298828, 0.00881548598408699, -0.019448164850473404, 0.9993505477905273, -0.6047026515007019, 0.43132737278938293, -0.42442870140075684, 0.5178336501121521, -0.6035120487213135, 0.15874598920345306, -0.1775018572807312, 0.7609639167785645, 0.21205885708332062, -0.2544219195842743, 0.009056668728590012, 0.9435139298439026, 0.010047679767012596, -0.1403254121541977, -0.1568252146244049, 0.9775549173355103, -0.6239590048789978, -0.44026586413383484, 0.4032537341117859, 0.5042098164558411, -0.41228264570236206, 0.22284096479415894, 0.056229885667562485, 0.881591260433197, 0.2468523532152176, 0.3291451930999756, -0.00424147630110383, 0.9114325642585754, 0.14777903258800507, 0.26697441935539246, 0.14373494684696198, 0.9413959383964539, -0.006083390675485134, 0.023606711998581886, -0.064689502120018, 0.9976075887680054, -0.3333236277103424, 0.056354179978370667, -0.34786179661750793, 0.8744779825210571, 0.13584193587303162, -0.0005800193757750094, -2.7716973818314727e-06, 0.990730345249176, -0.4814855754375458, 0.002125336090102792, 7.148150416469434e-06, 0.8764514327049255, 0.14335684478282928, 0.9712770581245422, -0.020883280783891678, 0.18876871466636658, 0.2085106372833252, -0.49696823954582214, 0.7855100631713867, 0.3041708171367645, -0.4171046018600464, 0.06938094645738602, 0.0623488575220108, 0.9040589928627014, 0.5276042222976685, -0.0025526084937155247, 0.32310861349105835, 0.785638689994812, 0.4078410863876343, 0.012690866366028786, 0.08670011907815933, 0.9088386297225952, 0.5549474358558655, -0.492212176322937, 0.46163371205329895, 0.4864717423915863, -0.4191187024116516, -0.04307520017027855, -0.015365419909358025, 0.906778872013092, 0.5916736125946045, 0.09916764497756958, -0.17709068953990936, 0.7802096009254456, 0.42398399114608765, -0.009019273333251476, -0.08917756378650665, 0.901223361492157, -0.5187093019485474, -0.5212963223457336, -0.5559561848640442, 0.38743218779563904, -0.07085532695055008, 0.016157934442162514, -0.006699440535157919, 0.9973332285881042, 0.029058778658509254, 0.008588800206780434, -0.01946035586297512, 0.9993513822555542, -0.6050361394882202, 0.43111491203308105, -0.42414742708206177, 0.5178515911102295, -0.6085535287857056, 0.1562737077474594, -0.1878540813922882, 0.7549515962600708, 0.2135041207075119, -0.25660601258277893, 0.00906156562268734, 0.9425960183143616, 0.005763127468526363, -0.1419006586074829, -0.15925423800945282, 0.9769693613052368, -0.622394323348999, -0.44091224670410156, 0.4051264822483063, 0.504077672958374, -0.41065269708633423, 0.22370645403862, 0.056280527263879776, 0.882129430770874, 0.24364614486694336, 0.324510395526886, -0.00442496407777071, 0.9139529466629028, 0.14777229726314545, 0.26694169640541077, 0.14370514452457428, 0.9414108395576477, -0.0080446507781744, 0.024625668302178383, -0.06461586058139801, 0.9975739121437073, -0.33742573857307434, 0.05620937794446945, -0.3464617431163788, 0.873469352722168, 0.1358429193496704, -0.0005785783869214356, -2.9362076929828618e-06, 0.9907302260398865, -0.48148471117019653, 0.002126561012119055, 7.812274816387799e-06, 0.8764519095420837, 0.14579232037067413, 0.9699816107749939, -0.01896773651242256, 0.1937023252248764, 0.20712198317050934, -0.49617546796798706, 0.7855769395828247, 0.3062340021133423, -0.4164147973060608, 0.06939820200204849, 0.06196216493844986, 0.9044021964073181, 0.5265177488327026, -0.003676190972328186, 0.318423867225647, 0.788271427154541, 0.40760305523872375, 0.012714704498648643, 0.08669985830783844, 0.9089451432228088, 0.5518984198570251, -0.49381062388420105, 0.4598272442817688, 0.49001848697662354, -0.41946473717689514, -0.04302758350968361, -0.016002371907234192, 0.9066101312637329, 0.5935407280921936, 0.09686166793107986, -0.18108655512332916, 0.7781612277030945, 0.4240342974662781, -0.009068855084478855, -0.0891377329826355, 0.9012031555175781, -0.5194639563560486, -0.5217646360397339, -0.5552411675453186, 0.3868153393268585, -0.07094968855381012, 0.015155279077589512, -0.006720774807035923, 0.9973421692848206, 0.029091401025652885, 0.008342755027115345, -0.01946171745657921, 0.9993524551391602, -0.6053797006607056, 0.4309197962284088, -0.42380890250205994, 0.5178895592689514, -0.6129323244094849, 0.15477043390274048, -0.19591693580150604, 0.7496510744094849, 0.21255145967006683, -0.25541049242019653, 0.009368175640702248, 0.9431328773498535, 0.0015034796670079231, -0.14122983813285828, -0.16377167403697968, 0.976335346698761, -0.6214709877967834, -0.441067099571228, 0.4062769412994385, 0.5041555166244507, -0.40906864404678345, 0.22319504618644714, 0.055688027292490005, 0.8830320835113525, 0.24043847620487213, 0.31976550817489624, -0.004582864232361317, 0.9164705872535706, 0.14774298667907715, 0.26688241958618164, 0.14366485178470612, 0.9414383769035339, -0.009831749834120274, 0.02544756419956684, -0.06451767683029175, 0.9975436329841614, -0.341450035572052, 0.05621633306145668, -0.34472721815109253, 0.8725908398628235, 0.13584288954734802, -0.0005772500880993903, -3.0945964226702927e-06, 0.9907302260398865, -0.48148471117019653, 0.0021277405321598053, 8.521564268448856e-06, 0.8764519095420837, 0.1479705274105072, 0.9687616229057312, -0.017223328351974487, 0.19826504588127136, 0.20568051934242249, -0.4952646493911743, 0.7857365012168884, 0.3082639276981354, -0.4156629145145416, 0.06938052922487259, 0.06150544062256813, 0.9047805070877075, 0.5251740217208862, -0.004846293944865465, 0.3141169548034668, 0.7908851504325867, 0.40726298093795776, 0.012762646190822124, 0.08664914220571518, 0.9091017246246338, 0.5488604307174683, -0.4951808750629425, 0.4581872224807739, 0.4935711920261383, -0.4196556508541107, -0.04297841712832451, -0.01668977178633213, 0.9065117239952087, 0.5953801274299622, 0.09454230964183807, -0.18477393686771393, 0.7761719226837158, 0.4240986108779907, -0.009117858484387398, -0.08909227699041367, 0.901176929473877, -0.5198491215705872, -0.5225493311882019, -0.5546363592147827, 0.38610580563545227, -0.07089956104755402, 0.01417335495352745, -0.007232720963656902, 0.9973565340042114, 0.02914181724190712, 0.008109639398753643, -0.01946207508444786, 0.9993528723716736, -0.6059533953666687, 0.4303126633167267, -0.4231075942516327, 0.5182967185974121, -0.6161852478981018, 0.1556152105331421, -0.2012898027896881, 0.7453737854957581, 0.2095145285129547, -0.2513127326965332, 0.00993431732058525, 0.9449057579040527, -0.0025051473639905453, -0.13811971247196198, -0.1699199378490448, 0.975727379322052, -0.6209437847137451, -0.44091248512268066, 0.4069659411907196, 0.5043845176696777, -0.4078770875930786, 0.22106385231018066, 0.054715871810913086, 0.884179413318634, 0.23830361664295197, 0.31650418043136597, -0.004642728250473738, 0.9181584715843201, 0.14775507152080536, 0.2668311297893524, 0.1436704695224762, 0.9414501786231995, -0.011271923780441284, 0.026064248755574226, -0.06438745558261871, 0.9975208640098572, -0.34515854716300964, 0.05558187514543533, -0.34329721331596375, 0.8717358112335205, 0.13584212958812714, -0.0005756143946200609, -3.296711156508536e-06, 0.990730345249176, -0.4814854562282562, 0.002129186177626252, 9.340838005300611e-06, 0.8764514923095703, 0.1499493420124054, 0.9677465558052063, -0.015767140313982964, 0.20182475447654724, 0.20391488075256348, -0.4944271445274353, 0.7860016822814941, 0.31009969115257263, -0.4149710536003113, 0.06936174631118774, 0.061111826449632645, 0.90512615442276, 0.5238660573959351, -0.006155896931886673, 0.31044748425483704, 0.7931890487670898, 0.40693703293800354, 0.012801486998796463, 0.08660610765218735, 0.9092512130737305, 0.5458292961120605, -0.4964575469493866, 0.45701268315315247, 0.4967290163040161, -0.4197681248188019, -0.04292526841163635, -0.017266707494854927, 0.9064513444900513, 0.5970717668533325, 0.0923907607793808, -0.1878979653120041, 0.774379551410675, 0.4241454303264618, -0.009161963127553463, -0.0890548899769783, 0.9011581540107727, -0.5201311707496643, -0.5233749747276306, -0.5539795160293579, 0.3855500817298889, -0.07057704031467438, 0.013272280804812908, -0.007657469250261784, 0.9973886609077454, 0.029215550050139427, 0.007852176204323769, -0.019455062225461006, 0.9993529319763184, -0.6063445806503296, 0.4297787547111511, -0.4225558340549469, 0.5187321901321411, -0.6184262037277222, 0.15827016532421112, -0.20567195117473602, 0.7417538166046143, 0.20546036958694458, -0.2458494007587433, 0.01061655580997467, 0.9472230076789856, -0.006014011800289154, -0.1338631510734558, -0.17631466686725616, 0.9751705527305603, -0.6208428740501404, -0.44052854180336, 0.40714600682258606, 0.5046988129615784, -0.4067462980747223, 0.21987542510032654, 0.05386314541101456, 0.8850485682487488, 0.23566803336143494, 0.3125128448009491, -0.004740640055388212, 0.9202031493186951, 0.14775432646274567, 0.26678767800331116, 0.14365226030349731, 0.9414653778076172, -0.012297130189836025, 0.026618458330631256, -0.06433116644620895, 0.9974977374076843, -0.34838366508483887, 0.054852452129125595, -0.34251129627227783, 0.8708077073097229, 0.13584120571613312, -0.0005743763176724315, -3.458867240624386e-06, 0.9907304644584656, -0.48148614168167114, 0.0021302485838532448, 9.952304935723078e-06, 0.8764511346817017, 0.15168806910514832, 0.9668242335319519, -0.01454587560147047, 0.20501257479190826, 0.20228147506713867, -0.4934926927089691, 0.7863303422927856, 0.3118201792240143, -0.4144074320793152, 0.06935630738735199, 0.060766205191612244, 0.9054080247879028, 0.5225248336791992, -0.00753283966332674, 0.30730560421943665, 0.7952825427055359, 0.40662023425102234, 0.01283460296690464, 0.08656583726406097, 0.9093963503837585, 0.5428881049156189, -0.4975690543651581, 0.45607790350914, 0.4996904134750366, -0.419803649187088, -0.042861294001340866, -0.017771074548363686, 0.9064281582832336, 0.5987083315849304, 0.09037161618471146, -0.1906260848045349, 0.7726855874061584, 0.42417994141578674, -0.009198587387800217, -0.08902942389249802, 0.9011439681053162, -0.5203651785850525, -0.5241624712944031, -0.5531913638114929, 0.385296106338501, -0.06995996087789536, 0.012484913691878319, -0.007816096767783165, 0.9974410533905029, 0.029319580644369125, 0.007581822108477354, -0.019435936585068703, 0.9993523359298706, -0.6068248152732849, 0.4289349317550659, -0.42182907462120056, 0.5194600224494934, -0.6198111772537231, 0.16286247968673706, -0.2091486006975174, 0.7386249899864197, 0.20107416808605194, -0.2399812787771225, 0.011323140934109688, 0.9496577978134155, -0.009246590547263622, -0.129301980137825, -0.18197321891784668, 0.9747211337089539, -0.6209455132484436, -0.44001173973083496, 0.40706464648246765, 0.5050888657569885, -0.40590885281562805, 0.21931585669517517, 0.053151052445173264, 0.885614812374115, 0.2328593134880066, 0.3082464337348938, -0.0048448024317622185, 0.9223541617393494, 0.14775629341602325, 0.26674389839172363, 0.14363014698028564, 0.941480815410614, -0.012908305041491985, 0.02714991383254528, -0.06428507715463638, 0.9974786639213562, -0.3510541021823883, 0.05414997786283493, -0.3420225977897644, 0.8699709177017212, 0.13584034144878387, -0.0005735066370107234, -3.556626779754879e-06, 0.9907305836677551, -0.48148685693740845, 0.0021309866569936275, 1.0374032171966974e-05, 0.8764507174491882, 0.15303456783294678, 0.9660608172416687, -0.013606788590550423, 0.20765794813632965, 0.2009032815694809, -0.49251189827919006, 0.7866837382316589, 0.31336653232574463, -0.4139520823955536, 0.06935887783765793, 0.0604504756629467, 0.9056372046470642, 0.5212568640708923, -0.008760251104831696, 0.304851233959198, 0.7970446944236755, 0.40631332993507385, 0.012864562682807446, 0.08652728796005249, 0.9095367193222046, 0.5402350425720215, -0.4983886182308197, 0.455454021692276, 0.5023111701011658, -0.41984882950782776, -0.042802318930625916, -0.01816215179860592, 0.9064022898674011, 0.6002184152603149, 0.08850091695785522, -0.1931837797164917, 0.7710936665534973, 0.42421767115592957, -0.009224927984178066, -0.08900989592075348, 0.9011279344558716, -0.520434558391571, -0.5250400900840759, -0.5523486137390137, 0.3852165639400482, -0.06918193399906158, 0.011792351491749287, -0.008038933388888836, 0.9975019693374634, 0.02944513037800789, 0.007330682128667831, -0.019409416243433952, 0.9993510246276855, -0.6071733832359314, 0.4280417561531067, -0.42121532559394836, 0.5202868580818176, -0.6203346848487854, 0.16812293231487274, -0.2124357670545578, 0.7360642552375793, 0.19691260159015656, -0.2344583123922348, 0.011964729055762291, 0.9518989324569702, -0.011943780817091465, -0.1253601759672165, -0.18579992651939392, 0.9744848012924194, -0.6210694909095764, -0.439502477645874, 0.4069361686706543, 0.5054832696914673, -0.4058678150177002, 0.21805550158023834, 0.05237950012087822, 0.8859907388687134, 0.23080097138881683, 0.3050658702850342, -0.0048761386424303055, 0.9239274263381958, 0.14776049554347992, 0.2666887640953064, 0.14363382756710052, 0.9414952397346497, -0.013036610558629036, 0.027617482468485832, -0.06416185200214386, 0.9974721074104309, -0.3529249131679535, 0.05338837951421738, -0.341255784034729, 0.8695620894432068, 0.1358395665884018, -0.0005730967386625707, -3.6144349451205926e-06, 0.9907307028770447, -0.48148754239082336, 0.002131367102265358, 1.0569157893769443e-05, 0.8764503598213196, 0.15405721962451935, 0.9654661417007446, -0.01310037076473236, 0.20968997478485107, 0.1996658593416214, -0.4913952648639679, 0.7871915102005005, 0.3146328628063202, -0.4137246310710907, 0.06939534097909927, 0.060164038091897964, 0.9057574272155762, 0.5204163193702698, -0.009765559807419777, 0.3026057481765747, 0.7984367609024048, 0.4060079753398895, 0.012891972437500954, 0.08649599552154541, 0.909675657749176, 0.537873387336731, -0.4988684356212616, 0.45524609088897705, 0.5045529007911682, -0.4199531078338623, -0.04275576025247574, -0.01844877190887928, 0.9063503742218018, 0.601527214050293, 0.08686907589435577, -0.19547952711582184, 0.7696794867515564, 0.42427587509155273, -0.009239655919373035, -0.0890016183257103, 0.9011011719703674, -0.5204241275787354, -0.5259395837783813, -0.5514779090881348, 0.38525113463401794, -0.06826639175415039, 0.011129984632134438, -0.008246216922998428, 0.9975709915161133, 0.029579605907201767, 0.007130454294383526, -0.01936967670917511, 0.9993492960929871, -0.6072502732276917, 0.427305668592453, -0.4209156334400177, 0.5210440754890442, -0.6206011176109314, 0.1738467514514923, -0.21453441679477692, 0.7338981628417969, 0.1934085637331009, -0.2297738939523697, 0.012479494325816631, 0.9537512063980103, -0.012633142061531544, -0.1225656121969223, -0.18914364278316498, 0.9741882681846619, -0.6211618781089783, -0.43905970454216003, 0.406828910112381, 0.5058406591415405, -0.4063781797885895, 0.21687138080596924, 0.05166789889335632, 0.8860892057418823, 0.22869651019573212, 0.30179548263549805, -0.004923402331769466, 0.9255232214927673, 0.14774498343467712, 0.26663556694984436, 0.14360974729061127, 0.9415163993835449, -0.012804554775357246, 0.0278933085501194, -0.06395266205072403, 0.9974808692932129, -0.35415080189704895, 0.05269331857562065, -0.34015679359436035, 0.8695366978645325, 0.13583959639072418, -0.0005732151912525296, -3.6120848108112114e-06, 0.9907307028770447, -0.48148757219314575, 0.0021312572062015533, 1.051137860486051e-05, 0.8764503598213196, 0.15488430857658386, 0.9649208784103394, -0.012623793445527554, 0.21161103248596191, 0.19882361590862274, -0.490261048078537, 0.7876299023628235, 0.3158361315727234, -0.41371455788612366, 0.0694521889090538, 0.05988870561122894, 0.9057759046554565, 0.5196281671524048, -0.010827871039509773, 0.3009343147277832, 0.7995673418045044, 0.405705064535141, 0.012918404303491116, 0.08646635711193085, 0.9098132252693176, 0.5358576774597168, -0.49919211864471436, 0.45505937933921814, 0.506541907787323, -0.42024919390678406, -0.042733851820230484, -0.018711594864726067, 0.9062087535858154, 0.6028676629066467, 0.08544176071882248, -0.19748790562152863, 0.7682765126228333, 0.4243693947792053, -0.009241387248039246, -0.08901090919971466, 0.9010562300682068, -0.520465075969696, -0.5267515778541565, -0.5505550503730774, 0.3854062557220459, -0.06731939315795898, 0.010483065620064735, -0.008277111686766148, 0.9976420402526855, 0.02971501834690571, 0.006972029339522123, -0.019322970882058144, 0.9993472695350647, -0.6071999669075012, 0.42672279477119446, -0.4207674264907837, 0.5216997861862183, -0.6211726665496826, 0.1795313060283661, -0.2147001028060913, 0.7319952249526978, 0.18993762135505676, -0.22502337396144867, 0.012950167059898376, 0.9555734395980835, -0.010745600797235966, -0.1204499751329422, -0.19349093735218048, 0.9736208915710449, -0.6211652755737305, -0.43871647119522095, 0.4068058133125305, 0.5061528086662292, -0.40697434544563293, 0.2156583070755005, 0.051419056951999664, 0.8861261010169983, 0.226920023560524, 0.29901912808418274, -0.0049520935863256454, 0.926860511302948, 0.14774921536445618, 0.26660075783729553, 0.14358139038085938, 0.9415299296379089, -0.012225409038364887, 0.028096552938222885, -0.06376315653324127, 0.9974945187568665, -0.35472163558006287, 0.052388619631528854, -0.33899953961372375, 0.8697742819786072, 0.13583996891975403, -0.0005735621089115739, -3.5575667425291613e-06, 0.9907306432723999, -0.4814871847629547, 0.0021309624426066875, 1.031193824019283e-05, 0.8764505386352539, 0.15543951094150543, 0.9644649028778076, -0.012234161607921124, 0.21329887211322784, 0.19820323586463928, -0.4891531467437744, 0.7880852222442627, 0.31680649518966675, -0.4138922095298767, 0.06952542066574097, 0.05961460620164871, 0.9057072401046753, 0.5189824104309082, -0.011908802203834057, 0.29954349994659424, 0.800493061542511, 0.4054006040096283, 0.01294138003140688, 0.08644194155931473, 0.9099509119987488, 0.5342001914978027, -0.4993667006492615, 0.4549753963947296, 0.5081934332847595, -0.4206793010234833, -0.04273289814591408, -0.018959613516926765, 0.9060040712356567, 0.6041987538337708, 0.08427061140537262, -0.19908574223518372, 0.7669466733932495, 0.42448294162750244, -0.009233332239091396, -0.08903424441814423, 0.9010004997253418, -0.5205591917037964, -0.5274606943130493, -0.5495862364768982, 0.3856920897960663, -0.06634954363107681, 0.009850095957517624, -0.008127403445541859, 0.9977146983146667, 0.029858514666557312, 0.006848909892141819, -0.019283967092633247, 0.9993446469306946, -0.6070163249969482, 0.4263450801372528, -0.4207700788974762, 0.5222198367118835, -0.622199296951294, 0.18492230772972107, -0.21288064122200012, 0.7303106188774109, 0.18640120327472687, -0.2200673669576645, 0.013389214873313904, 0.9574161767959595, -0.006765739526599646, -0.11877746134996414, -0.19857649505138397, 0.9728379249572754, -0.6211202144622803, -0.43841612339019775, 0.4068114459514618, 0.5064637660980225, -0.4073616862297058, 0.21437515318393707, 0.05172129347920418, 0.8862418532371521, 0.22605225443840027, 0.29757723212242126, -0.004924527835100889, 0.9275364875793457, 0.14777114987373352, 0.2665659189224243, 0.14357410371303558, 0.9415374994277954, -0.011417596600949764, 0.028386415913701057, -0.06359007209539413, 0.9975069761276245, -0.35483258962631226, 0.05232914537191391, -0.33819103240966797, 0.8700473308563232, 0.13584065437316895, -0.0005740124615840614, -3.4945812785736052e-06, 0.9907305240631104, -0.4814866781234741, 0.0021305778063833714, 1.0096890036948025e-05, 0.8764508366584778, 0.1557328701019287, 0.9642420411109924, -0.01196132693439722, 0.21410630643367767, 0.19741442799568176, -0.48834943771362305, 0.7885883450508118, 0.3172866404056549, -0.41428279876708984, 0.06962163001298904, 0.059373755007982254, 0.9055370688438416, 0.5187295079231262, -0.012853329069912434, 0.2984721064567566, 0.801042377948761, 0.4051029086112976, 0.012957580387592316, 0.08642607182264328, 0.9100847840309143, 0.5328862071037292, -0.49954652786254883, 0.45538243651390076, 0.5090308785438538, -0.4214366376399994, -0.042775094509124756, -0.01913815550506115, 0.9056463241577148, 0.6053882241249084, 0.0834922045469284, -0.2003486603498459, 0.765764057636261, 0.42458418011665344, -0.009221796877682209, -0.08906003832817078, 0.9009503722190857, -0.5207417011260986, -0.5280007719993591, -0.5485382676124573, 0.3861982226371765, -0.06530196219682693, 0.009262329898774624, -0.007707079406827688, 0.9977928400039673, 0.030006496235728264, 0.006743916310369968, -0.019239064306020737, 0.9993417859077454, -0.6067215800285339, 0.4261489510536194, -0.4208960235118866, 0.5226207971572876, -0.6238647103309631, 0.1905028223991394, -0.20917847752571106, 0.7285230755805969, 0.18302693963050842, -0.21521487832069397, 0.013766368851065636, 0.9591633081436157, -0.002061750739812851, -0.11748111248016357, -0.20321780443191528, 0.9720578193664551, -0.6210623979568481, -0.43811267614364624, 0.40680965781211853, 0.5067984461784363, -0.40730658173561096, 0.2140544056892395, 0.052690256386995316, 0.8862876892089844, 0.2249990701675415, 0.29590240120887756, -0.004925111774355173, 0.9283280372619629, 0.14776651561260223, 0.2665420174598694, 0.14355936646461487, 0.9415472149848938, -0.010416830889880657, 0.028665894642472267, -0.06361660361289978, 0.9975082278251648, -0.3547261953353882, 0.05247286334633827, -0.3382762372493744, 0.8700489401817322, 0.13584165275096893, -0.0005745901726186275, -3.4409995350870304e-06, 0.9907304048538208, -0.4814857840538025, 0.0021300907246768475, 9.829572263697628e-06, 0.876451313495636, 0.1558089405298233, 0.9641726016998291, -0.011436370201408863, 0.21439222991466522, 0.19676220417022705, -0.48786985874176025, 0.7889721393585205, 0.3174755275249481, -0.4150146543979645, 0.06975524127483368, 0.059161096811294556, 0.9052055478096008, 0.5186474323272705, -0.01387247908860445, 0.29798057675361633, 0.8012615442276001, 0.4048093259334564, 0.01297061424702406, 0.08641333132982254, 0.9102164506912231, 0.532120943069458, -0.4997136890888214, 0.4561288356781006, 0.5089989900588989, -0.4231674075126648, -0.042930856347084045, -0.019341330975294113, 0.9048271775245667, 0.6068457961082458, 0.08312076330184937, -0.2013060450553894, 0.7643985152244568, 0.42468196153640747, -0.009206492453813553, -0.08908942341804504, 0.9009014964103699, -0.52094566822052, -0.528437614440918, -0.5474725961685181, 0.3868372440338135, -0.06422692537307739, 0.008713373914361, -0.007141952868551016, 0.9978717565536499, 0.030154921114444733, 0.006648895796388388, -0.01918652467429638, 0.9993389844894409, -0.6065992116928101, 0.4257769286632538, -0.42081665992736816, 0.5231297612190247, -0.6258905529975891, 0.19618505239486694, -0.20467014610767365, 0.726555347442627, 0.18013101816177368, -0.210974782705307, 0.014064224436879158, 0.9606480598449707, 0.0021114691626280546, -0.11668248474597931, -0.20660649240016937, 0.9714394211769104, -0.6210024356842041, -0.43782442808151245, 0.4068014323711395, 0.507127583026886, -0.4070073664188385, 0.2143649160861969, 0.05404414236545563, 0.8862685561180115, 0.22373101115226746, 0.29395049810409546, -0.0049588424153625965, 0.9292539954185486, 0.14777034521102905, 0.2665226459503174, 0.1435442715883255, 0.9415543675422668, -0.009274047799408436, 0.028932029381394386, -0.06373798102140427, 0.9975041151046753, -0.35462117195129395, 0.05265187472105026, -0.3387005031108856, 0.8699158430099487, 0.1358429193496704, -0.0005750320851802826, -3.39588177666883e-06, 0.9907302260398865, -0.48148447275161743, 0.0021296849008649588, 9.55169161898084e-06, 0.8764520883560181, 0.1557801514863968, 0.9641830325126648, -0.010839774273335934, 0.2143973559141159, 0.19626471400260925, -0.4876657724380493, 0.7891964316368103, 0.31753939390182495, -0.41582930088043213, 0.06988900899887085, 0.0590025819838047, 0.90483158826828, 0.5186652541160583, -0.014821953140199184, 0.29776424169540405, 0.8013134002685547, 0.40451955795288086, 0.012985030189156532, 0.08640055358409882, 0.910346269607544, 0.5317221283912659, -0.4999399483203888, 0.456807017326355, 0.5085852146148682, -0.4249952435493469, -0.04310493916273117, -0.019511712715029716, 0.9039581418037415, 0.6082181930541992, 0.08306461572647095, -0.20185336470603943, 0.763168454170227, 0.42477187514305115, -0.009187151677906513, -0.0891236737370491, 0.9008559584617615, -0.5211521983146667, -0.5288570523262024, -0.5464379787445068, 0.3874482810497284, -0.0633021742105484, 0.008141745813190937, -0.00661469716578722, 0.9979392886161804, 0.03029070422053337, 0.0065526762045919895, -0.019140642136335373, 0.9993363618850708, -0.6062546372413635, 0.4257412850856781, -0.4210328161716461, 0.5233842730522156, -0.6277207136154175, 0.200819730758667, -0.20096968114376068, 0.7247409224510193, 0.1778121441602707, -0.2075583040714264, 0.014293557964265347, 0.9618201851844788, 0.005216069053858519, -0.11643306910991669, -0.20894788205623627, 0.9709566831588745, -0.6208886504173279, -0.4376091957092285, 0.40685391426086426, 0.5074105858802795, -0.4066609740257263, 0.21455125510692596, 0.05551625415682793, 0.8862914443016052, 0.2228395789861679, 0.29255345463752747, -0.0049725486896932125, 0.9299087524414062, 0.1477580964565277, 0.26651135087013245, 0.14353986084461212, 0.9415601491928101, -0.008012940175831318, 0.02919870987534523, -0.06387905031442642, 0.9974982142448425, -0.35445183515548706, 0.0529707595705986, -0.3391714096069336, 0.869782030582428, 0.1358441263437271, -0.0005755774327553809, -3.3385440474376082e-06, 0.9907300472259521, -0.4814835786819458, 0.0021292592864483595, 9.32966941036284e-06, 0.8764525055885315, 0.15573281049728394, 0.9642329216003418, -0.010408374480903149, 0.21422840654850006, 0.1958335041999817, -0.4878852069377899, 0.789174497127533, 0.3175230324268341, -0.41632699966430664, 0.06997319310903549, 0.05893923342227936, 0.9046003222465515, 0.5188006162643433, -0.015471226535737514, 0.2977086901664734, 0.8012341260910034, 0.40424689650535583, 0.013001207262277603, 0.08638232201337814, 0.9104688167572021, 0.531316339969635, -0.5005010962486267, 0.4571068286895752, 0.5081878900527954, -0.4256807267665863, -0.043152857571840286, -0.01948293298482895, 0.9036338925361633, 0.6088780164718628, 0.08314575999975204, -0.20240887999534607, 0.7624861001968384, 0.4248470664024353, -0.009162882342934608, -0.08916204422712326, 0.9008169174194336, -0.5214331150054932, -0.5292673110961914, -0.5454429984092712, 0.38791200518608093, -0.06252776831388474, 0.007547518704086542, -0.006130745634436607, 0.9979958534240723, 0.03041265718638897, 0.006436509545892477, -0.019104037433862686, 0.9993340969085693, -0.6059623956680298, 0.42566293478012085, -0.42120930552482605, 0.5236443877220154, -0.6294564008712769, 0.2044384926557541, -0.19807098805904388, 0.7230196595191956, 0.17622311413288116, -0.2052154242992401, 0.014453589916229248, 0.9626126885414124, 0.007340484298765659, -0.11669601500034332, -0.21077200770378113, 0.9705170392990112, -0.6206719279289246, -0.43752187490463257, 0.40701526403427124, 0.507621705532074, -0.40624764561653137, 0.21461337804794312, 0.05706123262643814, 0.8863678574562073, 0.22255878150463104, 0.2920754551887512, -0.004955993965268135, 0.9301263093948364, 0.14778363704681396, 0.2665090262889862, 0.1435365378856659, 0.9415572881698608, -0.006615700665861368, 0.029455751180648804, -0.06398841738700867, 0.9974938631057739, -0.35403168201446533, 0.053498901426792145, -0.3395349085330963, 0.8697789907455444, 0.1358448714017868, -0.0005763642839156091, -3.234905079807504e-06, 0.9907299876213074, -0.48148292303085327, 0.0021285242401063442, 8.907280061976053e-06, 0.8764529228210449, 0.15564213693141937, 0.9642840027809143, -0.010064180009067059, 0.2140808403491974, 0.19554360210895538, -0.4883083999156952, 0.789039134979248, 0.3173876106739044, -0.41678324341773987, 0.07005530595779419, 0.058925651013851166, 0.9043847322463989, 0.5192835927009583, -0.015888767316937447, 0.29773953557014465, 0.8009015917778015, 0.4039900600910187, 0.013018909841775894, 0.08635909855365753, 0.9105847477912903, 0.5312891602516174, -0.5010777115821838, 0.4569200277328491, 0.5078158974647522, -0.42591649293899536, -0.043159086257219315, -0.01933099888265133, 0.9035257697105408, 0.6092417240142822, 0.08347570896148682, -0.20262135565280914, 0.7621029615402222, 0.42491284012794495, -0.00913192518055439, -0.08920585364103317, 0.9007819294929504, -0.5217733383178711, -0.5296380519866943, -0.544583261013031, 0.38815638422966003, -0.061781153082847595, 0.006981038022786379, -0.005717902444303036, 0.9980489015579224, 0.030518576502799988, 0.006315970793366432, -0.019080882892012596, 0.9993321299552917, -0.6057392358779907, 0.4256264269351959, -0.42134740948677063, 0.5238211154937744, -0.6309168338775635, 0.20664401352405548, -0.1964927762746811, 0.7215489149093628, 0.1754656285047531, -0.20409443974494934, 0.014534153044223785, 0.9629880785942078, 0.00869032833725214, -0.1173839345574379, -0.2122296243906021, 0.9701052308082581, -0.6203765273094177, -0.4375792443752289, 0.40726494789123535, 0.5077328681945801, -0.40591058135032654, 0.2145279496908188, 0.05848659947514534, 0.8864500522613525, 0.2227889597415924, 0.29234227538108826, -0.004911067895591259, 0.9299876093864441, 0.14779411256313324, 0.26649367809295654, 0.14356867969036102, 0.9415551424026489, -0.005083845928311348, 0.029676878824830055, -0.0639721006155014, 0.9974973797798157, -0.35305485129356384, 0.054107289761304855, -0.3395044207572937, 0.8701502680778503, 0.13584576547145844, -0.0005773425218649209, -3.1150543691182975e-06, 0.9907298684120178, -0.48148226737976074, 0.002127700485289097, 8.452946531178895e-06, 0.8764532804489136, 0.15545696020126343, 0.9643377065658569, -0.009668348357081413, 0.21399183571338654, 0.19576331973075867, -0.48867806792259216, 0.788772463798523, 0.3173459470272064, -0.4175744950771332, 0.07016968727111816, 0.058968089520931244, 0.9040080904960632, 0.5199232697486877, -0.016338620334863663, 0.29802122712135315, 0.8003726005554199, 0.40373167395591736, 0.01304071955382824, 0.08633729815483093, 0.9107011556625366, 0.531697154045105, -0.5014965534210205, 0.4566029906272888, 0.5072603225708008, -0.4265400767326355, -0.04321332648396492, -0.01917644962668419, 0.9032322764396667, 0.6097305417060852, 0.08402612805366516, -0.20260989665985107, 0.7616544961929321, 0.4249763786792755, -0.009097727946937084, -0.08925125002861023, 0.9007477760314941, -0.5219320058822632, -0.5300926566123962, -0.5438305139541626, 0.3883776366710663, -0.06109214946627617, 0.006513947155326605, -0.005552236922085285, 0.9980954527854919, 0.030617842450737953, 0.006222940981388092, -0.019061919301748276, 0.9993299841880798, -0.6054278612136841, 0.42581695318222046, -0.4216434359550476, 0.5237879753112793, -0.6319634914398193, 0.2076030671596527, -0.19633962213993073, 0.720398485660553, 0.17559342086315155, -0.2042204737663269, 0.014513124711811543, 0.9629384279251099, 0.009264553897082806, -0.1184232234954834, -0.21304723620414734, 0.9697942733764648, -0.6200485229492188, -0.43788793683052063, 0.40757086873054504, 0.5076219439506531, -0.4059489965438843, 0.213994100689888, 0.059461332857608795, 0.8864966034889221, 0.22307679057121277, 0.2926894724369049, -0.004848868120461702, 0.9298097491264343, 0.14779214560985565, 0.26647740602493286, 0.1435813158750534, 0.9415581226348877, -0.0036131844390183687, 0.029752735048532486, -0.06384461373090744, 0.9975097179412842, -0.3520018756389618, 0.0542544350028038, -0.33909690380096436, 0.8707264065742493, 0.1358463168144226, -0.0005782416556030512, -3.002246558025945e-06, 0.9907297492027283, -0.4814816117286682, 0.002126891165971756, 7.99967619968811e-06, 0.8764536380767822, 0.15517297387123108, 0.9644028544425964, -0.009222734719514847, 0.21392396092414856, 0.1959570348262787, -0.48920950293540955, 0.7884604334831238, 0.3171830475330353, -0.4181729257106781, 0.0702609270811081, 0.05899104103446007, 0.9037227630615234, 0.5204997062683105, -0.016618873924016953, 0.29823213815689087, 0.7999134659767151, 0.40347567200660706, 0.013063284568488598, 0.08631125837564468, 0.9108167290687561, 0.5322047472000122, -0.5019471049308777, 0.45617347955703735, 0.5066684484481812, -0.42699870467185974, -0.04325219616293907, -0.019014308229088783, 0.9030170440673828, 0.6101444959640503, 0.0846165120601654, -0.20253470540046692, 0.7612774968147278, 0.42504048347473145, -0.009063233621418476, -0.0892963632941246, 0.9007134437561035, -0.5220353007316589, -0.5305927395820618, -0.5431524515151978, 0.3885047733783722, -0.06043501943349838, 0.006068505346775055, -0.005445549264550209, 0.9981388449668884, 0.030712855979800224, 0.006133877672255039, -0.01903960295021534, 0.999328076839447, -0.6052547693252563, 0.4258909523487091, -0.42178937792778015, 0.5238103270530701, -0.6329724192619324, 0.2082419991493225, -0.1961096227169037, 0.7193901538848877, 0.17588947713375092, -0.20457130670547485, 0.014466687105596066, 0.9628106355667114, 0.009605996310710907, -0.1194131150841713, -0.21348562836647034, 0.9695731997489929, -0.6197532415390015, -0.4383467733860016, 0.40784940123558044, 0.5073627829551697, -0.4060497283935547, 0.21328423917293549, 0.060336314141750336, 0.8865624666213989, 0.22348546981811523, 0.2931708097457886, -0.0047895112074911594, 0.9295602440834045, 0.14781275391578674, 0.2664702832698822, 0.1435989886522293, 0.9415541887283325, -0.00221309345215559, 0.02972719632089138, -0.06365172564983368, 0.9975268840789795, -0.3510589897632599, 0.05414143577218056, -0.33860182762145996, 0.8713065981864929, 0.13584695756435394, -0.0005789199494756758, -2.9131711016816553e-06, 0.9907296895980835, -0.48148107528686523, 0.0021262923255562782, 7.665086741326377e-06, 0.8764539361000061, 0.15484662353992462, 0.96445232629776, -0.008698368445038795, 0.2139592319726944, 0.1962437480688095, -0.48982444405555725, 0.7880626320838928, 0.3170453906059265, -0.4186770021915436, 0.07033339887857437, 0.05898720771074295, 0.9034839868545532, 0.5210329294204712, -0.016917385160923004, 0.29851803183555603, 0.7994532585144043, 0.40320441126823425, 0.013090993277728558, 0.08627533167600632, 0.9109398722648621, 0.5327671766281128, -0.5024309754371643, 0.4556204378604889, 0.5060950517654419, -0.4273850917816162, -0.04328591376543045, -0.01887555792927742, 0.9028355479240417, 0.610543966293335, 0.08523797988891602, -0.20245711505413055, 0.7609084844589233, 0.4251088798046112, -0.009028835222125053, -0.08934078365564346, 0.9006770253181458, -0.5221285223960876, -0.5311002731323242, -0.5425663590431213, 0.38850492238998413, -0.05986948683857918, 0.005674893967807293, -0.0054954709485173225, 0.9981749653816223, 0.030799200758337975, 0.006066718138754368, -0.019019532948732376, 0.999326229095459, -0.6051130890846252, 0.42611172795295715, -0.4219246506690979, 0.5236855149269104, -0.634120762348175, 0.2083156853914261, -0.1954018771648407, 0.7185496687889099, 0.17634889483451843, -0.20508337020874023, 0.01438179612159729, 0.9626188278198242, 0.009697243571281433, -0.12026997655630112, -0.21348117291927338, 0.9694673418998718, -0.6194710731506348, -0.43891388177871704, 0.4081171452999115, 0.5070016384124756, -0.40626615285873413, 0.21211276948451996, 0.06092742457985878, 0.8867039084434509, 0.2243306189775467, 0.2942788004875183, -0.004688020329922438, 0.9290068745613098, 0.14784464240074158, 0.26645225286483765, 0.1436259001493454, 0.9415501952171326, -0.0008706037187948823, 0.02963184006512165, -0.06341545283794403, 0.9975468516349792, -0.3502681255340576, 0.05373312905430794, -0.3380314111709595, 0.8718714118003845, 0.1358475238084793, -0.0005792464362457395, -2.8605290935956873e-06, 0.9907296299934387, -0.4814806282520294, 0.002125995233654976, 7.48025786379003e-06, 0.8764541745185852, 0.15457217395305634, 0.9644513130187988, -0.00813767034560442, 0.21418432891368866, 0.19651195406913757, -0.4904063642024994, 0.7876651883125305, 0.316967248916626, -0.41919246315956116, 0.07040397822856903, 0.05895020440220833, 0.9032418727874756, 0.5215349197387695, -0.01736047863960266, 0.29872167110443115, 0.7990403175354004, 0.4028576612472534, 0.013134519569575787, 0.0862126499414444, 0.9110985398292542, 0.5333487391471863, -0.502928614616394, 0.45480093359947205, 0.5057252645492554, -0.4276234805583954, -0.0433083139359951, -0.018747657537460327, 0.9027242660522461, 0.6109558939933777, 0.08581584692001343, -0.20237375795841217, 0.760534942150116, 0.42516541481018066, -0.008996891789138317, -0.08937722444534302, 0.9006471037864685, -0.5220498442649841, -0.531641960144043, -0.5421239137649536, 0.38848739862442017, -0.059376057237386703, 0.005322612822055817, -0.005663251969963312, 0.9982054233551025, 0.030888380482792854, 0.006040893495082855, -0.019002536311745644, 0.9993239045143127, -0.6050618886947632, 0.4264219105243683, -0.4219643771648407, 0.5234601497650146, -0.6354447603225708, 0.20790468156337738, -0.19379431009292603, 0.7179341316223145, 0.17695796489715576, -0.20570701360702515, 0.01425059512257576, 0.9623759388923645, 0.009633244015276432, -0.12086125463247299, -0.21298788487911224, 0.9695029854774475, -0.6191843748092651, -0.4395461976528168, 0.40838387608528137, 0.5065891146659851, -0.40659862756729126, 0.2105502486228943, 0.06120598316192627, 0.8869047164916992, 0.22562482953071594, 0.29599669575691223, -0.004533528815954924, 0.928148090839386, 0.14786219596862793, 0.2664306163787842, 0.14365728199481964, 0.941548764705658, 0.0004289720382075757, 0.02947666123509407, -0.06315528601408005, 0.9975682497024536, -0.3496883511543274, 0.0530158169567585, -0.33736565709114075, 0.8724057674407959, 0.13584810495376587, -0.0005793451564386487, -2.845617245839094e-06, 0.9907295107841492, -0.48148012161254883, 0.002125929109752178, 7.446185918524861e-06, 0.8764544725418091, 0.15429216623306274, 0.9644540548324585, -0.007536106742918491, 0.2143956422805786, 0.19675153493881226, -0.4908416271209717, 0.7873836755752563, 0.31684431433677673, -0.41992616653442383, 0.0705057755112648, 0.05890553072094917, 0.902895987033844, 0.5220797657966614, -0.017901917919516563, 0.29882168769836426, 0.7986350059509277, 0.40249738097190857, 0.013182180933654308, 0.08614199608564377, 0.9112637639045715, 0.5341364741325378, -0.5032299160957336, 0.45404309034347534, 0.5052748918533325, -0.4283784031867981, -0.04339350014925003, -0.018677467480301857, 0.902363657951355, 0.6116122007369995, 0.08646690845489502, -0.2021028697490692, 0.7600055932998657, 0.425141304731369, -0.008981901220977306, -0.08938613533973694, 0.9006577134132385, -0.521921694278717, -0.532154381275177, -0.541754961013794, 0.3884728252887726, -0.05891267582774162, 0.004995173774659634, -0.005839466582983732, 0.9982336163520813, 0.030983122065663338, 0.0060258773155510426, -0.0189825352281332, 0.999321460723877, -0.6049439907073975, 0.426937997341156, -0.4221132695674896, 0.5230556130409241, -0.6367592811584473, 0.20708014070987701, -0.1919465810060501, 0.7175039649009705, 0.17756779491901398, -0.20628032088279724, 0.014103048481047153, 0.962143063545227, 0.009584144689142704, -0.12132882326841354, -0.21233312785625458, 0.9695886373519897, -0.6188058257102966, -0.440294474363327, 0.40876877307891846, 0.5060911774635315, -0.4071362614631653, 0.2088318169116974, 0.0611734576523304, 0.8870666027069092, 0.2269667536020279, 0.2977527379989624, -0.004372290335595608, 0.9272595643997192, 0.14790712296962738, 0.26640933752059937, 0.14369992911815643, 0.9415412545204163, 0.001523763407021761, 0.02923751436173916, -0.06284016370773315, 0.9975941181182861, -0.3494204580783844, 0.05227457359433174, -0.3365739583969116, 0.8728635311126709, 0.13584886491298676, -0.0005793097079731524, -2.856303353837575e-06, 0.9907294511795044, -0.4814794361591339, 0.0021259747445583344, 7.486694357794477e-06, 0.8764548301696777, 0.15391214191913605, 0.9644629955291748, -0.006967890542000532, 0.21464774012565613, 0.1971127837896347, -0.49133771657943726, 0.7870216965675354, 0.3167502284049988, -0.42030659317970276, 0.07055230438709259, 0.05884120985865593, 0.9027194976806641, 0.5224253535270691, -0.018263980746269226, 0.2990122437477112, 0.7983294725418091, 0.40213969349861145, 0.013234256766736507, 0.08606455475091934, 0.9114282727241516, 0.5348971486091614, -0.5034754276275635, 0.4532739818096161, 0.5049160718917847, -0.4288081228733063, -0.0434458889067173, -0.018610453233122826, 0.9021583795547485, 0.6121037602424622, 0.08697353303432465, -0.20191068947315216, 0.759602963924408, 0.42510315775871277, -0.008973771706223488, -0.08938424289226532, 0.9006759524345398, -0.521776556968689, -0.5326040983200073, -0.541528582572937, 0.38836705684661865, -0.058587148785591125, 0.00477089686319232, -0.006078905425965786, 0.9982523918151855, 0.031055958941578865, 0.006035069469362497, -0.01896354928612709, 0.9993195533752441, -0.6047484278678894, 0.42760056257247925, -0.4223748445510864, 0.5225290656089783, -0.6378770470619202, 0.2058098018169403, -0.19015824794769287, 0.7173528075218201, 0.17826829850673676, -0.20697329938411713, 0.013939082622528076, 0.9618670344352722, 0.009447620250284672, -0.12171250581741333, -0.21138142049312592, 0.9697498083114624, -0.6183052062988281, -0.4410915672779083, 0.4092997610569, 0.5055795311927795, -0.40768375992774963, 0.2071760594844818, 0.061107486486434937, 0.8872079253196716, 0.228288933634758, 0.2994890809059143, -0.00421944260597229, 0.9263761043548584, 0.1479342132806778, 0.2663857042789459, 0.143739253282547, 0.9415376782417297, 0.0024800500832498074, 0.0289198849350214, -0.06248309835791588, 0.997623860836029, -0.3492260277271271, 0.052032314240932465, -0.33559995889663696, 0.8733307123184204, 0.13584916293621063, -0.0005793304299004376, -2.840440174622927e-06, 0.9907293915748596, -0.48147913813591003, 0.002125939354300499, 7.456873845512746e-06, 0.8764550089836121, 0.1533866971731186, 0.9644798040390015, -0.006428230553865433, 0.2149650603532791, 0.19756446778774261, -0.4917571544647217, 0.7867163419723511, 0.31657636165618896, -0.42056211829185486, 0.07057464122772217, 0.0587640181183815, 0.902603805065155, 0.522652268409729, -0.018534138798713684, 0.29913488030433655, 0.7981287240982056, 0.40178152918815613, 0.013288713991641998, 0.08598387241363525, 0.9115930199623108, 0.5357147455215454, -0.5035653114318848, 0.45258834958076477, 0.5045745372772217, -0.4292082190513611, -0.04349761828780174, -0.018582569435238838, 0.9019661545753479, 0.6125944256782532, 0.08739044517278671, -0.20167286694049835, 0.759222686290741, 0.42507341504096985, -0.008966811932623386, -0.08938131481409073, 0.9006903767585754, -0.5216126441955566, -0.5329886078834534, -0.5414491295814514, 0.38817036151885986, -0.05839952081441879, 0.004649258218705654, -0.00638190470635891, 0.9982620477676392, 0.031107239425182343, 0.006065691821277142, -0.018952181562781334, 0.9993179440498352, -0.6045183539390564, 0.4283144474029541, -0.4226885735988617, 0.5219566226005554, -0.6387656331062317, 0.20415809750556946, -0.1885610967874527, 0.7174556851387024, 0.1791154146194458, -0.2078874260187149, 0.013759637251496315, 0.9615150690078735, 0.009149116463959217, -0.122081458568573, -0.21020261943340302, 0.9699625372886658, -0.6176877021789551, -0.44185879826545715, 0.4099651277065277, 0.5051249861717224, -0.40818727016448975, 0.2057352066040039, 0.06100565940141678, 0.8873187303543091, 0.2296854704618454, 0.30137449502944946, -0.004072496201843023, 0.9254196286201477, 0.14798220992088318, 0.2663761377334595, 0.14377477765083313, 0.9415273666381836, 0.003315578680485487, 0.02852526493370533, -0.062079381197690964, 0.9976580142974854, -0.34894782304763794, 0.052331630140542984, -0.33448803424835205, 0.8738504648208618, 0.13584938645362854, -0.0005794019089080393, -2.8320976070972392e-06, 0.9907293319702148, -0.4814789593219757, 0.002125848550349474, 7.446910785802174e-06, 0.8764551281929016, 0.15281514823436737, 0.9644821286201477, -0.005943638272583485, 0.21537519991397858, 0.19796304404735565, -0.49196183681488037, 0.786593496799469, 0.31631460785865784, -0.4208739995956421, 0.07061165571212769, 0.0586673729121685, 0.9024617671966553, 0.5228192210197449, -0.018819808959960938, 0.29907548427581787, 0.7980349659919739, 0.4014202058315277, 0.013342680409550667, 0.08590390533208847, 0.9117589592933655, 0.5365946888923645, -0.5034381151199341, 0.45199066400527954, 0.5043020248413086, -0.4298241138458252, -0.04357416555285454, -0.01860271580517292, 0.9016687273979187, 0.6132408976554871, 0.08776046335697174, -0.2012464851140976, 0.7587710618972778, 0.4250522255897522, -0.00895944144576788, -0.08938245475292206, 0.9007003903388977, -0.5214402675628662, -0.5333523154258728, -0.5413931608200073, 0.3879804313182831, -0.05821963772177696, 0.004536711145192385, -0.006689904257655144, 0.998271107673645, 0.031153693795204163, 0.006101913284510374, -0.0189506895840168, 0.9993163347244263, -0.6042028069496155, 0.42914053797721863, -0.42311233282089233, 0.5212996006011963, -0.6392604112625122, 0.2019524872303009, -0.1877834051847458, 0.7178431153297424, 0.18012580275535583, -0.20908412337303162, 0.0135707538574934, 0.9610694050788879, 0.008694798685610294, -0.12242688238620758, -0.20898033678531647, 0.9701873064041138, -0.6169861555099487, -0.44254350662231445, 0.4107210636138916, 0.5047689080238342, -0.4087790250778198, 0.2042521983385086, 0.060908131301403046, 0.8873956203460693, 0.23131902515888214, 0.3036154806613922, -0.003918982110917568, 0.9242801666259766, 0.1480000615119934, 0.2663610875606537, 0.1438113898038864, 0.9415232539176941, 0.003948042634874582, 0.028023067861795425, -0.06160672754049301, 0.9976992607116699, -0.34865617752075195, 0.05296105146408081, -0.3332462012767792, 0.874403178691864, 0.13584956526756287, -0.0005794721655547619, -2.7852095172420377e-06, 0.9907293319702148, -0.4814786911010742, 0.0021257929038256407, 7.441397883667378e-06, 0.8764552474021912, 0.15230032801628113, 0.9644335508346558, -0.005624419078230858, 0.215965136885643, 0.19836732745170593, -0.4920281767845154, 0.7865498065948486, 0.3160666823387146, -0.42108801007270813, 0.07064273953437805, 0.05863088741898537, 0.9023618698120117, 0.5229085087776184, -0.01907319575548172, 0.298752099275589, 0.7980915307998657, 0.4010629653930664, 0.013398376293480396, 0.08582154661417007, 0.9119230508804321, 0.5373260974884033, -0.5032678842544556, 0.4513072371482849, 0.5043052434921265, -0.43000805377960205, -0.04359759762883186, -0.018563762307167053, 0.9015806913375854, 0.6136505007743835, 0.08797729760408401, -0.20106977224349976, 0.7584616541862488, 0.4250275790691376, -0.008952634409070015, -0.08938150852918625, 0.9007121324539185, -0.5213297009468079, -0.5336151123046875, -0.5413302183151245, 0.38785529136657715, -0.058041997253894806, 0.004434399306774139, -0.00698328809812665, 0.998279869556427, 0.03118913248181343, 0.006127561908215284, -0.018953755497932434, 0.9993150234222412, -0.6036438941955566, 0.43026798963546753, -0.423852801322937, 0.5204155445098877, -0.6388929486274719, 0.1987476348876953, -0.18881934881210327, 0.7187923789024353, 0.18117809295654297, -0.2104635387659073, 0.013401909731328487, 0.9605727195739746, 0.007998003624379635, -0.12256228923797607, -0.20794273912906647, 0.9703990817070007, -0.6163008809089661, -0.44311657547950745, 0.41146793961524963, 0.504494845867157, -0.4095696806907654, 0.20225875079631805, 0.060796886682510376, 0.8874952793121338, 0.23294377326965332, 0.3058817982673645, -0.003777644131332636, 0.9231247305870056, 0.14803801476955414, 0.26635652780532837, 0.14385053515434265, 0.9415125846862793, 0.004408847540616989, 0.02745867148041725, -0.06107797101140022, 0.9977455139160156, -0.34820932149887085, 0.05317297205328941, -0.3318418562412262, 0.8751022219657898, 0.1358495056629181, -0.0005794943426735699, -2.7654725727188634e-06, 0.9907293319702148, -0.48147886991500854, 0.0021257332991808653, 7.4111144385824446e-06, 0.8764551281929016, 0.15182115137577057, 0.9643380641937256, -0.005299091804772615, 0.2167358249425888, 0.19875237345695496, -0.49196934700012207, 0.7865929007530212, 0.31580907106399536, -0.42135298252105713, 0.07068517804145813, 0.058594174683094025, 0.9022372364997864, 0.5230234861373901, -0.01940692588686943, 0.29815423488616943, 0.7982317805290222, 0.4007028639316559, 0.013454357162117958, 0.08573973178863525, 0.9120882153511047, 0.5380258560180664, -0.5030259490013123, 0.4506516456604004, 0.5043869614601135, -0.4303448498249054, -0.043636251240968704, -0.01857319101691246, 0.9014179110527039, 0.6141409277915955, 0.08814795315265656, -0.20099055767059326, 0.7580657601356506, 0.42501360177993774, -0.008946351706981659, -0.08938117325305939, 0.9007188677787781, -0.5212861895561218, -0.533723771572113, -0.5412706136703491, 0.38784751296043396, -0.057912372052669525, 0.004369371570646763, -0.007159421686083078, 0.9982864260673523, 0.03121604211628437, 0.006155767012387514, -0.01895996369421482, 0.9993138909339905, -0.6032018661499023, 0.431225448846817, -0.42444494366645813, 0.5196523666381836, -0.6383144855499268, 0.19564320147037506, -0.19001013040542603, 0.7198433876037598, 0.1820339858531952, -0.21162335574626923, 0.013269087299704552, 0.9601578712463379, 0.007229078095406294, -0.12256750464439392, -0.20701047778129578, 0.9706037640571594, -0.6156743764877319, -0.44348183274269104, 0.41214850544929504, 0.5043833255767822, -0.41014569997787476, 0.20045919716358185, 0.06081688031554222, 0.8876361846923828, 0.2343994826078415, 0.3079390227794647, -0.003665084019303322, 0.9220721125602722, 0.14806191623210907, 0.26635363698005676, 0.14388351142406464, 0.9415046572685242, 0.0047327023930847645, 0.026978449895977974, -0.06064225733280182, 0.9977837204933167, -0.34773969650268555, 0.053109996020793915, -0.33094191551208496, 0.8756334185600281, 0.13584928214550018, -0.0005792611627839506, -2.7728822260542074e-06, 0.9907293915748596, -0.4814790189266205, 0.002125929808244109, 7.525809905928327e-06, 0.8764550685882568, 0.1513936072587967, 0.9641757607460022, -0.0049164691008627415, 0.2177634984254837, 0.19914798438549042, -0.4918382167816162, 0.786665678024292, 0.31558263301849365, -0.42155489325523376, 0.07072234898805618, 0.05853261798620224, 0.9021439552307129, 0.5230241417884827, -0.01969216577708721, 0.29735267162323, 0.7985232472419739, 0.4003390073776245, 0.013512023724615574, 0.08565554022789001, 0.912255048751831, 0.5386123657226562, -0.5027845501899719, 0.44997358322143555, 0.5046069622039795, -0.43069154024124146, -0.04367319867014885, -0.018639184534549713, 0.9012491703033447, 0.6146856546401978, 0.08821427077054977, -0.20104999840259552, 0.7576006650924683, 0.4250181019306183, -0.008940092287957668, -0.08938360959291458, 0.9007165431976318, -0.5212283134460449, -0.5338072180747986, -0.5412402153015137, 0.38785305619239807, -0.057858046144247055, 0.004384271334856749, -0.007194239646196365, 0.9982892870903015, 0.0312354676425457, 0.006187967490404844, -0.018969757482409477, 0.9993128776550293, -0.6028127670288086, 0.4321436583995819, -0.4249788820743561, 0.5189042687416077, -0.6374655365943909, 0.19237162172794342, -0.19165173172950745, 0.7210412621498108, 0.1827675849199295, -0.21266090869903564, 0.013161360286176205, 0.9597906470298767, 0.006485269870609045, -0.12250665575265884, -0.20614878833293915, 0.9708001017570496, -0.6151144504547119, -0.4437633454799652, 0.41276025772094727, 0.5043186545372009, -0.41059038043022156, 0.19870467483997345, 0.060886360704898834, 0.8878202438354492, 0.23573750257492065, 0.30987903475761414, -0.003572267945855856, 0.9210809469223022, 0.1480874866247177, 0.26635533571243286, 0.14391203224658966, 0.9414957761764526, 0.004865683615207672, 0.02659856714308262, -0.06028865650296211, 0.9978146553039551, -0.3474235534667969, 0.05262951925396919, -0.3302302956581116, 0.8760564923286438, 0.13584895431995392, -0.0005786904948763549, -2.8635886337724514e-06, 0.9907293915748596, -0.4814792573451996, 0.002126439707353711, 7.854419891373254e-06, 0.8764548897743225, 0.15106242895126343, 0.9639576077461243, -0.004452025983482599, 0.21896599233150482, 0.19955164194107056, -0.49170610308647156, 0.786703884601593, 0.3154381811618805, -0.42168810963630676, 0.07074791938066483, 0.05845347046852112, 0.9020848274230957, 0.5229881405830383, -0.019939329475164413, 0.2964287996292114, 0.7988841533660889, 0.399973064661026, 0.013572878204286098, 0.08556897193193436, 0.912422776222229, 0.5391229391098022, -0.5025789737701416, 0.44921186566352844, 0.5049449801445007, -0.4310257136821747, -0.04370995610952377, -0.018748164176940918, 0.9010853171348572, 0.6152267456054688, 0.08819558471441269, -0.20129482448101044, 0.7570984363555908, 0.42503929138183594, -0.00893522147089243, -0.08938400447368622, 0.9007065296173096, -0.521091639995575, -0.5338603854179382, -0.5413339734077454, 0.3878326416015625, -0.05785573646426201, 0.004519754555076361, -0.007305574603378773, 0.9982879757881165, 0.031245814636349678, 0.006240092683583498, -0.018980734050273895, 0.9993119835853577, -0.6024741530418396, 0.43307965993881226, -0.42547228932380676, 0.5181122422218323, -0.6363977789878845, 0.18879921734333038, -0.19382324814796448, 0.7223470211029053, 0.1833367794752121, -0.21349434554576874, 0.013081042096018791, 0.9594981670379639, 0.005843847990036011, -0.12229814380407333, -0.20554620027542114, 0.9709581732749939, -0.6145768761634827, -0.4440138041973114, 0.4133661091327667, 0.5042575001716614, -0.4109383821487427, 0.19658489525318146, 0.060968831181526184, 0.888125479221344, 0.23698896169662476, 0.31169623136520386, -0.0035023936070501804, 0.9201464653015137, 0.14809416234493256, 0.26636457443237305, 0.14393897354602814, 0.9414880275726318, 0.004721308127045631, 0.026338975876569748, -0.05989707633852959, 0.9978458285331726, -0.34747105836868286, 0.05153840035200119, -0.32907965779304504, 0.8765353560447693, 0.13584880530834198, -0.0005778954364359379, -2.937730414487305e-06, 0.9907293915748596, -0.48147955536842346, 0.0021271526347845793, 8.266711120086256e-06, 0.876454770565033, 0.15079055726528168, 0.9636616706848145, -0.003970467485487461, 0.2204601913690567, 0.20003962516784668, -0.4914872646331787, 0.7867462635040283, 0.3153645098209381, -0.4217970669269562, 0.07076740264892578, 0.05833059549331665, 0.9020403027534485, 0.5228924751281738, -0.020179640501737595, 0.29545509815216064, 0.7993013262748718, 0.3996029794216156, 0.013634583912789822, 0.08548062294721603, 0.9125922322273254, 0.5395737290382385, -0.5023621916770935, 0.4483028054237366, 0.5054869055747986, -0.43126818537712097, -0.04373859986662865, -0.01891365647315979, 0.9009644389152527, 0.6157631278038025, 0.08811653405427933, -0.2016753852367401, 0.7565701007843018, 0.4250679016113281, -0.008933430537581444, -0.08937973529100418, 0.9006934762001038, -0.5209425091743469, -0.5339208841323853, -0.5414539575576782, 0.3877820670604706, -0.0578678660094738, 0.004639110527932644, -0.0074666952714324, 0.9982855916023254, 0.03125308081507683, 0.006309920456260443, -0.01898459531366825, 0.9993112683296204, -0.6023887395858765, 0.4337214231491089, -0.4256644546985626, 0.5175164937973022, -0.6356814503669739, 0.1855727732181549, -0.19522999227046967, 0.7234342694282532, 0.18385303020477295, -0.21421006321907043, 0.01300027035176754, 0.9592409133911133, 0.0054696593433618546, -0.12209270149469376, -0.20518626272678375, 0.9710623025894165, -0.6140711307525635, -0.44429275393486023, 0.4139465391635895, 0.5041517019271851, -0.4110867977142334, 0.19402940571308136, 0.061117444187402725, 0.8886083960533142, 0.2382661998271942, 0.313559889793396, -0.0034284605644643307, 0.9191831350326538, 0.1481124460697174, 0.2663733661174774, 0.14397062361240387, 0.9414777755737305, 0.0043234871700406075, 0.02613874338567257, -0.05949077382683754, 0.9978772401809692, -0.34796956181526184, 0.05036790296435356, -0.3277924060821533, 0.8768879175186157, 0.1358485221862793, -0.0005767998518422246, -3.0769806471653283e-06, 0.9907294511795044, -0.4814797341823578, 0.0021281021181493998, 8.746277671889402e-06, 0.8764546513557434, 0.15054091811180115, 0.9633055925369263, -0.003434233134612441, 0.22218915820121765, 0.20060211420059204, -0.4912319779396057, 0.7867743968963623, 0.31533482670783997, -0.4218626320362091, 0.07077893614768982, 0.05817390978336334, 0.9020189046859741, 0.5227351188659668, -0.020441260188817978, 0.29427284002304077, 0.7998335361480713, 0.39922311902046204, 0.013697328977286816, 0.08539365231990814, 0.9127656817436218, 0.5400053858757019, -0.50214684009552, 0.4472656846046448, 0.5061581134796143, -0.43144991993904114, -0.04376201704144478, -0.019129624590277672, 0.900871753692627, 0.6163291335105896, 0.08800259977579117, -0.20205751061439514, 0.7560203075408936, 0.42510107159614563, -0.00893398281186819, -0.08937430381774902, 0.9006783962249756, -0.5208041071891785, -0.5340160727500916, -0.5415698289871216, 0.38767528533935547, -0.057888880372047424, 0.004699536133557558, -0.007673167157918215, 0.9982824921607971, 0.03126197308301926, 0.006386229768395424, -0.018986474722623825, 0.9993104934692383, -0.6023017764091492, 0.43437308073043823, -0.42585489153862, 0.5169141292572021, -0.6353672742843628, 0.1823212057352066, -0.1962234377861023, 0.7242677807807922, 0.18431517481803894, -0.21479849517345428, 0.012915580533444881, 0.9590217471122742, 0.005361583083868027, -0.12191922962665558, -0.20499072968959808, 0.9711260199546814, -0.6136438846588135, -0.4446180760860443, 0.41444292664527893, 0.503977358341217, -0.4110790193080902, 0.19119834899902344, 0.06133604794740677, 0.8892104029655457, 0.2396329790353775, 0.31555435061454773, -0.0033491968642920256, 0.9181450009346008, 0.14813096821308136, 0.26638033986091614, 0.14400173723697662, 0.9414681792259216, 0.00381631962954998, 0.02596532367169857, -0.059087641537189484, 0.9979077577590942, -0.34866440296173096, 0.04918799549341202, -0.3264780342578888, 0.8771691918373108, 0.1358480602502823, -0.0005755758029408753, -3.2041129998106044e-06, 0.9907295107841492, -0.4814800024032593, 0.0021291333250701427, 9.36125979933422e-06, 0.8764545321464539, 0.15033122897148132, 0.9628817439079285, -0.0028112896252423525, 0.22416827082633972, 0.20113378763198853, -0.4910103678703308, 0.7868042588233948, 0.3152666687965393, -0.4218312203884125, 0.07078196853399277, 0.057968977838754654, 0.9020465016365051, 0.5225387811660767, -0.02067480981349945, 0.2929323613643646, 0.8004476428031921, 0.39884981513023376, 0.01375732384622097, 0.08530911803245544, 0.9129359126091003, 0.5403860211372375, -0.5019915103912354, 0.446081280708313, 0.5069506168365479, -0.4315201938152313, -0.04377231001853943, -0.01938224583864212, 0.9008322358131409, 0.6168976426124573, 0.08784537762403488, -0.2025056630373001, 0.7554548382759094, 0.42513710260391235, -0.008936354890465736, -0.08936849981546402, 0.9006619453430176, -0.5206820964813232, -0.5341391563415527, -0.5416749119758606, 0.38752272725105286, -0.057916563004255295, 0.004726030398160219, -0.007903844118118286, 0.9982789754867554, 0.03127172961831093, 0.006460126023739576, -0.018987542018294334, 0.9993096590042114, -0.6021769046783447, 0.43504443764686584, -0.4260863661766052, 0.5163040161132812, -0.635343074798584, 0.17889243364334106, -0.1971231997013092, 0.724899411201477, 0.1847766488790512, -0.2153567522764206, 0.01282443292438984, 0.958808958530426, 0.005364092532545328, -0.12175861746072769, -0.2048451006412506, 0.9711768627166748, -0.6132846474647522, -0.44494378566741943, 0.41486555337905884, 0.5037793517112732, -0.4111713171005249, 0.18798725306987762, 0.061409033834934235, 0.8898471593856812, 0.24117934703826904, 0.31778761744499207, -0.003233005292713642, 0.9169695377349854, 0.14815813302993774, 0.2663877010345459, 0.144027441740036, 0.9414578676223755, 0.003228435292840004, 0.025807134807109833, -0.05870026722550392, 0.9979367852210999, -0.3495105504989624, 0.04807818681001663, -0.3251309394836426, 0.8773943185806274, 0.1358480602502823, -0.0005742024513892829, -3.3636915759416297e-06, 0.9907295107841492, -0.4814802408218384, 0.002130376873537898, 1.0064970410894603e-05, 0.8764543533325195, 0.1501508206129074, 0.9624071717262268, -0.002111222129315138, 0.22632436454296112, 0.20189231634140015, -0.4907446801662445, 0.7867629528045654, 0.3152986764907837, -0.42189088463783264, 0.07079192996025085, 0.057748302817344666, 0.9020319581031799, 0.5223265290260315, -0.020863002166152, 0.291774719953537, 0.8010039329528809, 0.3985232710838318, 0.01380736194550991, 0.08524070680141449, 0.9130841493606567, 0.5407666563987732, -0.5018404126167297, 0.4448813796043396, 0.5077481865882874, -0.43174222111701965, -0.04379678890109062, -0.019668715074658394, 0.9007183909416199, 0.617540180683136, 0.08768197149038315, -0.20310215651988983, 0.7547883987426758, 0.4251755177974701, -0.008939344435930252, -0.08936166018247604, 0.9006444215774536, -0.520567774772644, -0.5342633128166199, -0.5417755246162415, 0.3873644769191742, -0.057949166744947433, 0.004730558954179287, -0.008133568800985813, 0.9982751607894897, 0.031280267983675, 0.00652609346434474, -0.01898731291294098, 0.9993090033531189, -0.6020172238349915, 0.4357239603996277, -0.4263555705547333, 0.5156945586204529, -0.6356735825538635, 0.17524142563343048, -0.198175847530365, 0.7252143621444702, 0.1852417290210724, -0.21589255332946777, 0.012728661298751831, 0.9585999846458435, 0.005374236032366753, -0.12160035222768784, -0.20470094680786133, 0.9712270498275757, -0.6129754185676575, -0.4452560245990753, 0.41523727774620056, 0.503573477268219, -0.41162586212158203, 0.18416264653205872, 0.060976792126894, 0.8904662132263184, 0.24295324087142944, 0.3202553987503052, -0.0030935124959796667, 0.9156422019004822, 0.1481926441192627, 0.2663997411727905, 0.14406192302703857, 0.9414437413215637, 0.002562514040619135, 0.02565683238208294, -0.05837318301200867, 0.9979618191719055, -0.3506203293800354, 0.04724694788455963, -0.3238157629966736, 0.8774830102920532, 0.13584798574447632, -0.000572740682400763, -3.554041768438765e-06, 0.990729570388794, -0.48148036003112793, 0.0021316474303603172, 1.086398242478026e-05, 0.8764542937278748, 0.14998817443847656, 0.9619215130805969, -0.001405724324285984, 0.2284921109676361, 0.20259229838848114, -0.4904440939426422, 0.7867773771286011, 0.31528133153915405, -0.42202526330947876, 0.07081466168165207, 0.05756741389632225, 0.9019789099693298, 0.5221648216247559, -0.02107287012040615, 0.2902202010154724, 0.8016683459281921, 0.39819803833961487, 0.013855816796422005, 0.08517920225858688, 0.9132310152053833, 0.5410853028297424, -0.5016971230506897, 0.443798303604126, 0.5084974765777588, -0.43206676840782166, -0.043827954679727554, -0.019955724477767944, 0.9005549550056458, 0.6181656718254089, 0.08748088032007217, -0.20397092401981354, 0.7540650963783264, 0.42521563172340393, -0.008942831307649612, -0.08935236185789108, 0.9006264209747314, -0.520512044429779, -0.5343661308288574, -0.5418412089347839, 0.38720548152923584, -0.058035384863615036, 0.0046938699670135975, -0.008310824632644653, 0.9982689023017883, 0.031284477561712265, 0.006569291930645704, -0.01898868754506111, 0.9993085265159607, -0.601891815662384, 0.4363117814064026, -0.42658036947250366, 0.5151577591896057, -0.6363605260848999, 0.17166244983673096, -0.19948138296604156, 0.7251099944114685, 0.1856628954410553, -0.21636554598808289, 0.012642896734178066, 0.9584130048751831, 0.005308694671839476, -0.12152700126171112, -0.2045615315437317, 0.971265971660614, -0.6127610802650452, -0.4454957842826843, 0.4155064523220062, 0.5034002661705017, -0.4122980833053589, 0.18014881014823914, 0.060040030628442764, 0.8910397887229919, 0.24475857615470886, 0.32272887229919434, -0.002918450627475977, 0.9142925143241882, 0.1482352465391159, 0.26638850569725037, 0.14410829544067383, 0.9414331316947937, 0.0018585276557132602, 0.02549651823937893, -0.05809180438518524, 0.9979838728904724, -0.35207679867744446, 0.04672487452626228, -0.32258763909339905, 0.8773801326751709, 0.1358477920293808, -0.0005713949794881046, -3.6776602883037413e-06, 0.990729570388794, -0.48148036003112793, 0.002132793189957738, 1.1493840247567277e-05, 0.8764542937278748, 0.14983701705932617, 0.9613955020904541, -0.0008117521065287292, 0.23079627752304077, 0.2032817155122757, -0.49012240767478943, 0.7868086695671082, 0.31525975465774536, -0.42192795872688293, 0.07081395387649536, 0.057400163263082504, 0.9020351767539978, 0.5218981504440308, -0.021227790042757988, 0.28848910331726074, 0.8024622797966003, 0.3978745937347412, 0.013905784115195274, 0.08511672914028168, 0.913377046585083, 0.5411750078201294, -0.5015819668769836, 0.44275540113449097, 0.509424090385437, -0.4319966733455658, -0.04380910098552704, -0.020213592797517776, 0.9005837440490723, 0.6185651421546936, 0.08710624277591705, -0.2052357792854309, 0.7534375190734863, 0.42525696754455566, -0.00894804485142231, -0.08933935314416885, 0.9006081223487854, -0.5205860137939453, -0.5344471335411072, -0.5418262481689453, 0.387015163898468, -0.05812954157590866, 0.004560136701911688, -0.008376626297831535, 0.9982634782791138, 0.031283363699913025, 0.006582404021173716, -0.018993733450770378, 0.9993084073066711, -0.6018475890159607, 0.43672975897789, -0.42670607566833496, 0.5147510170936584, -0.6372650265693665, 0.16824299097061157, -0.2010994255542755, 0.7246700525283813, 0.18611332774162292, -0.21690838038921356, 0.012564653530716896, 0.958203911781311, 0.0050737205892801285, -0.12160059809684753, -0.20429857075214386, 0.9713133573532104, -0.6127495169639587, -0.44557610154151917, 0.41555070877075195, 0.5033066868782043, -0.41305649280548096, 0.17606274783611298, 0.0589882992208004, 0.8915753960609436, 0.24667011201381683, 0.3253331780433655, -0.0027427056338638067, 0.9128552079200745, 0.1482684463262558, 0.26638656854629517, 0.14415927231311798, 0.9414206147193909, 0.0011740772752091289, 0.02531076781451702, -0.057823773473501205, 0.998005211353302, -0.35380151867866516, 0.04647715762257576, -0.3213459551334381, 0.8771551847457886, 0.135847806930542, -0.0005701734335161746, -3.81702102458803e-06, 0.990729570388794, -0.48148036003112793, 0.0021338348742574453, 1.2125822649977636e-05, 0.8764542937278748, 0.1496313065290451, 0.9608256220817566, -0.000387048814445734, 0.23329052329063416, 0.2040148228406906, -0.48954495787620544, 0.787013590335846, 0.31517186760902405, -0.42181310057640076, 0.07081559300422668, 0.05720974877476692, 0.9021008610725403, 0.5215736627578735, -0.02141277864575386, 0.2866833209991455, 0.8033151030540466, 0.39755088090896606, 0.013955717906355858, 0.0850527212023735, 0.9135231971740723, 0.5411111116409302, -0.5013112425804138, 0.4418833553791046, 0.5105143785476685, -0.43183520436286926, -0.0437760204076767, -0.020517369732260704, 0.9006559252738953, 0.6189518570899963, 0.0866018533706665, -0.20660869777202606, 0.7528024315834045, 0.4253002107143402, -0.008956938982009888, -0.0893259271979332, 0.9005889296531677, -0.520722508430481, -0.5345060229301453, -0.5417847037315369, 0.3868083953857422, -0.05812137573957443, 0.00431520352140069, -0.008426795713603497, 0.9982646703720093, 0.031279366463422775, 0.006586053408682346, -0.019004572182893753, 0.9993082880973816, -0.6018516421318054, 0.43706274032592773, -0.42677637934684753, 0.5144053101539612, -0.6382444500923157, 0.16493387520313263, -0.2030954509973526, 0.7240118384361267, 0.1868027299642563, -0.21780703961849213, 0.012464864179491997, 0.9578671455383301, 0.004602430388331413, -0.1218101754784584, -0.20371615886688232, 0.9714118242263794, -0.6129031777381897, -0.445512980222702, 0.41541385650634766, 0.5032884478569031, -0.41379210352897644, 0.17170916497707367, 0.05812908336520195, 0.8921396136283875, 0.24884992837905884, 0.32836437225341797, -0.0025412575341761112, 0.9111773371696472, 0.14829961955547333, 0.26638028025627136, 0.14420461654663086, 0.9414105415344238, 0.0005098569672554731, 0.02510777860879898, -0.05756854638457298, 0.99802565574646, -0.3557332456111908, 0.04642852023243904, -0.32007157802581787, 0.8768423199653625, 0.13584746420383453, -0.0005689297686330974, -3.94533526559826e-06, 0.9907296299934387, -0.4814807176589966, 0.0021349473390728235, 1.279719072044827e-05, 0.8764541149139404, 0.14949773252010345, 0.9602354168891907, 0.000169073129654862, 0.23579300940036774, 0.2046445608139038, -0.48898330330848694, 0.7872347831726074, 0.31508299708366394, -0.4217240512371063, 0.07081842422485352, 0.05697648972272873, 0.9021570086479187, 0.5212887525558472, -0.021583840250968933, 0.28480932116508484, 0.804161548614502, 0.39722442626953125, 0.014006050303578377, 0.0849883109331131, 0.9136704206466675, 0.541007399559021, -0.5010768175125122, 0.44106242060661316, 0.511563241481781, -0.43189600110054016, -0.04376833885908127, -0.02088892087340355, 0.9006186127662659, 0.6194897890090942, 0.08608514815568924, -0.20784543454647064, 0.7520784735679626, 0.4253438413143158, -0.008968718349933624, -0.08931281417608261, 0.900569498538971, -0.5208331942558289, -0.534595787525177, -0.5417585372924805, 0.38657188415527344, -0.05825282260775566, 0.004092670977115631, -0.008682548999786377, 0.998255729675293, 0.031269371509552, 0.006596916355192661, -0.01902463287115097, 0.999308168888092, -0.601864218711853, 0.43737173080444336, -0.42684319615364075, 0.5140722990036011, -0.6393108367919922, 0.16178324818611145, -0.20570531487464905, 0.7230443954467773, 0.18786871433258057, -0.2192482352256775, 0.012328024953603745, 0.9573315382003784, 0.003874794580042362, -0.1221899539232254, -0.2028404176235199, 0.971550464630127, -0.6131815314292908, -0.4453180432319641, 0.4151476323604584, 0.503341555595398, -0.4144187569618225, 0.16682928800582886, 0.05777357518672943, 0.8927974700927734, 0.2515474855899811, 0.3321742117404938, -0.00234430655837059, 0.9090537428855896, 0.1483413428068161, 0.26641491055488586, 0.14426863193511963, 0.9413843750953674, -0.00013676335220225155, 0.02493239939212799, -0.05728888884186745, 0.9980462789535522, -0.3577611744403839, 0.04651050642132759, -0.3186596930027008, 0.8765270709991455, 0.1358473300933838, -0.0005676479777321219, -4.059553702973062e-06, 0.9907296895980835, -0.48148083686828613, 0.0021360276732593775, 1.3460256923281122e-05, 0.8764540553092957, 0.1494785100221634, 0.9594082832336426, 0.0009541538311168551, 0.23914667963981628, 0.2061949074268341, -0.4885547459125519, 0.7867909669876099, 0.31584474444389343, -0.42113780975341797, 0.0706445649266243, 0.05737338587641716, 0.9024193286895752, 0.5207868218421936, -0.021479148417711258, 0.2825910449028015, 0.8052714467048645, 0.39679935574531555, 0.014242067001760006, 0.08512119203805923, 0.9138390421867371, 0.5412409901618958, -0.5009474158287048, 0.43906572461128235, 0.5131580233573914, -0.43125057220458984, -0.0433097742497921, -0.0209368746727705, 0.9009488821029663, 0.6199397444725037, 0.08498802036046982, -0.20913393795490265, 0.7514750957489014, 0.42523112893104553, -0.008975844830274582, -0.08959566801786423, 0.9005945324897766, -0.5214446187019348, -0.5340626835823059, -0.5414963960647583, 0.3868517577648163, -0.05840471014380455, 0.003835926530882716, -0.009194600395858288, 0.9982432723045349, 0.03137790411710739, 0.006644632201641798, -0.01895718090236187, 0.9993057250976562, -0.6018717288970947, 0.4377632141113281, -0.42717108130455017, 0.513457715511322, -0.6399844884872437, 0.1581430584192276, -0.20849497616291046, 0.7224545478820801, 0.18835142254829407, -0.22028550505638123, 0.012274621054530144, 0.9569991827011108, 0.003530279267579317, -0.12275524437427521, -0.20188213884830475, 0.9716801643371582, -0.613509476184845, -0.44522789120674133, 0.41478872299194336, 0.5033175349235535, -0.4147166311740875, 0.16202546656131744, 0.058325815945863724, 0.8935076594352722, 0.25472912192344666, 0.3364258408546448, -0.0023795280139893293, 0.906600832939148, 0.14848965406417847, 0.2665896415710449, 0.1442757099866867, 0.9413104057312012, -0.0008951949421316385, 0.02478332445025444, -0.05721276253461838, 0.9980539679527283, -0.35920825600624084, 0.04657486826181412, -0.31674477458000183, 0.8766258955001831, 0.1358470916748047, -0.0005665114731527865, -4.164837719144998e-06, 0.9907296895980835, -0.4814809560775757, 0.002137009520083666, 1.4051530342840124e-05, 0.8764539361000061, 0.14944970607757568, 0.9585847854614258, 0.0016762304585427046, 0.2424401044845581, 0.20777419209480286, -0.48797157406806946, 0.7864234447479248, 0.3166256844997406, -0.42069822549819946, 0.07048637419939041, 0.05779089033603668, 0.9026100635528564, 0.5202699303627014, -0.021455837413668633, 0.28035491704940796, 0.8063870668411255, 0.396394819021225, 0.014469301328063011, 0.08526110649108887, 0.913998007774353, 0.5414764285087585, -0.5007087588310242, 0.4371796250343323, 0.5147505402565002, -0.43073582649230957, -0.04286450147628784, -0.020985417068004608, 0.9012152552604675, 0.620445728302002, 0.08386702835559845, -0.21039097011089325, 0.7508322596549988, 0.42511796951293945, -0.008984276093542576, -0.08988058567047119, 0.9006195068359375, -0.5220968127250671, -0.533522367477417, -0.5411761999130249, 0.38716554641723633, -0.05847325921058655, 0.0035391724668443203, -0.009668526239693165, 0.9982358813285828, 0.0314929261803627, 0.006684165447950363, -0.01889437437057495, 0.9993030428886414, -0.6018887162208557, 0.43809589743614197, -0.4274751543998718, 0.5129005908966064, -0.6408350467681885, 0.15483738481998444, -0.21115289628505707, 0.7216441631317139, 0.18869537115097046, -0.2211388647556305, 0.012235620990395546, 0.9567350745201111, 0.0032070637680590153, -0.12330913543701172, -0.20097269117832184, 0.9717996716499329, -0.6138829588890076, -0.44507429003715515, 0.41437655687332153, 0.5033376216888428, -0.41482219099998474, 0.15735960006713867, 0.05924088880419731, 0.8942320942878723, 0.2578669786453247, 0.3406445384025574, -0.0024355477653443813, 0.9041349291801453, 0.14865341782569885, 0.2667929232120514, 0.1442692130804062, 0.9412280321121216, -0.0016230408800765872, 0.024704108014702797, -0.05713585391640663, 0.9980594515800476, -0.36049413681030273, 0.04670371115207672, -0.3147929012775421, 0.8767942786216736, 0.13584685325622559, -0.0005655750865116715, -4.2400401980557945e-06, 0.9907297492027283, -0.4814812242984772, 0.0021378027740865946, 1.456065092497738e-05, 0.8764538168907166, 0.14926929771900177, 0.958000898361206, 0.0022043180651962757, 0.24484314024448395, 0.20835231244564056, -0.4874376952648163, 0.7866232991218567, 0.3165718913078308, -0.4204244613647461, 0.0704566016793251, 0.05753335356712341, 0.90275639295578, 0.5198115706443787, -0.021618252620100975, 0.27850279211997986, 0.8073194622993469, 0.3961450755596161, 0.014495110139250755, 0.08522142469882965, 0.9141095876693726, 0.5412063598632812, -0.5005024671554565, 0.43641239404678345, 0.5158848762512207, -0.43047869205474854, -0.04281856119632721, -0.02132549323141575, 0.9013323187828064, 0.6208845376968384, 0.0831955224275589, -0.21167297661304474, 0.750183641910553, 0.4251614809036255, -0.008998586796224117, -0.08987084776163101, 0.9005998373031616, -0.5221788883209229, -0.5337399244308472, -0.5410779714584351, 0.38689228892326355, -0.05847124755382538, 0.0032553609926253557, -0.009879196994006634, 0.9982349276542664, 0.03150328993797302, 0.006682568229734898, -0.018927492201328278, 0.999302089214325, -0.6019315719604492, 0.4382266402244568, -0.42746424674987793, 0.5127477049827576, -0.6422568559646606, 0.15252496302127838, -0.21328715980052948, 0.7202435731887817, 0.18936480581760406, -0.22204913198947906, 0.012145779095590115, 0.9563930630683899, 0.0025564779061824083, -0.1236572414636612, -0.200313538312912, 0.9718934297561646, -0.614260733127594, -0.4447437524795532, 0.41398435831069946, 0.5034915804862976, -0.4148699939250946, 0.15274827182292938, 0.060046903789043427, 0.8949554562568665, 0.2608747184276581, 0.34499070048332214, -0.0022596230264753103, 0.9016211628913879, 0.14868652820587158, 0.26684314012527466, 0.1443384885787964, 0.9411978721618652, -0.0021041911095380783, 0.02477935142815113, -0.05678073689341545, 0.9980769157409668, -0.3618532121181488, 0.04688987880945206, -0.3131614029407501, 0.8768087029457092, 0.13584649562835693, -0.0005647271755151451, -4.308189090806991e-06, 0.9907297492027283, -0.48148155212402344, 0.002138526178896427, 1.5000704479462001e-05, 0.8764536380767822, 0.14907950162887573, 0.9574302434921265, 0.002756349742412567, 0.24717409908771515, 0.20887574553489685, -0.4869250953197479, 0.7868187427520752, 0.3165299594402313, -0.4201368987560272, 0.07042593508958817, 0.05723203718662262, 0.9029117822647095, 0.5193268656730652, -0.02173765003681183, 0.2767685055732727, 0.8082242012023926, 0.3959369957447052, 0.014509976841509342, 0.08519845455884933, 0.9142016172409058, 0.5409175157546997, -0.500304639339447, 0.43569496273994446, 0.5169848799705505, -0.43031537532806396, -0.042784374207258224, -0.021687358617782593, 0.9014033079147339, 0.6214130520820618, 0.08253894001245499, -0.21285000443458557, 0.749485194683075, 0.42520618438720703, -0.009011908434331417, -0.08986308425664902, 0.9005793333053589, -0.5221909284591675, -0.5340152978897095, -0.5409371256828308, 0.38669276237487793, -0.05835818126797676, 0.002990641864016652, -0.010087186470627785, 0.9982402920722961, 0.03152908757328987, 0.006689663510769606, -0.018957240507006645, 0.9993006587028503, -0.6019848585128784, 0.4383445680141449, -0.42742466926574707, 0.5126172304153442, -0.6437773108482361, 0.15052512288093567, -0.21502509713172913, 0.718788743019104, 0.1897924393415451, -0.22259962558746338, 0.012082603760063648, 0.9561811089515686, 0.002004700480028987, -0.12397046387195587, -0.1999422162771225, 0.9719313383102417, -0.6146087646484375, -0.44437557458877563, 0.4136185944080353, 0.5036925077438354, -0.4148193597793579, 0.14841580390930176, 0.061188556253910065, 0.8956303000450134, 0.263712078332901, 0.34914088249206543, -0.0020930010359734297, 0.8991953134536743, 0.14873328804969788, 0.2668960690498352, 0.1443968266248703, 0.9411665797233582, -0.0025219188537448645, 0.02500501647591591, -0.056435346603393555, 0.9980899095535278, -0.3630753457546234, 0.0468432754278183, -0.31172630190849304, 0.8768174052238464, 0.13584603369235992, -0.000563854759093374, -4.3669447222782765e-06, 0.9907298684120178, -0.48148199915885925, 0.002139246091246605, 1.542661448183935e-05, 0.8764533996582031, 0.14893199503421783, 0.9569318890571594, 0.0033568828366696835, 0.2491775006055832, 0.20921607315540314, -0.48658639192581177, 0.7869164347648621, 0.31658315658569336, -0.41980379819869995, 0.07038417458534241, 0.056927330791950226, 0.9030892252922058, 0.5187870860099792, -0.021989915519952774, 0.2753986418247223, 0.8090314865112305, 0.3957294523715973, 0.014522798359394073, 0.08517812937498093, 0.9142931699752808, 0.5404577851295471, -0.5003020763397217, 0.43512457609176636, 0.5179476737976074, -0.43016424775123596, -0.04275133088231087, -0.022024501115083694, 0.901468813419342, 0.621940016746521, 0.0818801149725914, -0.21415573358535767, 0.7487480044364929, 0.4252510964870453, -0.009024725295603275, -0.08985408395528793, 0.9005589485168457, -0.5221256613731384, -0.5343567132949829, -0.5408132672309875, 0.3864825665950775, -0.058195725083351135, 0.0027495832182466984, -0.010375281795859337, 0.998247504234314, 0.03156748414039612, 0.0066946703009307384, -0.018987391144037247, 0.9992988109588623, -0.602063000202179, 0.4383656084537506, -0.42733529210090637, 0.512582004070282, -0.6454118490219116, 0.1490597426891327, -0.21650126576423645, 0.7171833515167236, 0.1900538057088852, -0.22291149199008942, 0.01204004604369402, 0.956057071685791, 0.0014935593353584409, -0.12422944605350494, -0.19962608814239502, 0.9719641208648682, -0.6149067878723145, -0.4439576268196106, 0.4133017659187317, 0.5039575099945068, -0.4147809147834778, 0.1442784070968628, 0.06250718981027603, 0.8962329030036926, 0.26658567786216736, 0.3533478081226349, -0.0019316263496875763, 0.8967015743255615, 0.1487661898136139, 0.26695626974105835, 0.14446137845516205, 0.9411343932151794, -0.002720921766012907, 0.02512599341571331, -0.056160878390073776, 0.9981018900871277, -0.3643299341201782, 0.0470053106546402, -0.31044209003448486, 0.8767439723014832, 0.13584576547145844, -0.0005631789099425077, -4.419583092385437e-06, 0.9907298684120178, -0.4814821183681488, 0.0021398423705250025, 1.586254802532494e-05, 0.8764533400535583, 0.14881639182567596, 0.9564706683158875, 0.004055986180901527, 0.2510002553462982, 0.2095234990119934, -0.48636430501937866, 0.786918580532074, 0.3167157471179962, -0.41954004764556885, 0.07034144550561905, 0.05663809925317764, 0.9032332897186279, 0.5182746648788452, -0.02223867177963257, 0.2740899920463562, 0.8097971677780151, 0.39552199840545654, 0.014537323266267776, 0.08515552431344986, 0.9143847823143005, 0.5401222109794617, -0.5003672242164612, 0.43443551659584045, 0.5188125371932983, -0.4301104247570038, -0.042734693735837936, -0.022354355081915855, 0.9014871120452881, 0.6225425601005554, 0.08133882284164429, -0.21514038741588593, 0.7480236291885376, 0.42529404163360596, -0.00903555378317833, -0.08984722942113876, 0.9005391597747803, -0.5220339298248291, -0.5347113609313965, -0.540778398513794, 0.3861646354198456, -0.05810791999101639, 0.002516677603125572, -0.010776490904390812, 0.9982489943504333, 0.03160388767719269, 0.006702537648379803, -0.019022099673748016, 0.9992969632148743, -0.6021549701690674, 0.43834176659584045, -0.42722344398498535, 0.5125876665115356, -0.6471264958381653, 0.14780430495738983, -0.2177494317293167, 0.7155182957649231, 0.1902509480714798, -0.22312216460704803, 0.012005378492176533, 0.9559691548347473, 0.0010087023256346583, -0.12446467578411102, -0.19935476779937744, 0.9719903469085693, -0.6152019500732422, -0.4435303807258606, 0.41298654675483704, 0.5042315125465393, -0.41480752825737, 0.14028169214725494, 0.06396179646253586, 0.8967522978782654, 0.26970624923706055, 0.3579268753528595, -0.001765518682077527, 0.8939484357833862, 0.14881479740142822, 0.2670285999774933, 0.14453649520874023, 0.9410946369171143, -0.002818330191075802, 0.025250686332583427, -0.05588560178875923, 0.9981138706207275, -0.3654862940311432, 0.04724423587322235, -0.3091852366924286, 0.8766939043998718, 0.13584527373313904, -0.0005625321646220982, -4.461418484424939e-06, 0.9907299280166626, -0.4814826250076294, 0.0021403757855296135, 1.61888401635224e-05, 0.8764529824256897, 0.1487378031015396, 0.9560494422912598, 0.004769323393702507, 0.25263381004333496, 0.20980629324913025, -0.4862481355667114, 0.7868136167526245, 0.31696757674217224, -0.41926634311676025, 0.07029375433921814, 0.05635836720466614, 0.9033815860748291, 0.5177648067474365, -0.022481093183159828, 0.2730307877063751, 0.8104742169380188, 0.3953206539154053, 0.01455557718873024, 0.08512193709611893, 0.9144747257232666, 0.539817214012146, -0.5004976987838745, 0.4336840510368347, 0.5196321606636047, -0.43005460500717163, -0.04272174462676048, -0.022651590406894684, 0.9015069603919983, 0.6231184601783752, 0.08087162673473358, -0.21608573198318481, 0.7473219633102417, 0.42533764243125916, -0.009044039994478226, -0.08983974903821945, 0.9005193114280701, -0.5219299793243408, -0.5350630283355713, -0.5407429933547974, 0.3858674466609955, -0.05802981182932854, 0.0022832565009593964, -0.011189027689397335, 0.9982495307922363, 0.03164495900273323, 0.0067083160392940044, -0.01905715838074684, 0.9992949366569519, -0.602252721786499, 0.43831220269203186, -0.42709583044052124, 0.5126043558120728, -0.648987889289856, 0.1468803733587265, -0.2186422497034073, 0.7137481570243835, 0.19026921689510345, -0.2230595350265503, 0.011989681050181389, 0.9559803009033203, 0.0006421055877581239, -0.1246313601732254, -0.1992468386888504, 0.9719914197921753, -0.6154962182044983, -0.44309455156326294, 0.41267094016075134, 0.5045140385627747, -0.4150227904319763, 0.1365010142326355, 0.06564605236053467, 0.8971143960952759, 0.2729759216308594, 0.3627397418022156, -0.0015905320178717375, 0.8910115361213684, 0.14885272085666656, 0.26709166169166565, 0.14461928606033325, 0.9410580396652222, -0.00280854688026011, 0.025382740423083305, -0.055612824857234955, 0.9981257915496826, -0.3665381669998169, 0.04754595831036568, -0.3079560697078705, 0.8766710758209229, 0.1358448565006256, -0.0005620536394417286, -4.477398761082441e-06, 0.9907299876213074, -0.4814830720424652, 0.0021407753229141235, 1.647621138545219e-05, 0.8764528036117554, 0.14867714047431946, 0.9556294679641724, 0.005363252945244312, 0.2542412579059601, 0.2101830095052719, -0.4859837591648102, 0.7867339849472046, 0.317320853471756, -0.41920754313468933, 0.07027032226324081, 0.05610884726047516, 0.9034262299537659, 0.5173839926719666, -0.022859903052449226, 0.27219122648239136, 0.8109890222549438, 0.3951273262500763, 0.014576969668269157, 0.08508013188838959, 0.9145618677139282, 0.5393710732460022, -0.5006412267684937, 0.4330824017524719, 0.5204584002494812, -0.4300557076931, -0.04270974174141884, -0.022948019206523895, 0.9014995098114014, 0.623704731464386, 0.08042418211698532, -0.217197984457016, 0.746558427810669, 0.4253820478916168, -0.009052291512489319, -0.08983413875102997, 0.9004987478256226, -0.5218031406402588, -0.5353982448577881, -0.5406340956687927, 0.3857266306877136, -0.05790382996201515, 0.002070688409730792, -0.011549691669642925, 0.9982531666755676, 0.031688716262578964, 0.006712592672556639, -0.01908040978014469, 0.9992930889129639, -0.6023619771003723, 0.43825843930244446, -0.42695119976997375, 0.5126425623893738, -0.6509742140769958, 0.14636018872261047, -0.21915967762470245, 0.7118850946426392, 0.19004380702972412, -0.2226264476776123, 0.012000130489468575, 0.9561259746551514, 0.0005419529043138027, -0.12467018514871597, -0.19948163628578186, 0.9719383716583252, -0.6157899498939514, -0.44265905022621155, 0.41236215829849243, 0.5047902464866638, -0.41546356678009033, 0.1326916515827179, 0.06734104454517365, 0.8973562121391296, 0.27592140436172485, 0.36705464124679565, -0.0014266197104007006, 0.8883333802223206, 0.1488940566778183, 0.26716485619544983, 0.14469338953495026, 0.9410192966461182, -0.0028019873425364494, 0.025513578206300735, -0.055351659655570984, 0.9981369972229004, -0.3675725758075714, 0.04782865196466446, -0.3067289888858795, 0.8766528367996216, 0.13584432005882263, -0.0005616879207082093, -4.482564690988511e-06, 0.9907301068305969, -0.481483519077301, 0.0021410782355815172, 1.66626377904322e-05, 0.8764525651931763, 0.14862258732318878, 0.955209493637085, 0.005864693783223629, 0.2558353543281555, 0.2103700041770935, -0.4857090711593628, 0.7867257595062256, 0.3176378607749939, -0.4190309941768646, 0.07024780660867691, 0.05584029480814934, 0.9035264849662781, 0.517005443572998, -0.023290317505598068, 0.27119624614715576, 0.8115513324737549, 0.3949306011199951, 0.014597690664231777, 0.08503953367471695, 0.9146502017974854, 0.5389046669006348, -0.5007423162460327, 0.43241778016090393, 0.5213959813117981, -0.4299502968788147, -0.04268953576683998, -0.023234562948346138, 0.901543378829956, 0.6242992877960205, 0.07998643815517426, -0.21817991137504578, 0.7458217740058899, 0.42542171478271484, -0.009059714153409004, -0.08982761949300766, 0.9004805684089661, -0.5216381549835205, -0.535713255405426, -0.5404662489891052, 0.3857477307319641, -0.05760100111365318, 0.0019476497545838356, -0.01170584000647068, 0.9982691407203674, 0.031745973974466324, 0.006721565034240484, -0.019091475754976273, 0.9992910027503967, -0.6024602651596069, 0.4381358027458191, -0.4268035292625427, 0.5127548575401306, -0.6530747413635254, 0.1462244987487793, -0.21929733455181122, 0.7099440097808838, 0.18968512117862701, -0.2219773232936859, 0.012021067552268505, 0.9563477635383606, 0.0007089012651704252, -0.12462618947029114, -0.19997529685497284, 0.9718424081802368, -0.6161212921142578, -0.4422358274459839, 0.4120093584060669, 0.5050449371337891, -0.41597241163253784, 0.12883979082107544, 0.06897300481796265, 0.8975578546524048, 0.27846765518188477, 0.3707743287086487, -0.0012886897893622518, 0.8859912753105164, 0.1489269733428955, 0.26722854375839233, 0.14474758505821228, 0.9409877061843872, -0.0027675528544932604, 0.02561165578663349, -0.05511019751429558, 0.9981479048728943, -0.36845409870147705, 0.047904886305332184, -0.30559656023979187, 0.8766741156578064, 0.13584400713443756, -0.0005614848341792822, -4.489148523134645e-06, 0.9907301068305969, -0.48148366808891296, 0.002141256583854556, 1.680137575021945e-05, 0.8764524459838867, 0.14857937395572662, 0.9548026919364929, 0.006367659196257591, 0.2573624551296234, 0.21062684059143066, -0.4853515326976776, 0.7867283821105957, 0.31800732016563416, -0.41906169056892395, 0.07024887949228287, 0.05557461827993393, 0.9035285711288452, 0.5167040228843689, -0.02376163750886917, 0.2703627645969391, 0.8120076060295105, 0.39473381638526917, 0.01461768988519907, 0.0850004106760025, 0.9147384762763977, 0.5384776592254639, -0.5008122324943542, 0.43184393644332886, 0.5222448706626892, -0.430117130279541, -0.04269862174987793, -0.023545460775494576, 0.9014553427696228, 0.6250295042991638, 0.07963445037603378, -0.2190607786178589, 0.7449892163276672, 0.42546045780181885, -0.009065676480531693, -0.08982370793819427, 0.9004626274108887, -0.5214671492576599, -0.5360215306282043, -0.5403067469596863, 0.3857739567756653, -0.05729866027832031, 0.0018257308984175324, -0.011860187165439129, 0.9982849359512329, 0.03180329129099846, 0.006730401888489723, -0.019101038575172424, 0.9992889761924744, -0.6025499701499939, 0.4379904270172119, -0.42665809392929077, 0.5128945112228394, -0.6552754044532776, 0.14633172750473022, -0.21914255619049072, 0.707939088344574, 0.18926899135112762, -0.22122527658939362, 0.012045563198626041, 0.9566041827201843, 0.0008864976116456091, -0.12457277625799179, -0.200478196144104, 0.9717455506324768, -0.6165095567703247, -0.4418177008628845, 0.4115915894508362, 0.505277693271637, -0.4165668785572052, 0.1250256896018982, 0.07047690451145172, 0.8977046608924866, 0.28097522258758545, 0.37441468238830566, -0.0011398176429793239, 0.8836658596992493, 0.14895984530448914, 0.2672927975654602, 0.14479754865169525, 0.9409565329551697, -0.0026344051584601402, 0.025699254125356674, -0.05488366633653641, 0.9981585144996643, -0.3689405918121338, 0.047581981867551804, -0.3047037422657013, 0.8767977952957153, 0.13584357500076294, -0.0005611201631836593, -4.5032452362647746e-06, 0.9907301664352417, -0.4814840853214264, 0.0021415387745946646, 1.7012373064062558e-05, 0.8764522671699524, 0.14855697751045227, 0.9544408321380615, 0.006816247943788767, 0.25870281457901, 0.2107883244752884, -0.48502153158187866, 0.786727249622345, 0.31840646266937256, -0.41912925243377686, 0.07025541365146637, 0.05532558262348175, 0.9035120606422424, 0.5164734125137329, -0.024282317608594894, 0.2696128189563751, 0.8123881816864014, 0.3945390284061432, 0.014636642299592495, 0.08496307581663132, 0.9148257374763489, 0.5380495190620422, -0.5009071826934814, 0.43129923939704895, 0.5230446457862854, -0.43030017614364624, -0.042711857706308365, -0.023832740262150764, 0.9013597965240479, 0.6257501840591431, 0.07934843003749847, -0.21984760463237762, 0.7441825270652771, 0.4254966676235199, -0.009070646949112415, -0.08982035517692566, 0.900445818901062, -0.5212929844856262, -0.5363246202468872, -0.5401498675346375, 0.3858078122138977, -0.056996699422597885, 0.001703356858342886, -0.012015371583402157, 0.9983006119728088, 0.03186042606830597, 0.006736802868545055, -0.019108029082417488, 0.999286949634552, -0.6026285290718079, 0.43782615661621094, -0.4265187978744507, 0.5130583643913269, -0.6575133800506592, 0.146574467420578, -0.21883352100849152, 0.7059065103530884, 0.18874068558216095, -0.22031033039093018, 0.012082765810191631, 0.9569191932678223, 0.0010902013164013624, -0.12449097633361816, -0.20100019872188568, 0.9716479778289795, -0.6169033646583557, -0.4413989186286926, 0.4111655056476593, 0.5055099129676819, -0.4171885550022125, 0.12134891003370285, 0.07190428674221039, 0.8978073000907898, 0.2833420932292938, 0.3778458833694458, -0.000995369628071785, 0.8814469575881958, 0.14898133277893066, 0.26733747124671936, 0.14485614001750946, 0.9409314393997192, -0.0024004317820072174, 0.02577492780983448, -0.05467291921377182, 0.9981687068939209, -0.36913737654685974, 0.04706631973385811, -0.3039695918560028, 0.8769976496696472, 0.1358431577682495, -0.0005607929197140038, -4.536615961114876e-06, 0.9907302260398865, -0.48148441314697266, 0.0021418279502540827, 1.7173626474686898e-05, 0.8764520883560181, 0.14855359494686127, 0.9541301131248474, 0.007185985334217548, 0.2598382532596588, 0.21082524955272675, -0.48473066091537476, 0.7867262363433838, 0.31882715225219727, -0.4191358983516693, 0.07025545090436935, 0.055092740803956985, 0.9035231471061707, 0.5162237882614136, -0.024822913110256195, 0.2689271569252014, 0.812757670879364, 0.39434462785720825, 0.014656106941401958, 0.08492667973041534, 0.9149125814437866, 0.5375416874885559, -0.5010457038879395, 0.4308430254459381, 0.5238094925880432, -0.4303939938545227, -0.04271648824214935, -0.024101965129375458, 0.9013075828552246, 0.6264198422431946, 0.07907618582248688, -0.22050489485263824, 0.7434532046318054, 0.42552879452705383, -0.009076052345335484, -0.08981728553771973, 0.9004308581352234, -0.5211153030395508, -0.5366212129592896, -0.5399964451789856, 0.38585031032562256, -0.056694403290748596, 0.0015806445153430104, -0.01217182818800211, 0.9983161687850952, 0.03191564977169037, 0.006741577293723822, -0.019110828638076782, 0.999285101890564, -0.6027001142501831, 0.4376581609249115, -0.4263867437839508, 0.5132272839546204, -0.6597291231155396, 0.14684534072875977, -0.21846644580364227, 0.7038937211036682, 0.1881464570760727, -0.2193041443824768, 0.012127833440899849, 0.9572666883468628, 0.0013523913221433759, -0.12436423450708389, -0.20158404111862183, 0.9715428948402405, -0.6172959208488464, -0.44098031520843506, 0.41074085235595703, 0.5057410597801208, -0.41777634620666504, 0.11792120337486267, 0.07330842316150665, 0.8978772163391113, 0.28540414571762085, 0.38084477186203003, -0.0008748251129873097, 0.8794890642166138, 0.14901788532733917, 0.2674020230770111, 0.14489175379276276, 0.9409018158912659, -0.0021584928035736084, 0.025835448876023293, -0.05446932837367058, 0.9981788396835327, -0.3693068027496338, 0.04654311761260033, -0.3032483458518982, 0.8772039413452148, 0.13584266602993011, -0.0005605681799352169, -4.559643457469065e-06, 0.9907302856445312, -0.48148494958877563, 0.0021420144475996494, 1.7310378098045476e-05, 0.8764517307281494, 0.1485561579465866, 0.9538363814353943, 0.007512152660638094, 0.26090389490127563, 0.21087585389614105, -0.48440060019493103, 0.7867358922958374, 0.31927117705345154, -0.4191844165325165, 0.07025641202926636, 0.05485215410590172, 0.9035152196884155, 0.5158618092536926, -0.025259237736463547, 0.2685140073299408, 0.8131105303764343, 0.39416372776031494, 0.014673967845737934, 0.08488990366458893, 0.9149936437606812, 0.5369001626968384, -0.5012289881706238, 0.430519700050354, 0.52455735206604, -0.430441677570343, -0.04271368682384491, -0.024375488981604576, 0.9012776017189026, 0.627084493637085, 0.07875900715589523, -0.22119197249412537, 0.7427221536636353, 0.42555955052375793, -0.009082626551389694, -0.08981500566005707, 0.9004164934158325, -0.5209327936172485, -0.5369219779968262, -0.5398485660552979, 0.3858852684497833, -0.05639365315437317, 0.0014563115546479821, -0.012330330908298492, 0.9983314275741577, 0.03196948766708374, 0.0067485636100173, -0.01911195181310177, 0.9992833733558655, -0.6027696132659912, 0.43749192357063293, -0.42625632882118225, 0.5133956670761108, -0.6618373394012451, 0.147249236702919, -0.21787187457084656, 0.7020120620727539, 0.18757815659046173, -0.21833281219005585, 0.012171026319265366, 0.9575996398925781, 0.0017649707151576877, -0.12415370345115662, -0.20235282182693481, 0.9714093208312988, -0.6176871061325073, -0.44055983424186707, 0.41031527519226074, 0.5059754252433777, -0.4183011054992676, 0.11471342295408249, 0.07476387917995453, 0.8979284167289734, 0.2873346507549286, 0.3836689889431, -0.000762133568059653, 0.8776311278343201, 0.149044930934906, 0.26744645833969116, 0.14493073523044586, 0.9408789277076721, -0.0018880362622439861, 0.025849100202322006, -0.054283756762742996, 0.9981890916824341, -0.3693457543849945, 0.04605746269226074, -0.3025875687599182, 0.8774412870407104, 0.13584202527999878, -0.0005602668388746679, -4.562466529023368e-06, 0.990730345249176, -0.4814854562282562, 0.002142254961654544, 1.7417440176359378e-05, 0.8764514923095703, 0.14847935736179352, 0.9536052346229553, 0.007803711574524641, 0.2617824971675873, 0.21090349555015564, -0.48415613174438477, 0.7867308259010315, 0.3196360468864441, -0.41922467947006226, 0.07025580108165741, 0.054621193557977676, 0.903510570526123, 0.5155980587005615, -0.0256735160946846, 0.26823917031288147, 0.813355565071106, 0.39403659105300903, 0.014681041240692139, 0.08486843854188919, 0.9150502681732178, 0.5363779664039612, -0.5013918280601501, 0.4302470088005066, 0.5251594185829163, -0.4305266737937927, -0.04271697998046875, -0.02460920624434948, 0.90123051404953, 0.6276895999908447, 0.0785241350531578, -0.2218804955482483, 0.7420302629470825, 0.4255902171134949, -0.009086599573493004, -0.08981253951787949, 0.9004021883010864, -0.5207642316818237, -0.5371916890144348, -0.5396978259086609, 0.38594818115234375, -0.05609583109617233, 0.0013399523450061679, -0.012473007664084435, 0.9983465671539307, 0.03202420473098755, 0.0067545389756560326, -0.019121114164590836, 0.9992814064025879, -0.6028416752815247, 0.4373350143432617, -0.42611369490623474, 0.513563334941864, -0.6638520359992981, 0.1477636992931366, -0.21705730259418488, 0.7002517580986023, 0.1870115101337433, -0.21737073361873627, 0.012216621078550816, 0.9579287171363831, 0.0021765255369246006, -0.1239425465464592, -0.20312072336673737, 0.9712752103805542, -0.61808180809021, -0.4401331841945648, 0.40987318754196167, 0.5062229633331299, -0.41871389746665955, 0.11178679764270782, 0.07625170797109604, 0.8979800343513489, 0.2895018458366394, 0.38685357570648193, -0.0006352219497784972, 0.8755185008049011, 0.1490727961063385, 0.2675004005432129, 0.14497587084770203, 0.940852165222168, -0.0015330000314861536, 0.02584737166762352, -0.05413792282342911, 0.9981977343559265, -0.3690762519836426, 0.045677538961172104, -0.3020922541618347, 0.8777451515197754, 0.13584138453006744, -0.0005600379081442952, -4.576096671371488e-06, 0.9907304644584656, -0.4814859926700592, 0.0021424386650323868, 1.7534399376017973e-05, 0.8764511942863464, 0.14825867116451263, 0.953458309173584, 0.008021887391805649, 0.26243528723716736, 0.21093671023845673, -0.4839702248573303, 0.7867560982704163, 0.3198334872722626, -0.41927680373191833, 0.0702558383345604, 0.0544324591755867, 0.9034977555274963, 0.5154682397842407, -0.026056164875626564, 0.26796919107437134, 0.8135147094726562, 0.3939633369445801, 0.014679932966828346, 0.08486192673444748, 0.9150824546813965, 0.5360392332077026, -0.5014737248420715, 0.43011483550071716, 0.5255352258682251, -0.430688738822937, -0.04272983595728874, -0.024804940447211266, 0.9011470675468445, 0.6282151937484741, 0.07840508967638016, -0.2224867343902588, 0.7414162158966064, 0.42561644315719604, -0.009088710881769657, -0.08980993926525116, 0.9003900289535522, -0.5206301212310791, -0.5373742580413818, -0.5395472645759583, 0.3860853910446167, -0.05579841509461403, 0.001254554372280836, -0.012550123035907745, 0.9983624815940857, 0.03207160532474518, 0.0067590391263365746, -0.01912873238325119, 0.9992796778678894, -0.6029142737388611, 0.4371766149997711, -0.4259679615497589, 0.5137336254119873, -0.665747344493866, 0.14842015504837036, -0.21593017876148224, 0.6986602544784546, 0.18638013303279877, -0.21632561087608337, 0.012271812185645103, 0.9582875967025757, 0.0025870618410408497, -0.12373115867376328, -0.2038865089416504, 0.9711406826972961, -0.6184739470481873, -0.439703106880188, 0.40942874550819397, 0.506477415561676, -0.41907045245170593, 0.10901932418346405, 0.07774363458156586, 0.8980259895324707, 0.2916518747806549, 0.39000868797302246, -0.0005296899471431971, 0.8734026551246643, 0.14909739792346954, 0.26756149530410767, 0.14502736926078796, 0.9408230185508728, -0.0011013055918738246, 0.02593104913830757, -0.05404962971806526, 0.9982009530067444, -0.3684689998626709, 0.045404672622680664, -0.3017984628677368, 0.8781154155731201, 0.1358407884836197, -0.0005600294098258018, -4.576093033392681e-06, 0.9907305240631104, -0.48148655891418457, 0.0021424605511128902, 1.7575315723661333e-05, 0.8764508962631226, 0.14781925082206726, 0.9533988237380981, 0.008045496419072151, 0.2628982663154602, 0.21111899614334106, -0.4836867153644562, 0.7868692278862, 0.31986376643180847, -0.41938936710357666, 0.07025397568941116, 0.05430372431874275, 0.9034534096717834, 0.5153380036354065, -0.02637210115790367, 0.26776355504989624, 0.8136546611785889, 0.39389699697494507, 0.014678779989480972, 0.08485588431358337, 0.9151115417480469, 0.53580242395401, -0.5013972520828247, 0.43026700615882874, 0.5257250666618347, -0.43081778287887573, -0.042737916111946106, -0.024969452992081642, 0.9010804891586304, 0.6286444664001465, 0.07828278839588165, -0.22302313148975372, 0.7409039735794067, 0.4256399869918823, -0.009089875034987926, -0.08980827033519745, 0.9003790616989136, -0.5205099582672119, -0.5374817252159119, -0.5394106507301331, 0.38628870248794556, -0.0555012971162796, 0.0012121297186240554, -0.012507318519055843, 0.9983795881271362, 0.032110679894685745, 0.006761963479220867, -0.01913766749203205, 0.99927818775177, -0.6029619574546814, 0.43702372908592224, -0.42584580183029175, 0.513909101486206, -0.6675281524658203, 0.14918717741966248, -0.21462120115756989, 0.6971994638442993, 0.18566718697547913, -0.21518129110336304, 0.012340693734586239, 0.9586827158927917, 0.002993282163515687, -0.1235240250825882, -0.20464980602264404, 0.9710053205490112, -0.6188367009162903, -0.4392755925655365, 0.4090116620063782, 0.5067421793937683, -0.4192337989807129, 0.10692738741636276, 0.07929082214832306, 0.898065984249115, 0.2935427725315094, 0.39281612634658813, -0.0004273118101991713, 0.8715090155601501, 0.14912086725234985, 0.267614483833313, 0.1450766623020172, 0.9407966136932373, -0.0006261342205107212, 0.026139473542571068, -0.053984977304935455, 0.9981993436813354, -0.36764341592788696, 0.045130304992198944, -0.3016757369041443, 0.8785176873207092, 0.1358398050069809, -0.0005601171869784594, -4.550244284473592e-06, 0.9907307028770447, -0.4814873933792114, 0.0021423781290650368, 1.7556596503709443e-05, 0.8764504194259644, 0.14738771319389343, 0.953355610370636, 0.007991992868483067, 0.26329857110977173, 0.21118977665901184, -0.48338782787323, 0.7870451211929321, 0.3198360204696655, -0.41945353150367737, 0.07024949789047241, 0.05418163910508156, 0.9034312963485718, 0.5152469873428345, -0.02675536647439003, 0.26759758591651917, 0.8137544393539429, 0.3938356339931488, 0.01467754878103733, 0.08484944701194763, 0.9151386022567749, 0.5355170369148254, -0.5013065934181213, 0.4304875135421753, 0.5259218215942383, -0.4308846592903137, -0.042739368975162506, -0.02513330802321434, 0.9010438919067383, 0.6290356516838074, 0.07816442847251892, -0.2234630584716797, 0.7404517531394958, 0.4256616532802582, -0.009091568179428577, -0.08980762213468552, 0.900368869304657, -0.5204048156738281, -0.5375787019729614, -0.5392758250236511, 0.386483758687973, -0.055241845548152924, 0.0011845175176858902, -0.012402249500155449, 0.9983952641487122, 0.032143544405698776, 0.006759026553481817, -0.019145742058753967, 0.9992770552635193, -0.6029237508773804, 0.43692880868911743, -0.42582523822784424, 0.5140515565872192, -0.6691336631774902, 0.15005940198898315, -0.21358785033226013, 0.6957891583442688, 0.18496602773666382, -0.2140803188085556, 0.012413169257342815, 0.959063708782196, 0.0033322239760309458, -0.12337212264537811, -0.20534473657608032, 0.9708768725395203, -0.6190733909606934, -0.4389325976371765, 0.40873587131500244, 0.5069727897644043, -0.41926339268684387, 0.10551833361387253, 0.08086244761943817, 0.8980787396430969, 0.2950576841831207, 0.39509886503219604, -0.00036474663647823036, 0.8699641823768616, 0.14912256598472595, 0.2676580846309662, 0.14510366320610046, 0.9407797455787659, -0.00012326127034612, 0.02634342573583126, -0.053939156234264374, 0.9981967210769653, -0.3668915629386902, 0.04473118484020233, -0.30165189504623413, 0.878860592842102, 0.1358388066291809, -0.0005600833101198077, -4.536150754574919e-06, 0.9907308220863342, -0.481488436460495, 0.002142369281500578, 1.7549169569974765e-05, 0.8764498233795166, 0.14704778790473938, 0.953344464302063, 0.007790144998580217, 0.2635347843170166, 0.21107783913612366, -0.4829046130180359, 0.7874017953872681, 0.31976205110549927, -0.4198107421398163, 0.0702858418226242, 0.05411064624786377, 0.9032667875289917, 0.5153442621231079, -0.027287164703011513, 0.2673409581184387, 0.8137595057487488, 0.39377808570861816, 0.014674448408186436, 0.08484438061714172, 0.9151638746261597, 0.5351966023445129, -0.5011622309684753, 0.4308382272720337, 0.5260983109474182, -0.4311121702194214, -0.04275821894407272, -0.025289271026849747, 0.9009298086166382, 0.6294769644737244, 0.07811437547206879, -0.22373783588409424, 0.7399988174438477, 0.42567917704582214, -0.009091992862522602, -0.0898098349571228, 0.9003603458404541, -0.5203602313995361, -0.5376067757606506, -0.5391584038734436, 0.3866683840751648, -0.05507680028676987, 0.0011715986765921116, -0.01221514493227005, 0.998406708240509, 0.0321662575006485, 0.006753113586455584, -0.019153499975800514, 0.9992762207984924, -0.6028425097465515, 0.4368676245212555, -0.42586076259613037, 0.514169454574585, -0.6706214547157288, 0.15087109804153442, -0.21265646815299988, 0.6944652795791626, 0.18437731266021729, -0.2131521850824356, 0.012474498711526394, 0.9593828916549683, 0.0034751149360090494, -0.12335966527462006, -0.20582148432731628, 0.9707769155502319, -0.6192312836647034, -0.43864819407463074, 0.40854892134666443, 0.5071767568588257, -0.419143408536911, 0.10465764254331589, 0.0823383703827858, 0.8981013298034668, 0.2962583899497986, 0.396937757730484, -0.00032276881393045187, 0.8687182068824768, 0.14914709329605103, 0.2677048444747925, 0.14513635635375977, 0.9407575726509094, 0.0004614093923009932, 0.026550140231847763, -0.053922973573207855, 0.9981920123100281, -0.36614421010017395, 0.04449011757969856, -0.3016211688518524, 0.8791949152946472, 0.1358378380537033, -0.0005602345336228609, -4.5168758333602455e-06, 0.9907309412956238, -0.4814892113208771, 0.00214227382093668, 1.7492129700258374e-05, 0.876449465751648, 0.14678601920604706, 0.953380823135376, 0.007489965297281742, 0.2635580599308014, 0.21081101894378662, -0.482406347990036, 0.7877976298332214, 0.31971511244773865, -0.42023587226867676, 0.07033195346593857, 0.05407848581671715, 0.903067409992218, 0.5155259370803833, -0.027859268710017204, 0.2671259045600891, 0.8136956691741943, 0.3937256634235382, 0.01467067003250122, 0.08483987301588058, 0.9151869416236877, 0.5348255634307861, -0.5010374188423157, 0.4312499463558197, 0.5262570977210999, -0.4313252866268158, -0.04277670383453369, -0.02540351077914238, 0.900823712348938, 0.6298362016677856, 0.07809440046548843, -0.2240530550479889, 0.7395998239517212, 0.42569586634635925, -0.009091541171073914, -0.08981014043092728, 0.900352418422699, -0.5203747749328613, -0.5375671982765198, -0.5390554666519165, 0.3868473768234253, -0.05500167980790138, 0.001197361620143056, -0.012035361491143703, 0.9984130263328552, 0.03218128904700279, 0.0067495377734303474, -0.01916130632162094, 0.9992755651473999, -0.6027513742446899, 0.43681392073631287, -0.42591190338134766, 0.5142794847488403, -0.6720522046089172, 0.1516721546649933, -0.2117762416601181, 0.6931754946708679, 0.18392251431941986, -0.21241679787635803, 0.012520666234195232, 0.9596326947212219, 0.003419961780309677, -0.12347208708524704, -0.20607265830039978, 0.9707095623016357, -0.6193034648895264, -0.43841660022735596, 0.40845757722854614, 0.5073623657226562, -0.41890037059783936, 0.10425969213247299, 0.08370514214038849, 0.8981346487998962, 0.2972002327442169, 0.3984059989452362, -0.0003088038065470755, 0.867723822593689, 0.14914439618587494, 0.2677452564239502, 0.14515098929405212, 0.940744161605835, 0.0011131605133414268, 0.026777368038892746, -0.05391553044319153, 0.9981858134269714, -0.36545100808143616, 0.04430273175239563, -0.30168086290359497, 0.8794723153114319, 0.1358368694782257, -0.0005604639300145209, -4.4980747588851955e-06, 0.9907310605049133, -0.48149001598358154, 0.0021420351695269346, 1.737737693474628e-05, 0.8764489889144897, 0.14664402604103088, 0.9534192681312561, 0.0073890406638383865, 0.2635006606578827, 0.210313618183136, -0.48215726017951965, 0.788141131401062, 0.3195718228816986, -0.42058172821998596, 0.07037554681301117, 0.05404061824083328, 0.902905285358429, 0.5157122611999512, -0.028325213119387627, 0.26681292057037354, 0.8136642575263977, 0.39368507266044617, 0.014664288610219955, 0.08483577519655228, 0.9152048826217651, 0.5345184206962585, -0.5010694265365601, 0.4315206706523895, 0.5263168215751648, -0.4315716326236725, -0.042800068855285645, -0.025483211502432823, 0.9007023572921753, 0.6301592588424683, 0.07809851318597794, -0.22435633838176727, 0.7392321825027466, 0.4257086515426636, -0.009090022183954716, -0.08981061726808548, 0.9003463983535767, -0.5203957557678223, -0.537550151348114, -0.5389594435691833, 0.38697659969329834, -0.054998911917209625, 0.0012808545725420117, -0.011970645748078823, 0.9984138607978821, 0.03219561278820038, 0.006746032275259495, -0.019168028607964516, 0.9992750287055969, -0.6026809811592102, 0.43677273392677307, -0.4259496033191681, 0.5143658518791199, -0.6731677651405334, 0.1523398607969284, -0.21109993755817413, 0.6921521425247192, 0.1836007982492447, -0.21188916265964508, 0.012552913278341293, 0.9598104953765869, 0.00331290764734149, -0.12359220534563065, -0.2062094360589981, 0.9706656336784363, -0.6193557977676392, -0.43823376297950745, 0.40838706493377686, 0.5075132250785828, -0.41868048906326294, 0.10414548963308334, 0.08474859595298767, 0.8981525897979736, 0.29784345626831055, 0.39941927790641785, -0.00029737886507064104, 0.8670371770858765, 0.149178609251976, 0.26777586340904236, 0.14515812695026398, 0.9407289624214172, 0.0016893548890948296, 0.026984479278326035, -0.053913600742816925, 0.9981794953346252, -0.3648713529109955, 0.044123925268650055, -0.3018036186695099, 0.8796798586845398, 0.13583634793758392, -0.000560630694963038, -4.479034487303579e-06, 0.9907311201095581, -0.48149049282073975, 0.002141953445971012, 1.7337335521006025e-05, 0.8764486908912659]
    s (float, 4464):  [1.0, 1.0, 1.0, 0.9999998807907104, 0.9999998807907104, 1.0, 1.0000001192092896, 0.9999998807907104, 0.9999998807907104, 1.0, 0.9999999403953552, 1.0000001192092896, 1.000000238418579, 0.9999999403953552, 1.0, 1.0000001192092896, 1.0, 1.0, 1.0, 1.0, 0.9999999403953552, 1.0, 0.9999998807907104, 0.9999998807907104, 0.9999999403953552, 1.0, 1.0, 1.0, 1.0000001192092896, 1.0, 0.9999998807907104, 0.9999999403953552, 0.9999999403953552, 0.9999998807907104, 1.0, 1.0, 1.0, 1.0, 0.9999998807907104, 1.000000238418579, 0.9999999403953552, 1.0, 1.0, 1.0000001192092896, 0.9999998211860657, 0.9999999403953552, 0.9999998807907104, 0.9999998807907104, 1.0, 1.0, 0.9999998211860657, 1.0000001192092896, 1.0, 1.0, 1.0, 0.9999998211860657, 1.0, 1.0, 1.0, 1.0, 1.0000001192092896, 1.0000001192092896, 1.0, 1.0000001192092896, 1.0000001192092896, 0.9999998807907104, 1.0, 1.0, 0.9999999403953552, 1.0, 0.9999999403953552, 0.9999998211860657, 1.0, 0.9999998211860657, 0.9999999403953552, 1.0000001192092896, 1.0, 1.0, 1.0, 1.0, 0.9999998807907104, 0.9999998807907104, 1.0, 1.0, 1.0, 1.0, 0.9999998807907104, 1.0, 1.0, 1.0000001192092896, 0.9999999403953552, 1.0000001192092896, 0.9999999403953552, 1.0, 1.0000001192092896, 1.0, 1.0, 0.9999998807907104, 0.9999999403953552, 1.0, 0.9999999403953552, 1.0, 1.0, 1.0, 1.0000001192092896, 0.9999998807907104, 1.0, 0.9999999403953552, 1.0000001192092896, 1.0000001192092896, 1.0, 1.0, 1.0, 0.9999998807907104, 0.9999999403953552, 0.9999999403953552, 0.9999999403953552, 1.0, 1.0000001192092896, 1.0, 1.0, 1.0, 1.0, 1.0, 0.9999999403953552, 1.0, 1.0, 1.0, 1.0000001192092896, 0.9999999403953552, 1.0, 1.0, 1.0, 1.0, 1.0, 0.9999999403953552, 1.0, 1.0, 1.0000001192092896, 0.9999999403953552, 0.9999998807907104, 1.0, 1.0, 0.9999999403953552, 1.0, 1.0, 1.0000001192092896, 1.0, 0.9999998807907104, 1.0, 1.0, 0.9999999403953552, 0.9999999403953552, 1.0, 1.0, 1.0, 1.000000238418579, 1.0, 0.9999999403953552, 1.0000001192092896, 1.0000001192092896, 0.9999998211860657, 1.0, 1.0, 1.0, 1.0000001192092896, 0.9999999403953552, 0.9999999403953552, 1.0, 0.9999999403953552, 0.9999999403953552, 1.0, 0.9999999403953552, 0.9999999403953552, 0.9999999403953552, 0.9999998807907104, 0.9999998807907104, 0.9999998807907104, 0.9999998807907104, 1.0000001192092896, 1.0000001192092896, 1.0, 1.0, 1.0000001192092896, 0.9999999403953552, 0.9999998807907104, 1.0, 1.0, 0.9999998211860657, 1.0, 0.9999999403953552, 0.9999998807907104, 0.9999999403953552, 0.9999998807907104, 0.9999998807907104, 1.0, 0.9999998807907104, 1.0, 1.0, 0.9999997615814209, 0.9999998807907104, 0.9999999403953552, 0.9999999403953552, 1.0000001192092896, 1.0000001192092896, 0.9999998211860657, 1.0, 1.0, 1.0, 0.9999999403953552, 1.0, 1.0, 0.9999999403953552, 1.0, 0.9999998807907104, 0.9999998807907104, 1.0, 0.9999999403953552, 0.9999999403953552, 1.0, 0.9999998211860657, 0.9999999403953552, 1.0, 0.9999998807907104, 1.0, 0.9999998807907104, 1.0, 1.0, 1.0, 1.0, 0.9999998807907104, 1.0000001192092896, 1.0, 1.0, 1.0, 1.0, 0.9999999403953552, 0.9999999403953552, 0.9999999403953552, 0.9999999403953552, 0.9999999403953552, 0.9999998807907104, 1.0, 0.9999998807907104, 0.9999999403953552, 1.0, 1.0000001192092896, 0.9999998807907104, 1.0, 0.9999998211860657, 0.9999999403953552, 1.0, 1.0, 1.0000001192092896, 1.0, 1.0, 1.0, 0.9999998807907104, 0.9999998807907104, 1.0, 0.9999999403953552, 0.9999999403953552, 0.9999998807907104, 0.9999999403953552, 1.0, 1.0, 0.9999998807907104, 1.0, 1.0, 1.0, 1.0, 0.9999998807907104, 0.9999997615814209, 0.9999999403953552, 1.0, 1.0000001192092896, 1.0, 0.9999999403953552, 1.0, 1.0, 1.0, 0.9999998211860657, 1.0, 1.0, 1.0, 1.0, 0.9999999403953552, 1.0, 1.0, 1.0, 1.0, 0.9999999403953552, 1.0, 1.0000001192092896, 1.0, 1.0, 0.9999998807907104, 1.0, 0.9999999403953552, 1.0, 1.0, 1.0, 1.0, 1.0, 0.9999999403953552, 0.9999999403953552, 0.9999998807907104, 0.9999999403953552, 1.0, 1.0000001192092896, 0.9999999403953552, 0.9999999403953552, 0.9999999403953552, 1.0, 0.9999999403953552, 1.0000001192092896, 1.0000001192092896, 1.0000001192092896, 1.0, 0.9999999403953552, 0.9999998807907104, 1.0, 0.9999998807907104, 1.0000001192092896, 1.0000001192092896, 1.0, 1.0, 1.0, 1.0000001192092896, 1.0, 1.0000001192092896, 1.0, 1.0, 1.0, 0.9999999403953552, 0.9999998807907104, 1.0, 0.9999999403953552, 0.9999998211860657, 0.9999999403953552, 1.0, 1.0, 0.9999999403953552, 0.9999999403953552, 0.9999998807907104, 1.0, 0.9999999403953552, 0.9999999403953552, 1.0000001192092896, 0.9999998807907104, 1.0000001192092896, 1.0, 1.0, 1.0, 1.0000001192092896, 1.0, 0.9999999403953552, 1.0, 0.9999998807907104, 0.9999999403953552, 1.0, 0.9999999403953552, 0.9999999403953552, 1.0, 0.9999999403953552, 0.9999999403953552, 1.0, 0.9999998211860657, 1.0, 0.9999998807907104, 0.9999999403953552, 0.9999999403953552, 1.0, 1.0, 1.0000001192092896, 1.0, 1.0, 0.9999999403953552, 1.0, 1.0, 1.0, 1.0, 0.9999999403953552, 0.9999999403953552, 1.0, 0.9999998807907104, 0.9999999403953552, 1.0000001192092896, 1.0, 1.0, 1.0000001192092896, 1.0, 0.9999999403953552, 0.9999999403953552, 1.0, 1.0000001192092896, 1.0, 1.0000001192092896, 0.9999999403953552, 1.0, 1.0, 0.9999999403953552, 1.0, 1.0, 0.9999998807907104, 0.9999999403953552, 0.9999998807907104, 0.9999998211860657, 1.0, 0.9999998211860657, 1.0, 1.0, 0.9999999403953552, 0.9999998807907104, 1.0, 0.9999998211860657, 0.9999999403953552, 0.9999998211860657, 1.0, 1.0, 1.0, 1.0, 0.9999999403953552, 0.9999999403953552, 1.0, 0.9999999403953552, 1.0, 1.0000001192092896, 0.9999999403953552, 1.0, 1.0, 1.0, 1.0, 1.0, 0.9999999403953552, 1.0, 0.9999998807907104, 1.0000001192092896, 1.0, 0.9999999403953552, 0.9999999403953552, 0.9999998807907104, 1.0000001192092896, 1.0000001192092896, 1.0000001192092896, 0.9999999403953552, 0.9999999403953552, 0.9999998807907104, 1.0000001192092896, 0.9999998807907104, 1.0, 0.9999999403953552, 0.9999998807907104, 1.0000001192092896, 0.9999998807907104, 1.0, 1.0, 0.9999999403953552, 0.9999998807907104, 1.0, 0.9999998211860657, 1.0000001192092896, 1.0000001192092896, 1.0, 0.9999998807907104, 0.9999999403953552, 1.0, 1.0000001192092896, 1.0, 1.0, 1.0, 1.0, 1.0, 1.0, 1.0000001192092896, 1.0, 0.9999998807907104, 1.0, 0.9999998807907104, 0.9999999403953552, 0.9999999403953552, 0.9999998807907104, 0.9999998211860657, 1.0, 0.9999999403953552, 1.0, 0.9999998807907104, 1.0, 0.9999999403953552, 0.9999998211860657, 1.0, 1.0000001192092896, 1.0, 1.0, 1.0000001192092896, 1.0, 1.0, 0.9999999403953552, 1.0000001192092896, 1.0, 0.9999998807907104, 1.0, 0.9999999403953552, 0.9999999403953552, 1.0, 0.9999998211860657, 0.9999999403953552, 0.9999999403953552, 0.9999998211860657, 0.9999998807907104, 1.0000001192092896, 0.9999999403953552, 1.0, 0.9999998807907104, 1.0, 1.0000001192092896, 1.0, 1.0000001192092896, 1.0000001192092896, 1.0, 1.0, 1.0, 1.0000001192092896, 1.0, 0.9999998807907104, 1.0000001192092896, 0.9999999403953552, 0.9999999403953552, 1.0, 0.9999999403953552, 1.0, 0.9999999403953552, 0.9999998807907104, 1.0, 1.0, 0.9999999403953552, 0.9999998807907104, 0.9999998807907104, 0.9999998807907104, 1.0000001192092896, 1.0, 1.0, 0.9999998211860657, 1.0000001192092896, 1.0, 1.0, 1.0, 1.0, 0.9999999403953552, 1.0000001192092896, 1.0, 1.0, 0.9999999403953552, 1.0, 0.9999999403953552, 1.0, 1.0, 1.0000001192092896, 0.9999999403953552, 0.9999998807907104, 0.9999999403953552, 1.0, 0.9999999403953552, 1.0, 1.0000001192092896, 0.9999998807907104, 0.9999999403953552, 0.9999999403953552, 1.0000001192092896, 1.0, 0.9999999403953552, 1.0000001192092896, 0.9999998807907104, 1.0000001192092896, 0.9999999403953552, 1.0, 1.0, 1.0, 0.9999999403953552, 1.0, 1.0, 1.0000001192092896, 0.9999999403953552, 0.9999999403953552, 0.9999998807907104, 0.9999998807907104, 1.0000001192092896, 1.0000001192092896, 1.0000001192092896, 1.0, 0.9999999403953552, 1.0, 1.0, 1.0, 1.0, 1.0, 1.0, 1.0000001192092896, 1.0, 1.0, 1.0, 1.0, 1.0, 1.0, 1.0, 1.0, 0.9999999403953552, 0.9999998807907104, 0.9999999403953552, 0.9999999403953552, 1.0, 1.0000001192092896, 1.0, 0.9999998807907104, 0.9999999403953552, 1.0000001192092896, 1.0, 0.9999998807907104, 1.0000001192092896, 1.0000001192092896, 1.0000001192092896, 1.0, 0.9999999403953552, 1.0, 1.0, 1.0, 1.0, 1.0, 0.9999998807907104, 1.0, 0.9999999403953552, 0.9999998807907104, 1.0, 1.0, 1.0000001192092896, 1.0, 1.0000001192092896, 0.9999999403953552, 0.9999999403953552, 1.0000001192092896, 1.0, 0.9999999403953552, 1.0, 1.0, 0.9999999403953552, 1.0, 1.0, 0.9999999403953552, 0.9999999403953552, 0.9999999403953552, 1.0000001192092896, 0.9999999403953552, 0.9999999403953552, 1.0, 0.9999999403953552, 0.9999999403953552, 0.9999999403953552, 0.9999998807907104, 1.0000001192092896, 1.0, 1.000000238418579, 0.9999999403953552, 1.0, 1.0, 1.0000001192092896, 0.9999998807907104, 1.0000001192092896, 0.9999999403953552, 0.9999998807907104, 1.0, 0.9999999403953552, 0.9999998807907104, 1.0, 1.0, 1.0, 0.9999999403953552, 0.9999999403953552, 1.0, 0.9999999403953552, 1.0, 1.0, 1.0, 0.9999999403953552, 1.0, 1.0000001192092896, 0.9999998807907104, 1.0, 1.0000001192092896, 1.0000001192092896, 0.9999999403953552, 1.000000238418579, 1.0000001192092896, 0.9999999403953552, 0.9999999403953552, 0.9999999403953552, 0.9999998807907104, 0.9999999403953552, 1.0, 0.9999998211860657, 1.0, 1.0, 1.0000001192092896, 0.9999999403953552, 0.9999999403953552, 0.9999999403953552, 1.0, 1.0, 1.0, 1.0000001192092896, 0.9999999403953552, 1.0, 1.0, 1.0, 1.0, 0.9999998807907104, 1.0, 0.9999998807907104, 1.0, 1.0, 0.9999999403953552, 0.9999999403953552, 1.0, 0.9999999403953552, 1.0000001192092896, 1.0, 1.0, 0.9999999403953552, 1.0, 1.0, 0.9999999403953552, 1.0, 1.0000001192092896, 1.0000001192092896, 1.0, 1.0, 1.0, 1.0, 0.9999998807907104, 1.0, 1.0, 1.0, 1.0, 0.9999999403953552, 0.9999999403953552, 1.0, 1.0, 0.9999998807907104, 0.9999999403953552, 0.9999999403953552, 1.0000001192092896, 0.9999998807907104, 1.0, 1.0, 1.0, 1.0, 1.0000001192092896, 1.0, 1.0, 1.0, 1.0, 1.0, 0.9999998807907104, 1.0000001192092896, 1.0000001192092896, 1.0, 1.0, 1.0, 1.0, 1.0, 0.9999999403953552, 0.9999998807907104, 1.0, 1.0, 1.0, 0.9999999403953552, 0.9999999403953552, 1.0, 0.9999998807907104, 1.0, 1.0000001192092896, 1.000000238418579, 1.0000001192092896, 0.9999999403953552, 1.0, 1.0000001192092896, 0.9999999403953552, 0.9999999403953552, 1.0, 0.9999999403953552, 1.0, 0.9999998807907104, 0.9999998211860657, 1.0, 1.0000001192092896, 1.0, 1.0, 0.9999998211860657, 1.0000001192092896, 0.9999999403953552, 1.0, 1.0, 1.0000001192092896, 0.9999999403953552, 1.000000238418579, 1.0000001192092896, 1.0, 1.0, 1.0, 1.0000001192092896, 1.0, 1.0000001192092896, 0.9999998807907104, 0.9999999403953552, 1.0000001192092896, 0.9999999403953552, 0.9999998807907104, 1.0, 0.9999999403953552, 1.0, 1.0, 0.9999998807907104, 0.9999999403953552, 0.9999999403953552, 0.9999999403953552, 0.9999999403953552, 0.9999998807907104, 1.0, 1.0000001192092896, 1.0000001192092896, 1.0000001192092896, 0.9999999403953552, 1.0, 1.0, 0.9999999403953552, 1.0, 1.0, 0.9999999403953552, 1.0, 0.9999998807907104, 0.9999998807907104, 1.0, 1.0, 0.9999998807907104, 1.0000001192092896, 1.0, 1.0000001192092896, 1.0, 0.9999998211860657, 1.0, 0.9999998807907104, 1.0000001192092896, 1.0, 1.0, 1.0, 1.0, 1.0000001192092896, 1.0, 0.9999999403953552, 0.9999999403953552, 1.0000001192092896, 0.9999998807907104, 1.0, 0.9999999403953552, 1.0, 0.9999999403953552, 1.0, 0.9999998807907104, 0.9999999403953552, 1.0, 1.0, 0.9999999403953552, 1.0, 0.9999999403953552, 0.9999999403953552, 1.0, 1.0, 0.9999999403953552, 0.9999998807907104, 1.0000001192092896, 1.000000238418579, 0.9999999403953552, 0.9999998211860657, 1.0, 1.0, 0.9999999403953552, 1.0000001192092896, 0.9999998807907104, 0.9999998211860657, 0.9999999403953552, 0.9999999403953552, 0.9999998211860657, 1.0000001192092896, 0.9999999403953552, 1.0, 1.0000001192092896, 1.0, 1.0, 0.9999998807907104, 1.0, 1.0000001192092896, 1.0000001192092896, 0.9999998807907104, 1.0, 1.0000001192092896, 1.0, 0.9999999403953552, 1.0, 1.0, 0.9999998807907104, 1.0, 0.9999998807907104, 0.9999998807907104, 1.0, 1.0, 1.0, 1.0000001192092896, 1.0000001192092896, 1.0000001192092896, 0.9999998807907104, 1.0, 1.0, 1.0, 1.0, 1.0000001192092896, 1.0, 1.0, 1.0000001192092896, 1.0, 0.9999998807907104, 0.9999999403953552, 0.9999998807907104, 1.0, 0.9999999403953552, 1.0000001192092896, 0.9999998807907104, 0.9999999403953552, 1.0, 0.9999999403953552, 0.9999998807907104, 1.0, 0.9999999403953552, 1.0000001192092896, 1.0, 1.0, 0.9999999403953552, 0.9999999403953552, 1.0000001192092896, 1.0, 1.0, 1.0, 1.0, 1.0000001192092896, 1.0, 0.9999998807907104, 1.0, 0.9999999403953552, 0.9999998807907104, 1.0, 0.9999999403953552, 1.0000001192092896, 0.9999999403953552, 1.0, 1.0, 1.0, 0.9999999403953552, 0.9999999403953552, 1.0, 0.9999999403953552, 0.9999998807907104, 0.9999998211860657, 0.9999999403953552, 1.0000001192092896, 1.0000001192092896, 1.0000001192092896, 1.0, 1.0, 0.9999999403953552, 0.9999999403953552, 0.9999999403953552, 1.0, 0.9999998807907104, 1.0, 1.0, 0.9999999403953552, 1.0, 0.9999999403953552, 0.9999998211860657, 0.9999999403953552, 0.9999998807907104, 1.0, 1.0, 0.9999998211860657, 0.9999998807907104, 0.9999998807907104, 1.0000001192092896, 1.0000001192092896, 1.0000001192092896, 1.0, 1.0, 1.0000001192092896, 1.0, 0.9999998807907104, 1.0, 1.0, 1.0, 1.0, 1.0, 0.9999999403953552, 0.9999999403953552, 1.0, 0.9999999403953552, 0.9999999403953552, 1.0, 1.0, 0.9999999403953552, 0.9999999403953552, 1.0, 0.9999998807907104, 1.0, 1.0000001192092896, 1.0, 0.9999999403953552, 1.0000001192092896, 1.0000001192092896, 1.0, 0.9999999403953552, 1.0, 1.0, 0.9999998807907104, 1.0, 0.9999998807907104, 0.9999999403953552, 1.0, 1.0, 0.9999999403953552, 1.0, 0.9999998807907104, 1.0, 0.9999999403953552, 0.9999999403953552, 1.0, 0.9999998807907104, 1.0, 1.000000238418579, 1.0000001192092896, 1.0, 0.9999998211860657, 1.0000001192092896, 0.9999999403953552, 1.0, 1.0, 1.0, 1.0, 1.0, 0.9999999403953552, 0.9999998807907104, 0.9999999403953552, 0.9999999403953552, 0.9999999403953552, 1.0000001192092896, 1.0, 0.9999998807907104, 0.9999998807907104, 0.9999997019767761, 0.9999998211860657, 0.9999997615814209, 1.0, 1.0000001192092896, 1.0000001192092896, 1.0, 1.0, 1.0, 1.0000001192092896, 0.9999998807907104, 1.0000001192092896, 1.0, 1.0, 1.0, 0.9999998807907104, 1.0, 1.0, 0.9999999403953552, 0.9999998807907104, 1.0, 1.0, 0.9999999403953552, 1.0, 1.0000001192092896, 1.0, 0.9999998807907104, 1.0, 1.0000001192092896, 1.0, 1.0, 1.0, 1.0000001192092896, 0.9999999403953552, 1.0, 0.9999999403953552, 1.0, 1.0, 1.0000001192092896, 0.9999999403953552, 0.9999999403953552, 0.9999999403953552, 1.0, 1.0, 0.9999999403953552, 1.0, 1.0, 0.9999998807907104, 0.9999999403953552, 1.0000001192092896, 0.9999998807907104, 0.9999998807907104, 1.0, 1.0000001192092896, 1.0000001192092896, 1.0, 1.0, 1.0, 0.9999997615814209, 1.0, 1.0, 1.0, 0.9999999403953552, 0.9999999403953552, 1.0, 0.9999999403953552, 1.0, 0.9999999403953552, 1.0, 0.9999998807907104, 1.0, 1.0, 1.0000001192092896, 0.9999998807907104, 0.9999998807907104, 1.0, 1.0, 1.0000001192092896, 1.0000001192092896, 1.0, 1.0, 1.0000001192092896, 0.9999998807907104, 1.0, 1.0000001192092896, 1.0, 1.0, 1.0, 1.0, 0.9999999403953552, 0.9999998807907104, 1.0, 0.9999999403953552, 1.0, 1.0, 1.0, 1.0, 1.0, 0.9999998807907104, 1.0, 1.0000001192092896, 1.000000238418579, 1.0, 1.0, 0.9999999403953552, 1.0, 0.9999998807907104, 1.0, 1.0, 0.9999999403953552, 1.0, 1.0, 1.0, 1.0, 0.9999998807907104, 1.0, 1.0, 0.9999999403953552, 1.0, 0.9999999403953552, 0.9999998211860657, 1.0, 0.9999998807907104, 0.9999999403953552, 1.0, 1.000000238418579, 0.9999999403953552, 1.0, 0.9999998807907104, 1.0000001192092896, 0.9999999403953552, 1.0000001192092896, 1.0, 1.0, 1.0, 0.9999999403953552, 1.0000001192092896, 1.0, 1.0, 0.9999999403953552, 1.0, 1.0, 1.0, 1.0, 0.9999999403953552, 0.9999999403953552, 0.9999998807907104, 1.0, 1.0000001192092896, 1.0000001192092896, 1.0, 1.0, 1.0, 0.9999999403953552, 1.0, 1.0000001192092896, 0.9999999403953552, 1.0, 1.0000001192092896, 0.9999999403953552, 1.0, 1.0, 1.0, 1.0, 1.0, 0.9999999403953552, 1.0000001192092896, 1.0, 0.9999998807907104, 0.9999999403953552, 1.0, 1.0, 1.0000001192092896, 1.0000001192092896, 0.9999999403953552, 1.0, 1.0, 1.0000001192092896, 1.0, 1.0, 1.0, 0.9999999403953552, 0.9999999403953552, 1.0, 1.0, 1.0, 1.0, 1.0000001192092896, 1.0, 0.9999999403953552, 1.0, 0.9999998807907104, 0.9999998807907104, 1.0, 1.0, 1.0, 1.0, 1.0, 0.9999999403953552, 1.0, 1.0, 1.0, 0.9999998807907104, 1.0, 1.0, 0.9999999403953552, 1.0000001192092896, 1.0, 0.9999999403953552, 0.9999999403953552, 0.9999998211860657, 0.9999999403953552, 1.0, 0.9999998807907104, 0.9999998807907104, 1.0, 1.0, 0.9999999403953552, 0.9999998807907104, 0.9999999403953552, 1.0000001192092896, 1.0, 0.9999999403953552, 1.0, 1.0000001192092896, 1.0000001192092896, 1.0000001192092896, 1.0000001192092896, 0.9999999403953552, 0.9999998807907104, 1.0000001192092896, 1.0, 0.9999999403953552, 0.9999999403953552, 1.0, 0.9999998807907104, 1.0, 0.9999999403953552, 1.0, 1.0, 0.9999998807907104, 1.0, 0.9999998807907104, 0.9999999403953552, 1.0000001192092896, 1.0000001192092896, 1.0000001192092896, 1.0000001192092896, 1.0, 1.0, 0.9999999403953552, 1.0000001192092896, 1.0000001192092896, 0.9999998807907104, 1.0, 0.9999999403953552, 1.0, 1.0, 0.9999998807907104, 1.0, 1.0000001192092896, 1.0, 0.9999999403953552, 1.0000001192092896, 1.0, 1.0, 0.9999998807907104, 1.0, 1.0, 1.0000001192092896, 1.0, 1.0, 1.0000001192092896, 1.0, 0.9999999403953552, 1.0000001192092896, 0.9999999403953552, 0.9999999403953552, 1.0000001192092896, 1.0, 1.0000001192092896, 1.0, 1.0, 0.9999999403953552, 0.9999998807907104, 1.0, 1.0, 1.0, 1.0, 0.9999998807907104, 1.0, 1.0000001192092896, 1.0000001192092896, 1.0, 1.0000001192092896, 1.0, 1.0, 1.0000001192092896, 0.9999999403953552, 0.9999999403953552, 1.0, 0.9999999403953552, 1.0, 0.9999999403953552, 0.9999999403953552, 0.9999999403953552, 1.0000001192092896, 0.9999998807907104, 1.0, 1.0, 1.0, 0.9999999403953552, 0.9999998211860657, 0.9999999403953552, 0.9999998807907104, 1.0, 1.0000001192092896, 1.0000001192092896, 1.0000001192092896, 0.9999999403953552, 1.0, 1.0000001192092896, 0.9999998807907104, 1.0000001192092896, 1.0, 0.9999998807907104, 1.0, 0.9999998807907104, 0.9999999403953552, 0.9999999403953552, 0.9999999403953552, 1.0, 0.9999999403953552, 1.0, 0.9999999403953552, 1.0, 0.9999999403953552, 1.0, 1.0, 1.0, 0.9999999403953552, 1.0, 1.0, 0.9999999403953552, 0.9999999403953552, 1.0000001192092896, 1.0, 1.0000001192092896, 1.0000001192092896, 0.9999999403953552, 0.9999999403953552, 0.9999998807907104, 1.0, 0.9999999403953552, 1.0, 0.9999999403953552, 1.0000001192092896, 1.0, 1.0000001192092896, 1.0, 1.0, 0.9999998807907104, 0.9999998807907104, 0.9999999403953552, 1.0000001192092896, 1.0000001192092896, 0.9999999403953552, 0.9999999403953552, 1.0000001192092896, 1.0000001192092896, 1.0, 1.0, 1.0, 1.0, 0.9999999403953552, 0.9999999403953552, 1.0, 0.9999999403953552, 1.0, 0.9999999403953552, 1.0000001192092896, 0.9999998807907104, 1.0, 1.0, 0.9999999403953552, 0.9999999403953552, 0.9999998807907104, 0.9999999403953552, 1.0, 1.0000001192092896, 1.0, 1.0, 0.9999999403953552, 1.0000001192092896, 1.0, 1.0000001192092896, 0.9999998807907104, 1.0, 1.0000001192092896, 0.9999998807907104, 0.9999999403953552, 1.0, 0.9999998807907104, 0.9999998807907104, 1.0, 1.0, 1.0, 1.0, 0.9999998807907104, 1.0, 0.9999998211860657, 0.9999999403953552, 1.0000001192092896, 1.0, 1.0, 1.0, 1.0000001192092896, 1.0, 0.9999999403953552, 1.0, 1.0000001192092896, 0.9999999403953552, 1.0, 0.9999999403953552, 0.9999998807907104, 1.0, 0.9999999403953552, 0.9999998807907104, 0.9999999403953552, 1.0, 1.0, 1.0, 1.0, 0.9999998807907104, 0.9999999403953552, 0.9999999403953552, 1.0000001192092896, 1.0000001192092896, 1.0000001192092896, 1.0000001192092896, 1.0, 1.0000001192092896, 0.9999998807907104, 1.0, 1.0000001192092896, 0.9999999403953552, 1.0, 0.9999999403953552, 1.0, 1.0, 1.0, 0.9999999403953552, 0.9999999403953552, 0.9999999403953552, 1.0, 0.9999999403953552, 0.9999998807907104, 0.9999999403953552, 1.0, 1.0, 1.0, 1.0000001192092896, 1.0, 1.0000001192092896, 1.0, 1.0, 0.9999999403953552, 0.9999999403953552, 1.0, 0.9999999403953552, 0.9999999403953552, 1.0, 0.9999998807907104, 1.0, 0.9999999403953552, 0.9999999403953552, 1.0000001192092896, 1.0, 1.0, 0.9999998211860657, 0.9999999403953552, 0.9999998807907104, 0.9999999403953552, 1.0, 1.000000238418579, 0.9999999403953552, 1.0, 1.0000001192092896, 1.0, 0.9999999403953552, 1.0, 0.9999999403953552, 1.0, 0.9999999403953552, 0.9999999403953552, 0.9999999403953552, 0.9999999403953552, 0.9999999403953552, 1.0, 0.9999999403953552, 0.9999999403953552, 1.0, 1.0, 1.0000001192092896, 1.0, 0.9999998211860657, 1.0, 1.0000001192092896, 1.0000001192092896, 1.0, 0.9999999403953552, 1.0, 0.9999999403953552, 1.0, 0.9999999403953552, 0.9999999403953552, 1.0, 1.0, 0.9999999403953552, 1.0, 0.9999999403953552, 1.0, 1.0, 0.9999999403953552, 0.9999999403953552, 0.9999998807907104, 1.0, 1.0, 1.0, 1.0, 0.9999998807907104, 0.9999998807907104, 1.0000001192092896, 1.0000001192092896, 1.0, 1.0000001192092896, 1.0, 0.9999999403953552, 0.9999999403953552, 1.0000001192092896, 1.0, 0.9999998807907104, 1.0, 0.9999999403953552, 0.9999999403953552, 1.0, 0.9999999403953552, 0.9999999403953552, 1.0, 1.0, 1.0, 1.0, 0.9999999403953552, 0.9999999403953552, 0.9999998807907104, 0.9999999403953552, 1.0, 1.0, 1.0, 1.0, 0.9999999403953552, 1.0000001192092896, 0.9999998807907104, 1.0000001192092896, 0.9999999403953552, 0.9999999403953552, 1.0, 0.9999999403953552, 0.9999999403953552, 0.9999999403953552, 1.0, 1.0000001192092896, 0.9999999403953552, 1.0, 1.0, 1.0, 1.0, 0.9999998807907104, 0.9999999403953552, 1.0, 1.0000001192092896, 1.0, 1.0, 0.9999999403953552, 1.0000001192092896, 0.9999999403953552, 1.0, 1.0, 1.0, 0.9999999403953552, 1.0, 0.9999998807907104, 0.9999999403953552, 1.0, 1.0, 1.0, 0.9999999403953552, 0.9999998807907104, 0.9999999403953552, 1.0, 0.9999998807907104, 0.9999999403953552, 1.0, 0.9999999403953552, 1.0000001192092896, 1.0, 1.0, 0.9999998807907104, 1.0, 1.0, 0.9999999403953552, 1.0000001192092896, 1.0, 0.9999998807907104, 0.9999999403953552, 1.0, 0.9999999403953552, 1.0, 0.9999999403953552, 0.9999999403953552, 1.0, 0.9999998807907104, 1.0, 1.0, 1.0, 1.0, 0.9999998807907104, 0.9999999403953552, 1.0, 1.0000001192092896, 1.0, 0.9999999403953552, 1.0000001192092896, 1.0000001192092896, 0.9999999403953552, 1.0000001192092896, 1.0, 1.0, 1.0, 1.0, 1.0, 0.9999999403953552, 1.0, 0.9999998807907104, 0.9999998807907104, 0.9999999403953552, 1.0, 0.9999999403953552, 0.9999999403953552, 1.0, 1.0, 1.0, 1.0, 1.000000238418579, 0.9999999403953552, 1.0, 0.9999999403953552, 1.0000001192092896, 0.9999999403953552, 1.0, 1.0000001192092896, 0.9999998807907104, 1.0, 0.9999999403953552, 0.9999999403953552, 1.0, 1.0, 0.9999999403953552, 0.9999999403953552, 0.9999998807907104, 1.0000001192092896, 0.9999999403953552, 0.9999998211860657, 0.9999999403953552, 1.0, 1.0, 1.0, 1.0, 1.0000001192092896, 1.0, 1.0, 1.0, 0.9999998807907104, 1.0000001192092896, 1.0, 1.0, 1.0, 0.9999999403953552, 1.0, 0.9999999403953552, 0.9999998807907104, 0.9999999403953552, 1.0000001192092896, 1.0, 1.0, 0.9999999403953552, 1.0, 0.9999999403953552, 0.9999999403953552, 1.0, 1.0, 1.0000001192092896, 1.0, 1.0, 1.0, 1.0, 0.9999999403953552, 1.0, 0.9999999403953552, 1.0, 1.0, 1.0, 0.9999999403953552, 1.0, 0.9999998807907104, 0.9999999403953552, 0.9999999403953552, 1.0, 1.0000001192092896, 0.9999999403953552, 0.9999999403953552, 1.0, 1.0, 1.0, 1.0000001192092896, 1.0000001192092896, 1.0, 0.9999999403953552, 1.0, 1.0000001192092896, 0.9999999403953552, 1.0, 0.9999999403953552, 1.0, 1.0, 0.9999998211860657, 0.9999999403953552, 1.0, 0.9999999403953552, 0.9999998807907104, 1.0, 0.9999999403953552, 1.0, 1.0000001192092896, 1.0000001192092896, 0.9999999403953552, 0.9999998807907104, 0.9999999403953552, 1.0000001192092896, 1.0000001192092896, 1.0000001192092896, 0.9999999403953552, 1.0, 1.0000001192092896, 1.0, 1.000000238418579, 1.0000001192092896, 0.9999999403953552, 1.0, 1.0000001192092896, 1.0, 0.9999999403953552, 0.9999998807907104, 0.9999999403953552, 1.0, 0.9999999403953552, 1.0, 0.9999999403953552, 1.0000001192092896, 1.0000001192092896, 0.9999998211860657, 0.9999999403953552, 1.0000001192092896, 1.0000001192092896, 0.9999999403953552, 0.9999999403953552, 1.0, 1.0, 0.9999997615814209, 1.0, 0.9999999403953552, 0.9999998807907104, 1.0, 1.0, 1.0, 1.0, 1.0000001192092896, 0.9999999403953552, 0.9999998807907104, 1.0, 1.0000001192092896, 0.9999998807907104, 0.9999998807907104, 1.0000001192092896, 1.0, 1.0, 1.0000001192092896, 0.9999999403953552, 1.0, 0.9999999403953552, 1.0, 1.0, 0.9999999403953552, 1.0000001192092896, 1.0, 0.9999998211860657, 0.9999999403953552, 0.9999999403953552, 0.9999998807907104, 1.0, 0.9999998211860657, 0.9999998807907104, 1.0, 1.0, 0.9999998211860657, 0.9999999403953552, 1.0, 1.0, 0.9999998211860657, 1.0, 1.0000001192092896, 1.0000001192092896, 1.0, 0.9999998807907104, 1.0, 1.0, 0.9999999403953552, 1.0, 1.0000001192092896, 1.0, 1.0000001192092896, 0.9999998807907104, 0.9999998807907104, 1.0, 0.9999998807907104, 0.9999999403953552, 1.0, 0.9999999403953552, 1.0, 1.0, 0.9999999403953552, 1.0, 0.9999998211860657, 0.9999999403953552, 1.0000001192092896, 1.0, 1.0, 0.9999999403953552, 1.0, 1.0, 1.0, 1.0, 1.0, 0.9999999403953552, 1.0, 0.9999998807907104, 0.9999998807907104, 0.9999999403953552, 0.9999999403953552, 0.9999998807907104, 1.0, 1.0, 1.0, 1.0, 1.0, 1.0, 0.9999998807907104, 1.0, 1.0000001192092896, 1.0, 1.0000001192092896, 1.0, 0.9999999403953552, 1.0, 0.9999998211860657, 1.0000001192092896, 0.9999999403953552, 0.9999998807907104, 1.0, 0.9999998807907104, 0.9999998807907104, 0.9999998807907104, 0.9999998807907104, 1.0, 1.0000001192092896, 1.0, 1.0, 0.9999999403953552, 1.0, 0.9999998211860657, 0.9999998807907104, 1.0, 1.0000001192092896, 1.0, 0.9999998807907104, 0.9999998807907104, 1.0, 1.0, 0.9999999403953552, 1.0, 1.0, 0.9999999403953552, 0.9999999403953552, 0.9999998807907104, 0.9999998807907104, 0.9999998807907104, 0.9999999403953552, 0.9999998807907104, 1.0, 0.9999998807907104, 1.0, 0.9999999403953552, 1.0, 0.9999999403953552, 1.0, 1.0, 1.0, 1.0000001192092896, 1.0, 0.9999999403953552, 1.0, 0.9999999403953552, 1.0, 1.0000001192092896, 1.0000001192092896, 1.0, 1.0000001192092896, 1.0, 1.0, 1.0, 0.9999999403953552, 1.0, 0.9999998807907104, 1.0, 1.0000001192092896, 1.0, 1.0, 0.9999999403953552, 0.9999998211860657, 1.0, 1.0000001192092896, 1.0000001192092896, 0.9999999403953552, 1.0, 1.0, 1.0, 0.9999998807907104, 1.0000001192092896, 0.9999999403953552, 1.0, 1.0, 0.9999999403953552, 1.0, 1.0, 0.9999999403953552, 1.0000001192092896, 1.0, 0.9999998807907104, 1.0000001192092896, 1.0, 1.0, 0.9999999403953552, 0.9999998807907104, 0.9999999403953552, 1.0, 1.0, 1.0, 0.9999998807907104, 0.9999998807907104, 0.9999999403953552, 1.0, 1.0000001192092896, 0.9999999403953552, 0.9999998807907104, 1.0, 0.9999998807907104, 0.9999999403953552, 0.9999998807907104, 0.9999998807907104, 1.0, 1.0, 1.0, 1.0, 1.0, 1.0, 1.0, 1.0, 0.9999999403953552, 1.000000238418579, 1.0000001192092896, 1.0000001192092896, 0.9999999403953552, 0.9999999403953552, 1.0, 0.9999999403953552, 1.0000001192092896, 1.0000001192092896, 0.9999998807907104, 0.9999999403953552, 1.0, 1.0, 0.9999998807907104, 0.9999998211860657, 0.9999999403953552, 0.9999998807907104, 0.9999999403953552, 1.0, 1.0, 0.9999999403953552, 0.9999998807907104, 0.9999998807907104, 0.9999998211860657, 1.0, 1.0000001192092896, 1.0, 0.9999999403953552, 1.0, 1.0, 1.0, 1.0000001192092896, 1.0, 0.9999998211860657, 1.0000001192092896, 1.0, 0.9999999403953552, 0.9999999403953552, 1.0, 1.0, 1.0, 0.9999999403953552, 1.0, 1.0, 0.9999997615814209, 0.9999999403953552, 1.0, 1.0, 1.0, 1.0000001192092896, 0.9999999403953552, 0.9999998807907104, 0.9999999403953552, 1.000000238418579, 0.9999999403953552, 1.0, 1.0, 0.9999999403953552, 1.0, 0.9999999403953552, 0.9999999403953552, 0.9999999403953552, 0.9999999403953552, 1.0, 1.0, 1.0, 1.0, 0.9999998807907104, 0.9999999403953552, 0.9999998807907104, 0.9999999403953552, 0.9999999403953552, 1.0, 1.0000001192092896, 1.0, 1.0, 1.0000001192092896, 1.0, 0.9999998807907104, 1.0, 0.9999999403953552, 1.0, 1.0000001192092896, 0.9999999403953552, 0.9999998211860657, 1.0, 1.0, 0.9999999403953552, 1.0, 0.9999999403953552, 1.0000001192092896, 1.0, 1.0, 0.9999998807907104, 0.9999999403953552, 0.9999999403953552, 1.0, 1.0, 0.9999999403953552, 1.0, 0.9999999403953552, 1.0, 0.9999999403953552, 0.9999999403953552, 1.0, 0.9999999403953552, 0.9999999403953552, 0.9999999403953552, 0.9999999403953552, 0.9999999403953552, 0.9999998807907104, 1.0, 1.0000001192092896, 0.9999998807907104, 1.0, 0.9999998807907104, 0.9999998807907104, 1.0, 0.9999998211860657, 1.0, 1.0, 1.0000001192092896, 1.0, 1.0, 1.0, 1.0000001192092896, 1.0, 1.0, 1.0, 1.0, 1.0, 0.9999998807907104, 0.9999998807907104, 0.9999998807907104, 1.0, 0.9999999403953552, 1.0, 0.9999998807907104, 1.0, 0.9999999403953552, 0.9999999403953552, 1.0, 1.0, 1.0, 1.0, 1.000000238418579, 0.9999999403953552, 0.9999999403953552, 1.0, 1.0000001192092896, 1.0, 1.0000001192092896, 1.0, 0.9999999403953552, 1.000000238418579, 0.9999998807907104, 0.9999998211860657, 1.0, 1.0, 1.0000001192092896, 0.9999998807907104, 0.9999998211860657, 1.0, 0.9999999403953552, 0.9999999403953552, 1.0, 1.0, 1.0000001192092896, 1.0, 1.0000001192092896, 1.0, 0.9999999403953552, 1.0000001192092896, 1.0000001192092896, 1.0, 1.0, 1.0000001192092896, 0.9999999403953552, 1.0000001192092896, 1.0, 0.9999999403953552, 0.9999999403953552, 0.9999998807907104, 1.0000001192092896, 1.0, 1.0, 1.0, 1.0000001192092896, 0.9999999403953552, 0.9999999403953552, 0.9999998807907104, 1.0, 1.0000001192092896, 1.0000001192092896, 1.0, 0.9999998211860657, 1.0, 1.0000001192092896, 1.0, 1.0, 1.0000001192092896, 1.0, 1.0, 0.9999999403953552, 1.0, 1.0, 0.9999999403953552, 1.0, 0.9999999403953552, 0.9999999403953552, 1.0, 1.0, 1.0, 1.0, 0.9999999403953552, 0.9999998211860657, 1.000000238418579, 1.0000001192092896, 1.0, 0.9999999403953552, 0.9999999403953552, 1.0000001192092896, 0.9999999403953552, 1.0, 1.0, 1.0, 1.0, 0.9999999403953552, 1.0, 0.9999999403953552, 1.0, 1.0, 1.0, 1.0000001192092896, 1.0, 0.9999998807907104, 0.9999998211860657, 1.0, 1.0, 0.9999998211860657, 1.000000238418579, 1.000000238418579, 1.0, 0.9999999403953552, 0.9999998807907104, 1.0000001192092896, 0.9999998807907104, 1.0, 1.0, 1.0, 1.0, 1.0, 0.9999998807907104, 0.9999999403953552, 0.9999998807907104, 0.9999999403953552, 0.9999999403953552, 1.0, 1.0, 1.0000001192092896, 1.0, 0.9999998807907104, 1.0, 0.9999999403953552, 1.0000001192092896, 1.0, 0.9999999403953552, 0.9999999403953552, 1.0, 1.0, 0.9999999403953552, 1.0, 1.0, 0.9999999403953552, 1.0, 0.9999999403953552, 0.9999998807907104, 0.9999999403953552, 0.9999999403953552, 0.9999998211860657, 1.0, 0.9999998807907104, 1.0, 1.0, 0.9999999403953552, 1.0, 0.9999998807907104, 0.9999998211860657, 1.0000001192092896, 1.0000001192092896, 1.0, 0.9999998807907104, 0.9999999403953552, 1.000000238418579, 1.0, 1.0, 1.0000001192092896, 1.0, 1.0, 0.9999999403953552, 0.9999998807907104, 0.9999999403953552, 0.9999999403953552, 0.9999999403953552, 1.0, 0.9999999403953552, 1.0000001192092896, 0.9999998211860657, 0.9999999403953552, 1.0, 1.0, 1.0, 1.0000001192092896, 1.0, 0.9999999403953552, 0.9999999403953552, 1.0, 1.0, 1.0000001192092896, 1.0, 1.0, 1.0, 0.9999999403953552, 1.0, 0.9999998807907104, 0.9999998807907104, 0.9999999403953552, 1.0000001192092896, 0.9999999403953552, 1.0, 0.9999999403953552, 0.9999999403953552, 0.9999999403953552, 0.9999999403953552, 0.9999998807907104, 1.0, 1.0000001192092896, 1.0, 1.0000001192092896, 0.9999999403953552, 1.0, 1.0, 1.0000001192092896, 1.0000001192092896, 1.0, 0.9999998807907104, 1.0, 0.9999999403953552, 0.9999999403953552, 1.0, 1.0, 1.0, 0.9999999403953552, 1.0, 1.0000001192092896, 0.9999999403953552, 0.9999999403953552, 0.9999999403953552, 0.9999998807907104, 1.0, 1.0, 1.0, 1.0, 1.0, 1.0, 1.0000001192092896, 1.0, 1.000000238418579, 1.0, 1.0, 1.0000001192092896, 0.9999999403953552, 1.0, 0.9999999403953552, 1.0, 0.9999998807907104, 1.0000001192092896, 0.9999998807907104, 1.0, 1.0, 1.0, 1.0, 0.9999999403953552, 1.0, 1.0, 1.0000001192092896, 1.0, 1.0, 1.0, 1.0000001192092896, 1.0, 1.0, 1.0000001192092896, 0.9999999403953552, 0.9999998807907104, 1.0, 0.9999998807907104, 0.9999999403953552, 0.9999998807907104, 1.0000001192092896, 0.9999999403953552, 1.0, 1.0, 1.0, 1.0, 0.9999999403953552, 0.9999997615814209, 0.9999999403953552, 1.0, 1.0000001192092896, 1.0, 1.0, 1.0, 1.0000001192092896, 1.0000001192092896, 1.0, 0.9999999403953552, 0.9999999403953552, 1.0000001192092896, 1.0, 1.0, 0.9999998807907104, 0.9999999403953552, 1.0, 0.9999999403953552, 1.0, 0.9999999403953552, 1.0, 0.9999999403953552, 0.9999998807907104, 0.9999998807907104, 0.9999998807907104, 1.0, 1.000000238418579, 1.0000001192092896, 0.9999999403953552, 0.9999999403953552, 1.0000001192092896, 1.0, 1.0000001192092896, 1.0, 1.0, 1.0, 0.9999999403953552, 0.9999999403953552, 0.9999999403953552, 0.9999999403953552, 1.0000001192092896, 1.0, 1.0000001192092896, 0.9999998807907104, 0.9999999403953552, 0.9999999403953552, 0.9999998807907104, 1.0, 1.0, 1.0000001192092896, 1.0, 1.0000001192092896, 0.9999999403953552, 0.9999999403953552, 1.0, 0.9999999403953552, 1.0000001192092896, 1.0, 0.9999999403953552, 0.9999999403953552, 0.9999999403953552, 0.9999998807907104, 1.0, 0.9999999403953552, 1.0000001192092896, 1.0000001192092896, 1.0, 1.0, 1.0, 0.9999999403953552, 0.9999999403953552, 1.0, 1.0, 1.0000001192092896, 1.0000001192092896, 0.9999999403953552, 1.0, 1.0, 1.0000001192092896, 0.9999999403953552, 1.0, 1.0, 1.0, 1.0, 0.9999999403953552, 0.9999998211860657, 0.9999999403953552, 0.9999998807907104, 0.9999999403953552, 1.0, 1.0, 1.0, 0.9999999403953552, 1.0, 0.9999998211860657, 0.9999998807907104, 0.9999999403953552, 1.0, 1.000000238418579, 0.9999999403953552, 1.0, 1.0000001192092896, 1.0000001192092896, 1.0, 1.0, 1.0, 0.9999999403953552, 1.0, 1.0, 0.9999999403953552, 0.9999999403953552, 1.0, 1.0000001192092896, 1.0, 1.0, 1.0, 1.0, 1.0, 0.9999998807907104, 1.0, 1.0, 1.0000001192092896, 1.0000001192092896, 0.9999999403953552, 1.0, 0.9999999403953552, 1.0, 0.9999998807907104, 1.0, 1.0, 0.9999999403953552, 1.0, 0.9999998807907104, 0.9999998807907104, 0.9999999403953552, 1.0000001192092896, 1.0, 1.0000001192092896, 0.9999999403953552, 1.0, 0.9999998807907104, 1.0, 0.9999998807907104, 0.9999998807907104, 0.9999999403953552, 1.0000001192092896, 1.0000001192092896, 1.0, 0.9999998807907104, 1.0000001192092896, 1.0, 1.0, 1.0000001192092896, 1.0, 1.0, 1.0000001192092896, 1.0000001192092896, 0.9999999403953552, 0.9999999403953552, 0.9999999403953552, 1.0, 0.9999999403953552, 1.0, 1.0, 1.0, 0.9999997615814209, 1.0, 0.9999998807907104, 0.9999999403953552, 1.0, 1.0000001192092896, 1.0, 0.9999999403953552, 1.0, 1.0000001192092896, 0.9999998807907104, 1.0, 1.0, 0.9999999403953552, 1.0, 0.9999999403953552, 1.0, 0.9999999403953552, 0.9999999403953552, 1.0, 0.9999999403953552, 0.9999998807907104, 1.0, 0.9999999403953552, 1.0, 0.9999999403953552, 0.9999998807907104, 1.0, 1.0000001192092896, 1.0000001192092896, 1.0, 1.0, 1.0000001192092896, 1.0000001192092896, 0.9999999403953552, 1.0, 1.0, 1.0, 1.0, 1.0, 1.0, 0.9999998807907104, 0.9999998211860657, 0.9999998807907104, 1.0, 0.9999999403953552, 0.9999999403953552, 0.9999999403953552, 1.0, 1.0, 0.9999998807907104, 0.9999999403953552, 1.0000001192092896, 1.0000001192092896, 1.0, 1.0, 0.9999998807907104, 1.0000001192092896, 0.9999999403953552, 1.0, 1.0000001192092896, 0.9999999403953552, 0.9999999403953552, 0.9999998807907104, 1.0, 0.9999999403953552, 1.0000001192092896, 0.9999999403953552, 1.0, 1.0, 1.0000001192092896, 1.0, 1.0, 0.9999999403953552, 0.9999998807907104, 1.0, 1.0, 1.0000001192092896, 1.0, 0.9999998807907104, 1.0, 1.0000001192092896, 0.9999998211860657, 1.0, 1.0, 0.9999999403953552, 1.0, 0.9999999403953552, 0.9999999403953552, 0.9999999403953552, 1.0, 0.9999999403953552, 1.0000001192092896, 1.0, 0.9999999403953552, 0.9999998807907104, 0.9999999403953552, 1.0, 1.0, 1.0, 0.9999999403953552, 1.0, 1.0, 0.9999999403953552, 1.0, 1.0000001192092896, 0.9999998807907104, 0.9999998807907104, 1.0, 1.0, 1.0, 1.0, 0.9999998807907104, 0.9999999403953552, 1.0000001192092896, 0.9999999403953552, 1.0, 1.0, 1.0000001192092896, 0.9999998211860657, 1.0, 0.9999998211860657, 1.0, 0.9999999403953552, 1.0, 1.0000001192092896, 0.9999999403953552, 1.0, 1.0000001192092896, 1.0, 0.9999998807907104, 0.9999999403953552, 1.0, 0.9999999403953552, 1.0, 0.9999999403953552, 1.0, 1.0, 1.0, 0.9999998807907104, 1.0000001192092896, 0.9999998807907104, 0.9999999403953552, 0.9999999403953552, 0.9999999403953552, 0.9999999403953552, 0.9999999403953552, 1.0, 1.0000001192092896, 1.0000001192092896, 0.9999998211860657, 1.0, 1.0, 1.0, 0.9999998807907104, 1.0, 1.0000001192092896, 0.9999998807907104, 1.0, 0.9999999403953552, 0.9999998807907104, 1.0, 0.9999999403953552, 1.0, 1.0, 0.9999999403953552, 1.0000001192092896, 0.9999998807907104, 1.0, 0.9999998807907104, 1.0, 0.9999999403953552, 1.0, 1.0, 0.9999999403953552, 1.0, 0.9999999403953552, 1.0000001192092896, 0.9999998807907104, 1.0, 1.0, 0.9999999403953552, 1.0000001192092896, 1.0, 0.9999998807907104, 0.9999999403953552, 0.9999999403953552, 0.9999998807907104, 1.0, 1.0, 1.0, 1.0, 1.0, 1.0, 0.9999999403953552, 0.9999999403953552, 1.0, 1.0000001192092896, 1.0000001192092896, 1.0, 0.9999999403953552, 1.0, 0.9999999403953552, 1.0, 1.0000001192092896, 0.9999999403953552, 1.0000001192092896, 0.9999999403953552, 0.9999999403953552, 0.9999999403953552, 1.0000001192092896, 0.9999999403953552, 1.0, 0.9999999403953552, 1.0000001192092896, 0.9999999403953552, 0.9999998807907104, 0.9999998211860657, 0.9999998807907104, 1.0, 1.0000001192092896, 1.0, 1.0000001192092896, 0.9999999403953552, 1.0, 1.0, 1.0, 1.0000001192092896, 1.0000001192092896, 0.9999999403953552, 1.0, 1.0, 0.9999999403953552, 0.9999999403953552, 1.0, 0.9999999403953552, 1.0, 0.9999998807907104, 1.0000001192092896, 0.9999999403953552, 0.9999998807907104, 0.9999998807907104, 0.9999999403953552, 1.0, 1.0000001192092896, 1.0, 1.0, 0.9999999403953552, 1.0, 0.9999998807907104, 0.9999999403953552, 1.0, 1.0000001192092896, 0.9999998807907104, 0.9999999403953552, 1.0, 1.0, 0.9999999403953552, 1.0, 0.9999998211860657, 1.0000001192092896, 0.9999999403953552, 1.0000001192092896, 0.9999999403953552, 1.0, 0.9999998807907104, 1.0000001192092896, 1.0, 1.0, 1.000000238418579, 1.0, 1.0, 0.9999999403953552, 1.0000001192092896, 0.9999999403953552, 1.0, 1.0, 1.0, 1.0, 1.0, 0.9999999403953552, 0.9999999403953552, 0.9999998807907104, 0.9999999403953552, 1.0, 1.0, 0.9999999403953552, 1.0, 0.9999999403953552, 0.9999998211860657, 0.9999998211860657, 1.0, 1.0000001192092896, 1.0000001192092896, 0.9999999403953552, 0.9999999403953552, 1.0, 1.0000001192092896, 1.0, 1.0, 1.0000001192092896, 0.9999999403953552, 0.9999999403953552, 0.9999999403953552, 0.9999999403953552, 0.9999998807907104, 0.9999998807907104, 0.9999999403953552, 0.9999999403953552, 0.9999998211860657, 1.0, 0.9999998807907104, 0.9999999403953552, 1.0, 0.9999998211860657, 1.0, 1.0000001192092896, 1.0, 1.0, 1.0, 0.9999999403953552, 1.0000001192092896, 0.9999999403953552, 1.0, 1.0, 0.9999999403953552, 0.9999999403953552, 1.0, 0.9999999403953552, 0.9999999403953552, 1.0000001192092896, 1.0, 1.0, 0.9999998807907104, 1.0000001192092896, 1.0000001192092896, 1.0, 0.9999998807907104, 0.9999998807907104, 1.0, 1.0, 1.0000001192092896, 1.0, 0.9999998807907104, 0.9999999403953552, 1.0000001192092896, 0.9999999403953552, 0.9999999403953552, 0.9999999403953552, 0.9999998807907104, 1.0000001192092896, 1.0, 0.9999998807907104, 1.0, 0.9999999403953552, 1.0000001192092896, 1.0, 0.9999998807907104, 1.000000238418579, 1.0, 0.9999999403953552, 1.0, 1.0, 0.9999999403953552, 1.0, 1.0000001192092896, 1.0, 1.0, 0.9999998807907104, 0.9999999403953552, 0.9999999403953552, 1.0000001192092896, 1.0, 0.9999999403953552, 1.0, 1.0, 0.9999999403953552, 0.9999999403953552, 0.9999999403953552, 1.0, 0.9999999403953552, 1.0, 0.9999999403953552, 1.0000001192092896, 1.0, 1.0, 0.9999999403953552, 0.9999999403953552, 1.0000001192092896, 1.0, 1.0, 1.0, 0.9999998211860657, 1.0, 0.9999999403953552, 1.0, 1.0000001192092896, 0.9999999403953552, 1.0000001192092896, 1.0, 1.0, 0.9999998807907104, 1.0, 0.9999999403953552, 1.0000001192092896, 0.9999998211860657, 1.0, 1.0, 1.0, 0.9999998807907104, 0.9999998807907104, 1.0000001192092896, 1.0, 1.0000001192092896, 1.0, 1.0, 1.0, 1.0, 1.0, 1.0, 1.0, 0.9999999403953552, 1.0000001192092896, 1.0, 1.0, 1.0, 1.0, 1.0, 1.0, 0.9999998807907104, 1.0, 1.0, 1.0, 1.0, 0.9999999403953552, 0.9999998807907104, 0.9999999403953552, 1.0, 1.0, 1.0, 1.0, 1.0, 1.0000001192092896, 1.0000001192092896, 1.0, 0.9999999403953552, 1.0, 0.9999999403953552, 1.0, 0.9999999403953552, 0.9999998807907104, 0.9999999403953552, 1.0, 0.9999999403953552, 1.0, 0.9999999403953552, 0.9999998807907104, 0.9999998807907104, 0.9999998211860657, 1.0, 1.0000001192092896, 1.0000001192092896, 1.0, 1.0, 1.0, 1.0000001192092896, 0.9999998807907104, 1.0, 1.0, 1.0, 1.0000001192092896, 0.9999998807907104, 0.9999998211860657, 0.9999999403953552, 0.9999999403953552, 0.9999999403953552, 1.0, 0.9999998211860657, 0.9999998807907104, 1.0, 0.9999998807907104, 0.9999999403953552, 0.9999998807907104, 1.0, 1.0000001192092896, 1.0000001192092896, 0.9999998807907104, 1.0, 1.0, 1.0000001192092896, 1.0000001192092896, 1.0, 0.9999999403953552, 1.0, 1.0000001192092896, 1.0, 1.0, 1.0, 1.0, 0.9999998807907104, 1.0, 0.9999998807907104, 1.0, 1.0, 1.0, 0.9999999403953552, 0.9999998807907104, 0.9999998211860657, 1.0, 1.0000001192092896, 1.0, 0.9999999403953552, 1.0, 1.0000001192092896, 1.0000001192092896, 0.9999999403953552, 1.0, 0.9999999403953552, 1.0000001192092896, 1.0, 1.0, 0.9999998807907104, 1.0, 0.9999999403953552, 0.9999999403953552, 0.9999999403953552, 1.0, 1.0, 1.0, 0.9999997615814209, 0.9999998807907104, 1.0, 1.0000001192092896, 1.0, 1.0000001192092896, 0.9999999403953552, 0.9999999403953552, 1.0, 1.0, 1.0000001192092896, 0.9999999403953552, 0.9999998807907104, 1.0, 1.0, 1.0, 0.9999999403953552, 0.9999999403953552, 1.0, 0.9999999403953552, 1.0, 1.0, 0.9999999403953552, 0.9999998211860657, 0.9999999403953552, 0.9999999403953552, 0.9999999403953552, 1.0000001192092896, 1.0000001192092896, 1.0, 0.9999999403953552, 1.0000001192092896, 1.0000001192092896, 0.9999998807907104, 1.0, 1.0, 0.9999999403953552, 0.9999999403953552, 1.0, 1.0000001192092896, 0.9999999403953552, 0.9999999403953552, 1.0, 1.0, 0.9999998807907104, 0.9999999403953552, 1.0, 1.0, 1.0, 0.9999999403953552, 0.9999999403953552, 1.0000001192092896, 1.0000001192092896, 0.9999999403953552, 1.0, 1.0, 1.0, 1.0, 0.9999999403953552, 1.0, 0.9999999403953552, 0.9999998807907104, 1.0, 0.9999998807907104, 0.9999999403953552, 0.9999999403953552, 0.9999999403953552, 1.0, 0.9999998807907104, 0.9999998807907104, 1.0, 0.9999999403953552, 1.0, 0.9999997615814209, 0.9999999403953552, 1.0, 1.0, 0.9999998807907104, 0.9999998807907104, 0.9999998211860657, 1.0000001192092896, 0.9999999403953552, 1.0, 1.0, 0.9999998807907104, 1.0000001192092896, 0.9999999403953552, 0.9999998807907104, 0.9999998807907104, 0.9999999403953552, 0.9999999403953552, 1.0, 0.9999997615814209, 0.9999999403953552, 0.9999999403953552, 1.0, 0.9999998807907104, 0.9999998211860657, 1.0, 1.0, 1.0, 1.0, 0.9999998807907104, 1.0, 1.0000001192092896, 1.0, 0.9999999403953552, 1.0, 1.0, 1.0000001192092896, 0.9999999403953552, 0.9999998807907104, 0.9999999403953552, 0.9999999403953552, 0.9999999403953552, 0.9999999403953552, 1.0, 1.0000001192092896, 0.9999999403953552, 0.9999999403953552, 0.9999998807907104, 0.9999999403953552, 1.0, 1.0000001192092896, 1.0000001192092896, 1.0, 0.9999999403953552, 1.0, 1.0000001192092896, 0.9999999403953552, 1.0, 1.0, 0.9999999403953552, 0.9999999403953552, 1.0, 0.9999998211860657, 1.0, 0.9999999403953552, 1.0000001192092896, 0.9999999403953552, 0.9999999403953552, 1.0, 0.9999998807907104, 1.0, 0.9999999403953552, 0.9999998807907104, 1.0, 1.0, 1.0000001192092896, 0.9999999403953552, 0.9999998807907104, 0.9999999403953552, 1.0, 1.0, 1.0, 0.9999999403953552, 0.9999999403953552, 1.0000001192092896, 1.0, 0.9999999403953552, 0.9999998807907104, 0.9999998211860657, 1.0, 1.0, 1.0, 0.9999999403953552, 1.0, 0.9999999403953552, 0.9999999403953552, 0.9999998211860657, 1.0, 1.0, 1.0000001192092896, 1.0, 0.9999998807907104, 1.0000001192092896, 1.0000001192092896, 0.9999999403953552, 1.0000001192092896, 1.0, 0.9999999403953552, 1.0, 1.0, 1.0, 0.9999998807907104, 0.9999999403953552, 1.0, 1.0000001192092896, 0.9999998807907104, 1.0, 0.9999999403953552, 1.0000001192092896, 0.9999999403953552, 0.9999998807907104, 1.0000001192092896, 1.0000001192092896, 1.0000001192092896, 1.0000001192092896, 0.9999998807907104, 1.0, 0.9999999403953552, 1.0, 1.0, 1.0, 1.0, 1.0000001192092896, 1.0, 0.9999999403953552, 0.9999999403953552, 0.9999998807907104, 1.0, 1.0, 1.0, 1.0, 1.0, 1.0, 0.9999999403953552, 0.9999999403953552, 1.0000001192092896, 1.0000001192092896, 1.0000001192092896, 1.0, 0.9999999403953552, 0.9999999403953552, 1.0, 1.0, 1.0000001192092896, 1.0, 0.9999998807907104, 1.0, 1.0, 0.9999999403953552, 0.9999999403953552, 0.9999998807907104, 0.9999999403953552, 1.0, 0.9999999403953552, 0.9999999403953552, 0.9999999403953552, 1.0, 0.9999998807907104, 0.9999999403953552, 1.0, 1.0000001192092896, 1.0, 1.0, 1.0, 0.9999999403953552, 1.0, 1.0000001192092896, 1.0, 1.0000001192092896, 0.9999999403953552, 0.9999999403953552, 1.0, 0.9999999403953552, 0.9999998807907104, 1.0, 0.9999999403953552, 1.0, 1.0, 0.9999998807907104, 1.0, 1.0, 0.9999999403953552, 0.9999998807907104, 1.0, 1.0, 0.9999999403953552, 1.0, 1.0, 0.9999999403953552, 1.0, 1.0, 1.0000001192092896, 1.0, 0.9999997615814209, 1.0, 1.0, 0.9999999403953552, 0.9999999403953552, 0.9999999403953552, 0.9999998807907104, 1.0, 0.9999998211860657, 1.0, 0.9999999403953552, 0.9999999403953552, 0.9999997615814209, 0.9999998211860657, 0.9999999403953552, 1.0, 1.0000001192092896, 1.0, 0.9999998807907104, 1.0, 0.9999999403953552, 1.0, 1.0, 1.0, 0.9999999403953552, 1.0, 1.0, 0.9999999403953552, 1.0, 0.9999999403953552, 1.0, 0.9999999403953552, 1.0, 1.0, 0.9999998807907104, 0.9999999403953552, 0.9999998807907104, 0.9999999403953552, 1.0, 1.0000001192092896, 1.0, 1.0000001192092896, 1.0, 0.9999999403953552, 1.0, 0.9999998807907104, 1.0000001192092896, 1.0, 0.9999998807907104, 1.0, 0.9999999403953552, 0.9999999403953552, 0.9999999403953552, 1.0, 0.9999999403953552, 1.0, 0.9999997615814209, 0.9999999403953552, 1.0, 0.9999998211860657, 1.0, 0.9999998807907104, 1.0, 1.0000001192092896, 1.0, 1.0, 1.0, 0.9999999403953552, 1.0, 0.9999999403953552, 1.0, 1.0000001192092896, 0.9999998807907104, 1.0, 0.9999998211860657, 0.9999998211860657, 0.9999998211860657, 0.9999998807907104, 0.9999999403953552, 1.0, 0.9999999403953552, 0.9999999403953552, 0.9999999403953552, 1.0, 1.0, 0.9999998807907104, 1.0, 1.000000238418579, 1.0000001192092896, 1.0, 1.0, 1.0000001192092896, 1.0000001192092896, 0.9999998807907104, 1.0, 1.0000001192092896, 0.9999999403953552, 1.0, 0.9999999403953552, 1.0000001192092896, 1.0, 1.0, 1.0, 1.0, 0.9999999403953552, 1.0000001192092896, 1.0, 0.9999999403953552, 0.9999999403953552, 0.9999999403953552, 1.0, 1.0, 1.0000001192092896, 1.0, 0.9999999403953552, 0.9999998807907104, 1.0, 0.9999999403953552, 0.9999999403953552, 1.0, 0.9999999403953552, 1.0, 1.0, 0.9999999403953552, 0.9999998807907104, 0.9999999403953552, 1.0, 1.0, 1.0, 0.9999998807907104, 1.0, 0.9999998807907104, 0.9999998807907104, 0.9999998211860657, 1.0, 1.0000001192092896, 1.000000238418579, 1.0, 1.0, 1.0, 1.0, 0.9999998807907104, 1.0, 1.0, 1.0, 1.0, 1.0, 0.9999999403953552, 1.0, 1.0, 1.0, 0.9999999403953552, 1.0, 1.0, 0.9999998807907104, 1.0, 0.9999998807907104, 0.9999999403953552, 0.9999999403953552, 1.0, 1.0000001192092896, 1.0, 1.0, 0.9999999403953552, 1.0, 0.9999998807907104, 1.0000001192092896, 1.0000001192092896, 0.9999998807907104, 1.0, 0.9999998807907104, 0.9999999403953552, 1.0, 0.9999998211860657, 0.9999999403953552, 1.0, 1.0, 0.9999999403953552, 0.9999998807907104, 1.0, 0.9999999403953552, 0.9999997615814209, 1.0, 1.000000238418579, 1.0000001192092896, 1.0, 0.9999999403953552, 0.9999998807907104, 1.0000001192092896, 0.9999999403953552, 1.0, 1.0, 0.9999999403953552, 1.0, 0.9999999403953552, 0.9999999403953552, 0.9999999403953552, 1.0, 0.9999999403953552, 1.0, 0.9999999403953552, 1.0, 0.9999998211860657, 1.0, 1.0, 1.0, 1.0, 1.0000001192092896, 1.000000238418579, 1.0, 1.0, 1.0, 1.0000001192092896, 0.9999999403953552, 1.0, 1.0, 0.9999999403953552, 1.0000001192092896, 0.9999999403953552, 1.0, 0.9999999403953552, 0.9999999403953552, 1.0, 1.0, 1.0000001192092896, 1.0, 0.9999999403953552, 0.9999999403953552, 0.9999999403953552, 1.0, 1.0, 1.0000001192092896, 1.0, 0.9999998807907104, 0.9999999403953552, 0.9999999403953552, 1.0, 1.0, 1.0, 1.0000001192092896, 1.0, 0.9999999403953552, 1.0, 0.9999999403953552, 0.9999999403953552, 0.9999999403953552, 1.0, 1.0, 1.0, 1.0, 1.0, 1.0000001192092896, 0.9999999403953552, 0.9999999403953552, 0.9999998807907104, 1.0000001192092896, 1.0000001192092896, 0.9999999403953552, 1.0, 0.9999998807907104, 1.0, 0.9999999403953552, 1.0000001192092896, 1.0000001192092896, 0.9999998211860657, 1.0000001192092896, 1.0, 1.0, 1.0, 1.0, 1.0, 1.0, 0.9999998211860657, 1.000000238418579, 0.9999999403953552, 0.9999999403953552, 1.0, 1.0, 0.9999999403953552, 1.0, 0.9999999403953552, 0.9999999403953552, 1.0000001192092896, 1.0, 0.9999998807907104, 1.0, 1.0000001192092896, 1.0, 0.9999999403953552, 1.0, 0.9999999403953552, 0.9999999403953552, 0.9999999403953552, 1.0, 1.0, 1.0, 0.9999999403953552, 1.0, 1.0, 1.0, 0.9999997615814209, 0.9999999403953552, 0.9999999403953552, 1.0000001192092896, 1.0, 1.0, 1.0, 0.9999999403953552, 1.0, 1.0, 1.0, 1.0, 0.9999999403953552, 1.0, 0.9999998211860657, 0.9999998211860657, 0.9999998807907104, 1.0, 1.0, 0.9999999403953552, 0.9999999403953552, 1.0, 0.9999999403953552, 1.0, 0.9999999403953552, 1.0, 0.9999998807907104, 1.0, 1.0, 1.0, 1.0, 0.9999999403953552, 1.0000001192092896, 1.0, 1.0, 1.0, 0.9999999403953552, 0.9999999403953552, 1.0, 0.9999998807907104, 0.9999999403953552, 0.9999998807907104, 1.0000001192092896, 0.9999998807907104, 0.9999999403953552, 1.0, 0.9999998807907104, 0.9999998807907104, 0.9999998807907104, 0.9999999403953552, 1.0, 1.0000001192092896, 1.0, 1.0, 1.0, 0.9999999403953552, 0.9999999403953552, 0.9999999403953552, 1.0000001192092896, 0.9999999403953552, 0.9999999403953552, 0.9999998807907104, 1.0, 0.9999999403953552, 0.9999999403953552, 1.0, 1.0, 1.0, 0.9999998807907104, 1.0000001192092896, 1.0, 1.0, 0.9999999403953552, 1.0, 1.0, 1.0000001192092896, 1.0000001192092896, 1.0000001192092896, 0.9999998211860657, 1.0, 1.0, 0.9999998807907104, 1.0, 1.0, 1.0, 1.0000001192092896, 0.9999999403953552, 0.9999999403953552, 0.9999998807907104, 1.0000001192092896, 1.0000001192092896, 1.0, 1.0, 1.0, 1.0, 0.9999999403953552, 0.9999999403953552, 1.0, 1.0, 1.0, 1.0000001192092896, 1.0, 0.9999999403953552, 1.0, 1.0000001192092896, 1.0, 1.0000001192092896, 0.9999999403953552, 1.0, 1.0000001192092896, 1.0000001192092896, 1.0, 0.9999999403953552, 1.0, 0.9999999403953552, 0.9999999403953552, 0.9999999403953552, 1.0, 0.9999999403953552, 1.0, 0.9999999403953552, 0.9999998211860657, 1.0, 0.9999999403953552, 1.000000238418579, 1.0, 0.9999999403953552, 1.0000001192092896, 1.0, 1.0, 1.000000238418579, 1.0, 1.0, 0.9999999403953552, 0.9999999403953552, 1.0, 0.9999998807907104, 1.0, 1.0, 1.0, 0.9999999403953552, 1.0, 0.9999999403953552, 1.0, 1.0, 1.0, 1.0000001192092896, 1.0000001192092896, 1.0000001192092896, 1.0, 0.9999998211860657, 1.0, 1.0000001192092896, 0.9999999403953552, 1.0000001192092896, 1.0000001192092896, 0.9999999403953552, 1.0, 1.0, 0.9999999403953552, 0.9999999403953552, 1.0, 0.9999999403953552, 1.0, 0.9999999403953552, 1.0, 1.0, 0.9999999403953552, 0.9999998807907104, 0.9999998807907104, 0.9999999403953552, 1.0000001192092896, 0.9999999403953552, 1.0, 1.0, 1.0, 0.9999998807907104, 0.9999999403953552, 1.0, 1.0000001192092896, 0.9999999403953552, 1.0, 1.0, 0.9999999403953552, 1.0, 1.0, 0.9999999403953552, 1.0000001192092896, 0.9999998807907104, 1.0, 1.0, 1.0, 0.9999998211860657, 0.9999998807907104, 1.0000001192092896, 1.0000001192092896, 1.0, 0.9999999403953552, 1.0, 1.0000001192092896, 1.0000001192092896, 1.0, 1.0000001192092896, 1.0, 1.0, 1.0000001192092896, 1.0, 1.0, 0.9999998807907104, 0.9999998807907104, 1.0, 1.0, 1.0, 1.0, 0.9999999403953552, 0.9999998807907104, 1.0, 0.9999997615814209, 0.9999998807907104, 1.0, 0.9999999403953552, 1.0, 0.9999999403953552, 0.9999999403953552, 1.0, 0.9999999403953552, 1.0, 1.0000001192092896, 0.9999998211860657, 1.0, 0.9999998807907104, 0.9999999403953552, 1.0, 1.0, 1.0, 1.0, 0.9999999403953552, 1.0, 1.0, 1.0, 0.9999998211860657, 1.0, 1.0000001192092896, 1.0000001192092896, 1.0000001192092896, 1.0, 1.0, 1.0, 1.0, 0.9999999403953552, 0.9999999403953552, 1.0000001192092896, 0.9999999403953552, 1.0, 0.9999999403953552, 1.0, 0.9999999403953552, 0.9999999403953552, 1.0, 1.0000001192092896, 0.9999998807907104, 1.0000001192092896, 0.9999999403953552, 0.9999998807907104, 0.9999999403953552, 1.0, 1.0000001192092896, 1.0, 1.0000001192092896, 0.9999999403953552, 1.0000001192092896, 0.9999999403953552, 1.0000001192092896, 0.9999998807907104, 1.0, 1.0, 0.9999998807907104, 1.0, 0.9999999403953552, 1.0, 0.9999999403953552, 1.0, 1.0, 0.9999999403953552, 1.0, 1.0, 1.0, 1.0, 0.9999999403953552, 0.9999999403953552, 1.0, 1.0, 1.0000001192092896, 1.0, 0.9999999403953552, 1.0, 0.9999999403953552, 0.9999999403953552, 1.0000001192092896, 1.0, 1.0, 0.9999999403953552, 0.9999999403953552, 1.0, 1.0, 1.0, 1.0, 1.0000001192092896, 0.9999999403953552, 1.0, 0.9999998211860657, 0.9999999403953552, 0.9999999403953552, 0.9999998807907104, 0.9999999403953552, 1.0, 1.0000001192092896, 1.0, 1.0, 1.0, 1.0000001192092896, 1.0, 1.0, 0.9999999403953552, 0.9999999403953552, 0.9999999403953552, 1.0, 0.9999999403953552, 0.9999998211860657, 1.0, 0.9999999403953552, 0.9999999403953552, 0.9999998807907104, 0.9999999403953552, 0.9999999403953552, 1.0, 0.9999999403953552, 0.9999998807907104, 1.0, 1.0, 1.0000001192092896, 1.0, 0.9999999403953552, 1.0, 1.0, 1.0, 1.0000001192092896, 1.0, 0.9999998807907104, 1.0, 0.9999999403953552, 0.9999998807907104, 0.9999999403953552, 0.9999998807907104, 1.0, 1.0, 0.9999999403953552, 1.0, 1.0, 0.9999999403953552, 1.0, 0.9999999403953552, 1.0, 1.0000001192092896, 1.0, 1.0000001192092896, 0.9999999403953552, 0.9999999403953552, 0.9999999403953552, 0.9999999403953552, 1.0, 1.0, 0.9999998211860657, 0.9999999403953552, 0.9999999403953552, 0.9999999403953552, 0.9999999403953552, 1.0000001192092896, 1.0, 1.0, 1.0, 1.0, 1.0, 0.9999998807907104, 0.9999999403953552, 0.9999999403953552, 0.9999999403953552, 1.0000001192092896, 1.000000238418579, 1.0, 1.0, 1.0, 1.0000001192092896, 1.0, 1.0, 0.9999999403953552, 0.9999999403953552, 1.0000001192092896, 0.9999999403953552, 1.0000001192092896, 0.9999998211860657, 1.0, 0.9999998807907104, 1.0, 0.9999999403953552, 1.0, 0.9999999403953552, 0.9999999403953552, 0.9999999403953552, 1.0, 0.9999999403953552, 1.0, 1.0, 1.0000001192092896, 1.0, 1.0, 1.0, 1.0, 1.0000001192092896, 1.0, 0.9999999403953552, 1.0000001192092896, 0.9999999403953552, 1.0, 0.9999998807907104, 1.0, 1.0000001192092896, 1.0, 1.0, 1.0000001192092896, 1.0, 1.0, 1.0, 0.9999999403953552, 1.0, 1.0000001192092896, 1.0000001192092896, 0.9999999403953552, 0.9999998807907104, 0.9999999403953552, 1.0, 0.9999999403953552, 1.0, 0.9999998807907104, 0.9999999403953552, 1.0, 0.9999999403953552, 0.9999999403953552, 0.9999998807907104, 1.0, 1.0, 1.0, 0.9999999403953552, 1.0000001192092896, 0.9999998807907104, 1.0, 0.9999999403953552, 0.9999999403953552, 1.0, 1.0000001192092896, 1.0, 1.0, 1.0, 1.0, 0.9999999403953552, 1.0, 1.0000001192092896, 1.0, 0.9999999403953552, 0.9999999403953552, 0.9999999403953552, 1.0, 0.9999998807907104, 1.0, 1.0, 1.0, 1.0, 1.0, 0.9999998211860657, 0.9999999403953552, 0.9999999403953552, 0.9999998807907104, 1.0, 1.0, 1.0, 1.0, 0.9999998807907104, 1.0, 0.9999998807907104, 0.9999998807907104, 1.0, 1.0, 0.9999998807907104, 1.0000001192092896, 0.9999999403953552, 0.9999998807907104, 1.0, 0.9999999403953552, 0.9999999403953552, 1.0, 1.0, 1.0, 0.9999999403953552, 0.9999999403953552, 0.9999999403953552, 0.9999999403953552, 1.0, 1.0000001192092896, 1.0000001192092896, 1.0000001192092896, 1.0, 1.0, 1.0, 0.9999998807907104, 1.0, 1.0, 0.9999999403953552, 1.0, 0.9999999403953552, 1.0, 0.9999998807907104, 1.0, 0.9999998807907104, 0.9999999403953552, 1.0, 1.0, 1.0, 0.9999999403953552, 0.9999998807907104, 1.0, 1.0, 1.0000001192092896, 1.0000001192092896, 0.9999999403953552, 0.9999999403953552, 1.0000001192092896, 1.0, 0.9999998807907104, 1.0, 1.0000001192092896, 0.9999999403953552, 0.9999999403953552, 1.0, 1.0, 0.9999999403953552, 0.9999998211860657, 1.0, 1.0, 0.9999998807907104, 0.9999999403953552, 1.0000001192092896, 0.9999998807907104, 0.9999999403953552, 0.9999998807907104, 1.0, 0.9999999403953552, 1.0, 1.0, 0.9999998807907104, 0.9999998807907104, 0.9999999403953552, 0.9999999403953552, 1.0, 0.9999999403953552, 0.9999999403953552, 1.0000001192092896, 1.0, 1.0, 0.9999998807907104, 0.9999998807907104, 1.0, 1.0, 1.0, 1.0000001192092896, 1.0, 0.9999999403953552, 0.9999999403953552, 1.0, 0.9999999403953552, 1.0, 1.0, 1.0, 0.9999999403953552, 1.0, 0.9999999403953552, 0.9999998807907104, 1.0000001192092896, 1.0, 0.9999998807907104, 1.0000001192092896, 1.0, 1.0, 0.9999998211860657, 1.0, 1.0, 0.9999998211860657, 1.0, 1.0, 0.9999998807907104, 0.9999998211860657, 0.9999998807907104, 0.9999999403953552, 1.0, 1.0, 1.0000001192092896, 1.0, 1.0, 1.0, 1.0, 1.0, 1.0000001192092896, 1.0, 0.9999999403953552, 1.0, 1.0, 1.0, 0.9999998807907104, 1.0, 1.0000001192092896, 1.0000001192092896, 0.9999999403953552, 1.0000001192092896, 1.0, 0.9999999403953552, 1.0, 1.0, 1.0, 1.0000001192092896, 1.000000238418579, 0.9999999403953552, 1.0, 1.0, 1.0, 0.9999998807907104, 1.0, 0.9999999403953552, 0.9999999403953552, 1.0, 1.0, 0.9999999403953552, 0.9999998807907104, 1.0, 0.9999999403953552, 1.0, 0.9999998807907104, 1.0, 0.9999999403953552, 0.9999998807907104, 0.9999998807907104, 0.9999999403953552, 1.0, 1.0, 1.0, 1.0000001192092896, 1.0, 0.9999998807907104, 1.0, 1.0, 1.0000001192092896, 1.0000001192092896, 0.9999999403953552, 1.0, 0.9999999403953552, 1.0, 0.9999998807907104, 1.0, 0.9999998807907104, 1.0, 1.0000001192092896, 1.0, 1.0, 1.0000001192092896, 1.0, 0.9999999403953552, 1.0000001192092896, 1.0000001192092896, 1.0000001192092896, 1.0, 0.9999999403953552, 0.9999999403953552, 1.0, 1.0, 1.0, 1.0, 0.9999998807907104, 1.0, 0.9999998807907104, 0.9999999403953552, 0.9999999403953552, 1.0, 0.9999998807907104, 0.9999999403953552, 0.9999998807907104, 1.0, 0.9999998211860657, 0.9999999403953552, 1.0, 0.9999999403953552, 1.0, 1.0000001192092896, 1.000000238418579, 1.0000001192092896, 0.9999998807907104, 1.0, 1.000000238418579, 1.0, 1.0000001192092896, 1.0, 0.9999999403953552, 1.0000001192092896, 0.9999998807907104, 0.9999998807907104, 1.0, 0.9999998807907104, 1.0, 1.0, 0.9999999403953552, 1.0, 1.0000001192092896, 1.0, 0.9999998211860657, 1.0, 1.0000001192092896, 1.0000001192092896, 1.0000001192092896, 1.0, 0.9999998807907104, 1.0, 1.0000001192092896, 0.9999999403953552, 0.9999999403953552, 1.0, 0.9999998807907104, 1.0000001192092896, 0.9999998807907104, 0.9999998807907104]
