package_id,working_name_not_final_localisation,depth_level,tag_policy,provisional_new_tag,region_overlay,earliest_pool_layer_and_band,opening_archetype,anchor_territory_direction,compact_territory_direction,regional_ambition_or_formable_family,starting_force_archetype,government_route_pool,signature_content_direction,historical_asset_source_mode,research_readiness,sensitivity_or_boundary_note,resolved_tag,tag_resolution,automatic_pool_disposition,baseline_anchor_state_ids,baseline_anchor_state_names,reservation_group,research_status
IW-001,Scotland,Level 2,reuse_registered_tag_if_present_else_provisional_X,AAX,Northern and Western Europe,"Layer A, Calm",mature regional state,Edinburgh and central Scottish anchor,Lowlands plus defensible contiguous Scottish core,Celtic cooperation or North Atlantic compact,territorial army and coastal defense,"constitutional, labor, traditional crown, military emergency","North Atlantic shipping, crown or republic settlement, English host treaty",sourced historical flags and real leaders,resolved in research/006_package_research_resolution.csv,,SCO,reuse_registered_tag,automatic_pool_ready_if_not_living,121|120|133,Lothian | Scottish Highlands | Lanark,RG-121-120-133,high
IW-002,Wales,Level 2,reuse_registered_tag_if_present_else_provisional_X,ABX,Northern and Western Europe,"Layer A, Calm",mature regional state,Cardiff and southern Welsh anchor,Wales core with north-south communications,Celtic cooperation or British settlement,territorial infantry and mountain defense,"constitutional, labor, traditional-cultural, military emergency","language settlement, coal and rail economy, British host relationship",sourced historical symbols and real leaders,resolved in research/006_package_research_resolution.csv,,WLS,reuse_registered_tag,automatic_pool_ready_if_not_living,122,Wales,RG-122,high
IW-003,Cornwall,Level 1,reuse_registered_tag_if_present_else_provisional_X,ACX,Northern and Western Europe,"Layer C, Rising",small coastal polity,Cornish peninsula anchor,peninsula with ports and mining districts,Celtic council or Atlantic microstate league,coastal guards and mining militia,"constitutional, cultural council, labor, patron client",,"sourced historical symbols, generated route variants",resolved in research/006_package_research_resolution.csv,,ACX,reserve_new_event6_X_tag,automatic_pool_ready,123,Cornwall,RG-123,medium
IW-004,Brittany,Level 2,reuse_registered_tag_if_present_else_provisional_X,ADX,Northern and Western Europe,"Layer A or B, Calm",coastal regional state,Brittany core around Rennes or Nantes according to valid map,compact Breton peninsula,Celtic league or Atlantic federation,"coastal infantry, sailors, local guards","constitutional, traditional, labor, military, patron client","port economy, French host settlement, regional language institutions",sourced historical flags and leaders,resolved in research/006_package_research_resolution.csv,,BRI,reuse_registered_tag,automatic_pool_ready_if_not_living,14,Brittany,RG-14,high
IW-005,Flanders,Level 2,reuse_vanilla_route_overlay,AEX,Northern and Western Europe,"Layer A, Calm",industrial regional state,Brussels or Antwerp aligned Flemish anchor,Flemish industrial and port belt,Low Countries federation,industrial militia and defecting regulars,"constitutional, labor, nationalist, patron client","port and industry, Belgian settlement, Dutch and German patron pressure",sourced historical flags and leaders,resolved in research/006_package_research_resolution.csv,Vanilla BEL_flanders cosmetic overlay on BEL; non-selectable.,,reuse_vanilla_cosmetic_overlay,vanilla_route_overlay_only,6,Vlaanderen,RG-6,medium
IW-006,Wallonia,Level 2,reuse_registered_tag_if_present_else_provisional_X,AFX,Northern and Western Europe,"Layer A, Calm",industrial regional state,Walloon industrial anchor,Walloon industrial belt with viable capital,Low Countries federation or Meuse compact,industrial militia and regular defectors,"constitutional, labor, military, patron client","mines, industry, French and German influence",sourced historical flags and leaders,resolved in research/006_package_research_resolution.csv,,AFX,reserve_new_event6_X_tag,automatic_pool_ready,34,Wallonie,RG-34,medium
IW-007,Frisia,Level 1,reuse_registered_tag_if_present_else_provisional_X,AGX,Northern and Western Europe,"Layer C, Rising",coastal cultural state,Frisian coast anchor,contiguous Frisian districts that do not erase hosts,North Sea coastal league,coastal guards and light infantry,"constitutional, cultural council, labor, patron client",,"sourced regional symbols, generated route variants",resolved in research/006_package_research_resolution.csv,,AGX,reserve_new_event6_X_tag,automatic_pool_ready_if_unique_state_exists,36,Friesland,RG-36,medium
IW-008,Rhineland,Level 2,reuse_registered_tag_if_present_else_provisional_X,AHX,Northern and Western Europe,"Layer B, Gathering",industrial buffer state,Rhine urban-industrial anchor,contiguous western Rhine belt that preserves German host,Rhine federation or neutral corridor,defecting regulars and industrial guards,"constitutional, labor, military, patron client","neutrality, river administration, great-power guarantees","mostly generated alternate flags, sourced regional symbols",resolved in research/006_package_research_resolution.csv,,RHI,reuse_registered_tag,automatic_pool_ready_if_not_living,51,Rhineland,RG-RHINE-SAAR,high
IW-009,Bavaria,Level 2,reuse_registered_tag_if_present_else_provisional_X,AIX,Northern and Western Europe,"Layer A or B, Calm",mature regional state,Munich and Bavarian core,compact Bavarian territory preserving German host,South German federation or restored kingdom,defecting regulars and mountain units,"constitutional, traditional crown, labor, military","monarchy or republic, Alpine defense, German settlement",sourced historical flags and leaders,resolved in research/006_package_research_resolution.csv,,BAY,reuse_registered_tag,automatic_pool_ready_if_not_living,52|53|54,Oberbayern | Niederbayern | Franken,RG-52-53-54,high
IW-010,Saar,Level 1,reuse_registered_tag_if_present_else_provisional_X,AJX,Northern and Western Europe,"Layer C, Rising",small industrial state,Saar industrial anchor,single or compact industrial package,Rhine compact,industrial guards and foreign-backed security,"constitutional, labor, patron client, neutral commission",,sourced interwar symbols where attested,resolved in research/006_package_research_resolution.csv,,AJX,reserve_new_event6_X_tag,automatic_pool_ready_if_unique_state_exists,42,"Moselland, used only as a Saar compact if a unique host remnant remains",RG-RHINE-SAAR,medium
IW-011,Faroe Islands,Level 1,reuse_registered_tag_if_present_else_provisional_X,AKX,Northern and Western Europe,"Layer C, Rising",island microstate,Faroe island state,anchor only or island group,North Atlantic compact,coastal guards and patrol craft,"constitutional, traditional-cultural, patron client",,sourced historical symbols and generated route variants,resolved in research/006_package_research_resolution.csv,,AKX,reserve_new_event6_X_tag,scenario_variant_only,,No unique Faroe state in the public 763-state baseline,RG-FAROE-ISLANDS,resolved_by_restriction
IW-012,Icelandic emergency republic,Level 1,reuse_registered_tag_if_present_else_provisional_X,ALX,Northern and Western Europe,"Layer B, Gathering",island state,Iceland anchor,full island if host survives elsewhere,North Atlantic compact,"coastal guards, patrol craft, foreign volunteers","constitutional, neutral, patron client, military emergency",,preserve existing base identity if registered,resolved in research/006_package_research_resolution.csv,,ICE,reuse_registered_tag,automatic_pool_ready_if_not_living,100,Iceland,RG-100,high
IW-013,Basque Country,Level 2,reuse_registered_tag_if_present_else_provisional_X,AMX,Mediterranean and Iberia,"Layer A or B, Calm",industrial mountain state,Bilbao and Basque anchor,Basque core on available map,Basque federation or Pyrenean compact,mountain infantry and industrial militia,"constitutional, labor, nationalist, traditional, patron client","language, industry, fueros, Spanish and French host relations",sourced historical flags and leaders,resolved in research/006_package_research_resolution.csv,,NAV,reuse_registered_tag,automatic_pool_ready_if_unique_state_exists,172,"Navarre, used as the compact Basque anchor in the baseline",RG-172,medium
IW-014,Catalonia,Level 2,reuse_registered_tag_if_present_else_provisional_X,ANX,Mediterranean and Iberia,"Layer A, Calm",industrial coastal state,Barcelona and Catalan anchor,Catalan core with ports and industry,Mediterranean republic league or Iberian federation,"industrial militia, coastal defense, regular defectors","constitutional, labor, nationalist, military, patron client","industry, port, assembly, Iberian settlement",sourced historical flags and leaders,resolved in research/006_package_research_resolution.csv,,CAT,reuse_registered_tag,automatic_pool_ready_if_not_living,165,Catalonia,RG-165,high
IW-015,Galicia,Level 1,reuse_registered_tag_if_present_else_provisional_X,AOX,Mediterranean and Iberia,"Layer B, Gathering",agrarian coastal regional state,Galician anchor around Santiago or A Coruna,Galician compact territory,Atlantic Iberian compact,territorial infantry and coastal guards,"constitutional, agrarian, cultural, traditional, patron client",,sourced regional symbols and leaders,resolved in research/006_package_research_resolution.csv,,GLC,reuse_registered_tag,automatic_pool_ready_if_not_living,171,Galicia,RG-171,high
IW-016,Occitania,Level 1,reuse_registered_tag_if_present_else_provisional_X,APX,Mediterranean and Iberia,"Layer C, Rising",broad cultural regional state,southern French anchor with unique capital,"limited contiguous Occitan core, not maximal language map",Mediterranean federation,territorial infantry and urban militia,"constitutional, cultural federalist, labor, military",,generated alternate flag based on sourced motifs,resolved in research/006_package_research_resolution.csv,,OCC,reuse_registered_tag,automatic_pool_ready_if_unique_state_exists,22,"Languedoc, used as the compact Occitan anchor",RG-22,medium
IW-017,Corsica,Level 1,reuse_registered_tag_if_present_else_provisional_X,AQX,Mediterranean and Iberia,"Layer A or B, Calm",island state,Corsica island,full island,Mediterranean island league,mountain and coastal infantry,"constitutional, traditional, nationalist, patron client",,sourced historical flags and leaders,resolved in research/006_package_research_resolution.csv,,COR,reuse_registered_tag,automatic_pool_ready_if_not_living,1,Corsica,RG-1,high
IW-018,Sardinia,Level 1,reuse_registered_tag_if_present_else_provisional_X,ARX,Mediterranean and Iberia,"Layer B, Gathering",island state,Sardinia island,full island,Mediterranean island league or Sardinia-Corsica union,coastal guards and mountain infantry,"constitutional, traditional crown, labor, military",,"sourced historical symbols, generated route flags",resolved in research/006_package_research_resolution.csv,,ARX,reserve_new_event6_X_tag,automatic_pool_ready,114,Sardinia,RG-114,medium
IW-019,Sicily,Level 2,reuse_registered_tag_if_present_else_provisional_X,ASX,Mediterranean and Iberia,"Layer B, Gathering",large island state,Palermo and Sicily,full island,Two Sicilies restoration or Mediterranean republic league,"coastal infantry, regular defectors, port defense","constitutional, traditional crown, labor, military, patron client","island administration, southern Italian identity, host settlement",sourced historical flags and leaders,resolved in research/006_package_research_resolution.csv,,ASX,reserve_new_event6_X_tag,automatic_pool_ready,115,Sicily,RG-115,medium
IW-020,Venice,Level 2,reuse_registered_tag_if_present_else_provisional_X,ATX,Mediterranean and Iberia,"Layer C, Rising",urban-maritime restoration,Venice lagoon anchor,Veneto coastal compact if available,Adriatic league or Venetian restoration,"naval militia, coastal guards, urban units","republican oligarchic, constitutional, labor, military","maritime republic institutions, Adriatic trade, Italian host relation","sourced historical symbols, generated modern variants",resolved in research/006_package_research_resolution.csv,,ATX,reserve_new_event6_X_tag,high_chaos_only,160,Veneto,RG-160,medium
IW-021,Trieste Free State,Level 1,reuse_registered_tag_if_present_else_provisional_X,ICX,Mediterranean and Iberia,"Layer C, Rising",port microstate,Trieste port anchor,port and immediate hinterland only,Adriatic free cities compact,port guards and foreign-backed security,"international commission, constitutional, labor, patron client",,sourced historical flags where attested,resolved in research/006_package_research_resolution.csv,,ICX,reserve_new_event6_X_tag,automatic_pool_ready_if_unique_state_exists,736,"Istria, with Trieste as the required capital location",RG-ADRIATIC-TRIESTE-DALMATIA,medium
IW-022,Dalmatia,Level 1,reuse_vanilla_route_overlay,AVX,Mediterranean and Iberia,"Layer C, Rising",coastal regional state,Dalmatian coastal anchor,contiguous coastal districts and islands where map permits,Adriatic federation,coastal infantry and sailors,"constitutional, regionalist, labor, military, patron client",,"sourced regional symbols, generated route variants",resolved in research/006_package_research_resolution.csv,Vanilla CRO-origin dalmatia dynamic-country overlay; non-selectable.,,reuse_vanilla_dynamic_country_overlay,vanilla_route_overlay_only,103|163,Dalmatia | Zara,RG-ADRIATIC-TRIESTE-DALMATIA,medium
IW-023,Transylvania,Level 2,reuse_registered_tag_if_present_else_provisional_X,AWX,Balkans and Danube,"Layer A or B, Calm",mountain multiethnic state,central Transylvanian anchor,compact Transylvanian territory,Danubian confederation,mountain infantry and defecting regulars,"constitutional federal, traditional, labor, military, patron client","multiethnic federal design, host border settlement, mountain defense",sourced historical symbols and leaders,resolved in research/006_package_research_resolution.csv,,TRA,reuse_registered_tag,automatic_pool_ready_if_not_living,84|76,Transylvania | North Transylvania,RG-DANUBE-BORDERLAND,high
IW-024,Banat,Level 1,reuse_registered_tag_if_present_else_provisional_X,AXX,Balkans and Danube,"Layer C, Rising",multiethnic border state,Banat anchor,compact Banat territory,Danubian confederation,border guards and industrial militia,"constitutional federal, labor, military, international commission",,generated federal symbols based on sourced regional motifs,resolved in research/006_package_research_resolution.csv,,AXX,reserve_new_event6_X_tag,automatic_pool_ready_if_unique_state_exists,82,Banat,RG-DANUBE-BORDERLAND,medium
IW-025,Vojvodina,Level 1,reuse_vanilla_route_overlay,AYX,Balkans and Danube,"Layer B, Gathering",agrarian border state,Vojvodina anchor,compact northern Serbian plain,Danubian confederation,border infantry and cavalry,"constitutional federal, agrarian, labor, military",,"sourced regional symbols, generated route flags",resolved in research/006_package_research_resolution.csv,Vanilla HUN-origin vojvodina dynamic-country overlay; non-selectable.,,reuse_vanilla_dynamic_country_overlay,vanilla_route_overlay_only,45,Vojvodina,RG-DANUBE-BORDERLAND,medium
IW-026,Macedonia,Level 2,reuse_registered_tag_if_present_else_provisional_X,AZX,Balkans and Danube,"Layer A or B, Calm",mountain regional state,Macedonian anchor,compact Macedonia avoiding host deletion,Balkan federation,mountain infantry and veteran networks,"constitutional, agrarian, socialist, military, patron client","competing host claims, language and identity, Balkan league",sourced historical flags and leaders,resolved in research/006_package_research_resolution.csv,,MAC,reuse_registered_tag,automatic_pool_ready_if_not_living,106,Macedonia,RG-106,high
IW-027,Thrace,Level 1,reuse_registered_tag_if_present_else_provisional_X,BAX,Balkans and Danube,"Layer C, Rising",border and corridor state,Thracian anchor with viable capital,compact corridor that preserves hosts,Balkan or Aegean federation,border guards and cavalry,"constitutional federal, military, patron client, traditional",,generated alternate flags based on regional motifs,resolved in research/006_package_research_resolution.csv,,BAX,reserve_new_event6_X_tag,automatic_pool_ready_if_unique_state_exists,184,Thrace,RG-184,medium
IW-028,Epirus,Level 1,reuse_registered_tag_if_present_else_provisional_X,BBX,Balkans and Danube,"Layer C, Rising",mountain regional state,Epirus anchor,compact mountain and coastal package,Balkan federation or regional republic,mountain infantry,"constitutional, traditional, military, patron client",,sourced regional symbols,resolved in research/006_package_research_resolution.csv,,BBX,reserve_new_event6_X_tag,automatic_pool_ready_if_unique_state_exists,185,Epirus,RG-185,medium
IW-029,Bosnia,Level 2,reuse_registered_tag_if_present_else_provisional_X,BCX,Balkans and Danube,"Layer A, Calm",multiethnic mountain state,Sarajevo and Bosnian core,Bosnian core,Balkan federation or Danubian confederation,mountain infantry and regular defectors,"constitutional federal, socialist, traditional-religious, military","multiethnic settlement, Sarajevo administration, Yugoslav host relation",sourced historical flags and leaders,resolved in research/006_package_research_resolution.csv,,BOS,reuse_registered_tag,automatic_pool_ready_if_not_living,104,Bosnia,RG-104,high
IW-030,Montenegro,Level 1,reuse_registered_tag_if_present_else_provisional_X,BDX,Balkans and Danube,"Layer A, Calm",small mountain state,Cetinje or Podgorica anchor,Montenegrin core,Balkan federation or restored kingdom,mountain infantry and traditional guards,"constitutional, traditional crown, military, socialist",,sourced historical flags and leaders,resolved in research/006_package_research_resolution.csv,,MNT,reuse_registered_tag,automatic_pool_ready_if_not_living,105,Montenegro,RG-105,high
IW-031,Kosovo,Level 1,reuse_registered_tag_if_present_else_provisional_X,BEX,Balkans and Danube,"Layer B, Gathering",regional state,Kosovo anchor,compact Kosovo territory,Balkan federation,mountain infantry and local guards,"constitutional, agrarian, socialist, military, patron client",,"sourced regional symbols, careful leader research",resolved in research/006_package_research_resolution.csv,,KOS,reuse_registered_tag,automatic_pool_ready_if_unique_state_exists,,"Kosovo has no unique state in the public 763-state baseline, use a current-map Kosovo state only",RG-DANUBE-BORDERLAND,medium
IW-032,Slavonia,Level 1,reuse_registered_tag_if_present_else_provisional_X,BFX,Balkans and Danube,"Layer C, Rising",agrarian river state,Slavonian anchor,compact Drava-Sava package,Danubian confederation,border infantry and river guards,"constitutional federal, agrarian, military, patron client",,generated route flags based on sourced motifs,resolved in research/006_package_research_resolution.csv,,BFX,reserve_new_event6_X_tag,automatic_pool_ready_if_unique_state_exists,109,"Croatia, with a Slavonia substate required before automatic use",RG-DANUBE-BORDERLAND,medium
IW-033,Karelia,Level 2,reuse_registered_tag_if_present_else_provisional_X,BGX,Eastern Europe and western former imperial Russia,"Layer A or B, Calm",forest border state,Karelian anchor,compact Karelian core,Baltic-Finnic federation,forest infantry and ski troops,"constitutional, socialist, cultural, military, patron client","Finnish and Soviet host relations, forest logistics",sourced historical flags and leaders,resolved in research/006_package_research_resolution.csv,,KAR,reuse_registered_tag,automatic_pool_ready_if_not_living,146,Karjala,RG-146,high
IW-034,Ingria,Level 1,reuse_registered_tag_if_present_else_provisional_X,BHX,Eastern Europe and western former imperial Russia,"Layer C, Rising",small border cultural state,Ingria anchor around available regional capital,limited compact territory,Baltic-Finnic federation,local guards and defecting units,"constitutional, cultural council, socialist, patron client",,"sourced regional symbols, generated route flags",resolved in research/006_package_research_resolution.csv,,BHX,reserve_new_event6_X_tag,formable_or_route_only,195,"Leningrad, which is protected as a host capital in normal play",RG-BALTIC-LIVONIA,resolved_by_restriction
IW-035,Livonia,Level 1,reuse_vanilla_route_overlay,BIX,Eastern Europe and western former imperial Russia,"Layer C, Rising",historical regional restoration,Latvian-Estonian border anchor,compact historical core only,Baltic federation,territorial infantry and port guards,"constitutional federal, traditional restoration, military",,"sourced historical symbols, generated modern flag",resolved in research/006_package_research_resolution.csv,Vanilla LIVONIA cosmetic overlay on LIT; non-selectable and distinct from UBD.,,reuse_vanilla_cosmetic_overlay,vanilla_route_overlay_only,12|191,"Vidzeme | Tartu, used only for a negotiated Livonian formable",RG-BALTIC-LIVONIA,resolved_by_restriction
IW-036,Courland,Level 1,reuse_registered_tag_if_present_else_provisional_X,BJX,Eastern Europe and western former imperial Russia,"Layer C, Rising",historical regional state,Courland anchor,compact western Latvian territory,Baltic federation or duchy route,coastal guards and territorial infantry,"constitutional, traditional duchy, military, patron client",,sourced historical flags and symbols,resolved in research/006_package_research_resolution.csv,,BJX,reserve_new_event6_X_tag,automatic_pool_ready_if_unique_state_exists,190,Kurzeme,RG-BALTIC-LIVONIA,medium
IW-037,Polesia,Level 1,reuse_registered_tag_if_present_else_provisional_X,BKX,Eastern Europe and western former imperial Russia,"Layer D, Chaos",marsh regional polity,Polesian anchor,limited marshland package,borderland federation,light infantry and local guides,"regional council, agrarian, socialist, military",,generated identity based on sourced local motifs,resolved in research/006_package_research_resolution.csv,,BKX,reserve_new_event6_X_tag,automatic_pool_ready_if_unique_state_exists,94,Polesie,RG-94,medium
IW-038,Ruthenia,Level 2,reuse_registered_tag_if_present_else_provisional_X,BLX,Eastern Europe and western former imperial Russia,"Layer B, Gathering",mountain-border regional state,Carpathian Ruthenian anchor,compact Carpathian territory,Danubian or Ruthenian federation,mountain infantry and border guards,"constitutional, agrarian, traditional-religious, patron client",Carpathian autonomy and multi-host diplomacy,sourced historical flags and leaders,resolved in research/006_package_research_resolution.csv,Vanilla RUT reuse; Event 006 content and CZE compatibility require the IW-038 origin.,RUT,reuse_registered_tag,automatic_pool_ready_if_unique_state_exists,73,Carpathian Ruthenia,RG-73,medium
IW-039,Cossack Don,Level 2,reuse_registered_tag_if_present_else_provisional_X,BMX,Eastern Europe and western former imperial Russia,"Layer C, Rising",frontier military polity,Don Cossack anchor,compact Don territory preserving host,Cossack host federation,cavalry and defecting regulars,"host council, military, constitutional, traditional","host assembly, cavalry, Russian host relation",sourced historical symbols and leaders,resolved in research/006_package_research_resolution.csv,,DON,reuse_registered_tag,automatic_pool_ready_if_not_living,245|238,Millerovo | Volgodonsk,RG-DON-KUBAN,high
IW-040,Kuban Cossack Host,Level 2,reuse_registered_tag_if_present_else_provisional_X,BNX,Eastern Europe and western former imperial Russia,"Layer C, Rising",frontier military polity,Kuban anchor,compact Kuban territory,Cossack host federation,cavalry and frontier infantry,"host council, military, constitutional, traditional",Black Sea and Caucasus links,sourced historical symbols and leaders,resolved in research/006_package_research_resolution.csv,,KUB,reuse_registered_tag,automatic_pool_ready_if_not_living,234,Krasnodar,RG-DON-KUBAN,high
IW-041,Crimean Tatar state,Level 2,reuse_registered_tag_if_present_else_provisional_X,BOX,Eastern Europe and western former imperial Russia,"Layer B, Gathering",peninsular national state,Crimean anchor,Crimean peninsula if host survives elsewhere,Black Sea federation or Crimean restoration,"cavalry, coastal guards, defecting units","constitutional, traditional, socialist, military, patron client","return, land, maritime trade, host relations",sourced historical flags and leaders,resolved in research/006_package_research_resolution.csv,,CRI,reuse_registered_tag,automatic_pool_ready_if_not_living,137,Crimea,RG-137,high
IW-042,Galicia-Lodomeria,Level 1,reuse_registered_tag_if_present_else_provisional_X,BPX,Eastern Europe and western former imperial Russia,"Layer C, Rising",historical borderland restoration,Lviv-centered anchor,limited eastern Galician package,Danubian or Ruthenian federation,territorial infantry and defecting regulars,"constitutional federal, traditional crown, socialist, military",,"sourced historical symbols, generated modern variants",resolved in research/006_package_research_resolution.csv,Vanilla GAL reuse; Event 006 content requires the IW-042 origin.,GAL,reuse_registered_tag,high_chaos_only,91|89,Lwow | Stanislawow,RG-91-89,medium
IW-043,Volga Bulgaria,Level 3,reuse_registered_tag_if_present_else_provisional_X,BQX,"Volga, Urals, Siberia, and Far East","Layer C, Rising",historical river restoration,Middle Volga anchor around Bolghar-Kazan direction without taking protected capital,compact middle Volga river package,Volga-Ural federation or Idel-Ural,"river guards, cavalry, defecting units","traditional restoration, federal republic, religious, socialist, military","restoration versus modern federation, river trade, multiethnic settlement, Event 5 separation","sourced historical symbols, generated modern flags, real or fictional leaders as researched",resolved in research/006_package_research_resolution.csv,"Vanilla CHU Neo Volga-Bulgaria reuse; IW-043 and IW-046 need mutually exclusive package origins and Idel-Ural compatibility.",CHU,reuse_registered_tag,high_chaos_only,249|256,Kazan | Cheboksary,RG-MIDDLE-VOLGA-KAZAN,high
IW-044,Tatarstan,Level 2,reuse_registered_tag_if_present_else_provisional_X,BRX,"Volga, Urals, Siberia, and Far East","Layer A or B, Calm",federal republic,Kazan and Tatar core if available,compact Tatarstan package,Volga-Ural federation or Idel-Ural,defecting regulars and river infantry,"constitutional, socialist, religious, military, patron client",modern republic institutions and Volga politics,reuse registered assets if present,resolved in research/006_package_research_resolution.csv,,TAT,reuse_registered_tag,automatic_pool_ready_if_not_living,249,Kazan,RG-MIDDLE-VOLGA-KAZAN,high
IW-045,Bashkiria,Level 2,reuse_registered_tag_if_present_else_provisional_X,BSX,"Volga, Urals, Siberia, and Far East","Layer A or B, Calm",federal republic,Ufa and Bashkir core,compact Bashkir package,Volga-Ural federation,"cavalry, frontier infantry, defecting units","constitutional, socialist, traditional, military, patron client","oil, mountains, federal settlement",reuse registered assets if present,resolved in research/006_package_research_resolution.csv,,BSK,reuse_registered_tag,automatic_pool_ready_if_not_living,651,Ufa,RG-651,high
IW-046,Chuvashia,Level 1,reuse_registered_tag_if_present_else_provisional_X,BTX,"Volga, Urals, Siberia, and Far East","Layer B, Gathering",federal republic,Chuvash anchor,compact Chuvash package,Volga federation,river infantry and local guards,"constitutional, socialist, cultural, patron client",,sourced regional symbols or registered assets,resolved in research/006_package_research_resolution.csv,,CHU,reuse_registered_tag,automatic_pool_ready_if_not_living,256,Cheboksary,RG-MIDDLE-VOLGA-KAZAN,high
IW-047,Mari El,Level 1,reuse_registered_tag_if_present_else_provisional_X,BUX,"Volga, Urals, Siberia, and Far East","Layer B, Gathering",forest republic,Mari anchor,compact Mari package,Volga-Finnic federation,forest infantry and local guards,"constitutional, socialist, cultural-traditional, patron client",,sourced regional symbols or registered assets,resolved in research/006_package_research_resolution.csv,,MEL,reuse_registered_tag,automatic_pool_ready_if_unique_state_exists,256,"Cheboksary, only if a distinct Mari substate exists in the installed map",RG-MIDDLE-VOLGA-KAZAN,medium
IW-048,Udmurtia,Level 1,reuse_registered_tag_if_present_else_provisional_X,BVX,"Volga, Urals, Siberia, and Far East","Layer B, Gathering",industrial-forest republic,Udmurt anchor,compact Udmurt package,Volga-Finnic federation,industrial guards and forest infantry,"constitutional, socialist, cultural, military",,sourced regional symbols or registered assets,resolved in research/006_package_research_resolution.csv,,UDM,reuse_registered_tag,automatic_pool_ready_if_not_living,399,Izhevsk,RG-399,high
IW-049,Mordovia,Level 1,reuse_registered_tag_if_present_else_provisional_X,BWX,"Volga, Urals, Siberia, and Far East","Layer B, Gathering",forest-agrarian republic,Mordvin anchor,compact package,Volga-Finnic federation,local infantry and guards,"constitutional, socialist, cultural, patron client",,sourced regional symbols,resolved in research/006_package_research_resolution.csv,,BWX,reserve_new_event6_X_tag,automatic_pool_ready_if_unique_state_exists,,"Mordovia or Penza map group, current-map split required",RG-MORDOVIA,medium
IW-050,Komi,Level 1,reuse_registered_tag_if_present_else_provisional_X,BXX,"Volga, Urals, Siberia, and Far East","Layer B, Gathering",northern republic,Komi anchor,compact northern package,Northern Ural federation,forest and cold-weather infantry,"constitutional, socialist, cultural, patron client",,sourced regional symbols,resolved in research/006_package_research_resolution.csv,,KOM,reuse_registered_tag,automatic_pool_ready_if_not_living,397,Syktyvkar,RG-397,high
IW-051,Sakha,Level 2,reuse_registered_tag_if_present_else_provisional_X,BYX,"Volga, Urals, Siberia, and Far East","Layer B, Gathering",vast frontier republic,Yakutsk and Sakha anchor,limited river-centered compact package,Siberian federation,"cold-weather infantry, cavalry, river guards","constitutional, socialist, traditional-cultural, military, patron client","distance, river transport, extraction, local institutions",sourced regional symbols and leaders,resolved in research/006_package_research_resolution.csv,,YAK,reuse_registered_tag,automatic_pool_ready_if_not_living,574,Yakutsk,RG-574,high
IW-052,Buryatia,Level 2,reuse_registered_tag_if_present_else_provisional_X,BZX,"Volga, Urals, Siberia, and Far East","Layer B, Gathering",frontier republic,Buryat anchor,compact Transbaikal package,Siberian or Mongolic federation,"cavalry, mountain and frontier units","constitutional, socialist, traditional-religious, military, patron client","Buddhist and regional institutions, Mongolia relations",sourced historical symbols and leaders,resolved in research/006_package_research_resolution.csv,,BYA,reuse_registered_tag,automatic_pool_ready_if_not_living,564,Ulan Ude,RG-564,high
IW-053,Altai,Level 1,reuse_registered_tag_if_present_else_provisional_X,CAX,"Volga, Urals, Siberia, and Far East","Layer C, Rising",mountain regional state,Altai anchor,compact mountain package,Siberian federation,mountain cavalry and local guards,"regional council, traditional, socialist, patron client",,sourced regional symbols,resolved in research/006_package_research_resolution.csv,,ALT,reuse_registered_tag,automatic_pool_ready_if_not_living,654|40,Gorno-Altaysk | Barnaul,RG-654-40,high
IW-054,Khakassia,Level 1,reuse_registered_tag_if_present_else_provisional_X,CBX,"Volga, Urals, Siberia, and Far East","Layer C, Rising",steppe regional state,Khakass anchor,compact steppe package,Siberian federation,cavalry and local guards,"regional council, socialist, traditional, patron client",,sourced regional symbols,resolved in research/006_package_research_resolution.csv,,KHA,reuse_registered_tag,automatic_pool_ready_if_unique_state_exists,,"Khakass or Minusinsk map group, current-map state required",RG-KHAKASSIA,medium
IW-055,Nenets state,Level 1,reuse_registered_tag_if_present_else_provisional_X,CCX,"Volga, Urals, Siberia, and Far East","Layer D, Chaos",dispersed northern polity,unique Arctic anchor with viable capital,"small corridor package, not full range",Northern indigenous confederation,light frontier guards and scouts,"regional council, cooperative, patron client, high-chaos confederation",,sourced cultural symbols only after research,resolved in research/006_package_research_resolution.csv,,NEN,reuse_registered_tag,specific_community_variant_only,579,"Salekhard, used only when a distinct Nenets or Yamalo-Nenets package exists",RG-579,resolved_by_restriction
IW-056,Evenk state,Level 1,reuse_registered_tag_if_present_else_provisional_X,CDX,"Volga, Urals, Siberia, and Far East","Layer D, Chaos",dispersed Siberian polity,unique river or settlement anchor,small viable package,Siberian indigenous confederation,frontier scouts and local guards,"regional council, cooperative, patron client, high-chaos confederation",,sourced cultural symbols only after research,resolved in research/006_package_research_resolution.csv,,EVE,reuse_registered_tag,specific_community_variant_only,,"Evenkia river-settlement map group, current-map state required",RG-EVENK-STATE,resolved_by_restriction
IW-057,Far Eastern Republic,Level 2,reuse_registered_tag_if_present_else_provisional_X,CEX,"Volga, Urals, Siberia, and Far East","Layer C, Rising",railway and port republic,Vladivostok or Khabarovsk direction if host survives,compact Far Eastern corridor,Far Eastern federation,"defecting regulars, railway troops, coastal guards","constitutional, socialist, military, patron client","railway, ports, Japanese and American patron pressure",sourced historical flags and leaders,resolved in research/006_package_research_resolution.csv,,FER,reuse_registered_tag,automatic_pool_ready_if_not_living,408|409,Vladivostok | Khabarovsk,RG-408-409,high
IW-058,Assyria,Level 3,reuse_registered_tag_if_present_else_provisional_X,CFX,"Caucasus, Anatolia, and Mesopotamia","Layer C, Rising",minority national state,northern Mesopotamian anchor with viable capital,"compact Assyrian homeland direction, not maximal diaspora map",Mesopotamian federation or Assyrian regional state,"mountain infantry, local guards, foreign volunteers","constitutional, community council, traditional-religious, military, patron client","dispersed community survival, church and secular leadership, guarantees, Mesopotamian route","sourced historical symbols and real leaders where available, generated council portraits",resolved in research/006_package_research_resolution.csv,"high sensitivity, avoid conflating Assyrian, Chaldean, Aramean, and Syriac identities",ASY,reuse_registered_tag,high_chaos_only,676,Mosul,RG-NORTHERN-MESOPOTAMIA,high
IW-059,Mesopotamia,Level 3,reuse_vanilla_route_overlay,CGX,"Caucasus, Anatolia, and Mesopotamia","Layer C, Rising",river federation,Baghdad or central river anchor,Tigris-Euphrates core preserving hosts,Mesopotamian federation or Fertile Crescent,"river guards, regular defectors, tribal and urban units","constitutional federal, monarchical, socialist, military, patron client","river administration, federal balance, mandate pressure, multi-community government",mixed sourced and generated assets,resolved in research/006_package_research_resolution.csv,"Vanilla neo_mesopotamia formable overlay; preserve its cores and formed flag and do not set only the cosmetic.",,reuse_vanilla_formable_overlay,vanilla_route_overlay_only,291,Baghdad,RG-LEVANT-MESOPOTAMIA-COARSE,high
IW-060,Kurdistan,Level 2,reuse_registered_tag_if_present_else_provisional_X,CHX,"Caucasus, Anatolia, and Mesopotamia","Layer A or B, Gathering",mountain national state,unique Kurdish anchor,compact contiguous mountain package,Kurdish federation or Mesopotamian compact,mountain infantry and tribal or regular forces,"constitutional, tribal-federal, socialist, military, patron client","cross-host claims, autonomy, patron rivalry",sourced historical flags and leaders,resolved in research/006_package_research_resolution.csv,,KUR,reuse_registered_tag,automatic_pool_ready_if_not_living,421,Kurdistan,RG-NORTHERN-MESOPOTAMIA,high
IW-061,Luristan,Level 1,reuse_registered_tag_if_present_else_provisional_X,CIX,"Caucasus, Anatolia, and Mesopotamia","Layer C, Rising",mountain regional state,Luristan anchor,compact mountain package,Iranian regional federation,mountain infantry and local levies,"regional council, traditional, constitutional, military",,sourced regional symbols after research,resolved in research/006_package_research_resolution.csv,,CIX,reserve_new_event6_X_tag,automatic_pool_ready_if_unique_state_exists,,"Luristan map group, current-map state required",RG-LURISTAN,medium
IW-062,Khuzestan or Arabistan,Level 1,reuse_registered_tag_if_present_else_provisional_X,CJX,"Caucasus, Anatolia, and Mesopotamia","Layer C, Rising",oil and river regional state,Khuzestan anchor,compact oil and river package,Mesopotamian or Gulf federation,"river guards, industrial militia, local units","constitutional federal, tribal, labor, military, patron client",,"sourced regional symbols, generated route flags",resolved in research/006_package_research_resolution.csv,,CJX,reserve_new_event6_X_tag,automatic_pool_ready_if_unique_state_exists,413,Khuzestan,RG-413,medium
IW-063,Bakhtiari,Level 1,reuse_registered_tag_if_present_else_provisional_X,CKX,"Caucasus, Anatolia, and Mesopotamia","Layer C, Rising",tribal-mountain polity,Bakhtiari anchor,compact mountain package,Iranian regional federation,mountain and mobile tribal forces,"confederated traditional, constitutional, military, patron client",,sourced historical symbols and leader research,resolved in research/006_package_research_resolution.csv,,CKX,reserve_new_event6_X_tag,automatic_pool_ready_if_unique_state_exists,,"Bakhtiari highland map group, current-map state required",RG-BAKHTIARI,medium
IW-064,Circassia,Level 2,reuse_registered_tag_if_present_else_provisional_X,CLX,"Caucasus, Anatolia, and Mesopotamia","Layer B, Gathering",mountain and diaspora national state,northwest Caucasus anchor,compact Circassian core,North Caucasian federation,mountain infantry and cavalry,"constitutional, traditional, military, socialist, patron client","diaspora and homeland, mountain defense, federation",sourced historical flags and leaders,resolved in research/006_package_research_resolution.csv,,CLX,reserve_new_event6_X_tag,high_chaos_only,234,"Krasnodar, only with a distinct northwest Caucasus split",RG-234,medium
IW-065,Chechnya,Level 2,reuse_registered_tag_if_present_else_provisional_X,CMX,"Caucasus, Anatolia, and Mesopotamia","Layer B, Gathering",mountain national state,Chechen anchor,compact Chechen package,North Caucasian federation,mountain infantry and local guards,"constitutional, traditional-religious, socialist, military","clan and national institutions, host war risk",sourced historical symbols and leaders,resolved in research/006_package_research_resolution.csv,,CIN,reuse_registered_tag,automatic_pool_ready_if_unique_state_exists,232,Grozny,RG-232,medium
IW-066,Dagestan,Level 2,reuse_registered_tag_if_present_else_provisional_X,CNX,"Caucasus, Anatolia, and Mesopotamia","Layer B, Gathering",multiethnic mountain federation,Dagestan anchor,compact Dagestan package,North Caucasian federation,mountain infantry and local guards,"federal council, religious, socialist, military, patron client",multiethnic federation and religious institutions,sourced regional symbols and leaders,resolved in research/006_package_research_resolution.csv,,DAG,reuse_registered_tag,automatic_pool_ready_if_unique_state_exists,,"Dagestan map group, current-map state required",RG-DAGESTAN,medium
IW-067,Lazistan,Level 1,reuse_registered_tag_if_present_else_provisional_X,COX,"Caucasus, Anatolia, and Mesopotamia","Layer C, Rising",Black Sea regional state,Laz coastal anchor,compact coastal-mountain package,Black Sea federation,mountain and coastal infantry,"regional council, constitutional, socialist, patron client",,sourced regional symbols,resolved in research/006_package_research_resolution.csv,,COX,reserve_new_event6_X_tag,automatic_pool_ready_if_unique_state_exists,,"Lazistan or Trabzon coastal map group, current-map state required",RG-LAZISTAN,medium
IW-068,Pontus,Level 1,reuse_registered_tag_if_present_else_provisional_X,CPX,"Caucasus, Anatolia, and Mesopotamia","Layer C, Rising",historical coastal restoration,Pontic coastal anchor,limited Black Sea coastal package,Black Sea federation or restoration,mountain and coastal infantry,"constitutional, traditional restoration, military, patron client",,"sourced historical symbols, real leader research",resolved in research/006_package_research_resolution.csv,,CPX,reserve_new_event6_X_tag,high_chaos_only,,"Pontic or Trabzon coastal map group, current-map state required",RG-PONTUS,medium
IW-069,Cilicia,Level 1,reuse_registered_tag_if_present_else_provisional_X,CQX,"Caucasus, Anatolia, and Mesopotamia","Layer C, Rising",coastal historical region,Cilician anchor,compact coastal and plain package,Levantine or Anatolian federation,coastal guards and regular infantry,"constitutional, traditional restoration, labor, military, patron client",,"sourced historical symbols, generated modern variants",resolved in research/006_package_research_resolution.csv,,CQX,reserve_new_event6_X_tag,high_chaos_only,,"Cilicia or Adana map group, current-map state required",RG-CILICIA,medium
IW-070,Armenia,Level 2,reuse_registered_tag_if_present_else_provisional_X,CRX,"Caucasus, Anatolia, and Mesopotamia","Layer A, Calm",established national state,Armenian core,compact Armenia,Transcaucasian federation,mountain infantry and regular defectors,"constitutional, socialist, traditional-national, military, patron client","Event 5 origin split, diaspora recognition, Caucasus diplomacy",reuse registered assets and sourced leaders,resolved in research/006_package_research_resolution.csv,,ARM,reuse_registered_tag,automatic_pool_ready_if_not_living,230,Armenia,RG-230,high
IW-071,Georgia,Level 2,reuse_registered_tag_if_present_else_provisional_X,CSX,"Caucasus, Anatolia, and Mesopotamia","Layer A, Calm",established national state,Georgian core,compact Georgia,Transcaucasian federation,mountain infantry and regular defectors,"constitutional, socialist, traditional, military, patron client","Event 5 origin split, ports and mountains",reuse registered assets and sourced leaders,resolved in research/006_package_research_resolution.csv,,GEO,reuse_registered_tag,automatic_pool_ready_if_not_living,231,Georgia,RG-231,high
IW-072,Azerbaijan,Level 2,reuse_registered_tag_if_present_else_provisional_X,CTX,"Caucasus, Anatolia, and Mesopotamia","Layer A, Calm",established national state,Azerbaijani core,compact Azerbaijan,Transcaucasian federation,"regular defectors, cavalry, oil security","constitutional, socialist, religious, military, patron client","Event 5 origin split, oil, Iran and Turkey ties",reuse registered assets and sourced leaders,resolved in research/006_package_research_resolution.csv,,AZR,reuse_registered_tag,automatic_pool_ready_if_not_living,229,Azerbaijan,RG-229,high
IW-073,Hejaz,Level 2,reuse_registered_tag_if_present_else_provisional_X,CUX,Levant and Arabia,"Layer A or B, Calm",holy-city and port state,Hejaz anchor,Red Sea coastal compact,Arabian federation,"desert infantry, tribal levies, port guards","monarchical, constitutional, religious, military, patron client","holy cities, pilgrimage, ports, dynastic legitimacy",sourced historical flags and leaders,resolved in research/006_package_research_resolution.csv,,CUX,reserve_new_event6_X_tag,automatic_pool_ready,679,Hejaz,RG-ARABIA-HEJAZ-NAJD,medium
IW-074,Najd,Level 2,reuse_registered_tag_if_present_else_provisional_X,CVX,Levant and Arabia,"Layer A or B, Calm",interior dynastic state,Najd anchor,central Arabian compact,Arabian federation or dynastic union,desert cavalry and tribal levies,"monarchical, religious, military, patron client",dynastic and tribal settlement,sourced historical flags and leaders,resolved in research/006_package_research_resolution.csv,,CVX,reserve_new_event6_X_tag,formable_or_route_only,292,"Nejd, normally protected because it contains the Saudi capital",RG-ARABIA-HEJAZ-NAJD,resolved_by_restriction
IW-075,Jabal Shammar,Level 2,reuse_registered_tag_if_present_else_provisional_X,CWX,Levant and Arabia,"Layer C, Rising",dynastic desert restoration,Ha'il direction anchor,compact northern Arabian package,Arabian federation or rival dynastic union,desert cavalry and tribal levies,"traditional monarchy, military, patron client",Rashidi restoration and rivalry,sourced historical flags and leaders,resolved in research/006_package_research_resolution.csv,,CWX,reserve_new_event6_X_tag,high_chaos_only,292,"Nejd, with a Ha'il substate required",RG-ARABIA-HEJAZ-NAJD,medium
IW-076,Hadhramaut,Level 1,reuse_registered_tag_if_present_else_provisional_X,CXX,Levant and Arabia,"Layer B, Gathering",coastal and interior sultanate region,Hadhramaut anchor,compact eastern Yemen package,South Arabian federation,"desert infantry, coastal guards, tribal levies","sultanate, constitutional, religious, patron client",,sourced historical flags and leaders,resolved in research/006_package_research_resolution.csv,,CXX,reserve_new_event6_X_tag,automatic_pool_ready_if_unique_state_exists,,"Hadhramaut map group, current-map state required",RG-HADHRAMAUT,medium
IW-077,Mahra,Level 1,reuse_registered_tag_if_present_else_provisional_X,CYX,Levant and Arabia,"Layer C, Rising",small coastal sultanate,Mahra anchor,compact eastern coastal package,South Arabian federation,desert scouts and coastal guards,"sultanate, regional council, patron client",,sourced historical symbols and leaders,resolved in research/006_package_research_resolution.csv,,CYX,reserve_new_event6_X_tag,scenario_variant_only,,"Mahra map group, current-map state required",RG-MAHRA,resolved_by_restriction
IW-078,Oman Imamate,Level 2,reuse_registered_tag_if_present_else_provisional_X,CZX,Levant and Arabia,"Layer C, Rising",religious interior state,interior Oman anchor,compact interior package distinct from coastal sultanate,Omani settlement or Arabian federation,mountain and desert infantry,"religious imamate, constitutional, military, patron client","interior-coast balance, religious authority",sourced historical flags and leaders,resolved in research/006_package_research_resolution.csv,,IMO,reuse_registered_tag,automatic_pool_ready_if_unique_state_exists,294,"Oman, with a distinct interior imamate state required",RG-294,medium
IW-079,Druze Mountain,Level 1,reuse_registered_tag_if_present_else_provisional_X,DAX,Levant and Arabia,"Layer C, Rising",mountain communal state,Jabal al-Druze anchor,compact mountain package,Levantine federation,mountain infantry and local guards,"community council, constitutional, military, patron client",,sourced community symbols with care,resolved in research/006_package_research_resolution.csv,,DAX,reserve_new_event6_X_tag,specific_community_variant_only,554,"Damascus, with a Jabal al-Druze substate required",RG-LEVANT-MESOPOTAMIA-COARSE,resolved_by_restriction
IW-080,Alawite State,Level 1,reuse_registered_tag_if_present_else_provisional_X,DBX,Levant and Arabia,"Layer C, Rising",coastal communal state,Syrian coastal anchor,compact coastal package,Levantine federation,coastal and mountain infantry,"community council, constitutional, military, patron client",,sourced mandate-era symbols and leaders,resolved in research/006_package_research_resolution.csv,,DBX,reserve_new_event6_X_tag,specific_community_variant_only,677,"Aleppo, with a distinct Syrian coastal state required",RG-LEVANT-MESOPOTAMIA-COARSE,resolved_by_restriction
IW-081,Lebanon,Level 2,reuse_registered_tag_if_present_else_provisional_X,DCX,Levant and Arabia,"Layer A, Calm",established mandate state,Beirut and Lebanese core,compact Lebanon,Levantine federation,mountain and coastal infantry,"constitutional confessional, nationalist, military, patron client","confessional settlement, port economy, mandate influence",reuse registered assets and sourced leaders,resolved in research/006_package_research_resolution.csv,,LEB,reuse_registered_tag,automatic_pool_ready_if_not_living,553,Lebanon,RG-LEVANT-MESOPOTAMIA-COARSE,high
IW-082,Palestine,Level 2,reuse_registered_tag_if_present_else_provisional_X,DDX,Levant and Arabia,"Layer A or B, Calm",mandate national state,Palestinian anchor with viable capital,compact mandate package based on current map,Levantine federation,"local guards, irregulars, foreign volunteers","constitutional, nationalist, socialist, religious, military, patron client","mandate end, competing communities and foreign guarantees",sourced historical flags and leaders,resolved in research/006_package_research_resolution.csv,,PAL,reuse_registered_tag,automatic_pool_ready_if_not_living,454,Palestine,RG-LEVANT-MESOPOTAMIA-COARSE,high
IW-083,Rif,Level 2,reuse_registered_tag_if_present_else_provisional_X,DEX,North Africa and Sahara,"Layer C, Rising",mountain republic restoration,Rif mountain anchor,compact northern Morocco package,Maghreb union,mountain infantry and veteran resistance,"republican, tribal-federal, military, patron client","Rif Republic legacy, anti-colonial war, mountain defense",sourced historical flags and leaders,resolved in research/006_package_research_resolution.csv,,RIF,reuse_registered_tag,automatic_pool_ready_if_unique_state_exists,,"Rif map group, use the registered tag core set in the installed build",RG-MAGHREB-MOUNTAIN,medium
IW-084,Kabylia,Level 2,reuse_registered_tag_if_present_else_provisional_X,DFX,North Africa and Sahara,"Layer D, Chaos",mountain cultural state,Kabyle mountain anchor,compact Kabyle package,Amazigh federation or Maghreb union,mountain infantry and local guards,"regional council, constitutional, socialist, patron client","language and village institutions, Algerian host relation",sourced regional symbols after research,resolved in research/006_package_research_resolution.csv,,DFX,reserve_new_event6_X_tag,automatic_pool_ready_if_unique_state_exists,460,"Constantine, with a Kabyle mountain substate required",RG-MAGHREB-MOUNTAIN,medium
IW-085,Cyrenaica,Level 2,reuse_vanilla_route_overlay,DGX,North Africa and Sahara,"Layer A or B, Calm",regional monarchy or republic,Benghazi and Cyrenaica,eastern Libyan compact,Libyan federation or Maghreb union,"desert infantry, cavalry, coastal guards","traditional monarchy, constitutional, religious, military, patron client","Sanusi institutions, desert and port economy",sourced historical flags and leaders,resolved in research/006_package_research_resolution.csv,Vanilla LBA Italian-autonomy identity overlay; independent selectable Cyrenaica is suppressed by the no-duplicate rule.,,reuse_vanilla_autonomy_identity_overlay,vanilla_route_overlay_only,663,Cyrenaica,RG-663,medium
IW-086,Tripolitania,Level 1,reuse_registered_tag_if_present_else_provisional_X,DHX,North Africa and Sahara,"Layer B, Gathering",coastal regional state,Tripoli anchor,western Libyan compact,Libyan federation or Maghreb union,coastal infantry and urban militia,"constitutional, traditional, labor, military, patron client",,sourced historical symbols and leaders,resolved in research/006_package_research_resolution.csv,,DHX,reserve_new_event6_X_tag,automatic_pool_ready,661,Tripolitania,RG-661,medium
IW-087,Fezzan,Level 1,reuse_registered_tag_if_present_else_provisional_X,HYX,North Africa and Sahara,"Layer C, Rising",desert regional state,Fezzan oasis anchor,compact oasis corridor,Saharan confederation or Libyan federation,desert scouts and cavalry,"regional council, traditional, military, patron client",,sourced regional symbols,resolved in research/006_package_research_resolution.csv,HYX is collision-free across vanilla and all 122 installed Workshop directories.,HYX,reserve_new_event6_X_tag,automatic_pool_ready_if_unique_state_exists,,"Fezzan map group, current-map state required",RG-FEZZAN,medium
IW-088,Tuareg Confederation,Level 2,reuse_registered_tag_if_present_else_provisional_X,DJX,North Africa and Sahara,"Layer D, Chaos",cross-border dispersed confederation,one unique Saharan anchor,"limited contiguous desert corridor, wider range as claims",Saharan confederation,"desert scouts, cavalry, mobile guards","confederated council, traditional, military, patron client","confederation and caravan routes, cross-border diplomacy",sourced cultural symbols after deep research,resolved in research/006_package_research_resolution.csv,,DJX,reserve_new_event6_X_tag,specific_community_variant_only,514|515,"Algerian Desert | Southern Sahara, only after a named confederation package is selected",RG-SAHARA-CONFEDERATIONS,resolved_by_restriction
IW-089,Darfur,Level 2,reuse_registered_tag_if_present_else_provisional_X,DKX,North Africa and Sahara,"Layer C, Rising",sultanate restoration or republic,Darfur anchor,compact western Sudan package,Sahel federation,"cavalry, desert infantry, local guards","sultanate, constitutional, military, patron client","sultanate institutions, Sahel trade, Sudan host relation",sourced historical flags and leaders,resolved in research/006_package_research_resolution.csv,,DKX,reserve_new_event6_X_tag,automatic_pool_ready_if_unique_state_exists,549,"Sudan, with a distinct Darfur state required",RG-549,medium
IW-090,Wadai,Level 1,reuse_registered_tag_if_present_else_provisional_X,DLX,North Africa and Sahara,"Layer C, Rising",sultanate restoration,Wadai anchor,compact eastern Chad package,Sahel federation,cavalry and desert infantry,"sultanate, constitutional, military, patron client",,sourced historical symbols and leader research,resolved in research/006_package_research_resolution.csv,,DLX,reserve_new_event6_X_tag,high_chaos_only,,"Wadai or Ouaddai map group, current-map state required",RG-SAHARA-CONFEDERATIONS,medium
IW-091,Toubou state,Level 1,reuse_registered_tag_if_present_else_provisional_X,DMX,North Africa and Sahara,"Layer D, Chaos",dispersed desert polity,unique Sahara anchor,small corridor package,Saharan confederation,desert scouts and mobile guards,"regional council, confederated, military, patron client",,sourced cultural symbols after research,resolved in research/006_package_research_resolution.csv,,DMX,reserve_new_event6_X_tag,specific_community_variant_only,,"Tibesti or Toubou map group, current-map state required",RG-SAHARA-CONFEDERATIONS,resolved_by_restriction
IW-092,Amazigh Atlas state,Level 1,reuse_registered_tag_if_present_else_provisional_X,DNX,North Africa and Sahara,"Layer D, Chaos",mountain confederation,Atlas mountain anchor,limited mountain package,Amazigh federation or Maghreb union,mountain infantry and local guards,"confederated council, traditional, constitutional, patron client",,sourced cultural symbols after research,resolved in research/006_package_research_resolution.csv,,DNX,reserve_new_event6_X_tag,specific_community_variant_only,462,"Marrakech, only after a named Atlas community package is selected",RG-MAGHREB-MOUNTAIN,resolved_by_restriction
IW-093,Asante,Level 3,reuse_registered_tag_if_present_else_provisional_X,DOX,West and Central Africa,"Layer C, Rising",confederated kingdom or modern state,Kumasi and Asante anchor,compact Asante heartland,Akan union or West African federation,"colonial veterans, local guards, forest infantry","traditional confederacy, constitutional, labor, military, patron client","Golden Stool, confederated authority, court and modern administration, regional leadership","sourced historical symbols and real leaders, generated route variants",resolved in research/006_package_research_resolution.csv,do not freeze Asante as an early modern reenactment,DOX,reserve_new_event6_X_tag,high_chaos_only,274,"Ghana, with Kumasi as the required capital location",RG-GHANA-ASANTE-FANTE,high
IW-094,Fante,Level 2,reuse_registered_tag_if_present_else_provisional_X,DPX,West and Central Africa,"Layer C, Rising",coastal confederacy or republic,Cape Coast direction anchor,compact Fante coastal package,Akan union or West African federation,"coastal guards, colonial veterans, local infantry","confederated council, constitutional, labor, patron client","coastal trade, confederacy, Asante relations",sourced historical symbols and leaders,resolved in research/006_package_research_resolution.csv,,DPX,reserve_new_event6_X_tag,automatic_pool_ready_if_unique_state_exists,274,"Ghana, with Cape Coast as the required capital location",RG-GHANA-ASANTE-FANTE,medium
IW-095,Dahomey,Level 2,reuse_registered_tag_if_present_else_provisional_X,DQX,West and Central Africa,"Layer C, Rising",kingdom restoration or republic,Abomey anchor,compact Dahomey heartland,West African federation,"local infantry, veterans, palace or national guards","traditional monarchy, constitutional, labor, military, patron client","court, modern state transformation, coastal trade",sourced historical flags and leaders,resolved in research/006_package_research_resolution.csv,,DAH,reuse_registered_tag,automatic_pool_ready_if_unique_state_exists,556,"French West Africa, with an Abomey or Dahomey state required",RG-NIGERIA-COARSE,medium
IW-096,Benin Kingdom,Level 3,reuse_registered_tag_if_present_else_provisional_X,DRX,West and Central Africa,"Layer C, Rising",centralized kingdom restoration,Benin City anchor,compact Edo heartland,Niger federation or regional kingdom,"urban guards, veterans, local infantry","traditional monarchy, constitutional, guild-civic, military, patron client","Oba, councils, guild administration, art and trade, modern constitutional options",sourced historical symbols and real leaders where available,resolved in research/006_package_research_resolution.csv,"Vanilla BIA neutrality identity reuse; distinguish Edo from Biafra with mutually exclusive IW-096 and IW-107 package origins.",BIA,reuse_registered_tag,automatic_pool_ready_if_unique_state_exists,558,"Nigeria, with Benin City as the required capital location",RG-NIGERIA-COARSE,high
IW-097,Oyo,Level 3,reuse_registered_tag_if_present_else_provisional_X,DSX,West and Central Africa,"Layer C, Rising",constitutional monarchy restoration,Oyo or Ibadan direction anchor,compact Yoruba heartland,Yoruba federation or West African federation,"cavalry tradition, veterans, local infantry","constitutional monarchy, federal republic, labor, military oligarchy, patron client","Oyo Mesi balance, cavalry, city-state relations, constitutional crisis",sourced historical symbols and real leaders where available,resolved in research/006_package_research_resolution.csv,slavery history and modern Yoruba diversity need careful treatment,DSX,reserve_new_event6_X_tag,high_chaos_only,558,"Nigeria, with Oyo or Ibadan as the required capital location",RG-NIGERIA-COARSE,high
IW-098,Sokoto,Level 3,reuse_registered_tag_if_present_else_provisional_X,DTX,West and Central Africa,"Layer C, Rising",caliphal federation or northern republic,Sokoto anchor,compact northwestern Nigerian package,Sahel confederation or northern federation,"cavalry, colonial veterans, local infantry","caliphal, constitutional federal, military, patron client","emirate relations, law and administration, cavalry, Hausa-Fulani balance",sourced historical symbols and real leaders,resolved in research/006_package_research_resolution.csv,do not collapse Hausa and Fulani identities,SOK,reuse_registered_tag,automatic_pool_ready_if_not_living,558,"Nigeria, with Sokoto as the required capital location",RG-NIGERIA-COARSE,high
IW-099,Kanem-Bornu,Level 2,reuse_registered_tag_if_present_else_provisional_X,DUX,West and Central Africa,"Layer C, Rising",historic Sahel state,Lake Chad anchor,compact Lake Chad corridor,Sahel confederation,"cavalry, desert infantry, local guards","traditional monarchy, constitutional, military, patron client",Lake Chad trade and historic institutions,sourced historical symbols and leader research,resolved in research/006_package_research_resolution.csv,,DUX,reserve_new_event6_X_tag,high_chaos_only,558,"Nigeria or Lake Chad map group, with a Bornu state required",RG-NIGERIA-COARSE,medium
IW-100,Hausa Federation,Level 2,reuse_registered_tag_if_present_else_provisional_X,DVX,West and Central Africa,"Layer D, Chaos",city-state federation,one major Hausa city anchor,compact linked city-state package where map permits,Sahel confederation,"cavalry, urban guards, colonial veterans","federal council, constitutional, traditional, labor, military","city-state federalism, trade, Sokoto relationship",generated federal flag based on sourced city symbols,resolved in research/006_package_research_resolution.csv,,DVX,reserve_new_event6_X_tag,formable_or_route_only,558,"Nigeria, reserved for a later Hausa federal formable",RG-NIGERIA-COARSE,resolved_by_restriction
IW-101,Kongo,Level 2,reuse_vanilla_route_overlay,DWX,West and Central Africa,"Layer C, Rising",kingdom restoration or republic,Kongo core anchor,compact lower Congo package,Kongo basin federation,"river infantry, colonial veterans, local guards","traditional monarchy, constitutional, Christian-political, labor, military","court and church institutions, river trade, colonial host settlement",sourced historical symbols and leaders,resolved in research/006_package_research_resolution.csv,Vanilla COG_kingdom_of_kongo cosmetic overlay on COG; non-selectable.,,reuse_vanilla_cosmetic_overlay,vanilla_route_overlay_only,538,"Central Congo, with a Kongo or lower Congo substate required",RG-CONGO-BASIN-COARSE,medium
IW-102,Kuba,Level 1,reuse_vanilla_route_overlay,DXX,West and Central Africa,"Layer C, Rising",kingdom restoration or federation,Kuba anchor,compact central Congo package,Kongo basin federation,local guards and forest infantry,"traditional kingdom, council federal, constitutional, patron client",,sourced historical symbols and leaders,resolved in research/006_package_research_resolution.csv,Vanilla COG_kingdom_of_kuba cosmetic overlay on COG; non-selectable.,,reuse_vanilla_cosmetic_overlay,vanilla_route_overlay_only,538,"Central Congo, with a Kuba substate required",RG-CONGO-BASIN-COARSE,medium
IW-103,Luba,Level 1,reuse_registered_tag_if_present_else_provisional_X,DYX,West and Central Africa,"Layer C, Rising",kingdom restoration or republic,Luba anchor,compact Katanga-adjacent package,Central African federation,"local infantry, mine guards, veterans","traditional, constitutional, labor, military, patron client",,sourced historical symbols and leaders,resolved in research/006_package_research_resolution.csv,,DYX,reserve_new_event6_X_tag,automatic_pool_ready_if_unique_state_exists,538,"Central Congo, with a Luba substate required",RG-CONGO-BASIN-COARSE,medium
IW-104,Lunda,Level 1,reuse_registered_tag_if_present_else_provisional_X,DZX,West and Central Africa,"Layer C, Rising",kingdom restoration or federation,Lunda anchor,compact cross-border heartland only,Central African federation,local infantry and frontier guards,"traditional, federal, constitutional, patron client",,sourced historical symbols and leaders,resolved in research/006_package_research_resolution.csv,,DZX,reserve_new_event6_X_tag,high_chaos_only,538,"Central Congo, with a Lunda substate required",RG-CONGO-BASIN-COARSE,medium
IW-105,Loango,Level 1,reuse_vanilla_route_overlay,EAX,West and Central Africa,"Layer C, Rising",coastal kingdom restoration,Loango coastal anchor,compact Atlantic coastal package,Kongo basin federation,coastal guards and local infantry,"traditional, constitutional, labor, patron client",,sourced historical symbols,resolved in research/006_package_research_resolution.csv,Vanilla COG_kingdom_of_loango cosmetic overlay on COG; non-selectable.,,reuse_vanilla_cosmetic_overlay,vanilla_route_overlay_only,660,"Equatorial Africa, with a Loango coastal substate required",RG-CONGO-BASIN-COARSE,medium
IW-106,Aro Confederacy,Level 1,reuse_registered_tag_if_present_else_provisional_X,EBX,West and Central Africa,"Layer C, Rising",confederacy restoration or republic,Aro or southeastern Nigerian anchor,compact southeast package,Niger federation,"local guards, veterans, forest infantry","confederated council, constitutional, labor, military",,sourced historical symbols after research,resolved in research/006_package_research_resolution.csv,,EBX,reserve_new_event6_X_tag,high_chaos_only,558,"Nigeria, with an Aro or southeast Nigerian substate required",RG-NIGERIA-COARSE,medium
IW-107,Biafran regional state,Level 1,reuse_registered_tag_if_present_else_provisional_X,ECX,West and Central Africa,"Layer E, Totalen",modern regional republic,southeastern Nigerian anchor,compact southeastern package,Niger federation,industrial and local militia,"constitutional, labor, military, patron client",,generated alternate-history flags based on regional motifs,resolved in research/006_package_research_resolution.csv,,BIA,reuse_registered_tag,automatic_pool_ready_if_unique_state_exists,558,"Nigeria, with a southeast Nigerian or Biafran state required",RG-NIGERIA-COARSE,medium
IW-108,Buganda,Level 2,reuse_registered_tag_if_present_else_provisional_X,EDX,"East Africa, Horn, and Great Lakes","Layer C, Rising",kingdom or constitutional state,Kampala and Buganda anchor,compact Buganda heartland,Great Lakes federation or East African federation,"colonial veterans, local guards, lake units","traditional monarchy, constitutional, labor, military, patron client","Kabaka, parliament-like institutions, lake and rail economy",sourced historical flags and leaders,resolved in research/006_package_research_resolution.csv,,UGA,reuse_registered_tag,automatic_pool_ready_if_not_living,548,"Uganda, with Buganda as the required capital location",RG-GREAT-LAKES-COARSE,high
IW-109,Bunyoro,Level 1,reuse_registered_tag_if_present_else_provisional_X,EEX,"East Africa, Horn, and Great Lakes","Layer C, Rising",kingdom restoration,Bunyoro anchor,compact western Uganda package,Great Lakes federation,local guards and veterans,"traditional monarchy, constitutional, patron client",,sourced historical symbols and leaders,resolved in research/006_package_research_resolution.csv,,EEX,reserve_new_event6_X_tag,automatic_pool_ready_if_unique_state_exists,548,"Uganda, with a Bunyoro substate required",RG-GREAT-LAKES-COARSE,medium
IW-110,Rwanda,Level 2,reuse_registered_tag_if_present_else_provisional_X,EFX,"East Africa, Horn, and Great Lakes","Layer A or B, Calm",kingdom or national state,Rwanda core,compact Rwanda,Great Lakes federation,local infantry and colonial veterans,"traditional monarchy, constitutional, military, patron client","court and social institutions, regional diplomacy",sourced historical flags and leaders,resolved in research/006_package_research_resolution.csv,,RWA,reuse_registered_tag,automatic_pool_ready_if_unique_state_exists,,"Rwanda map group, use registered tag cores from the installed build",RG-GREAT-LAKES-COARSE,medium
IW-111,Burundi,Level 2,reuse_registered_tag_if_present_else_provisional_X,EGX,"East Africa, Horn, and Great Lakes","Layer A or B, Calm",kingdom or national state,Burundi core,compact Burundi,Great Lakes federation,local infantry and colonial veterans,"traditional monarchy, constitutional, military, patron client","court, regional diplomacy, colonial host settlement",sourced historical flags and leaders,resolved in research/006_package_research_resolution.csv,,BRD,reuse_registered_tag,automatic_pool_ready_if_unique_state_exists,,"Burundi map group, use registered tag cores from the installed build",RG-GREAT-LAKES-COARSE,medium
IW-112,Ankole,Level 1,reuse_registered_tag_if_present_else_provisional_X,EHX,"East Africa, Horn, and Great Lakes","Layer C, Rising",kingdom restoration,Ankole anchor,compact southwest Uganda package,Great Lakes federation,local guards and pastoral mobile units,"traditional monarchy, constitutional, patron client",,sourced historical symbols and leaders,resolved in research/006_package_research_resolution.csv,,EHX,reserve_new_event6_X_tag,automatic_pool_ready_if_unique_state_exists,548,"Uganda, with an Ankole substate required",RG-GREAT-LAKES-COARSE,medium
IW-113,Harar,Level 2,reuse_registered_tag_if_present_else_provisional_X,EIX,"East Africa, Horn, and Great Lakes","Layer C, Rising",city-emirate or republic,Harar anchor,compact city and hinterland package,Horn league,"urban guards, mountain infantry, trade-route forces","emirate, constitutional, merchant council, military, patron client","city trade, religious and merchant institutions, Ethiopian and Somali relations",sourced historical symbols and leaders,resolved in research/006_package_research_resolution.csv,,HAR,reuse_registered_tag,automatic_pool_ready_if_unique_state_exists,,"Harar map group, use registered tag cores from the installed build",RG-HORN-HIGHLANDS-COARSE,medium
IW-114,Afar state,Level 1,reuse_registered_tag_if_present_else_provisional_X,EJX,"East Africa, Horn, and Great Lakes","Layer D, Chaos",pastoral and sultanate confederation,unique Afar anchor,limited contiguous package,Horn league,desert scouts and mobile guards,"sultanate confederation, regional council, military, patron client",,sourced cultural symbols after research,resolved in research/006_package_research_resolution.csv,,AFA,reuse_registered_tag,automatic_pool_ready_if_unique_state_exists,268,"French Somaliland, with an Afar or Aussa state required",RG-HORN-HIGHLANDS-COARSE,medium
IW-115,Somaliland sultanate federation,Level 2,reuse_registered_tag_if_present_else_provisional_X,EKX,"East Africa, Horn, and Great Lakes","Layer C, Rising",sultanate federation,northern Somali anchor,compact northern package,Horn league or Somali federation,"desert infantry, cavalry, coastal guards","sultanate federal, constitutional, military, patron client","multiple sultanates, ports, colonial host relations",sourced historical flags and leaders,resolved in research/006_package_research_resolution.csv,,SOM,reuse_registered_tag,automatic_pool_ready_if_unique_state_exists,269|559,"British Somaliland | Somaliland, northern package only",RG-HORN-HIGHLANDS-COARSE,medium
IW-116,Zanzibar,Level 2,reuse_registered_tag_if_present_else_provisional_X,ELX,"East Africa, Horn, and Great Lakes","Layer B, Gathering",island sultanate or republic,Zanzibar island,full island or island group,Swahili coast federation or Indian Ocean league,"coastal guards, sailors, colonial veterans","sultanate, constitutional, labor, military, patron client","port, trade, court, labor, mainland relations",sourced historical flags and leaders,resolved in research/006_package_research_resolution.csv,,ELX,reserve_new_event6_X_tag,scenario_variant_only,,"Zanzibar island state, current-map state required",RG-ZANZIBAR,resolved_by_restriction
IW-117,Kilwa restoration,Level 1,reuse_registered_tag_if_present_else_provisional_X,EMX,"East Africa, Horn, and Great Lakes","Layer C, Rising",Swahili coastal historical state,Kilwa coastal anchor,limited coastal package,Swahili coast federation,coastal guards and merchant militia,"merchant republic, sultanate, constitutional, patron client",,"sourced historical symbols, generated modern variants",resolved in research/006_package_research_resolution.csv,,EMX,reserve_new_event6_X_tag,high_chaos_only,546,"Tanganyika, with a Kilwa coastal substate required",RG-546,medium
IW-118,Maasai regional state,Level 1,reuse_registered_tag_if_present_else_provisional_X,ENX,"East Africa, Horn, and Great Lakes","Layer D, Chaos",pastoral regional polity,unique East African anchor,limited contiguous package,East African federation,mobile local guards and scouts,"regional council, confederated, military, patron client",,sourced cultural symbols after research,resolved in research/006_package_research_resolution.csv,,ENX,reserve_new_event6_X_tag,specific_community_variant_only,546|547,"Tanganyika | Kenya, only after a named local Maasai section is selected",RG-546-547,resolved_by_restriction
IW-119,Tigray,Level 2,reuse_registered_tag_if_present_else_provisional_X,EOX,"East Africa, Horn, and Great Lakes","Layer C, Rising",highland regional state,Tigray anchor,compact highland package,Ethiopian federation or Horn league,highland infantry and defecting units,"traditional, constitutional federal, military, patron client","highland institutions, Ethiopian host relation",sourced historical symbols and leaders,resolved in research/006_package_research_resolution.csv,,TIG,reuse_registered_tag,automatic_pool_ready_if_unique_state_exists,,"Tigray map group, use registered tag cores from the installed build",RG-HORN-HIGHLANDS-COARSE,medium
IW-120,Oromo regional federation,Level 2,reuse_registered_tag_if_present_else_provisional_X,EPX,"East Africa, Horn, and Great Lakes","Layer D, Chaos",broad cultural federation,one researched Oromo regional anchor,"limited viable regional package, wider identity as political route",Ethiopian federation or Horn league,"cavalry, highland and local units","federal council, traditional, constitutional, military",regional institutions and federal design,sourced cultural symbols after research,resolved in research/006_package_research_resolution.csv,,ORO,reuse_registered_tag,specific_community_variant_only,,"Oromo regional map group, use one named regional package and registered tag cores",RG-HORN-HIGHLANDS-COARSE,resolved_by_restriction
IW-121,Zulu,Level 2,reuse_registered_tag_if_present_else_provisional_X,EQX,Southern Africa and Indian Ocean,"Layer C, Rising",kingdom or national state,Zulu-Natal anchor,compact Zulu heartland,Southern African confederation,"infantry, veterans, traditional guards","traditional monarchy, constitutional, labor, military, patron client","royal authority, land, labor, settler state relations",sourced historical flags and leaders,resolved in research/006_package_research_resolution.csv,,EQX,reserve_new_event6_X_tag,automatic_pool_ready_if_unique_state_exists,,"Natal or Zululand map group, current-map state required",RG-SOUTHERN-AFRICA-COARSE,medium
IW-122,Ndebele,Level 2,reuse_registered_tag_if_present_else_provisional_X,ERX,Southern Africa and Indian Ocean,"Layer C, Rising",kingdom or national state,Matabeleland anchor,compact Ndebele heartland,Southern African confederation,"infantry, veterans, mounted scouts","traditional monarchy, constitutional, labor, military","royal and national institutions, settler host relation",sourced historical flags and leaders,resolved in research/006_package_research_resolution.csv,,ERX,reserve_new_event6_X_tag,automatic_pool_ready_if_unique_state_exists,,"Matabeleland map group, current-map state required",RG-SOUTHERN-AFRICA-COARSE,medium
IW-123,Xhosa,Level 2,reuse_registered_tag_if_present_else_provisional_X,ESX,Southern Africa and Indian Ocean,"Layer C, Rising",regional national state,Eastern Cape anchor,compact Xhosa heartland,Southern African confederation,"infantry, veterans, local guards","traditional council, constitutional, labor, military","chiefly and modern political institutions, land and labor",sourced historical symbols and leaders,resolved in research/006_package_research_resolution.csv,,ESX,reserve_new_event6_X_tag,automatic_pool_ready_if_unique_state_exists,,"Eastern Cape or Xhosa map group, current-map state required",RG-SOUTHERN-AFRICA-COARSE,medium
IW-124,Basotho,Level 2,reuse_registered_tag_if_present_else_provisional_X,HZX,Southern Africa and Indian Ocean,"Layer A or B, Calm",mountain kingdom,Lesotho core,compact Lesotho,Southern African confederation,mountain infantry and mounted scouts,"traditional monarchy, constitutional, military, patron client","mountain defense, monarchy and parliamentary settlement",sourced historical flags and leaders,resolved in research/006_package_research_resolution.csv,HZX is collision-free across vanilla and all 122 installed Workshop directories.,HZX,reserve_new_event6_X_tag,automatic_pool_ready_if_unique_state_exists,,"Lesotho or Basutoland map group, current-map state required",RG-SOUTHERN-AFRICA-COARSE,medium
IW-125,Eswatini,Level 1,reuse_registered_tag_if_present_else_provisional_X,EUX,Southern Africa and Indian Ocean,"Layer A or B, Calm",kingdom,Eswatini core,compact Eswatini,Southern African confederation,local guards and mountain infantry,"traditional monarchy, constitutional, military, patron client",,sourced historical flags and leaders,resolved in research/006_package_research_resolution.csv,,EUX,reserve_new_event6_X_tag,automatic_pool_ready_if_unique_state_exists,,"Eswatini or Swaziland map group, current-map state required",RG-SOUTHERN-AFRICA-COARSE,medium
IW-126,Barotseland,Level 2,reuse_registered_tag_if_present_else_provisional_X,EVX,Southern Africa and Indian Ocean,"Layer C, Rising",kingdom or autonomous state,Lozi anchor,compact upper Zambezi package,Southern African confederation,"river guards, local infantry, mounted scouts","traditional monarchy, constitutional, patron client","Litunga and floodplain administration, federation politics",sourced historical flags and leaders,resolved in research/006_package_research_resolution.csv,,BAR,reuse_registered_tag,automatic_pool_ready_if_unique_state_exists,,"Barotseland map group, use registered tag cores from the installed build",RG-SOUTHERN-AFRICA-COARSE,medium
IW-127,Herero state,Level 1,reuse_registered_tag_if_present_else_provisional_X,EWX,Southern Africa and Indian Ocean,"Layer D, Chaos",regional national state,Herero anchor,compact central Namibian package,Southern African confederation,"mounted scouts, local guards, veterans","traditional council, constitutional, military, patron client",,sourced historical symbols and leaders,resolved in research/006_package_research_resolution.csv,,EWX,reserve_new_event6_X_tag,specific_community_variant_only,,"Herero central Namibian map group, current-map state required",RG-SOUTHERN-AFRICA-COARSE,resolved_by_restriction
IW-128,Nama state,Level 1,reuse_registered_tag_if_present_else_provisional_X,EXX,Southern Africa and Indian Ocean,"Layer D, Chaos",regional national state,Nama anchor,compact southern Namibian package,Southern African confederation,mounted scouts and local guards,"traditional council, constitutional, military, patron client",,sourced historical symbols and leaders,resolved in research/006_package_research_resolution.csv,,EXX,reserve_new_event6_X_tag,specific_community_variant_only,,"Nama southern Namibian map group, current-map state required",RG-SOUTHERN-AFRICA-COARSE,resolved_by_restriction
IW-129,Ovambo state,Level 1,reuse_registered_tag_if_present_else_provisional_X,EYX,Southern Africa and Indian Ocean,"Layer D, Chaos",regional polity,Ovambo anchor,compact northern Namibian package,Southern African confederation,local guards and frontier infantry,"traditional council, constitutional, labor, patron client",,sourced historical symbols and leaders,resolved in research/006_package_research_resolution.csv,,EYX,reserve_new_event6_X_tag,specific_community_variant_only,,"Ovambo northern Namibian map group, current-map state required",RG-SOUTHERN-AFRICA-COARSE,resolved_by_restriction
IW-130,Madagascar restoration,Level 2,reuse_registered_tag_if_present_else_provisional_X,EZX,Southern Africa and Indian Ocean,"Layer B, Gathering",island kingdom or republic,Antananarivo and island anchor,compact or full island if host survives elsewhere,Indian Ocean league,"highland infantry, coastal guards, colonial veterans","traditional monarchy, constitutional, labor, military, patron client","Merina and broader Malagasy political balance, island logistics",sourced historical flags and leaders,resolved in research/006_package_research_resolution.csv,,MAD,reuse_registered_tag,automatic_pool_ready_if_not_living,543,Madagascar,RG-543,high
IW-131,Comoros,Level 1,reuse_registered_tag_if_present_else_provisional_X,FAX,Southern Africa and Indian Ocean,"Layer C, Rising",island sultanate federation,Comoros island anchor,island group,Indian Ocean league,coastal guards and sailors,"sultanate federal, constitutional, patron client",,sourced historical symbols and leaders,resolved in research/006_package_research_resolution.csv,,FAX,reserve_new_event6_X_tag,automatic_pool_ready_if_unique_state_exists,708,Comoro Islands,RG-708,medium
IW-132,Mauritius,Level 1,reuse_registered_tag_if_present_else_provisional_X,FBX,Southern Africa and Indian Ocean,"Layer B, Gathering",island colonial successor,Mauritius anchor,island,Indian Ocean league,coastal guards and colonial volunteers,"constitutional, labor, patron client, military emergency",,"sourced historical and colonial symbols, generated sovereign flag",resolved in research/006_package_research_resolution.csv,,FBX,reserve_new_event6_X_tag,automatic_pool_ready_if_unique_state_exists,707,Mauritius,RG-707,medium
IW-133,Bengal,Level 2,reuse_registered_tag_if_present_else_provisional_X,FCX,South Asia and Himalaya,"Layer A or B, Calm",large regional state,Calcutta or Dhaka direction according to map and host safety,"compact Bengal package, wider delta as ambitions",Bengal union or Indian federation,"regular defectors, river infantry, militia","constitutional, socialist, agrarian, religious, military, patron client","delta, language, famine risk, port and rail, communal politics",sourced historical flags and leaders,resolved in research/006_package_research_resolution.csv,Vanilla BAN reuse; Event 006 content and GOE RAJ UK compatibility require the IW-133 origin.,BAN,reuse_registered_tag,formable_or_route_only,430|431,"East Bengal | West Bengal, not an automatic unified release",RG-BENGAL-UNION,resolved_by_restriction
IW-134,Punjab,Level 2,reuse_registered_tag_if_present_else_provisional_X,FDX,South Asia and Himalaya,"Layer A or B, Calm",large frontier state,Lahore or Amritsar direction according to valid map,compact Punjab package,Punjab federation or Indian federation,"regular defectors, cavalry, frontier infantry","constitutional, agrarian, socialist, Sikh or religious route where grounded, military, patron client","canal and agriculture, army recruitment, communal and cross-border politics",sourced historical flags and leaders,resolved in research/006_package_research_resolution.csv,,FDX,reserve_new_event6_X_tag,automatic_pool_ready_if_unique_state_exists,440,Punjab,RG-PUNJAB-SIKH,medium
IW-135,Sikh state,Level 2,reuse_registered_tag_if_present_else_provisional_X,FEX,South Asia and Himalaya,"Layer C, Rising",religious-national or historical restoration,Punjab anchor distinct from a broad Punjab package,compact Sikh-majority direction where map supports,Punjab federation or historical union,"regular defectors, cavalry, local guards","constitutional, religious, traditional restoration, military, patron client","gurdwara politics, princely and republican possibilities",sourced historical flags and leaders,resolved in research/006_package_research_resolution.csv,,KHL,reuse_registered_tag,high_chaos_only,440,"Punjab, mutually exclusive with the broad Punjab package",RG-PUNJAB-SIKH,medium
IW-136,Sindh,Level 2,reuse_registered_tag_if_present_else_provisional_X,FFX,South Asia and Himalaya,"Layer A or B, Calm",river and port regional state,Karachi or Hyderabad Sindh anchor,compact lower Indus package,Indus federation,"river infantry, port guards, regular defectors","constitutional, agrarian, religious, socialist, military, patron client","Indus, ports, land politics, patron pressure",sourced historical flags and leaders,resolved in research/006_package_research_resolution.csv,,SIN,reuse_registered_tag,automatic_pool_ready_if_not_living,443,Sind,RG-443,high
IW-137,Balochistan,Level 2,reuse_registered_tag_if_present_else_provisional_X,FGX,South Asia and Himalaya,"Layer A or B, Gathering",frontier confederation or state,Kalat or Quetta direction anchor,compact Baloch package,Indus federation,"frontier scouts, tribal and regular units","confederated traditional, constitutional, military, patron client","Kalat, confederation, cross-border politics",sourced historical flags and leaders,resolved in research/006_package_research_resolution.csv,,BLC,reuse_registered_tag,automatic_pool_ready_if_unique_state_exists,444|445,Baluchistan | Quetta,RG-NORTHWEST-SOUTH-ASIA,medium
IW-138,Pashtunistan,Level 2,reuse_registered_tag_if_present_else_provisional_X,FHX,South Asia and Himalaya,"Layer C, Rising",frontier national state,northwest frontier anchor,compact frontier package,Indus or Afghan federation,"mountain infantry, frontier scouts, defecting regulars","tribal-federal, constitutional, religious, military, patron client","cross-border tribal and national politics, mountain defense",sourced historical symbols and leaders,resolved in research/006_package_research_resolution.csv,,PSH,reuse_registered_tag,automatic_pool_ready_if_unique_state_exists,442,Peshawar,RG-NORTHWEST-SOUTH-ASIA,medium
IW-139,Kashmir,Level 2,reuse_registered_tag_if_present_else_provisional_X,FIX,South Asia and Himalaya,"Layer A or B, Gathering",princely or republic state,Kashmir valley anchor,compact princely core,Himalayan confederation,"mountain infantry, princely troops, local guards","traditional monarchy, constitutional, socialist, religious, military, patron client","princely rule, valley and wider regional identities, patron pressure",sourced historical flags and leaders,resolved in research/006_package_research_resolution.csv,,KAS,reuse_registered_tag,automatic_pool_ready_if_unique_state_exists,441,Kashmir,RG-NORTHWEST-SOUTH-ASIA,medium
IW-140,Hyderabad,Level 2,reuse_registered_tag_if_present_else_provisional_X,FJX,South Asia and Himalaya,"Layer A or B, Calm",princely state,Hyderabad capital and core,compact princely territory,Deccan federation,"princely troops, regular infantry, urban guards","traditional monarchy, constitutional, socialist, military, patron client","large princely administration, communal and agrarian politics",sourced historical flags and leaders,resolved in research/006_package_research_resolution.csv,,HYD,reuse_registered_tag,automatic_pool_ready_if_not_living,427,Hyderabad,RG-SOUTH-INDIA,high
IW-141,Mysore,Level 2,reuse_registered_tag_if_present_else_provisional_X,FKX,South Asia and Himalaya,"Layer B, Gathering",princely or regional state,Mysore anchor,compact princely core,Dravidian or southern federation,princely troops and regular infantry,"traditional monarchy, constitutional, labor, military, patron client","administration, industry, southern federation",sourced historical flags and leaders,resolved in research/006_package_research_resolution.csv,,MYS,reuse_registered_tag,automatic_pool_ready_if_not_living,425,Mysore,RG-SOUTH-INDIA,high
IW-142,Travancore,Level 2,reuse_registered_tag_if_present_else_provisional_X,FLX,South Asia and Himalaya,"Layer B, Gathering",princely coastal state,Travancore anchor,compact southern coastal package,Dravidian or southern federation,princely troops and coastal guards,"traditional monarchy, constitutional, labor, patron client","high administration, ports, social reform",sourced historical flags and leaders,resolved in research/006_package_research_resolution.csv,,FLX,reserve_new_event6_X_tag,automatic_pool_ready_if_unique_state_exists,,"Travancore or southern Kerala map group, current-map state required",RG-SOUTH-INDIA,medium
IW-143,Tamil state,Level 2,reuse_registered_tag_if_present_else_provisional_X,FMX,South Asia and Himalaya,"Layer C, Rising",linguistic regional state,Tamil anchor,compact Tamil region that preserves hosts,Dravidian federation,"regular defectors, local militia, coastal guards","constitutional, social reform, labor, regional nationalist, military","language politics, social reform, ports and industry",sourced movement symbols and leaders,resolved in research/006_package_research_resolution.csv,,RAS,reuse_registered_tag,automatic_pool_ready_if_unique_state_exists,,"Tamil Nadu or Madras map group, use registered tag cores from the installed build",RG-SOUTH-INDIA,medium
IW-144,Dravidian federation,Level 2,reuse_registered_tag_if_present_else_provisional_X,FNX,South Asia and Himalaya,"Layer E, Totalen",high-chaos federal project,one southern Indian anchor,"limited founding package, wider union as formable",Dravidian federation,regional regulars and militia,"federal constitutional, social reform, socialist, military",federal formation route rather than automatic broad state,generated alternate federal flag based on sourced motifs,resolved in research/006_package_research_resolution.csv,,FNX,reserve_new_event6_X_tag,formable_or_route_only,425|427,"Southern Indian state group, formable only",RG-SOUTH-INDIA,resolved_by_restriction
IW-145,Assam,Level 2,reuse_registered_tag_if_present_else_provisional_X,FOX,South Asia and Himalaya,"Layer B, Gathering",river-valley regional state,Assam anchor,compact Brahmaputra valley package,Northeast federation,"river infantry, local guards, regular defectors","constitutional, agrarian, cultural, military, patron client","tea, river, language, northeastern relations",sourced historical symbols and leaders,resolved in research/006_package_research_resolution.csv,,FOX,reserve_new_event6_X_tag,automatic_pool_ready_if_unique_state_exists,432,Assam,RG-NORTHEAST-HIMALAYA,medium
IW-146,Naga state,Level 2,reuse_registered_tag_if_present_else_provisional_X,FPX,South Asia and Himalaya,"Layer D, Chaos",highland indigenous polity,one Naga highland anchor,limited compact highland package,Northeast federation,highland local guards and scouts,"village council federation, constitutional, military, patron client",village institutions and highland defense,sourced cultural symbols after deep research,resolved in research/006_package_research_resolution.csv,,FPX,reserve_new_event6_X_tag,specific_community_variant_only,432,"Assam, with a named Naga highland substate required",RG-NORTHEAST-HIMALAYA,resolved_by_restriction
IW-147,Manipur,Level 2,reuse_registered_tag_if_present_else_provisional_X,FQX,South Asia and Himalaya,"Layer B, Gathering",princely or regional state,Manipur valley anchor,compact Manipur package,Northeast federation,"princely troops, hill and valley units","traditional monarchy, constitutional, military, patron client","valley and hill political balance, Burma and India relations",sourced historical flags and leaders,resolved in research/006_package_research_resolution.csv,,MPU,reuse_registered_tag,automatic_pool_ready_if_unique_state_exists,,"Manipur map group, use registered tag cores from the installed build",RG-NORTHEAST-HIMALAYA,medium
IW-148,Sikkim,Level 1,reuse_registered_tag_if_present_else_provisional_X,FRX,South Asia and Himalaya,"Layer A or B, Gathering",Himalayan monarchy,Sikkim anchor,compact Sikkim,Himalayan confederation,mountain guards,"traditional monarchy, constitutional, patron client",,sourced historical flags and leaders,resolved in research/006_package_research_resolution.csv,,SKK,reuse_registered_tag,automatic_pool_ready_if_unique_state_exists,,"Sikkim map group, use registered tag cores from the installed build",RG-NORTHEAST-HIMALAYA,medium
IW-149,Himalayan confederation,Level 1,reuse_registered_tag_if_present_else_provisional_X,FSX,South Asia and Himalaya,"Layer E, Totalen",federal highland project,one valid Himalayan anchor,"small founding package, wider union as formable",Himalayan confederation,mountain infantry and local guards,"federal council, traditional, constitutional, patron client",,generated federal flag based on sourced motifs,resolved in research/006_package_research_resolution.csv,,FSX,reserve_new_event6_X_tag,formable_or_route_only,441|432,"Himalayan state group, formable only",RG-NORTHEAST-HIMALAYA,resolved_by_restriction
IW-150,Aceh,Level 3,reuse_registered_tag_if_present_else_provisional_X,FTX,"Southeast Asia, East Asia, and Oceania","Layer C, Rising",sultanate or republic,Banda Aceh and northern Sumatra,compact Aceh package,Sumatran or maritime federation,"coastal guards, local infantry, foreign volunteers","sultanate, constitutional, religious, military, patron client","sultanate legacy, opposition to outside rule, ports, Islamic and modern politics",sourced historical flags and leaders,resolved in research/006_package_research_resolution.csv,Vanilla ATJ reuse; Event 006 content and Indonesian release compatibility require the IW-150 origin.,ATJ,reuse_registered_tag,high_chaos_only,672,"Sumatra, with Banda Aceh as the required capital location",RG-SUMATRA,high
IW-151,Minangkabau,Level 2,reuse_registered_tag_if_present_else_provisional_X,FUX,"Southeast Asia, East Asia, and Oceania","Layer D, Chaos",regional republic or council state,West Sumatra anchor,compact Minangkabau region,Sumatran federation,"local guards, veterans, mountain infantry","customary council, constitutional, religious, social reform, patron client","matrilineal land institutions, adat and religious balance, migration networks",sourced cultural symbols and leaders,resolved in research/006_package_research_resolution.csv,,FUX,reserve_new_event6_X_tag,high_chaos_only,672,"Sumatra, with a West Sumatra substate required",RG-SUMATRA,medium
IW-152,Riau,Level 1,reuse_registered_tag_if_present_else_provisional_X,FVX,"Southeast Asia, East Asia, and Oceania","Layer C, Rising",island and river sultanate region,Riau anchor,compact island and coast package,Maritime federation,"coastal guards, sailors, local infantry","sultanate, constitutional, merchant council, patron client",,sourced historical symbols and leaders,resolved in research/006_package_research_resolution.csv,,FVX,reserve_new_event6_X_tag,automatic_pool_ready_if_unique_state_exists,672,"Sumatra, with a Riau substate required",RG-SUMATRA,medium
IW-153,Dayak federation,Level 2,reuse_registered_tag_if_present_else_provisional_X,FWX,"Southeast Asia, East Asia, and Oceania","Layer D, Chaos",interior indigenous federation,one researched Borneo interior anchor,limited river-centered package,Borneo federation,river and jungle guards,"federal council, community governance, military, patron client",river systems and multiple Dayak peoples,sourced cultural symbols after deep research,resolved in research/006_package_research_resolution.csv,,POK,reuse_registered_tag,specific_community_variant_only,334,"Kalimantan, only after a named Dayak polity is selected",RG-BORNEO-DAYAK,resolved_by_restriction
IW-154,Bugis state,Level 1,reuse_registered_tag_if_present_else_provisional_X,FXX,"Southeast Asia, East Asia, and Oceania","Layer C, Rising",maritime regional state,South Sulawesi anchor,compact Bugis region,Maritime federation,"sailors, coastal infantry, local guards","traditional, constitutional, merchant, military, patron client",,sourced historical symbols and leaders,resolved in research/006_package_research_resolution.csv,,FXX,reserve_new_event6_X_tag,automatic_pool_ready_if_unique_state_exists,673,"Sulawesi, with a South Sulawesi substate required",RG-EAST-INDONESIA,medium
IW-155,Bali,Level 2,reuse_registered_tag_if_present_else_provisional_X,FYX,"Southeast Asia, East Asia, and Oceania","Layer C, Rising",island kingdom or republic,Bali island,full island,Maritime federation,local guards and coastal defense,"traditional courts, constitutional, religious-cultural, military, patron client","village and irrigation institutions, courts, island identity",sourced historical flags and leaders,resolved in research/006_package_research_resolution.csv,Vanilla BLI reuse; Event 006 content and Indonesian character-transfer compatibility require the IW-155 origin.,BLI,reuse_registered_tag,automatic_pool_ready_if_unique_state_exists,667,"Lesser Sunda Islands, with a Bali substate required",RG-EAST-INDONESIA,medium
IW-156,Moluccan federation,Level 1,reuse_vanilla_route_overlay,FZX,"Southeast Asia, East Asia, and Oceania","Layer C, Rising",island federation,one Maluku island anchor,compact island group where map permits,Maritime federation,"coastal guards, sailors, local infantry","federal council, traditional, constitutional, patron client",,"sourced regional symbols, generated federal flag",resolved in research/006_package_research_resolution.csv,Vanilla democratic TNE United States of Maluku route overlay; non-selectable.,,reuse_vanilla_ideology_route_overlay,vanilla_route_overlay_only,668,The Moluccas,RG-EAST-INDONESIA,medium
IW-157,West Papua regional state,Level 2,reuse_registered_tag_if_present_else_provisional_X,GAX,"Southeast Asia, East Asia, and Oceania","Layer D, Chaos",indigenous regional state,one valid western New Guinea anchor,limited contiguous package,Melanesian federation,jungle guards and coastal units,"regional council, federal, military, patron client","local and regional identities, colonial host relation",sourced cultural symbols after deep research,resolved in research/006_package_research_resolution.csv,Generic West Papua reuses WPG; a later distinct named people-and-district polity needs a separately audited X tag.,WPG,reuse_registered_tag,specific_community_variant_only,669,"West Papua, only after a named people and district package is selected",RG-NEW-GUINEA,resolved_by_restriction
IW-158,Pattani,Level 2,reuse_registered_tag_if_present_else_provisional_X,GBX,"Southeast Asia, East Asia, and Oceania","Layer C, Rising",Malay sultanate or republic,Pattani anchor,compact southern Thai package,Malay federation,"local infantry, coastal guards, foreign volunteers","sultanate, constitutional, religious, military, patron client","sultanate legacy, Malay identity, Thai host relation",sourced historical flags and leaders,resolved in research/006_package_research_resolution.csv,,GBX,reserve_new_event6_X_tag,automatic_pool_ready_if_unique_state_exists,,"Pattani or southern Siam map group, current-map state required",RG-MAINLAND-SE-ASIA-COARSE,medium
IW-159,Shan federation,Level 2,reuse_registered_tag_if_present_else_provisional_X,GCX,"Southeast Asia, East Asia, and Oceania","Layer B or C, Gathering",federal highland state,one Shan state anchor,compact connected Shan package,Mainland federation,"local forces, cavalry, mountain infantry","federal princely council, constitutional, military, patron client",multiple Shan states and sawbwa institutions,sourced historical flags and leaders,resolved in research/006_package_research_resolution.csv,,GCX,reserve_new_event6_X_tag,automatic_pool_ready_if_unique_state_exists,640,"Mandalay or Shan States map group, current-map state required",RG-MAINLAND-SE-ASIA-COARSE,medium
IW-160,Karen state,Level 2,reuse_registered_tag_if_present_else_provisional_X,GDX,"Southeast Asia, East Asia, and Oceania","Layer B or C, Gathering",highland and frontier state,one Karen anchor,compact valid package,Mainland federation,mountain infantry and local guards,"constitutional, regional council, military, patron client",multiple Karen identities and colonial military service,sourced historical symbols and leaders,resolved in research/006_package_research_resolution.csv,,GDX,reserve_new_event6_X_tag,specific_community_variant_only,288,"Burma, with a named Karen district package required",RG-MAINLAND-SE-ASIA-COARSE,resolved_by_restriction
IW-161,Mon state,Level 3,reuse_registered_tag_if_present_else_provisional_X,IAX,"Southeast Asia, East Asia, and Oceania","Layer C, Rising",cultural-historical regional state,Mon anchor in lower Burma or Thai border direction,compact Mon region,Mainland federation,"local guards, river and coastal infantry","constitutional, monastic-cultural council, traditional, military, patron client","Mon cultural institutions, historical kingdoms, federal settlement, host relations",sourced historical symbols and leaders,resolved in research/006_package_research_resolution.csv,IAX is collision-free across vanilla and all 122 installed Workshop directories.,IAX,reserve_new_event6_X_tag,high_chaos_only,288,"Burma, with a Lower Burma or Mon substate required",RG-MAINLAND-SE-ASIA-COARSE,high
IW-162,Kachin state,Level 2,reuse_registered_tag_if_present_else_provisional_X,IBX,"Southeast Asia, East Asia, and Oceania","Layer B or C, Gathering",highland federal state,Kachin anchor,compact highland package,Mainland federation,mountain infantry and local guards,"federal council, constitutional, military, patron client",highland institutions and colonial military networks,sourced historical symbols and leaders,resolved in research/006_package_research_resolution.csv,IBX is collision-free across vanilla and all 122 installed Workshop directories and avoids the engine-reserved GFX namespace.,IBX,reserve_new_event6_X_tag,automatic_pool_ready_if_unique_state_exists,640,"Mandalay or Kachin highland map group, current-map state required",RG-MAINLAND-SE-ASIA-COARSE,medium
IW-163,Chin state,Level 1,reuse_registered_tag_if_present_else_provisional_X,GGX,"Southeast Asia, East Asia, and Oceania","Layer C, Rising",highland regional state,Chin anchor,compact highland package,Mainland federation,mountain infantry and local guards,"regional council, constitutional, military, patron client",,sourced historical symbols and leaders,resolved in research/006_package_research_resolution.csv,,GGX,reserve_new_event6_X_tag,specific_community_variant_only,288,"Burma, with a named Chin district package required",RG-MAINLAND-SE-ASIA-COARSE,resolved_by_restriction
IW-164,Arakan or Rakhine,Level 2,reuse_registered_tag_if_present_else_provisional_X,GHX,"Southeast Asia, East Asia, and Oceania","Layer C, Rising",coastal regional state,Arakan coastal anchor,compact coastal package,Mainland federation,coastal infantry and local guards,"constitutional, traditional, religious, military, patron client",coastal kingdom history and modern regional identity,sourced historical symbols and leaders,resolved in research/006_package_research_resolution.csv,,GHX,reserve_new_event6_X_tag,automatic_pool_ready_if_unique_state_exists,288,"Burma, with an Arakan or Rakhine coastal substate required",RG-MAINLAND-SE-ASIA-COARSE,medium
IW-165,Wa state,Level 1,reuse_registered_tag_if_present_else_provisional_X,GIX,"Southeast Asia, East Asia, and Oceania","Layer D, Chaos",highland polity,Wa anchor,small highland package,Mainland federation,local guards and mountain infantry,"regional council, military, patron client, high-chaos route",,sourced cultural symbols after research,resolved in research/006_package_research_resolution.csv,,GIX,reserve_new_event6_X_tag,automatic_pool_ready_if_unique_state_exists,640,"Shan States map group, with a Wa substate required",RG-MAINLAND-SE-ASIA-COARSE,medium
IW-166,Lan Xang restoration,Level 2,reuse_registered_tag_if_present_else_provisional_X,GJX,"Southeast Asia, East Asia, and Oceania","Layer C, Rising",historic kingdom or federation,Laotian anchor,compact Laos-centered package if source tag absent,Mainland federation,regular infantry and river units,"traditional monarchy, constitutional, military, patron client",historic identity and modern Laos relation,sourced historical flags and leaders,resolved in research/006_package_research_resolution.csv,,LAO,reuse_registered_tag,high_chaos_only,670,Laos,RG-LAOS-VIETNAM-HIGHLANDS,medium
IW-167,Champa restoration,Level 1,reuse_registered_tag_if_present_else_provisional_X,GKX,"Southeast Asia, East Asia, and Oceania","Layer C, Rising",historical coastal state,central Vietnamese coastal anchor,limited compact coastal package,Mainland federation,coastal guards and local infantry,"traditional restoration, constitutional, regional council, patron client",,"sourced historical symbols, generated modern variants",resolved in research/006_package_research_resolution.csv,Vanilla CHM reuse; Event 006 content and regional targeting compatibility require the IW-167 origin.,CHM,reuse_registered_tag,high_chaos_only,671,"Tonkin or central Vietnamese coastal map group, with a Champa substate required",RG-LAOS-VIETNAM-HIGHLANDS,medium
IW-168,Hmong regional state,Level 1,reuse_registered_tag_if_present_else_provisional_X,GLX,"Southeast Asia, East Asia, and Oceania","Layer D, Chaos",highland regional polity,one researched highland anchor,limited compact package,Mainland federation,mountain guards and scouts,"regional council, constitutional, military, patron client",,sourced cultural symbols after deep research,resolved in research/006_package_research_resolution.csv,,GLX,reserve_new_event6_X_tag,specific_community_variant_only,670|671,"Laos | Tonkin, only after a named Hmong regional package is selected",RG-LAOS-VIETNAM-HIGHLANDS,resolved_by_restriction
IW-169,East Turkestan,Level 2,reuse_registered_tag_if_present_else_provisional_X,GMX,"Southeast Asia, East Asia, and Oceania","Layer A or B, Gathering",frontier republic or emirate,Xinjiang oasis anchor,compact basin and corridor package,Turkestan federation,"cavalry, frontier infantry, local guards","republican, religious, socialist, military, patron client","oasis administration, patron rivalry, China and Soviet relations",sourced historical flags and leaders,resolved in research/006_package_research_resolution.csv,,GMX,reserve_new_event6_X_tag,high_chaos_only,617|619,Urumqi | Yarkand,RG-INNER-ASIA,medium
IW-170,Inner Mongolia,Level 2,reuse_registered_tag_if_present_else_provisional_X,GNX,"Southeast Asia, East Asia, and Oceania","Layer A or B, Gathering",frontier autonomous state,Inner Mongolian anchor,compact steppe package,Mongolic federation,cavalry and frontier infantry,"traditional, constitutional, military, patron client","princely and modern political institutions, China and Japan pressure",sourced historical flags and leaders,resolved in research/006_package_research_resolution.csv,,MEN,reuse_registered_tag,automatic_pool_ready_if_not_living,621|746,Suiyuan | Ordos,RG-INNER-ASIA,high
IW-171,Ryukyu,Level 2,reuse_registered_tag_if_present_else_provisional_X,GOX,"Southeast Asia, East Asia, and Oceania","Layer C, Rising",island kingdom restoration or republic,Okinawa and Ryukyu anchor,island chain as map permits,Pacific island league,"coastal guards, sailors, local infantry","traditional monarchy, constitutional, patron client, military","kingdom legacy, Japanese host relation, maritime trade",sourced historical flags and leaders,resolved in research/006_package_research_resolution.csv,Vanilla OKN reuse; Event 006 content requires the IW-171 origin.,OKN,reuse_registered_tag,high_chaos_only,526,Okinawa,RG-526,medium
IW-172,Ainu state,Level 2,reuse_registered_tag_if_present_else_provisional_X,GPX,"Southeast Asia, East Asia, and Oceania","Layer D, Chaos",indigenous regional state,Hokkaido anchor that preserves Japanese host,limited Ainu homeland package,North Pacific league,"local guards, scouts, coastal units","community council, constitutional, patron client, high-chaos confederation","land, community institutions, Japanese host relation",sourced cultural symbols after deep research,resolved in research/006_package_research_resolution.csv,Generic Ainu package reuses ANU and must branch Japan's Ainu route only for the IW-172 origin.,ANU,reuse_registered_tag,specific_community_variant_only,536,"Hokkaido, only after a named Ainu institutional package is selected",RG-HOKKAIDO-AINU,resolved_by_restriction
IW-173,Hawaii,Level 2,reuse_registered_tag_if_present_else_provisional_X,GQX,"Southeast Asia, East Asia, and Oceania","Layer B or C, Gathering",kingdom restoration or republic,Hawaiian island anchor,island chain as map permits,Polynesian league,"coastal guards, sailors, local infantry","traditional monarchy, constitutional, labor, patron client","kingdom legacy, plantation and naval pressure, Pacific diplomacy",sourced historical flags and leaders,resolved in research/006_package_research_resolution.csv,,HAW,reuse_registered_tag,automatic_pool_ready_if_not_living,629,Hawaii,RG-629,high
IW-174,Aotearoa Maori state,Level 2,reuse_registered_tag_if_present_else_provisional_X,GRX,"Southeast Asia, East Asia, and Oceania","Layer D, Chaos",indigenous federation or monarchy route,one New Zealand anchor preserving host,"limited viable package, wider sovereignty as ambitions",Polynesian league,"local guards, veterans, coastal units","iwi confederation, monarchy route where grounded, constitutional, military","iwi and hapu institutions, land, Kingitanga, host settlement",sourced cultural and historical symbols after deep research,resolved in research/006_package_research_resolution.csv,,GRX,reserve_new_event6_X_tag,specific_community_variant_only,284|723,"North Island | South Island, only after an iwi-led package is selected",RG-AOTEAROA-MAORI,resolved_by_restriction
IW-175,Samoa,Level 2,reuse_registered_tag_if_present_else_provisional_X,GSX,"Southeast Asia, East Asia, and Oceania","Layer B or C, Gathering",island state,Samoa island anchor,island group,Polynesian league,coastal guards and local infantry,"traditional chiefly, constitutional, patron client",chiefly institutions and colonial division,sourced historical flags and leaders,resolved in research/006_package_research_resolution.csv,,SAM,reuse_registered_tag,automatic_pool_ready_if_not_living,726,Samoa,RG-PACIFIC-ISLANDS,high
IW-176,Tonga,Level 2,reuse_registered_tag_if_present_else_provisional_X,GTX,"Southeast Asia, East Asia, and Oceania","Layer A or B, Calm",island monarchy,Tonga anchor,island group,Polynesian league,royal guards and coastal units,"traditional monarchy, constitutional, patron client",existing monarchy and regional diplomacy,sourced historical flags and leaders,resolved in research/006_package_research_resolution.csv,,GTX,reserve_new_event6_X_tag,automatic_pool_ready_if_unique_state_exists,,"Tonga island state, current-map state required",RG-PACIFIC-ISLANDS,medium
IW-177,Fiji,Level 2,reuse_registered_tag_if_present_else_provisional_X,GUX,"Southeast Asia, East Asia, and Oceania","Layer B or C, Gathering",island federation,Fiji anchor,island group,Melanesian or Pacific league,coastal guards and local infantry,"chiefly-federal, constitutional, labor, patron client","chiefly institutions, labor and colonial politics",sourced historical flags and leaders,resolved in research/006_package_research_resolution.csv,,FIJ,reuse_registered_tag,automatic_pool_ready_if_not_living,636,Fiji,RG-PACIFIC-ISLANDS,high
IW-178,Papua regional federation,Level 1,reuse_registered_tag_if_present_else_provisional_X,GVX,"Southeast Asia, East Asia, and Oceania","Layer D, Chaos",indigenous and colonial regional federation,one Papua anchor,limited viable package,Melanesian federation,jungle and coastal guards,"federal council, constitutional, military, patron client",,sourced cultural symbols after deep research,resolved in research/006_package_research_resolution.csv,Generic Papua package reuses PNG and must branch USA Japan and INS systems only for the IW-178 origin.,PNG,reuse_registered_tag,specific_community_variant_only,523,"Papua, only after a named people and district package is selected",RG-NEW-GUINEA,resolved_by_restriction
IW-179,Micronesian federation,Level 1,reuse_registered_tag_if_present_else_provisional_X,GWX,"Southeast Asia, East Asia, and Oceania","Layer E, Totalen",island federation,one Micronesian island anchor,available island group,Pacific island league,coastal guards and patrol craft,"federal council, traditional, constitutional, patron client",,generated federal flag based on sourced motifs,resolved in research/006_package_research_resolution.csv,,FSM,reuse_registered_tag,automatic_pool_ready_if_unique_state_exists,684,"Caroline Islands, with additional Micronesian members added by consent",RG-PACIFIC-ISLANDS,medium
IW-180,Quebec,Level 2,reuse_registered_tag_if_present_else_provisional_X,GXX,Americas and Caribbean,"Layer A or B, Calm",mature regional state,Quebec City or Montreal direction anchor,compact Quebec core,Canadian federation or Francophone compact,"regular defectors, local militia, river and coastal units","constitutional, nationalist, labor, traditional-cultural, patron client","language, federal settlement, Saint Lawrence economy",sourced historical flags and leaders,resolved in research/006_package_research_resolution.csv,,QUE,reuse_registered_tag,automatic_pool_ready_if_not_living,466,Quebec,RG-466,high
IW-181,Acadia,Level 1,reuse_registered_tag_if_present_else_provisional_X,GYX,Americas and Caribbean,"Layer C, Rising",coastal cultural state,Maritime Canada anchor,limited Acadian package,Atlantic federation,coastal guards and local militia,"constitutional, cultural council, labor, patron client",,"sourced regional symbols, generated sovereign variants",resolved in research/006_package_research_resolution.csv,,GYX,reserve_new_event6_X_tag,automatic_pool_ready_if_unique_state_exists,,"New Brunswick or Nova Scotia map group, current-map state required",RG-ACADIA,medium
IW-182,Newfoundland,Level 2,reuse_registered_tag_if_present_else_provisional_X,GZX,Americas and Caribbean,"Layer A or B, Calm",dominion or republic,Newfoundland island,full island and Labrador only if valid,North Atlantic compact,"coastal guards, sailors, local infantry","constitutional, dominion restoration, labor, patron client","debt, dominion status, fisheries, Atlantic bases",sourced historical flags and leaders,resolved in research/006_package_research_resolution.csv,,GZX,reserve_new_event6_X_tag,automatic_pool_ready,331,Newfoundland,RG-331,medium
IW-183,Cascadia,Level 1,reuse_registered_tag_if_present_else_provisional_X,HAX,Americas and Caribbean,"Layer E, Totalen",high-chaos regional republic,Pacific Northwest anchor,limited cross-border package only if both hosts survive,Pacific regional federation,"local guards, industrial militia, coastal units","constitutional, labor, environmental-regional, military, patron client",,generated alternate-history flag,resolved in research/006_package_research_resolution.csv,,HAX,reserve_new_event6_X_tag,formable_or_route_only,385|386|473,"Oregon | Washington | British Columbia, high-chaos formable only",RG-CASCADIA-CROSS-BORDER,resolved_by_restriction
IW-184,California,Level 2,reuse_registered_tag_if_present_else_provisional_X,HBX,Americas and Caribbean,"Layer A or B, Gathering",large regional republic,California anchor,compact California package preserving United States host,Pacific federation,"regular defectors, industrial and coastal units","constitutional, labor, military, patron client, high-chaos republic","industry, ports, federal host crisis",reuse registered assets if present or generated alternate flags,resolved in research/006_package_research_resolution.csv,,HBX,reserve_new_event6_X_tag,automatic_pool_ready,378,California,RG-378,medium
IW-185,Texas,Level 2,reuse_registered_tag_if_present_else_provisional_X,HCX,Americas and Caribbean,"Layer A or B, Gathering",restored republic,Texas anchor,compact Texas package preserving United States host,Gulf or North American compact,"regular defectors, cavalry, militia","constitutional, traditional-republican, military, patron client","restoration identity, oil, border and federal settlement",sourced historical flags and leaders,resolved in research/006_package_research_resolution.csv,,HCX,reserve_new_event6_X_tag,automatic_pool_ready,375,Texas,RG-375,medium
IW-186,Cherokee state,Level 2,reuse_registered_tag_if_present_else_provisional_X,HDX,Americas and Caribbean,"Layer D, Chaos",indigenous nation state,one researched Cherokee anchor,limited contiguous package,Southeastern indigenous confederation,"local guards, veterans, scouts","constitutional nation, traditional council, military, patron client","Cherokee governmental institutions, land, federal treaty relation",sourced historical flags and leaders after deep research,resolved in research/006_package_research_resolution.csv,,HDX,reserve_new_event6_X_tag,automatic_pool_ready_if_unique_state_exists,,"Cherokee Nation map package, current-map substate required",RG-NORTH-AMERICAN-INDIGENOUS-SUBSTATES,medium
IW-187,Haudenosaunee Confederacy,Level 2,reuse_registered_tag_if_present_else_provisional_X,HEX,Americas and Caribbean,"Layer D, Chaos",indigenous confederacy,one researched Haudenosaunee anchor,"limited viable package, wider homelands as diplomacy and claims",Northeastern indigenous confederation,local guards and veterans,"confederate council, constitutional adaptation, military, patron client","confederacy institutions, member nations, treaty relationships",sourced historical symbols after deep research,resolved in research/006_package_research_resolution.csv,,HEX,reserve_new_event6_X_tag,specific_community_variant_only,,"Haudenosaunee member-nation map package, negotiated formable only",RG-NORTH-AMERICAN-INDIGENOUS-SUBSTATES,resolved_by_restriction
IW-188,Lakota state,Level 1,reuse_registered_tag_if_present_else_provisional_X,HFX,Americas and Caribbean,"Layer D, Chaos",indigenous nation state,one researched Plains anchor,limited viable package,Plains indigenous confederation,"mounted scouts, local guards, veterans","council, constitutional adaptation, military, patron client",,sourced historical symbols and leaders after research,resolved in research/006_package_research_resolution.csv,,HFX,reserve_new_event6_X_tag,automatic_pool_ready_if_unique_state_exists,,"Lakota treaty-territory map package, current-map substate required",RG-NORTH-AMERICAN-INDIGENOUS-SUBSTATES,medium
IW-189,Dine state,Level 1,reuse_registered_tag_if_present_else_provisional_X,HGX,Americas and Caribbean,"Layer D, Chaos",indigenous nation state,one researched Navajo or Dine anchor,limited viable package,Southwestern indigenous compact,mounted scouts and local guards,"council, constitutional adaptation, military, patron client",,sourced historical symbols and leaders after research,resolved in research/006_package_research_resolution.csv,,HGX,reserve_new_event6_X_tag,automatic_pool_ready_if_unique_state_exists,,"Diné or Navajo Nation map package, current-map substate required",RG-NORTH-AMERICAN-INDIGENOUS-SUBSTATES,medium
IW-190,Pueblo federation,Level 1,reuse_registered_tag_if_present_else_provisional_X,HHX,Americas and Caribbean,"Layer D, Chaos",indigenous federation,one researched Pueblo anchor,limited viable package,Southwestern indigenous compact,local guards and scouts,"federal council, community governance, patron client",,sourced cultural symbols after deep research,resolved in research/006_package_research_resolution.csv,,HHX,reserve_new_event6_X_tag,specific_community_variant_only,,"Named Pueblo map package, broad Pueblo federation is not automatic",RG-NORTH-AMERICAN-INDIGENOUS-SUBSTATES,resolved_by_restriction
IW-191,Maya federation,Level 2,reuse_registered_tag_if_present_else_provisional_X,HIX,Americas and Caribbean,"Layer D, Chaos",indigenous regional federation,Yucatan or Guatemala highland anchor according to package,"limited viable package, wider area as formable",Mesoamerican federation,"jungle infantry, local guards, foreign volunteers","federal council, agrarian, constitutional, military, patron client","multiple Maya peoples, land, language, cross-border politics",sourced cultural symbols and leaders after deep research,resolved in research/006_package_research_resolution.csv,,MAY,reuse_registered_tag,specific_community_variant_only,474|475,"Yucatan | Chiapas, specific Maya member packages first",RG-MESOAMERICA-CARIBBEAN-COARSE,resolved_by_restriction
IW-192,Yucatan,Level 2,reuse_registered_tag_if_present_else_provisional_X,HJX,Americas and Caribbean,"Layer B or C, Gathering",peninsular republic,Yucatan anchor,compact peninsula package,Maya or Caribbean federation,"local infantry, coastal guards","constitutional, agrarian, regional nationalist, military, patron client","regional republic history, Maya and elite politics, port economy",sourced historical flags and leaders,resolved in research/006_package_research_resolution.csv,,YUC,reuse_registered_tag,automatic_pool_ready_if_not_living,474,Yucatan,RG-MESOAMERICA-CARIBBEAN-COARSE,high
IW-193,Zapotec-Mixtec Oaxaca federation,Level 1,reuse_registered_tag_if_present_else_provisional_X,HKX,Americas and Caribbean,"Layer D, Chaos",indigenous regional federation,Oaxaca anchor,limited mountain package,Mesoamerican federation,mountain guards and local infantry,"federal council, agrarian, constitutional, military",,sourced cultural symbols after deep research,resolved in research/006_package_research_resolution.csv,,HKX,reserve_new_event6_X_tag,specific_community_variant_only,476,"Oaxaca, negotiated Zapotec and Mixtec federation only",RG-MESOAMERICA-CARIBBEAN-COARSE,resolved_by_restriction
IW-194,Miskito state,Level 2,reuse_registered_tag_if_present_else_provisional_X,HLX,Americas and Caribbean,"Layer C or D, Rising",coastal indigenous and historical polity,Mosquito Coast anchor,limited Caribbean coastal package,Caribbean or Central American federation,coastal guards and local scouts,"traditional and council, constitutional, patron client","kingdom and protectorate history, coastal trade, host relations",sourced historical flags and leaders,resolved in research/006_package_research_resolution.csv,,MIS,reuse_registered_tag,automatic_pool_ready_if_unique_state_exists,,"Mosquito Coast map group, use registered tag cores from the installed build",RG-MESOAMERICA-CARIBBEAN-COARSE,medium
IW-195,Garifuna coastal state,Level 1,reuse_registered_tag_if_present_else_provisional_X,HMX,Americas and Caribbean,"Layer D, Chaos",diaspora coastal polity,one Caribbean coast anchor,limited viable coastal package,Caribbean federation,coastal guards and local militia,"community council, constitutional, labor, patron client",,sourced cultural symbols after deep research,resolved in research/006_package_research_resolution.csv,,HMX,reserve_new_event6_X_tag,specific_community_variant_only,,"Named Garifuna coastal community map package, current-map substate required",RG-MESOAMERICA-CARIBBEAN-COARSE,resolved_by_restriction
IW-196,Caribbean Federation,Level 2,reuse_vanilla_route_overlay,HNX,Americas and Caribbean,"Layer E, Totalen",island federal project,one viable island anchor,one or more non-overlapping island members,Caribbean federation,"coastal guards, sailors, local infantry","federal constitutional, labor, traditional island councils, patron client","prefer formable route, can appear as rare high-chaos package only",generated federal flag based on sourced island motifs,resolved in research/006_package_research_resolution.csv,Vanilla antilles formable overlay; preserve member cores and formed flag and do not set only the cosmetic.,,reuse_vanilla_formable_overlay,vanilla_route_overlay_only,689|691|692|694,"Jamaica | Trinidad | Windward | French Caribbean, formable by member consent",RG-689-691-692-694,resolved_by_restriction
IW-197,Mapuche or Wallmapu state,Level 3,reuse_vanilla_route_overlay,HOX,Americas and Caribbean,"Layer D, Chaos",indigenous cross-border polity,one researched south-central Chile or Argentina anchor,"limited viable package, wider territory through diplomacy and formable",Andean or southern indigenous federation,"mounted and mountain guards, local militia","territorial council, constitutional adaptation, military, patron client","Mapuche, Lafkenche, Williche, and Pehuenche territorial identities, land and cross-border settlement",sourced cultural symbols and leaders after deep research,resolved in research/006_package_research_resolution.csv,Vanilla CHL_mapuche_state cosmetic overlay on CHL; non-selectable.,,reuse_vanilla_cosmetic_overlay,vanilla_route_overlay_only,,"Araucanía or south-central Chile map group, Mapuche federation only",RG-SOUTHERN-CONE,high
IW-198,Aymara state,Level 2,reuse_registered_tag_if_present_else_provisional_X,HPX,Americas and Caribbean,"Layer D, Chaos",highland indigenous state,Altiplano anchor,compact highland package,Andean confederation or Qullasuyu-inspired formable,"mountain infantry, local guards, mine and rail units","community-federal, constitutional, socialist, military, patron client","highland community institutions, mining and rail, cross-border politics",sourced cultural symbols and leaders after deep research,resolved in research/006_package_research_resolution.csv,,HPX,reserve_new_event6_X_tag,high_chaos_only,302,"La Paz, with cross-border Aymara territory added through diplomacy",RG-ANDES-CHACO,medium
IW-199,Quechua federation,Level 2,reuse_registered_tag_if_present_else_provisional_X,HQX,Americas and Caribbean,"Layer D, Chaos",highland regional federation,one Andean anchor,limited viable highland package,Andean confederation,"mountain infantry, local guards, mine and rail units","federal council, constitutional, socialist, traditional-cultural, military","multiple Quechua communities, language and regional administration",sourced cultural symbols and leaders after deep research,resolved in research/006_package_research_resolution.csv,,HQX,reserve_new_event6_X_tag,specific_community_variant_only,492|494,"Arequipa | Ucayali, specific Quechua regional members first",RG-ANDES-CHACO,resolved_by_restriction
IW-200,Guarani state,Level 1,reuse_registered_tag_if_present_else_provisional_X,HRX,Americas and Caribbean,"Layer D, Chaos",indigenous and regional polity,one researched Paraguay-border anchor,limited viable package,Rio de la Plata or indigenous federation,forest infantry and local guards,"community council, constitutional, agrarian, military, patron client",,sourced cultural symbols after deep research,resolved in research/006_package_research_resolution.csv,,GAR,reuse_registered_tag,high_chaos_only,301|688,Paraguay | Chaco Boreal,RG-ANDES-CHACO,medium
IW-201,Muisca restoration,Level 1,reuse_registered_tag_if_present_else_provisional_X,HSX,Americas and Caribbean,"Layer C or D, Rising",historical highland polity,Bogota plateau anchor if host survives,limited highland package,Andean or Gran Colombian federation,mountain guards and local militia,"federal council, traditional revival, constitutional, patron client",,sourced historical and cultural symbols after research,resolved in research/006_package_research_resolution.csv,,HSX,reserve_new_event6_X_tag,high_chaos_only,306,Cundinamarca,RG-ANDES-CHACO,medium
IW-202,Gran Chaco federation,Level 1,reuse_registered_tag_if_present_else_provisional_X,HTX,Americas and Caribbean,"Layer D, Chaos",frontier indigenous and regional federation,one Chaco anchor,limited viable package,Rio de la Plata or indigenous federation,frontier scouts and local guards,"federal council, military, patron client",,sourced cultural symbols after deep research,resolved in research/006_package_research_resolution.csv,,HTX,reserve_new_event6_X_tag,specific_community_variant_only,688,"Chaco Boreal, named member peoples required",RG-ANDES-CHACO,resolved_by_restriction
IW-203,Patagonian state,Level 1,reuse_registered_tag_if_present_else_provisional_X,HUX,Americas and Caribbean,"Layer E, Totalen",high-chaos regional republic,one Patagonian anchor,limited southern package,Southern Cone federation,"mounted scouts, local guards, coastal units","constitutional, labor, military, patron client, high-chaos regionalist",,generated alternate-history flag based on regional motifs,resolved in research/006_package_research_resolution.csv,,HUX,reserve_new_event6_X_tag,high_chaos_only,512|507,Patagonia | Magallanes,RG-SOUTHERN-CONE,medium
IW-204,Araucania and Patagonia restoration,Level 1,reuse_vanilla_route_overlay,HVX,Americas and Caribbean,"Layer E, Totalen",eccentric historical restoration,one southern anchor,small viable package,southern high-chaos formable,mounted guards and foreign adventurers,"traditional claimant, constitutional, military, patron client",,"sourced historical symbols and leader research, generated route variants",resolved in research/006_package_research_resolution.csv,Vanilla kingdom_of_araucania_and_patagonia cosmetic overlay on CHL; non-selectable.,,reuse_vanilla_cosmetic_overlay,vanilla_route_overlay_only,512|507,"Patagonia | Magallanes, hidden restoration route only",RG-SOUTHERN-CONE,medium
IW-205,Amazonian confederation,Level 1,reuse_registered_tag_if_present_else_provisional_X,HWX,Americas and Caribbean,"Layer E, Totalen",high-chaos river confederation,one researched river anchor,limited river corridor,Amazonian federation,"river guards, local scouts, coastal or air support","federal council, community governance, military, patron client",,generated federal flag based on sourced motifs,resolved in research/006_package_research_resolution.csv,,HWX,reserve_new_event6_X_tag,specific_community_variant_only,494|495|496,"Ucayali | Amazonas | Pará, named river peoples required",RG-AMAZON-MAROON-SPECIFIC,resolved_by_restriction
IW-206,Maroon republic,Level 1,reuse_registered_tag_if_present_else_provisional_X,HXX,Americas and Caribbean,"Layer C or D, Rising",diaspora and resistance polity,one researched historic maroon community anchor,small viable package,Caribbean or regional federation,local guards and jungle infantry,"community council, constitutional, labor, military",,sourced historical symbols after research,resolved in research/006_package_research_resolution.csv,,HXX,reserve_new_event6_X_tag,specific_community_variant_only,689,"Jamaica, or another named maroon community state selected by scenario type",RG-AMAZON-MAROON-SPECIFIC,resolved_by_restriction
