province_id,state_id,impassable_state,batch_index
2,248,no,0
3,879,no,0
6,397,no,0
7,929,no,0
8,263,no,0
10,920,no,0
11,918,no,0
12,252,no,0
14,110,no,0
15,213,no,0
17,86,no,0
18,879,no,0
21,143,no,0
22,925,no,0
23,351,no,0
26,879,no,0
27,920,no,0
30,148,no,0
31,400,no,0
32,926,no,0
35,141,no,0
36,215,no,0
37,930,no,0
38,144,no,0
39,264,no,0
40,216,no,0
44,924,no,0
45,400,no,0
46,917,no,0
49,38,no,0
52,928,no,0
53,142,no,0
57,264,no,0
58,666,no,0
60,351,no,0
61,666,no,0
62,248,no,0
63,149,no,0
64,925,no,0
65,142,no,0
66,149,no,0
67,927,no,0
68,7,no,0
69,919,no,0
70,244,no,0
71,263,no,0
72,879,no,0
73,400,no,0
74,213,no,0
75,351,no,0
76,925,no,0
77,916,no,0
78,1011,no,0
79,195,no,0
80,215,no,0
81,351,no,0
82,929,no,0
83,13,no,0
84,351,no,0
85,247,no,0
86,215,no,0
87,880,no,0
88,400,no,0
89,879,no,0
90,216,no,0
91,924,no,0
92,216,no,0
93,264,no,0
94,215,no,0
95,209,no,0
96,824,no,0
97,248,no,0
98,213,no,0
99,397,no,0
100,921,no,0
101,666,no,0
102,142,no,0
103,148,no,0
104,208,no,0
105,825,no,0
106,351,no,0
107,143,no,0
108,397,no,0
109,918,no,0
110,263,no,0
111,920,no,0
112,400,no,0
113,917,no,0
114,916,no,0
115,143,no,0
116,213,no,0
117,263,no,0
118,918,no,0
119,400,no,0
120,929,no,0
121,248,no,0
122,142,no,0
123,398,no,0
124,148,no,0
125,38,no,0
126,208,no,0
127,879,no,0
128,925,no,0
129,351,no,0
130,38,no,0
131,120,no,0
132,929,no,0
133,920,no,0
134,215,no,0
135,351,no,0
136,150,no,0
137,142,no,0
138,879,no,0
139,928,no,0
140,214,no,0
141,150,no,0
142,213,no,0
143,351,no,0
144,920,no,0
145,918,no,0
146,400,no,0
147,919,no,0
148,666,no,0
149,195,no,0
150,247,no,0
151,666,no,0
152,264,no,0
153,695,no,0
154,262,no,0
155,215,no,0
156,916,no,0
157,215,no,0
158,929,no,0
159,121,no,0
160,351,no,0
161,141,no,0
162,148,no,0
163,351,no,0
164,248,no,0
165,930,no,0
166,351,no,0
167,148,no,0
168,917,no,0
169,926,no,0
170,215,no,0
171,915,no,0
172,264,no,0
173,923,no,0
174,351,no,0
175,400,no,0
176,215,no,0
177,694,no,0
178,213,no,0
179,920,no,0
180,214,no,0
181,208,no,0
182,918,no,0
183,880,no,0
184,918,no,0
185,811,no,0
186,397,no,0
187,246,no,0
188,142,no,0
189,398,no,0
190,666,no,0
191,889,no,0
192,144,no,0
193,150,no,0
194,264,no,0
195,929,no,0
196,351,no,0
197,147,no,0
198,825,no,0
199,142,no,0
200,136,no,0
201,666,no,0
202,916,no,0
203,148,no,0
204,111,no,0
205,38,no,0
206,398,no,0
207,210,no,0
208,255,no,0
211,139,no,0
212,223,no,0
214,253,no,0
215,194,no,0
216,206,no,0
219,931,no,0
221,125,no,0
222,810,no,0
223,243,no,0
226,246,no,0
227,652,no,0
228,249,no,0
231,248,no,0
232,257,no,0
233,96,no,0
236,243,no,0
237,573,no,0
238,193,no,0
241,56,no,0
242,139,no,0
243,807,no,0
246,205,no,0
247,56,no,0
248,210,no,0
252,248,no,0
253,122,no,0
256,252,no,0
257,255,no,0
260,249,no,0
261,223,no,0
265,809,no,0
266,5,no,0
268,61,no,0
269,254,no,0
270,252,no,0
271,125,no,0
272,400,no,0
273,651,no,0
274,205,no,0
275,257,no,0
276,119,no,0
277,96,no,0
278,573,no,0
279,807,no,0
280,253,no,0
281,763,no,0
282,833,no,0
283,254,no,0
284,120,no,0
285,113,no,0
286,250,no,0
287,246,no,0
288,224,no,0
289,241,no,0
290,97,no,0
291,651,no,0
292,249,no,0
293,61,no,0
294,206,no,0
295,140,no,0
296,125,no,0
297,252,no,0
298,251,no,0
299,139,no,0
300,223,no,0
301,219,no,0
302,222,no,0
303,113,no,1
304,204,no,1
305,399,no,1
306,242,no,1
307,653,no,1
308,13,no,1
309,56,no,1
310,810,no,1
311,122,no,1
312,214,no,1
313,257,no,1
314,254,no,1
315,224,no,1
316,99,no,1
317,909,no,1
318,95,no,1
319,810,no,1
320,263,no,1
321,61,no,1
322,125,no,1
323,207,no,1
324,255,no,1
325,833,no,1
326,239,no,1
327,11,no,1
328,222,no,1
329,139,no,1
330,254,no,1
331,204,no,1
332,912,no,1
333,246,no,1
334,807,no,1
335,242,no,1
336,56,no,1
337,134,no,1
338,251,no,1
339,251,no,1
340,257,no,1
341,810,no,1
342,206,no,1
343,224,no,1
344,247,no,1
345,250,no,1
346,253,no,1
347,97,no,1
348,763,no,1
349,62,no,1
350,219,no,1
351,131,no,1
352,205,no,1
353,239,no,1
354,210,no,1
355,249,no,1
356,258,no,1
357,253,no,1
358,96,no,1
359,400,no,1
360,204,no,1
361,573,no,1
362,85,no,1
363,139,no,1
364,129,no,1
365,251,no,1
366,219,no,1
367,257,no,1
368,252,no,1
369,113,no,1
370,399,no,1
371,224,no,1
372,249,no,1
373,730,no,1
374,59,no,1
375,64,no,1
376,255,no,1
377,122,no,1
378,253,no,1
379,692,no,1
380,255,no,1
381,399,no,1
382,205,no,1
383,140,no,1
384,222,no,1
385,119,no,1
386,204,no,1
387,210,no,1
388,86,no,1
389,807,no,1
390,398,no,1
391,7,no,1
392,250,no,1
393,251,no,1
394,99,no,1
395,763,no,1
396,257,no,1
397,254,no,1
398,224,no,1
399,99,no,1
400,97,no,1
401,219,no,1
402,10,no,1
403,249,no,1
404,249,no,1
405,57,no,1
406,96,no,1
407,122,no,1
408,124,no,1
409,197,no,1
410,401,no,1
413,260,no,1
414,78,no,1
415,209,no,1
417,88,no,1
418,221,no,1
421,74,no,1
422,93,no,1
424,69,no,1
425,60,no,1
426,238,no,1
429,200,no,1
432,407,no,1
433,239,no,1
434,203,no,1
437,260,no,1
438,91,no,1
441,201,no,1
442,88,no,1
444,68,no,1
445,9,no,1
449,245,no,1
452,401,no,1
453,226,no,1
454,785,no,1
457,220,no,1
458,203,no,1
462,199,no,1
463,225,no,1
464,406,no,1
466,88,no,1
467,10,no,1
468,407,no,1
469,69,no,1
470,407,no,1
471,257,no,1
472,226,no,1
473,240,no,1
474,93,no,1
475,587,no,1
476,198,no,1
477,406,no,1
478,64,no,1
479,67,no,1
480,35,no,1
481,237,no,1
482,60,no,1
483,239,no,1
484,245,no,1
485,15,no,1
486,226,no,1
487,265,no,1
488,203,no,1
489,202,no,1
490,466,no,1
491,91,no,1
492,367,no,1
493,87,no,1
494,9,no,1
495,57,no,1
496,812,no,1
497,251,no,1
498,217,no,1
499,401,no,1
500,245,no,1
501,225,no,1
502,227,no,1
503,30,no,1
504,202,no,1
505,385,no,1
506,762,no,1
507,127,no,1
508,407,no,1
509,245,no,1
510,260,no,1
511,259,no,1
512,24,no,1
513,93,no,1
514,65,no,1
515,470,no,1
516,6,no,1
517,1032,no,1
518,265,no,1
519,50,no,1
520,217,no,1
521,17,no,1
522,225,no,1
523,228,no,1
524,10,no,1
525,202,no,1
526,59,no,1
527,30,no,1
528,385,no,1
529,51,no,1
530,815,no,1
531,283,no,1
532,53,no,1
533,245,no,1
534,240,no,1
535,94,no,1
536,91,no,1
537,68,no,1
538,60,no,1
539,15,no,1
540,123,no,1
541,70,no,1
542,14,no,1
543,972,no,1
544,265,no,1
545,407,no,1
546,193,no,1
547,228,no,1
548,98,no,1
549,28,no,1
550,201,no,1
551,18,no,1
552,66,no,1
553,15,no,1
554,406,no,1
555,71,no,1
556,283,no,1
557,972,no,1
558,220,no,1
559,259,no,1
560,94,no,1
561,54,no,1
562,90,no,1
563,42,no,1
564,55,no,1
565,78,no,1
566,407,no,1
567,812,no,1
568,196,no,1
569,75,no,1
570,228,no,1
571,53,no,1
572,93,no,1
573,65,no,1
574,197,no,1
575,29,no,1
576,407,no,1
577,80,no,1
578,239,no,1
579,265,no,2
580,220,no,2
581,71,no,2
582,202,no,2
583,9,no,2
584,87,no,2
585,218,no,2
586,53,no,2
587,51,no,2
588,200,no,2
589,55,no,2
590,26,no,2
591,103,no,2
592,191,no,2
595,23,no,2
596,102,no,2
598,358,no,2
599,736,no,2
602,682,no,2
603,160,no,2
605,276,no,2
606,104,no,2
607,159,no,2
610,378,no,2
611,158,no,2
614,764,no,2
615,406,no,2
618,236,no,2
619,45,no,2
620,25,no,2
624,109,no,2
625,25,no,2
628,160,no,2
629,23,no,2
630,108,no,2
634,465,no,2
636,847,no,2
637,81,no,2
638,365,no,2
641,20,no,2
642,587,no,2
646,82,no,2
648,27,no,2
649,211,no,2
650,279,no,2
651,33,no,2
652,800,no,2
653,976,no,2
654,231,no,2
655,23,no,2
656,39,no,2
657,971,no,2
658,151,no,2
659,261,no,2
660,46,no,2
661,151,no,2
662,82,no,2
663,3,no,2
664,408,no,2
665,102,no,2
666,821,no,2
667,27,no,2
668,153,no,2
669,33,no,2
670,821,no,2
671,153,no,2
672,826,no,2
673,153,no,2
674,46,no,2
675,657,no,2
676,84,no,2
677,378,no,2
678,28,no,2
679,154,no,2
680,27,no,2
681,408,no,2
682,974,no,2
683,232,no,2
684,43,no,2
685,827,no,2
686,155,no,2
687,971,no,2
688,152,no,2
689,261,no,2
690,84,no,2
691,393,no,2
692,52,no,2
693,84,no,2
694,50,no,2
695,393,no,2
696,83,no,2
697,981,no,2
698,17,no,2
699,154,no,2
700,232,no,2
701,155,no,2
702,360,no,2
703,394,no,2
704,4,no,2
705,137,no,2
706,358,no,2
707,52,no,2
708,52,no,2
709,393,no,2
710,378,no,2
711,76,no,2
712,232,no,2
713,76,no,2
714,235,no,2
715,357,no,2
716,43,no,2
717,234,no,2
718,357,no,2
719,234,no,2
720,395,no,2
721,196,no,2
722,276,no,2
723,79,no,2
724,180,no,2
725,409,no,2
726,174,no,2
727,76,no,2
728,232,no,2
729,171,no,2
730,154,no,2
731,235,no,2
732,4,no,2
733,357,no,2
734,358,no,2
735,234,no,2
736,469,no,2
737,196,no,2
738,790,no,2
739,409,no,2
740,792,no,2
741,834,no,2
742,237,no,2
743,806,no,2
744,79,no,2
745,237,no,2
746,76,no,2
747,173,no,2
748,235,no,2
749,276,no,2
750,234,no,2
751,393,no,2
752,22,no,2
753,409,no,2
754,834,no,2
755,25,no,2
756,584,no,2
757,236,no,2
758,171,no,2
759,237,no,2
760,22,no,2
761,866,no,2
762,32,no,2
763,866,no,2
764,735,no,2
765,234,no,2
766,378,no,2
767,196,no,2
768,378,no,2
769,26,no,2
770,158,no,2
771,158,no,2
772,231,no,2
773,159,no,2
774,276,no,2
775,238,no,2
776,158,no,2
777,682,no,2
778,735,no,2
779,276,no,2
780,32,no,2
781,378,no,2
782,161,no,2
783,717,no,2
784,346,no,2
785,340,no,2
788,362,no,2
789,354,no,2
790,794,no,2
792,553,no,2
793,48,no,2
794,788,no,2
797,107,no,2
798,794,no,2
799,112,no,2
800,328,no,2
801,816,no,2
804,49,no,2
805,375,no,2
806,344,no,2
809,170,no,2
810,408,no,2
813,166,no,2
814,610,no,2
817,27,no,2
818,46,no,2
819,117,no,2
822,360,no,2
823,378,no,2
827,261,no,2
828,611,no,2
829,421,no,2
831,261,no,2
832,168,no,2
833,970,no,2
836,716,no,2
837,408,no,2
841,185,no,2
844,795,no,2
845,181,no,2
846,716,no,2
847,360,no,2
848,1028,no,2
849,341,no,2
850,377,no,2
851,117,no,2
852,1028,no,2
853,377,no,2
854,165,no,2
855,655,no,2
856,343,no,2
857,176,no,2
858,41,no,2
859,358,no,2
860,367,no,2
861,328,no,2
862,360,no,2
863,47,no,2
864,352,no,2
865,362,no,2
866,366,no,2
867,970,no,2
868,382,no,2
869,346,no,2
870,396,no,2
871,794,no,2
872,165,no,2
873,362,no,2
874,788,no,2
875,789,no,2
876,353,no,2
877,180,no,2
878,212,no,2
879,789,no,2
880,360,no,2
881,610,no,2
882,261,no,3
883,849,no,3
884,176,no,3
885,176,no,3
886,348,no,3
887,328,no,3
888,793,no,3
889,181,no,3
890,347,no,3
891,360,no,3
892,716,no,3
893,212,no,3
894,360,no,3
895,731,no,3
896,41,no,3
897,165,no,3
898,1028,no,3
899,794,no,3
900,609,no,3
901,680,no,3
902,114,no,3
903,791,no,3
904,347,no,3
905,357,no,3
906,1028,no,3
907,106,no,3
908,357,no,3
909,49,no,3
910,162,no,3
911,851,no,3
912,527,no,3
913,368,no,3
914,805,no,3
915,794,no,3
916,715,no,3
917,471,no,3
918,174,no,3
919,798,no,3
920,174,no,3
921,348,no,3
922,341,no,3
923,2,no,3
924,795,no,3
925,157,no,3
926,394,no,3
927,328,no,3
928,339,no,3
929,31,no,3
930,715,no,3
931,170,no,3
932,172,no,3
933,355,no,3
934,610,no,3
935,48,no,3
936,731,no,3
937,105,no,3
938,181,no,3
939,41,no,3
940,346,no,3
941,378,no,3
942,793,no,3
943,31,no,3
944,717,no,3
945,328,no,3
946,328,no,3
947,340,no,3
948,166,no,3
949,48,no,3
950,789,no,3
951,362,no,3
952,611,no,3
953,804,no,3
954,395,no,3
955,117,no,3
956,851,no,3
957,408,no,3
958,21,no,3
959,1028,no,3
960,355,no,3
961,348,no,3
962,167,no,3
963,157,no,3
964,716,no,3
965,48,no,3
966,731,no,3
967,157,no,3
968,365,no,3
969,159,no,3
970,179,no,3
971,261,no,3
972,610,no,3
973,717,no,3
974,106,no,3
975,355,no,3
976,47,no,3
977,41,no,3
978,1028,no,3
979,356,no,3
980,179,no,3
981,343,no,3
982,104,no,3
983,862,no,3
984,103,no,3
985,170,no,3
986,378,no,3
987,716,no,3
988,538,no,3
989,461,no,3
992,907,no,3
993,282,no,3
994,591,no,3
996,1034,no,3
997,432,no,3
998,535,no,3
1001,598,no,3
1002,633,no,3
1003,527,no,3
1004,607,no,3
1005,342,no,3
1006,595,no,3
1009,115,no,3
1010,748,no,3
1013,459,no,3
1014,997,no,3
1015,454,no,3
1018,1033,no,3
1019,363,no,3
1020,1018,no,3
1023,599,no,3
1024,1019,no,3
1025,528,no,3
1027,615,no,3
1028,456,no,3
1029,598,no,3
1033,855,no,3
1034,615,no,3
1036,600,no,3
1037,458,no,3
1038,591,no,3
1041,449,no,3
1042,634,no,3
1043,514,yes,3
1046,458,no,3
1047,592,no,3
1048,169,no,3
1051,531,no,3
1052,609,no,3
1053,600,no,3
1054,1030,no,3
1055,596,no,3
1056,677,no,3
1057,273,yes,3
1058,460,no,3
1059,426,no,3
1060,273,yes,3
1061,428,no,3
1062,663,no,3
1063,533,no,3
1064,456,no,3
1065,454,no,3
1066,600,no,3
1067,531,no,3
1068,907,no,3
1069,1038,no,3
1070,591,no,3
1071,447,no,3
1072,677,no,3
1073,671,no,3
1074,554,no,3
1075,432,no,3
1076,598,no,3
1077,363,no,3
1078,593,no,3
1079,461,no,3
1080,457,no,3
1081,1030,no,3
1082,998,no,3
1083,606,no,3
1084,1038,no,3
1085,634,no,3
1086,454,no,3
1087,592,no,3
1088,677,no,3
1089,1034,no,3
1090,789,no,3
1091,524,no,3
1092,529,no,3
1093,168,no,3
1094,595,no,3
1095,514,yes,3
1096,596,no,3
1097,282,no,3
1098,1056,no,3
1099,1035,no,3
1100,525,no,3
1101,426,no,3
1102,462,no,3
1103,428,no,3
1104,597,no,3
1105,665,no,3
1106,185,no,3
1107,987,no,3
1108,553,no,3
1109,47,no,3
1110,600,no,3
1111,461,no,3
1112,453,no,3
1113,282,no,3
1114,325,no,3
1115,782,yes,3
1116,434,no,3
1117,534,no,3
1118,448,no,3
1119,342,no,3
1120,593,no,3
1121,598,no,3
1122,345,no,3
1123,526,no,3
1124,1038,no,3
1125,749,no,3
1126,513,no,3
1127,450,no,3
1128,513,no,3
1129,986,no,3
1130,451,no,3
1131,592,no,3
1132,363,no,3
1133,531,no,3
1134,608,no,3
1135,463,no,3
1136,531,no,3
1137,1039,no,3
1138,595,no,3
1139,607,no,3
1140,273,yes,3
1141,513,no,3
1142,997,no,3
1143,552,yes,3
1144,428,no,3
1145,459,no,3
1146,1035,no,3
1147,443,no,3
1148,1029,no,3
1149,448,no,3
1150,745,no,3
1151,456,no,3
1152,462,no,3
1153,749,no,3
1154,597,no,3
1155,446,no,3
1156,115,no,4
1157,671,no,4
1158,528,no,4
1159,431,no,4
1160,460,no,4
1161,598,no,4
1162,593,no,4
1163,363,no,4
1164,182,no,4
1165,533,no,4
1166,595,no,4
1167,1020,no,4
1168,596,no,4
1169,614,no,4
1170,999,no,4
1171,749,no,4
1172,325,no,4
1173,186,no,4
1174,661,no,4
1175,524,no,4
1176,173,no,4
1177,1031,no,4
1178,169,no,4
1179,444,no,4
1180,615,no,4
1181,890,no,4
1182,282,no,4
1183,1018,no,4
1184,597,no,4
1185,671,no,4
1186,663,no,4
1187,592,no,4
1188,614,no,4
1189,448,no,4
1190,428,no,4
1191,1020,no,4
1192,789,no,4
1193,595,no,4
1194,461,no,4
1195,596,no,4
1196,325,no,4
1197,998,no,4
1198,449,no,4
1199,433,no,4
1200,597,no,4
1201,454,no,4
1202,593,no,4
1203,615,no,4
1204,451,no,4
1205,185,no,4
1206,456,no,4
1207,462,no,4
1208,333,no,4
1209,1051,no,4
1210,652,no,4
1213,422,no,4
1214,740,no,4
1216,742,no,4
1217,520,no,4
1220,402,no,4
1221,327,no,4
1222,523,no,4
1223,590,no,4
1224,625,no,4
1225,1055,no,4
1228,424,no,4
1229,590,no,4
1230,1022,yes,4
1233,572,no,4
1234,627,no,4
1237,1071,no,4
1238,423,no,4
1239,589,no,4
1242,523,no,4
1243,881,no,4
1244,1078,no,4
1246,672,no,4
1247,402,no,4
1248,286,no,4
1252,1055,no,4
1253,869,no,4
1254,652,no,4
1257,753,no,4
1258,651,no,4
1261,628,no,4
1262,470,no,4
1263,635,no,4
1267,409,no,4
1268,423,no,4
1269,634,no,4
1272,583,no,4
1273,321,no,4
1274,672,no,4
1275,427,no,4
1276,583,no,4
1277,1049,no,4
1278,651,no,4
1279,724,no,4
1280,270,no,4
1281,724,no,4
1282,357,no,4
1283,523,no,4
1284,468,no,4
1285,286,no,4
1286,737,no,4
1287,588,no,4
1288,327,no,4
1289,1056,no,4
1290,407,no,4
1291,1061,no,4
1292,572,no,4
1293,1026,no,4
1294,572,no,4
1295,397,no,4
1296,994,no,4
1297,40,no,4
1298,1053,no,4
1299,682,no,4
1300,286,no,4
1301,737,no,4
1302,1017,no,4
1303,583,no,4
1304,334,no,4
1305,651,no,4
1306,1024,no,4
1307,397,no,4
1308,724,no,4
1309,590,no,4
1310,523,no,4
1311,625,no,4
1312,881,no,4
1313,672,no,4
1314,402,no,4
1315,994,no,4
1316,334,no,4
1317,427,no,4
1318,407,no,4
1319,325,no,4
1320,386,no,4
1321,982,no,4
1322,537,no,4
1323,473,no,4
1324,741,no,4
1325,409,no,4
1326,721,no,4
1327,572,no,4
1328,286,no,4
1329,737,no,4
1330,995,no,4
1331,583,no,4
1332,1049,no,4
1333,997,no,4
1334,582,no,4
1335,1024,no,4
1336,398,no,4
1337,724,no,4
1338,357,no,4
1339,1054,no,4
1340,625,no,4
1341,862,no,4
1342,672,no,4
1343,409,no,4
1344,424,no,4
1345,1049,no,4
1346,28,no,4
1347,470,no,4
1348,1062,no,4
1349,429,no,4
1350,652,no,4
1351,668,no,4
1352,383,no,4
1353,741,no,4
1354,464,no,4
1355,1054,no,4
1356,863,no,4
1357,868,no,4
1358,1070,no,4
1359,427,no,4
1360,583,no,4
1361,737,no,4
1362,670,no,4
1363,583,no,4
1364,1064,no,4
1365,398,no,4
1366,724,no,4
1367,1041,no,4
1368,628,no,4
1369,569,no,4
1370,634,no,4
1371,402,no,4
1372,624,no,4
1373,1049,no,4
1374,1068,no,4
1375,590,no,4
1376,1064,no,4
1377,438,no,4
1378,652,no,4
1379,1026,no,4
1380,398,no,4
1381,423,no,4
1382,881,no,4
1383,325,no,4
1384,742,no,4
1385,994,no,4
1386,335,no,4
1387,403,no,4
1388,327,no,4
1389,979,no,4
1390,670,no,4
1391,590,no,4
1392,1063,no,4
1393,473,no,4
1394,724,no,4
1395,1041,no,4
1396,1066,no,4
1397,409,no,4
1398,335,no,4
1399,555,no,4
1400,286,no,4
1401,672,no,4
1402,881,no,4
1403,994,no,4
1404,1055,no,4
1405,427,no,4
1406,582,no,4
1407,627,no,4
1408,473,no,4
1409,982,no,4
1410,520,no,4
1411,471,no,4
1412,425,no,4
1413,1051,no,4
1414,385,no,4
1415,1027,no,4
1416,1055,no,4
1417,994,no,4
1418,590,no,4
1419,668,no,4
1420,740,no,4
1421,1025,no,4
1422,520,no,4
1423,1066,no,4
1424,465,no,4
1425,335,no,4
1426,332,no,4
1427,1076,no,4
1428,1048,no,4
1429,402,no,4
1430,424,no,4
1431,520,no,4
1432,378,no,5
1433,365,no,5
1436,358,no,5
1437,668,no,5
1438,615,no,5
1440,686,no,5
1441,373,no,5
1444,435,no,5
1445,369,no,5
1446,936,no,5
1448,602,no,5
1449,510,no,5
1450,232,no,5
1453,371,no,5
1454,520,no,5
1455,821,no,5
1458,1046,no,5
1459,405,no,5
1460,1048,no,5
1463,352,no,5
1464,670,no,5
1467,229,no,5
1468,719,no,5
1469,594,no,5
1472,521,no,5
1473,774,no,5
1474,603,no,5
1478,520,no,5
1479,823,no,5
1480,365,no,5
1483,732,no,5
1484,1056,no,5
1485,364,no,5
1488,869,no,5
1489,611,no,5
1492,640,no,5
1493,832,no,5
1494,719,no,5
1497,432,no,5
1498,522,no,5
1499,715,no,5
1500,375,no,5
1501,872,no,5
1502,714,no,5
1503,372,no,5
1504,409,no,5
1505,1056,no,5
1506,362,no,5
1507,670,no,5
1508,715,no,5
1509,681,no,5
1510,436,no,5
1511,522,no,5
1512,536,no,5
1513,693,no,5
1514,872,no,5
1515,555,no,5
1516,889,no,5
1517,587,no,5
1518,1056,no,5
1519,615,no,5
1520,670,no,5
1521,1004,no,5
1522,325,no,5
1523,373,no,5
1524,936,no,5
1525,990,no,5
1526,871,no,5
1527,395,no,5
1528,371,no,5
1529,503,no,5
1530,231,no,5
1531,615,no,5
1532,585,no,5
1533,1048,no,5
1534,373,no,5
1535,868,no,5
1536,229,no,5
1537,285,no,5
1538,426,no,5
1539,229,no,5
1540,522,no,5
1541,435,no,5
1542,502,no,5
1543,653,no,5
1544,455,no,5
1545,714,no,5
1546,669,no,5
1547,364,no,5
1548,868,no,5
1549,680,no,5
1550,315,no,5
1551,612,no,5
1552,891,no,5
1553,990,no,5
1554,585,no,5
1555,278,no,5
1556,366,no,5
1557,521,no,5
1558,715,no,5
1559,371,no,5
1560,394,no,5
1561,1056,no,5
1562,378,no,5
1563,1068,no,5
1564,373,no,5
1565,1079,no,5
1566,999,no,5
1567,328,no,5
1568,278,no,5
1569,435,no,5
1570,521,no,5
1571,717,no,5
1572,366,no,5
1573,830,no,5
1574,668,no,5
1575,615,no,5
1576,823,no,5
1577,1068,no,5
1578,680,no,5
1579,984,no,5
1580,542,no,5
1581,432,no,5
1582,369,no,5
1583,501,no,5
1584,366,no,5
1585,502,no,5
1586,392,no,5
1587,367,no,5
1588,714,no,5
1589,673,no,5
1590,1039,no,5
1591,586,no,5
1592,1068,no,5
1593,584,no,5
1594,318,no,5
1595,396,no,5
1596,278,no,5
1597,599,no,5
1598,502,no,5
1599,231,no,5
1600,676,no,5
1601,378,no,5
1602,1057,no,5
1603,607,no,5
1604,395,no,5
1605,286,no,5
1606,680,no,5
1607,999,no,5
1608,612,no,5
1609,431,no,5
1610,229,no,5
1611,285,no,5
1612,620,no,5
1613,946,no,5
1614,823,no,5
1615,370,no,5
1616,162,no,5
1617,1057,no,5
1618,374,no,5
1619,357,no,5
1620,741,no,5
1621,373,no,5
1622,984,no,5
1623,830,no,5
1624,278,no,5
1625,594,no,5
1626,946,no,5
1627,715,no,5
1628,600,no,5
1629,1057,no,5
1630,1044,no,5
1631,1010,no,5
1632,584,no,5
1633,304,no,5
1634,680,no,5
1635,318,no,5
1636,419,no,5
1637,435,no,5
1638,715,no,5
1639,278,no,5
1640,602,no,5
1641,945,no,5
1642,536,no,5
1643,371,no,5
1644,872,no,5
1645,714,no,5
1646,372,no,5
1647,283,no,5
1648,1050,no,5
1649,832,no,5
1650,995,no,5
1651,378,no,5
1652,522,no,5
1653,325,no,5
1654,945,no,5
1655,395,no,5
1656,431,no,5
1657,861,no,5
1658,382,no,5
1659,580,no,5
1662,590,no,5
1663,380,no,5
1664,579,no,5
1666,565,no,5
1667,285,no,5
1668,589,no,5
1671,865,no,5
1672,563,no,5
1674,578,no,5
1675,732,no,5
1676,329,no,5
1678,392,no,5
1679,576,no,5
1680,590,no,5
1683,384,no,5
1684,579,no,5
1685,569,no,5
1688,275,no,5
1689,820,no,5
1690,386,no,5
1693,714,no,5
1694,590,no,5
1696,564,no,5
1697,576,no,5
1698,759,no,5
1702,569,no,5
1703,617,no,5
1704,653,no,5
1707,566,no,5
1708,618,no,5
1709,571,no,5
1712,466,no,5
1713,1079,no,5
1714,562,no,5
1718,578,no,5
1719,391,no,5
1722,876,no,5
1723,817,no,5
1724,560,no,5
1725,330,no,5
1726,577,no,5
1727,566,no,5
1728,330,no,5
1729,824,no,5
1730,561,no,5
1731,888,no,5
1732,714,no,5
1733,570,no,5
1734,391,no,5
1735,567,no,6
1736,388,no,6
1737,473,no,6
1738,382,no,6
1739,561,no,6
1740,380,no,6
1741,576,no,6
1742,655,no,6
1743,819,no,6
1744,580,no,6
1745,877,no,6
1746,1079,no,6
1747,390,no,6
1748,574,no,6
1749,588,no,6
1750,653,no,6
1751,698,no,6
1752,389,no,6
1753,383,no,6
1754,398,no,6
1755,655,no,6
1756,380,no,6
1757,824,no,6
1758,368,no,6
1759,517,no,6
1760,394,no,6
1761,565,no,6
1762,564,no,6
1763,470,no,6
1764,862,no,6
1765,578,no,6
1766,619,no,6
1767,388,no,6
1768,577,no,6
1769,682,no,6
1770,392,no,6
1771,653,no,6
1772,560,no,6
1773,519,no,6
1774,818,no,6
1775,572,no,6
1776,761,no,6
1777,568,no,6
1778,756,no,6
1779,40,no,6
1780,576,no,6
1781,817,no,6
1782,682,no,6
1783,618,no,6
1784,577,no,6
1785,332,no,6
1786,1079,no,6
1787,817,no,6
1788,469,no,6
1789,387,no,6
1790,570,no,6
1791,820,no,6
1792,575,no,6
1793,377,no,6
1794,40,no,6
1795,574,no,6
1796,612,no,6
1797,40,no,6
1798,330,no,6
1799,471,no,6
1800,571,no,6
1801,284,no,6
1802,657,no,6
1803,567,no,6
1804,470,no,6
1805,562,no,6
1806,374,no,6
1807,560,no,6
1808,653,no,6
1809,382,no,6
1810,564,no,6
1811,612,no,6
1812,580,no,6
1813,567,no,6
1814,284,no,6
1815,381,no,6
1816,569,no,6
1817,889,no,6
1818,588,no,6
1819,644,no,6
1820,537,no,6
1821,653,no,6
1822,419,no,6
1823,637,no,6
1824,578,no,6
1825,732,no,6
1826,563,no,6
1827,382,no,6
1828,576,no,6
1829,566,no,6
1830,463,no,6
1831,392,no,6
1832,387,no,6
1833,719,no,6
1834,820,no,6
1835,571,no,6
1836,389,no,6
1837,576,no,6
1838,760,no,6
1839,637,no,6
1840,586,no,6
1841,653,no,6
1842,560,no,6
1843,366,no,6
1844,618,no,6
1845,561,no,6
1846,771,no,6
1847,714,no,6
1848,467,no,6
1849,394,no,6
1850,568,no,6
1851,388,no,6
1852,574,no,6
1853,817,no,6
1854,388,no,6
1855,817,no,6
1856,577,no,6
1857,388,no,6
1858,473,no,6
1859,330,no,6
1860,570,no,6
1861,285,no,6
1862,379,no,6
1863,637,no,6
1864,588,no,6
1865,874,no,6
1866,391,no,6
1867,391,no,6
1868,819,no,6
1869,739,no,6
1870,389,no,6
1871,612,no,6
1872,471,no,6
1873,467,no,6
1874,545,no,6
1875,390,no,6
1876,567,no,6
1877,329,no,6
1878,574,no,6
1879,882,no,6
1880,403,no,6
1881,396,no,6
1882,754,no,6
1883,774,no,6
1884,603,no,6
1887,486,no,6
1888,416,no,6
1889,410,no,6
1891,902,no,6
1892,484,no,6
1893,605,no,6
1896,1000,no,6
1897,786,yes,6
1898,438,no,6
1900,475,no,6
1901,514,yes,6
1903,297,no,6
1904,484,no,6
1905,269,no,6
1908,433,no,6
1909,780,no,6
1910,787,no,6
1913,366,no,6
1914,886,no,6
1915,375,no,6
1918,752,no,6
1919,742,no,6
1920,293,no,6
1922,413,no,6
1923,856,no,6
1927,375,no,6
1928,309,no,6
1929,888,no,6
1932,902,no,6
1933,283,no,6
1934,998,no,6
1937,493,no,6
1938,676,no,6
1939,547,no,6
1943,1042,no,6
1944,489,no,6
1945,481,no,6
1947,294,no,6
1948,1009,no,6
1949,991,no,6
1950,718,no,6
1951,777,no,6
1952,479,no,6
1953,885,no,6
1954,375,no,6
1955,859,no,6
1956,515,yes,6
1957,416,no,6
1958,514,yes,6
1959,746,no,6
1960,887,no,6
1961,758,no,6
1962,786,yes,6
1963,1002,no,6
1964,559,no,6
1965,277,no,6
1966,559,no,6
1967,513,no,6
1968,889,no,6
1969,902,no,6
1970,1042,no,6
1971,443,no,6
1972,376,no,6
1973,293,no,6
1974,660,no,6
1975,781,no,6
1976,744,no,6
1977,883,no,6
1978,987,no,6
1979,495,no,6
1980,443,no,6
1981,488,no,6
1982,417,no,6
1983,438,no,6
1984,841,no,6
1985,1045,no,6
1986,414,no,6
1987,368,no,6
1988,317,no,6
1989,462,no,6
1990,869,no,6
1991,757,no,6
1992,900,no,6
1993,774,no,6
1994,273,yes,6
1995,415,no,6
1996,434,no,6
1997,489,no,6
1998,375,no,6
1999,752,no,6
2000,416,no,6
2001,778,no,6
2002,986,no,6
2003,883,no,6
2004,1011,no,6
2005,438,no,6
2006,744,no,6
2007,486,no,6
2008,277,no,6
2009,839,no,6
2010,322,no,7
2011,277,no,7
2012,899,no,7
2013,680,no,7
2014,757,no,7
2015,619,no,7
2016,549,no,7
2017,1009,no,7
2018,1015,no,7
2019,375,no,7
2020,559,no,7
2021,476,no,7
2022,283,no,7
2023,493,no,7
2024,888,no,7
2025,902,no,7
2026,411,no,7
2027,855,no,7
2028,756,no,7
2029,659,no,7
2030,605,no,7
2031,312,no,7
2032,439,no,7
2033,679,no,7
2034,718,no,7
2035,938,no,7
2036,991,no,7
2037,482,no,7
2038,700,no,7
2039,410,no,7
2040,841,no,7
2041,787,no,7
2042,375,no,7
2043,374,no,7
2044,898,no,7
2045,753,no,7
2046,551,no,7
2047,1022,yes,7
2048,658,no,7
2049,514,yes,7
2050,558,no,7
2051,478,no,7
2052,489,no,7
2053,755,no,7
2054,433,no,7
2055,375,no,7
2056,781,no,7
2057,854,no,7
2058,732,no,7
2059,1016,no,7
2060,480,no,7
2061,999,no,7
2062,1009,no,7
2063,559,no,7
2064,552,yes,7
2065,417,no,7
2066,547,no,7
2067,751,no,7
2068,782,yes,7
2069,483,no,7
2070,410,no,7
2071,1000,no,7
2072,842,no,7
2073,718,no,7
2074,759,no,7
2075,317,no,7
2076,986,no,7
2077,311,no,7
2078,1009,no,7
2079,306,no,7
2080,773,no,7
2081,774,no,7
2082,375,no,7
2083,479,no,7
2084,787,no,7
2085,493,no,7
2086,439,no,7
2087,621,no,7
2088,883,no,7
2089,1011,no,7
2090,856,no,7
2091,605,no,7
2092,437,no,7
2093,322,no,7
2094,700,no,7
2095,855,no,7
2096,884,no,7
2097,291,no,7
2098,757,no,7
2099,755,no,7
2100,272,no,7
2101,1009,no,7
2102,376,no,7
2103,1016,no,7
2104,480,no,7
2105,437,no,7
2106,509,no,7
2109,944,no,7
2111,280,no,7
2114,285,no,7
2115,796,no,7
2116,873,no,7
2117,333,no,7
2120,896,no,7
2123,897,no,7
2126,891,no,7
2129,1073,yes,7
2130,517,no,7
2132,935,no,7
2133,1074,yes,7
2136,960,no,7
2139,520,no,7
2142,280,no,7
2146,285,no,7
2147,965,yes,7
2149,512,no,7
2150,497,no,7
2151,545,no,7
2152,301,no,7
2153,943,no,7
2154,718,no,7
2155,517,no,7
2156,303,no,7
2157,522,no,7
2158,958,no,7
2159,897,no,7
2160,487,no,7
2161,949,no,7
2162,303,no,7
2163,285,no,7
2164,936,no,7
2165,713,no,7
2166,872,no,7
2167,496,no,7
2168,941,no,7
2169,954,no,7
2170,1022,yes,7
2171,275,no,7
2172,956,no,7
2173,301,no,7
2174,302,no,7
2175,498,no,7
2176,546,no,7
2177,1074,yes,7
2178,935,no,7
2179,511,no,7
2180,897,no,7
2181,280,no,7
2182,492,no,7
2183,518,no,7
2184,1022,yes,7
2185,496,no,7
2186,1074,yes,7
2187,872,no,7
2188,709,no,7
2189,518,no,7
2190,496,no,7
2191,871,no,7
2192,772,no,7
2193,544,no,7
2194,301,no,7
2195,688,no,7
2196,546,no,7
2197,723,no,7
2198,964,yes,7
2199,512,no,7
2200,543,no,7
2201,870,no,7
2202,897,no,7
2203,723,no,7
2204,280,no,7
2205,1075,yes,7
2206,546,no,7
2207,541,no,7
2208,509,no,7
2209,688,no,7
2210,492,no,7
2211,1081,no,7
2212,494,no,7
2213,275,no,7
2214,938,no,7
2215,511,no,7
2216,545,no,7
2217,897,no,7
2218,496,no,7
2219,519,no,7
2220,769,no,7
2221,873,no,7
2222,1022,yes,7
2223,674,no,7
2224,959,no,7
2225,492,no,7
2226,494,no,7
2227,936,no,7
2228,937,no,7
2229,893,no,7
2407,472,no,7
2489,684,no,7
2843,430,no,7
2853,876,no,7
2877,877,no,7
2900,878,no,7
2923,516,no,7
2947,683,no,7
2972,516,no,7
2992,148,no,7
2994,216,no,7
2995,925,no,7
2996,351,no,7
2998,215,no,7
2999,246,no,7
3000,397,no,7
3003,918,no,7
3004,400,no,7
3005,916,no,7
3007,110,no,7
3008,215,no,7
3009,926,no,7
3010,470,no,7
3012,213,no,7
3013,930,no,7
3016,925,no,7
3017,400,no,7
3018,143,no,7
3021,920,no,7
3022,143,no,7
3025,927,no,7
3026,929,no,7
3027,400,no,7
3030,150,no,7
3031,879,no,7
3033,216,no,7
3034,144,no,7
3035,264,no,7
3039,917,no,7
3040,925,no,7
3041,400,no,7
3044,918,no,7
3045,38,no,7
3048,923,no,7
3049,922,no,7
3050,146,no,7
3053,209,no,7
3054,666,no,7
3055,148,no,7
3056,351,no,7
3057,351,no,7
3058,924,no,7
3059,921,no,7
3060,146,no,7
3061,928,no,8
3062,918,no,8
3063,140,no,8
3064,880,no,8
3065,880,no,8
3066,400,no,8
3067,215,no,8
3068,150,no,8
3069,148,no,8
3070,916,no,8
3071,215,no,8
3072,244,no,8
3073,929,no,8
3074,13,no,8
3075,214,no,8
3076,971,no,8
3077,248,no,8
3078,215,no,8
3079,351,no,8
3080,214,no,8
3081,880,no,8
3082,924,no,8
3083,926,no,8
3084,216,no,8
3085,264,no,8
3086,879,no,8
3087,351,no,8
3088,923,no,8
3089,263,no,8
3090,142,no,8
3091,351,no,8
3092,214,no,8
3093,142,no,8
3094,921,no,8
3095,666,no,8
3096,142,no,8
3097,148,no,8
3098,143,no,8
3099,351,no,8
3100,918,no,8
3101,246,no,8
3102,400,no,8
3103,400,no,8
3104,666,no,8
3105,920,no,8
3106,141,no,8
3107,148,no,8
3108,38,no,8
3109,772,no,8
3110,244,no,8
3111,917,no,8
3112,400,no,8
3113,918,no,8
3114,142,no,8
3115,929,no,8
3116,248,no,8
3117,926,no,8
3118,697,no,8
3119,149,no,8
3120,208,no,8
3121,213,no,8
3122,149,no,8
3123,774,no,8
3124,351,no,8
3125,150,no,8
3126,923,no,8
3127,398,no,8
3128,919,no,8
3129,922,no,8
3130,214,no,8
3131,930,no,8
3132,144,no,8
3133,146,no,8
3134,213,no,8
3135,351,no,8
3136,920,no,8
3137,927,no,8
3138,918,no,8
3139,400,no,8
3140,264,no,8
3141,919,no,8
3142,264,no,8
3143,247,no,8
3144,216,no,8
3145,144,no,8
3146,400,no,8
3147,825,no,8
3148,38,no,8
3149,929,no,8
3150,136,no,8
3151,195,no,8
3152,812,no,8
3153,929,no,8
3154,351,no,8
3155,397,no,8
3156,929,no,8
3157,351,no,8
3158,148,no,8
3159,120,no,8
3160,351,no,8
3161,111,no,8
3162,917,no,8
3163,264,no,8
3164,351,no,8
3165,660,no,8
3166,880,no,8
3167,400,no,8
3168,214,no,8
3169,579,no,8
3170,213,no,8
3171,110,no,8
3172,149,no,8
3173,918,no,8
3174,13,no,8
3175,351,no,8
3176,247,no,8
3177,400,no,8
3178,120,no,8
3179,666,no,8
3180,142,no,8
3181,774,no,8
3182,141,no,8
3183,143,no,8
3184,876,no,8
3185,150,no,8
3186,400,no,8
3187,146,no,8
3188,142,no,8
3189,215,no,8
3190,248,no,8
3191,916,no,8
3192,142,no,8
3193,148,no,8
3194,190,no,8
3196,250,no,8
3197,250,no,8
3199,258,no,8
3202,253,no,8
3203,194,no,8
3205,132,no,8
3206,99,no,8
3207,62,no,8
3208,466,no,8
3210,243,no,8
3211,7,no,8
3214,249,no,8
3215,246,no,8
3216,251,no,8
3219,207,no,8
3220,248,no,8
3221,255,no,8
3224,252,no,8
3225,225,no,8
3226,224,no,8
3229,139,no,8
3230,98,no,8
3231,909,no,8
3234,56,no,8
3235,246,no,8
3236,223,no,8
3240,253,no,8
3241,128,no,8
3242,119,no,8
3245,252,no,8
3246,250,no,8
3247,242,no,8
3250,223,no,8
3251,249,no,8
3254,97,no,8
3255,809,no,8
3256,94,no,8
3257,254,no,8
3258,62,no,8
3259,219,no,8
3260,37,no,8
3261,252,no,8
3262,35,no,8
3263,205,no,8
3264,400,no,8
3265,652,no,8
3266,255,no,8
3267,206,no,8
3268,253,no,8
3269,250,no,8
3270,400,no,8
3271,59,no,8
3272,814,no,8
3273,133,no,8
3274,122,no,8
3275,254,no,8
3276,250,no,8
3277,99,no,8
3278,243,no,8
3279,242,no,8
3280,573,no,8
3281,95,no,8
3282,256,no,8
3283,66,no,8
3284,691,no,8
3285,252,no,8
3286,140,no,8
3287,125,no,8
3288,188,no,8
3289,651,no,8
3290,219,no,8
3291,258,no,8
3292,223,no,8
3293,194,no,8
3294,399,no,8
3295,807,no,8
3296,190,no,8
3297,243,no,8
3298,810,no,8
3299,53,no,8
3300,399,no,8
3301,128,no,8
3302,254,no,8
3303,252,no,8
3304,239,no,8
3305,37,no,8
3306,224,no,8
3307,138,no,8
3308,205,no,8
3309,94,no,8
3310,209,no,8
3311,932,no,8
3312,62,no,8
3313,242,no,8
3314,7,no,8
3315,833,no,8
3316,239,no,8
3317,255,no,8
3318,258,no,8
3319,190,no,8
3320,784,no,8
3321,246,no,8
3322,254,no,8
3323,247,no,8
3324,807,no,8
3325,911,no,8
3326,59,no,8
3327,219,no,8
3328,249,no,8
3329,119,no,8
3330,652,no,8
3331,207,no,8
3332,257,no,8
3333,210,no,8
3334,250,no,8
3335,224,no,8
3336,516,no,9
3337,189,no,9
3338,214,no,9
3339,253,no,9
3340,62,no,9
3341,99,no,9
3342,113,no,9
3343,239,no,9
3344,246,no,9
3345,205,no,9
3346,258,no,9
3347,253,no,9
3348,249,no,9
3349,252,no,9
3350,204,no,9
3351,5,no,9
3352,252,no,9
3353,129,no,9
3354,189,no,9
3355,57,no,9
3356,254,no,9
3357,652,no,9
3358,219,no,9
3359,113,no,9
3360,255,no,9
3361,833,no,9
3362,242,no,9
3363,400,no,9
3364,224,no,9
3365,249,no,9
3366,95,no,9
3367,64,no,9
3368,58,no,9
3369,338,no,9
3370,253,no,9
3371,255,no,9
3372,250,no,9
3373,120,no,9
3374,911,no,9
3375,140,no,9
3376,223,no,9
3377,205,no,9
3378,206,no,9
3379,119,no,9
3380,5,no,9
3381,86,no,9
3382,250,no,9
3383,252,no,9
3384,763,no,9
3385,652,no,9
3386,140,no,9
3387,254,no,9
3388,12,no,9
3389,257,no,9
3390,224,no,9
3391,219,no,9
3392,94,no,9
3393,95,no,9
3394,400,no,9
3395,59,no,9
3396,134,no,9
3397,55,no,9
3398,57,no,9
3399,200,no,9
3401,187,no,9
3402,785,no,9
3403,197,no,9
3404,407,no,9
3406,407,no,9
3407,78,no,9
3409,221,no,9
3410,88,no,9
3412,93,no,9
3413,237,no,9
3414,74,no,9
3415,824,no,9
3417,238,no,9
3418,69,no,9
3421,227,no,9
3422,123,no,9
3423,42,no,9
3426,239,no,9
3427,746,no,9
3430,199,no,9
3431,265,no,9
3434,88,no,9
3435,236,no,9
3438,66,no,9
3439,237,no,9
3443,238,no,9
3444,51,no,9
3447,785,no,9
3448,44,no,9
3449,227,no,9
3452,203,no,9
3455,225,no,9
3456,443,no,9
3457,199,no,9
3458,90,no,9
3459,406,no,9
3460,86,no,9
3461,236,no,9
3462,9,no,9
3463,123,no,9
3464,238,no,9
3465,239,no,9
3466,227,no,9
3467,407,no,9
3468,203,no,9
3469,260,no,9
3470,201,no,9
3471,385,no,9
3472,403,no,9
3473,68,no,9
3474,54,no,9
3475,237,no,9
3476,29,no,9
3477,239,no,9
3478,245,no,9
3479,227,no,9
3480,193,no,9
3481,469,no,9
3482,10,no,9
3483,91,no,9
3484,70,no,9
3485,66,no,9
3486,652,no,9
3487,236,no,9
3488,980,no,9
3489,245,no,9
3490,401,no,9
3491,227,no,9
3492,240,no,9
3493,24,no,9
3494,202,no,9
3495,30,no,9
3496,94,no,9
3497,90,no,9
3498,469,no,9
3499,64,no,9
3500,60,no,9
3501,127,no,9
3502,407,no,9
3503,217,no,9
3504,260,no,9
3505,245,no,9
3506,27,no,9
3507,194,no,9
3508,221,no,9
3509,30,no,9
3510,66,no,9
3511,199,no,9
3512,51,no,9
3513,385,no,9
3514,65,no,9
3515,407,no,9
3516,34,no,9
3517,829,no,9
3518,829,no,9
3519,245,no,9
3520,225,no,9
3521,92,no,9
3522,64,no,9
3523,30,no,9
3524,55,no,9
3525,809,no,9
3526,731,no,9
3527,260,no,9
3529,217,no,9
3530,978,no,9
3531,221,no,9
3532,86,no,9
3533,18,no,9
3534,15,no,9
3535,65,no,9
3536,29,no,9
3537,70,no,9
3538,407,no,9
3539,265,no,9
3540,245,no,9
3541,53,no,9
3542,193,no,9
3543,202,no,9
3544,10,no,9
3545,66,no,9
3546,18,no,9
3547,51,no,9
3548,73,no,9
3549,15,no,9
3550,71,no,9
3551,401,no,9
3552,14,no,9
3553,75,no,9
3554,220,no,9
3555,217,no,9
3556,94,no,9
3557,259,no,9
3558,42,no,9
3559,92,no,9
3560,18,no,9
3561,60,no,9
3562,91,no,9
3563,652,no,9
3564,230,no,9
3565,664,no,9
3566,260,no,9
3567,260,no,9
3568,193,no,9
3569,75,no,9
3570,201,no,9
3571,53,no,9
3572,68,no,9
3573,196,no,9
3574,55,no,9
3575,192,no,9
3576,6,no,9
3577,78,no,9
3578,239,no,9
3579,15,no,9
3580,220,no,9
3581,71,no,9
3582,265,no,9
3583,74,no,9
3584,193,no,9
3585,69,no,9
3586,90,no,9
3587,238,no,9
3588,378,no,9
3589,32,no,9
3592,109,no,9
3593,587,no,9
3594,26,no,9
3596,109,no,9
3597,237,no,9
3598,25,no,9
3601,103,no,9
3602,358,no,9
3604,160,no,9
3605,276,no,9
3606,864,no,9
3608,276,no,9
3609,107,no,9
3612,847,no,9
3613,384,no,9
3614,764,no,9
3617,45,no,9
3618,406,no,9
3621,33,no,9
3622,406,no,9
3623,45,no,9
3626,33,no,10
3627,109,no,10
3629,28,no,10
3630,81,no,10
3631,102,no,10
3635,276,no,10
3636,46,no,10
3639,46,no,10
3640,276,no,10
3641,846,no,10
3644,378,no,10
3645,81,no,10
3646,17,no,10
3649,82,no,10
3650,20,no,10
3651,997,no,10
3652,27,no,10
3653,231,no,10
3654,102,no,10
3655,33,no,10
3656,231,no,10
3657,160,no,10
3658,231,no,10
3659,23,no,10
3660,151,no,10
3661,276,no,10
3662,151,no,10
3663,46,no,10
3664,560,no,10
3665,84,no,10
3666,17,no,10
3667,821,no,10
3668,232,no,10
3669,27,no,10
3670,155,no,10
3671,24,no,10
3672,821,no,10
3673,976,no,10
3674,976,no,10
3675,153,no,10
3676,84,no,10
3677,378,no,10
3678,378,no,10
3679,978,no,10
3680,974,no,10
3681,27,no,10
3682,232,no,10
3683,155,no,10
3684,152,no,10
3685,261,no,10
3686,137,no,10
3687,360,no,10
3688,52,no,10
3689,76,no,10
3690,50,no,10
3691,466,no,10
3692,978,no,10
3693,359,no,10
3694,84,no,10
3695,408,no,10
3696,76,no,10
3697,360,no,10
3698,233,no,10
3699,394,no,10
3700,975,no,10
3701,766,no,10
3702,358,no,10
3703,152,no,10
3704,766,no,10
3705,52,no,10
3706,470,no,10
3707,78,no,10
3708,384,no,10
3709,76,no,10
3710,357,no,10
3711,232,no,10
3712,357,no,10
3713,43,no,10
3714,354,no,10
3715,357,no,10
3716,664,no,10
3717,234,no,10
3718,4,no,10
3719,389,no,10
3720,234,no,10
3721,467,no,10
3722,137,no,10
3723,408,no,10
3724,78,no,10
3725,174,no,10
3726,237,no,10
3727,174,no,10
3728,79,no,10
3729,790,no,10
3730,154,no,10
3731,43,no,10
3732,357,no,10
3733,358,no,10
3734,234,no,10
3735,792,no,10
3736,866,no,10
3737,172,no,10
3738,192,no,10
3739,408,no,10
3740,31,no,10
3741,79,no,10
3742,616,no,10
3743,89,no,10
3744,790,no,10
3745,1045,no,10
3746,237,no,10
3747,358,no,10
3748,235,no,10
3749,31,no,10
3750,390,no,10
3751,22,no,10
3752,234,no,10
3753,408,no,10
3754,26,no,10
3755,197,no,10
3756,409,no,10
3757,834,no,10
3758,14,no,10
3759,204,no,10
3760,234,no,10
3761,171,no,10
3762,21,no,10
3763,276,no,10
3764,735,no,10
3765,234,no,10
3766,393,no,10
3767,200,no,10
3768,32,no,10
3769,469,no,10
3770,20,no,10
3771,25,no,10
3772,158,no,10
3773,161,no,10
3774,237,no,10
3775,276,no,10
3776,159,no,10
3777,238,no,10
3778,276,no,10
3779,238,no,10
3780,159,no,10
3781,387,no,10
3782,158,no,10
3783,716,no,10
3784,378,no,10
3786,340,no,10
3787,408,no,10
3788,346,no,10
3790,179,no,10
3791,717,no,10
3794,41,no,10
3795,291,no,10
3796,801,no,10
3798,112,no,10
3799,167,no,10
3800,865,no,10
3802,360,no,10
3803,1028,no,10
3806,358,no,10
3807,798,no,10
3810,789,no,10
3811,408,no,10
3814,610,no,10
3815,408,no,10
3816,166,no,10
3819,801,no,10
3820,791,no,10
3823,362,no,10
3824,360,no,10
3828,610,no,10
3829,261,no,10
3830,609,no,10
3833,106,no,10
3834,377,no,10
3835,168,no,10
3838,1,no,10
3839,716,no,10
3840,378,no,10
3843,408,no,10
3844,731,no,10
3845,41,no,10
3846,795,no,10
3847,360,no,10
3848,533,no,10
3849,716,no,10
3850,360,no,10
3851,340,no,10
3852,1028,no,10
3853,261,no,10
3854,548,no,10
3855,384,no,10
3856,343,no,10
3857,115,no,10
3858,793,no,10
3859,176,no,10
3860,1028,no,10
3861,112,no,10
3862,798,no,10
3863,359,no,10
3864,47,no,10
3865,106,no,10
3866,179,no,10
3867,376,no,10
3868,103,no,10
3869,382,no,10
3870,348,no,10
3871,789,no,10
3872,261,no,10
3873,167,no,10
3874,788,no,10
3875,375,no,10
3876,346,no,10
3877,715,no,10
3878,358,no,10
3879,341,no,10
3880,360,no,10
3881,610,no,10
3882,106,no,10
3883,376,no,10
3884,44,no,10
3885,162,no,10
3886,795,no,10
3887,176,no,10
3888,328,no,10
3889,344,no,10
3890,349,no,10
3891,793,no,10
3892,180,no,10
3893,341,no,10
3894,358,no,10
3895,716,no,10
3896,934,no,10
3897,360,no,10
3898,165,no,10
3899,165,no,10
3900,609,no,10
3901,156,no,10
3902,176,no,10
3903,349,no,10
3904,1028,no,10
3905,347,no,10
3906,357,no,10
3907,49,no,10
3908,48,no,10
3909,794,no,10
3910,157,no,10
3911,862,no,11
3912,527,no,11
3913,328,no,11
3914,185,no,11
3915,31,no,11
3916,676,no,11
3917,362,no,11
3918,174,no,11
3919,347,no,11
3920,174,no,11
3921,348,no,11
3922,108,no,11
3923,157,no,11
3924,103,no,11
3925,362,no,11
3926,795,no,11
3927,339,no,11
3928,851,no,11
3929,328,no,11
3930,170,no,11
3931,172,no,11
3932,328,no,11
3933,172,no,11
3934,610,no,11
3935,355,no,11
3936,731,no,11
3937,212,no,11
3938,41,no,11
3939,108,no,11
3940,169,no,11
3941,816,no,11
3942,680,no,11
3943,163,no,11
3944,717,no,11
3945,793,no,11
3946,31,no,11
3947,328,no,11
3948,31,no,11
3949,328,no,11
3950,349,no,11
3951,49,no,11
3952,801,no,11
3953,175,no,11
3954,794,no,11
3955,610,no,11
3956,107,no,11
3957,361,no,11
3958,117,no,11
3959,735,no,11
3960,375,no,11
3961,851,no,11
3962,536,no,11
3963,409,no,11
3964,798,no,11
3965,355,no,11
3966,157,no,11
3967,356,no,11
3968,117,no,11
3969,181,no,11
3970,716,no,11
3971,48,no,11
3972,375,no,11
3973,47,no,11
3974,103,no,11
3975,816,no,11
3976,161,no,11
3977,408,no,11
3978,715,no,11
3979,354,no,11
3980,185,no,11
3981,1028,no,11
3982,356,no,11
3983,343,no,11
3984,107,no,11
3985,104,no,11
3986,41,no,11
3987,665,no,11
3988,47,no,11
3989,986,no,11
3991,513,no,11
3992,600,no,11
3994,364,no,11
3995,646,no,11
3996,907,no,11
3999,288,no,11
4000,282,no,11
4001,598,no,11
4003,443,no,11
4004,1029,no,11
4005,598,no,11
4006,644,no,11
4008,345,no,11
4009,620,no,11
4010,1038,no,11
4013,596,no,11
4014,115,no,11
4017,455,no,11
4018,513,no,11
4019,997,no,11
4022,462,no,11
4023,1033,no,11
4024,791,no,11
4027,528,no,11
4028,594,no,11
4029,394,no,11
4031,598,no,11
4032,614,no,11
4033,549,no,11
4037,1038,no,11
4038,600,no,11
4041,605,no,11
4042,596,no,11
4045,438,no,11
4046,460,no,11
4047,449,no,11
4050,593,no,11
4051,661,no,11
4052,527,no,11
4053,595,no,11
4054,531,no,11
4055,907,no,11
4056,1030,no,11
4057,449,no,11
4058,607,no,11
4059,997,no,11
4060,663,no,11
4061,458,no,11
4062,431,no,11
4063,663,no,11
4064,428,no,11
4065,173,no,11
4066,607,no,11
4067,1019,no,11
4068,457,no,11
4069,532,no,11
4070,595,no,11
4071,1038,no,11
4072,429,no,11
4073,446,no,11
4074,615,no,11
4075,671,no,11
4076,447,no,11
4077,594,no,11
4078,186,no,11
4079,606,no,11
4080,169,no,11
4081,600,no,11
4082,598,no,11
4083,600,no,11
4084,461,no,11
4085,594,no,11
4086,1030,no,11
4087,998,no,11
4088,454,no,11
4089,597,no,11
4090,428,no,11
4091,1034,no,11
4092,592,no,11
4093,614,no,11
4094,530,no,11
4095,789,no,11
4096,524,no,11
4097,461,no,11
4098,167,no,11
4099,596,no,11
4100,282,no,11
4101,623,no,11
4102,1018,no,11
4103,1029,no,11
4104,426,no,11
4105,749,no,11
4106,437,no,11
4107,527,no,11
4108,462,no,11
4109,47,no,11
4110,443,no,11
4111,554,no,11
4112,339,no,11
4113,595,no,11
4114,614,no,11
4115,455,no,11
4116,459,no,11
4117,661,no,11
4118,1019,no,11
4119,671,no,11
4120,450,no,11
4121,594,no,11
4122,1019,no,11
4123,598,no,11
4124,345,no,11
4125,602,no,11
4126,1031,no,11
4127,345,no,11
4128,888,no,11
4129,458,no,11
4130,620,no,11
4131,459,no,11
4132,428,no,11
4133,663,no,11
4134,599,no,11
4135,118,no,11
4136,451,no,11
4137,608,no,11
4138,551,no,11
4139,461,no,11
4140,608,no,11
4141,605,no,11
4142,531,no,11
4143,907,no,11
4144,607,no,11
4145,447,no,11
4146,459,no,11
4147,997,no,11
4148,1035,no,11
4149,433,no,11
4150,513,no,11
4151,451,no,11
4152,599,no,11
4153,1019,no,11
4154,462,no,11
4155,686,no,11
4156,600,no,11
4157,597,no,11
4158,606,no,11
4159,115,no,11
4160,1033,no,11
4161,453,no,11
4162,430,no,11
4163,458,no,11
4164,528,no,11
4165,593,no,11
4166,394,no,11
4167,744,no,11
4168,363,no,11
4169,595,no,11
4170,182,no,11
4171,546,no,11
4172,532,no,11
4173,749,no,11
4174,615,no,11
4175,993,no,11
4176,661,no,11
4177,594,no,11
4178,186,no,11
4179,530,no,11
4180,629,no,11
4181,1038,no,11
4182,169,no,11
4183,600,no,11
4184,282,no,11
4185,600,no,12
4186,597,no,12
4187,429,no,12
4188,282,no,12
4189,729,no,12
4190,614,no,12
4191,273,yes,12
4192,325,no,12
4193,186,no,12
4194,448,no,12
4195,168,no,12
4196,595,no,12
4197,529,no,12
4198,1018,no,12
4199,290,no,12
4200,662,no,12
4202,288,no,12
4203,606,no,12
4204,431,no,12
4205,597,no,12
4206,454,no,12
4207,593,no,12
4208,614,no,12
4209,403,no,12
4210,999,no,12
4211,1047,no,12
4214,623,no,12
4215,582,no,12
4216,333,no,12
4218,467,no,12
4219,422,no,12
4222,612,no,12
4223,1066,no,12
4224,732,no,12
4226,1070,no,12
4227,402,no,12
4228,624,no,12
4229,644,no,12
4231,635,no,12
4232,590,no,12
4233,327,no,12
4236,1055,no,12
4237,426,no,12
4238,590,no,12
4241,627,no,12
4242,572,no,12
4245,431,no,12
4246,657,no,12
4247,1071,no,12
4250,881,no,12
4251,1067,no,12
4252,634,no,12
4254,402,no,12
4255,286,no,12
4256,744,no,12
4260,670,no,12
4261,582,no,12
4262,1056,no,12
4265,582,no,12
4266,627,no,12
4268,635,no,12
4269,625,no,12
4270,276,no,12
4273,1052,no,12
4274,385,no,12
4275,994,no,12
4276,672,no,12
4277,881,no,12
4278,425,no,12
4279,334,no,12
4280,427,no,12
4281,590,no,12
4282,1024,no,12
4283,651,no,12
4284,1066,no,12
4285,465,no,12
4286,636,no,12
4287,357,no,12
4288,327,no,12
4289,523,no,12
4290,560,no,12
4291,983,no,12
4292,634,no,12
4293,994,no,12
4294,402,no,12
4295,744,no,12
4296,386,no,12
4297,724,no,12
4298,397,no,12
4299,438,no,12
4300,402,no,12
4301,1053,no,12
4302,741,no,12
4303,402,no,12
4304,737,no,12
4305,468,no,12
4306,1051,no,12
4307,1056,no,12
4308,673,no,12
4309,590,no,12
4310,1064,no,12
4311,582,no,12
4312,724,no,12
4313,283,no,12
4314,398,no,12
4315,425,no,12
4316,732,no,12
4317,1073,yes,12
4318,998,no,12
4319,289,no,12
4320,672,no,12
4321,424,no,12
4322,652,no,12
4323,1055,no,12
4324,652,no,12
4325,748,no,12
4326,398,no,12
4327,423,no,12
4328,385,no,12
4329,523,no,12
4330,741,no,12
4331,378,no,12
4332,737,no,12
4333,590,no,12
4334,286,no,12
4335,1022,yes,12
4336,994,no,12
4337,583,no,12
4338,1024,no,12
4339,670,no,12
4340,583,no,12
4341,1066,no,12
4342,465,no,12
4343,473,no,12
4344,425,no,12
4345,468,no,12
4346,523,no,12
4347,385,no,12
4348,289,no,12
4349,673,no,12
4350,623,no,12
4351,407,no,12
4352,737,no,12
4353,429,no,12
4354,651,no,12
4355,1062,no,12
4356,399,no,12
4357,647,no,12
4358,1054,no,12
4359,741,no,12
4360,464,no,12
4361,672,no,12
4362,465,no,12
4363,286,no,12
4364,1049,no,12
4365,424,no,12
4366,570,no,12
4367,1063,no,12
4368,623,no,12
4369,583,no,12
4371,724,no,12
4372,398,no,12
4373,625,no,12
4374,402,no,12
4375,753,no,12
4376,402,no,12
4377,624,no,12
4378,1070,no,12
4379,1017,no,12
4380,385,no,12
4381,672,no,12
4382,443,no,12
4383,582,no,12
4384,1064,no,12
4385,473,no,12
4386,323,no,12
4387,639,no,12
4388,289,no,12
4389,881,no,12
4390,1051,no,12
4391,732,no,12
4392,289,no,12
4393,979,no,12
4394,402,no,12
4395,983,no,12
4396,333,no,12
4397,1017,no,12
4398,386,no,12
4399,1025,no,12
4400,399,no,12
4401,1066,no,12
4402,369,no,12
4403,753,no,12
4404,409,no,12
4405,286,no,12
4406,1058,no,12
4407,601,no,12
4408,994,no,12
4409,334,no,12
4410,438,no,12
4411,582,no,12
4412,336,no,12
4413,473,no,12
4414,424,no,12
4415,520,no,12
4416,423,no,12
4417,468,no,12
4418,979,no,12
4419,863,no,12
4420,423,no,12
4421,737,no,12
4422,468,no,12
4423,1027,no,12
4424,1060,no,12
4425,998,no,12
4426,467,no,12
4427,1026,no,12
4428,473,no,12
4429,626,no,12
4430,464,no,12
4431,1037,no,12
4432,465,no,12
4433,1078,no,12
4434,335,no,12
4435,985,no,12
4436,502,no,12
4437,396,no,12
4440,455,no,12
4441,520,no,12
4442,261,no,12
4444,372,no,12
4445,357,no,12
4446,1048,no,12
4449,373,no,12
4450,308,no,12
4452,369,no,12
4453,285,no,12
4454,288,no,12
4455,644,no,12
4457,300,no,12
4458,229,no,12
4459,435,no,12
4462,520,no,12
4463,232,no,12
4464,370,no,12
4467,732,no,12
4468,669,no,12
4469,615,no,12
4472,427,no,12
4473,229,no,12
4476,315,no,13
4477,229,no,13
4478,285,no,13
4480,602,no,13
4481,521,no,13
4482,584,no,13
4486,554,no,13
4487,520,no,13
4488,823,no,13
4491,364,no,13
4492,881,no,13
4493,1056,no,13
4495,611,no,13
4496,869,no,13
4499,585,no,13
4500,285,no,13
4501,325,no,13
4502,521,no,13
4503,328,no,13
4504,603,no,13
4505,872,no,13
4506,714,no,13
4507,371,no,13
4508,395,no,13
4509,669,no,13
4510,370,no,13
4511,868,no,13
4512,350,no,13
4513,426,no,13
4514,610,no,13
4515,889,no,13
4516,435,no,13
4517,521,no,13
4518,378,no,13
4519,607,no,13
4520,872,no,13
4521,379,no,13
4522,371,no,13
4523,587,no,13
4524,669,no,13
4525,621,no,13
4526,489,no,13
4527,396,no,13
4528,681,no,13
4529,671,no,13
4530,521,no,13
4531,396,no,13
4532,603,no,13
4533,944,no,13
4534,231,no,13
4535,371,no,13
4536,754,no,13
4537,1056,no,13
4538,615,no,13
4539,670,no,13
4540,373,no,13
4541,288,no,13
4542,742,no,13
4543,1079,no,13
4544,435,no,13
4545,229,no,13
4546,521,no,13
4547,607,no,13
4548,503,no,13
4549,584,no,13
4550,554,no,13
4551,717,no,13
4552,669,no,13
4553,420,no,13
4554,1068,no,13
4555,612,no,13
4556,719,no,13
4557,984,no,13
4558,442,no,13
4559,747,no,13
4560,521,no,13
4561,715,no,13
4562,455,no,13
4563,584,no,13
4564,673,no,13
4565,370,no,13
4566,289,no,13
4567,372,no,13
4568,670,no,13
4569,373,no,13
4570,496,no,13
4571,435,no,13
4572,328,no,13
4573,278,no,13
4574,455,no,13
4575,502,no,13
4576,536,no,13
4577,375,no,13
4578,404,no,13
4579,738,no,13
4580,266,no,13
4581,402,no,13
4582,868,no,13
4583,800,no,13
4584,719,no,13
4585,640,no,13
4586,383,no,13
4587,944,no,13
4588,998,no,13
4589,502,no,13
4590,395,no,13
4591,455,no,13
4592,714,no,13
4593,1057,no,13
4594,367,no,13
4595,881,no,13
4596,741,no,13
4597,372,no,13
4598,319,no,13
4599,584,no,13
4600,315,no,13
4601,261,no,13
4602,278,no,13
4603,455,no,13
4604,502,no,13
4605,231,no,13
4606,607,no,13
4607,379,no,13
4608,1051,no,13
4609,420,no,13
4610,381,no,13
4611,304,no,13
4612,611,no,13
4613,670,no,13
4614,229,no,13
4615,1079,no,13
4616,430,no,13
4617,499,no,13
4618,823,no,13
4619,1036,no,13
4620,587,no,13
4621,335,no,13
4622,367,no,13
4623,464,no,13
4624,304,no,13
4625,372,no,13
4626,640,no,13
4627,816,no,13
4628,594,no,13
4629,405,no,13
4630,522,no,13
4631,602,no,13
4632,521,no,13
4633,715,no,13
4634,615,no,13
4635,1073,yes,13
4636,404,no,13
4637,420,no,13
4638,402,no,13
4639,741,no,13
4640,813,no,13
4641,318,no,13
4642,715,no,13
4643,278,no,13
4644,431,no,13
4645,522,no,13
4646,536,no,13
4647,690,no,13
4648,872,no,13
4649,714,no,13
4650,370,no,13
4651,589,no,13
4652,1049,no,13
4653,364,no,13
4654,999,no,13
4655,817,no,13
4656,594,no,13
4657,378,no,13
4658,285,no,13
4659,403,no,13
4660,230,no,13
4661,588,no,13
4664,391,no,13
4665,569,no,13
4666,861,no,13
4668,380,no,13
4669,579,no,13
4670,882,no,13
4673,285,no,13
4674,588,no,13
4675,563,no,13
4677,563,no,13
4678,471,no,13
4680,329,no,13
4681,578,no,13
4682,617,no,13
4685,882,no,13
4686,404,no,13
4687,576,no,13
4690,568,no,13
4691,392,no,13
4692,516,no,13
4695,865,no,13
4696,719,no,13
4697,330,no,13
4700,571,no,13
4701,657,no,13
4703,575,no,13
4704,760,no,13
4705,563,no,13
4709,617,no,13
4710,580,no,13
4711,568,no,13
4714,618,no,13
4715,580,no,13
4716,564,no,13
4718,1079,no,13
4719,563,no,13
4720,332,no,13
4723,381,no,13
4724,568,no,13
4725,657,no,13
4726,574,no,13
4727,378,no,13
4728,637,no,13
4729,817,no,13
4730,577,no,13
4731,561,no,13
4732,330,no,13
4733,516,no,13
4734,570,no,13
4735,891,no,13
4736,379,no,13
4737,575,no,13
4738,394,no,13
4739,469,no,13
4740,383,no,13
4741,388,no,13
4742,380,no,13
4743,576,no,13
4744,822,no,13
4745,761,no,13
4746,580,no,13
4747,386,no,13
4748,1079,no,13
4749,384,no,13
4750,567,no,13
4751,818,no,13
4752,574,no,13
4753,866,no,13
4754,403,no,13
4755,1000,no,13
4756,367,no,13
4757,383,no,13
4758,573,no,13
4759,389,no,14
4760,384,no,14
4761,824,no,14
4762,565,no,14
4763,285,no,14
4764,589,no,14
4765,470,no,14
4766,564,no,14
4767,578,no,14
4768,732,no,14
4769,863,no,14
4770,617,no,14
4771,577,no,14
4772,389,no,14
4773,586,no,14
4774,580,no,14
4775,682,no,14
4776,517,no,14
4777,818,no,14
4778,387,no,14
4779,657,no,14
4780,403,no,14
4781,654,no,14
4782,568,no,14
4783,1040,no,14
4784,682,no,14
4785,576,no,14
4786,817,no,14
4787,332,no,14
4788,618,no,14
4789,569,no,14
4790,467,no,14
4791,517,no,14
4792,819,no,14
4793,569,no,14
4794,381,no,14
4795,565,no,14
4796,377,no,14
4797,566,no,14
4798,574,no,14
4799,379,no,14
4800,654,no,14
4801,330,no,14
4802,398,no,14
4803,40,no,14
4804,284,no,14
4805,657,no,14
4806,570,no,14
4807,391,no,14
4808,567,no,14
4809,714,no,14
4810,562,no,14
4811,383,no,14
4812,878,no,14
4813,653,no,14
4814,383,no,14
4815,566,no,14
4816,379,no,14
4817,577,no,14
4818,568,no,14
4819,1080,no,14
4820,381,no,14
4821,574,no,14
4822,681,no,14
4823,618,no,14
4824,403,no,14
4825,1000,no,14
4826,385,no,14
4827,578,no,14
4828,619,no,14
4829,657,no,14
4830,384,no,14
4831,576,no,14
4832,563,no,14
4833,463,no,14
4834,394,no,14
4835,564,no,14
4836,285,no,14
4837,564,no,14
4838,388,no,14
4839,390,no,14
4840,570,no,14
4841,409,no,14
4842,576,no,14
4843,760,no,14
4844,560,no,14
4845,586,no,14
4846,580,no,14
4847,561,no,14
4848,463,no,14
4849,618,no,14
4850,590,no,14
4851,545,no,14
4852,761,no,14
4853,568,no,14
4854,393,no,14
4855,574,no,14
4856,817,no,14
4857,388,no,14
4858,817,no,14
4859,516,no,14
4860,388,no,14
4861,100,no,14
4862,330,no,14
4863,388,no,14
4864,285,no,14
4865,380,no,14
4866,570,no,14
4867,588,no,14
4868,565,no,14
4869,682,no,14
4870,473,no,14
4871,383,no,14
4872,467,no,14
4873,819,no,14
4874,398,no,14
4875,682,no,14
4876,714,no,14
4877,473,no,14
4878,877,no,14
4879,541,no,14
4880,390,no,14
4881,562,no,14
4882,820,no,14
4883,436,no,14
4884,375,no,14
4887,485,no,14
4888,754,no,14
4889,900,no,14
4891,410,no,14
4892,307,no,14
4893,415,no,14
4896,750,no,14
4897,774,no,14
4898,482,no,14
4900,757,no,14
4901,420,no,14
4902,775,yes,14
4903,514,yes,14
4904,474,no,14
4908,483,no,14
4909,559,no,14
4910,457,no,14
4913,515,yes,14
4914,604,no,14
4915,433,no,14
4918,886,no,14
4919,374,no,14
4920,699,no,14
4923,732,no,14
4924,293,no,14
4925,1041,no,14
4927,556,no,14
4928,411,no,14
4932,678,no,14
4933,462,no,14
4934,310,no,14
4937,747,no,14
4938,902,no,14
4939,622,no,14
4941,890,no,14
4942,307,no,14
4943,1001,no,14
4946,481,no,14
4947,759,no,14
4948,272,no,14
4949,1008,no,14
4950,436,no,14
4951,1010,no,14
4952,558,no,14
4953,436,no,14
4954,840,no,14
4955,375,no,14
4956,479,no,14
4957,780,no,14
4958,584,no,14
4959,412,no,14
4960,746,no,14
4961,551,no,14
4962,273,yes,14
4963,551,no,14
4964,604,no,14
4965,474,no,14
4966,412,no,14
4967,281,no,14
4968,857,no,14
4969,493,no,14
4970,513,no,14
4971,433,no,14
4972,902,no,14
4973,1042,no,14
4974,854,no,14
4975,376,no,14
4976,659,no,14
4977,483,no,14
4978,774,no,14
4979,440,no,14
4980,939,no,14
4981,679,no,14
4982,687,no,14
4983,411,no,14
4984,433,no,14
4985,268,no,14
4986,746,no,14
4987,323,no,14
4988,369,no,14
4989,701,no,14
4990,445,no,14
4991,313,no,14
4992,665,no,14
4993,294,no,14
4994,322,no,14
4995,836,no,14
4996,998,no,14
4997,901,no,14
4998,987,no,14
4999,752,no,14
5000,307,no,14
5001,375,no,14
5002,438,no,14
5003,584,no,14
5004,273,yes,14
5005,413,no,14
5006,858,no,14
5007,1032,no,14
5008,968,yes,14
5009,747,no,14
5010,271,no,14
5011,322,no,14
5012,699,no,14
5013,779,no,14
5014,676,no,14
5015,479,no,14
5016,287,yes,14
5017,550,no,14
5018,601,no,14
5019,427,no,14
5020,1008,no,14
5021,479,no,14
5022,375,no,14
5023,649,no,14
5024,292,no,14
5025,1045,no,14
5026,486,no,14
5027,855,no,14
5028,901,no,14
5029,416,no,14
5030,750,no,14
5031,616,no,14
5032,425,no,14
5033,757,no,15
5034,557,no,15
5035,514,yes,15
5036,773,no,15
5037,856,no,15
5038,375,no,15
5039,780,no,15
5040,438,no,15
5041,908,no,15
5042,441,no,15
5043,444,no,15
5044,376,no,15
5045,556,no,15
5046,462,no,15
5047,550,no,15
5048,605,no,15
5049,1015,no,15
5050,421,no,15
5051,305,no,15
5052,478,no,15
5053,513,no,15
5054,773,no,15
5055,438,no,15
5056,307,no,15
5057,1044,no,15
5058,857,no,15
5059,367,no,15
5060,887,no,15
5061,375,no,15
5062,732,no,15
5063,427,no,15
5064,1008,no,15
5065,559,no,15
5066,485,no,15
5067,411,no,15
5068,269,no,15
5069,457,no,15
5070,779,no,15
5071,483,no,15
5072,325,no,15
5073,416,no,15
5074,992,no,15
5075,988,no,15
5076,756,no,15
5077,557,no,15
5078,452,no,15
5079,547,no,15
5080,601,no,15
5081,678,no,15
5082,1006,no,15
5083,495,no,15
5084,660,no,15
5085,375,no,15
5086,438,no,15
5087,619,no,15
5088,489,no,15
5089,413,no,15
5090,365,no,15
5091,550,no,15
5092,744,no,15
5093,292,no,15
5094,758,no,15
5095,514,yes,15
5096,438,no,15
5097,843,no,15
5098,1001,no,15
5099,679,no,15
5100,1044,no,15
5101,898,no,15
5102,601,no,15
5103,374,no,15
5104,427,no,15
5105,988,no,15
5106,275,no,15
5107,935,no,15
5110,502,no,15
5112,501,no,15
5115,505,no,15
5117,295,no,15
5118,949,no,15
5119,467,no,15
5120,305,no,15
5121,950,no,15
5125,522,no,15
5128,543,no,15
5131,951,no,15
5134,285,no,15
5135,1073,yes,15
5136,775,yes,15
5138,674,no,15
5139,539,no,15
5143,509,no,15
5146,506,no,15
5148,505,no,15
5151,941,no,15
5152,958,no,15
5153,937,no,15
5154,893,no,15
5155,896,no,15
5156,944,no,15
5157,438,no,15
5158,540,no,15
5159,949,no,15
5160,904,no,15
5161,285,no,15
5162,491,no,15
5163,956,no,15
5164,897,no,15
5165,688,no,15
5166,494,no,15
5167,501,no,15
5168,936,no,15
5169,950,no,15
5170,522,no,15
5171,506,no,15
5172,500,no,15
5173,954,no,15
5174,499,no,15
5175,522,no,15
5176,1022,yes,15
5177,544,no,15
5178,944,no,15
5179,302,no,15
5180,546,no,15
5181,518,no,15
5182,936,no,15
5183,519,no,15
5184,958,no,15
5185,543,no,15
5186,501,no,15
5187,518,no,15
5188,487,no,15
5189,893,no,15
5190,303,no,15
5191,279,no,15
5192,952,no,15
5193,753,no,15
5194,499,no,15
5195,723,no,15
5196,905,no,15
5197,519,no,15
5198,873,no,15
5199,771,no,15
5200,504,no,15
5201,507,no,15
5202,492,no,15
5203,681,no,15
5204,937,no,15
5205,393,no,15
5206,1075,yes,15
5207,870,no,15
5208,505,no,15
5209,507,no,15
5210,905,no,15
5211,519,no,15
5212,544,no,15
5213,509,no,15
5214,969,no,15
5215,507,no,15
5216,964,yes,15
5217,275,no,15
5218,499,no,15
5219,958,no,15
5220,497,no,15
5221,771,no,15
5222,543,no,15
5223,496,no,15
5224,546,no,15
5225,519,no,15
5226,1022,yes,15
5227,521,no,15
5228,952,no,15
5229,302,no,15
5230,302,no,15
5231,275,no,15
5232,965,yes,15
5239,867,no,15
5264,822,no,15
5283,972,no,15
5291,18,no,15
5310,323,no,15
5317,488,no,15
5736,759,no,15
6008,772,no,15
6009,111,no,15
6010,917,no,15
6012,722,no,15
6013,149,no,15
6015,925,no,15
6016,262,no,15
6017,351,no,15
6020,905,no,15
6021,215,no,15
6022,247,no,15
6023,38,no,15
6024,918,no,15
6025,398,no,15
6027,718,no,15
6028,919,no,15
6029,215,no,15
6033,150,no,15
6034,879,no,15
6035,244,no,15
6038,143,no,15
6039,773,no,15
6040,825,no,15
6041,143,no,15
6042,920,no,15
6045,929,no,15
6046,120,no,15
6047,927,no,15
6050,141,no,15
6051,879,no,15
6052,146,no,15
6055,666,no,15
6056,248,no,15
6057,216,no,15
6061,148,no,15
6062,120,no,15
6063,38,no,15
6066,926,no,15
6067,38,no,15
6070,216,no,15
6071,923,no,15
6072,922,no,15
6073,351,no,15
6074,666,no,15
6075,879,no,15
6076,148,no,15
6077,351,no,15
6078,150,no,15
6079,924,no,15
6080,921,no,15
6081,929,no,15
6082,928,no,15
6083,918,no,15
6084,141,no,15
6085,876,no,15
6086,263,no,15
6087,148,no,15
6088,880,no,15
6089,400,no,15
6090,215,no,15
6091,351,no,15
6092,925,no,15
6093,916,no,15
6094,216,no,15
6095,244,no,15
6096,215,no,15
6097,351,no,15
6098,215,no,16
6099,813,no,16
6100,880,no,16
6101,248,no,16
6102,214,no,16
6103,126,no,16
6104,120,no,16
6105,214,no,16
6106,216,no,16
6107,924,no,16
6108,111,no,16
6109,879,no,16
6110,400,no,16
6111,923,no,16
6112,351,no,16
6113,351,no,16
6114,920,no,16
6115,110,no,16
6116,143,no,16
6117,213,no,16
6118,143,no,16
6119,351,no,16
6120,138,no,16
6121,397,no,16
6122,247,no,16
6123,916,no,16
6124,400,no,16
6125,666,no,16
6126,38,no,16
6127,141,no,16
6128,148,no,16
6129,917,no,16
6130,924,no,16
6131,264,no,16
6132,918,no,16
6133,400,no,16
6134,929,no,16
6135,253,no,16
6136,920,no,16
6137,148,no,16
6138,149,no,16
6139,208,no,16
6140,213,no,16
6141,149,no,16
6142,148,no,16
6143,248,no,16
6144,111,no,16
6145,142,no,16
6146,150,no,16
6147,916,no,16
6148,139,no,16
6149,252,no,16
6150,146,no,16
6151,921,no,16
6152,918,no,16
6153,146,no,16
6154,263,no,16
6155,666,no,16
6156,150,no,16
6157,213,no,16
6158,351,no,16
6159,215,no,16
6160,920,no,16
6161,918,no,16
6162,400,no,16
6163,927,no,16
6164,141,no,16
6165,666,no,16
6166,880,no,16
6167,248,no,16
6168,666,no,16
6169,264,no,16
6170,666,no,16
6171,400,no,16
6172,216,no,16
6173,143,no,16
6174,195,no,16
6175,215,no,16
6176,142,no,16
6177,262,no,16
6178,191,no,16
6179,929,no,16
6180,351,no,16
6181,213,no,16
6182,351,no,16
6183,722,no,16
6184,921,no,16
6185,917,no,16
6186,928,no,16
6187,923,no,16
6188,141,no,16
6189,351,no,16
6190,351,no,16
6191,400,no,16
6192,825,no,16
6193,880,no,16
6194,213,no,16
6195,919,no,16
6196,933,no,16
6197,208,no,16
6198,149,no,16
6199,880,no,16
6200,918,no,16
6201,811,no,16
6202,397,no,16
6203,247,no,16
6204,142,no,16
6205,120,no,16
6206,666,no,16
6207,916,no,16
6208,666,no,16
6209,141,no,16
6210,150,no,16
6211,877,no,16
6212,929,no,16
6213,400,no,16
6214,144,no,16
6215,253,no,16
6216,142,no,16
6217,399,no,16
6218,59,no,16
6220,207,no,16
6221,338,no,16
6222,809,no,16
6224,400,no,16
6225,263,no,16
6226,250,no,16
6229,815,no,16
6230,258,no,16
6231,252,no,16
6232,194,no,16
6233,241,no,16
6235,99,no,16
6236,68,no,16
6237,129,no,16
6241,36,no,16
6242,210,no,16
6243,243,no,16
6245,247,no,16
6246,651,no,16
6247,253,no,16
6248,255,no,16
6249,207,no,16
6252,205,no,16
6253,256,no,16
6254,220,no,16
6257,58,no,16
6258,124,no,16
6259,98,no,16
6262,223,no,16
6263,59,no,16
6264,246,no,16
6268,130,no,16
6269,253,no,16
6270,128,no,16
6273,242,no,16
6274,400,no,16
6275,251,no,16
6278,399,no,16
6279,254,no,16
6280,94,no,16
6281,814,no,16
6282,63,no,16
6283,219,no,16
6284,254,no,16
6285,651,no,16
6286,36,no,16
6287,37,no,16
6288,400,no,16
6289,135,no,16
6290,219,no,16
6291,255,no,16
6292,206,no,16
6293,210,no,16
6294,250,no,16
6295,252,no,16
6296,11,no,16
6297,400,no,16
6298,59,no,16
6299,252,no,16
6300,121,no,16
6301,128,no,16
6302,250,no,16
6303,246,no,16
6304,220,no,16
6305,224,no,16
6306,94,no,16
6307,833,no,16
6308,249,no,16
6309,63,no,16
6310,915,no,16
6311,913,no,16
6312,256,no,16
6313,135,no,16
6314,189,no,16
6315,223,no,16
6316,253,no,16
6317,258,no,16
6318,132,no,16
6319,194,no,16
6320,133,no,16
6321,98,no,16
6322,190,no,16
6323,249,no,16
6324,209,no,16
6325,59,no,16
6326,207,no,16
6327,252,no,16
6328,239,no,16
6329,255,no,16
6330,224,no,16
6331,140,no,16
6332,763,no,16
6333,223,no,16
6334,63,no,16
6335,132,no,16
6336,36,no,16
6337,250,no,16
6338,249,no,16
6339,401,no,16
6340,96,no,16
6341,258,no,16
6342,809,no,16
6343,255,no,16
6344,241,no,16
6345,138,no,16
6346,247,no,16
6347,807,no,16
6348,219,no,16
6349,59,no,16
6350,133,no,16
6351,338,no,16
6352,249,no,16
6353,255,no,16
6354,241,no,16
6355,222,no,16
6356,248,no,16
6357,256,no,16
6358,253,no,16
6359,95,no,16
6360,11,no,16
6361,910,no,16
6362,253,no,16
6363,122,no,16
6364,99,no,16
6365,205,no,16
6366,239,no,16
6367,246,no,16
6368,249,no,16
6369,258,no,16
6370,252,no,17
6371,207,no,17
6372,833,no,17
6373,204,no,17
6374,252,no,17
6375,5,no,17
6376,815,no,17
6377,59,no,17
6378,338,no,17
6379,652,no,17
6380,219,no,17
6381,13,no,17
6382,255,no,17
6383,400,no,17
6384,132,no,17
6385,133,no,17
6386,224,no,17
6387,242,no,17
6388,399,no,17
6389,58,no,17
6390,63,no,17
6391,255,no,17
6392,252,no,17
6393,37,no,17
6394,250,no,17
6395,133,no,17
6396,223,no,17
6397,913,no,17
6398,258,no,17
6399,931,no,17
6400,246,no,17
6401,98,no,17
6402,5,no,17
6403,833,no,17
6404,251,no,17
6405,135,no,17
6406,140,no,17
6407,814,no,17
6408,191,no,17
6409,255,no,17
6410,252,no,17
6411,224,no,17
6412,138,no,17
6413,95,no,17
6414,219,no,17
6415,94,no,17
6416,90,no,17
6417,238,no,17
6418,9,no,17
6420,227,no,17
6421,54,no,17
6423,226,no,17
6424,652,no,17
6428,260,no,17
6429,199,no,17
6430,401,no,17
6431,89,no,17
6432,240,no,17
6435,93,no,17
6436,231,no,17
6440,9,no,17
6441,65,no,17
6444,55,no,17
6445,218,no,17
6446,6,no,17
6449,15,no,17
6450,239,no,17
6451,203,no,17
6454,265,no,17
6455,198,no,17
6458,193,no,17
6459,810,no,17
6460,89,no,17
6462,66,no,17
6463,237,no,17
6464,762,no,17
6468,238,no,17
6469,51,no,17
6470,69,no,17
6473,401,no,17
6474,227,no,17
6477,260,no,17
6478,203,no,17
6479,829,no,17
6480,198,no,17
6481,240,no,17
6482,378,no,17
6483,89,no,17
6484,92,no,17
6485,74,no,17
6486,236,no,17
6487,64,no,17
6488,55,no,17
6489,127,no,17
6490,238,no,17
6491,407,no,17
6492,239,no,17
6493,227,no,17
6494,260,no,17
6495,259,no,17
6496,35,no,17
6497,202,no,17
6498,406,no,17
6499,88,no,17
6500,35,no,17
6501,60,no,17
6502,401,no,17
6503,217,no,17
6504,29,no,17
6505,228,no,17
6506,829,no,17
6507,259,no,17
6508,193,no,17
6509,199,no,17
6510,682,no,17
6511,10,no,17
6512,67,no,17
6513,59,no,17
6514,406,no,17
6515,652,no,17
6516,236,no,17
6517,240,no,17
6518,24,no,17
6519,228,no,17
6520,93,no,17
6521,64,no,17
6522,88,no,17
6523,406,no,17
6524,60,no,17
6525,407,no,17
6526,123,no,17
6527,217,no,17
6528,265,no,17
6529,28,no,17
6530,221,no,17
6531,18,no,17
6532,193,no,17
6533,24,no,17
6534,66,no,17
6535,57,no,17
6536,14,no,17
6537,980,no,17
6538,262,no,17
6539,829,no,17
6540,52,no,17
6541,217,no,17
6542,978,no,17
6543,220,no,17
6544,245,no,17
6545,18,no,17
6546,94,no,17
6547,16,no,17
6548,14,no,17
6549,55,no,17
6550,187,no,17
6551,407,no,17
6552,4,no,17
6553,260,no,17
6554,221,no,17
6555,50,no,17
6556,194,no,17
6557,93,no,17
6558,86,no,17
6559,65,no,17
6560,6,no,17
6561,664,no,17
6562,75,no,17
6563,265,no,17
6564,407,no,17
6565,225,no,17
6566,245,no,17
6567,98,no,17
6568,978,no,17
6569,15,no,17
6570,51,no,17
6571,73,no,17
6572,14,no,17
6573,664,no,17
6574,401,no,17
6575,829,no,17
6576,75,no,17
6577,240,no,17
6578,259,no,17
6579,94,no,17
6580,92,no,17
6581,50,no,17
6582,60,no,17
6583,8,no,17
6584,79,no,17
6585,785,no,17
6586,71,no,17
6587,260,no,17
6588,407,no,17
6589,193,no,17
6590,75,no,17
6591,260,no,17
6592,9,no,17
6593,201,no,17
6594,54,no,17
6595,66,no,17
6596,200,no,17
6597,197,no,17
6598,977,no,17
6599,15,no,17
6600,78,no,17
6601,829,no,17
6602,265,no,17
6603,220,no,17
6604,71,no,17
6605,259,no,17
6606,161,no,17
6607,276,no,17
6609,735,no,17
6610,276,no,17
6611,103,no,17
6613,20,no,17
6614,104,no,17
6615,406,no,17
6618,25,no,17
6619,104,no,17
6620,236,no,17
6621,19,no,17
6622,57,no,17
6625,276,no,17
6626,736,no,17
6630,276,no,17
6631,850,no,17
6634,107,no,17
6635,158,no,17
6638,1045,no,17
6639,20,no,17
6642,230,no,17
6643,764,no,17
6644,26,no,17
6647,109,no,17
6648,33,no,17
6650,853,no,17
6651,33,no,17
6652,81,no,17
6656,160,no,17
6657,23,no,17
6658,46,no,17
6661,159,no,17
6662,276,no,17
6665,378,no,17
6666,845,no,17
6667,81,no,17
6668,20,no,17
6669,231,no,17
6670,973,no,17
6671,231,no,18
6672,102,no,18
6673,153,no,18
6674,827,no,18
6675,39,no,18
6676,276,no,18
6677,46,no,18
6678,848,no,18
6679,84,no,18
6680,848,no,18
6681,378,no,18
6682,83,no,18
6683,845,no,18
6684,408,no,18
6685,974,no,18
6686,408,no,18
6687,976,no,18
6688,24,no,18
6689,821,no,18
6690,4,no,18
6691,152,no,18
6692,233,no,18
6693,52,no,18
6694,378,no,18
6695,46,no,18
6696,369,no,18
6697,83,no,18
6698,17,no,18
6699,378,no,18
6700,973,no,18
6701,232,no,18
6702,235,no,18
6703,155,no,18
6704,137,no,18
6705,360,no,18
6706,79,no,18
6707,358,no,18
6708,152,no,18
6709,84,no,18
6710,393,no,18
6711,76,no,18
6712,978,no,18
6713,396,no,18
6714,76,no,18
6715,408,no,18
6716,43,no,18
6717,358,no,18
6718,235,no,18
6719,357,no,18
6720,155,no,18
6721,233,no,18
6722,389,no,18
6723,4,no,18
6724,137,no,18
6725,53,no,18
6726,470,no,18
6727,766,no,18
6728,867,no,18
6729,79,no,18
6730,232,no,18
6731,76,no,18
6732,357,no,18
6733,235,no,18
6734,171,no,18
6735,154,no,18
6736,234,no,18
6737,395,no,18
6738,234,no,18
6739,4,no,18
6740,466,no,18
6741,234,no,18
6742,388,no,18
6743,766,no,18
6744,789,no,18
6745,378,no,18
6746,174,no,18
6747,79,no,18
6748,232,no,18
6749,790,no,18
6750,235,no,18
6751,43,no,18
6752,391,no,18
6753,235,no,18
6754,470,no,18
6755,234,no,18
6756,792,no,18
6757,378,no,18
6758,237,no,18
6759,31,no,18
6760,237,no,18
6761,79,no,18
6762,19,no,18
6763,229,no,18
6764,171,no,18
6765,238,no,18
6766,31,no,18
6767,391,no,18
6768,234,no,18
6769,393,no,18
6770,22,no,18
6771,196,no,18
6772,378,no,18
6773,26,no,18
6774,409,no,18
6775,25,no,18
6776,227,no,18
6777,19,no,18
6778,358,no,18
6779,865,no,18
6780,158,no,18
6781,234,no,18
6782,393,no,18
6783,234,no,18
6784,32,no,18
6785,375,no,18
6786,20,no,18
6787,403,no,18
6788,158,no,18
6789,26,no,18
6790,161,no,18
6791,237,no,18
6792,25,no,18
6793,161,no,18
6794,237,no,18
6795,358,no,18
6796,238,no,18
6797,276,no,18
6798,375,no,18
6799,104,no,18
6800,175,no,18
6803,374,no,18
6804,716,no,18
6806,717,no,18
6807,346,no,18
6808,49,no,18
6811,717,no,18
6812,165,no,18
6813,344,no,18
6814,212,no,18
6817,167,no,18
6818,181,no,18
6822,1028,no,18
6823,361,no,18
6826,676,no,18
6827,391,no,18
6828,608,no,18
6831,157,no,18
6832,175,no,18
6833,408,no,18
6836,165,no,18
6837,610,no,18
6838,408,no,18
6841,793,no,18
6842,801,no,18
6843,849,no,18
6845,360,no,18
6846,362,no,18
6850,816,no,18
6851,745,no,18
6852,610,no,18
6855,261,no,18
6856,167,no,18
6857,212,no,18
6860,716,no,18
6861,378,no,18
6862,2,no,18
6863,717,no,18
6864,340,no,18
6865,165,no,18
6866,170,no,18
6867,788,no,18
6868,328,no,18
6869,360,no,18
6870,533,no,18
6871,347,no,18
6872,360,no,18
6873,533,no,18
6874,261,no,18
6875,162,no,18
6876,378,no,18
6877,343,no,18
6878,166,no,18
6879,793,no,18
6880,179,no,18
6881,378,no,18
6882,359,no,18
6883,680,no,18
6884,179,no,18
6885,360,no,18
6886,106,no,18
6887,382,no,18
6888,348,no,18
6889,103,no,18
6890,261,no,18
6891,114,no,18
6892,361,no,18
6893,715,no,18
6894,346,no,18
6895,341,no,18
6896,175,no,18
6897,377,no,18
6898,610,no,18
6899,360,no,18
6900,44,no,18
6901,166,no,18
6902,170,no,18
6903,176,no,18
6904,1039,no,18
6905,328,no,18
6906,167,no,18
6907,174,no,18
6908,49,no,18
6909,357,no,18
6910,716,no,18
6911,358,no,18
6912,340,no,18
6913,105,no,18
6914,41,no,18
6915,31,no,18
6916,358,no,18
6917,31,no,18
6918,716,no,18
6919,349,no,18
6920,356,no,18
6921,180,no,18
6922,1028,no,18
6923,212,no,18
6924,112,no,18
6925,49,no,18
6926,157,no,18
6927,165,no,18
6928,1028,no,18
6929,361,no,18
6930,47,no,18
6931,31,no,18
6932,607,no,18
6933,179,no,18
6934,50,no,18
6935,800,no,18
6936,791,no,18
6937,610,no,18
6938,356,no,18
6939,849,no,18
6940,802,no,18
6941,180,no,18
6942,804,no,18
6943,363,no,18
6944,1028,no,18
6945,343,no,18
6946,162,no,18
6947,328,no,19
6948,170,no,19
6949,16,no,19
6950,349,no,19
6951,716,no,19
6952,212,no,19
6953,108,no,19
6954,170,no,19
6955,171,no,19
6956,348,no,19
6957,104,no,19
6958,816,no,19
6959,167,no,19
6960,22,no,19
6961,408,no,19
6962,22,no,19
6963,527,no,19
6964,717,no,19
6965,349,no,19
6966,165,no,19
6967,211,no,19
6968,375,no,19
6969,610,no,19
6970,108,no,19
6971,816,no,19
6972,117,no,19
6973,162,no,19
6974,369,no,19
6975,735,no,19
6976,354,no,19
6977,348,no,19
6978,356,no,19
6979,849,no,19
6980,849,no,19
6981,716,no,19
6982,212,no,19
6983,104,no,19
6984,361,no,19
6985,161,no,19
6986,795,no,19
6987,375,no,19
6988,610,no,19
6989,408,no,19
6990,731,no,19
6991,354,no,19
6992,339,no,19
6993,793,no,19
6994,533,no,19
6995,356,no,19
6996,181,no,19
6997,230,no,19
6998,108,no,19
6999,1037,no,19
7000,614,no,19
7001,455,no,19
7003,164,no,19
7004,600,no,19
7005,665,no,19
7007,749,no,19
7008,513,no,19
7011,907,no,19
7012,364,no,19
7013,429,no,19
7014,613,no,19
7015,671,no,19
7016,282,no,19
7019,620,no,19
7020,428,no,19
7021,1029,no,19
7025,598,no,19
7026,345,no,19
7027,595,no,19
7030,456,no,19
7033,513,no,19
7034,288,no,19
7035,606,no,19
7039,592,no,19
7040,513,no,19
7041,514,yes,19
7044,594,no,19
7045,363,no,19
7046,530,no,19
7048,1043,no,19
7049,1012,no,19
7050,1020,no,19
7054,600,no,19
7055,1038,no,19
7058,596,no,19
7059,115,no,19
7060,427,no,19
7063,663,no,19
7064,438,no,19
7065,460,no,19
7066,448,no,19
7067,593,no,19
7068,173,no,19
7069,461,no,19
7070,527,no,19
7071,595,no,19
7072,531,no,19
7073,456,no,19
7074,607,no,19
7075,670,no,19
7076,662,no,19
7077,458,no,19
7078,430,no,19
7079,452,no,19
7080,437,no,19
7081,460,no,19
7082,451,no,19
7083,363,no,19
7084,443,no,19
7085,607,no,19
7086,596,no,19
7087,532,no,19
7088,548,no,19
7089,597,no,19
7090,426,no,19
7091,447,no,19
7092,1038,no,19
7093,671,no,19
7094,606,no,19
7095,599,no,19
7096,186,no,19
7097,602,no,19
7098,169,no,19
7099,595,no,19
7100,461,no,19
7101,750,no,19
7102,535,no,19
7103,670,no,19
7104,749,no,19
7105,597,no,19
7106,986,no,19
7107,454,no,19
7108,593,no,19
7109,614,no,19
7110,528,no,19
7111,168,no,19
7112,629,no,19
7113,531,no,19
7114,177,no,19
7115,526,no,19
7116,461,no,19
7117,907,no,19
7118,365,no,19
7119,429,no,19
7120,1034,no,19
7121,1030,no,19
7122,997,no,19
7123,308,no,19
7124,430,no,19
7125,525,no,19
7126,607,no,19
7127,47,no,19
7128,599,no,19
7129,1038,no,19
7130,339,no,19
7131,595,no,19
7132,459,no,19
7133,548,no,19
7134,364,no,19
7135,1033,no,19
7136,662,no,19
7137,594,no,19
7138,363,no,19
7139,663,no,19
7140,677,no,19
7141,593,no,19
7142,598,no,19
7143,345,no,19
7144,456,no,19
7145,1020,no,19
7146,596,no,19
7147,115,no,19
7148,452,no,19
7149,513,no,19
7150,429,no,19
7151,455,no,19
7152,592,no,19
7153,173,no,19
7154,661,no,19
7155,527,no,19
7156,457,no,19
7157,532,no,19
7158,621,no,19
7159,602,no,19
7160,1038,no,19
7161,890,no,19
7162,458,no,19
7163,288,no,19
7164,447,no,19
7165,428,no,19
7166,460,no,19
7167,1036,no,19
7168,599,no,19
7169,1019,no,19
7170,455,no,19
7171,527,no,19
7172,600,no,19
7173,461,no,19
7174,596,no,19
7175,1031,no,19
7176,454,no,19
7177,429,no,19
7178,1018,no,19
7179,430,no,19
7180,458,no,19
7181,598,no,19
7182,593,no,19
7183,169,no,19
7184,554,no,19
7185,867,no,19
7186,524,no,19
7187,532,no,19
7188,907,no,19
7189,1038,no,19
7190,288,no,19
7191,596,no,19
7192,1033,no,19
7193,183,no,19
7194,661,no,19
7195,629,no,19
7196,173,no,19
7197,530,no,19
7198,789,no,19
7199,600,no,19
7200,1038,no,19
7201,750,no,19
7202,364,no,19
7203,462,no,19
7204,1031,no,19
7205,437,no,19
7206,663,no,19
7207,428,no,19
7208,1032,no,19
7209,448,no,19
7210,599,no,19
7211,186,no,19
7212,529,no,19
7213,166,no,19
7214,524,no,19
7215,290,no,19
7216,552,yes,19
7217,535,no,19
7218,670,no,19
7219,538,no,19
7220,431,no,19
7221,525,no,19
7222,606,no,19
7223,335,no,20
7224,742,no,20
7225,1078,no,20
7227,334,no,20
7228,653,no,20
7229,286,no,20
7231,1055,no,20
7232,429,no,20
7233,583,no,20
7236,724,no,20
7237,651,no,20
7238,1066,no,20
7239,128,no,20
7240,1037,no,20
7243,402,no,20
7244,425,no,20
7245,690,no,20
7249,409,no,20
7250,983,no,20
7251,737,no,20
7254,996,no,20
7255,386,no,20
7256,605,no,20
7259,740,no,20
7260,422,no,20
7264,635,no,20
7265,423,no,20
7266,409,no,20
7269,669,no,20
7270,754,no,20
7271,286,no,20
7273,441,no,20
7274,570,no,20
7275,1027,no,20
7279,750,no,20
7280,1017,no,20
7281,582,no,20
7284,627,no,20
7285,572,no,20
7288,982,no,20
7289,468,no,20
7290,726,no,20
7291,468,no,20
7292,1078,no,20
7293,667,no,20
7294,751,no,20
7295,994,no,20
7296,1055,no,20
7297,424,no,20
7298,590,no,20
7299,1055,no,20
7300,651,no,20
7301,744,no,20
7302,636,no,20
7303,1066,no,20
7304,464,no,20
7305,523,no,20
7306,392,no,20
7307,624,no,20
7308,672,no,20
7309,409,no,20
7310,424,no,20
7311,1056,no,20
7312,289,no,20
7313,402,no,20
7314,1046,no,20
7315,386,no,20
7316,441,no,20
7317,882,no,20
7318,397,no,20
7319,741,no,20
7320,573,no,20
7321,1053,no,20
7322,406,no,20
7323,327,no,20
7324,737,no,20
7325,623,no,20
7326,590,no,20
7327,1049,no,20
7328,582,no,20
7329,1062,no,20
7330,397,no,20
7331,1066,no,20
7332,589,no,20
7333,523,no,20
7334,435,no,20
7335,881,no,20
7336,673,no,20
7337,402,no,20
7338,289,no,20
7339,737,no,20
7340,424,no,20
7341,402,no,20
7342,1061,no,20
7343,652,no,20
7344,422,no,20
7345,468,no,20
7346,398,no,20
7347,1066,no,20
7348,470,no,20
7349,523,no,20
7350,588,no,20
7351,1027,no,20
7352,737,no,20
7353,1077,no,20
7354,402,no,20
7355,1055,no,20
7356,670,no,20
7357,583,no,20
7358,1024,no,20
7359,399,no,20
7360,1025,no,20
7361,464,no,20
7362,523,no,20
7363,423,no,20
7364,466,no,20
7365,979,no,20
7366,682,no,20
7367,289,no,20
7368,1048,no,20
7369,668,no,20
7370,402,no,20
7371,1023,no,20
7372,426,no,20
7373,582,no,20
7374,323,no,20
7375,398,no,20
7376,741,no,20
7377,113,no,20
7378,523,no,20
7379,465,no,20
7380,286,no,20
7381,1058,no,20
7382,996,no,20
7383,590,no,20
7384,1047,no,20
7385,628,no,20
7386,386,no,20
7387,1023,no,20
7388,366,no,20
7389,1025,no,20
7390,734,no,20
7391,423,no,20
7392,404,no,20
7393,639,no,20
7394,135,no,20
7395,425,no,20
7396,1047,no,20
7397,283,no,20
7398,385,no,20
7399,1063,no,20
7400,993,no,20
7401,582,no,20
7402,982,no,20
7403,399,no,20
7404,741,no,20
7405,589,no,20
7406,744,no,20
7407,590,no,20
7408,1076,no,20
7409,1073,yes,20
7410,402,no,20
7411,983,no,20
7412,737,no,20
7413,668,no,20
7414,386,no,20
7415,1055,no,20
7416,651,no,20
7417,1025,no,20
7418,744,no,20
7419,626,no,20
7420,393,no,20
7421,335,no,20
7422,367,no,20
7423,628,no,20
7424,1022,yes,20
7425,590,no,20
7426,1068,no,20
7427,1060,no,20
7428,426,no,20
7429,583,no,20
7430,436,no,20
7431,651,no,20
7432,741,no,20
7433,468,no,20
7434,750,no,20
7435,862,no,20
7436,423,no,20
7437,634,no,20
7438,407,no,20
7439,623,no,20
7440,672,no,20
7441,994,no,20
7442,386,no,20
7443,333,no,20
7444,651,no,20
7445,627,no,20
7446,325,no,20
7447,423,no,20
7448,1007,no,20
7449,373,no,20
7450,285,no,20
7451,315,no,20
7453,522,no,20
7454,354,no,20
7455,432,no,20
7457,520,no,20
7458,392,no,20
7459,607,no,20
7462,357,no,20
7463,1049,no,20
7464,370,no,20
7465,984,no,20
7466,816,no,20
7469,640,no,20
7470,800,no,20
7471,285,no,20
7475,431,no,20
7476,496,no,20
7477,584,no,20
7480,367,no,20
7481,520,no,20
7482,810,no,20
7485,372,no,20
7486,402,no,20
7487,669,no,20
7491,584,no,20
7492,869,no,20
7495,229,no,20
7496,285,no,20
7497,436,no,20
7500,956,no,20
7501,585,no,20
7502,602,no,20
7506,872,no,20
7507,585,no,20
7508,607,no,20
7511,616,no,20
7512,669,no,20
7513,680,no,20
7516,868,no,20
7517,378,no,20
7518,671,no,20
7519,1005,no,20
7520,285,no,20
7521,603,no,20
7522,521,no,20
7523,328,no,20
7524,371,no,20
7525,872,no,20
7526,714,no,21
7527,364,no,21
7528,261,no,21
7529,669,no,21
7530,352,no,21
7531,869,no,21
7532,536,no,21
7533,285,no,21
7534,288,no,21
7535,521,no,21
7536,391,no,21
7537,431,no,21
7538,872,no,21
7539,392,no,21
7540,607,no,21
7541,823,no,21
7542,669,no,21
7543,372,no,21
7544,289,no,21
7545,611,no,21
7546,315,no,21
7547,369,no,21
7548,540,no,21
7549,603,no,21
7550,958,no,21
7551,396,no,21
7552,371,no,21
7553,501,no,21
7554,232,no,21
7555,371,no,21
7556,404,no,21
7557,668,no,21
7558,362,no,21
7559,289,no,21
7560,584,no,21
7561,936,no,21
7562,640,no,21
7563,584,no,21
7564,521,no,21
7565,431,no,21
7566,521,no,21
7567,519,no,21
7568,607,no,21
7569,717,no,21
7570,669,no,21
7571,615,no,21
7572,1077,no,21
7573,1004,no,21
7574,436,no,21
7575,610,no,21
7576,719,no,21
7577,603,no,21
7578,612,no,21
7579,522,no,21
7580,620,no,21
7581,502,no,21
7582,714,no,21
7583,365,no,21
7584,1007,no,21
7585,669,no,21
7586,372,no,21
7587,289,no,21
7588,816,no,21
7589,496,no,21
7590,315,no,21
7591,328,no,21
7592,521,no,21
7593,431,no,21
7594,502,no,21
7595,536,no,21
7596,620,no,21
7597,404,no,21
7598,673,no,21
7599,371,no,21
7600,404,no,21
7601,868,no,21
7602,266,no,21
7603,999,no,21
7604,419,no,21
7605,893,no,21
7606,325,no,21
7607,373,no,21
7608,522,no,21
7609,620,no,21
7610,521,no,21
7611,395,no,21
7612,365,no,21
7613,714,no,21
7614,979,no,21
7615,368,no,21
7616,657,no,21
7617,685,no,21
7618,832,no,21
7619,436,no,21
7620,344,no,21
7621,278,no,21
7622,315,no,21
7623,674,no,21
7624,232,no,21
7625,620,no,21
7626,395,no,21
7627,1057,no,21
7628,375,no,21
7629,357,no,21
7630,304,no,21
7631,621,no,21
7632,319,no,21
7633,610,no,21
7634,432,no,21
7635,584,no,21
7636,501,no,21
7637,606,no,21
7638,502,no,21
7639,830,no,21
7640,367,no,21
7641,587,no,21
7642,1051,no,21
7643,363,no,21
7644,464,no,21
7645,741,no,21
7646,816,no,21
7647,999,no,21
7648,612,no,21
7649,285,no,21
7650,594,no,21
7651,521,no,21
7652,328,no,21
7653,600,no,21
7654,1051,no,21
7655,578,no,21
7656,607,no,21
7657,404,no,21
7658,1050,no,21
7659,1046,no,21
7660,319,no,21
7661,229,no,21
7662,430,no,21
7663,328,no,21
7664,285,no,21
7665,602,no,21
7666,521,no,21
7667,378,no,21
7668,370,no,21
7669,520,no,21
7670,717,no,21
7671,677,no,21
7672,657,no,21
7673,1049,no,21
7674,611,no,21
7675,869,no,21
7676,820,no,21
7677,473,no,21
7680,40,no,21
7681,403,no,21
7682,405,no,21
7683,860,no,21
7684,382,no,21
7685,577,no,21
7687,570,no,21
7688,381,no,21
7689,579,no,21
7691,561,no,21
7692,284,no,21
7693,618,no,21
7696,472,no,21
7697,761,no,21
7701,576,no,21
7702,617,no,21
7703,329,no,21
7706,586,no,21
7707,576,no,21
7708,882,no,21
7711,589,no,21
7712,397,no,21
7713,567,no,21
7716,888,no,21
7717,820,no,21
7718,470,no,21
7721,385,no,21
7722,570,no,21
7725,563,no,21
7726,575,no,21
7727,1040,no,21
7731,329,no,21
7732,760,no,21
7733,580,no,21
7736,564,no,21
7737,618,no,21
7738,579,no,21
7741,590,no,21
7742,1079,no,21
7743,761,no,21
7744,568,no,21
7745,390,no,21
7746,574,no,21
7747,377,no,21
7748,560,no,21
7749,817,no,21
7750,576,no,21
7751,563,no,21
7752,817,no,21
7753,473,no,21
7754,561,no,21
7755,517,no,21
7756,379,no,21
7757,569,no,21
7758,331,no,21
7759,565,no,21
7760,388,no,21
7761,473,no,21
7762,374,no,21
7763,657,no,21
7764,380,no,21
7765,574,no,21
7766,470,no,21
7767,714,no,21
7768,580,no,21
7769,567,no,21
7770,541,no,21
7771,390,no,21
7772,562,no,21
7773,818,no,21
7774,403,no,21
7775,830,no,21
7776,394,no,21
7777,404,no,21
7778,653,no,21
7779,388,no,21
7780,382,no,21
7781,577,no,21
7782,867,no,21
7783,284,no,21
7784,589,no,21
7785,561,no,21
7786,563,no,21
7787,470,no,21
7788,331,no,21
7789,578,no,21
7790,287,yes,21
7791,368,no,21
7792,617,no,21
7793,578,no,21
7794,682,no,21
7795,589,no,21
7796,580,no,21
7797,368,no,21
7798,517,no,21
7799,330,no,21
7800,571,no,21
7801,657,no,21
7802,567,no,22
7803,1040,no,22
7804,329,no,22
7805,576,no,22
7806,817,no,22
7807,860,no,22
7808,818,no,22
7809,824,no,22
7810,860,no,22
7811,517,no,22
7812,715,no,22
7813,466,no,22
7814,381,no,22
7815,568,no,22
7816,564,no,22
7817,574,no,22
7818,380,no,22
7819,329,no,22
7820,473,no,22
7821,377,no,22
7822,569,no,22
7823,819,no,22
7824,398,no,22
7825,570,no,22
7826,284,no,22
7827,379,no,22
7828,575,no,22
7829,394,no,22
7830,472,no,22
7831,395,no,22
7832,714,no,22
7833,403,no,22
7834,383,no,22
7835,564,no,22
7836,375,no,22
7837,577,no,22
7838,566,no,22
7839,1080,no,22
7840,384,no,22
7841,567,no,22
7842,545,no,22
7843,818,no,22
7844,574,no,22
7845,387,no,22
7846,403,no,22
7847,445,no,22
7848,714,no,22
7849,578,no,22
7850,617,no,22
7851,561,no,22
7852,384,no,22
7853,473,no,22
7854,565,no,22
7855,463,no,22
7856,589,no,22
7857,972,no,22
7858,472,no,22
7859,285,no,22
7860,563,no,22
7861,578,no,22
7862,390,no,22
7863,576,no,22
7864,817,no,22
7865,385,no,22
7866,618,no,22
7867,580,no,22
7868,409,no,22
7869,864,no,22
7870,818,no,22
7871,560,no,22
7872,981,no,22
7873,714,no,22
7874,590,no,22
7875,862,no,22
7876,567,no,22
7877,389,no,22
7878,637,no,22
7879,379,no,22
7880,388,no,22
7881,330,no,22
7882,577,no,22
7883,388,no,22
7884,463,no,22
7885,819,no,22
7886,569,no,22
7887,1079,no,22
7888,381,no,22
7889,574,no,22
7890,588,no,22
7891,864,no,22
7892,383,no,22
7893,863,no,22
7894,714,no,22
7895,580,no,22
7896,391,no,22
7897,714,no,22
7898,397,no,22
7899,682,no,22
7900,719,no,22
7901,472,no,22
7902,567,no,22
7903,445,no,22
7904,374,no,22
7905,433,no,22
7908,462,no,22
7909,993,no,22
7911,283,no,22
7912,838,no,22
7913,277,no,22
7915,488,no,22
7916,267,no,22
7917,444,no,22
7919,774,no,22
7920,377,no,22
7921,481,no,22
7924,584,no,22
7925,551,no,22
7926,322,no,22
7930,898,no,22
7931,538,no,22
7934,679,no,22
7935,482,no,22
7936,306,no,22
7938,438,no,22
7939,515,yes,22
7940,604,no,22
7943,786,yes,22
7944,843,no,22
7945,374,no,22
7948,605,no,22
7949,619,no,22
7950,778,no,22
7953,413,no,22
7954,898,no,22
7958,462,no,22
7959,298,no,22
7960,658,no,22
7963,773,no,22
7964,484,no,22
7965,747,no,22
7968,307,no,22
7969,420,no,22
7970,855,no,22
7971,756,no,22
7972,272,no,22
7973,480,no,22
7974,993,no,22
7975,987,no,22
7976,747,no,22
7977,1011,no,22
7978,900,no,22
7979,699,no,22
7980,835,no,22
7981,375,no,22
7982,412,no,22
7983,778,no,22
7984,267,no,22
7985,273,yes,22
7986,378,no,22
7987,767,yes,22
7988,752,no,22
7989,551,no,22
7990,1003,no,22
7991,306,no,22
7992,557,no,22
7993,306,no,22
7994,291,no,22
7995,292,no,22
7996,885,no,22
7997,755,no,22
7998,433,no,22
7999,382,no,22
8000,906,no,22
8001,1011,no,22
8002,294,no,22
8003,481,no,22
8004,292,no,22
8005,441,no,22
8006,298,no,22
8007,440,no,22
8008,780,no,22
8009,418,no,22
8010,324,no,22
8011,425,no,22
8012,483,no,22
8013,988,no,22
8014,368,no,22
8015,272,no,22
8016,888,no,22
8017,312,no,22
8018,604,no,22
8019,837,no,22
8020,294,no,22
8021,902,no,22
8022,440,no,22
8023,325,no,22
8024,307,no,22
8025,374,no,22
8026,1041,no,22
8027,742,no,22
8028,515,yes,22
8029,758,no,22
8030,858,no,22
8031,1002,no,22
8032,485,no,22
8033,483,no,22
8034,900,no,22
8035,786,yes,22
8036,271,no,22
8037,604,no,22
8038,699,no,22
8039,274,no,22
8040,417,no,22
8041,601,no,22
8042,287,yes,22
8043,550,no,22
8044,988,no,22
8045,869,no,22
8046,462,no,22
8047,305,no,22
8048,538,no,22
8049,1032,no,22
8050,488,no,22
8051,765,no,22
8052,549,no,22
8053,415,no,22
8054,891,no,22
8055,616,no,22
8056,493,no,22
8057,481,no,22
8058,557,no,22
8059,601,no,22
8060,292,no,22
8061,514,yes,22
8062,837,no,22
8063,998,no,22
8064,375,no,22
8065,779,no,22
8066,1012,no,22
8067,423,no,22
8068,322,no,22
8069,662,no,22
8070,376,no,22
8071,778,no,22
8072,620,no,22
8073,856,no,22
8074,411,no,22
8075,305,no,22
8076,437,no,22
8077,514,yes,22
8078,660,no,23
8079,477,no,23
8080,307,no,23
8081,616,no,23
8082,438,no,23
8083,368,no,23
8084,549,no,23
8085,656,no,23
8086,287,yes,23
8087,427,no,23
8088,514,yes,23
8089,477,no,23
8090,1008,no,23
8091,333,no,23
8092,855,no,23
8093,418,no,23
8094,269,no,23
8095,603,no,23
8096,274,no,23
8097,482,no,23
8098,1012,no,23
8099,584,no,23
8100,425,no,23
8101,854,no,23
8102,1040,no,23
8103,767,yes,23
8104,752,no,23
8105,551,no,23
8106,440,no,23
8107,687,no,23
8108,658,no,23
8109,901,no,23
8110,370,no,23
8111,699,no,23
8112,1042,no,23
8113,307,no,23
8114,438,no,23
8115,377,no,23
8116,556,no,23
8117,412,no,23
8118,678,no,23
8119,484,no,23
8120,436,no,23
8121,757,no,23
8122,779,no,23
8123,676,no,23
8124,268,no,23
8125,417,no,23
8126,747,no,23
8127,616,no,23
8128,515,yes,23
8129,499,no,23
8130,522,no,23
8133,903,no,23
8134,1074,yes,23
8136,895,no,23
8138,892,no,23
8140,505,no,23
8143,499,no,23
8144,546,no,23
8148,496,no,23
8149,490,no,23
8152,870,no,23
8155,1074,yes,23
8157,302,no,23
8160,494,no,23
8161,955,no,23
8164,559,no,23
8165,519,no,23
8169,509,no,23
8172,966,yes,23
8175,280,no,23
8176,955,no,23
8177,499,no,23
8178,719,no,23
8179,935,no,23
8180,543,no,23
8181,944,no,23
8182,546,no,23
8183,546,no,23
8184,499,no,23
8185,964,yes,23
8186,519,no,23
8187,510,no,23
8188,543,no,23
8189,280,no,23
8190,500,no,23
8191,494,no,23
8192,512,no,23
8193,772,no,23
8194,279,no,23
8195,508,no,23
8196,943,no,23
8197,499,no,23
8198,949,no,23
8199,303,no,23
8200,871,no,23
8201,546,no,23
8202,892,no,23
8203,688,no,23
8204,1080,no,23
8205,546,no,23
8206,1075,yes,23
8207,539,no,23
8208,956,no,23
8209,870,no,23
8210,496,no,23
8211,487,no,23
8212,723,no,23
8213,491,no,23
8214,542,no,23
8215,511,no,23
8216,508,no,23
8217,951,no,23
8218,507,no,23
8219,540,no,23
8220,519,no,23
8221,1022,yes,23
8222,279,no,23
8223,548,no,23
8224,504,no,23
8225,302,no,23
8226,496,no,23
8227,936,no,23
8228,522,no,23
8229,279,no,23
8230,872,no,23
8231,951,no,23
8232,1081,no,23
8233,496,no,23
8234,285,no,23
8235,1057,no,23
8236,476,no,23
8237,674,no,23
8238,510,no,23
8239,944,no,23
8240,487,no,23
8241,1081,no,23
8242,499,no,23
8243,522,no,23
8244,297,no,23
8245,544,no,23
8246,543,no,23
8247,870,no,23
8248,540,no,23
8249,285,no,23
8250,1057,no,23
8251,279,no,23
8252,305,no,23
8253,960,no,23
8254,964,yes,23
8255,509,no,23
8360,1048,no,23
8435,187,no,23
8461,579,no,23
9032,920,no,23
9033,253,no,23
9035,38,no,23
9036,921,no,23
9038,149,no,23
9039,213,no,23
9041,214,no,23
9042,925,no,23
9043,351,no,23
9045,215,no,23
9046,247,no,23
9047,142,no,23
9050,400,no,23
9051,38,no,23
9054,919,no,23
9055,215,no,23
9056,930,no,23
9059,213,no,23
9060,264,no,23
9061,150,no,23
9064,925,no,23
9065,400,no,23
9066,917,no,23
9068,916,no,23
9069,143,no,23
9073,930,no,23
9074,215,no,23
9075,120,no,23
9078,216,no,23
9079,813,no,23
9082,264,no,23
9083,666,no,23
9084,440,no,23
9088,38,no,23
9089,925,no,23
9090,120,no,23
9093,918,no,23
9094,926,no,23
9095,918,no,23
9096,922,no,23
9097,208,no,23
9098,208,no,23
9099,262,no,23
9100,146,no,23
9101,880,no,23
9102,351,no,23
9103,110,no,23
9104,150,no,23
9105,146,no,23
9106,150,no,23
9107,264,no,23
9108,666,no,23
9109,141,no,23
9110,351,no,23
9111,264,no,23
9112,148,no,23
9113,351,no,23
9114,400,no,23
9115,213,no,23
9116,925,no,23
9117,38,no,23
9118,216,no,23
9119,215,no,23
9120,209,no,23
9121,262,no,23
9122,248,no,23
9123,213,no,23
9124,880,no,23
9126,144,no,23
9127,142,no,23
9128,925,no,23
9129,111,no,23
9130,880,no,23
9131,351,no,23
9132,143,no,23
9133,351,no,23
9134,918,no,23
9135,920,no,23
9136,351,no,23
9137,773,no,23
9138,919,no,23
9139,143,no,23
9140,722,no,23
9141,38,no,23
9142,579,no,23
9143,918,no,23
9144,247,no,23
9145,397,no,23
9146,400,no,23
9147,666,no,23
9148,916,no,23
9149,141,no,23
9150,146,no,23
9151,38,no,23
9152,774,no,23
9153,264,no,24
9154,917,no,24
9155,400,no,24
9156,149,no,24
9157,920,no,24
9158,147,no,24
9159,253,no,24
9160,927,no,24
9161,136,no,24
9162,213,no,24
9163,930,no,24
9164,244,no,24
9165,213,no,24
9166,149,no,24
9167,927,no,24
9168,351,no,24
9169,150,no,24
9170,142,no,24
9171,917,no,24
9172,400,no,24
9173,916,no,24
9174,921,no,24
9175,918,no,24
9176,146,no,24
9177,264,no,24
9178,666,no,24
9179,213,no,24
9180,400,no,24
9181,150,no,24
9182,916,no,24
9183,928,no,24
9184,264,no,24
9185,141,no,24
9186,666,no,24
9187,879,no,24
9188,248,no,24
9189,148,no,24
9190,264,no,24
9191,925,no,24
9192,400,no,24
9193,38,no,24
9194,926,no,24
9195,215,no,24
9196,922,no,24
9197,244,no,24
9198,215,no,24
9199,351,no,24
9200,351,no,24
9201,213,no,24
9202,351,no,24
9203,213,no,24
9204,921,no,24
9205,825,no,24
9206,146,no,24
9207,351,no,24
9208,923,no,24
9209,141,no,24
9210,351,no,24
9211,918,no,24
9212,263,no,24
9213,880,no,24
9214,400,no,24
9215,213,no,24
9216,142,no,24
9217,213,no,24
9218,919,no,24
9219,149,no,24
9220,918,no,24
9221,191,no,24
9222,351,no,24
9223,148,no,24
9224,878,no,24
9225,397,no,24
9226,666,no,24
9227,920,no,24
9228,145,no,24
9229,917,no,24
9230,262,no,24
9231,216,no,24
9232,400,no,24
9233,929,no,24
9234,263,no,24
9235,219,no,24
9236,95,no,24
9237,133,no,24
9238,59,no,24
9239,126,no,24
9240,808,no,24
9241,207,no,24
9242,246,no,24
9243,251,no,24
9244,256,no,24
9245,257,no,24
9246,815,no,24
9247,241,no,24
9248,214,no,24
9249,194,no,24
9250,129,no,24
9251,139,no,24
9252,63,no,24
9253,243,no,24
9254,210,no,24
9255,134,no,24
9256,247,no,24
9257,253,no,24
9258,255,no,24
9259,256,no,24
9260,220,no,24
9261,205,no,24
9262,190,no,24
9263,807,no,24
9264,59,no,24
9265,246,no,24
9266,254,no,24
9267,253,no,24
9268,129,no,24
9269,130,no,24
9270,833,no,24
9271,251,no,24
9272,242,no,24
9273,254,no,24
9274,784,no,24
9275,810,no,24
9276,255,no,24
9277,63,no,24
9278,253,no,24
9279,138,no,24
9280,833,no,24
9281,56,no,24
9282,219,no,24
9283,398,no,24
9284,135,no,24
9285,931,no,24
9286,255,no,24
9287,246,no,24
9288,241,no,24
9289,206,no,24
9290,98,no,24
9291,252,no,24
9292,572,no,24
9293,399,no,24
9294,61,no,24
9295,784,no,24
9296,922,no,24
9297,128,no,24
9298,252,no,24
9299,251,no,24
9300,138,no,24
9301,205,no,24
9302,219,no,24
9303,134,no,24
9304,95,no,24
9305,833,no,24
9306,63,no,24
9307,256,no,24
9308,913,no,24
9309,36,no,24
9310,135,no,24
9311,253,no,24
9312,257,no,24
9313,254,no,24
9314,121,no,24
9315,130,no,24
9316,98,no,24
9317,12,no,24
9318,242,no,24
9319,209,no,24
9320,58,no,24
9321,134,no,24
9322,129,no,24
9323,207,no,24
9324,255,no,24
9325,252,no,24
9326,239,no,24
9327,5,no,24
9328,222,no,24
9329,139,no,24
9330,254,no,24
9331,210,no,24
9332,130,no,24
9333,246,no,24
9334,63,no,24
9335,36,no,24
9336,249,no,24
9337,401,no,24
9338,250,no,24
9339,258,no,24
9340,808,no,24
9341,96,no,24
9342,241,no,24
9343,246,no,24
9344,255,no,24
9345,248,no,24
9346,5,no,24
9347,58,no,24
9348,219,no,24
9349,651,no,24
9350,133,no,24
9351,243,no,24
9352,239,no,24
9353,210,no,24
9354,249,no,24
9355,222,no,24
9356,253,no,24
9357,11,no,24
9358,252,no,24
9359,95,no,24
9360,252,no,24
9361,63,no,24
9362,138,no,24
9363,36,no,24
9364,122,no,24
9365,251,no,24
9366,223,no,24
9367,257,no,24
9368,252,no,24
9369,134,no,24
9370,400,no,24
9371,241,no,24
9372,5,no,24
9373,256,no,24
9374,815,no,24
9375,59,no,24
9376,254,no,24
9377,694,no,24
9378,219,no,24
9379,130,no,24
9380,255,no,24
9381,833,no,24
9382,242,no,24
9383,121,no,24
9384,222,no,24
9385,249,no,24
9386,210,no,24
9387,68,no,24
9388,62,no,24
9389,252,no,24
9390,833,no,24
9391,251,no,24
9392,121,no,24
9393,913,no,24
9394,258,no,24
9395,219,no,24
9396,241,no,24
9397,130,no,24
9398,5,no,24
9399,242,no,24
9400,10,no,24
9401,249,no,24
9402,833,no,24
9403,36,no,25
9404,11,no,25
9405,135,no,25
9406,139,no,25
9407,252,no,25
9408,209,no,25
9409,255,no,25
9410,139,no,25
9411,222,no,25
9412,88,no,25
9413,259,no,25
9414,9,no,25
9415,238,no,25
9416,54,no,25
9417,218,no,25
9418,980,no,25
9419,226,no,25
9420,652,no,25
9421,9,no,25
9422,257,no,25
9423,198,no,25
9424,240,no,25
9425,89,no,25
9426,237,no,25
9427,88,no,25
9428,64,no,25
9429,9,no,25
9430,218,no,25
9431,35,no,25
9432,829,no,25
9433,226,no,25
9434,15,no,25
9435,198,no,25
9436,265,no,25
9437,193,no,25
9438,815,no,25
9439,87,no,25
9440,236,no,25
9441,65,no,25
9442,237,no,25
9443,57,no,25
9444,980,no,25
9445,652,no,25
9446,228,no,25
9447,401,no,25
9448,260,no,25
9449,240,no,25
9450,395,no,25
9451,203,no,25
9452,92,no,25
9453,406,no,25
9454,91,no,25
9455,236,no,25
9456,64,no,25
9457,67,no,25
9458,127,no,25
9459,217,no,25
9460,239,no,25
9461,228,no,25
9462,407,no,25
9463,226,no,25
9464,265,no,25
9465,202,no,25
9466,201,no,25
9467,682,no,25
9468,91,no,25
9469,406,no,25
9470,66,no,25
9471,65,no,25
9472,18,no,25
9473,401,no,25
9474,217,no,25
9475,829,no,25
9476,228,no,25
9477,225,no,25
9478,30,no,25
9479,226,no,25
9480,682,no,25
9481,198,no,25
9482,51,no,25
9483,189,no,25
9484,338,no,25
9485,191,no,25
9486,55,no,25
9487,407,no,25
9488,245,no,25
9489,240,no,25
9490,18,no,25
9491,203,no,25
9492,24,no,25
9493,201,no,25
9494,88,no,25
9495,14,no,25
9496,64,no,25
9497,60,no,25
9498,7,no,25
9499,189,no,25
9500,29,no,25
9501,12,no,25
9502,265,no,25
9503,28,no,25
9504,217,no,25
9505,18,no,25
9506,193,no,25
9507,16,no,25
9508,87,no,25
9509,57,no,25
9510,14,no,25
9511,67,no,25
9512,403,no,25
9513,407,no,25
9514,249,no,25
9515,53,no,25
9516,245,no,25
9517,50,no,25
9518,240,no,25
9519,259,no,25
9520,94,no,25
9521,92,no,25
9522,51,no,25
9523,16,no,25
9524,55,no,25
9525,14,no,25
9526,407,no,25
9527,4,no,25
9528,407,no,25
9529,260,no,25
9530,217,no,25
9531,221,no,25
9532,86,no,25
9533,201,no,25
9534,16,no,25
9535,65,no,25
9536,34,no,25
9537,664,no,25
9538,407,no,25
9539,70,no,25
9540,245,no,25
9541,9,no,25
9542,220,no,25
9543,202,no,25
9544,92,no,25
9545,50,no,25
9546,87,no,25
9547,55,no,25
9548,80,no,25
9549,407,no,25
9550,15,no,25
9551,72,no,25
9552,260,no,25
9553,653,no,25
9554,194,no,25
9555,69,no,25
9556,221,no,25
9557,54,no,25
9558,91,no,25
9559,28,no,25
9560,64,no,25
9561,785,no,25
9562,123,no,25
9563,73,no,25
9564,239,no,25
9565,245,no,25
9566,225,no,25
9567,72,no,25
9568,202,no,25
9569,9,no,25
9570,66,no,25
9571,200,no,25
9572,54,no,25
9573,197,no,25
9574,977,no,25
9575,42,no,25
9576,834,no,25
9577,401,no,25
9578,15,no,25
9579,220,no,25
9580,276,no,25
9581,238,no,25
9582,160,no,25
9583,276,no,25
9584,159,no,25
9585,276,no,25
9586,104,no,25
9587,847,no,25
9588,104,no,25
9589,409,no,25
9590,20,no,25
9591,104,no,25
9592,236,no,25
9593,26,no,25
9594,237,no,25
9595,109,no,25
9596,102,no,25
9597,23,no,25
9598,850,no,25
9599,107,no,25
9600,846,no,25
9601,468,no,25
9602,108,no,25
9603,735,no,25
9604,409,no,25
9605,584,no,25
9606,82,no,25
9607,26,no,25
9608,45,no,25
9609,27,no,25
9610,801,no,25
9611,109,no,25
9612,801,no,25
9613,160,no,25
9614,77,no,25
9615,867,no,25
9616,387,no,25
9617,46,no,25
9618,847,no,25
9619,84,no,25
9620,3,no,25
9621,45,no,25
9622,845,no,25
9623,717,no,25
9624,974,no,25
9625,27,no,25
9626,231,no,25
9627,853,no,25
9628,828,no,25
9629,33,no,25
9630,39,no,25
9631,23,no,25
9632,827,no,25
9633,153,no,25
9634,276,no,25
9635,971,no,25
9636,153,no,25
9637,378,no,25
9638,845,no,25
9639,408,no,25
9640,83,no,25
9641,408,no,25
9642,17,no,25
9643,974,no,25
9644,27,no,25
9645,232,no,25
9646,976,no,25
9647,828,no,25
9648,976,no,25
9649,233,no,25
9650,976,no,25
9651,46,no,25
9652,52,no,25
9653,396,no,26
9654,396,no,26
9655,50,no,26
9656,154,no,26
9657,394,no,26
9658,17,no,26
9659,560,no,26
9660,43,no,26
9661,975,no,26
9662,360,no,26
9663,233,no,26
9664,358,no,26
9665,152,no,26
9666,52,no,26
9667,276,no,26
9668,76,no,26
9669,469,no,26
9670,76,no,26
9671,378,no,26
9672,76,no,26
9673,358,no,26
9674,233,no,26
9675,357,no,26
9676,155,no,26
9677,137,no,26
9678,394,no,26
9679,976,no,26
9680,137,no,26
9681,53,no,26
9682,395,no,26
9683,78,no,26
9684,393,no,26
9685,76,no,26
9686,171,no,26
9687,76,no,26
9688,235,no,26
9689,171,no,26
9690,43,no,26
9691,234,no,26
9692,70,no,26
9693,358,no,26
9694,234,no,26
9695,387,no,26
9696,234,no,26
9697,378,no,26
9698,192,no,26
9699,174,no,26
9700,791,no,26
9701,79,no,26
9702,231,no,26
9703,790,no,26
9704,76,no,26
9705,235,no,26
9706,154,no,26
9707,235,no,26
9708,358,no,26
9709,234,no,26
9710,806,no,26
9711,276,no,26
9712,196,no,26
9713,378,no,26
9714,192,no,26
9715,229,no,26
9716,79,no,26
9717,25,no,26
9718,137,no,26
9719,790,no,26
9720,237,no,26
9721,358,no,26
9722,237,no,26
9723,22,no,26
9724,393,no,26
9725,16,no,26
9726,235,no,26
9727,369,no,26
9728,20,no,26
9729,200,no,26
9730,378,no,26
9731,189,no,26
9732,20,no,26
9733,409,no,26
9734,25,no,26
9735,237,no,26
9736,735,no,26
9737,19,no,26
9738,158,no,26
9739,237,no,26
9740,682,no,26
9741,158,no,26
9742,235,no,26
9743,276,no,26
9744,234,no,26
9745,735,no,26
9746,393,no,26
9747,393,no,26
9748,26,no,26
9749,409,no,26
9750,162,no,26
9751,25,no,26
9752,161,no,26
9753,236,no,26
9754,358,no,26
9755,346,no,26
9756,108,no,26
9757,793,no,26
9758,361,no,26
9759,328,no,26
9760,261,no,26
9761,349,no,26
9762,408,no,26
9763,346,no,26
9764,165,no,26
9765,179,no,26
9766,717,no,26
9767,41,no,26
9768,610,no,26
9769,211,no,26
9770,788,no,26
9771,48,no,26
9772,114,no,26
9773,375,no,26
9774,358,no,26
9775,261,no,26
9776,1039,no,26
9777,349,no,26
9778,175,no,26
9779,362,no,26
9780,934,no,26
9781,716,no,26
9782,328,no,26
9783,211,no,26
9784,849,no,26
9785,793,no,26
9786,361,no,26
9787,181,no,26
9788,716,no,26
9789,360,no,26
9790,527,no,26
9791,184,no,26
9792,382,no,26
9793,177,no,26
9794,2,no,26
9795,527,no,26
9796,396,no,26
9797,165,no,26
9798,717,no,26
9799,340,no,26
9800,41,no,26
9801,359,no,26
9802,383,no,26
9803,328,no,26
9804,360,no,26
9805,185,no,26
9806,49,no,26
9807,533,no,26
9808,261,no,26
9809,105,no,26
9810,396,no,26
9811,346,no,26
9812,166,no,26
9813,794,no,26
9814,378,no,26
9815,169,no,26
9816,1001,no,26
9817,180,no,26
9818,212,no,26
9819,179,no,26
9820,360,no,26
9821,105,no,26
9822,374,no,26
9823,350,no,26
9824,165,no,26
9825,261,no,26
9826,117,no,26
9827,791,no,26
9828,175,no,26
9829,375,no,26
9830,348,no,26
9831,715,no,26
9832,357,no,26
9833,797,no,26
9834,366,no,26
9835,716,no,26
9836,360,no,26
9837,185,no,26
9838,157,no,26
9839,170,no,26
9840,166,no,26
9841,328,no,26
9842,166,no,26
9843,608,no,26
9844,356,no,26
9845,177,no,26
9846,791,no,26
9847,357,no,26
9848,328,no,26
9849,802,no,26
9850,357,no,26
9851,1,no,26
9852,793,no,26
9853,31,no,26
9854,716,no,26
9855,378,no,26
9856,117,no,26
9857,172,no,26
9858,353,no,26
9859,533,no,26
9860,353,no,26
9861,346,no,26
9862,212,no,26
9863,114,no,26
9864,359,no,26
9865,533,no,26
9866,328,no,26
9867,30,no,26
9868,353,no,26
9869,795,no,26
9870,176,no,26
9871,356,no,26
9872,791,no,26
9873,610,no,26
9874,802,no,26
9875,44,no,26
9876,363,no,26
9877,170,no,26
9878,343,no,26
9879,162,no,26
9880,391,no,26
9881,175,no,26
9882,31,no,26
9883,328,no,26
9884,31,no,26
9885,716,no,26
9886,354,no,26
9887,340,no,26
9888,211,no,26
9889,167,no,26
9890,802,no,26
9891,169,no,26
9892,392,no,26
9893,344,no,26
9894,804,no,26
9895,408,no,26
9896,167,no,26
9897,717,no,26
9898,22,no,26
9899,1028,no,26
9900,355,no,26
9901,49,no,26
9902,211,no,26
9903,168,no,27
9904,2,no,27
9905,609,no,27
9906,108,no,27
9907,162,no,27
9908,375,no,27
9909,735,no,27
9910,392,no,27
9911,378,no,27
9912,344,no,27
9913,328,no,27
9914,44,no,27
9915,355,no,27
9916,185,no,27
9917,170,no,27
9918,527,no,27
9919,211,no,27
9920,375,no,27
9921,339,no,27
9922,104,no,27
9923,816,no,27
9924,161,no,27
9925,170,no,27
9926,408,no,27
9927,610,no,27
9928,328,no,27
9929,339,no,27
9930,184,no,27
9931,362,no,27
9932,354,no,27
9933,793,no,27
9934,620,no,27
9935,430,no,27
9936,1029,no,27
9937,606,no,27
9938,593,no,27
9939,748,no,27
9940,182,no,27
9941,342,no,27
9942,600,no,27
9943,513,no,27
9944,596,no,27
9945,290,no,27
9946,426,no,27
9947,446,no,27
9948,671,no,27
9949,365,no,27
9950,528,no,27
9951,438,no,27
9952,534,no,27
9953,598,no,27
9954,353,no,27
9955,524,no,27
9956,1038,no,27
9957,457,no,27
9958,607,no,27
9959,606,no,27
9960,513,no,27
9961,670,no,27
9962,768,no,27
9963,592,no,27
9964,459,no,27
9965,530,no,27
9966,753,no,27
9967,363,no,27
9968,529,no,27
9969,608,no,27
9970,593,no,27
9971,597,no,27
9972,596,no,27
9973,438,no,27
9974,596,no,27
9975,428,no,27
9976,460,no,27
9977,663,no,27
9978,593,no,27
9979,173,no,27
9980,448,no,27
9981,527,no,27
9982,602,no,27
9983,665,no,27
9984,600,no,27
9985,531,no,27
9986,888,no,27
9987,1038,no,27
9988,1017,no,27
9989,452,no,27
9990,156,no,27
9991,430,no,27
9992,451,no,27
9993,430,no,27
9994,458,no,27
9995,607,no,27
9996,365,no,27
9997,593,no,27
9998,282,no,27
9999,602,no,27
10000,743,no,27
10001,426,no,27
10002,453,no,27
10003,1038,no,27
10004,1033,no,27
10005,907,no,27
10006,750,no,27
10007,164,no,27
10008,606,no,27
10009,173,no,27
10010,595,no,27
10011,528,no,27
10012,595,no,27
10013,461,no,27
10014,596,no,27
10015,534,no,27
10016,1017,no,27
10017,606,no,27
10018,597,no,27
10019,429,no,27
10020,528,no,27
10021,438,no,27
10022,614,no,27
10023,461,no,27
10024,168,no,27
10025,295,no,27
10026,665,no,27
10027,156,no,27
10028,456,no,27
10029,364,no,27
10030,436,no,27
10031,907,no,27
10032,535,no,27
10033,288,no,27
10034,613,no,27
10035,430,no,27
10036,525,no,27
10037,661,no,27
10038,339,no,27
10039,599,no,27
10040,606,no,27
10041,343,no,27
10042,595,no,27
10043,1038,no,27
10044,749,no,27
10045,513,no,27
10046,449,no,27
10047,364,no,27
10048,629,no,27
10049,663,no,27
10050,594,no,27
10051,363,no,27
10052,529,no,27
10053,614,no,27
10054,595,no,27
10055,1020,no,27
10056,345,no,27
10057,600,no,27
10058,596,no,27
10059,513,no,27
10060,426,no,27
10061,452,no,27
10062,326,no,27
10063,173,no,27
10064,606,no,27
10065,527,no,27
10066,440,no,27
10067,661,no,27
10068,608,no,27
10069,595,no,27
10070,461,no,27
10071,538,no,27
10072,1038,no,27
10073,447,no,27
10074,115,no,27
10075,671,no,27
10076,1034,no,27
10077,431,no,27
10078,460,no,27
10079,606,no,27
10080,593,no,27
10081,363,no,27
10082,665,no,27
10083,1028,no,27
10084,595,no,27
10085,1030,no,27
10086,596,no,27
10087,677,no,27
10088,426,no,27
10089,455,no,27
10090,432,no,27
10091,458,no,27
10092,528,no,27
10093,595,no,27
10094,169,no,27
10095,598,no,27
10096,363,no,27
10097,456,no,27
10098,607,no,27
10099,453,no,27
10100,532,no,27
10101,596,no,27
10102,1038,no,27
10103,671,no,27
10104,273,yes,27
10105,1033,no,27
10106,676,no,27
10107,462,no,27
10108,443,no,27
10109,168,no,27
10110,1031,no,27
10111,789,no,27
10112,600,no,27
10113,290,no,27
10114,600,no,27
10115,1031,no,27
10116,426,no,27
10117,449,no,27
10118,428,no,27
10119,1038,no,27
10120,451,no,27
10121,593,no,27
10122,342,no,27
10123,450,no,27
10124,526,no,27
10125,532,no,27
10126,457,no,27
10127,552,yes,27
10128,534,no,27
10129,671,no,27
10130,423,no,27
10131,402,no,27
10132,1041,no,27
10133,653,no,27
10134,1067,no,27
10135,1051,no,27
10136,573,no,27
10137,286,no,27
10138,1055,no,27
10139,440,no,27
10140,583,no,27
10141,668,no,27
10142,651,no,27
10143,1024,no,27
10144,605,no,27
10145,626,no,27
10146,586,no,27
10147,523,no,27
10148,404,no,27
10149,320,no,27
10150,672,no,27
10151,385,no,27
10152,424,no,27
10153,1056,no,28
10154,995,no,28
10155,386,no,28
10156,724,no,28
10157,386,no,28
10158,724,no,28
10159,378,no,28
10160,635,no,28
10161,588,no,28
10162,286,no,28
10163,731,no,28
10164,402,no,28
10165,1027,no,28
10166,737,no,28
10167,623,no,28
10168,583,no,28
10169,1056,no,28
10170,572,no,28
10171,436,no,28
10172,478,no,28
10173,440,no,28
10174,468,no,28
10175,1053,no,28
10176,466,no,28
10177,1067,no,28
10178,1055,no,28
10179,881,no,28
10180,286,no,28
10181,1055,no,28
10182,997,no,28
10183,385,no,28
10184,1025,no,28
10185,582,no,28
10186,628,no,28
10187,742,no,28
10188,641,no,28
10189,653,no,28
10190,423,no,28
10191,667,no,28
10192,367,no,28
10193,289,no,28
10194,1048,no,28
10195,670,no,28
10196,582,no,28
10197,1056,no,28
10198,386,no,28
10199,1024,no,28
10200,400,no,28
10201,422,no,28
10202,882,no,28
10203,185,no,28
10204,741,no,28
10205,830,no,28
10206,737,no,28
10207,825,no,28
10208,425,no,28
10209,1049,no,28
10210,429,no,28
10211,590,no,28
10212,1024,no,28
10213,572,no,28
10214,1026,no,28
10215,717,no,28
10216,398,no,28
10217,994,no,28
10218,588,no,28
10219,1053,no,28
10220,881,no,28
10221,1077,no,28
10222,673,no,28
10223,996,no,28
10224,582,no,28
10225,1049,no,28
10226,651,no,28
10227,1062,no,28
10228,473,no,28
10229,422,no,28
10230,468,no,28
10231,523,no,28
10232,286,no,28
10233,393,no,28
10234,1070,no,28
10235,882,no,28
10236,327,no,28
10237,1055,no,28
10238,670,no,28
10239,590,no,28
10240,1024,no,28
10241,623,no,28
10242,386,no,28
10243,1026,no,28
10244,464,no,28
10245,101,no,28
10246,423,no,28
10247,357,no,28
10248,523,no,28
10249,862,no,28
10250,1076,no,28
10251,979,no,28
10252,623,no,28
10253,402,no,28
10254,690,no,28
10255,426,no,28
10256,582,no,28
10257,744,no,28
10258,473,no,28
10259,983,no,28
10260,523,no,28
10261,1066,no,28
10262,587,no,28
10263,673,no,28
10264,402,no,28
10265,327,no,28
10266,1055,no,28
10267,996,no,28
10268,881,no,28
10269,1059,no,28
10270,429,no,28
10271,386,no,28
10272,327,no,28
10273,473,no,28
10274,423,no,28
10275,881,no,28
10276,520,no,28
10277,881,no,28
10278,423,no,28
10279,335,no,28
10280,1027,no,28
10281,368,no,28
10282,334,no,28
10283,995,no,28
10284,583,no,28
10285,333,no,28
10286,398,no,28
10287,422,no,28
10288,520,no,28
10289,741,no,28
10290,589,no,28
10291,634,no,28
10292,588,no,28
10293,1078,no,28
10294,672,no,28
10295,583,no,28
10296,424,no,28
10297,336,no,28
10298,623,no,28
10299,652,no,28
10300,1026,no,28
10301,249,no,28
10302,628,no,28
10303,393,no,28
10304,605,no,28
10305,385,no,28
10306,624,no,28
10307,335,no,28
10308,590,no,28
10309,286,no,28
10310,334,no,28
10311,427,no,28
10312,583,no,28
10313,1060,no,28
10314,398,no,28
10315,1042,no,28
10316,520,no,28
10317,741,no,28
10318,357,no,28
10319,634,no,28
10320,468,no,28
10321,733,no,28
10322,672,no,28
10323,808,no,28
10324,427,no,28
10325,1055,no,28
10326,670,no,28
10327,386,no,28
10328,627,no,28
10329,573,no,28
10330,1069,no,28
10331,610,no,28
10332,438,no,28
10333,373,no,28
10334,1079,no,28
10335,602,no,28
10336,1075,yes,28
10337,375,no,28
10338,872,no,28
10339,395,no,28
10340,383,no,28
10341,394,no,28
10342,668,no,28
10343,362,no,28
10344,995,no,28
10345,936,no,28
10346,325,no,28
10347,945,no,28
10348,823,no,28
10349,432,no,28
10350,872,no,28
10351,1004,no,28
10352,366,no,28
10353,404,no,28
10354,1048,no,28
10355,372,no,28
10356,1069,no,28
10357,584,no,28
10358,435,no,28
10359,584,no,28
10360,496,no,28
10361,435,no,28
10362,300,no,28
10363,612,no,28
10364,607,no,28
10365,872,no,28
10366,404,no,28
10367,615,no,28
10368,714,no,28
10369,669,no,28
10370,373,no,28
10371,869,no,28
10372,612,no,28
10373,1079,no,28
10374,315,no,28
10375,278,no,28
10376,717,no,28
10377,602,no,28
10378,872,no,28
10379,714,no,28
10380,366,no,28
10381,358,no,28
10382,1048,no,28
10383,680,no,28
10384,868,no,28
10385,266,no,28
10386,998,no,28
10387,378,no,28
10388,285,no,28
10389,430,no,28
10390,278,no,28
10391,373,no,28
10392,499,no,28
10393,395,no,28
10394,365,no,28
10395,831,no,28
10396,669,no,28
10397,611,no,28
10398,1077,no,28
10399,353,no,28
10400,275,no,28
10401,436,no,28
10402,278,no,28
10403,354,no,29
10404,599,no,29
10405,503,no,29
10406,584,no,29
10407,366,no,29
10408,732,no,29
10409,668,no,29
10410,370,no,29
10411,1077,no,29
10412,362,no,29
10413,747,no,29
10414,584,no,29
10415,681,no,29
10416,430,no,29
10417,742,no,29
10418,278,no,29
10419,499,no,29
10420,585,no,29
10421,615,no,29
10422,379,no,29
10423,979,no,29
10424,621,no,29
10425,868,no,29
10426,610,no,29
10427,285,no,29
10428,426,no,29
10429,715,no,29
10430,521,no,29
10431,599,no,29
10432,501,no,29
10433,328,no,29
10434,607,no,29
10435,831,no,29
10436,669,no,29
10437,365,no,29
10438,868,no,29
10439,362,no,29
10440,693,no,29
10441,816,no,29
10442,681,no,29
10443,430,no,29
10444,536,no,29
10445,521,no,29
10446,607,no,29
10447,502,no,29
10448,396,no,29
10449,370,no,29
10450,673,no,29
10451,746,no,29
10452,404,no,29
10453,1068,no,29
10454,420,no,29
10455,285,no,29
10456,1069,no,29
10457,395,no,29
10458,521,no,29
10459,594,no,29
10460,521,no,29
10461,395,no,29
10462,620,no,29
10463,717,no,29
10464,673,no,29
10465,365,no,29
10466,409,no,29
10467,1067,no,29
10468,363,no,29
10469,984,no,29
10470,830,no,29
10471,435,no,29
10472,354,no,29
10473,1074,yes,29
10474,620,no,29
10475,521,no,29
10476,415,no,29
10477,372,no,29
10478,392,no,29
10479,1051,no,29
10480,615,no,29
10481,357,no,29
10482,304,no,29
10483,378,no,29
10484,319,no,29
10485,832,no,29
10486,998,no,29
10487,521,no,29
10488,405,no,29
10489,366,no,29
10490,754,no,29
10491,1051,no,29
10492,365,no,29
10493,12,no,29
10494,493,no,29
10495,363,no,29
10496,670,no,29
10497,352,no,29
10498,315,no,29
10499,610,no,29
10500,285,no,29
10501,600,no,29
10502,946,no,29
10503,717,no,29
10504,375,no,29
10505,1057,no,29
10506,404,no,29
10507,615,no,29
10508,881,no,29
10509,1050,no,29
10510,584,no,29
10511,427,no,29
10512,536,no,29
10513,501,no,29
10514,432,no,29
10515,510,no,29
10516,373,no,29
10517,602,no,29
10518,520,no,29
10519,717,no,29
10520,367,no,29
10521,717,no,29
10522,1048,no,29
10523,420,no,29
10524,564,no,29
10525,542,no,29
10526,394,no,29
10527,472,no,29
10528,564,no,29
10529,578,no,29
10530,732,no,29
10531,654,no,29
10532,383,no,29
10533,577,no,29
10534,860,no,29
10535,382,no,29
10536,824,no,29
10537,40,no,29
10538,981,no,29
10539,818,no,29
10540,874,no,29
10541,761,no,29
10542,572,no,29
10543,564,no,29
10544,576,no,29
10545,617,no,29
10546,40,no,29
10547,586,no,29
10548,471,no,29
10549,567,no,29
10550,589,no,29
10551,581,no,29
10552,469,no,29
10553,517,no,29
10554,330,no,29
10555,570,no,29
10556,387,no,29
10557,575,no,29
10558,817,no,29
10559,563,no,29
10560,817,no,29
10561,577,no,29
10562,567,no,29
10563,818,no,29
10564,824,no,29
10565,563,no,29
10566,275,no,29
10567,761,no,29
10568,571,no,29
10569,390,no,29
10570,567,no,29
10571,560,no,29
10572,562,no,29
10573,377,no,29
10574,563,no,29
10575,817,no,29
10576,576,no,29
10577,560,no,29
10578,819,no,29
10579,397,no,29
10580,569,no,29
10581,517,no,29
10582,380,no,29
10583,565,no,29
10584,588,no,29
10585,867,no,29
10586,369,no,29
10587,388,no,29
10588,382,no,29
10589,574,no,29
10590,560,no,29
10591,379,no,29
10592,580,no,29
10593,388,no,29
10594,771,no,29
10595,390,no,29
10596,566,no,29
10597,329,no,29
10598,562,no,29
10599,393,no,29
10600,403,no,29
10601,404,no,29
10602,387,no,29
10603,586,no,29
10604,580,no,29
10605,867,no,29
10606,384,no,29
10607,516,no,29
10608,574,no,29
10609,1079,no,29
10610,588,no,29
10611,469,no,29
10612,761,no,29
10613,578,no,29
10614,617,no,29
10615,368,no,29
10616,603,no,29
10617,578,no,29
10618,391,no,29
10619,589,no,29
10620,580,no,29
10621,682,no,29
10622,517,no,29
10623,330,no,29
10624,388,no,29
10625,385,no,29
10626,571,no,29
10627,329,no,29
10628,575,no,29
10629,621,no,29
10630,882,no,29
10631,576,no,29
10632,817,no,29
10633,590,no,29
10634,817,no,29
10635,516,no,29
10636,101,no,29
10637,517,no,29
10638,761,no,29
10639,568,no,29
10640,381,no,29
10641,574,no,29
10642,376,no,29
10643,563,no,29
10644,473,no,29
10645,376,no,29
10646,329,no,29
10647,819,no,29
10648,653,no,29
10649,569,no,29
10650,1080,no,29
10651,380,no,29
10652,570,no,29
10653,588,no,30
10654,565,no,30
10655,657,no,30
10656,469,no,30
10657,368,no,30
10658,564,no,30
10659,403,no,30
10660,732,no,30
10661,566,no,30
10662,380,no,30
10663,577,no,30
10664,567,no,30
10665,518,no,30
10666,392,no,30
10667,574,no,30
10668,275,no,30
10669,818,no,30
10670,403,no,30
10671,830,no,30
10672,387,no,30
10673,578,no,30
10674,618,no,30
10675,714,no,30
10676,384,no,30
10677,581,no,30
10678,561,no,30
10679,463,no,30
10680,589,no,30
10681,563,no,30
10682,285,no,30
10683,563,no,30
10684,470,no,30
10685,389,no,30
10686,578,no,30
10687,386,no,30
10688,575,no,30
10689,817,no,30
10690,386,no,30
10691,618,no,30
10692,577,no,30
10693,386,no,30
10694,463,no,30
10695,817,no,30
10696,571,no,30
10697,681,no,30
10698,714,no,30
10699,567,no,30
10700,862,no,30
10701,574,no,30
10702,374,no,30
10703,472,no,30
10704,817,no,30
10705,576,no,30
10706,388,no,30
10707,463,no,30
10708,819,no,30
10709,389,no,30
10710,1079,no,30
10711,381,no,30
10712,568,no,30
10713,654,no,30
10714,574,no,30
10715,860,no,30
10716,653,no,30
10717,373,no,30
10718,682,no,30
10719,391,no,30
10720,653,no,30
10721,683,no,30
10722,657,no,30
10723,262,no,30
10724,616,no,30
10725,782,yes,30
10726,751,no,30
10727,369,no,30
10728,317,no,30
10729,986,no,30
10730,485,no,30
10731,514,yes,30
10732,477,no,30
10733,1032,no,30
10734,271,no,30
10735,443,no,30
10736,488,no,30
10737,267,no,30
10738,480,no,30
10739,549,no,30
10740,375,no,30
10741,601,no,30
10742,584,no,30
10743,886,no,30
10744,675,no,30
10745,551,no,30
10746,480,no,30
10747,306,no,30
10748,679,no,30
10749,514,yes,30
10750,755,no,30
10751,435,no,30
10752,293,no,30
10753,370,no,30
10754,273,yes,30
10755,322,no,30
10756,424,no,30
10757,750,no,30
10758,515,yes,30
10759,1003,no,30
10760,294,no,30
10761,903,no,30
10762,779,no,30
10763,748,no,30
10764,885,no,30
10765,483,no,30
10766,890,no,30
10767,307,no,30
10768,266,no,30
10769,480,no,30
10770,1040,no,30
10771,786,yes,30
10772,440,no,30
10773,476,no,30
10774,421,no,30
10775,836,no,30
10776,325,no,30
10777,269,no,30
10778,375,no,30
10779,786,yes,30
10780,515,yes,30
10781,1005,no,30
10782,410,no,30
10783,377,no,30
10784,886,no,30
10785,273,yes,30
10786,856,no,30
10787,753,no,30
10788,898,no,30
10789,1008,no,30
10790,306,no,30
10791,859,no,30
10792,486,no,30
10793,676,no,30
10794,439,no,30
10795,549,no,30
10796,755,no,30
10797,412,no,30
10798,374,no,30
10799,983,no,30
10800,480,no,30
10801,436,no,30
10802,758,no,30
10803,779,no,30
10804,676,no,30
10805,515,yes,30
10806,416,no,30
10807,991,no,30
10808,423,no,30
10809,482,no,30
10810,434,no,30
10811,676,no,30
10812,899,no,30
10813,445,no,30
10814,557,no,30
10815,854,no,30
10816,437,no,30
10817,754,no,30
10818,559,no,30
10819,603,no,30
10820,901,no,30
10821,787,no,30
10822,605,no,30
10823,307,no,30
10824,368,no,30
10825,323,no,30
10826,1005,no,30
10827,549,no,30
10828,1002,no,30
10829,899,no,30
10830,482,no,30
10831,900,no,30
10832,485,no,30
10833,269,no,30
10834,755,no,30
10835,679,no,30
10836,778,no,30
10837,266,no,30
10838,786,yes,30
10839,760,no,30
10840,293,no,30
10841,751,no,30
10842,313,no,30
10843,989,no,30
10844,456,no,30
10845,546,no,30
10846,306,no,30
10847,433,no,30
10848,483,no,30
10849,488,no,30
10850,859,no,30
10851,549,no,30
10852,267,no,30
10853,481,no,30
10854,746,no,30
10855,489,no,30
10856,601,no,30
10857,887,no,30
10858,888,no,30
10859,884,no,30
10860,904,no,30
10861,375,no,30
10862,274,no,30
10863,747,no,30
10864,493,no,30
10865,755,no,30
10866,989,no,30
10867,376,no,30
10868,782,yes,30
10869,552,yes,30
10870,858,no,30
10871,481,no,30
10872,436,no,30
10873,418,no,30
10874,938,no,30
10875,699,no,30
10876,291,no,30
10877,884,no,30
10878,435,no,30
10879,488,no,30
10880,622,no,30
10881,412,no,30
10882,680,no,30
10883,538,no,30
10884,273,yes,30
10885,287,yes,30
10886,313,no,30
10887,440,no,30
10888,305,no,30
10889,476,no,30
10890,1003,no,30
10891,559,no,30
10892,857,no,30
10893,775,yes,30
10894,375,no,30
10895,481,no,30
10896,1007,no,30
10897,424,no,30
10898,440,no,30
10899,1040,no,30
10900,767,yes,30
10901,854,no,30
10902,883,no,30
10903,753,no,31
10904,658,no,31
10905,441,no,31
10906,309,no,31
10907,552,yes,31
10908,885,no,31
10909,368,no,31
10910,323,no,31
10911,1042,no,31
10912,307,no,31
10913,414,no,31
10914,376,no,31
10915,899,no,31
10916,482,no,31
10917,515,yes,31
10918,322,no,31
10919,776,no,31
10920,999,no,31
10921,269,no,31
10922,417,no,31
10923,857,no,31
10924,487,no,31
10925,519,no,31
10926,499,no,31
10927,519,no,31
10928,559,no,31
10929,545,no,31
10930,771,no,31
10931,496,no,31
10932,546,no,31
10933,498,no,31
10934,495,no,31
10935,512,no,31
10936,1075,yes,31
10937,870,no,31
10938,302,no,31
10939,936,no,31
10940,494,no,31
10941,873,no,31
10942,490,no,31
10943,510,no,31
10944,957,no,31
10945,496,no,31
10946,499,no,31
10947,501,no,31
10948,539,no,31
10949,871,no,31
10950,522,no,31
10951,538,no,31
10952,302,no,31
10953,955,no,31
10954,1073,yes,31
10955,1075,yes,31
10956,938,no,31
10957,894,no,31
10958,870,no,31
10959,280,no,31
10960,963,yes,31
10961,949,no,31
10962,547,no,31
10963,893,no,31
10964,511,no,31
10965,509,no,31
10966,892,no,31
10967,936,no,31
10968,295,no,31
10969,871,no,31
10970,491,no,31
10971,522,no,31
10972,897,no,31
10973,688,no,31
10974,523,no,31
10975,956,no,31
10976,903,no,31
10977,285,no,31
10978,894,no,31
10979,674,no,31
10980,500,no,31
10981,512,no,31
10982,487,no,31
10983,522,no,31
10984,937,no,31
10985,956,no,31
10986,509,no,31
10987,302,no,31
10988,546,no,31
10989,936,no,31
10990,669,no,31
10991,285,no,31
10992,511,no,31
10993,543,no,31
10994,501,no,31
10995,720,no,31
10996,487,no,31
10997,871,no,31
10998,936,no,31
10999,943,no,31
11000,952,no,31
11001,959,no,31
11002,499,no,31
11003,501,no,31
11004,1073,yes,31
11005,955,no,31
11006,521,no,31
11007,510,no,31
11008,501,no,31
11009,953,no,31
11010,280,no,31
11011,871,no,31
11012,660,no,31
11013,674,no,31
11014,844,no,31
11015,543,no,31
11016,870,no,31
11017,546,no,31
11018,1073,yes,31
11019,285,no,31
11020,305,no,31
11021,958,no,31
11022,958,no,31
11023,301,no,31
11024,929,no,31
11025,400,no,31
11026,918,no,31
11027,351,no,31
11028,920,no,31
11029,921,no,31
11030,148,no,31
11031,213,no,31
11032,208,no,31
11033,149,no,31
11034,925,no,31
11035,351,no,31
11036,351,no,31
11037,920,no,31
11038,214,no,31
11039,248,no,31
11040,38,no,31
11041,929,no,31
11042,880,no,31
11043,930,no,31
11044,141,no,31
11045,215,no,31
11046,146,no,31
11047,825,no,31
11048,264,no,31
11049,917,no,31
11050,924,no,31
11051,400,no,31
11052,917,no,31
11053,916,no,31
11054,215,no,31
11055,136,no,31
11056,928,no,31
11057,813,no,31
11058,918,no,31
11059,264,no,31
11060,666,no,31
11061,880,no,31
11062,351,no,31
11063,925,no,31
11064,120,no,31
11065,149,no,31
11066,927,no,31
11067,918,no,31
11068,195,no,31
11069,918,no,31
11070,140,no,31
11071,879,no,31
11072,263,no,31
11073,666,no,31
11074,880,no,31
11075,351,no,31
11076,150,no,31
11077,925,no,31
11078,110,no,31
11079,929,no,31
11080,208,no,31
11081,929,no,31
11082,141,no,31
11083,264,no,31
11084,247,no,31
11085,147,no,31
11086,351,no,31
11087,400,no,31
11088,213,no,31
11089,880,no,31
11090,924,no,31
11091,38,no,31
11092,216,no,31
11093,264,no,31
11094,215,no,31
11095,351,no,31
11096,215,no,31
11097,209,no,31
11098,581,no,31
11099,248,no,31
11100,142,no,31
11101,922,no,31
11102,666,no,31
11103,351,no,31
11104,925,no,31
11105,111,no,31
11106,692,no,31
11107,351,no,31
11108,660,no,31
11109,263,no,31
11110,400,no,31
11111,398,no,31
11112,918,no,31
11113,920,no,31
11114,919,no,31
11115,148,no,31
11116,917,no,31
11117,213,no,31
11118,143,no,31
11119,825,no,31
11120,38,no,31
11121,929,no,31
11122,878,no,31
11123,38,no,31
11124,400,no,31
11125,148,no,31
11126,149,no,31
11127,813,no,31
11128,213,no,31
11129,38,no,31
11130,148,no,31
11131,264,no,31
11132,929,no,31
11133,400,no,31
11134,253,no,31
11135,920,no,31
11136,136,no,31
11137,879,no,31
11138,930,no,31
11139,208,no,31
11140,213,no,31
11141,150,no,31
11142,722,no,31
11143,351,no,31
11144,149,no,31
11145,904,no,31
11146,215,no,31
11147,38,no,31
11148,917,no,31
11149,400,no,31
11150,216,no,31
11151,110,no,31
11152,918,no,31
11153,216,no,32
11154,247,no,32
11155,666,no,32
11156,146,no,32
11157,144,no,32
11158,400,no,32
11159,216,no,32
11160,138,no,32
11161,120,no,32
11162,146,no,32
11163,141,no,32
11164,148,no,32
11165,264,no,32
11166,248,no,32
11167,148,no,32
11168,351,no,32
11169,925,no,32
11170,400,no,32
11171,214,no,32
11172,927,no,32
11173,143,no,32
11174,244,no,32
11175,215,no,32
11176,922,no,32
11177,351,no,32
11178,879,no,32
11179,397,no,32
11180,351,no,32
11181,215,no,32
11182,262,no,32
11183,213,no,32
11184,110,no,32
11185,38,no,32
11186,208,no,32
11187,917,no,32
11188,141,no,32
11189,351,no,32
11190,918,no,32
11191,263,no,32
11192,400,no,32
11193,400,no,32
11194,773,no,32
11195,398,no,32
11196,213,no,32
11197,916,no,32
11198,142,no,32
11199,150,no,32
11200,397,no,32
11201,918,no,32
11202,209,no,32
11203,397,no,32
11204,148,no,32
11205,248,no,32
11206,920,no,32
11207,136,no,32
11208,666,no,32
11209,38,no,32
11210,150,no,32
11211,111,no,32
11212,215,no,32
11213,351,no,32
11214,222,no,32
11215,138,no,32
11216,206,no,32
11217,219,no,32
11218,133,no,32
11219,64,no,32
11220,207,no,32
11221,125,no,32
11222,810,no,32
11223,573,no,32
11224,246,no,32
11225,251,no,32
11226,815,no,32
11227,257,no,32
11228,398,no,32
11229,224,no,32
11230,241,no,32
11231,139,no,32
11232,86,no,32
11233,56,no,32
11234,210,no,32
11235,205,no,32
11236,219,no,32
11237,135,no,32
11238,134,no,32
11239,253,no,32
11240,255,no,32
11241,207,no,32
11242,223,no,32
11243,249,no,32
11244,220,no,32
11245,5,no,32
11246,190,no,32
11247,97,no,32
11248,254,no,32
11249,414,no,32
11250,247,no,32
11251,912,no,32
11252,253,no,32
11253,125,no,32
11254,242,no,32
11255,833,no,32
11256,251,no,32
11257,119,no,32
11258,254,no,32
11259,210,no,32
11260,63,no,32
11261,516,no,32
11262,255,no,32
11263,833,no,32
11264,56,no,32
11265,763,no,32
11266,120,no,32
11267,135,no,32
11268,219,no,32
11269,255,no,32
11270,131,no,32
11271,241,no,32
11272,246,no,32
11273,250,no,32
11274,97,no,32
11275,252,no,32
11276,61,no,32
11277,252,no,32
11278,141,no,32
11279,129,no,32
11280,139,no,32
11281,251,no,32
11282,219,no,32
11283,222,no,32
11284,205,no,32
11285,94,no,32
11286,833,no,32
11287,134,no,32
11288,63,no,32
11289,913,no,32
11290,242,no,32
11291,13,no,32
11292,249,no,32
11293,113,no,32
11294,254,no,32
11295,253,no,32
11296,257,no,32
11297,130,no,32
11298,224,no,32
11299,131,no,32
11300,205,no,32
11301,97,no,32
11302,12,no,32
11303,113,no,32
11304,209,no,32
11305,61,no,32
11306,136,no,32
11307,573,no,32
11308,239,no,32
11309,255,no,32
11310,222,no,32
11311,913,no,32
11312,814,no,32
11313,204,no,32
11314,254,no,32
11315,246,no,32
11316,63,no,32
11317,130,no,32
11318,36,no,32
11319,250,no,32
11320,399,no,32
11321,401,no,32
11322,206,no,32
11323,257,no,32
11324,252,no,32
11325,224,no,32
11326,246,no,32
11327,138,no,32
11328,516,no,32
11329,97,no,32
11330,219,no,32
11331,58,no,32
11332,931,no,32
11333,126,no,32
11334,135,no,32
11335,255,no,32
11336,243,no,32
11337,222,no,32
11338,253,no,32
11339,249,no,32
11340,252,no,32
11341,95,no,32
11342,784,no,32
11343,63,no,32
11344,252,no,32
11345,128,no,32
11346,57,no,32
11347,223,no,32
11348,251,no,32
11349,246,no,32
11350,692,no,32
11351,257,no,32
11352,398,no,32
11353,242,no,32
11354,400,no,32
11355,241,no,32
11356,256,no,32
11357,97,no,32
11358,809,no,32
11359,64,no,32
11360,56,no,32
11361,122,no,32
11362,253,no,32
11363,254,no,32
11364,255,no,32
11365,400,no,32
11366,909,no,32
11367,922,no,32
11368,222,no,32
11369,205,no,32
11370,206,no,32
11371,134,no,32
11372,63,no,32
11373,250,no,32
11374,126,no,32
11375,252,no,32
11376,138,no,32
11377,251,no,32
11378,121,no,32
11379,254,no,32
11380,913,no,32
11381,257,no,32
11382,130,no,32
11383,241,no,32
11384,242,no,32
11385,98,no,32
11386,5,no,32
11387,833,no,32
11388,56,no,32
11389,249,no,32
11390,913,no,32
11391,96,no,32
11392,209,no,32
11393,255,no,32
11394,252,no,32
11395,829,no,32
11396,260,no,32
11397,221,no,32
11398,88,no,32
11399,92,no,32
11400,238,no,32
11401,69,no,32
11402,59,no,32
11403,238,no,33
11404,54,no,33
11405,200,no,33
11406,123,no,33
11407,980,no,33
11408,239,no,33
11409,203,no,33
11410,40,no,33
11411,89,no,33
11412,260,no,33
11413,88,no,33
11414,69,no,33
11415,64,no,33
11416,237,no,33
11417,54,no,33
11418,218,no,33
11419,977,no,33
11420,785,no,33
11421,401,no,33
11422,226,no,33
11423,265,no,33
11424,203,no,33
11425,193,no,33
11426,812,no,33
11427,91,no,33
11428,87,no,33
11429,236,no,33
11430,90,no,33
11431,57,no,33
11432,69,no,33
11433,652,no,33
11434,218,no,33
11435,42,no,33
11436,257,no,33
11437,226,no,33
11438,203,no,33
11439,240,no,33
11440,469,no,33
11441,93,no,33
11442,406,no,33
11443,813,no,33
11444,64,no,33
11445,55,no,33
11446,127,no,33
11447,217,no,33
11448,754,no,33
11449,239,no,33
11450,218,no,33
11451,265,no,33
11452,226,no,33
11453,194,no,33
11454,203,no,33
11455,406,no,33
11456,35,no,33
11457,407,no,33
11458,401,no,33
11459,245,no,33
11460,829,no,33
11461,221,no,33
11462,225,no,33
11463,30,no,33
11464,201,no,33
11465,30,no,33
11466,92,no,33
11467,67,no,33
11468,59,no,33
11469,406,no,33
11470,42,no,33
11471,338,no,33
11472,407,no,33
11473,407,no,33
11474,217,no,33
11475,260,no,33
11476,245,no,33
11477,201,no,33
11478,68,no,33
11479,91,no,33
11480,407,no,33
11481,65,no,33
11482,407,no,33
11483,29,no,33
11484,217,no,33
11485,265,no,33
11486,50,no,33
11487,228,no,33
11488,17,no,33
11489,193,no,33
11490,201,no,33
11491,16,no,33
11492,10,no,33
11493,59,no,33
11494,42,no,33
11495,385,no,33
11496,249,no,33
11497,53,no,33
11498,815,no,33
11499,50,no,33
11500,240,no,33
11501,245,no,33
11502,28,no,33
11503,94,no,33
11504,259,no,33
11505,64,no,33
11506,16,no,33
11507,88,no,33
11508,14,no,33
11509,367,no,33
11510,407,no,33
11511,75,no,33
11512,265,no,33
11513,228,no,33
11514,201,no,33
11515,87,no,33
11516,17,no,33
11517,66,no,33
11518,16,no,33
11519,34,no,33
11520,43,no,33
11521,15,no,33
11522,70,no,33
11523,829,no,33
11524,407,no,33
11525,972,no,33
11526,220,no,33
11527,265,no,33
11528,94,no,33
11529,54,no,33
11530,203,no,33
11531,42,no,33
11532,90,no,33
11533,55,no,33
11534,79,no,33
11535,15,no,33
11536,73,no,33
11537,407,no,33
11538,407,no,33
11539,70,no,33
11540,260,no,33
11541,221,no,33
11542,9,no,33
11543,93,no,33
11544,54,no,33
11545,65,no,33
11546,197,no,33
11547,42,no,33
11548,29,no,33
11549,785,no,33
11550,89,no,33
11551,239,no,33
11552,407,no,33
11553,225,no,33
11554,71,no,33
11555,265,no,33
11556,9,no,33
11557,202,no,33
11558,86,no,33
11559,218,no,33
11560,55,no,33
11561,226,no,33
11562,35,no,33
11563,15,no,33
11564,852,no,33
11565,19,no,33
11566,237,no,33
11567,276,no,33
11568,159,no,33
11569,276,no,33
11570,158,no,33
11571,682,no,33
11572,104,no,33
11573,735,no,33
11574,104,no,33
11575,409,no,33
11576,26,no,33
11577,109,no,33
11578,406,no,33
11579,236,no,33
11580,109,no,33
11581,109,no,33
11582,23,no,33
11583,107,no,33
11584,160,no,33
11585,276,no,33
11586,107,no,33
11587,159,no,33
11588,81,no,33
11589,395,no,33
11590,3,no,33
11591,406,no,33
11592,82,no,33
11593,20,no,33
11594,109,no,33
11595,736,no,33
11596,23,no,33
11597,77,no,33
11598,39,no,33
11599,826,no,33
11600,23,no,33
11601,151,no,33
11602,276,no,33
11603,46,no,33
11604,3,no,33
11605,81,no,33
11606,29,no,33
11607,562,no,33
11608,82,no,33
11609,828,no,33
11610,974,no,33
11611,24,no,33
11612,976,no,33
11613,30,no,33
11614,827,no,33
11615,39,no,33
11616,30,no,33
11617,826,no,33
11618,153,no,33
11619,46,no,33
11620,52,no,33
11621,396,no,33
11622,84,no,33
11623,3,no,33
11624,408,no,33
11625,973,no,33
11626,408,no,33
11627,155,no,33
11628,27,no,33
11629,408,no,33
11630,975,no,33
11631,24,no,33
11632,232,no,33
11633,235,no,33
11634,153,no,33
11635,396,no,33
11636,46,no,33
11637,396,no,33
11638,52,no,33
11639,84,no,33
11640,978,no,33
11641,393,no,33
11642,17,no,33
11643,408,no,33
11644,154,no,33
11645,229,no,33
11646,154,no,33
11647,826,no,33
11648,360,no,33
11649,137,no,33
11650,358,no,33
11651,4,no,33
11652,79,no,33
11653,52,no,34
11654,358,no,34
11655,79,no,34
11656,393,no,34
11657,81,no,34
11658,378,no,34
11659,154,no,34
11660,358,no,34
11661,235,no,34
11662,358,no,34
11663,155,no,34
11664,233,no,34
11665,358,no,34
11666,4,no,34
11667,391,no,34
11668,234,no,34
11669,393,no,34
11670,192,no,34
11671,418,no,34
11672,79,no,34
11673,180,no,34
11674,229,no,34
11675,171,no,34
11676,76,no,34
11677,171,no,34
11678,235,no,34
11679,664,no,34
11680,358,no,34
11681,234,no,34
11682,862,no,34
11683,197,no,34
11684,791,no,34
11685,393,no,34
11686,78,no,34
11687,405,no,34
11688,790,no,34
11689,79,no,34
11690,235,no,34
11691,73,no,34
11692,171,no,34
11693,235,no,34
11694,235,no,34
11695,276,no,34
11696,235,no,34
11697,806,no,34
11698,378,no,34
11699,31,no,34
11700,200,no,34
11701,587,no,34
11702,31,no,34
11703,192,no,34
11704,229,no,34
11705,78,no,34
11706,237,no,34
11707,790,no,34
11708,230,no,34
11709,22,no,34
11710,171,no,34
11711,22,no,34
11712,388,no,34
11713,32,no,34
11714,393,no,34
11715,196,no,34
11716,20,no,34
11717,370,no,34
11718,25,no,34
11719,409,no,34
11720,25,no,34
11721,158,no,34
11722,358,no,34
11723,158,no,34
11724,237,no,34
11725,276,no,34
11726,158,no,34
11727,237,no,34
11728,276,no,34
11729,234,no,34
11730,158,no,34
11731,393,no,34
11732,18,no,34
11733,385,no,34
11734,159,no,34
11735,852,no,34
11736,236,no,34
11737,166,no,34
11738,362,no,34
11739,352,no,34
11740,359,no,34
11741,104,no,34
11742,793,no,34
11743,374,no,34
11744,328,no,34
11745,408,no,34
11746,344,no,34
11747,49,no,34
11749,169,no,34
11750,408,no,34
11751,2,no,34
11752,611,no,34
11753,354,no,34
11754,48,no,34
11755,114,no,34
11756,170,no,34
11757,378,no,34
11758,360,no,34
11759,350,no,34
11760,261,no,34
11761,608,no,34
11762,934,no,34
11763,378,no,34
11764,716,no,34
11765,408,no,34
11766,176,no,34
11767,44,no,34
11768,795,no,34
11769,360,no,34
11770,1028,no,34
11771,716,no,34
11772,382,no,34
11773,114,no,34
11774,184,no,34
11775,1028,no,34
11776,261,no,34
11777,408,no,34
11778,340,no,34
11779,165,no,34
11780,170,no,34
11781,328,no,34
11782,359,no,34
11783,363,no,34
11784,49,no,34
11785,360,no,34
11786,185,no,34
11787,764,no,34
11788,392,no,34
11789,360,no,34
11790,157,no,34
11791,261,no,34
11792,346,no,34
11793,794,no,34
11794,20,no,34
11795,378,no,34
11796,343,no,34
11797,353,no,34
11798,170,no,34
11799,360,no,34
11800,360,no,34
11801,610,no,34
11802,374,no,34
11803,117,no,34
11804,1,no,34
11805,112,no,34
11806,791,no,34
11807,168,no,34
11808,716,no,34
11809,791,no,34
11810,345,no,34
11811,347,no,34
11812,168,no,34
11813,212,no,34
11814,377,no,34
11815,716,no,34
11816,103,no,34
11817,360,no,34
11818,731,no,34
11819,794,no,34
11820,41,no,34
11821,794,no,34
11822,609,no,34
11823,328,no,34
11824,114,no,34
11825,791,no,34
11826,798,no,34
11828,527,no,34
11829,797,no,34
11830,357,no,34
11831,343,no,34
11832,803,no,34
11833,162,no,34
11834,21,no,34
11835,527,no,34
11836,715,no,34
11837,849,no,34
11838,166,no,34
11839,356,no,34
11840,171,no,34
11841,362,no,34
11842,341,no,34
11843,174,no,34
11844,798,no,34
11845,804,no,34
11846,2,no,34
11847,533,no,34
11848,339,no,34
11849,21,no,34
11850,328,no,34
11851,170,no,34
11852,176,no,34
11853,354,no,34
11854,176,no,34
11855,610,no,34
11856,970,no,34
11857,803,no,34
11858,105,no,34
11859,378,no,34
11860,346,no,34
11861,157,no,34
11862,328,no,34
11863,175,no,34
11864,328,no,34
11865,605,no,34
11866,347,no,34
11867,340,no,34
11868,803,no,34
11869,33,no,34
11870,793,no,34
11871,350,no,34
11872,104,no,34
11873,362,no,34
11874,114,no,34
11875,21,no,34
11876,378,no,34
11877,22,no,34
11878,1028,no,34
11879,408,no,34
11880,800,no,34
11881,355,no,34
11882,2,no,34
11883,347,no,34
11884,168,no,34
11885,181,no,34
11886,610,no,34
11887,108,no,34
11888,816,no,34
11889,162,no,34
11890,261,no,34
11891,158,no,34
11892,361,no,34
11893,717,no,34
11894,355,no,34
11895,185,no,34
11896,527,no,34
11897,356,no,34
11898,339,no,34
11899,104,no,34
11900,359,no,34
11901,103,no,34
11902,862,no,34
11903,715,no,34
11904,408,no,34
11905,184,no,35
11906,717,no,35
11907,343,no,35
11908,282,no,35
11909,1017,no,35
11910,452,no,35
11911,430,no,35
11912,1029,no,35
11913,1035,no,35
11914,524,no,35
11915,527,no,35
11916,606,no,35
11917,342,no,35
11918,602,no,35
11919,553,no,35
11920,596,no,35
11921,458,no,35
11922,453,no,35
11923,459,no,35
11924,426,no,35
11925,528,no,35
11926,1033,no,35
11927,364,no,35
11928,1034,no,35
11929,430,no,35
11930,534,no,35
11931,607,no,35
11932,526,no,35
11933,1038,no,35
11934,718,no,35
11935,665,no,35
11936,1017,no,35
11937,749,no,35
11938,592,no,35
11939,459,no,35
11940,661,no,35
11941,592,no,35
11942,367,no,35
11943,461,no,35
11944,614,no,35
11945,600,no,35
11946,529,no,35
11947,596,no,35
11948,1031,no,35
11949,1018,no,35
11950,427,no,35
11951,273,yes,35
11952,429,no,35
11953,460,no,35
11954,450,no,35
11955,439,no,35
11956,173,no,35
11957,665,no,35
11958,1029,no,35
11959,524,no,35
11960,531,no,35
11961,600,no,35
11962,1038,no,35
11963,591,no,35
11964,447,no,35
11965,186,no,35
11966,288,no,35
11967,452,no,35
11968,430,no,35
11969,458,no,35
11970,454,no,35
11971,392,no,35
11972,1037,no,35
11973,598,no,35
11974,456,no,35
11975,365,no,35
11976,455,no,35
11977,1031,no,35
11978,426,no,35
11979,453,no,35
11980,1038,no,35
11981,728,no,35
11982,1034,no,35
11983,594,no,35
11984,183,no,35
11985,529,no,35
11986,595,no,35
11987,461,no,35
11988,600,no,35
11989,534,no,35
11990,591,no,35
11991,596,no,35
11992,1031,no,35
11993,437,no,35
11994,606,no,35
11995,437,no,35
11996,614,no,35
11997,530,no,35
11998,849,no,35
11999,456,no,35
12000,665,no,35
12001,185,no,35
12002,457,no,35
12003,116,no,35
12004,907,no,35
12005,440,no,35
12006,1018,no,35
12007,534,no,35
12008,671,no,35
12009,661,no,35
12010,430,no,35
12011,1029,no,35
12012,607,no,35
12013,342,no,35
12014,593,no,35
12015,1038,no,35
12016,342,no,35
12017,602,no,35
12018,513,no,35
12019,749,no,35
12020,513,no,35
12021,629,no,35
12022,273,yes,35
12023,594,no,35
12024,383,no,35
12025,663,no,35
12026,608,no,35
12027,524,no,35
12028,530,no,35
12029,799,no,35
12030,600,no,35
12031,531,no,35
12032,1018,no,35
12033,452,no,35
12034,513,no,35
12035,435,no,35
12036,606,no,35
12037,428,no,35
12038,173,no,35
12039,448,no,35
12040,527,no,35
12041,989,no,35
12042,461,no,35
12043,609,no,35
12044,456,no,35
12045,1038,no,35
12046,291,no,35
12047,115,no,35
12048,671,no,35
12049,446,no,35
12050,431,no,35
12051,460,no,35
12052,613,no,35
12053,602,no,35
12054,363,no,35
12055,598,no,35
12056,533,no,35
12057,595,no,35
12058,182,no,35
12059,596,no,35
12060,1030,no,35
12061,606,no,35
12062,614,no,35
12063,426,no,35
12064,275,no,35
12065,671,no,35
12066,156,no,35
12067,598,no,35
12068,524,no,35
12069,1038,no,35
12070,169,no,35
12071,456,no,35
12072,532,no,35
12073,453,no,35
12074,597,no,35
12075,671,no,35
12076,613,no,35
12077,592,no,35
12078,615,no,35
12079,663,no,35
12080,437,no,35
12081,175,no,35
12082,273,yes,35
12083,789,no,35
12084,595,no,35
12085,1031,no,35
12086,750,no,35
12087,290,no,35
12088,449,no,35
12089,1030,no,35
12090,997,no,35
12091,452,no,35
12092,428,no,35
12093,1038,no,35
12094,451,no,35
12095,593,no,35
12096,342,no,35
12097,532,no,35
12098,156,no,35
12099,552,yes,35
12100,290,no,35
12101,855,no,35
12102,653,no,35
12103,647,no,35
12104,520,no,35
12105,983,no,35
12106,572,no,35
12107,1073,yes,35
12108,402,no,35
12109,286,no,35
12110,1055,no,35
12111,881,no,35
12112,628,no,35
12113,1049,no,35
12114,427,no,35
12115,583,no,35
12116,627,no,35
12117,651,no,35
12118,628,no,35
12119,619,no,35
12120,1071,no,35
12121,881,no,35
12122,289,no,35
12123,523,no,35
12124,387,no,35
12125,994,no,35
12126,1048,no,35
12127,995,no,35
12128,652,no,35
12129,334,no,35
12130,651,no,35
12131,724,no,35
12132,635,no,35
12133,1066,no,35
12134,379,no,35
12135,523,no,35
12136,409,no,35
12137,438,no,35
12138,672,no,35
12139,583,no,35
12140,638,no,35
12141,1041,no,35
12142,429,no,35
12143,583,no,35
12144,1061,no,35
12145,467,no,35
12146,425,no,35
12147,466,no,35
12148,641,no,35
12149,468,no,35
12150,286,no,35
12151,1053,no,35
12152,590,no,35
12153,628,no,35
12154,979,no,35
12155,386,no,36
12156,1032,no,36
12157,572,no,36
12158,627,no,36
12159,636,no,36
12160,1026,no,36
12161,830,no,36
12162,667,no,36
12163,587,no,36
12164,423,no,36
12165,672,no,36
12166,470,no,36
12167,741,no,36
12168,1049,no,36
12169,31,no,36
12170,583,no,36
12171,1024,no,36
12172,651,no,36
12173,1077,no,36
12174,578,no,36
12175,398,no,36
12176,286,no,36
12177,881,no,36
12178,721,no,36
12179,402,no,36
12180,424,no,36
12181,1048,no,36
12182,429,no,36
12183,385,no,36
12184,1049,no,36
12185,583,no,36
12186,1024,no,36
12187,398,no,36
12188,1026,no,36
12189,409,no,36
12190,721,no,36
12191,741,no,36
12192,657,no,36
12193,979,no,36
12194,881,no,36
12195,868,no,36
12196,1055,no,36
12197,996,no,36
12198,583,no,36
12199,1062,no,36
12200,582,no,36
12201,724,no,36
12202,357,no,36
12203,399,no,36
12204,286,no,36
12205,862,no,36
12206,721,no,36
12207,637,no,36
12208,983,no,36
12209,672,no,36
12210,1068,no,36
12211,385,no,36
12212,1049,no,36
12213,623,no,36
12214,386,no,36
12215,1064,no,36
12216,398,no,36
12217,1026,no,36
12218,742,no,36
12219,667,no,36
12220,289,no,36
12221,357,no,36
12222,737,no,36
12223,863,no,36
12224,1078,no,36
12225,1055,no,36
12226,427,no,36
12227,402,no,36
12228,1024,no,36
12229,583,no,36
12230,724,no,36
12231,473,no,36
12232,1066,no,36
12233,823,no,36
12234,667,no,36
12235,402,no,36
12236,327,no,36
12237,979,no,36
12238,994,no,36
12239,830,no,36
12240,979,no,36
12241,984,no,36
12242,652,no,36
12243,1055,no,36
12244,399,no,36
12245,1026,no,36
12246,520,no,36
12247,982,no,36
12248,1007,no,36
12249,1058,no,36
12250,742,no,36
12251,733,no,36
12252,1055,no,36
12253,1027,no,36
12254,402,no,36
12255,1063,no,36
12256,994,no,36
12257,583,no,36
12258,422,no,36
12259,740,no,36
12260,741,no,36
12261,657,no,36
12262,325,no,36
12263,657,no,36
12264,868,no,36
12265,634,no,36
12266,583,no,36
12267,996,no,36
12268,672,no,36
12269,429,no,36
12270,652,no,36
12271,1063,no,36
12272,740,no,36
12273,1026,no,36
12274,605,no,36
12275,423,no,36
12276,862,no,36
12277,1051,no,36
12278,682,no,36
12279,624,no,36
12280,1055,no,36
12281,385,no,36
12282,325,no,36
12283,333,no,36
12284,996,no,36
12285,583,no,36
12286,724,no,36
12287,572,no,36
12288,741,no,36
12289,465,no,36
12290,520,no,36
12291,468,no,36
12292,994,no,36
12293,1051,no,36
12294,402,no,36
12295,983,no,36
12296,672,no,36
12297,1017,no,36
12298,652,no,36
12299,1021,no,36
12300,615,no,36
12301,375,no,36
12302,1049,no,36
12303,378,no,36
12304,689,no,36
12305,395,no,36
12306,512,no,36
12307,435,no,36
12308,521,no,36
12309,231,no,36
12310,602,no,36
12311,520,no,36
12312,395,no,36
12313,371,no,36
12314,1005,no,36
12315,669,no,36
12316,680,no,36
12317,999,no,36
12318,352,no,36
12319,671,no,36
12320,230,no,36
12321,512,no,36
12322,990,no,36
12323,522,no,36
12324,831,no,36
12325,365,no,36
12326,520,no,36
12327,1044,no,36
12328,370,no,36
12329,404,no,36
12330,673,no,36
12331,1043,no,36
12332,670,no,36
12333,584,no,36
12334,496,no,36
12335,998,no,36
12336,300,no,36
12337,715,no,36
12338,431,no,36
12339,520,no,36
12340,404,no,36
12341,375,no,36
12342,717,no,36
12343,1048,no,36
12344,615,no,36
12345,1077,no,36
12346,373,no,36
12347,315,no,36
12348,612,no,36
12349,512,no,36
12350,602,no,36
12351,278,no,36
12352,536,no,36
12353,366,no,36
12354,872,no,36
12355,717,no,36
12356,622,no,36
12357,394,no,36
12358,1056,no,36
12359,584,no,36
12360,868,no,36
12361,373,no,36
12362,1079,no,36
12363,999,no,36
12364,278,no,36
12365,395,no,36
12366,432,no,36
12367,872,no,36
12368,395,no,36
12369,375,no,36
12370,732,no,36
12371,669,no,36
12372,676,no,36
12373,868,no,36
12374,378,no,36
12375,436,no,36
12376,800,no,36
12377,285,no,36
12378,602,no,36
12379,278,no,36
12380,230,no,36
12381,366,no,36
12382,521,no,36
12383,587,no,36
12384,365,no,36
12385,881,no,36
12386,669,no,36
12387,350,no,36
12388,868,no,36
12390,403,no,36
12391,892,no,36
12392,670,no,36
12393,581,no,36
12394,278,no,36
12395,432,no,36
12396,502,no,36
12397,404,no,36
12398,371,no,36
12399,379,no,36
12400,979,no,36
12401,371,no,36
12402,868,no,36
12403,621,no,36
12404,640,no,36
12405,360,no,36
12406,285,no,37
12407,599,no,37
12408,620,no,37
12409,278,no,37
12410,375,no,37
12411,521,no,37
12412,328,no,37
12413,1010,no,37
12414,750,no,37
12415,1048,no,37
12416,350,no,37
12417,868,no,37
12418,392,no,37
12419,681,no,37
12420,984,no,37
12421,536,no,37
12422,499,no,37
12423,430,no,37
12424,521,no,37
12425,379,no,37
12426,607,no,37
12427,588,no,37
12428,1073,yes,37
12429,370,no,37
12430,742,no,37
12431,868,no,37
12432,615,no,37
12433,670,no,37
12434,229,no,37
12435,285,no,37
12436,599,no,37
12437,396,no,37
12438,496,no,37
12439,366,no,37
12440,946,no,37
12441,230,no,37
12442,680,no,37
12443,717,no,37
12444,673,no,37
12445,363,no,37
12446,537,no,37
12447,1067,no,37
12448,612,no,37
12449,288,no,37
12450,230,no,37
12451,521,no,37
12452,435,no,37
12453,510,no,37
12454,831,no,37
12455,855,no,37
12456,394,no,37
12457,1057,no,37
12458,372,no,37
12459,357,no,37
12460,1067,no,37
12461,484,no,37
12462,426,no,37
12463,373,no,37
12464,998,no,37
12465,831,no,37
12466,503,no,37
12467,1036,no,37
12468,946,no,37
12469,715,no,37
12470,365,no,37
12471,823,no,37
12472,1051,no,37
12473,677,no,37
12474,823,no,37
12475,741,no,37
12476,352,no,37
12477,689,no,37
12478,715,no,37
12479,496,no,37
12480,436,no,37
12481,945,no,37
12482,717,no,37
12483,602,no,37
12484,523,no,37
12485,714,no,37
12486,375,no,37
12487,881,no,37
12488,1050,no,37
12489,372,no,37
12490,984,no,37
12491,584,no,37
12492,998,no,37
12493,536,no,37
12494,278,no,37
12495,600,no,37
12496,300,no,37
12497,395,no,37
12498,365,no,37
12499,520,no,37
12500,717,no,37
12501,368,no,37
12502,581,no,37
12503,332,no,37
12504,771,no,37
12505,331,no,37
12506,564,no,37
12507,563,no,37
12508,471,no,37
12509,654,no,37
12510,578,no,37
12511,732,no,37
12512,101,no,37
12513,383,no,37
12514,577,no,37
12515,40,no,37
12516,384,no,37
12517,824,no,37
12518,562,no,37
12519,895,no,37
12520,818,no,37
12521,403,no,37
12522,637,no,37
12523,567,no,37
12524,760,no,37
12525,566,no,37
12526,617,no,37
12527,398,no,37
12528,40,no,37
12529,589,no,37
12530,825,no,37
12531,575,no,37
12532,285,no,37
12533,819,no,37
12534,470,no,37
12535,387,no,37
12536,578,no,37
12537,761,no,37
12538,565,no,37
12539,817,no,37
12540,566,no,37
12541,817,no,37
12542,577,no,37
12543,561,no,37
12544,817,no,37
12545,824,no,37
12546,571,no,37
12547,681,no,37
12548,714,no,37
12549,877,no,37
12550,391,no,37
12551,562,no,37
12552,376,no,37
12553,385,no,37
12554,612,no,37
12555,576,no,37
12556,563,no,37
12557,819,no,37
12558,397,no,37
12559,560,no,37
12560,285,no,37
12561,381,no,37
12562,10,no,37
12563,568,no,37
12564,588,no,37
12565,574,no,37
12566,389,no,37
12567,653,no,37
12568,369,no,37
12569,560,no,37
12570,382,no,37
12571,471,no,37
12572,388,no,37
12573,380,no,37
12574,577,no,37
12575,564,no,37
12576,517,no,37
12577,391,no,37
12578,473,no,37
12579,820,no,37
12580,571,no,37
12581,732,no,37
12582,682,no,37
12583,732,no,37
12584,572,no,37
12585,388,no,37
12586,384,no,37
12587,398,no,37
12588,391,no,37
12589,681,no,37
12590,618,no,37
12591,561,no,37
12592,644,no,37
12593,469,no,37
12594,588,no,37
12595,576,no,37
12596,756,no,37
12597,391,no,37
12598,760,no,37
12599,578,no,37
12600,860,no,37
12601,617,no,37
12602,580,no,37
12603,469,no,37
12604,284,no,37
12605,330,no,37
12606,570,no,37
12607,387,no,37
12608,575,no,37
12609,621,no,37
12610,329,no,37
12611,574,no,37
12612,817,no,37
12613,40,no,37
12614,817,no,37
12615,576,no,37
12616,882,no,37
12617,284,no,37
12618,714,no,37
12619,590,no,37
12620,390,no,37
12621,568,no,37
12622,563,no,37
12623,574,no,37
12624,374,no,37
12625,329,no,37
12626,398,no,37
12627,382,no,37
12628,568,no,37
12629,819,no,37
12630,580,no,37
12631,569,no,37
12632,1080,no,37
12633,381,no,37
12634,877,no,37
12635,588,no,37
12636,467,no,37
12637,369,no,37
12638,560,no,37
12639,577,no,37
12640,586,no,37
12641,563,no,37
12642,382,no,37
12643,516,no,37
12644,564,no,37
12645,518,no,37
12646,392,no,37
12647,566,no,37
12648,275,no,37
12649,820,no,37
12650,562,no,37
12651,381,no,37
12652,571,no,37
12653,1005,no,37
12654,657,no,37
12655,576,no,37
12656,617,no,38
12657,561,no,38
12658,586,no,38
12659,398,no,38
12660,561,no,38
12661,463,no,38
12662,589,no,38
12663,469,no,38
12664,1079,no,38
12665,819,no,38
12666,576,no,38
12667,390,no,38
12668,575,no,38
12669,817,no,38
12670,368,no,38
12671,760,no,38
12672,577,no,38
12673,386,no,38
12674,100,no,38
12675,330,no,38
12676,388,no,38
12677,981,no,38
12678,657,no,38
12679,570,no,38
12680,331,no,38
12681,575,no,38
12682,865,no,38
12683,874,no,38
12684,376,no,38
12685,389,no,38
12686,817,no,38
12687,878,no,38
12688,467,no,38
12689,100,no,38
12690,761,no,38
12691,568,no,38
12692,681,no,38
12693,391,no,38
12694,574,no,38
12695,818,no,38
12696,653,no,38
12697,395,no,38
12698,331,no,38
12699,380,no,38
12700,580,no,38
12701,682,no,38
12702,859,no,38
12703,493,no,38
12704,418,no,38
12705,1037,no,38
12706,746,no,38
12707,781,no,38
12708,986,no,38
12709,369,no,38
12710,272,no,38
12711,514,yes,38
12712,476,no,38
12713,744,no,38
12714,835,no,38
12715,474,no,38
12716,687,no,38
12717,442,no,38
12718,989,no,38
12719,660,no,38
12720,376,no,38
12721,479,no,38
12722,830,no,38
12723,550,no,38
12724,752,no,38
12725,883,no,38
12726,1011,no,38
12727,292,no,38
12728,375,no,38
12729,486,no,38
12730,434,no,38
12731,558,no,38
12732,754,no,38
12733,552,yes,38
12734,425,no,38
12735,367,no,38
12736,484,no,38
12737,618,no,38
12738,317,no,38
12739,1003,no,38
12740,678,no,38
12741,538,no,38
12742,274,no,38
12743,433,no,38
12744,549,no,38
12745,482,no,38
12746,478,no,38
12747,296,no,38
12748,418,no,38
12749,857,no,38
12750,616,no,38
12751,899,no,38
12752,366,no,38
12753,475,no,38
12754,441,no,38
12755,277,no,38
12756,411,no,38
12757,835,no,38
12758,679,no,38
12759,269,no,38
12760,459,no,38
12761,444,no,38
12762,776,no,38
12763,442,no,38
12764,552,yes,38
12765,377,no,38
12766,550,no,38
12767,1041,no,38
12768,858,no,38
12769,267,no,38
12770,486,no,38
12771,456,no,38
12772,489,no,38
12773,1001,no,38
12774,444,no,38
12775,295,no,38
12776,1044,no,38
12777,438,no,38
12778,372,no,38
12779,424,no,38
12780,412,no,38
12781,436,no,38
12782,375,no,38
12783,890,no,38
12784,758,no,38
12785,274,no,38
12786,438,no,38
12787,274,no,38
12788,415,no,38
12789,747,no,38
12790,493,no,38
12791,376,no,38
12792,989,no,38
12793,1000,no,38
12794,556,no,38
12795,889,no,38
12796,551,no,38
12797,283,no,38
12798,305,no,38
12799,436,no,38
12800,884,no,38
12801,758,no,38
12802,780,no,38
12803,367,no,38
12804,481,no,38
12805,742,no,38
12806,551,no,38
12807,757,no,38
12808,718,no,38
12809,414,no,38
12810,477,no,38
12811,480,no,38
12812,835,no,38
12813,292,no,38
12814,269,no,38
12815,754,no,38
12816,552,yes,38
12817,558,no,38
12818,418,no,38
12819,1041,no,38
12820,756,no,38
12821,659,no,38
12822,440,no,38
12823,314,no,38
12824,538,no,38
12825,486,no,38
12826,551,no,38
12827,482,no,38
12828,309,no,38
12829,433,no,38
12830,660,no,38
12831,1006,no,38
12832,412,no,38
12833,483,no,38
12834,272,no,38
12835,480,no,38
12836,551,no,38
12837,752,no,38
12838,899,no,38
12839,291,no,38
12840,559,no,38
12841,325,no,38
12842,514,yes,38
12843,777,no,38
12844,433,no,38
12845,493,no,38
12846,755,no,38
12847,718,no,38
12848,375,no,38
12849,514,yes,38
12850,482,no,38
12851,778,no,38
12852,1003,no,38
12853,938,no,38
12854,436,no,38
12855,291,no,38
12856,839,no,38
12857,783,no,38
12858,780,no,38
12859,484,no,38
12860,324,no,38
12861,419,no,38
12862,886,no,38
12863,412,no,38
12864,287,yes,38
12865,312,no,38
12866,273,yes,38
12867,475,no,38
12868,986,no,38
12869,491,no,38
12870,292,no,38
12871,415,no,38
12872,493,no,38
12873,478,no,38
12874,776,no,38
12875,375,no,38
12876,989,no,38
12877,1007,no,38
12878,316,no,38
12879,675,no,38
12880,621,no,38
12881,551,no,38
12882,283,no,38
12883,856,no,38
12884,441,no,38
12885,310,no,38
12886,433,no,38
12887,886,no,38
12888,513,no,38
12889,457,no,38
12890,755,no,38
12891,296,no,38
12892,323,no,38
12893,375,no,38
12894,659,no,38
12895,410,no,38
12896,295,no,38
12897,482,no,38
12898,747,no,38
12899,604,no,38
12900,558,no,38
12901,301,no,38
12902,487,no,38
12903,496,no,38
12904,1074,yes,38
12905,333,no,38
12906,674,no,39
12907,889,no,39
12908,770,no,39
12909,496,no,39
12910,519,no,39
12911,546,no,39
12912,1074,yes,39
12913,497,no,39
12914,952,no,39
12915,674,no,39
12916,487,no,39
12917,487,no,39
12918,519,no,39
12919,961,yes,39
12920,950,no,39
12921,894,no,39
12922,957,no,39
12923,496,no,39
12924,519,no,39
12925,295,no,39
12926,1074,yes,39
12927,903,no,39
12928,960,no,39
12929,548,no,39
12930,302,no,39
12931,1073,yes,39
12932,517,no,39
12933,497,no,39
12934,285,no,39
12935,896,no,39
12936,674,no,39
12937,501,no,39
12938,496,no,39
12939,942,no,39
12940,542,no,39
12941,844,no,39
12942,958,no,39
12943,957,no,39
12944,546,no,39
12945,295,no,39
12946,954,no,39
12947,497,no,39
12948,871,no,39
12949,873,no,39
12950,896,no,39
12951,504,no,39
12952,954,no,39
12953,492,no,39
12954,950,no,39
12955,334,no,39
12956,543,no,39
12957,872,no,39
12958,892,no,39
12959,505,no,39
12960,299,no,39
12961,936,no,39
12962,871,no,39
12963,542,no,39
12964,510,no,39
12965,963,yes,39
12966,723,no,39
12967,546,no,39
12968,285,no,39
12969,303,no,39
12970,958,no,39
12971,897,no,39
12972,501,no,39
12973,487,no,39
12974,723,no,39
12975,772,no,39
12976,871,no,39
12977,496,no,39
12978,960,no,39
12979,302,no,39
12980,1081,no,39
12981,540,no,39
12982,512,no,39
12983,303,no,39
12984,279,no,39
12985,892,no,39
12986,770,no,39
12987,505,no,39
12988,1081,no,39
12989,548,no,39
12990,871,no,39
12991,559,no,39
12992,674,no,39
12993,870,no,39
12994,506,no,39
12995,523,no,39
12996,500,no,39
12997,303,no,39
12998,278,no,39
12999,938,no,39
13000,956,no,39
13001,721,no,39
13002,712,no,39
13003,337,no,39
13005,711,no,39
13008,587,no,39
13009,692,no,39
13010,696,no,39
13011,18,no,39
13012,691,no,39
13013,703,no,39
13014,702,no,39
13015,705,no,39
13016,704,no,39
13017,706,no,39
13018,707,no,39
13019,710,no,39
13020,639,no,39
13021,639,no,39
13022,639,no,39
13023,646,no,39
13024,646,no,39
13025,645,no,39
13026,648,no,39
13027,684,no,39
13028,684,no,39
13029,684,no,39
13030,684,no,39
13031,684,no,39
13032,684,no,39
13033,684,no,39
13034,684,no,39
13035,684,no,39
13036,684,no,39
13037,555,no,39
13038,725,no,39
13039,633,no,39
13040,633,no,39
13041,633,no,39
13042,633,no,39
13043,633,no,39
13044,633,no,39
13045,633,no,39
13046,633,no,39
13047,632,no,39
13048,727,no,39
13049,727,no,39
13050,642,no,39
13051,630,no,39
13052,631,no,39
13053,727,no,39
13054,643,no,39
13055,643,no,39
13056,643,no,39
13057,643,no,39
13058,101,no,39
13059,575,no,39
13060,876,no,39
13061,644,no,39
13062,822,no,39
13063,822,no,39
13064,516,no,39
13065,878,no,39
13066,101,no,39
13067,650,no,39
13068,977,no,39
13069,463,no,39
13070,127,no,39
13071,178,no,39
13072,708,no,39
13073,662,no,39
13074,513,no,39
13075,472,no,39
13076,579,no,39
13077,460,no,39
13078,663,no,39
13079,659,no,39
13080,1072,no,39
13081,34,no,39
13082,410,no,39
13083,495,no,39
13084,694,no,39
13085,313,no,39
13086,947,no,39
13087,316,no,39
13088,479,no,39
13089,478,no,39
13090,463,no,39
13091,463,no,39
13092,316,no,39
13093,314,no,39
13094,682,no,39
13116,54,no,39
13143,602,no,39
13150,761,no,39
13195,302,no,39
13196,466,no,39
13197,589,no,39
13202,463,no,39
13203,463,no,39
13204,875,no,39
13205,88,no,39
13206,95,no,39
13207,823,no,39
13208,432,no,39
13209,770,no,39
13210,539,no,39
13211,774,no,39
13212,777,no,39
13213,701,no,39
13214,483,no,39
13215,484,no,39
13216,484,no,39
13217,895,no,39
13218,790,no,39
13219,174,no,39
13220,176,no,39
13221,788,no,39
13222,794,no,39
13223,794,no,39
13224,41,no,39
13225,794,no,39
13226,176,no,39
13227,791,no,39
13228,169,no,39
13229,175,no,39
13230,170,no,39
13231,169,no,39
13232,174,no,39
13233,792,no,39
13234,805,no,39
13235,805,no,39
13236,908,no,39
13237,842,no,39
13238,842,no,39
13239,271,no,39
13240,908,no,39
13241,841,no,39
13242,840,no,39
13243,839,no,39
13244,838,no,39
13245,838,no,39
13246,837,no,39
13247,837,no,39
13248,836,no,39
13249,835,no,39
13250,550,no,39
13251,550,no,39
13252,103,no,39
13253,835,no,39
13254,875,no,39
13255,44,no,39
13256,115,no,39
13257,62,no,39
13258,912,no,39
13259,99,no,39
13260,911,no,40
13261,37,no,40
13262,99,no,40
13263,99,no,40
13264,913,no,40
13265,913,no,40
13266,100,no,40
13267,100,no,40
13268,100,no,40
13269,120,no,40
13270,120,no,40
13271,100,no,40
13272,914,no,40
13273,498,no,40
13274,938,no,40
13275,937,no,40
13276,939,no,40
13277,968,yes,40
13278,940,no,40
13279,940,no,40
13280,940,no,40
13281,941,no,40
13282,941,no,40
13283,942,no,40
13284,942,no,40
13285,967,yes,40
13286,492,no,40
13287,947,no,40
13288,492,no,40
13289,490,no,40
13290,490,no,40
13291,491,no,40
13292,299,no,40
13293,860,no,40
13294,948,no,40
13295,949,no,40
13296,955,no,40
13297,950,no,40
13298,334,no,40
13299,953,no,40
13300,953,no,40
13301,506,no,40
13302,506,no,40
13303,951,no,40
13304,506,no,40
13305,954,no,40
13306,955,no,40
13307,955,no,40
13308,959,no,40
13309,508,no,40
13310,508,no,40
13311,959,no,40
13312,412,no,40
13313,1014,no,40
13314,466,no,40
13315,866,no,40
13316,494,no,40
13317,495,no,40
13318,495,no,40
13319,495,no,40
13320,495,no,40
13321,495,no,40
13322,495,no,40
13323,495,no,40
13324,495,no,40
13325,495,no,40
13326,495,no,40
13327,495,no,40
13328,495,no,40
13329,495,no,40
13330,962,yes,40
13331,495,no,40
13332,495,no,40
13333,495,no,40
13334,495,no,40
13335,495,no,40
13336,495,no,40
13337,495,no,40
13338,968,yes,40
13339,495,no,40
13340,969,no,40
13341,495,no,40
13342,495,no,40
13343,495,no,40
13344,495,no,40
13345,495,no,40
13346,495,no,40
13347,495,no,40
13348,495,no,40
13349,495,no,40
13350,495,no,40
13351,495,no,40
13352,495,no,40
13353,495,no,40
13354,938,no,40
13355,495,no,40
13356,495,no,40
13357,495,no,40
13358,495,no,40
13359,495,no,40
13360,495,no,40
13361,969,no,40
13362,488,no,40
13363,769,no,40
13364,768,no,40
13365,295,no,40
13366,656,no,40
13367,656,no,40
13368,675,no,40
13369,1013,no,40
13370,295,no,40
13371,540,no,40
13372,891,no,40
13373,540,no,40
13374,992,no,40
13375,8,no,40
13376,1060,no,40
13377,1059,no,40
13378,1059,no,40
13379,611,no,40
13380,754,no,40
13381,755,no,40
13382,335,no,40
13383,1051,no,40
13384,667,no,40
13385,1052,no,40
13386,1052,no,40
13387,667,no,40
13388,667,no,40
13389,667,no,40
13390,667,no,40
13391,667,no,40
13392,667,no,40
13393,1053,no,40
13394,1053,no,40
13395,1048,no,40
13396,1050,no,40
13397,1048,no,40
13398,1050,no,40
13399,1050,no,40
13400,738,no,40
13401,1050,no,40
13402,1049,no,40
13403,1051,no,40
13404,1051,no,40
13405,1051,no,40
13406,1051,no,40
13407,1051,no,40
13408,1065,no,40
13409,336,no,40
13410,1062,no,40
13411,741,no,40
13412,726,no,40
13413,2,no,40
