asset_key,asset_type,family,intended_in_game_use,source_mode,target_size,required_variants,visual_direction,avoid,suggested_filename,suggested_sprite_name,final_game_folder,reference_folder,animation_brief,status
entry_proclamation,report event image,Event pictures,entry proclamation and host reveal,generated alternate-history documentary scene,210x176,one report-card image,"period crowd, host leader or council, local capital setting, hand-held or mounted continental symbol, documentary composition","map-only composition, readable generated text, modern props",report_event_012_africa_entry_proclamation.dds,GFX_report_event_012_africa_entry_proclamation,gfx/event_pictures/012_africa/,assets/vanilla_reference/event_art/report,static,installed_runtime
first_protection_request,report event image,Event pictures,first African government asks for protection,generated or sourced according to final actor,210x176,one actor-aware image family,"official delegation, threatened civilians or troops, transport corridor, period documentary focus","generic handshake, anonymous conference room, modern clothing",report_event_012_africa_first_protection_request.dds,GFX_report_event_012_africa_first_protection_request,gfx/event_pictures/012_africa/,assets/vanilla_reference/event_art/report,static,installed_runtime
first_defended_partner,report event image,Event pictures,first successful defence of an African partner,generated alternate-history documentary scene,210x176,one image,African troops and volunteers holding a real terrain feature or transport hub,"victory parade detached from battle context, modern equipment",report_event_012_africa_first_defended_partner.dds,GFX_report_event_012_africa_first_defended_partner,gfx/event_pictures/012_africa/,assets/vanilla_reference/event_art/report,static,installed_runtime
first_failed_guarantee,report event image,Event pictures,first broken or failed guarantee,generated alternate-history documentary scene,210x176,one image,"refugees, abandoned defensive works, lost rail or port access, concrete human cost","abstract broken map, melodramatic title card",report_event_012_africa_first_failed_guarantee.dds,GFX_report_event_012_africa_first_failed_guarantee,gfx/event_pictures/012_africa/,assets/vanilla_reference/event_art/report,static,installed_runtime
first_regional_congress,report event image,Event pictures,first regional congress,generated period documentary scene with sourced architectural reference when needed,210x176,regional variants optional,delegates from distinct governments in a regionally grounded hall or courtyard,"generic European conference room, readable banners",report_event_012_africa_first_regional_congress.dds,GFX_report_event_012_africa_first_regional_congress,gfx/event_pictures/012_africa/,assets/vanilla_reference/event_art/report,static,installed_runtime
first_member_departure,report event image,Event pictures,first League member departure,generated alternate-history documentary scene,210x176,one image,"delegation leaving, flag and luggage, divided supporters, guarded but nonviolent exit","paperwork close-up, empty map",report_event_012_africa_first_member_departure.dds,GFX_report_event_012_africa_first_member_departure,gfx/event_pictures/012_africa/,assets/vanilla_reference/event_art/report,static,installed_runtime
first_restoration,report event image,Event pictures,first restored historical polity,"mixed, sourced architecture or symbol plus generated alternate-history scene",210x176,actor-aware variants by highest-priority restoration family,"public ceremony, court or civic assembly, researched symbol and regional setting","invented historical symbol presented as authentic, costume fantasy without source review",report_event_012_africa_first_restoration.dds,GFX_report_event_012_africa_first_restoration,gfx/event_pictures/012_africa/,assets/vanilla_reference/event_art/report,static,installed_runtime
first_diaspora_arrival,report event image,Event pictures,first voluntary diaspora arrival,generated period documentary scene,210x176,one image with route-aware transport,"ship or train arrival, families, tools and luggage, local reception, consent and ordinary life","forced march imagery, celebratory caricature, modern airport",report_event_012_africa_first_diaspora_arrival.dds,GFX_report_event_012_africa_first_diaspora_arrival,gfx/event_pictures/012_africa/,assets/vanilla_reference/event_art/report,static,installed_runtime
first_continental_corridor,report event image,Event pictures,first major corridor completion,generated period documentary scene,210x176,"rail, river, road, or port variant","workers and transport using a completed corridor, clear local terrain and infrastructure","blueprint-only scene, map arrows",report_event_012_africa_first_continental_corridor.dds,GFX_report_event_012_africa_first_continental_corridor,gfx/event_pictures/012_africa/,assets/vanilla_reference/event_art/report,static,installed_runtime
first_high_chaos_manifestation,report event image,Event pictures,first visible high-chaos manifestation,generated fictional documentary scene,210x176,actor-specific variant if feasible,clearly impossible actor or natural phenomenon observed at human scale with period photographic treatment,"human ethnic caricature, modern fantasy concept art, comedy framing",report_event_012_africa_first_high_chaos_manifestation.dds,GFX_report_event_012_africa_first_high_chaos_manifestation,gfx/event_pictures/012_africa/,assets/vanilla_reference/event_art/report,static,installed_runtime
league_formation,news event image,News pictures,Charter League formation,generated period press scene,397x153,one black-and-white image,"large but readable assembly, flags without generated text, period press photography","colour image, map-only composition, modern summit",news_event_012_africa_league_formation.dds,GFX_news_event_012_africa_league_formation,gfx/event_pictures/012_africa/,assets/vanilla_reference/event_art/news,static,installed_runtime
colonial_withdrawal,news event image,News pictures,major colonial withdrawal,generated or sourced according to final case,397x153,one black-and-white image,"troops, officials, dock or rail departure, local takeover of institutions","humiliation caricature, wrong-era equipment",news_event_012_africa_colonial_withdrawal.dds,GFX_news_event_012_africa_colonial_withdrawal,gfx/event_pictures/012_africa/,assets/vanilla_reference/event_art/news,static,installed_runtime
rival_bloc,news event image,News pictures,formation of a rival African bloc,generated period press scene,397x153,one black-and-white image,"regional leaders, distinct flags, military or civic supporters, visible alternative center","bureaucratic chart, generic handshake",news_event_012_africa_rival_bloc.dds,GFX_news_event_012_africa_rival_bloc,gfx/event_pictures/012_africa/,assets/vanilla_reference/event_art/news,static,installed_runtime
africa_is_one_news,news event image,News pictures,Africa is one news event,generated alternate-history press panorama,397x153,one black-and-white image,"continental public celebration with trains, troops, delegates, and multiple regions implied through people and setting","border map as main subject, readable slogans",news_event_012_africa_is_one.dds,GFX_news_event_012_africa_is_one,gfx/event_pictures/012_africa/,assets/vanilla_reference/event_art/news,static,installed_runtime
scramble_response_news,news event image,News pictures,outside-power Scramble response,generated alternate-history press scene,397x153,one black-and-white image,"foreign mobilisation, crowded port, warships or sanctions queues with Africa as active subject through delegations or defence","generic war room, colonial stereotype",news_event_012_africa_scramble_response.dds,GFX_news_event_012_africa_scramble_response,gfx/event_pictures/012_africa/,assets/vanilla_reference/event_art/news,static,installed_runtime
continental_war_news,news event image,News pictures,first war between continent-scale powers,generated alternate-history press scene,397x153,one black-and-white image,"mass transport, distant front, mixed continental armies, period global-war scale","modern weapons, simple globe graphic",news_event_012_africa_continental_war.dds,GFX_news_event_012_africa_continental_war,gfx/event_pictures/012_africa/,assets/vanilla_reference/event_art/news,static,installed_runtime
africa_is_one_super,super-event image,Super events,Africa is one presentation candidate,generated symbolic alternate-history scene,457x328,one final image if super-event approved,"strong central African political subject, crowds and infrastructure, dignified unity, no single ethnic stereotype","flat map, generic apocalypse, readable text",super_event_012_africa_is_one.dds,GFX_super_event_012_africa_is_one,gfx/super_events/012_africa/,assets/vanilla_reference/event_art/super_event,static,installed_dormant
scramble_super,super-event image,Super events,Scramble response presentation candidate,generated alternate-history scene,457x328,one final image if super-event approved,"unified African defence facing a ring of outside fleets, embargoes, or expeditionary forces, central human stakes","old colonial scramble caricature, map arrows",super_event_012_africa_scramble_response.dds,GFX_super_event_012_africa_scramble_response,gfx/super_events/012_africa/,assets/vanilla_reference/event_art/super_event,static,installed_dormant
continental_wars_super,super-event image,Super events,continental wars presentation,generated high-scale alternate-history scene,457x328,one image,"two continent-scale powers confronting through armies, fleets, transport, and symbolic emblems, readable at UI size","science-fiction technology, abstract globe diagram",super_event_012_africa_continental_wars.dds,GFX_super_event_012_africa_continental_wars,gfx/super_events/012_africa/,assets/vanilla_reference/event_art/super_event,static,installed_dormant
the_world_super,super-event image,Super events,The World terminal presentation,generated terminal symbolic scene,457x328,one image,"single final world-scale political identity with visible human and continental continuity, solemn finality","generic planet explosion, empty globe, text logo",super_event_012_africa_the_world.dds,GFX_super_event_012_africa_the_world,gfx/super_events/012_africa/,assets/vanilla_reference/event_art/super_event,static,installed_dormant
charter_window_background,scripted GUI panel,Charter GUI,main mechanic window background,generated UI art,"project-specific GUI size, inspect existing surface",normal and dim variants,"period document, carved or painted regional motifs, subtle continental structure, room for text and cards","readable generated text, dominant map, high visual noise",charter_window_background.dds,GFX_012_africa_charter_window_background,gfx/interface/012_africa/,closest scripted GUI and decisions references,static,installed_runtime
charter_header_plate,scripted GUI header,Charter GUI,continental status header,generated UI art,project-specific,normal and crisis variants,strong Charter seal area with clean value slots,ornamental clutter,charter_header_plate.dds,GFX_012_africa_charter_header_plate,gfx/interface/012_africa/,closest scripted GUI and decisions references,static,installed_runtime
member_card_frame,scripted GUI frame,Charter GUI,selected member card,generated UI art,project-specific,"normal, selected, resistant, leaving, rival variants","country-card frame with space for flag, values, clauses, and projects",colour-only state distinction,member_card_frame.dds,GFX_012_africa_member_card_frame,gfx/interface/012_africa/,closest scripted GUI and decisions references,static,installed_runtime
regional_card_frame,scripted GUI frame,Charter GUI,regional congress view,generated UI art,project-specific,"normal, ready, disputed, complete variants",regional panel with corridor and congress slots,tiny map details,regional_card_frame.dds,GFX_012_africa_regional_card_frame,gfx/interface/012_africa/,closest scripted GUI and decisions references,static,installed_runtime
relationship_badges,UI icon family,Charter GUI,relationship state badges,generated icon art,32x32 or verified GUI size,"outside, protected, associate, chartered, federal, integrated, resistant, leaving, rival",simple distinct silhouette for each state,"text abbreviations, recolour-only variants",relationship_badges.dds,GFX_012_africa_relationship_badges,gfx/interface/012_africa/,closest scripted GUI and decisions references,static,installed_runtime
primary_value_icons,UI icon family,Charter GUI,four primary values,generated icon art,32x32 or verified GUI size,"authority, reach, burden, colonial pressure","charter seal, corridor, load-bearing structure, enclosing foreign ring",generic stars or arrows,primary_value_icons.dds,GFX_012_africa_primary_value_icons,gfx/interface/012_africa/,closest scripted GUI and decisions references,static,installed_runtime
secondary_value_icons,UI icon family,Charter GUI,secondary values,generated icon art,32x32 or verified GUI size,"confidence, readiness, diaspora trust, ecological wrath","trust seal, reserve standard, travel and family mark, living nature mark",ambiguous repeated icons,secondary_value_icons.dds,GFX_012_africa_secondary_value_icons,gfx/interface/012_africa/,closest scripted GUI and decisions references,static,installed_runtime
clause_tabs,scripted GUI button family,Charter GUI,member clause tabs and filters,generated UI art,verified button size,"normal, hover, selected, locked, warning","small tab motifs for defence, autonomy, finance, law, culture, resource, exit",readable text inside art,clause_tabs.dds,GFX_012_africa_clause_tabs,gfx/interface/012_africa/,closest scripted GUI and decisions references,static,installed_runtime
regional_overlay_buttons,scripted GUI button family,Charter GUI,nine region selectors,generated UI art,verified button size,"normal, hover, selected, complete, warning","nine region-specific motifs based on transport, architecture, and landscape",nine near-identical continent mini-maps,regional_overlay_buttons.dds,GFX_012_africa_regional_overlay_buttons,gfx/interface/012_africa/,closest scripted GUI and decisions references,static,installed_runtime
project_progress_frame,scripted GUI meter,Charter GUI,active project progress,generated UI art,verified meter size,"inactive, active, delayed, failed, complete","rail, river, road, port, industry, and relief project frames",animation substituting for readable state,project_progress_frame.dds,GFX_012_africa_project_progress_frame,gfx/interface/012_africa/,closest scripted GUI and decisions references,static,installed_runtime
rival_bloc_panel,scripted GUI panel,Charter GUI,rival bloc warning and negotiation panel,generated UI art,project-specific,"hidden, active, negotiated, war variants",split seals and competing delegation space,villain caricature,rival_bloc_panel.dds,GFX_012_africa_rival_bloc_panel,gfx/interface/012_africa/,closest scripted GUI and decisions references,static,installed_runtime
diaspora_summary_panel,scripted GUI panel,Charter GUI,diaspora routes and trust summary,generated UI art,project-specific,"normal, high trust, strained, emergency variants","ship, train, passport, tools, family and institution motifs",forced-migration imagery as default,diaspora_summary_panel.dds,GFX_012_africa_diaspora_summary_panel,gfx/interface/012_africa/,closest scripted GUI and decisions references,static,installed_runtime
charter_seal_activation,animated scripted GUI sprite,Animations,Charter seal becomes active,generated separate source frames,96x96,"static fallback, source frames, processed frames, horizontal sheet, DDS, preview GIF","source-frame sequence of seal opening or assembling, restrained glow drawn in each frame","transform-only animation, recolour-only frames, generated text",charter_seal_activation_sheet.dds,GFX_012_africa_charter_seal_activation_animated,gfx/interface/012_africa/animations/,frame animation skill and closest GUI references,"8 frames at 8 fps, looping, trigger: inactive to active Charter state, play_on_show according to state entry",installed_runtime
charter_authority_ring,animated scripted GUI sprite,Animations,Authority threshold movement,generated separate source frames,128x128,"static fallback, source frames, processed frames, horizontal sheet, DDS, preview GIF","ring of delegates or symbols progressively active, each frame separately authored","transform-only animation, recolour-only frames, generated text",charter_authority_ring_sheet.dds,GFX_012_africa_charter_authority_ring_animated,gfx/interface/012_africa/animations/,frame animation skill and closest GUI references,"10 frames at 6 fps, looping, trigger: authority above important threshold, play_on_show according to state entry",installed_runtime
colonial_pressure_border,animated scripted GUI sprite,Animations,Colonial Pressure critical warning,generated separate source frames,project-specific border,"static fallback, source frames, processed frames, horizontal sheet, DDS, preview GIF",warning border with separately drawn tightening blockade and searchlight states,"transform-only animation, recolour-only frames, generated text",colonial_pressure_border_sheet.dds,GFX_012_africa_colonial_pressure_border_animated,gfx/interface/012_africa/animations/,frame animation skill and closest GUI references,"8 frames at 6 fps, looping, trigger: pressure in critical band, play_on_show according to state entry",deferred_controlled_pool
selected_member_confidence,animated scripted GUI sprite,Animations,Selected member confidence change,generated separate source frames,64x64,"static fallback, source frames, processed frames, horizontal sheet, DDS, preview GIF",member seal breathing through distinct authored states without simple scale pulse,"transform-only animation, recolour-only frames, generated text",selected_member_confidence_sheet.dds,GFX_012_africa_selected_member_confidence_animated,gfx/interface/012_africa/animations/,frame animation skill and closest GUI references,"8 frames at 8 fps, looping, trigger: selected member high or collapsing confidence, play_on_show according to state entry",deferred_controlled_pool
congress_ready_emblem,animated scripted GUI sprite,Animations,Regional congress ready,generated separate source frames,72x72,"static fallback, source frames, processed frames, horizontal sheet, DDS, preview GIF",delegation doors or seats filling through real frame states,"transform-only animation, recolour-only frames, generated text",congress_ready_emblem_sheet.dds,GFX_012_africa_congress_ready_emblem_animated,gfx/interface/012_africa/animations/,frame animation skill and closest GUI references,"8 frames at 6 fps, looping, trigger: all congress prerequisites met, play_on_show according to state entry",deferred_controlled_pool
member_departure_warning,animated scripted GUI sprite,Animations,Member departure imminent,generated separate source frames,72x72,"static fallback, source frames, processed frames, horizontal sheet, DDS, preview GIF",seal separating through separately drawn fracture states,"transform-only animation, recolour-only frames, generated text",member_departure_warning_sheet.dds,GFX_012_africa_member_departure_warning_animated,gfx/interface/012_africa/animations/,frame animation skill and closest GUI references,"10 frames at 8 fps, looping, trigger: leaving timer active, play_on_show according to state entry",deferred_controlled_pool
rival_bloc_alert,animated scripted GUI sprite,Animations,Rival bloc active,generated separate source frames,72x72,"static fallback, source frames, processed frames, horizontal sheet, DDS, preview GIF",two competing emblems taking position through real source frames,"transform-only animation, recolour-only frames, generated text",rival_bloc_alert_sheet.dds,GFX_012_africa_rival_bloc_alert_animated,gfx/interface/012_africa/animations/,frame animation skill and closest GUI references,"8 frames at 6 fps, looping, trigger: rival bloc pressure active, play_on_show according to state entry",deferred_controlled_pool
africa_is_one_completion,animated scripted GUI sprite,Animations,Africa is one completion seal,generated separate source frames,128x128,"static fallback, source frames, processed frames, horizontal sheet, DDS, preview GIF","regional motifs assemble into one seal, each frame authored","transform-only animation, recolour-only frames, generated text",africa_is_one_completion_sheet.dds,GFX_012_africa_africa_is_one_completion_animated,gfx/interface/012_africa/animations/,frame animation skill and closest GUI references,"12 frames at 8 fps, non-looping with static final, trigger: unification completion, play_on_show according to state entry",deferred_controlled_pool
ecological_wrath_active,animated scripted GUI sprite,Animations,Ecological Wrath active,generated separate source frames,96x96,"static fallback, source frames, processed frames, horizontal sheet, DDS, preview GIF","forest, river, weather, or animal motifs move through actual illustrated states","transform-only animation, recolour-only frames, generated text",ecological_wrath_active_sheet.dds,GFX_012_africa_ecological_wrath_active_animated,gfx/interface/012_africa/animations/,frame animation skill and closest GUI references,"10 frames at 6 fps, looping, trigger: wrath above active threshold, play_on_show according to state entry",deferred_controlled_pool
continent_war_terminal,animated scripted GUI sprite,Animations,Terminal continent-war emblem,generated separate source frames,128x128,"static fallback, source frames, processed frames, horizontal sheet, DDS, preview GIF",continent emblems and transport lines change through authored war states,"transform-only animation, recolour-only frames, generated text",continent_war_terminal_sheet.dds,GFX_012_africa_continent_war_terminal_animated,gfx/interface/012_africa/animations/,frame animation skill and closest GUI references,"12 frames at 8 fps, looping, trigger: terminal continental war active, play_on_show according to state entry",deferred_controlled_pool
idea_continental_mandate,idea or national spirit icon,Ideas,visible idea or staged mechanic state for continental mandate,generated icon art,64x64,stage variants where the mechanic is staged,compact symbolic art with one clear subject and coordinated family progression,"focus-icon resize, opaque square, readable text",idea_012_africa_continental_mandate.dds,GFX_idea_012_africa_continental_mandate,gfx/interface/ideas/012_africa/,assets/vanilla_reference/icons/ideas,static,deferred_controlled_pool
idea_disputed_host_legitimacy,idea or national spirit icon,Ideas,visible idea or staged mechanic state for disputed host legitimacy,generated icon art,64x64,stage variants where the mechanic is staged,compact symbolic art with one clear subject and coordinated family progression,"focus-icon resize, opaque square, readable text",idea_012_africa_disputed_host_legitimacy.dds,GFX_idea_012_africa_disputed_host_legitimacy,gfx/interface/ideas/012_africa/,assets/vanilla_reference/icons/ideas,static,deferred_controlled_pool
idea_charter_authority_low,idea or national spirit icon,Ideas,visible idea or staged mechanic state for charter authority low,generated icon art,64x64,stage variants where the mechanic is staged,compact symbolic art with one clear subject and coordinated family progression,"focus-icon resize, opaque square, readable text",idea_012_africa_charter_authority_low.dds,GFX_idea_012_africa_charter_authority_low,gfx/interface/ideas/012_africa/,assets/vanilla_reference/icons/ideas,static,deferred_controlled_pool
idea_charter_authority_medium,idea or national spirit icon,Ideas,visible idea or staged mechanic state for charter authority medium,generated icon art,64x64,stage variants where the mechanic is staged,compact symbolic art with one clear subject and coordinated family progression,"focus-icon resize, opaque square, readable text",idea_012_africa_charter_authority_medium.dds,GFX_idea_012_africa_charter_authority_medium,gfx/interface/ideas/012_africa/,assets/vanilla_reference/icons/ideas,static,deferred_controlled_pool
idea_charter_authority_high,idea or national spirit icon,Ideas,visible idea or staged mechanic state for charter authority high,generated icon art,64x64,stage variants where the mechanic is staged,compact symbolic art with one clear subject and coordinated family progression,"focus-icon resize, opaque square, readable text",idea_012_africa_charter_authority_high.dds,GFX_idea_012_africa_charter_authority_high,gfx/interface/ideas/012_africa/,assets/vanilla_reference/icons/ideas,static,deferred_controlled_pool
idea_integration_burden_low,idea or national spirit icon,Ideas,visible idea or staged mechanic state for integration burden low,generated icon art,64x64,stage variants where the mechanic is staged,compact symbolic art with one clear subject and coordinated family progression,"focus-icon resize, opaque square, readable text",idea_012_africa_integration_burden_low.dds,GFX_idea_012_africa_integration_burden_low,gfx/interface/ideas/012_africa/,assets/vanilla_reference/icons/ideas,static,deferred_controlled_pool
idea_integration_burden_high,idea or national spirit icon,Ideas,visible idea or staged mechanic state for integration burden high,generated icon art,64x64,stage variants where the mechanic is staged,compact symbolic art with one clear subject and coordinated family progression,"focus-icon resize, opaque square, readable text",idea_012_africa_integration_burden_high.dds,GFX_idea_012_africa_integration_burden_high,gfx/interface/ideas/012_africa/,assets/vanilla_reference/icons/ideas,static,deferred_controlled_pool
idea_integration_burden_critical,idea or national spirit icon,Ideas,visible idea or staged mechanic state for integration burden critical,generated icon art,64x64,stage variants where the mechanic is staged,compact symbolic art with one clear subject and coordinated family progression,"focus-icon resize, opaque square, readable text",idea_012_africa_integration_burden_critical.dds,GFX_idea_012_africa_integration_burden_critical,gfx/interface/ideas/012_africa/,assets/vanilla_reference/icons/ideas,static,deferred_controlled_pool
idea_colonial_pressure_low,idea or national spirit icon,Ideas,visible idea or staged mechanic state for colonial pressure low,generated icon art,64x64,stage variants where the mechanic is staged,compact symbolic art with one clear subject and coordinated family progression,"focus-icon resize, opaque square, readable text",idea_012_africa_colonial_pressure_low.dds,GFX_idea_012_africa_colonial_pressure_low,gfx/interface/ideas/012_africa/,assets/vanilla_reference/icons/ideas,static,deferred_controlled_pool
idea_colonial_pressure_high,idea or national spirit icon,Ideas,visible idea or staged mechanic state for colonial pressure high,generated icon art,64x64,stage variants where the mechanic is staged,compact symbolic art with one clear subject and coordinated family progression,"focus-icon resize, opaque square, readable text",idea_012_africa_colonial_pressure_high.dds,GFX_idea_012_africa_colonial_pressure_high,gfx/interface/ideas/012_africa/,assets/vanilla_reference/icons/ideas,static,deferred_controlled_pool
idea_regional_confidence,idea or national spirit icon,Ideas,visible idea or staged mechanic state for regional confidence,generated icon art,64x64,stage variants where the mechanic is staged,compact symbolic art with one clear subject and coordinated family progression,"focus-icon resize, opaque square, readable text",idea_012_africa_regional_confidence.dds,GFX_idea_012_africa_regional_confidence,gfx/interface/ideas/012_africa/,assets/vanilla_reference/icons/ideas,static,deferred_controlled_pool
idea_corridor_network,idea or national spirit icon,Ideas,visible idea or staged mechanic state for corridor network,generated icon art,64x64,stage variants where the mechanic is staged,compact symbolic art with one clear subject and coordinated family progression,"focus-icon resize, opaque square, readable text",idea_012_africa_corridor_network.dds,GFX_idea_012_africa_corridor_network,gfx/interface/ideas/012_africa/,assets/vanilla_reference/icons/ideas,static,deferred_controlled_pool
idea_diaspora_trust,idea or national spirit icon,Ideas,visible idea or staged mechanic state for diaspora trust,generated icon art,64x64,stage variants where the mechanic is staged,compact symbolic art with one clear subject and coordinated family progression,"focus-icon resize, opaque square, readable text",idea_012_africa_diaspora_trust.dds,GFX_idea_012_africa_diaspora_trust,gfx/interface/ideas/012_africa/,assets/vanilla_reference/icons/ideas,static,deferred_controlled_pool
idea_common_reserve,idea or national spirit icon,Ideas,visible idea or staged mechanic state for common reserve,generated icon art,64x64,stage variants where the mechanic is staged,compact symbolic art with one clear subject and coordinated family progression,"focus-icon resize, opaque square, readable text",idea_012_africa_common_reserve.dds,GFX_idea_012_africa_common_reserve,gfx/interface/ideas/012_africa/,assets/vanilla_reference/icons/ideas,static,deferred_controlled_pool
idea_rival_bloc_pressure,idea or national spirit icon,Ideas,visible idea or staged mechanic state for rival bloc pressure,generated icon art,64x64,stage variants where the mechanic is staged,compact symbolic art with one clear subject and coordinated family progression,"focus-icon resize, opaque square, readable text",idea_012_africa_rival_bloc_pressure.dds,GFX_idea_012_africa_rival_bloc_pressure,gfx/interface/ideas/012_africa/,assets/vanilla_reference/icons/ideas,static,deferred_controlled_pool
idea_continental_overextension,idea or national spirit icon,Ideas,visible idea or staged mechanic state for continental overextension,generated icon art,64x64,stage variants where the mechanic is staged,compact symbolic art with one clear subject and coordinated family progression,"focus-icon resize, opaque square, readable text",idea_012_africa_continental_overextension.dds,GFX_idea_012_africa_continental_overextension,gfx/interface/ideas/012_africa/,assets/vanilla_reference/icons/ideas,static,deferred_controlled_pool
idea_restoration_settlement,idea or national spirit icon,Ideas,visible idea or staged mechanic state for restoration settlement,generated icon art,64x64,stage variants where the mechanic is staged,compact symbolic art with one clear subject and coordinated family progression,"focus-icon resize, opaque square, readable text",idea_012_africa_restoration_settlement.dds,GFX_idea_012_africa_restoration_settlement,gfx/interface/ideas/012_africa/,assets/vanilla_reference/icons/ideas,static,deferred_controlled_pool
idea_ecological_wrath,idea or national spirit icon,Ideas,visible idea or staged mechanic state for ecological wrath,generated icon art,64x64,stage variants where the mechanic is staged,compact symbolic art with one clear subject and coordinated family progression,"focus-icon resize, opaque square, readable text",idea_012_africa_ecological_wrath.dds,GFX_idea_012_africa_ecological_wrath,gfx/interface/ideas/012_africa/,assets/vanilla_reference/icons/ideas,static,deferred_controlled_pool
idea_high_chaos_disease_control,idea or national spirit icon,Ideas,visible idea or staged mechanic state for high chaos disease control,generated icon art,64x64,stage variants where the mechanic is staged,compact symbolic art with one clear subject and coordinated family progression,"focus-icon resize, opaque square, readable text",idea_012_africa_high_chaos_disease_control.dds,GFX_idea_012_africa_high_chaos_disease_control,gfx/interface/ideas/012_africa/,assets/vanilla_reference/icons/ideas,static,deferred_controlled_pool
idea_world_order_sponsorship,idea or national spirit icon,Ideas,visible idea or staged mechanic state for world order sponsorship,generated icon art,64x64,stage variants where the mechanic is staged,compact symbolic art with one clear subject and coordinated family progression,"focus-icon resize, opaque square, readable text",idea_012_africa_world_order_sponsorship.dds,GFX_idea_012_africa_world_order_sponsorship,gfx/interface/ideas/012_africa/,assets/vanilla_reference/icons/ideas,static,deferred_controlled_pool
idea_food_security,idea or national spirit icon,Ideas,visible idea or staged mechanic state for food security,generated icon art,64x64,stage variants where the mechanic is staged,compact symbolic art with one clear subject and coordinated family progression,"focus-icon resize, opaque square, readable text",idea_012_africa_food_security.dds,GFX_idea_012_africa_food_security,gfx/interface/ideas/012_africa/,assets/vanilla_reference/icons/ideas,static,deferred_controlled_pool
idea_resource_sovereignty,idea or national spirit icon,Ideas,visible idea or staged mechanic state for resource sovereignty,generated icon art,64x64,stage variants where the mechanic is staged,compact symbolic art with one clear subject and coordinated family progression,"focus-icon resize, opaque square, readable text",idea_012_africa_resource_sovereignty.dds,GFX_idea_012_africa_resource_sovereignty,gfx/interface/ideas/012_africa/,assets/vanilla_reference/icons/ideas,static,deferred_controlled_pool
idea_federal_representation,idea or national spirit icon,Ideas,visible idea or staged mechanic state for federal representation,generated icon art,64x64,stage variants where the mechanic is staged,compact symbolic art with one clear subject and coordinated family progression,"focus-icon resize, opaque square, readable text",idea_012_africa_federal_representation.dds,GFX_idea_012_africa_federal_representation,gfx/interface/ideas/012_africa/,assets/vanilla_reference/icons/ideas,static,deferred_controlled_pool
idea_emergency_continental_command,idea or national spirit icon,Ideas,visible idea or staged mechanic state for emergency continental command,generated icon art,64x64,stage variants where the mechanic is staged,compact symbolic art with one clear subject and coordinated family progression,"focus-icon resize, opaque square, readable text",idea_012_africa_emergency_continental_command.dds,GFX_idea_012_africa_emergency_continental_command,gfx/interface/ideas/012_africa/,assets/vanilla_reference/icons/ideas,static,deferred_controlled_pool
decision_guarantee,decision icon,Decisions,32x32 icon family for guarantee,generated icon art,32x32,"separate normal icon, category variant only when listed elsewhere",simple high-contrast silhouette designed for tiny size,"resized focus icon, tiny interior detail, opaque square",decision_012_africa_guarantee.dds,GFX_decision_012_africa_guarantee,gfx/interface/decisions/012_africa/,assets/vanilla_reference/icons/decisions,static,deferred_controlled_pool
decision_aid_corridor,decision icon,Decisions,32x32 icon family for aid corridor,generated icon art,32x32,"separate normal icon, category variant only when listed elsewhere",simple high-contrast silhouette designed for tiny size,"resized focus icon, tiny interior detail, opaque square",decision_012_africa_aid_corridor.dds,GFX_decision_012_africa_aid_corridor,gfx/interface/decisions/012_africa/,assets/vanilla_reference/icons/decisions,static,deferred_controlled_pool
decision_volunteer_force,decision icon,Decisions,32x32 icon family for volunteer force,generated icon art,32x32,"separate normal icon, category variant only when listed elsewhere",simple high-contrast silhouette designed for tiny size,"resized focus icon, tiny interior detail, opaque square",decision_012_africa_volunteer_force.dds,GFX_decision_012_africa_volunteer_force,gfx/interface/decisions/012_africa/,assets/vanilla_reference/icons/decisions,static,deferred_controlled_pool
decision_intervention,decision icon,Decisions,32x32 icon family for intervention,generated icon art,32x32,"separate normal icon, category variant only when listed elsewhere",simple high-contrast silhouette designed for tiny size,"resized focus icon, tiny interior detail, opaque square",decision_012_africa_intervention.dds,GFX_decision_012_africa_intervention,gfx/interface/decisions/012_africa/,assets/vanilla_reference/icons/decisions,static,deferred_controlled_pool
decision_evacuation,decision icon,Decisions,32x32 icon family for evacuation,generated icon art,32x32,"separate normal icon, category variant only when listed elsewhere",simple high-contrast silhouette designed for tiny size,"resized focus icon, tiny interior detail, opaque square",decision_012_africa_evacuation.dds,GFX_decision_012_africa_evacuation,gfx/interface/decisions/012_africa/,assets/vanilla_reference/icons/decisions,static,deferred_controlled_pool
decision_accession_offer,decision icon,Decisions,32x32 icon family for accession offer,generated icon art,32x32,"separate normal icon, category variant only when listed elsewhere",simple high-contrast silhouette designed for tiny size,"resized focus icon, tiny interior detail, opaque square",decision_012_africa_accession_offer.dds,GFX_decision_012_africa_accession_offer,gfx/interface/decisions/012_africa/,assets/vanilla_reference/icons/decisions,static,deferred_controlled_pool
decision_accession_clause,decision icon,Decisions,32x32 icon family for accession clause,generated icon art,32x32,"separate normal icon, category variant only when listed elsewhere",simple high-contrast silhouette designed for tiny size,"resized focus icon, tiny interior detail, opaque square",decision_012_africa_accession_clause.dds,GFX_decision_012_africa_accession_clause,gfx/interface/decisions/012_africa/,assets/vanilla_reference/icons/decisions,static,deferred_controlled_pool
decision_accession_referendum,decision icon,Decisions,32x32 icon family for accession referendum,generated icon art,32x32,"separate normal icon, category variant only when listed elsewhere",simple high-contrast silhouette designed for tiny size,"resized focus icon, tiny interior detail, opaque square",decision_012_africa_accession_referendum.dds,GFX_decision_012_africa_accession_referendum,gfx/interface/decisions/012_africa/,assets/vanilla_reference/icons/decisions,static,deferred_controlled_pool
decision_regional_congress,decision icon,Decisions,32x32 icon family for regional congress,generated icon art,32x32,"separate normal icon, category variant only when listed elsewhere",simple high-contrast silhouette designed for tiny size,"resized focus icon, tiny interior detail, opaque square",decision_012_africa_regional_congress.dds,GFX_decision_012_africa_regional_congress,gfx/interface/decisions/012_africa/,assets/vanilla_reference/icons/decisions,static,deferred_controlled_pool
decision_representation_concession,decision icon,Decisions,32x32 icon family for representation concession,generated icon art,32x32,"separate normal icon, category variant only when listed elsewhere",simple high-contrast silhouette designed for tiny size,"resized focus icon, tiny interior detail, opaque square",decision_012_africa_representation_concession.dds,GFX_decision_012_africa_representation_concession,gfx/interface/decisions/012_africa/,assets/vanilla_reference/icons/decisions,static,deferred_controlled_pool
decision_claim_settlement,decision icon,Decisions,32x32 icon family for claim settlement,generated icon art,32x32,"separate normal icon, category variant only when listed elsewhere",simple high-contrast silhouette designed for tiny size,"resized focus icon, tiny interior detail, opaque square",decision_012_africa_claim_settlement.dds,GFX_decision_012_africa_claim_settlement,gfx/interface/decisions/012_africa/,assets/vanilla_reference/icons/decisions,static,deferred_controlled_pool
decision_integration_project,decision icon,Decisions,32x32 icon family for integration project,generated icon art,32x32,"separate normal icon, category variant only when listed elsewhere",simple high-contrast silhouette designed for tiny size,"resized focus icon, tiny interior detail, opaque square",decision_012_africa_integration_project.dds,GFX_decision_012_africa_integration_project,gfx/interface/decisions/012_africa/,assets/vanilla_reference/icons/decisions,static,deferred_controlled_pool
decision_coercive_action,decision icon,Decisions,32x32 icon family for coercive action,generated icon art,32x32,"separate normal icon, category variant only when listed elsewhere",simple high-contrast silhouette designed for tiny size,"resized focus icon, tiny interior detail, opaque square",decision_012_africa_coercive_action.dds,GFX_decision_012_africa_coercive_action,gfx/interface/decisions/012_africa/,assets/vanilla_reference/icons/decisions,static,deferred_controlled_pool
decision_departure_response,decision icon,Decisions,32x32 icon family for departure response,generated icon art,32x32,"separate normal icon, category variant only when listed elsewhere",simple high-contrast silhouette designed for tiny size,"resized focus icon, tiny interior detail, opaque square",decision_012_africa_departure_response.dds,GFX_decision_012_africa_departure_response,gfx/interface/decisions/012_africa/,assets/vanilla_reference/icons/decisions,static,deferred_controlled_pool
decision_rival_bloc_counteraction,decision icon,Decisions,32x32 icon family for rival bloc counteraction,generated icon art,32x32,"separate normal icon, category variant only when listed elsewhere",simple high-contrast silhouette designed for tiny size,"resized focus icon, tiny interior detail, opaque square",decision_012_africa_rival_bloc_counteraction.dds,GFX_decision_012_africa_rival_bloc_counteraction,gfx/interface/decisions/012_africa/,assets/vanilla_reference/icons/decisions,static,deferred_controlled_pool
decision_resource_project,decision icon,Decisions,32x32 icon family for resource project,generated icon art,32x32,"separate normal icon, category variant only when listed elsewhere",simple high-contrast silhouette designed for tiny size,"resized focus icon, tiny interior detail, opaque square",decision_012_africa_resource_project.dds,GFX_decision_012_africa_resource_project,gfx/interface/decisions/012_africa/,assets/vanilla_reference/icons/decisions,static,deferred_controlled_pool
decision_corridor_project,decision icon,Decisions,32x32 icon family for corridor project,generated icon art,32x32,"separate normal icon, category variant only when listed elsewhere",simple high-contrast silhouette designed for tiny size,"resized focus icon, tiny interior detail, opaque square",decision_012_africa_corridor_project.dds,GFX_decision_012_africa_corridor_project,gfx/interface/decisions/012_africa/,assets/vanilla_reference/icons/decisions,static,deferred_controlled_pool
decision_diaspora_invitation,decision icon,Decisions,32x32 icon family for diaspora invitation,generated icon art,32x32,"separate normal icon, category variant only when listed elsewhere",simple high-contrast silhouette designed for tiny size,"resized focus icon, tiny interior detail, opaque square",decision_012_africa_diaspora_invitation.dds,GFX_decision_012_africa_diaspora_invitation,gfx/interface/decisions/012_africa/,assets/vanilla_reference/icons/decisions,static,deferred_controlled_pool
decision_diaspora_transport,decision icon,Decisions,32x32 icon family for diaspora transport,generated icon art,32x32,"separate normal icon, category variant only when listed elsewhere",simple high-contrast silhouette designed for tiny size,"resized focus icon, tiny interior detail, opaque square",decision_012_africa_diaspora_transport.dds,GFX_decision_012_africa_diaspora_transport,gfx/interface/decisions/012_africa/,assets/vanilla_reference/icons/decisions,static,deferred_controlled_pool
decision_resettlement_support,decision icon,Decisions,32x32 icon family for resettlement support,generated icon art,32x32,"separate normal icon, category variant only when listed elsewhere",simple high-contrast silhouette designed for tiny size,"resized focus icon, tiny interior detail, opaque square",decision_012_africa_resettlement_support.dds,GFX_decision_012_africa_resettlement_support,gfx/interface/decisions/012_africa/,assets/vanilla_reference/icons/decisions,static,deferred_controlled_pool
decision_disease_containment,decision icon,Decisions,32x32 icon family for disease containment,generated icon art,32x32,"separate normal icon, category variant only when listed elsewhere",simple high-contrast silhouette designed for tiny size,"resized focus icon, tiny interior detail, opaque square",decision_012_africa_disease_containment.dds,GFX_decision_012_africa_disease_containment,gfx/interface/decisions/012_africa/,assets/vanilla_reference/icons/decisions,static,deferred_controlled_pool
decision_ecological_bargain,decision icon,Decisions,32x32 icon family for ecological bargain,generated icon art,32x32,"separate normal icon, category variant only when listed elsewhere",simple high-contrast silhouette designed for tiny size,"resized focus icon, tiny interior detail, opaque square",decision_012_africa_ecological_bargain.dds,GFX_decision_012_africa_ecological_bargain,gfx/interface/decisions/012_africa/,assets/vanilla_reference/icons/decisions,static,deferred_controlled_pool
decision_disaster_retaliation,decision icon,Decisions,32x32 icon family for disaster retaliation,generated icon art,32x32,"separate normal icon, category variant only when listed elsewhere",simple high-contrast silhouette designed for tiny size,"resized focus icon, tiny interior detail, opaque square",decision_012_africa_disaster_retaliation.dds,GFX_decision_012_africa_disaster_retaliation,gfx/interface/decisions/012_africa/,assets/vanilla_reference/icons/decisions,static,deferred_controlled_pool
decision_strange_unit_recruitment,decision icon,Decisions,32x32 icon family for strange unit recruitment,generated icon art,32x32,"separate normal icon, category variant only when listed elsewhere",simple high-contrast silhouette designed for tiny size,"resized focus icon, tiny interior detail, opaque square",decision_012_africa_strange_unit_recruitment.dds,GFX_decision_012_africa_strange_unit_recruitment,gfx/interface/decisions/012_africa/,assets/vanilla_reference/icons/decisions,static,deferred_controlled_pool
decision_scramble_recognition,decision icon,Decisions,32x32 icon family for scramble recognition,generated icon art,32x32,"separate normal icon, category variant only when listed elsewhere",simple high-contrast silhouette designed for tiny size,"resized focus icon, tiny interior detail, opaque square",decision_012_africa_scramble_recognition.dds,GFX_decision_012_africa_scramble_recognition,gfx/interface/decisions/012_africa/,assets/vanilla_reference/icons/decisions,static,deferred_controlled_pool
decision_scramble_sanctions,decision icon,Decisions,32x32 icon family for scramble sanctions,generated icon art,32x32,"separate normal icon, category variant only when listed elsewhere",simple high-contrast silhouette designed for tiny size,"resized focus icon, tiny interior detail, opaque square",decision_012_africa_scramble_sanctions.dds,GFX_decision_012_africa_scramble_sanctions,gfx/interface/decisions/012_africa/,assets/vanilla_reference/icons/decisions,static,deferred_controlled_pool
decision_scramble_mobilisation,decision icon,Decisions,32x32 icon family for scramble mobilisation,generated icon art,32x32,"separate normal icon, category variant only when listed elsewhere",simple high-contrast silhouette designed for tiny size,"resized focus icon, tiny interior detail, opaque square",decision_012_africa_scramble_mobilisation.dds,GFX_decision_012_africa_scramble_mobilisation,gfx/interface/decisions/012_africa/,assets/vanilla_reference/icons/decisions,static,deferred_controlled_pool
decision_continent_sponsorship,decision icon,Decisions,32x32 icon family for continent sponsorship,generated icon art,32x32,"separate normal icon, category variant only when listed elsewhere",simple high-contrast silhouette designed for tiny size,"resized focus icon, tiny interior detail, opaque square",decision_012_africa_continent_sponsorship.dds,GFX_decision_012_africa_continent_sponsorship,gfx/interface/decisions/012_africa/,assets/vanilla_reference/icons/decisions,static,deferred_controlled_pool
decision_continent_union,decision icon,Decisions,32x32 icon family for continent union,generated icon art,32x32,"separate normal icon, category variant only when listed elsewhere",simple high-contrast silhouette designed for tiny size,"resized focus icon, tiny interior detail, opaque square",decision_012_africa_continent_union.dds,GFX_decision_012_africa_continent_union,gfx/interface/decisions/012_africa/,assets/vanilla_reference/icons/decisions,static,deferred_controlled_pool
decision_terminal_war_action,decision icon,Decisions,32x32 icon family for terminal war action,generated icon art,32x32,"separate normal icon, category variant only when listed elsewhere",simple high-contrast silhouette designed for tiny size,"resized focus icon, tiny interior detail, opaque square",decision_012_africa_terminal_war_action.dds,GFX_decision_012_africa_terminal_war_action,gfx/interface/decisions/012_africa/,assets/vanilla_reference/icons/decisions,static,deferred_controlled_pool
focus_family_host_proclamation,focus icon family,Focus icons,coordinated family for final focuses covering host proclamation,"generated icon art, with sourced motifs when historically specific",94x86,"one distinct icon per final focus, family motif can recur without repeated composition","HOI4 focus art with route-specific central subject, aged texture, strong silhouette","generic continent silhouette on every icon, idea or decision icon resize, readable text",goal_012_africa_host_proclamation_<focus_slug>.dds,GFX_goal_012_africa_host_proclamation_<focus_slug>,gfx/interface/goals/012_africa/,assets/vanilla_reference/icons/national_focus,static,installed_runtime
focus_family_host_legitimacy,focus icon family,Focus icons,coordinated family for final focuses covering host legitimacy,"generated icon art, with sourced motifs when historically specific",94x86,"one distinct icon per final focus, family motif can recur without repeated composition","HOI4 focus art with route-specific central subject, aged texture, strong silhouette","generic continent silhouette on every icon, idea or decision icon resize, readable text",goal_012_africa_host_legitimacy_<focus_slug>.dds,GFX_goal_012_africa_host_legitimacy_<focus_slug>,gfx/interface/goals/012_africa/,assets/vanilla_reference/icons/national_focus,static,installed_runtime
focus_family_charter_law,focus icon family,Focus icons,coordinated family for final focuses covering charter law,"generated icon art, with sourced motifs when historically specific",94x86,"one distinct icon per final focus, family motif can recur without repeated composition","HOI4 focus art with route-specific central subject, aged texture, strong silhouette","generic continent silhouette on every icon, idea or decision icon resize, readable text",goal_012_africa_charter_law_<focus_slug>.dds,GFX_goal_012_africa_charter_law_<focus_slug>,gfx/interface/goals/012_africa/,assets/vanilla_reference/icons/national_focus,static,installed_runtime
focus_family_continental_representation,focus icon family,Focus icons,coordinated family for final focuses covering continental representation,"generated icon art, with sourced motifs when historically specific",94x86,"one distinct icon per final focus, family motif can recur without repeated composition","HOI4 focus art with route-specific central subject, aged texture, strong silhouette","generic continent silhouette on every icon, idea or decision icon resize, readable text",goal_012_africa_continental_representation_<focus_slug>.dds,GFX_goal_012_africa_continental_representation_<focus_slug>,gfx/interface/goals/012_africa/,assets/vanilla_reference/icons/national_focus,static,installed_runtime
focus_family_protection_guarantee,focus icon family,Focus icons,coordinated family for final focuses covering protection guarantee,"generated icon art, with sourced motifs when historically specific",94x86,"one distinct icon per final focus, family motif can recur without repeated composition","HOI4 focus art with route-specific central subject, aged texture, strong silhouette","generic continent silhouette on every icon, idea or decision icon resize, readable text",goal_012_africa_protection_guarantee_<focus_slug>.dds,GFX_goal_012_africa_protection_guarantee_<focus_slug>,gfx/interface/goals/012_africa/,assets/vanilla_reference/icons/national_focus,static,installed_runtime
focus_family_aid_and_relief,focus icon family,Focus icons,coordinated family for final focuses covering aid and relief,"generated icon art, with sourced motifs when historically specific",94x86,"one distinct icon per final focus, family motif can recur without repeated composition","HOI4 focus art with route-specific central subject, aged texture, strong silhouette","generic continent silhouette on every icon, idea or decision icon resize, readable text",goal_012_africa_aid_and_relief_<focus_slug>.dds,GFX_goal_012_africa_aid_and_relief_<focus_slug>,gfx/interface/goals/012_africa/,assets/vanilla_reference/icons/national_focus,static,installed_runtime
focus_family_volunteer_intervention,focus icon family,Focus icons,coordinated family for final focuses covering volunteer intervention,"generated icon art, with sourced motifs when historically specific",94x86,"one distinct icon per final focus, family motif can recur without repeated composition","HOI4 focus art with route-specific central subject, aged texture, strong silhouette","generic continent silhouette on every icon, idea or decision icon resize, readable text",goal_012_africa_volunteer_intervention_<focus_slug>.dds,GFX_goal_012_africa_volunteer_intervention_<focus_slug>,gfx/interface/goals/012_africa/,assets/vanilla_reference/icons/national_focus,static,installed_runtime
focus_family_federal_accession,focus icon family,Focus icons,coordinated family for final focuses covering federal accession,"generated icon art, with sourced motifs when historically specific",94x86,"one distinct icon per final focus, family motif can recur without repeated composition","HOI4 focus art with route-specific central subject, aged texture, strong silhouette","generic continent silhouette on every icon, idea or decision icon resize, readable text",goal_012_africa_federal_accession_<focus_slug>.dds,GFX_goal_012_africa_federal_accession_<focus_slug>,gfx/interface/goals/012_africa/,assets/vanilla_reference/icons/national_focus,static,deferred_controlled_pool
focus_family_crown_charter,focus icon family,Focus icons,coordinated family for final focuses covering crown charter,"generated icon art, with sourced motifs when historically specific",94x86,"one distinct icon per final focus, family motif can recur without repeated composition","HOI4 focus art with route-specific central subject, aged texture, strong silhouette","generic continent silhouette on every icon, idea or decision icon resize, readable text",goal_012_africa_crown_charter_<focus_slug>.dds,GFX_goal_012_africa_crown_charter_<focus_slug>,gfx/interface/goals/012_africa/,assets/vanilla_reference/icons/national_focus,static,deferred_controlled_pool
focus_family_republican_citizenship,focus icon family,Focus icons,coordinated family for final focuses covering republican citizenship,"generated icon art, with sourced motifs when historically specific",94x86,"one distinct icon per final focus, family motif can recur without repeated composition","HOI4 focus art with route-specific central subject, aged texture, strong silhouette","generic continent silhouette on every icon, idea or decision icon resize, readable text",goal_012_africa_republican_citizenship_<focus_slug>.dds,GFX_goal_012_africa_republican_citizenship_<focus_slug>,gfx/interface/goals/012_africa/,assets/vanilla_reference/icons/national_focus,static,deferred_controlled_pool
focus_family_peoples_union,focus icon family,Focus icons,coordinated family for final focuses covering peoples union,"generated icon art, with sourced motifs when historically specific",94x86,"one distinct icon per final focus, family motif can recur without repeated composition","HOI4 focus art with route-specific central subject, aged texture, strong silhouette","generic continent silhouette on every icon, idea or decision icon resize, readable text",goal_012_africa_peoples_union_<focus_slug>.dds,GFX_goal_012_africa_peoples_union_<focus_slug>,gfx/interface/goals/012_africa/,assets/vanilla_reference/icons/national_focus,static,deferred_controlled_pool
focus_family_military_command,focus icon family,Focus icons,coordinated family for final focuses covering military command,"generated icon art, with sourced motifs when historically specific",94x86,"one distinct icon per final focus, family motif can recur without repeated composition","HOI4 focus art with route-specific central subject, aged texture, strong silhouette","generic continent silhouette on every icon, idea or decision icon resize, readable text",goal_012_africa_military_command_<focus_slug>.dds,GFX_goal_012_africa_military_command_<focus_slug>,gfx/interface/goals/012_africa/,assets/vanilla_reference/icons/national_focus,static,deferred_controlled_pool
focus_family_confederal_sovereignty,focus icon family,Focus icons,coordinated family for final focuses covering confederal sovereignty,"generated icon art, with sourced motifs when historically specific",94x86,"one distinct icon per final focus, family motif can recur without repeated composition","HOI4 focus art with route-specific central subject, aged texture, strong silhouette","generic continent silhouette on every icon, idea or decision icon resize, readable text",goal_012_africa_confederal_sovereignty_<focus_slug>.dds,GFX_goal_012_africa_confederal_sovereignty_<focus_slug>,gfx/interface/goals/012_africa/,assets/vanilla_reference/icons/national_focus,static,deferred_controlled_pool
focus_family_regional_congress,focus icon family,Focus icons,coordinated family for final focuses covering regional congress,"generated icon art, with sourced motifs when historically specific",94x86,"one distinct icon per final focus, family motif can recur without repeated composition","HOI4 focus art with route-specific central subject, aged texture, strong silhouette","generic continent silhouette on every icon, idea or decision icon resize, readable text",goal_012_africa_regional_congress_<focus_slug>.dds,GFX_goal_012_africa_regional_congress_<focus_slug>,gfx/interface/goals/012_africa/,assets/vanilla_reference/icons/national_focus,static,installed_runtime
focus_family_restored_polity,focus icon family,Focus icons,coordinated family for final focuses covering restored polity,"generated icon art, with sourced motifs when historically specific",94x86,"one distinct icon per final focus, family motif can recur without repeated composition","HOI4 focus art with route-specific central subject, aged texture, strong silhouette","generic continent silhouette on every icon, idea or decision icon resize, readable text",goal_012_africa_restored_polity_<focus_slug>.dds,GFX_goal_012_africa_restored_polity_<focus_slug>,gfx/interface/goals/012_africa/,assets/vanilla_reference/icons/national_focus,static,deferred_controlled_pool
focus_family_claim_overlap_settlement,focus icon family,Focus icons,coordinated family for final focuses covering claim overlap settlement,"generated icon art, with sourced motifs when historically specific",94x86,"one distinct icon per final focus, family motif can recur without repeated composition","HOI4 focus art with route-specific central subject, aged texture, strong silhouette","generic continent silhouette on every icon, idea or decision icon resize, readable text",goal_012_africa_claim_overlap_settlement_<focus_slug>.dds,GFX_goal_012_africa_claim_overlap_settlement_<focus_slug>,gfx/interface/goals/012_africa/,assets/vanilla_reference/icons/national_focus,static,deferred_controlled_pool
focus_family_local_processing,focus icon family,Focus icons,coordinated family for final focuses covering local processing,"generated icon art, with sourced motifs when historically specific",94x86,"one distinct icon per final focus, family motif can recur without repeated composition","HOI4 focus art with route-specific central subject, aged texture, strong silhouette","generic continent silhouette on every icon, idea or decision icon resize, readable text",goal_012_africa_local_processing_<focus_slug>.dds,GFX_goal_012_africa_local_processing_<focus_slug>,gfx/interface/goals/012_africa/,assets/vanilla_reference/icons/national_focus,static,deferred_controlled_pool
focus_family_resource_sovereignty,focus icon family,Focus icons,coordinated family for final focuses covering resource sovereignty,"generated icon art, with sourced motifs when historically specific",94x86,"one distinct icon per final focus, family motif can recur without repeated composition","HOI4 focus art with route-specific central subject, aged texture, strong silhouette","generic continent silhouette on every icon, idea or decision icon resize, readable text",goal_012_africa_resource_sovereignty_<focus_slug>.dds,GFX_goal_012_africa_resource_sovereignty_<focus_slug>,gfx/interface/goals/012_africa/,assets/vanilla_reference/icons/national_focus,static,installed_runtime
focus_family_food_security,focus icon family,Focus icons,coordinated family for final focuses covering food security,"generated icon art, with sourced motifs when historically specific",94x86,"one distinct icon per final focus, family motif can recur without repeated composition","HOI4 focus art with route-specific central subject, aged texture, strong silhouette","generic continent silhouette on every icon, idea or decision icon resize, readable text",goal_012_africa_food_security_<focus_slug>.dds,GFX_goal_012_africa_food_security_<focus_slug>,gfx/interface/goals/012_africa/,assets/vanilla_reference/icons/national_focus,static,deferred_controlled_pool
focus_family_rail_corridor,focus icon family,Focus icons,coordinated family for final focuses covering rail corridor,"generated icon art, with sourced motifs when historically specific",94x86,"one distinct icon per final focus, family motif can recur without repeated composition","HOI4 focus art with route-specific central subject, aged texture, strong silhouette","generic continent silhouette on every icon, idea or decision icon resize, readable text",goal_012_africa_rail_corridor_<focus_slug>.dds,GFX_goal_012_africa_rail_corridor_<focus_slug>,gfx/interface/goals/012_africa/,assets/vanilla_reference/icons/national_focus,static,installed_runtime
focus_family_river_corridor,focus icon family,Focus icons,coordinated family for final focuses covering river corridor,"generated icon art, with sourced motifs when historically specific",94x86,"one distinct icon per final focus, family motif can recur without repeated composition","HOI4 focus art with route-specific central subject, aged texture, strong silhouette","generic continent silhouette on every icon, idea or decision icon resize, readable text",goal_012_africa_river_corridor_<focus_slug>.dds,GFX_goal_012_africa_river_corridor_<focus_slug>,gfx/interface/goals/012_africa/,assets/vanilla_reference/icons/national_focus,static,deferred_controlled_pool
focus_family_road_corridor,focus icon family,Focus icons,coordinated family for final focuses covering road corridor,"generated icon art, with sourced motifs when historically specific",94x86,"one distinct icon per final focus, family motif can recur without repeated composition","HOI4 focus art with route-specific central subject, aged texture, strong silhouette","generic continent silhouette on every icon, idea or decision icon resize, readable text",goal_012_africa_road_corridor_<focus_slug>.dds,GFX_goal_012_africa_road_corridor_<focus_slug>,gfx/interface/goals/012_africa/,assets/vanilla_reference/icons/national_focus,static,installed_runtime
focus_family_port_corridor,focus icon family,Focus icons,coordinated family for final focuses covering port corridor,"generated icon art, with sourced motifs when historically specific",94x86,"one distinct icon per final focus, family motif can recur without repeated composition","HOI4 focus art with route-specific central subject, aged texture, strong silhouette","generic continent silhouette on every icon, idea or decision icon resize, readable text",goal_012_africa_port_corridor_<focus_slug>.dds,GFX_goal_012_africa_port_corridor_<focus_slug>,gfx/interface/goals/012_africa/,assets/vanilla_reference/icons/national_focus,static,deferred_controlled_pool
focus_family_air_corridor,focus icon family,Focus icons,coordinated family for final focuses covering air corridor,"generated icon art, with sourced motifs when historically specific",94x86,"one distinct icon per final focus, family motif can recur without repeated composition","HOI4 focus art with route-specific central subject, aged texture, strong silhouette","generic continent silhouette on every icon, idea or decision icon resize, readable text",goal_012_africa_air_corridor_<focus_slug>.dds,GFX_goal_012_africa_air_corridor_<focus_slug>,gfx/interface/goals/012_africa/,assets/vanilla_reference/icons/national_focus,static,deferred_controlled_pool
focus_family_army_common_reserve,focus icon family,Focus icons,coordinated family for final focuses covering army common reserve,"generated icon art, with sourced motifs when historically specific",94x86,"one distinct icon per final focus, family motif can recur without repeated composition","HOI4 focus art with route-specific central subject, aged texture, strong silhouette","generic continent silhouette on every icon, idea or decision icon resize, readable text",goal_012_africa_army_common_reserve_<focus_slug>.dds,GFX_goal_012_africa_army_common_reserve_<focus_slug>,gfx/interface/goals/012_africa/,assets/vanilla_reference/icons/national_focus,static,installed_runtime
focus_family_air_defence,focus icon family,Focus icons,coordinated family for final focuses covering air defence,"generated icon art, with sourced motifs when historically specific",94x86,"one distinct icon per final focus, family motif can recur without repeated composition","HOI4 focus art with route-specific central subject, aged texture, strong silhouette","generic continent silhouette on every icon, idea or decision icon resize, readable text",goal_012_africa_air_defence_<focus_slug>.dds,GFX_goal_012_africa_air_defence_<focus_slug>,gfx/interface/goals/012_africa/,assets/vanilla_reference/icons/national_focus,static,deferred_controlled_pool
focus_family_naval_defence,focus icon family,Focus icons,coordinated family for final focuses covering naval defence,"generated icon art, with sourced motifs when historically specific",94x86,"one distinct icon per final focus, family motif can recur without repeated composition","HOI4 focus art with route-specific central subject, aged texture, strong silhouette","generic continent silhouette on every icon, idea or decision icon resize, readable text",goal_012_africa_naval_defence_<focus_slug>.dds,GFX_goal_012_africa_naval_defence_<focus_slug>,gfx/interface/goals/012_africa/,assets/vanilla_reference/icons/national_focus,static,deferred_controlled_pool
focus_family_intelligence_counter_subversion,focus icon family,Focus icons,coordinated family for final focuses covering intelligence counter subversion,"generated icon art, with sourced motifs when historically specific",94x86,"one distinct icon per final focus, family motif can recur without repeated composition","HOI4 focus art with route-specific central subject, aged texture, strong silhouette","generic continent silhouette on every icon, idea or decision icon resize, readable text",goal_012_africa_intelligence_counter_subversion_<focus_slug>.dds,GFX_goal_012_africa_intelligence_counter_subversion_<focus_slug>,gfx/interface/goals/012_africa/,assets/vanilla_reference/icons/national_focus,static,deferred_controlled_pool
focus_family_diaspora_travel,focus icon family,Focus icons,coordinated family for final focuses covering diaspora travel,"generated icon art, with sourced motifs when historically specific",94x86,"one distinct icon per final focus, family motif can recur without repeated composition","HOI4 focus art with route-specific central subject, aged texture, strong silhouette","generic continent silhouette on every icon, idea or decision icon resize, readable text",goal_012_africa_diaspora_travel_<focus_slug>.dds,GFX_goal_012_africa_diaspora_travel_<focus_slug>,gfx/interface/goals/012_africa/,assets/vanilla_reference/icons/national_focus,static,deferred_controlled_pool
focus_family_diaspora_citizenship,focus icon family,Focus icons,coordinated family for final focuses covering diaspora citizenship,"generated icon art, with sourced motifs when historically specific",94x86,"one distinct icon per final focus, family motif can recur without repeated composition","HOI4 focus art with route-specific central subject, aged texture, strong silhouette","generic continent silhouette on every icon, idea or decision icon resize, readable text",goal_012_africa_diaspora_citizenship_<focus_slug>.dds,GFX_goal_012_africa_diaspora_citizenship_<focus_slug>,gfx/interface/goals/012_africa/,assets/vanilla_reference/icons/national_focus,static,deferred_controlled_pool
focus_family_diaspora_skills,focus icon family,Focus icons,coordinated family for final focuses covering diaspora skills,"generated icon art, with sourced motifs when historically specific",94x86,"one distinct icon per final focus, family motif can recur without repeated composition","HOI4 focus art with route-specific central subject, aged texture, strong silhouette","generic continent silhouette on every icon, idea or decision icon resize, readable text",goal_012_africa_diaspora_skills_<focus_slug>.dds,GFX_goal_012_africa_diaspora_skills_<focus_slug>,gfx/interface/goals/012_africa/,assets/vanilla_reference/icons/national_focus,static,deferred_controlled_pool
focus_family_rival_bloc,focus icon family,Focus icons,coordinated family for final focuses covering rival bloc,"generated icon art, with sourced motifs when historically specific",94x86,"one distinct icon per final focus, family motif can recur without repeated composition","HOI4 focus art with route-specific central subject, aged texture, strong silhouette","generic continent silhouette on every icon, idea or decision icon resize, readable text",goal_012_africa_rival_bloc_<focus_slug>.dds,GFX_goal_012_africa_rival_bloc_<focus_slug>,gfx/interface/goals/012_africa/,assets/vanilla_reference/icons/national_focus,static,installed_runtime
focus_family_scramble_diplomacy,focus icon family,Focus icons,coordinated family for final focuses covering scramble diplomacy,"generated icon art, with sourced motifs when historically specific",94x86,"one distinct icon per final focus, family motif can recur without repeated composition","HOI4 focus art with route-specific central subject, aged texture, strong silhouette","generic continent silhouette on every icon, idea or decision icon resize, readable text",goal_012_africa_scramble_diplomacy_<focus_slug>.dds,GFX_goal_012_africa_scramble_diplomacy_<focus_slug>,gfx/interface/goals/012_africa/,assets/vanilla_reference/icons/national_focus,static,deferred_runtime_gated
focus_family_scramble_defence,focus icon family,Focus icons,coordinated family for final focuses covering scramble defence,"generated icon art, with sourced motifs when historically specific",94x86,"one distinct icon per final focus, family motif can recur without repeated composition","HOI4 focus art with route-specific central subject, aged texture, strong silhouette","generic continent silhouette on every icon, idea or decision icon resize, readable text",goal_012_africa_scramble_defence_<focus_slug>.dds,GFX_goal_012_africa_scramble_defence_<focus_slug>,gfx/interface/goals/012_africa/,assets/vanilla_reference/icons/national_focus,static,deferred_runtime_gated
focus_family_high_chaos_nature,focus icon family,Focus icons,coordinated family for final focuses covering high chaos nature,"generated icon art, with sourced motifs when historically specific",94x86,"one distinct icon per final focus, family motif can recur without repeated composition","HOI4 focus art with route-specific central subject, aged texture, strong silhouette","generic continent silhouette on every icon, idea or decision icon resize, readable text",goal_012_africa_high_chaos_nature_<focus_slug>.dds,GFX_goal_012_africa_high_chaos_nature_<focus_slug>,gfx/interface/goals/012_africa/,assets/vanilla_reference/icons/national_focus,static,deferred_runtime_gated
focus_family_high_chaos_nonhuman,focus icon family,Focus icons,coordinated family for final focuses covering high chaos nonhuman,"generated icon art, with sourced motifs when historically specific",94x86,"one distinct icon per final focus, family motif can recur without repeated composition","HOI4 focus art with route-specific central subject, aged texture, strong silhouette","generic continent silhouette on every icon, idea or decision icon resize, readable text",goal_012_africa_high_chaos_nonhuman_<focus_slug>.dds,GFX_goal_012_africa_high_chaos_nonhuman_<focus_slug>,gfx/interface/goals/012_africa/,assets/vanilla_reference/icons/national_focus,static,deferred_runtime_gated
focus_family_high_chaos_disease,focus icon family,Focus icons,coordinated family for final focuses covering high chaos disease,"generated icon art, with sourced motifs when historically specific",94x86,"one distinct icon per final focus, family motif can recur without repeated composition","HOI4 focus art with route-specific central subject, aged texture, strong silhouette","generic continent silhouette on every icon, idea or decision icon resize, readable text",goal_012_africa_high_chaos_disease_<focus_slug>.dds,GFX_goal_012_africa_high_chaos_disease_<focus_slug>,gfx/interface/goals/012_africa/,assets/vanilla_reference/icons/national_focus,static,deferred_runtime_gated
focus_family_ancient_host,focus icon family,Focus icons,coordinated family for final focuses covering ancient host,"generated icon art, with sourced motifs when historically specific",94x86,"one distinct icon per final focus, family motif can recur without repeated composition","HOI4 focus art with route-specific central subject, aged texture, strong silhouette","generic continent silhouette on every icon, idea or decision icon resize, readable text",goal_012_africa_ancient_host_<focus_slug>.dds,GFX_goal_012_africa_ancient_host_<focus_slug>,gfx/interface/goals/012_africa/,assets/vanilla_reference/icons/national_focus,static,deferred_runtime_gated
focus_family_continent_sponsorship,focus icon family,Focus icons,coordinated family for final focuses covering continent sponsorship,"generated icon art, with sourced motifs when historically specific",94x86,"one distinct icon per final focus, family motif can recur without repeated composition","HOI4 focus art with route-specific central subject, aged texture, strong silhouette","generic continent silhouette on every icon, idea or decision icon resize, readable text",goal_012_africa_continent_sponsorship_<focus_slug>.dds,GFX_goal_012_africa_continent_sponsorship_<focus_slug>,gfx/interface/goals/012_africa/,assets/vanilla_reference/icons/national_focus,static,deferred_runtime_gated
focus_family_continent_union,focus icon family,Focus icons,coordinated family for final focuses covering continent union,"generated icon art, with sourced motifs when historically specific",94x86,"one distinct icon per final focus, family motif can recur without repeated composition","HOI4 focus art with route-specific central subject, aged texture, strong silhouette","generic continent silhouette on every icon, idea or decision icon resize, readable text",goal_012_africa_continent_union_<focus_slug>.dds,GFX_goal_012_africa_continent_union_<focus_slug>,gfx/interface/goals/012_africa/,assets/vanilla_reference/icons/national_focus,static,deferred_runtime_gated
focus_family_terminal_continent_war,focus icon family,Focus icons,coordinated family for final focuses covering terminal continent war,"generated icon art, with sourced motifs when historically specific",94x86,"one distinct icon per final focus, family motif can recur without repeated composition","HOI4 focus art with route-specific central subject, aged texture, strong silhouette","generic continent silhouette on every icon, idea or decision icon resize, readable text",goal_012_africa_terminal_continent_war_<focus_slug>.dds,GFX_goal_012_africa_terminal_continent_war_<focus_slug>,gfx/interface/goals/012_africa/,assets/vanilla_reference/icons/national_focus,static,deferred_runtime_gated
focus_family_the_world,focus icon family,Focus icons,coordinated family for final focuses covering the world,"generated icon art, with sourced motifs when historically specific",94x86,"one distinct icon per final focus, family motif can recur without repeated composition","HOI4 focus art with route-specific central subject, aged texture, strong silhouette","generic continent silhouette on every icon, idea or decision icon resize, readable text",goal_012_africa_the_world_<focus_slug>.dds,GFX_goal_012_africa_the_world_<focus_slug>,gfx/interface/goals/012_africa/,assets/vanilla_reference/icons/national_focus,static,deferred_runtime_gated
identity_charter_federalism,flag and emblem package,Host identity,charter federalism visible country and League identity,"generated alternate-history art, with sourced regional motifs where relevant","82x52, 41x26, 10x7 flags, emblem at verified GUI size","base route flag, ideology-compatible variants when public identity differs, faction emblem variant",simple readable flag and emblem tied to route institution and selected host region,"office or bureau as country identity, text, copied recolour variants",012_africa_charter_federalism_flag_family.tga,GFX_012_africa_charter_federalism_emblem,gfx/flags/ and gfx/interface/012_africa/emblems/,assets/vanilla_reference/flags/normal and closest faction emblem references,static,installed_dormant
identity_continental_republic,flag and emblem package,Host identity,continental republic visible country and League identity,"generated alternate-history art, with sourced regional motifs where relevant","82x52, 41x26, 10x7 flags, emblem at verified GUI size","base route flag, ideology-compatible variants when public identity differs, faction emblem variant",simple readable flag and emblem tied to route institution and selected host region,"office or bureau as country identity, text, copied recolour variants",012_africa_continental_republic_flag_family.tga,GFX_012_africa_continental_republic_emblem,gfx/flags/ and gfx/interface/012_africa/emblems/,assets/vanilla_reference/flags/normal and closest faction emblem references,static,installed_dormant
identity_council_of_crowns,flag and emblem package,Host identity,council of crowns visible country and League identity,"generated alternate-history art, with sourced regional motifs where relevant","82x52, 41x26, 10x7 flags, emblem at verified GUI size","base route flag, ideology-compatible variants when public identity differs, faction emblem variant",simple readable flag and emblem tied to route institution and selected host region,"office or bureau as country identity, text, copied recolour variants",012_africa_council_of_crowns_flag_family.tga,GFX_012_africa_council_of_crowns_emblem,gfx/flags/ and gfx/interface/012_africa/emblems/,assets/vanilla_reference/flags/normal and closest faction emblem references,static,installed_dormant
identity_peoples_union,flag and emblem package,Host identity,peoples union visible country and League identity,"generated alternate-history art, with sourced regional motifs where relevant","82x52, 41x26, 10x7 flags, emblem at verified GUI size","base route flag, ideology-compatible variants when public identity differs, faction emblem variant",simple readable flag and emblem tied to route institution and selected host region,"office or bureau as country identity, text, copied recolour variants",012_africa_peoples_union_flag_family.tga,GFX_012_africa_peoples_union_emblem,gfx/flags/ and gfx/interface/012_africa/emblems/,assets/vanilla_reference/flags/normal and closest faction emblem references,static,installed_dormant
identity_military_continentalism,flag and emblem package,Host identity,military continentalism visible country and League identity,"generated alternate-history art, with sourced regional motifs where relevant","82x52, 41x26, 10x7 flags, emblem at verified GUI size","base route flag, ideology-compatible variants when public identity differs, faction emblem variant",simple readable flag and emblem tied to route institution and selected host region,"office or bureau as country identity, text, copied recolour variants",012_africa_military_continentalism_flag_family.tga,GFX_012_africa_military_continentalism_emblem,gfx/flags/ and gfx/interface/012_africa/emblems/,assets/vanilla_reference/flags/normal and closest faction emblem references,static,installed_dormant
identity_continental_confederation,flag and emblem package,Host identity,continental confederation visible country and League identity,"generated alternate-history art, with sourced regional motifs where relevant","82x52, 41x26, 10x7 flags, emblem at verified GUI size","base route flag, ideology-compatible variants when public identity differs, faction emblem variant",simple readable flag and emblem tied to route institution and selected host region,"office or bureau as country identity, text, copied recolour variants",012_africa_continental_confederation_flag_family.tga,GFX_012_africa_continental_confederation_emblem,gfx/flags/ and gfx/interface/012_africa/emblems/,assets/vanilla_reference/flags/normal and closest faction emblem references,static,installed_dormant
identity_high_chaos_covenant,flag and emblem package,Host identity,high chaos covenant visible country and League identity,"generated alternate-history art, with sourced regional motifs where relevant","82x52, 41x26, 10x7 flags, emblem at verified GUI size","base route flag, ideology-compatible variants when public identity differs, faction emblem variant",simple readable flag and emblem tied to route institution and selected host region,"office or bureau as country identity, text, copied recolour variants",012_africa_high_chaos_covenant_flag_family.tga,GFX_012_africa_high_chaos_covenant_emblem,gfx/flags/ and gfx/interface/012_africa/emblems/,assets/vanilla_reference/flags/normal and closest faction emblem references,static,installed_dormant
continental_leader_frame,portrait frame,Portrait frames,continental leader frame,generated UI art,156x210-compatible overlay or verified portrait frame size,normal and selected variants where supported,frame communicates status without hiding portrait identity,"heavy ornament that obscures face, text labels",continental_leader_frame.dds,GFX_012_africa_continental_leader_frame,gfx/interface/012_africa/portraits/,closest leader portrait and GUI references,static,deferred_controlled_pool
restored_polity_frame,portrait frame,Portrait frames,restored polity frame,generated UI art,156x210-compatible overlay or verified portrait frame size,normal and selected variants where supported,frame communicates status without hiding portrait identity,"heavy ornament that obscures face, text labels",restored_polity_frame.dds,GFX_012_africa_restored_polity_frame,gfx/interface/012_africa/portraits/,closest leader portrait and GUI references,static,deferred_controlled_pool
rival_bloc_leader_frame,portrait frame,Portrait frames,rival bloc leader frame,generated UI art,156x210-compatible overlay or verified portrait frame size,normal and selected variants where supported,frame communicates status without hiding portrait identity,"heavy ornament that obscures face, text labels",rival_bloc_leader_frame.dds,GFX_012_africa_rival_bloc_leader_frame,gfx/interface/012_africa/portraits/,closest leader portrait and GUI references,static,deferred_controlled_pool
high_chaos_leader_frame,portrait frame,Portrait frames,high chaos leader frame,generated UI art,156x210-compatible overlay or verified portrait frame size,normal and selected variants where supported,frame communicates status without hiding portrait identity,"heavy ornament that obscures face, text labels",high_chaos_leader_frame.dds,GFX_012_africa_high_chaos_leader_frame,gfx/interface/012_africa/portraits/,closest leader portrait and GUI references,static,deferred_controlled_pool
terminal_world_frame,portrait frame,Portrait frames,terminal world frame,generated UI art,156x210-compatible overlay or verified portrait frame size,normal and selected variants where supported,frame communicates status without hiding portrait identity,"heavy ornament that obscures face, text labels",terminal_world_frame.dds,GFX_012_africa_terminal_world_frame,gfx/interface/012_africa/portraits/,closest leader portrait and GUI references,static,deferred_controlled_pool
country_package_garamantes,Tier A country visual package,Restored polities,full visual identity for Garamantes,"mixed package, source historical flags, symbols, architecture, and real leaders, generate fictional route variants and fictional leaders","flags 82x52, 41x26, 10x7, portraits 156x210, emblems and route icons as required","base flag, ideology or route flags when justified, leader or council portraits, advisor and commander portraits, emblem, cosmetic identity variants","complete Tier A package for Garamantes, grounded in oasis state and trans-Saharan routes, gameplay hooks include oases, desert transport, irrigation, raiding","invented historical claims presented as fact, generic pan-African recolour, opposite-gender name and portrait pairing, administrative map name",012_africa_garamantes_asset_family,GFX_012_africa_garamantes_<asset>,"gfx/flags/, gfx/leaders/012_africa/, and event-scoped interface folders","assets/vanilla_reference/flags/normal, closest portrait references, named historical sources","static by default, rare animated portrait only if part 6 approves",deferred_controlled_pool
country_package_kanem_bornu,Tier A country visual package,Restored polities,full visual identity for Kanem-Bornu,"mixed package, source historical flags, symbols, architecture, and real leaders, generate fictional route variants and fictional leaders","flags 82x52, 41x26, 10x7, portraits 156x210, emblems and route icons as required","base flag, ideology or route flags when justified, leader or council portraits, advisor and commander portraits, emblem, cosmetic identity variants","complete Tier A package for Kanem-Bornu, grounded in long-lived Lake Chad empire, gameplay hooks include cavalry, lake trade, Islamic scholarship","invented historical claims presented as fact, generic pan-African recolour, opposite-gender name and portrait pairing, administrative map name",012_africa_kanem_bornu_asset_family,GFX_012_africa_kanem_bornu_<asset>,"gfx/flags/, gfx/leaders/012_africa/, and event-scoped interface folders","assets/vanilla_reference/flags/normal, closest portrait references, named historical sources","static by default, rare animated portrait only if part 6 approves",installed_dormant
country_package_manden,Tier A country visual package,Restored polities,full visual identity for Manden,"mixed package, source historical flags, symbols, architecture, and real leaders, generate fictional route variants and fictional leaders","flags 82x52, 41x26, 10x7, portraits 156x210, emblems and route icons as required","base flag, ideology or route flags when justified, leader or council portraits, advisor and commander portraits, emblem, cosmetic identity variants","complete Tier A package for Manden, grounded in Mali and Manding political legacy, gameplay hooks include federation, gold, river routes, cavalry","invented historical claims presented as fact, generic pan-African recolour, opposite-gender name and portrait pairing, administrative map name",012_africa_manden_asset_family,GFX_012_africa_manden_<asset>,"gfx/flags/, gfx/leaders/012_africa/, and event-scoped interface folders","assets/vanilla_reference/flags/normal, closest portrait references, named historical sources","static by default, rare animated portrait only if part 6 approves",installed_dormant
country_package_songhai,Tier A country visual package,Restored polities,full visual identity for Songhai,"mixed package, source historical flags, symbols, architecture, and real leaders, generate fictional route variants and fictional leaders","flags 82x52, 41x26, 10x7, portraits 156x210, emblems and route icons as required","base flag, ideology or route flags when justified, leader or council portraits, advisor and commander portraits, emblem, cosmetic identity variants","complete Tier A package for Songhai, grounded in Niger bend imperial identity, gameplay hooks include river navy, cavalry, scholarship, trade","invented historical claims presented as fact, generic pan-African recolour, opposite-gender name and portrait pairing, administrative map name",012_africa_songhai_asset_family,GFX_012_africa_songhai_<asset>,"gfx/flags/, gfx/leaders/012_africa/, and event-scoped interface folders","assets/vanilla_reference/flags/normal, closest portrait references, named historical sources","static by default, rare animated portrait only if part 6 approves",deferred_controlled_pool
country_package_mossi,Tier A country visual package,Restored polities,full visual identity for Mossi,"mixed package, source historical flags, symbols, architecture, and real leaders, generate fictional route variants and fictional leaders","flags 82x52, 41x26, 10x7, portraits 156x210, emblems and route icons as required","base flag, ideology or route flags when justified, leader or council portraits, advisor and commander portraits, emblem, cosmetic identity variants","complete Tier A package for Mossi, grounded in Mossi kingdoms and cavalry states, gameplay hooks include cavalry, royal federation, Sahel defence","invented historical claims presented as fact, generic pan-African recolour, opposite-gender name and portrait pairing, administrative map name",012_africa_mossi_asset_family,GFX_012_africa_mossi_<asset>,"gfx/flags/, gfx/leaders/012_africa/, and event-scoped interface folders","assets/vanilla_reference/flags/normal, closest portrait references, named historical sources","static by default, rare animated portrait only if part 6 approves",deferred_controlled_pool
country_package_asante,Tier A country visual package,Restored polities,full visual identity for Asante,"mixed package, source historical flags, symbols, architecture, and real leaders, generate fictional route variants and fictional leaders","flags 82x52, 41x26, 10x7, portraits 156x210, emblems and route icons as required","base flag, ideology or route flags when justified, leader or council portraits, advisor and commander portraits, emblem, cosmetic identity variants","complete Tier A package for Asante, grounded in Asante state and confederal tradition, gameplay hooks include gold, royal council, military, proverbs","invented historical claims presented as fact, generic pan-African recolour, opposite-gender name and portrait pairing, administrative map name",012_africa_asante_asset_family,GFX_012_africa_asante_<asset>,"gfx/flags/, gfx/leaders/012_africa/, and event-scoped interface folders","assets/vanilla_reference/flags/normal, closest portrait references, named historical sources","static by default, rare animated portrait only if part 6 approves",installed_dormant
country_package_futa_toro,Tier A country visual package,Restored polities,full visual identity for Futa Toro,"mixed package, source historical flags, symbols, architecture, and real leaders, generate fictional route variants and fictional leaders","flags 82x52, 41x26, 10x7, portraits 156x210, emblems and route icons as required","base flag, ideology or route flags when justified, leader or council portraits, advisor and commander portraits, emblem, cosmetic identity variants","complete Tier A package for Futa Toro, grounded in Senegal River imamate, gameplay hooks include religious reform, river defence, scholarship","invented historical claims presented as fact, generic pan-African recolour, opposite-gender name and portrait pairing, administrative map name",012_africa_futa_toro_asset_family,GFX_012_africa_futa_toro_<asset>,"gfx/flags/, gfx/leaders/012_africa/, and event-scoped interface folders","assets/vanilla_reference/flags/normal, closest portrait references, named historical sources","static by default, rare animated portrait only if part 6 approves",deferred_controlled_pool
country_package_futa_jallon,Tier A country visual package,Restored polities,full visual identity for Futa Jallon,"mixed package, source historical flags, symbols, architecture, and real leaders, generate fictional route variants and fictional leaders","flags 82x52, 41x26, 10x7, portraits 156x210, emblems and route icons as required","base flag, ideology or route flags when justified, leader or council portraits, advisor and commander portraits, emblem, cosmetic identity variants","complete Tier A package for Futa Jallon, grounded in Fouta Djallon imamate, gameplay hooks include highland defence, scholarship, confederation","invented historical claims presented as fact, generic pan-African recolour, opposite-gender name and portrait pairing, administrative map name",012_africa_futa_jallon_asset_family,GFX_012_africa_futa_jallon_<asset>,"gfx/flags/, gfx/leaders/012_africa/, and event-scoped interface folders","assets/vanilla_reference/flags/normal, closest portrait references, named historical sources","static by default, rare animated portrait only if part 6 approves",deferred_controlled_pool
country_package_oyo,Tier A country visual package,Restored polities,full visual identity for Oyo,"mixed package, source historical flags, symbols, architecture, and real leaders, generate fictional route variants and fictional leaders","flags 82x52, 41x26, 10x7, portraits 156x210, emblems and route icons as required","base flag, ideology or route flags when justified, leader or council portraits, advisor and commander portraits, emblem, cosmetic identity variants","complete Tier A package for Oyo, grounded in Oyo imperial and cavalry identity, gameplay hooks include cavalry, tributary politics, trade","invented historical claims presented as fact, generic pan-African recolour, opposite-gender name and portrait pairing, administrative map name",012_africa_oyo_asset_family,GFX_012_africa_oyo_<asset>,"gfx/flags/, gfx/leaders/012_africa/, and event-scoped interface folders","assets/vanilla_reference/flags/normal, closest portrait references, named historical sources","static by default, rare animated portrait only if part 6 approves",installed_dormant
country_package_ife,Tier A country visual package,Restored polities,full visual identity for Ife,"mixed package, source historical flags, symbols, architecture, and real leaders, generate fictional route variants and fictional leaders","flags 82x52, 41x26, 10x7, portraits 156x210, emblems and route icons as required","base flag, ideology or route flags when justified, leader or council portraits, advisor and commander portraits, emblem, cosmetic identity variants","complete Tier A package for Ife, grounded in Yoruba sacred and dynastic centre, gameplay hooks include sacred legitimacy, art, arbitration","invented historical claims presented as fact, generic pan-African recolour, opposite-gender name and portrait pairing, administrative map name",012_africa_ife_asset_family,GFX_012_africa_ife_<asset>,"gfx/flags/, gfx/leaders/012_africa/, and event-scoped interface folders","assets/vanilla_reference/flags/normal, closest portrait references, named historical sources","static by default, rare animated portrait only if part 6 approves",deferred_controlled_pool
country_package_edoland,Tier A country visual package,Restored polities,full visual identity for Edo,"mixed package, source historical flags, symbols, architecture, and real leaders, generate fictional route variants and fictional leaders","flags 82x52, 41x26, 10x7, portraits 156x210, emblems and route icons as required","base flag, ideology or route flags when justified, leader or council portraits, advisor and commander portraits, emblem, cosmetic identity variants","complete Tier A package for Edo, grounded in Benin Kingdom and Edo identity, gameplay hooks include court, bronze guilds, walls, diplomacy","invented historical claims presented as fact, generic pan-African recolour, opposite-gender name and portrait pairing, administrative map name",012_africa_edoland_asset_family,GFX_012_africa_edoland_<asset>,"gfx/flags/, gfx/leaders/012_africa/, and event-scoped interface folders","assets/vanilla_reference/flags/normal, closest portrait references, named historical sources","static by default, rare animated portrait only if part 6 approves",deferred_controlled_pool
country_package_dahomey,Tier A country visual package,Restored polities,full visual identity for Dahomey,"mixed package, source historical flags, symbols, architecture, and real leaders, generate fictional route variants and fictional leaders","flags 82x52, 41x26, 10x7, portraits 156x210, emblems and route icons as required","base flag, ideology or route flags when justified, leader or council portraits, advisor and commander portraits, emblem, cosmetic identity variants","complete Tier A package for Dahomey, grounded in Dahomey and Abomey court identity, gameplay hooks include court, army, memory politics, ports","invented historical claims presented as fact, generic pan-African recolour, opposite-gender name and portrait pairing, administrative map name",012_africa_dahomey_asset_family,GFX_012_africa_dahomey_<asset>,"gfx/flags/, gfx/leaders/012_africa/, and event-scoped interface folders","assets/vanilla_reference/flags/normal, closest portrait references, named historical sources","static by default, rare animated portrait only if part 6 approves",deferred_controlled_pool
country_package_sokoto,Tier A country visual package,Restored polities,full visual identity for Sokoto,"mixed package, source historical flags, symbols, architecture, and real leaders, generate fictional route variants and fictional leaders","flags 82x52, 41x26, 10x7, portraits 156x210, emblems and route icons as required","base flag, ideology or route flags when justified, leader or council portraits, advisor and commander portraits, emblem, cosmetic identity variants","complete Tier A package for Sokoto, grounded in Sokoto Caliphate political legacy, gameplay hooks include emirates, scholarship, cavalry, law","invented historical claims presented as fact, generic pan-African recolour, opposite-gender name and portrait pairing, administrative map name",012_africa_sokoto_asset_family,GFX_012_africa_sokoto_<asset>,"gfx/flags/, gfx/leaders/012_africa/, and event-scoped interface folders","assets/vanilla_reference/flags/normal, closest portrait references, named historical sources","static by default, rare animated portrait only if part 6 approves",installed_dormant
country_package_bamum,Tier A country visual package,Restored polities,full visual identity for Bamum,"mixed package, source historical flags, symbols, architecture, and real leaders, generate fictional route variants and fictional leaders","flags 82x52, 41x26, 10x7, portraits 156x210, emblems and route icons as required","base flag, ideology or route flags when justified, leader or council portraits, advisor and commander portraits, emblem, cosmetic identity variants","complete Tier A package for Bamum, grounded in Bamum monarchy and cultural state, gameplay hooks include court, script, crafts, highland defence","invented historical claims presented as fact, generic pan-African recolour, opposite-gender name and portrait pairing, administrative map name",012_africa_bamum_asset_family,GFX_012_africa_bamum_<asset>,"gfx/flags/, gfx/leaders/012_africa/, and event-scoped interface folders","assets/vanilla_reference/flags/normal, closest portrait references, named historical sources","static by default, rare animated portrait only if part 6 approves",deferred_controlled_pool
country_package_kongo,Tier A country visual package,Restored polities,full visual identity for Kongo,"mixed package, source historical flags, symbols, architecture, and real leaders, generate fictional route variants and fictional leaders","flags 82x52, 41x26, 10x7, portraits 156x210, emblems and route icons as required","base flag, ideology or route flags when justified, leader or council portraits, advisor and commander portraits, emblem, cosmetic identity variants","complete Tier A package for Kongo, grounded in Kongo centralised state and provinces, gameplay hooks include diplomacy, Christianity, trade, provincial federation","invented historical claims presented as fact, generic pan-African recolour, opposite-gender name and portrait pairing, administrative map name",012_africa_kongo_asset_family,GFX_012_africa_kongo_<asset>,"gfx/flags/, gfx/leaders/012_africa/, and event-scoped interface folders","assets/vanilla_reference/flags/normal, closest portrait references, named historical sources","static by default, rare animated portrait only if part 6 approves",installed_dormant
country_package_ndongo,Tier A country visual package,Restored polities,full visual identity for Ndongo,"mixed package, source historical flags, symbols, architecture, and real leaders, generate fictional route variants and fictional leaders","flags 82x52, 41x26, 10x7, portraits 156x210, emblems and route icons as required","base flag, ideology or route flags when justified, leader or council portraits, advisor and commander portraits, emblem, cosmetic identity variants","complete Tier A package for Ndongo, grounded in Mbundu kingdom, gameplay hooks include river warfare, diplomacy, anti-colonial resistance","invented historical claims presented as fact, generic pan-African recolour, opposite-gender name and portrait pairing, administrative map name",012_africa_ndongo_asset_family,GFX_012_africa_ndongo_<asset>,"gfx/flags/, gfx/leaders/012_africa/, and event-scoped interface folders","assets/vanilla_reference/flags/normal, closest portrait references, named historical sources","static by default, rare animated portrait only if part 6 approves",deferred_controlled_pool
country_package_matamba,Tier A country visual package,Restored polities,full visual identity for Matamba,"mixed package, source historical flags, symbols, architecture, and real leaders, generate fictional route variants and fictional leaders","flags 82x52, 41x26, 10x7, portraits 156x210, emblems and route icons as required","base flag, ideology or route flags when justified, leader or council portraits, advisor and commander portraits, emblem, cosmetic identity variants","complete Tier A package for Matamba, grounded in Mbundu kingdom and resistance centre, gameplay hooks include queenly court, mobile defence, diplomacy","invented historical claims presented as fact, generic pan-African recolour, opposite-gender name and portrait pairing, administrative map name",012_africa_matamba_asset_family,GFX_012_africa_matamba_<asset>,"gfx/flags/, gfx/leaders/012_africa/, and event-scoped interface folders","assets/vanilla_reference/flags/normal, closest portrait references, named historical sources","static by default, rare animated portrait only if part 6 approves",deferred_controlled_pool
country_package_luba,Tier A country visual package,Restored polities,full visual identity for Luba,"mixed package, source historical flags, symbols, architecture, and real leaders, generate fictional route variants and fictional leaders","flags 82x52, 41x26, 10x7, portraits 156x210, emblems and route icons as required","base flag, ideology or route flags when justified, leader or council portraits, advisor and commander portraits, emblem, cosmetic identity variants","complete Tier A package for Luba, grounded in Central African sacred kingship and councils, gameplay hooks include council integration, memory societies, iron","invented historical claims presented as fact, generic pan-African recolour, opposite-gender name and portrait pairing, administrative map name",012_africa_luba_asset_family,GFX_012_africa_luba_<asset>,"gfx/flags/, gfx/leaders/012_africa/, and event-scoped interface folders","assets/vanilla_reference/flags/normal, closest portrait references, named historical sources","static by default, rare animated portrait only if part 6 approves",installed_dormant
country_package_lunda,Tier A country visual package,Restored polities,full visual identity for Lunda,"mixed package, source historical flags, symbols, architecture, and real leaders, generate fictional route variants and fictional leaders","flags 82x52, 41x26, 10x7, portraits 156x210, emblems and route icons as required","base flag, ideology or route flags when justified, leader or council portraits, advisor and commander portraits, emblem, cosmetic identity variants","complete Tier A package for Lunda, grounded in Central African federation and client rulers, gameplay hooks include federal incorporation, tribute, trade","invented historical claims presented as fact, generic pan-African recolour, opposite-gender name and portrait pairing, administrative map name",012_africa_lunda_asset_family,GFX_012_africa_lunda_<asset>,"gfx/flags/, gfx/leaders/012_africa/, and event-scoped interface folders","assets/vanilla_reference/flags/normal, closest portrait references, named historical sources","static by default, rare animated portrait only if part 6 approves",installed_dormant
country_package_kazembe,Tier A country visual package,Restored polities,full visual identity for Kazembe,"mixed package, source historical flags, symbols, architecture, and real leaders, generate fictional route variants and fictional leaders","flags 82x52, 41x26, 10x7, portraits 156x210, emblems and route icons as required","base flag, ideology or route flags when justified, leader or council portraits, advisor and commander portraits, emblem, cosmetic identity variants","complete Tier A package for Kazembe, grounded in Lunda-linked state in Luapula region, gameplay hooks include river trade, copper, federal diplomacy","invented historical claims presented as fact, generic pan-African recolour, opposite-gender name and portrait pairing, administrative map name",012_africa_kazembe_asset_family,GFX_012_africa_kazembe_<asset>,"gfx/flags/, gfx/leaders/012_africa/, and event-scoped interface folders","assets/vanilla_reference/flags/normal, closest portrait references, named historical sources","static by default, rare animated portrait only if part 6 approves",deferred_controlled_pool
country_package_kuba,Tier A country visual package,Restored polities,full visual identity for Kuba,"mixed package, source historical flags, symbols, architecture, and real leaders, generate fictional route variants and fictional leaders","flags 82x52, 41x26, 10x7, portraits 156x210, emblems and route icons as required","base flag, ideology or route flags when justified, leader or council portraits, advisor and commander portraits, emblem, cosmetic identity variants","complete Tier A package for Kuba, grounded in Kuba royal state and court traditions, gameplay hooks include court art, royal symbols, internal federation","invented historical claims presented as fact, generic pan-African recolour, opposite-gender name and portrait pairing, administrative map name",012_africa_kuba_asset_family,GFX_012_africa_kuba_<asset>,"gfx/flags/, gfx/leaders/012_africa/, and event-scoped interface folders","assets/vanilla_reference/flags/normal, closest portrait references, named historical sources","static by default, rare animated portrait only if part 6 approves",deferred_controlled_pool
country_package_kush,Tier A country visual package,Restored polities,full visual identity for Kush,"mixed package, source historical flags, symbols, architecture, and real leaders, generate fictional route variants and fictional leaders","flags 82x52, 41x26, 10x7, portraits 156x210, emblems and route icons as required","base flag, ideology or route flags when justified, leader or council portraits, advisor and commander portraits, emblem, cosmetic identity variants","complete Tier A package for Kush, grounded in Nile kingdom centred on Napata and Meroe, gameplay hooks include river trade, royal sites, desert logistics","invented historical claims presented as fact, generic pan-African recolour, opposite-gender name and portrait pairing, administrative map name",012_africa_kush_asset_family,GFX_012_africa_kush_<asset>,"gfx/flags/, gfx/leaders/012_africa/, and event-scoped interface folders","assets/vanilla_reference/flags/normal, closest portrait references, named historical sources","static by default, rare animated portrait only if part 6 approves",deferred_controlled_pool
country_package_makuria,Tier A country visual package,Restored polities,full visual identity for Makuria,"mixed package, source historical flags, symbols, architecture, and real leaders, generate fictional route variants and fictional leaders","flags 82x52, 41x26, 10x7, portraits 156x210, emblems and route icons as required","base flag, ideology or route flags when justified, leader or council portraits, advisor and commander portraits, emblem, cosmetic identity variants","complete Tier A package for Makuria, grounded in medieval Nubian kingdom, gameplay hooks include Nile defence, Christian diplomacy, forts","invented historical claims presented as fact, generic pan-African recolour, opposite-gender name and portrait pairing, administrative map name",012_africa_makuria_asset_family,GFX_012_africa_makuria_<asset>,"gfx/flags/, gfx/leaders/012_africa/, and event-scoped interface folders","assets/vanilla_reference/flags/normal, closest portrait references, named historical sources","static by default, rare animated portrait only if part 6 approves",deferred_controlled_pool
country_package_alodia,Tier A country visual package,Restored polities,full visual identity for Alodia,"mixed package, source historical flags, symbols, architecture, and real leaders, generate fictional route variants and fictional leaders","flags 82x52, 41x26, 10x7, portraits 156x210, emblems and route icons as required","base flag, ideology or route flags when justified, leader or council portraits, advisor and commander portraits, emblem, cosmetic identity variants","complete Tier A package for Alodia, grounded in medieval southern Nubian kingdom, gameplay hooks include river agriculture, Christian court, trade","invented historical claims presented as fact, generic pan-African recolour, opposite-gender name and portrait pairing, administrative map name",012_africa_alodia_asset_family,GFX_012_africa_alodia_<asset>,"gfx/flags/, gfx/leaders/012_africa/, and event-scoped interface folders","assets/vanilla_reference/flags/normal, closest portrait references, named historical sources","static by default, rare animated portrait only if part 6 approves",deferred_controlled_pool
country_package_nubia,Tier A country visual package,Restored polities,full visual identity for Nubia,"mixed package, source historical flags, symbols, architecture, and real leaders, generate fictional route variants and fictional leaders","flags 82x52, 41x26, 10x7, portraits 156x210, emblems and route icons as required","base flag, ideology or route flags when justified, leader or council portraits, advisor and commander portraits, emblem, cosmetic identity variants","complete Tier A package for Nubia, grounded in federated Nile restoration identity, gameplay hooks include federation, river integration, royal and republican routes","invented historical claims presented as fact, generic pan-African recolour, opposite-gender name and portrait pairing, administrative map name",012_africa_nubia_asset_family,GFX_012_africa_nubia_<asset>,"gfx/flags/, gfx/leaders/012_africa/, and event-scoped interface folders","assets/vanilla_reference/flags/normal, closest portrait references, named historical sources","static by default, rare animated portrait only if part 6 approves",installed_dormant
country_package_aksum,Tier A country visual package,Restored polities,full visual identity for Aksum,"mixed package, source historical flags, symbols, architecture, and real leaders, generate fictional route variants and fictional leaders","flags 82x52, 41x26, 10x7, portraits 156x210, emblems and route icons as required","base flag, ideology or route flags when justified, leader or council portraits, advisor and commander portraits, emblem, cosmetic identity variants","complete Tier A package for Aksum, grounded in Red Sea and Ethiopian highland imperial identity, gameplay hooks include Red Sea trade, monuments, royal legitimacy","invented historical claims presented as fact, generic pan-African recolour, opposite-gender name and portrait pairing, administrative map name",012_africa_aksum_asset_family,GFX_012_africa_aksum_<asset>,"gfx/flags/, gfx/leaders/012_africa/, and event-scoped interface folders","assets/vanilla_reference/flags/normal, closest portrait references, named historical sources","static by default, rare animated portrait only if part 6 approves",installed_dormant
country_package_harar,Tier A country visual package,Restored polities,full visual identity for Harar,"mixed package, source historical flags, symbols, architecture, and real leaders, generate fictional route variants and fictional leaders","flags 82x52, 41x26, 10x7, portraits 156x210, emblems and route icons as required","base flag, ideology or route flags when justified, leader or council portraits, advisor and commander portraits, emblem, cosmetic identity variants","complete Tier A package for Harar, grounded in walled Islamic city and regional state, gameplay hooks include urban defence, trade, scholarship","invented historical claims presented as fact, generic pan-African recolour, opposite-gender name and portrait pairing, administrative map name",012_africa_harar_asset_family,GFX_012_africa_harar_<asset>,"gfx/flags/, gfx/leaders/012_africa/, and event-scoped interface folders","assets/vanilla_reference/flags/normal, closest portrait references, named historical sources","static by default, rare animated portrait only if part 6 approves",installed_dormant
country_package_adal,Tier A country visual package,Restored polities,full visual identity for Adal,"mixed package, source historical flags, symbols, architecture, and real leaders, generate fictional route variants and fictional leaders","flags 82x52, 41x26, 10x7, portraits 156x210, emblems and route icons as required","base flag, ideology or route flags when justified, leader or council portraits, advisor and commander portraits, emblem, cosmetic identity variants","complete Tier A package for Adal, grounded in Horn of Africa sultanate, gameplay hooks include cavalry, Red Sea routes, religious mobilisation","invented historical claims presented as fact, generic pan-African recolour, opposite-gender name and portrait pairing, administrative map name",012_africa_adal_asset_family,GFX_012_africa_adal_<asset>,"gfx/flags/, gfx/leaders/012_africa/, and event-scoped interface folders","assets/vanilla_reference/flags/normal, closest portrait references, named historical sources","static by default, rare animated portrait only if part 6 approves",deferred_controlled_pool
country_package_ajuran,Tier A country visual package,Restored polities,full visual identity for Ajuran,"mixed package, source historical flags, symbols, architecture, and real leaders, generate fictional route variants and fictional leaders","flags 82x52, 41x26, 10x7, portraits 156x210, emblems and route icons as required","base flag, ideology or route flags when justified, leader or council portraits, advisor and commander portraits, emblem, cosmetic identity variants","complete Tier A package for Ajuran, grounded in Somali sultanate and trade network, gameplay hooks include wells, river control, Indian Ocean trade","invented historical claims presented as fact, generic pan-African recolour, opposite-gender name and portrait pairing, administrative map name",012_africa_ajuran_asset_family,GFX_012_africa_ajuran_<asset>,"gfx/flags/, gfx/leaders/012_africa/, and event-scoped interface folders","assets/vanilla_reference/flags/normal, closest portrait references, named historical sources","static by default, rare animated portrait only if part 6 approves",deferred_controlled_pool
country_package_buganda,Tier A country visual package,Restored polities,full visual identity for Buganda,"mixed package, source historical flags, symbols, architecture, and real leaders, generate fictional route variants and fictional leaders","flags 82x52, 41x26, 10x7, portraits 156x210, emblems and route icons as required","base flag, ideology or route flags when justified, leader or council portraits, advisor and commander portraits, emblem, cosmetic identity variants","complete Tier A package for Buganda, grounded in living Great Lakes kingdom and court, gameplay hooks include lake transport, monarchy, sacred centres","invented historical claims presented as fact, generic pan-African recolour, opposite-gender name and portrait pairing, administrative map name",012_africa_buganda_asset_family,GFX_012_africa_buganda_<asset>,"gfx/flags/, gfx/leaders/012_africa/, and event-scoped interface folders","assets/vanilla_reference/flags/normal, closest portrait references, named historical sources","static by default, rare animated portrait only if part 6 approves",installed_dormant
country_package_bunyoro,Tier A country visual package,Restored polities,full visual identity for Bunyoro,"mixed package, source historical flags, symbols, architecture, and real leaders, generate fictional route variants and fictional leaders","flags 82x52, 41x26, 10x7, portraits 156x210, emblems and route icons as required","base flag, ideology or route flags when justified, leader or council portraits, advisor and commander portraits, emblem, cosmetic identity variants","complete Tier A package for Bunyoro, grounded in Bunyoro-Kitara political identity, gameplay hooks include lake and river routes, monarchy, frontier","invented historical claims presented as fact, generic pan-African recolour, opposite-gender name and portrait pairing, administrative map name",012_africa_bunyoro_asset_family,GFX_012_africa_bunyoro_<asset>,"gfx/flags/, gfx/leaders/012_africa/, and event-scoped interface folders","assets/vanilla_reference/flags/normal, closest portrait references, named historical sources","static by default, rare animated portrait only if part 6 approves",deferred_controlled_pool
country_package_rwanda,Tier A country visual package,Restored polities,full visual identity for Rwanda,"mixed package, source historical flags, symbols, architecture, and real leaders, generate fictional route variants and fictional leaders","flags 82x52, 41x26, 10x7, portraits 156x210, emblems and route icons as required","base flag, ideology or route flags when justified, leader or council portraits, advisor and commander portraits, emblem, cosmetic identity variants","complete Tier A package for Rwanda, grounded in centralised Great Lakes monarchy, gameplay hooks include court, cattle, hills, administrative integration","invented historical claims presented as fact, generic pan-African recolour, opposite-gender name and portrait pairing, administrative map name",012_africa_rwanda_asset_family,GFX_012_africa_rwanda_<asset>,"gfx/flags/, gfx/leaders/012_africa/, and event-scoped interface folders","assets/vanilla_reference/flags/normal, closest portrait references, named historical sources","static by default, rare animated portrait only if part 6 approves",deferred_controlled_pool
country_package_burundi,Tier A country visual package,Restored polities,full visual identity for Burundi,"mixed package, source historical flags, symbols, architecture, and real leaders, generate fictional route variants and fictional leaders","flags 82x52, 41x26, 10x7, portraits 156x210, emblems and route icons as required","base flag, ideology or route flags when justified, leader or council portraits, advisor and commander portraits, emblem, cosmetic identity variants","complete Tier A package for Burundi, grounded in Great Lakes monarchy, gameplay hooks include court, hills, agriculture, regional rivalry","invented historical claims presented as fact, generic pan-African recolour, opposite-gender name and portrait pairing, administrative map name",012_africa_burundi_asset_family,GFX_012_africa_burundi_<asset>,"gfx/flags/, gfx/leaders/012_africa/, and event-scoped interface folders","assets/vanilla_reference/flags/normal, closest portrait references, named historical sources","static by default, rare animated portrait only if part 6 approves",deferred_controlled_pool
country_package_kilwa,Tier A country visual package,Restored polities,full visual identity for Kilwa,"mixed package, source historical flags, symbols, architecture, and real leaders, generate fictional route variants and fictional leaders","flags 82x52, 41x26, 10x7, portraits 156x210, emblems and route icons as required","base flag, ideology or route flags when justified, leader or council portraits, advisor and commander portraits, emblem, cosmetic identity variants","complete Tier A package for Kilwa, grounded in major Swahili port and trade power, gameplay hooks include Indian Ocean trade, coinage, ports, gold route","invented historical claims presented as fact, generic pan-African recolour, opposite-gender name and portrait pairing, administrative map name",012_africa_kilwa_asset_family,GFX_012_africa_kilwa_<asset>,"gfx/flags/, gfx/leaders/012_africa/, and event-scoped interface folders","assets/vanilla_reference/flags/normal, closest portrait references, named historical sources","static by default, rare animated portrait only if part 6 approves",installed_dormant
country_package_zanzibar,Tier A country visual package,Restored polities,full visual identity for Zanzibar,"mixed package, source historical flags, symbols, architecture, and real leaders, generate fictional route variants and fictional leaders","flags 82x52, 41x26, 10x7, portraits 156x210, emblems and route icons as required","base flag, ideology or route flags when justified, leader or council portraits, advisor and commander portraits, emblem, cosmetic identity variants","complete Tier A package for Zanzibar, grounded in island sultanate and trade centre, gameplay hooks include ports, cloves, navy, island politics","invented historical claims presented as fact, generic pan-African recolour, opposite-gender name and portrait pairing, administrative map name",012_africa_zanzibar_asset_family,GFX_012_africa_zanzibar_<asset>,"gfx/flags/, gfx/leaders/012_africa/, and event-scoped interface folders","assets/vanilla_reference/flags/normal, closest portrait references, named historical sources","static by default, rare animated portrait only if part 6 approves",deferred_controlled_pool
country_package_comoros,Tier A country visual package,Restored polities,full visual identity for Comoros,"mixed package, source historical flags, symbols, architecture, and real leaders, generate fictional route variants and fictional leaders","flags 82x52, 41x26, 10x7, portraits 156x210, emblems and route icons as required","base flag, ideology or route flags when justified, leader or council portraits, advisor and commander portraits, emblem, cosmetic identity variants","complete Tier A package for Comoros, grounded in Comorian sultanates and island identity, gameplay hooks include island federation, ports, Indian Ocean diplomacy","invented historical claims presented as fact, generic pan-African recolour, opposite-gender name and portrait pairing, administrative map name",012_africa_comoros_asset_family,GFX_012_africa_comoros_<asset>,"gfx/flags/, gfx/leaders/012_africa/, and event-scoped interface folders","assets/vanilla_reference/flags/normal, closest portrait references, named historical sources","static by default, rare animated portrait only if part 6 approves",deferred_controlled_pool
country_package_great_zimbabwe,Tier A country visual package,Restored polities,full visual identity for Great Zimbabwe,"mixed package, source historical flags, symbols, architecture, and real leaders, generate fictional route variants and fictional leaders","flags 82x52, 41x26, 10x7, portraits 156x210, emblems and route icons as required","base flag, ideology or route flags when justified, leader or council portraits, advisor and commander portraits, emblem, cosmetic identity variants","complete Tier A package for Great Zimbabwe, grounded in Shona stone-city and trade legacy, gameplay hooks include stone cities, gold, cattle, trade","invented historical claims presented as fact, generic pan-African recolour, opposite-gender name and portrait pairing, administrative map name",012_africa_great_zimbabwe_asset_family,GFX_012_africa_great_zimbabwe_<asset>,"gfx/flags/, gfx/leaders/012_africa/, and event-scoped interface folders","assets/vanilla_reference/flags/normal, closest portrait references, named historical sources","static by default, rare animated portrait only if part 6 approves",installed_dormant
country_package_mutapa,Tier A country visual package,Restored polities,full visual identity for Mutapa,"mixed package, source historical flags, symbols, architecture, and real leaders, generate fictional route variants and fictional leaders","flags 82x52, 41x26, 10x7, portraits 156x210, emblems and route icons as required","base flag, ideology or route flags when justified, leader or council portraits, advisor and commander portraits, emblem, cosmetic identity variants","complete Tier A package for Mutapa, grounded in Zambezi and Zimbabwe plateau state, gameplay hooks include gold, river trade, royal administration","invented historical claims presented as fact, generic pan-African recolour, opposite-gender name and portrait pairing, administrative map name",012_africa_mutapa_asset_family,GFX_012_africa_mutapa_<asset>,"gfx/flags/, gfx/leaders/012_africa/, and event-scoped interface folders","assets/vanilla_reference/flags/normal, closest portrait references, named historical sources","static by default, rare animated portrait only if part 6 approves",deferred_controlled_pool
country_package_rozwi,Tier A country visual package,Restored polities,full visual identity for Rozwi,"mixed package, source historical flags, symbols, architecture, and real leaders, generate fictional route variants and fictional leaders","flags 82x52, 41x26, 10x7, portraits 156x210, emblems and route icons as required","base flag, ideology or route flags when justified, leader or council portraits, advisor and commander portraits, emblem, cosmetic identity variants","complete Tier A package for Rozwi, grounded in Changamire state and military identity, gameplay hooks include stone centres, cattle, army, confederation","invented historical claims presented as fact, generic pan-African recolour, opposite-gender name and portrait pairing, administrative map name",012_africa_rozwi_asset_family,GFX_012_africa_rozwi_<asset>,"gfx/flags/, gfx/leaders/012_africa/, and event-scoped interface folders","assets/vanilla_reference/flags/normal, closest portrait references, named historical sources","static by default, rare animated portrait only if part 6 approves",deferred_controlled_pool
country_package_mthwakazi,Tier A country visual package,Restored polities,full visual identity for Mthwakazi,"mixed package, source historical flags, symbols, architecture, and real leaders, generate fictional route variants and fictional leaders","flags 82x52, 41x26, 10x7, portraits 156x210, emblems and route icons as required","base flag, ideology or route flags when justified, leader or council portraits, advisor and commander portraits, emblem, cosmetic identity variants","complete Tier A package for Mthwakazi, grounded in Ndebele state identity, gameplay hooks include regimental system, cattle, royal settlement","invented historical claims presented as fact, generic pan-African recolour, opposite-gender name and portrait pairing, administrative map name",012_africa_mthwakazi_asset_family,GFX_012_africa_mthwakazi_<asset>,"gfx/flags/, gfx/leaders/012_africa/, and event-scoped interface folders","assets/vanilla_reference/flags/normal, closest portrait references, named historical sources","static by default, rare animated portrait only if part 6 approves",deferred_controlled_pool
country_package_zulu,Tier A country visual package,Restored polities,full visual identity for Zulu,"mixed package, source historical flags, symbols, architecture, and real leaders, generate fictional route variants and fictional leaders","flags 82x52, 41x26, 10x7, portraits 156x210, emblems and route icons as required","base flag, ideology or route flags when justified, leader or council portraits, advisor and commander portraits, emblem, cosmetic identity variants","complete Tier A package for Zulu, grounded in Zulu monarchy and regimental state, gameplay hooks include regiments, royal court, military reform","invented historical claims presented as fact, generic pan-African recolour, opposite-gender name and portrait pairing, administrative map name",012_africa_zulu_asset_family,GFX_012_africa_zulu_<asset>,"gfx/flags/, gfx/leaders/012_africa/, and event-scoped interface folders","assets/vanilla_reference/flags/normal, closest portrait references, named historical sources","static by default, rare animated portrait only if part 6 approves",installed_dormant
country_package_swazi,Tier A country visual package,Restored polities,full visual identity for Eswatini,"mixed package, source historical flags, symbols, architecture, and real leaders, generate fictional route variants and fictional leaders","flags 82x52, 41x26, 10x7, portraits 156x210, emblems and route icons as required","base flag, ideology or route flags when justified, leader or council portraits, advisor and commander portraits, emblem, cosmetic identity variants","complete Tier A package for Eswatini, grounded in Swazi monarchy and state, gameplay hooks include monarchy, regiments, mountain defence","invented historical claims presented as fact, generic pan-African recolour, opposite-gender name and portrait pairing, administrative map name",012_africa_swazi_asset_family,GFX_012_africa_swazi_<asset>,"gfx/flags/, gfx/leaders/012_africa/, and event-scoped interface folders","assets/vanilla_reference/flags/normal, closest portrait references, named historical sources","static by default, rare animated portrait only if part 6 approves",deferred_controlled_pool
country_package_basotho,Tier A country visual package,Restored polities,full visual identity for Basotho,"mixed package, source historical flags, symbols, architecture, and real leaders, generate fictional route variants and fictional leaders","flags 82x52, 41x26, 10x7, portraits 156x210, emblems and route icons as required","base flag, ideology or route flags when justified, leader or council portraits, advisor and commander portraits, emblem, cosmetic identity variants","complete Tier A package for Basotho, grounded in Basotho mountain kingdom, gameplay hooks include mountain defence, cavalry, diplomacy","invented historical claims presented as fact, generic pan-African recolour, opposite-gender name and portrait pairing, administrative map name",012_africa_basotho_asset_family,GFX_012_africa_basotho_<asset>,"gfx/flags/, gfx/leaders/012_africa/, and event-scoped interface folders","assets/vanilla_reference/flags/normal, closest portrait references, named historical sources","static by default, rare animated portrait only if part 6 approves",deferred_controlled_pool
country_package_barotse,Tier A country visual package,Restored polities,full visual identity for Barotse,"mixed package, source historical flags, symbols, architecture, and real leaders, generate fictional route variants and fictional leaders","flags 82x52, 41x26, 10x7, portraits 156x210, emblems and route icons as required","base flag, ideology or route flags when justified, leader or council portraits, advisor and commander portraits, emblem, cosmetic identity variants","complete Tier A package for Barotse, grounded in Lozi or Barotse monarchy, gameplay hooks include floodplain administration, river transport, monarchy","invented historical claims presented as fact, generic pan-African recolour, opposite-gender name and portrait pairing, administrative map name",012_africa_barotse_asset_family,GFX_012_africa_barotse_<asset>,"gfx/flags/, gfx/leaders/012_africa/, and event-scoped interface folders","assets/vanilla_reference/flags/normal, closest portrait references, named historical sources","static by default, rare animated portrait only if part 6 approves",deferred_controlled_pool
country_package_merina,Tier A country visual package,Restored polities,full visual identity for Merina,"mixed package, source historical flags, symbols, architecture, and real leaders, generate fictional route variants and fictional leaders","flags 82x52, 41x26, 10x7, portraits 156x210, emblems and route icons as required","base flag, ideology or route flags when justified, leader or council portraits, advisor and commander portraits, emblem, cosmetic identity variants","complete Tier A package for Merina, grounded in Madagascar highland monarchy, gameplay hooks include highland administration, monarchy, island integration","invented historical claims presented as fact, generic pan-African recolour, opposite-gender name and portrait pairing, administrative map name",012_africa_merina_asset_family,GFX_012_africa_merina_<asset>,"gfx/flags/, gfx/leaders/012_africa/, and event-scoped interface folders","assets/vanilla_reference/flags/normal, closest portrait references, named historical sources","static by default, rare animated portrait only if part 6 approves",installed_dormant
country_package_sakalava,Tier A country visual package,Restored polities,full visual identity for Sakalava,"mixed package, source historical flags, symbols, architecture, and real leaders, generate fictional route variants and fictional leaders","flags 82x52, 41x26, 10x7, portraits 156x210, emblems and route icons as required","base flag, ideology or route flags when justified, leader or council portraits, advisor and commander portraits, emblem, cosmetic identity variants","complete Tier A package for Sakalava, grounded in western Madagascar royal identities, gameplay hooks include cattle, coastal routes, monarchy","invented historical claims presented as fact, generic pan-African recolour, opposite-gender name and portrait pairing, administrative map name",012_africa_sakalava_asset_family,GFX_012_africa_sakalava_<asset>,"gfx/flags/, gfx/leaders/012_africa/, and event-scoped interface folders","assets/vanilla_reference/flags/normal, closest portrait references, named historical sources","static by default, rare animated portrait only if part 6 approves",deferred_controlled_pool
country_package_pan_high_chaos,Tier A country visual package,Restored polities,full visual identity for Pan,"mixed package, source historical flags, symbols, architecture, and real leaders, generate fictional route variants and fictional leaders","flags 82x52, 41x26, 10x7, portraits 156x210, emblems and route icons as required","base flag, ideology or route flags when justified, leader or council portraits, advisor and commander portraits, emblem, cosmetic identity variants","complete Tier A package for Pan, grounded in fictional high-chaos actor, gameplay hooks include sappers, forest intelligence, stolen machinery","invented historical claims presented as fact, generic pan-African recolour, opposite-gender name and portrait pairing, administrative map name",012_africa_pan_high_chaos_asset_family,GFX_012_africa_pan_high_chaos_<asset>,"gfx/flags/, gfx/leaders/012_africa/, and event-scoped interface folders","assets/vanilla_reference/flags/normal, closest portrait references, named historical sources","static by default, rare animated portrait only if part 6 approves",deferred_model_required
country_package_gorilla_kingdom,Tier A country visual package,Restored polities,full visual identity for Gorilla Kingdom,"mixed package, source historical flags, symbols, architecture, and real leaders, generate fictional route variants and fictional leaders","flags 82x52, 41x26, 10x7, portraits 156x210, emblems and route icons as required","base flag, ideology or route flags when justified, leader or council portraits, advisor and commander portraits, emblem, cosmetic identity variants","complete Tier A package for Gorilla Kingdom, grounded in fictional high-chaos actor, gameplay hooks include heavy infantry, mountain forests, royal challenge","invented historical claims presented as fact, generic pan-African recolour, opposite-gender name and portrait pairing, administrative map name",012_africa_gorilla_kingdom_asset_family,GFX_012_africa_gorilla_kingdom_<asset>,"gfx/flags/, gfx/leaders/012_africa/, and event-scoped interface folders","assets/vanilla_reference/flags/normal, closest portrait references, named historical sources","static by default, rare animated portrait only if part 6 approves",deferred_model_required
country_package_the_green,Tier A country visual package,Restored polities,full visual identity for The Green,"mixed package, source historical flags, symbols, architecture, and real leaders, generate fictional route variants and fictional leaders","flags 82x52, 41x26, 10x7, portraits 156x210, emblems and route icons as required","base flag, ideology or route flags when justified, leader or council portraits, advisor and commander portraits, emblem, cosmetic identity variants","complete Tier A package for The Green, grounded in fictional ecological actor, gameplay hooks include forest expansion, ecological wrath, concealment","invented historical claims presented as fact, generic pan-African recolour, opposite-gender name and portrait pairing, administrative map name",012_africa_the_green_asset_family,GFX_012_africa_the_green_<asset>,"gfx/flags/, gfx/leaders/012_africa/, and event-scoped interface folders","assets/vanilla_reference/flags/normal, closest portrait references, named historical sources","static by default, rare animated portrait only if part 6 approves",deferred_model_required
country_package_living_rivers,Tier A country visual package,Restored polities,full visual identity for Living Rivers,"mixed package, source historical flags, symbols, architecture, and real leaders, generate fictional route variants and fictional leaders","flags 82x52, 41x26, 10x7, portraits 156x210, emblems and route icons as required","base flag, ideology or route flags when justified, leader or council portraits, advisor and commander portraits, emblem, cosmetic identity variants","complete Tier A package for Living Rivers, grounded in fictional ecological actor, gameplay hooks include flood control, river movement, water bargaining","invented historical claims presented as fact, generic pan-African recolour, opposite-gender name and portrait pairing, administrative map name",012_africa_living_rivers_asset_family,GFX_012_africa_living_rivers_<asset>,"gfx/flags/, gfx/leaders/012_africa/, and event-scoped interface folders","assets/vanilla_reference/flags/normal, closest portrait references, named historical sources","static by default, rare animated portrait only if part 6 approves",deferred_model_required
country_package_stoneborn,Tier A country visual package,Restored polities,full visual identity for Stoneborn,"mixed package, source historical flags, symbols, architecture, and real leaders, generate fictional route variants and fictional leaders","flags 82x52, 41x26, 10x7, portraits 156x210, emblems and route icons as required","base flag, ideology or route flags when justified, leader or council portraits, advisor and commander portraits, emblem, cosmetic identity variants","complete Tier A package for Stoneborn, grounded in fictional ancient-host actor, gameplay hooks include stone cohorts, ruins, siege endurance","invented historical claims presented as fact, generic pan-African recolour, opposite-gender name and portrait pairing, administrative map name",012_africa_stoneborn_asset_family,GFX_012_africa_stoneborn_<asset>,"gfx/flags/, gfx/leaders/012_africa/, and event-scoped interface folders","assets/vanilla_reference/flags/normal, closest portrait references, named historical sources","static by default, rare animated portrait only if part 6 approves",deferred_model_required
country_package_ancient_hosts,Tier A country visual package,Restored polities,full visual identity for Ancient Hosts,"mixed package, source historical flags, symbols, architecture, and real leaders, generate fictional route variants and fictional leaders","flags 82x52, 41x26, 10x7, portraits 156x210, emblems and route icons as required","base flag, ideology or route flags when justified, leader or council portraits, advisor and commander portraits, emblem, cosmetic identity variants","complete Tier A package for Ancient Hosts, grounded in fictional revived armies, gameplay hooks include ancient formations, relic sites, oath politics","invented historical claims presented as fact, generic pan-African recolour, opposite-gender name and portrait pairing, administrative map name",012_africa_ancient_hosts_asset_family,GFX_012_africa_ancient_hosts_<asset>,"gfx/flags/, gfx/leaders/012_africa/, and event-scoped interface folders","assets/vanilla_reference/flags/normal, closest portrait references, named historical sources","static by default, rare animated portrait only if part 6 approves",deferred_model_required
unit_identity_elephant_logistics,unit identity and technology icon family,Strange units,elephant logistics unit package,generated fictional art,"tech 64x64 or 132x52, unit or designer art as final implementation requires","technology icon, unit emblem, decision icon, focus icon, optional report image","clearly fictional or nonhuman subject, functional military silhouette, route-specific story","human ethnic caricature, modern fantasy armour, reused icon across asset types",tech_012_africa_elephant_logistics.dds,GFX_tech_012_africa_elephant_logistics,gfx/interface/technologies/012_africa/,assets/vanilla_reference/icons/technologies/legacy,static,deferred_model_required
unit_identity_elephant_shock,unit identity and technology icon family,Strange units,elephant shock unit package,generated fictional art,"tech 64x64 or 132x52, unit or designer art as final implementation requires","technology icon, unit emblem, decision icon, focus icon, optional report image","clearly fictional or nonhuman subject, functional military silhouette, route-specific story","human ethnic caricature, modern fantasy armour, reused icon across asset types",tech_012_africa_elephant_shock.dds,GFX_tech_012_africa_elephant_shock,gfx/interface/technologies/012_africa/,assets/vanilla_reference/icons/technologies/legacy,static,deferred_model_required
unit_identity_gorilla_heavy_infantry,unit identity and technology icon family,Strange units,gorilla heavy infantry unit package,generated fictional art,"tech 64x64 or 132x52, unit or designer art as final implementation requires","technology icon, unit emblem, decision icon, focus icon, optional report image","clearly fictional or nonhuman subject, functional military silhouette, route-specific story","human ethnic caricature, modern fantasy armour, reused icon across asset types",tech_012_africa_gorilla_heavy_infantry.dds,GFX_tech_012_africa_gorilla_heavy_infantry,gfx/interface/technologies/012_africa/,assets/vanilla_reference/icons/technologies/legacy,static,deferred_model_required
unit_identity_pan_sappers,unit identity and technology icon family,Strange units,pan sappers unit package,generated fictional art,"tech 64x64 or 132x52, unit or designer art as final implementation requires","technology icon, unit emblem, decision icon, focus icon, optional report image","clearly fictional or nonhuman subject, functional military silhouette, route-specific story","human ethnic caricature, modern fantasy armour, reused icon across asset types",tech_012_africa_pan_sappers.dds,GFX_tech_012_africa_pan_sappers,gfx/interface/technologies/012_africa/,assets/vanilla_reference/icons/technologies/legacy,static,deferred_model_required
unit_identity_stone_cohorts,unit identity and technology icon family,Strange units,stone cohorts unit package,generated fictional art,"tech 64x64 or 132x52, unit or designer art as final implementation requires","technology icon, unit emblem, decision icon, focus icon, optional report image","clearly fictional or nonhuman subject, functional military silhouette, route-specific story","human ethnic caricature, modern fantasy armour, reused icon across asset types",tech_012_africa_stone_cohorts.dds,GFX_tech_012_africa_stone_cohorts,gfx/interface/technologies/012_africa/,assets/vanilla_reference/icons/technologies/legacy,static,deferred_model_required
unit_identity_riverborn,unit identity and technology icon family,Strange units,riverborn unit package,generated fictional art,"tech 64x64 or 132x52, unit or designer art as final implementation requires","technology icon, unit emblem, decision icon, focus icon, optional report image","clearly fictional or nonhuman subject, functional military silhouette, route-specific story","human ethnic caricature, modern fantasy armour, reused icon across asset types",tech_012_africa_riverborn.dds,GFX_tech_012_africa_riverborn,gfx/interface/technologies/012_africa/,assets/vanilla_reference/icons/technologies/legacy,static,deferred_model_required
unit_identity_forest_giants,unit identity and technology icon family,Strange units,forest giants unit package,generated fictional art,"tech 64x64 or 132x52, unit or designer art as final implementation requires","technology icon, unit emblem, decision icon, focus icon, optional report image","clearly fictional or nonhuman subject, functional military silhouette, route-specific story","human ethnic caricature, modern fantasy armour, reused icon across asset types",tech_012_africa_forest_giants.dds,GFX_tech_012_africa_forest_giants,gfx/interface/technologies/012_africa/,assets/vanilla_reference/icons/technologies/legacy,static,deferred_model_required
unit_identity_oracle_recon,unit identity and technology icon family,Strange units,oracle recon unit package,generated fictional art,"tech 64x64 or 132x52, unit or designer art as final implementation requires","technology icon, unit emblem, decision icon, focus icon, optional report image","clearly fictional or nonhuman subject, functional military silhouette, route-specific story","human ethnic caricature, modern fantasy armour, reused icon across asset types",tech_012_africa_oracle_recon.dds,GFX_tech_012_africa_oracle_recon,gfx/interface/technologies/012_africa/,assets/vanilla_reference/icons/technologies/legacy,static,deferred_model_required
unit_identity_disaster_wardens,unit identity and technology icon family,Strange units,disaster wardens unit package,generated fictional art,"tech 64x64 or 132x52, unit or designer art as final implementation requires","technology icon, unit emblem, decision icon, focus icon, optional report image","clearly fictional or nonhuman subject, functional military silhouette, route-specific story","human ethnic caricature, modern fantasy armour, reused icon across asset types",tech_012_africa_disaster_wardens.dds,GFX_tech_012_africa_disaster_wardens,gfx/interface/technologies/012_africa/,assets/vanilla_reference/icons/technologies/legacy,static,deferred_model_required
unit_identity_plague_carriers,unit identity and technology icon family,Strange units,plague carriers unit package,generated fictional art,"tech 64x64 or 132x52, unit or designer art as final implementation requires","technology icon, unit emblem, decision icon, focus icon, optional report image","clearly fictional or nonhuman subject, functional military silhouette, route-specific story","human ethnic caricature, modern fantasy armour, reused icon across asset types",tech_012_africa_plague_carriers.dds,GFX_tech_012_africa_plague_carriers,gfx/interface/technologies/012_africa/,assets/vanilla_reference/icons/technologies/legacy,static,deferred_model_required
continent_package_middle_east,continent-unifier identity package,World order,middle east unifier presentation and country identity,"mixed, generated alternate-history identity with sourced historical motifs where used","flags, emblems, leaders, focus and decision icon families, report and super-event assets as required","base identity, route variants, static fallback for any animation, unique focus-tree visual family","region-specific continent identity with its own constitutional, military, economic, and diplomatic motifs","generic recolour of Africa assets, bureaucratic country name, shared tree art without regional identity",012_middle_east_continent_package,GFX_012_middle_east_<asset>,event-scoped folders assigned during implementation,all matching reference folders,animation only for rare final identity or terminal state,deferred_unique_package_required
continent_package_europe,continent-unifier identity package,World order,europe unifier presentation and country identity,"mixed, generated alternate-history identity with sourced historical motifs where used","flags, emblems, leaders, focus and decision icon families, report and super-event assets as required","base identity, route variants, static fallback for any animation, unique focus-tree visual family","region-specific continent identity with its own constitutional, military, economic, and diplomatic motifs","generic recolour of Africa assets, bureaucratic country name, shared tree art without regional identity",012_europe_continent_package,GFX_012_europe_<asset>,event-scoped folders assigned during implementation,all matching reference folders,animation only for rare final identity or terminal state,deferred_unique_package_required
continent_package_asia,continent-unifier identity package,World order,asia unifier presentation and country identity,"mixed, generated alternate-history identity with sourced historical motifs where used","flags, emblems, leaders, focus and decision icon families, report and super-event assets as required","base identity, route variants, static fallback for any animation, unique focus-tree visual family","region-specific continent identity with its own constitutional, military, economic, and diplomatic motifs","generic recolour of Africa assets, bureaucratic country name, shared tree art without regional identity",012_asia_continent_package,GFX_012_asia_<asset>,event-scoped folders assigned during implementation,all matching reference folders,animation only for rare final identity or terminal state,deferred_unique_package_required
continent_package_north_america,continent-unifier identity package,World order,north america unifier presentation and country identity,"mixed, generated alternate-history identity with sourced historical motifs where used","flags, emblems, leaders, focus and decision icon families, report and super-event assets as required","base identity, route variants, static fallback for any animation, unique focus-tree visual family","region-specific continent identity with its own constitutional, military, economic, and diplomatic motifs","generic recolour of Africa assets, bureaucratic country name, shared tree art without regional identity",012_north_america_continent_package,GFX_012_north_america_<asset>,event-scoped folders assigned during implementation,all matching reference folders,animation only for rare final identity or terminal state,deferred_unique_package_required
continent_package_south_america,continent-unifier identity package,World order,south america unifier presentation and country identity,"mixed, generated alternate-history identity with sourced historical motifs where used","flags, emblems, leaders, focus and decision icon families, report and super-event assets as required","base identity, route variants, static fallback for any animation, unique focus-tree visual family","region-specific continent identity with its own constitutional, military, economic, and diplomatic motifs","generic recolour of Africa assets, bureaucratic country name, shared tree art without regional identity",012_south_america_continent_package,GFX_012_south_america_<asset>,event-scoped folders assigned during implementation,all matching reference folders,animation only for rare final identity or terminal state,deferred_unique_package_required
continent_package_oceania,continent-unifier identity package,World order,oceania unifier presentation and country identity,"mixed, generated alternate-history identity with sourced historical motifs where used","flags, emblems, leaders, focus and decision icon families, report and super-event assets as required","base identity, route variants, static fallback for any animation, unique focus-tree visual family","region-specific continent identity with its own constitutional, military, economic, and diplomatic motifs","generic recolour of Africa assets, bureaucratic country name, shared tree art without regional identity",012_oceania_continent_package,GFX_012_oceania_<asset>,event-scoped folders assigned during implementation,all matching reference folders,animation only for rare final identity or terminal state,deferred_unique_package_required
continent_package_the_world,continent-unifier identity package,World order,the world unifier presentation and country identity,"mixed, generated alternate-history identity with sourced historical motifs where used","flags, emblems, leaders, focus and decision icon families, report and super-event assets as required","base identity, route variants, static fallback for any animation, unique focus-tree visual family","region-specific continent identity with its own constitutional, military, economic, and diplomatic motifs","generic recolour of Africa assets, bureaucratic country name, shared tree art without regional identity",012_the_world_continent_package,GFX_012_the_world_<asset>,event-scoped folders assigned during implementation,all matching reference folders,animation only for rare final identity or terminal state,deferred_unique_package_required
host_overlay_sovereignty_treaty,host overlay motif kit,Host overlays,"Egypt, Morocco, Tunisia, and other treaty or protectorate hosts",generated UI art informed by sourced treaty and institutional references,header motif plus 64x64 and 32x32 icons,"neutral, active proof, failed proof","treaty pages, gates, balanced civic and sovereign symbols, no readable text","generic parchment wall, colonial flag collage, one-country symbolism imposed on every host",host_overlay_sovereignty_treaty.dds,GFX_012_africa_host_overlay_sovereignty_treaty,gfx/interface/012_africa/host_overlays/,assets/vanilla_reference/icons/ideas and assets/vanilla_reference/icons/decisions,"static, with separate proof-state warning overlay supplied by the shared proof kit",deferred_controlled_pool
host_overlay_invasion_resistance,host overlay motif kit,Host overlays,"Ethiopia, Libya, Algeria, and other invasion or liberation-war hosts",generated UI art with sourced period equipment and resistance references,header motif plus 64x64 and 32x32 icons,"defensive mandate, liberated corridor, overextended front","defended pass, supply column, local command and civilian endurance","heroic battle painting detached from UI, ethnic caricature, modern equipment",host_overlay_invasion_resistance.dds,GFX_012_africa_host_overlay_invasion_resistance,gfx/interface/012_africa/host_overlays/,assets/vanilla_reference/icons/ideas and assets/vanilla_reference/icons/decisions,static state family,deferred_controlled_pool
host_overlay_federal_amalgamation,host overlay motif kit,Host overlays,"Nigeria, Sudan, Uganda, Senegal and French West Africa, and other multi-region hosts",generated symbolic UI art,header motif plus 64x64 and 32x32 icons,"balanced regions, capital dominance, withdrawal pressure",several distinct regional seals joined through a chamber and transport network,"one undifferentiated Africa silhouette, identical regional emblems, readable generated labels",host_overlay_federal_amalgamation.dds,GFX_012_africa_host_overlay_federal_amalgamation,gfx/interface/012_africa/host_overlays/,assets/vanilla_reference/icons/ideas and assets/vanilla_reference/icons/decisions,"three static states, optional state-driven warning pulse only for withdrawal pressure",deferred_controlled_pool
host_overlay_concession_resource,host overlay motif kit,Host overlays,"Liberia, Belgian Congo, Angola, Gold Coast, and French Equatorial Africa","generated UI art informed by sourced concession, mining, port, and labour references",header motif plus 64x64 and 32x32 icons,"concession control, public settlement, company retaliation","contract seal, mine or plantation output, rail or port access, public treasury","luxury wealth icon, dehumanised labour silhouettes, generic gold bars",host_overlay_concession_resource.dds,GFX_012_africa_host_overlay_concession_resource,gfx/interface/012_africa/host_overlays/,assets/vanilla_reference/icons/ideas and assets/vanilla_reference/icons/decisions,static state family,deferred_controlled_pool
host_overlay_land_settlement,host overlay motif kit,Host overlays,"Kenya, South Africa, Southern Rhodesia, Algeria, and land-centred priority packages",generated symbolic UI art informed by sourced land and survey references,header motif plus 64x64 and 32x32 icons,"disputed land, negotiated settlement, coercive seizure","survey boundary, homestead and field, legal seal, rail or market access","empty landscape, one-race crowd, simplistic farm icon",host_overlay_land_settlement.dds,GFX_012_africa_host_overlay_land_settlement,gfx/interface/012_africa/host_overlays/,assets/vanilla_reference/icons/ideas and assets/vanilla_reference/icons/decisions,static state family,deferred_controlled_pool
host_overlay_corridor_island,host overlay motif kit,Host overlays,"Tanganyika, Somali territories, Madagascar, Sierra Leone, and island or corridor hosts",generated symbolic UI art,header motif plus 64x64 and 32x32 icons,"open route, threatened route, isolated host","port, rail or caravan connection, island or coastal silhouette, protected convoy","generic world map, modern container ship, tourist imagery",host_overlay_corridor_island.dds,GFX_012_africa_host_overlay_corridor_island,gfx/interface/012_africa/host_overlays/,assets/vanilla_reference/icons/ideas and assets/vanilla_reference/icons/decisions,static base with optional route-threat pulse from the shared corridor warning asset,deferred_controlled_pool
host_first_proof_state_kit,scripted GUI state kit,Host overlays,"show selected host proof mission, progress, failure, and recovery",generated UI art,"selected card frame, 64x64 seal, 32x32 status icons","unselected, active, succeeded, failed, recovery active, recovered","one consistent mandate seal whose condition changes through visible cracks, repairs, and stamped completion","text inside art, six unrelated icons, motion that hides status",host_first_proof_state_kit.dds,GFX_012_africa_host_first_proof_state,gfx/interface/012_africa/host_overlays/,assets/vanilla_reference/icons/decisions,"active progress may use a subtle source-frame seal activation, failure and recovery need static fallbacks",deferred_controlled_pool
host_legacy_post_unification_card,scripted GUI card frame and icon family,Host overlays,show the original host legacy in post-unification constitutional and world-order play,generated symbolic UI art,card frame plus 64x64 icon,"regional governance, corridor, resource, land, island, military, diplomatic legacy",host origin motif embedded inside a continental institution rather than a dominant national flag,"one host visually swallowing the continent, flag wallpaper",host_legacy_post_unification_card.dds,GFX_012_africa_host_legacy_card,gfx/interface/012_africa/host_overlays/,assets/vanilla_reference/icons/ideas,static,deferred_controlled_pool
federal_deadlock_warning,decision and scripted GUI warning icon,Constitutional route dilemmas,federal deadlock conference and blocked congress state,generated icon art,64x64 plus 32x32,"deadlocked, conference active, compromise reached","divided chamber, locked voting device, then rejoined constitutional seal","generic broken chain, readable ballot text",decision_012_africa_federal_deadlock.dds,GFX_decision_012_africa_federal_deadlock,gfx/interface/decisions/012_africa/,assets/vanilla_reference/icons/decisions,"warning state can use a restrained pulse with real source frames, all three states need static versions",deferred_controlled_pool
republic_first_election_states,decision and mission icon family,Constitutional route dilemmas,"first continental election preparation, polling, dispute, and transfer",generated icon art,"64x64, 32x32, and compact progress markers","preparation, polling, accepted result, disputed result, peaceful transfer","ballot, regional routes, observers, and lawful office transfer","modern electronic voting, readable generated posters, one-country ballot design",decision_012_africa_first_election.dds,GFX_decision_012_africa_first_election,gfx/interface/decisions/012_africa/,assets/vanilla_reference/icons/decisions,"selected progress only, subtle source-frame movement in the ballot seal, static fallbacks required",deferred_controlled_pool
crowns_succession_arbitration_states,decision and member-card icon family,Constitutional route dilemmas,"succession dispute, regency, arbitration, and accepted settlement",generated symbolic icon art with sourced motif review for any specific crown,64x64 plus 32x32,"disputed throne, regency, arbitration, accepted ruler, civic conversion","empty seat, several claimant seals, neutral council staff, constitutional document","one generic European crown imposed across packages, readable names",decision_012_africa_succession_arbitration.dds,GFX_decision_012_africa_succession_arbitration,gfx/interface/decisions/012_africa/,assets/vanilla_reference/icons/decisions,static state family,deferred_controlled_pool
peoples_food_industry_balance,decision and mission icon family,Constitutional route dilemmas,"balance food supply, transport, labour, and industrial planning",generated icon art,64x64 plus 32x32,"balanced plan, food shortage, industrial shortage, coercive requisition","grain, rail wagons, factory and cooperative ledger in one readable composition","tiny clutter, propaganda text, generic hammer symbol as the whole icon",decision_012_africa_food_industry_balance.dds,GFX_decision_012_africa_food_industry_balance,gfx/interface/decisions/012_africa/,assets/vanilla_reference/icons/decisions,static state family,deferred_controlled_pool
military_commander_loyalty_states,decision warning and portrait-frame overlay,Constitutional route dilemmas,"victorious commander review, monitoring, rotation, and coup pressure",generated UI and icon art,64x64 decision icon plus transparent portrait-frame overlay,"prestige rising, under review, subordinated, rogue command",laurel and command baton constrained by constitutional or staff seal,"specific real leader likeness, generic skull, full-frame opaque overlay",decision_012_africa_commander_loyalty.dds,GFX_decision_012_africa_commander_loyalty,gfx/interface/decisions/012_africa/,assets/vanilla_reference/icons/decisions,"rogue-command portrait border can pulse with real source frames, static warning frame required",deferred_controlled_pool
confederal_emergency_ratification_states,decision and congress icon family,Constitutional route dilemmas,emergency action awaiting member ratification,generated symbolic icon art,64x64 plus 32x32 and vote markers,"pending, ratified, opt-out coalition, lapsed",several sovereign seals around a temporary emergency order,"federal government imagery, readable country names",decision_012_africa_confederal_ratification.dds,GFX_decision_012_africa_confederal_ratification,gfx/interface/decisions/012_africa/,assets/vanilla_reference/icons/decisions,"pending seal may use a subtle source-frame timer glow, all results static",deferred_controlled_pool
covenant_obligation_review_states,high-chaos decision and scripted GUI state family,Constitutional route dilemmas,"review active obligations to nonhuman actors, territories, or natural powers",generated supernatural UI art,64x64 plus selected-card frame and 32x32 status icons,"bounded obligation, escalating demand, review active, renewed, ended, breached",human charter seal intersecting a clearly impossible natural or nonhuman mark,"real ethnic or religious symbols used as monster shorthand, unreadable occult text",decision_012_africa_covenant_obligation.dds,GFX_decision_012_africa_covenant_obligation,gfx/interface/decisions/012_africa/,assets/vanilla_reference/icons/decisions,escalating and breach states need restrained frame-by-frame movement with static fallbacks,deferred_controlled_pool
postwar_constitutional_review_states,decision category and congress icon family,Post-unification governance,"demobilisation, amendment, election, succession, or confederal renegotiation after war",generated symbolic UI art,64x64 plus category header emblem,"review available, congress active, accepted settlement, failed review",wartime command frame opening into a constitutional chamber and regional seals,"victory parade, generic peace dove, final super-event title text",decision_012_africa_postwar_constitutional_review.dds,GFX_decision_012_africa_postwar_constitutional_review,gfx/interface/decisions/012_africa/,assets/vanilla_reference/icons/decisions,"available state may use a subtle seal activation, static fallbacks required",deferred_controlled_pool
priority_member_promotion_card,scripted GUI target card and status icons,Restored polities,show compact candidate readiness for promotion into a full priority package,generated UI art,member card frame plus 32x32 and 64x64 status icons,"cultural body, autonomous region, compact country, eligible for promotion, blocked overlap, promoted","one evolving regional seal with territory, institution, access, and role markers","automatic golden completion state, readable technical labels",priority_member_promotion_card.dds,GFX_012_africa_priority_member_promotion_card,gfx/interface/012_africa/restorations/,assets/vanilla_reference/icons/decisions,"eligibility seal can activate through real source frames, static fallback and all blocked states required",deferred_runtime_gated
priority_member_distinct_mechanic_icons,coordinated decision icon family,Restored polities,identify the sixteen priority-package mechanics without duplicating full country visual packages,generated icon art with sourced motif review,16 decision icons at 32x32 and selected variants at 64x64,"one mechanic icon for each priority package, no ideology duplicates unless function changes","stool and council, city corridor, emirate compact, lake and caravan, assembly, cross-border consent, kingdom balance, heritage consent, corridor guarantee, port customs, river recognition, overlap settlement, restoration mandate, island confidence, crown land and labour","resized focus icons, unrelated national flags, tiny text",decision_012_africa_priority_member_mechanic_<country>.dds,GFX_decision_012_africa_priority_member_mechanic_<country>,gfx/interface/decisions/012_africa/priority_members/,assets/vanilla_reference/icons/decisions,"static, designed separately for 32x32 use",installed_dormant
route_commitment_value_icons,scripted GUI value icons,Constitutional routes,"consent commitment, central capacity, regional equality, and emergency rule debt",generated icon art,64x64 plus 24x24 and 16x16 UI variants,four distinct value icons with high and low warning states where useful,"rights and assent, administrative reach, balanced regions, emergency authority burden","reusing the four top-level Charter value icons, generic coloured circles",ui_012_africa_route_commitment_<value>.dds,GFX_012_africa_route_commitment_<value>,gfx/interface/012_africa/values/,assets/vanilla_reference/icons/ideas and assets/vanilla_reference/icons/decisions,"static, with separate warning overlay for emergency rule debt",deferred_controlled_pool
route_capstone_seal_family,"focus, scripted GUI, and identity seal family",Constitutional routes,show completed governing constitution and post-unification identity,generated symbolic art,"94x86 focus icon, 64x64 UI seal, and small status variant designed separately","federal, republic, crowns, people's union, military, confederation, Covenant",seven clearly distinct constitutional emblems sharing one restrained continental frame,"simple recolours, one emblem copied across icon types, readable route names",route_capstone_012_africa_<route>.dds,GFX_012_africa_route_capstone_<route>,gfx/interface/012_africa/routes/,"assets/vanilla_reference/icons/national_focus, assets/vanilla_reference/icons/ideas, and assets/vanilla_reference/icons/decisions","Covenant may have an animated reveal, grounded seals remain static unless state communication requires activation",deferred_runtime_gated
