package_id,working_name,resolved_public_name_direction,resolved_tag,tag_resolution,automatic_pool_disposition,baseline_anchor_state_ids,baseline_anchor_state_names,reservation_group,modern_institutional_bridge,leadership_resolution,symbol_resolution,sensitivity_resolution,source_ids,research_confidence,implementation_recheck
IW-001,Scotland,Scotland,SCO,reuse_registered_tag,automatic_pool_ready_if_not_living,121|120|133,Lothian | Scottish Highlands | Lanark,RG-121-120-133,"Use municipal government, regional parties, labor, veterans, civil service, and existing constitutional traditions. Historical restorations begin as modern provisional governments.",Use the registered tag's sourced real male period leader when valid for the release date and not already active elsewhere. Otherwise use authentic archival material for the actual provisional institution; block the package until a defensible sourced leader or institution is assigned.,"Reuse the registered base flag only when it matches the released identity and origin. Source historical route variants. Generate only clearly alternate, civic, or high-chaos variants.","The compact anchor is used at release. Extended territory remains claims, diplomacy, plebiscites, integration, or formable content. Mixed populations receive rights and autonomy routes.",SRC-HOI4-TAGS | SRC-HOI4-STATES | SRC-CR-TAGS | SRC-EVENT5-ORIGIN | REG-EUR-NW,high,"Rebind state IDs against the installed HOI4 build and current map overrides, rerun the full repository tag collision check, confirm the host retains a valid protected state, and verify final asset provenance."
IW-002,Wales,Wales,WLS,reuse_registered_tag,automatic_pool_ready_if_not_living,122,Wales,RG-122,"Use municipal government, regional parties, labor, veterans, civil service, and existing constitutional traditions. Historical restorations begin as modern provisional governments.",Use the registered tag's sourced real male period leader when valid for the release date and not already active elsewhere. Otherwise use authentic archival material for the actual provisional institution; block the package until a defensible sourced leader or institution is assigned.,"Reuse the registered base flag only when it matches the released identity and origin. Source historical route variants. Generate only clearly alternate, civic, or high-chaos variants.","The compact anchor is used at release. Extended territory remains claims, diplomacy, plebiscites, integration, or formable content. Mixed populations receive rights and autonomy routes.",SRC-HOI4-TAGS | SRC-HOI4-STATES | SRC-CR-TAGS | SRC-EVENT5-ORIGIN | REG-EUR-NW,high,"Rebind state IDs against the installed HOI4 build and current map overrides, rerun the full repository tag collision check, confirm the host retains a valid protected state, and verify final asset provenance."
IW-003,Cornwall,Cornwall,ACX,reserve_new_event6_X_tag,automatic_pool_ready,123,Cornwall,RG-123,"Port, municipal, customs, shipping, merchant, labor, and local defense institutions form the provisional government, with traditional or dynastic authority included only where period-correct.","Use a provisional assembly, cabinet, municipal council, or congress with regionally sourced institution names. Portraits require sourced real male officeholders or authentic archival material for the actual institution; block the package when neither can be established.","Create a period civic flag from researched regional motifs. Do not use generated text, generic sacred symbols, or an invented historical flag presented as authentic.","The compact anchor is used at release. Extended territory remains claims, diplomacy, plebiscites, integration, or formable content. Mixed populations receive rights and autonomy routes.",SRC-HOI4-TAGS | SRC-HOI4-STATES | SRC-CR-TAGS | SRC-EVENT5-ORIGIN | REG-EUR-NW,medium,"Rebind state IDs against the installed HOI4 build and current map overrides, rerun the full repository tag collision check, confirm the host retains a valid protected state, and verify final asset provenance."
IW-004,Brittany,Brittany,BRI,reuse_registered_tag,automatic_pool_ready_if_not_living,14,Brittany,RG-14,"Port, municipal, customs, shipping, merchant, labor, and local defense institutions form the provisional government, with traditional or dynastic authority included only where period-correct.",Use the registered tag's sourced real male period leader when valid for the release date and not already active elsewhere. Otherwise use authentic archival material for the actual provisional institution; block the package until a defensible sourced leader or institution is assigned.,"Reuse the registered base flag only when it matches the released identity and origin. Source historical route variants. Generate only clearly alternate, civic, or high-chaos variants.","The compact anchor is used at release. Extended territory remains claims, diplomacy, plebiscites, integration, or formable content. Mixed populations receive rights and autonomy routes.",SRC-HOI4-TAGS | SRC-HOI4-STATES | SRC-CR-TAGS | SRC-EVENT5-ORIGIN | REG-EUR-NW,high,"Rebind state IDs against the installed HOI4 build and current map overrides, rerun the full repository tag collision check, confirm the host retains a valid protected state, and verify final asset provenance."
IW-005,Flanders,Flanders,,reuse_vanilla_cosmetic_overlay,vanilla_route_overlay_only,6,Vlaanderen,RG-6,"Municipal government, civil service, trade unions, chambers of commerce, railway or factory administrations, veterans, and defecting security forces form the provisional cabinet.","Use a provisional assembly, cabinet, municipal council, or congress with regionally sourced institution names. Portraits require sourced real male officeholders or authentic archival material for the actual institution; block the package when neither can be established.","Create a period civic flag from researched regional motifs. Do not use generated text, generic sacred symbols, or an invented historical flag presented as authentic.","The compact anchor is used at release. Extended territory remains claims, diplomacy, plebiscites, integration, or formable content. Mixed populations receive rights and autonomy routes.",SRC-HOI4-TAGS | SRC-HOI4-STATES | SRC-CR-TAGS | SRC-EVENT5-ORIGIN | REG-EUR-NW,medium,"Verify the BEL_flanders cosmetic on BEL, preserve the BEL tree and vanilla route effects, and activate the additive overlay once per carrier."
IW-006,Wallonia,Wallonia,AFX,reserve_new_event6_X_tag,automatic_pool_ready,34,Wallonie,RG-34,"Municipal government, civil service, trade unions, chambers of commerce, railway or factory administrations, veterans, and defecting security forces form the provisional cabinet.","Use a provisional assembly, cabinet, municipal council, or congress with regionally sourced institution names. Portraits require sourced real male officeholders or authentic archival material for the actual institution; block the package when neither can be established.","Create a period civic flag from researched regional motifs. Do not use generated text, generic sacred symbols, or an invented historical flag presented as authentic.","The compact anchor is used at release. Extended territory remains claims, diplomacy, plebiscites, integration, or formable content. Mixed populations receive rights and autonomy routes.",SRC-HOI4-TAGS | SRC-HOI4-STATES | SRC-CR-TAGS | SRC-EVENT5-ORIGIN | REG-EUR-NW,medium,"Rebind state IDs against the installed HOI4 build and current map overrides, rerun the full repository tag collision check, confirm the host retains a valid protected state, and verify final asset provenance."
IW-007,Frisia,Frisia,AGX,reserve_new_event6_X_tag,automatic_pool_ready_if_unique_state_exists,36,Friesland,RG-36,"Port, municipal, customs, shipping, merchant, labor, and local defense institutions form the provisional government, with traditional or dynastic authority included only where period-correct.","Use a provisional assembly, cabinet, municipal council, or congress with regionally sourced institution names. Portraits require sourced real male officeholders or authentic archival material for the actual institution; block the package when neither can be established.","Create a period civic flag from researched regional motifs. Do not use generated text, generic sacred symbols, or an invented historical flag presented as authentic.","The compact anchor is used at release. Extended territory remains claims, diplomacy, plebiscites, integration, or formable content. Mixed populations receive rights and autonomy routes.",SRC-HOI4-TAGS | SRC-HOI4-STATES | SRC-CR-TAGS | SRC-EVENT5-ORIGIN | REG-EUR-NW,medium,"Rebind state IDs against the installed HOI4 build and current map overrides, rerun the full repository tag collision check, confirm the host retains a valid protected state, and verify final asset provenance."
IW-008,Rhineland,Rhineland,RHI,reuse_registered_tag,automatic_pool_ready_if_not_living,51,Rhineland,RG-RHINE-SAAR,"Municipal government, civil service, trade unions, chambers of commerce, railway or factory administrations, veterans, and defecting security forces form the provisional cabinet.",Use the registered tag's sourced real male period leader when valid for the release date and not already active elsewhere. Otherwise use authentic archival material for the actual provisional institution; block the package until a defensible sourced leader or institution is assigned.,"Reuse the registered base flag only when it matches the released identity and origin. Source historical route variants. Generate only clearly alternate, civic, or high-chaos variants.","The compact anchor is used at release. Extended territory remains claims, diplomacy, plebiscites, integration, or formable content. Mixed populations receive rights and autonomy routes.",SRC-HOI4-TAGS | SRC-HOI4-STATES | SRC-CR-TAGS | SRC-EVENT5-ORIGIN | REG-EUR-NW,high,"Rebind state IDs against the installed HOI4 build and current map overrides, rerun the full repository tag collision check, confirm the host retains a valid protected state, and verify final asset provenance."
IW-009,Bavaria,Bavaria,BAY,reuse_registered_tag,automatic_pool_ready_if_not_living,52|53|54,Oberbayern | Niederbayern | Franken,RG-52-53-54,"Use municipal government, regional parties, labor, veterans, civil service, and existing constitutional traditions. Historical restorations begin as modern provisional governments.",Use the registered tag's sourced real male period leader when valid for the release date and not already active elsewhere. Otherwise use authentic archival material for the actual provisional institution; block the package until a defensible sourced leader or institution is assigned.,"Reuse the registered base flag only when it matches the released identity and origin. Source historical route variants. Generate only clearly alternate, civic, or high-chaos variants.","The compact anchor is used at release. Extended territory remains claims, diplomacy, plebiscites, integration, or formable content. Mixed populations receive rights and autonomy routes.",SRC-HOI4-TAGS | SRC-HOI4-STATES | SRC-CR-TAGS | SRC-EVENT5-ORIGIN | REG-EUR-NW,high,"Rebind state IDs against the installed HOI4 build and current map overrides, rerun the full repository tag collision check, confirm the host retains a valid protected state, and verify final asset provenance."
IW-010,Saar,Saar,AJX,reserve_new_event6_X_tag,automatic_pool_ready_if_unique_state_exists,42,"Moselland, used only as a Saar compact if a unique host remnant remains",RG-RHINE-SAAR,"Municipal government, civil service, trade unions, chambers of commerce, railway or factory administrations, veterans, and defecting security forces form the provisional cabinet.","Use a provisional assembly, cabinet, municipal council, or congress with regionally sourced institution names. Portraits require sourced real male officeholders or authentic archival material for the actual institution; block the package when neither can be established.","Create a period civic flag from researched regional motifs. Do not use generated text, generic sacred symbols, or an invented historical flag presented as authentic.","The compact anchor is used at release. Extended territory remains claims, diplomacy, plebiscites, integration, or formable content. Mixed populations receive rights and autonomy routes.",SRC-HOI4-TAGS | SRC-HOI4-STATES | SRC-CR-TAGS | SRC-EVENT5-ORIGIN | REG-EUR-NW,medium,"Rebind state IDs against the installed HOI4 build and current map overrides, rerun the full repository tag collision check, confirm the host retains a valid protected state, and verify final asset provenance."
IW-011,Faroe Islands,Faroe Islands,AKX,reserve_new_event6_X_tag,scenario_variant_only,,No unique Faroe state in the public 763-state baseline,RG-FAROE-ISLANDS,"Port, municipal, customs, shipping, merchant, labor, and local defense institutions form the provisional government, with traditional or dynastic authority included only where period-correct.","Use a provisional assembly, cabinet, municipal council, or congress with regionally sourced institution names. Portraits require sourced real male officeholders or authentic archival material for the actual institution; block the package when neither can be established.","Create a period civic flag from researched regional motifs. Do not use generated text, generic sacred symbols, or an invented historical flag presented as authentic.","The compact anchor is used at release. Extended territory remains claims, diplomacy, plebiscites, integration, or formable content. Mixed populations receive rights and autonomy routes.",SRC-HOI4-TAGS | SRC-HOI4-STATES | SRC-CR-TAGS | SRC-EVENT5-ORIGIN | REG-EUR-NW,resolved_by_restriction,"Rebind state IDs against the installed HOI4 build and current map overrides, rerun the full repository tag collision check, confirm the host retains a valid protected state, and verify final asset provenance."
IW-012,Icelandic emergency republic,Iceland,ICE,reuse_registered_tag,automatic_pool_ready_if_not_living,100,Iceland,RG-100,"Port, municipal, customs, shipping, merchant, labor, and local defense institutions form the provisional government, with traditional or dynastic authority included only where period-correct.",Use the registered tag's sourced real male period leader when valid for the release date and not already active elsewhere. Otherwise use authentic archival material for the actual provisional institution; block the package until a defensible sourced leader or institution is assigned.,"Reuse the registered base flag only when it matches the released identity and origin. Source historical route variants. Generate only clearly alternate, civic, or high-chaos variants.","The compact anchor is used at release. Extended territory remains claims, diplomacy, plebiscites, integration, or formable content. Mixed populations receive rights and autonomy routes.",SRC-HOI4-TAGS | SRC-HOI4-STATES | SRC-CR-TAGS | SRC-EVENT5-ORIGIN | REG-EUR-NW,high,"Rebind state IDs against the installed HOI4 build and current map overrides, rerun the full repository tag collision check, confirm the host retains a valid protected state, and verify final asset provenance."
IW-013,Basque Country,Basque Country,NAV,reuse_registered_tag,automatic_pool_ready_if_unique_state_exists,172,"Navarre, used as the compact Basque anchor in the baseline",RG-172,"Municipal government, civil service, trade unions, chambers of commerce, railway or factory administrations, veterans, and defecting security forces form the provisional cabinet.",Use the registered tag's sourced real male period leader when valid for the release date and not already active elsewhere. Otherwise use authentic archival material for the actual provisional institution; block the package until a defensible sourced leader or institution is assigned.,"Reuse the registered base flag only when it matches the released identity and origin. Source historical route variants. Generate only clearly alternate, civic, or high-chaos variants.","The compact anchor is used at release. Extended territory remains claims, diplomacy, plebiscites, integration, or formable content. Mixed populations receive rights and autonomy routes.",SRC-HOI4-TAGS | SRC-HOI4-STATES | SRC-CR-TAGS | SRC-EVENT5-ORIGIN | REG-MED-IB,medium,"Rebind state IDs against the installed HOI4 build and current map overrides, rerun the full repository tag collision check, confirm the host retains a valid protected state, and verify final asset provenance."
IW-014,Catalonia,Catalonia,CAT,reuse_registered_tag,automatic_pool_ready_if_not_living,165,Catalonia,RG-165,"Port, municipal, customs, shipping, merchant, labor, and local defense institutions form the provisional government, with traditional or dynastic authority included only where period-correct.",Use the registered tag's sourced real male period leader when valid for the release date and not already active elsewhere. Otherwise use authentic archival material for the actual provisional institution; block the package until a defensible sourced leader or institution is assigned.,"Reuse the registered base flag only when it matches the released identity and origin. Source historical route variants. Generate only clearly alternate, civic, or high-chaos variants.","The compact anchor is used at release. Extended territory remains claims, diplomacy, plebiscites, integration, or formable content. Mixed populations receive rights and autonomy routes.",SRC-HOI4-TAGS | SRC-HOI4-STATES | SRC-CR-TAGS | SRC-EVENT5-ORIGIN | REG-MED-IB,high,"Rebind state IDs against the installed HOI4 build and current map overrides, rerun the full repository tag collision check, confirm the host retains a valid protected state, and verify final asset provenance."
IW-015,Galicia,Galicia,GLC,reuse_registered_tag,automatic_pool_ready_if_not_living,171,Galicia,RG-171,"Port, municipal, customs, shipping, merchant, labor, and local defense institutions form the provisional government, with traditional or dynastic authority included only where period-correct.",Use the registered tag's sourced real male period leader when valid for the release date and not already active elsewhere. Otherwise use authentic archival material for the actual provisional institution; block the package until a defensible sourced leader or institution is assigned.,"Reuse the registered base flag only when it matches the released identity and origin. Source historical route variants. Generate only clearly alternate, civic, or high-chaos variants.","The compact anchor is used at release. Extended territory remains claims, diplomacy, plebiscites, integration, or formable content. Mixed populations receive rights and autonomy routes.",SRC-HOI4-TAGS | SRC-HOI4-STATES | SRC-CR-TAGS | SRC-EVENT5-ORIGIN | REG-MED-IB,high,"Rebind state IDs against the installed HOI4 build and current map overrides, rerun the full repository tag collision check, confirm the host retains a valid protected state, and verify final asset provenance."
IW-016,Occitania,Occitania,OCC,reuse_registered_tag,automatic_pool_ready_if_unique_state_exists,22,"Languedoc, used as the compact Occitan anchor",RG-22,"Use regional parties, municipal networks, port authorities, labor, agricultural associations, and exile or autonomy movements. Wider historical crowns remain later routes.",Use the registered tag's sourced real male period leader when valid for the release date and not already active elsewhere. Otherwise use authentic archival material for the actual provisional institution; block the package until a defensible sourced leader or institution is assigned.,"Reuse the registered base flag only when it matches the released identity and origin. Source historical route variants. Generate only clearly alternate, civic, or high-chaos variants.","The compact anchor is used at release. Extended territory remains claims, diplomacy, plebiscites, integration, or formable content. Mixed populations receive rights and autonomy routes.",SRC-HOI4-TAGS | SRC-HOI4-STATES | SRC-CR-TAGS | SRC-EVENT5-ORIGIN | REG-MED-IB,medium,"Rebind state IDs against the installed HOI4 build and current map overrides, rerun the full repository tag collision check, confirm the host retains a valid protected state, and verify final asset provenance."
IW-017,Corsica,Corsica,COR,reuse_registered_tag,automatic_pool_ready_if_not_living,1,Corsica,RG-1,"Port, municipal, customs, shipping, merchant, labor, and local defense institutions form the provisional government, with traditional or dynastic authority included only where period-correct.",Use the registered tag's sourced real male period leader when valid for the release date and not already active elsewhere. Otherwise use authentic archival material for the actual provisional institution; block the package until a defensible sourced leader or institution is assigned.,"Reuse the registered base flag only when it matches the released identity and origin. Source historical route variants. Generate only clearly alternate, civic, or high-chaos variants.","The compact anchor is used at release. Extended territory remains claims, diplomacy, plebiscites, integration, or formable content. Mixed populations receive rights and autonomy routes.",SRC-HOI4-TAGS | SRC-HOI4-STATES | SRC-CR-TAGS | SRC-EVENT5-ORIGIN | REG-MED-IB,high,"Rebind state IDs against the installed HOI4 build and current map overrides, rerun the full repository tag collision check, confirm the host retains a valid protected state, and verify final asset provenance."
IW-018,Sardinia,Sardinia,ARX,reserve_new_event6_X_tag,automatic_pool_ready,114,Sardinia,RG-114,"Port, municipal, customs, shipping, merchant, labor, and local defense institutions form the provisional government, with traditional or dynastic authority included only where period-correct.","Use a provisional assembly, cabinet, municipal council, or congress with regionally sourced institution names. Portraits require sourced real male officeholders or authentic archival material for the actual institution; block the package when neither can be established.","Create a period civic flag from researched regional motifs. Do not use generated text, generic sacred symbols, or an invented historical flag presented as authentic.","The compact anchor is used at release. Extended territory remains claims, diplomacy, plebiscites, integration, or formable content. Mixed populations receive rights and autonomy routes.",SRC-HOI4-TAGS | SRC-HOI4-STATES | SRC-CR-TAGS | SRC-EVENT5-ORIGIN | REG-MED-IB,medium,"Rebind state IDs against the installed HOI4 build and current map overrides, rerun the full repository tag collision check, confirm the host retains a valid protected state, and verify final asset provenance."
IW-019,Sicily,Sicily,ASX,reserve_new_event6_X_tag,automatic_pool_ready,115,Sicily,RG-115,"Port, municipal, customs, shipping, merchant, labor, and local defense institutions form the provisional government, with traditional or dynastic authority included only where period-correct.","Use a provisional assembly, cabinet, municipal council, or congress with regionally sourced institution names. Portraits require sourced real male officeholders or authentic archival material for the actual institution; block the package when neither can be established.","Create a period civic flag from researched regional motifs. Do not use generated text, generic sacred symbols, or an invented historical flag presented as authentic.","The compact anchor is used at release. Extended territory remains claims, diplomacy, plebiscites, integration, or formable content. Mixed populations receive rights and autonomy routes.",SRC-HOI4-TAGS | SRC-HOI4-STATES | SRC-CR-TAGS | SRC-EVENT5-ORIGIN | REG-MED-IB,medium,"Rebind state IDs against the installed HOI4 build and current map overrides, rerun the full repository tag collision check, confirm the host retains a valid protected state, and verify final asset provenance."
IW-020,Venice,Venice,ATX,reserve_new_event6_X_tag,high_chaos_only,160,Veneto,RG-160,"A period royal, customary, or historical institution is joined to a provisional cabinet, municipal administration, veterans, schools, labor, and an assembly. Restoration is a route choice, not an automatic medieval reconstruction.","Use a provisional assembly, cabinet, municipal council, or congress with regionally sourced institution names. Portraits require sourced real male officeholders or authentic archival material for the actual institution; block the package when neither can be established.","Source attested royal, civic, religious, or regional symbols and document faction ownership. The modern baseline may use a restrained generated civic flag when no attested state flag exists.","The compact anchor is used at release. Extended territory remains claims, diplomacy, plebiscites, integration, or formable content. Mixed populations receive rights and autonomy routes.",SRC-HOI4-TAGS | SRC-HOI4-STATES | SRC-CR-TAGS | SRC-EVENT5-ORIGIN | REG-MED-IB,medium,"Rebind state IDs against the installed HOI4 build and current map overrides, rerun the full repository tag collision check, confirm the host retains a valid protected state, and verify final asset provenance."
IW-021,Trieste Free State,Trieste Free State,ICX,reserve_new_event6_X_tag,automatic_pool_ready_if_unique_state_exists,736,"Istria, with Trieste as the required capital location",RG-ADRIATIC-TRIESTE-DALMATIA,"Port, municipal, customs, shipping, merchant, labor, and local defense institutions form the provisional government, with traditional or dynastic authority included only where period-correct.","Use a provisional assembly, cabinet, municipal council, or congress with regionally sourced institution names. Portraits require sourced real male officeholders or authentic archival material for the actual institution; block the package when neither can be established.","Create a period civic flag from researched regional motifs. Do not use generated text, generic sacred symbols, or an invented historical flag presented as authentic.","The compact anchor is used at release. Extended territory remains claims, diplomacy, plebiscites, integration, or formable content. Mixed populations receive rights and autonomy routes.",SRC-HOI4-TAGS | SRC-HOI4-STATES | SRC-CR-TAGS | SRC-EVENT5-ORIGIN | REG-MED-IB,medium,"Rebind state IDs against the installed HOI4 build and current map overrides, rerun the full repository tag collision check, confirm the host retains a valid protected state, and verify final asset provenance."
IW-022,Dalmatia,Dalmatia,,reuse_vanilla_dynamic_country_overlay,vanilla_route_overlay_only,103|163,Dalmatia | Zara,RG-ADRIATIC-TRIESTE-DALMATIA,"Port, municipal, customs, shipping, merchant, labor, and local defense institutions form the provisional government, with traditional or dynastic authority included only where period-correct.","Use a provisional assembly, cabinet, municipal council, or congress with regionally sourced institution names. Portraits require sourced real male officeholders or authentic archival material for the actual institution; block the package when neither can be established.","Create a period civic flag from researched regional motifs. Do not use generated text, generic sacred symbols, or an invented historical flag presented as authentic.","The compact anchor is used at release. Extended territory remains claims, diplomacy, plebiscites, integration, or formable content. Mixed populations receive rights and autonomy routes.",SRC-HOI4-TAGS | SRC-HOI4-STATES | SRC-CR-TAGS | SRC-EVENT5-ORIGIN | REG-MED-IB,medium,"Verify original_tag CRO plus dalmatia cosmetic, preserve YUG dynamic-country creation, and activate the additive overlay once per carrier."
IW-023,Transylvania,Transylvania,TRA,reuse_registered_tag,automatic_pool_ready_if_not_living,84|76,Transylvania | North Transylvania,RG-DANUBE-BORDERLAND,"Named local councils, municipal or district administration, veterans, border forces, transport authorities, and customary institutions where specifically sourced form the provisional government.",Use the registered tag's sourced real male period leader when valid for the release date and not already active elsewhere. Otherwise use authentic archival material for the actual provisional institution; block the package until a defensible sourced leader or institution is assigned.,"Reuse the registered base flag only when it matches the released identity and origin. Source historical route variants. Generate only clearly alternate, civic, or high-chaos variants.","The compact anchor is used at release. Extended territory remains claims, diplomacy, plebiscites, integration, or formable content. Mixed populations receive rights and autonomy routes.",SRC-HOI4-TAGS | SRC-HOI4-STATES | SRC-CR-TAGS | SRC-EVENT5-ORIGIN | REG-BALKAN,high,"Rebind state IDs against the installed HOI4 build and current map overrides, rerun the full repository tag collision check, confirm the host retains a valid protected state, and verify final asset provenance."
IW-024,Banat,Banat,AXX,reserve_new_event6_X_tag,automatic_pool_ready_if_unique_state_exists,82,Banat,RG-DANUBE-BORDERLAND,"Use municipal, provincial, religious, labor, peasant, and veteran institutions with minority guarantees. Mixed states use federal or cantonal opening rules.","Use a provisional assembly, cabinet, municipal council, or congress with regionally sourced institution names. Portraits require sourced real male officeholders or authentic archival material for the actual institution; block the package when neither can be established.","Create a period civic flag from researched regional motifs. Do not use generated text, generic sacred symbols, or an invented historical flag presented as authentic.","The compact anchor is used at release. Extended territory remains claims, diplomacy, plebiscites, integration, or formable content. Mixed populations receive rights and autonomy routes.",SRC-HOI4-TAGS | SRC-HOI4-STATES | SRC-CR-TAGS | SRC-EVENT5-ORIGIN | REG-BALKAN,medium,"Rebind state IDs against the installed HOI4 build and current map overrides, rerun the full repository tag collision check, confirm the host retains a valid protected state, and verify final asset provenance."
IW-025,Vojvodina,Vojvodina,,reuse_vanilla_dynamic_country_overlay,vanilla_route_overlay_only,45,Vojvodina,RG-DANUBE-BORDERLAND,"Use municipal, provincial, religious, labor, peasant, and veteran institutions with minority guarantees. Mixed states use federal or cantonal opening rules.","Use a provisional assembly, cabinet, municipal council, or congress with regionally sourced institution names. Portraits require sourced real male officeholders or authentic archival material for the actual institution; block the package when neither can be established.","Create a period civic flag from researched regional motifs. Do not use generated text, generic sacred symbols, or an invented historical flag presented as authentic.","The compact anchor is used at release. Extended territory remains claims, diplomacy, plebiscites, integration, or formable content. Mixed populations receive rights and autonomy routes.",SRC-HOI4-TAGS | SRC-HOI4-STATES | SRC-CR-TAGS | SRC-EVENT5-ORIGIN | REG-BALKAN,medium,"Verify original_tag HUN plus vojvodina cosmetic, preserve YUG dynamic-country creation, and activate the additive overlay once per carrier."
IW-026,Macedonia,Macedonia,MAC,reuse_registered_tag,automatic_pool_ready_if_not_living,106,Macedonia,RG-106,"Named local councils, municipal or district administration, veterans, border forces, transport authorities, and customary institutions where specifically sourced form the provisional government.",Use the registered tag's sourced real male period leader when valid for the release date and not already active elsewhere. Otherwise use authentic archival material for the actual provisional institution; block the package until a defensible sourced leader or institution is assigned.,"Reuse the registered base flag only when it matches the released identity and origin. Source historical route variants. Generate only clearly alternate, civic, or high-chaos variants.","The compact anchor is used at release. Extended territory remains claims, diplomacy, plebiscites, integration, or formable content. Mixed populations receive rights and autonomy routes.",SRC-HOI4-TAGS | SRC-HOI4-STATES | SRC-CR-TAGS | SRC-EVENT5-ORIGIN | REG-BALKAN,high,"Rebind state IDs against the installed HOI4 build and current map overrides, rerun the full repository tag collision check, confirm the host retains a valid protected state, and verify final asset provenance."
IW-027,Thrace,Thrace,BAX,reserve_new_event6_X_tag,automatic_pool_ready_if_unique_state_exists,184,Thrace,RG-184,"Use municipal, provincial, religious, labor, peasant, and veteran institutions with minority guarantees. Mixed states use federal or cantonal opening rules.","Use a provisional assembly, cabinet, municipal council, or congress with regionally sourced institution names. Portraits require sourced real male officeholders or authentic archival material for the actual institution; block the package when neither can be established.","Create a period civic flag from researched regional motifs. Do not use generated text, generic sacred symbols, or an invented historical flag presented as authentic.","The compact anchor is used at release. Extended territory remains claims, diplomacy, plebiscites, integration, or formable content. Mixed populations receive rights and autonomy routes.",SRC-HOI4-TAGS | SRC-HOI4-STATES | SRC-CR-TAGS | SRC-EVENT5-ORIGIN | REG-BALKAN,medium,"Rebind state IDs against the installed HOI4 build and current map overrides, rerun the full repository tag collision check, confirm the host retains a valid protected state, and verify final asset provenance."
IW-028,Epirus,Epirus,BBX,reserve_new_event6_X_tag,automatic_pool_ready_if_unique_state_exists,185,Epirus,RG-185,"Named local councils, municipal or district administration, veterans, border forces, transport authorities, and customary institutions where specifically sourced form the provisional government.","Use a provisional assembly, cabinet, municipal council, or congress with regionally sourced institution names. Portraits require sourced real male officeholders or authentic archival material for the actual institution; block the package when neither can be established.","Create a period civic flag from researched regional motifs. Do not use generated text, generic sacred symbols, or an invented historical flag presented as authentic.","The compact anchor is used at release. Extended territory remains claims, diplomacy, plebiscites, integration, or formable content. Mixed populations receive rights and autonomy routes.",SRC-HOI4-TAGS | SRC-HOI4-STATES | SRC-CR-TAGS | SRC-EVENT5-ORIGIN | REG-BALKAN,medium,"Rebind state IDs against the installed HOI4 build and current map overrides, rerun the full repository tag collision check, confirm the host retains a valid protected state, and verify final asset provenance."
IW-029,Bosnia,Bosnia,BOS,reuse_registered_tag,automatic_pool_ready_if_not_living,104,Bosnia,RG-104,"Named local councils, municipal or district administration, veterans, border forces, transport authorities, and customary institutions where specifically sourced form the provisional government.",Use the registered tag's sourced real male period leader when valid for the release date and not already active elsewhere. Otherwise use authentic archival material for the actual provisional institution; block the package until a defensible sourced leader or institution is assigned.,"Reuse the registered base flag only when it matches the released identity and origin. Source historical route variants. Generate only clearly alternate, civic, or high-chaos variants.","The compact anchor is used at release. Extended territory remains claims, diplomacy, plebiscites, integration, or formable content. Mixed populations receive rights and autonomy routes.",SRC-HOI4-TAGS | SRC-HOI4-STATES | SRC-CR-TAGS | SRC-EVENT5-ORIGIN | REG-BALKAN,high,"Rebind state IDs against the installed HOI4 build and current map overrides, rerun the full repository tag collision check, confirm the host retains a valid protected state, and verify final asset provenance."
IW-030,Montenegro,Montenegro,MNT,reuse_registered_tag,automatic_pool_ready_if_not_living,105,Montenegro,RG-105,"Named local councils, municipal or district administration, veterans, border forces, transport authorities, and customary institutions where specifically sourced form the provisional government.",Use the registered tag's sourced real male period leader when valid for the release date and not already active elsewhere. Otherwise use authentic archival material for the actual provisional institution; block the package until a defensible sourced leader or institution is assigned.,"Reuse the registered base flag only when it matches the released identity and origin. Source historical route variants. Generate only clearly alternate, civic, or high-chaos variants.","The compact anchor is used at release. Extended territory remains claims, diplomacy, plebiscites, integration, or formable content. Mixed populations receive rights and autonomy routes.",SRC-HOI4-TAGS | SRC-HOI4-STATES | SRC-CR-TAGS | SRC-EVENT5-ORIGIN | REG-BALKAN,high,"Rebind state IDs against the installed HOI4 build and current map overrides, rerun the full repository tag collision check, confirm the host retains a valid protected state, and verify final asset provenance."
IW-031,Kosovo,Kosovo,KOS,reuse_registered_tag,automatic_pool_ready_if_unique_state_exists,,"Kosovo has no unique state in the public 763-state baseline, use a current-map Kosovo state only",RG-DANUBE-BORDERLAND,"Use municipal, provincial, religious, labor, peasant, and veteran institutions with minority guarantees. Mixed states use federal or cantonal opening rules.",Use the registered tag's sourced real male period leader when valid for the release date and not already active elsewhere. Otherwise use authentic archival material for the actual provisional institution; block the package until a defensible sourced leader or institution is assigned.,"Reuse the registered base flag only when it matches the released identity and origin. Source historical route variants. Generate only clearly alternate, civic, or high-chaos variants.","The compact anchor is used at release. Extended territory remains claims, diplomacy, plebiscites, integration, or formable content. Mixed populations receive rights and autonomy routes.",SRC-HOI4-TAGS | SRC-HOI4-STATES | SRC-CR-TAGS | SRC-EVENT5-ORIGIN | REG-BALKAN,medium,"Rebind state IDs against the installed HOI4 build and current map overrides, rerun the full repository tag collision check, confirm the host retains a valid protected state, and verify final asset provenance."
IW-032,Slavonia,Slavonia,BFX,reserve_new_event6_X_tag,automatic_pool_ready_if_unique_state_exists,109,"Croatia, with a Slavonia substate required before automatic use",RG-DANUBE-BORDERLAND,"Use municipal, provincial, religious, labor, peasant, and veteran institutions with minority guarantees. Mixed states use federal or cantonal opening rules.","Use a provisional assembly, cabinet, municipal council, or congress with regionally sourced institution names. Portraits require sourced real male officeholders or authentic archival material for the actual institution; block the package when neither can be established.","Create a period civic flag from researched regional motifs. Do not use generated text, generic sacred symbols, or an invented historical flag presented as authentic.","The compact anchor is used at release. Extended territory remains claims, diplomacy, plebiscites, integration, or formable content. Mixed populations receive rights and autonomy routes.",SRC-HOI4-TAGS | SRC-HOI4-STATES | SRC-CR-TAGS | SRC-EVENT5-ORIGIN | REG-BALKAN,medium,"Rebind state IDs against the installed HOI4 build and current map overrides, rerun the full repository tag collision check, confirm the host retains a valid protected state, and verify final asset provenance."
IW-033,Karelia,Karelia,KAR,reuse_registered_tag,automatic_pool_ready_if_not_living,146,Karjala,RG-146,"Use local soviets, zemstvo or municipal administration, veterans, railway authorities, national councils, and border commissions. Event 5 overlap always retains Event 6 origin.",Use the registered tag's sourced real male period leader when valid for the release date and not already active elsewhere. Otherwise use authentic archival material for the actual provisional institution; block the package until a defensible sourced leader or institution is assigned.,"Reuse the registered base flag only when it matches the released identity and origin. Source historical route variants. Generate only clearly alternate, civic, or high-chaos variants.","The compact anchor is used at release. Extended territory remains claims, diplomacy, plebiscites, integration, or formable content. Mixed populations receive rights and autonomy routes.",SRC-HOI4-TAGS | SRC-HOI4-STATES | SRC-CR-TAGS | SRC-EVENT5-ORIGIN | REG-EUR-EAST,high,"Rebind state IDs against the installed HOI4 build and current map overrides, rerun the full repository tag collision check, confirm the host retains a valid protected state, and verify final asset provenance."
IW-034,Ingria,Ingria,BHX,reserve_new_event6_X_tag,formable_or_route_only,195,"Leningrad, which is protected as a host capital in normal play",RG-BALTIC-LIVONIA,"Use local soviets, zemstvo or municipal administration, veterans, railway authorities, national councils, and border commissions. Event 5 overlap always retains Event 6 origin.","Use a provisional assembly, cabinet, municipal council, or congress with regionally sourced institution names. Portraits require sourced real male officeholders or authentic archival material for the actual institution; block the package when neither can be established.","Create a period civic flag from researched regional motifs. Do not use generated text, generic sacred symbols, or an invented historical flag presented as authentic.","The compact anchor is used at release. Extended territory remains claims, diplomacy, plebiscites, integration, or formable content. Mixed populations receive rights and autonomy routes.",SRC-HOI4-TAGS | SRC-HOI4-STATES | SRC-CR-TAGS | SRC-EVENT5-ORIGIN | REG-EUR-EAST,resolved_by_restriction,"Rebind state IDs against the installed HOI4 build and current map overrides, rerun the full repository tag collision check, confirm the host retains a valid protected state, and verify final asset provenance."
IW-035,Livonia,Livonia,,reuse_vanilla_cosmetic_overlay,vanilla_route_overlay_only,12|191,"Vidzeme | Tartu, used only for a negotiated Livonian formable",RG-BALTIC-LIVONIA,"A period royal, customary, or historical institution is joined to a provisional cabinet, municipal administration, veterans, schools, labor, and an assembly. Restoration is a route choice, not an automatic medieval reconstruction.","Use a provisional assembly, cabinet, municipal council, or congress with regionally sourced institution names. Portraits require sourced real male officeholders or authentic archival material for the actual institution; block the package when neither can be established.","Source attested royal, civic, religious, or regional symbols and document faction ownership. The modern baseline may use a restrained generated civic flag when no attested state flag exists.","The compact anchor is used at release. Extended territory remains claims, diplomacy, plebiscites, integration, or formable content. Mixed populations receive rights and autonomy routes.",SRC-HOI4-TAGS | SRC-HOI4-STATES | SRC-CR-TAGS | SRC-EVENT5-ORIGIN | REG-EUR-EAST,resolved_by_restriction,"Verify LIT with the LIVONIA cosmetic, preserve the Lithuania route and cores, reject UBD substitution, and activate once per carrier."
IW-036,Courland,Courland,BJX,reserve_new_event6_X_tag,automatic_pool_ready_if_unique_state_exists,190,Kurzeme,RG-BALTIC-LIVONIA,"A period royal, customary, or historical institution is joined to a provisional cabinet, municipal administration, veterans, schools, labor, and an assembly. Restoration is a route choice, not an automatic medieval reconstruction.","Use a provisional assembly, cabinet, municipal council, or congress with regionally sourced institution names. Portraits require sourced real male officeholders or authentic archival material for the actual institution; block the package when neither can be established.","Source attested royal, civic, religious, or regional symbols and document faction ownership. The modern baseline may use a restrained generated civic flag when no attested state flag exists.","The compact anchor is used at release. Extended territory remains claims, diplomacy, plebiscites, integration, or formable content. Mixed populations receive rights and autonomy routes.",SRC-HOI4-TAGS | SRC-HOI4-STATES | SRC-CR-TAGS | SRC-EVENT5-ORIGIN | REG-EUR-EAST,medium,"Rebind state IDs against the installed HOI4 build and current map overrides, rerun the full repository tag collision check, confirm the host retains a valid protected state, and verify final asset provenance."
IW-037,Polesia,Polesia,BKX,reserve_new_event6_X_tag,automatic_pool_ready_if_unique_state_exists,94,Polesie,RG-94,"Use local soviets, zemstvo or municipal administration, veterans, railway authorities, national councils, and border commissions. Event 5 overlap always retains Event 6 origin.","Use a provisional assembly, cabinet, municipal council, or congress with regionally sourced institution names. Portraits require sourced real male officeholders or authentic archival material for the actual institution; block the package when neither can be established.","Create a period civic flag from researched regional motifs. Do not use generated text, generic sacred symbols, or an invented historical flag presented as authentic.","The compact anchor is used at release. Extended territory remains claims, diplomacy, plebiscites, integration, or formable content. Mixed populations receive rights and autonomy routes.",SRC-HOI4-TAGS | SRC-HOI4-STATES | SRC-CR-TAGS | SRC-EVENT5-ORIGIN | REG-EUR-EAST,medium,"Rebind state IDs against the installed HOI4 build and current map overrides, rerun the full repository tag collision check, confirm the host retains a valid protected state, and verify final asset provenance."
IW-038,Ruthenia,Ruthenia,RUT,reuse_registered_tag,automatic_pool_ready_if_unique_state_exists,73,Carpathian Ruthenia,RG-73,"Named local councils, municipal or district administration, veterans, border forces, transport authorities, and customary institutions where specifically sourced form the provisional government.","Use a provisional assembly, cabinet, municipal council, or congress with regionally sourced institution names. Portraits require sourced real male officeholders or authentic archival material for the actual institution; block the package when neither can be established.","Create a period civic flag from researched regional motifs. Do not use generated text, generic sacred symbols, or an invented historical flag presented as authentic.","The compact anchor is used at release. Extended territory remains claims, diplomacy, plebiscites, integration, or formable content. Mixed populations receive rights and autonomy routes.",SRC-HOI4-TAGS | SRC-HOI4-STATES | SRC-CR-TAGS | SRC-EVENT5-ORIGIN | REG-EUR-EAST,medium,"Verify dormant RUT reuse, package-origin gates, and explicit branches around the CZE release, OOB, player-switch, and CZE-origin AI assumptions."
IW-039,Cossack Don,Cossack Don,DON,reuse_registered_tag,automatic_pool_ready_if_not_living,245|238,Millerovo | Volgodonsk,RG-DON-KUBAN,"Named local councils, municipal or district administration, veterans, border forces, transport authorities, and customary institutions where specifically sourced form the provisional government.",Use the registered tag's sourced real male period leader when valid for the release date and not already active elsewhere. Otherwise use authentic archival material for the actual provisional institution; block the package until a defensible sourced leader or institution is assigned.,"Reuse the registered base flag only when it matches the released identity and origin. Source historical route variants. Generate only clearly alternate, civic, or high-chaos variants.","The compact anchor is used at release. Extended territory remains claims, diplomacy, plebiscites, integration, or formable content. Mixed populations receive rights and autonomy routes.",SRC-HOI4-TAGS | SRC-HOI4-STATES | SRC-CR-TAGS | SRC-EVENT5-ORIGIN | REG-EUR-EAST,high,"Rebind state IDs against the installed HOI4 build and current map overrides, rerun the full repository tag collision check, confirm the host retains a valid protected state, and verify final asset provenance."
IW-040,Kuban Cossack Host,Kuban Cossack Host,KUB,reuse_registered_tag,automatic_pool_ready_if_not_living,234,Krasnodar,RG-DON-KUBAN,"Named local councils, municipal or district administration, veterans, border forces, transport authorities, and customary institutions where specifically sourced form the provisional government.",Use the registered tag's sourced real male period leader when valid for the release date and not already active elsewhere. Otherwise use authentic archival material for the actual provisional institution; block the package until a defensible sourced leader or institution is assigned.,"Reuse the registered base flag only when it matches the released identity and origin. Source historical route variants. Generate only clearly alternate, civic, or high-chaos variants.","The compact anchor is used at release. Extended territory remains claims, diplomacy, plebiscites, integration, or formable content. Mixed populations receive rights and autonomy routes.",SRC-HOI4-TAGS | SRC-HOI4-STATES | SRC-CR-TAGS | SRC-EVENT5-ORIGIN | REG-EUR-EAST,high,"Rebind state IDs against the installed HOI4 build and current map overrides, rerun the full repository tag collision check, confirm the host retains a valid protected state, and verify final asset provenance."
IW-041,Crimean Tatar state,Crimean Tatar Republic,CRI,reuse_registered_tag,automatic_pool_ready_if_not_living,137,Crimea,RG-137,"Use local soviets, zemstvo or municipal administration, veterans, railway authorities, national councils, and border commissions. Event 5 overlap always retains Event 6 origin.",Use the registered tag's sourced real male period leader when valid for the release date and not already active elsewhere. Otherwise use authentic archival material for the actual provisional institution; block the package until a defensible sourced leader or institution is assigned.,"Reuse the registered base flag only when it matches the released identity and origin. Source historical route variants. Generate only clearly alternate, civic, or high-chaos variants.","The compact anchor is used at release. Extended territory remains claims, diplomacy, plebiscites, integration, or formable content. Mixed populations receive rights and autonomy routes.",SRC-HOI4-TAGS | SRC-HOI4-STATES | SRC-CR-TAGS | SRC-EVENT5-ORIGIN | REG-EUR-EAST,high,"Rebind state IDs against the installed HOI4 build and current map overrides, rerun the full repository tag collision check, confirm the host retains a valid protected state, and verify final asset provenance."
IW-042,Galicia-Lodomeria,Galicia-Lodomeria,GAL,reuse_registered_tag,high_chaos_only,91|89,Lwow | Stanislawow,RG-91-89,"A period royal, customary, or historical institution is joined to a provisional cabinet, municipal administration, veterans, schools, labor, and an assembly. Restoration is a route choice, not an automatic medieval reconstruction.","Use a provisional assembly, cabinet, municipal council, or congress with regionally sourced institution names. Portraits require sourced real male officeholders or authentic archival material for the actual institution; block the package when neither can be established.","Source attested royal, civic, religious, or regional symbols and document faction ownership. The modern baseline may use a restrained generated civic flag when no attested state flag exists.","The compact anchor is used at release. Extended territory remains claims, diplomacy, plebiscites, integration, or formable content. Mixed populations receive rights and autonomy routes.",SRC-HOI4-TAGS | SRC-HOI4-STATES | SRC-CR-TAGS | SRC-EVENT5-ORIGIN | REG-EUR-EAST,medium,"Verify dormant GAL reuse and package-origin gates while preserving the vanilla CZE core grant and GAL history."
IW-043,Volga Bulgaria,Volga Bulgaria,CHU,reuse_registered_tag,high_chaos_only,249|256,Kazan | Cheboksary,RG-MIDDLE-VOLGA-KAZAN,"A modern Volga congress links Tatar, Bashkir, Chuvash, Mari, Udmurt, and other regional delegates. Volga Bulgaria is a later restoration route, not a medieval ruler recreation.","A modern Volga congress links Tatar, Bashkir, Chuvash, Mari, Udmurt, and other regional delegates. Volga Bulgaria is a later restoration route, not a medieval ruler recreation.",Use Bolgar archaeological and Tatar Muslim heritage as a sourced route motif. The automatic opening uses a modern civic seal. Do not present a reconstructed medieval flag as settled fact.,"The compact anchor is used at release. Extended territory remains claims, diplomacy, plebiscites, integration, or formable content. Mixed populations receive rights and autonomy routes.",SRC-HOI4-TAGS | SRC-HOI4-STATES | SRC-CR-TAGS | SRC-EVENT5-ORIGIN | REG-VOLGA-SIB | SIG-VOLGA,high,"Verify dormant CHU reuse, mutually exclusive IW-043 and IW-046 origins, shared reservation, route localisation, and intended Idel-Ural eligibility."
IW-044,Tatarstan,Tatarstan,TAT,reuse_registered_tag,automatic_pool_ready_if_not_living,249,Kazan,RG-MIDDLE-VOLGA-KAZAN,"A founding congress of named member regions or communities adopts representation, veto, autonomy, revenue, and defense clauses before any wider federation can form.",Use the registered tag's sourced real male period leader when valid for the release date and not already active elsewhere. Otherwise use authentic archival material for the actual provisional institution; block the package until a defensible sourced leader or institution is assigned.,"Reuse the registered base flag only when it matches the released identity and origin. Source historical route variants. Generate only clearly alternate, civic, or high-chaos variants.","The compact anchor is used at release. Extended territory remains claims, diplomacy, plebiscites, integration, or formable content. Mixed populations receive rights and autonomy routes.",SRC-HOI4-TAGS | SRC-HOI4-STATES | SRC-CR-TAGS | SRC-EVENT5-ORIGIN | REG-VOLGA-SIB,high,"Rebind state IDs against the installed HOI4 build and current map overrides, rerun the full repository tag collision check, confirm the host retains a valid protected state, and verify final asset provenance."
IW-045,Bashkiria,Bashkiria,BSK,reuse_registered_tag,automatic_pool_ready_if_not_living,651,Ufa,RG-651,"A founding congress of named member regions or communities adopts representation, veto, autonomy, revenue, and defense clauses before any wider federation can form.",Use the registered tag's sourced real male period leader when valid for the release date and not already active elsewhere. Otherwise use authentic archival material for the actual provisional institution; block the package until a defensible sourced leader or institution is assigned.,"Reuse the registered base flag only when it matches the released identity and origin. Source historical route variants. Generate only clearly alternate, civic, or high-chaos variants.","The compact anchor is used at release. Extended territory remains claims, diplomacy, plebiscites, integration, or formable content. Mixed populations receive rights and autonomy routes.",SRC-HOI4-TAGS | SRC-HOI4-STATES | SRC-CR-TAGS | SRC-EVENT5-ORIGIN | REG-VOLGA-SIB,high,"Rebind state IDs against the installed HOI4 build and current map overrides, rerun the full repository tag collision check, confirm the host retains a valid protected state, and verify final asset provenance."
IW-046,Chuvashia,Chuvashia,CHU,reuse_registered_tag,automatic_pool_ready_if_not_living,256,Cheboksary,RG-MIDDLE-VOLGA-KAZAN,"A founding congress of named member regions or communities adopts representation, veto, autonomy, revenue, and defense clauses before any wider federation can form.",Use the registered tag's sourced real male period leader when valid for the release date and not already active elsewhere. Otherwise use authentic archival material for the actual provisional institution; block the package until a defensible sourced leader or institution is assigned.,"Reuse the registered base flag only when it matches the released identity and origin. Source historical route variants. Generate only clearly alternate, civic, or high-chaos variants.","The compact anchor is used at release. Extended territory remains claims, diplomacy, plebiscites, integration, or formable content. Mixed populations receive rights and autonomy routes.",SRC-HOI4-TAGS | SRC-HOI4-STATES | SRC-CR-TAGS | SRC-EVENT5-ORIGIN | REG-VOLGA-SIB,high,"Rebind state IDs against the installed HOI4 build and current map overrides, rerun the full repository tag collision check, confirm the host retains a valid protected state, and verify final asset provenance."
IW-047,Mari El,Mari El,MEL,reuse_registered_tag,automatic_pool_ready_if_unique_state_exists,833,"Mari El, Yoshkar-Ola",RG-MIDDLE-VOLGA-KAZAN,"Use autonomous-republic institutions, national congresses, railway and industrial administrations, local soviets, cultural associations, and regional military districts. Ancient restorations are later routes.",Use the registered tag's sourced real male period leader when valid for the release date and not already active elsewhere. Otherwise use authentic archival material for the actual provisional institution; block the package until a defensible sourced leader or institution is assigned.,"Reuse the registered base flag only when it matches the released identity and origin. Source historical route variants. Generate only clearly alternate, civic, or high-chaos variants.","The compact anchor is used at release. Extended territory remains claims, diplomacy, plebiscites, integration, or formable content. Mixed populations receive rights and autonomy routes.",SRC-HOI4-TAGS | SRC-HOI4-STATES | SRC-CR-TAGS | SRC-EVENT5-ORIGIN | REG-VOLGA-SIB,medium,"Installed state history and map inspection confirm state 833 as the current Mari El anchor; state 256 remains Chuvashia and is not a MEL alias. Re-run the full repository tag collision check and verify final asset provenance before admission."
IW-048,Udmurtia,Udmurtia,UDM,reuse_registered_tag,automatic_pool_ready_if_not_living,399,Izhevsk,RG-399,"Municipal government, civil service, trade unions, chambers of commerce, railway or factory administrations, veterans, and defecting security forces form the provisional cabinet.",Use the registered tag's sourced real male period leader when valid for the release date and not already active elsewhere. Otherwise use authentic archival material for the actual provisional institution; block the package until a defensible sourced leader or institution is assigned.,"Reuse the registered base flag only when it matches the released identity and origin. Source historical route variants. Generate only clearly alternate, civic, or high-chaos variants.","The compact anchor is used at release. Extended territory remains claims, diplomacy, plebiscites, integration, or formable content. Mixed populations receive rights and autonomy routes.",SRC-HOI4-TAGS | SRC-HOI4-STATES | SRC-CR-TAGS | SRC-EVENT5-ORIGIN | REG-VOLGA-SIB,high,"Rebind state IDs against the installed HOI4 build and current map overrides, rerun the full repository tag collision check, confirm the host retains a valid protected state, and verify final asset provenance."
IW-049,Mordovia,Erzya-Moksha Federal Republic,BWX,reserve_new_event6_X_tag,automatic_pool_ready_if_unique_state_exists,,"Mordovia or Penza map group, current-map split required",RG-MORDOVIA,"Use autonomous-republic institutions, national congresses, railway and industrial administrations, local soviets, cultural associations, and regional military districts. Ancient restorations are later routes.","Use a provisional assembly, cabinet, municipal council, or congress with regionally sourced institution names. Portraits require sourced real male officeholders or authentic archival material for the actual institution; block the package when neither can be established.","Create a period civic flag from researched regional motifs. Do not use generated text, generic sacred symbols, or an invented historical flag presented as authentic.","The compact anchor is used at release. Extended territory remains claims, diplomacy, plebiscites, integration, or formable content. Mixed populations receive rights and autonomy routes.",SRC-HOI4-TAGS | SRC-HOI4-STATES | SRC-CR-TAGS | SRC-EVENT5-ORIGIN | REG-VOLGA-SIB,medium,"Rebind state IDs against the installed HOI4 build and current map overrides, rerun the full repository tag collision check, confirm the host retains a valid protected state, and verify final asset provenance."
IW-050,Komi,Komi,KOM,reuse_registered_tag,automatic_pool_ready_if_not_living,397,Syktyvkar,RG-397,"Use autonomous-republic institutions, national congresses, railway and industrial administrations, local soviets, cultural associations, and regional military districts. Ancient restorations are later routes.",Use the registered tag's sourced real male period leader when valid for the release date and not already active elsewhere. Otherwise use authentic archival material for the actual provisional institution; block the package until a defensible sourced leader or institution is assigned.,"Reuse the registered base flag only when it matches the released identity and origin. Source historical route variants. Generate only clearly alternate, civic, or high-chaos variants.","The compact anchor is used at release. Extended territory remains claims, diplomacy, plebiscites, integration, or formable content. Mixed populations receive rights and autonomy routes.",SRC-HOI4-TAGS | SRC-HOI4-STATES | SRC-CR-TAGS | SRC-EVENT5-ORIGIN | REG-VOLGA-SIB,high,"Rebind state IDs against the installed HOI4 build and current map overrides, rerun the full repository tag collision check, confirm the host retains a valid protected state, and verify final asset provenance."
IW-051,Sakha,Sakha,YAK,reuse_registered_tag,automatic_pool_ready_if_not_living,574,Yakutsk,RG-574,"Named local councils, municipal or district administration, veterans, border forces, transport authorities, and customary institutions where specifically sourced form the provisional government.",Use the registered tag's sourced real male period leader when valid for the release date and not already active elsewhere. Otherwise use authentic archival material for the actual provisional institution; block the package until a defensible sourced leader or institution is assigned.,"Reuse the registered base flag only when it matches the released identity and origin. Source historical route variants. Generate only clearly alternate, civic, or high-chaos variants.","The compact anchor is used at release. Extended territory remains claims, diplomacy, plebiscites, integration, or formable content. Mixed populations receive rights and autonomy routes.",SRC-HOI4-TAGS | SRC-HOI4-STATES | SRC-CR-TAGS | SRC-EVENT5-ORIGIN | REG-VOLGA-SIB,high,"Rebind state IDs against the installed HOI4 build and current map overrides, rerun the full repository tag collision check, confirm the host retains a valid protected state, and verify final asset provenance."
IW-052,Buryatia,Buryatia,BYA,reuse_registered_tag,automatic_pool_ready_if_not_living,564,Ulan Ude,RG-564,"Named local councils, municipal or district administration, veterans, border forces, transport authorities, and customary institutions where specifically sourced form the provisional government.",Use the registered tag's sourced real male period leader when valid for the release date and not already active elsewhere. Otherwise use authentic archival material for the actual provisional institution; block the package until a defensible sourced leader or institution is assigned.,"Reuse the registered base flag only when it matches the released identity and origin. Source historical route variants. Generate only clearly alternate, civic, or high-chaos variants.","The compact anchor is used at release. Extended territory remains claims, diplomacy, plebiscites, integration, or formable content. Mixed populations receive rights and autonomy routes.",SRC-HOI4-TAGS | SRC-HOI4-STATES | SRC-CR-TAGS | SRC-EVENT5-ORIGIN | REG-VOLGA-SIB,high,"Rebind state IDs against the installed HOI4 build and current map overrides, rerun the full repository tag collision check, confirm the host retains a valid protected state, and verify final asset provenance."
IW-053,Altai,Altai,ALT,reuse_registered_tag,automatic_pool_ready_if_not_living,654|40,Gorno-Altaysk | Barnaul,RG-654-40,"Named local councils, municipal or district administration, veterans, border forces, transport authorities, and customary institutions where specifically sourced form the provisional government.",Use the registered tag's sourced real male period leader when valid for the release date and not already active elsewhere. Otherwise use authentic archival material for the actual provisional institution; block the package until a defensible sourced leader or institution is assigned.,"Reuse the registered base flag only when it matches the released identity and origin. Source historical route variants. Generate only clearly alternate, civic, or high-chaos variants.","The compact anchor is used at release. Extended territory remains claims, diplomacy, plebiscites, integration, or formable content. Mixed populations receive rights and autonomy routes.",SRC-HOI4-TAGS | SRC-HOI4-STATES | SRC-CR-TAGS | SRC-EVENT5-ORIGIN | REG-VOLGA-SIB,high,"Rebind state IDs against the installed HOI4 build and current map overrides, rerun the full repository tag collision check, confirm the host retains a valid protected state, and verify final asset provenance."
IW-054,Khakassia,Khakassia,KHA,reuse_registered_tag,automatic_pool_ready_if_unique_state_exists,,"Khakass or Minusinsk map group, current-map state required",RG-KHAKASSIA,"Use autonomous-republic institutions, national congresses, railway and industrial administrations, local soviets, cultural associations, and regional military districts. Ancient restorations are later routes.",Use the registered tag's sourced real male period leader when valid for the release date and not already active elsewhere. Otherwise use authentic archival material for the actual provisional institution; block the package until a defensible sourced leader or institution is assigned.,"Reuse the registered base flag only when it matches the released identity and origin. Source historical route variants. Generate only clearly alternate, civic, or high-chaos variants.","The compact anchor is used at release. Extended territory remains claims, diplomacy, plebiscites, integration, or formable content. Mixed populations receive rights and autonomy routes.",SRC-HOI4-TAGS | SRC-HOI4-STATES | SRC-CR-TAGS | SRC-EVENT5-ORIGIN | REG-VOLGA-SIB,medium,"Rebind state IDs against the installed HOI4 build and current map overrides, rerun the full repository tag collision check, confirm the host retains a valid protected state, and verify final asset provenance."
IW-055,Nenets state,Nenetsia,NEN,reuse_registered_tag,specific_community_variant_only,579,"Salekhard, used only when a distinct Nenets or Yamalo-Nenets package exists",RG-579,Use a Nenets autonomous congress tied to one viable state. Do not grant a maximal Arctic corridor.,"Use a sourced real male period leader from the exact named community package or authentic archival material for the actual institution. A fictional person, generated council, or generic portrait cannot represent a broad real identity; block the package if no defensible source exists.",Use a symbol attested for the exact named community or institution. Do not invent a pan-identity flag or repurpose sacred and ceremonial symbols. Alternate routes may use clearly documented fictional civic designs.,Use a Nenets autonomous congress tied to one viable state. Do not grant a maximal Arctic corridor.,SRC-HOI4-TAGS | SRC-HOI4-STATES | SRC-CR-TAGS | SRC-EVENT5-ORIGIN | REG-VOLGA-SIB | ETH-ARCTIC,resolved_by_restriction,"Rebind state IDs against the installed HOI4 build and current map overrides, rerun the full repository tag collision check, confirm the host retains a valid protected state, and verify final asset provenance."
IW-056,Evenk state,Evenkia,EVE,reuse_registered_tag,specific_community_variant_only,,"Evenkia river-settlement map group, current-map state required",RG-EVENK-STATE,Use a named Evenk district or river council. Do not treat all Evenki territory as one continuous state.,"Use a sourced real male period leader from the exact named community package or authentic archival material for the actual institution. A fictional person, generated council, or generic portrait cannot represent a broad real identity; block the package if no defensible source exists.",Use a symbol attested for the exact named community or institution. Do not invent a pan-identity flag or repurpose sacred and ceremonial symbols. Alternate routes may use clearly documented fictional civic designs.,Use a named Evenk district or river council. Do not treat all Evenki territory as one continuous state.,SRC-HOI4-TAGS | SRC-HOI4-STATES | SRC-CR-TAGS | SRC-EVENT5-ORIGIN | REG-VOLGA-SIB | ETH-ARCTIC,resolved_by_restriction,"Rebind state IDs against the installed HOI4 build and current map overrides, rerun the full repository tag collision check, confirm the host retains a valid protected state, and verify final asset provenance."
IW-057,Far Eastern Republic,Far Eastern Republic,FER,reuse_registered_tag,automatic_pool_ready_if_not_living,408|409,Vladivostok | Khabarovsk,RG-408-409,"Port, municipal, customs, shipping, merchant, labor, and local defense institutions form the provisional government, with traditional or dynastic authority included only where period-correct.",Use the registered tag's sourced real male period leader when valid for the release date and not already active elsewhere. Otherwise use authentic archival material for the actual provisional institution; block the package until a defensible sourced leader or institution is assigned.,"Reuse the registered base flag only when it matches the released identity and origin. Source historical route variants. Generate only clearly alternate, civic, or high-chaos variants.","The compact anchor is used at release. Extended territory remains claims, diplomacy, plebiscites, integration, or formable content. Mixed populations receive rights and autonomy routes.",SRC-HOI4-TAGS | SRC-HOI4-STATES | SRC-CR-TAGS | SRC-EVENT5-ORIGIN | REG-VOLGA-SIB,high,"Rebind state IDs against the installed HOI4 build and current map overrides, rerun the full repository tag collision check, confirm the host retains a valid protected state, and verify final asset provenance."
IW-058,Assyria,Assyria,ASY,reuse_registered_tag,high_chaos_only,676,Mosul,RG-NORTHERN-MESOPOTAMIA,"Use a provisional national council with church, secular, diaspora, and Assyrian Levies representation. Real leaders and portraits require item-level source work.","Use a provisional national council with church, secular, diaspora, and Assyrian Levies representation. Real leaders and portraits require item-level source work.","Use sourced Assyrian movement, church, and Levies symbols only after faction attribution is clear. Route flags must distinguish community-wide and faction-specific symbols.","Use Assyrian as the public state identity while protecting Assyrian, Chaldean, Syriac, and Aramean self-identification through route and community guarantees.",SRC-HOI4-TAGS | SRC-HOI4-STATES | SRC-CR-TAGS | SRC-EVENT5-ORIGIN | REG-CAUC-MESO | SIG-ASSYRIA,high,"Rebind state IDs against the installed HOI4 build and current map overrides, rerun the full repository tag collision check, confirm the host retains a valid protected state, and verify final asset provenance."
IW-059,Mesopotamia,Mesopotamian Federation,,reuse_vanilla_formable_overlay,vanilla_route_overlay_only,291,Baghdad,RG-LEVANT-MESOPOTAMIA-COARSE,"Use a Baghdad civic cabinet influenced by the al-Ahali reform milieu, municipal administration, labor, river provinces, and minority guarantees. Ancient revival appears only on a high-chaos route.","Use a Baghdad civic cabinet influenced by the al-Ahali reform milieu, municipal administration, labor, river provinces, and minority guarantees. Ancient revival appears only on a high-chaos route.","Use a modern river, civic, and constitutional emblem for the baseline. Ancient Mesopotamian imagery is reserved for clearly fictional high-chaos routes.","The compact anchor is used at release. Extended territory remains claims, diplomacy, plebiscites, integration, or formable content. Mixed populations receive rights and autonomy routes.",SRC-HOI4-TAGS | SRC-HOI4-STATES | SRC-CR-TAGS | SRC-EVENT5-ORIGIN | REG-CAUC-MESO | SIG-MESO,high,"Verify neo_mesopotamia cosmetic plus formed flag after vanilla completion, preserve core grants, and activate the additive overlay once per carrier."
IW-060,Kurdistan,Kurdistan,KUR,reuse_registered_tag,automatic_pool_ready_if_not_living,421,Kurdistan,RG-NORTHERN-MESOPOTAMIA,"Release only a compact Kurdish anchor. Cross-border Kurdish regions remain claims, negotiations, or formable content.","Use a sourced real male period leader from the exact named community package or authentic archival material for the actual institution. A fictional person, generated council, or generic portrait cannot represent a broad real identity; block the package if no defensible source exists.",Use a symbol attested for the exact named community or institution. Do not invent a pan-identity flag or repurpose sacred and ceremonial symbols. Alternate routes may use clearly documented fictional civic designs.,"Release only a compact Kurdish anchor. Cross-border Kurdish regions remain claims, negotiations, or formable content.",SRC-HOI4-TAGS | SRC-HOI4-STATES | SRC-CR-TAGS | SRC-EVENT5-ORIGIN | REG-CAUC-MESO | ETH-KURD,high,"Rebind state IDs against the installed HOI4 build and current map overrides, rerun the full repository tag collision check, confirm the host retains a valid protected state, and verify final asset provenance."
IW-061,Luristan,Luristan,CIX,reserve_new_event6_X_tag,automatic_pool_ready_if_unique_state_exists,,"Luristan map group, current-map state required",RG-LURISTAN,"Named local councils, municipal or district administration, veterans, border forces, transport authorities, and customary institutions where specifically sourced form the provisional government.","Use a provisional assembly, cabinet, municipal council, or congress with regionally sourced institution names. Portraits require sourced real male officeholders or authentic archival material for the actual institution; block the package when neither can be established.","Create a period civic flag from researched regional motifs. Do not use generated text, generic sacred symbols, or an invented historical flag presented as authentic.","The compact anchor is used at release. Extended territory remains claims, diplomacy, plebiscites, integration, or formable content. Mixed populations receive rights and autonomy routes.",SRC-HOI4-TAGS | SRC-HOI4-STATES | SRC-CR-TAGS | SRC-EVENT5-ORIGIN | REG-CAUC-MESO,medium,"Rebind state IDs against the installed HOI4 build and current map overrides, rerun the full repository tag collision check, confirm the host retains a valid protected state, and verify final asset provenance."
IW-062,Khuzestan or Arabistan,Khuzestan,CJX,reserve_new_event6_X_tag,automatic_pool_ready_if_unique_state_exists,413,Khuzestan,RG-413,"Use provincial councils, municipal administrations, religious and secular associations, tribal or customary authorities only where specifically sourced, labor, army, and minority guarantees.","Use a provisional assembly, cabinet, municipal council, or congress with regionally sourced institution names. Portraits require sourced real male officeholders or authentic archival material for the actual institution; block the package when neither can be established.","Create a period civic flag from researched regional motifs. Do not use generated text, generic sacred symbols, or an invented historical flag presented as authentic.","The compact anchor is used at release. Extended territory remains claims, diplomacy, plebiscites, integration, or formable content. Mixed populations receive rights and autonomy routes.",SRC-HOI4-TAGS | SRC-HOI4-STATES | SRC-CR-TAGS | SRC-EVENT5-ORIGIN | REG-CAUC-MESO,medium,"Rebind state IDs against the installed HOI4 build and current map overrides, rerun the full repository tag collision check, confirm the host retains a valid protected state, and verify final asset provenance."
IW-063,Bakhtiari,Bakhtiari,CKX,reserve_new_event6_X_tag,automatic_pool_ready_if_unique_state_exists,,"Bakhtiari highland map group, current-map state required",RG-BAKHTIARI,"Named local councils, municipal or district administration, veterans, border forces, transport authorities, and customary institutions where specifically sourced form the provisional government.","Use a provisional assembly, cabinet, municipal council, or congress with regionally sourced institution names. Portraits require sourced real male officeholders or authentic archival material for the actual institution; block the package when neither can be established.","Create a period civic flag from researched regional motifs. Do not use generated text, generic sacred symbols, or an invented historical flag presented as authentic.","The compact anchor is used at release. Extended territory remains claims, diplomacy, plebiscites, integration, or formable content. Mixed populations receive rights and autonomy routes.",SRC-HOI4-TAGS | SRC-HOI4-STATES | SRC-CR-TAGS | SRC-EVENT5-ORIGIN | REG-CAUC-MESO,medium,"Rebind state IDs against the installed HOI4 build and current map overrides, rerun the full repository tag collision check, confirm the host retains a valid protected state, and verify final asset provenance."
IW-064,Circassia,Circassia,CLX,reserve_new_event6_X_tag,high_chaos_only,234,"Krasnodar, only with a distinct northwest Caucasus split",RG-234,"Named local councils, municipal or district administration, veterans, border forces, transport authorities, and customary institutions where specifically sourced form the provisional government.","Use a provisional assembly, cabinet, municipal council, or congress with regionally sourced institution names. Portraits require sourced real male officeholders or authentic archival material for the actual institution; block the package when neither can be established.","Create a period civic flag from researched regional motifs. Do not use generated text, generic sacred symbols, or an invented historical flag presented as authentic.","The compact anchor is used at release. Extended territory remains claims, diplomacy, plebiscites, integration, or formable content. Mixed populations receive rights and autonomy routes.",SRC-HOI4-TAGS | SRC-HOI4-STATES | SRC-CR-TAGS | SRC-EVENT5-ORIGIN | REG-CAUC-MESO,medium,"Rebind state IDs against the installed HOI4 build and current map overrides, rerun the full repository tag collision check, confirm the host retains a valid protected state, and verify final asset provenance."
IW-065,Chechnya,Chechnya,CIN,reuse_registered_tag,automatic_pool_ready_if_unique_state_exists,232,Grozny,RG-232,"Named local councils, municipal or district administration, veterans, border forces, transport authorities, and customary institutions where specifically sourced form the provisional government.",Use the registered tag's sourced real male period leader when valid for the release date and not already active elsewhere. Otherwise use authentic archival material for the actual provisional institution; block the package until a defensible sourced leader or institution is assigned.,"Reuse the registered base flag only when it matches the released identity and origin. Source historical route variants. Generate only clearly alternate, civic, or high-chaos variants.","The compact anchor is used at release. Extended territory remains claims, diplomacy, plebiscites, integration, or formable content. Mixed populations receive rights and autonomy routes.",SRC-HOI4-TAGS | SRC-HOI4-STATES | SRC-CR-TAGS | SRC-EVENT5-ORIGIN | REG-CAUC-MESO,medium,"Rebind state IDs against the installed HOI4 build and current map overrides, rerun the full repository tag collision check, confirm the host retains a valid protected state, and verify final asset provenance."
IW-066,Dagestan,Dagestan Federation,DAG,reuse_registered_tag,automatic_pool_ready_if_unique_state_exists,,"Dagestan map group, current-map state required",RG-DAGESTAN,Use a Dagestan federation with constituent representation. Never write Dagestan as a single ethnicity.,"Use a sourced real male period leader from the exact named community package or authentic archival material for the actual institution. A fictional person, generated council, or generic portrait cannot represent a broad real identity; block the package if no defensible source exists.",Use a symbol attested for the exact named community or institution. Do not invent a pan-identity flag or repurpose sacred and ceremonial symbols. Alternate routes may use clearly documented fictional civic designs.,Use a Dagestan federation with constituent representation. Never write Dagestan as a single ethnicity.,SRC-HOI4-TAGS | SRC-HOI4-STATES | SRC-CR-TAGS | SRC-EVENT5-ORIGIN | REG-CAUC-MESO | ETH-CAUCASUS,medium,"Rebind state IDs against the installed HOI4 build and current map overrides, rerun the full repository tag collision check, confirm the host retains a valid protected state, and verify final asset provenance."
IW-067,Lazistan,Lazistan,COX,reserve_new_event6_X_tag,automatic_pool_ready_if_unique_state_exists,,"Lazistan or Trabzon coastal map group, current-map state required",RG-LAZISTAN,"Use provincial councils, municipal administrations, religious and secular associations, tribal or customary authorities only where specifically sourced, labor, army, and minority guarantees.","Use a provisional assembly, cabinet, municipal council, or congress with regionally sourced institution names. Portraits require sourced real male officeholders or authentic archival material for the actual institution; block the package when neither can be established.","Create a period civic flag from researched regional motifs. Do not use generated text, generic sacred symbols, or an invented historical flag presented as authentic.","The compact anchor is used at release. Extended territory remains claims, diplomacy, plebiscites, integration, or formable content. Mixed populations receive rights and autonomy routes.",SRC-HOI4-TAGS | SRC-HOI4-STATES | SRC-CR-TAGS | SRC-EVENT5-ORIGIN | REG-CAUC-MESO,medium,"Rebind state IDs against the installed HOI4 build and current map overrides, rerun the full repository tag collision check, confirm the host retains a valid protected state, and verify final asset provenance."
IW-068,Pontus,Pontus,CPX,reserve_new_event6_X_tag,high_chaos_only,,"Pontic or Trabzon coastal map group, current-map state required",RG-PONTUS,"A period royal, customary, or historical institution is joined to a provisional cabinet, municipal administration, veterans, schools, labor, and an assembly. Restoration is a route choice, not an automatic medieval reconstruction.","Use a provisional assembly, cabinet, municipal council, or congress with regionally sourced institution names. Portraits require sourced real male officeholders or authentic archival material for the actual institution; block the package when neither can be established.","Source attested royal, civic, religious, or regional symbols and document faction ownership. The modern baseline may use a restrained generated civic flag when no attested state flag exists.","The compact anchor is used at release. Extended territory remains claims, diplomacy, plebiscites, integration, or formable content. Mixed populations receive rights and autonomy routes.",SRC-HOI4-TAGS | SRC-HOI4-STATES | SRC-CR-TAGS | SRC-EVENT5-ORIGIN | REG-CAUC-MESO,medium,"Rebind state IDs against the installed HOI4 build and current map overrides, rerun the full repository tag collision check, confirm the host retains a valid protected state, and verify final asset provenance."
IW-069,Cilicia,Cilicia,CQX,reserve_new_event6_X_tag,high_chaos_only,,"Cilicia or Adana map group, current-map state required",RG-CILICIA,"A period royal, customary, or historical institution is joined to a provisional cabinet, municipal administration, veterans, schools, labor, and an assembly. Restoration is a route choice, not an automatic medieval reconstruction.","Use a provisional assembly, cabinet, municipal council, or congress with regionally sourced institution names. Portraits require sourced real male officeholders or authentic archival material for the actual institution; block the package when neither can be established.","Source attested royal, civic, religious, or regional symbols and document faction ownership. The modern baseline may use a restrained generated civic flag when no attested state flag exists.","The compact anchor is used at release. Extended territory remains claims, diplomacy, plebiscites, integration, or formable content. Mixed populations receive rights and autonomy routes.",SRC-HOI4-TAGS | SRC-HOI4-STATES | SRC-CR-TAGS | SRC-EVENT5-ORIGIN | REG-CAUC-MESO,medium,"Rebind state IDs against the installed HOI4 build and current map overrides, rerun the full repository tag collision check, confirm the host retains a valid protected state, and verify final asset provenance."
IW-070,Armenia,Armenia,ARM,reuse_registered_tag,automatic_pool_ready_if_not_living,230,Armenia,RG-230,"Use provincial councils, municipal administrations, religious and secular associations, tribal or customary authorities only where specifically sourced, labor, army, and minority guarantees.",Use the registered tag's sourced real male period leader when valid for the release date and not already active elsewhere. Otherwise use authentic archival material for the actual provisional institution; block the package until a defensible sourced leader or institution is assigned.,"Reuse the registered base flag only when it matches the released identity and origin. Source historical route variants. Generate only clearly alternate, civic, or high-chaos variants.","The compact anchor is used at release. Extended territory remains claims, diplomacy, plebiscites, integration, or formable content. Mixed populations receive rights and autonomy routes.",SRC-HOI4-TAGS | SRC-HOI4-STATES | SRC-CR-TAGS | SRC-EVENT5-ORIGIN | REG-CAUC-MESO,high,"Rebind state IDs against the installed HOI4 build and current map overrides, rerun the full repository tag collision check, confirm the host retains a valid protected state, and verify final asset provenance."
IW-071,Georgia,Georgia,GEO,reuse_registered_tag,automatic_pool_ready_if_not_living,231,Georgia,RG-231,"Use provincial councils, municipal administrations, religious and secular associations, tribal or customary authorities only where specifically sourced, labor, army, and minority guarantees.",Use the registered tag's sourced real male period leader when valid for the release date and not already active elsewhere. Otherwise use authentic archival material for the actual provisional institution; block the package until a defensible sourced leader or institution is assigned.,"Reuse the registered base flag only when it matches the released identity and origin. Source historical route variants. Generate only clearly alternate, civic, or high-chaos variants.","The compact anchor is used at release. Extended territory remains claims, diplomacy, plebiscites, integration, or formable content. Mixed populations receive rights and autonomy routes.",SRC-HOI4-TAGS | SRC-HOI4-STATES | SRC-CR-TAGS | SRC-EVENT5-ORIGIN | REG-CAUC-MESO,high,"Rebind state IDs against the installed HOI4 build and current map overrides, rerun the full repository tag collision check, confirm the host retains a valid protected state, and verify final asset provenance."
IW-072,Azerbaijan,Azerbaijan,AZR,reuse_registered_tag,automatic_pool_ready_if_not_living,229,Azerbaijan,RG-229,"Use provincial councils, municipal administrations, religious and secular associations, tribal or customary authorities only where specifically sourced, labor, army, and minority guarantees.",Use the registered tag's sourced real male period leader when valid for the release date and not already active elsewhere. Otherwise use authentic archival material for the actual provisional institution; block the package until a defensible sourced leader or institution is assigned.,"Reuse the registered base flag only when it matches the released identity and origin. Source historical route variants. Generate only clearly alternate, civic, or high-chaos variants.","The compact anchor is used at release. Extended territory remains claims, diplomacy, plebiscites, integration, or formable content. Mixed populations receive rights and autonomy routes.",SRC-HOI4-TAGS | SRC-HOI4-STATES | SRC-CR-TAGS | SRC-EVENT5-ORIGIN | REG-CAUC-MESO,high,"Rebind state IDs against the installed HOI4 build and current map overrides, rerun the full repository tag collision check, confirm the host retains a valid protected state, and verify final asset provenance."
IW-073,Hejaz,Hejaz,CUX,reserve_new_event6_X_tag,automatic_pool_ready,679,Hejaz,RG-ARABIA-HEJAZ-NAJD,"Port, municipal, customs, shipping, merchant, labor, and local defense institutions form the provisional government, with traditional or dynastic authority included only where period-correct.","Use a provisional assembly, cabinet, municipal council, or congress with regionally sourced institution names. Portraits require sourced real male officeholders or authentic archival material for the actual institution; block the package when neither can be established.","Create a period civic flag from researched regional motifs. Do not use generated text, generic sacred symbols, or an invented historical flag presented as authentic.","The compact anchor is used at release. Extended territory remains claims, diplomacy, plebiscites, integration, or formable content. Mixed populations receive rights and autonomy routes.",SRC-HOI4-TAGS | SRC-HOI4-STATES | SRC-CR-TAGS | SRC-EVENT5-ORIGIN | REG-LEV-ARAB,medium,"Rebind state IDs against the installed HOI4 build and current map overrides, rerun the full repository tag collision check, confirm the host retains a valid protected state, and verify final asset provenance."
IW-074,Najd,Najd,CVX,reserve_new_event6_X_tag,formable_or_route_only,292,"Nejd, normally protected because it contains the Saudi capital",RG-ARABIA-HEJAZ-NAJD,"A period royal, customary, or historical institution is joined to a provisional cabinet, municipal administration, veterans, schools, labor, and an assembly. Restoration is a route choice, not an automatic medieval reconstruction.","Use a sourced real male period incumbent or claimant. If no safe claimant exists, use authentic archival material for the actual institutional regency or royal council; block the package instead of inventing a dynasty member or generated institution.","Source attested royal, civic, religious, or regional symbols and document faction ownership. The modern baseline may use a restrained generated civic flag when no attested state flag exists.","The compact anchor is used at release. Extended territory remains claims, diplomacy, plebiscites, integration, or formable content. Mixed populations receive rights and autonomy routes.",SRC-HOI4-TAGS | SRC-HOI4-STATES | SRC-CR-TAGS | SRC-EVENT5-ORIGIN | REG-LEV-ARAB,resolved_by_restriction,"Rebind state IDs against the installed HOI4 build and current map overrides, rerun the full repository tag collision check, confirm the host retains a valid protected state, and verify final asset provenance."
IW-075,Jabal Shammar,Jabal Shammar,CWX,reserve_new_event6_X_tag,high_chaos_only,292,"Nejd, with a Ha'il substate required",RG-ARABIA-HEJAZ-NAJD,"A period royal, customary, or historical institution is joined to a provisional cabinet, municipal administration, veterans, schools, labor, and an assembly. Restoration is a route choice, not an automatic medieval reconstruction.","Use a sourced real male period incumbent or claimant. If no safe claimant exists, use authentic archival material for the actual institutional regency or royal council; block the package instead of inventing a dynasty member or generated institution.","Source attested royal, civic, religious, or regional symbols and document faction ownership. The modern baseline may use a restrained generated civic flag when no attested state flag exists.","The compact anchor is used at release. Extended territory remains claims, diplomacy, plebiscites, integration, or formable content. Mixed populations receive rights and autonomy routes.",SRC-HOI4-TAGS | SRC-HOI4-STATES | SRC-CR-TAGS | SRC-EVENT5-ORIGIN | REG-LEV-ARAB,medium,"Rebind state IDs against the installed HOI4 build and current map overrides, rerun the full repository tag collision check, confirm the host retains a valid protected state, and verify final asset provenance."
IW-076,Hadhramaut,Hadhramaut,CXX,reserve_new_event6_X_tag,automatic_pool_ready_if_unique_state_exists,,"Hadhramaut map group, current-map state required",RG-HADHRAMAUT,"A period royal, customary, or historical institution is joined to a provisional cabinet, municipal administration, veterans, schools, labor, and an assembly. Restoration is a route choice, not an automatic medieval reconstruction.","Use a sourced real male period incumbent or claimant. If no safe claimant exists, use authentic archival material for the actual institutional regency or royal council; block the package instead of inventing a dynasty member or generated institution.","Source attested royal, civic, religious, or regional symbols and document faction ownership. The modern baseline may use a restrained generated civic flag when no attested state flag exists.","The compact anchor is used at release. Extended territory remains claims, diplomacy, plebiscites, integration, or formable content. Mixed populations receive rights and autonomy routes.",SRC-HOI4-TAGS | SRC-HOI4-STATES | SRC-CR-TAGS | SRC-EVENT5-ORIGIN | REG-LEV-ARAB,medium,"Rebind state IDs against the installed HOI4 build and current map overrides, rerun the full repository tag collision check, confirm the host retains a valid protected state, and verify final asset provenance."
IW-077,Mahra,Mahra,CYX,reserve_new_event6_X_tag,scenario_variant_only,,"Mahra map group, current-map state required",RG-MAHRA,"A period royal, customary, or historical institution is joined to a provisional cabinet, municipal administration, veterans, schools, labor, and an assembly. Restoration is a route choice, not an automatic medieval reconstruction.","Use a sourced real male period incumbent or claimant. If no safe claimant exists, use authentic archival material for the actual institutional regency or royal council; block the package instead of inventing a dynasty member or generated institution.","Source attested royal, civic, religious, or regional symbols and document faction ownership. The modern baseline may use a restrained generated civic flag when no attested state flag exists.","The compact anchor is used at release. Extended territory remains claims, diplomacy, plebiscites, integration, or formable content. Mixed populations receive rights and autonomy routes.",SRC-HOI4-TAGS | SRC-HOI4-STATES | SRC-CR-TAGS | SRC-EVENT5-ORIGIN | REG-LEV-ARAB,resolved_by_restriction,"Rebind state IDs against the installed HOI4 build and current map overrides, rerun the full repository tag collision check, confirm the host retains a valid protected state, and verify final asset provenance."
IW-078,Oman Imamate,Imamate of Oman,IMO,reuse_registered_tag,automatic_pool_ready_if_unique_state_exists,294,"Oman, with a distinct interior imamate state required",RG-294,"Use municipal councils, mandate administrations, dynastic or religious institutions where period-correct, merchant networks, port authorities, and regional notables. Communal packages require territorial and civic institutions.",Use the registered tag's sourced real male period leader when valid for the release date and not already active elsewhere. Otherwise use authentic archival material for the actual provisional institution; block the package until a defensible sourced leader or institution is assigned.,"Reuse the registered base flag only when it matches the released identity and origin. Source historical route variants. Generate only clearly alternate, civic, or high-chaos variants.","The compact anchor is used at release. Extended territory remains claims, diplomacy, plebiscites, integration, or formable content. Mixed populations receive rights and autonomy routes.",SRC-HOI4-TAGS | SRC-HOI4-STATES | SRC-CR-TAGS | SRC-EVENT5-ORIGIN | REG-LEV-ARAB,medium,"Rebind state IDs against the installed HOI4 build and current map overrides, rerun the full repository tag collision check, confirm the host retains a valid protected state, and verify final asset provenance."
IW-079,Druze Mountain,Jabal al-Druze Autonomous State,DAX,reserve_new_event6_X_tag,specific_community_variant_only,554,"Damascus, with a Jabal al-Druze substate required",RG-LEVANT-MESOPOTAMIA-COARSE,Use Jabal al-Druze as a territorial autonomy package. Do not reduce politics to religion alone.,"Use a sourced real male period leader from the exact named community package or authentic archival material for the actual institution. A fictional person, generated council, or generic portrait cannot represent a broad real identity; block the package if no defensible source exists.",Use a symbol attested for the exact named community or institution. Do not invent a pan-identity flag or repurpose sacred and ceremonial symbols. Alternate routes may use clearly documented fictional civic designs.,Use Jabal al-Druze as a territorial autonomy package. Do not reduce politics to religion alone.,SRC-HOI4-TAGS | SRC-HOI4-STATES | SRC-CR-TAGS | SRC-EVENT5-ORIGIN | REG-LEV-ARAB | ETH-LEVANT,resolved_by_restriction,"Rebind state IDs against the installed HOI4 build and current map overrides, rerun the full repository tag collision check, confirm the host retains a valid protected state, and verify final asset provenance."
IW-080,Alawite State,Syrian Coastal Autonomous State,DBX,reserve_new_event6_X_tag,specific_community_variant_only,677,"Aleppo, with a distinct Syrian coastal state required",RG-LEVANT-MESOPOTAMIA-COARSE,"Use a coastal autonomy package with civilian, municipal, labor, and military routes. Avoid a sectarian caricature.","Use a sourced real male period leader from the exact named community package or authentic archival material for the actual institution. A fictional person, generated council, or generic portrait cannot represent a broad real identity; block the package if no defensible source exists.",Use a symbol attested for the exact named community or institution. Do not invent a pan-identity flag or repurpose sacred and ceremonial symbols. Alternate routes may use clearly documented fictional civic designs.,"Use a coastal autonomy package with civilian, municipal, labor, and military routes. Avoid a sectarian caricature.",SRC-HOI4-TAGS | SRC-HOI4-STATES | SRC-CR-TAGS | SRC-EVENT5-ORIGIN | REG-LEV-ARAB | ETH-LEVANT,resolved_by_restriction,"Rebind state IDs against the installed HOI4 build and current map overrides, rerun the full repository tag collision check, confirm the host retains a valid protected state, and verify final asset provenance."
IW-081,Lebanon,Lebanon,LEB,reuse_registered_tag,automatic_pool_ready_if_not_living,553,Lebanon,RG-LEVANT-MESOPOTAMIA-COARSE,"Use municipal councils, mandate administrations, dynastic or religious institutions where period-correct, merchant networks, port authorities, and regional notables. Communal packages require territorial and civic institutions.",Use the registered tag's sourced real male period leader when valid for the release date and not already active elsewhere. Otherwise use authentic archival material for the actual provisional institution; block the package until a defensible sourced leader or institution is assigned.,"Reuse the registered base flag only when it matches the released identity and origin. Source historical route variants. Generate only clearly alternate, civic, or high-chaos variants.","The compact anchor is used at release. Extended territory remains claims, diplomacy, plebiscites, integration, or formable content. Mixed populations receive rights and autonomy routes.",SRC-HOI4-TAGS | SRC-HOI4-STATES | SRC-CR-TAGS | SRC-EVENT5-ORIGIN | REG-LEV-ARAB,high,"Rebind state IDs against the installed HOI4 build and current map overrides, rerun the full repository tag collision check, confirm the host retains a valid protected state, and verify final asset provenance."
IW-082,Palestine,Palestine,PAL,reuse_registered_tag,automatic_pool_ready_if_not_living,454,Palestine,RG-LEVANT-MESOPOTAMIA-COARSE,"Use the registered Palestinian package and a compact viable state. Borders, leadership, and community relations require period-specific implementation review.","Use a sourced real male period leader from the exact named community package or authentic archival material for the actual institution. A fictional person, generated council, or generic portrait cannot represent a broad real identity; block the package if no defensible source exists.",Use a symbol attested for the exact named community or institution. Do not invent a pan-identity flag or repurpose sacred and ceremonial symbols. Alternate routes may use clearly documented fictional civic designs.,"Use the registered Palestinian package and a compact viable state. Borders, leadership, and community relations require period-specific implementation review.",SRC-HOI4-TAGS | SRC-HOI4-STATES | SRC-CR-TAGS | SRC-EVENT5-ORIGIN | REG-LEV-ARAB | ETH-PALESTINE,high,"Rebind state IDs against the installed HOI4 build and current map overrides, rerun the full repository tag collision check, confirm the host retains a valid protected state, and verify final asset provenance."
IW-083,Rif,Rif,RIF,reuse_registered_tag,automatic_pool_ready_if_unique_state_exists,,"Rif map group, use the registered tag core set in the installed build",RG-MAGHREB-MOUNTAIN,"A period royal, customary, or historical institution is joined to a provisional cabinet, municipal administration, veterans, schools, labor, and an assembly. Restoration is a route choice, not an automatic medieval reconstruction.",Use the registered tag's sourced real male period leader when valid for the release date and not already active elsewhere. Otherwise use authentic archival material for the actual provisional institution; block the package until a defensible sourced leader or institution is assigned.,"Reuse the registered base flag only when it matches the released identity and origin. Source historical route variants. Generate only clearly alternate, civic, or high-chaos variants.","The compact anchor is used at release. Extended territory remains claims, diplomacy, plebiscites, integration, or formable content. Mixed populations receive rights and autonomy routes.",SRC-HOI4-TAGS | SRC-HOI4-STATES | SRC-CR-TAGS | SRC-EVENT5-ORIGIN | REG-NAFR-SAH,medium,"Rebind state IDs against the installed HOI4 build and current map overrides, rerun the full repository tag collision check, confirm the host retains a valid protected state, and verify final asset provenance."
IW-084,Kabylia,Kabylia,DFX,reserve_new_event6_X_tag,automatic_pool_ready_if_unique_state_exists,460,"Constantine, with a Kabyle mountain substate required",RG-MAGHREB-MOUNTAIN,"Named local councils, municipal or district administration, veterans, border forces, transport authorities, and customary institutions where specifically sourced form the provisional government.","Use a provisional assembly, cabinet, municipal council, or congress with regionally sourced institution names. Portraits require sourced real male officeholders or authentic archival material for the actual institution; block the package when neither can be established.","Create a period civic flag from researched regional motifs. Do not use generated text, generic sacred symbols, or an invented historical flag presented as authentic.","The compact anchor is used at release. Extended territory remains claims, diplomacy, plebiscites, integration, or formable content. Mixed populations receive rights and autonomy routes.",SRC-HOI4-TAGS | SRC-HOI4-STATES | SRC-CR-TAGS | SRC-EVENT5-ORIGIN | REG-NAFR-SAH,medium,"Rebind state IDs against the installed HOI4 build and current map overrides, rerun the full repository tag collision check, confirm the host retains a valid protected state, and verify final asset provenance."
IW-085,Cyrenaica,Cyrenaica,,reuse_vanilla_autonomy_identity_overlay,vanilla_route_overlay_only,663,Cyrenaica,RG-663,"A period royal, customary, or historical institution is joined to a provisional cabinet, municipal administration, veterans, schools, labor, and an assembly. Restoration is a route choice, not an automatic medieval reconstruction.","Use a sourced real male period incumbent or claimant. If no safe claimant exists, use authentic archival material for the actual institutional regency or royal council; block the package instead of inventing a dynasty member or generated institution.","Source attested royal, civic, religious, or regional symbols and document faction ownership. The modern baseline may use a restrained generated civic flag when no attested state flag exists.","The compact anchor is used at release. Extended territory remains claims, diplomacy, plebiscites, integration, or formable content. Mixed populations receive rights and autonomy routes.",SRC-HOI4-TAGS | SRC-HOI4-STATES | SRC-CR-TAGS | SRC-EVENT5-ORIGIN | REG-NAFR-SAH,medium,"Verify original_tag LBA and the applicable Italian autonomy relationship, preserve LBA history and cores, and keep independent Cyrenaica non-selectable."
IW-086,Tripolitania,Tripolitania,DHX,reserve_new_event6_X_tag,automatic_pool_ready,661,Tripolitania,RG-661,"Port, municipal, customs, shipping, merchant, labor, and local defense institutions form the provisional government, with traditional or dynastic authority included only where period-correct.","Use a provisional assembly, cabinet, municipal council, or congress with regionally sourced institution names. Portraits require sourced real male officeholders or authentic archival material for the actual institution; block the package when neither can be established.","Create a period civic flag from researched regional motifs. Do not use generated text, generic sacred symbols, or an invented historical flag presented as authentic.","The compact anchor is used at release. Extended territory remains claims, diplomacy, plebiscites, integration, or formable content. Mixed populations receive rights and autonomy routes.",SRC-HOI4-TAGS | SRC-HOI4-STATES | SRC-CR-TAGS | SRC-EVENT5-ORIGIN | REG-NAFR-SAH,medium,"Rebind state IDs against the installed HOI4 build and current map overrides, rerun the full repository tag collision check, confirm the host retains a valid protected state, and verify final asset provenance."
IW-087,Fezzan,Fezzan,HYX,reserve_new_event6_X_tag,automatic_pool_ready_if_unique_state_exists,,"Fezzan map group, current-map state required",RG-FEZZAN,"Named local councils, municipal or district administration, veterans, border forces, transport authorities, and customary institutions where specifically sourced form the provisional government.","Use a provisional assembly, cabinet, municipal council, or congress with regionally sourced institution names. Portraits require sourced real male officeholders or authentic archival material for the actual institution; block the package when neither can be established.","Create a period civic flag from researched regional motifs. Do not use generated text, generic sacred symbols, or an invented historical flag presented as authentic.","The compact anchor is used at release. Extended territory remains claims, diplomacy, plebiscites, integration, or formable content. Mixed populations receive rights and autonomy routes.",SRC-HOI4-TAGS | SRC-HOI4-STATES | SRC-CR-TAGS | SRC-EVENT5-ORIGIN | REG-NAFR-SAH,medium,"Recheck HYX immediately before commit, bind an exact Fezzan state, confirm host survival, and verify final asset provenance."
IW-088,Tuareg Confederation,Tuareg Confederation,DJX,reserve_new_event6_X_tag,specific_community_variant_only,514|515,"Algerian Desert | Southern Sahara, only after a named confederation package is selected",RG-SAHARA-CONFEDERATIONS,Replace the pan-Tuareg automatic state with a named confederation or regional Kel package. A wider confederation is a negotiated formable.,"Use a sourced real male period leader from the exact named community package or authentic archival material for the actual institution. A fictional person, generated council, or generic portrait cannot represent a broad real identity; block the package if no defensible source exists.",Use a symbol attested for the exact named community or institution. Do not invent a pan-identity flag or repurpose sacred and ceremonial symbols. Alternate routes may use clearly documented fictional civic designs.,Replace the pan-Tuareg automatic state with a named confederation or regional Kel package. A wider confederation is a negotiated formable.,SRC-HOI4-TAGS | SRC-HOI4-STATES | SRC-CR-TAGS | SRC-EVENT5-ORIGIN | REG-NAFR-SAH | ETH-SAHARA,resolved_by_restriction,"Rebind state IDs against the installed HOI4 build and current map overrides, rerun the full repository tag collision check, confirm the host retains a valid protected state, and verify final asset provenance."
IW-089,Darfur,Darfur,DKX,reserve_new_event6_X_tag,automatic_pool_ready_if_unique_state_exists,549,"Sudan, with a distinct Darfur state required",RG-549,"A period royal, customary, or historical institution is joined to a provisional cabinet, municipal administration, veterans, schools, labor, and an assembly. Restoration is a route choice, not an automatic medieval reconstruction.","Use a sourced real male period incumbent or claimant. If no safe claimant exists, use authentic archival material for the actual institutional regency or royal council; block the package instead of inventing a dynasty member or generated institution.","Source attested royal, civic, religious, or regional symbols and document faction ownership. The modern baseline may use a restrained generated civic flag when no attested state flag exists.","The compact anchor is used at release. Extended territory remains claims, diplomacy, plebiscites, integration, or formable content. Mixed populations receive rights and autonomy routes.",SRC-HOI4-TAGS | SRC-HOI4-STATES | SRC-CR-TAGS | SRC-EVENT5-ORIGIN | REG-NAFR-SAH,medium,"Rebind state IDs against the installed HOI4 build and current map overrides, rerun the full repository tag collision check, confirm the host retains a valid protected state, and verify final asset provenance."
IW-090,Wadai,Wadai,DLX,reserve_new_event6_X_tag,high_chaos_only,,"Wadai or Ouaddai map group, current-map state required",RG-SAHARA-CONFEDERATIONS,"A period royal, customary, or historical institution is joined to a provisional cabinet, municipal administration, veterans, schools, labor, and an assembly. Restoration is a route choice, not an automatic medieval reconstruction.","Use a sourced real male period incumbent or claimant. If no safe claimant exists, use authentic archival material for the actual institutional regency or royal council; block the package instead of inventing a dynasty member or generated institution.","Source attested royal, civic, religious, or regional symbols and document faction ownership. The modern baseline may use a restrained generated civic flag when no attested state flag exists.","The compact anchor is used at release. Extended territory remains claims, diplomacy, plebiscites, integration, or formable content. Mixed populations receive rights and autonomy routes.",SRC-HOI4-TAGS | SRC-HOI4-STATES | SRC-CR-TAGS | SRC-EVENT5-ORIGIN | REG-NAFR-SAH,medium,"Rebind state IDs against the installed HOI4 build and current map overrides, rerun the full repository tag collision check, confirm the host retains a valid protected state, and verify final asset provenance."
IW-091,Toubou state,Toubou state,DMX,reserve_new_event6_X_tag,specific_community_variant_only,,"Tibesti or Toubou map group, current-map state required",RG-SAHARA-CONFEDERATIONS,Use a named Toubou or Teda-Daza regional package with one anchor. Do not claim the full Sahara.,"Use a sourced real male period leader from the exact named community package or authentic archival material for the actual institution. A fictional person, generated council, or generic portrait cannot represent a broad real identity; block the package if no defensible source exists.",Use a symbol attested for the exact named community or institution. Do not invent a pan-identity flag or repurpose sacred and ceremonial symbols. Alternate routes may use clearly documented fictional civic designs.,Use a named Toubou or Teda-Daza regional package with one anchor. Do not claim the full Sahara.,SRC-HOI4-TAGS | SRC-HOI4-STATES | SRC-CR-TAGS | SRC-EVENT5-ORIGIN | REG-NAFR-SAH | ETH-SAHARA,resolved_by_restriction,"Rebind state IDs against the installed HOI4 build and current map overrides, rerun the full repository tag collision check, confirm the host retains a valid protected state, and verify final asset provenance."
IW-092,Amazigh Atlas state,Named Atlas Amazigh Federation,DNX,reserve_new_event6_X_tag,specific_community_variant_only,462,"Marrakech, only after a named Atlas community package is selected",RG-MAGHREB-MOUNTAIN,Replace the broad Amazigh label with a named Atlas or Kabyle-adjacent regional package. A wider Amazigh league is a formable.,"Use a sourced real male period leader from the exact named community package or authentic archival material for the actual institution. A fictional person, generated council, or generic portrait cannot represent a broad real identity; block the package if no defensible source exists.",Use a symbol attested for the exact named community or institution. Do not invent a pan-identity flag or repurpose sacred and ceremonial symbols. Alternate routes may use clearly documented fictional civic designs.,Replace the broad Amazigh label with a named Atlas or Kabyle-adjacent regional package. A wider Amazigh league is a formable.,SRC-HOI4-TAGS | SRC-HOI4-STATES | SRC-CR-TAGS | SRC-EVENT5-ORIGIN | REG-NAFR-SAH | ETH-AMAZIGH,resolved_by_restriction,"Rebind state IDs against the installed HOI4 build and current map overrides, rerun the full repository tag collision check, confirm the host retains a valid protected state, and verify final asset provenance."
IW-093,Asante,Asante,DOX,reserve_new_event6_X_tag,high_chaos_only,274,"Ghana, with Kumasi as the required capital location",RG-GHANA-ASANTE-FANTE,"Prempeh II is the period royal anchor. The package combines the restored Asante Confederacy, chiefs, Kumasi institutions, and a provisional modern cabinet.","Prempeh II is the period royal anchor. The package combines the restored Asante Confederacy, chiefs, Kumasi institutions, and a provisional modern cabinet.",The Golden Stool and royal regalia are sourced symbols with restricted use. Civic and republican routes require distinct modern flag designs.,"The compact anchor is used at release. Extended territory remains claims, diplomacy, plebiscites, integration, or formable content. Mixed populations receive rights and autonomy routes.",SRC-HOI4-TAGS | SRC-HOI4-STATES | SRC-CR-TAGS | SRC-EVENT5-ORIGIN | REG-WAFR | SIG-ASANTE,high,"Rebind state IDs against the installed HOI4 build and current map overrides, rerun the full repository tag collision check, confirm the host retains a valid protected state, and verify final asset provenance."
IW-094,Fante,Fante,DPX,reserve_new_event6_X_tag,automatic_pool_ready_if_unique_state_exists,274,"Ghana, with Cape Coast as the required capital location",RG-GHANA-ASANTE-FANTE,"A founding congress of named member regions or communities adopts representation, veto, autonomy, revenue, and defense clauses before any wider federation can form.","Use a provisional assembly, cabinet, municipal council, or congress with regionally sourced institution names. Portraits require sourced real male officeholders or authentic archival material for the actual institution; block the package when neither can be established.","Create a period civic flag from researched regional motifs. Do not use generated text, generic sacred symbols, or an invented historical flag presented as authentic.","The compact anchor is used at release. Extended territory remains claims, diplomacy, plebiscites, integration, or formable content. Mixed populations receive rights and autonomy routes.",SRC-HOI4-TAGS | SRC-HOI4-STATES | SRC-CR-TAGS | SRC-EVENT5-ORIGIN | REG-WAFR,medium,"Rebind state IDs against the installed HOI4 build and current map overrides, rerun the full repository tag collision check, confirm the host retains a valid protected state, and verify final asset provenance."
IW-095,Dahomey,Dahomey,DAH,reuse_registered_tag,automatic_pool_ready_if_unique_state_exists,556,"French West Africa, with an Abomey or Dahomey state required",RG-NIGERIA-COARSE,"A period royal, customary, or historical institution is joined to a provisional cabinet, municipal administration, veterans, schools, labor, and an assembly. Restoration is a route choice, not an automatic medieval reconstruction.",Use the registered tag's sourced real male period leader when valid for the release date and not already active elsewhere. Otherwise use authentic archival material for the actual provisional institution; block the package until a defensible sourced leader or institution is assigned.,"Reuse the registered base flag only when it matches the released identity and origin. Source historical route variants. Generate only clearly alternate, civic, or high-chaos variants.","The compact anchor is used at release. Extended territory remains claims, diplomacy, plebiscites, integration, or formable content. Mixed populations receive rights and autonomy routes.",SRC-HOI4-TAGS | SRC-HOI4-STATES | SRC-CR-TAGS | SRC-EVENT5-ORIGIN | REG-WAFR,medium,"Rebind state IDs against the installed HOI4 build and current map overrides, rerun the full repository tag collision check, confirm the host retains a valid protected state, and verify final asset provenance."
IW-096,Benin Kingdom,Edo Kingdom of Benin,BIA,reuse_registered_tag,automatic_pool_ready_if_unique_state_exists,558,"Nigeria, with Benin City as the required capital location",RG-NIGERIA-COARSE,"Akenzua II is the period Oba. Court, guild, restitution, education, and constitutional cabinet routes replace a generic absolute monarchy.","Akenzua II is the period Oba. Court, guild, restitution, education, and constitutional cabinet routes replace a generic absolute monarchy.",Use sourced Edo court and royal symbols. Benin Bronzes are heritage objects and should not become generic icon decoration without context.,"The compact anchor is used at release. Extended territory remains claims, diplomacy, plebiscites, integration, or formable content. Mixed populations receive rights and autonomy routes.",SRC-HOI4-TAGS | SRC-HOI4-STATES | SRC-CR-TAGS | SRC-EVENT5-ORIGIN | REG-WAFR | SIG-BENIN,high,"Gate every Event 6 addition behind the Event 6 origin, distinguish this package from IW-107 on the shared BIA tag, require BIA not to be living, preserve registered BIA history and tree content, confirm host survival, and verify final asset provenance."
IW-097,Oyo,Oyo,DSX,reserve_new_event6_X_tag,high_chaos_only,558,"Nigeria, with Oyo or Ibadan as the required capital location",RG-NIGERIA-COARSE,"Ladigbolu I is the period Alaafin. The Oyo Mesi, Ibadan and other city interests, cavalry institutions, and a modern cabinet form the internal balance.","Ladigbolu I is the period Alaafin. The Oyo Mesi, Ibadan and other city interests, cavalry institutions, and a modern cabinet form the internal balance.",Use sourced Oyo royal and institutional motifs. A cavalry symbol can support military content but must not stand for all Yoruba identities.,"The compact anchor is used at release. Extended territory remains claims, diplomacy, plebiscites, integration, or formable content. Mixed populations receive rights and autonomy routes.",SRC-HOI4-TAGS | SRC-HOI4-STATES | SRC-CR-TAGS | SRC-EVENT5-ORIGIN | REG-WAFR | SIG-OYO,high,"Rebind state IDs against the installed HOI4 build and current map overrides, rerun the full repository tag collision check, confirm the host retains a valid protected state, and verify final asset provenance."
IW-098,Sokoto,Sokoto,SOK,reuse_registered_tag,automatic_pool_ready_if_not_living,558,"Nigeria, with Sokoto as the required capital location",RG-NIGERIA-COARSE,"Hasan dan Mu'azu Ahmadu is the Sultan before 17 June 1938. Siddiq Abubakar III succeeds after that date. The emirate council, Hausa civic interests, Fulani dynastic institutions, and a modern native administration must all be represented.","Hasan dan Mu'azu Ahmadu is the Sultan before 17 June 1938. Siddiq Abubakar III succeeds after that date. The emirate council, Hausa civic interests, Fulani dynastic institutions, and a modern native administration must all be represented.",Use sourced Sokoto caliphal and emirate symbols. Civic and federal routes require distinct modern designs.,"The compact anchor is used at release. Extended territory remains claims, diplomacy, plebiscites, integration, or formable content. Mixed populations receive rights and autonomy routes.",SRC-HOI4-TAGS | SRC-HOI4-STATES | SRC-CR-TAGS | SRC-EVENT5-ORIGIN | REG-WAFR | SIG-SOKOTO,high,"Rebind state IDs against the installed HOI4 build and current map overrides, rerun the full repository tag collision check, confirm the host retains a valid protected state, and verify final asset provenance."
IW-099,Kanem-Bornu,Kanem-Bornu,DUX,reserve_new_event6_X_tag,high_chaos_only,558,"Nigeria or Lake Chad map group, with a Bornu state required",RG-NIGERIA-COARSE,"A period royal, customary, or historical institution is joined to a provisional cabinet, municipal administration, veterans, schools, labor, and an assembly. Restoration is a route choice, not an automatic medieval reconstruction.","Use a provisional assembly, cabinet, municipal council, or congress with regionally sourced institution names. Portraits require sourced real male officeholders or authentic archival material for the actual institution; block the package when neither can be established.","Source attested royal, civic, religious, or regional symbols and document faction ownership. The modern baseline may use a restrained generated civic flag when no attested state flag exists.","The compact anchor is used at release. Extended territory remains claims, diplomacy, plebiscites, integration, or formable content. Mixed populations receive rights and autonomy routes.",SRC-HOI4-TAGS | SRC-HOI4-STATES | SRC-CR-TAGS | SRC-EVENT5-ORIGIN | REG-WAFR,medium,"Rebind state IDs against the installed HOI4 build and current map overrides, rerun the full repository tag collision check, confirm the host retains a valid protected state, and verify final asset provenance."
IW-100,Hausa Federation,Hausa Federation,DVX,reserve_new_event6_X_tag,formable_or_route_only,558,"Nigeria, reserved for a later Hausa federal formable",RG-NIGERIA-COARSE,"A founding congress of named member regions or communities adopts representation, veto, autonomy, revenue, and defense clauses before any wider federation can form.","Use a provisional assembly, cabinet, municipal council, or congress with regionally sourced institution names. Portraits require sourced real male officeholders or authentic archival material for the actual institution; block the package when neither can be established.","Create a period civic flag from researched regional motifs. Do not use generated text, generic sacred symbols, or an invented historical flag presented as authentic.","The compact anchor is used at release. Extended territory remains claims, diplomacy, plebiscites, integration, or formable content. Mixed populations receive rights and autonomy routes.",SRC-HOI4-TAGS | SRC-HOI4-STATES | SRC-CR-TAGS | SRC-EVENT5-ORIGIN | REG-WAFR,resolved_by_restriction,"Rebind state IDs against the installed HOI4 build and current map overrides, rerun the full repository tag collision check, confirm the host retains a valid protected state, and verify final asset provenance."
IW-101,Kongo,Kongo,,reuse_vanilla_cosmetic_overlay,vanilla_route_overlay_only,538,"Central Congo, with a Kongo or lower Congo substate required",RG-CONGO-BASIN-COARSE,"A period royal, customary, or historical institution is joined to a provisional cabinet, municipal administration, veterans, schools, labor, and an assembly. Restoration is a route choice, not an automatic medieval reconstruction.","Use a sourced real male period incumbent or claimant. If no safe claimant exists, use authentic archival material for the actual institutional regency or royal council; block the package instead of inventing a dynasty member or generated institution.","Source attested royal, civic, religious, or regional symbols and document faction ownership. The modern baseline may use a restrained generated civic flag when no attested state flag exists.","The compact anchor is used at release. Extended territory remains claims, diplomacy, plebiscites, integration, or formable content. Mixed populations receive rights and autonomy routes.",SRC-HOI4-TAGS | SRC-HOI4-STATES | SRC-CR-TAGS | SRC-EVENT5-ORIGIN | REG-WAFR,medium,"Apply only as an additive overlay when original_tag COG has cosmetic tag COG_kingdom_of_kongo, preserve the carrier's existing tree and history, and keep this identity out of the standalone release pool."
IW-102,Kuba,Kuba,,reuse_vanilla_cosmetic_overlay,vanilla_route_overlay_only,538,"Central Congo, with a Kuba substate required",RG-CONGO-BASIN-COARSE,"A period royal, customary, or historical institution is joined to a provisional cabinet, municipal administration, veterans, schools, labor, and an assembly. Restoration is a route choice, not an automatic medieval reconstruction.","Use a sourced real male period incumbent or claimant. If no safe claimant exists, use authentic archival material for the actual institutional regency or royal council; block the package instead of inventing a dynasty member or generated institution.","Source attested royal, civic, religious, or regional symbols and document faction ownership. The modern baseline may use a restrained generated civic flag when no attested state flag exists.","The compact anchor is used at release. Extended territory remains claims, diplomacy, plebiscites, integration, or formable content. Mixed populations receive rights and autonomy routes.",SRC-HOI4-TAGS | SRC-HOI4-STATES | SRC-CR-TAGS | SRC-EVENT5-ORIGIN | REG-WAFR,medium,"Apply only as an additive overlay when original_tag COG has cosmetic tag COG_kingdom_of_kuba, preserve the carrier's existing tree and history, and keep this identity out of the standalone release pool."
IW-103,Luba,Luba,DYX,reserve_new_event6_X_tag,automatic_pool_ready_if_unique_state_exists,538,"Central Congo, with a Luba substate required",RG-CONGO-BASIN-COARSE,"A period royal, customary, or historical institution is joined to a provisional cabinet, municipal administration, veterans, schools, labor, and an assembly. Restoration is a route choice, not an automatic medieval reconstruction.","Use a sourced real male period incumbent or claimant. If no safe claimant exists, use authentic archival material for the actual institutional regency or royal council; block the package instead of inventing a dynasty member or generated institution.","Source attested royal, civic, religious, or regional symbols and document faction ownership. The modern baseline may use a restrained generated civic flag when no attested state flag exists.","The compact anchor is used at release. Extended territory remains claims, diplomacy, plebiscites, integration, or formable content. Mixed populations receive rights and autonomy routes.",SRC-HOI4-TAGS | SRC-HOI4-STATES | SRC-CR-TAGS | SRC-EVENT5-ORIGIN | REG-WAFR,medium,"Rebind state IDs against the installed HOI4 build and current map overrides, rerun the full repository tag collision check, confirm the host retains a valid protected state, and verify final asset provenance."
IW-104,Lunda,Lunda,DZX,reserve_new_event6_X_tag,high_chaos_only,538,"Central Congo, with a Lunda substate required",RG-CONGO-BASIN-COARSE,"A period royal, customary, or historical institution is joined to a provisional cabinet, municipal administration, veterans, schools, labor, and an assembly. Restoration is a route choice, not an automatic medieval reconstruction.","Use a sourced real male period incumbent or claimant. If no safe claimant exists, use authentic archival material for the actual institutional regency or royal council; block the package instead of inventing a dynasty member or generated institution.","Source attested royal, civic, religious, or regional symbols and document faction ownership. The modern baseline may use a restrained generated civic flag when no attested state flag exists.","The compact anchor is used at release. Extended territory remains claims, diplomacy, plebiscites, integration, or formable content. Mixed populations receive rights and autonomy routes.",SRC-HOI4-TAGS | SRC-HOI4-STATES | SRC-CR-TAGS | SRC-EVENT5-ORIGIN | REG-WAFR,medium,"Rebind state IDs against the installed HOI4 build and current map overrides, rerun the full repository tag collision check, confirm the host retains a valid protected state, and verify final asset provenance."
IW-105,Loango,Loango,,reuse_vanilla_cosmetic_overlay,vanilla_route_overlay_only,660,"Equatorial Africa, with a Loango coastal substate required",RG-CONGO-BASIN-COARSE,"A period royal, customary, or historical institution is joined to a provisional cabinet, municipal administration, veterans, schools, labor, and an assembly. Restoration is a route choice, not an automatic medieval reconstruction.","Use a sourced real male period incumbent or claimant. If no safe claimant exists, use authentic archival material for the actual institutional regency or royal council; block the package instead of inventing a dynasty member or generated institution.","Source attested royal, civic, religious, or regional symbols and document faction ownership. The modern baseline may use a restrained generated civic flag when no attested state flag exists.","The compact anchor is used at release. Extended territory remains claims, diplomacy, plebiscites, integration, or formable content. Mixed populations receive rights and autonomy routes.",SRC-HOI4-TAGS | SRC-HOI4-STATES | SRC-CR-TAGS | SRC-EVENT5-ORIGIN | REG-WAFR,medium,"Apply only as an additive overlay when original_tag COG has cosmetic tag COG_kingdom_of_loango, preserve the carrier's existing tree and history, and keep this identity out of the standalone release pool."
IW-106,Aro Confederacy,Aro Confederacy,EBX,reserve_new_event6_X_tag,high_chaos_only,558,"Nigeria, with an Aro or southeast Nigerian substate required",RG-NIGERIA-COARSE,"A period royal, customary, or historical institution is joined to a provisional cabinet, municipal administration, veterans, schools, labor, and an assembly. Restoration is a route choice, not an automatic medieval reconstruction.","Use a provisional assembly, cabinet, municipal council, or congress with regionally sourced institution names. Portraits require sourced real male officeholders or authentic archival material for the actual institution; block the package when neither can be established.","Source attested royal, civic, religious, or regional symbols and document faction ownership. The modern baseline may use a restrained generated civic flag when no attested state flag exists.","The compact anchor is used at release. Extended territory remains claims, diplomacy, plebiscites, integration, or formable content. Mixed populations receive rights and autonomy routes.",SRC-HOI4-TAGS | SRC-HOI4-STATES | SRC-CR-TAGS | SRC-EVENT5-ORIGIN | REG-WAFR,medium,"Rebind state IDs against the installed HOI4 build and current map overrides, rerun the full repository tag collision check, confirm the host retains a valid protected state, and verify final asset provenance."
IW-107,Biafran regional state,Biafran Republic,BIA,reuse_registered_tag,automatic_pool_ready_if_unique_state_exists,558,"Nigeria, with a southeast Nigerian or Biafran state required",RG-NIGERIA-COARSE,"Use period royal and chieftaincy institutions, native administrations, guilds, merchant networks, labor, veterans, schools, and modern civic cabinets. Restoration does not mean reenactment.",Use the registered tag's sourced real male period leader when valid for the release date and not already active elsewhere. Otherwise use authentic archival material for the actual provisional institution; block the package until a defensible sourced leader or institution is assigned.,"Reuse the registered base flag only when it matches the released identity and origin. Source historical route variants. Generate only clearly alternate, civic, or high-chaos variants.","The compact anchor is used at release. Extended territory remains claims, diplomacy, plebiscites, integration, or formable content. Mixed populations receive rights and autonomy routes.",SRC-HOI4-TAGS | SRC-HOI4-STATES | SRC-CR-TAGS | SRC-EVENT5-ORIGIN | REG-WAFR,medium,"Rebind state IDs against the installed HOI4 build and current map overrides, rerun the full repository tag collision check, confirm the host retains a valid protected state, and verify final asset provenance."
IW-108,Buganda,Buganda,UGA,reuse_registered_tag,automatic_pool_ready_if_not_living,548,"Uganda, with Buganda as the required capital location",RG-GREAT-LAKES-COARSE,"A period royal, customary, or historical institution is joined to a provisional cabinet, municipal administration, veterans, schools, labor, and an assembly. Restoration is a route choice, not an automatic medieval reconstruction.",Use the registered tag's sourced real male period leader when valid for the release date and not already active elsewhere. Otherwise use authentic archival material for the actual provisional institution; block the package until a defensible sourced leader or institution is assigned.,"Reuse the registered base flag only when it matches the released identity and origin. Source historical route variants. Generate only clearly alternate, civic, or high-chaos variants.","The compact anchor is used at release. Extended territory remains claims, diplomacy, plebiscites, integration, or formable content. Mixed populations receive rights and autonomy routes.",SRC-HOI4-TAGS | SRC-HOI4-STATES | SRC-CR-TAGS | SRC-EVENT5-ORIGIN | REG-EAFR,high,"Rebind state IDs against the installed HOI4 build and current map overrides, rerun the full repository tag collision check, confirm the host retains a valid protected state, and verify final asset provenance."
IW-109,Bunyoro,Bunyoro,EEX,reserve_new_event6_X_tag,automatic_pool_ready_if_unique_state_exists,548,"Uganda, with a Bunyoro substate required",RG-GREAT-LAKES-COARSE,"A period royal, customary, or historical institution is joined to a provisional cabinet, municipal administration, veterans, schools, labor, and an assembly. Restoration is a route choice, not an automatic medieval reconstruction.","Use a sourced real male period incumbent or claimant. If no safe claimant exists, use authentic archival material for the actual institutional regency or royal council; block the package instead of inventing a dynasty member or generated institution.","Source attested royal, civic, religious, or regional symbols and document faction ownership. The modern baseline may use a restrained generated civic flag when no attested state flag exists.","The compact anchor is used at release. Extended territory remains claims, diplomacy, plebiscites, integration, or formable content. Mixed populations receive rights and autonomy routes.",SRC-HOI4-TAGS | SRC-HOI4-STATES | SRC-CR-TAGS | SRC-EVENT5-ORIGIN | REG-EAFR,medium,"Rebind state IDs against the installed HOI4 build and current map overrides, rerun the full repository tag collision check, confirm the host retains a valid protected state, and verify final asset provenance."
IW-110,Rwanda,Rwanda,RWA,reuse_registered_tag,automatic_pool_ready_if_unique_state_exists,,"Rwanda map group, use registered tag cores from the installed build",RG-GREAT-LAKES-COARSE,"A period royal, customary, or historical institution is joined to a provisional cabinet, municipal administration, veterans, schools, labor, and an assembly. Restoration is a route choice, not an automatic medieval reconstruction.",Use the registered tag's sourced real male period leader when valid for the release date and not already active elsewhere. Otherwise use authentic archival material for the actual provisional institution; block the package until a defensible sourced leader or institution is assigned.,"Reuse the registered base flag only when it matches the released identity and origin. Source historical route variants. Generate only clearly alternate, civic, or high-chaos variants.","The compact anchor is used at release. Extended territory remains claims, diplomacy, plebiscites, integration, or formable content. Mixed populations receive rights and autonomy routes.",SRC-HOI4-TAGS | SRC-HOI4-STATES | SRC-CR-TAGS | SRC-EVENT5-ORIGIN | REG-EAFR,medium,"Rebind state IDs against the installed HOI4 build and current map overrides, rerun the full repository tag collision check, confirm the host retains a valid protected state, and verify final asset provenance."
IW-111,Burundi,Burundi,BRD,reuse_registered_tag,automatic_pool_ready_if_unique_state_exists,,"Burundi map group, use registered tag cores from the installed build",RG-GREAT-LAKES-COARSE,"A period royal, customary, or historical institution is joined to a provisional cabinet, municipal administration, veterans, schools, labor, and an assembly. Restoration is a route choice, not an automatic medieval reconstruction.",Use the registered tag's sourced real male period leader when valid for the release date and not already active elsewhere. Otherwise use authentic archival material for the actual provisional institution; block the package until a defensible sourced leader or institution is assigned.,"Reuse the registered base flag only when it matches the released identity and origin. Source historical route variants. Generate only clearly alternate, civic, or high-chaos variants.","The compact anchor is used at release. Extended territory remains claims, diplomacy, plebiscites, integration, or formable content. Mixed populations receive rights and autonomy routes.",SRC-HOI4-TAGS | SRC-HOI4-STATES | SRC-CR-TAGS | SRC-EVENT5-ORIGIN | REG-EAFR,medium,"Rebind state IDs against the installed HOI4 build and current map overrides, rerun the full repository tag collision check, confirm the host retains a valid protected state, and verify final asset provenance."
IW-112,Ankole,Ankole,EHX,reserve_new_event6_X_tag,automatic_pool_ready_if_unique_state_exists,548,"Uganda, with an Ankole substate required",RG-GREAT-LAKES-COARSE,"A period royal, customary, or historical institution is joined to a provisional cabinet, municipal administration, veterans, schools, labor, and an assembly. Restoration is a route choice, not an automatic medieval reconstruction.","Use a sourced real male period incumbent or claimant. If no safe claimant exists, use authentic archival material for the actual institutional regency or royal council; block the package instead of inventing a dynasty member or generated institution.","Source attested royal, civic, religious, or regional symbols and document faction ownership. The modern baseline may use a restrained generated civic flag when no attested state flag exists.","The compact anchor is used at release. Extended territory remains claims, diplomacy, plebiscites, integration, or formable content. Mixed populations receive rights and autonomy routes.",SRC-HOI4-TAGS | SRC-HOI4-STATES | SRC-CR-TAGS | SRC-EVENT5-ORIGIN | REG-EAFR,medium,"Rebind state IDs against the installed HOI4 build and current map overrides, rerun the full repository tag collision check, confirm the host retains a valid protected state, and verify final asset provenance."
IW-113,Harar,Harar,HAR,reuse_registered_tag,automatic_pool_ready_if_unique_state_exists,,"Harar map group, use registered tag cores from the installed build",RG-HORN-HIGHLANDS-COARSE,"Use period monarchies, sultanates, municipal institutions, mission and school networks, veterans, pastoral councils, and regional administrations. Broad identities require named member packages.",Use the registered tag's sourced real male period leader when valid for the release date and not already active elsewhere. Otherwise use authentic archival material for the actual provisional institution; block the package until a defensible sourced leader or institution is assigned.,"Reuse the registered base flag only when it matches the released identity and origin. Source historical route variants. Generate only clearly alternate, civic, or high-chaos variants.","The compact anchor is used at release. Extended territory remains claims, diplomacy, plebiscites, integration, or formable content. Mixed populations receive rights and autonomy routes.",SRC-HOI4-TAGS | SRC-HOI4-STATES | SRC-CR-TAGS | SRC-EVENT5-ORIGIN | REG-EAFR,medium,"Rebind state IDs against the installed HOI4 build and current map overrides, rerun the full repository tag collision check, confirm the host retains a valid protected state, and verify final asset provenance."
IW-114,Afar state,Afar state,AFA,reuse_registered_tag,automatic_pool_ready_if_unique_state_exists,268,"French Somaliland, with an Afar or Aussa state required",RG-HORN-HIGHLANDS-COARSE,"A period royal, customary, or historical institution is joined to a provisional cabinet, municipal administration, veterans, schools, labor, and an assembly. Restoration is a route choice, not an automatic medieval reconstruction.",Use the registered tag's sourced real male period leader when valid for the release date and not already active elsewhere. Otherwise use authentic archival material for the actual provisional institution; block the package until a defensible sourced leader or institution is assigned.,"Reuse the registered base flag only when it matches the released identity and origin. Source historical route variants. Generate only clearly alternate, civic, or high-chaos variants.","The compact anchor is used at release. Extended territory remains claims, diplomacy, plebiscites, integration, or formable content. Mixed populations receive rights and autonomy routes.",SRC-HOI4-TAGS | SRC-HOI4-STATES | SRC-CR-TAGS | SRC-EVENT5-ORIGIN | REG-EAFR,medium,"Rebind state IDs against the installed HOI4 build and current map overrides, rerun the full repository tag collision check, confirm the host retains a valid protected state, and verify final asset provenance."
IW-115,Somaliland sultanate federation,Northern Somali Sultanate Federation,SOM,reuse_registered_tag,automatic_pool_ready_if_unique_state_exists,269|559,"British Somaliland | Somaliland, northern package only",RG-HORN-HIGHLANDS-COARSE,Use a congress of named northern Somali sultanates with member vetoes. Do not present one clan or dynasty as all Somali communities.,"Use a sourced real male period leader from the exact named community package or authentic archival material for the actual institution. A fictional person, generated council, or generic portrait cannot represent a broad real identity; block the package if no defensible source exists.",Use a symbol attested for the exact named community or institution. Do not invent a pan-identity flag or repurpose sacred and ceremonial symbols. Alternate routes may use clearly documented fictional civic designs.,Use a congress of named northern Somali sultanates with member vetoes. Do not present one clan or dynasty as all Somali communities.,SRC-HOI4-TAGS | SRC-HOI4-STATES | SRC-CR-TAGS | SRC-EVENT5-ORIGIN | REG-EAFR | ETH-SOMALI,medium,"Rebind state IDs against the installed HOI4 build and current map overrides, rerun the full repository tag collision check, confirm the host retains a valid protected state, and verify final asset provenance."
IW-116,Zanzibar,Zanzibar,ELX,reserve_new_event6_X_tag,scenario_variant_only,,"Zanzibar island state, current-map state required",RG-ZANZIBAR,"A period royal, customary, or historical institution is joined to a provisional cabinet, municipal administration, veterans, schools, labor, and an assembly. Restoration is a route choice, not an automatic medieval reconstruction.","Use a sourced real male period incumbent or claimant. If no safe claimant exists, use authentic archival material for the actual institutional regency or royal council; block the package instead of inventing a dynasty member or generated institution.","Source attested royal, civic, religious, or regional symbols and document faction ownership. The modern baseline may use a restrained generated civic flag when no attested state flag exists.","The compact anchor is used at release. Extended territory remains claims, diplomacy, plebiscites, integration, or formable content. Mixed populations receive rights and autonomy routes.",SRC-HOI4-TAGS | SRC-HOI4-STATES | SRC-CR-TAGS | SRC-EVENT5-ORIGIN | REG-EAFR,resolved_by_restriction,"Rebind state IDs against the installed HOI4 build and current map overrides, rerun the full repository tag collision check, confirm the host retains a valid protected state, and verify final asset provenance."
IW-117,Kilwa restoration,Kilwa restoration,EMX,reserve_new_event6_X_tag,high_chaos_only,546,"Tanganyika, with a Kilwa coastal substate required",RG-546,"A period royal, customary, or historical institution is joined to a provisional cabinet, municipal administration, veterans, schools, labor, and an assembly. Restoration is a route choice, not an automatic medieval reconstruction.","Use a provisional assembly, cabinet, municipal council, or congress with regionally sourced institution names. Portraits require sourced real male officeholders or authentic archival material for the actual institution; block the package when neither can be established.","Source attested royal, civic, religious, or regional symbols and document faction ownership. The modern baseline may use a restrained generated civic flag when no attested state flag exists.","The compact anchor is used at release. Extended territory remains claims, diplomacy, plebiscites, integration, or formable content. Mixed populations receive rights and autonomy routes.",SRC-HOI4-TAGS | SRC-HOI4-STATES | SRC-CR-TAGS | SRC-EVENT5-ORIGIN | REG-EAFR,medium,"Rebind state IDs against the installed HOI4 build and current map overrides, rerun the full repository tag collision check, confirm the host retains a valid protected state, and verify final asset provenance."
IW-118,Maasai regional state,Named Maasai Territorial State,ENX,reserve_new_event6_X_tag,specific_community_variant_only,546|547,"Tanganyika | Kenya, only after a named local Maasai section is selected",RG-546-547,Use a named local Maasai territorial section and a concrete district. A pan-Maasai state is not automatic.,"Use a sourced real male period leader from the exact named community package or authentic archival material for the actual institution. A fictional person, generated council, or generic portrait cannot represent a broad real identity; block the package if no defensible source exists.",Use a symbol attested for the exact named community or institution. Do not invent a pan-identity flag or repurpose sacred and ceremonial symbols. Alternate routes may use clearly documented fictional civic designs.,Use a named local Maasai territorial section and a concrete district. A pan-Maasai state is not automatic.,SRC-HOI4-TAGS | SRC-HOI4-STATES | SRC-CR-TAGS | SRC-EVENT5-ORIGIN | REG-EAFR | ETH-MAASAI,resolved_by_restriction,"Rebind state IDs against the installed HOI4 build and current map overrides, rerun the full repository tag collision check, confirm the host retains a valid protected state, and verify final asset provenance."
IW-119,Tigray,Tigray,TIG,reuse_registered_tag,automatic_pool_ready_if_unique_state_exists,,"Tigray map group, use registered tag cores from the installed build",RG-HORN-HIGHLANDS-COARSE,"Named local councils, municipal or district administration, veterans, border forces, transport authorities, and customary institutions where specifically sourced form the provisional government.",Use the registered tag's sourced real male period leader when valid for the release date and not already active elsewhere. Otherwise use authentic archival material for the actual provisional institution; block the package until a defensible sourced leader or institution is assigned.,"Reuse the registered base flag only when it matches the released identity and origin. Source historical route variants. Generate only clearly alternate, civic, or high-chaos variants.","The compact anchor is used at release. Extended territory remains claims, diplomacy, plebiscites, integration, or formable content. Mixed populations receive rights and autonomy routes.",SRC-HOI4-TAGS | SRC-HOI4-STATES | SRC-CR-TAGS | SRC-EVENT5-ORIGIN | REG-EAFR,medium,"Rebind state IDs against the installed HOI4 build and current map overrides, rerun the full repository tag collision check, confirm the host retains a valid protected state, and verify final asset provenance."
IW-120,Oromo regional federation,Named Oromo Regional Federation,ORO,reuse_registered_tag,specific_community_variant_only,,"Oromo regional map group, use one named regional package and registered tag cores",RG-HORN-HIGHLANDS-COARSE,Use one named Oromo regional package and a federal charter. The registered tag does not authorize a maximal map.,"Use a sourced real male period leader from the exact named community package or authentic archival material for the actual institution. A fictional person, generated council, or generic portrait cannot represent a broad real identity; block the package if no defensible source exists.",Use a symbol attested for the exact named community or institution. Do not invent a pan-identity flag or repurpose sacred and ceremonial symbols. Alternate routes may use clearly documented fictional civic designs.,Use one named Oromo regional package and a federal charter. The registered tag does not authorize a maximal map.,SRC-HOI4-TAGS | SRC-HOI4-STATES | SRC-CR-TAGS | SRC-EVENT5-ORIGIN | REG-EAFR | ETH-OROMO,resolved_by_restriction,"Rebind state IDs against the installed HOI4 build and current map overrides, rerun the full repository tag collision check, confirm the host retains a valid protected state, and verify final asset provenance."
IW-121,Zulu,Zulu,EQX,reserve_new_event6_X_tag,automatic_pool_ready_if_unique_state_exists,,"Natal or Zululand map group, current-map state required",RG-SOUTHERN-AFRICA-COARSE,"A period royal, customary, or historical institution is joined to a provisional cabinet, municipal administration, veterans, schools, labor, and an assembly. Restoration is a route choice, not an automatic medieval reconstruction.","Use a sourced real male period incumbent or claimant. If no safe claimant exists, use authentic archival material for the actual institutional regency or royal council; block the package instead of inventing a dynasty member or generated institution.","Source attested royal, civic, religious, or regional symbols and document faction ownership. The modern baseline may use a restrained generated civic flag when no attested state flag exists.","The compact anchor is used at release. Extended territory remains claims, diplomacy, plebiscites, integration, or formable content. Mixed populations receive rights and autonomy routes.",SRC-HOI4-TAGS | SRC-HOI4-STATES | SRC-CR-TAGS | SRC-EVENT5-ORIGIN | REG-SAFR,medium,"Rebind state IDs against the installed HOI4 build and current map overrides, rerun the full repository tag collision check, confirm the host retains a valid protected state, and verify final asset provenance."
IW-122,Ndebele,Ndebele,ERX,reserve_new_event6_X_tag,automatic_pool_ready_if_unique_state_exists,,"Matabeleland map group, current-map state required",RG-SOUTHERN-AFRICA-COARSE,"A period royal, customary, or historical institution is joined to a provisional cabinet, municipal administration, veterans, schools, labor, and an assembly. Restoration is a route choice, not an automatic medieval reconstruction.","Use a sourced real male period incumbent or claimant. If no safe claimant exists, use authentic archival material for the actual institutional regency or royal council; block the package instead of inventing a dynasty member or generated institution.","Source attested royal, civic, religious, or regional symbols and document faction ownership. The modern baseline may use a restrained generated civic flag when no attested state flag exists.","The compact anchor is used at release. Extended territory remains claims, diplomacy, plebiscites, integration, or formable content. Mixed populations receive rights and autonomy routes.",SRC-HOI4-TAGS | SRC-HOI4-STATES | SRC-CR-TAGS | SRC-EVENT5-ORIGIN | REG-SAFR,medium,"Rebind state IDs against the installed HOI4 build and current map overrides, rerun the full repository tag collision check, confirm the host retains a valid protected state, and verify final asset provenance."
IW-123,Xhosa,Xhosa,ESX,reserve_new_event6_X_tag,automatic_pool_ready_if_unique_state_exists,,"Eastern Cape or Xhosa map group, current-map state required",RG-SOUTHERN-AFRICA-COARSE,"Use period monarchies, chieftaincy, mission-educated civic groups, labor, veterans, municipal government, and community land institutions. Genocide and dispossession are treated gravely.","Use a provisional assembly, cabinet, municipal council, or congress with regionally sourced institution names. Portraits require sourced real male officeholders or authentic archival material for the actual institution; block the package when neither can be established.","Create a period civic flag from researched regional motifs. Do not use generated text, generic sacred symbols, or an invented historical flag presented as authentic.","The compact anchor is used at release. Extended territory remains claims, diplomacy, plebiscites, integration, or formable content. Mixed populations receive rights and autonomy routes.",SRC-HOI4-TAGS | SRC-HOI4-STATES | SRC-CR-TAGS | SRC-EVENT5-ORIGIN | REG-SAFR,medium,"Rebind state IDs against the installed HOI4 build and current map overrides, rerun the full repository tag collision check, confirm the host retains a valid protected state, and verify final asset provenance."
IW-124,Basotho,Basotho,HZX,reserve_new_event6_X_tag,automatic_pool_ready_if_unique_state_exists,,"Lesotho or Basutoland map group, current-map state required",RG-SOUTHERN-AFRICA-COARSE,"A period royal, customary, or historical institution is joined to a provisional cabinet, municipal administration, veterans, schools, labor, and an assembly. Restoration is a route choice, not an automatic medieval reconstruction.","Use a sourced real male period incumbent or claimant. If no safe claimant exists, use authentic archival material for the actual institutional regency or royal council; block the package instead of inventing a dynasty member or generated institution.","Source attested royal, civic, religious, or regional symbols and document faction ownership. The modern baseline may use a restrained generated civic flag when no attested state flag exists.","The compact anchor is used at release. Extended territory remains claims, diplomacy, plebiscites, integration, or formable content. Mixed populations receive rights and autonomy routes.",SRC-HOI4-TAGS | SRC-HOI4-STATES | SRC-CR-TAGS | SRC-EVENT5-ORIGIN | REG-SAFR,medium,"Recheck HZX immediately before commit, bind an exact Basutoland state, confirm host survival, and verify final asset provenance."
IW-125,Eswatini,Eswatini,EUX,reserve_new_event6_X_tag,automatic_pool_ready_if_unique_state_exists,,"Eswatini or Swaziland map group, current-map state required",RG-SOUTHERN-AFRICA-COARSE,"A period royal, customary, or historical institution is joined to a provisional cabinet, municipal administration, veterans, schools, labor, and an assembly. Restoration is a route choice, not an automatic medieval reconstruction.","Use a sourced real male period incumbent or claimant. If no safe claimant exists, use authentic archival material for the actual institutional regency or royal council; block the package instead of inventing a dynasty member or generated institution.","Source attested royal, civic, religious, or regional symbols and document faction ownership. The modern baseline may use a restrained generated civic flag when no attested state flag exists.","The compact anchor is used at release. Extended territory remains claims, diplomacy, plebiscites, integration, or formable content. Mixed populations receive rights and autonomy routes.",SRC-HOI4-TAGS | SRC-HOI4-STATES | SRC-CR-TAGS | SRC-EVENT5-ORIGIN | REG-SAFR,medium,"Rebind state IDs against the installed HOI4 build and current map overrides, rerun the full repository tag collision check, confirm the host retains a valid protected state, and verify final asset provenance."
IW-126,Barotseland,Barotseland,BAR,reuse_registered_tag,automatic_pool_ready_if_unique_state_exists,,"Barotseland map group, use registered tag cores from the installed build",RG-SOUTHERN-AFRICA-COARSE,"A period royal, customary, or historical institution is joined to a provisional cabinet, municipal administration, veterans, schools, labor, and an assembly. Restoration is a route choice, not an automatic medieval reconstruction.",Use the registered tag's sourced real male period leader when valid for the release date and not already active elsewhere. Otherwise use authentic archival material for the actual provisional institution; block the package until a defensible sourced leader or institution is assigned.,"Reuse the registered base flag only when it matches the released identity and origin. Source historical route variants. Generate only clearly alternate, civic, or high-chaos variants.","The compact anchor is used at release. Extended territory remains claims, diplomacy, plebiscites, integration, or formable content. Mixed populations receive rights and autonomy routes.",SRC-HOI4-TAGS | SRC-HOI4-STATES | SRC-CR-TAGS | SRC-EVENT5-ORIGIN | REG-SAFR,medium,"Rebind state IDs against the installed HOI4 build and current map overrides, rerun the full repository tag collision check, confirm the host retains a valid protected state, and verify final asset provenance."
IW-127,Herero state,Herero state,EWX,reserve_new_event6_X_tag,specific_community_variant_only,,"Herero central Namibian map group, current-map state required",RG-SOUTHERN-AFRICA-COARSE,Use community leadership and survival institutions. Genocide history is treated gravely and never as a military flavor bonus.,"Use a sourced real male period leader from the exact named community package or authentic archival material for the actual institution. A fictional person, generated council, or generic portrait cannot represent a broad real identity; block the package if no defensible source exists.",Use a symbol attested for the exact named community or institution. Do not invent a pan-identity flag or repurpose sacred and ceremonial symbols. Alternate routes may use clearly documented fictional civic designs.,Use community leadership and survival institutions. Genocide history is treated gravely and never as a military flavor bonus.,SRC-HOI4-TAGS | SRC-HOI4-STATES | SRC-CR-TAGS | SRC-EVENT5-ORIGIN | REG-SAFR | ETH-HERERO-NAMA,resolved_by_restriction,"Rebind state IDs against the installed HOI4 build and current map overrides, rerun the full repository tag collision check, confirm the host retains a valid protected state, and verify final asset provenance."
IW-128,Nama state,Nama state,EXX,reserve_new_event6_X_tag,specific_community_variant_only,,"Nama southern Namibian map group, current-map state required",RG-SOUTHERN-AFRICA-COARSE,Use a named Nama community package with the same grave treatment of genocide and land dispossession.,"Use a sourced real male period leader from the exact named community package or authentic archival material for the actual institution. A fictional person, generated council, or generic portrait cannot represent a broad real identity; block the package if no defensible source exists.",Use a symbol attested for the exact named community or institution. Do not invent a pan-identity flag or repurpose sacred and ceremonial symbols. Alternate routes may use clearly documented fictional civic designs.,Use a named Nama community package with the same grave treatment of genocide and land dispossession.,SRC-HOI4-TAGS | SRC-HOI4-STATES | SRC-CR-TAGS | SRC-EVENT5-ORIGIN | REG-SAFR | ETH-HERERO-NAMA,resolved_by_restriction,"Rebind state IDs against the installed HOI4 build and current map overrides, rerun the full repository tag collision check, confirm the host retains a valid protected state, and verify final asset provenance."
IW-129,Ovambo state,Ovambo state,EYX,reserve_new_event6_X_tag,specific_community_variant_only,,"Ovambo northern Namibian map group, current-map state required",RG-SOUTHERN-AFRICA-COARSE,Use one Ovambo kingdom or district package. Do not merge all northern Namibian communities into a single invented government.,"Use a sourced real male period leader from the exact named community package or authentic archival material for the actual institution. A fictional person, generated council, or generic portrait cannot represent a broad real identity; block the package if no defensible source exists.",Use a symbol attested for the exact named community or institution. Do not invent a pan-identity flag or repurpose sacred and ceremonial symbols. Alternate routes may use clearly documented fictional civic designs.,Use one Ovambo kingdom or district package. Do not merge all northern Namibian communities into a single invented government.,SRC-HOI4-TAGS | SRC-HOI4-STATES | SRC-CR-TAGS | SRC-EVENT5-ORIGIN | REG-SAFR | ETH-NAMIBIA,resolved_by_restriction,"Rebind state IDs against the installed HOI4 build and current map overrides, rerun the full repository tag collision check, confirm the host retains a valid protected state, and verify final asset provenance."
IW-130,Madagascar restoration,Madagascar,MAD,reuse_registered_tag,automatic_pool_ready_if_not_living,543,Madagascar,RG-543,"A period royal, customary, or historical institution is joined to a provisional cabinet, municipal administration, veterans, schools, labor, and an assembly. Restoration is a route choice, not an automatic medieval reconstruction.",Use the registered tag's sourced real male period leader when valid for the release date and not already active elsewhere. Otherwise use authentic archival material for the actual provisional institution; block the package until a defensible sourced leader or institution is assigned.,"Reuse the registered base flag only when it matches the released identity and origin. Source historical route variants. Generate only clearly alternate, civic, or high-chaos variants.","The compact anchor is used at release. Extended territory remains claims, diplomacy, plebiscites, integration, or formable content. Mixed populations receive rights and autonomy routes.",SRC-HOI4-TAGS | SRC-HOI4-STATES | SRC-CR-TAGS | SRC-EVENT5-ORIGIN | REG-SAFR,high,"Rebind state IDs against the installed HOI4 build and current map overrides, rerun the full repository tag collision check, confirm the host retains a valid protected state, and verify final asset provenance."
IW-131,Comoros,Comoros,FAX,reserve_new_event6_X_tag,automatic_pool_ready_if_unique_state_exists,708,Comoro Islands,RG-708,"A period royal, customary, or historical institution is joined to a provisional cabinet, municipal administration, veterans, schools, labor, and an assembly. Restoration is a route choice, not an automatic medieval reconstruction.","Use a sourced real male period incumbent or claimant. If no safe claimant exists, use authentic archival material for the actual institutional regency or royal council; block the package instead of inventing a dynasty member or generated institution.","Source attested royal, civic, religious, or regional symbols and document faction ownership. The modern baseline may use a restrained generated civic flag when no attested state flag exists.","The compact anchor is used at release. Extended territory remains claims, diplomacy, plebiscites, integration, or formable content. Mixed populations receive rights and autonomy routes.",SRC-HOI4-TAGS | SRC-HOI4-STATES | SRC-CR-TAGS | SRC-EVENT5-ORIGIN | REG-SAFR,medium,"Rebind state IDs against the installed HOI4 build and current map overrides, rerun the full repository tag collision check, confirm the host retains a valid protected state, and verify final asset provenance."
IW-132,Mauritius,Mauritius,FBX,reserve_new_event6_X_tag,automatic_pool_ready_if_unique_state_exists,707,Mauritius,RG-707,"Port, municipal, customs, shipping, merchant, labor, and local defense institutions form the provisional government, with traditional or dynastic authority included only where period-correct.","Use a provisional assembly, cabinet, municipal council, or congress with regionally sourced institution names. Portraits require sourced real male officeholders or authentic archival material for the actual institution; block the package when neither can be established.","Create a period civic flag from researched regional motifs. Do not use generated text, generic sacred symbols, or an invented historical flag presented as authentic.","The compact anchor is used at release. Extended territory remains claims, diplomacy, plebiscites, integration, or formable content. Mixed populations receive rights and autonomy routes.",SRC-HOI4-TAGS | SRC-HOI4-STATES | SRC-CR-TAGS | SRC-EVENT5-ORIGIN | REG-SAFR,medium,"Rebind state IDs against the installed HOI4 build and current map overrides, rerun the full repository tag collision check, confirm the host retains a valid protected state, and verify final asset provenance."
IW-133,Bengal,Bengal,BAN,reuse_registered_tag,formable_or_route_only,430|431,"East Bengal | West Bengal, not an automatic unified release",RG-BENGAL-UNION,A unified Bengal package is formable only. East and West Bengal can appear separately where the installed map and host survival permit.,"Use a sourced real male period leader from the exact named community package or authentic archival material for the actual institution. A fictional person, generated council, or generic portrait cannot represent a broad real identity; block the package if no defensible source exists.",Use a symbol attested for the exact named community or institution. Do not invent a pan-identity flag or repurpose sacred and ceremonial symbols. Alternate routes may use clearly documented fictional civic designs.,A unified Bengal package is formable only. East and West Bengal can appear separately where the installed map and host survival permit.,SRC-HOI4-TAGS | SRC-HOI4-STATES | SRC-CR-TAGS | SRC-EVENT5-ORIGIN | REG-SASIA | ETH-BENGAL,resolved_by_restriction,"Gate every Event 6 addition behind the Event 6 origin, require BAN not to be living, preserve the registered BAN tree and the GOE/RAJ/UK release route, keep unified Bengal formable-only, and verify final asset provenance."
IW-134,Punjab,Punjab,FDX,reserve_new_event6_X_tag,automatic_pool_ready_if_unique_state_exists,440,Punjab,RG-PUNJAB-SIKH,A compact Punjab package can release from one state. Any cross-border or all-Punjab claim is later diplomacy or formable content.,"Use a sourced real male period leader from the exact named community package or authentic archival material for the actual institution. A fictional person, generated council, or generic portrait cannot represent a broad real identity; block the package if no defensible source exists.",Use a symbol attested for the exact named community or institution. Do not invent a pan-identity flag or repurpose sacred and ceremonial symbols. Alternate routes may use clearly documented fictional civic designs.,A compact Punjab package can release from one state. Any cross-border or all-Punjab claim is later diplomacy or formable content.,SRC-HOI4-TAGS | SRC-HOI4-STATES | SRC-CR-TAGS | SRC-EVENT5-ORIGIN | REG-SASIA | ETH-PUNJAB,medium,"Rebind state IDs against the installed HOI4 build and current map overrides, rerun the full repository tag collision check, confirm the host retains a valid protected state, and verify final asset provenance."
IW-135,Sikh state,Sikh Commonwealth or Khalistan by route,KHL,reuse_registered_tag,high_chaos_only,440,"Punjab, mutually exclusive with the broad Punjab package",RG-PUNJAB-SIKH,The Sikh package is mutually exclusive with a broad Punjab release and must not claim all Punjabi communities.,"Use a sourced real male period leader from the exact named community package or authentic archival material for the actual institution. A fictional person, generated council, or generic portrait cannot represent a broad real identity; block the package if no defensible source exists.",Use a symbol attested for the exact named community or institution. Do not invent a pan-identity flag or repurpose sacred and ceremonial symbols. Alternate routes may use clearly documented fictional civic designs.,The Sikh package is mutually exclusive with a broad Punjab release and must not claim all Punjabi communities.,SRC-HOI4-TAGS | SRC-HOI4-STATES | SRC-CR-TAGS | SRC-EVENT5-ORIGIN | REG-SASIA | ETH-PUNJAB,medium,"Rebind state IDs against the installed HOI4 build and current map overrides, rerun the full repository tag collision check, confirm the host retains a valid protected state, and verify final asset provenance."
IW-136,Sindh,Sindh,SIN,reuse_registered_tag,automatic_pool_ready_if_not_living,443,Sind,RG-443,"Port, municipal, customs, shipping, merchant, labor, and local defense institutions form the provisional government, with traditional or dynastic authority included only where period-correct.",Use the registered tag's sourced real male period leader when valid for the release date and not already active elsewhere. Otherwise use authentic archival material for the actual provisional institution; block the package until a defensible sourced leader or institution is assigned.,"Reuse the registered base flag only when it matches the released identity and origin. Source historical route variants. Generate only clearly alternate, civic, or high-chaos variants.","The compact anchor is used at release. Extended territory remains claims, diplomacy, plebiscites, integration, or formable content. Mixed populations receive rights and autonomy routes.",SRC-HOI4-TAGS | SRC-HOI4-STATES | SRC-CR-TAGS | SRC-EVENT5-ORIGIN | REG-SASIA,high,"Rebind state IDs against the installed HOI4 build and current map overrides, rerun the full repository tag collision check, confirm the host retains a valid protected state, and verify final asset provenance."
IW-137,Balochistan,Balochistan,BLC,reuse_registered_tag,automatic_pool_ready_if_unique_state_exists,444|445,Baluchistan | Quetta,RG-NORTHWEST-SOUTH-ASIA,Use Balochistan or Kalat according to the exact tag and state set. Cross-border areas remain ambitions.,"Use a sourced real male period leader from the exact named community package or authentic archival material for the actual institution. A fictional person, generated council, or generic portrait cannot represent a broad real identity; block the package if no defensible source exists.",Use a symbol attested for the exact named community or institution. Do not invent a pan-identity flag or repurpose sacred and ceremonial symbols. Alternate routes may use clearly documented fictional civic designs.,Use Balochistan or Kalat according to the exact tag and state set. Cross-border areas remain ambitions.,SRC-HOI4-TAGS | SRC-HOI4-STATES | SRC-CR-TAGS | SRC-EVENT5-ORIGIN | REG-SASIA | ETH-BALOCH,medium,"Rebind state IDs against the installed HOI4 build and current map overrides, rerun the full repository tag collision check, confirm the host retains a valid protected state, and verify final asset provenance."
IW-138,Pashtunistan,Pashtunistan,PSH,reuse_registered_tag,automatic_pool_ready_if_unique_state_exists,442,Peshawar,RG-NORTHWEST-SOUTH-ASIA,"Use a northwest frontier anchor. A cross-border Pashtunistan is a later route, not an opening map.","Use a sourced real male period leader from the exact named community package or authentic archival material for the actual institution. A fictional person, generated council, or generic portrait cannot represent a broad real identity; block the package if no defensible source exists.",Use a symbol attested for the exact named community or institution. Do not invent a pan-identity flag or repurpose sacred and ceremonial symbols. Alternate routes may use clearly documented fictional civic designs.,"Use a northwest frontier anchor. A cross-border Pashtunistan is a later route, not an opening map.",SRC-HOI4-TAGS | SRC-HOI4-STATES | SRC-CR-TAGS | SRC-EVENT5-ORIGIN | REG-SASIA | ETH-PASHTUN,medium,"Rebind state IDs against the installed HOI4 build and current map overrides, rerun the full repository tag collision check, confirm the host retains a valid protected state, and verify final asset provenance."
IW-139,Kashmir,Kashmir,KAS,reuse_registered_tag,automatic_pool_ready_if_unique_state_exists,441,Kashmir,RG-NORTHWEST-SOUTH-ASIA,Use one Kashmir anchor and a neutral founding problem. Do not pre-decide the later border settlement.,"Use a sourced real male period leader from the exact named community package or authentic archival material for the actual institution. A fictional person, generated council, or generic portrait cannot represent a broad real identity; block the package if no defensible source exists.",Use a symbol attested for the exact named community or institution. Do not invent a pan-identity flag or repurpose sacred and ceremonial symbols. Alternate routes may use clearly documented fictional civic designs.,Use one Kashmir anchor and a neutral founding problem. Do not pre-decide the later border settlement.,SRC-HOI4-TAGS | SRC-HOI4-STATES | SRC-CR-TAGS | SRC-EVENT5-ORIGIN | REG-SASIA | ETH-KASHMIR,medium,"Rebind state IDs against the installed HOI4 build and current map overrides, rerun the full repository tag collision check, confirm the host retains a valid protected state, and verify final asset provenance."
IW-140,Hyderabad,Hyderabad,HYD,reuse_registered_tag,automatic_pool_ready_if_not_living,427,Hyderabad,RG-SOUTH-INDIA,"Use princely administrations, provincial parties, religious and linguistic associations, labor, peasant movements, military veterans, and federal conferences. Partition-era claims are not pre-decided.",Use the registered tag's sourced real male period leader when valid for the release date and not already active elsewhere. Otherwise use authentic archival material for the actual provisional institution; block the package until a defensible sourced leader or institution is assigned.,"Reuse the registered base flag only when it matches the released identity and origin. Source historical route variants. Generate only clearly alternate, civic, or high-chaos variants.","The compact anchor is used at release. Extended territory remains claims, diplomacy, plebiscites, integration, or formable content. Mixed populations receive rights and autonomy routes.",SRC-HOI4-TAGS | SRC-HOI4-STATES | SRC-CR-TAGS | SRC-EVENT5-ORIGIN | REG-SASIA,high,"Rebind state IDs against the installed HOI4 build and current map overrides, rerun the full repository tag collision check, confirm the host retains a valid protected state, and verify final asset provenance."
IW-141,Mysore,Mysore,MYS,reuse_registered_tag,automatic_pool_ready_if_not_living,425,Mysore,RG-SOUTH-INDIA,"Use princely administrations, provincial parties, religious and linguistic associations, labor, peasant movements, military veterans, and federal conferences. Partition-era claims are not pre-decided.",Use the registered tag's sourced real male period leader when valid for the release date and not already active elsewhere. Otherwise use authentic archival material for the actual provisional institution; block the package until a defensible sourced leader or institution is assigned.,"Reuse the registered base flag only when it matches the released identity and origin. Source historical route variants. Generate only clearly alternate, civic, or high-chaos variants.","The compact anchor is used at release. Extended territory remains claims, diplomacy, plebiscites, integration, or formable content. Mixed populations receive rights and autonomy routes.",SRC-HOI4-TAGS | SRC-HOI4-STATES | SRC-CR-TAGS | SRC-EVENT5-ORIGIN | REG-SASIA,high,"Rebind state IDs against the installed HOI4 build and current map overrides, rerun the full repository tag collision check, confirm the host retains a valid protected state, and verify final asset provenance."
IW-142,Travancore,Travancore,FLX,reserve_new_event6_X_tag,automatic_pool_ready_if_unique_state_exists,,"Travancore or southern Kerala map group, current-map state required",RG-SOUTH-INDIA,"Port, municipal, customs, shipping, merchant, labor, and local defense institutions form the provisional government, with traditional or dynastic authority included only where period-correct.","Use a provisional assembly, cabinet, municipal council, or congress with regionally sourced institution names. Portraits require sourced real male officeholders or authentic archival material for the actual institution; block the package when neither can be established.","Create a period civic flag from researched regional motifs. Do not use generated text, generic sacred symbols, or an invented historical flag presented as authentic.","The compact anchor is used at release. Extended territory remains claims, diplomacy, plebiscites, integration, or formable content. Mixed populations receive rights and autonomy routes.",SRC-HOI4-TAGS | SRC-HOI4-STATES | SRC-CR-TAGS | SRC-EVENT5-ORIGIN | REG-SASIA,medium,"Rebind state IDs against the installed HOI4 build and current map overrides, rerun the full repository tag collision check, confirm the host retains a valid protected state, and verify final asset provenance."
IW-143,Tamil state,Tamil state,RAS,reuse_registered_tag,automatic_pool_ready_if_unique_state_exists,,"Tamil Nadu or Madras map group, use registered tag cores from the installed build",RG-SOUTH-INDIA,"Use princely administrations, provincial parties, religious and linguistic associations, labor, peasant movements, military veterans, and federal conferences. Partition-era claims are not pre-decided.",Use the registered tag's sourced real male period leader when valid for the release date and not already active elsewhere. Otherwise use authentic archival material for the actual provisional institution; block the package until a defensible sourced leader or institution is assigned.,"Reuse the registered base flag only when it matches the released identity and origin. Source historical route variants. Generate only clearly alternate, civic, or high-chaos variants.","The compact anchor is used at release. Extended territory remains claims, diplomacy, plebiscites, integration, or formable content. Mixed populations receive rights and autonomy routes.",SRC-HOI4-TAGS | SRC-HOI4-STATES | SRC-CR-TAGS | SRC-EVENT5-ORIGIN | REG-SASIA,medium,"Rebind state IDs against the installed HOI4 build and current map overrides, rerun the full repository tag collision check, confirm the host retains a valid protected state, and verify final asset provenance."
IW-144,Dravidian federation,Dravidian Federation,FNX,reserve_new_event6_X_tag,formable_or_route_only,425|427,"Southern Indian state group, formable only",RG-SOUTH-INDIA,"A founding congress of named member regions or communities adopts representation, veto, autonomy, revenue, and defense clauses before any wider federation can form.","Use a provisional assembly, cabinet, municipal council, or congress with regionally sourced institution names. Portraits require sourced real male officeholders or authentic archival material for the actual institution; block the package when neither can be established.","Create a period civic flag from researched regional motifs. Do not use generated text, generic sacred symbols, or an invented historical flag presented as authentic.","The compact anchor is used at release. Extended territory remains claims, diplomacy, plebiscites, integration, or formable content. Mixed populations receive rights and autonomy routes.",SRC-HOI4-TAGS | SRC-HOI4-STATES | SRC-CR-TAGS | SRC-EVENT5-ORIGIN | REG-SASIA,resolved_by_restriction,"Rebind state IDs against the installed HOI4 build and current map overrides, rerun the full repository tag collision check, confirm the host retains a valid protected state, and verify final asset provenance."
IW-145,Assam,Assam,FOX,reserve_new_event6_X_tag,automatic_pool_ready_if_unique_state_exists,432,Assam,RG-NORTHEAST-HIMALAYA,"Use princely administrations, provincial parties, religious and linguistic associations, labor, peasant movements, military veterans, and federal conferences. Partition-era claims are not pre-decided.","Use a provisional assembly, cabinet, municipal council, or congress with regionally sourced institution names. Portraits require sourced real male officeholders or authentic archival material for the actual institution; block the package when neither can be established.","Create a period civic flag from researched regional motifs. Do not use generated text, generic sacred symbols, or an invented historical flag presented as authentic.","The compact anchor is used at release. Extended territory remains claims, diplomacy, plebiscites, integration, or formable content. Mixed populations receive rights and autonomy routes.",SRC-HOI4-TAGS | SRC-HOI4-STATES | SRC-CR-TAGS | SRC-EVENT5-ORIGIN | REG-SASIA,medium,"Rebind state IDs against the installed HOI4 build and current map overrides, rerun the full repository tag collision check, confirm the host retains a valid protected state, and verify final asset provenance."
IW-146,Naga state,Named Naga State,FPX,reserve_new_event6_X_tag,specific_community_variant_only,432,"Assam, with a named Naga highland substate required",RG-NORTHEAST-HIMALAYA,Replace a pan-Naga automatic state with a named Naga political package when the map provides a distinct anchor. Wider Naga federation is negotiated.,"Use a sourced real male period leader from the exact named community package or authentic archival material for the actual institution. A fictional person, generated council, or generic portrait cannot represent a broad real identity; block the package if no defensible source exists.",Use a symbol attested for the exact named community or institution. Do not invent a pan-identity flag or repurpose sacred and ceremonial symbols. Alternate routes may use clearly documented fictional civic designs.,Replace a pan-Naga automatic state with a named Naga political package when the map provides a distinct anchor. Wider Naga federation is negotiated.,SRC-HOI4-TAGS | SRC-HOI4-STATES | SRC-CR-TAGS | SRC-EVENT5-ORIGIN | REG-SASIA | ETH-NAGA,resolved_by_restriction,"Rebind state IDs against the installed HOI4 build and current map overrides, rerun the full repository tag collision check, confirm the host retains a valid protected state, and verify final asset provenance."
IW-147,Manipur,Manipur,MPU,reuse_registered_tag,automatic_pool_ready_if_unique_state_exists,,"Manipur map group, use registered tag cores from the installed build",RG-NORTHEAST-HIMALAYA,"Use princely administrations, provincial parties, religious and linguistic associations, labor, peasant movements, military veterans, and federal conferences. Partition-era claims are not pre-decided.",Use the registered tag's sourced real male period leader when valid for the release date and not already active elsewhere. Otherwise use authentic archival material for the actual provisional institution; block the package until a defensible sourced leader or institution is assigned.,"Reuse the registered base flag only when it matches the released identity and origin. Source historical route variants. Generate only clearly alternate, civic, or high-chaos variants.","The compact anchor is used at release. Extended territory remains claims, diplomacy, plebiscites, integration, or formable content. Mixed populations receive rights and autonomy routes.",SRC-HOI4-TAGS | SRC-HOI4-STATES | SRC-CR-TAGS | SRC-EVENT5-ORIGIN | REG-SASIA,medium,"Rebind state IDs against the installed HOI4 build and current map overrides, rerun the full repository tag collision check, confirm the host retains a valid protected state, and verify final asset provenance."
IW-148,Sikkim,Sikkim,SKK,reuse_registered_tag,automatic_pool_ready_if_unique_state_exists,,"Sikkim map group, use registered tag cores from the installed build",RG-NORTHEAST-HIMALAYA,"A period royal, customary, or historical institution is joined to a provisional cabinet, municipal administration, veterans, schools, labor, and an assembly. Restoration is a route choice, not an automatic medieval reconstruction.",Use the registered tag's sourced real male period leader when valid for the release date and not already active elsewhere. Otherwise use authentic archival material for the actual provisional institution; block the package until a defensible sourced leader or institution is assigned.,"Reuse the registered base flag only when it matches the released identity and origin. Source historical route variants. Generate only clearly alternate, civic, or high-chaos variants.","The compact anchor is used at release. Extended territory remains claims, diplomacy, plebiscites, integration, or formable content. Mixed populations receive rights and autonomy routes.",SRC-HOI4-TAGS | SRC-HOI4-STATES | SRC-CR-TAGS | SRC-EVENT5-ORIGIN | REG-SASIA,medium,"Rebind state IDs against the installed HOI4 build and current map overrides, rerun the full repository tag collision check, confirm the host retains a valid protected state, and verify final asset provenance."
IW-149,Himalayan confederation,Himalayan Confederation,FSX,reserve_new_event6_X_tag,formable_or_route_only,441|432,"Himalayan state group, formable only",RG-NORTHEAST-HIMALAYA,"A founding congress of named member regions or communities adopts representation, veto, autonomy, revenue, and defense clauses before any wider federation can form.","Use a provisional assembly, cabinet, municipal council, or congress with regionally sourced institution names. Portraits require sourced real male officeholders or authentic archival material for the actual institution; block the package when neither can be established.","Create a period civic flag from researched regional motifs. Do not use generated text, generic sacred symbols, or an invented historical flag presented as authentic.","The compact anchor is used at release. Extended territory remains claims, diplomacy, plebiscites, integration, or formable content. Mixed populations receive rights and autonomy routes.",SRC-HOI4-TAGS | SRC-HOI4-STATES | SRC-CR-TAGS | SRC-EVENT5-ORIGIN | REG-SASIA,resolved_by_restriction,"Rebind state IDs against the installed HOI4 build and current map overrides, rerun the full repository tag collision check, confirm the host retains a valid protected state, and verify final asset provenance."
IW-150,Aceh,Aceh,ATJ,reuse_registered_tag,high_chaos_only,672,"Sumatra, with Banda Aceh as the required capital location",RG-SUMATRA,"Daud Beureueh can appear as an educational and religious reform figure. In 1936 the opening authority is a coalition of uleebalang, ulama, merchants, veterans, and district notables. PUSA content is date-gated to 1939 or later.","Daud Beureueh can appear as an educational and religious reform figure. In 1936 the opening authority is a coalition of uleebalang, ulama, merchants, veterans, and district notables. PUSA content is date-gated to 1939 or later.",Use sourced Acehnese sultanate and regional symbols. PUSA and later movement symbols are date-gated.,"The compact anchor is used at release. Extended territory remains claims, diplomacy, plebiscites, integration, or formable content. Mixed populations receive rights and autonomy routes.",SRC-HOI4-TAGS | SRC-HOI4-STATES | SRC-CR-TAGS | SRC-EVENT5-ORIGIN | REG-SEAO | SIG-ACEH,high,"Gate every Event 6 addition behind the Event 6 origin, require ATJ not to be living, preserve registered ATJ content and the INS release route, confirm host survival, and verify final asset provenance."
IW-151,Minangkabau,Minangkabau,FUX,reserve_new_event6_X_tag,high_chaos_only,672,"Sumatra, with a West Sumatra substate required",RG-SUMATRA,"Use courts and sultanates where current, monasteries, schools, merchant networks, municipal government, anti-colonial associations, veterans, and named community councils. Later organizations are date-gated.","Use a provisional assembly, cabinet, municipal council, or congress with regionally sourced institution names. Portraits require sourced real male officeholders or authentic archival material for the actual institution; block the package when neither can be established.","Create a period civic flag from researched regional motifs. Do not use generated text, generic sacred symbols, or an invented historical flag presented as authentic.","The compact anchor is used at release. Extended territory remains claims, diplomacy, plebiscites, integration, or formable content. Mixed populations receive rights and autonomy routes.",SRC-HOI4-TAGS | SRC-HOI4-STATES | SRC-CR-TAGS | SRC-EVENT5-ORIGIN | REG-SEAO,medium,"Rebind state IDs against the installed HOI4 build and current map overrides, rerun the full repository tag collision check, confirm the host retains a valid protected state, and verify final asset provenance."
IW-152,Riau,Riau,FVX,reserve_new_event6_X_tag,automatic_pool_ready_if_unique_state_exists,672,"Sumatra, with a Riau substate required",RG-SUMATRA,"A period royal, customary, or historical institution is joined to a provisional cabinet, municipal administration, veterans, schools, labor, and an assembly. Restoration is a route choice, not an automatic medieval reconstruction.","Use a sourced real male period incumbent or claimant. If no safe claimant exists, use authentic archival material for the actual institutional regency or royal council; block the package instead of inventing a dynasty member or generated institution.","Source attested royal, civic, religious, or regional symbols and document faction ownership. The modern baseline may use a restrained generated civic flag when no attested state flag exists.","The compact anchor is used at release. Extended territory remains claims, diplomacy, plebiscites, integration, or formable content. Mixed populations receive rights and autonomy routes.",SRC-HOI4-TAGS | SRC-HOI4-STATES | SRC-CR-TAGS | SRC-EVENT5-ORIGIN | REG-SEAO,medium,"Rebind state IDs against the installed HOI4 build and current map overrides, rerun the full repository tag collision check, confirm the host retains a valid protected state, and verify final asset provenance."
IW-153,Dayak federation,Named Dayak or Pontianak Regional State,POK,reuse_registered_tag,specific_community_variant_only,334,"Kalimantan, only after a named Dayak polity is selected",RG-BORNEO-DAYAK,Replace a generic Dayak state with the registered Pontianak package or a specifically researched POK route. Dayak remains a broad family of peoples.,"Use a sourced real male period leader from the exact named community package or authentic archival material for the actual institution. A fictional person, generated council, or generic portrait cannot represent a broad real identity; block the package if no defensible source exists.",Use a symbol attested for the exact named community or institution. Do not invent a pan-identity flag or repurpose sacred and ceremonial symbols. Alternate routes may use clearly documented fictional civic designs.,Reuse POK rather than registering a duplicate Dayak country. Keep the package unavailable until the selected institution and territory are precise.,SRC-HOI4-TAGS | SRC-HOI4-STATES | SRC-CR-TAGS | SRC-EVENT5-ORIGIN | REG-SEAO | ETH-DAYAK,resolved_by_restriction,"Gate every Event 6 addition behind the Event 6 origin and IW-153 package flag, require POK not to be living, preserve registered POK history, characters, cores, Indonesian releasable membership, and character-transfer logic, and keep the named-community restriction."
IW-154,Bugis state,Bugis state,FXX,reserve_new_event6_X_tag,automatic_pool_ready_if_unique_state_exists,673,"Sulawesi, with a South Sulawesi substate required",RG-EAST-INDONESIA,"Port, municipal, customs, shipping, merchant, labor, and local defense institutions form the provisional government, with traditional or dynastic authority included only where period-correct.","Use a provisional assembly, cabinet, municipal council, or congress with regionally sourced institution names. Portraits require sourced real male officeholders or authentic archival material for the actual institution; block the package when neither can be established.","Create a period civic flag from researched regional motifs. Do not use generated text, generic sacred symbols, or an invented historical flag presented as authentic.","The compact anchor is used at release. Extended territory remains claims, diplomacy, plebiscites, integration, or formable content. Mixed populations receive rights and autonomy routes.",SRC-HOI4-TAGS | SRC-HOI4-STATES | SRC-CR-TAGS | SRC-EVENT5-ORIGIN | REG-SEAO,medium,"Rebind state IDs against the installed HOI4 build and current map overrides, rerun the full repository tag collision check, confirm the host retains a valid protected state, and verify final asset provenance."
IW-155,Bali,Bali,BLI,reuse_registered_tag,automatic_pool_ready_if_unique_state_exists,667,"Lesser Sunda Islands, with a Bali substate required",RG-EAST-INDONESIA,"A period royal, customary, or historical institution is joined to a provisional cabinet, municipal administration, veterans, schools, labor, and an assembly. Restoration is a route choice, not an automatic medieval reconstruction.","Use a sourced real male period incumbent or claimant. If no safe claimant exists, use authentic archival material for the actual institutional regency or royal council; block the package instead of inventing a dynasty member or generated institution.","Source attested royal, civic, religious, or regional symbols and document faction ownership. The modern baseline may use a restrained generated civic flag when no attested state flag exists.","The compact anchor is used at release. Extended territory remains claims, diplomacy, plebiscites, integration, or formable content. Mixed populations receive rights and autonomy routes.",SRC-HOI4-TAGS | SRC-HOI4-STATES | SRC-CR-TAGS | SRC-EVENT5-ORIGIN | REG-SEAO,medium,"Gate every Event 6 addition behind the Event 6 origin, require BLI not to be living, preserve registered BLI content and INS character-transfer behavior, confirm host survival, and verify final asset provenance."
IW-156,Moluccan federation,Moluccan federation,,reuse_vanilla_ideology_route_overlay,vanilla_route_overlay_only,668,The Moluccas,RG-EAST-INDONESIA,"A founding congress of named member regions or communities adopts representation, veto, autonomy, revenue, and defense clauses before any wider federation can form.","Use a provisional assembly, cabinet, municipal council, or congress with regionally sourced institution names. Portraits require sourced real male officeholders or authentic archival material for the actual institution; block the package when neither can be established.","Create a period civic flag from researched regional motifs. Do not use generated text, generic sacred symbols, or an invented historical flag presented as authentic.","The compact anchor is used at release. Extended territory remains claims, diplomacy, plebiscites, integration, or formable content. Mixed populations receive rights and autonomy routes.",SRC-HOI4-TAGS | SRC-HOI4-STATES | SRC-CR-TAGS | SRC-EVENT5-ORIGIN | REG-SEAO,medium,"Apply only as an additive overlay to democratic TNE when its United States of Maluku identity is active, preserve the registered TNE tree and history, and keep this identity out of the standalone release pool."
IW-157,West Papua regional state,Named West Papuan Regional State,WPG,reuse_registered_tag,specific_community_variant_only,669,"West Papua, only after a named people and district package is selected",RG-NEW-GUINEA,Replace a generic West Papua state with a named people and district package. Wider Papuan federation requires consent.,"Use a sourced real male period leader from the exact named community package or authentic archival material for the actual institution. A fictional person, generated council, or generic portrait cannot represent a broad real identity; block the package if no defensible source exists.",Use a symbol attested for the exact named community or institution. Do not invent a pan-identity flag or repurpose sacred and ceremonial symbols. Alternate routes may use clearly documented fictional civic designs.,Replace a generic West Papua state with a named people and district package. Wider Papuan federation requires consent.,SRC-HOI4-TAGS | SRC-HOI4-STATES | SRC-CR-TAGS | SRC-EVENT5-ORIGIN | REG-SEAO | ETH-PAPUA,resolved_by_restriction,"Gate every Event 6 addition behind the Event 6 origin, require WPG not to be living, preserve registered WPG content and its Japanese/Indonesian interactions, keep the named-community restriction, and verify final asset provenance."
IW-158,Pattani,Pattani,GBX,reserve_new_event6_X_tag,automatic_pool_ready_if_unique_state_exists,,"Pattani or southern Siam map group, current-map state required",RG-MAINLAND-SE-ASIA-COARSE,"A period royal, customary, or historical institution is joined to a provisional cabinet, municipal administration, veterans, schools, labor, and an assembly. Restoration is a route choice, not an automatic medieval reconstruction.","Use a sourced real male period incumbent or claimant. If no safe claimant exists, use authentic archival material for the actual institutional regency or royal council; block the package instead of inventing a dynasty member or generated institution.","Source attested royal, civic, religious, or regional symbols and document faction ownership. The modern baseline may use a restrained generated civic flag when no attested state flag exists.","The compact anchor is used at release. Extended territory remains claims, diplomacy, plebiscites, integration, or formable content. Mixed populations receive rights and autonomy routes.",SRC-HOI4-TAGS | SRC-HOI4-STATES | SRC-CR-TAGS | SRC-EVENT5-ORIGIN | REG-SEAO,medium,"Rebind state IDs against the installed HOI4 build and current map overrides, rerun the full repository tag collision check, confirm the host retains a valid protected state, and verify final asset provenance."
IW-159,Shan federation,Shan federation,GCX,reserve_new_event6_X_tag,automatic_pool_ready_if_unique_state_exists,640,"Mandalay or Shan States map group, current-map state required",RG-MAINLAND-SE-ASIA-COARSE,"A founding congress of named member regions or communities adopts representation, veto, autonomy, revenue, and defense clauses before any wider federation can form.","Use a provisional assembly, cabinet, municipal council, or congress with regionally sourced institution names. Portraits require sourced real male officeholders or authentic archival material for the actual institution; block the package when neither can be established.","Create a period civic flag from researched regional motifs. Do not use generated text, generic sacred symbols, or an invented historical flag presented as authentic.","The compact anchor is used at release. Extended territory remains claims, diplomacy, plebiscites, integration, or formable content. Mixed populations receive rights and autonomy routes.",SRC-HOI4-TAGS | SRC-HOI4-STATES | SRC-CR-TAGS | SRC-EVENT5-ORIGIN | REG-SEAO,medium,"Rebind state IDs against the installed HOI4 build and current map overrides, rerun the full repository tag collision check, confirm the host retains a valid protected state, and verify final asset provenance."
IW-160,Karen state,Named Karen State,GDX,reserve_new_event6_X_tag,specific_community_variant_only,288,"Burma, with a named Karen district package required",RG-MAINLAND-SE-ASIA-COARSE,Use a named Karen political and territorial package. Do not treat all Karen communities or borderlands as one unit.,"Use a sourced real male period leader from the exact named community package or authentic archival material for the actual institution. A fictional person, generated council, or generic portrait cannot represent a broad real identity; block the package if no defensible source exists.",Use a symbol attested for the exact named community or institution. Do not invent a pan-identity flag or repurpose sacred and ceremonial symbols. Alternate routes may use clearly documented fictional civic designs.,Use a named Karen political and territorial package. Do not treat all Karen communities or borderlands as one unit.,SRC-HOI4-TAGS | SRC-HOI4-STATES | SRC-CR-TAGS | SRC-EVENT5-ORIGIN | REG-SEAO | ETH-KAREN,resolved_by_restriction,"Rebind state IDs against the installed HOI4 build and current map overrides, rerun the full repository tag collision check, confirm the host retains a valid protected state, and verify final asset provenance."
IW-161,Mon state,Mon State,IAX,reserve_new_event6_X_tag,high_chaos_only,288,"Burma, with a Lower Burma or Mon substate required",RG-MAINLAND-SE-ASIA-COARSE,"Use monasteries, language and cultural associations, municipal notables, lower-Burma communities, and a provisional federal council. Post-1947 Mon organizations are excluded from the 1936 opening.","Use monasteries, language and cultural associations, municipal notables, lower-Burma communities, and a provisional federal council. Post-1947 Mon organizations are excluded from the 1936 opening.",Use sourced Mon cultural and historical symbols with period attribution. Do not copy a later armed movement flag into the 1936 opening.,"The compact anchor is used at release. Extended territory remains claims, diplomacy, plebiscites, integration, or formable content. Mixed populations receive rights and autonomy routes.",SRC-HOI4-TAGS | SRC-HOI4-STATES | SRC-CR-TAGS | SRC-EVENT5-ORIGIN | REG-SEAO | SIG-MON,high,"Recheck IAX immediately before commit, confirm the Lower Burma or Mon anchor and host survival, and verify final asset provenance."
IW-162,Kachin state,Kachin state,IBX,reserve_new_event6_X_tag,automatic_pool_ready_if_unique_state_exists,640,"Mandalay or Kachin highland map group, current-map state required",RG-MAINLAND-SE-ASIA-COARSE,"A founding congress of named member regions or communities adopts representation, veto, autonomy, revenue, and defense clauses before any wider federation can form.","Use a provisional assembly, cabinet, municipal council, or congress with regionally sourced institution names. Portraits require sourced real male officeholders or authentic archival material for the actual institution; block the package when neither can be established.","Create a period civic flag from researched regional motifs. Do not use generated text, generic sacred symbols, or an invented historical flag presented as authentic.","The compact anchor is used at release. Extended territory remains claims, diplomacy, plebiscites, integration, or formable content. Mixed populations receive rights and autonomy routes.",SRC-HOI4-TAGS | SRC-HOI4-STATES | SRC-CR-TAGS | SRC-EVENT5-ORIGIN | REG-SEAO,medium,"Recheck IBX immediately before commit, confirm the current Kachin anchor and host survival, and verify final asset provenance."
IW-163,Chin state,Named Chin State,GGX,reserve_new_event6_X_tag,specific_community_variant_only,288,"Burma, with a named Chin district package required",RG-MAINLAND-SE-ASIA-COARSE,Use a named Chin or Zo district package and self-chosen public name. A broad Chin federation requires member consent.,"Use a sourced real male period leader from the exact named community package or authentic archival material for the actual institution. A fictional person, generated council, or generic portrait cannot represent a broad real identity; block the package if no defensible source exists.",Use a symbol attested for the exact named community or institution. Do not invent a pan-identity flag or repurpose sacred and ceremonial symbols. Alternate routes may use clearly documented fictional civic designs.,Use a named Chin or Zo district package and self-chosen public name. A broad Chin federation requires member consent.,SRC-HOI4-TAGS | SRC-HOI4-STATES | SRC-CR-TAGS | SRC-EVENT5-ORIGIN | REG-SEAO | ETH-CHIN,resolved_by_restriction,"Rebind state IDs against the installed HOI4 build and current map overrides, rerun the full repository tag collision check, confirm the host retains a valid protected state, and verify final asset provenance."
IW-164,Arakan or Rakhine,Arakan or Rakhine according to route and community settlement,GHX,reserve_new_event6_X_tag,automatic_pool_ready_if_unique_state_exists,288,"Burma, with an Arakan or Rakhine coastal substate required",RG-MAINLAND-SE-ASIA-COARSE,The public name follows the selected community settlement. Arakan and Rakhine are not treated as interchangeable labels without route context.,"Use a sourced real male period leader from the exact named community package or authentic archival material for the actual institution. A fictional person, generated council, or generic portrait cannot represent a broad real identity; block the package if no defensible source exists.",Use a symbol attested for the exact named community or institution. Do not invent a pan-identity flag or repurpose sacred and ceremonial symbols. Alternate routes may use clearly documented fictional civic designs.,The public name follows the selected community settlement. Arakan and Rakhine are not treated as interchangeable labels without route context.,SRC-HOI4-TAGS | SRC-HOI4-STATES | SRC-CR-TAGS | SRC-EVENT5-ORIGIN | REG-SEAO | ETH-ARAKAN,medium,"Rebind state IDs against the installed HOI4 build and current map overrides, rerun the full repository tag collision check, confirm the host retains a valid protected state, and verify final asset provenance."
IW-165,Wa state,Wa state,GIX,reserve_new_event6_X_tag,automatic_pool_ready_if_unique_state_exists,640,"Shan States map group, with a Wa substate required",RG-MAINLAND-SE-ASIA-COARSE,"Named local councils, municipal or district administration, veterans, border forces, transport authorities, and customary institutions where specifically sourced form the provisional government.","Use a provisional assembly, cabinet, municipal council, or congress with regionally sourced institution names. Portraits require sourced real male officeholders or authentic archival material for the actual institution; block the package when neither can be established.","Create a period civic flag from researched regional motifs. Do not use generated text, generic sacred symbols, or an invented historical flag presented as authentic.","The compact anchor is used at release. Extended territory remains claims, diplomacy, plebiscites, integration, or formable content. Mixed populations receive rights and autonomy routes.",SRC-HOI4-TAGS | SRC-HOI4-STATES | SRC-CR-TAGS | SRC-EVENT5-ORIGIN | REG-SEAO,medium,"Rebind state IDs against the installed HOI4 build and current map overrides, rerun the full repository tag collision check, confirm the host retains a valid protected state, and verify final asset provenance."
IW-166,Lan Xang restoration,Lan Xang restoration,LAO,reuse_registered_tag,high_chaos_only,670,Laos,RG-LAOS-VIETNAM-HIGHLANDS,"A period royal, customary, or historical institution is joined to a provisional cabinet, municipal administration, veterans, schools, labor, and an assembly. Restoration is a route choice, not an automatic medieval reconstruction.",Use the registered tag's sourced real male period leader when valid for the release date and not already active elsewhere. Otherwise use authentic archival material for the actual provisional institution; block the package until a defensible sourced leader or institution is assigned.,"Reuse the registered base flag only when it matches the released identity and origin. Source historical route variants. Generate only clearly alternate, civic, or high-chaos variants.","The compact anchor is used at release. Extended territory remains claims, diplomacy, plebiscites, integration, or formable content. Mixed populations receive rights and autonomy routes.",SRC-HOI4-TAGS | SRC-HOI4-STATES | SRC-CR-TAGS | SRC-EVENT5-ORIGIN | REG-SEAO,medium,"Rebind state IDs against the installed HOI4 build and current map overrides, rerun the full repository tag collision check, confirm the host retains a valid protected state, and verify final asset provenance."
IW-167,Champa restoration,Champa restoration,CHM,reuse_registered_tag,high_chaos_only,671,"Tonkin or central Vietnamese coastal map group, with a Champa substate required",RG-LAOS-VIETNAM-HIGHLANDS,"A period royal, customary, or historical institution is joined to a provisional cabinet, municipal administration, veterans, schools, labor, and an assembly. Restoration is a route choice, not an automatic medieval reconstruction.","Use a provisional assembly, cabinet, municipal council, or congress with regionally sourced institution names. Portraits require sourced real male officeholders or authentic archival material for the actual institution; block the package when neither can be established.","Source attested royal, civic, religious, or regional symbols and document faction ownership. The modern baseline may use a restrained generated civic flag when no attested state flag exists.","The compact anchor is used at release. Extended territory remains claims, diplomacy, plebiscites, integration, or formable content. Mixed populations receive rights and autonomy routes.",SRC-HOI4-TAGS | SRC-HOI4-STATES | SRC-CR-TAGS | SRC-EVENT5-ORIGIN | REG-SEAO,medium,"Gate every Event 6 addition behind the Event 6 origin, require CHM not to be living, preserve registered CHM content and its Japanese/Indonesian interactions, confirm host survival, and verify final asset provenance."
IW-168,Hmong regional state,Named Hmong Regional State,GLX,reserve_new_event6_X_tag,specific_community_variant_only,670|671,"Laos | Tonkin, only after a named Hmong regional package is selected",RG-LAOS-VIETNAM-HIGHLANDS,Use a named Hmong regional package in one highland state. A cross-border Hmong state is not automatic.,"Use a sourced real male period leader from the exact named community package or authentic archival material for the actual institution. A fictional person, generated council, or generic portrait cannot represent a broad real identity; block the package if no defensible source exists.",Use a symbol attested for the exact named community or institution. Do not invent a pan-identity flag or repurpose sacred and ceremonial symbols. Alternate routes may use clearly documented fictional civic designs.,Use a named Hmong regional package in one highland state. A cross-border Hmong state is not automatic.,SRC-HOI4-TAGS | SRC-HOI4-STATES | SRC-CR-TAGS | SRC-EVENT5-ORIGIN | REG-SEAO | ETH-HMONG,resolved_by_restriction,"Rebind state IDs against the installed HOI4 build and current map overrides, rerun the full repository tag collision check, confirm the host retains a valid protected state, and verify final asset provenance."
IW-169,East Turkestan,East Turkestan,GMX,reserve_new_event6_X_tag,high_chaos_only,617|619,Urumqi | Yarkand,RG-INNER-ASIA,"Named local councils, municipal or district administration, veterans, border forces, transport authorities, and customary institutions where specifically sourced form the provisional government.","Use a provisional assembly, cabinet, municipal council, or congress with regionally sourced institution names. Portraits require sourced real male officeholders or authentic archival material for the actual institution; block the package when neither can be established.","Create a period civic flag from researched regional motifs. Do not use generated text, generic sacred symbols, or an invented historical flag presented as authentic.","The compact anchor is used at release. Extended territory remains claims, diplomacy, plebiscites, integration, or formable content. Mixed populations receive rights and autonomy routes.",SRC-HOI4-TAGS | SRC-HOI4-STATES | SRC-CR-TAGS | SRC-EVENT5-ORIGIN | REG-SEAO,medium,"Rebind state IDs against the installed HOI4 build and current map overrides, rerun the full repository tag collision check, confirm the host retains a valid protected state, and verify final asset provenance."
IW-170,Inner Mongolia,Inner Mongolia,MEN,reuse_registered_tag,automatic_pool_ready_if_not_living,621|746,Suiyuan | Ordos,RG-INNER-ASIA,"Named local councils, municipal or district administration, veterans, border forces, transport authorities, and customary institutions where specifically sourced form the provisional government.",Use the registered tag's sourced real male period leader when valid for the release date and not already active elsewhere. Otherwise use authentic archival material for the actual provisional institution; block the package until a defensible sourced leader or institution is assigned.,"Reuse the registered base flag only when it matches the released identity and origin. Source historical route variants. Generate only clearly alternate, civic, or high-chaos variants.","The compact anchor is used at release. Extended territory remains claims, diplomacy, plebiscites, integration, or formable content. Mixed populations receive rights and autonomy routes.",SRC-HOI4-TAGS | SRC-HOI4-STATES | SRC-CR-TAGS | SRC-EVENT5-ORIGIN | REG-SEAO,high,"Rebind state IDs against the installed HOI4 build and current map overrides, rerun the full repository tag collision check, confirm the host retains a valid protected state, and verify final asset provenance."
IW-171,Ryukyu,Ryukyu,OKN,reuse_registered_tag,high_chaos_only,526,Okinawa,RG-526,"A period royal, customary, or historical institution is joined to a provisional cabinet, municipal administration, veterans, schools, labor, and an assembly. Restoration is a route choice, not an automatic medieval reconstruction.","Use a sourced real male period incumbent or claimant. If no safe claimant exists, use authentic archival material for the actual institutional regency or royal council; block the package instead of inventing a dynasty member or generated institution.","Source attested royal, civic, religious, or regional symbols and document faction ownership. The modern baseline may use a restrained generated civic flag when no attested state flag exists.","The compact anchor is used at release. Extended territory remains claims, diplomacy, plebiscites, integration, or formable content. Mixed populations receive rights and autonomy routes.",SRC-HOI4-TAGS | SRC-HOI4-STATES | SRC-CR-TAGS | SRC-EVENT5-ORIGIN | REG-SEAO,medium,"Gate every Event 6 addition behind the Event 6 origin, require OKN not to be living, preserve registered OKN history and tree content, confirm host survival, and verify final asset provenance."
IW-172,Ainu state,Named Ainu Territorial State,ANU,reuse_registered_tag,specific_community_variant_only,536,"Hokkaido, only after a named Ainu institutional package is selected",RG-HOKKAIDO-AINU,Use a named Ainu institution and Hokkaido anchor only. Do not invent a maximal pan-Ainu state.,"Use a sourced real male period leader from the exact named community package or authentic archival material for the actual institution. A fictional person, generated council, or generic portrait cannot represent a broad real identity; block the package if no defensible source exists.",Use a symbol attested for the exact named community or institution. Do not invent a pan-identity flag or repurpose sacred and ceremonial symbols. Alternate routes may use clearly documented fictional civic designs.,Use a named Ainu institution and Hokkaido anchor only. Do not invent a maximal pan-Ainu state.,SRC-HOI4-TAGS | SRC-HOI4-STATES | SRC-CR-TAGS | SRC-EVENT5-ORIGIN | REG-SEAO | ETH-AINU,resolved_by_restriction,"Gate every Event 6 addition behind the Event 6 origin, require ANU not to be living, preserve registered ANU content and Japanese focus/event behavior, keep the named-institution restriction, and verify final asset provenance."
IW-173,Hawaii,Hawaii,HAW,reuse_registered_tag,automatic_pool_ready_if_not_living,629,Hawaii,RG-629,"A period royal, customary, or historical institution is joined to a provisional cabinet, municipal administration, veterans, schools, labor, and an assembly. Restoration is a route choice, not an automatic medieval reconstruction.",Use the registered tag's sourced real male period leader when valid for the release date and not already active elsewhere. Otherwise use authentic archival material for the actual provisional institution; block the package until a defensible sourced leader or institution is assigned.,"Reuse the registered base flag only when it matches the released identity and origin. Source historical route variants. Generate only clearly alternate, civic, or high-chaos variants.","The compact anchor is used at release. Extended territory remains claims, diplomacy, plebiscites, integration, or formable content. Mixed populations receive rights and autonomy routes.",SRC-HOI4-TAGS | SRC-HOI4-STATES | SRC-CR-TAGS | SRC-EVENT5-ORIGIN | REG-SEAO,high,"Rebind state IDs against the installed HOI4 build and current map overrides, rerun the full repository tag collision check, confirm the host retains a valid protected state, and verify final asset provenance."
IW-174,Aotearoa Maori state,Iwi-led Māori Federation,GRX,reserve_new_event6_X_tag,specific_community_variant_only,284|723,"North Island | South Island, only after an iwi-led package is selected",RG-AOTEAROA-MAORI,"Use an iwi-led congress with representation rules. Aotearoa-wide federation is a negotiated formable, not an automatic pan-Māori government.","Use a sourced real male period leader from the exact named community package or authentic archival material for the actual institution. A fictional person, generated council, or generic portrait cannot represent a broad real identity; block the package if no defensible source exists.",Use a symbol attested for the exact named community or institution. Do not invent a pan-identity flag or repurpose sacred and ceremonial symbols. Alternate routes may use clearly documented fictional civic designs.,"Use an iwi-led congress with representation rules. Aotearoa-wide federation is a negotiated formable, not an automatic pan-Māori government.",SRC-HOI4-TAGS | SRC-HOI4-STATES | SRC-CR-TAGS | SRC-EVENT5-ORIGIN | REG-SEAO | ETH-MAORI,resolved_by_restriction,"Rebind state IDs against the installed HOI4 build and current map overrides, rerun the full repository tag collision check, confirm the host retains a valid protected state, and verify final asset provenance."
IW-175,Samoa,Samoa,SAM,reuse_registered_tag,automatic_pool_ready_if_not_living,726,Samoa,RG-PACIFIC-ISLANDS,"Port, municipal, customs, shipping, merchant, labor, and local defense institutions form the provisional government, with traditional or dynastic authority included only where period-correct.",Use the registered tag's sourced real male period leader when valid for the release date and not already active elsewhere. Otherwise use authentic archival material for the actual provisional institution; block the package until a defensible sourced leader or institution is assigned.,"Reuse the registered base flag only when it matches the released identity and origin. Source historical route variants. Generate only clearly alternate, civic, or high-chaos variants.","The compact anchor is used at release. Extended territory remains claims, diplomacy, plebiscites, integration, or formable content. Mixed populations receive rights and autonomy routes.",SRC-HOI4-TAGS | SRC-HOI4-STATES | SRC-CR-TAGS | SRC-EVENT5-ORIGIN | REG-SEAO,high,"Rebind state IDs against the installed HOI4 build and current map overrides, rerun the full repository tag collision check, confirm the host retains a valid protected state, and verify final asset provenance."
IW-176,Tonga,Tonga,GTX,reserve_new_event6_X_tag,automatic_pool_ready_if_unique_state_exists,,"Tonga island state, current-map state required",RG-PACIFIC-ISLANDS,"A period royal, customary, or historical institution is joined to a provisional cabinet, municipal administration, veterans, schools, labor, and an assembly. Restoration is a route choice, not an automatic medieval reconstruction.","Use a sourced real male period incumbent or claimant. If no safe claimant exists, use authentic archival material for the actual institutional regency or royal council; block the package instead of inventing a dynasty member or generated institution.","Source attested royal, civic, religious, or regional symbols and document faction ownership. The modern baseline may use a restrained generated civic flag when no attested state flag exists.","The compact anchor is used at release. Extended territory remains claims, diplomacy, plebiscites, integration, or formable content. Mixed populations receive rights and autonomy routes.",SRC-HOI4-TAGS | SRC-HOI4-STATES | SRC-CR-TAGS | SRC-EVENT5-ORIGIN | REG-SEAO,medium,"Rebind state IDs against the installed HOI4 build and current map overrides, rerun the full repository tag collision check, confirm the host retains a valid protected state, and verify final asset provenance."
IW-177,Fiji,Fiji,FIJ,reuse_registered_tag,automatic_pool_ready_if_not_living,636,Fiji,RG-PACIFIC-ISLANDS,"A founding congress of named member regions or communities adopts representation, veto, autonomy, revenue, and defense clauses before any wider federation can form.",Use the registered tag's sourced real male period leader when valid for the release date and not already active elsewhere. Otherwise use authentic archival material for the actual provisional institution; block the package until a defensible sourced leader or institution is assigned.,"Reuse the registered base flag only when it matches the released identity and origin. Source historical route variants. Generate only clearly alternate, civic, or high-chaos variants.","The compact anchor is used at release. Extended territory remains claims, diplomacy, plebiscites, integration, or formable content. Mixed populations receive rights and autonomy routes.",SRC-HOI4-TAGS | SRC-HOI4-STATES | SRC-CR-TAGS | SRC-EVENT5-ORIGIN | REG-SEAO,high,"Rebind state IDs against the installed HOI4 build and current map overrides, rerun the full repository tag collision check, confirm the host retains a valid protected state, and verify final asset provenance."
IW-178,Papua regional federation,Named Papuan Regional Federation,PNG,reuse_registered_tag,specific_community_variant_only,523,"Papua, only after a named people and district package is selected",RG-NEW-GUINEA,Use a named Papuan people and district package. A Papua-wide federation is formed later through consent.,"Use a sourced real male period leader from the exact named community package or authentic archival material for the actual institution. A fictional person, generated council, or generic portrait cannot represent a broad real identity; block the package if no defensible source exists.",Use a symbol attested for the exact named community or institution. Do not invent a pan-identity flag or repurpose sacred and ceremonial symbols. Alternate routes may use clearly documented fictional civic designs.,Use a named Papuan people and district package. A Papua-wide federation is formed later through consent.,SRC-HOI4-TAGS | SRC-HOI4-STATES | SRC-CR-TAGS | SRC-EVENT5-ORIGIN | REG-SEAO | ETH-PAPUA,resolved_by_restriction,"Gate every Event 6 addition behind the Event 6 origin, require PNG not to be living, preserve registered PNG content and its USA/Japan/Indonesia interactions, keep the named-community restriction, and verify final asset provenance."
IW-179,Micronesian federation,Micronesian federation,FSM,reuse_registered_tag,automatic_pool_ready_if_unique_state_exists,684,"Caroline Islands, with additional Micronesian members added by consent",RG-PACIFIC-ISLANDS,"A founding congress of named member regions or communities adopts representation, veto, autonomy, revenue, and defense clauses before any wider federation can form.",Use the registered tag's sourced real male period leader when valid for the release date and not already active elsewhere. Otherwise use authentic archival material for the actual provisional institution; block the package until a defensible sourced leader or institution is assigned.,"Reuse the registered base flag only when it matches the released identity and origin. Source historical route variants. Generate only clearly alternate, civic, or high-chaos variants.","The compact anchor is used at release. Extended territory remains claims, diplomacy, plebiscites, integration, or formable content. Mixed populations receive rights and autonomy routes.",SRC-HOI4-TAGS | SRC-HOI4-STATES | SRC-CR-TAGS | SRC-EVENT5-ORIGIN | REG-SEAO,medium,"Rebind state IDs against the installed HOI4 build and current map overrides, rerun the full repository tag collision check, confirm the host retains a valid protected state, and verify final asset provenance."
IW-180,Quebec,Quebec,QUE,reuse_registered_tag,automatic_pool_ready_if_not_living,466,Quebec,RG-466,"Use provincial parties, municipal government, labor, veterans, official tribal or national institutions, treaty and land-rights bodies, and named maroon or island communities. Broad indigenous labels become negotiated formables.",Use the registered tag's sourced real male period leader when valid for the release date and not already active elsewhere. Otherwise use authentic archival material for the actual provisional institution; block the package until a defensible sourced leader or institution is assigned.,"Reuse the registered base flag only when it matches the released identity and origin. Source historical route variants. Generate only clearly alternate, civic, or high-chaos variants.","The compact anchor is used at release. Extended territory remains claims, diplomacy, plebiscites, integration, or formable content. Mixed populations receive rights and autonomy routes.",SRC-HOI4-TAGS | SRC-HOI4-STATES | SRC-CR-TAGS | SRC-EVENT5-ORIGIN | REG-AMER,high,"Rebind state IDs against the installed HOI4 build and current map overrides, rerun the full repository tag collision check, confirm the host retains a valid protected state, and verify final asset provenance."
IW-181,Acadia,Acadia,GYX,reserve_new_event6_X_tag,automatic_pool_ready_if_unique_state_exists,,"New Brunswick or Nova Scotia map group, current-map state required",RG-ACADIA,"Port, municipal, customs, shipping, merchant, labor, and local defense institutions form the provisional government, with traditional or dynastic authority included only where period-correct.","Use a provisional assembly, cabinet, municipal council, or congress with regionally sourced institution names. Portraits require sourced real male officeholders or authentic archival material for the actual institution; block the package when neither can be established.","Create a period civic flag from researched regional motifs. Do not use generated text, generic sacred symbols, or an invented historical flag presented as authentic.","The compact anchor is used at release. Extended territory remains claims, diplomacy, plebiscites, integration, or formable content. Mixed populations receive rights and autonomy routes.",SRC-HOI4-TAGS | SRC-HOI4-STATES | SRC-CR-TAGS | SRC-EVENT5-ORIGIN | REG-AMER,medium,"Rebind state IDs against the installed HOI4 build and current map overrides, rerun the full repository tag collision check, confirm the host retains a valid protected state, and verify final asset provenance."
IW-182,Newfoundland,Newfoundland,GZX,reserve_new_event6_X_tag,automatic_pool_ready,331,Newfoundland,RG-331,"Use provincial parties, municipal government, labor, veterans, official tribal or national institutions, treaty and land-rights bodies, and named maroon or island communities. Broad indigenous labels become negotiated formables.","Use a provisional assembly, cabinet, municipal council, or congress with regionally sourced institution names. Portraits require sourced real male officeholders or authentic archival material for the actual institution; block the package when neither can be established.","Create a period civic flag from researched regional motifs. Do not use generated text, generic sacred symbols, or an invented historical flag presented as authentic.","The compact anchor is used at release. Extended territory remains claims, diplomacy, plebiscites, integration, or formable content. Mixed populations receive rights and autonomy routes.",SRC-HOI4-TAGS | SRC-HOI4-STATES | SRC-CR-TAGS | SRC-EVENT5-ORIGIN | REG-AMER,medium,"Rebind state IDs against the installed HOI4 build and current map overrides, rerun the full repository tag collision check, confirm the host retains a valid protected state, and verify final asset provenance."
IW-183,Cascadia,Cascadia,HAX,reserve_new_event6_X_tag,formable_or_route_only,385|386|473,"Oregon | Washington | British Columbia, high-chaos formable only",RG-CASCADIA-CROSS-BORDER,"Use provincial parties, municipal government, labor, veterans, official tribal or national institutions, treaty and land-rights bodies, and named maroon or island communities. Broad indigenous labels become negotiated formables.","Use a provisional assembly, cabinet, municipal council, or congress with regionally sourced institution names. Portraits require sourced real male officeholders or authentic archival material for the actual institution; block the package when neither can be established.","Create a period civic flag from researched regional motifs. Do not use generated text, generic sacred symbols, or an invented historical flag presented as authentic.","The compact anchor is used at release. Extended territory remains claims, diplomacy, plebiscites, integration, or formable content. Mixed populations receive rights and autonomy routes.",SRC-HOI4-TAGS | SRC-HOI4-STATES | SRC-CR-TAGS | SRC-EVENT5-ORIGIN | REG-AMER,resolved_by_restriction,"Rebind state IDs against the installed HOI4 build and current map overrides, rerun the full repository tag collision check, confirm the host retains a valid protected state, and verify final asset provenance."
IW-184,California,California,HBX,reserve_new_event6_X_tag,automatic_pool_ready,378,California,RG-378,"Use provincial parties, municipal government, labor, veterans, official tribal or national institutions, treaty and land-rights bodies, and named maroon or island communities. Broad indigenous labels become negotiated formables.","Use a provisional assembly, cabinet, municipal council, or congress with regionally sourced institution names. Portraits require sourced real male officeholders or authentic archival material for the actual institution; block the package when neither can be established.","Create a period civic flag from researched regional motifs. Do not use generated text, generic sacred symbols, or an invented historical flag presented as authentic.","The compact anchor is used at release. Extended territory remains claims, diplomacy, plebiscites, integration, or formable content. Mixed populations receive rights and autonomy routes.",SRC-HOI4-TAGS | SRC-HOI4-STATES | SRC-CR-TAGS | SRC-EVENT5-ORIGIN | REG-AMER,medium,"Rebind state IDs against the installed HOI4 build and current map overrides, rerun the full repository tag collision check, confirm the host retains a valid protected state, and verify final asset provenance."
IW-185,Texas,Texas,HCX,reserve_new_event6_X_tag,automatic_pool_ready,375,Texas,RG-375,"Use provincial parties, municipal government, labor, veterans, official tribal or national institutions, treaty and land-rights bodies, and named maroon or island communities. Broad indigenous labels become negotiated formables.","Use a provisional assembly, cabinet, municipal council, or congress with regionally sourced institution names. Portraits require sourced real male officeholders or authentic archival material for the actual institution; block the package when neither can be established.","Create a period civic flag from researched regional motifs. Do not use generated text, generic sacred symbols, or an invented historical flag presented as authentic.","The compact anchor is used at release. Extended territory remains claims, diplomacy, plebiscites, integration, or formable content. Mixed populations receive rights and autonomy routes.",SRC-HOI4-TAGS | SRC-HOI4-STATES | SRC-CR-TAGS | SRC-EVENT5-ORIGIN | REG-AMER,medium,"Rebind state IDs against the installed HOI4 build and current map overrides, rerun the full repository tag collision check, confirm the host retains a valid protected state, and verify final asset provenance."
IW-186,Cherokee state,Cherokee Nation,HDX,reserve_new_event6_X_tag,automatic_pool_ready_if_unique_state_exists,,"Cherokee Nation map package, current-map substate required",RG-NORTH-AMERICAN-INDIGENOUS-SUBSTATES,Use Cherokee Nation institutions and one current-map substate. Never use a generic Native government.,"Use a sourced real male period leader from the exact named community package or authentic archival material for the actual institution. A fictional person, generated council, or generic portrait cannot represent a broad real identity; block the package if no defensible source exists.",Use a symbol attested for the exact named community or institution. Do not invent a pan-identity flag or repurpose sacred and ceremonial symbols. Alternate routes may use clearly documented fictional civic designs.,Use Cherokee Nation institutions and one current-map substate. Never use a generic Native government.,SRC-HOI4-TAGS | SRC-HOI4-STATES | SRC-CR-TAGS | SRC-EVENT5-ORIGIN | REG-AMER | ETH-CHEROKEE,medium,"Rebind state IDs against the installed HOI4 build and current map overrides, rerun the full repository tag collision check, confirm the host retains a valid protected state, and verify final asset provenance."
IW-187,Haudenosaunee Confederacy,Haudenosaunee Confederacy,HEX,reserve_new_event6_X_tag,specific_community_variant_only,,"Haudenosaunee member-nation map package, negotiated formable only",RG-NORTH-AMERICAN-INDIGENOUS-SUBSTATES,Haudenosaunee is a confederacy of distinct member nations. It is a negotiated formable with member-nation representation.,"Use a sourced real male period leader from the exact named community package or authentic archival material for the actual institution. A fictional person, generated council, or generic portrait cannot represent a broad real identity; block the package if no defensible source exists.",Use a symbol attested for the exact named community or institution. Do not invent a pan-identity flag or repurpose sacred and ceremonial symbols. Alternate routes may use clearly documented fictional civic designs.,Haudenosaunee is a confederacy of distinct member nations. It is a negotiated formable with member-nation representation.,SRC-HOI4-TAGS | SRC-HOI4-STATES | SRC-CR-TAGS | SRC-EVENT5-ORIGIN | REG-AMER | ETH-HAUDENOSAUNEE,resolved_by_restriction,"Rebind state IDs against the installed HOI4 build and current map overrides, rerun the full repository tag collision check, confirm the host retains a valid protected state, and verify final asset provenance."
IW-188,Lakota state,Lakota State,HFX,reserve_new_event6_X_tag,automatic_pool_ready_if_unique_state_exists,,"Lakota treaty-territory map package, current-map substate required",RG-NORTH-AMERICAN-INDIGENOUS-SUBSTATES,Use a named Lakota political authority and treaty-territory anchor. The opening package is compact.,"Use a sourced real male period leader from the exact named community package or authentic archival material for the actual institution. A fictional person, generated council, or generic portrait cannot represent a broad real identity; block the package if no defensible source exists.",Use a symbol attested for the exact named community or institution. Do not invent a pan-identity flag or repurpose sacred and ceremonial symbols. Alternate routes may use clearly documented fictional civic designs.,Use a named Lakota political authority and treaty-territory anchor. The opening package is compact.,SRC-HOI4-TAGS | SRC-HOI4-STATES | SRC-CR-TAGS | SRC-EVENT5-ORIGIN | REG-AMER | ETH-LAKOTA,medium,"Rebind state IDs against the installed HOI4 build and current map overrides, rerun the full repository tag collision check, confirm the host retains a valid protected state, and verify final asset provenance."
IW-189,Dine state,Diné State,HGX,reserve_new_event6_X_tag,automatic_pool_ready_if_unique_state_exists,,"Diné or Navajo Nation map package, current-map substate required",RG-NORTH-AMERICAN-INDIGENOUS-SUBSTATES,Use Diné as the preferred public identity where source and localisation review support it. Territory remains compact.,"Use a sourced real male period leader from the exact named community package or authentic archival material for the actual institution. A fictional person, generated council, or generic portrait cannot represent a broad real identity; block the package if no defensible source exists.",Use a symbol attested for the exact named community or institution. Do not invent a pan-identity flag or repurpose sacred and ceremonial symbols. Alternate routes may use clearly documented fictional civic designs.,Use Diné as the preferred public identity where source and localisation review support it. Territory remains compact.,SRC-HOI4-TAGS | SRC-HOI4-STATES | SRC-CR-TAGS | SRC-EVENT5-ORIGIN | REG-AMER | ETH-DINE,medium,"Rebind state IDs against the installed HOI4 build and current map overrides, rerun the full repository tag collision check, confirm the host retains a valid protected state, and verify final asset provenance."
IW-190,Pueblo federation,Named Pueblo Federation,HHX,reserve_new_event6_X_tag,specific_community_variant_only,,"Named Pueblo map package, broad Pueblo federation is not automatic",RG-NORTH-AMERICAN-INDIGENOUS-SUBSTATES,Replace a generic Pueblo federation with named Pueblo members and explicit consent. No single Pueblo stands for all.,"Use a sourced real male period leader from the exact named community package or authentic archival material for the actual institution. A fictional person, generated council, or generic portrait cannot represent a broad real identity; block the package if no defensible source exists.",Use a symbol attested for the exact named community or institution. Do not invent a pan-identity flag or repurpose sacred and ceremonial symbols. Alternate routes may use clearly documented fictional civic designs.,Replace a generic Pueblo federation with named Pueblo members and explicit consent. No single Pueblo stands for all.,SRC-HOI4-TAGS | SRC-HOI4-STATES | SRC-CR-TAGS | SRC-EVENT5-ORIGIN | REG-AMER | ETH-PUEBLO,resolved_by_restriction,"Rebind state IDs against the installed HOI4 build and current map overrides, rerun the full repository tag collision check, confirm the host retains a valid protected state, and verify final asset provenance."
IW-191,Maya federation,Named Maya Federation,MAY,reuse_registered_tag,specific_community_variant_only,474|475,"Yucatan | Chiapas, specific Maya member packages first",RG-MESOAMERICA-CARIBBEAN-COARSE,Replace a generic Maya automatic state with named Maya member packages. A wider Maya federation is a negotiated formable.,"Use a sourced real male period leader from the exact named community package or authentic archival material for the actual institution. A fictional person, generated council, or generic portrait cannot represent a broad real identity; block the package if no defensible source exists.",Use a symbol attested for the exact named community or institution. Do not invent a pan-identity flag or repurpose sacred and ceremonial symbols. Alternate routes may use clearly documented fictional civic designs.,Replace a generic Maya automatic state with named Maya member packages. A wider Maya federation is a negotiated formable.,SRC-HOI4-TAGS | SRC-HOI4-STATES | SRC-CR-TAGS | SRC-EVENT5-ORIGIN | REG-AMER | ETH-MAYA,resolved_by_restriction,"Rebind state IDs against the installed HOI4 build and current map overrides, rerun the full repository tag collision check, confirm the host retains a valid protected state, and verify final asset provenance."
IW-192,Yucatan,Yucatan,YUC,reuse_registered_tag,automatic_pool_ready_if_not_living,474,Yucatan,RG-MESOAMERICA-CARIBBEAN-COARSE,"Use provincial parties, municipal government, labor, veterans, official tribal or national institutions, treaty and land-rights bodies, and named maroon or island communities. Broad indigenous labels become negotiated formables.",Use the registered tag's sourced real male period leader when valid for the release date and not already active elsewhere. Otherwise use authentic archival material for the actual provisional institution; block the package until a defensible sourced leader or institution is assigned.,"Reuse the registered base flag only when it matches the released identity and origin. Source historical route variants. Generate only clearly alternate, civic, or high-chaos variants.","The compact anchor is used at release. Extended territory remains claims, diplomacy, plebiscites, integration, or formable content. Mixed populations receive rights and autonomy routes.",SRC-HOI4-TAGS | SRC-HOI4-STATES | SRC-CR-TAGS | SRC-EVENT5-ORIGIN | REG-AMER,high,"Rebind state IDs against the installed HOI4 build and current map overrides, rerun the full repository tag collision check, confirm the host retains a valid protected state, and verify final asset provenance."
IW-193,Zapotec-Mixtec Oaxaca federation,Zapotec-Mixtec Federation by negotiated compact,HKX,reserve_new_event6_X_tag,specific_community_variant_only,476,"Oaxaca, negotiated Zapotec and Mixtec federation only",RG-MESOAMERICA-CARIBBEAN-COARSE,Zapotec and Mixtec identities remain distinct. The Oaxaca federation exists only through a negotiated compact.,"Use a sourced real male period leader from the exact named community package or authentic archival material for the actual institution. A fictional person, generated council, or generic portrait cannot represent a broad real identity; block the package if no defensible source exists.",Use a symbol attested for the exact named community or institution. Do not invent a pan-identity flag or repurpose sacred and ceremonial symbols. Alternate routes may use clearly documented fictional civic designs.,Zapotec and Mixtec identities remain distinct. The Oaxaca federation exists only through a negotiated compact.,SRC-HOI4-TAGS | SRC-HOI4-STATES | SRC-CR-TAGS | SRC-EVENT5-ORIGIN | REG-AMER | ETH-OAXACA,resolved_by_restriction,"Rebind state IDs against the installed HOI4 build and current map overrides, rerun the full repository tag collision check, confirm the host retains a valid protected state, and verify final asset provenance."
IW-194,Miskito state,Miskito state,MIS,reuse_registered_tag,automatic_pool_ready_if_unique_state_exists,,"Mosquito Coast map group, use registered tag cores from the installed build",RG-MESOAMERICA-CARIBBEAN-COARSE,"A period royal, customary, or historical institution is joined to a provisional cabinet, municipal administration, veterans, schools, labor, and an assembly. Restoration is a route choice, not an automatic medieval reconstruction.",Use the registered tag's sourced real male period leader when valid for the release date and not already active elsewhere. Otherwise use authentic archival material for the actual provisional institution; block the package until a defensible sourced leader or institution is assigned.,"Reuse the registered base flag only when it matches the released identity and origin. Source historical route variants. Generate only clearly alternate, civic, or high-chaos variants.","The compact anchor is used at release. Extended territory remains claims, diplomacy, plebiscites, integration, or formable content. Mixed populations receive rights and autonomy routes.",SRC-HOI4-TAGS | SRC-HOI4-STATES | SRC-CR-TAGS | SRC-EVENT5-ORIGIN | REG-AMER,medium,"Rebind state IDs against the installed HOI4 build and current map overrides, rerun the full repository tag collision check, confirm the host retains a valid protected state, and verify final asset provenance."
IW-195,Garifuna coastal state,Named Garifuna Coastal State,HMX,reserve_new_event6_X_tag,specific_community_variant_only,,"Named Garifuna coastal community map package, current-map substate required",RG-MESOAMERICA-CARIBBEAN-COARSE,"Use one named Garifuna community and coast. Dispersed settlements become diplomatic links, not instant territory.","Use a sourced real male period leader from the exact named community package or authentic archival material for the actual institution. A fictional person, generated council, or generic portrait cannot represent a broad real identity; block the package if no defensible source exists.",Use a symbol attested for the exact named community or institution. Do not invent a pan-identity flag or repurpose sacred and ceremonial symbols. Alternate routes may use clearly documented fictional civic designs.,"Use one named Garifuna community and coast. Dispersed settlements become diplomatic links, not instant territory.",SRC-HOI4-TAGS | SRC-HOI4-STATES | SRC-CR-TAGS | SRC-EVENT5-ORIGIN | REG-AMER | ETH-GARIFUNA,resolved_by_restriction,"Rebind state IDs against the installed HOI4 build and current map overrides, rerun the full repository tag collision check, confirm the host retains a valid protected state, and verify final asset provenance."
IW-196,Caribbean Federation,Caribbean Federation,,reuse_vanilla_formable_overlay,vanilla_route_overlay_only,689|691|692|694,"Jamaica | Trinidad | Windward | French Caribbean, formable by member consent",RG-689-691-692-694,"A founding congress of named member regions or communities adopts representation, veto, autonomy, revenue, and defense clauses before any wider federation can form.","Use a provisional assembly, cabinet, municipal council, or congress with regionally sourced institution names. Portraits require sourced real male officeholders or authentic archival material for the actual institution; block the package when neither can be established.","Create a period civic flag from researched regional motifs. Do not use generated text, generic sacred symbols, or an invented historical flag presented as authentic.","The compact anchor is used at release. Extended territory remains claims, diplomacy, plebiscites, integration, or formable content. Mixed populations receive rights and autonomy routes.",SRC-HOI4-TAGS | SRC-HOI4-STATES | SRC-CR-TAGS | SRC-EVENT5-ORIGIN | REG-AMER,resolved_by_restriction,"Apply only as an additive overlay to the vanilla antilles formable route, preserve the carrier's existing tree and history, retain member-consent requirements, and keep this identity out of the standalone release pool."
IW-197,Mapuche or Wallmapu state,"Mapuche Federation, with Wallmapu reserved for the negotiated formable route",,reuse_vanilla_cosmetic_overlay,vanilla_route_overlay_only,,"Araucanía or south-central Chile map group, Mapuche federation only",RG-SOUTHERN-CONE,Manuel Aburto Panguilef and the Federación Araucana are period political anchors. Period civic organization can support the route without adding a female Event 6 character or portrait. Later organizations remain date-gated.,Manuel Aburto Panguilef and the Federación Araucana are period political anchors. Period civic organization can support the route without adding a female Event 6 character or portrait. Later organizations remain date-gated.,Use symbols tied to the selected period organization or territorial identity. Do not use a single sacred or ceremonial motif as a universal Mapuche flag.,"Use a Mapuche federation with Lafkenche, Williche, Pehuenche, and other represented territorial identities. Wallmapu is a negotiated formable label.",SRC-HOI4-TAGS | SRC-HOI4-STATES | SRC-CR-TAGS | SRC-EVENT5-ORIGIN | REG-AMER | SIG-MAPUCHE,high,"Apply only as an additive overlay when original_tag CHL has cosmetic tag CHL_mapuche_state, preserve Chile's existing tree and history, retain the negotiated Wallmapu route, and keep this identity out of the standalone release pool."
IW-198,Aymara state,Aymara State,HPX,reserve_new_event6_X_tag,high_chaos_only,302,"La Paz, with cross-border Aymara territory added through diplomacy",RG-ANDES-CHACO,Use one Altiplano anchor and Aymara political institutions. Cross-border territory requires negotiation.,"Use a sourced real male period leader from the exact named community package or authentic archival material for the actual institution. A fictional person, generated council, or generic portrait cannot represent a broad real identity; block the package if no defensible source exists.",Use a symbol attested for the exact named community or institution. Do not invent a pan-identity flag or repurpose sacred and ceremonial symbols. Alternate routes may use clearly documented fictional civic designs.,Use one Altiplano anchor and Aymara political institutions. Cross-border territory requires negotiation.,SRC-HOI4-TAGS | SRC-HOI4-STATES | SRC-CR-TAGS | SRC-EVENT5-ORIGIN | REG-AMER | ETH-AYMARA,medium,"Rebind state IDs against the installed HOI4 build and current map overrides, rerun the full repository tag collision check, confirm the host retains a valid protected state, and verify final asset provenance."
IW-199,Quechua federation,Named Quechua Federation,HQX,reserve_new_event6_X_tag,specific_community_variant_only,492|494,"Arequipa | Ucayali, specific Quechua regional members first",RG-ANDES-CHACO,Replace a pan-Quechua automatic state with named regional members. A Quechua federation is a formable.,"Use a sourced real male period leader from the exact named community package or authentic archival material for the actual institution. A fictional person, generated council, or generic portrait cannot represent a broad real identity; block the package if no defensible source exists.",Use a symbol attested for the exact named community or institution. Do not invent a pan-identity flag or repurpose sacred and ceremonial symbols. Alternate routes may use clearly documented fictional civic designs.,Replace a pan-Quechua automatic state with named regional members. A Quechua federation is a formable.,SRC-HOI4-TAGS | SRC-HOI4-STATES | SRC-CR-TAGS | SRC-EVENT5-ORIGIN | REG-AMER | ETH-QUECHUA,resolved_by_restriction,"Rebind state IDs against the installed HOI4 build and current map overrides, rerun the full repository tag collision check, confirm the host retains a valid protected state, and verify final asset provenance."
IW-200,Guarani state,Guaraní State,GAR,reuse_registered_tag,high_chaos_only,301|688,Paraguay | Chaco Boreal,RG-ANDES-CHACO,Use the registered Guaraní package with one Paraguay or Chaco anchor. Cross-border Guaraní communities remain diplomatic or federal content.,"Use a sourced real male period leader from the exact named community package or authentic archival material for the actual institution. A fictional person, generated council, or generic portrait cannot represent a broad real identity; block the package if no defensible source exists.",Use a symbol attested for the exact named community or institution. Do not invent a pan-identity flag or repurpose sacred and ceremonial symbols. Alternate routes may use clearly documented fictional civic designs.,Use the registered Guaraní package with one Paraguay or Chaco anchor. Cross-border Guaraní communities remain diplomatic or federal content.,SRC-HOI4-TAGS | SRC-HOI4-STATES | SRC-CR-TAGS | SRC-EVENT5-ORIGIN | REG-AMER | ETH-GUARANI,medium,"Rebind state IDs against the installed HOI4 build and current map overrides, rerun the full repository tag collision check, confirm the host retains a valid protected state, and verify final asset provenance."
IW-201,Muisca restoration,Muisca restoration,HSX,reserve_new_event6_X_tag,high_chaos_only,306,Cundinamarca,RG-ANDES-CHACO,"A period royal, customary, or historical institution is joined to a provisional cabinet, municipal administration, veterans, schools, labor, and an assembly. Restoration is a route choice, not an automatic medieval reconstruction.","Use a provisional assembly, cabinet, municipal council, or congress with regionally sourced institution names. Portraits require sourced real male officeholders or authentic archival material for the actual institution; block the package when neither can be established.","Source attested royal, civic, religious, or regional symbols and document faction ownership. The modern baseline may use a restrained generated civic flag when no attested state flag exists.","The compact anchor is used at release. Extended territory remains claims, diplomacy, plebiscites, integration, or formable content. Mixed populations receive rights and autonomy routes.",SRC-HOI4-TAGS | SRC-HOI4-STATES | SRC-CR-TAGS | SRC-EVENT5-ORIGIN | REG-AMER,medium,"Rebind state IDs against the installed HOI4 build and current map overrides, rerun the full repository tag collision check, confirm the host retains a valid protected state, and verify final asset provenance."
IW-202,Gran Chaco federation,Named Gran Chaco Federation,HTX,reserve_new_event6_X_tag,specific_community_variant_only,688,"Chaco Boreal, named member peoples required",RG-ANDES-CHACO,Replace the broad Chaco package with named member peoples. A Gran Chaco federation is a negotiated formable.,"Use a sourced real male period leader from the exact named community package or authentic archival material for the actual institution. A fictional person, generated council, or generic portrait cannot represent a broad real identity; block the package if no defensible source exists.",Use a symbol attested for the exact named community or institution. Do not invent a pan-identity flag or repurpose sacred and ceremonial symbols. Alternate routes may use clearly documented fictional civic designs.,Replace the broad Chaco package with named member peoples. A Gran Chaco federation is a negotiated formable.,SRC-HOI4-TAGS | SRC-HOI4-STATES | SRC-CR-TAGS | SRC-EVENT5-ORIGIN | REG-AMER | ETH-CHACO,resolved_by_restriction,"Rebind state IDs against the installed HOI4 build and current map overrides, rerun the full repository tag collision check, confirm the host retains a valid protected state, and verify final asset provenance."
IW-203,Patagonian state,Patagonian state,HUX,reserve_new_event6_X_tag,high_chaos_only,512|507,Patagonia | Magallanes,RG-SOUTHERN-CONE,"Use provincial parties, municipal government, labor, veterans, official tribal or national institutions, treaty and land-rights bodies, and named maroon or island communities. Broad indigenous labels become negotiated formables.","Use a provisional assembly, cabinet, municipal council, or congress with regionally sourced institution names. Portraits require sourced real male officeholders or authentic archival material for the actual institution; block the package when neither can be established.","Create a period civic flag from researched regional motifs. Do not use generated text, generic sacred symbols, or an invented historical flag presented as authentic.","The compact anchor is used at release. Extended territory remains claims, diplomacy, plebiscites, integration, or formable content. Mixed populations receive rights and autonomy routes.",SRC-HOI4-TAGS | SRC-HOI4-STATES | SRC-CR-TAGS | SRC-EVENT5-ORIGIN | REG-AMER,medium,"Rebind state IDs against the installed HOI4 build and current map overrides, rerun the full repository tag collision check, confirm the host retains a valid protected state, and verify final asset provenance."
IW-204,Araucania and Patagonia restoration,Araucania and Patagonia restoration,,reuse_vanilla_cosmetic_overlay,vanilla_route_overlay_only,512|507,"Patagonia | Magallanes, hidden restoration route only",RG-SOUTHERN-CONE,"A period royal, customary, or historical institution is joined to a provisional cabinet, municipal administration, veterans, schools, labor, and an assembly. Restoration is a route choice, not an automatic medieval reconstruction.","Use a provisional assembly, cabinet, municipal council, or congress with regionally sourced institution names. Portraits require sourced real male officeholders or authentic archival material for the actual institution; block the package when neither can be established.","Source attested royal, civic, religious, or regional symbols and document faction ownership. The modern baseline may use a restrained generated civic flag when no attested state flag exists.","The compact anchor is used at release. Extended territory remains claims, diplomacy, plebiscites, integration, or formable content. Mixed populations receive rights and autonomy routes.",SRC-HOI4-TAGS | SRC-HOI4-STATES | SRC-CR-TAGS | SRC-EVENT5-ORIGIN | REG-AMER,medium,"Apply only as an additive overlay when the kingdom_of_araucania_and_patagonia cosmetic identity is active, preserve the carrier's existing tree and history, keep the restoration route hidden, and keep this identity out of the standalone release pool."
IW-205,Amazonian confederation,Named Amazonian River Confederation,HWX,reserve_new_event6_X_tag,specific_community_variant_only,494|495|496,"Ucayali | Amazonas | Pará, named river peoples required",RG-AMAZON-MAROON-SPECIFIC,Replace a generic Amazonian state with named river peoples and one anchor. A wider confederation is a high-chaos formable.,"Use a sourced real male period leader from the exact named community package or authentic archival material for the actual institution. A fictional person, generated council, or generic portrait cannot represent a broad real identity; block the package if no defensible source exists.",Use a symbol attested for the exact named community or institution. Do not invent a pan-identity flag or repurpose sacred and ceremonial symbols. Alternate routes may use clearly documented fictional civic designs.,Replace a generic Amazonian state with named river peoples and one anchor. A wider confederation is a high-chaos formable.,SRC-HOI4-TAGS | SRC-HOI4-STATES | SRC-CR-TAGS | SRC-EVENT5-ORIGIN | REG-AMER | ETH-AMAZON,resolved_by_restriction,"Rebind state IDs against the installed HOI4 build and current map overrides, rerun the full repository tag collision check, confirm the host retains a valid protected state, and verify final asset provenance."
IW-206,Maroon republic,Named Maroon Republic,HXX,reserve_new_event6_X_tag,specific_community_variant_only,689,"Jamaica, or another named maroon community state selected by scenario type",RG-AMAZON-MAROON-SPECIFIC,"Use a named historical maroon community, such as a Jamaican Maroon polity or a Surinamese maroon nation. Never create a generic global maroon tag.","Use a sourced real male period leader from the exact named community package or authentic archival material for the actual institution. A fictional person, generated council, or generic portrait cannot represent a broad real identity; block the package if no defensible source exists.",Use a symbol attested for the exact named community or institution. Do not invent a pan-identity flag or repurpose sacred and ceremonial symbols. Alternate routes may use clearly documented fictional civic designs.,"Use a named historical maroon community, such as a Jamaican Maroon polity or a Surinamese maroon nation. Never create a generic global maroon tag.",SRC-HOI4-TAGS | SRC-HOI4-STATES | SRC-CR-TAGS | SRC-EVENT5-ORIGIN | REG-AMER | ETH-MAROON,resolved_by_restriction,"Rebind state IDs against the installed HOI4 build and current map overrides, rerun the full repository tag collision check, confirm the host retains a valid protected state, and verify final asset provenance."
