pdxasset (int, 2):  [1, 0]
info:
    fps (float, 1):  [24.0]
    sa (int, 1):  [73]
    j (int, 1):  [24]
    Hips:
        sa (str, 1):  ['qs']
        t (float, 3):  [0.06431452929973602, 3.6292054653167725, -0.011018633842468262]
        q (float, 4):  [-0.7744069695472717, -0.27834227681159973, 0.5594485402107239, 0.09918027371168137]
        s (float, 1):  [1.0]
    LeftUpLeg:
        sa (str, 1):  ['tqs']
        t (float, 3):  [-0.14152179658412933, 0.4226125478744507, -0.3258932828903198]
        q (float, 4):  [-0.6937953233718872, 0.2711544930934906, 0.6186295747756958, 0.24984128773212433]
        s (float, 1):  [1.0]
    LeftLeg:
        sa (str, 1):  ['tqs']
        t (float, 3):  [5.02169132232666e-06, 5.841255187988281e-06, 1.510115623474121]
        q (float, 4):  [-0.29924657940864563, -0.0049299076199531555, -0.015451677143573761, 0.9540380239486694]
        s (float, 1):  [0.9999999403953552]
    LeftFoot:
        sa (str, 1):  ['tqs']
        t (float, 3):  [-7.897615432739258e-07, -3.4868717193603516e-06, 1.6662598848342896]
        q (float, 4):  [0.5732002258300781, -0.05619555339217186, 0.10410560667514801, 0.8108302354812622]
        s (float, 1):  [1.0]
    LeftToeBase:
        sa (str, 1):  ['tqs']
        t (float, 3):  [-1.4193356037139893e-06, 1.3425946235656738e-05, 0.4986535608768463]
        q (float, 4):  [0.45466288924217224, -0.01333742868155241, 0.08120473474264145, 0.8868537545204163]
        s (float, 1):  [0.9999999403953552]
    RightUpLeg:
        sa (str, 1):  ['tqs']
        t (float, 3):  [-0.2556614279747009, 0.21568197011947632, 0.404544860124588]
        q (float, 4):  [-0.4818463921546936, 0.3043286204338074, 0.5494551062583923, 0.6109887361526489]
        s (float, 1):  [1.0]
    RightLeg:
        sa (str, 1):  ['tqs']
        t (float, 3):  [5.852431058883667e-06, -4.073313903063536e-06, 1.524444341659546]
        q (float, 4):  [-0.48688825964927673, -0.006210820749402046, -6.81349920341745e-05, 0.8734421730041504]
        s (float, 1):  [1.0]
    RightFoot:
        sa (str, 1):  ['tqs']
        t (float, 3):  [9.248033165931702e-07, 1.7862766981124878e-06, 1.5880740880966187]
        q (float, 4):  [0.6258071064949036, 0.03536956384778023, -0.13376431167125702, 0.7676076889038086]
        s (float, 1):  [0.9999998807907104]
    RightToeBase:
        sa (str, 1):  ['tqs']
        t (float, 3):  [-4.5588240027427673e-07, 1.9222497940063477e-06, 0.5391388535499573]
        q (float, 4):  [0.4188796877861023, -0.017042050138115883, -0.0639924481511116, 0.905623733997345]
        s (float, 1):  [0.9999999403953552]
    Spine02:
        sa (str, 1):  ['tqs']
        t (float, 3):  [0.39718517661094666, -0.45723429322242737, -0.07864369451999664]
        q (float, 4):  [0.37698808312416077, 0.6170376539230347, -0.11808337271213531, 0.6805886030197144]
        s (float, 1):  [1.0]
    Spine01:
        sa (str, 1):  ['tqs']
        t (float, 3):  [-1.225154846906662e-06, -3.6974670365452766e-06, 0.6107514500617981]
        q (float, 4):  [-0.10273907333612442, -0.04529808461666107, 0.02419627085328102, 0.9933817982673645]
        s (float, 1):  [0.9999999403953552]
    Spine:
        sa (str, 1):  ['tqs']
        t (float, 3):  [-3.3527612686157227e-08, 6.121117621660233e-07, 0.6107383966445923]
        q (float, 4):  [-0.033974550664424896, -0.0028055517468601465, -0.004223826806992292, 0.9994098544120789]
        s (float, 1):  [0.9999998211860657]
    LeftShoulder:
        sa (str, 1):  ['tqs']
        t (float, 3):  [0.13632501661777496, 0.009616981260478497, 0.08745500445365906]
        q (float, 4):  [-0.5295321345329285, 0.44324731826782227, -0.4126254916191101, 0.5940266847610474]
        s (float, 1):  [1.0]
    LeftArm:
        sa (str, 1):  ['tqs']
        t (float, 3):  [-4.023313522338867e-07, 1.0505318641662598e-06, 0.5533828735351562]
        q (float, 4):  [-0.46614304184913635, -0.12065290659666061, -0.18623796105384827, 0.8564280271530151]
        s (float, 1):  [1.0]
    LeftForeArm:
        sa (str, 1):  ['tqs']
        t (float, 3):  [-1.9669532775878906e-06, 6.407499313354492e-06, 0.956405758857727]
        q (float, 4):  [0.11177022755146027, -0.3636455535888672, 0.027105288580060005, 0.9244104623794556]
        s (float, 1):  [1.0000001192092896]
    LeftHand:
        sa (str, 1):  ['tqs']
        t (float, 3):  [5.334615707397461e-06, -3.993511199951172e-06, 0.8709107637405396]
        q (float, 4):  [-0.08486226201057434, -0.09564116597175598, 0.02311776392161846, 0.991522490978241]
        s (float, 1):  [1.0]
    RightShoulder:
        sa (str, 1):  ['tqs']
        t (float, 3):  [-0.13923810422420502, 0.0007464099326170981, 0.11133401840925217]
        q (float, 4):  [-0.5749144554138184, -0.5065286755561829, 0.35959145426750183, 0.5325374007225037]
        s (float, 1):  [0.9999999403953552]
    RightArm:
        sa (str, 1):  ['tqs']
        t (float, 3):  [1.7881393432617188e-07, 8.940696716308594e-08, 0.547576904296875]
        q (float, 4):  [-0.4822703003883362, -0.014091238379478455, 0.24698492884635925, 0.8403661251068115]
        s (float, 1):  [1.0]
    RightForeArm:
        sa (str, 1):  ['tqs']
        t (float, 3):  [1.0207295417785645e-06, -3.159046173095703e-06, 0.959191083908081]
        q (float, 4):  [0.05473572388291359, 0.05451855808496475, -0.02188815549015999, 0.9967711567878723]
        s (float, 1):  [1.0]
    RightHand:
        sa (str, 1):  ['tqs']
        t (float, 3):  [2.294778823852539e-06, 7.294118404388428e-06, 0.8301171660423279]
        q (float, 4):  [-0.08623559027910233, 0.24868705868721008, 0.08940395712852478, 0.9605858325958252]
        s (float, 1):  [1.0000001192092896]
    neck:
        sa (str, 1):  ['tqs']
        t (float, 3):  [0.002913244068622589, -0.010364469140768051, 0.4211161434650421]
        q (float, 4):  [0.18848970532417297, -0.03679223731160164, -0.0068271891213953495, 0.9813620448112488]
        s (float, 1):  [1.0]
    Head:
        sa (str, 1):  ['tqs']
        t (float, 3):  [-1.6391277313232422e-07, 4.991888999938965e-07, 0.3642216920852661]
        q (float, 4):  [-0.23091979324817657, -0.009075452573597431, -0.03707016631960869, 0.9722239971160889]
        s (float, 1):  [0.9999999403953552]
    head_end:
        sa (str, 1):  ['tqs']
        t (float, 3):  [0.010769730433821678, -0.40210041403770447, 0.6909176707267761]
        q (float, 4):  [0.2604730725288391, 0.00697665847837925, 1.965464946351858e-08, 0.965455949306488]
        s (float, 1):  [1.0]
    headfront:
        sa (str, 1):  ['tqs']
        t (float, 3):  [-0.01076965406537056, 0.4020956754684448, 0.2137776017189026]
        q (float, 4):  [-0.5149354934692383, -0.013791918754577637, 8.80125341495841e-08, 0.8571180105209351]
        s (float, 1):  [0.9999999403953552]
samples:
    t (float, 5037):  [-0.14152167737483978, 0.4226123094558716, -0.3258932828903198, 5.081295967102051e-06, 5.841255187988281e-06, 1.510115623474121, -8.344650268554688e-07, -3.546476364135742e-06, 1.6662598848342896, -1.4230608940124512e-06, 1.3485550880432129e-05, 0.4986536204814911, -0.2556614279747009, 0.21568197011947632, 0.404544860124588, 5.859881639480591e-06, -4.013709258288145e-06, 1.524444341659546, 8.838251233100891e-07, 1.8756836652755737e-06, 1.5880740880966187, -4.796311259269714e-07, 1.9297003746032715e-06, 0.5391388535499573, 0.39718541502952576, -0.45723453164100647, -0.07864369451999664, -1.225154846906662e-06, -3.6974670365452766e-06, 0.6107514500617981, -3.725290298461914e-09, 6.121117621660233e-07, 0.6107383966445923, 0.13632498681545258, 0.009617219679057598, 0.08745452761650085, -6.407499313354492e-07, 1.0505318641662598e-06, 0.5533828735351562, -1.9669532775878906e-06, 6.407499313354492e-06, 0.956405520439148, 5.334615707397461e-06, -3.874301910400391e-06, 0.8709105253219604, -0.13923810422420502, 0.0007466483511961997, 0.11133354157209396, -5.960464477539063e-08, 8.940696716308594e-08, 0.5475766658782959, 7.82310962677002e-07, -3.069639205932617e-06, 0.959190845489502, 2.294778823852539e-06, 7.3015689849853516e-06, 0.8301169276237488, 0.002913244068622589, -0.010363992303609848, 0.4211156666278839, -1.6391277313232422e-07, 4.991888999938965e-07, 0.3642221689224243, 0.010769492015242577, -0.40210017561912537, 0.6909167170524597, -0.01076977327466011, 0.4020959138870239, 0.21377712488174438, -0.14152154326438904, 0.42261236906051636, -0.3258933424949646, 5.0961971282958984e-06, 5.632638931274414e-06, 1.5101162195205688, -7.152557373046875e-07, -3.7103891372680664e-06, 1.6662598848342896, -1.2814998626708984e-06, 1.3336539268493652e-05, 0.4986535608768463, -0.25566133856773376, 0.21568205952644348, 0.40454477071762085, 5.798414349555969e-06, -4.047993570566177e-06, 1.524444341659546, 9.364448487758636e-07, 1.8980354070663452e-06, 1.5880740880966187, -4.940666258335114e-07, 1.9669532775878906e-06, 0.5391387939453125, 0.3971852958202362, -0.45723405480384827, -0.07864364981651306, -1.225154846906662e-06, -4.239613190293312e-06, 0.6107521653175354, 7.450580596923828e-09, 5.933834472671151e-07, 0.6107385158538818, 0.13632504642009735, 0.009617233648896217, 0.08745460212230682, -2.5331974029541016e-07, 1.1324882507324219e-06, 0.5533828735351562, -1.7881393432617188e-06, 6.318092346191406e-06, 0.9564058780670166, 5.364418029785156e-06, -3.3974647521972656e-06, 0.870911180973053, -0.1392381191253662, 0.000746695208363235, 0.11133316159248352, 3.5762786865234375e-07, 1.043081283569336e-07, 0.5475770235061646, 8.940696716308594e-08, -2.8908252716064453e-06, 0.9591913819313049, 2.6673078536987305e-06, 7.048249244689941e-06, 0.8301171660423279, 0.0029133185744285583, -0.010364454239606857, 0.4211161136627197, 1.4901161193847656e-08, 6.172340363264084e-07, 0.36422187089920044, 0.01076966430991888, -0.4021013081073761, 0.6909180879592896, -0.010769822634756565, 0.4020952582359314, 0.21377840638160706, -0.14152155816555023, 0.42261257767677307, -0.3258933424949646, 5.11854887008667e-06, 5.7220458984375e-06, 1.5101159811019897, -8.493661880493164e-07, -3.56137752532959e-06, 1.666259765625, -1.1920928955078125e-06, 1.3563781976699829e-05, 0.4986535608768463, -0.2556614577770233, 0.2156824767589569, 0.4045448303222656, 5.884096026420593e-06, -3.996305167675018e-06, 1.524444341659546, 8.633360266685486e-07, 1.780688762664795e-06, 1.5880738496780396, -4.316680133342743e-07, 1.955777406692505e-06, 0.5391387939453125, 0.39718544483184814, -0.4572339355945587, -0.0786437839269638, -1.212581992149353e-06, -3.944616764783859e-06, 0.6107523441314697, -8.381903171539307e-08, 4.612957127392292e-07, 0.6107379198074341, 0.13632510602474213, 0.00961698591709137, 0.08745460212230682, -5.662441253662109e-07, 9.685754776000977e-08, 0.5533826947212219, -2.3096799850463867e-06, 6.318092346191406e-06, 0.9564058184623718, 5.304813385009766e-06, -3.5762786865234375e-06, 0.8709108829498291, -0.13923810422420502, 0.0007465602830052376, 0.11133354902267456, 3.725290298461914e-07, 3.2782554626464844e-07, 0.5475770235061646, 8.046627044677734e-07, -2.816319465637207e-06, 0.9591911435127258, 2.1085143089294434e-06, 7.245689630508423e-06, 0.8301166892051697, 0.002913331612944603, -0.010364396497607231, 0.42111608386039734, -2.7194619178771973e-07, 7.259659469127655e-07, 0.36422213912010193, 0.010769661515951157, -0.4021006226539612, 0.6909177899360657, -0.010769613087177277, 0.4020954966545105, 0.21377798914909363, -0.14152154326438904, 0.4226125478744507, -0.325893372297287, 4.868954420089722e-06, 5.738809704780579e-06, 1.5101161003112793, -8.642673492431641e-07, -3.829598426818848e-06, 1.6662596464157104, -1.3560056686401367e-06, 1.34357251226902e-05, 0.49865350127220154, -0.25566133856773376, 0.21568231284618378, 0.40454477071762085, 5.867332220077515e-06, -3.919005393981934e-06, 1.524444341659546, 9.126961231231689e-07, 1.6987323760986328e-06, 1.5880738496780396, -4.82192263007164e-07, 1.9408762454986572e-06, 0.5391387939453125, 0.39718520641326904, -0.45723381638526917, -0.07864373922348022, -1.2274831533432007e-06, -3.9101578295230865e-06, 0.6107521653175354, -8.288770914077759e-08, 7.367052603513002e-07, 0.6107373833656311, 0.1363251805305481, 0.00961705669760704, 0.08745630830526352, -3.0547380447387695e-07, 5.587935447692871e-07, 0.5533828735351562, -2.637505531311035e-06, 6.332993507385254e-06, 0.9564056396484375, 5.27501106262207e-06, -3.904104232788086e-06, 0.870911180973053, -0.13923798501491547, 0.0007464978843927383, 0.11133472621440887, 2.980232238769531e-07, 0.0, 0.5475771427154541, 3.8743019104003906e-07, -2.9578804969787598e-06, 0.9591917395591736, 2.3245811462402344e-06, 7.1711838245391846e-06, 0.8301171064376831, 0.002913425676524639, -0.010364649817347527, 0.42111724615097046, -3.03611159324646e-07, 7.57165253162384e-07, 0.36422199010849, 0.010769441723823547, -0.4021003842353821, 0.6909176111221313, -0.010769382119178772, 0.40209487080574036, 0.21377883851528168, -0.1415216326713562, 0.42261242866516113, -0.3258931338787079, 4.991888999938965e-06, 5.759298801422119e-06, 1.5101157426834106, -8.642673492431641e-07, -3.6284327507019043e-06, 1.6662596464157104, -1.2218952178955078e-06, 1.3275537639856339e-05, 0.4986536204814911, -0.2556614577770233, 0.21568220853805542, 0.40454500913619995, 5.826354026794434e-06, -3.982335329055786e-06, 1.5244442224502563, 8.940696716308594e-07, 1.7434358596801758e-06, 1.5880740880966187, -4.493631422519684e-07, 1.9334256649017334e-06, 0.5391388535499573, 0.39718514680862427, -0.45723387598991394, -0.07864344120025635, -1.2498348951339722e-06, -3.8603320717811584e-06, 0.6107522249221802, 6.239861249923706e-08, 1.314328983426094e-07, 0.6107383966445923, 0.13632497191429138, 0.009617187082767487, 0.0874556452035904, -5.066394805908203e-07, 7.37607479095459e-07, 0.5533826947212219, -2.7045607566833496e-06, 6.273388862609863e-06, 0.9564056396484375, 5.334615707397461e-06, -3.904104232788086e-06, 0.8709108829498291, -0.1392381191253662, 0.0007467959076166153, 0.11133413761854172, 4.172325134277344e-07, 3.5762786865234375e-07, 0.5475770235061646, 5.066394805908203e-07, -2.7865171432495117e-06, 0.9591913223266602, 2.115964889526367e-06, 7.0035457611083984e-06, 0.8301165103912354, 0.0029132403433322906, -0.010364215821027756, 0.4211163818836212, -1.424923539161682e-07, 7.878988981246948e-07, 0.3642216920852661, 0.010769620537757874, -0.4021006226539612, 0.690917432308197, -0.010769575834274292, 0.40209531784057617, 0.21377776563167572, -0.141521617770195, 0.42261242866516113, -0.32589319348335266, 5.029141902923584e-06, 5.796551704406738e-06, 1.5101157426834106, -9.164214134216309e-07, -3.63960862159729e-06, 1.666259527206421, -1.2516975402832031e-06, 1.3504177331924438e-05, 0.4986535906791687, -0.25566136837005615, 0.21568211913108826, 0.4045448303222656, 5.776062607765198e-06, -3.993511199951172e-06, 1.5244444608688354, 9.424984455108643e-07, 1.8775463104248047e-06, 1.5880740880966187, -5.113543011248112e-07, 1.9138678908348083e-06, 0.5391387939453125, 0.3971853256225586, -0.4572342038154602, -0.07864366471767426, -1.1995434761047363e-06, -3.887340426445007e-06, 0.6107525825500488, -6.752088665962219e-08, 7.422640919685364e-07, 0.6107376217842102, 0.13632509112358093, 0.009616829454898834, 0.08745566010475159, -9.685754776000977e-08, 2.086162567138672e-07, 0.553382933139801, -1.8700957298278809e-06, 6.172806024551392e-06, 0.9564059972763062, 5.187466740608215e-06, -3.810971975326538e-06, 0.8709121346473694, -0.13923805952072144, 0.0007465630769729614, 0.11133429408073425, 3.5762786865234375e-07, 3.725290298461914e-07, 0.5475770235061646, 3.2782554626464844e-07, -3.1441450119018555e-06, 0.9591909646987915, 2.086162567138672e-06, 6.943941116333008e-06, 0.8301175832748413, 0.0029132943600416183, -0.01036435179412365, 0.421116441488266, 6.891787052154541e-08, 4.637986421585083e-07, 0.36422300338745117, 0.010769844055175781, -0.40210121870040894, 0.6909173727035522, -0.010769901797175407, 0.4020959734916687, 0.2137773334980011, -0.1415216326713562, 0.42261257767677307, -0.3258932828903198, 4.954636096954346e-06, 5.707144737243652e-06, 1.5101157426834106, -8.828938007354736e-07, -3.6098062992095947e-06, 1.6662598848342896, -1.2516975402832031e-06, 1.3478100299835205e-05, 0.4986535608768463, -0.2556615471839905, 0.21568246185779572, 0.4045449197292328, 5.82495704293251e-06, -4.0102750062942505e-06, 1.5244444608688354, 8.940696716308594e-07, 1.9371509552001953e-06, 1.5880740880966187, -4.537869244813919e-07, 1.9371509552001953e-06, 0.5391387939453125, 0.39718538522720337, -0.45723429322242737, -0.07864372432231903, -1.1958181858062744e-06, -3.905966877937317e-06, 0.6107519865036011, -2.2351741790771484e-08, 1.0039657354354858e-06, 0.6107373833656311, 0.13632509112358093, 0.00961686298251152, 0.08745529502630234, -4.819594323635101e-07, 5.774199962615967e-07, 0.553382933139801, -2.035871148109436e-06, 6.0927122831344604e-06, 0.9564054608345032, 5.185604095458984e-06, -3.7550926208496094e-06, 0.8709108829498291, -0.1392381191253662, 0.0007465165108442307, 0.11133390665054321, 1.7881393432617188e-07, -6.854534149169922e-07, 0.5475767850875854, 1.341104507446289e-06, -2.9802322387695312e-06, 0.9591919183731079, 2.1085143089294434e-06, 7.152557373046875e-06, 0.8301166296005249, 0.002913212403655052, -0.010364127345383167, 0.42111581563949585, 5.587935447692871e-09, 4.637986421585083e-07, 0.3642231225967407, 0.01076941192150116, -0.40210050344467163, 0.6909171938896179, -0.01076994277536869, 0.40209534764289856, 0.21377764642238617, -0.14152158796787262, 0.42261257767677307, -0.3258932828903198, 4.991888999938965e-06, 5.811452865600586e-06, 1.5101158618927002, -9.154900908470154e-07, -3.688037395477295e-06, 1.666259765625, -1.2926757335662842e-06, 1.3470649719238281e-05, 0.4986535608768463, -0.2556614577770233, 0.21568265557289124, 0.4045449197292328, 5.861744284629822e-06, -3.9637088775634766e-06, 1.524444341659546, 9.238719940185547e-07, 1.952052116394043e-06, 1.588073968887329, -4.6228524297475815e-07, 1.8868595361709595e-06, 0.5391387939453125, 0.39718547463417053, -0.4572342336177826, -0.07864373922348022, -1.2032687664031982e-06, -4.0102750062942505e-06, 0.6107516288757324, -8.195638656616211e-08, 6.92903995513916e-07, 0.6107373237609863, 0.13632504642009735, 0.00961695984005928, 0.08745435625314713, -1.7881393432617188e-07, 8.754432201385498e-08, 0.5533830523490906, -2.1494925022125244e-06, 6.280839443206787e-06, 0.956405758857727, 5.245208740234375e-06, -3.6507844924926758e-06, 0.8709112405776978, -0.13923795521259308, 0.0007459800690412521, 0.11133402585983276, 3.427267074584961e-07, -2.980232238769531e-07, 0.5475770831108093, 1.043081283569336e-06, -2.7418136596679688e-06, 0.9591919183731079, 2.045184373855591e-06, 7.331371307373047e-06, 0.8301171064376831, 0.002913348376750946, -0.010364701971411705, 0.4211161136627197, 2.4959444999694824e-07, 3.718305379152298e-07, 0.36422279477119446, 0.010769590735435486, -0.4020996689796448, 0.6909176111221313, -0.010770164430141449, 0.4020971357822418, 0.21377751231193542, -0.1415216028690338, 0.4226129353046417, -0.3258931636810303, 5.029141902923584e-06, 5.751848220825195e-06, 1.5101157426834106, -8.121132850646973e-07, -3.7048012018203735e-06, 1.666259527206421, -1.2759119272232056e-06, 1.3444572687149048e-05, 0.4986535906791687, -0.2556614577770233, 0.21568265557289124, 0.4045449197292328, 5.923211574554443e-06, -3.933906555175781e-06, 1.5244441032409668, 9.98377799987793e-07, 1.862645149230957e-06, 1.588073968887329, -4.36179107055068e-07, 2.0079314708709717e-06, 0.5391387343406677, 0.3971850275993347, -0.4572332203388214, -0.07864357531070709, -1.2638047337532043e-06, -3.7867575883865356e-06, 0.610752522945404, -2.9802322387695312e-08, 9.760260581970215e-07, 0.6107374429702759, 0.13632509112358093, 0.009617164731025696, 0.08745460212230682, -4.842877388000488e-07, 1.2088567018508911e-06, 0.5533828139305115, -1.9222497940063477e-06, 6.310641765594482e-06, 0.956405520439148, 5.0067901611328125e-06, -3.948807716369629e-06, 0.8709107637405396, -0.13923808932304382, 0.0007466175593435764, 0.11133357137441635, 1.7881393432617188e-07, -3.7997961044311523e-07, 0.5475771427154541, 4.470348358154297e-07, -2.950429916381836e-06, 0.9591913819313049, 2.0563602447509766e-06, 7.152557373046875e-06, 0.8301172256469727, 0.0029133260250091553, -0.010364409536123276, 0.4211162328720093, -4.6938657760620117e-07, 8.940696716308594e-07, 0.3642216920852661, 0.010769754648208618, -0.40209996700286865, 0.6909170746803284, -0.010769464075565338, 0.4020957052707672, 0.213777557015419, -0.14152157306671143, 0.4226122200489044, -0.32589322328567505, 4.895031452178955e-06, 5.7220458984375e-06, 1.5101158618927002, -8.484348654747009e-07, -3.725290298461914e-06, 1.6662598848342896, -1.1967495083808899e-06, 1.3452023267745972e-05, 0.49865350127220154, -0.2556614279747009, 0.21568208932876587, 0.4045448899269104, 5.7443976402282715e-06, -3.948807716369629e-06, 1.5244442224502563, 8.866190910339355e-07, 1.8328428268432617e-06, 1.5880742073059082, -4.959292709827423e-07, 1.823529601097107e-06, 0.5391388535499573, 0.3971852958202362, -0.45723432302474976, -0.07864366471767426, -1.1771917343139648e-06, -3.676861524581909e-06, 0.6107508540153503, -8.940696716308594e-08, 5.103647708892822e-07, 0.6107381582260132, 0.13632509112358093, 0.009616933763027191, 0.08745503425598145, 5.21540641784668e-08, 2.0116567611694336e-07, 0.5533828139305115, -1.9073486328125e-06, 6.16908073425293e-06, 0.956405520439148, 4.6193599700927734e-06, -3.814697265625e-06, 0.8709114789962769, -0.13923805952072144, 0.0007463730871677399, 0.11133398115634918, 5.960464477539063e-08, -2.0489096641540527e-07, 0.5475770831108093, 1.0132789611816406e-06, -2.9206275939941406e-06, 0.9591922760009766, 2.391636371612549e-06, 7.033348083496094e-06, 0.8301165103912354, 0.0029133111238479614, -0.010364849120378494, 0.42111653089523315, -2.086162567138672e-07, 6.221234798431396e-07, 0.3642224371433258, 0.010769665241241455, -0.40209999680519104, 0.6909170150756836, -0.010769456624984741, 0.4020955562591553, 0.21377778053283691, -0.14152146875858307, 0.4226124584674835, -0.32589325308799744, 5.085021257400513e-06, 5.8785080909729e-06, 1.5101158618927002, -8.917413651943207e-07, -3.6731362342834473e-06, 1.666259765625, -1.2353993952274323e-06, 1.3418495655059814e-05, 0.4986535608768463, -0.2556614875793457, 0.21568237245082855, 0.4045448303222656, 5.97536563873291e-06, -4.023313522338867e-06, 1.5244442224502563, 1.043081283569336e-06, 2.0563602447509766e-06, 1.5880742073059082, -4.7404319047927856e-07, 1.9222497940063477e-06, 0.539138913154602, 0.3971855044364929, -0.45723438262939453, -0.07864371687173843, -1.166015863418579e-06, -3.684312105178833e-06, 0.6107516288757324, 5.21540641784668e-08, 7.711350917816162e-07, 0.6107381582260132, 0.13632504642009735, 0.009616963565349579, 0.08745533972978592, -2.384185791015625e-07, -4.470348358154297e-07, 0.5533828139305115, -1.817941665649414e-06, 6.020069122314453e-06, 0.9564051628112793, 5.602836608886719e-06, -3.769993782043457e-06, 0.8709101676940918, -0.139238178730011, 0.000746116042137146, 0.1113349199295044, 4.023313522338867e-07, -4.870817065238953e-07, 0.5475771427154541, 9.834766387939453e-07, -2.771615982055664e-06, 0.959192156791687, 1.9818544387817383e-06, 6.9141387939453125e-06, 0.8301166296005249, 0.002913236618041992, -0.010364562273025513, 0.42111676931381226, -1.9371509552001953e-07, 1.862645149230957e-07, 0.36422303318977356, 0.010769516229629517, -0.4021000564098358, 0.690917432308197, -0.010769635438919067, 0.4020951986312866, 0.21377795934677124, -0.14152158796787262, 0.4226120710372925, -0.3258932828903198, 5.02169132232666e-06, 5.640089511871338e-06, 1.5101157426834106, -8.873175829648972e-07, -3.6731362342834473e-06, 1.6662596464157104, -1.1730007827281952e-06, 1.3418495655059814e-05, 0.4986535906791687, -0.25566163659095764, 0.21568191051483154, 0.4045449197292328, 5.7891011238098145e-06, -4.023313522338867e-06, 1.5244439840316772, 9.685754776000977e-07, 1.8030405044555664e-06, 1.5880742073059082, -4.861503839492798e-07, 1.944601535797119e-06, 0.539138674736023, 0.39718499779701233, -0.4572344124317169, -0.07864366471767426, -1.30385160446167e-06, -3.56137752532959e-06, 0.6107510328292847, -1.4901161193847656e-08, 7.264316082000732e-07, 0.6107380986213684, 0.1363248974084854, 0.009616926312446594, 0.08745542913675308, -6.034970283508301e-07, 4.76837158203125e-07, 0.5533830523490906, -2.0265579223632812e-06, 6.16908073425293e-06, 0.956405758857727, 5.245208740234375e-06, -3.874301910400391e-06, 0.8709105253219604, -0.13923825323581696, 0.0007461868226528168, 0.11133450269699097, 1.341104507446289e-07, 3.390014171600342e-07, 0.5475770235061646, 5.662441253662109e-07, -2.771615982055664e-06, 0.9591912627220154, 2.125278115272522e-06, 7.3909759521484375e-06, 0.8301171064376831, 0.0029130876064300537, -0.010364696383476257, 0.4211163818836212, -1.4901161193847656e-07, 1.1324882507324219e-06, 0.3642212152481079, 0.010769650340080261, -0.4020998477935791, 0.6909170150756836, -0.010769680142402649, 0.40209561586380005, 0.21377763152122498, -0.1415216624736786, 0.4226125180721283, -0.3258934020996094, 5.010515451431274e-06, 5.5730342864990234e-06, 1.5101161003112793, -8.521601557731628e-07, -3.6954879760742188e-06, 1.666259765625, -1.2083910405635834e-06, 1.3530254364013672e-05, 0.4986535906791687, -0.2556614875793457, 0.21568205952644348, 0.40454480051994324, 5.7220458984375e-06, -4.0531158447265625e-06, 1.5244441032409668, 8.195638656616211e-07, 2.0712614059448242e-06, 1.5880740880966187, -3.46451997756958e-07, 1.944601535797119e-06, 0.5391387343406677, 0.39718547463417053, -0.457234650850296, -0.07864382863044739, -1.1548399925231934e-06, -3.593042492866516e-06, 0.6107516884803772, -1.4901161193847656e-07, 7.450580596923828e-08, 0.6107383370399475, 0.13632504642009735, 0.009617231786251068, 0.08745434880256653, -5.140900611877441e-07, 6.854534149169922e-07, 0.553382933139801, -1.7657876014709473e-06, 6.22868537902832e-06, 0.9564050436019897, 4.678964614868164e-06, -3.546476364135742e-06, 0.8709112405776978, -0.13923804461956024, 0.0007464215159416199, 0.11133341491222382, 1.7136335372924805e-07, 1.8812716007232666e-07, 0.5475770235061646, 1.4007091522216797e-06, -3.337860107421875e-06, 0.9591919779777527, 2.119690179824829e-06, 7.0035457611083984e-06, 0.8301165699958801, 0.0029132962226867676, -0.010364055633544922, 0.4211153984069824, -1.7881393432617188e-07, 1.4901161193847656e-07, 0.3642224669456482, 0.010769784450531006, -0.4020998179912567, 0.6909170746803284, -0.01076953113079071, 0.4020949602127075, 0.2137776017189026, -0.1415213942527771, 0.42261257767677307, -0.32589325308799744, 5.004461854696274e-06, 5.81890344619751e-06, 1.5101158618927002, -8.456408977508545e-07, -3.635883331298828e-06, 1.6662596464157104, -1.2624077498912811e-06, 1.3455748558044434e-05, 0.4986535608768463, -0.2556612193584442, 0.21568234264850616, 0.4045448899269104, 5.930662155151367e-06, -4.023313522338867e-06, 1.5244442224502563, 9.5367431640625e-07, 1.6391277313232422e-06, 1.588073968887329, -4.544854164123535e-07, 1.944601535797119e-06, 0.5391389727592468, 0.3971855640411377, -0.4572340250015259, -0.07864367961883545, -1.1324882507324219e-06, -3.5651028156280518e-06, 0.6107509732246399, 2.9802322387695312e-08, 3.129243850708008e-07, 0.6107381582260132, 0.13632521033287048, 0.009617634117603302, 0.08745497465133667, -1.2665987014770508e-07, 0.0, 0.5533826351165771, -2.3543834686279297e-06, 6.355345249176025e-06, 0.956405520439148, 4.9173831939697266e-06, -3.5390257835388184e-06, 0.8709108829498291, -0.13923798501491547, 0.0007467493414878845, 0.11133439838886261, 1.1175870895385742e-07, -3.2223761081695557e-07, 0.5475771427154541, 7.152557373046875e-07, -2.950429916381836e-06, 0.9591912627220154, 2.034008502960205e-06, 7.271766662597656e-06, 0.8301166296005249, 0.002913445234298706, -0.010363727807998657, 0.4211161136627197, -3.2782554626464844e-07, 7.003545761108398e-07, 0.36422187089920044, 0.010769784450531006, -0.4021008014678955, 0.690917432308197, -0.010769590735435486, 0.4020952582359314, 0.21377764642238617, -0.1415216028690338, 0.4226125478744507, -0.3258933424949646, 5.034729838371277e-06, 5.580484867095947e-06, 1.510115623474121, -8.195638656616211e-07, -3.6135315895080566e-06, 1.6662594079971313, -1.1916272342205048e-06, 1.3470649719238281e-05, 0.4986535608768463, -0.2556615173816681, 0.21568205952644348, 0.4045448899269104, 5.811452865600586e-06, -3.9692968130111694e-06, 1.5244444608688354, 7.897615432739258e-07, 1.6838312149047852e-06, 1.5880740880966187, -3.0547380447387695e-07, 1.959502696990967e-06, 0.5391389727592468, 0.39718517661094666, -0.45723414421081543, -0.07864375412464142, -1.12876296043396e-06, -3.769993782043457e-06, 0.6107514500617981, -1.341104507446289e-07, 7.674098014831543e-07, 0.6107379794120789, 0.13632483780384064, 0.009616866707801819, 0.08745522797107697, -7.078051567077637e-07, 1.3262033462524414e-06, 0.5533832311630249, -1.9669532775878906e-06, 5.881069228053093e-06, 0.9564055800437927, 5.4836273193359375e-06, -3.721565008163452e-06, 0.8709107041358948, -0.13923825323581696, 0.000746406614780426, 0.11133423447608948, -1.8067657947540283e-07, -6.649643182754517e-07, 0.547576904296875, 7.748603820800781e-07, -2.8908252716064453e-06, 0.9591911435127258, 1.9073486328125e-06, 6.973743438720703e-06, 0.8301165699958801, 0.002912968397140503, -0.01036468893289566, 0.42111676931381226, 5.960464477539063e-08, 9.834766387939453e-07, 0.36422109603881836, 0.010769739747047424, -0.4021013677120209, 0.6909174919128418, -0.010769709944725037, 0.40209484100341797, 0.21377788484096527, -0.14152123034000397, 0.4226123094558716, -0.3258933424949646, 4.947185516357422e-06, 5.662441253662109e-06, 1.5101159811019897, -8.21426510810852e-07, -3.6135315895080566e-06, 1.666259765625, -1.2479722499847412e-06, 1.3392418622970581e-05, 0.4986536502838135, -0.2556611895561218, 0.215682253241539, 0.40454480051994324, 5.863606929779053e-06, -4.004687070846558e-06, 1.5244444608688354, 9.238719940185547e-07, 1.914799213409424e-06, 1.588073968887329, -4.023313522338867e-07, 1.8104910850524902e-06, 0.5391389727592468, 0.39718517661094666, -0.45723363757133484, -0.07864373177289963, -1.1064112186431885e-06, -3.7401914596557617e-06, 0.6107510924339294, 1.4901161193847656e-08, 4.544854164123535e-07, 0.61073899269104, 0.13632503151893616, 0.009617097675800323, 0.08745452761650085, -9.201467037200928e-07, 9.98377799987793e-07, 0.5533834099769592, -1.6093254089355469e-06, 6.266403943300247e-06, 0.9564052224159241, 5.1781535148620605e-06, -4.153698682785034e-06, 0.8709105253219604, -0.13923819363117218, 0.0007464289665222168, 0.1113336980342865, 5.559995770454407e-07, -4.754401743412018e-07, 0.5475771427154541, 2.384185791015625e-07, -3.1739473342895508e-06, 0.9591912031173706, 2.089887857437134e-06, 7.3015689849853516e-06, 0.830116868019104, 0.0029131174087524414, -0.010364681482315063, 0.4211158752441406, -2.682209014892578e-07, 6.556510925292969e-07, 0.36422160267829895, 0.010769650340080261, -0.4021008610725403, 0.6909174919128418, -0.010769739747047424, 0.40209585428237915, 0.2137778401374817, -0.14152154326438904, 0.42261257767677307, -0.3258932828903198, 4.902482032775879e-06, 5.707144737243652e-06, 1.5101159811019897, -9.145587682723999e-07, -3.7029385566711426e-06, 1.666259765625, -1.30385160446167e-06, 1.34296715259552e-05, 0.4986536204814911, -0.2556612491607666, 0.215682253241539, 0.404544860124588, 5.811452865600586e-06, -4.021450877189636e-06, 1.5244442224502563, 9.238719940185547e-07, 1.8253922462463379e-06, 1.588073968887329, -4.023313522338867e-07, 1.6763806343078613e-06, 0.5391387939453125, 0.3971855044364929, -0.4572342336177826, -0.07864370942115784, -1.1771917343139648e-06, -3.7141144275665283e-06, 0.6107514500617981, 2.086162567138672e-07, 7.078051567077637e-07, 0.6107376217842102, 0.13632512092590332, 0.00961708277463913, 0.0874553918838501, -4.5262277126312256e-07, -5.21540641784668e-07, 0.5533833503723145, -1.8253922462463379e-06, 6.3944607973098755e-06, 0.9564059972763062, 5.1371753215789795e-06, -3.688037395477295e-06, 0.8709110617637634, -0.13923799991607666, 0.0007466189563274384, 0.1113339215517044, -4.246830940246582e-07, -1.0523945093154907e-06, 0.5475770831108093, 8.940696716308594e-07, -3.069639205932617e-06, 0.9591917991638184, 2.041459083557129e-06, 7.450580596923828e-06, 0.8301171660423279, 0.002913355827331543, -0.010364264249801636, 0.4211161732673645, -2.980232238769531e-07, 1.043081283569336e-07, 0.3642224073410034, 0.010769769549369812, -0.4020997881889343, 0.6909174919128418, -0.010769590735435486, 0.40209659934043884, 0.21377795934677124, -0.14152121543884277, 0.42261242866516113, -0.3258933424949646, 4.991888999938965e-06, 5.677342414855957e-06, 1.5101159811019897, -8.344650268554688e-07, -3.591179847717285e-06, 1.666259527206421, -1.2631953723030165e-06, 1.3456621672958136e-05, 0.4986535906791687, -0.2556611895561218, 0.21568235754966736, 0.404544860124588, 5.900859832763672e-06, -3.933906555175781e-06, 1.5244442224502563, 1.0132789611816406e-06, 1.8849968910217285e-06, 1.588073968887329, -4.842877388000488e-07, 2.0563602447509766e-06, 0.5391387343406677, 0.39718562364578247, -0.4572342038154602, -0.07864373177289963, -1.1995434761047363e-06, -3.8370490074157715e-06, 0.6107514500617981, -1.341104507446289e-07, 5.774199962615967e-07, 0.6107381582260132, 0.13632500171661377, 0.009616963565349579, 0.08745521306991577, -7.543712854385376e-07, 1.341104507446289e-06, 0.5533832907676697, -2.0582228899002075e-06, 6.413552910089493e-06, 0.9564056992530823, 5.289912223815918e-06, -3.929249942302704e-06, 0.8709108233451843, -0.13923820853233337, 0.0007462352514266968, 0.11133438348770142, 1.1548399925231934e-07, 4.284083843231201e-07, 0.5475770235061646, 4.470348358154297e-07, -3.0919909477233887e-06, 0.9591909646987915, 2.0265579223632812e-06, 7.331371307373047e-06, 0.8301174640655518, 0.0029131323099136353, -0.01036468893289566, 0.42111659049987793, -1.4901161193847656e-07, 9.387731552124023e-07, 0.3642216622829437, 0.010769717395305634, -0.40210065245628357, 0.6909175515174866, -0.010769613087177277, 0.4020964205265045, 0.21377788484096527, -0.14152152836322784, 0.4226129353046417, -0.3258933126926422, 4.945322871208191e-06, 5.7443976402282715e-06, 1.5101159811019897, -9.201467037200928e-07, -3.6656856536865234e-06, 1.666259765625, -1.232372596859932e-06, 1.346692442893982e-05, 0.4986535906791687, -0.2556615471839905, 0.21568259596824646, 0.40454477071762085, 5.9194862842559814e-06, -4.015862941741943e-06, 1.524444341659546, 1.0281801223754883e-06, 1.944601535797119e-06, 1.5880742073059082, -4.880130290985107e-07, 1.8998980522155762e-06, 0.5391388535499573, 0.3971851170063019, -0.4572333097457886, -0.07864372432231903, -1.3634562492370605e-06, -3.7010759115219116e-06, 0.6107519865036011, -2.3096799850463867e-07, 7.729977369308472e-07, 0.61073899269104, 0.1363249123096466, 0.00961691327393055, 0.08745527267456055, -2.5331974029541016e-07, -1.9371509552001953e-07, 0.5533826351165771, -2.1383166313171387e-06, 6.284564733505249e-06, 0.956405758857727, 5.282461643218994e-06, -4.027038812637329e-06, 0.8709104061126709, -0.13923820853233337, 0.0007460713386535645, 0.11133455485105515, 7.450580596923828e-09, -8.270144462585449e-07, 0.5475770235061646, 5.364418029785156e-07, -3.073364496231079e-06, 0.959191083908081, 1.8477439880371094e-06, 7.212162017822266e-06, 0.8301168084144592, 0.0029131323099136353, -0.010364916175603867, 0.4211166501045227, -1.9371509552001953e-07, 5.662441253662109e-07, 0.36422213912010193, 0.01076972484588623, -0.4020999073982239, 0.6909173130989075, -0.01076960563659668, 0.40209534764289856, 0.21377786993980408, -0.14152143895626068, 0.4226124882698059, -0.3258932828903198, 4.814937710762024e-06, 5.692243576049805e-06, 1.5101159811019897, -8.009374141693115e-07, -3.635883331298828e-06, 1.6662594079971313, -1.2511154636740685e-06, 1.3418495655059814e-05, 0.4986535906791687, -0.25566139817237854, 0.21568238735198975, 0.404544860124588, 5.848705768585205e-06, -3.993511199951172e-06, 1.524444341659546, 9.5367431640625e-07, 1.8998980522155762e-06, 1.5880742073059082, -3.557652235031128e-07, 1.8365681171417236e-06, 0.5391387939453125, 0.3971852958202362, -0.4572337865829468, -0.07864369451999664, -1.1544907465577126e-06, -3.820750862360001e-06, 0.6107516884803772, -3.3527612686157227e-08, 5.164183676242828e-07, 0.6107384562492371, 0.13632488250732422, 0.009616752155125141, 0.08745498210191727, -2.980232238769531e-07, 2.5331974029541016e-07, 0.5533828139305115, -1.8775463104248047e-06, 6.2659382820129395e-06, 0.9564061760902405, 5.155801773071289e-06, -3.680586814880371e-06, 0.8709113001823425, -0.13923820853233337, 0.0007465607486665249, 0.11133391410112381, 8.121132850646973e-07, 1.043081283569336e-06, 0.5475771427154541, -1.4901161193847656e-07, -3.1068921089172363e-06, 0.959191083908081, 2.086162567138672e-06, 6.973743438720703e-06, 0.8301174640655518, 0.002913236618041992, -0.010364215821027756, 0.4211156666278839, -2.980232238769531e-07, 4.023313522338867e-07, 0.36422234773635864, 0.010769814252853394, -0.40210047364234924, 0.6909176111221313, -0.01076972484588623, 0.4020951986312866, 0.2137780487537384, -0.14152158796787262, 0.42261260747909546, -0.3258933126926422, 4.909932613372803e-06, 5.669891834259033e-06, 1.5101161003112793, -8.530914783477783e-07, -3.5315752029418945e-06, 1.666259527206421, -1.272477675229311e-06, 1.3321638107299805e-05, 0.4986535608768463, -0.2556614279747009, 0.21568229794502258, 0.4045448303222656, 5.826354026794434e-06, -3.993511199951172e-06, 1.5244442224502563, 9.462237358093262e-07, 1.8030405044555664e-06, 1.5880744457244873, -4.277098923921585e-07, 1.8849968910217285e-06, 0.5391388535499573, 0.3971852958202362, -0.4572340250015259, -0.07864377647638321, -1.2451782822608948e-06, -3.8174912333488464e-06, 0.6107515096664429, 8.009374141693115e-08, 7.543712854385376e-07, 0.6107370853424072, 0.1363249570131302, 0.009616777300834656, 0.0874548852443695, -2.2351741790771484e-07, 6.556510925292969e-07, 0.5533828139305115, -1.6689300537109375e-06, 5.945563316345215e-06, 0.9564050436019897, 5.185604095458984e-06, -3.248453140258789e-06, 0.8709107041358948, -0.13923822343349457, 0.0007460443302989006, 0.11133473366498947, 4.0978193283081055e-07, -3.5390257835388184e-07, 0.5475770831108093, 3.725290298461914e-07, -3.1888484954833984e-06, 0.959191083908081, 1.6838312149047852e-06, 6.9588422775268555e-06, 0.8301171064376831, 0.00291316956281662, -0.010364752262830734, 0.4211162328720093, -1.043081283569336e-07, 5.649635568261147e-07, 0.3642222583293915, 0.01076960563659668, -0.4021008312702179, 0.6909173727035522, -0.010769784450531006, 0.4020948112010956, 0.21377792954444885, -0.14152155816555023, 0.42261260747909546, -0.325893372297287, 5.029141902923584e-06, 5.692243576049805e-06, 1.5101159811019897, -8.717179298400879e-07, -3.6954879760742188e-06, 1.6662596464157104, -1.194013748317957e-06, 1.3488344848155975e-05, 0.4986535310745239, -0.2556615471839905, 0.2156824916601181, 0.404544860124588, 5.796551704406738e-06, -4.038214683532715e-06, 1.5244438648223877, 9.164214134216309e-07, 1.9669532775878906e-06, 1.588073968887329, -4.969188012182713e-07, 1.8784776329994202e-06, 0.5391388535499573, 0.39718499779701233, -0.45723360776901245, -0.07864370942115784, -1.2330710887908936e-06, -3.7867575883865356e-06, 0.6107522249221802, 3.725290298461914e-08, 5.178153514862061e-07, 0.6107378602027893, 0.13632509112358093, 0.009616669267416, 0.08745430409908295, -2.384185791015625e-07, 9.164214134216309e-07, 0.5533831715583801, -1.6987323760986328e-06, 6.318092346191406e-06, 0.9564056992530823, 5.111098289489746e-06, -3.7550926208496094e-06, 0.8709108829498291, -0.13923802971839905, 0.0007461747154593468, 0.11133359372615814, 4.4517219066619873e-07, 1.169741153717041e-06, 0.5475770235061646, -1.6205012798309326e-07, -3.0230730772018433e-06, 0.9591912031173706, 1.862645149230957e-06, 7.2158873081207275e-06, 0.830116868019104, 0.002913355827331543, -0.010364700108766556, 0.4211156964302063, -2.2724270820617676e-07, 7.487833499908447e-07, 0.3642216920852661, 0.010769754648208618, -0.4021003246307373, 0.6909176111221313, -0.010769613087177277, 0.402096152305603, 0.21377798914909363, -0.14152124524116516, 0.4226127564907074, -0.3258933424949646, 5.044043064117432e-06, 5.692243576049805e-06, 1.5101157426834106, -6.92903995513916e-07, -3.6656856536865234e-06, 1.666259527206421, -1.226784661412239e-06, 1.3392418622970581e-05, 0.4986536204814911, -0.2556611895561218, 0.21568256616592407, 0.4045448303222656, 5.774199962615967e-06, -3.8370490074157715e-06, 1.5244441032409668, 8.735805749893188e-07, 1.959502696990967e-06, 1.5880740880966187, -5.04602212458849e-07, 1.8505379557609558e-06, 0.5391387939453125, 0.39718538522720337, -0.4572335481643677, -0.07864373922348022, -1.2330710887908936e-06, -3.777444362640381e-06, 0.6107516884803772, -2.2351741790771484e-08, 7.674098014831543e-07, 0.6107378602027893, 0.13632497191429138, 0.009616371244192123, 0.08745503425598145, -1.7881393432617188e-07, 1.4510005712509155e-06, 0.553382933139801, -2.2351741790771484e-06, 6.556510925292969e-06, 0.9564062356948853, 5.244743078947067e-06, -3.933906555175781e-06, 0.8709102869033813, -0.13923810422420502, 0.0007461253553628922, 0.11133350431919098, -8.940696716308594e-08, 1.9744038581848145e-07, 0.5475770235061646, 7.003545761108398e-07, -2.60770320892334e-06, 0.959191620349884, 1.862645149230957e-06, 7.070600986480713e-06, 0.830116331577301, 0.0029132291674613953, -0.010364947840571404, 0.42111581563949585, -1.7136335372924805e-07, 6.50063157081604e-07, 0.3642215430736542, 0.010769866406917572, -0.40210068225860596, 0.6909175515174866, -0.01076960563659668, 0.4020951986312866, 0.21377837657928467, -0.1415218710899353, 0.42261290550231934, -0.325893372297287, 4.880130290985107e-06, 5.602836608886719e-06, 1.5101158618927002, -8.642673492431641e-07, -3.635883331298828e-06, 1.666259527206421, -1.1213123798370361e-06, 1.3530254364013672e-05, 0.4986536502838135, -0.25566184520721436, 0.21568241715431213, 0.4045448303222656, 5.9157609939575195e-06, -4.105269908905029e-06, 1.5244441032409668, 8.903443813323975e-07, 1.989305019378662e-06, 1.588073968887329, -4.7264620661735535e-07, 1.911073923110962e-06, 0.5391388535499573, 0.3971848785877228, -0.45723411440849304, -0.0786437913775444, -1.214444637298584e-06, -3.777444362640381e-06, 0.6107512712478638, -2.8870999813079834e-08, 7.860362529754639e-07, 0.6107379198074341, 0.13632507622241974, 0.009616874158382416, 0.08745495975017548, -2.384185791015625e-07, 3.557652235031128e-07, 0.553382933139801, -1.9073486328125e-06, 6.258487701416016e-06, 0.956405520439148, 5.185604095458984e-06, -4.023313522338867e-06, 0.8709105849266052, -0.13923805952072144, 0.0007462911307811737, 0.11133453249931335, 1.4901161193847656e-07, 5.21540641784668e-07, 0.5475770831108093, 9.126961231231689e-07, -2.6226043701171875e-06, 0.9591919183731079, 1.817941665649414e-06, 7.554888725280762e-06, 0.8301168084144592, 0.0029133297502994537, -0.010364537127315998, 0.42111629247665405, -1.825392246246338e-07, 6.863847374916077e-07, 0.3642219603061676, 0.010769814252853394, -0.40210092067718506, 0.6909173727035522, -0.01076962798833847, 0.40209510922431946, 0.21377836167812347, -0.14152148365974426, 0.42261308431625366, -0.325893372297287, 5.029141902923584e-06, 5.602836608886719e-06, 1.5101159811019897, -7.450580596923828e-07, -3.725290298461914e-06, 1.666259765625, -1.3485550880432129e-06, 1.341104507446289e-05, 0.4986536502838135, -0.25566133856773376, 0.21568265557289124, 0.40454480051994324, 5.885958671569824e-06, -4.127621650695801e-06, 1.5244442224502563, 9.238719940185547e-07, 1.9297003746032715e-06, 1.5880740880966187, -4.4284388422966003e-07, 1.8924474716186523e-06, 0.5391387939453125, 0.3971850275993347, -0.457233190536499, -0.07864373922348022, -1.2279488146305084e-06, -3.7476420402526855e-06, 0.6107520461082458, -7.450580596923828e-09, 6.547197699546814e-07, 0.6107385158538818, 0.13632497191429138, 0.009616833180189133, 0.08745484799146652, -2.682209014892578e-07, 5.401670932769775e-07, 0.553382933139801, -1.9669532775878906e-06, 6.318092346191406e-06, 0.9564054012298584, 5.21540641784668e-06, -3.844499588012695e-06, 0.8709099888801575, -0.1392381191253662, 0.0007464438676834106, 0.11133333295583725, 4.563480615615845e-08, 3.504101186990738e-07, 0.5475770831108093, 8.940696716308594e-08, -2.942979335784912e-06, 0.9591910243034363, 1.7434358596801758e-06, 6.51925802230835e-06, 0.8301162123680115, 0.002913244068622589, -0.010364476591348648, 0.42111560702323914, -1.1175870895385742e-07, 6.556510925292969e-07, 0.36422210931777954, 0.01076991856098175, -0.402100145816803, 0.6909171938896179, -0.010769560933113098, 0.40209531784057617, 0.2137778401374817, -0.1415216028690338, 0.4226132035255432, -0.325893372297287, 4.991888999938965e-06, 5.751848220825195e-06, 1.510115623474121, -8.493661880493164e-07, -3.546476364135742e-06, 1.6662598848342896, -1.169741153717041e-06, 1.3366341590881348e-05, 0.4986536502838135, -0.25566139817237854, 0.215682715177536, 0.4045446813106537, 5.8785080909729e-06, -4.015862941741943e-06, 1.524444341659546, 8.195638656616211e-07, 1.7955899238586426e-06, 1.5880742073059082, -4.847534000873566e-07, 1.9185245037078857e-06, 0.5391388535499573, 0.3971848487854004, -0.45723316073417664, -0.07864373922348022, -1.2670643627643585e-06, -3.766268491744995e-06, 0.6107516884803772, 1.1920928955078125e-07, 6.556510925292969e-07, 0.6107386946678162, 0.13632503151893616, 0.009616831317543983, 0.0874544158577919, -5.960464477539063e-08, 4.991888999938965e-07, 0.553382933139801, -2.205371856689453e-06, 6.496906280517578e-06, 0.9564058184623718, 5.319714546203613e-06, -4.217028617858887e-06, 0.870910108089447, -0.1392381191253662, 0.0007463395595550537, 0.11133329570293427, 1.825392246246338e-07, 5.426118150353432e-07, 0.5475773811340332, 5.662441253662109e-07, -3.2335519790649414e-06, 0.9591906070709229, 1.9297003746032715e-06, 6.921589374542236e-06, 0.830116868019104, 0.0029132813215255737, -0.010364525020122528, 0.4211157262325287, -2.9802322387695312e-08, 6.332993507385254e-07, 0.3642224073410034, 0.010769844055175781, -0.40209996700286865, 0.6909170150756836, -0.010769635438919067, 0.402096152305603, 0.21377786993980408, -0.14152126014232635, 0.4226124882698059, -0.3258933424949646, 5.111098289489746e-06, 5.692243576049805e-06, 1.5101157426834106, -8.493661880493164e-07, -3.814697265625e-06, 1.6662596464157104, -1.2665987014770508e-06, 1.3314187526702881e-05, 0.4986535906791687, -0.25566136837005615, 0.21568244695663452, 0.40454477071762085, 5.841255187988281e-06, -4.0531158447265625e-06, 1.5244441032409668, 9.5367431640625e-07, 1.8700957298278809e-06, 1.5880738496780396, -4.682224243879318e-07, 1.8998980522155762e-06, 0.539138913154602, 0.39718517661094666, -0.4572335481643677, -0.07864371687173843, -1.2461096048355103e-06, -3.7318095564842224e-06, 0.6107519268989563, -2.9802322387695312e-08, 7.487833499908447e-07, 0.6107374429702759, 0.13632503151893616, 0.0096167903393507, 0.08745524287223816, -1.4901161193847656e-07, -2.7567148208618164e-07, 0.5533828735351562, -1.2665987014770508e-06, 5.885958671569824e-06, 0.9564046859741211, 5.27501106262207e-06, -4.0978193283081055e-06, 0.8709110021591187, -0.13923810422420502, 0.0007462948560714722, 0.11133424937725067, 9.685754776000977e-08, 4.883622750639915e-07, 0.5475770235061646, 2.9802322387695312e-08, -3.248453140258789e-06, 0.9591913223266602, 1.817941665649414e-06, 7.450580596923828e-06, 0.830117404460907, 0.002913340926170349, -0.010364867746829987, 0.4211169183254242, -5.21540641784668e-07, 3.427267074584961e-07, 0.36422112584114075, 0.010769933462142944, -0.402100145816803, 0.6909178495407104, -0.010769456624984741, 0.4020957946777344, 0.21377840638160706, -0.1415213793516159, 0.42261260747909546, -0.3258933126926422, 4.927627742290497e-06, 5.709007382392883e-06, 1.5101157426834106, -7.972121238708496e-07, -3.6582350730895996e-06, 1.6662596464157104, -1.1324882507324219e-06, 1.3314187526702881e-05, 0.4986535310745239, -0.2556612491607666, 0.21568244695663452, 0.4045448303222656, 5.817972123622894e-06, -4.019588232040405e-06, 1.524444341659546, 9.462237358093262e-07, 1.7657876014709473e-06, 1.588073968887329, -4.6635977923870087e-07, 1.9706785678863525e-06, 0.5391387939453125, 0.39718493819236755, -0.4572330713272095, -0.07864359021186829, -1.171603798866272e-06, -3.900378942489624e-06, 0.6107523441314697, 0.0, 8.754432201385498e-07, 0.6107366681098938, 0.13632506132125854, 0.00961669534444809, 0.08745506405830383, -4.023313522338867e-07, 5.960464477539062e-07, 0.5533828735351562, -1.3113021850585938e-06, 6.303191184997559e-06, 0.9564050436019897, 5.081295967102051e-06, -3.4421682357788086e-06, 0.8709114789962769, -0.13923808932304382, 0.0007462948560714722, 0.11133379489183426, 1.2945383787155151e-07, 3.7254721974022686e-07, 0.5475770235061646, 1.4901161193847656e-07, -3.248453140258789e-06, 0.9591909646987915, 1.9669532775878906e-06, 7.331371307373047e-06, 0.8301173448562622, 0.002913340926170349, -0.010364800691604614, 0.42111650109291077, -2.980232238769531e-07, 7.003545761108398e-07, 0.364221453666687, 0.010770119726657867, -0.40210074186325073, 0.6909184455871582, -0.010769456624984741, 0.4020954966545105, 0.21377870440483093, -0.14152124524116516, 0.4226124584674835, -0.32589343190193176, 4.9192458391189575e-06, 5.695968866348267e-06, 1.5101158618927002, -9.313225746154785e-07, -3.7401914596557617e-06, 1.666259527206421, -1.080334186553955e-06, 1.354515552520752e-05, 0.4986535906791687, -0.25566133856773376, 0.2156824767589569, 0.4045447111129761, 5.882233381271362e-06, -4.023313522338867e-06, 1.5244442224502563, 9.164214134216309e-07, 1.8030405044555664e-06, 1.5880742073059082, -5.237525328993797e-07, 1.8887221813201904e-06, 0.5391387939453125, 0.39718517661094666, -0.4572334587574005, -0.0786437839269638, -1.2204982340335846e-06, -3.645080141723156e-06, 0.6107510328292847, 1.1920928955078125e-07, 3.725290298461914e-07, 0.610738217830658, 0.13632513582706451, 0.00961644109338522, 0.08745540678501129, -1.6391277313232422e-07, 1.043081283569336e-06, 0.5533829927444458, -1.2367963790893555e-06, 6.079673767089844e-06, 0.9564049243927002, 5.185604095458984e-06, -3.7401914596557617e-06, 0.8709104061126709, -0.13923801481723785, 0.0007459595799446106, 0.11133403331041336, 2.2351741790771484e-07, 8.852221071720123e-07, 0.5475772023200989, 9.08970832824707e-07, -2.652406692504883e-06, 0.9591917991638184, 1.7904676496982574e-06, 7.092952728271484e-06, 0.8301166296005249, 0.002913340926170349, -0.010364726185798645, 0.4211159348487854, 2.9802322387695312e-08, 5.960464477539062e-07, 0.3642221987247467, 0.010770082473754883, -0.40210068225860596, 0.6909183263778687, -0.010769397020339966, 0.40209561586380005, 0.21377858519554138, -0.14152130484580994, 0.42261219024658203, -0.32589325308799744, 4.959991201758385e-06, 5.848705768585205e-06, 1.5101157426834106, -8.270144462585449e-07, -3.4980475902557373e-06, 1.6662596464157104, -1.2218952178955078e-06, 1.341104507446289e-05, 0.4986535906791687, -0.2556612491607666, 0.2156820297241211, 0.4045447111129761, 5.889683961868286e-06, -4.0121376514434814e-06, 1.5244439840316772, 8.493661880493164e-07, 1.8551945686340332e-06, 1.588073968887329, -4.807516233995557e-07, 1.8374994397163391e-06, 0.5391387939453125, 0.39718496799468994, -0.4572334587574005, -0.07864368706941605, -1.2076925486326218e-06, -3.906898200511932e-06, 0.6107520461082458, -8.195638656616211e-08, 1.0356307029724121e-06, 0.6107375025749207, 0.1363249272108078, 0.009616760537028313, 0.08745420724153519, -1.341104507446289e-07, -5.438923835754395e-07, 0.5533828735351562, -2.0116567611694336e-06, 6.22868537902832e-06, 0.9564054012298584, 5.27501106262207e-06, -3.725290298461914e-06, 0.8709111213684082, -0.1392381191253662, 0.0007463544607162476, 0.11133348941802979, 3.2782554626464844e-07, 1.1101365089416504e-06, 0.5475772023200989, 4.917383193969727e-07, -3.3676624298095703e-06, 0.9591906070709229, 1.7285346984863281e-06, 7.033348083496094e-06, 0.8301165699958801, 0.0029131919145584106, -0.0103645920753479, 0.4211156964302063, -1.1920928955078125e-07, 7.748603820800781e-07, 0.36422181129455566, 0.010769978165626526, -0.4021008014678955, 0.6909167766571045, -0.010769516229629517, 0.40209513902664185, 0.21377769112586975, -0.14152102172374725, 0.4226123094558716, -0.3258933424949646, 5.0067901611328125e-06, 5.751848220825195e-06, 1.510115623474121, -8.247443474829197e-07, -3.6079436540603638e-06, 1.6662594079971313, -1.2300442904233932e-06, 1.3403594493865967e-05, 0.4986535906791687, -0.255661278963089, 0.2156825065612793, 0.40454480051994324, 5.841255187988281e-06, -4.064291715621948e-06, 1.5244441032409668, 8.195638656616211e-07, 1.7285346984863281e-06, 1.588073968887329, -4.6321656554937363e-07, 1.9604340195655823e-06, 0.5391387343406677, 0.39718544483184814, -0.4572336971759796, -0.07864376157522202, -1.2582167983055115e-06, -3.5478733479976654e-06, 0.6107513904571533, -6.332993507385254e-08, 5.811452865600586e-07, 0.6107377409934998, 0.13632498681545258, 0.009616636671125889, 0.08745479583740234, -3.2782554626464844e-07, 7.450580596923828e-08, 0.5533829927444458, -1.8030405044555664e-06, 6.210058927536011e-06, 0.956405520439148, 5.543231964111328e-06, -3.7550926208496094e-06, 0.8709107041358948, -0.13923808932304382, 0.0007460638880729675, 0.11133450269699097, 1.9371509552001953e-07, 5.066394805908203e-07, 0.5475772619247437, 0.0, -3.0919909477233887e-06, 0.9591909050941467, 1.817941665649414e-06, 7.331371307373047e-06, 0.8301169872283936, 0.002913236618041992, -0.010364681482315063, 0.42111605405807495, -7.450580596923828e-08, 5.960464477539062e-07, 0.3642224669456482, 0.010769680142402649, -0.40210023522377014, 0.6909170150756836, -0.010769784450531006, 0.4020955562591553, 0.21377785503864288, -0.14152148365974426, 0.42261216044425964, -0.3258932828903198, 4.969537258148193e-06, 5.606561899185181e-06, 1.510115623474121, -8.707866072654724e-07, -3.6098062992095947e-06, 1.666260004043579, -1.1604279279708862e-06, 1.3418495655059814e-05, 0.4986535906791687, -0.2556615173816681, 0.21568207442760468, 0.40454480051994324, 5.923211574554443e-06, -3.993511199951172e-06, 1.5244441032409668, 8.493661880493164e-07, 1.8328428268432617e-06, 1.588073968887329, -5.092588253319263e-07, 1.7927959561347961e-06, 0.539138913154602, 0.39718496799468994, -0.4572337567806244, -0.07864368706941605, -1.3075768947601318e-06, -3.984197974205017e-06, 0.6107518672943115, 1.1175870895385742e-08, 9.704381227493286e-07, 0.6107370257377625, 0.136324942111969, 0.009616782888770103, 0.0874551460146904, 2.9802322387695312e-08, 5.811452865600586e-07, 0.5533828735351562, -2.2202730178833008e-06, 6.023794412612915e-06, 0.9564058184623718, 4.947185516357422e-06, -3.6656856536865234e-06, 0.87091064453125, -0.1392381340265274, 0.0007462315261363983, 0.11133436858654022, 4.0978193283081055e-07, 6.705522537231445e-07, 0.5475772023200989, 5.662441253662109e-07, -3.0621886253356934e-06, 0.9591911435127258, 1.8253922462463379e-06, 7.3507544584572315e-06, 0.830115795135498, 0.002913237549364567, -0.010364718735218048, 0.42111659049987793, -2.086162567138672e-07, 6.537884473800659e-07, 0.36422234773635864, 0.010769881308078766, -0.4021003544330597, 0.6909177899360657, -0.010769635438919067, 0.4020952880382538, 0.2137780785560608, -0.1415214091539383, 0.42261233925819397, -0.3258933126926422, 4.9620866775512695e-06, 5.602836608886719e-06, 1.5101158618927002, -7.916241884231567e-07, -3.596767783164978e-06, 1.6662596464157104, -1.1492520570755005e-06, 1.3455748558044434e-05, 0.4986535906791687, -0.25566139817237854, 0.2156822234392166, 0.40454477071762085, 5.8785080909729e-06, -3.9711594581604e-06, 1.524444341659546, 1.0132789611816406e-06, 1.817941665649414e-06, 1.5880742073059082, -4.852190613746643e-07, 1.989305019378662e-06, 0.5391388535499573, 0.3971850574016571, -0.45723363757133484, -0.07864373177289963, -1.2889504432678223e-06, -3.7532299757003784e-06, 0.6107524633407593, -3.527384251356125e-08, 4.822795744985342e-07, 0.6107379794120789, 0.1363249570131302, 0.009616009891033173, 0.08745595067739487, -1.4901161193847656e-07, 4.6566128730773926e-07, 0.5533827543258667, -2.2649765014648438e-06, 6.105750799179077e-06, 0.956405758857727, 5.900859832763672e-06, -3.978610038757324e-06, 0.8709099888801575, -0.13923808932304382, 0.0007458887994289398, 0.1113348975777626, 2.2351741790771484e-07, 5.066394805908203e-07, 0.5475770831108093, 2.0116567611694336e-07, -3.1981617212295532e-06, 0.9591915607452393, 1.7434358596801758e-06, 7.12275505065918e-06, 0.8301173448562622, 0.0029132291674613953, -0.010365295223891735, 0.4211173951625824, -1.2293457984924316e-07, 6.752088665962219e-07, 0.36422187089920044, 0.010769814252853394, -0.40210041403770447, 0.6909177303314209, -0.010769665241241455, 0.40209513902664185, 0.21377889811992645, -0.14152109622955322, 0.4226127862930298, -0.3258932828903198, 4.9513764679431915e-06, 5.904235877096653e-06, 1.5101158618927002, -8.03731381893158e-07, -3.6600977182388306e-06, 1.666259765625, -1.2142118066549301e-06, 1.3284385204315186e-05, 0.4986535608768463, -0.2556611895561218, 0.21568292379379272, 0.40454474091529846, 5.9157609939575195e-06, -4.034489393234253e-06, 1.5244441032409668, 8.344650268554688e-07, 1.952052116394043e-06, 1.5880740880966187, -4.5821070671081543e-07, 1.737847924232483e-06, 0.5391388535499573, 0.39718562364578247, -0.4572334289550781, -0.0786437839269638, -1.1920928955078125e-06, -3.552064299583435e-06, 0.6107512712478638, 3.725290298461914e-08, 1.087784767150879e-06, 0.6107375025749207, 0.1363248974084854, 0.009616401046514511, 0.08745522052049637, -2.086162567138672e-07, -2.1047890186309814e-07, 0.5533828735351562, -2.428889274597168e-06, 6.407499313354492e-06, 0.9564056396484375, 5.245208740234375e-06, -3.904104232788086e-06, 0.8709105253219604, -0.1392381638288498, 0.0007461700588464737, 0.11133372038602829, -7.450580596923828e-09, 1.0356307029724121e-06, 0.5475770831108093, 7.450580596923828e-08, -3.121793270111084e-06, 0.959191083908081, 1.3709068298339844e-06, 7.167458534240723e-06, 0.8301164507865906, 0.002913189120590687, -0.010364832356572151, 0.4211156368255615, -1.0803341865539551e-07, 8.530914783477783e-07, 0.36422157287597656, 0.010769982822239399, -0.4021008312702179, 0.6909186244010925, -0.010769486427307129, 0.4020952582359314, 0.21377898752689362, -0.14152154326438904, 0.4226125180721283, -0.3258932828903198, 5.02169132232666e-06, 5.554407835006714e-06, 1.5101157426834106, -7.767230272293091e-07, -3.4943222999572754e-06, 1.6662594079971313, -1.1490192264318466e-06, 1.3455748558044434e-05, 0.4986535608768463, -0.25566166639328003, 0.2156822681427002, 0.40454477071762085, 5.826354026794434e-06, -3.948807716369629e-06, 1.5244444608688354, 8.344650268554688e-07, 1.9222497940063477e-06, 1.588073968887329, -5.103647708892822e-07, 1.905485987663269e-06, 0.5391388535499573, 0.39718499779701233, -0.4572336673736572, -0.07864374667406082, -1.385807991027832e-06, -3.91155481338501e-06, 0.610752284526825, 8.940696716308594e-08, 8.568167686462402e-07, 0.6107375621795654, 0.13632503151893616, 0.009617045521736145, 0.08745510876178741, 8.940696716308594e-08, 4.246830940246582e-07, 0.5533827543258667, -1.5348196029663086e-06, 6.318092346191406e-06, 0.956405758857727, 5.784444510936737e-06, -4.014000296592712e-06, 0.8709103465080261, -0.13923805952072144, 0.000746382400393486, 0.11133424937725067, -3.045424818992615e-07, 1.214444637298584e-06, 0.5475772619247437, 7.748603820800781e-07, -3.203749656677246e-06, 0.9591912031173706, 1.4603137969970703e-06, 7.197260856628418e-06, 0.8301163911819458, 0.0029132887721061707, -0.010364780202507973, 0.42111632227897644, -1.6391277313232422e-07, 9.164214134216309e-07, 0.3642226457595825, 0.010769948363304138, -0.402100533246994, 0.6909174919128418, -0.010769564658403397, 0.4020952582359314, 0.21377818286418915, -0.1415214240550995, 0.42261260747909546, -0.3258933424949646, 4.945322871208191e-06, 5.774199962615967e-06, 1.510115385055542, -8.437782526016235e-07, -3.5353004932403564e-06, 1.666260004043579, -1.1380761861801147e-06, 1.3343989849090576e-05, 0.49865350127220154, -0.2556614577770233, 0.21568246185779572, 0.40454477071762085, 5.804002285003662e-06, -4.0121376514434814e-06, 1.5244437456130981, 7.748603820800781e-07, 1.862645149230957e-06, 1.588073968887329, -6.705522537231445e-07, 1.959502696990967e-06, 0.539138913154602, 0.39718469977378845, -0.4572335183620453, -0.07864374667406082, -1.2889504432678223e-06, -3.844499588012695e-06, 0.6107520461082458, 0.0, 1.0095536708831787e-06, 0.6107375025749207, 0.13632498681545258, 0.009616762399673462, 0.0874549001455307, 0.0, -2.682209014892578e-07, 0.5533827543258667, -1.952052116394043e-06, 6.16908073425293e-06, 0.9564052224159241, 5.05475327372551e-06, -3.896653652191162e-06, 0.8709108233451843, -0.13923805952072144, 0.0007462805369868875, 0.11133428663015366, -2.1094456315040588e-07, 2.4959444999694824e-07, 0.5475771427154541, 1.4007091522216797e-06, -3.3229589462280273e-06, 0.9591916799545288, 1.4901161193847656e-06, 7.241964340209961e-06, 0.8301163911819458, 0.0029133111238479614, -0.010364647954702377, 0.42111560702323914, -4.0978193283081055e-07, 5.103647708892822e-07, 0.36422327160835266, 0.010769873857498169, -0.40210068225860596, 0.6909172534942627, -0.010769635438919067, 0.4020952582359314, 0.2137780636548996, -0.14152148365974426, 0.4226125180721283, -0.3258933126926422, 4.947185516357422e-06, 5.757436156272888e-06, 1.5101157426834106, -8.177012205123901e-07, -3.4980475902557373e-06, 1.6662601232528687, -1.1799857020378113e-06, 1.3396143913269043e-05, 0.4986535608768463, -0.2556615173816681, 0.2156825065612793, 0.4045447111129761, 5.9157609939575195e-06, -4.06801700592041e-06, 1.5244441032409668, 1.043081283569336e-06, 1.8030405044555664e-06, 1.5880738496780396, -5.066394805908203e-07, 1.8253922462463379e-06, 0.5391389727592468, 0.39718472957611084, -0.45723339915275574, -0.07864373177289963, -1.3299286365509033e-06, -3.777444362640381e-06, 0.6107521057128906, -8.195638656616211e-08, 3.390014171600342e-07, 0.610737681388855, 0.13632510602474213, 0.009616874158382416, 0.08745450526475906, 2.384185791015625e-07, 6.034970283508301e-07, 0.5533824563026428, -1.2367963790893555e-06, 6.258487701416016e-06, 0.9564051628112793, 5.067326128482819e-06, -3.851018846035004e-06, 0.8709107041358948, -0.13923808932304382, 0.0007461942732334137, 0.11133437603712082, -4.5140041038393974e-08, 5.587935447692871e-08, 0.5475772619247437, 4.76837158203125e-07, -3.077089786529541e-06, 0.9591914415359497, 1.3113021850585938e-06, 7.033348083496094e-06, 0.8301172256469727, 0.002913177013397217, -0.0103650763630867, 0.4211167097091675, -7.82310962677002e-08, 1.0132789611816406e-06, 0.36422199010849, 0.010769866406917572, -0.4021006226539612, 0.6909164190292358, -0.010769650340080261, 0.4020954370498657, 0.21377725899219513, -0.14152175188064575, 0.4226124584674835, -0.3258933424949646, 4.9173831939697266e-06, 5.487352609634399e-06, 1.5101158618927002, -8.568167686462402e-07, -3.5241246223449707e-06, 1.666260004043579, -1.10710971057415e-06, 1.3336539268493652e-05, 0.4986535608768463, -0.25566181540489197, 0.2156822681427002, 0.4045447111129761, 5.7443976402282715e-06, -3.993511199951172e-06, 1.5244442224502563, 9.685754776000977e-07, 1.9297003746032715e-06, 1.5880740880966187, -3.725290298461914e-07, 1.903623342514038e-06, 0.539138913154602, 0.3971846401691437, -0.45723360776901245, -0.0786437839269638, -1.1846423149108887e-06, -3.550201654434204e-06, 0.6107514500617981, -1.1920928955078125e-07, 7.338821887969971e-07, 0.6107377409934998, 0.1363248974084854, 0.009616687893867493, 0.08745532482862473, -3.8743019104003906e-07, 7.897615432739258e-07, 0.5533831119537354, -1.2516975402832031e-06, 6.109476089477539e-06, 0.9564054608345032, 5.304813385009766e-06, -3.725290298461914e-06, 0.8709108829498291, -0.13923799991607666, 0.0007466906681656837, 0.11133402585983276, 1.0337680578231812e-07, 1.8533319234848022e-07, 0.5475771427154541, 6.593763828277588e-07, -3.0547380447387695e-06, 0.9591915607452393, 1.5795230865478516e-06, 6.988644599914551e-06, 0.8301160335540771, 0.002913236618041992, -0.010364331305027008, 0.42111608386039734, -2.9616057872772217e-07, 6.48200511932373e-07, 0.36422237753868103, 0.01076991856098175, -0.402100145816803, 0.6909177303314209, -0.010769594460725784, 0.40209534764289856, 0.21377845108509064, -0.14152134954929352, 0.4226129651069641, -0.325893372297287, 4.9602240324020386e-06, 5.559995770454407e-06, 1.5101157426834106, -8.25151801109314e-07, -3.553926944732666e-06, 1.666259527206421, -1.1611264199018478e-06, 1.3406388461589813e-05, 0.4986535608768463, -0.2556613087654114, 0.21568262577056885, 0.40454474091529846, 5.841255187988281e-06, -3.933906555175781e-06, 1.524444341659546, 8.344650268554688e-07, 1.8104910850524902e-06, 1.588073968887329, -4.544854164123535e-07, 1.9613653421401978e-06, 0.5391388535499573, 0.39718493819236755, -0.45723313093185425, -0.07864377647638321, -1.3075768947601318e-06, -3.840774297714233e-06, 0.6107527017593384, 8.195638656616211e-08, 7.487833499908447e-07, 0.6107378005981445, 0.136324942111969, 0.009616903960704803, 0.087455153465271, -5.960464477539063e-08, 2.3096799850463867e-07, 0.5533827543258667, -1.4603137969970703e-06, 6.288290023803711e-06, 0.956404983997345, 5.111098289489746e-06, -3.5762786865234375e-06, 0.8709104657173157, -0.13923808932304382, 0.0007463879883289337, 0.11133424192667007, -3.725290298461914e-08, 7.702037692070007e-07, 0.5475771427154541, -2.0675361156463623e-07, -3.162771463394165e-06, 0.9591909646987915, 1.519918441772461e-06, 6.891787052154541e-06, 0.8301169276237488, 0.0029131099581718445, -0.010364700108766556, 0.4211164712905884, -3.0547380447387695e-07, 6.165355443954468e-07, 0.3642226457595825, 0.010769862681627274, -0.4020996689796448, 0.690916895866394, -0.010769646614789963, 0.4020959138870239, 0.21377794444561005, -0.14152151346206665, 0.42261239886283875, -0.32589325308799744, 4.949979484081268e-06, 5.67873939871788e-06, 1.5101152658462524, -8.377246558666229e-07, -3.514811396598816e-06, 1.6662596464157104, -1.184060238301754e-06, 1.3366341590881348e-05, 0.4986535906791687, -0.2556614875793457, 0.2156822234392166, 0.40454477071762085, 5.856156349182129e-06, -4.127621650695801e-06, 1.5244441032409668, 9.462237358093262e-07, 1.989305019378662e-06, 1.5880740880966187, -4.4330954551696777e-07, 1.9297003746032715e-06, 0.5391387939453125, 0.3971848487854004, -0.4572336673736572, -0.07864372432231903, -1.3187527656555176e-06, -3.5874545574188232e-06, 0.6107516884803772, -2.9802322387695312e-08, 7.338821887969971e-07, 0.6107375621795654, 0.13632500171661377, 0.009616926312446594, 0.08745482563972473, 0.0, -2.384185791015625e-07, 0.5533827543258667, -1.7285346984863281e-06, 6.4373016357421875e-06, 0.9564059376716614, 5.3942203521728516e-06, -3.9637088775634766e-06, 0.8709105849266052, -0.1392381489276886, 0.000746200792491436, 0.11133452504873276, 6.332993507385254e-08, -4.2887404561042786e-07, 0.5475772023200989, 4.7124922275543213e-07, -3.312714397907257e-06, 0.9591909646987915, 1.475214958190918e-06, 7.4356794357299805e-06, 0.8301168084144592, 0.0029131919145584106, -0.010364554822444916, 0.42111629247665405, -2.0954757928848267e-07, 2.3283064365386963e-07, 0.3642222583293915, 0.010769888758659363, -0.40210047364234924, 0.6909176707267761, -0.010769613087177277, 0.40209564566612244, 0.21377834677696228, -0.14152130484580994, 0.4226128160953522, -0.3258933424949646, 4.991888999938965e-06, 5.58607280254364e-06, 1.5101159811019897, -7.507624104619026e-07, -3.63239087164402e-06, 1.6662596464157104, -1.1408701539039612e-06, 1.3362616300582886e-05, 0.4986535608768463, -0.2556613087654114, 0.2156825065612793, 0.40454477071762085, 5.900859832763672e-06, -3.993511199951172e-06, 1.5244444608688354, 1.0207295417785645e-06, 1.9371509552001953e-06, 1.5880742073059082, -4.940666258335114e-07, 1.8849968910217285e-06, 0.539138913154602, 0.39718523621559143, -0.45723360776901245, -0.07864377647638321, -1.1622905731201172e-06, -3.7085264921188354e-06, 0.610751211643219, -1.0803341865539551e-07, 4.675239324569702e-07, 0.6107382774353027, 0.13632504642009735, 0.009616974741220474, 0.08745487779378891, 2.384185791015625e-07, -4.246830940246582e-07, 0.5533828139305115, -1.3709068298339844e-06, 6.407499313354492e-06, 0.956404983997345, 5.260109901428223e-06, -3.7550926208496094e-06, 0.8709108829498291, -0.13923802971839905, 0.0007463488727807999, 0.11133452504873276, 7.078051567077637e-08, 3.520399332046509e-07, 0.5475771427154541, 2.621673047542572e-07, -3.1208619475364685e-06, 0.9591911435127258, 1.5795230865478516e-06, 7.156282663345337e-06, 0.8301168084144592, 0.00291326642036438, -0.010364696383476257, 0.4211166203022003, -3.725290298461914e-07, 3.855675458908081e-07, 0.36422276496887207, 0.010769851505756378, -0.40210023522377014, 0.6909165978431702, -0.010769665241241455, 0.4020954668521881, 0.2137775719165802, -0.14152109622955322, 0.4226127564907074, -0.3258932828903198, 5.00120222568512e-06, 5.748122930526733e-06, 1.5101158618927002, -8.352217264473438e-07, -3.484077751636505e-06, 1.666259527206421, -1.1711381375789642e-06, 1.3396143913269043e-05, 0.4986535906791687, -0.2556610703468323, 0.21568243205547333, 0.4045448303222656, 5.826354026794434e-06, -4.157423973083496e-06, 1.5244441032409668, 8.940696716308594e-07, 1.9371509552001953e-06, 1.5880742073059082, -4.4296029955148697e-07, 1.8887221813201904e-06, 0.5391388535499573, 0.3971855044364929, -0.45723339915275574, -0.07864372432231903, -1.3113021850585938e-06, -3.7513673305511475e-06, 0.6107518076896667, 9.685754776000977e-08, 1.0654330253601074e-06, 0.6107375621795654, 0.13632501661777496, 0.009616546332836151, 0.08745523542165756, -2.9802322387695312e-08, -2.9802322387695312e-08, 0.5533828735351562, -1.3113021850585938e-06, 6.109476089477539e-06, 0.9564052224159241, 5.237758159637451e-06, -3.6954879760742188e-06, 0.8709110021591187, -0.1392381340265274, 0.0007456864695996046, 0.11133511364459991, 5.066394805908203e-07, 1.3010576367378235e-06, 0.5475772619247437, 4.246830940246582e-07, -3.244727849960327e-06, 0.9591912627220154, 1.3820827007293701e-06, 7.27921724319458e-06, 0.8301163911819458, 0.002913236618041992, -0.010365067049860954, 0.4211166203022003, -2.086162567138672e-07, 5.932524800300598e-07, 0.3642224371433258, 0.010769911110401154, -0.40209996700286865, 0.6909165978431702, -0.010769598186016083, 0.4020956754684448, 0.2137773185968399, -0.14152146875858307, 0.4226127862930298, -0.3258934020996094, 4.947185516357422e-06, 5.645677447319031e-06, 1.5101155042648315, -7.853377610445023e-07, -3.505498170852661e-06, 1.6662594079971313, -1.1720694601535797e-06, 1.3362616300582886e-05, 0.4986535906791687, -0.25566160678863525, 0.2156824916601181, 0.4045446515083313, 5.8710575103759766e-06, -4.038214683532715e-06, 1.5244441032409668, 8.73347744345665e-07, 1.9138678908348083e-06, 1.58807373046875, -4.5579508878290653e-07, 1.9017606973648071e-06, 0.539138913154602, 0.39718449115753174, -0.4572330415248871, -0.07864382117986679, -1.1967495083808899e-06, -3.732740879058838e-06, 0.6107515692710876, 2.2351741790771484e-08, 8.437782526016235e-07, 0.6107378602027893, 0.13632504642009735, 0.009616479277610779, 0.0874556377530098, -8.940696716308594e-08, -5.587935447692871e-08, 0.5533829927444458, -1.430511474609375e-06, 5.900859832763672e-06, 0.9564043879508972, 5.21540641784668e-06, -3.6954879760742188e-06, 0.8709109425544739, -0.13923804461956024, 0.0007457936881110072, 0.11133517324924469, 8.195638656616211e-08, 1.1362135410308838e-07, 0.5475772023200989, -2.421438694000244e-08, -3.1366944313049316e-06, 0.9591914415359497, 1.6316771507263184e-06, 7.076188921928406e-06, 0.8301162123680115, 0.002913273870944977, -0.010365178808569908, 0.42111754417419434, -9.499490261077881e-08, 6.528571248054504e-07, 0.36422231793403625, 0.010769875720143318, -0.40210026502609253, 0.690917432308197, -0.010769631713628769, 0.40209531784057617, 0.21377842128276825, -0.14152133464813232, 0.42261257767677307, -0.3258933126926422, 4.990026354789734e-06, 5.695968866348267e-06, 1.5101157426834106, -8.172355592250824e-07, -3.518536686897278e-06, 1.666259765625, -1.178705133497715e-06, 1.3364478945732117e-05, 0.4986535906791687, -0.2556614279747009, 0.21568243205547333, 0.4045448303222656, 5.9157609939575195e-06, -4.038214683532715e-06, 1.524444341659546, 9.424984455108643e-07, 2.0042061805725098e-06, 1.5880738496780396, -4.4429179979488254e-07, 1.8915161490440369e-06, 0.5391387939453125, 0.39718520641326904, -0.4572336673736572, -0.07864373922348022, -1.1743977665901184e-06, -3.61073762178421e-06, 0.6107506155967712, -6.146728992462158e-08, 5.112960934638977e-07, 0.6107381582260132, 0.136324942111969, 0.009616535156965256, 0.0874553844332695, -5.960464477539063e-08, 5.438923835754395e-07, 0.5533827543258667, -1.2218952178955078e-06, 6.467103958129883e-06, 0.9564051628112793, 5.27501106262207e-06, -3.546476364135742e-06, 0.8709108829498291, -0.13923808932304382, 0.0007462841458618641, 0.11133432388305664, 2.9802322387695312e-08, 5.62518835067749e-07, 0.5475770831108093, 9.313225746154785e-08, -3.1329691410064697e-06, 0.9591907858848572, 1.5087425708770752e-06, 7.24010169506073e-06, 0.8301169276237488, 0.0029132477939128876, -0.010364675894379616, 0.4211162328720093, -1.9278377294540405e-07, 6.095506250858307e-07, 0.3642226755619049, 0.010769931599497795, -0.4020998775959015, 0.6909170150756836, -0.010769624263048172, 0.4020957946777344, 0.21377745270729065, -0.14152121543884277, 0.4226124882698059, -0.325893372297287, 4.967674612998962e-06, 5.6587159633636475e-06, 1.5101159811019897, -9.005889296531677e-07, -3.602355718612671e-06, 1.6662598848342896, -1.1667725630104542e-06, 1.3382639735937119e-05, 0.4986536204814911, -0.2556614279747009, 0.21568232774734497, 0.4045446813106537, 5.930662155151367e-06, -4.157423973083496e-06, 1.5244437456130981, 7.883645594120026e-07, 1.9832514226436615e-06, 1.5880738496780396, -5.273614078760147e-07, 1.94646418094635e-06, 0.5391388535499573, 0.39718538522720337, -0.45723405480384827, -0.07864390313625336, -1.2025702744722366e-06, -3.602355718612671e-06, 0.6107512712478638, -4.190951585769653e-08, 8.586794137954712e-07, 0.6107378602027893, 0.13632497191429138, 0.009616870433092117, 0.08745449781417847, -5.960464477539063e-08, 5.140900611877441e-07, 0.5533828139305115, -1.817941665649414e-06, 6.4373016357421875e-06, 0.9564058780670166, 5.02169132232666e-06, -4.112720489501953e-06, 0.8709104657173157, -0.13923810422420502, 0.0007462117355316877, 0.11133430153131485, -7.450580596923828e-08, 2.682209014892578e-07, 0.5475771427154541, 6.817281246185303e-07, -3.155320882797241e-06, 0.9591916799545288, 1.5012919902801514e-06, 7.377937436103821e-06, 0.8301168084144592, 0.0029132161289453506, -0.010364649817347527, 0.4211161732673645, -2.9848888516426086e-07, 6.57280907034874e-07, 0.3642229735851288, 0.010769886896014214, -0.40209999680519104, 0.690916895866394, -0.010769672691822052, 0.4020956754684448, 0.21377773582935333, -0.14152094721794128, 0.42261290550231934, -0.325893372297287, 5.024485290050507e-06, 5.649402737617493e-06, 1.5101158618927002, -7.60890543460846e-07, -3.5315752029418945e-06, 1.6662592887878418, -1.26299710245803e-06, 1.3372162356972694e-05, 0.4986535906791687, -0.25566089153289795, 0.2156827449798584, 0.40454474091529846, 5.923211574554443e-06, -3.874301910400391e-06, 1.5244441032409668, 1.0207295417785645e-06, 1.911073923110962e-06, 1.5880738496780396, -5.210167728364468e-07, 1.8337741494178772e-06, 0.5391388535499573, 0.39718547463417053, -0.457233190536499, -0.0786437839269638, -1.2238160707056522e-06, -3.6461278796195984e-06, 0.6107510328292847, -3.818422555923462e-08, 6.956979632377625e-07, 0.6107383370399475, 0.13632500171661377, 0.009616538882255554, 0.08745522052049637, 1.4901161193847656e-08, -4.246830940246582e-07, 0.5533828139305115, -1.4007091522216797e-06, 6.616115570068359e-06, 0.9564060568809509, 5.379319190979004e-06, -3.874301910400391e-06, 0.8709108829498291, -0.13923808932304382, 0.0007458459585905075, 0.11133499443531036, 4.470348358154297e-08, 7.078051567077637e-07, 0.5475771427154541, 5.587935447692871e-07, -3.0212104320526123e-06, 0.9591917395591736, 1.434236764907837e-06, 7.018446922302246e-06, 0.8301165103912354, 0.0029132701456546783, -0.010364925488829613, 0.4211162030696869, -1.802109181880951e-07, 6.07222318649292e-07, 0.36422213912010193, 0.010769976302981377, -0.40210041403770447, 0.6909178495407104, -0.010769527405500412, 0.4020950198173523, 0.21377870440483093, -0.1415213644504547, 0.42261266708374023, -0.3258933424949646, 4.997476935386658e-06, 5.6996941566467285e-06, 1.5101158618927002, -8.698552846908569e-07, -3.4570693969726562e-06, 1.666259527206421, -1.1487463780213147e-06, 1.3377750292420387e-05, 0.4986535608768463, -0.25566133856773376, 0.21568258106708527, 0.4045447111129761, 5.982816219329834e-06, -4.0531158447265625e-06, 1.5244444608688354, 1.0095536708831787e-06, 1.862645149230957e-06, 1.5880742073059082, -4.3853651732206345e-07, 1.8887221813201904e-06, 0.539138913154602, 0.397185355424881, -0.45723357796669006, -0.07864385098218918, -1.2256205081939697e-06, -3.6517158150672913e-06, 0.6107512712478638, -1.5832483768463135e-08, 9.825453162193298e-07, 0.6107373833656311, 0.13632497191429138, 0.009616592898964882, 0.08745510131120682, 0.0, 3.6135315895080566e-07, 0.5533829927444458, -1.4901161193847656e-06, 6.616115570068359e-06, 0.9564052820205688, 5.4836273193359375e-06, -4.410743713378906e-06, 0.8709102869033813, -0.1392381191253662, 0.0007459437474608421, 0.1113349050283432, 9.685754776000977e-08, 1.2684613466262817e-06, 0.5475772023200989, 4.470348358154297e-07, -3.337860107421875e-06, 0.9591913819313049, 1.341104507446289e-06, 6.925314664840698e-06, 0.8301160931587219, 0.0029132403433322906, -0.010364798828959465, 0.42111629247665405, -2.2118911147117615e-07, 4.973262548446655e-07, 0.3642221987247467, 0.010769838467240334, -0.4021003246307373, 0.6909171938896179, -0.010769752785563469, 0.4020955562591553, 0.21377745270729065, -0.14152169227600098, 0.42261263728141785, -0.3258933126926422, 5.0175003707408905e-06, 5.67873939871788e-06, 1.5101158618927002, -7.189810276031494e-07, -3.4347176551818848e-06, 1.666259527206421, -1.2603122740983963e-06, 1.3331882655620575e-05, 0.4986536502838135, -0.25566166639328003, 0.2156824767589569, 0.4045446813106537, 5.97536563873291e-06, -4.06801700592041e-06, 1.5244446992874146, 1.0542571544647217e-06, 2.0116567611694336e-06, 1.588073968887329, -5.111214704811573e-07, 1.887790858745575e-06, 0.5391388535499573, 0.39718520641326904, -0.45723408460617065, -0.07864388078451157, -1.2193340808153152e-06, -3.6442652344703674e-06, 0.6107509136199951, -8.381903171539307e-09, 6.230548024177551e-07, 0.6107380986213684, 0.13632497191429138, 0.009616546332836151, 0.08745560795068741, -2.9802322387695312e-08, 3.3248215913772583e-07, 0.5533829927444458, -1.1920928955078125e-06, 6.0498714447021484e-06, 0.9564051628112793, 5.200505256652832e-06, -3.993511199951172e-06, 0.8709105253219604, -0.1392381191253662, 0.0007459241896867752, 0.11133509874343872, 1.2665987014770508e-07, 1.7266720533370972e-06, 0.5475772023200989, 4.917383193969727e-07, -3.1739473342895508e-06, 0.9591911435127258, 1.6242265701293945e-06, 7.137656211853027e-06, 0.8301170468330383, 0.0029132403433322906, -0.010364800691604614, 0.4211161434650421, -1.8347054719924927e-07, 6.384216248989105e-07, 0.36422255635261536, 0.010769978165626526, -0.40210020542144775, 0.6909167766571045, -0.010769637301564217, 0.40209537744522095, 0.21377769112586975, -0.14152131974697113, 0.42261239886283875, -0.3258933126926422, 4.86103817820549e-06, 5.688285455107689e-06, 1.5101158618927002, -7.37607479095459e-07, -3.471970558166504e-06, 1.6662594079971313, -1.2478558346629143e-06, 1.3394281268119812e-05, 0.4986535608768463, -0.25566112995147705, 0.21568207442760468, 0.4045447111129761, 5.848705768585205e-06, -4.0531158447265625e-06, 1.5244439840316772, 9.201467037200928e-07, 1.9222497940063477e-06, 1.5880742073059082, -4.0643499232828617e-07, 1.8832506611943245e-06, 0.5391388535499573, 0.39718499779701233, -0.45723339915275574, -0.07864376157522202, -1.2458767741918564e-06, -3.6386772990226746e-06, 0.6107515692710876, -1.955777406692505e-08, 7.525086402893066e-07, 0.6107382774353027, 0.13632498681545258, 0.009616540744900703, 0.08745579421520233, -1.1920928955078125e-07, 4.2514875531196594e-07, 0.5533828139305115, -1.5497207641601562e-06, 6.4373016357421875e-06, 0.956405520439148, 5.066394805908203e-06, -4.291534423828125e-06, 0.8709105253219604, -0.13923808932304382, 0.0007459810003638268, 0.1113351508975029, 7.450580596923828e-08, 1.5529803931713104e-06, 0.547577440738678, 8.791685104370117e-07, -3.1366944313049316e-06, 0.9591911435127258, 1.3709068298339844e-06, 7.294118404388428e-06, 0.8301160335540771, 0.002913249656558037, -0.010364843532443047, 0.4211167097091675, -2.0652078092098236e-07, 5.261972546577454e-07, 0.3642217218875885, 0.010770073160529137, -0.40210044384002686, 0.6909183859825134, -0.010769622400403023, 0.4020954370498657, 0.2137785255908966, -0.14152111113071442, 0.4226122200489044, -0.3258932828903198, 4.9388036131858826e-06, 5.645677447319031e-06, 1.5101155042648315, -9.387731552124023e-07, -3.4123659133911133e-06, 1.666259527206421, -1.17794843390584e-06, 1.3347715139389038e-05, 0.49865373969078064, -0.2556612491607666, 0.2156820446252823, 0.40454474091529846, 5.8300793170928955e-06, -3.993511199951172e-06, 1.5244444608688354, 8.67992639541626e-07, 1.996755599975586e-06, 1.58807373046875, -4.121684469282627e-07, 1.8831342458724976e-06, 0.539138913154602, 0.39718499779701233, -0.4572336971759796, -0.07864375412464142, -1.2239906936883926e-06, -3.643333911895752e-06, 0.6107509136199951, -1.0244548320770264e-08, 7.441267371177673e-07, 0.6107378005981445, 0.13632500171661377, 0.009616438299417496, 0.0874556303024292, -5.960464477539063e-08, -3.1385570764541626e-07, 0.5533828139305115, -1.5795230865478516e-06, 6.467103958129883e-06, 0.9564055800437927, 5.0067901611328125e-06, -4.410743713378906e-06, 0.8709102869033813, -0.13923808932304382, 0.0007459204643964767, 0.11133510619401932, 4.470348358154297e-08, 2.0829029381275177e-06, 0.5475773215293884, 4.470348358154297e-08, -3.0472874641418457e-06, 0.9591913819313049, 1.3560056686401367e-06, 7.048249244689941e-06, 0.830117404460907, 0.002913263626396656, -0.010364821180701256, 0.42111650109291077, -2.323649823665619e-07, 5.895271897315979e-07, 0.36422160267829895, 0.010770069435238838, -0.40210047364234924, 0.6909184455871582, -0.010769443586468697, 0.402095228433609, 0.21377931535243988, -0.1415214091539383, 0.42261287569999695, -0.3258932828903198, 4.909001290798187e-06, 5.669891834259033e-06, 1.5101158618927002, -8.791685104370117e-07, -3.546476364135742e-06, 1.666259527206421, -1.0810326784849167e-06, 1.3418495655059814e-05, 0.49865347146987915, -0.25566139817237854, 0.21568256616592407, 0.40454474091529846, 5.811452865600586e-06, -4.023313522338867e-06, 1.5244441032409668, 9.797513484954834e-07, 1.9371509552001953e-06, 1.588073968887329, -4.5797787606716156e-07, 1.8998980522155762e-06, 0.5391388535499573, 0.3971847593784332, -0.4572333097457886, -0.0786437913775444, -1.2375967344269156e-06, -3.6279670894145966e-06, 0.6107518076896667, -4.6566128730773926e-09, 8.111819624900818e-07, 0.6107375621795654, 0.13632500171661377, 0.009616293013095856, 0.08745570480823517, -1.1920928955078125e-07, 1.3709068298339844e-06, 0.5533828735351562, -1.1771917343139648e-06, 6.109476089477539e-06, 0.9564046859741211, 5.491077899932861e-06, -3.6954879760742188e-06, 0.87091064453125, -0.13923808932304382, 0.0007458524778485298, 0.11133485287427902, -1.1175870895385742e-08, 1.2968666851520538e-06, 0.5475770831108093, 4.470348358154297e-07, -3.1515955924987793e-06, 0.9591915011405945, 1.5050172805786133e-06, 7.2196125984191895e-06, 0.8301169872283936, 0.002913280390202999, -0.010364937596023083, 0.42111659049987793, -1.7601996660232544e-07, 7.043126970529556e-07, 0.36422187089920044, 0.010770149528980255, -0.40210044384002686, 0.6909185647964478, -0.01076928898692131, 0.40209507942199707, 0.21377933025360107, -0.14152099192142487, 0.42261287569999695, -0.3258933424949646, 4.841014742851257e-06, 5.640089511871338e-06, 1.510115623474121, -8.344650268554688e-07, -3.5762786865234375e-06, 1.666259765625, -1.0551884770393372e-06, 1.3306736946105957e-05, 0.4986535906791687, -0.2556608319282532, 0.21568265557289124, 0.40454474091529846, 5.953013896942139e-06, -4.064291715621948e-06, 1.5244444608688354, 9.685754776000977e-07, 1.996755599975586e-06, 1.588073968887329, -4.3259933590888977e-07, 1.8998980522155762e-06, 0.5391388535499573, 0.3971858024597168, -0.4572336673736572, -0.07864383608102798, -1.2193340808153152e-06, -3.6186538636684418e-06, 0.6107510924339294, 2.7939677238464355e-08, 7.646158337593079e-07, 0.61073899269104, 0.1363249570131302, 0.009616302326321602, 0.08745567500591278, 1.4901161193847656e-08, 7.431954145431519e-07, 0.553382933139801, -1.5348196029663086e-06, 6.258487701416016e-06, 0.9564058184623718, 5.3942203521728516e-06, -3.725290298461914e-06, 0.8709108233451843, -0.139238178730011, 0.0007459456101059914, 0.11133459210395813, 4.842877388000488e-08, 2.1047890186309814e-07, 0.5475772619247437, 6.258487701416016e-07, -3.255903720855713e-06, 0.9591925144195557, 1.3560056686401367e-06, 7.249414920806885e-06, 0.8301163911819458, 0.0029132179915905, -0.010364900343120098, 0.42111632227897644, -2.3283064365386963e-07, 2.9383227229118347e-07, 0.3642220199108124, 0.010769699700176716, -0.4021000266075134, 0.6909171938896179, -0.010769769549369812, 0.4020954370498657, 0.21377810835838318, -0.1415216326713562, 0.4226129949092865, -0.3258933424949646, 4.928559064865112e-06, 5.662441253662109e-06, 1.5101155042648315, -7.599592208862305e-07, -3.4123659133911133e-06, 1.6662596464157104, -1.214444637298584e-06, 1.3247132301330566e-05, 0.4986535906791687, -0.2556614875793457, 0.21568253636360168, 0.4045446813106537, 5.76535239815712e-06, -4.025176167488098e-06, 1.5244439840316772, 9.015202522277832e-07, 2.0265579223632812e-06, 1.5880743265151978, -5.17931766808033e-07, 1.8998980522155762e-06, 0.5391388535499573, 0.39718493819236755, -0.4572335481643677, -0.07864385098218918, -1.2419186532497406e-06, -3.5818666219711304e-06, 0.6107501983642578, -3.585591912269592e-08, 8.874339982867241e-07, 0.6107375025749207, 0.13632501661777496, 0.009616357274353504, 0.08745595067739487, 0.0, 8.530914783477783e-07, 0.553382933139801, -1.2665987014770508e-06, 6.496906280517578e-06, 0.9564052224159241, 5.111098289489746e-06, -3.933906555175781e-06, 0.87091064453125, -0.13923808932304382, 0.0007458953186869621, 0.11133497208356857, 5.21540641784668e-08, 1.3494864106178284e-06, 0.5475773811340332, 4.172325134277344e-07, -3.0994415283203125e-06, 0.9591915011405945, 1.1622905731201172e-06, 7.100403308868408e-06, 0.8301156759262085, 0.0029132477939128876, -0.010364949703216553, 0.4211161732673645, -2.4959444999694824e-07, 2.3096799850463867e-07, 0.3642226755619049, 0.010770008899271488, -0.4021002948284149, 0.6909169554710388, -0.01076950877904892, 0.402095228433609, 0.2137785255908966, -0.14152120053768158, 0.4226126968860626, -0.3258934020996094, 4.902482032775879e-06, 5.640089511871338e-06, 1.5101157426834106, -7.599592208862305e-07, -3.293156623840332e-06, 1.666259527206421, -1.1324882507324219e-06, 1.33514404296875e-05, 0.4986535906791687, -0.25566112995147705, 0.2156822681427002, 0.4045446813106537, 5.852431058883667e-06, -4.032161086797714e-06, 1.524444341659546, 9.5367431640625e-07, 1.9669532775878906e-06, 1.588073968887329, -3.580935299396515e-07, 1.911073923110962e-06, 0.539138913154602, 0.39718562364578247, -0.45723414421081543, -0.07864397764205933, -1.2274831533432007e-06, -3.652181476354599e-06, 0.610751211643219, 1.1030351743102074e-08, 8.023780537769198e-07, 0.6107372641563416, 0.13632498681545258, 0.009616506285965443, 0.08745460957288742, -1.4901161193847656e-08, 6.183981895446777e-07, 0.553382933139801, -9.98377799987793e-07, 6.3478946685791016e-06, 0.9564054608345032, 5.245208740234375e-06, -3.993511199951172e-06, 0.8709110617637634, -0.13923808932304382, 0.0007459651678800583, 0.11133432388305664, 5.960464477539063e-08, 7.916241884231567e-07, 0.5475772023200989, 3.725290298461914e-07, -3.4049153327941895e-06, 0.9591904878616333, 1.4901161193847656e-06, 7.338821887969971e-06, 0.8301170468330383, 0.002913285046815872, -0.010364780202507973, 0.4211157262325287, -4.284083843231201e-08, 9.443610906600952e-07, 0.3642226457595825, 0.010769810527563095, -0.4021000862121582, 0.6909178495407104, -0.010769650340080261, 0.4020954370498657, 0.21377889811992645, -0.14152106642723083, 0.4226128160953522, -0.3258934020996094, 4.92483377456665e-06, 5.621463060379028e-06, 1.510115385055542, -7.897615432739258e-07, -3.56137752532959e-06, 1.6662592887878418, -1.2367963790893555e-06, 1.3321638107299805e-05, 0.4986535310745239, -0.25566110014915466, 0.2156827449798584, 0.4045446217060089, 5.707144737243652e-06, -4.092231392860413e-06, 1.5244439840316772, 1.125037670135498e-06, 1.9818544387817383e-06, 1.588073968887329, -3.8673169910907745e-07, 1.9259750843048096e-06, 0.5391389727592468, 0.39718538522720337, -0.4572335183620453, -0.07864385843276978, -1.225154846906662e-06, -3.566499799489975e-06, 0.6107500195503235, -2.514570951461792e-08, 9.428476914763451e-07, 0.6107373833656311, 0.13632497191429138, 0.009616323746740818, 0.08745521306991577, -1.341104507446289e-07, 8.605420589447021e-07, 0.5533828735351562, -1.5273690223693848e-06, 6.407499313354492e-06, 0.9564059376716614, 5.4836273193359375e-06, -3.978610038757324e-06, 0.8709098100662231, -0.13923805952072144, 0.0007456503808498383, 0.11133529245853424, 1.0803341865539551e-07, 1.646578311920166e-06, 0.5475775003433228, -7.450580596923828e-09, -3.121793270111084e-06, 0.959190845489502, 1.4603137969970703e-06, 7.316470146179199e-06, 0.8301166296005249, 0.0029132328927516937, -0.010364968329668045, 0.42111602425575256, -1.2665987014770508e-07, 3.641471266746521e-07, 0.364223450422287, 0.010770140215754509, -0.4021003544330597, 0.6909169554710388, -0.010769486427307129, 0.4020952880382538, 0.21377786993980408, -0.14152103662490845, 0.42261266708374023, -0.3258933424949646, 5.0067901611328125e-06, 5.669891834259033e-06, 1.5101161003112793, -6.332993507385254e-07, -3.546476364135742e-06, 1.666259527206421, -1.1958181858062744e-06, 1.33514404296875e-05, 0.49865368008613586, -0.25566110014915466, 0.2156824767589569, 0.40454474091529846, 6.0051679611206055e-06, -4.0084123611450195e-06, 1.524444341659546, 1.0058283805847168e-06, 1.996755599975586e-06, 1.588073968887329, -4.5052729547023773e-07, 1.8365681171417236e-06, 0.5391388535499573, 0.39718547463417053, -0.4572340250015259, -0.07864384353160858, -1.239590346813202e-06, -3.4887343645095825e-06, 0.6107509136199951, -5.960464477539063e-08, 9.576324373483658e-07, 0.6107370853424072, 0.1363249570131302, 0.009616360068321228, 0.08745525032281876, 4.470348358154297e-08, 5.029141902923584e-07, 0.553382933139801, -1.5050172805786133e-06, 6.3478946685791016e-06, 0.9564053416252136, 5.850568413734436e-06, -3.829598426818848e-06, 0.8709104657173157, -0.13923808932304382, 0.0007459195330739021, 0.11133484542369843, 9.12696123123169e-08, 1.2889504432678223e-06, 0.5475775003433228, -1.4901161193847656e-08, -3.1329691410064697e-06, 0.9591904282569885, 1.1622905731201172e-06, 7.167458534240723e-06, 0.8301168084144592, 0.002913272939622402, -0.010365116409957409, 0.42111676931381226, -4.0046870708465576e-07, 2.0023435354232788e-07, 0.3642219305038452, 0.01077001728117466, -0.40210023522377014, 0.6909176111221313, -0.010769590735435486, 0.40209534764289856, 0.21377846598625183, -0.14152124524116516, 0.4226129353046417, -0.3258932828903198, 4.887580871582031e-06, 5.5693089962005615e-06, 1.510115623474121, -7.860362529754639e-07, -3.4570693969726562e-06, 1.666259527206421, -1.0952353477478027e-06, 1.3306736946105957e-05, 0.4986535608768463, -0.25566139817237854, 0.21568258106708527, 0.40454474091529846, 5.982816219329834e-06, -3.993511199951172e-06, 1.5244442224502563, 1.0952353477478027e-06, 2.0116567611694336e-06, 1.588073968887329, -4.440080374479294e-07, 1.8775463104248047e-06, 0.5391387939453125, 0.39718496799468994, -0.45723336935043335, -0.07864376157522202, -1.2237578630447388e-06, -3.6405399441719055e-06, 0.6107513904571533, -4.0978193283081055e-08, 9.527429938316345e-07, 0.610737144947052, 0.1363249570131302, 0.009616183117032051, 0.08745574951171875, 5.960464477539063e-08, 1.862645149230957e-07, 0.5533828735351562, -1.7136335372924805e-06, 6.362795829772949e-06, 0.9564054012298584, 5.152076482772827e-06, -4.000961780548096e-06, 0.8709108233451843, -0.13923810422420502, 0.0007456489838659763, 0.11133474111557007, -7.636845111846924e-08, 5.662441253662109e-07, 0.5475769639015198, 2.8312206268310547e-07, -3.0547380447387695e-06, 0.959190845489502, 1.4901161193847656e-06, 7.137656211853027e-06, 0.8301169872283936, 0.0029132477939128876, -0.010364986956119537, 0.4211161732673645, -1.5832483768463135e-07, 2.537854015827179e-07, 0.36422204971313477, 0.010769598186016083, -0.4020998775959015, 0.6909170150756836, -0.010769873857498169, 0.4020956754684448, 0.21377867460250854, -0.141521155834198, 0.42261242866516113, -0.3258933126926422, 5.02169132232666e-06, 5.7220458984375e-06, 1.5101158618927002, -7.208436727523804e-07, -3.5390257835388184e-06, 1.666259527206421, -1.0812655091285706e-06, 1.3321638107299805e-05, 0.4986535310745239, -0.2556611895561218, 0.21568208932876587, 0.4045445919036865, 5.811452865600586e-06, -4.0531158447265625e-06, 1.5244442224502563, 1.0132789611816406e-06, 1.8477439880371094e-06, 1.5880742073059082, -4.400499165058136e-07, 1.9371509552001953e-06, 0.5391387343406677, 0.39718520641326904, -0.457233726978302, -0.07864383608102798, -1.218169927597046e-06, -3.632158041000366e-06, 0.6107513308525085, 0.0, 8.44709575176239e-07, 0.6107380986213684, 0.1363249570131302, 0.009616689756512642, 0.08745474368333817, 7.450580596923828e-08, 6.114132702350616e-07, 0.5533827543258667, -1.30385160446167e-06, 6.2659382820129395e-06, 0.9564054012298584, 4.887580871582031e-06, -4.0531158447265625e-06, 0.8709110021591187, -0.13923808932304382, 0.000746206846088171, 0.11133372783660889, -1.5832483768463135e-07, 9.834766387939453e-07, 0.5475773215293884, 7.35744833946228e-07, -3.2354146242141724e-06, 0.9591913819313049, 8.642673492431641e-07, 6.943941116333008e-06, 0.8301161527633667, 0.0029132291674613953, -0.010364946909248829, 0.4211159348487854, -1.4156103134155273e-07, 8.419156074523926e-07, 0.36422300338745117, 0.010770201683044434, -0.4021003246307373, 0.6909174919128418, -0.01076948270201683, 0.40209540724754333, 0.2137783020734787, -0.14152108132839203, 0.42261284589767456, -0.325893372297287, 4.932284355163574e-06, 5.6438148021698e-06, 1.510115623474121, -8.139759302139282e-07, -3.4123659133911133e-06, 1.6662594079971313, -1.1812662705779076e-06, 1.3306736946105957e-05, 0.4986536204814911, -0.25566115975379944, 0.21568229794502258, 0.4045446813106537, 5.990266799926758e-06, -4.06801700592041e-06, 1.5244441032409668, 1.0132789611816406e-06, 1.7583370208740234e-06, 1.5880740880966187, -5.923211574554443e-07, 1.8253922462463379e-06, 0.5391388535499573, 0.39718514680862427, -0.4572334587574005, -0.0786438137292862, -1.3485550880432129e-06, -3.818422555923462e-06, 0.6107516288757324, 7.450580596923828e-09, 7.692724466323853e-07, 0.6107380986213684, 0.1363249123096466, 0.009616624563932419, 0.08745467662811279, -1.7881393432617188e-07, 1.0952353477478027e-06, 0.5533830523490906, -8.866190910339355e-07, 6.496906280517578e-06, 0.9564048051834106, 4.880130290985107e-06, -4.2244791984558105e-06, 0.8709109425544739, -0.13923810422420502, 0.0007462692447006702, 0.11133432388305664, 1.4156103134155273e-07, 1.1399388313293457e-06, 0.5475772023200989, 4.1141174733638763e-07, -3.2444950193166733e-06, 0.9591912031173706, 1.430511474609375e-06, 7.18235969543457e-06, 0.8301165699958801, 0.002913139760494232, -0.010365026071667671, 0.4211162328720093, -1.9371509552001953e-07, 6.221234798431396e-07, 0.36422234773635864, 0.010769940912723541, -0.4020999073982239, 0.6909165978431702, -0.01076958142220974, 0.4020954668521881, 0.2137783020734787, -0.14152118563652039, 0.42261287569999695, -0.3258932828903198, 4.954636096954346e-06, 5.579553544521332e-06, 1.5101157426834106, -8.335337042808533e-07, -3.553926944732666e-06, 1.666259765625, -1.1031515896320343e-06, 1.3373792171478271e-05, 0.4986535906791687, -0.2556612491607666, 0.21568253636360168, 0.4045446813106537, 5.900859832763672e-06, -4.038214683532715e-06, 1.5244442224502563, 9.387731552124023e-07, 1.996755599975586e-06, 1.5880740880966187, -4.316680133342743e-07, 1.8924474716186523e-06, 0.5391390323638916, 0.39718517661094666, -0.4572332501411438, -0.0786438062787056, -1.1436641216278076e-06, -3.505498170852661e-06, 0.6107507944107056, -1.341104507446289e-07, 5.513429641723633e-07, 0.6107378602027893, 0.13632506132125854, 0.009617041796445847, 0.08745492994785309, -1.4901161193847656e-07, 2.980232238769531e-07, 0.5533828139305115, -1.0058283805847168e-06, 6.407499313354492e-06, 0.9564047455787659, 5.0514936447143555e-06, -3.7997961044311523e-06, 0.8709104061126709, -0.13923799991607666, 0.0007464857771992683, 0.11133497208356857, 1.862645149230957e-07, 5.178153514862061e-07, 0.5475772619247437, 9.927898645401e-07, -3.1711533665657043e-06, 0.9591917395591736, 1.043081283569336e-06, 6.899237632751465e-06, 0.8301165103912354, 0.0029133781790733337, -0.010364212095737457, 0.4211161732673645, -2.0116567611694336e-07, 4.246830940246582e-07, 0.3642222285270691, 0.010769978165626526, -0.40210050344467163, 0.6909180283546448, -0.010769717395305634, 0.40209513902664185, 0.21377874910831451, -0.14152103662490845, 0.4226129651069641, -0.32589325308799744, 4.950910806655884e-06, 5.6657008826732635e-06, 1.5101152658462524, -7.038470357656479e-07, -3.505498170852661e-06, 1.666259527206421, -1.166015863418579e-06, 1.3314187526702881e-05, 0.4986535906791687, -0.2556610703468323, 0.2156824767589569, 0.4045446515083313, 5.893409252166748e-06, -4.02890145778656e-06, 1.5244442224502563, 8.344650268554688e-07, 1.9073486328125e-06, 1.5880742073059082, -4.917383193969727e-07, 1.7881393432617188e-06, 0.5391387343406677, 0.3971851170063019, -0.4572330713272095, -0.0786437913775444, -1.3485550880432129e-06, -3.7588179111480713e-06, 0.6107515692710876, -4.470348358154297e-08, 7.450580596923828e-07, 0.6107375025749207, 0.136324942111969, 0.00961652398109436, 0.08745487779378891, -1.7881393432617188e-07, 1.341104507446289e-07, 0.5533827543258667, -1.1622905731201172e-06, 6.4820051193237305e-06, 0.9564052820205688, 4.898756742477417e-06, -4.187226295471191e-06, 0.8709113001823425, -0.13923802971839905, 0.0007461803033947945, 0.1113344058394432, -3.632158041000366e-08, 5.066394805908203e-07, 0.5475772023200989, 1.253560185432434e-06, -3.3695250749588013e-06, 0.9591917991638184, 1.1622905731201172e-06, 7.227063179016113e-06, 0.830116331577301, 0.0029131919145584106, -0.010364804416894913, 0.42111635208129883, -2.086162567138672e-07, 6.277114152908325e-07, 0.3642224073410034, 0.010770097374916077, -0.402100533246994, 0.6909168362617493, -0.010769538581371307, 0.4020950198173523, 0.21377818286418915, -0.14152109622955322, 0.4226128160953522, -0.325893372297287, 4.947185516357422e-06, 5.655921995639801e-06, 1.5101157426834106, -7.413327693939209e-07, -3.4794211387634277e-06, 1.6662594079971313, -1.2121163308620453e-06, 1.329183578491211e-05, 0.4986535906791687, -0.2556610405445099, 0.2156822383403778, 0.4045447111129761, 6.030313670635223e-06, -4.034489393234253e-06, 1.5244441032409668, 8.642673492431641e-07, 2.205371856689453e-06, 1.5880742073059082, -6.258487701416016e-07, 2.1457672119140625e-06, 0.5391387939453125, 0.39718538522720337, -0.45723363757133484, -0.07864385843276978, -9.909272193908691e-07, -3.1851232051849365e-06, 0.610750138759613, -8.195638656616211e-08, 5.327165126800537e-07, 0.6107383370399475, 0.13632500171661377, 0.009616494178771973, 0.08745570480823517, 5.662441253662109e-07, 8.344650268554688e-07, 0.5533829927444458, -1.5981495380401611e-06, 6.258487701416016e-06, 0.9564054608345032, 5.819834768772125e-06, -3.732740879058838e-06, 0.8709104061126709, -0.1392378956079483, 0.0007460974156856537, 0.11133503168821335, 2.0489096641540527e-08, 9.778887033462524e-08, 0.5475772023200989, 5.62518835067749e-07, -3.2708048820495605e-06, 0.9591917395591736, 2.682209014892578e-07, 7.070135325193405e-06, 0.8301157355308533, 0.002913355827331543, -0.010364748537540436, 0.42111659049987793, -3.2782554626464844e-07, 6.221234798431396e-07, 0.36422231793403625, 0.010769873857498169, -0.4021003246307373, 0.690917432308197, -0.010769709944725037, 0.4020955562591553, 0.2137783169746399, -0.141521155834198, 0.42261308431625366, -0.32589343190193176, 5.017966032028198e-06, 5.66430389881134e-06, 1.5101155042648315, -8.009374141693115e-07, -3.4868717193603516e-06, 1.666259765625, -1.008855178952217e-06, 1.32732093334198e-05, 0.4986535608768463, -0.255661278963089, 0.21568290889263153, 0.4045447111129761, 5.912035703659058e-06, -4.0531158447265625e-06, 1.5244441032409668, 7.450580596923828e-07, 1.9371509552001953e-06, 1.5880740880966187, -4.246830940246582e-07, 1.8887221813201904e-06, 0.5391387939453125, 0.3971850574016571, -0.4572330415248871, -0.07864385843276978, -1.0728836059570312e-06, -3.505498170852661e-06, 0.6107507348060608, -5.21540641784668e-08, 8.642673492431641e-07, 0.6107382774353027, 0.1363248974084854, 0.009616397321224213, 0.08745463192462921, 5.364418029785156e-07, 1.6391277313232422e-07, 0.5533827543258667, -1.0952353477478027e-06, 6.4373016357421875e-06, 0.9564049243927002, 5.110166966915131e-06, -4.14624810218811e-06, 0.8709108233451843, -0.13923808932304382, 0.000745914876461029, 0.1113341674208641, 3.8743019104003906e-07, 4.186294972896576e-07, 0.5475773215293884, 2.086162567138672e-07, -3.293156623840332e-06, 0.9591912031173706, 9.5367431640625e-07, 7.197260856628418e-06, 0.8301161527633667, 0.002913050353527069, -0.010365325957536697, 0.4211162030696869, -1.0943040251731873e-07, 7.599592208862305e-07, 0.36422258615493774, 0.010770007967948914, -0.40210047364234924, 0.6909182667732239, -0.010769590735435486, 0.4020949602127075, 0.2137790322303772, -0.14152133464813232, 0.422612726688385, -0.3258934020996094, 4.976987838745117e-06, 5.692243576049805e-06, 1.5101158618927002, -7.227063179016113e-07, -3.4421682357788086e-06, 1.666259527206421, -1.0485528036952019e-06, 1.3314187526702881e-05, 0.4986535906791687, -0.2556613087654114, 0.21568232774734497, 0.4045446515083313, 5.912035703659058e-06, -4.0531158447265625e-06, 1.5244442224502563, 9.5367431640625e-07, 2.115964889526367e-06, 1.5880740880966187, -4.76837158203125e-07, 1.862645149230957e-06, 0.5391387939453125, 0.3971850872039795, -0.4572334885597229, -0.07864386588335037, -1.3522803783416748e-06, -4.030764102935791e-06, 0.6107518672943115, -1.3783574104309082e-07, 5.811452865600586e-07, 0.610737681388855, 0.13632488250732422, 0.009616740047931671, 0.0874546617269516, 2.9802322387695312e-08, -1.4901161193847656e-07, 0.5533828139305115, -1.341104507446289e-06, 6.377696990966797e-06, 0.9564048647880554, 5.610287189483643e-06, -3.866851329803467e-06, 0.8709104657173157, -0.13923819363117218, 0.0007459092885255814, 0.111334890127182, 6.51925802230835e-07, 1.5208497643470764e-06, 0.5475773215293884, 6.668269634246826e-07, -3.2186508178710938e-06, 0.9591914415359497, 5.066394805908203e-07, 7.405877113342285e-06, 0.8301160931587219, 0.002913251519203186, -0.010364577174186707, 0.4211156964302063, 2.9802322387695312e-08, 8.046627044677734e-07, 0.3642215132713318, 0.01077000517398119, -0.402100145816803, 0.6909178495407104, -0.01076964195817709, 0.4020954668521881, 0.21377843618392944, -0.141521155834198, 0.4226132333278656, -0.325893372297287, 4.947185516357422e-06, 5.7220458984375e-06, 1.5101152658462524, -7.860362529754639e-07, -3.3974647521972656e-06, 1.666259527206421, -1.07093364931643e-06, 1.3271346688270569e-05, 0.4986535906791687, -0.2556612193584442, 0.2156827449798584, 0.4045446217060089, 5.826354026794434e-06, -4.079192876815796e-06, 1.5244439840316772, 1.043081283569336e-06, 1.9222497940063477e-06, 1.5880738496780396, -5.21540641784668e-07, 1.8402934074401855e-06, 0.5391388535499573, 0.39718517661094666, -0.45723310112953186, -0.07864384353160858, -1.2293457984924316e-06, -3.6098062992095947e-06, 0.6107514500617981, -8.195638656616211e-08, 1.564621925354004e-07, 0.6107378005981445, 0.1363251507282257, 0.009616881608963013, 0.08745521306991577, -2.086162567138672e-07, 1.4901161193847656e-07, 0.5533829927444458, -1.1920928955078125e-06, 6.3478946685791016e-06, 0.956404983997345, 5.014240741729736e-06, -3.859400749206543e-06, 0.8709102272987366, -0.13923798501491547, 0.0007459241896867752, 0.11133520305156708, 3.0919909477233887e-07, 1.3527460396289825e-06, 0.5475773215293884, -2.7567148208618164e-07, -2.8014183044433594e-06, 0.9591909646987915, 1.341104507446289e-06, 6.92903995513916e-06, 0.8301163911819458, 0.002913292497396469, -0.010364849120378494, 0.42111679911613464, -2.9802322387695312e-08, 7.855705916881561e-07, 0.3642220199108124, 0.010769971646368504, -0.4021003544330597, 0.6909182071685791, -0.010769683867692947, 0.40209537744522095, 0.21377898752689362, -0.14152108132839203, 0.4226125478744507, -0.3258933424949646, 4.854053258895874e-06, 5.647540092468262e-06, 1.5101155042648315, -6.780028343200684e-07, -3.337860107421875e-06, 1.6662594079971313, -1.063512172549963e-06, 1.3328157365322113e-05, 0.4986535310745239, -0.2556612491607666, 0.21568208932876587, 0.4045446515083313, 5.930662155151367e-06, -4.075467586517334e-06, 1.524444341659546, 9.238719940185547e-07, 2.115964889526367e-06, 1.5880742073059082, -3.8743019104003906e-07, 1.862645149230957e-06, 0.5391387939453125, 0.3971852958202362, -0.45723405480384827, -0.07864389568567276, -1.1790543794631958e-06, -3.5725533962249756e-06, 0.6107507348060608, -1.862645149230957e-07, 5.066394805908203e-07, 0.6107380986213684, 0.13632510602474213, 0.009616654366254807, 0.08745421469211578, -2.9802322387695312e-08, -3.2782554626464844e-07, 0.5533828735351562, -1.4007091522216797e-06, 6.496906280517578e-06, 0.956404983997345, 5.558133125305176e-06, -3.933906555175781e-06, 0.870911180973053, -0.1392378956079483, 0.0007459856569766998, 0.11133383214473724, -3.3527612686157227e-07, 3.012828528881073e-07, 0.5475771427154541, 8.270144462585449e-07, -3.2782554626464844e-06, 0.9591912031173706, 1.0207295417785645e-06, 7.197260856628418e-06, 0.8301166892051697, 0.0029133204370737076, -0.010365020483732224, 0.4211156368255615, -2.2351741790771484e-07, 4.0978193283081055e-07, 0.3642229437828064, 0.010770037770271301, -0.40209996700286865, 0.6909177303314209, -0.010769639164209366, 0.40209582448005676, 0.2137785404920578, -0.14152081310749054, 0.42261284589767456, -0.32589343190193176, 4.916451871395111e-06, 5.688518285751343e-06, 1.510115385055542, -7.189810276031494e-07, -3.3527612686157227e-06, 1.6662592887878418, -1.10710971057415e-06, 1.3310462236404419e-05, 0.4986535608768463, -0.2556610703468323, 0.21568280458450317, 0.4045446515083313, 5.900859832763672e-06, -3.889203071594238e-06, 1.5244444608688354, 9.834766387939453e-07, 1.8775463104248047e-06, 1.588073968887329, -5.126930773258209e-07, 1.9669532775878906e-06, 0.539138913154602, 0.39718523621559143, -0.45723310112953186, -0.07864388823509216, -1.1958181858062744e-06, -3.904104232788086e-06, 0.6107511520385742, -1.1920928955078125e-07, 5.960464477539062e-07, 0.610738217830658, 0.13632501661777496, 0.009617075324058533, 0.08745454996824265, -1.4901161193847656e-07, -2.086162567138672e-07, 0.553382933139801, -1.4603137969970703e-06, 6.327405571937561e-06, 0.9564053416252136, 5.0961971282958984e-06, -3.904104232788086e-06, 0.8709110617637634, -0.13923820853233337, 0.0007455870509147644, 0.11133535951375961, 7.525086402893066e-07, 1.0904623195528984e-06, 0.5475772619247437, 6.910413503646851e-07, -3.2186508178710938e-06, 0.9591914415359497, 1.1175870895385742e-06, 6.92903995513916e-06, 0.8301166296005249, 0.0029132477939128876, -0.010364677757024765, 0.4211159944534302, -8.940696716308594e-08, 8.996576070785522e-07, 0.3642224967479706, 0.010770007967948914, -0.40210074186325073, 0.6909177899360657, -0.010769635438919067, 0.4020950198173523, 0.2137787640094757, -0.14152111113071442, 0.4226128160953522, -0.3258934020996094, 4.9620866775512695e-06, 5.543231964111328e-06, 1.5101157426834106, -7.450580596923828e-07, -3.4421682357788086e-06, 1.6662596464157104, -1.1853990145027637e-06, 1.3189390301704407e-05, 0.4986536502838135, -0.25566115975379944, 0.2156822681427002, 0.4045445919036865, 5.863606929779053e-06, -3.978610038757324e-06, 1.5244441032409668, 9.071081876754761e-07, 2.0712614059448242e-06, 1.588073968887329, -4.470348358154297e-07, 1.8551945686340332e-06, 0.5391387939453125, 0.39718523621559143, -0.4572333097457886, -0.07864388823509216, -1.3066455721855164e-06, -3.632158041000366e-06, 0.6107512712478638, -5.960464477539063e-08, 7.431954145431519e-07, 0.610738217830658, 0.13632485270500183, 0.00961623340845108, 0.08745492994785309, -1.1920928955078125e-07, 9.5367431640625e-07, 0.5533829927444458, -1.3709068298339844e-06, 6.258487701416016e-06, 0.9564048647880554, 5.3942203521728516e-06, -4.112720489501953e-06, 0.8709108829498291, -0.13923823833465576, 0.0007447730749845505, 0.1113356202840805, 1.2665987014770508e-07, 9.369105100631714e-07, 0.5475773811340332, 4.6193599700927734e-07, -3.248453140258789e-06, 0.9591913819313049, 1.4379620552062988e-06, 6.9141387939453125e-06, 0.830116868019104, 0.0029131323099136353, -0.010365432128310204, 0.42111629247665405, -2.086162567138672e-07, 5.848705768585205e-07, 0.36422234773635864, 0.010769978165626526, -0.40209975838661194, 0.6909169554710388, -0.010769687592983246, 0.4020957350730896, 0.21377767622470856, -0.1415209323167801, 0.4226131737232208, -0.3258933424949646, 4.850327968597412e-06, 5.707144737243652e-06, 1.5101158618927002, -8.121132850646973e-07, -3.1441450119018555e-06, 1.6662592887878418, -1.1810334399342537e-06, 1.3289041817188263e-05, 0.4986535906791687, -0.25566086173057556, 0.21568290889263153, 0.4045446217060089, 5.8175064623355865e-06, -3.933906555175781e-06, 1.5244444608688354, 9.420327842235565e-07, 1.989305019378662e-06, 1.5880743265151978, -4.2747706174850464e-07, 1.989305019378662e-06, 0.5391388535499573, 0.39718562364578247, -0.4572332799434662, -0.07864391803741455, -1.2316741049289703e-06, -3.520399332046509e-06, 0.6107504963874817, -6.891787052154541e-08, 1.4156103134155273e-07, 0.6107375025749207, 0.13632497191429138, 0.009616669267416, 0.08745478838682175, -3.8743019104003906e-07, 2.868473529815674e-07, 0.5533829927444458, -1.1324882507324219e-06, 6.318092346191406e-06, 0.9564054012298584, 5.349516868591309e-06, -4.231929779052734e-06, 0.8709103465080261, -0.13923807442188263, 0.0007459227927029133, 0.11133492738008499, -9.685754776000977e-08, 4.5262277126312256e-07, 0.5475772023200989, 1.601874828338623e-07, -3.0100345611572266e-06, 0.9591909646987915, 9.164214134216309e-07, 7.271766662597656e-06, 0.8301159739494324, 0.0029132962226867676, -0.010364782996475697, 0.42111578583717346, -1.1920928955078125e-07, 7.636845111846924e-07, 0.36422234773635864, 0.010770013555884361, -0.40210020542144775, 0.6909172534942627, -0.010769672691822052, 0.40209534764289856, 0.2137785404920578, -0.14152102172374725, 0.42261284589767456, -0.32589343190193176, 4.92483377456665e-06, 5.647540092468262e-06, 1.510115623474121, -6.92903995513916e-07, -3.427267074584961e-06, 1.6662594079971313, -1.0845251381397247e-06, 1.3258308172225952e-05, 0.4986536502838135, -0.2556611895561218, 0.21568267047405243, 0.40454453229904175, 5.884096026420593e-06, -4.0531158447265625e-06, 1.5244444608688354, 9.34116542339325e-07, 1.8775463104248047e-06, 1.58807373046875, -5.031470209360123e-07, 1.8775463104248047e-06, 0.539138913154602, 0.3971852958202362, -0.4572334885597229, -0.07864402234554291, -1.2171221897006035e-06, -3.650551661849022e-06, 0.6107513904571533, -3.4458935260772705e-08, 7.301568984985352e-07, 0.6107383966445923, 0.13632497191429138, 0.0096167903393507, 0.08745516836643219, 4.172325134277344e-07, 3.7997961044311523e-07, 0.553382933139801, -1.6987323760986328e-06, 6.377696990966797e-06, 0.9564051628112793, 5.125999450683594e-06, -4.172325134277344e-06, 0.8709104061126709, -0.13923810422420502, 0.0007460076594725251, 0.1113356426358223, -2.2351741790771484e-08, 3.688037395477295e-07, 0.5475770831108093, 5.21540641784668e-07, -3.4347176551818848e-06, 0.9591914415359497, 9.387731552124023e-07, 7.256865501403809e-06, 0.8301162719726562, 0.0029132338240742683, -0.010364493355154991, 0.4211167097091675, -1.7136335372924805e-07, 7.767230272293091e-07, 0.3642221689224243, 0.010770098306238651, -0.40210017561912537, 0.6909175515174866, -0.010769560933113098, 0.40209510922431946, 0.21377912163734436, -0.14152082800865173, 0.422612726688385, -0.3258933424949646, 4.9620866775512695e-06, 5.647540092468262e-06, 1.5101158618927002, -7.674098014831543e-07, -3.516674041748047e-06, 1.6662594079971313, -1.1022202670574188e-06, 1.31949782371521e-05, 0.4986535906791687, -0.25566110014915466, 0.21568256616592407, 0.4045445919036865, 5.837529897689819e-06, -4.26173210144043e-06, 1.5244439840316772, 9.294599294662476e-07, 1.9669532775878906e-06, 1.588073968887329, -4.828907549381256e-07, 1.944601535797119e-06, 0.5391388535499573, 0.397185355424881, -0.45723339915275574, -0.07864391058683395, -1.2367963790893555e-06, -3.864406608045101e-06, 0.6107513308525085, -5.587935447692871e-09, 9.91160050034523e-07, 0.6107378602027893, 0.1363248974084854, 0.00961686298251152, 0.08745432645082474, -5.960464477539063e-08, 9.126961231231689e-07, 0.5533828735351562, -1.3113021850585938e-06, 6.556510925292969e-06, 0.956405520439148, 5.200505256652832e-06, -4.112720489501953e-06, 0.8709105849266052, -0.13923810422420502, 0.0007457129540853202, 0.11133510619401932, 5.960464477539062e-07, 1.4975666999816895e-06, 0.547577440738678, 3.3155083656311035e-07, -3.159046173095703e-06, 0.9591915011405945, 8.940696716308594e-07, 7.3462724685668945e-06, 0.8301168084144592, 0.002913236618041992, -0.010365198366343975, 0.4211169481277466, -1.9371509552001953e-07, 9.42964106798172e-07, 0.36422199010849, 0.010770032182335854, -0.4020999073982239, 0.690917432308197, -0.010769631713628769, 0.4020951986312866, 0.21377912163734436, -0.1415209323167801, 0.4226132035255432, -0.325893372297287, 4.991888999938965e-06, 5.602836608886719e-06, 1.5101155042648315, -7.301568984985352e-07, -3.382563591003418e-06, 1.6662594079971313, -1.2069940567016602e-06, 1.3276934623718262e-05, 0.4986536204814911, -0.2556610107421875, 0.2156830132007599, 0.4045446217060089, 5.900859832763672e-06, -4.127621650695801e-06, 1.524444341659546, 9.492505341768265e-07, 2.0582228899002075e-06, 1.5880742073059082, -4.5588240027427673e-07, 1.944601535797119e-06, 0.5391387939453125, 0.3971858322620392, -0.45723357796669006, -0.0786440297961235, -1.228880137205124e-06, -3.5461271181702614e-06, 0.6107510924339294, -5.587935447692871e-09, 7.159542292356491e-08, 0.6107378602027893, 0.13632488250732422, 0.009616210125386715, 0.08745577931404114, -5.066394805908203e-07, 6.221234798431396e-07, 0.553382933139801, -1.817941665649414e-06, 6.616115570068359e-06, 0.9564058184623718, 5.27501106262207e-06, -4.351139068603516e-06, 0.8709100484848022, -0.1392381489276886, 0.0007456011371687055, 0.11133557558059692, -2.9802322387695312e-08, 3.5762786865234375e-07, 0.5475771427154541, 7.078051567077637e-07, -3.375113010406494e-06, 0.9591918587684631, 5.662441253662109e-07, 7.092952728271484e-06, 0.830116331577301, 0.0029131658375263214, -0.010364866815507412, 0.42111605405807495, -1.7508864402770996e-07, 6.653717719018459e-07, 0.3642228841781616, 0.010769981890916824, -0.4020996689796448, 0.6909172534942627, -0.010769536718726158, 0.40209507942199707, 0.21377941966056824, -0.14152072370052338, 0.42261266708374023, -0.325893372297287, 4.9620866775512695e-06, 5.692243576049805e-06, 1.510115623474121, -7.003545761108398e-07, -3.1888484954833984e-06, 1.666259527206421, -1.0542571544647217e-06, 1.3500452041625977e-05, 0.49865350127220154, -0.2556608021259308, 0.21568240225315094, 0.40454456210136414, 5.865469574928284e-06, -3.994442522525787e-06, 1.5244442224502563, 9.629875421524048e-07, 1.9688159227371216e-06, 1.588073968887329, -5.229376256465912e-07, 1.944601535797119e-06, 0.5391388535499573, 0.39718541502952576, -0.4572335183620453, -0.07864384353160858, -1.2274831533432007e-06, -3.7765130400657654e-06, 0.6107515096664429, -7.078051567077637e-08, 1.5044643077999353e-06, 0.6107373833656311, 0.136324942111969, 0.009616151452064514, 0.08745501935482025, 2.9802322387695312e-08, 0.0, 0.5533828139305115, -1.817941665649414e-06, 6.735324859619141e-06, 0.95640629529953, 5.155801773071289e-06, -4.112720489501953e-06, 0.8709101676940918, -0.13923808932304382, 0.0007454954320564866, 0.11133497208356857, -1.4901161193847656e-07, 3.129243850708008e-07, 0.547577440738678, 4.507601261138916e-07, -3.3229589462280273e-06, 0.9591915607452393, 4.470348358154297e-07, 7.163733243942261e-06, 0.830116331577301, 0.0029132897034287453, -0.010365555062890053, 0.4211166501045227, -2.980232238769531e-07, 6.095506250858307e-07, 0.3642224371433258, 0.010770009830594063, -0.40210020542144775, 0.6909176707267761, -0.01076991856098175, 0.4020959436893463, 0.2137778252363205]
    q (float, 7008):  [-0.7744069695472717, -0.27834227681159973, 0.5594485402107239, 0.09918027371168137, -0.6937953233718872, 0.2711544930934906, 0.6186295747756958, 0.24984128773212433, -0.29924657940864563, -0.0049299076199531555, -0.015451677143573761, 0.9540380239486694, 0.5732002258300781, -0.05619555339217186, 0.10410560667514801, 0.8108302354812622, 0.45466288924217224, -0.01333742868155241, 0.08120473474264145, 0.8868537545204163, -0.4818463921546936, 0.3043286204338074, 0.5494551062583923, 0.6109887361526489, -0.48688825964927673, -0.006210820749402046, -6.81349920341745e-05, 0.8734421730041504, 0.6258071064949036, 0.03536956384778023, -0.13376431167125702, 0.7676076889038086, 0.4188796877861023, -0.017042050138115883, -0.0639924481511116, 0.905623733997345, 0.37698808312416077, 0.6170376539230347, -0.11808337271213531, 0.6805886030197144, -0.10273907333612442, -0.04529808461666107, 0.02419627085328102, 0.9933817982673645, -0.033974550664424896, -0.0028055517468601465, -0.004223826806992292, 0.9994098544120789, -0.5295321345329285, 0.44324731826782227, -0.4126254916191101, 0.5940266847610474, -0.46614304184913635, -0.12065290659666061, -0.18623796105384827, 0.8564280271530151, 0.11177022755146027, -0.3636455535888672, 0.027105288580060005, 0.9244104623794556, -0.08486226201057434, -0.09564116597175598, 0.02311776392161846, 0.991522490978241, -0.5749144554138184, -0.5065286755561829, 0.35959145426750183, 0.5325374007225037, -0.4822703003883362, -0.014091238379478455, 0.24698492884635925, 0.8403661251068115, 0.05473572388291359, 0.05451855808496475, -0.02188815549015999, 0.9967711567878723, -0.08623559027910233, 0.24868705868721008, 0.08940395712852478, 0.9605858325958252, 0.18848970532417297, -0.03679223731160164, -0.0068271891213953495, 0.9813620448112488, -0.23091979324817657, -0.009075452573597431, -0.03707016631960869, 0.9722239971160889, 0.2604730725288391, 0.00697665847837925, 1.965464946351858e-08, 0.965455949306488, -0.5149354934692383, -0.013791918754577637, 8.80125341495841e-08, 0.8571180105209351, -0.7763034105300903, -0.27887946367263794, 0.5566245317459106, 0.09873416274785995, -0.6919272541999817, 0.2719726264476776, 0.6149221062660217, 0.26294177770614624, -0.3204365372657776, -0.003059632144868374, -0.01414590422064066, 0.9471594095230103, 0.5603585839271545, -0.044722218066453934, 0.10992424190044403, 0.8197041749954224, 0.46755874156951904, -0.015469669364392757, 0.08398611098527908, 0.8798271417617798, -0.487860769033432, 0.2961847186088562, 0.5504370331764221, 0.6093321442604065, -0.48232102394104004, -0.005835431627929211, 0.00015617506869602948, 0.8759750723838806, 0.6282677054405212, 0.035514164716005325, -0.13275256752967834, 0.7657644748687744, 0.4189666211605072, -0.017015501856803894, -0.06399153918027878, 0.9055840969085693, 0.37718015909194946, 0.6157235503196716, -0.1202801764011383, 0.6812872290611267, -0.10253160446882248, -0.046092357486486435, 0.024571271613240242, 0.9933574795722961, -0.0338427871465683, -0.0027399896644055843, -0.004346626810729504, 0.9994139671325684, -0.5300799012184143, 0.44329994916915894, -0.4118990898132324, 0.5940030813217163, -0.47147536277770996, -0.11684465408325195, -0.1927335411310196, 0.8525914549827576, 0.11127196252346039, -0.3617895543575287, 0.02674940973520279, 0.9252088069915771, -0.08683937042951584, -0.09667118638753891, 0.019641822203993797, 0.9913262724876404, -0.5738705992698669, -0.5067107081413269, 0.3604530096054077, 0.5329075455665588, -0.4779523015022278, -0.020217426121234894, 0.22680026292800903, 0.8483598828315735, 0.05355782061815262, 0.05215541273355484, -0.022153662517666817, 0.9969556927680969, -0.08889158070087433, 0.22289876639842987, 0.10549952834844589, 0.9650307297706604, 0.18189726769924164, -0.04343428835272789, -0.008178290911018848, 0.9823237657546997, -0.2398732602596283, -0.004163538571447134, -0.03898698464035988, 0.9700121283531189, 0.2604730725288391, 0.0069766598753631115, 1.3866777059945434e-08, 0.965455949306488, -0.5149354934692383, -0.01379192341119051, 8.964239839315269e-08, 0.8571180105209351, -0.7837376594543457, -0.2828560769557953, 0.5445294380187988, 0.09610137343406677, -0.6755223274230957, 0.2771880030632019, 0.6006124019622803, 0.32573169469833374, -0.42098864912986755, 0.006088477559387684, -0.008002612739801407, 0.9070101976394653, 0.499177485704422, 0.020393379032611847, 0.13543327152729034, 0.855607271194458, 0.47829678654670715, -0.016499243676662445, 0.08572816103696823, 0.8738481998443604, -0.515849232673645, 0.2517760694026947, 0.5567790269851685, 0.6004211902618408, -0.45423394441604614, -0.003606523387134075, 0.0016526260878890753, 0.8908736109733582, 0.6375346183776855, 0.037831082940101624, -0.12467430531978607, 0.7593252062797546, 0.41940927505493164, -0.016833892092108727, -0.06400911509990692, 0.9053813219070435, 0.377913236618042, 0.610991358757019, -0.13040439784526825, 0.6832758784294128, -0.10086237639188766, -0.04754921421408653, 0.02603447064757347, 0.9934223890304565, -0.03326329216361046, -0.0024607093073427677, -0.004933113232254982, 0.9994314312934875, -0.5308230519294739, 0.44436711072921753, -0.4106978476047516, 0.5933734774589539, -0.4970671832561493, -0.0993368998169899, -0.225718691945076, 0.8319299817085266, 0.10802453011274338, -0.34969550371170044, 0.024773206561803818, 0.9302849769592285, -0.10353410989046097, -0.1053387001156807, 0.013249880634248257, 0.988943338394165, -0.5703420639038086, -0.5088083744049072, 0.362561970949173, 0.5332663059234619, -0.4551023244857788, -0.04890746995806694, 0.14062868058681488, 0.8779029250144958, 0.055656153708696365, 0.06536263227462769, -0.02472706325352192, 0.9960013628005981, -0.06972039490938187, 0.10429585725069046, 0.1758456975221634, 0.9763911962509155, 0.14646494388580322, -0.07244922965765, -0.014030376449227333, 0.986459493637085, -0.2760477066040039, 0.014459715224802494, -0.04751640558242798, 0.9598597884178162, 0.2604730725288391, 0.00697665847837925, 2.13427782114195e-08, 0.9654558897018433, -0.5149354934692383, -0.013791914097964764, 7.687514624876712e-08, 0.8571180105209351, -0.7868983745574951, -0.2882367670536041, 0.5375744104385376, 0.09340375661849976, -0.6438819766044617, 0.28656071424484253, 0.5981243848800659, 0.38150519132614136, -0.5036678910255432, 0.01393088698387146, -0.0032056239433586597, 0.8637790679931641, 0.47177016735076904, 0.08076360821723938, 0.14844803512096405, 0.8653746843338013, 0.40252071619033813, -0.00230179145000875, 0.06842856854200363, 0.9128468036651611, -0.5417574644088745, 0.19671504199504852, 0.5652995109558105, 0.5901174545288086, -0.4076838791370392, -9.984937059925869e-05, 0.0044473460875451565, 0.9131122827529907, 0.637161135673523, 0.0439080074429512, -0.1079120934009552, 0.7618745565414429, 0.4192562699317932, -0.01621857099235058, -0.06432623416185379, 0.9054409265518188, 0.3765542507171631, 0.6111651659011841, -0.14028269052505493, 0.6819126605987549, -0.10084448754787445, -0.046686138957738876, 0.02379804290831089, 0.9935212731361389, -0.03308076784014702, -0.0026157740503549576, -0.0053720623254776, 0.9994348287582397, -0.529116153717041, 0.44914549589157104, -0.4128943085670471, 0.5897649526596069, -0.5174746513366699, -0.08872704207897186, -0.25898340344429016, 0.8107250928878784, 0.10354582965373993, -0.33273518085479736, 0.02240726910531521, 0.9370504021644592, -0.13088764250278473, -0.11533378064632416, 0.02122201956808567, 0.9844369888305664, -0.5698524117469788, -0.5155398845672607, 0.3607144355773926, 0.5285565853118896, -0.42786672711372375, -0.06869477033615112, 0.10224899649620056, 0.8954084515571594, 0.07386039942502975, 0.12862446904182434, -0.029542535543441772, 0.9884976744651794, 0.011722228489816189, 0.06197639927268028, 0.21226726472377777, 0.9751738905906677, 0.11451564729213715, -0.08876986056566238, -0.015499530360102654, 0.9893259406089783, -0.29464101791381836, 0.017107190564274788, -0.051601480692625046, 0.954060435295105, 0.2604730725288391, 0.006976657081395388, 1.724303544392569e-08, 0.965455949306488, -0.5149354338645935, -0.013791920617222786, 6.899747972965997e-08, 0.8571180105209351, -0.789242684841156, -0.29127612709999084, 0.5328210592269897, 0.09141075611114502, -0.6028635501861572, 0.30223581194877625, 0.6007627248764038, 0.4292939603328705, -0.5603486895561218, 0.019277790561318398, 0.0002574522513896227, 0.828032374382019, 0.49309107661247253, 0.09836534410715103, 0.1561983972787857, 0.8501691222190857, 0.38286292552948, 0.0014088882599025965, 0.06414016336202621, 0.9215747714042664, -0.5662190914154053, 0.13481852412223816, 0.5717829465866089, 0.5781731009483337, -0.34502431750297546, 0.004533709492534399, 0.008390969596803188, 0.938545286655426, 0.6231662631034851, 0.058008063584566116, -0.08456747233867645, 0.7753368020057678, 0.4244496524333954, -0.01843987964093685, -0.06223485246300697, 0.9031219482421875, 0.3712991178035736, 0.6150830984115601, -0.150954931974411, 0.6789863109588623, -0.10358242690563202, -0.050515975803136826, 0.015781862661242485, 0.9932118654251099, -0.033220890909433365, -0.003445215057581663, -0.00563692906871438, 0.9994262456893921, -0.5294510722160339, 0.45774543285369873, -0.4133770167827606, 0.5824690461158752, -0.5294193625450134, -0.08392298966646194, -0.2928527593612671, 0.7917760610580444, 0.09923316538333893, -0.31555506587028503, 0.019879044964909554, 0.9434949159622192, -0.15004700422286987, -0.11694850027561188, 0.016553575173020363, 0.9815981984138489, -0.5690840482711792, -0.5264313220977783, 0.3590964674949646, 0.5196760296821594, -0.39006513357162476, -0.0752217099070549, 0.10416078567504883, 0.9117792844772339, 0.09425578266382217, 0.1978653222322464, -0.033828046172857285, 0.9751004576683044, 0.08670946955680847, 0.12814097106456757, 0.210985004901886, 0.9651666879653931, 0.0987858921289444, -0.09548699855804443, -0.011102697812020779, 0.9904546141624451, -0.3076002597808838, 0.010753856971859932, -0.0498233437538147, 0.9501495361328125, 0.2604730725288391, 0.0069766780361533165, 2.13427782114195e-08, 0.9654558897018433, -0.5149354934692383, -0.013791914097964764, 9.887828156251999e-08, 0.8571180105209351, -0.7931684255599976, -0.2911772131919861, 0.5277302861213684, 0.08718042820692062, -0.553931713104248, 0.3355550467967987, 0.6034432649612427, 0.4652082622051239, -0.5817553400993347, 0.02149435319006443, 0.001947073615156114, 0.813077449798584, 0.5148032903671265, 0.09132729470729828, 0.17086400091648102, 0.8351302146911621, 0.4730774462223053, -0.01460227370262146, 0.08377743512392044, 0.8769069910049438, -0.5813026428222656, 0.08475400507450104, 0.5786409378051758, 0.5657549500465393, -0.2886051535606384, 0.008354658260941505, 0.012455638498067856, 0.9573307633399963, 0.5859963297843933, 0.09240490943193436, -0.0630943700671196, 0.8025513887405396, 0.456032931804657, -0.03363089635968208, -0.05278489366173744, 0.8877593874931335, 0.3648434281349182, 0.6222444176673889, -0.15500353276729584, 0.6750372052192688, -0.09722737967967987, -0.05439740791916847, 0.007102514151483774, 0.9937491416931152, -0.03416740521788597, -0.0026876218616962433, -0.005623712204396725, 0.9993966817855835, -0.5268862843513489, 0.46383538842201233, -0.4159751236438751, 0.5781109929084778, -0.5390849113464355, -0.0742468610405922, -0.3298594653606415, 0.7714062929153442, 0.09617605060338974, -0.29382967948913574, 0.017112210392951965, 0.9508529901504517, -0.154360830783844, -0.12073482573032379, 0.005835867952555418, 0.9805925488471985, -0.5681688785552979, -0.5352218747138977, 0.35723429918289185, 0.5129379630088806, -0.3574071228504181, -0.07167757302522659, 0.1218363419175148, 0.9231892824172974, 0.11150693148374557, 0.25853219628334045, -0.03685321286320686, 0.9588374495506287, 0.09471476078033447, 0.19475814700126648, 0.21038787066936493, 0.953328549861908, 0.08721239119768143, -0.10751105844974518, -0.0034194833133369684, 0.9903654456138611, -0.31224581599235535, 0.01289298478513956, -0.04311905428767204, 0.9489346742630005, 0.2604730725288391, 0.006976661738008261, 2.3272068716551075e-08, 0.965455949306488, -0.5149354934692383, -0.013791926205158234, 8.909911031196316e-08, 0.8571180105209351, -0.7931861877441406, -0.2881609797477722, 0.5291981101036072, 0.0881379023194313, -0.5076079964637756, 0.3778470456600189, 0.6023379564285278, 0.48657459020614624, -0.5699484348297119, 0.020305385813117027, 0.001656380482017994, 0.8214278817176819, 0.5414873361587524, 0.08234639465808868, 0.16661272943019867, 0.8199089765548706, 0.45642799139022827, -0.011599988676607609, 0.08002899587154388, 0.8860780596733093, -0.5973751544952393, 0.057254474610090256, 0.5873552560806274, 0.543027400970459, -0.24153566360473633, 0.011679430492222309, 0.016117354854941368, 0.970187783241272, 0.5445139408111572, 0.0961032509803772, -0.05450734496116638, 0.8314431309700012, 0.49226000905036926, -0.03517112508416176, -0.06274132430553436, 0.8674713969230652, 0.35637161135673523, 0.6320362091064453, -0.15729980170726776, 0.6699151992797852, -0.09427641332149506, -0.052327483892440796, -0.001297483337111771, 0.9941690564155579, -0.03514092415571213, -0.002476947382092476, -0.006055254954844713, 0.999360978603363, -0.5221988558769226, 0.4729522168636322, -0.42191004753112793, 0.5706282258033752, -0.5423272252082825, -0.05346645042300224, -0.34830525517463684, 0.7626965045928955, 0.08995725959539413, -0.2700079083442688, 0.015125702135264874, 0.9585273265838623, -0.16813908517360687, -0.11925533413887024, 0.0004032517608720809, 0.9785230159759521, -0.5683233737945557, -0.5324602723121643, 0.3574797213077545, 0.5154637694358826, -0.34716513752937317, -0.06525198370218277, 0.12606339156627655, 0.9269987344741821, 0.12682753801345825, 0.31328627467155457, -0.03986640274524689, 0.9403069615364075, 0.06280168890953064, 0.20731721818447113, 0.21778543293476105, 0.9516538381576538, 0.07682493329048157, -0.12256693094968796, 0.004942626226693392, 0.9894700050354004, -0.3145625591278076, 0.025715339928865433, -0.036206357181072235, 0.9481973648071289, 0.2604730427265167, 0.006976652890443802, 1.5434325817409444e-08, 0.965455949306488, -0.5149354934692383, -0.013791915029287338, 1.0050813870066122e-07, 0.8571180105209351, -0.7921236753463745, -0.28264325857162476, 0.533483624458313, 0.08971163630485535, -0.46752822399139404, 0.41098088026046753, 0.5899732112884521, 0.5142409205436707, -0.5351113677024841, 0.016738805919885635, -0.00033290416467934847, 0.844615638256073, 0.5626078844070435, 0.04826870188117027, 0.16579391062259674, 0.8084892630577087, 0.4191855192184448, -0.005335587542504072, 0.07187703251838684, 0.9050351977348328, -0.6076270341873169, 0.04307614266872406, 0.5929975509643555, 0.5265811681747437, -0.21903428435325623, 0.013168147765100002, 0.017890620976686478, 0.9754642844200134, 0.5115970373153687, 0.09314148128032684, -0.050616007298231125, 0.8526612520217896, 0.5300495624542236, -0.028517190366983414, -0.07688656449317932, 0.8439921140670776, 0.3473983108997345, 0.6447061896324158, -0.15577886998653412, 0.6628735661506653, -0.0908140167593956, -0.04792316257953644, -0.009393341839313507, 0.9946697950363159, -0.03656059131026268, -0.0015751589089632034, -0.006436278577893972, 0.9993094801902771, -0.5162561535835266, 0.47847598791122437, -0.4293237328529358, 0.5658811330795288, -0.5446109175682068, -0.025969667360186577, -0.35351863503456116, 0.7600980401039124, 0.08301692456007004, -0.24439597129821777, 0.013377397321164608, 0.9660227298736572, -0.17626942694187164, -0.11332559585571289, -0.002797117456793785, 0.9777927398681641, -0.5679264664649963, -0.5214441418647766, 0.3607479929924011, 0.5248014330863953, -0.35643553733825684, -0.058492351323366165, 0.12157022953033447, 0.9245285391807556, 0.13837426900863647, 0.3552638292312622, -0.04231325909495354, 0.9234986901283264, 0.04791007190942764, 0.1988849639892578, 0.21623747050762177, 0.954667866230011, 0.07995849847793579, -0.11747270822525024, 0.01229481678456068, 0.9897755980491638, -0.33306851983070374, 0.011544724926352501, -0.0309166070073843, 0.9423248767852783, 0.2604730725288391, 0.0069766719825565815, 5.908452838099265e-09, 0.9654558897018433, -0.5149354934692383, -0.013791915960609913, 8.583938182482598e-08, 0.8571180105209351, -0.7885777354240417, -0.275534987449646, 0.541234016418457, 0.09639180451631546, -0.4461621940135956, 0.4370405077934265, 0.5719313025474548, 0.5318171977996826, -0.4670049250125885, 0.009735814295709133, -0.005151032004505396, 0.8841860890388489, 0.5691261291503906, 0.02925954945385456, 0.15557773411273956, 0.8068673610687256, 0.4007732570171356, -0.0014211421366780996, 0.06963218003511429, 0.9135262370109558, -0.618373453617096, 0.0297867264598608, 0.5981495380401611, 0.5088655948638916, -0.2068309336900711, 0.014268766157329082, 0.018876753747463226, 0.9780905246734619, 0.492514967918396, 0.09178066998720169, -0.04877503588795662, 0.8640754222869873, 0.5637542605400085, -0.021253840997815132, -0.08793895691633224, 0.820972740650177, 0.33470985293388367, 0.6594448089599609, -0.15320801734924316, 0.6554610729217529, -0.08972065150737762, -0.03909546881914139, -0.019140202552080154, 0.9950153231620789, -0.03763454779982567, -0.0010800999589264393, -0.00720547279343009, 0.9992650151252747, -0.5133368968963623, 0.4800218641757965, -0.4342845678329468, 0.5634369850158691, -0.5427930355072021, 0.00894387811422348, -0.3455740809440613, 0.7654243111610413, 0.0738261267542839, -0.21976545453071594, 0.011151180602610111, 0.9726913571357727, -0.17458179593086243, -0.10260091722011566, -0.0017276108264923096, 0.9792810082435608, -0.567645788192749, -0.506697416305542, 0.36460578441619873, 0.5367482304573059, -0.3731437921524048, -0.048446327447891235, 0.11353649944067001, 0.9195249676704407, 0.14506159722805023, 0.3799949288368225, -0.044266071170568466, 0.9124699831008911, 0.04393148049712181, 0.20305727422237396, 0.21170583367347717, 0.9549965262413025, 0.06985853612422943, -0.09752986580133438, 0.018577618524432182, 0.9926039576530457, -0.32611504197120667, -0.024884285405278206, -0.02524128183722496, 0.9446653723716736, 0.2604730725288391, 0.006976677104830742, 1.9292906827672596e-08, 0.965455949306488, -0.5149354934692383, -0.01379192154854536, 8.52961008490638e-08, 0.8571180105209351, -0.7787473797798157, -0.2662382423877716, 0.5578318238258362, 0.10720747709274292, -0.444090873003006, 0.45830485224723816, 0.554661750793457, 0.5339385271072388, -0.382808655500412, 0.0023539543617516756, -0.010767952539026737, 0.9237619042396545, 0.5570651888847351, 0.019063560292124748, 0.14480577409267426, 0.8175244927406311, 0.41648930311203003, 0.000989211373962462, 0.08200273662805557, 0.9054343104362488, -0.6201297640800476, 0.034835103899240494, 0.60679692029953, 0.4960072338581085, -0.23159639537334442, 0.012323491275310516, 0.017144953832030296, 0.9725827574729919, 0.4983796775341034, 0.08045560866594315, -0.04621627554297447, 0.8619795441627502, 0.5854092240333557, -0.015939462929964066, -0.09376320987939835, 0.8051400780677795, 0.323501318693161, 0.6758627891540527, -0.15104439854621887, 0.6447805762290955, -0.08911892771720886, -0.024355832487344742, -0.031999360769987106, 0.9952088594436646, -0.039368726313114166, 0.0014479641104117036, -0.007716650143265724, 0.9991939067840576, -0.5084906220436096, 0.4818759560585022, -0.4400261342525482, 0.5617916584014893, -0.535171389579773, 0.046775851398706436, -0.33015239238739014, 0.7761462926864624, 0.06640149652957916, -0.1940053105354309, 0.009969190694391727, 0.9786998629570007, -0.17865271866321564, -0.09345640242099762, 0.01948707178235054, 0.9792698621749878, -0.5697401762008667, -0.48668015003204346, 0.36420851945877075, 0.5530739426612854, -0.3960641026496887, -0.03724220395088196, 0.10667630285024643, 0.9112444519996643, 0.14796364307403564, 0.3916054666042328, -0.045173924416303635, 0.9070342779159546, 0.044309671968221664, 0.21315549314022064, 0.20743322372436523, 0.9537152647972107, 0.05993682146072388, -0.07975424081087112, 0.018193062394857407, 0.9948446750640869, -0.3246758282184601, -0.05379460006952286, -0.025102045387029648, 0.9439606070518494, 0.2604730725288391, 0.006976665463298559, 2.7974715877121525e-08, 0.965455949306488, -0.5149354934692383, -0.01379192154854536, 9.290211977486251e-08, 0.8571180105209351, -0.7668362855911255, -0.2567789852619171, 0.5756223201751709, 0.12118426710367203, -0.45147615671157837, 0.4568520188331604, 0.5327118039131165, 0.5510658621788025, -0.41987356543540955, 0.0058198366314172745, -0.009148155339062214, 0.9075178503990173, 0.5471050143241882, 0.036526039242744446, 0.1631871461868286, 0.8201901316642761, 0.3818771243095398, 0.011820325627923012, 0.07963632047176361, 0.9206998348236084, -0.6230595111846924, 0.03263114392757416, 0.6149977445602417, 0.4821927845478058, -0.2607493996620178, 0.010192650370299816, 0.014898339286446571, 0.9652377963066101, 0.5133892297744751, 0.07792747020721436, -0.04496566951274872, 0.8534265756607056, 0.5860787034034729, -0.013314670883119106, -0.09453947097063065, 0.8046097159385681, 0.3179614543914795, 0.6879643797874451, -0.14984923601150513, 0.6349415183067322, -0.09247957170009613, -0.007566592190414667, -0.04085462540388107, 0.9948473572731018, -0.03981883078813553, 0.004230834543704987, -0.008294542320072651, 0.9991635680198669, -0.5069319009780884, 0.49068117141723633, -0.4414689540863037, 0.5543981790542603, -0.5154582858085632, 0.08366575837135315, -0.31265899538993835, 0.7934401035308838, 0.058853138238191605, -0.1669721007347107, 0.008483381010591984, 0.9841670393943787, -0.18285411596298218, -0.08764267712831497, 0.01934371143579483, 0.9790347218513489, -0.574816107749939, -0.46594807505607605, 0.35835716128349304, 0.5692618489265442, -0.4124550223350525, -0.014076794497668743, 0.1121772825717926, 0.9039352536201477, 0.14967435598373413, 0.3973601162433624, -0.04495593532919884, 0.9042574167251587, 0.047761570662260056, 0.19432185590267181, 0.2285192608833313, 0.9527522325515747, 0.04608991742134094, -0.051903072744607925, 0.011723925359547138, 0.9975190758705139, -0.33225303888320923, -0.0773208886384964, -0.02895827405154705, 0.9395695328712463, 0.2604730725288391, 0.006976657547056675, 1.9292906827672596e-08, 0.965455949306488, -0.5149354934692383, -0.01379192154854536, 7.986322714259586e-08, 0.8571180105209351, -0.7577771544456482, -0.25096553564071655, 0.5864778757095337, 0.13723626732826233, -0.46632954478263855, 0.45376184582710266, 0.5219947695732117, 0.5515056252479553, -0.4759542942047119, 0.01080967765301466, -0.005734799429774284, 0.8793849349021912, 0.5916599631309509, 0.024035228416323662, 0.18542100489139557, 0.7842065691947937, 0.37912455201148987, 0.012783864513039589, 0.07971587032079697, 0.9218169450759888, -0.6265680193901062, 0.026944590732455254, 0.6165590882301331, 0.4759637117385864, -0.3013133108615875, 0.007369606755673885, 0.011528016068041325, 0.9534270763397217, 0.5223064422607422, 0.08428110927343369, -0.05471191927790642, 0.846817135810852, 0.5664379596710205, -0.013742110691964626, -0.09055118262767792, 0.8189992308616638, 0.3147464692592621, 0.6988091468811035, -0.14976800978183746, 0.6246359348297119, -0.10287962853908539, 0.003581258002668619, -0.050510670989751816, 0.9934040904045105, -0.039983175694942474, 0.00659837294369936, -0.008579560555517673, 0.9991417527198792, -0.5148598551750183, 0.5001511573791504, -0.4318573772907257, 0.5461387038230896, -0.4835549294948578, 0.12307984381914139, -0.26935094594955444, 0.8236966133117676, 0.050945963710546494, -0.13960972428321838, 0.007438423112034798, 0.9888671636581421, -0.19142895936965942, -0.07957800477743149, 0.017060397192835808, 0.9781264066696167, -0.581452488899231, -0.45155423879623413, 0.35018330812454224, 0.5791230797767639, -0.4192412793636322, 0.011989187449216843, 0.11207287758588791, 0.9008511304855347, 0.14887723326683044, 0.39414796233177185, -0.044198956340551376, 0.9058308005332947, 0.0347747802734375, 0.1936992108821869, 0.24705125391483307, 0.9488082528114319, 0.04471474513411522, -0.02006489969789982, 0.0041786180809140205, 0.9987895488739014, -0.3614160418510437, -0.09840543568134308, -0.033648934215307236, 0.9265865087509155, 0.26047301292419434, 0.006976657547056675, 2.7974715877121525e-08, 0.965455949306488, -0.5149354934692383, -0.013791928067803383, 9.100061504341284e-08, 0.8571180105209351, -0.7579706311225891, -0.24768957495689392, 0.5857511162757874, 0.14500349760055542, -0.48417332768440247, 0.4428562521934509, 0.5204836130142212, 0.5463985800743103, -0.5043342709541321, 0.013303488492965698, -0.004082853440195322, 0.863396406173706, 0.6264654397964478, 0.011239060200750828, 0.1955125331878662, 0.7544466257095337, 0.3798266053199768, 0.012544634751975536, 0.07999614626169205, 0.9215068817138672, -0.6285051703453064, 0.011197229847311974, 0.6024073362350464, 0.49189555644989014, -0.3467302620410919, 0.004212349187582731, 0.00709887919947505, 0.9379286170005798, 0.5147445797920227, 0.08446722477674484, -0.07806392759084702, 0.8495936393737793, 0.5435113310813904, -0.014377322979271412, -0.08598176389932632, 0.8348628282546997, 0.3136124014854431, 0.7081426382064819, -0.14900918304920197, 0.6147988438606262, -0.11643651872873306, 0.007428981363773346, -0.058815278112888336, 0.9914273619651794, -0.04042256250977516, 0.007980270311236382, -0.008395298384130001, 0.999115526676178, -0.5277284979820251, 0.5076001882553101, -0.41521942615509033, 0.539849579334259, -0.446659654378891, 0.14952589571475983, -0.19258283078670502, 0.8608420491218567, 0.04421275481581688, -0.11793741583824158, 0.007548223249614239, 0.9920076131820679, -0.18047432601451874, -0.05988169461488724, 0.01925247721374035, 0.9815664291381836, -0.5854279398918152, -0.4462546408176422, 0.34528887271881104, 0.5821568965911865, -0.42457836866378784, 0.031665969640016556, 0.10969725996255875, 0.8981631398200989, 0.14754338562488556, 0.3891052305698395, -0.04328557848930359, 0.9082700610160828, 0.016472406685352325, 0.2281445413827896, 0.2703639566898346, 0.9351909160614014, 0.03992095962166786, 0.0027064247988164425, 0.0006230602157302201, 0.9991990327835083, -0.38570651412010193, -0.10270249843597412, -0.03411853685975075, 0.9162524938583374, 0.2604730427265167, 0.00697666360065341, 2.459845660496285e-08, 0.965455949306488, -0.5149354934692383, -0.013791927136480808, 8.420952468668474e-08, 0.8571180105209351, -0.7679084539413452, -0.24566763639450073, 0.5738710165023804, 0.14365282654762268, -0.5051350593566895, 0.42064327001571655, 0.5205836296081543, 0.5448765754699707, -0.5044307708740234, 0.013276218436658382, -0.004478937480598688, 0.8633384704589844, 0.6446680426597595, 0.0024102083407342434, 0.19982367753982544, 0.7378806471824646, 0.3801218569278717, 0.012376305647194386, 0.08017841726541519, 0.9213716387748718, -0.6308920979499817, -0.018925344571471214, 0.5678904056549072, 0.5283157825469971, -0.3835086226463318, 0.0015882964944466949, 0.002736899768933654, 0.9235318899154663, 0.49953845143318176, 0.058024629950523376, -0.10470648109912872, 0.8579807877540588, 0.5008960962295532, -0.018508998677134514, -0.07663393020629883, 0.8619093894958496, 0.3123386800289154, 0.7116145491600037, -0.1433427333831787, 0.61278235912323, -0.11763408780097961, 0.013796921819448471, -0.057871799916028976, 0.9912732839584351, -0.0414099246263504, 0.008635543286800385, -0.008141097612679005, 0.9990717768669128, -0.5299248099327087, 0.5120315551757812, -0.4102213680744171, 0.53732830286026, -0.42698854207992554, 0.1683921366930008, -0.08732306212186813, 0.884137749671936, 0.047802165150642395, -0.13691410422325134, 0.011992711573839188, 0.9893562197685242, -0.1344936341047287, -0.028366968035697937, 0.04568031057715416, 0.989454448223114, -0.584552526473999, -0.44372981786727905, 0.3454776704311371, 0.584848165512085, -0.4501414895057678, 0.04394538700580597, 0.12684102356433868, 0.8828096389770508, 0.14790856838226318, 0.38949519395828247, -0.042333267629146576, 0.9080883264541626, 0.01968744583427906, 0.24798965454101562, 0.27954673767089844, 0.9273441433906555, -0.00951885711401701, 0.011377669870853424, -0.0032147003803402185, 0.9998847842216492, -0.34698808193206787, -0.09147077053785324, -0.032086677849292755, 0.9328466057777405, 0.2604730725288391, 0.0069766719825565815, 2.1945682604496142e-08, 0.9654558897018433, -0.5149354338645935, -0.013791928999125957, 9.072896745010439e-08, 0.8571180105209351, -0.7721904516220093, -0.24496792256832123, 0.5694297552108765, 0.13950790464878082, -0.5257291197776794, 0.4083232283592224, 0.532148540019989, 0.5231624841690063, -0.48420581221580505, 0.011517063714563847, -0.005622214637696743, 0.8748602867126465, 0.654360294342041, -0.006067192647606134, 0.19096624851226807, 0.731647253036499, 0.3806707262992859, 0.011942416429519653, 0.07992096245288849, 0.921173095703125, -0.6301416754722595, -0.020544394850730896, 0.5464752316474915, 0.5512388348579407, -0.4118507206439972, -0.0008966014138422906, -3.35418590111658e-05, 0.9112508893013, 0.5019708275794983, 0.043827369809150696, -0.1195521280169487, 0.855459988117218, 0.4680951237678528, -0.02078648842871189, -0.07037980854511261, 0.8806256651878357, 0.319076269865036, 0.7135310173034668, -0.14252418279647827, 0.6072484850883484, -0.12202229350805283, 0.019882505759596825, -0.05762885883450508, 0.990653395652771, -0.041092563420534134, 0.009452246129512787, -0.007508104667067528, 0.9990824460983276, -0.530596911907196, 0.5119109153747559, -0.4087914824485779, 0.5378695726394653, -0.4237333834171295, 0.15176425874233246, -0.039752546697854996, 0.8920971155166626, 0.05738317593932152, -0.17092546820640564, 0.01567126251757145, 0.9834867119789124, -0.08360495418310165, -0.036308400332927704, 0.12468534708023071, 0.988000750541687, -0.5846846103668213, -0.4375336766242981, 0.3451375663280487, 0.5895662307739258, -0.4795565605163574, 0.05413113906979561, 0.15040245652198792, 0.862829327583313, 0.1462123692035675, 0.38135823607444763, -0.04093518108129501, 0.911872923374176, 0.0009469337528571486, 0.25071606040000916, 0.27796056866645813, 0.9272963404655457, -0.008992093615233898, 0.021326951682567596, -0.008580852299928665, 0.9996953010559082, -0.3694498836994171, -0.0919555202126503, -0.03617715463042259, 0.9239817261695862, 0.2604730725288391, 0.0069766538217663765, 2.8939361129687313e-08, 0.965455949306488, -0.5149355530738831, -0.013791930861771107, 7.49736486227448e-08, 0.8571179509162903, -0.7731847763061523, -0.24365092813968658, 0.5692790150642395, 0.13689735531806946, -0.5473732948303223, 0.4037811756134033, 0.5461748242378235, 0.48891347646713257, -0.45247682929039, 0.008734810166060925, -0.007040590513497591, 0.8917056322097778, 0.6551204919815063, -0.01815427839756012, 0.17446233332157135, 0.7348813414573669, 0.38493436574935913, 0.011325206607580185, 0.0785488411784172, 0.9195256233215332, -0.6300360560417175, 0.00392662500962615, 0.5333890318870544, 0.5643893480300903, -0.4342750608921051, -0.0029195225797593594, -0.0017051787581294775, 0.9007740020751953, 0.5059095621109009, 0.04527067393064499, -0.13222023844718933, 0.8511896729469299, 0.45562461018562317, -0.01949269138276577, -0.06920914351940155, 0.8872634172439575, 0.3270285427570343, 0.7131587266921997, -0.14214622974395752, 0.6035324335098267, -0.12401647120714188, 0.02057463862001896, -0.05711730942130089, 0.9904212355613708, -0.04039092734456062, 0.010015263222157955, -0.006711070891469717, 0.9991112351417542, -0.5364357233047485, 0.5133339762687683, -0.4012598693370819, 0.5363911986351013, -0.4161253273487091, 0.11596263200044632, -0.02622147463262081, 0.901501476764679, 0.06430419534444809, -0.1929231733083725, 0.01673910580575466, 0.9789614081382751, -0.07524622976779938, -0.08021197468042374, 0.18529008328914642, 0.9765099287033081, -0.5820597410202026, -0.43245524168014526, 0.3478632867336273, 0.5942896008491516, -0.5093508958816528, 0.06199145317077637, 0.16588065028190613, 0.8421415686607361, 0.14196060597896576, 0.36393001675605774, -0.03922304883599281, 0.9197084903717041, -0.03647365793585777, 0.2600487768650055, 0.29996436834335327, 0.9170963764190674, -0.00404038280248642, 0.025563810020685196, -0.01185859926044941, 0.9995946884155273, -0.3856574594974518, -0.08137030899524689, -0.038583774119615555, 0.9182366132736206, 0.2604730725288391, 0.0069766566157341, 2.3272068716551075e-08, 0.9654558897018433, -0.5149354934692383, -0.013791928999125957, 7.551692959850698e-08, 0.8571180105209351, -0.7716379761695862, -0.24503719806671143, 0.5710682272911072, 0.13569296896457672, -0.5702280402183533, 0.39769652485847473, 0.5630942583084106, 0.4467688798904419, -0.4116845428943634, 0.004964176099747419, -0.009002674371004105, 0.9112684726715088, 0.6464215517044067, -0.03339932858943939, 0.15607929229736328, 0.746098518371582, 0.3952808082103729, 0.011533934623003006, 0.0763850063085556, 0.9153061509132385, -0.6248764395713806, 0.03431187570095062, 0.5258758068084717, 0.5760267376899719, -0.4501398503780365, -0.00419370923191309, -0.0029003042727708817, 0.8929435610771179, 0.5098811388015747, 0.03112967684864998, -0.13604328036308289, 0.8488488793373108, 0.4574597179889679, -0.015977008268237114, -0.07091791182756424, 0.8862538933753967, 0.33250898122787476, 0.7114306688308716, -0.14031380414962769, 0.6030060052871704, -0.12158875912427902, 0.01984989643096924, -0.055432114750146866, 0.9908327460289001, -0.03922611102461815, 0.010283056646585464, -0.006108966190367937, 0.9991587996482849, -0.5420306921005249, 0.5115647912025452, -0.39433127641677856, 0.5375937819480896, -0.41175776720046997, 0.07295592129230499, -0.024286063387989998, 0.908043622970581, 0.06933096796274185, -0.21000848710536957, 0.01769627444446087, 0.975077748298645, -0.09502193331718445, -0.11450748890638351, 0.1952466070652008, 0.9694007039070129, -0.5771494507789612, -0.4332258999347687, 0.3537055552005768, 0.5950683355331421, -0.5253756046295166, 0.07314658164978027, 0.2013944685459137, 0.8234502673149109, 0.13654914498329163, 0.3418353199958801, -0.036890268325805664, 0.9290544390678406, -0.03999052196741104, 0.26382774114608765, 0.3116961717605591, 0.9119436144828796, 0.008864047937095165, 0.033513106405735016, -0.01536914799362421, 0.9992808103561401, -0.4028874635696411, -0.07861286401748657, -0.040812548249959946, 0.9109534025192261, 0.2604730725288391, 0.006976665463298559, 2.4116134866858374e-08, 0.9654558897018433, -0.5149354934692383, -0.013791918754577637, 7.280048919255933e-08, 0.8571180105209351, -0.7638218998908997, -0.2501235604286194, 0.5789103507995605, 0.13739413022994995, -0.5930793881416321, 0.38890278339385986, 0.5866279006004333, 0.3909974992275238, -0.3597983419895172, -0.0002200712769990787, -0.0118443937972188, 0.9329549074172974, 0.62945157289505, -0.04754314944148064, 0.1357090175151825, 0.7636187076568604, 0.4110576808452606, 0.012748777866363525, 0.07738872617483139, 0.9082290530204773, -0.6106301546096802, 0.06328309327363968, 0.528545618057251, 0.5863152742385864, -0.45335832238197327, -0.003915797919034958, -0.0032067091669887304, 0.8913139700889587, 0.5144714117050171, -0.005187646020203829, -0.12583665549755096, 0.8482083678245544, 0.489014208316803, -0.007816461846232414, -0.07846711575984955, 0.8687041997909546, 0.3428876996040344, 0.7052491307258606, -0.14323218166828156, 0.6037684082984924, -0.120984748005867, 0.023539917543530464, -0.049407295882701874, 0.991144597530365, -0.03656136989593506, 0.011389603838324547, -0.006407619453966618, 0.9992459416389465, -0.5415695309638977, 0.5063278079032898, -0.39579248428344727, 0.5419251918792725, -0.41892486810684204, 0.03526141121983528, -0.02961578406393528, 0.9068525433540344, 0.0728016272187233, -0.226776123046875, 0.02038646675646305, 0.9710082411766052, -0.10520295053720474, -0.11521951109170914, 0.15863807499408722, 0.9749311804771423, -0.5758934020996094, -0.437144011259079, 0.35635900497436523, 0.591827929019928, -0.5328621864318848, 0.07219957560300827, 0.24146875739097595, 0.8077982068061829, 0.13179095089435577, 0.32688993215560913, -0.03425094857811928, 0.9352010488510132, -0.029159024357795715, 0.25364992022514343, 0.30930033326148987, 0.9160484671592712, 0.03846539929509163, 0.048939429223537445, -0.025214875116944313, 0.997742235660553, -0.43792515993118286, -0.0899261012673378, -0.04919101670384407, 0.8931489586830139, 0.2604730725288391, 0.006976660806685686, 1.6398971069975232e-08, 0.965455949306488, -0.5149354934692383, -0.013791915029287338, 7.931993906140633e-08, 0.8571180105209351, -0.7532810568809509, -0.2551276385784149, 0.589489758014679, 0.14134825766086578, -0.6144853830337524, 0.3757689893245697, 0.6087982654571533, 0.3325207233428955, -0.3064626157283783, -0.004871562588959932, -0.014877088367938995, 0.9517539739608765, 0.6014388799667358, -0.06193670257925987, 0.12030231207609177, 0.7873769402503967, 0.4365801513195038, 0.012336412444710732, 0.08047453314065933, 0.8959739804267883, -0.5930702090263367, 0.10465134680271149, 0.5372713804244995, 0.5904703736305237, -0.45070236921310425, -0.003553993534296751, -0.0022402990143746138, 0.89266437292099, 0.5330454111099243, 0.012101918458938599, -0.1262376755475998, 0.8365286588668823, 0.4573361277580261, -0.011651591397821903, -0.07271567732095718, 0.8862394690513611, 0.35673701763153076, 0.691575825214386, -0.1458912193775177, 0.6108824610710144, -0.12196873128414154, 0.0269070602953434, -0.03771361708641052, 0.991452157497406, -0.0344165563583374, 0.011017248034477234, -0.006027554627507925, 0.9993286728858948, -0.537923276424408, 0.5057854056358337, -0.4003002941608429, 0.542751669883728, -0.4267699420452118, -0.002341475570574403, -0.04764626547694206, 0.9031012058258057, 0.07636632770299911, -0.23705725371837616, 0.020650941878557205, 0.968269407749176, -0.0958133414387703, -0.10222422331571579, 0.13622750341892242, 0.9807202219963074, -0.572007954120636, -0.43917155265808105, 0.36158010363578796, 0.5909273624420166, -0.5397364497184753, 0.06071353331208229, 0.2630285322666168, 0.797379732131958, 0.12904004752635956, 0.3161862790584564, -0.03321658447384834, 0.9392931461334229, -0.03504307568073273, 0.25291475653648376, 0.3169587254524231, 0.9134239554405212, 0.0695202574133873, 0.05362408235669136, -0.030747635290026665, 0.995663583278656, -0.46656501293182373, -0.07591003179550171, -0.055079784244298935, 0.8795004487037659, 0.2604730725288391, 0.006976658012717962, 2.8939361129687313e-08, 0.965455949306488, -0.5149354338645935, -0.013791916891932487, 8.909911031196316e-08, 0.8571180105209351, -0.739555835723877, -0.2583875060081482, 0.6038870215415955, 0.14701542258262634, -0.6311652660369873, 0.3638339936733246, 0.6271604299545288, 0.2755449414253235, -0.25644636154174805, -0.009087677113711834, -0.01770755462348461, 0.9663535356521606, 0.5688250660896301, -0.07335145771503448, 0.1096707135438919, 0.8118066191673279, 0.4643711745738983, 0.009751984849572182, 0.087141253054142, 0.8812892436981201, -0.5731576085090637, 0.1594296097755432, 0.5464978218078613, 0.5894172787666321, -0.4423304498195648, -0.0029047599527984858, -0.00034336099633947015, 0.8968473672866821, 0.5480574369430542, 0.014383195899426937, -0.12162955105304718, 0.8274251818656921, 0.4630836248397827, -0.009963124990463257, -0.0751923993229866, 0.8830630779266357, 0.3721480965614319, 0.6736949682235718, -0.1476522833108902, 0.6211600303649902, -0.11716581881046295, 0.03116379864513874, -0.02134527452290058, 0.9923937916755676, -0.03204599767923355, 0.010306044481694698, -0.005708671640604734, 0.9994170069694519, -0.5300671458244324, 0.5059981942176819, -0.4096461236476898, 0.5433090925216675, -0.43566930294036865, -0.029767002910375595, -0.07290879637002945, 0.8966551423072815, 0.07941033691167831, -0.24655556678771973, 0.020945338532328606, 0.9656426310539246, -0.09077963978052139, -0.10016921162605286, 0.12052814662456512, 0.9834623336791992, -0.564982533454895, -0.4422936737537384, 0.3705017864704132, 0.5898301601409912, -0.5428314805030823, 0.04904207959771156, 0.2779775559902191, 0.7909850478172302, 0.12716880440711975, 0.309833288192749, -0.03300614282488823, 0.9416698813438416, -0.04284278675913811, 0.24407899379730225, 0.3131250739097595, 0.9168111085891724, 0.10278293490409851, 0.04514123499393463, -0.03371787816286087, 0.9931067228317261, -0.49447202682495117, -0.04347166046500206, -0.06144034117460251, 0.8659288287162781, 0.2604730725288391, 0.006976673379540443, 2.4116134866858374e-08, 0.9654558897018433, -0.5149354934692383, -0.013791928067803383, 9.127225553129392e-08, 0.8571180105209351, -0.7247247099876404, -0.26054468750953674, 0.619297981262207, 0.15284188091754913, -0.6439169645309448, 0.35214221477508545, 0.6415035724639893, 0.22324888408184052, -0.2174922227859497, -0.012297628447413445, -0.019959043711423874, 0.9757804870605469, 0.5380822420120239, -0.08208241313695908, 0.10242060571908951, 0.8326103687286377, 0.4852541983127594, 0.005400589667260647, 0.09643150120973587, 0.8690225481987, -0.5514333844184875, 0.21646273136138916, 0.5535520911216736, 0.5853590965270996, -0.4221976697444916, -0.001321170711889863, 0.0026411309372633696, 0.9064990282058716, 0.5650893449783325, 0.019233353435993195, -0.11269853264093399, 0.8170698881149292, 0.4717065989971161, -0.009132202714681625, -0.08135872334241867, 0.8779466152191162, 0.3869294226169586, 0.6546682119369507, -0.14901471138000488, 0.6320521235466003, -0.10791908204555511, 0.028747182339429855, -0.005434931721538305, 0.9937291145324707, -0.029874751344323158, 0.00884823128581047, -0.0052188001573085785, 0.9995008707046509, -0.5263423919677734, 0.5006073713302612, -0.414760023355484, 0.5480238795280457, -0.4468870162963867, -0.03992149606347084, -0.10201090574264526, 0.8878581523895264, 0.08368264138698578, -0.2616012990474701, 0.02180326357483864, 0.9612942337989807, -0.09186927229166031, -0.1022431030869484, 0.10235558450222015, 0.9852054119110107, -0.5521047711372375, -0.44995641708374023, 0.3863827884197235, 0.5860272645950317, -0.5388282537460327, 0.0328356958925724, 0.28949064016342163, 0.7904309630393982, 0.12749230861663818, 0.3122207224369049, -0.033701494336128235, 0.9408124685287476, -0.044762175530195236, 0.23434145748615265, 0.3010336458683014, 0.9232871532440186, 0.12838461995124817, 0.0301605723798275, -0.03368736058473587, 0.9906931519508362, -0.5091089606285095, -0.006565925199538469, -0.06567925214767456, 0.8581673502922058, 0.2604730725288391, 0.006976662203669548, 2.6527747110094424e-08, 0.965455949306488, -0.5149354934692383, -0.013791931793093681, 7.931993906140633e-08, 0.8571180105209351, -0.7105485200881958, -0.2608272433280945, 0.6344367265701294, 0.1567801982164383, -0.653326690196991, 0.34140148758888245, 0.649013876914978, 0.18812300264835358, -0.2062544822692871, -0.013241278938949108, -0.020579198375344276, 0.9781923890113831, 0.5189635753631592, -0.09085096418857574, 0.10207536071538925, 0.8438030481338501, 0.48865023255348206, 0.0023174225352704525, 0.10537899285554886, 0.866089403629303, -0.5316659212112427, 0.2631224989891052, 0.5545824766159058, 0.5835548043251038, -0.3803243339061737, 0.001955869374796748, 0.007179604843258858, 0.9248232245445251, 0.5700409412384033, 0.020761165767908096, -0.09741541743278503, 0.8155565857887268, 0.45810428261756897, -0.01404605433344841, -0.08719410002231598, 0.8845000863075256, 0.4024098217487335, 0.6346417665481567, -0.14815540611743927, 0.6429200172424316, -0.09647653251886368, 0.019748970866203308, 0.012182734906673431, 0.9950647950172424, -0.028118085116147995, 0.006927041336894035, -0.004720617085695267, 0.9995694756507874, -0.5251403450965881, 0.4922865629196167, -0.4169870615005493, 0.5549806356430054, -0.45743033289909363, -0.03611442446708679, -0.13345345854759216, 0.8784323930740356, 0.08982546627521515, -0.2844293415546417, 0.023413797840476036, 0.9541923999786377, -0.09693121165037155, -0.1005324050784111, 0.0835060402750969, 0.9866734147071838, -0.5383748412132263, -0.46333548426628113, 0.40340834856033325, 0.5768315196037292, -0.5180483460426331, 0.013454198837280273, 0.2968924343585968, 0.8020597100257874, 0.1310616284608841, 0.3263317346572876, -0.03521624580025673, 0.9354625940322876, -0.04498566314578056, 0.23636303842067719, 0.2904142439365387, 0.9261578917503357, 0.1473783701658249, 0.014157102443277836, -0.03270700201392174, 0.9884378910064697, -0.5049597024917603, 0.025975370779633522, -0.06853516399860382, 0.8600255846977234, 0.2604730427265167, 0.006976667791604996, 2.206626348311147e-08, 0.965455949306488, -0.5149354934692383, -0.013791922479867935, 8.475281276787427e-08, 0.8571180105209351, -0.6990132331848145, -0.258092999458313, 0.6477304697036743, 0.15878845751285553, -0.6633099317550659, 0.3323492109775543, 0.6493746042251587, 0.16696257889270782, -0.2169836312532425, -0.012427078559994698, -0.019667884334921837, 0.975898027420044, 0.5134609937667847, -0.09965253621339798, 0.10808547586202621, 0.8454257845878601, 0.5015735626220703, -0.002736850408837199, 0.11481592804193497, 0.8574577569961548, -0.5200221538543701, 0.3033144772052765, 0.5595976114273071, 0.5695856809616089, -0.3763072192668915, 0.0024549856316298246, 0.008774950169026852, 0.9264501333236694, 0.5574944019317627, 0.016349483281373978, -0.09412103146314621, 0.8246659636497498, 0.41783225536346436, -0.022757485508918762, -0.08142562955617905, 0.9045817852020264, 0.4159899055957794, 0.6164848804473877, -0.1474912464618683, 0.6520315408706665, -0.08369497954845428, 0.004070661962032318, 0.02743033692240715, 0.9961054921150208, -0.026035398244857788, 0.0046073067933321, -0.004047592170536518, 0.9996422529220581, -0.5301685929298401, 0.47820961475372314, -0.41166844964027405, 0.5663619637489319, -0.4644486904144287, -0.021818779408931732, -0.1673373132944107, 0.869373083114624, 0.09657176584005356, -0.3095412254333496, 0.025233076885342598, 0.945632815361023, -0.09366597980260849, -0.1007411926984787, 0.07390382140874863, 0.9877328276634216, -0.5261633396148682, -0.488949716091156, 0.4177607595920563, 0.5563778281211853, -0.4789520502090454, -0.0063950479961931705, 0.2950572967529297, 0.8267437815666199, 0.13374938070774078, 0.33784571290016174, -0.03694773465394974, 0.9309169054031372, -0.056893035769462585, 0.26544347405433655, 0.26506051421165466, 0.9252274632453918, 0.16699865460395813, -0.005798399914056063, -0.0256467554718256, 0.9856064915657043, -0.4926469326019287, 0.054365210235118866, -0.06607379019260406, 0.8660125136375427, 0.2604730427265167, 0.006976670119911432, 2.7010070624555738e-08, 0.965455949306488, -0.5149354934692383, -0.013791927136480808, 8.991403888103378e-08, 0.8571180105209351, -0.6920762658119202, -0.2589981257915497, 0.655373215675354, 0.1563214510679245, -0.6703093647956848, 0.3265685737133026, 0.650020182132721, 0.14667010307312012, -0.23217888176441193, -0.010883176699280739, -0.01859978400170803, 0.972434401512146, 0.5076966881752014, -0.10523416846990585, 0.11342570930719376, 0.8475284576416016, 0.530936062335968, -0.010059703141450882, 0.1235564574599266, 0.8382956385612488, -0.5168329477310181, 0.3154498040676117, 0.5707151889801025, 0.5546704530715942, -0.42236414551734924, -0.0011917364317923784, 0.005886364728212357, 0.9064064025878906, 0.603018581867218, 0.023479770869016647, -0.10123001784086227, 0.7909297347068787, 0.41437774896621704, -0.023589160293340683, -0.08098084479570389, 0.9061880111694336, 0.4311584234237671, 0.6032000184059143, -0.14199858903884888, 0.6558113694190979, -0.07246752083301544, -0.015056516043841839, 0.04435056075453758, 0.9962704181671143, -0.024557791650295258, 0.0024900122079998255, -0.003783267457038164, 0.9996881484985352, -0.5330497026443481, 0.46501001715660095, -0.4071648120880127, 0.577789306640625, -0.4713090658187866, -0.016443977132439613, -0.19734512269496918, 0.8594488501548767, 0.09937997162342072, -0.316240519285202, 0.02439132332801819, 0.9431440234184265, -0.08397836983203888, -0.11856366693973541, 0.06629865616559982, 0.9871650338172913, -0.518099844455719, -0.5228323936462402, 0.42144641280174255, 0.5297187566757202, -0.42286747694015503, -0.017891284078359604, 0.28649821877479553, 0.8595241904258728, 0.1341606229543686, 0.33887267112731934, -0.03858253359794617, 0.9304180145263672, -0.07286187261343002, 0.28684043884277344, 0.2586083710193634, 0.9195300340652466, 0.19398613274097443, -0.028262846171855927, -0.015930410474538803, 0.980467677116394, -0.48448446393013, 0.07119202613830566, -0.061738185584545135, 0.8697096705436707, 0.2604730725288391, 0.006976669654250145, 2.435729484773219e-08, 0.965455949306488, -0.5149354338645935, -0.013791927136480808, 8.964239839315269e-08, 0.8571180105209351, -0.6868318319320679, -0.2561928927898407, 0.662619948387146, 0.15349958837032318, -0.671615719795227, 0.3314363658428192, 0.6503802537918091, 0.1268376111984253, -0.2501000761985779, -0.009204932488501072, -0.017139727249741554, 0.9680245518684387, 0.4924122393131256, -0.09488508105278015, 0.12333019077777863, 0.8563390970230103, 0.5426669716835022, -0.013707078993320465, 0.12515297532081604, 0.8304585814476013, -0.5239616632461548, 0.31393709778785706, 0.5815996527671814, 0.5372610688209534, -0.4448806941509247, -0.0029140927363187075, 0.004757012240588665, 0.8955724835395813, 0.6396833062171936, 0.029109394177794456, -0.10494575649499893, 0.7608839273452759, 0.41504213213920593, -0.023422855883836746, -0.08115556836128235, 0.905872642993927, 0.44510623812675476, 0.5915607213973999, -0.13917790353298187, 0.6576974987983704, -0.06507735699415207, -0.03715468943119049, 0.05705222114920616, 0.9955548644065857, -0.022868074476718903, 0.0002709664113353938, -0.003613807028159499, 0.9997319579124451, -0.5387561917304993, 0.4558619558811188, -0.39997169375419617, 0.5847686529159546, -0.47688013315200806, -0.020343810319900513, -0.22148436307907104, 0.8503623604774475, 0.09516926854848862, -0.29876604676246643, 0.02232869528234005, 0.9493066668510437, -0.07643727958202362, -0.15126468241214752, 0.054278161376714706, 0.9840377569198608, -0.5174253582954407, -0.5614270567893982, 0.41271233558654785, 0.4967285692691803, -0.3585285544395447, -0.04237224534153938, 0.260200172662735, 0.8955209255218506, 0.12860551476478577, 0.3200562596321106, -0.03876018524169922, 0.9378284811973572, -0.0822659581899643, 0.2959286868572235, 0.2666986584663391, 0.9135263562202454, 0.2217613160610199, -0.046989548951387405, -0.0057573216035962105, 0.9739511013031006, -0.48169317841529846, 0.07187534868717194, -0.05610701069235802, 0.8715834021568298, 0.2604730427265167, 0.006976666394621134, 2.761297324127554e-08, 0.9654558897018433, -0.5149354934692383, -0.013791922479867935, 9.018568647434222e-08, 0.8571180105209351, -0.6702800989151001, -0.25346556305885315, 0.6798510551452637, 0.1558278650045395, -0.6591537594795227, 0.34138837456703186, 0.6600493788719177, 0.11534804105758667, -0.2877269387245178, -0.005948892794549465, -0.014217379502952099, 0.9575884938240051, 0.4748679995536804, -0.06334972381591797, 0.1502906233072281, 0.8648120760917664, 0.4739286005496979, -0.0012346083531156182, 0.1057359054684639, 0.8741911053657532, -0.5329334735870361, 0.30274736881256104, 0.6000130772590637, 0.5141112208366394, -0.4357703924179077, -0.0021970111411064863, 0.005855899304151535, 0.9000361561775208, 0.6552552580833435, 0.03652175888419151, -0.09649548679590225, 0.7483283877372742, 0.41724541783332825, -0.022455887869000435, -0.07997000962495804, 0.9049899578094482, 0.448683500289917, 0.5908409953117371, -0.13475137948989868, 0.6568349599838257, -0.05831276997923851, -0.05665406584739685, 0.058913156390190125, 0.9949468374252319, -0.022579068318009377, -0.0014779351186007261, -0.0036192205734550953, 0.9997374415397644, -0.5341705679893494, 0.44873130321502686, -0.40510785579681396, 0.5909228324890137, -0.5005183219909668, -0.02919185534119606, -0.24474908411502838, 0.8298958539962769, 0.08880414813756943, -0.2745322585105896, 0.0201269444078207, 0.9572569131851196, -0.07587473839521408, -0.16307292878627777, 0.05109697952866554, 0.9823641777038574, -0.5223646759986877, -0.5812422037124634, 0.3992655873298645, 0.4794577658176422, -0.33852896094322205, -0.1000945121049881, 0.17967361211776733, 0.9182029366493225, 0.12200208008289337, 0.2992732524871826, -0.039057258516550064, 0.9455292224884033, -0.05904131755232811, 0.2594372630119324, 0.31684812903404236, 0.9103920459747314, 0.25133755803108215, -0.07017786055803299, 0.002999104093760252, 0.9653473496437073, -0.47638729214668274, 0.06956607848405838, -0.052544355392456055, 0.8749027848243713, 0.26047301292419434, 0.006976666860282421, 2.6527747110094424e-08, 0.965455949306488, -0.5149354934692383, -0.013791914097964764, 7.334377727374886e-08, 0.8571180105209351, -0.6552913784980774, -0.25084856152534485, 0.6954891681671143, 0.15480011701583862, -0.6352288126945496, 0.3362082540988922, 0.6739365458488464, 0.17104971408843994, -0.3658532500267029, 0.001006247359327972, -0.008750919252634048, 0.9306308627128601, 0.5052928328514099, -0.011065040715038776, 0.16611537337303162, 0.8467363715171814, 0.4443407654762268, 0.0026267776265740395, 0.0962812751531601, 0.8906651139259338, -0.5370479822158813, 0.2827315926551819, 0.6180421710014343, 0.49966615438461304, -0.4103357791900635, -0.00034787008189596236, 0.007384966127574444, 0.9119045734405518, 0.6471421122550964, 0.049425724893808365, -0.0830293595790863, 0.7562211155891418, 0.4315725564956665, -0.019477318972349167, -0.07696718722581863, 0.8985776901245117, 0.43887749314308167, 0.5945869088172913, -0.13464413583278656, 0.6600939035415649, -0.0498308427631855, -0.05918014422059059, 0.05433095619082451, 0.9955213665962219, -0.024044781923294067, -0.001765153487212956, -0.003508943598717451, 0.9997031688690186, -0.5294796824455261, 0.4481002390384674, -0.411361962556839, 0.5913026928901672, -0.5122195482254028, -0.038211673498153687, -0.28084102272987366, 0.810740053653717, 0.08520060032606125, -0.25984230637550354, 0.018400199711322784, 0.9617090821266174, -0.07485582679510117, -0.15966282784938812, 0.05462179332971573, 0.982812762260437, -0.5241407752037048, -0.5872241258621216, 0.3952682912349701, 0.4735053479671478, -0.37068164348602295, -0.19082003831863403, 0.04276838153600693, 0.9079392552375793, 0.1253916472196579, 0.31562668085098267, -0.042009152472019196, 0.9396232962608337, -0.03925321251153946, 0.20851068198680878, 0.36824873089790344, 0.905193567276001, 0.2923312485218048, -0.08925148099660873, 0.010823887772858143, 0.9520816206932068, -0.466957151889801, 0.062453895807266235, -0.0479591079056263, 0.8807669878005981, 0.2604730427265167, 0.0069766719825565815, 2.6407166231479096e-08, 0.965455949306488, -0.5149354934692383, -0.013791918754577637, 7.986322714259586e-08, 0.8571180105209351, -0.6517584919929504, -0.24469538033008575, 0.7027527689933777, 0.14653892815113068, -0.5964842438697815, 0.3502201437950134, 0.6729201078414917, 0.26216578483581543, -0.4496263563632965, 0.008634112775325775, -0.002945041749626398, 0.893170177936554, 0.536831796169281, 0.017938651144504547, 0.17621974647045135, 0.8248857259750366, 0.4865177571773529, -0.007468732073903084, 0.10492957383394241, 0.8673145174980164, -0.5423088669776917, 0.2596514821052551, 0.6277816891670227, 0.49434033036231995, -0.3756440579891205, 0.0021763609256595373, 0.009433409199118614, 0.9267134666442871, 0.6218626499176025, 0.05556647107005119, -0.06888100504875183, 0.7781096696853638, 0.45691514015197754, -0.017699141055345535, -0.08159337192773819, 0.8855833411216736, 0.42634090781211853, 0.599682629108429, -0.13746091723442078, 0.6631128787994385, -0.039854008704423904, -0.059706494212150574, 0.04787695035338402, 0.9962703585624695, -0.025978878140449524, -0.001998001243919134, -0.003207904752343893, 0.9996553659439087, -0.5309025645256042, 0.4516567587852478, -0.4112641513347626, 0.5873758792877197, -0.5201225876808167, -0.036407098174095154, -0.30596473813056946, 0.7965755462646484, 0.08035466820001602, -0.2408166527748108, 0.016435988247394562, 0.9670988917350769, -0.07837995141744614, -0.14611957967281342, 0.044978607445955276, 0.985130786895752, -0.5247390866279602, -0.5899561643600464, 0.39484891295433044, 0.4697818458080292, -0.4032975137233734, -0.26349279284477234, -0.05681689828634262, 0.8744681477546692, 0.1251082718372345, 0.31774216890335083, -0.04375375807285309, 0.9388681650161743, 0.008414157666265965, 0.19728459417819977, 0.3036104440689087, 0.9321098327636719, 0.3363393247127533, -0.09587430208921432, 0.01748928613960743, 0.9366846084594727, -0.4550516605377197, 0.05044929310679436, -0.0407932847738266, 0.888098418712616, 0.2604730427265167, 0.0069766719825565815, 2.7492392362660212e-08, 0.965455949306488, -0.5149354934692383, -0.01379192341119051, 7.87766509802168e-08, 0.8571180105209351, -0.6573857069015503, -0.23854507505893707, 0.702154815196991, 0.13386166095733643, -0.5423116683959961, 0.3975203037261963, 0.6523804664611816, 0.34967902302742004, -0.5111209154129028, 0.014403154142200947, 0.0014569915365427732, 0.8593869209289551, 0.5657755136489868, 0.025974689051508904, 0.19437892735004425, 0.8008996844291687, 0.5040578842163086, -0.011815084144473076, 0.10838328301906586, 0.8567608594894409, -0.5508617162704468, 0.2283652424812317, 0.6314587593078613, 0.4956415593624115, -0.3316754102706909, 0.005383885465562344, 0.012284697964787483, 0.9432982206344604, 0.5858031511306763, 0.059274137020111084, -0.05646323785185814, 0.806308388710022, 0.4866179823875427, -0.014341223053634167, -0.08765164762735367, 0.8690882921218872, 0.41124817728996277, 0.6099606156349182, -0.13647565245628357, 0.6634737253189087, -0.02976720780134201, -0.060738563537597656, 0.04024561867117882, 0.9968976974487305, -0.028356796130537987, -0.0019825478084385395, -0.0030942067969590425, 0.9995911717414856, -0.5307837128639221, 0.4548073410987854, -0.4128684103488922, 0.5839166045188904, -0.5303375124931335, -0.028710655868053436, -0.3201054036617279, 0.7845064401626587, 0.07549366354942322, -0.22150477766990662, 0.0145346000790596, 0.9721239805221558, -0.07426351308822632, -0.10929551720619202, 0.04376422241330147, 0.9902646541595459, -0.5261332392692566, -0.5899153351783752, 0.3947380483150482, 0.46836477518081665, -0.43387675285339355, -0.2852286994457245, -0.09764537215232849, 0.8490353226661682, 0.10438457131385803, 0.24842378497123718, -0.040365882217884064, 0.9621642827987671, 0.048916902393102646, 0.2086998075246811, 0.15592044591903687, 0.964230477809906, 0.37381619215011597, -0.0918198972940445, 0.023871781304478645, 0.922637939453125, -0.4332888424396515, 0.037277717143297195, -0.03092893958091736, 0.8999525308609009, 0.2604730427265167, 0.006976666394621134, 1.808709981787615e-08, 0.9654558897018433, -0.5149354338645935, -0.013791927136480808, 5.324215024415935e-08, 0.8571180105209351, -0.6646953821182251, -0.23408937454223633, 0.6990610361099243, 0.12122656404972076, -0.4788570702075958, 0.4529540538787842, 0.6146529316902161, 0.4332786500453949, -0.5320042371749878, 0.01651681400835514, 0.002613059477880597, 0.8465765118598938, 0.595742404460907, 0.025999322533607483, 0.21206697821617126, 0.774236798286438, 0.4910968244075775, -0.009650066494941711, 0.10549291968345642, 0.8646398782730103, -0.5586555600166321, 0.19634833931922913, 0.632361888885498, 0.4994695782661438, -0.2892434000968933, 0.008420271798968315, 0.015195474028587341, 0.9570979475975037, 0.5452615022659302, 0.06291313469409943, -0.047828514128923416, 0.8345323801040649, 0.5151105523109436, -0.009111558087170124, -0.09238896518945694, 0.8520812392234802, 0.3880360722541809, 0.6293500661849976, -0.12843923270702362, 0.660946249961853, -0.022906791418790817, -0.05640198662877083, 0.028305847197771072, 0.9977439045906067, -0.03161083906888962, -0.0015828589675948024, -0.003319469280540943, 0.9994934797286987, -0.5243309736251831, 0.45771557092666626, -0.4216645359992981, 0.5811820030212402, -0.5397423505783081, -0.009322117082774639, -0.31059420108795166, 0.7823826670646667, 0.07424730062484741, -0.2167370766401291, 0.01409035176038742, 0.9733005166053772, -0.06401565670967102, -0.07042067497968674, 0.04256861284375191, 0.9945505857467651, -0.5306075811386108, -0.5852482914924622, 0.3926663100719452, 0.4709067642688751, -0.47575700283050537, -0.24560429155826569, -0.05297444015741348, 0.8429279327392578, 0.06828770786523819, 0.12524759769439697, -0.03221375122666359, 0.9892482757568359, 0.043224021792411804, 0.2191644161939621, 0.013138369657099247, 0.9746415019035339, 0.39955806732177734, -0.08235438913106918, 0.02722208760678768, 0.9125952124595642, -0.3970385193824768, 0.02373626083135605, -0.02159157581627369, 0.9172408580780029, 0.2604730725288391, 0.00697668269276619, 1.8328261575106808e-08, 0.965455949306488, -0.5149354934692383, -0.013791912235319614, 7.714678673664821e-08, 0.8571180105209351, -0.6634726524353027, -0.226896271109581, 0.7031174302101135, 0.11810164898633957, -0.42423900961875916, 0.5063408017158508, 0.5714247822761536, 0.4869436025619507, -0.5032995343208313, 0.01391853392124176, 0.000768754631280899, 0.8639995455741882, 0.5953390002250671, 0.01085616834461689, 0.20696620643138885, 0.7762851715087891, 0.4578760862350464, -0.004677193239331245, 0.09864392876625061, 0.8835140466690063, -0.558736264705658, 0.18822108209133148, 0.6335077285766602, 0.501053512096405, -0.2819187045097351, 0.00893862172961235, 0.015886684879660606, 0.9592651724815369, 0.5090257525444031, 0.06377970427274704, -0.0480639822781086, 0.8570383787155151, 0.5309416055679321, -0.004716861993074417, -0.0977163314819336, 0.8417423963546753, 0.36090219020843506, 0.65095454454422, -0.12034361064434052, 0.6569057703018188, -0.025774996727705002, -0.04354793578386307, 0.012270774692296982, 0.9986434578895569, -0.03586975485086441, -0.0010952589800581336, -0.00350721413269639, 0.9993497133255005, -0.5172173976898193, 0.4595568776130676, -0.43097421526908875, 0.5792710185050964, -0.5433874130249023, 0.02537352778017521, -0.28749606013298035, 0.7883098125457764, 0.07623882591724396, -0.22499173879623413, 0.014892743900418282, 0.9712592959403992, -0.05510798096656799, -0.06456725299358368, 0.057725146412849426, 0.994717001914978, -0.5355550646781921, -0.5699423551559448, 0.3940690755844116, 0.48275893926620483, -0.5549723505973816, -0.2204623520374298, 0.09506525099277496, 0.7964701056480408, 0.08690010011196136, 0.18512317538261414, -0.0341871939599514, 0.9782683849334717, -0.006974749732762575, 0.24506878852844238, -0.06711055338382721, 0.9671550393104553, 0.3905341327190399, -0.0715956911444664, 0.024795470759272575, 0.9174651503562927, -0.3402795195579529, 0.01271380577236414, -0.015627827495336533, 0.9401084780693054, 0.2604730725288391, 0.006976673845201731, 6.752517656138934e-09, 0.9654558897018433, -0.5149354934692383, -0.013791928999125957, 7.823336289902727e-08, 0.8571180105209351, -0.6498583555221558, -0.2198125571012497, 0.7154064774513245, 0.13251493871212006, -0.39470192790031433, 0.5587655305862427, 0.5507094860076904, 0.4782370924949646, -0.4303301274776459, 0.007397699635475874, -0.0032196983229368925, 0.9026355147361755, 0.5890597105026245, -0.016153771430253983, 0.18068605661392212, 0.7874644994735718, 0.41318434476852417, 0.0019234068458899856, 0.0893440842628479, 0.9062519669532776, -0.5590531826019287, 0.18821892142295837, 0.643311619758606, 0.48804032802581787, -0.2965390086174011, 0.007938061840832233, 0.015351361595094204, 0.9548643827438354, 0.480912446975708, 0.0691438689827919, -0.051714785397052765, 0.8725067377090454, 0.529481828212738, -0.002454424276947975, -0.10004556179046631, 0.8423976898193359, 0.3424624800682068, 0.6663473844528198, -0.12004204094409943, 0.6513760089874268, -0.05010005831718445, -0.02669033221900463, -0.0028690064791589975, 0.9983834028244019, -0.04024900123476982, -9.00314626051113e-05, -0.003829249879345298, 0.9991823434829712, -0.5121977925300598, 0.46487054228782654, -0.4370092749595642, 0.5749537944793701, -0.5413728356361389, 0.064393050968647, -0.2650865614414215, 0.7952975034713745, 0.07716965675354004, -0.22918188571929932, 0.015475574880838394, 0.9701963663101196, -0.05033157020807266, -0.06567009538412094, 0.09346926957368851, 0.9921782612800598, -0.5418425798416138, -0.5340234637260437, 0.3963647186756134, 0.5139267444610596, -0.6273092031478882, -0.16717997193336487, 0.23216013610363007, 0.7243173718452454, 0.11713490635156631, 0.28371092677116394, -0.0366852730512619, 0.9510214328765869, -0.06903422623872757, 0.28005048632621765, -0.10186111927032471, 0.9520663619041443, 0.33862921595573425, -0.04826754331588745, 0.011689183302223682, 0.9396083354949951, -0.27004343271255493, -0.009768650867044926, -0.016310589388012886, 0.9626604318618774, 0.2604730725288391, 0.0069766780361533165, 1.736361632254102e-08, 0.9654558897018433, -0.5149354934692383, -0.013791914097964764, 8.14930842807371e-08, 0.8571180105209351, -0.6242683529853821, -0.2170390784740448, 0.7317655086517334, 0.16644014418125153, -0.3997582793235779, 0.5925149917602539, 0.5495939254760742, 0.43251103162765503, -0.3421669900417328, 9.098504961002618e-06, -0.008529202081263065, 0.9396004676818848, 0.556738018989563, -0.024861790239810944, 0.13994698226451874, 0.8184372782707214, 0.3793140947818756, 0.006696569267660379, 0.08220275491476059, 0.9215849041938782, -0.559407114982605, 0.19213244318962097, 0.664463460445404, 0.45676809549331665, -0.33377009630203247, 0.005338611081242561, 0.013301055878400803, 0.9425455927848816, 0.46109718084335327, 0.08540070056915283, -0.05678895115852356, 0.8814029693603516, 0.52694171667099, 0.00025071154232136905, -0.10216335952281952, 0.8437387347221375, 0.3308556079864502, 0.6756791472434998, -0.1287219375371933, 0.6460827589035034, -0.08162055909633636, -0.009718415327370167, -0.019027167931199074, 0.9964344501495361, -0.04343333840370178, 0.0017146015306934714, -0.004338087048381567, 0.9990454316139221, -0.5102517604827881, 0.47461384534835815, -0.4385906159877777, 0.567470908164978, -0.5325254797935486, 0.09833492338657379, -0.2527889013290405, 0.8017759323120117, 0.0739135891199112, -0.21733060479164124, 0.014778315089643002, 0.9731833338737488, -0.052886731922626495, -0.06849376112222672, 0.12056120485067368, 0.9889270067214966, -0.5459585785865784, -0.4820619523525238, 0.39772897958755493, 0.5579939484596252, -0.6593053340911865, -0.07627061009407043, 0.31663545966148376, 0.6776734590530396, 0.12601931393146515, 0.30709052085876465, -0.03465979918837547, 0.9426628351211548, -0.11172297596931458, 0.28726813197135925, -0.11905986070632935, 0.943832516670227, 0.24595986306667328, -0.004781270865350962, -0.011328831315040588, 0.9692020416259766, -0.2012348175048828, -0.05056455731391907, -0.02085168845951557, 0.9780148267745972, 0.2604730725288391, 0.00697666360065341, 3.8766685861446604e-08, 0.965455949306488, -0.5149354934692383, -0.013791928999125957, 8.122144379285601e-08, 0.8571180105209351, -0.5979775786399841, -0.22041837871074677, 0.7438986301422119, 0.20113018155097961, -0.44437453150749207, 0.5628397464752197, 0.535529375076294, 0.44603919982910156, -0.3330559730529785, -0.0004959981888532639, -0.01098919939249754, 0.9428429007530212, 0.44240617752075195, 0.0382474847137928, 0.12447689473628998, 0.8873102068901062, 0.3975512981414795, 0.003138954984024167, 0.0862484946846962, 0.913512110710144, -0.5499222874641418, 0.19316886365413666, 0.6844480633735657, 0.43795207142829895, -0.40197983384132385, 0.00047870591515675187, 0.008285448886454105, 0.9156109094619751, 0.44311732053756714, 0.11722129583358765, -0.06058056652545929, 0.8866996765136719, 0.5285468101501465, 0.003113070037215948, -0.10406613349914551, 0.8424956202507019, 0.32299768924713135, 0.6845224499702454, -0.13656675815582275, 0.6391017436981201, -0.08821065723896027, -0.0012553657870739698, -0.034502431750297546, 0.9955033659934998, -0.04405859112739563, 0.0031589020509272814, -0.004975986201316118, 0.9990115761756897, -0.5134496092796326, 0.4948495626449585, -0.43370285630226135, 0.5508132576942444, -0.5095332860946655, 0.1382443904876709, -0.24406784772872925, 0.8134465217590332, 0.06901995837688446, -0.200849711894989, 0.014012409374117851, 0.977087140083313, -0.0665527880191803, -0.065027616918087, 0.10031392425298691, 0.9905954599380493, -0.5502956509590149, -0.45439574122428894, 0.39122655987739563, 0.5810688734054565, -0.645577609539032, -0.04039498791098595, 0.36268287897109985, 0.6708643436431885, 0.13712044060230255, 0.3427104353904724, -0.03453431650996208, 0.9287383556365967, -0.14404505491256714, 0.22731268405914307, -0.06313683092594147, 0.9610378742218018, 0.12731748819351196, 0.05340185761451721, -0.04045328497886658, 0.9895969033241272, -0.1319035291671753, -0.1071893572807312, -0.0241403728723526, 0.985154390335083, 0.2604730725288391, 0.006976669188588858, 2.3874973109627717e-08, 0.965455949306488, -0.5149354934692383, -0.013791931793093681, 9.072896745010439e-08, 0.8571180105209351, -0.5949887633323669, -0.22860488295555115, 0.7376083731651306, 0.22285008430480957, -0.469718337059021, 0.5305327773094177, 0.518551230430603, 0.47854405641555786, -0.4277031123638153, 0.0074281091801822186, -0.0056604347191751, 0.9038710594177246, 0.5114365220069885, 0.025637954473495483, 0.1744144856929779, 0.841044008731842, 0.39774590730667114, 0.0032765057403594255, 0.08640644699335098, 0.9134119153022766, -0.5407605171203613, 0.18794605135917664, 0.6802581548690796, 0.4577151834964752, -0.4982369840145111, -0.006916712503880262, 7.57093439460732e-05, 0.8670133352279663, 0.4194042682647705, 0.12405452132225037, -0.07418378442525864, 0.8962182998657227, 0.429985910654068, -0.01592843420803547, -0.08192770928144455, 0.8989695310592651, 0.3151898980140686, 0.6934431791305542, -0.12527990341186523, 0.6356861591339111, -0.09385708719491959, 0.0016275106463581324, -0.03912452235817909, 0.9948152899742126, -0.044733498245477676, 0.004116915166378021, -0.005520022939890623, 0.9989752173423767, -0.5217147469520569, 0.5129936933517456, -0.42210036516189575, 0.535240650177002, -0.4753425419330597, 0.1751745641231537, -0.21342141926288605, 0.8353530168533325, 0.06885301321744919, -0.2022496610879898, 0.014908667653799057, 0.9767968654632568, -0.06250482052564621, -0.058607496321201324, 0.09099847823381424, 0.992158055305481, -0.5589721202850342, -0.46399226784706116, 0.3812969923019409, 0.5717290043830872, -0.6151763796806335, -0.056621652096509933, 0.3412686586380005, 0.708440363407135, 0.14173553884029388, 0.3601015508174896, -0.03596898913383484, 0.9213816523551941, -0.12459445744752884, 0.16238701343536377, 0.08999942243099213, 0.9746829271316528, 0.09819532185792923, 0.05609258636832237, -0.050218112766742706, 0.9923152327537537, -0.12552300095558167, -0.1026415303349495, -0.03301938623189926, 0.9862142205238342, 0.2604731023311615, 0.006976674310863018, 2.6407166231479096e-08, 0.965455949306488, -0.5149354934692383, -0.01379192154854536, 8.475281276787427e-08, 0.8571180105209351, -0.6074941754341125, -0.23941916227340698, 0.7219164967536926, 0.22905442118644714, -0.48145896196365356, 0.506798505783081, 0.5225743651390076, 0.4881276786327362, -0.4692043662071228, 0.010973270982503891, -0.002755074528977275, 0.8830171227455139, 0.5515009760856628, 0.015610426664352417, 0.1772136688232422, 0.8149836659431458, 0.3980899751186371, 0.00323727959766984, 0.08683045953512192, 0.9132219552993774, -0.5347885489463806, 0.1959315985441208, 0.6628708839416504, 0.48601868748664856, -0.5792196393013, -0.012835459783673286, -0.007072304375469685, 0.8150398135185242, 0.40355679392814636, 0.10881854593753815, -0.11366043239831924, 0.9013222455978394, 0.27369225025177, -0.04391586035490036, -0.04657358676195145, 0.9596847891807556, 0.3146480321884155, 0.6994755864143372, -0.1136523187160492, 0.6315169930458069, -0.11173346638679504, 0.002171026775613427, -0.04106045886874199, 0.9928871989250183, -0.045227356255054474, 0.005611979868263006, -0.005961243528872728, 0.9989432096481323, -0.536298930644989, 0.5118889212608337, -0.4061371088027954, 0.5342338681221008, -0.44557246565818787, 0.17722263932228088, -0.1751095950603485, 0.8598802089691162, 0.060773566365242004, -0.17620310187339783, 0.014265108853578568, 0.9823724031448364, -0.06043892353773117, -0.05933104082942009, 0.1308499127626419, 0.9877779483795166, -0.5637779235839844, -0.4757765531539917, 0.3771311640739441, 0.5599672198295593, -0.5933552384376526, -0.05475059896707535, 0.29667729139328003, 0.7462670207023621, 0.13630659878253937, 0.34507158398628235, -0.03623240441083908, 0.9279188513755798, -0.0306992344558239, 0.15384405851364136, 0.17174838483333588, 0.9725698232650757, 0.11992669105529785, 0.06127028167247772, -0.05346187576651573, 0.9894469976425171, -0.15282246470451355, -0.11167427152395248, -0.03466439247131348, 0.9813116788864136, 0.2604730725288391, 0.0069766719825565815, 2.6407166231479096e-08, 0.9654558897018433, -0.5149354934692383, -0.01379192341119051, 8.257966044311615e-08, 0.8571180105209351, -0.6217706203460693, -0.24764664471149445, 0.7071398496627808, 0.22809137403964996, -0.4932914972305298, 0.4830813407897949, 0.5326213836669922, 0.4895003139972687, -0.4770462214946747, 0.011524781584739685, -0.002456151880323887, 0.8787992000579834, 0.5727893710136414, 0.010951204225420952, 0.17349594831466675, 0.8010565638542175, 0.3985127806663513, 0.0030524388421326876, 0.08706449717283249, 0.9130159020423889, -0.5343040227890015, 0.22112716734409332, 0.638323962688446, 0.5080989003181458, -0.6347440481185913, -0.017314676195383072, -0.012630414217710495, 0.7724252343177795, 0.42573192715644836, 0.08110105991363525, -0.14352676272392273, 0.8897050619125366, 0.24453987181186676, -0.04882271960377693, -0.03807312622666359, 0.9676606059074402, 0.31797268986701965, 0.6988922953605652, -0.10846171528100967, 0.6314103007316589, -0.11800021678209305, 0.00427142484113574, -0.03779943659901619, 0.9922847151756287, -0.04523985832929611, 0.006855899468064308, -0.005732137709856033, 0.9989362359046936, -0.5435695052146912, 0.4966273307800293, -0.3991395831108093, 0.5464258790016174, -0.44183972477912903, 0.15903204679489136, -0.13209664821624756, 0.8729472756385803, 0.047330375760793686, -0.12804588675498962, 0.011229641735553741, 0.9905745983123779, -0.0810912698507309, -0.04515235498547554, 0.14858585596084595, 0.9845343232154846, -0.557490885257721, -0.47250819206237793, 0.3842366635799408, 0.5641828775405884, -0.5823457837104797, -0.030531002208590508, 0.2798740267753601, 0.7626347541809082, 0.12999936938285828, 0.3211652338504791, -0.03569890186190605, 0.9373785853385925, 0.08166059106588364, 0.22629261016845703, 0.14568400382995605, 0.9596350193023682, 0.11735155433416367, 0.07388173788785934, -0.05827770754694939, 0.9886221885681152, -0.15809418261051178, -0.1254015415906906, -0.03330020233988762, 0.9788625240325928, 0.2604730725288391, 0.006976674310863018, 2.2005972155625386e-08, 0.9654558897018433, -0.5149354934692383, -0.013791925273835659, 8.312294852430568e-08, 0.8571180105209351, -0.6404247283935547, -0.2566491365432739, 0.6899032592773438, 0.2191368043422699, -0.5079604983329773, 0.45229572057724, 0.548793613910675, 0.4860353171825409, -0.45045989751815796, 0.008970478549599648, -0.005548409186303616, 0.8927343487739563, 0.5756804943084717, 0.011618118733167648, 0.16713657975196838, 0.8003264665603638, 0.3987674117088318, 0.002705146325752139, 0.08694286644458771, 0.91291743516922, -0.5346298813819885, 0.24148735404014587, 0.6064236164093018, 0.5367541909217834, -0.6556646227836609, -0.019990224391222, -0.016323424875736237, 0.754611074924469, 0.45841073989868164, 0.05819249153137207, -0.13520397245883942, 0.8764662742614746, 0.3444150388240814, -0.03220506012439728, -0.05566561967134476, 0.9366122484207153, 0.32297176122665405, 0.697389543056488, -0.10297860950231552, 0.631452739238739, -0.1099180057644844, 0.007665404584258795, -0.03021233156323433, 0.9934518337249756, -0.04464062675833702, 0.007117806933820248, -0.00524190254509449, 0.9989640116691589, -0.5344123244285583, 0.4812479019165039, -0.4091643691062927, 0.5615947246551514, -0.4620840549468994, 0.10660143196582794, -0.10156559944152832, 0.8745278120040894, 0.0393306203186512, -0.09487184882164001, 0.007770008407533169, 0.9946818947792053, -0.09393744170665741, -0.017366405576467514, 0.15398435294628143, 0.9834444522857666, -0.555074155330658, -0.4684829115867615, 0.38550132513046265, 0.5690388679504395, -0.5676618218421936, -0.003985193558037281, 0.27833303809165955, 0.7747741341590881, 0.12158387899398804, 0.2871420979499817, -0.034157078713178635, 0.9495262503623962, 0.07673870027065277, 0.30794164538383484, 0.11654014140367508, 0.9411171674728394, 0.10878285765647888, 0.06711350381374359, -0.056735869497060776, 0.9901732802391052, -0.16560566425323486, -0.12497653812170029, -0.032774630934000015, 0.9776918888092041, 0.2604730725288391, 0.006976670119911432, 2.4417586175218275e-08, 0.965455949306488, -0.5149354934692383, -0.013791932724416256, 8.964239839315269e-08, 0.8571180105209351, -0.6545315980911255, -0.26577121019363403, 0.6758198738098145, 0.21028928458690643, -0.525728702545166, 0.423832505941391, 0.5696348547935486, 0.4684993028640747, -0.40454164147377014, 0.004568328149616718, -0.008583842776715755, 0.9144678711891174, 0.5697476863861084, 0.013104657642543316, 0.15335632860660553, 0.8072779774665833, 0.39913317561149597, 0.0025175451301038265, 0.08723632246255875, 0.9127300977706909, -0.5259599685668945, 0.24915975332260132, 0.5833300948143005, 0.5665788650512695, -0.6382455229759216, -0.017742756754159927, -0.015846895053982735, 0.7694652676582336, 0.4708310663700104, 0.05373469367623329, -0.12344954907894135, 0.8718892931938171, 0.41957587003707886, -0.017885824665427208, -0.0685935840010643, 0.9049481749534607, 0.3283456265926361, 0.6933650374412537, -0.10143430531024933, 0.6333602666854858, -0.1025901809334755, 0.009079445153474808, -0.02609408274292946, 0.9943399429321289, -0.0421915203332901, 0.008067416958510876, -0.005401266738772392, 0.9990624189376831, -0.5348532795906067, 0.47288474440574646, -0.4086625874042511, 0.5686007142066956, -0.46762147545814514, 0.04661223292350769, -0.11202208697795868, 0.8755618333816528, 0.042635973542928696, -0.10774955153465271, 0.009572473354637623, 0.9932172894477844, -0.11172641813755035, -0.0472189299762249, 0.18417975306510925, 0.9753796458244324, -0.5575945973396301, -0.4687059223651886, 0.38283586502075195, 0.5681899189949036, -0.5533093214035034, 0.01142028160393238, 0.26740550994873047, 0.7888045907020569, 0.11085717380046844, 0.25263673067092896, -0.031619440764188766, 0.9606693387031555, -0.01047628652304411, 0.32205110788345337, 0.16270510852336884, 0.9325772523880005, 0.11615963280200958, 0.05947282165288925, -0.050813619047403336, 0.9901453852653503, -0.18598675727844238, -0.12087195366621017, -0.029316652566194534, 0.9746484160423279, 0.2604730725288391, 0.006976671051234007, 2.7974715877121525e-08, 0.965455949306488, -0.5149355530738831, -0.013791928067803383, 8.801254125501146e-08, 0.8571179509162903, -0.6659062504768372, -0.2736527919769287, 0.6635395288467407, 0.20346605777740479, -0.5433636903762817, 0.3997379541397095, 0.5880078673362732, 0.44633203744888306, -0.36161863803863525, 0.0005992634105496109, -0.011794383637607098, 0.9322512745857239, 0.5656293630599976, 0.01176427211612463, 0.13802951574325562, 0.8129408955574036, 0.39941713213920593, 0.0022055807057768106, 0.08732051402330399, 0.9125986099243164, -0.5171948671340942, 0.251433789730072, 0.5699676275253296, 0.586879551410675, -0.5990828275680542, -0.014708169735968113, -0.013083919882774353, 0.800445020198822, 0.4936363995075226, 0.05304720252752304, -0.1104881539940834, 0.8609886765480042, 0.49462786316871643, -0.003836309537291527, -0.08211512863636017, 0.8652084469795227, 0.33474481105804443, 0.6864973306655884, -0.10281234979629517, 0.6372573971748352, -0.09449545294046402, 0.00820085033774376, -0.020235108211636543, 0.9952858686447144, -0.04010079428553581, 0.008135647512972355, -0.005205248016864061, 0.999148964881897, -0.5366235971450806, 0.47021275758743286, -0.40640172362327576, 0.5707651376724243, -0.4673672318458557, -0.008947991766035557, -0.13245563209056854, 0.8740385174751282, 0.05389796942472458, -0.14752472937107086, 0.011855092830955982, 0.9875175952911377, -0.13689802587032318, -0.09437484294176102, 0.1663588434457779, 0.9719449877738953, -0.5573985576629639, -0.4665381610393524, 0.38281574845314026, 0.5701764225959778, -0.5392436981201172, 0.02020006813108921, 0.26363781094551086, 0.7995644211769104, 0.10592561960220337, 0.23539337515830994, -0.030341370031237602, 0.9656340479850769, -0.06130777671933174, 0.3327271640300751, 0.203217551112175, 0.9188235402107239, 0.131088525056839, 0.05247189849615097, -0.04512282460927963, 0.9889522194862366, -0.20775729417800903, -0.11188406497240067, -0.02731499820947647, 0.9713767170906067, 0.2604730427265167, 0.006976673379540443, 2.592484449337462e-08, 0.965455949306488, -0.5149354934692383, -0.013791928067803383, 8.257966044311615e-08, 0.8571180105209351, -0.6773245334625244, -0.2827647626399994, 0.6494452953338623, 0.1987370252609253, -0.5608024001121521, 0.3759519159793854, 0.6021298766136169, 0.42614611983299255, -0.33026012778282166, -0.00229239952750504, -0.014358721673488617, 0.9437779784202576, 0.566930890083313, 0.007288911379873753, 0.12337855249643326, 0.8144409656524658, 0.3997175395488739, 0.001873886794783175, 0.08745366334915161, 0.9124550819396973, -0.5093708038330078, 0.2436937391757965, 0.5695672035217285, 0.5972838401794434, -0.539478600025177, -0.01010978128761053, -0.00820127408951521, 0.8418986797332764, 0.5232765078544617, 0.05694770812988281, -0.10915688425302505, 0.8432220220565796, 0.5188350677490234, 0.0009737315704114735, -0.08578553795814514, 0.8505586981773376, 0.34166502952575684, 0.6772724390029907, -0.10516346246004105, 0.6430456042289734, -0.08783405274152756, 0.00721121346578002, -0.01279769279062748, 0.9960268139839172, -0.038125813007354736, 0.007697504013776779, -0.004969294648617506, 0.9992309212684631, -0.5352100133895874, 0.4689132869243622, -0.4080132842063904, 0.572010338306427, -0.46678251028060913, -0.06120936572551727, -0.15328171849250793, 0.8688338398933411, 0.07067163288593292, -0.20845112204551697, 0.015428164042532444, 0.9753541350364685, -0.14472614228725433, -0.12273631989955902, 0.09637487679719925, 0.9770885705947876, -0.5554537177085876, -0.4655657112598419, 0.3850969076156616, 0.5713319182395935, -0.5274110436439514, 0.02274838462471962, 0.26201876997947693, 0.8078776597976685, 0.10438222438097, 0.2294478714466095, -0.02999587170779705, 0.9672425985336304, -0.0677005797624588, 0.3331548869609833, 0.22005149722099304, 0.9143313765525818, 0.14992350339889526, 0.04343300685286522, -0.039246656000614166, 0.986963152885437, -0.22772209346294403, -0.09936942905187607, -0.026314741000533104, 0.9682850241661072, 0.2604730725288391, 0.0069766719825565815, 2.435729484773219e-08, 0.965455949306488, -0.5149354934692383, -0.013791927136480808, 8.339459611761413e-08, 0.8571180105209351, -0.688624918460846, -0.29430827498435974, 0.6335955262184143, 0.19425512850284576, -0.576948344707489, 0.350922167301178, 0.6110596656799316, 0.4130259156227112, -0.31506267189979553, -0.0038147405721247196, -0.016178874298930168, 0.9489253163337708, 0.5750139355659485, 6.372048665070906e-05, 0.11345642805099487, 0.8102385997772217, 0.39999350905418396, 0.001549515058286488, 0.08766340464353561, 0.9123145937919617, -0.502780020236969, 0.21818552911281586, 0.5807182788848877, 0.6019748449325562, -0.4517212510108948, -0.0036461385898292065, -0.0010098034981638193, 0.8921511173248291, 0.5539629459381104, 0.048392154276371, -0.10916461050510406, 0.8239334225654602, 0.5000899434089661, -0.0022824013140052557, -0.08154574036598206, 0.8621224761009216, 0.3496105372905731, 0.6703826785087585, -0.1062726378440857, 0.6458062529563904, -0.08246026188135147, 0.0033648433163762093, -0.006250384263694286, 0.9965690970420837, -0.03641912713646889, 0.0068510184064507484, -0.004764086566865444, 0.9993017911911011, -0.5336290001869202, 0.4646846055984497, -0.40971702337265015, 0.5757084488868713, -0.46322450041770935, -0.10861528664827347, -0.17444847524166107, 0.8620867133140564, 0.08996962010860443, -0.2787986993789673, 0.019712984561920166, 0.9559227228164673, -0.12727299332618713, -0.11223592609167099, 0.020284701138734818, 0.9852883815765381, -0.5537109375, -0.4679830074310303, 0.38720273971557617, 0.569622814655304, -0.5216187238693237, 0.019166704267263412, 0.25513240694999695, 0.8139127492904663, 0.10144758224487305, 0.21844245493412018, -0.029740937054157257, 0.9701066017150879, -0.04463851824402809, 0.3110140562057495, 0.22325573861598969, 0.9227321147918701, 0.16632020473480225, 0.03728661686182022, -0.033257272094488144, 0.984805166721344, -0.24316026270389557, -0.09199208766222, -0.023541275411844254, 0.9653270840644836, 0.2604730725288391, 0.006976674310863018, 2.7492392362660212e-08, 0.965455949306488, -0.5149354934692383, -0.013791931793093681, 8.203637236192662e-08, 0.8571180105209351, -0.6987060904502869, -0.30569013953208923, 0.6185241341590881, 0.18918579816818237, -0.5913507342338562, 0.3241980969905853, 0.613525927066803, 0.4108356535434723, -0.31435808539390564, -0.004084641579538584, -0.017153220251202583, 0.9491406679153442, 0.5893163084983826, -0.007605631370097399, 0.11367794871330261, 0.7998285889625549, 0.40026915073394775, 0.001297085196711123, 0.08791912347078323, 0.9121694564819336, -0.49881017208099365, 0.1945316642522812, 0.5958912372589111, 0.5985478758811951, -0.35321909189224243, 0.003308285027742386, 0.007083964068442583, 0.9355079531669617, 0.5490080118179321, 0.04127741977572441, -0.09074731916189194, 0.8298501968383789, 0.4851039946079254, -0.004009570460766554, -0.0804554671049118, 0.87073814868927, 0.3614693582057953, 0.6661840677261353, -0.1117318719625473, 0.642693281173706, -0.08119573444128036, -0.0006455691182054579, -0.0027207296807318926, 0.9966942667961121, -0.03465987741947174, 0.0060362196527421474, -0.004663622472435236, 0.9993700385093689, -0.5329581499099731, 0.4596589505672455, -0.4100799560546875, 0.5800894498825073, -0.4506574273109436, -0.15736116468906403, -0.19327625632286072, 0.8571987152099609, 0.1037573367357254, -0.3289712071418762, 0.02250768058001995, 0.9383527040481567, -0.11122506111860275, -0.10332971066236496, -0.03301650658249855, 0.9878572225570679, -0.5559007525444031, -0.4735995829105377, 0.3846324384212494, 0.5645669102668762, -0.5223970413208008, 0.002395657356828451, 0.24312148988246918, 0.8173050284385681, 0.09911415725946426, 0.2108604907989502, -0.029944943264126778, 0.972017228603363, -0.03015439212322235, 0.27860283851623535, 0.2119869887828827, 0.9362332224845886, 0.17584335803985596, 0.029790721833705902, -0.027317875996232033, 0.9835879802703857, -0.25378966331481934, -0.08728859573602676, -0.020503899082541466, 0.9630945920944214, 0.2604730725288391, 0.006976673379540443, 2.719094105430031e-08, 0.965455949306488, -0.5149354934692383, -0.013791927136480808, 8.611102941813442e-08, 0.8571180105209351, -0.7071087956428528, -0.31532037258148193, 0.6053724884986877, 0.18464653193950653, -0.6060745120048523, 0.29829931259155273, 0.6123148202896118, 0.410806268453598, -0.31921255588531494, -0.003831081325188279, -0.017461776733398438, 0.947514533996582, 0.6059473156929016, -0.016632644459605217, 0.11746218800544739, 0.7866091132164001, 0.40054482221603394, 0.0010857988381758332, 0.08815108239650726, 0.9120263457298279, -0.49713951349258423, 0.1945180892944336, 0.6159615516662598, 0.5793154239654541, -0.31222856044769287, 0.006364542059600353, 0.010750037617981434, 0.949924886226654, 0.5211082696914673, 0.06438936293125153, -0.09258712828159332, 0.8460070490837097, 0.44371098279953003, -0.010348108597099781, -0.07431647926568985, 0.8930233120918274, 0.3716241121292114, 0.6623458862304688, -0.11884433031082153, 0.6395854353904724, -0.08026580512523651, -0.002422981895506382, -0.0009642867371439934, 0.9967700839042664, -0.032621100544929504, 0.0057232859544456005, -0.004686025902628899, 0.9994403719902039, -0.5319332480430603, 0.4580000638961792, -0.4108496308326721, 0.5817951560020447, -0.43089184165000916, -0.2052420973777771, -0.20713703334331512, 0.8539919257164001, 0.11247304826974869, -0.36092010140419006, 0.02402091771364212, 0.9254779815673828, -0.1098276749253273, -0.10605187714099884, -0.0700046718120575, 0.9857942461967468, -0.5598738789558411, -0.47876277565956116, 0.37970271706581116, 0.5596010684967041, -0.5264103412628174, -0.016470523551106453, 0.23033343255519867, 0.8182709813117981, 0.09697173535823822, 0.204210564494133, -0.03017081692814827, 0.9736448526382446, -0.02376549318432808, 0.24282006919384003, 0.20173379778862, 0.9485658407211304, 0.18397462368011475, 0.024920271709561348, -0.02248261496424675, 0.9823578000068665, -0.2657231092453003, -0.08734375238418579, -0.01715874671936035, 0.9599311351776123, 0.2604730725288391, 0.006976675242185593, 2.3995553988243046e-08, 0.965455949306488, -0.5149354934692383, -0.013791925273835659, 8.692595798720504e-08, 0.8571180105209351, -0.7127940058708191, -0.32300499081611633, 0.5947449207305908, 0.184040829539299, -0.6247779130935669, 0.2742433547973633, 0.6106695532798767, 0.40190285444259644, -0.3190899193286896, -0.003943632822483778, -0.01774793677031994, 0.9475500583648682, 0.621403694152832, -0.02738203853368759, 0.12011459469795227, 0.7737442851066589, 0.4007696211338043, 0.0008894589263945818, 0.088345006108284, 0.9119090437889099, -0.5031154155731201, 0.19570402801036835, 0.6297378540039062, 0.5585741400718689, -0.33184072375297546, 0.005162680987268686, 0.009551826864480972, 0.9432729482650757, 0.5187504291534424, 0.08225893974304199, -0.10485406965017319, 0.8444744348526001, 0.4065071642398834, -0.016552790999412537, -0.06746410578489304, 0.911003053188324, 0.3781108856201172, 0.6568737626075745, -0.12804320454597473, 0.6396514177322388, -0.08002108335494995, -0.0030859983526170254, 5.391255399445072e-05, 0.9967883825302124, -0.030307266861200333, 0.005567701067775488, -0.0047407010570168495, 0.9995139241218567, -0.5305675864219666, 0.46165207028388977, -0.4120851457118988, 0.5792765021324158, -0.4120936393737793, -0.24633391201496124, -0.21520136296749115, 0.8504039645195007, 0.11685466021299362, -0.3775508999824524, 0.024645302444696426, 0.9182553887367249, -0.12024755030870438, -0.11756850779056549, -0.09864974021911621, 0.9808090925216675, -0.5596722364425659, -0.4842674136161804, 0.37935975193977356, 0.5552821755409241, -0.5302836298942566, -0.02131364308297634, 0.2213776409626007, 0.8181301951408386, 0.09284742176532745, 0.19041089713573456, -0.029788900166749954, 0.9768498539924622, -0.02703561633825302, 0.21867156028747559, 0.19533124566078186, 0.9556660652160645, 0.192548930644989, 0.022038191556930542, -0.019520049914717674, 0.9808456897735596, -0.2824702858924866, -0.08756454288959503, -0.01576407440006733, 0.9551410675048828, 0.2604730725288391, 0.006976673379540443, 2.6708619316195836e-08, 0.9654558897018433, -0.5149354934692383, -0.013791927136480808, 8.80125341495841e-08, 0.8571180105209351, -0.7172455191612244, -0.32168006896972656, 0.5885499715805054, 0.1889173835515976, -0.6518867611885071, 0.2569097578525543, 0.6054751873016357, 0.3774133622646332, -0.29841211438179016, -0.005666311830282211, -0.019017912447452545, 0.954230785369873, 0.6281276345252991, -0.03953953832387924, 0.1193079948425293, 0.7678918838500977, 0.4005087614059448, 0.0007761814631521702, 0.08841314911842346, 0.9120171666145325, -0.5263652801513672, 0.16937603056430817, 0.6230220198631287, 0.5532583594322205, -0.33301272988319397, 0.005231344141066074, 0.009582139551639557, 0.9428591132164001, 0.5415511131286621, 0.08113707602024078, -0.0908452495932579, 0.8317970633506775, 0.4086456298828125, -0.0160946324467659, -0.06775208562612534, 0.9100326299667358, 0.38465267419815063, 0.646052360534668, -0.14254841208457947, 0.6436914205551147, -0.07825187593698502, -0.007367589510977268, 0.003143288427963853, 0.9969014525413513, -0.027491720393300056, 0.005005943588912487, -0.004665083717554808, 0.9995986223220825, -0.5314697623252869, 0.4679742753505707, -0.41043365001678467, 0.5745297074317932, -0.4154359698295593, -0.2587633430957794, -0.21834111213684082, 0.8442639708518982, 0.1184622198343277, -0.38474559783935547, 0.024997353553771973, 0.9150479435920715, -0.13269436359405518, -0.12398051470518112, -0.13028278946876526, 0.9747037887573242, -0.5551735758781433, -0.48864322900772095, 0.3836863338947296, 0.552987277507782, -0.5328983664512634, -0.0171397402882576, 0.22513815760612488, 0.8154988884925842, 0.08676408231258392, 0.16950204968452454, -0.028669629245996475, 0.9812844395637512, -0.03869251906871796, 0.2093222737312317, 0.19273033738136292, 0.9578841924667358, 0.18997913599014282, 0.017428070306777954, -0.019081633538007736, 0.9814479947090149, -0.2971205711364746, -0.08229925483465195, -0.019018128514289856, 0.9510964751243591, 0.2604730427265167, 0.00697667058557272, 2.93011037655333e-08, 0.965455949306488, -0.5149355530738831, -0.013791929930448532, 8.638268411687022e-08, 0.8571179509162903, -0.7194327116012573, -0.3192502558231354, 0.5868536829948425, 0.18999610841274261, -0.6738201379776001, 0.2456417679786682, 0.6026312708854675, 0.3499458134174347, -0.27091744542121887, -0.007956890389323235, -0.020519044250249863, 0.9623510241508484, 0.6252849698066711, -0.051907990127801895, 0.10808383673429489, 0.7711305022239685, 0.39574354887008667, 0.0014934863429516554, 0.08736501634120941, 0.9141948223114014, -0.5456089377403259, 0.1484026461839676, 0.6199483871459961, 0.5440141558647156, -0.3260238766670227, 0.005897847004234791, 0.010479290969669819, 0.9452850818634033, 0.55794358253479, 0.08011346310377121, -0.08204394578933716, 0.821918249130249, 0.4089811444282532, -0.01595977693796158, -0.06776531785726547, 0.9098832607269287, 0.3963404595851898, 0.6381298899650574, -0.15318714082241058, 0.6420578360557556, -0.07488016784191132, -0.014409051276743412, 0.006876539438962936, 0.9970647692680359, -0.024523472413420677, 0.004106162581592798, -0.004494599066674709, 0.999680757522583, -0.5297483801841736, 0.467441588640213, -0.41182437539100647, 0.5755569338798523, -0.44196686148643494, -0.24393969774246216, -0.22377166152000427, 0.8337175846099854, 0.12011338025331497, -0.39195334911346436, 0.02569637820124626, 0.9117483496665955, -0.13355140388011932, -0.11586132645606995, -0.1442144364118576, 0.9736233353614807, -0.5520867705345154, -0.49351435899734497, 0.3863160312175751, 0.5499125123023987, -0.5343054533004761, -0.015804145485162735, 0.235231414437294, 0.8117475509643555, 0.08138447999954224, 0.15115754306316376, -0.027566077187657356, 0.9847680330276489, -0.05442933365702629, 0.20465385913848877, 0.1916763335466385, 0.9583394527435303, 0.18766994774341583, 0.010322176851332188, -0.017807582393288612, 0.9820165038108826, -0.3110373318195343, -0.075628362596035, -0.022288067266345024, 0.9471216201782227, 0.2604730725288391, 0.006976674310863018, 2.8457037615226e-08, 0.965455949306488, -0.5149354338645935, -0.013791928999125957, 8.203637236192662e-08, 0.8571180105209351, -0.7212738990783691, -0.3177592158317566, 0.5854938626289368, 0.18971017003059387, -0.6870954632759094, 0.24594523012638092, 0.5984098315238953, 0.330630362033844, -0.2670319378376007, -0.00822293572127819, -0.020633026957511902, 0.9634316563606262, 0.6201740503311157, -0.0663265660405159, 0.08578503131866455, 0.7769336700439453, 0.38968425989151, 0.002407068619504571, 0.08596396446228027, 0.9169245362281799, -0.5617654919624329, 0.13288134336471558, 0.6204938292503357, 0.5308008790016174, -0.32009193301200867, 0.006489899940788746, 0.011341141536831856, 0.9472963809967041, 0.5741366147994995, 0.0786680355668068, -0.08087439835071564, 0.8109487891197205, 0.4092620015144348, -0.01588384620845318, -0.06781314313411713, 0.9097546935081482, 0.40606096386909485, 0.6314480900764465, -0.15914000570774078, 0.641141414642334, -0.07254235446453094, -0.01821932941675186, 0.012085308320820332, 0.9971257448196411, -0.022184250876307487, 0.0033589459490031004, -0.004360741935670376, 0.9997387528419495, -0.52845698595047, 0.4654407799243927, -0.41318026185035706, 0.5773908495903015, -0.4627864360809326, -0.22086754441261292, -0.23418070375919342, 0.8259574174880981, 0.12100784480571747, -0.39592528343200684, 0.026196269318461418, 0.9098978042602539, -0.13166622817516327, -0.11163528263568878, -0.138513445854187, 0.9752002954483032, -0.552725076675415, -0.49970343708992004, 0.38467973470687866, 0.5448054075241089, -0.5324403643608093, -0.019000159576535225, 0.23743990063667297, 0.8122613430023193, 0.07853154838085175, 0.14206820726394653, -0.027051236480474472, 0.9863659143447876, -0.07224778831005096, 0.21153248846530914, 0.1922469437122345, 0.9555497765541077, 0.1970975250005722, -0.00375077361240983, -0.014537501148879528, 0.9802689552307129, -0.3243512213230133, -0.06530565023422241, -0.025876827538013458, 0.943324863910675, 0.2604730725288391, 0.0069766780361533165, 2.6648327988709752e-08, 0.965455949306488, -0.5149354934692383, -0.013791928999125957, 7.931993906140633e-08, 0.8571180105209351, -0.7233260869979858, -0.3167765140533447, 0.5840623378753662, 0.18794472515583038, -0.6920748353004456, 0.2602910101413727, 0.5959623456001282, 0.31322506070137024, -0.2799766957759857, -0.007057336159050465, -0.019548514857888222, 0.9597817659378052, 0.6147189736366272, -0.08019240200519562, 0.06420497596263885, 0.7820278406143188, 0.39305350184440613, 0.0015370610635727644, 0.08676158636808395, 0.9154119491577148, -0.5743170976638794, 0.11570190638303757, 0.6207717061042786, 0.5209755301475525, -0.313864529132843, 0.007073292043060064, 0.012115314602851868, 0.9493641257286072, 0.5880354046821594, 0.07942861318588257, -0.07775770127773285, 0.8011611700057983, 0.40950438380241394, -0.015790006145834923, -0.06786143034696579, 0.9096437096595764, 0.4121619760990143, 0.625097393989563, -0.16322602331638336, 0.642443060874939, -0.07391603291034698, -0.01906130649149418, 0.017380576580762863, 0.9969307780265808, -0.020825576037168503, 0.002921199193224311, -0.0042693293653428555, 0.9997697472572327, -0.529522716999054, 0.46517154574394226, -0.4121652841567993, 0.5773569345474243, -0.46912822127342224, -0.2011914849281311, -0.2503296434879303, 0.8226638436317444, 0.11928192526102066, -0.3895120620727539, 0.025716258212924004, 0.9129024744033813, -0.13159023225307465, -0.1168365404009819, -0.12145496159791946, 0.976873517036438, -0.5545474886894226, -0.5067586302757263, 0.3816085457801819, 0.5385608673095703, -0.5282081365585327, -0.026126466691493988, 0.23218613862991333, 0.8163352012634277, 0.0779755488038063, 0.14096172153949738, -0.02709079720079899, 0.9865676164627075, -0.07673567533493042, 0.22760836780071259, 0.19053377211093903, 0.9518418908119202, 0.2100420743227005, -0.012634961865842342, -0.00981958955526352, 0.9775614142417908, -0.32720208168029785, -0.06102624163031578, -0.024004457518458366, 0.9426761865615845, 0.2604730427265167, 0.0069766780361533165, 3.13509751492802e-08, 0.965455949306488, -0.5149354934692383, -0.01379193365573883, 8.719760558051348e-08, 0.8571180105209351, -0.7245789766311646, -0.3154357969760895, 0.5847907662391663, 0.1830446422100067, -0.6883885264396667, 0.28737127780914307, 0.5962749123573303, 0.29663997888565063, -0.3027645945549011, -0.005138523876667023, -0.017479900270700455, 0.9528912305831909, 0.6090983152389526, -0.09307079762220383, 0.055832840502262115, 0.7856333255767822, 0.4042891263961792, -0.0007693248917348683, 0.08938491344451904, 0.9102527499198914, -0.5802893042564392, 0.09984727203845978, 0.6213024258613586, 0.5169896483421326, -0.3086928427219391, 0.007548280991613865, 0.012756302021443844, 0.9510462880134583, 0.5991290211677551, 0.08320239186286926, -0.07205693423748016, 0.7930508852005005, 0.4097055196762085, -0.01566409505903721, -0.06791549175977707, 0.9095513224601746, 0.4154743552207947, 0.62062007188797, -0.16649603843688965, 0.6438097357749939, -0.07620734721422195, -0.019571484997868538, 0.02049895189702511, 0.9966891407966614, -0.020176926627755165, 0.002604478970170021, -0.004239458590745926, 0.9997840523719788, -0.5297123193740845, 0.4673765301704407, -0.4123680889606476, 0.5752535462379456, -0.46658456325531006, -0.19385361671447754, -0.2723865509033203, 0.8188560605049133, 0.11177732050418854, -0.3603965938091278, 0.023136571049690247, 0.9257887601852417, -0.13333919644355774, -0.1262776106595993, -0.10769663006067276, 0.9770752191543579, -0.5540031790733337, -0.5133271217346191, 0.38143041729927063, 0.5329978466033936, -0.5249301195144653, -0.03307307884097099, 0.22648905217647552, 0.8197910189628601, 0.07776428759098053, 0.14061561226844788, -0.027227677404880524, 0.9866299033164978, -0.061611711978912354, 0.2434038519859314, 0.18377837538719177, 0.9503600001335144, 0.22511284053325653, -0.016686510294675827, -0.004777474328875542, 0.9741780757904053, -0.32431674003601074, -0.06253936886787415, -0.018437528982758522, 0.9436988830566406, 0.2604730427265167, 0.0069766719825565815, 2.6407166231479096e-08, 0.9654558897018433, -0.5149354338645935, -0.013791940174996853, 8.964239839315269e-08, 0.8571180105209351, -0.7252597808837891, -0.3099927008152008, 0.5889809131622314, 0.17608030140399933, -0.679906964302063, 0.31167101860046387, 0.5933216214179993, 0.2975853979587555, -0.33960917592048645, -0.0020544277504086494, -0.01447268296033144, 0.940453052520752, 0.6032032370567322, -0.09331071376800537, 0.06778143346309662, 0.7892051339149475, 0.4275294840335846, -0.0052525559440255165, 0.09421581029891968, 0.8990630507469177, -0.5831762552261353, 0.09052443504333496, 0.6215953826904297, 0.5151018500328064, -0.302216500043869, 0.008139057084918022, 0.013491260819137096, 0.953109085559845, 0.6070994138717651, 0.08759161829948425, -0.06794854253530502, 0.786855161190033, 0.4100290536880493, -0.015304774045944214, -0.0682864859700203, 0.9093838334083557, 0.4158732295036316, 0.6186261773109436, -0.17083409428596497, 0.6443343758583069, -0.07332618534564972, -0.025356639176607132, 0.019236641004681587, 0.9968000054359436, -0.01958935335278511, 0.0019869781099259853, -0.004233948886394501, 0.9997972249984741, -0.5308332443237305, 0.46846750378608704, -0.4116147756576538, 0.5738706588745117, -0.47079890966415405, -0.1896977424621582, -0.29719460010528564, 0.8087264895439148, 0.09986492991447449, -0.3139815032482147, 0.019053004682064056, 0.9439701437950134, -0.13842405378818512, -0.12262694537639618, -0.10397735983133316, 0.9772359728813171, -0.553642988204956, -0.5190792679786682, 0.38121700286865234, 0.5279297828674316, -0.5184981822967529, -0.04735885560512543, 0.22395411133766174, 0.8238697052001953, 0.07714168727397919, 0.13879451155662537, -0.02725239284336567, 0.9869359731674194, -0.05108272284269333, 0.25324639678001404, 0.17756427824497223, 0.9495934844017029, 0.24422197043895721, -0.01866556517779827, 0.0025141474325209856, 0.9695364832878113, -0.3303685784339905, -0.066092349588871, -0.010535978712141514, 0.9414762258529663, 0.2604730427265167, 0.006976680364459753, 2.3151489614292586e-08, 0.965455949306488, -0.5149354934692383, -0.01379192154854536, 8.991404598646113e-08, 0.8571179509162903, -0.7240651845932007, -0.3043786883354187, 0.5953809022903442, 0.1691296398639679, -0.6656782031059265, 0.3308190703392029, 0.5903998613357544, 0.31441885232925415, -0.3917998969554901, 0.002701201941817999, -0.010455840267241001, 0.9199870824813843, 0.5898734927177429, -0.07789471745491028, 0.09485620260238647, 0.7981127500534058, 0.459115594625473, -0.010988797061145306, 0.09995198994874954, 0.8826674222946167, -0.5835229754447937, 0.08272284269332886, 0.6242765784263611, 0.5127733945846558, -0.29357391595840454, 0.008543452247977257, 0.014213277958333492, 0.9557925462722778, 0.6113882064819336, 0.0937352105975151, -0.06518814712762833, 0.7830508947372437, 0.41153544187545776, -0.014289431273937225, -0.06839863955974579, 0.9087111949920654, 0.4153268337249756, 0.6169614195823669, -0.17412959039211273, 0.6454000473022461, -0.07100360095500946, -0.027070479467511177, 0.019006209447979927, 0.9969275593757629, -0.02089143730700016, 0.0017904804553836584, -0.004138876684010029, 0.9997715950012207, -0.529039740562439, 0.4703711271286011, -0.41264545917510986, 0.5732292532920837, -0.482049822807312, -0.17990687489509583, -0.3186382055282593, 0.7960723638534546, 0.0873132199048996, -0.2605553865432739, 0.014924762770533562, 0.9613867998123169, -0.1477273404598236, -0.1134604886174202, -0.09507229179143906, 0.9778878688812256, -0.5533889532089233, -0.5233893394470215, 0.3795084059238434, 0.5251644253730774, -0.5104758143424988, -0.053377214819192886, 0.23142917454242706, 0.8264417052268982, 0.07658052444458008, 0.13358011841773987, -0.02757810615003109, 0.9876898527145386, -0.05245298519730568, 0.2518017888069153, 0.1735280305147171, 0.9506484866142273, 0.2629104256629944, -0.02776462584733963, 0.009994314052164555, 0.9643688797950745, -0.3344923257827759, -0.06384723633527756, -0.00496910372748971, 0.940220057964325, 0.2604730725288391, 0.006976674776524305, 2.688948974594041e-08, 0.965455949306488, -0.5149354934692383, -0.013791936449706554, 9.507526499419328e-08, 0.8571180105209351, -0.7225794196128845, -0.29833099246025085, 0.602070689201355, 0.1624452769756317, -0.6450443863868713, 0.3464289605617523, 0.5867454409599304, 0.3458821773529053, -0.45423460006713867, 0.008451431058347225, -0.0060193175449967384, 0.8908217549324036, 0.5687755942344666, -0.045420121401548386, 0.13450554013252258, 0.8101479411125183, 0.48246222734451294, -0.01513002160936594, 0.10299844294786453, 0.8697083592414856, -0.5820311307907104, 0.07581427693367004, 0.6287310123443604, 0.5100873708724976, -0.2825987935066223, 0.009332782588899136, 0.015146639198064804, 0.9590732455253601, 0.6103385090827942, 0.10235399007797241, -0.06390917301177979, 0.7828960418701172, 0.41630616784095764, -0.012584268115460873, -0.06764721870422363, 0.9066171646118164, 0.41150861978530884, 0.6170021891593933, -0.17700783908367157, 0.6470217704772949, -0.06835808604955673, -0.02945942059159279, 0.01662307232618332, 0.997087299823761, -0.02187327854335308, 0.0012301276437938213, -0.004260471556335688, 0.9997509121894836, -0.529901921749115, 0.4729190766811371, -0.4117811918258667, 0.5709535479545593, -0.4950702488422394, -0.16612409055233002, -0.3378554880619049, 0.7830466032028198, 0.07309330254793167, -0.20391526818275452, 0.010724280960857868, 0.9761971831321716, -0.15693992376327515, -0.1067756786942482, -0.0699547603726387, 0.9793238043785095, -0.5542173385620117, -0.5263766646385193, 0.37782543897628784, 0.5225120186805725, -0.49919334053993225, -0.057770393788814545, 0.24141812324523926, 0.8301721811294556, 0.07498294860124588, 0.126730814576149, -0.027366580441594124, 0.9887203574180603, -0.06196372210979462, 0.24153997004032135, 0.17030631005764008, 0.9533177018165588, 0.2819719612598419, -0.037713661789894104, 0.018705857917666435, 0.9584986567497253, -0.3364276885986328, -0.05976516753435135, 0.0008788097184151411, 0.9398104548454285, 0.2604730725288391, 0.006976679433137178, 1.9172325949057267e-08, 0.965455949306488, -0.5149354934692383, -0.013791928067803383, 8.746924606839457e-08, 0.8571180105209351, -0.7202375531196594, -0.29024437069892883, 0.610098123550415, 0.15746870636940002, -0.6197791695594788, 0.36298471689224243, 0.580106258392334, 0.3841778337955475, -0.512465238571167, 0.013947276398539543, -0.002162693301215768, 0.8585919737815857, 0.5572322010993958, -0.013749157078564167, 0.15938061475753784, 0.8148012757301331, 0.4737655520439148, -0.013065369799733162, 0.0981798842549324, 0.8750635385513306, -0.5803684592247009, 0.0743790715932846, 0.6357969641685486, 0.5033909678459167, -0.27137479186058044, 0.01024535484611988, 0.0161238182336092, 0.9622842073440552, 0.6042044162750244, 0.11159824579954147, -0.06422224640846252, 0.7863577008247375, 0.42629122734069824, -0.013375116512179375, -0.06792240589857101, 0.9019331336021423, 0.40375077724456787, 0.6196132302284241, -0.1764073520898819, 0.649573028087616, -0.06440573930740356, -0.032798152416944504, 0.013036605902016163, 0.9972994923591614, -0.023105639964342117, 0.0005348967388272285, -0.0045507680624723434, 0.9997225403785706, -0.5295299887657166, 0.4743994176387787, -0.4129541218280792, 0.5692206621170044, -0.5138562917709351, -0.145650252699852, -0.35097432136535645, 0.7691259980201721, 0.0592680349946022, -0.1507129818201065, 0.006898072548210621, 0.9867752194404602, -0.1604437679052353, -0.1041923314332962, -0.03664369881153107, 0.9808460474014282, -0.5553271174430847, -0.5291189551353455, 0.37637531757354736, 0.5196024179458618, -0.4894607663154602, -0.05791883543133736, 0.2466801553964615, 0.8343994617462158, 0.07302940636873245, 0.11976777762174606, -0.02696339227259159, 0.9897450804710388, -0.07282360643148422, 0.22957350313663483, 0.16702987253665924, 0.9560825228691101, 0.29824841022491455, -0.04531025141477585, 0.02627522684633732, 0.9530501365661621, -0.3314327299594879, -0.06089896336197853, 0.00800599716603756, 0.941477358341217, 0.2604730725288391, 0.006976669188588858, 3.484781530005421e-08, 0.9654558897018433, -0.5149354934692383, -0.013791956938803196, 9.181555782333817e-08, 0.8571179509162903, -0.7175067067146301, -0.2793518900871277, 0.6195893883705139, 0.15249793231487274, -0.5931357145309448, 0.38381823897361755, 0.5686882138252258, 0.4212687313556671, -0.5474122166633606, 0.01711002178490162, 0.0004175394424237311, 0.8366881012916565, 0.5829143524169922, -0.03018472157418728, 0.1498280167579651, 0.7980297207832336, 0.4753110110759735, -0.013599472120404243, 0.09614689648151398, 0.8744428753852844, -0.5776523947715759, 0.07984419912099838, 0.6436349153518677, 0.49565786123275757, -0.26195642352104187, 0.010986890643835068, 0.016932273283600807, 0.9648686647415161, 0.5936960577964783, 0.11826948821544647, -0.06843819469213486, 0.7930028438568115, 0.44140252470970154, -0.012560144066810608, -0.07038196176290512, 0.8944565057754517, 0.3970942795276642, 0.6247535943984985, -0.1739960014820099, 0.6494031548500061, -0.06165999546647072, -0.03578394651412964, 0.009115965105593204, 0.9974138736724854, -0.024749506264925003, 0.0001190976909128949, -0.004853914026170969, 0.9996818900108337, -0.5274597406387329, 0.4751863479614258, -0.4161621332168579, 0.5681490898132324, -0.5333964824676514, -0.11810974776744843, -0.36147114634513855, 0.7555639743804932, 0.04874321445822716, -0.11073361337184906, 0.004006993491202593, 0.9926460385322571, -0.1743428111076355, -0.10151740163564682, -0.020256681367754936, 0.9792285561561584, -0.5567553639411926, -0.5314575433731079, 0.3746892213821411, 0.5168988108634949, -0.48410311341285706, -0.05803733319044113, 0.25088927149772644, 0.8362597823143005, 0.07148733735084534, 0.11426597088575363, -0.026625871658325195, 0.9905170202255249, -0.08236284554004669, 0.2200194001197815, 0.16569150984287262, 0.9577860832214355, 0.3138899803161621, -0.051505446434020996, 0.03208213672041893, 0.9475183486938477, -0.3247848451137543, -0.06745189428329468, 0.01564168371260166, 0.9432498812675476, 0.2604730725288391, 0.006976685486733913, 2.604542537198995e-08, 0.9654558897018433, -0.5149354934692383, -0.013791912235319614, 8.420952468668474e-08, 0.8571180105209351, -0.7172116041183472, -0.26596808433532715, 0.6274833679199219, 0.14537256956100464, -0.5638601183891296, 0.41829562187194824, 0.5505523681640625, 0.4516444504261017, -0.557989776134491, 0.01807614415884018, 0.0013816816499456763, 0.829649806022644, 0.6072194576263428, -0.041641343384981155, 0.1522158533334732, 0.7787046432495117, 0.4671729803085327, -0.012162717990577221, 0.09189923852682114, 0.8792928457260132, -0.5750318169593811, 0.08807403594255447, 0.6504900455474854, 0.48830729722976685, -0.25214746594429016, 0.011765114031732082, 0.0177975632250309, 0.9674535989761353, 0.5799176096916199, 0.12449464201927185, -0.07495737075805664, 0.8016096949577332, 0.4596751630306244, -0.012430828996002674, -0.07349085062742233, 0.8849538564682007, 0.39031654596328735, 0.6317896246910095, -0.16877199709415436, 0.6480824947357178, -0.058181438595056534, -0.03744363784790039, 0.0059655108489096165, 0.9975857734680176, -0.026847364380955696, 0.0003731257456820458, -0.005124545190483332, 0.9996263384819031, -0.5253824591636658, 0.47579553723335266, -0.4194524884223938, 0.5671433210372925, -0.5476992726325989, -0.08910221606492996, -0.3699244260787964, 0.7451457977294922, 0.04026298597455025, -0.07863971590995789, 0.0016693260986357927, 0.9960883259773254, -0.1912691444158554, -0.09777506440877914, -0.008351431228220463, 0.9766199588775635, -0.5572006702423096, -0.5336495637893677, 0.3743714392185211, 0.5143848061561584, -0.4829782545566559, -0.059044476598501205, 0.2521577775478363, 0.836458146572113, 0.07109548896551132, 0.1131696105003357, -0.026561761274933815, 0.990672767162323, -0.08693064749240875, 0.216056689620018, 0.1696283370256424, 0.9575953483581543, 0.32884857058525085, -0.054587893187999725, 0.03672732412815094, 0.9420880675315857, -0.3153449296951294, -0.07752449810504913, 0.024892637506127357, 0.9454776048660278, 0.2604730725288391, 0.00697668269276619, 3.6656523150213616e-08, 0.965455949306488, -0.5149354934692383, -0.013791942968964577, 8.312294852430568e-08, 0.8571180105209351, -0.7188048362731934, -0.2505999803543091, 0.6336789727210999, 0.1377324014902115, -0.534575879573822, 0.4629155695438385, 0.5259173512458801, 0.4725978672504425, -0.5434006452560425, 0.016821935772895813, 0.0005487409653142095, 0.8393047451972961, 0.6259215474128723, -0.03772316500544548, 0.16246908903121948, 0.761841893196106, 0.46476057171821594, -0.01165952067822218, 0.08906667679548264, 0.8808682560920715, -0.572833776473999, 0.09832284599542618, 0.6555928587913513, 0.4820707440376282, -0.24411369860172272, 0.012398182414472103, 0.01854942925274372, 0.9694899320602417, 0.5644925236701965, 0.12972542643547058, -0.08193384855985641, 0.8110526204109192, 0.47972193360328674, -0.011486700735986233, -0.07761027663946152, 0.8739059567451477, 0.38172027468681335, 0.6414815187454224, -0.16025176644325256, 0.6458409428596497, -0.05477830395102501, -0.038254983723163605, 0.0022731192875653505, 0.99776291847229, -0.029455747455358505, 0.001334742410108447, -0.005314825102686882, 0.9995510578155518, -0.5231046676635742, 0.47500166296958923, -0.4230409860610962, 0.5672488808631897, -0.5584875345230103, -0.06006188690662384, -0.3727268576622009, 0.7386196255683899, 0.033724721521139145, -0.05401015654206276, -0.0001264189777430147, 0.997970700263977, -0.20338578522205353, -0.09255178272724152, -0.00012299255467951298, 0.9747145771980286, -0.5555766820907593, -0.5347592830657959, 0.377001017332077, 0.5130665302276611, -0.48917481303215027, -0.0613807775080204, 0.24850155413150787, 0.8337790369987488, 0.07212626188993454, 0.11762440204620361, -0.02688620612025261, 0.9900704026222229, -0.0846041664481163, 0.21402505040168762, 0.1751011461019516, 0.9572747945785522, 0.3443094789981842, -0.055483147501945496, 0.04026785492897034, 0.9363499283790588, -0.30410486459732056, -0.08853589743375778, 0.03454190120100975, 0.9478863477706909, 0.2604730427265167, 0.006976677104830742, 3.955046068426782e-08, 0.965455949306488, -0.5149354934692383, -0.013791942037642002, 6.30213179420025e-08, 0.8571180105209351, -0.7170633673667908, -0.23443716764450073, 0.6424635648727417, 0.13453620672225952, -0.5131732821464539, 0.5093764662742615, 0.5008644461631775, 0.4757348299026489, -0.49401864409446716, 0.01242830604314804, -0.0024650665000081062, 0.8693589568138123, 0.6293818354606628, -0.03333521634340286, 0.1549416184425354, 0.7607629895210266, 0.46723124384880066, -0.012187831103801727, 0.0880172997713089, 0.8796586990356445, -0.5693220496177673, 0.11074510961771011, 0.6602302193641663, 0.47718343138694763, -0.2430613487958908, 0.012470807880163193, 0.01882202737033367, 0.9697481393814087, 0.5487831234931946, 0.1352648138999939, -0.08861369639635086, 0.8201757073402405, 0.49931132793426514, -0.004854560364037752, -0.08093108981847763, 0.8626208901405334, 0.3682236969470978, 0.6543184518814087, -0.14755447208881378, 0.643821656703949, -0.05180840566754341, -0.03682215139269829, -0.003645734628662467, 0.9979712963104248, -0.032591015100479126, 0.0028387659694999456, -0.00545226177200675, 0.9994498491287231, -0.5206868648529053, 0.4730558693408966, -0.42682120203971863, 0.5682668089866638, -0.5673328638076782, -0.03013630025088787, -0.3660317659378052, 0.7370522618293762, 0.029302436858415604, -0.037753064185380936, -0.001325276680290699, 0.9988565444946289, -0.20666198432445526, -0.08972242474555969, -0.0005106478929519653, 0.9742897748947144, -0.5570433139801025, -0.5274285674095154, 0.37797656655311584, 0.5183199644088745, -0.5059327483177185, -0.07012099772691727, 0.24450087547302246, 0.8242174983024597, 0.07604549080133438, 0.13213425874710083, -0.02778390608727932, 0.9879198670387268, -0.07485493272542953, 0.21211937069892883, 0.1710907220840454, 0.9592341184616089, 0.35715562105178833, -0.056684158742427826, 0.040643360465765, 0.9314370155334473, -0.29143649339675903, -0.09510256350040436, 0.03993124142289162, 0.9510130286216736, 0.2604730725288391, 0.006976692005991936, 1.724303544392569e-08, 0.965455949306488, -0.5149354934692383, -0.013791908510029316, 8.366623660549521e-08, 0.8571180105209351, -0.7084681987762451, -0.21940051019191742, 0.6568418741226196, 0.13599638640880585, -0.5071072578430176, 0.5342527627944946, 0.48524218797683716, 0.4711223840713501, -0.4492337703704834, 0.008315766230225563, -0.005250756163150072, 0.8933601379394531, 0.6068493127822876, -0.05111008882522583, 0.14158843457698822, 0.7804321646690369, 0.44200289249420166, -0.007891473360359669, 0.08187606930732727, 0.8932343125343323, -0.5576955080032349, 0.12974590063095093, 0.6690139174461365, 0.473879873752594, -0.26066580414772034, 0.011167635209858418, 0.017652833834290504, 0.9652031064033508, 0.535724401473999, 0.14706020057201385, -0.09585627168416977, 0.8259444832801819, 0.5010359883308411, 0.0002531974751036614, -0.0805901288986206, 0.8616659045219421, 0.3534064292907715, 0.6659640073776245, -0.1350710242986679, 0.6429243087768555, -0.05590049922466278, -0.02773738093674183, -0.01027631014585495, 0.997998058795929, -0.03579799458384514, 0.004456082358956337, -0.00558431725949049, 0.9993335008621216, -0.5196236968040466, 0.4752252399921417, -0.4288598597049713, 0.5658899545669556, -0.5674021244049072, -0.004844214301556349, -0.3608526289463043, 0.7401464581489563, 0.027029896154999733, -0.029010547325015068, -0.0019431007094681263, 0.9992117285728455, -0.20529742538928986, -0.09033413976430893, 0.016147200018167496, 0.9743880033493042, -0.5547146797180176, -0.51983243227005, 0.383212685585022, 0.5246084332466125, -0.523849606513977, -0.0607890821993351, 0.2568748891353607, 0.8098775148391724, 0.08301584422588348, 0.1558079719543457, -0.02878442592918873, 0.9838718175888062, -0.06514159590005875, 0.220823273062706, 0.1708701103925705, 0.9580172896385193, 0.3585737347602844, -0.05233707278966904, 0.03443092852830887, 0.9313969612121582, -0.26135241985321045, -0.10620756447315216, 0.04410097748041153, 0.9583684206008911, 0.2604730427265167, 0.006976674776524305, 3.762117017913624e-08, 0.965455949306488, -0.5149354934692383, -0.013791929930448532, 9.018568647434222e-08, 0.8571180105209351, -0.6947264075279236, -0.20546500384807587, 0.673987865447998, 0.14449834823608398, -0.5160180330276489, 0.5331782102584839, 0.47288671135902405, 0.47520989179611206, -0.46916258335113525, 0.009942914359271526, -0.004455655347555876, 0.8830446004867554, 0.5994235277175903, -0.0657530128955841, 0.15652340650558472, 0.782220184803009, 0.3909911811351776, 0.0011620053555816412, 0.07031822204589844, 0.9177035689353943, -0.5383729338645935, 0.16722336411476135, 0.6776171922683716, 0.47225621342658997, -0.3150040805339813, 0.007185745518654585, 0.013556781224906445, 0.9489663243293762, 0.5187786817550659, 0.15949717164039612, -0.10561207681894302, 0.8332319259643555, 0.492786169052124, -0.0011375737376511097, -0.08126651495695114, 0.866346538066864, 0.34007543325424194, 0.6775872707366943, -0.12100424617528915, 0.6407670378684998, -0.06566072255373001, -0.022290676832199097, -0.01779722236096859, 0.9974342584609985, -0.03890601545572281, 0.00587312551215291, -0.005764777306467295, 0.9992089867591858, -0.5235617756843567, 0.4812367558479309, -0.42487820982933044, 0.5601541996002197, -0.5579545497894287, 0.011605341918766499, -0.3633576035499573, 0.7460048794746399, 0.025460239499807358, -0.021575428545475006, -0.002455786569043994, 0.9994399547576904, -0.20661072432994843, -0.09758785367012024, 0.04786309599876404, 0.9723671078681946, -0.5544423460960388, -0.506138265132904, 0.3861282765865326, 0.5360249280929565, -0.5376004576683044, -0.04468589276075363, 0.2743629515171051, 0.7960615158081055, 0.08957181125879288, 0.17680835723876953, -0.029318267479538918, 0.9797224998474121, -0.055556219071149826, 0.23563967645168304, 0.17142029106616974, 0.9549882411956787, 0.34875568747520447, -0.0401398241519928, 0.021155983209609985, 0.9361147284507751, -0.22874653339385986, -0.11709807068109512, 0.04290105774998665, 0.9654649496078491, 0.2604730427265167, 0.006976669188588858, 4.003278419872913e-08, 0.965455949306488, -0.5149354934692383, -0.013791931793093681, 8.855582223077363e-08, 0.8571180105209351, -0.6814478039741516, -0.194182887673378, 0.6889923214912415, 0.1523534059524536, -0.5234130024909973, 0.5289798378944397, 0.4780113399028778, 0.46660947799682617, -0.48734602332115173, 0.011527309194207191, -0.0036457085516303778, 0.8731252551078796, 0.6235955357551575, -0.06500343978404999, 0.1722107082605362, 0.7597675323486328, 0.38671284914016724, 0.002007818780839443, 0.06928717344999313, 0.91959148645401, -0.5116046667098999, 0.21403451263904572, 0.6798658967018127, 0.47982534766197205, -0.39356550574302673, 0.001287743914872408, 0.007201749831438065, 0.919267475605011, 0.4783763885498047, 0.16722893714904785, -0.127224862575531, 0.8526455163955688, 0.5042725205421448, 0.0005340937059372663, -0.08565796911716461, 0.8592855334281921, 0.33366429805755615, 0.6883648633956909, -0.10833035409450531, 0.6348909735679626, -0.07904142886400223, -0.021689478307962418, -0.024282896891236305, 0.9963395595550537, -0.041673462837934494, 0.0072635444812476635, -0.005857130512595177, 0.9990877509117126, -0.532752513885498, 0.4909908175468445, -0.41436639428138733, 0.5508205890655518, -0.5313289761543274, 0.008539410308003426, -0.37834781408309937, 0.7579377293586731, 0.022535080090165138, -0.006893636658787727, -0.0034755815286189318, 0.9997162818908691, -0.21812841296195984, -0.10909045487642288, 0.08347486704587936, 0.9662045240402222, -0.5574744343757629, -0.4890969395637512, 0.3845842778682709, 0.549637496471405, -0.5477281212806702, -0.02893226221203804, 0.2936379313468933, 0.7829008102416992, 0.0943862646818161, 0.19095231592655182, -0.029339246451854706, 0.9766103029251099, -0.04218991473317146, 0.2536960244178772, 0.1564655303955078, 0.9536125659942627, 0.32681161165237427, -0.014862367883324623, 0.0029061026871204376, 0.9449681639671326, -0.20154373347759247, -0.13468438386917114, 0.04205521568655968, 0.9692634344100952, 0.2604730725288391, 0.006976665463298559, 4.099742767493808e-08, 0.965455949306488, -0.5149354338645935, -0.013791925273835659, 8.583938182482598e-08, 0.8571180105209351, -0.6831799149513245, -0.1890559196472168, 0.6889572739601135, 0.15119850635528564, -0.5324147343635559, 0.5134608149528503, 0.48961731791496277, 0.46170055866241455, -0.48173943161964417, 0.010970738716423512, -0.004537313710898161, 0.8762341141700745, 0.6381245851516724, -0.06024354696273804, 0.17868776619434357, 0.7464840412139893, 0.38702383637428284, 0.0019517914624884725, 0.06930221617221832, 0.9194595813751221, -0.49143731594085693, 0.2510107159614563, 0.6627221703529358, 0.5062432885169983, -0.477136492729187, -0.005220881663262844, -0.00012851585051976144, 0.8788136839866638, 0.4238400459289551, 0.15969404578208923, -0.1779048889875412, 0.8736173510551453, 0.48469480872154236, -0.0037660275120288134, -0.07874493300914764, 0.8711234331130981, 0.3291108012199402, 0.6944186687469482, -0.10051704943180084, 0.6319534778594971, -0.09045173972845078, -0.017450591549277306, -0.02834627963602543, 0.9953444004058838, -0.04355672374367714, 0.008248680271208286, -0.005518736783415079, 0.999001681804657, -0.5406920909881592, 0.49270156025886536, -0.4052050709724426, 0.5483667254447937, -0.49021369218826294, -0.016289109364151955, -0.3813224732875824, 0.7835932970046997, 0.018463604152202606, 0.011532862670719624, -0.0047012087889015675, 0.9997519850730896, -0.24208389222621918, -0.10150211304426193, 0.0704256072640419, 0.9623580574989319, -0.5577095746994019, -0.48110681772232056, 0.38502275943756104, 0.55610591173172, -0.5637028217315674, -0.013183594681322575, 0.30130746960639954, 0.7689468264579773, 0.09221020340919495, 0.1811266988515854, -0.028290405869483948, 0.9787185788154602, -0.03538813441991806, 0.262919545173645, 0.16005945205688477, 0.9507902264595032, 0.29887694120407104, 0.018100177869200706, -0.01271996833384037, 0.9540351629257202, -0.19391262531280518, -0.155465230345726, 0.04630790650844574, 0.9675143361091614, 0.2604730427265167, 0.00697668269276619, 2.24882956700867e-08, 0.965455949306488, -0.5149355530738831, -0.013791939243674278, 7.931994616683369e-08, 0.8571179509162903, -0.6938683986663818, -0.19023443758487701, 0.6784082651138306, 0.14872705936431885, -0.5451975464820862, 0.5002427101135254, 0.5069370269775391, 0.44218969345092773, -0.4585535526275635, 0.008885224349796772, -0.005587115418165922, 0.8886048197746277, 0.6451167464256287, -0.060270629823207855, 0.160663902759552, 0.7445663213729858, 0.3874019682407379, 0.0017367096152156591, 0.06932839006185532, 0.9192988276481628, -0.4891186058521271, 0.2814869284629822, 0.6333768367767334, 0.5294920802116394, -0.5419097542762756, -0.010605361312627792, -0.005742234643548727, 0.8403501510620117, 0.4295518696308136, 0.11744573712348938, -0.21235817670822144, 0.8698251247406006, 0.4718014895915985, -0.006731017958372831, -0.0737011507153511, 0.8785933256149292, 0.32249972224235535, 0.6961446404457092, -0.09301405400037766, 0.6346061825752258, -0.09655357152223587, -0.01262756623327732, -0.029758283868432045, 0.994802713394165, -0.04478518292307854, 0.008311428129673004, -0.004803207702934742, 0.9989505410194397, -0.5416423678398132, 0.4873923063278198, -0.40371182560920715, 0.553253173828125, -0.4684588611125946, -0.019459020346403122, -0.32374587655067444, 0.8218006491661072, 0.020195724442601204, 0.0008577040862292051, -0.003754477947950363, 0.9997886419296265, -0.23571132123470306, -0.06653349846601486, 0.005511055700480938, 0.9695272445678711, -0.5582560300827026, -0.48043882846832275, 0.384294331073761, 0.5566386580467224, -0.5719484090805054, 0.006204183679074049, 0.32390040159225464, 0.753607988357544, 0.08880815654993057, 0.16604219377040863, -0.0267803892493248, 0.9817463755607605, -0.04916159063577652, 0.28072038292884827, 0.15119361877441406, 0.9465303421020508, 0.26376134157180786, 0.034208256751298904, -0.02339370734989643, 0.9636973142623901, -0.18555989861488342, -0.15671588480472565, 0.043210167437791824, 0.9690926671028137, 0.2604730427265167, 0.006976676173508167, 2.4116134866858374e-08, 0.965455949306488, -0.5149354934692383, -0.013791931793093681, 8.312294852430568e-08, 0.8571180105209351, -0.70782071352005, -0.19193130731582642, 0.66483074426651, 0.14195869863033295, -0.5578293800354004, 0.4895041286945343, 0.5264726877212524, 0.4147753119468689, -0.4206675887107849, 0.005569163244217634, -0.007229008711874485, 0.907168984413147, 0.6449370980262756, -0.063116654753685, 0.1318756490945816, 0.7501208186149597, 0.3878682255744934, 0.0014491251204162836, 0.06935489177703857, 0.9191007018089294, -0.48847219347953796, 0.31399399042129517, 0.5977325439453125, 0.5527372360229492, -0.5835363864898682, -0.014119071885943413, -0.009202489629387856, 0.8119121193885803, 0.45474597811698914, 0.09451691806316376, -0.2272065430879593, 0.8559496998786926, 0.4788808226585388, -0.00610241387039423, -0.07508765161037445, 0.874641478061676, 0.3210824429988861, 0.6937779188156128, -0.08603896200656891, 0.6388862133026123, -0.09963472187519073, -0.010460794903337955, -0.026367144659161568, 0.9946196675300598, -0.04546329006552696, 0.008324292488396168, -0.004226480145007372, 0.9989224076271057, -0.5394155383110046, 0.48586833477020264, -0.4054260849952698, 0.5555111169815063, -0.4525258541107178, -0.02077360637485981, -0.2634492516517639, 0.8516943454742432, 0.0297634769231081, -0.03965584188699722, -0.00038140808464959264, 0.9987699389457703, -0.18650783598423004, -0.04339458420872688, -0.0009721779497340322, 0.9814941883087158, -0.5607120990753174, -0.47921526432037354, 0.3812790811061859, 0.5572980046272278, -0.5756186246871948, 0.025404077023267746, 0.34909048676490784, 0.7390220761299133, 0.08566275984048843, 0.15153606235980988, -0.0252492967993021, 0.9844090342521667, -0.07703068852424622, 0.3115924298763275, 0.14264850318431854, 0.936284065246582, 0.23223747313022614, 0.049577388912439346, -0.03513450548052788, 0.9707592129707336, -0.1783234030008316, -0.1616859883069992, 0.03993237018585205, 0.9697751402854919, 0.2604730725288391, 0.006976678967475891, 3.346113430779951e-08, 0.965455949306488, -0.5149354934692383, -0.013791931793093681, 7.904829146809789e-08, 0.8571180105209351, -0.7212584614753723, -0.19473102688789368, 0.6513532996177673, 0.1326834261417389, -0.5723410844802856, 0.47231587767601013, 0.5477348566055298, 0.3864322900772095, -0.3697379529476166, 0.001205662963911891, -0.01007462851703167, 0.9290806651115417, 0.6389932036399841, -0.06553301215171814, 0.1078910082578659, 0.7587836980819702, 0.38835957646369934, 0.0011951111955568194, 0.06937365978956223, 0.9188921451568604, -0.4841935336589813, 0.340321809053421, 0.5619624257087708, 0.5778719186782837, -0.5939557552337646, -0.01502919103950262, -0.010021199472248554, 0.8042948842048645, 0.47023290395736694, 0.08156149089336395, -0.22820375859737396, 0.8486176133155823, 0.48592281341552734, -0.005391241516917944, -0.07711958140134811, 0.870576024055481, 0.3219873309135437, 0.6887943744659424, -0.08053708076477051, 0.6445156335830688, -0.09877806156873703, -0.008619566448032856, -0.020797863602638245, 0.9948548078536987, -0.04585232213139534, 0.008210364729166031, -0.00386540568433702, 0.9989070296287537, -0.5375909209251404, 0.4851321876049042, -0.40688884258270264, 0.5568521618843079, -0.43896475434303284, -0.021916624158620834, -0.21903306245803833, 0.8711223006248474, 0.045534249395132065, -0.10235712677240372, 0.0048614745028316975, 0.9936931133270264, -0.12706759572029114, -0.058967892080545425, 0.05097265914082527, 0.9888268113136292, -0.563152015209198, -0.478805273771286, 0.3783399760723114, 0.5571933388710022, -0.5771618485450745, 0.042118702083826065, 0.3699444532394409, 0.726809024810791, 0.08305038511753082, 0.13923951983451843, -0.023979345336556435, 0.9864785671234131, -0.10130096971988678, 0.32537493109703064, 0.14533400535583496, 0.9288419485092163, 0.20466159284114838, 0.06449524313211441, -0.04796047881245613, 0.9755274653434753, -0.16806437075138092, -0.17084906995296478, 0.037446148693561554, 0.9701354503631592, 0.26047301292419434, 0.006976685021072626, 3.098923073707738e-08, 0.965455949306488, -0.5149354934692383, -0.013791928999125957, 8.611102941813442e-08, 0.8571180105209351, -0.7313439249992371, -0.20094743371009827, 0.6399667859077454, 0.12328330427408218, -0.591036319732666, 0.44127416610717773, 0.5715533494949341, 0.35955527424812317, -0.30850523710250854, -0.003968927543610334, -0.014144811779260635, 0.9511092305183411, 0.6301183104515076, -0.06497746706008911, 0.0978100597858429, 0.7675688862800598, 0.3887266218662262, 0.0010443684877827764, 0.06937701255083084, 0.9187368154525757, -0.4743972420692444, 0.35518723726272583, 0.5326036810874939, 0.6042537689208984, -0.5735096335411072, -0.013435729779303074, -0.008433008566498756, 0.8190452456474304, 0.4943169057369232, 0.0653555616736412, -0.21194912493228912, 0.8405099511146545, 0.49382731318473816, -0.004293879494071007, -0.07934035360813141, 0.865922212600708, 0.32340049743652344, 0.682441771030426, -0.07726110517978668, 0.6509347558021545, -0.09782231599092484, -0.008334225043654442, -0.015496538951992989, 0.9950483441352844, -0.04609186574816704, 0.007544258609414101, -0.003671621670946479, 0.9989020228385925, -0.5375885963439941, 0.48161521553993225, -0.4067542850971222, 0.5599967837333679, -0.42706072330474854, -0.030039021745324135, -0.19687770307064056, 0.8820180892944336, 0.06343717873096466, -0.17165113985538483, 0.010537526570260525, 0.9830567240715027, -0.10623424500226974, -0.09547998011112213, 0.11542326211929321, 0.9829930663108826, -0.5643395185470581, -0.4736854135990143, 0.3770398795604706, 0.5612343549728394, -0.5806012153625488, 0.052045345306396484, 0.379854679107666, 0.7182645201683044, 0.08183739334344864, 0.13283079862594604, -0.02310287207365036, 0.9874841570854187, -0.13000936806201935, 0.3303849995136261, 0.1655726432800293, 0.9200701117515564, 0.18916255235671997, 0.06862784922122955, -0.05307900160551071, 0.9781054854393005, -0.16437476873397827, -0.16669979691505432, 0.033308617770671844, 0.9716391563415527, 0.26047301292419434, 0.006976679898798466, 3.159213690651086e-08, 0.965455949306488, -0.5149354934692383, -0.01379193551838398, 8.991403888103378e-08, 0.8571180105209351, -0.7392956018447876, -0.20809052884578705, 0.6301541328430176, 0.11421994864940643, -0.6117485165596008, 0.4053592085838318, 0.5939668416976929, 0.3296225368976593, -0.24358779191970825, -0.009354205802083015, -0.018551839515566826, 0.9696562886238098, 0.619810163974762, -0.06581059843301773, 0.0921001210808754, 0.7765448689460754, 0.3911643624305725, 0.000518164481036365, 0.06988439708948135, 0.91766357421875, -0.4641773998737335, 0.3587261438369751, 0.5078399181365967, 0.6308355927467346, -0.529072105884552, -0.0099568422883749, -0.005082218442112207, 0.8485032320022583, 0.5171758532524109, 0.04945319518446922, -0.1812804788351059, 0.8349975943565369, 0.5174800753593445, 4.759956573252566e-05, -0.08460234850645065, 0.8515027165412903, 0.3264906108379364, 0.6746202111244202, -0.07673300802707672, 0.6575739979743958, -0.09641258418560028, -0.00992018822580576, -0.010205300524830818, 0.9952397346496582, -0.045902203768491745, 0.0064797732047736645, -0.0035576014779508114, 0.9989185929298401, -0.5352208614349365, 0.47867536544799805, -0.4091571569442749, 0.5630266070365906, -0.41847163438796997, -0.04741361364722252, -0.18097223341464996, 0.888753354549408, 0.07961221784353256, -0.23428410291671753, 0.01567322574555874, 0.9687761664390564, -0.10620580613613129, -0.10318800061941147, 0.1369132101535797, 0.9794525504112244, -0.5660825967788696, -0.46733343601226807, 0.37487441301345825, 0.5662325024604797, -0.5790387988090515, 0.05513756722211838, 0.38548436760902405, 0.7162930369377136, 0.0822371393442154, 0.13245639204978943, -0.022763032466173172, 0.9875091314315796, -0.13358789682388306, 0.3200770616531372, 0.17102304100990295, 0.9222017526626587, 0.17753878235816956, 0.06621979176998138, -0.055288538336753845, 0.9803255200386047, -0.15852408111095428, -0.15216763317584991, 0.025711853057146072, 0.9752199649810791, 0.2604730427265167, 0.00697668269276619, 3.5209556159543354e-08, 0.965455949306488, -0.5149354934692383, -0.013791928067803383, 8.14930842807371e-08, 0.8571180105209351, -0.7476337552070618, -0.21731707453727722, 0.6184970140457153, 0.1062004342675209, -0.6318037509918213, 0.3690756857395172, 0.608944833278656, 0.30625709891319275, -0.2003537267446518, -0.012887728400528431, -0.021627239882946014, 0.979400098323822, 0.6130054593086243, -0.07087638229131699, 0.09035468101501465, 0.7816885113716125, 0.39734217524528503, -0.0008261902839876711, 0.07121450453996658, 0.9149027466773987, -0.4598931670188904, 0.3385164141654968, 0.47690650820732117, 0.6681804656982422, -0.4695909321308136, -0.005455709062516689, -0.0009708841680549085, 0.8828667402267456, 0.5385175943374634, 0.03463153913617134, -0.11866029351949692, 0.8334981799125671, 0.5028030276298523, -0.0023660543374717236, -0.0814630389213562, 0.8605506420135498, 0.329721599817276, 0.6662842035293579, -0.0810760036110878, 0.6639094948768616, -0.0950651541352272, -0.013832053169608116, -0.007050227373838425, 0.9953500032424927, -0.04518963396549225, 0.004745883867144585, -0.0033921932335942984, 0.9989613890647888, -0.5350002646446228, 0.46970826387405396, -0.40904802083969116, 0.5708140134811401, -0.4148358106613159, -0.06556817889213562, -0.16865280270576477, 0.8917221426963806, 0.0930635929107666, -0.2865511178970337, 0.019918516278266907, 0.9533262252807617, -0.11961785703897476, -0.10675455629825592, 0.11778892576694489, 0.9800106287002563, -0.5648231506347656, -0.4682466983795166, 0.37612399458885193, 0.5659069418907166, -0.572716474533081, 0.05566537007689476, 0.3863569498062134, 0.7208505868911743, 0.08123475313186646, 0.1281123161315918, -0.02250223606824875, 0.9881709814071655, -0.13416007161140442, 0.3151808977127075, 0.17602011561393738, 0.922864556312561, 0.17072264850139618, 0.059802159667015076, -0.05277593433856964, 0.982085645198822, -0.1616557091474533, -0.1332186609506607, 0.018382761627435684, 0.9776411652565002, 0.2604730427265167, 0.00697668083012104, 3.1953877766000005e-08, 0.965455949306488, -0.5149354934692383, -0.01379193365573883, 8.420952468668474e-08, 0.8571180105209351, -0.755422830581665, -0.22846025228500366, 0.6060288548469543, 0.09935462474822998, -0.6488591432571411, 0.33581632375717163, 0.6164394617080688, 0.29361823201179504, -0.18956232070922852, -0.013791452161967754, -0.022649427875876427, 0.9815105199813843, 0.6138318777084351, -0.08071979880332947, 0.09210337698459625, 0.7798793315887451, 0.3979725241661072, -0.0014885968994349241, 0.07109086960554123, 0.9146375060081482, -0.4586561918258667, 0.3089720904827118, 0.445320725440979, 0.7041734457015991, -0.40506207942962646, -0.0007904743542894721, 0.003651098581030965, 0.9142815470695496, 0.535815417766571, 0.019362717866897583, -0.04457293450832367, 0.8429354429244995, 0.4734611213207245, -0.007437348365783691, -0.07492958009243011, 0.8775903582572937, 0.3366321623325348, 0.656091034412384, -0.08867727965116501, 0.6695967316627502, -0.09453395754098892, -0.016654303297400475, -0.0020782959181815386, 0.995380163192749, -0.043934471905231476, 0.003019929863512516, -0.003318983595818281, 0.9990243911743164, -0.5336526036262512, 0.4605945944786072, -0.409894734621048, 0.5788382887840271, -0.4122740924358368, -0.08462177962064743, -0.16267815232276917, 0.8924152851104736, 0.10278714448213577, -0.3242526054382324, 0.02299295924603939, 0.9400885105133057, -0.12194539606571198, -0.10662547498941422, 0.08517061173915863, 0.9831105470657349, -0.5644854307174683, -0.4727533161640167, 0.37622156739234924, 0.562421441078186, -0.563368022441864, 0.05075718089938164, 0.3794401288032532, 0.7321648597717285, 0.07838360965251923, 0.11854615807533264, -0.022340521216392517, 0.989597737789154, -0.1347910761833191, 0.3159026801586151, 0.17648015916347504, 0.9224379062652588, 0.1689385324716568, 0.05029229074716568, -0.04871045798063278, 0.9831367135047913, -0.1744944304227829, -0.1122540682554245, 0.008937914855778217, 0.9781977534294128, 0.2604730725288391, 0.006976684555411339, 3.219503952323066e-08, 0.965455949306488, -0.5149354934692383, -0.013791931793093681, 8.52961008490638e-08, 0.8571180105209351, -0.7642511129379272, -0.2393115609884262, 0.5913516283035278, 0.09462275356054306, -0.6669941544532776, 0.3063082993030548, 0.6162263751029968, 0.28558558225631714, -0.1984967738389969, -0.013207334093749523, -0.022359773516654968, 0.9797574281692505, 0.6222314834594727, -0.09240759909152985, 0.09454426914453506, 0.771589457988739, 0.38256949186325073, 0.00027051891083829105, 0.06705120205879211, 0.921490490436554, -0.45152780413627625, 0.31710684299468994, 0.4453948140144348, 0.7051165699958801, -0.3910585045814514, 0.00041041229269467294, 0.005359470844268799, 0.9203501343727112, 0.48382800817489624, 0.005308025982230902, -0.023092923685908318, 0.8748422861099243, 0.4175429344177246, -0.01717032864689827, -0.06301989406347275, 0.9063065648078918, 0.34651216864585876, 0.644145131111145, -0.10067946463823318, 0.6744406223297119, -0.0927266776561737, -0.01938868872821331, 0.00324419466778636, 0.9954975247383118, -0.04145944118499756, 0.0016781092854216695, -0.0034483138006180525, 0.9991328120231628, -0.5336707234382629, 0.45142316818237305, -0.40902087092399597, 0.5866128206253052, -0.4060893952846527, -0.10383440554141998, -0.17093566060066223, 0.8916786909103394, 0.10742238163948059, -0.34250733256340027, 0.024601025506854057, 0.9330294728279114, -0.09894660115242004, -0.10267947614192963, 0.05821945518255234, 0.9880673289299011, -0.5681578516960144, -0.48005059361457825, 0.3714934289455414, 0.5556445121765137, -0.5522324442863464, 0.02984299324452877, 0.36247286200523376, 0.7501747608184814, 0.07415170967578888, 0.10740315169095993, -0.02195275016129017, 0.9912033677101135, -0.12888409197330475, 0.3110272288322449, 0.16146185994148254, 0.9276750683784485, 0.16126154363155365, 0.03333905711770058, -0.04181944206357002, 0.9854615330696106, -0.18265247344970703, -0.08673707395792007, -0.0025774838868528605, 0.979340672492981, 0.2604730427265167, 0.006976679898798466, 3.219503952323066e-08, 0.965455949306488, -0.5149354934692383, -0.01379193365573883, 8.203637236192662e-08, 0.8571180105209351, -0.7692973017692566, -0.2619744837284088, 0.5748277306556702, 0.09552018344402313, -0.6875491738319397, 0.27137020230293274, 0.6169943809509277, 0.2700967788696289, -0.22068069875240326, -0.011660769581794739, -0.021250879392027855, 0.975044846534729, 0.6250119805335999, -0.09264282882213593, 0.09378975629806519, 0.7694029211997986, 0.39251768589019775, -0.00238824263215065, 0.0686979666352272, 0.9171721339225769, -0.4455411434173584, 0.3174964487552643, 0.4887285530567169, 0.6795833706855774, -0.45867428183555603, -0.004226406570523977, 0.0003575119480956346, 0.8885943293571472, 0.5511462092399597, 0.019272560253739357, -0.06710334867238998, 0.8314827680587769, 0.41797327995300293, -0.01694909855723381, -0.06337800621986389, 0.906087338924408, 0.35354042053222656, 0.636762797832489, -0.10259606689214706, 0.6775075197219849, -0.09735459089279175, -0.02821364253759384, 0.00989870261400938, 0.9948005080223083, -0.03847360238432884, 0.0001383644121233374, -0.0038882491644471884, 0.9992520213127136, -0.5319800972938538, 0.44680464267730713, -0.41100358963012695, 0.5902870893478394, -0.411491334438324, -0.11960019171237946, -0.1748407930135727, 0.8864544034004211, 0.10973574221134186, -0.3550228476524353, 0.026433667168021202, 0.9280183911323547, -0.09659405052661896, -0.10231207311153412, 0.03666231408715248, 0.9893723726272583, -0.5681421756744385, -0.4889664053916931, 0.37131115794181824, 0.547954797744751, -0.5354533195495605, 0.015486976131796837, 0.33757391571998596, 0.774011492729187, 0.06822171807289124, 0.09324263781309128, -0.02053603157401085, 0.9930911064147949, -0.1151859313249588, 0.292800635099411, 0.14142650365829468, 0.9386152625083923, 0.1690257489681244, 0.020210573449730873, -0.03560315817594528, 0.9847609996795654, -0.1995115876197815, -0.06884219497442245, -0.012176325544714928, 0.9773983955383301, 0.2604730725288391, 0.006976682227104902, 3.5209556159543354e-08, 0.965455949306488, -0.5149354338645935, -0.013791927136480808, 9.45319840184311e-08, 0.8571180105209351, -0.7735183835029602, -0.27167385816574097, 0.5639468431472778, 0.09912949055433273, -0.6980115175247192, 0.26242169737815857, 0.6137253642082214, 0.2593376934528351, -0.2571008503437042, -0.008533412590622902, -0.018701601773500443, 0.9661659598350525, 0.6089828610420227, -0.079752616584301, 0.09592518955469131, 0.7833120822906494, 0.4305325150489807, -0.00924136582762003, 0.07646636664867401, 0.8992826342582703, -0.46215248107910156, 0.31211116909980774, 0.5197373032569885, 0.6472054719924927, -0.4849473834037781, -0.006136924959719181, -0.0009288908331654966, 0.8745213150978088, 0.5963272452354431, 0.02846318483352661, -0.10275521129369736, 0.7956287264823914, 0.4184472858905792, -0.017011264339089394, -0.06370359659194946, 0.9058445692062378, 0.36469343304634094, 0.6250218152999878, -0.11112802475690842, 0.6811732649803162, -0.1030936911702156, -0.03692958876490593, 0.01797318086028099, 0.9938233494758606, -0.03628150001168251, -0.0013047343818470836, -0.004065081011503935, 0.9993324875831604, -0.5315395593643188, 0.4456266164779663, -0.4107125401496887, 0.5917751789093018, -0.43206366896629333, -0.1240270733833313, -0.17725920677185059, 0.8755098581314087, 0.11156653612852097, -0.36246469616889954, 0.027005720883607864, 0.9249016046524048, -0.09454812854528427, -0.10016784071922302, 0.019174588844180107, 0.9902824759483337, -0.5733258128166199, -0.49749916791915894, 0.3634282648563385, 0.5401037931442261, -0.5069974660873413, -5.8330489991931245e-05, 0.3011173903942108, 0.8076397180557251, 0.06164170801639557, 0.07352425158023834, -0.021113665774464607, 0.9951626658439636, -0.10111835598945618, 0.27969950437545776, 0.1133335754275322, 0.9479972720146179, 0.1774977147579193, -0.001019250019453466, -0.025450125336647034, 0.9837915301322937, -0.21416014432907104, -0.046611446887254715, -0.022896671667695045, 0.9754171371459961, 0.2604730427265167, 0.006976685486733913, 3.303910389718112e-08, 0.965455949306488, -0.5149354934692383, -0.013791928999125957, 9.290211977486251e-08, 0.8571180105209351, -0.7747538089752197, -0.27718281745910645, 0.559403121471405, 0.09997236728668213, -0.6965380907058716, 0.26769399642944336, 0.6163666248321533, 0.2515290081501007, -0.29038864374160767, -0.0056617651134729385, -0.016146905720233917, 0.9567558169364929, 0.5820379257202148, -0.06115080416202545, 0.10129868984222412, 0.8045067191123962, 0.45605769753456116, -0.013644537888467312, 0.08163753151893616, 0.8860928416252136, -0.4785934090614319, 0.30560022592544556, 0.5432520508766174, 0.6184125542640686, -0.4882128834724426, -0.006315897218883038, -0.0003779294202104211, 0.8727016448974609, 0.621272087097168, 0.03411536291241646, -0.12779369950294495, 0.7723509073257446, 0.4187960922718048, -0.017039524391293526, -0.06393600255250931, 0.9056664109230042, 0.3744875192642212, 0.6178467869758606, -0.1170007660984993, 0.6814214587211609, -0.10408592969179153, -0.043806497007608414, 0.023413430899381638, 0.9933272004127502, -0.0344507209956646, -0.0024791420437395573, -0.004201654810458422, 0.9993945360183716, -0.530328094959259, 0.4440608620643616, -0.4116627871990204, 0.593376636505127, -0.4579474627971649, -0.1217167004942894, -0.18328802287578583, 0.8613215088844299, 0.11193126440048218, -0.3642687499523163, 0.027173003181815147, 0.9241435527801514, -0.08979848772287369, -0.0980558767914772, 0.02190643921494484, 0.9908790588378906, -0.5751426219940186, -0.5047407746315002, 0.35951364040374756, 0.5340391993522644, -0.48567497730255127, -0.010287039913237095, 0.2598114013671875, 0.834572970867157, 0.05585971474647522, 0.05715634301304817, -0.021654482930898666, 0.996566116809845, -0.08923760056495667, 0.25815603137016296, 0.09330642223358154, 0.9574372172355652, 0.18691353499889374, -0.026939943432807922, -0.01202971301972866, 0.9819332361221313, -0.22822538018226624, -0.01990094967186451, -0.03344568610191345, 0.9728301763534546, 0.2604730725288391, 0.00697668269276619, 3.315968299943961e-08, 0.965455949306488, -0.5149354934692383, -0.01379193551838398, 8.14930842807371e-08, 0.8571180105209351]
    s (float, 1752):  [1.0, 1.0, 0.9999999403953552, 1.0, 0.9999999403953552, 1.0, 1.0, 0.9999998807907104, 0.9999999403953552, 1.0, 0.9999999403953552, 0.9999998211860657, 1.0, 1.0, 1.0000001192092896, 1.0, 0.9999999403953552, 1.0, 1.0, 1.0000001192092896, 1.0, 0.9999999403953552, 1.0, 0.9999999403953552, 1.0, 0.9999998807907104, 1.0, 0.9999999403953552, 0.9999999403953552, 0.9999998211860657, 0.9999999403953552, 0.9999998807907104, 1.0, 0.9999998807907104, 1.0000001192092896, 0.9999998807907104, 1.0, 0.9999999403953552, 1.0, 1.0, 1.0, 1.0, 1.0, 1.0000001192092896, 1.0000001192092896, 1.0, 0.9999999403953552, 0.9999999403953552, 1.0, 1.0000001192092896, 1.0, 1.0, 0.9999998807907104, 1.0, 1.0000001192092896, 0.9999997615814209, 0.9999999403953552, 0.9999999403953552, 1.0, 0.9999998807907104, 0.9999998807907104, 1.0, 1.0, 1.0, 0.9999997615814209, 0.9999998807907104, 1.0, 1.0, 0.9999999403953552, 1.0, 1.0, 1.0, 0.9999999403953552, 1.0, 0.9999999403953552, 1.0, 1.0, 1.0, 1.0, 0.9999998807907104, 1.0, 0.9999999403953552, 0.9999999403953552, 0.9999998211860657, 0.9999999403953552, 1.0, 1.0000001192092896, 1.0, 0.9999998211860657, 1.0, 1.0, 0.9999999403953552, 0.9999998807907104, 1.0, 1.0, 0.9999999403953552, 1.0, 1.0000001192092896, 0.9999998807907104, 0.9999999403953552, 1.0, 1.0, 1.0000001192092896, 0.9999999403953552, 0.9999998807907104, 0.9999999403953552, 0.9999999403953552, 0.9999999403953552, 0.9999999403953552, 1.0000001192092896, 0.9999999403953552, 1.0, 0.9999998211860657, 1.0, 1.0, 1.0000001192092896, 0.9999999403953552, 0.9999999403953552, 1.0, 1.0, 1.0, 1.0, 0.9999999403953552, 1.0, 0.9999999403953552, 1.0, 0.9999998211860657, 0.9999999403953552, 0.9999998807907104, 1.0, 1.0, 1.0, 1.0, 1.0, 0.9999999403953552, 1.0, 0.9999998807907104, 1.0, 1.0000001192092896, 1.0, 1.0, 0.9999998807907104, 0.9999998807907104, 0.9999998807907104, 1.0, 0.9999999403953552, 0.9999998807907104, 0.9999998211860657, 1.0, 0.9999999403953552, 1.0000001192092896, 1.0, 0.9999998807907104, 0.9999998211860657, 1.0000001192092896, 0.9999997615814209, 1.0, 1.0000001192092896, 1.0000001192092896, 0.9999999403953552, 1.0, 1.0, 1.0000001192092896, 1.0, 1.0, 1.0000001192092896, 1.0, 0.9999999403953552, 1.0, 1.0000001192092896, 0.9999999403953552, 1.0, 0.9999999403953552, 1.0000001192092896, 0.9999999403953552, 1.0, 1.0, 1.0000001192092896, 0.9999998807907104, 0.9999998211860657, 0.9999999403953552, 1.0, 1.0, 1.0, 0.9999998807907104, 1.0000001192092896, 1.0, 1.0, 1.0, 1.0, 1.0, 1.0, 1.0, 1.0, 0.9999999403953552, 0.9999999403953552, 1.0, 1.0000001192092896, 0.9999999403953552, 1.0, 0.9999999403953552, 1.0, 0.9999999403953552, 0.9999999403953552, 0.9999998807907104, 1.0, 0.9999998807907104, 0.9999999403953552, 0.9999998211860657, 1.0, 0.9999999403953552, 1.0000001192092896, 1.0, 1.0, 0.9999999403953552, 0.9999999403953552, 1.0, 1.0, 1.0, 0.9999999403953552, 0.9999999403953552, 0.9999998807907104, 1.0000001192092896, 1.0, 1.0, 0.9999999403953552, 1.0, 0.9999998211860657, 1.0, 1.0000001192092896, 1.0000001192092896, 1.0, 0.9999998211860657, 1.0, 1.0, 1.0000001192092896, 0.9999999403953552, 1.0, 1.0, 1.0, 1.0, 0.9999999403953552, 1.0, 1.0, 0.9999999403953552, 0.9999999403953552, 0.9999999403953552, 0.9999999403953552, 0.9999999403953552, 0.9999998211860657, 1.0, 0.9999999403953552, 1.0, 1.0, 1.0, 1.0, 1.0, 0.9999999403953552, 1.0, 1.0, 1.000000238418579, 1.0, 1.0, 1.0, 1.0000001192092896, 1.0, 0.9999999403953552, 1.0, 0.9999999403953552, 1.0, 0.9999998807907104, 0.9999999403953552, 0.9999999403953552, 1.0, 0.9999998807907104, 0.9999998211860657, 0.9999999403953552, 1.0, 1.0, 1.0, 1.0, 0.9999999403953552, 1.0, 1.0, 1.0, 0.9999998807907104, 1.0, 0.9999999403953552, 1.0000001192092896, 1.0000001192092896, 1.0, 1.0, 1.0, 1.0, 1.0, 1.0, 0.9999998807907104, 1.0000001192092896, 1.0, 0.9999999403953552, 0.9999999403953552, 1.0000001192092896, 1.0, 0.9999998807907104, 0.9999999403953552, 1.0, 1.0, 1.0000001192092896, 1.0, 0.9999998807907104, 1.0, 0.9999998807907104, 1.0, 1.0000001192092896, 0.9999999403953552, 0.9999999403953552, 1.0, 1.0, 1.0, 1.0, 0.9999999403953552, 1.0, 1.0000001192092896, 0.9999999403953552, 0.9999999403953552, 1.0, 1.0000001192092896, 1.0000001192092896, 0.9999999403953552, 1.0000001192092896, 1.0000001192092896, 1.0000001192092896, 0.9999998807907104, 1.0, 1.0, 1.0000001192092896, 1.0, 1.0, 1.0, 0.9999998211860657, 1.0, 1.0000001192092896, 1.0, 0.9999998807907104, 0.9999998211860657, 1.0, 1.0, 0.9999998807907104, 1.0000001192092896, 1.0000001192092896, 1.0, 1.0, 0.9999998807907104, 1.0, 1.0000001192092896, 1.0, 1.0000001192092896, 1.0, 1.0, 1.0, 1.0000001192092896, 1.0, 0.9999999403953552, 0.9999998807907104, 1.0, 1.0, 1.0000001192092896, 0.9999998807907104, 1.0000001192092896, 0.9999999403953552, 0.9999999403953552, 0.9999997615814209, 1.0, 1.0, 1.0, 0.9999998807907104, 0.9999998211860657, 0.9999999403953552, 1.0, 0.9999999403953552, 0.9999999403953552, 1.0, 1.0, 0.9999999403953552, 1.0, 0.9999999403953552, 0.9999999403953552, 0.9999999403953552, 1.0, 1.0, 0.9999999403953552, 0.9999999403953552, 1.0, 1.0, 0.9999998807907104, 0.9999999403953552, 0.9999999403953552, 1.0, 0.9999999403953552, 0.9999999403953552, 0.9999999403953552, 1.0, 1.0, 1.0, 0.9999999403953552, 0.9999998807907104, 1.0, 0.9999999403953552, 1.0, 1.0, 0.9999998807907104, 0.9999999403953552, 1.0000001192092896, 1.0, 0.9999999403953552, 0.9999998211860657, 1.0, 1.0, 0.9999999403953552, 0.9999998807907104, 1.0000001192092896, 1.0, 1.0, 1.0, 1.0, 0.9999999403953552, 1.0, 1.0, 0.9999999403953552, 1.0, 1.0, 1.0, 1.0000001192092896, 0.9999999403953552, 0.9999998807907104, 1.0, 1.0, 0.9999999403953552, 1.0, 0.9999999403953552, 0.9999999403953552, 0.9999999403953552, 0.9999999403953552, 0.9999998807907104, 1.0, 1.0, 0.9999999403953552, 1.0, 1.0, 0.9999998807907104, 0.9999999403953552, 1.0000001192092896, 1.0, 0.9999998807907104, 0.9999999403953552, 0.9999998807907104, 1.0, 1.0, 0.9999999403953552, 0.9999999403953552, 0.9999999403953552, 1.0, 1.0, 1.0, 0.9999998211860657, 0.9999999403953552, 1.0, 0.9999998807907104, 0.9999998807907104, 1.0, 1.0, 1.0000001192092896, 0.9999998211860657, 1.0, 0.9999999403953552, 1.0000001192092896, 0.9999999403953552, 0.9999999403953552, 1.0000001192092896, 1.0, 1.0000001192092896, 1.0000001192092896, 0.9999999403953552, 0.9999998807907104, 1.0, 1.0, 1.0, 1.0, 1.0, 1.0000001192092896, 0.9999999403953552, 1.0, 0.9999999403953552, 1.0, 1.0000001192092896, 1.0000001192092896, 0.9999999403953552, 1.0, 1.0, 1.000000238418579, 1.0, 1.0, 1.0, 0.9999999403953552, 1.0, 1.0, 0.9999999403953552, 0.9999999403953552, 0.9999999403953552, 1.0, 0.9999998807907104, 1.0, 1.0, 1.0, 1.0, 0.9999999403953552, 1.0, 1.0, 1.0, 0.9999999403953552, 1.0, 0.9999998807907104, 0.9999998211860657, 1.0, 1.0, 1.0, 1.0, 0.9999999403953552, 1.0000001192092896, 1.0000001192092896, 0.9999999403953552, 0.9999998807907104, 0.9999998807907104, 1.0, 1.0, 1.0, 0.9999999403953552, 1.0, 0.9999998807907104, 0.9999999403953552, 0.9999999403953552, 1.0000001192092896, 1.0000001192092896, 1.0, 0.9999999403953552, 1.0, 1.0000001192092896, 1.0, 1.0, 0.9999998807907104, 1.0, 0.9999999403953552, 1.0, 1.0000001192092896, 0.9999998807907104, 0.9999999403953552, 1.0, 1.0000001192092896, 0.9999999403953552, 0.9999998807907104, 1.0, 1.0000001192092896, 1.0, 0.9999999403953552, 0.9999999403953552, 1.0, 1.0000001192092896, 1.0, 0.9999999403953552, 1.0, 1.0, 1.0000001192092896, 0.9999999403953552, 1.0, 1.0, 1.0, 1.0000001192092896, 1.0000001192092896, 0.9999998807907104, 0.9999999403953552, 1.0, 1.0000001192092896, 0.9999999403953552, 1.0, 1.0, 1.0000001192092896, 1.0, 0.9999998807907104, 1.0, 1.0000001192092896, 1.0000001192092896, 1.0, 0.9999999403953552, 1.0, 1.0, 1.0, 0.9999999403953552, 0.9999999403953552, 1.0, 0.9999999403953552, 1.0, 0.9999999403953552, 1.0, 1.0, 0.9999998211860657, 0.9999998211860657, 1.0, 1.0, 0.9999999403953552, 0.9999998807907104, 0.9999998807907104, 0.9999998807907104, 1.0, 1.0, 1.0, 1.0, 0.9999998211860657, 1.0, 1.0000001192092896, 1.0000001192092896, 1.0, 0.9999999403953552, 1.0, 1.0, 1.0, 0.9999999403953552, 0.9999998211860657, 0.9999998807907104, 0.9999999403953552, 1.0, 1.0, 0.9999999403953552, 0.9999998807907104, 1.0, 1.0, 0.9999998807907104, 1.0, 1.0000001192092896, 1.0000001192092896, 1.0, 0.9999999403953552, 1.0, 1.0000001192092896, 1.0, 1.0, 0.9999998807907104, 1.0000001192092896, 1.0, 1.0, 1.0, 0.9999997615814209, 1.0, 0.9999998807907104, 0.9999999403953552, 1.0, 0.9999999403953552, 0.9999999403953552, 1.0, 0.9999998807907104, 0.9999998807907104, 1.0, 1.0, 0.9999998807907104, 1.0, 0.9999999403953552, 0.9999999403953552, 0.9999999403953552, 1.0, 1.0000001192092896, 1.0, 1.0, 1.0, 1.0, 1.0, 0.9999998807907104, 0.9999999403953552, 1.0, 0.9999998807907104, 1.0, 0.9999998807907104, 1.0, 0.9999999403953552, 0.9999999403953552, 0.9999999403953552, 0.9999998807907104, 1.0, 1.0, 1.0000001192092896, 1.0, 1.0, 0.9999998807907104, 1.0, 0.9999998211860657, 1.0, 1.0, 1.0, 1.0000001192092896, 1.0, 1.0, 1.0, 1.0, 0.9999999403953552, 0.9999999403953552, 1.0, 0.9999999403953552, 0.9999999403953552, 1.0, 1.0, 0.9999999403953552, 1.0, 1.0000001192092896, 0.9999999403953552, 0.9999998211860657, 0.9999999403953552, 1.0, 1.0, 1.0, 1.0, 0.9999999403953552, 0.9999998807907104, 1.0, 0.9999998807907104, 0.9999999403953552, 0.9999999403953552, 1.0, 0.9999999403953552, 1.0, 0.9999998807907104, 0.9999998807907104, 0.9999998807907104, 0.9999999403953552, 1.0, 0.9999999403953552, 1.0000001192092896, 1.0, 1.0000001192092896, 1.0, 1.0000001192092896, 1.0, 1.0, 1.0, 1.0, 1.0, 1.0, 1.0, 1.0, 0.9999998807907104, 0.9999999403953552, 1.0, 0.9999998807907104, 1.0, 0.9999999403953552, 0.9999998807907104, 0.9999999403953552, 1.0, 1.0, 1.0, 1.0, 1.0, 0.9999998807907104, 1.0, 1.0, 1.0, 1.0000001192092896, 1.0, 1.0000001192092896, 1.0, 0.9999999403953552, 1.0000001192092896, 1.0, 0.9999998807907104, 0.9999999403953552, 0.9999998807907104, 1.0, 1.0, 0.9999999403953552, 0.9999999403953552, 1.0, 0.9999999403953552, 1.0, 1.0, 1.0000001192092896, 1.0, 1.0, 0.9999999403953552, 1.0, 1.0000001192092896, 1.0, 1.0, 1.0, 0.9999998807907104, 0.9999998211860657, 1.0000001192092896, 1.0, 0.9999998807907104, 0.9999999403953552, 0.9999998211860657, 1.0, 1.0, 0.9999999403953552, 0.9999998807907104, 1.0, 0.9999999403953552, 0.9999998807907104, 0.9999999403953552, 1.0000001192092896, 1.0000001192092896, 1.0, 0.9999997615814209, 1.0, 1.0, 1.0, 0.9999998807907104, 0.9999999403953552, 1.0, 1.0, 1.0, 0.9999998211860657, 1.0, 0.9999998807907104, 1.0, 0.9999998807907104, 1.0000001192092896, 1.0, 0.9999999403953552, 0.9999998211860657, 1.0000001192092896, 1.0, 0.9999998807907104, 1.0, 1.0, 1.0, 0.9999998807907104, 1.0000001192092896, 0.9999999403953552, 1.0, 0.9999999403953552, 0.9999997615814209, 0.9999998807907104, 0.9999998807907104, 0.9999999403953552, 1.0, 0.9999998807907104, 1.0, 1.0, 1.0, 1.0, 0.9999998807907104, 1.0, 1.0, 0.9999999403953552, 0.9999999403953552, 1.0, 0.9999999403953552, 1.0, 1.0, 0.9999999403953552, 0.9999999403953552, 0.9999999403953552, 1.0, 1.0, 1.0, 1.0, 0.9999999403953552, 1.0, 0.9999998807907104, 1.0, 1.0, 1.0, 0.9999998807907104, 0.9999998807907104, 0.9999998807907104, 0.9999999403953552, 1.0, 1.0, 0.9999999403953552, 1.0, 0.9999998807907104, 1.0000001192092896, 0.9999999403953552, 1.0, 1.0000001192092896, 1.0000001192092896, 1.0000001192092896, 1.0, 0.9999999403953552, 0.9999999403953552, 0.9999998807907104, 1.0, 1.0, 1.0, 0.9999998807907104, 0.9999999403953552, 1.0, 1.0000001192092896, 1.0, 0.9999999403953552, 0.9999998807907104, 0.9999999403953552, 0.9999999403953552, 0.9999999403953552, 1.0, 1.0, 1.0, 1.0, 0.9999999403953552, 1.0, 1.0000001192092896, 0.9999999403953552, 1.0, 1.0, 0.9999999403953552, 1.0000001192092896, 1.0, 0.9999998211860657, 0.9999999403953552, 1.0, 0.9999999403953552, 1.0, 1.0, 0.9999998211860657, 1.0, 0.9999999403953552, 0.9999998807907104, 1.0, 1.0, 0.9999999403953552, 0.9999999403953552, 1.0, 0.9999998807907104, 0.9999999403953552, 0.9999999403953552, 1.0, 0.9999999403953552, 1.0, 1.0, 1.0, 1.0, 0.9999998807907104, 1.0, 1.0, 0.9999999403953552, 0.9999999403953552, 0.9999998807907104, 1.0, 0.9999999403953552, 1.0, 1.0, 1.0, 1.0000001192092896, 1.0, 1.0, 0.9999999403953552, 1.0, 1.0, 1.0, 1.0, 0.9999998807907104, 1.0, 1.0, 1.0, 1.0000001192092896, 1.0, 0.9999999403953552, 0.9999998807907104, 1.0000001192092896, 1.0000001192092896, 1.0, 0.9999999403953552, 1.0, 1.0, 0.9999999403953552, 1.0000001192092896, 1.0, 1.0, 1.0, 1.0, 1.0, 1.0, 1.0, 0.9999999403953552, 0.9999999403953552, 1.0, 0.9999999403953552, 1.0, 1.0, 0.9999998807907104, 1.0, 0.9999999403953552, 1.0, 1.0, 1.0, 0.9999998807907104, 0.9999999403953552, 0.9999998807907104, 0.9999999403953552, 1.0, 1.0, 1.0, 1.0, 0.9999999403953552, 0.9999999403953552, 0.9999999403953552, 1.0, 1.0, 0.9999998807907104, 1.0, 0.9999999403953552, 1.0, 1.0, 0.9999998807907104, 0.9999999403953552, 0.9999999403953552, 1.0, 1.0, 0.9999999403953552, 1.0, 1.0, 0.9999999403953552, 0.9999999403953552, 1.0, 1.0, 1.0, 1.0, 0.9999999403953552, 1.0000001192092896, 1.0, 1.0000001192092896, 1.0, 1.0, 0.9999999403953552, 0.9999999403953552, 1.0000001192092896, 1.0000001192092896, 0.9999998807907104, 0.9999999403953552, 1.0, 1.0000001192092896, 1.0, 1.0, 0.9999999403953552, 1.0, 0.9999999403953552, 1.0, 1.0000001192092896, 0.9999999403953552, 1.0, 1.0, 1.0, 0.9999999403953552, 0.9999999403953552, 0.9999999403953552, 1.0000001192092896, 1.0, 1.0, 0.9999999403953552, 1.0, 1.0, 1.0, 1.0, 1.0, 1.0, 0.9999999403953552, 1.0, 0.9999998807907104, 1.0, 1.0, 0.9999999403953552, 1.0, 0.9999999403953552, 1.0, 0.9999999403953552, 0.9999999403953552, 1.0, 1.0000001192092896, 1.0000001192092896, 0.9999999403953552, 0.9999999403953552, 1.0, 0.9999999403953552, 1.0, 1.0, 0.9999998807907104, 0.9999999403953552, 1.0, 1.0000001192092896, 1.0, 0.9999998807907104, 0.9999998807907104, 1.0, 1.0, 1.0, 1.0, 1.0, 1.0000001192092896, 0.9999999403953552, 0.9999998807907104, 1.0000001192092896, 1.0, 1.0000001192092896, 1.0, 0.9999999403953552, 0.9999999403953552, 0.9999998807907104, 1.0, 1.0000001192092896, 0.9999998807907104, 0.9999998807907104, 1.0, 1.0, 1.0, 1.0, 1.0, 0.9999999403953552, 0.9999999403953552, 0.9999998211860657, 1.0, 1.0000001192092896, 1.0, 1.0, 1.0, 1.0, 1.0000001192092896, 1.0000001192092896, 1.0, 1.0000001192092896, 1.0, 0.9999999403953552, 1.0, 1.0, 0.9999998211860657, 0.9999998211860657, 1.0, 0.9999999403953552, 1.0, 0.9999999403953552, 0.9999999403953552, 0.9999999403953552, 0.9999999403953552, 0.9999998211860657, 1.0, 1.0000001192092896, 1.0, 1.0000001192092896, 0.9999999403953552, 1.0, 1.0000001192092896, 1.0000001192092896, 1.0, 1.0, 1.0, 0.9999999403953552, 1.0, 0.9999999403953552, 0.9999998807907104, 0.9999998807907104, 0.9999998807907104, 0.9999999403953552, 1.0, 1.0, 1.0, 1.0, 0.9999998211860657, 1.0, 1.0, 1.0, 1.0, 0.9999998807907104, 0.9999998211860657, 1.0000001192092896, 1.0, 1.0, 0.9999999403953552, 1.0, 1.0, 0.9999999403953552, 1.0, 1.0, 0.9999999403953552, 0.9999998807907104, 0.9999999403953552, 0.9999999403953552, 1.0, 0.9999999403953552, 1.0, 1.0, 1.0, 1.0, 1.0000001192092896, 1.0, 1.0000001192092896, 0.9999998807907104, 1.0, 1.0000001192092896, 1.0, 1.0000001192092896, 0.9999999403953552, 0.9999999403953552, 1.0, 0.9999999403953552, 1.0, 1.0000001192092896, 0.9999998211860657, 0.9999999403953552, 1.0000001192092896, 1.0, 1.0, 0.9999999403953552, 1.0, 1.0000001192092896, 0.9999999403953552, 0.9999999403953552, 1.0, 1.0, 1.0, 1.0000001192092896, 0.9999999403953552, 1.0, 1.0, 1.0000001192092896, 0.9999999403953552, 1.0, 1.0, 1.0, 1.0, 1.0000001192092896, 0.9999998807907104, 1.0000001192092896, 0.9999999403953552, 1.0, 0.9999999403953552, 0.9999999403953552, 0.9999999403953552, 0.9999999403953552, 0.9999999403953552, 0.9999998807907104, 1.0, 1.0, 1.0, 0.9999999403953552, 0.9999999403953552, 0.9999999403953552, 0.9999999403953552, 1.0, 1.0, 1.0000001192092896, 1.0, 0.9999999403953552, 1.0000001192092896, 1.0, 0.9999998807907104, 1.0, 1.0, 1.0000001192092896, 1.0, 0.9999999403953552, 1.0000001192092896, 1.0, 1.0, 1.0, 0.9999999403953552, 1.0000001192092896, 1.0, 0.9999999403953552, 0.9999998211860657, 0.9999999403953552, 1.0, 1.0, 1.0, 1.0, 1.0, 0.9999998807907104, 1.0, 1.0, 0.9999999403953552, 1.0, 0.9999998211860657, 1.0, 0.9999999403953552, 0.9999999403953552, 0.9999999403953552, 0.9999999403953552, 0.9999999403953552, 0.9999998211860657, 0.9999998807907104, 1.0000001192092896, 1.0, 1.0, 0.9999998211860657, 1.0, 1.0, 1.0, 1.0, 1.0, 1.0, 1.0, 1.0, 1.0, 0.9999998807907104, 0.9999999403953552, 0.9999999403953552, 0.9999999403953552, 0.9999999403953552, 0.9999998807907104, 1.0, 1.0000001192092896, 0.9999999403953552, 1.0, 0.9999999403953552, 1.0, 1.0, 0.9999998807907104, 0.9999999403953552, 1.0, 1.0, 1.0, 1.0, 1.0, 1.0, 0.9999999403953552, 1.0, 1.0, 0.9999999403953552, 1.0, 0.9999999403953552, 1.0, 0.9999999403953552, 0.9999998807907104, 0.9999999403953552, 1.0, 1.0, 0.9999999403953552, 1.0000001192092896, 0.9999999403953552, 1.0, 1.0000001192092896, 1.0000001192092896, 1.0, 1.0, 1.0, 1.0, 0.9999999403953552, 1.0, 0.9999999403953552, 1.0, 1.0, 0.9999999403953552, 0.9999998807907104, 0.9999999403953552, 0.9999998807907104, 1.0000001192092896, 0.9999999403953552, 0.9999999403953552, 1.0, 1.0, 0.9999999403953552, 0.9999999403953552, 1.0, 1.0000001192092896, 0.9999999403953552, 0.9999999403953552, 0.9999999403953552, 1.0000001192092896, 1.0, 1.0, 0.9999999403953552, 0.9999999403953552, 0.9999998211860657, 1.0, 1.0, 0.9999998807907104, 0.9999998807907104, 0.9999999403953552, 0.9999999403953552, 0.9999999403953552, 0.9999999403953552, 0.9999999403953552, 0.9999998211860657, 0.9999998807907104, 1.0, 0.9999999403953552, 1.0000001192092896, 1.0000001192092896, 0.9999998807907104, 0.9999999403953552, 0.9999999403953552, 0.9999999403953552, 1.0, 1.0, 1.0, 1.0, 0.9999999403953552, 1.0, 1.0, 0.9999999403953552, 1.0, 0.9999998807907104, 1.0000001192092896, 1.0, 0.9999998211860657, 0.9999999403953552, 1.0000001192092896, 0.9999998807907104, 0.9999999403953552, 0.9999999403953552, 1.0000001192092896, 1.0000001192092896, 0.9999999403953552, 0.9999998807907104, 1.0, 1.0, 1.0, 1.0000001192092896, 0.9999998211860657, 0.9999999403953552, 0.9999998807907104, 1.0000001192092896, 0.9999998807907104, 0.9999998807907104, 1.0, 1.0, 1.0, 1.0, 0.9999999403953552, 0.9999998807907104, 0.9999998211860657, 1.0, 0.9999998211860657, 0.9999998807907104, 1.0000001192092896, 1.0000001192092896, 1.0000001192092896, 0.9999997019767761, 1.0, 1.0000001192092896, 1.0, 0.9999999403953552, 0.9999998807907104, 0.9999999403953552, 0.9999998211860657, 1.0000001192092896, 0.9999998211860657, 0.9999999403953552, 0.9999998807907104, 0.9999998807907104, 0.9999998211860657, 1.0, 0.9999999403953552, 0.9999999403953552, 0.9999998211860657, 0.9999999403953552, 0.9999999403953552, 0.9999999403953552, 0.9999999403953552, 0.9999998807907104, 1.0000001192092896, 0.9999998807907104, 0.9999999403953552, 1.0, 1.0, 0.9999999403953552, 0.9999998807907104, 1.0, 0.9999999403953552, 1.0, 1.0000001192092896, 0.9999998211860657, 1.0, 1.0, 1.0, 1.0, 1.0, 0.9999999403953552, 0.9999999403953552, 0.9999999403953552, 0.9999999403953552, 1.0000001192092896, 1.0000001192092896, 1.0000001192092896, 1.0, 0.9999999403953552, 0.9999999403953552, 1.0, 0.9999999403953552, 1.0000001192092896, 1.0, 1.0000001192092896, 1.0, 1.0000001192092896, 1.0000001192092896, 0.9999998807907104, 1.0, 1.0, 1.0000001192092896, 1.0, 1.0, 0.9999998807907104, 1.0, 0.9999998211860657, 0.9999999403953552, 1.0, 0.9999999403953552, 0.9999999403953552, 1.0, 1.0, 1.0000001192092896, 1.0, 1.0000001192092896, 1.0, 1.0, 0.9999998807907104, 0.9999998807907104, 1.0, 1.0000001192092896, 0.9999998807907104, 1.0000001192092896, 1.0, 0.9999999403953552, 0.9999998211860657, 0.9999999403953552, 1.0, 1.0, 0.9999999403953552, 0.9999998807907104, 0.9999999403953552, 1.0, 1.0, 1.0, 0.9999998807907104, 1.0, 1.0, 1.0000001192092896, 1.0, 0.9999999403953552, 0.9999998807907104, 0.9999998807907104, 1.0, 1.0, 0.9999998807907104, 1.0, 0.9999999403953552, 1.0, 0.9999999403953552, 0.9999998211860657, 0.9999998807907104, 0.9999999403953552, 0.9999999403953552, 0.9999999403953552, 1.0, 1.0, 1.0, 1.0, 1.0, 1.0000001192092896, 1.0000001192092896, 1.0000001192092896, 0.9999999403953552, 1.0, 1.0, 1.0, 1.0, 1.0, 0.9999998211860657, 1.0, 1.0, 1.0, 0.9999999403953552, 1.0000001192092896, 1.0, 0.9999999403953552, 0.9999998807907104, 1.0, 1.0, 1.0000001192092896, 0.9999999403953552, 1.0, 0.9999998807907104, 0.9999999403953552, 1.0, 1.0, 1.0000001192092896, 1.0, 0.9999999403953552, 0.9999998211860657, 1.0, 1.0000001192092896, 0.9999999403953552, 0.9999999403953552, 0.9999999403953552, 1.0, 1.0, 1.0, 1.0, 1.0, 1.0, 1.0, 0.9999999403953552, 1.0000001192092896, 1.0000001192092896, 1.0, 0.9999998211860657, 1.0, 1.0, 1.0, 1.0, 1.0, 1.0, 0.9999998807907104, 1.0, 1.0, 0.9999999403953552, 1.0, 1.0, 0.9999999403953552, 1.0, 0.9999999403953552, 0.9999999403953552, 0.9999999403953552, 0.9999999403953552, 0.9999998807907104, 1.0, 1.0, 1.0, 1.0, 1.0, 1.0000001192092896, 0.9999999403953552, 1.0, 1.0, 0.9999999403953552, 1.0, 0.9999998807907104, 1.0, 1.0, 0.9999998807907104, 0.9999998807907104, 1.0000001192092896, 1.0, 1.0, 1.0, 1.0, 0.9999998807907104, 0.9999999403953552, 0.9999998211860657, 1.0, 0.9999999403953552, 1.0000001192092896, 1.0, 0.9999998807907104, 0.9999999403953552, 1.0, 1.0, 1.0000001192092896, 0.9999998807907104, 1.0, 0.9999998807907104, 1.0, 1.0, 1.0, 0.9999999403953552, 0.9999998807907104, 1.0, 1.0, 0.9999998211860657, 0.9999999403953552, 1.0, 1.0, 0.9999998211860657, 1.0, 1.0, 1.0, 0.9999999403953552, 0.9999998807907104, 0.9999999403953552, 1.0000001192092896, 0.9999999403953552, 1.0, 1.0, 1.0, 0.9999999403953552, 1.0, 1.0, 0.9999998807907104, 0.9999999403953552, 1.0, 0.9999998807907104, 1.0, 0.9999998807907104, 1.0, 0.9999998807907104, 0.9999999403953552, 0.9999998807907104, 0.9999999403953552, 1.0, 0.9999998807907104, 0.9999999403953552, 0.9999998807907104, 1.0, 1.0, 1.0000001192092896, 1.0, 1.0000001192092896, 1.0, 0.9999999403953552, 1.0, 0.9999998807907104, 0.9999998807907104, 1.0, 0.9999999403953552, 0.9999999403953552, 0.9999999403953552, 1.0, 0.9999999403953552, 0.9999998807907104, 1.0, 0.9999998211860657, 0.9999999403953552, 1.0, 1.0000001192092896, 1.0, 0.9999998211860657, 0.9999999403953552, 0.9999999403953552, 1.0000001192092896, 0.9999999403953552, 0.9999998807907104, 1.0, 0.9999999403953552, 1.0, 1.0000001192092896, 0.9999998807907104, 0.9999999403953552, 0.9999999403953552, 1.0, 1.0000001192092896, 1.0, 0.9999998807907104, 1.0, 0.9999998807907104, 0.9999999403953552, 1.0, 0.9999999403953552, 1.0, 1.0000001192092896, 1.0, 1.0, 1.0, 1.0, 0.9999999403953552, 0.9999999403953552, 1.0, 0.9999998807907104]
