pdxasset (int, 2):  [1, 0]
info:
    fps (float, 1):  [24.0]
    sa (int, 1):  [98]
    j (int, 1):  [24]
    Hips:
        sa (str, 1):  ['qs']
        t (float, 3):  [0.26112160086631775, 3.607551097869873, -0.3368181884288788]
        q (float, 4):  [-0.4762400686740875, -0.22142887115478516, 0.8143185377120972, 0.2470829337835312]
        s (float, 1):  [1.0000001192092896]
    LeftUpLeg:
        sa (str, 1):  ['tqs']
        t (float, 3):  [-0.14152172207832336, 0.4226135015487671, -0.32589322328567505]
        q (float, 4):  [-0.5239993333816528, 0.5166120529174805, 0.4938910901546478, 0.4632583558559418]
        s (float, 1):  [1.0]
    LeftLeg:
        sa (str, 1):  ['tqs']
        t (float, 3):  [4.947185516357422e-06, 6.109476089477539e-06, 1.5101162195205688]
        q (float, 4):  [-0.372234582901001, -0.031573161482810974, -0.16545599699020386, 0.9127260446548462]
        s (float, 1):  [1.0]
    LeftFoot:
        sa (str, 1):  ['tqs']
        t (float, 3):  [-9.685754776000977e-07, -3.4347176551818848e-06, 1.666260004043579]
        q (float, 4):  [0.5309106707572937, -0.013534903526306152, 0.11776677519083023, 0.8390957713127136]
        s (float, 1):  [1.0]
    LeftToeBase:
        sa (str, 1):  ['tqs']
        t (float, 3):  [-1.2479722499847412e-06, 1.329183578491211e-05, 0.4986536204814911]
        q (float, 4):  [0.3235086500644684, -0.01001411210745573, 0.03589409962296486, 0.9454911351203918]
        s (float, 1):  [1.0]
    RightUpLeg:
        sa (str, 1):  ['tqs']
        t (float, 3):  [-0.2556619644165039, 0.2156829833984375, 0.40454500913619995]
        q (float, 4):  [-0.5056732892990112, 0.06456620246171951, 0.6156104207038879, 0.6009571552276611]
        s (float, 1):  [1.000000238418579]
    RightLeg:
        sa (str, 1):  ['tqs']
        t (float, 3):  [5.707144737243652e-06, -3.933906555175781e-06, 1.5244441032409668]
        q (float, 4):  [-0.37338313460350037, -0.02004082128405571, -0.02583109214901924, 0.9271010160446167]
        s (float, 1):  [1.0]
    RightFoot:
        sa (str, 1):  ['tqs']
        t (float, 3):  [1.2014061212539673e-06, 1.996755599975586e-06, 1.5880742073059082]
        q (float, 4):  [0.6047409772872925, 0.10437687486410141, -0.15441684424877167, 0.7743057012557983]
        s (float, 1):  [0.9999998807907104]
    RightToeBase:
        sa (str, 1):  ['tqs']
        t (float, 3):  [-4.3585896492004395e-07, 1.914799213409424e-06, 0.5391388535499573]
        q (float, 4):  [0.3712683320045471, -0.02686261013150215, -0.029872020706534386, 0.9276561737060547]
        s (float, 1):  [0.9999999403953552]
    Spine02:
        sa (str, 1):  ['tqs']
        t (float, 3):  [0.39718568325042725, -0.4572342336177826, -0.07864384353160858]
        q (float, 4):  [0.34833475947380066, 0.664644181728363, -0.17583711445331573, 0.6371752619743347]
        s (float, 1):  [0.9999999403953552]
    Spine01:
        sa (str, 1):  ['tqs']
        t (float, 3):  [-1.2069940567016602e-06, -3.844499588012695e-06, 0.6107518076896667]
        q (float, 4):  [-0.09867847710847855, 0.0250034611672163, -0.08021258562803268, 0.9915661215782166]
        s (float, 1):  [0.9999999403953552]
    Spine:
        sa (str, 1):  ['tqs']
        t (float, 3):  [9.685754776000977e-08, 1.039355993270874e-06, 0.6107361912727356]
        q (float, 4):  [-0.09811136871576309, 0.02737373299896717, -0.0840163305401802, 0.9912447333335876]
        s (float, 1):  [0.9999997615814209]
    LeftShoulder:
        sa (str, 1):  ['tqs']
        t (float, 3):  [0.13632498681545258, 0.009616941213607788, 0.08745379000902176]
        q (float, 4):  [-0.5201050043106079, 0.5347698926925659, -0.42770785093307495, 0.5104684233665466]
        s (float, 1):  [1.0]
    LeftArm:
        sa (str, 1):  ['tqs']
        t (float, 3):  [-2.9802322387695312e-08, 1.0067597031593323e-06, 0.5533828735351562]
        q (float, 4):  [-0.5098605155944824, -0.07639645040035248, -0.037527959793806076, 0.8560359477996826]
        s (float, 1):  [1.0]
    LeftForeArm:
        sa (str, 1):  ['tqs']
        t (float, 3):  [-1.4901161193847656e-06, 6.198883056640625e-06, 0.9564045071601868]
        q (float, 4):  [0.148404061794281, -0.4286361038684845, -0.0342574343085289, 0.8905469179153442]
        s (float, 1):  [1.0000001192092896]
    LeftHand:
        sa (str, 1):  ['tqs']
        t (float, 3):  [5.304813385009766e-06, -4.291534423828125e-06, 0.8709107637405396]
        q (float, 4):  [0.01550921518355608, -0.06429444253444672, -0.24822376668453217, 0.9664422869682312]
        s (float, 1):  [1.0]
    RightShoulder:
        sa (str, 1):  ['tqs']
        t (float, 3):  [-0.1392381489276886, 0.0007462850771844387, 0.11133390665054321]
        q (float, 4):  [-0.5645308494567871, -0.5199436545372009, 0.38331758975982666, 0.5138396620750427]
        s (float, 1):  [0.9999998807907104]
    RightArm:
        sa (str, 1):  ['tqs']
        t (float, 3):  [5.066394805908203e-07, 3.5762786865234375e-07, 0.5475772023200989]
        q (float, 4):  [-0.5145319700241089, -0.13263633847236633, 0.06271439790725708, 0.8448262214660645]
        s (float, 1):  [1.0]
    RightForeArm:
        sa (str, 1):  ['tqs']
        t (float, 3):  [4.470348358154297e-07, -2.72504985332489e-06, 0.9591917395591736]
        q (float, 4):  [0.09885828197002411, 0.37892505526542664, -0.06778761744499207, 0.9176316261291504]
        s (float, 1):  [1.0000001192092896]
    RightHand:
        sa (str, 1):  ['tqs']
        t (float, 3):  [1.6242265701293945e-06, 7.1339309215545654e-06, 0.8301163911819458]
        q (float, 4):  [-0.17094898223876953, 0.28665533661842346, 0.1533983200788498, 0.9300936460494995]
        s (float, 1):  [1.0]
    neck:
        sa (str, 1):  ['tqs']
        t (float, 3):  [0.0029132217168807983, -0.010364456102252007, 0.4211159646511078]
        q (float, 4):  [0.050933465361595154, 0.006561108399182558, 0.009052171371877193, 0.9986394643783569]
        s (float, 1):  [1.0]
    Head:
        sa (str, 1):  ['tqs']
        t (float, 3):  [-8.940696716308594e-08, 3.203749656677246e-07, 0.3642202615737915]
        q (float, 4):  [-0.13881300389766693, 0.057186309248209, -0.1634032279253006, 0.9750692844390869]
        s (float, 1):  [1.0000001192092896]
    head_end:
        sa (str, 1):  ['tqs']
        t (float, 3):  [0.010769905522465706, -0.4021003246307373, 0.6909162998199463]
        q (float, 4):  [0.2634436786174774, 0.005610660649836063, -0.0017617992125451565, 0.9646568298339844]
        s (float, 1):  [0.9999999403953552]
    headfront:
        sa (str, 1):  ['tqs']
        t (float, 3):  [-0.010769536718726158, 0.4020955562591553, 0.21377743780612946]
        q (float, 4):  [-0.5149354338645935, -0.013791892677545547, 1.037678671877984e-07, 0.8571180105209351]
        s (float, 1):  [0.9999998807907104]
samples:
    t (float, 6762):  [-0.14152196049690247, 0.4226135015487671, -0.32589325308799744, 5.036592483520508e-06, 5.751848220825195e-06, 1.5101159811019897, -9.834766387939453e-07, -3.516674041748047e-06, 1.6662602424621582, -1.301988959312439e-06, 1.3217329978942871e-05, 0.4986536204814911, -0.255662202835083, 0.2156832218170166, 0.40454497933387756, 5.766749382019043e-06, -3.9637088775634766e-06, 1.5244439840316772, 1.1418014764785767e-06, 1.9669532775878906e-06, 1.5880740880966187, -4.945322871208191e-07, 1.914799213409424e-06, 0.5391388535499573, 0.39718568325042725, -0.4572344720363617, -0.07864390313625336, -1.1771917343139648e-06, -3.7550926208496094e-06, 0.6107508540153503, 5.21540641784668e-08, 9.201467037200928e-07, 0.610737144947052, 0.13632500171661377, 0.00961717963218689, 0.08745331317186356, 2.086162567138672e-07, 5.299225449562073e-07, 0.5533827543258667, -1.6093254089355469e-06, 6.318092346191406e-06, 0.956404983997345, 5.543231964111328e-06, -4.172325134277344e-06, 0.8709114789962769, -0.1392381340265274, 0.0007465234957635403, 0.11133342981338501, 5.066394805908203e-07, 3.5762786865234375e-07, 0.5475773215293884, -2.9802322387695312e-08, -3.0230730772018433e-06, 0.9591910243034363, 1.6093254089355469e-06, 7.372349500656128e-06, 0.8301166296005249, 0.002913236618041992, -0.010364217683672905, 0.4211154878139496, -7.450580596923828e-08, 2.0116567611694336e-07, 0.3642212152481079, 0.010769875720143318, -0.4021008014678955, 0.6909167766571045, -0.010769566521048546, 0.40209531784057617, 0.21377743780612946, -0.14152207970619202, 0.4226136803627014, -0.32589325308799744, 4.947185516357422e-06, 5.885958671569824e-06, 1.5101159811019897, -9.313225746154785e-07, -3.725290298461914e-06, 1.6662601232528687, -1.2293457984924316e-06, 1.3209879398345947e-05, 0.4986535608768463, -0.2556621730327606, 0.21568329632282257, 0.4045449197292328, 5.647540092468262e-06, -3.941357135772705e-06, 1.5244433879852295, 1.2759119272232056e-06, 1.9222497940063477e-06, 1.5880744457244873, -4.76837158203125e-07, 1.959502696990967e-06, 0.5391389727592468, 0.3971852660179138, -0.45723360776901245, -0.07864384353160858, -1.2665987014770508e-06, -3.7848949432373047e-06, 0.6107515692710876, 1.1175870895385742e-07, 1.2926757335662842e-06, 0.6107361316680908, 0.13632500171661377, 0.009616874158382416, 0.08745397627353668, -2.9802322387695312e-08, 1.0346993803977966e-06, 0.5533829927444458, -1.3113021850585938e-06, 6.3478946685791016e-06, 0.9564043283462524, 5.424022674560547e-06, -4.410743713378906e-06, 0.8709109425544739, -0.1392381191253662, 0.0007462822832167149, 0.11133357137441635, 3.948807716369629e-07, 8.195638656616211e-07, 0.5475773215293884, 3.3527612686157227e-07, -2.7725473046302795e-06, 0.9591915607452393, 1.6614794731140137e-06, 6.975606083869934e-06, 0.8301160931587219, 0.0029132217168807983, -0.010364795103669167, 0.42111650109291077, -4.470348358154297e-08, 1.1175870895385742e-07, 0.36422011256217957, 0.010769926942884922, -0.40210026502609253, 0.6909177303314209, -0.010769526474177837, 0.40209585428237915, 0.21377849578857422, -0.1415219008922577, 0.42261359095573425, -0.32589325308799744, 4.827976226806641e-06, 6.064772605895996e-06, 1.5101157426834106, -1.1548399925231934e-06, -3.5390257835388184e-06, 1.666260004043579, -1.0672956705093384e-06, 1.3224780559539795e-05, 0.49865368008613586, -0.2556619942188263, 0.21568338572978973, 0.4045449197292328, 5.751848220825195e-06, -4.0978193283081055e-06, 1.5244438648223877, 1.253560185432434e-06, 1.948326826095581e-06, 1.5880742073059082, -4.0978193283081055e-07, 1.9222497940063477e-06, 0.5391390323638916, 0.397185742855072, -0.4572339653968811, -0.07864390313625336, -1.1622905731201172e-06, -3.6656856536865234e-06, 0.6107504963874817, 4.470348358154297e-08, 1.1622905731201172e-06, 0.610736608505249, 0.13632500171661377, 0.009616456925868988, 0.0874541774392128, 2.9802322387695312e-08, 5.634501576423645e-07, 0.5533829927444458, -1.6093254089355469e-06, 6.705522537231445e-06, 0.9564051032066345, 5.364418029785156e-06, -4.291534423828125e-06, 0.8709107637405396, -0.1392381191253662, 0.0007461849600076675, 0.11133337765932083, 8.195638656616211e-08, 8.940696716308594e-07, 0.5475773215293884, -7.450580596923828e-09, -2.882443368434906e-06, 0.959191083908081, 1.5944242477416992e-06, 7.506459951400757e-06, 0.8301162123680115, 0.00291326642036438, -0.010364580899477005, 0.42111605405807495, -3.91155481338501e-08, 1.8067657947540283e-07, 0.36422082781791687, 0.010769914835691452, -0.40210023522377014, 0.6909173130989075, -0.010769521817564964, 0.40209564566612244, 0.2137780636548996, -0.14152178168296814, 0.4226135015487671, -0.325893372297287, 5.036592483520508e-06, 5.856156349182129e-06, 1.5101158618927002, -1.1175870895385742e-06, -3.7476420402526855e-06, 1.6662601232528687, -1.1473894119262695e-06, 1.3239681720733643e-05, 0.4986536502838135, -0.2556619942188263, 0.21568311750888824, 0.404544860124588, 5.632638931274414e-06, -4.030764102935791e-06, 1.5244436264038086, 1.171603798866272e-06, 2.034008502960205e-06, 1.5880740880966187, -4.2188912630081177e-07, 1.914799213409424e-06, 0.5391389727592468, 0.3971855044364929, -0.45723387598991394, -0.07864397764205933, -1.2367963790893555e-06, -3.829598426818848e-06, 0.6107516288757324, -2.9802322387695312e-08, 1.3262033462524414e-06, 0.610736072063446, 0.136324942111969, 0.009617112576961517, 0.08745311945676804, -2.9802322387695312e-08, 1.5767291188240051e-06, 0.5533829927444458, -1.3113021850585938e-06, 6.139278411865234e-06, 0.9564039707183838, 5.602836608886719e-06, -3.993511199951172e-06, 0.8709111213684082, -0.13923819363117218, 0.0007464606314897537, 0.111333467066288, 4.246830940246582e-07, 9.5367431640625e-07, 0.5475772619247437, -1.4156103134155273e-07, -2.7008354663848877e-06, 0.9591919779777527, 1.6540288925170898e-06, 7.091090083122253e-06, 0.8301159739494324, 0.00291316956281662, -0.010364243760704994, 0.42111536860466003, -7.264316082000732e-08, -1.0989606380462646e-07, 0.3642204999923706, 0.010769899934530258, -0.40210068225860596, 0.6909171938896179, -0.010769562795758247, 0.40209507942199707, 0.21377801895141602, -0.14152181148529053, 0.422613263130188, -0.32589325308799744, 4.827976226806641e-06, 5.930662155151367e-06, 1.510116457939148, -1.0952353477478027e-06, -3.546476364135742e-06, 1.6662601232528687, -9.98377799987793e-07, 1.3217329978942871e-05, 0.4986537992954254, -0.25566190481185913, 0.21568308770656586, 0.4045449495315552, 5.6996941566467285e-06, -4.1425228118896484e-06, 1.5244442224502563, 1.1362135410308838e-06, 2.034008502960205e-06, 1.5880740880966187, -4.5355409383773804e-07, 1.8402934074401855e-06, 0.5391389727592468, 0.3971852958202362, -0.4572339653968811, -0.07864382863044739, -1.2516975402832031e-06, -3.7997961044311523e-06, 0.6107512712478638, 1.564621925354004e-07, 1.5050172805786133e-06, 0.6107358932495117, 0.13632485270500183, 0.009616412222385406, 0.08745412528514862, -8.940696716308594e-08, 1.2014061212539673e-06, 0.5533829927444458, -1.430511474609375e-06, 6.318092346191406e-06, 0.9564050436019897, 5.185604095458984e-06, -4.291534423828125e-06, 0.8709108829498291, -0.13923823833465576, 0.0007461123168468475, 0.11133380234241486, 5.140900611877441e-07, 1.2516975402832031e-06, 0.5475775599479675, 5.960464477539063e-08, -2.8219074010849e-06, 0.9591912031173706, 1.6540288925170898e-06, 7.1302056312561035e-06, 0.8301161527633667, 0.0029131099581718445, -0.010364536195993423, 0.421115517616272, -2.0675361156463623e-07, -1.564621925354004e-07, 0.3642212748527527, 0.010769846849143505, -0.40209975838661194, 0.6909167766571045, -0.01076957955956459, 0.4020959436893463, 0.21377795934677124, -0.14152199029922485, 0.4226137101650238, -0.32589319348335266, 4.827976226806641e-06, 5.9604644775390625e-06, 1.5101158618927002, -9.238719940185547e-07, -3.5390257835388184e-06, 1.6662598848342896, -1.0272487998008728e-06, 1.325458288192749e-05, 0.4986535906791687, -0.25566205382347107, 0.21568314731121063, 0.4045449495315552, 5.796551704406738e-06, -3.986060619354248e-06, 1.5244438648223877, 1.218169927597046e-06, 1.989305019378662e-06, 1.5880742073059082, -3.8836151361465454e-07, 1.862645149230957e-06, 0.5391389727592468, 0.39718541502952576, -0.4572339355945587, -0.07864384353160858, -1.2814998626708984e-06, -3.814697265625e-06, 0.6107513308525085, 1.4901161193847656e-07, 1.1101365089416504e-06, 0.610736072063446, 0.13632500171661377, 0.009616740047931671, 0.08745387196540833, -5.960464477539063e-08, 7.413327693939209e-07, 0.5533828735351562, -1.0132789611816406e-06, 6.22868537902832e-06, 0.9564045667648315, 5.4836273193359375e-06, -4.172325134277344e-06, 0.8709108829498291, -0.1392381340265274, 0.0007460284978151321, 0.11133413761854172, 5.140900611877441e-07, 8.940696716308594e-07, 0.5475773215293884, 2.980232238769531e-07, -2.9150396585464478e-06, 0.9591919183731079, 1.6689300537109375e-06, 6.800517439842224e-06, 0.8301162719726562, 0.0029131919145584106, -0.010365139693021774, 0.4211169183254242, -9.313225746154785e-08, 6.28642737865448e-07, 0.3642197847366333, 0.010769873857498169, -0.4021000862121582, 0.690917432308197, -0.010769514366984367, 0.4020955562591553, 0.2137785255908966, -0.14152196049690247, 0.42261365056037903, -0.3258932828903198, 4.857778549194336e-06, 6.154179573059082e-06, 1.5101159811019897, -1.1622905731201172e-06, -3.6284327507019043e-06, 1.6662603616714478, -1.1976808309555054e-06, 1.3343989849090576e-05, 0.4986535310745239, -0.2556621730327606, 0.2156832218170166, 0.40454497933387756, 5.759298801422119e-06, -3.933906555175781e-06, 1.524443507194519, 1.0812655091285706e-06, 1.9297003746032715e-06, 1.588073968887329, -3.1478703022003174e-07, 1.8775463104248047e-06, 0.5391389727592468, 0.39718496799468994, -0.45723339915275574, -0.0786437839269638, -1.3113021850585938e-06, -3.7178397178649902e-06, 0.6107518672943115, 3.725290298461914e-08, 1.210719347000122e-06, 0.6107355952262878, 0.13632500171661377, 0.009616345167160034, 0.08745390176773071, -3.8743019104003906e-07, 1.3504177331924438e-06, 0.5533829927444458, -1.4901161193847656e-06, 6.318092346191406e-06, 0.9564046859741211, 5.424022674560547e-06, -4.470348358154297e-06, 0.8709104061126709, -0.13923808932304382, 0.0007462995126843452, 0.11133293807506561, 6.034970283508301e-07, 1.5497207641601562e-06, 0.5475773811340332, 1.043081283569336e-07, -2.866610884666443e-06, 0.9591912031173706, 1.6391277313232422e-06, 7.4747949838638306e-06, 0.8301159143447876, 0.0029132887721061707, -0.010365033522248268, 0.4211159646511078, -4.0512531995773315e-08, 4.230532795190811e-07, 0.36422017216682434, 0.010769903659820557, -0.4020998477935791, 0.6909172534942627, -0.010769488289952278, 0.40209540724754333, 0.21377865970134735, -0.14152206480503082, 0.4226135015487671, -0.3258934020996094, 4.887580871582031e-06, 6.0051679611206055e-06, 1.5101155042648315, -9.313225746154785e-07, -3.4868717193603516e-06, 1.666260004043579, -1.0272487998008728e-06, 1.33514404296875e-05, 0.49865368008613586, -0.25566235184669495, 0.215683251619339, 0.4045449495315552, 5.759298801422119e-06, -3.982335329055786e-06, 1.5244436264038086, 1.1725351214408875e-06, 1.948326826095581e-06, 1.5880740880966187, -4.163011908531189e-07, 1.9297003746032715e-06, 0.5391389727592468, 0.3971847593784332, -0.4572332203388214, -0.0786438137292862, -1.2367963790893555e-06, -3.769993782043457e-06, 0.610751748085022, 0.0, 1.4156103134155273e-06, 0.6107357740402222, 0.13632482290267944, 0.009616747498512268, 0.08745270222425461, -2.9802322387695312e-08, 1.430511474609375e-06, 0.5533828735351562, -1.7285346984863281e-06, 6.020069122314453e-06, 0.956404983997345, 5.125999450683594e-06, -4.589557647705078e-06, 0.8709104657173157, -0.13923832774162292, 0.0007458748295903206, 0.11133277416229248, 5.736947059631348e-07, 1.341104507446289e-06, 0.547577440738678, 3.948807716369629e-07, -2.9373914003372192e-06, 0.9591917395591736, 1.6540288925170898e-06, 7.413327693939209e-06, 0.8301163911819458, 0.0029130615293979645, -0.010364895686507225, 0.42111507058143616, 1.210719347000122e-08, 1.727021299302578e-07, 0.36421993374824524, 0.010769970715045929, -0.402099609375, 0.6909173727035522, -0.01076946035027504, 0.40209588408470154, 0.21377845108509064, -0.1415221244096756, 0.42261409759521484, -0.32589325308799744, 5.036592483520508e-06, 5.796551704406738e-06, 1.510115385055542, -1.0281801223754883e-06, -3.6209821701049805e-06, 1.6662601232528687, -1.080334186553955e-06, 1.3336539268493652e-05, 0.4986536502838135, -0.25566229224205017, 0.21568365395069122, 0.4045449495315552, 5.729496479034424e-06, -3.885477781295776e-06, 1.5244437456130981, 1.12876296043396e-06, 2.041459083557129e-06, 1.5880740880966187, -3.762543201446533e-07, 1.9073486328125e-06, 0.539138913154602, 0.39718496799468994, -0.4572329819202423, -0.07864384353160858, -1.2516975402832031e-06, -3.807246685028076e-06, 0.6107513308525085, 4.470348358154297e-08, 1.1026859283447266e-06, 0.6107366681098938, 0.13632507622241974, 0.0096164271235466, 0.08745487034320831, 1.4901161193847656e-07, 3.5762786865234375e-07, 0.5533831119537354, -1.6093254089355469e-06, 6.377696990966797e-06, 0.9564043879508972, 5.4836273193359375e-06, -3.874301910400391e-06, 0.8709109425544739, -0.13923805952072144, 0.0007462101057171822, 0.11133430898189545, 4.0978193283081055e-07, 1.5795230865478516e-06, 0.5475773811340332, -2.2351741790771484e-07, -2.9690563678741455e-06, 0.9591913819313049, 1.6540288925170898e-06, 7.420778274536133e-06, 0.8301165699958801, 0.0029133036732673645, -0.010364781133830547, 0.42111676931381226, -2.9802322387695312e-08, 1.8853461369872093e-07, 0.3642215430736542, 0.010769832879304886, -0.4020991921424866, 0.690917432308197, -0.01076957955956459, 0.40209633111953735, 0.2137783318758011, -0.1415221095085144, 0.4226137697696686, -0.32589325308799744, 4.976987838745117e-06, 6.0498714447021484e-06, 1.5101158618927002, -1.1548399925231934e-06, -3.56137752532959e-06, 1.6662602424621582, -1.280568540096283e-06, 1.3239681720733643e-05, 0.49865368008613586, -0.2556622624397278, 0.2156834751367569, 0.4045449495315552, 5.804002285003662e-06, -3.997236490249634e-06, 1.5244441032409668, 9.853392839431763e-07, 2.0228326320648193e-06, 1.588073968887329, -3.4458935260772705e-07, 1.8700957298278809e-06, 0.539138913154602, 0.39718496799468994, -0.4572335183620453, -0.0786438137292862, -1.296401023864746e-06, -3.6656856536865234e-06, 0.6107514500617981, 0.0, 1.6279518604278564e-06, 0.6107353568077087, 0.13632504642009735, 0.009616665542125702, 0.08745437115430832, 2.9802322387695312e-08, 6.146728992462158e-07, 0.553382933139801, -1.9669532775878906e-06, 6.616115570068359e-06, 0.9564058780670166, 5.304813385009766e-06, -4.708766937255859e-06, 0.8709109425544739, -0.13923804461956024, 0.0007463172078132629, 0.11133406311273575, 2.60770320892334e-07, 9.5367431640625e-07, 0.5475775599479675, 3.203749656677246e-07, -2.952292561531067e-06, 0.9591917395591736, 1.6726553440093994e-06, 7.048249244689941e-06, 0.8301159143447876, 0.0029133185744285583, -0.010364515706896782, 0.4211166501045227, -2.8405338525772095e-08, -2.9103830456733704e-08, 0.3642216622829437, 0.010769867338240147, -0.40209993720054626, 0.6909161806106567, -0.010769568383693695, 0.4020960032939911, 0.2137778103351593, -0.14152196049690247, 0.4226137697696686, -0.3258933424949646, 4.9173831939697266e-06, 6.198883056640625e-06, 1.5101161003112793, -1.0281801223754883e-06, -3.5241246223449707e-06, 1.6662601232528687, -1.0021030902862549e-06, 1.3314187526702881e-05, 0.4986538290977478, -0.25566214323043823, 0.21568354964256287, 0.4045449197292328, 5.7220458984375e-06, -4.049390554428101e-06, 1.5244441032409668, 1.1548399925231934e-06, 1.9408762454986572e-06, 1.5880742073059082, -4.163011908531189e-07, 1.9371509552001953e-06, 0.539138913154602, 0.3971852660179138, -0.4572334289550781, -0.07864388823509216, -1.3262033462524414e-06, -3.7476420402526855e-06, 0.6107516884803772, 8.195638656616211e-08, 1.2367963790893555e-06, 0.6107364296913147, 0.1363248974084854, 0.0096169114112854, 0.08745383471250534, -5.066394805908203e-07, 1.5944242477416992e-06, 0.5533831119537354, -1.5497207641601562e-06, 6.556510925292969e-06, 0.956404447555542, 5.364418029785156e-06, -4.291534423828125e-06, 0.8709110021591187, -0.13923819363117218, 0.000746527686715126, 0.11133307963609695, 1.862645149230957e-07, 7.748603820800781e-07, 0.5475773811340332, 8.195638656616211e-08, -2.6337802410125732e-06, 0.9591909646987915, 1.646461896598339e-06, 7.264316082000732e-06, 0.8301162719726562, 0.0029131174087524414, -0.010364750400185585, 0.4211161732673645, -2.2351741790771484e-08, -1.3969838619232178e-09, 0.3642210066318512, 0.010769933462142944, -0.40209928154945374, 0.6909164190292358, -0.010769456624984741, 0.40209582448005676, 0.21377812325954437, -0.14152202010154724, 0.42261362075805664, -0.325893372297287, 5.125999450683594e-06, 6.094574928283691e-06, 1.5101162195205688, -1.043081283569336e-06, -3.5315752029418945e-06, 1.6662601232528687, -1.1604279279708862e-06, 1.3127923011779785e-05, 0.49865350127220154, -0.255662202835083, 0.21568334102630615, 0.404544860124588, 5.669891834259033e-06, -3.993511199951172e-06, 1.5244442224502563, 1.080334186553955e-06, 1.9855797290802e-06, 1.5880740880966187, -4.2747706174850464e-07, 1.9073486328125e-06, 0.5391389727592468, 0.3971850275993347, -0.4572334885597229, -0.07864388823509216, -1.1920928955078125e-06, -3.814697265625e-06, 0.6107513308525085, 1.341104507446289e-07, 1.4603137969970703e-06, 0.6107355356216431, 0.13632498681545258, 0.009616449475288391, 0.08745397627353668, 1.4901161193847656e-07, 6.183981895446777e-07, 0.5533831119537354, -2.0265579223632812e-06, 6.258487701416016e-06, 0.9564055800437927, 5.304813385009766e-06, -4.708766937255859e-06, 0.8709104657173157, -0.1392381489276886, 0.0007459241896867752, 0.11133351922035217, 7.078051567077637e-07, 1.7434358596801758e-06, 0.5475776195526123, -5.140900611877441e-07, -3.0118972063064575e-06, 0.9591906666755676, 1.687556505203247e-06, 7.45430588722229e-06, 0.8301169872283936, 0.002913275733590126, -0.010364546440541744, 0.42111530900001526, -4.936009645462036e-08, 2.547167241573334e-07, 0.36422133445739746, 0.010769834741950035, -0.40209993720054626, 0.6909172534942627, -0.010769560933113098, 0.4020955562591553, 0.21377849578857422, -0.14152193069458008, 0.42261379957199097, -0.3258931040763855, 5.036592483520508e-06, 6.020069122314453e-06, 1.5101155042648315, -9.98377799987793e-07, -3.6954879760742188e-06, 1.6662602424621582, -1.1008232831954956e-06, 1.3127923011779785e-05, 0.4986536502838135, -0.25566190481185913, 0.21568340063095093, 0.4045449495315552, 5.729496479034424e-06, -3.941357135772705e-06, 1.5244442224502563, 1.2870877981185913e-06, 2.000480890274048e-06, 1.5880742073059082, -4.246830940246582e-07, 1.8998980522155762e-06, 0.5391389727592468, 0.3971855044364929, -0.4572335481643677, -0.07864373922348022, -1.2814998626708984e-06, -3.807246685028076e-06, 0.6107513904571533, 8.195638656616211e-08, 1.5087425708770752e-06, 0.6107354760169983, 0.13632486760616302, 0.009616076946258545, 0.08745492249727249, -2.682209014892578e-07, 1.344829797744751e-06, 0.5533829927444458, -1.5497207641601562e-06, 6.318092346191406e-06, 0.9564048051834106, 5.4836273193359375e-06, -4.0531158447265625e-06, 0.8709107637405396, -0.13923820853233337, 0.0007459763437509537, 0.11133427917957306, 5.662441253662109e-07, 9.387731552124023e-07, 0.5475775003433228, 1.862645149230957e-07, -2.7958303689956665e-06, 0.9591913223266602, 1.6242265701293945e-06, 7.0855021476745605e-06, 0.8301157355308533, 0.002913098782300949, -0.010364748537540436, 0.42111659049987793, -7.171183824539185e-08, 2.766028046607971e-07, 0.3642211854457855, 0.010769976302981377, -0.4021003842353821, 0.6909180283546448, -0.010769486427307129, 0.4020954966545105, 0.21377882361412048, -0.14152178168296814, 0.4226137101650238, -0.32589322328567505, 4.9173831939697266e-06, 6.109476089477539e-06, 1.5101162195205688, -9.98377799987793e-07, -3.5837292671203613e-06, 1.6662601232528687, -1.0896474123001099e-06, 1.3232231140136719e-05, 0.4986535906791687, -0.2556619644165039, 0.21568337082862854, 0.4045448899269104, 5.6549906730651855e-06, -4.049390554428101e-06, 1.5244439840316772, 1.0682269930839539e-06, 1.9744038581848145e-06, 1.5880742073059082, -4.55416738986969e-07, 1.914799213409424e-06, 0.5391389727592468, 0.397185742855072, -0.457233726978302, -0.07864387333393097, -1.2814998626708984e-06, -3.7029385566711426e-06, 0.6107515096664429, -1.4901161193847656e-08, 1.2069940567016602e-06, 0.6107354760169983, 0.13632504642009735, 0.009616509079933167, 0.08745457231998444, 2.980232238769531e-07, 4.880130290985107e-07, 0.5533828139305115, -1.430511474609375e-06, 6.377696990966797e-06, 0.9564052224159241, 5.245208740234375e-06, -4.351139068603516e-06, 0.8709109425544739, -0.13923807442188263, 0.0007457807660102844, 0.1113344356417656, 7.301568984985352e-07, 1.087784767150879e-06, 0.547577440738678, -3.2782554626464844e-07, -2.9336661100387573e-06, 0.9591906070709229, 1.642853021621704e-06, 7.417052984237671e-06, 0.8301162123680115, 0.0029132962226867676, -0.01036490872502327, 0.42111679911613464, -5.075708031654358e-08, 4.5122578740119934e-07, 0.3642212450504303, 0.010769869200885296, -0.4021000266075134, 0.6909169554710388, -0.010769560933113098, 0.4020960032939911, 0.21377770602703094, -0.1415221393108368, 0.42261379957199097, -0.3258932828903198, 4.857778549194336e-06, 6.064772605895996e-06, 1.5101157426834106, -1.080334186553955e-06, -3.7401914596557617e-06, 1.666260004043579, -1.0291114449501038e-06, 1.3321638107299805e-05, 0.498653769493103, -0.2556622326374054, 0.21568328142166138, 0.40454500913619995, 5.62518835067749e-06, -3.952533006668091e-06, 1.5244439840316772, 1.0691583156585693e-06, 2.0489096641540527e-06, 1.5880742073059082, -3.5669654607772827e-07, 1.914799213409424e-06, 0.5391389727592468, 0.39718520641326904, -0.4572335183620453, -0.07864382863044739, -1.2516975402832031e-06, -3.6656856536865234e-06, 0.6107516288757324, 1.1920928955078125e-07, 1.2293457984924316e-06, 0.6107362508773804, 0.136324942111969, 0.009616360068321228, 0.08745480328798294, -1.7881393432617188e-07, 1.080334186553955e-06, 0.5533831119537354, -1.4901161193847656e-06, 6.616115570068359e-06, 0.9564050436019897, 5.424022674560547e-06, -4.112720489501953e-06, 0.8709110021591187, -0.1392381191253662, 0.0007467549294233322, 0.11133338510990143, 6.258487701416016e-07, 1.3262033462524414e-06, 0.547577440738678, 2.60770320892334e-07, -2.8517097234725952e-06, 0.9591909050941467, 1.646578311920166e-06, 7.117167115211487e-06, 0.830115795135498, 0.002913225442171097, -0.010364442132413387, 0.4211162328720093, -8.847564458847046e-08, 2.2677704691886902e-07, 0.364220529794693, 0.010769762098789215, -0.402100145816803, 0.6909171938896179, -0.010769665241241455, 0.40209585428237915, 0.21377772092819214, -0.14152178168296814, 0.42261356115341187, -0.3258934020996094, 4.947185516357422e-06, 6.0051679611206055e-06, 1.5101157426834106, -1.1399388313293457e-06, -3.546476364135742e-06, 1.6662601232528687, -1.1874362826347351e-06, 1.3262033462524414e-05, 0.4986536502838135, -0.2556621730327606, 0.21568313241004944, 0.4045448899269104, 5.7443976402282715e-06, -3.941357135772705e-06, 1.524444341659546, 1.125037670135498e-06, 2.041459083557129e-06, 1.5880740880966187, -5.187466740608215e-07, 1.8998980522155762e-06, 0.5391389727592468, 0.39718538522720337, -0.45723408460617065, -0.07864394783973694, -1.2367963790893555e-06, -3.6507844924926758e-06, 0.6107509732246399, 2.2351741790771484e-08, 1.1883676052093506e-06, 0.610736608505249, 0.136324942111969, 0.009616643190383911, 0.08745429664850235, 5.960464477539063e-08, 5.848705768585205e-07, 0.5533829927444458, -1.5497207641601562e-06, 6.556510925292969e-06, 0.956404983997345, 5.125999450683594e-06, -4.291534423828125e-06, 0.87091064453125, -0.139238178730011, 0.0007459945045411587, 0.11133411526679993, 5.848705768585205e-07, 8.791685104370117e-07, 0.5475775003433228, -6.332993507385254e-07, -2.834014594554901e-06, 0.9591905474662781, 1.6242265701293945e-06, 7.430091500282288e-06, 0.8301153182983398, 0.0029132179915905, -0.010364564135670662, 0.4211162030696869, -8.940696716308594e-08, 1.1920928955078125e-07, 0.3642207086086273, 0.010769791901111603, -0.4021001160144806, 0.6909171938896179, -0.010769620537757874, 0.4020959734916687, 0.21377788484096527, -0.14152215421199799, 0.42261379957199097, -0.32589322328567505, 4.976987838745117e-06, 6.064772605895996e-06, 1.5101158618927002, -1.0058283805847168e-06, -3.635883331298828e-06, 1.6662601232528687, -9.592622518539429e-07, 1.3276934623718262e-05, 0.4986537992954254, -0.2556622624397278, 0.21568343043327332, 0.40454503893852234, 5.621463060379028e-06, -3.9637088775634766e-06, 1.5244437456130981, 1.126900315284729e-06, 1.993030309677124e-06, 1.5880740880966187, -3.650784492492676e-07, 1.914799213409424e-06, 0.5391389727592468, 0.3971852660179138, -0.45723384618759155, -0.07864373922348022, -1.296401023864746e-06, -3.6656856536865234e-06, 0.6107520461082458, 8.195638656616211e-08, 1.3299286365509033e-06, 0.6107361912727356, 0.13632498681545258, 0.009616591036319733, 0.08745476603507996, -1.4901161193847656e-07, 5.345791578292847e-07, 0.5533829927444458, -1.7285346984863281e-06, 6.794929504394531e-06, 0.9564055800437927, 5.304813385009766e-06, -4.410743713378906e-06, 0.87091064453125, -0.13923808932304382, 0.0007463889196515083, 0.11133402585983276, -9.313225746154785e-08, -3.427267074584961e-07, 0.5475771427154541, 1.4901161193847656e-07, -2.9653310775756836e-06, 0.9591912627220154, 1.6987323760986328e-06, 6.959773600101471e-06, 0.8301165103912354, 0.002913258969783783, -0.010364420711994171, 0.4211166501045227, -6.705522537231445e-08, 7.35744833946228e-08, 0.3642209470272064, 0.010770022869110107, -0.40209993720054626, 0.6909175515174866, -0.010769397020339966, 0.4020959138870239, 0.2137782871723175, -0.14152179658412933, 0.42261356115341187, -0.3258931636810303, 4.902482032775879e-06, 5.826354026794434e-06, 1.5101157426834106, -1.0728836059570312e-06, -3.725290298461914e-06, 1.6662602424621582, -1.0980293154716492e-06, 1.3217329978942871e-05, 0.498653769493103, -0.2556619644165039, 0.21568313241004944, 0.4045449495315552, 5.725771188735962e-06, -3.930181264877319e-06, 1.5244439840316772, 1.1548399925231934e-06, 1.9818544387817383e-06, 1.5880742073059082, -2.8870999813079834e-07, 1.9073486328125e-06, 0.5391389727592468, 0.3971852660179138, -0.4572334885597229, -0.07864374667406082, -1.1771917343139648e-06, -3.7997961044311523e-06, 0.6107515692710876, 1.4901161193847656e-08, 1.2442469596862793e-06, 0.6107363104820251, 0.136324942111969, 0.009616903960704803, 0.08745303004980087, 1.4901161193847656e-07, -4.880130290985107e-07, 0.553382933139801, -1.6689300537109375e-06, 6.258487701416016e-06, 0.9564056992530823, 5.304813385009766e-06, -4.410743713378906e-06, 0.8709104657173157, -0.1392381489276886, 0.0007465124363079667, 0.11133242398500443, 5.243346095085144e-07, 6.407499313354492e-07, 0.5475772619247437, 3.8743019104003906e-07, -2.653803676366806e-06, 0.9591915011405945, 1.7248094081878662e-06, 7.116934284567833e-06, 0.8301165103912354, 0.0029131993651390076, -0.010364454239606857, 0.42111510038375854, -5.21540641784668e-08, 9.406358003616333e-08, 0.3642220199108124, 0.010769926011562347, -0.40210071206092834, 0.6909172534942627, -0.010769456624984741, 0.40209507942199707, 0.21377834677696228, -0.14152200520038605, 0.4226139187812805, -0.32589322328567505, 5.0067901611328125e-06, 6.0051679611206055e-06, 1.5101159811019897, -1.0952353477478027e-06, -3.7401914596557617e-06, 1.6662603616714478, -8.987262845039368e-07, 1.3321638107299805e-05, 0.4986537992954254, -0.25566208362579346, 0.21568337082862854, 0.4045449495315552, 5.669891834259033e-06, -3.991648554801941e-06, 1.5244437456130981, 9.890645742416382e-07, 1.8775463104248047e-06, 1.5880740880966187, -4.377216100692749e-07, 1.862645149230957e-06, 0.539138913154602, 0.39718541502952576, -0.4572337567806244, -0.0786438062787056, -1.2665987014770508e-06, -3.598630428314209e-06, 0.6107515692710876, 4.470348358154297e-08, 1.218169927597046e-06, 0.6107360124588013, 0.1363249570131302, 0.00961640477180481, 0.08745413273572922, 0.0, 4.193279892206192e-07, 0.553382933139801, -1.6689300537109375e-06, 6.496906280517578e-06, 0.9564048051834106, 5.304813385009766e-06, -4.0531158447265625e-06, 0.8709105849266052, -0.1392381489276886, 0.0007460489869117737, 0.11133376508951187, 3.8370490074157715e-07, 5.960464477539062e-07, 0.5475772619247437, -1.1920928955078125e-07, -3.014691174030304e-06, 0.9591907858848572, 1.6870908439159393e-06, 7.003662176430225e-06, 0.8301161527633667, 0.0029131919145584106, -0.0103648342192173, 0.4211161434650421, -7.450580596923828e-08, 3.6694109439849854e-07, 0.36422035098075867, 0.010769985616207123, -0.4021002948284149, 0.6909177899360657, -0.010769560933113098, 0.4020956754684448, 0.21377874910831451, -0.1415218561887741, 0.42261365056037903, -0.3258932828903198, 4.976987838745117e-06, 5.669891834259033e-06, 1.5101157426834106, -9.164214134216309e-07, -3.6507844924926758e-06, 1.6662601232528687, -1.0468065738677979e-06, 1.3232231140136719e-05, 0.49865368008613586, -0.2556619644165039, 0.2156832367181778, 0.4045449197292328, 5.771871656179428e-06, -3.8929283618927e-06, 1.5244441032409668, 1.1362135410308838e-06, 1.9259750843048096e-06, 1.5880743265151978, -4.4330954551696777e-07, 1.9073486328125e-06, 0.539138913154602, 0.39718562364578247, -0.457233726978302, -0.07864390313625336, -1.2665987014770508e-06, -3.598630428314209e-06, 0.6107507944107056, 4.470348358154297e-08, 1.2256205081939697e-06, 0.6107361316680908, 0.13632497191429138, 0.009616639465093613, 0.08745460212230682, -4.0978193283081055e-07, 1.4621764421463013e-06, 0.5533830523490906, -1.4901161193847656e-06, 6.645917892456055e-06, 0.9564054608345032, 5.304813385009766e-06, -4.112720489501953e-06, 0.8709103465080261, -0.1392381191253662, 0.0007463507354259491, 0.11133421212434769, 9.685754776000977e-08, 2.384185791015625e-07, 0.5475772023200989, 5.6438148021698e-07, -2.5546178221702576e-06, 0.959191620349884, 1.6391277313232422e-06, 7.234746590256691e-06, 0.8301161527633667, 0.002913244068622589, -0.010364018380641937, 0.42111530900001526, -7.078051567077637e-08, 2.0302832126617432e-07, 0.36422163248062134, 0.010770022869110107, -0.4021003246307373, 0.6909178495407104, -0.010769397020339966, 0.40209513902664185, 0.21377913653850555, -0.14152200520038605, 0.4226137697696686, -0.3258931636810303, 5.036592483520508e-06, 5.640089511871338e-06, 1.5101157426834106, -9.98377799987793e-07, -3.427267074584961e-06, 1.666260004043579, -1.1082738637924194e-06, 1.3440847396850586e-05, 0.4986536502838135, -0.255662202835083, 0.2156832218170166, 0.4045449495315552, 5.681067705154419e-06, -3.9478763937950134e-06, 1.5244441032409668, 9.648501873016357e-07, 2.0638108253479004e-06, 1.5880742073059082, -4.172325134277344e-07, 1.914799213409424e-06, 0.539138913154602, 0.3971850275993347, -0.45723339915275574, -0.07864372432231903, -1.2814998626708984e-06, -3.8817524909973145e-06, 0.610752284526825, 4.470348358154297e-08, 1.0095536708831787e-06, 0.6107370257377625, 0.13632498681545258, 0.009616890922188759, 0.08745447546243668, -3.948807716369629e-07, 1.3224780559539795e-06, 0.5533829927444458, -1.7881393432617188e-06, 6.690621376037598e-06, 0.956405520439148, 5.0067901611328125e-06, -4.1425228118896484e-06, 0.8709105849266052, -0.1392381489276886, 0.0007464990485459566, 0.11133351922035217, 4.470348358154297e-08, -8.195638656616211e-08, 0.5475772023200989, 6.854534149169922e-07, -2.680346369743347e-06, 0.9591916799545288, 1.6689300537109375e-06, 7.150694727897644e-06, 0.8301163911819458, 0.0029132068157196045, -0.010364262387156487, 0.42111629247665405, -9.499490261077881e-08, 1.2898817658424377e-07, 0.36422106623649597, 0.010769754648208618, -0.4020993709564209, 0.6909172534942627, -0.010769590735435486, 0.40209606289863586, 0.21377895772457123, -0.14152199029922485, 0.4226135015487671, -0.3258932828903198, 4.902482032775879e-06, 5.714595317840576e-06, 1.510115623474121, -1.1101365089416504e-06, -3.509223461151123e-06, 1.666259765625, -9.061768651008606e-07, 1.341104507446289e-05, 0.49865373969078064, -0.25566208362579346, 0.21568307280540466, 0.4045449197292328, 5.714595317840576e-06, -3.9655715227127075e-06, 1.5244441032409668, 1.0915100574493408e-06, 1.944601535797119e-06, 1.5880742073059082, -4.0978193283081055e-07, 1.914799213409424e-06, 0.539138913154602, 0.397185355424881, -0.4572342038154602, -0.07864384353160858, -1.2218952178955078e-06, -3.6656856536865234e-06, 0.6107507348060608, 0.0, 8.475035429000854e-07, 0.610737144947052, 0.1363249272108078, 0.009616547264158726, 0.08745475113391876, 6.332993507385254e-08, 3.5762786865234375e-07, 0.5533829927444458, -1.4901161193847656e-06, 6.273388862609863e-06, 0.9564046263694763, 5.424022674560547e-06, -3.874301910400391e-06, 0.8709111213684082, -0.1392381489276886, 0.0007461875211447477, 0.1113334596157074, 5.21540641784668e-08, 6.705522537231445e-08, 0.5475769639015198, 3.203749656677246e-07, -2.78279185295105e-06, 0.9591913223266602, 1.7583370208740234e-06, 7.5511634349823e-06, 0.8301169276237488, 0.0029132217168807983, -0.010364778339862823, 0.42111656069755554, -6.705522537231445e-08, 1.1362135410308838e-07, 0.3642217516899109, 0.010769963264465332, -0.40210044384002686, 0.6909172534942627, -0.010769486427307129, 0.4020954966545105, 0.21377801895141602, -0.1415219008922577, 0.42261406779289246, -0.3258933424949646, 4.954636096954346e-06, 5.5655837059021e-06, 1.5101159811019897, -1.087784767150879e-06, -3.4421682357788086e-06, 1.6662602424621582, -1.0048970580101013e-06, 1.329183578491211e-05, 0.49865373969078064, -0.25566211342811584, 0.21568384766578674, 0.4045449197292328, 5.684792995452881e-06, -3.930646926164627e-06, 1.5244438648223877, 1.0281801223754883e-06, 1.9259750843048096e-06, 1.5880740880966187, -4.6193599700927734e-07, 1.9891303963959217e-06, 0.5391389727592468, 0.39718562364578247, -0.4572334289550781, -0.07864393293857574, -1.259148120880127e-06, -3.7513673305511475e-06, 0.6107516884803772, 6.51925802230835e-08, 1.6298145055770874e-06, 0.610736072063446, 0.13632488250732422, 0.009616538882255554, 0.0874548926949501, -1.043081283569336e-07, 1.296401023864746e-06, 0.5533829927444458, -1.7881393432617188e-06, 6.496906280517578e-06, 0.956405758857727, 5.304813385009766e-06, -4.425644874572754e-06, 0.8709105253219604, -0.13923822343349457, 0.0007462026551365852, 0.1113344207406044, 2.2351741790771484e-07, 8.828938007354736e-07, 0.5475772023200989, 5.364418029785156e-07, -2.7045607566833496e-06, 0.9591911435127258, 1.6093254089355469e-06, 7.167458534240723e-06, 0.8301163911819458, 0.0029131807386875153, -0.010364580899477005, 0.42111706733703613, -2.2351741790771484e-08, 1.1175870895385742e-07, 0.36422038078308105, 0.01076999306678772, -0.4021001160144806, 0.6909175515174866, -0.010769441723823547, 0.4020954668521881, 0.21377864480018616, -0.14152200520038605, 0.42261356115341187, -0.3258933126926422, 4.974193871021271e-06, 6.2175095081329346e-06, 1.5101155042648315, -1.0952353477478027e-06, -3.520399332046509e-06, 1.6662598848342896, -1.0598450899124146e-06, 1.329183578491211e-05, 0.49865370988845825, -0.255662202835083, 0.2156834453344345, 0.4045449197292328, 5.766749382019043e-06, -3.941357135772705e-06, 1.5244441032409668, 1.0207295417785645e-06, 1.959502696990967e-06, 1.5880742073059082, -5.476176738739014e-07, 1.9222497940063477e-06, 0.539138913154602, 0.3971851170063019, -0.4572337567806244, -0.0786437839269638, -1.1920928955078125e-06, -3.727152943611145e-06, 0.6107507944107056, 0.0, 1.0756775736808777e-06, 0.6107375621795654, 0.13632500171661377, 0.009616881608963013, 0.08745423704385757, -1.4901161193847656e-07, 1.4156103134155273e-06, 0.5533830523490906, -1.2833625078201294e-06, 6.126239895820618e-06, 0.9564046859741211, 5.543231964111328e-06, -3.941357135772705e-06, 0.8709108829498291, -0.13923810422420502, 0.0007465966045856476, 0.11133402585983276, 2.086162567138672e-07, -4.842877388000488e-08, 0.547577440738678, 6.556510925292969e-07, -2.562999725341797e-06, 0.9591917395591736, 1.6540288925170898e-06, 7.152557373046875e-06, 0.8301165103912354, 0.002913251519203186, -0.010364018380641937, 0.4211159348487854, -8.940696716308594e-08, 5.960464477539063e-08, 0.36422109603881836, 0.010769769549369812, -0.40210020542144775, 0.6909180879592896, -0.01076972484588623, 0.4020952582359314, 0.21377958357334137, -0.14152145385742188, 0.4226132035255432, -0.3258932828903198, 4.991888999938965e-06, 6.405636668205261e-06, 1.5101159811019897, -1.080334186553955e-06, -3.6172568798065186e-06, 1.6662602424621582, -1.0970979928970337e-06, 1.341104507446289e-05, 0.49865350127220154, -0.2556617259979248, 0.21568313241004944, 0.404544860124588, 5.7220458984375e-06, -3.933906555175781e-06, 1.5244439840316772, 1.039355993270874e-06, 2.0265579223632812e-06, 1.5880742073059082, -5.252659320831299e-07, 1.914799213409424e-06, 0.539138913154602, 0.39718547463417053, -0.4572334885597229, -0.078643798828125, -1.3050157576799393e-06, -3.7758145481348038e-06, 0.6107519865036011, 7.450580596923828e-08, 1.385807991027832e-06, 0.610735297203064, 0.13632501661777496, 0.009616643190383911, 0.08745449036359787, -1.4901161193847656e-07, 4.023313522338867e-07, 0.5533829927444458, -1.601874828338623e-06, 6.464222678914666e-06, 0.9564053416252136, 5.513429641723633e-06, -4.071742296218872e-06, 0.8709112405776978, -0.13923808932304382, 0.0007463172078132629, 0.1113339215517044, 2.980232238769531e-07, 1.2461096048355103e-06, 0.5475776195526123, -3.725290298461914e-07, -3.069639205932617e-06, 0.9591913819313049, 1.7881393432617188e-06, 7.3909759521484375e-06, 0.8301166296005249, 0.0029132571071386337, -0.010364808142185211, 0.4211162328720093, 2.9802322387695312e-08, 2.5331974029541016e-07, 0.36422157287597656, 0.010769851505756378, -0.40209969878196716, 0.6909166574478149, -0.010769486427307129, 0.4020959734916687, 0.21377775073051453, -0.14152181148529053, 0.4226135015487671, -0.32589325308799744, 4.872679710388184e-06, 6.1355531215667725e-06, 1.5101163387298584, -1.0952353477478027e-06, -3.594905138015747e-06, 1.6662601232528687, -1.1371448636054993e-06, 1.3306736946105957e-05, 0.4986536502838135, -0.25566205382347107, 0.21568334102630615, 0.4045448899269104, 5.766749382019043e-06, -3.956258296966553e-06, 1.524444341659546, 1.0468065738677979e-06, 1.993030309677124e-06, 1.5880743265151978, -5.140900611877441e-07, 1.8775463104248047e-06, 0.5391389727592468, 0.3971852660179138, -0.4572335183620453, -0.07864384353160858, -1.2703239917755127e-06, -3.6600977182388306e-06, 0.6107519865036011, 1.2852251529693604e-07, 1.4379620552062988e-06, 0.6107358336448669, 0.13632488250732422, 0.009616047143936157, 0.08745497465133667, -1.4901161193847656e-07, 4.76837158203125e-07, 0.5533829927444458, -1.7313286662101746e-06, 6.462563760578632e-06, 0.956405520439148, 5.3942203521728516e-06, -4.349276423454285e-06, 0.8709108829498291, -0.13923826813697815, 0.0007458776235580444, 0.11133404076099396, 1.341104507446289e-07, 4.807952791452408e-08, 0.5475771427154541, 7.748603820800781e-07, -2.5033950805664062e-06, 0.9591917991638184, 1.6987323760986328e-06, 7.063150405883789e-06, 0.830116331577301, 0.002913139760494232, -0.01036505401134491, 0.421116441488266, -1.4901161193847656e-07, 2.086162567138672e-07, 0.3642216622829437, 0.010769858956336975, -0.4021003544330597, 0.6909169554710388, -0.010769598186016083, 0.4020955264568329, 0.2137780487537384, -0.1415216475725174, 0.4226136803627014, -0.32589322328567505, 4.94346022605896e-06, 5.9194862842559814e-06, 1.510115623474121, -1.080334186553955e-06, -3.4533441066741943e-06, 1.6662602424621582, -1.064501702785492e-06, 1.3470649719238281e-05, 0.4986536502838135, -0.2556619346141815, 0.2156834751367569, 0.40454497933387756, 5.733221769332886e-06, -3.9585866034030914e-06, 1.5244442224502563, 1.0691583156585693e-06, 1.9371509552001953e-06, 1.588073968887329, -4.991888999938965e-07, 1.944601535797119e-06, 0.5391389727592468, 0.3971853256225586, -0.45723336935043335, -0.07864376902580261, -1.2665987014770508e-06, -3.859400749206543e-06, 0.6107510924339294, 3.725290298461914e-08, 1.3113021850585938e-06, 0.6107358932495117, 0.1363249123096466, 0.009616494178771973, 0.08745472133159637, 7.450580596923828e-08, 1.169741153717041e-06, 0.5533830523490906, -1.646578311920166e-06, 6.556510925292969e-06, 0.9564052820205688, 5.319714546203613e-06, -4.4889748096466064e-06, 0.8709108829498291, -0.13923829793930054, 0.0007459521293640137, 0.11133453249931335, 1.9744038581848145e-07, 9.853392839431763e-07, 0.5475771427154541, 8.642673492431641e-07, -2.9206275939941406e-06, 0.9591915607452393, 1.7434358596801758e-06, 7.152557373046875e-06, 0.8301161527633667, 0.0029131025075912476, -0.01036497950553894, 0.42111697793006897, -1.6402918845415115e-07, 2.384185791015625e-07, 0.3642215132713318, 0.010769965127110481, -0.4021003544330597, 0.6909175515174866, -0.010769527405500412, 0.40209561586380005, 0.21377801895141602, -0.14152194559574127, 0.4226136803627014, -0.32589319348335266, 4.947185516357422e-06, 6.467103958129883e-06, 1.5101159811019897, -1.1324882507324219e-06, -3.643333911895752e-06, 1.6662602424621582, -1.173466444015503e-06, 1.329183578491211e-05, 0.4986535906791687, -0.2556622624397278, 0.21568351984024048, 0.4045449197292328, 5.729496479034424e-06, -3.895722329616547e-06, 1.5244439840316772, 1.125037670135498e-06, 2.037733793258667e-06, 1.588073968887329, -3.8370490074157715e-07, 1.8775463104248047e-06, 0.539138913154602, 0.39718541502952576, -0.457233726978302, -0.07864384353160858, -1.2218952178955078e-06, -3.6284327507019043e-06, 0.6107515096664429, 8.940696716308594e-08, 1.1324882507324219e-06, 0.6107367277145386, 0.13632497191429138, 0.009616613388061523, 0.08745382726192474, -1.4156103134155273e-07, 1.6279518604278564e-06, 0.5533828735351562, -1.6093254089355469e-06, 6.385147571563721e-06, 0.9564043283462524, 5.023553967475891e-06, -4.347413778305054e-06, 0.8709099292755127, -0.13923819363117218, 0.0007461011409759521, 0.11133377999067307, 2.05356627702713e-07, 1.1862721294164658e-07, 0.5475769639015198, 5.364418029785156e-07, -2.950429916381836e-06, 0.9591913819313049, 1.5497207641601562e-06, 6.973743438720703e-06, 0.8301158547401428, 0.0029132217168807983, -0.010364681482315063, 0.4211156666278839, -1.862645149230957e-07, 4.172325134277344e-07, 0.36422035098075867, 0.01076982170343399, -0.40210017561912537, 0.6909177899360657, -0.010769575834274292, 0.4020956754684448, 0.21377873420715332, -0.1415213942527771, 0.42261308431625366, -0.3258933424949646, 4.947185516357422e-06, 6.124377250671387e-06, 1.5101158618927002, -1.0132789611816406e-06, -3.5241246223449707e-06, 1.6662604808807373, -1.1008232831954956e-06, 1.3366341590881348e-05, 0.4986535906791687, -0.25566163659095764, 0.2156829684972763, 0.404544860124588, 5.713663995265961e-06, -3.907829523086548e-06, 1.5244438648223877, 1.0542571544647217e-06, 2.000480890274048e-06, 1.5880740880966187, -4.6938657760620117e-07, 1.8849968910217285e-06, 0.539138913154602, 0.3971857726573944, -0.4572339653968811, -0.07864390313625336, -1.2293457984924316e-06, -3.7550926208496094e-06, 0.6107506155967712, 4.470348358154297e-08, 1.3262033462524414e-06, 0.6107363104820251, 0.13632509112358093, 0.009616196155548096, 0.08745422959327698, -3.166496753692627e-07, 1.123175024986267e-06, 0.5533831119537354, -1.5050172805786133e-06, 6.243586540222168e-06, 0.9564052820205688, 5.4212287068367004e-06, -3.894325345754623e-06, 0.8709109425544739, -0.1392381191253662, 0.000745728611946106, 0.11133398115634918, 7.078051567077637e-08, -4.4424086809158325e-07, 0.5475771427154541, 2.980232238769531e-07, -2.9206275939941406e-06, 0.959191620349884, 1.6801059246063232e-06, 7.778406143188477e-06, 0.8301170468330383, 0.00291326642036438, -0.01036486029624939, 0.42111629247665405, -1.1175870895385742e-08, 4.470348358154297e-07, 0.3642207384109497, 0.010769873857498169, -0.4021000266075134, 0.6909186840057373, -0.010769575834274292, 0.4020959436893463, 0.21377921104431152, -0.14152145385742188, 0.42261338233947754, -0.32589319348335266, 4.842877388000488e-06, 5.923211574554443e-06, 1.5101158618927002, -1.0505318641662598e-06, -3.60049307346344e-06, 1.666260004043579, -9.629875421524048e-07, 1.3232231140136719e-05, 0.498653769493103, -0.25566166639328003, 0.21568311750888824, 0.4045448899269104, 5.7211145758628845e-06, -3.906432539224625e-06, 1.5244441032409668, 1.0356307029724121e-06, 2.1010637283325195e-06, 1.588073968887329, -4.470348358154297e-07, 1.8700957298278809e-06, 0.539138913154602, 0.3971855640411377, -0.4572336971759796, -0.07864375412464142, -1.2349337339401245e-06, -3.732740879058838e-06, 0.6107513904571533, 5.960464477539063e-08, 1.2516975402832031e-06, 0.6107358932495117, 0.13632507622241974, 0.009617030620574951, 0.08745388686656952, -1.8998980522155762e-07, 1.4370307326316833e-06, 0.553382933139801, -1.4156103134155273e-06, 6.183981895446777e-06, 0.956404447555542, 5.364418029785156e-06, -4.0940940380096436e-06, 0.8709105253219604, -0.13923805952072144, 0.0007466226816177368, 0.1113334596157074, 2.7567148208618164e-07, 1.6763806343078613e-08, 0.5475771427154541, 5.066394805908203e-07, -2.7418136596679688e-06, 0.9591912031173706, 1.7061829566955566e-06, 7.033348083496094e-06, 0.8301163911819458, 0.0029132813215255737, -0.010364025831222534, 0.4211159944534302, -1.2293457984924316e-07, 1.4901161193847656e-07, 0.3642212450504303, 0.0107697993516922, -0.4020996689796448, 0.6909169554710388, -0.010769665241241455, 0.402096152305603, 0.21377763152122498, -0.14152158796787262, 0.42261362075805664, -0.32589319348335266, 5.0067901611328125e-06, 6.154179573059082e-06, 1.5101161003112793, -8.046627044677734e-07, -3.4319236874580383e-06, 1.666259765625, -1.216307282447815e-06, 1.3247132301330566e-05, 0.4986536204814911, -0.25566181540489197, 0.21568316221237183, 0.40454500913619995, 5.73648139834404e-06, -3.925524652004242e-06, 1.5244441032409668, 1.0989606380462646e-06, 2.08243727684021e-06, 1.588073968887329, -4.6938657760620117e-07, 1.8998980522155762e-06, 0.5391389727592468, 0.397185742855072, -0.457233726978302, -0.0786438137292862, -1.2237578630447388e-06, -3.769993782043457e-06, 0.610751211643219, 1.1920928955078125e-07, 1.4007091522216797e-06, 0.6107354760169983, 0.13632503151893616, 0.00961652398109436, 0.08745476603507996, -3.725290298461914e-09, 8.558854460716248e-07, 0.5533829927444458, -1.4603137969970703e-06, 6.42240047454834e-06, 0.956404983997345, 5.550682544708252e-06, -4.209578037261963e-06, 0.8709108829498291, -0.1392381191253662, 0.0007460713386535645, 0.11133421957492828, 7.450580596923828e-09, 6.668269634246826e-07, 0.5475770831108093, 1.1920928955078125e-06, -2.8014183044433594e-06, 0.9591916799545288, 1.6838312149047852e-06, 6.735324859619141e-06, 0.8301156759262085, 0.0029133260250091553, -0.010364621877670288, 0.4211166799068451, -5.960464477539063e-08, 3.8743019104003906e-07, 0.36422035098075867, 0.010769873857498169, -0.40210020542144775, 0.6909182071685791, -0.010769516229629517, 0.4020954370498657, 0.21377933025360107, -0.14152151346206665, 0.4226134121417999, -0.3258931040763855, 4.947185516357422e-06, 6.183981895446777e-06, 1.5101158618927002, -9.98377799987793e-07, -3.475695848464966e-06, 1.6662601232528687, -1.0021030902862549e-06, 1.3366341590881348e-05, 0.49865368008613586, -0.25566190481185913, 0.21568316221237183, 0.4045450985431671, 5.769543349742889e-06, -3.93204391002655e-06, 1.5244442224502563, 1.0319054126739502e-06, 2.127140760421753e-06, 1.5880740880966187, -5.178153514862061e-07, 1.8924474716186523e-06, 0.539138913154602, 0.3971852660179138, -0.4572334885597229, -0.07864366471767426, -1.298263669013977e-06, -3.851950168609619e-06, 0.6107521653175354, 0.0, 1.2516975402832031e-06, 0.6107369661331177, 0.13632509112358093, 0.009616583585739136, 0.08745361864566803, 1.825392246246338e-07, 4.386529326438904e-07, 0.553382933139801, -1.6391277313232422e-06, 6.22868537902832e-06, 0.9564051628112793, 5.543231964111328e-06, -4.239380359649658e-06, 0.8709107637405396, -0.13923808932304382, 0.0007460713386535645, 0.11133351922035217, -3.725290298461914e-08, 7.860362529754639e-07, 0.5475771427154541, 5.960464477539063e-08, -2.592802047729492e-06, 0.9591906070709229, 1.6987323760986328e-06, 6.854534149169922e-06, 0.8301159143447876, 0.002913355827331543, -0.010364741086959839, 0.4211159348487854, 3.725290298461914e-08, 1.7881393432617188e-07, 0.364221453666687, 0.01077011227607727, -0.40210044384002686, 0.6909179091453552, -0.010769486427307129, 0.4020957350730896, 0.2137785255908966, -0.1415218561887741, 0.4226139187812805, -0.32589322328567505, 4.902482032775879e-06, 6.027519702911377e-06, 1.5101158618927002, -8.419156074523926e-07, -3.4887343645095825e-06, 1.6662601232528687, -1.0505318641662598e-06, 1.3366341590881348e-05, 0.49865373969078064, -0.25566205382347107, 0.21568366885185242, 0.4045449495315552, 5.757436156272888e-06, -3.915978595614433e-06, 1.524444341659546, 9.685754776000977e-07, 1.993030309677124e-06, 1.5880743265151978, -4.842877388000488e-07, 1.8700957298278809e-06, 0.5391390323638916, 0.3971855044364929, -0.4572334885597229, -0.078643798828125, -1.2372620403766632e-06, -3.6507844924926758e-06, 0.6107504367828369, 0.0, 1.043081283569336e-06, 0.6107374429702759, 0.13632500171661377, 0.009616881608963013, 0.08745384216308594, -4.842877388000488e-08, 5.830079317092896e-07, 0.553382933139801, -2.1457672119140625e-06, 6.288290023803711e-06, 0.9564064741134644, 5.200505256652832e-06, -4.32133674621582e-06, 0.87091064453125, -0.1392381191253662, 0.000746414065361023, 0.11133337020874023, -1.7136335372924805e-07, 2.7008354663848877e-08, 0.547576904296875, 3.5762786865234375e-07, -2.9802322387695312e-06, 0.959190845489502, 1.7881393432617188e-06, 7.033348083496094e-06, 0.8301165103912354, 0.002913177013397217, -0.010364621877670288, 0.42111629247665405, 8.940696716308594e-08, 4.470348358154297e-07, 0.3642207980155945, 0.010769844055175781, -0.4020996689796448, 0.690916895866394, -0.010769546031951904, 0.40209585428237915, 0.21377819776535034, -0.14152134954929352, 0.42261314392089844, -0.3258932828903198, 4.939734935760498e-06, 5.714595317840576e-06, 1.5101158618927002, -1.1175870895385742e-06, -3.6098062992095947e-06, 1.6662598848342896, -9.033828973770142e-07, 1.3396143913269043e-05, 0.4986538887023926, -0.25566163659095764, 0.2156831920146942, 0.404544860124588, 5.748122930526733e-06, -3.883615136146545e-06, 1.5244441032409668, 1.080334186553955e-06, 2.0191073417663574e-06, 1.5880742073059082, -4.6566128730773926e-07, 1.8849968910217285e-06, 0.539138913154602, 0.3971850275993347, -0.457233190536499, -0.07864369451999664, -1.2330710887908936e-06, -3.7550926208496094e-06, 0.6107513308525085, 0.0, 1.1622905731201172e-06, 0.6107367277145386, 0.1363249123096466, 0.00961679220199585, 0.08745400607585907, -8.195638656616211e-08, 1.34296715259552e-06, 0.5533829927444458, -1.341104507446289e-06, 6.288290023803711e-06, 0.9564046859741211, 5.379319190979004e-06, -4.127621650695801e-06, 0.8709107637405396, -0.1392381489276886, 0.0007465183734893799, 0.11133331060409546, 1.2293457984924316e-07, -5.611218512058258e-07, 0.5475768446922302, 2.086162567138672e-07, -2.7418136596679688e-06, 0.9591909646987915, 1.6689300537109375e-06, 7.4803829193115234e-06, 0.8301168084144592, 0.002913177013397217, -0.010364413261413574, 0.4211159348487854, -1.341104507446289e-07, 5.364418029785156e-07, 0.36422088742256165, 0.010769940912723541, -0.4021005630493164, 0.6909166574478149, -0.010769516229629517, 0.4020955562591553, 0.21377705037593842, -0.14152152836322784, 0.4226134419441223, -0.3258932828903198, 4.976987838745117e-06, 6.273388862609863e-06, 1.5101158618927002, -1.0356307029724121e-06, -3.5297125577926636e-06, 1.6662598848342896, -1.2479722499847412e-06, 1.33514404296875e-05, 0.49865370988845825, -0.25566181540489197, 0.21568328142166138, 0.4045448303222656, 5.763024091720581e-06, -3.900378942489624e-06, 1.524444341659546, 1.0728836059570312e-06, 2.0638108253479004e-06, 1.5880742073059082, -4.6938657760620117e-07, 1.9222497940063477e-06, 0.5391389727592468, 0.3971855044364929, -0.457233726978302, -0.07864390313625336, -1.2759119272232056e-06, -3.6731362342834473e-06, 0.6107510328292847, -2.9802322387695312e-08, 1.0281801223754883e-06, 0.6107365489006042, 0.1363251507282257, 0.009616851806640625, 0.08745425939559937, -6.705522537231445e-08, 1.1082738637924194e-06, 0.5533830523490906, -1.1920928955078125e-06, 6.332993507385254e-06, 0.9564052224159241, 5.349516868591309e-06, -4.105269908905029e-06, 0.8709111213684082, -0.13923805952072144, 0.0007463395595550537, 0.11133412271738052, 3.220047801733017e-07, 8.28644260764122e-07, 0.5475772619247437, 5.066394805908203e-07, -2.8908252716064453e-06, 0.9591912031173706, 1.5497207641601562e-06, 7.12275505065918e-06, 0.8301162719726562, 0.0029133856296539307, -0.010364502668380737, 0.4211162030696869, -1.4901161193847656e-07, 2.384185791015625e-07, 0.3642211854457855, 0.01076999306678772, -0.4020999073982239, 0.6909172534942627, -0.01076943427324295, 0.4020962417125702, 0.2137777954339981, -0.1415218561887741, 0.42261356115341187, -0.32589322328567505, 4.92483377456665e-06, 5.97536563873291e-06, 1.5101157426834106, -1.0654330253601074e-06, -3.516674041748047e-06, 1.6662601232528687, -1.109205186367035e-06, 1.3232231140136719e-05, 0.4986538290977478, -0.2556619346141815, 0.21568337082862854, 0.4045449495315552, 5.751848220825195e-06, -3.926455974578857e-06, 1.524444341659546, 1.0654330253601074e-06, 1.9706785678863525e-06, 1.5880742073059082, -4.4330954551696777e-07, 1.8924474716186523e-06, 0.5391389727592468, 0.39718514680862427, -0.45723339915275574, -0.07864373922348022, -1.255422830581665e-06, -3.7364661693573e-06, 0.6107516884803772, 4.470348358154297e-08, 8.493661880493164e-07, 0.6107370257377625, 0.13632479310035706, 0.009616941213607788, 0.08745364844799042, -7.450580596923828e-08, 5.327165126800537e-07, 0.5533828735351562, -1.6540288925170898e-06, 6.2659382820129395e-06, 0.9564054012298584, 5.163252353668213e-06, -4.0121376514434814e-06, 0.8709105253219604, -0.1392383873462677, 0.0007463544607162476, 0.11133426427841187, 3.390014171600342e-07, 8.079223334789276e-07, 0.5475772619247437, 4.172325134277344e-07, -2.950429916381836e-06, 0.9591915607452393, 1.5497207641601562e-06, 7.18235969543457e-06, 0.8301162719726562, 0.0029129087924957275, -0.0103645920753479, 0.4211164712905884, -8.940696716308594e-08, 1.1920928955078125e-07, 0.36422011256217957, 0.01076999306678772, -0.4021000564098358, 0.690917432308197, -0.010769426822662354, 0.4020962417125702, 0.21377745270729065, -0.14152172207832336, 0.4226135015487671, -0.32589325308799744, 4.9620866775512695e-06, 6.400048732757568e-06, 1.5101158618927002, -9.462237358093262e-07, -3.4123659133911133e-06, 1.6662596464157104, -1.0570511221885681e-06, 1.3276934623718262e-05, 0.4986535906791687, -0.25566190481185913, 0.21568341553211212, 0.4045449495315552, 5.766749382019043e-06, -3.930181264877319e-06, 1.5244442224502563, 1.0654330253601074e-06, 2.074986696243286e-06, 1.5880742073059082, -5.140900611877441e-07, 1.914799213409424e-06, 0.539138913154602, 0.3971852660179138, -0.45723336935043335, -0.07864374667406082, -1.259148120880127e-06, -3.7439167499542236e-06, 0.6107516884803772, 8.940696716308594e-08, 1.3783574104309082e-06, 0.610735297203064, 0.13632497191429138, 0.009616538882255554, 0.08745457231998444, -5.066394805908203e-07, 1.73225998878479e-06, 0.5533832311630249, -1.6540288925170898e-06, 6.340444087982178e-06, 0.9564048647880554, 5.525536835193634e-06, -4.351430106908083e-06, 0.870911180973053, -0.139238178730011, 0.0007461309432983398, 0.1113344207406044, 2.5704503059387207e-07, 1.3802200555801392e-06, 0.5475772619247437, 3.5762786865234375e-07, -2.8908252716064453e-06, 0.9591914415359497, 1.7285346984863281e-06, 7.450580596923828e-06, 0.8301166892051697, 0.002913177013397217, -0.010364651679992676, 0.42111650109291077, -1.4901161193847656e-07, 4.3213367462158203e-07, 0.36422035098075867, 0.010770082473754883, -0.4021000862121582, 0.6909171342849731, -0.010769367218017578, 0.40209564566612244, 0.21377825736999512, -0.14152199029922485, 0.4226136803627014, -0.325893372297287, 4.99701127409935e-06, 6.338581442832947e-06, 1.5101161003112793, -1.0058283805847168e-06, -3.460794687271118e-06, 1.666260004043579, -1.210719347000122e-06, 1.3262033462524414e-05, 0.49865370988845825, -0.2556622624397278, 0.21568354964256287, 0.40454497933387756, 5.792826414108276e-06, -3.919005393981934e-06, 1.5244441032409668, 1.0579824447631836e-06, 1.9781291484832764e-06, 1.5880740880966187, -4.284083843231201e-07, 1.959502696990967e-06, 0.539138913154602, 0.3971851170063019, -0.4572334289550781, -0.0786438137292862, -1.2516975402832031e-06, -3.7942081689834595e-06, 0.6107512712478638, -1.1920928955078125e-07, 1.214444637298584e-06, 0.6107369065284729, 0.13632488250732422, 0.009616747498512268, 0.0874541699886322, -4.3213367462158203e-07, 1.5497207641601562e-06, 0.5533828735351562, -9.98377799987793e-07, 6.556510925292969e-06, 0.956403911113739, 5.282461643218994e-06, -4.412606358528137e-06, 0.8709109425544739, -0.139238178730011, 0.0007465556263923645, 0.11133354902267456, -8.940696716308594e-08, 4.209578037261963e-07, 0.5475771427154541, 1.4901161193847656e-07, -3.0994415283203125e-06, 0.9591912031173706, 1.6689300537109375e-06, 7.450580596923828e-06, 0.8301169276237488, 0.0029130876064300537, -0.010364621877670288, 0.42111653089523315, -5.960464477539063e-08, 6.407499313354492e-07, 0.364221453666687, 0.010770022869110107, -0.4021000266075134, 0.6909173727035522, -0.010769546031951904, 0.4020957946777344, 0.2137782871723175, -0.14152206480503082, 0.4226134419441223, -0.32589346170425415, 4.928559064865112e-06, 5.821697413921356e-06, 1.5101159811019897, -1.1995434761047363e-06, -3.5762786865234375e-06, 1.6662602424621582, -9.853392839431763e-07, 1.3381242752075195e-05, 0.4986538290977478, -0.25566229224205017, 0.21568334102630615, 0.404544860124588, 5.759298801422119e-06, -3.91155481338501e-06, 1.5244439840316772, 1.087784767150879e-06, 2.1010637283325195e-06, 1.5880740880966187, -5.140900611877441e-07, 1.914799213409424e-06, 0.5391390323638916, 0.3971848487854004, -0.4572332501411438, -0.07864391803741455, -1.2349337339401245e-06, -3.7262216210365295e-06, 0.6107506155967712, 1.4901161193847656e-08, 9.313225746154785e-07, 0.6107372641563416, 0.1363249123096466, 0.009616449475288391, 0.0874541774392128, -1.4901161193847656e-07, 5.438923835754395e-07, 0.553382933139801, -1.3560056686401367e-06, 6.312504410743713e-06, 0.9564046859741211, 5.185604095458984e-06, -4.447996616363525e-06, 0.8709101676940918, -0.1392381340265274, 0.0007460638880729675, 0.11133359372615814, 2.2351741790771484e-08, -9.313225746154785e-08, 0.5475773811340332, 4.470348358154297e-07, -2.6226043701171875e-06, 0.959191620349884, 1.6689300537109375e-06, 6.943941116333008e-06, 0.8301159739494324, 0.002913251519203186, -0.010364517569541931, 0.421115905046463, -2.8312206268310547e-07, -1.4901161193847656e-08, 0.3642220199108124, 0.010769680142402649, -0.4021001160144806, 0.6909180879592896, -0.010769814252853394, 0.4020957350730896, 0.2137787938117981, -0.14152221381664276, 0.4226134419441223, -0.3258933424949646, 5.0906091928482056e-06, 6.087124347686768e-06, 1.5101159811019897, -1.1324882507324219e-06, -3.5427510738372803e-06, 1.6662601232528687, -1.212581992149353e-06, 1.341104507446289e-05, 0.49865370988845825, -0.25566232204437256, 0.2156831920146942, 0.404544860124588, 5.707144737243652e-06, -3.926455974578857e-06, 1.5244441032409668, 1.0654330253601074e-06, 2.0936131477355957e-06, 1.5880740880966187, -4.3213367462158203e-07, 1.944601535797119e-06, 0.5391391515731812, 0.3971847593784332, -0.4572334587574005, -0.07864385843276978, -1.2693926692008972e-06, -3.7159770727157593e-06, 0.6107521653175354, 4.470348358154297e-08, 9.611248970031738e-07, 0.6107358336448669, 0.136324942111969, 0.009617045521736145, 0.08745425939559937, 2.682209014892578e-07, -6.556510925292969e-07, 0.5533829927444458, -1.4081597328186035e-06, 6.386078894138336e-06, 0.9564047455787659, 5.334615707397461e-06, -4.168599843978882e-06, 0.8709110617637634, -0.139238178730011, 0.0007466822862625122, 0.11133376508951187, 4.470348358154297e-07, 2.2444874048233032e-07, 0.5475772619247437, 5.066394805908203e-07, -2.652406692504883e-06, 0.9591912627220154, 1.6689300537109375e-06, 7.3015689849853516e-06, 0.830116868019104, 0.0029131844639778137, -0.010364420711994171, 0.4211164116859436, -1.4156103134155273e-07, 1.341104507446289e-07, 0.3642216920852661, 0.010769616812467575, -0.40210098028182983, 0.6909180879592896, -0.0107695572078228, 0.4020956754684448, 0.21377816796302795, -0.14152158796787262, 0.422613263130188, -0.3258933126926422, 5.022622644901276e-06, 6.269663572311401e-06, 1.5101162195205688, -1.0207295417785645e-06, -3.7476420402526855e-06, 1.666260004043579, -9.872019290924072e-07, 1.3306736946105957e-05, 0.4986538290977478, -0.25566184520721436, 0.21568292379379272, 0.404544860124588, 5.804002285003662e-06, -3.91155481338501e-06, 1.5244441032409668, 1.0579824447631836e-06, 2.0563602447509766e-06, 1.5880740880966187, -5.178153514862061e-07, 1.8700957298278809e-06, 0.5391389727592468, 0.39718496799468994, -0.4572333097457886, -0.0786438062787056, -1.2628734111785889e-06, -3.844499588012695e-06, 0.6107516288757324, 3.166496753692627e-08, 1.0132789611816406e-06, 0.6107365489006042, 0.136324942111969, 0.00961688905954361, 0.08745401352643967, -2.980232238769531e-07, 1.8477439880371094e-06, 0.5533830523490906, -1.1157244443893433e-06, 6.164365913718939e-06, 0.9564050436019897, 5.409121513366699e-06, -4.079192876815796e-06, 0.8709113001823425, -0.139238178730011, 0.0007462911307811737, 0.11133385449647903, 8.940696716308594e-08, 2.0489096641540527e-07, 0.5475771427154541, 4.917383193969727e-07, -2.9653310775756836e-06, 0.9591917395591736, 1.519918441772461e-06, 7.361173629760742e-06, 0.8301166892051697, 0.0029132049530744553, -0.010364338755607605, 0.42111602425575256, -3.0547380447387695e-07, -4.5821070671081543e-07, 0.3642216622829437, 0.010769903659820557, -0.40209999680519104, 0.6909167766571045, -0.010769471526145935, 0.40209588408470154, 0.21377745270729065, -0.1415218710899353, 0.42261356115341187, -0.3258933424949646, 5.073845386505127e-06, 5.882233381271362e-06, 1.5101155042648315, -9.98377799987793e-07, -3.5688281059265137e-06, 1.6662602424621582, -1.080334186553955e-06, 1.3455748558044434e-05, 0.49865373969078064, -0.2556622326374054, 0.21568332612514496, 0.4045448899269104, 5.714595317840576e-06, -3.904104232788086e-06, 1.5244441032409668, 1.0132789611816406e-06, 1.9073486328125e-06, 1.588073968887329, -4.6566128730773926e-07, 1.8924474716186523e-06, 0.5391390323638916, 0.397184818983078, -0.4572330713272095, -0.07864372432231903, -1.214444637298584e-06, -3.766268491744995e-06, 0.6107514500617981, 4.6566128730773926e-08, 8.582137525081635e-07, 0.6107366681098938, 0.136324942111969, 0.009616315364837646, 0.08745426684617996, -4.917383193969727e-07, 1.0579824447631836e-06, 0.5533829927444458, -8.307397365570068e-07, 6.012851372361183e-06, 0.9564042091369629, 5.185604095458984e-06, -4.280591383576393e-06, 0.8709108233451843, -0.13923819363117218, 0.0007457714527845383, 0.11133449524641037, 1.6391277313232422e-07, 8.23289155960083e-07, 0.5475772619247437, 1.341104507446289e-07, -2.652406692504883e-06, 0.9591915011405945, 1.8477439880371094e-06, 6.839632987976074e-06, 0.8301159143447876, 0.0029132142663002014, -0.010364875197410583, 0.4211158752441406, -1.825392246246338e-07, -1.4528632164001465e-07, 0.3642222285270691, 0.010770320892333984, -0.40209949016571045, 0.6909173727035522, -0.010769397020339966, 0.402096152305603, 0.21377815306186676, -0.14152172207832336, 0.42261332273483276, -0.3258933126926422, 5.066394805908203e-06, 6.183981895446777e-06, 1.5101157426834106, -1.125037670135498e-06, -3.5017728805541992e-06, 1.666260004043579, -1.1865049600601196e-06, 1.3276934623718262e-05, 0.49865370988845825, -0.2556619346141815, 0.21568310260772705, 0.404544860124588, 5.774199962615967e-06, -3.889668732881546e-06, 1.5244439840316772, 9.5367431640625e-07, 2.086162567138672e-06, 1.5880740880966187, -5.252659320831299e-07, 1.8700957298278809e-06, 0.5391389727592468, 0.39718496799468994, -0.45723333954811096, -0.07864375412464142, -1.2516975402832031e-06, -3.7401914596557617e-06, 0.6107510328292847, 7.450580596923828e-09, 1.130625605583191e-06, 0.6107367873191833, 0.1363248974084854, 0.009616736322641373, 0.08745408058166504, -3.8743019104003906e-07, 1.2442469596862793e-06, 0.5533829927444458, -1.5869736671447754e-06, 6.293877959251404e-06, 0.9564050436019897, 5.4836273193359375e-06, -4.034489393234253e-06, 0.8709114193916321, -0.13923820853233337, 0.000746656209230423, 0.11133372038602829, 4.3213367462158203e-07, 6.966292858123779e-07, 0.547577440738678, 4.023313522338867e-07, -2.868473529815674e-06, 0.9591915011405945, 1.7583370208740234e-06, 6.92903995513916e-06, 0.8301163911819458, 0.0029131360352039337, -0.010364340618252754, 0.421115905046463, -4.470348358154297e-08, 2.9802322387695312e-08, 0.364221453666687, 0.010769665241241455, -0.40210115909576416, 0.6909180283546448, -0.01076943427324295, 0.4020954966545105, 0.21377813816070557, -0.14152219891548157, 0.42261365056037903, -0.325893372297287, 5.044043064117432e-06, 6.020069122314453e-06, 1.5101161003112793, -1.2442469596862793e-06, -3.635883331298828e-06, 1.6662598848342896, -1.1343508958816528e-06, 1.3470649719238281e-05, 0.4986535906791687, -0.2556624114513397, 0.21568331122398376, 0.4045448899269104, 5.759298801422119e-06, -3.889203071594238e-06, 1.524444341659546, 1.043081283569336e-06, 1.9706785678863525e-06, 1.588073968887329, -4.0978193283081055e-07, 1.9297003746032715e-06, 0.539138913154602, 0.39718490839004517, -0.4572335183620453, -0.07864385843276978, -1.2069940567016602e-06, -3.851950168609619e-06, 0.6107513904571533, 0.0, 1.1473894119262695e-06, 0.6107367277145386, 0.1363248974084854, 0.00961733516305685, 0.0874539166688919, -2.682209014892578e-07, 9.760260581970215e-07, 0.5533828735351562, -2.0265579223632812e-06, 6.7837536334991455e-06, 0.9564056992530823, 5.304813385009766e-06, -4.239380359649658e-06, 0.8709105849266052, -0.13923819363117218, 0.0007463186047971249, 0.11133436113595963, 5.21540641784668e-07, 5.140900611877441e-07, 0.5475775599479675, -1.2665987014770508e-07, -2.8796494007110596e-06, 0.9591907262802124, 1.6689300537109375e-06, 7.465481758117676e-06, 0.8301169872283936, 0.002913174219429493, -0.010364068672060966, 0.42111632227897644, -8.940696716308594e-08, 5.21540641784668e-08, 0.364221453666687, 0.01076960563659668, -0.40210023522377014, 0.6909179091453552, -0.01076983567327261, 0.4020952582359314, 0.2137785106897354, -0.14152202010154724, 0.42261311411857605, -0.3258933126926422, 5.0067901611328125e-06, 6.0051679611206055e-06, 1.5101158618927002, -9.238719940185547e-07, -3.5762786865234375e-06, 1.6662598848342896, -1.1902302503585815e-06, 1.3455748558044434e-05, 0.4986535906791687, -0.25566256046295166, 0.2156829982995987, 0.4045449197292328, 5.774199962615967e-06, -3.948807716369629e-06, 1.5244439840316772, 8.866190910339355e-07, 2.0526349544525146e-06, 1.5880740880966187, -5.140900611877441e-07, 1.9371509552001953e-06, 0.5391389727592468, 0.3971843421459198, -0.4572334885597229, -0.07864375412464142, -1.2665987014770508e-06, -3.7923455238342285e-06, 0.6107512712478638, 1.4901161193847656e-08, 1.173466444015503e-06, 0.6107370257377625, 0.1363249570131302, 0.009617134928703308, 0.08745373785495758, 1.0896474123001099e-07, 4.470348358154297e-07, 0.553382933139801, -1.6838312149047852e-06, 6.414949893951416e-06, 0.9564046859741211, 5.304813385009766e-06, -3.948807716369629e-06, 0.8709110021591187, -0.139238178730011, 0.0007466690149158239, 0.11133386194705963, 4.172325134277344e-07, 2.980232238769531e-07, 0.5475772023200989, 2.8312206268310547e-07, -3.1013041734695435e-06, 0.9591909050941467, 1.5348196029663086e-06, 7.208436727523804e-06, 0.8301169872283936, 0.002913188189268112, -0.010363939218223095, 0.4211156964302063, -1.6391277313232422e-07, 3.725290298461914e-08, 0.36422139406204224, 0.010769739747047424, -0.4020998477935791, 0.6909172534942627, -0.010769829154014587, 0.4020959734916687, 0.21377809345722198, -0.14152173697948456, 0.4226130545139313, -0.3258932828903198, 4.991888999938965e-06, 6.0051679611206055e-06, 1.5101159811019897, -1.0281801223754883e-06, -3.688037395477295e-06, 1.666259765625, -1.084059476852417e-06, 1.3336539268493652e-05, 0.4986535310745239, -0.25566211342811584, 0.21568281948566437, 0.40454480051994324, 5.733221769332886e-06, -3.907829523086548e-06, 1.5244444608688354, 1.0505318641662598e-06, 2.0153820514678955e-06, 1.5880738496780396, -4.78699803352356e-07, 1.989305019378662e-06, 0.539138913154602, 0.397184818983078, -0.45723363757133484, -0.0786438137292862, -1.2405216693878174e-06, -3.807246685028076e-06, 0.6107516288757324, 1.4901161193847656e-08, 1.2256205081939697e-06, 0.6107369065284729, 0.13632488250732422, 0.009616844356060028, 0.08745338022708893, 7.450580596923828e-09, 2.1792948246002197e-07, 0.5533830523490906, -1.4901161193847656e-06, 6.571412086486816e-06, 0.9564061164855957, 5.4836273193359375e-06, -4.291534423828125e-06, 0.8709111213684082, -0.13923822343349457, 0.0007464229129254818, 0.11133301258087158, 3.650784492492676e-07, 9.387731552124023e-07, 0.5475773215293884, 2.561137080192566e-07, -2.6159686967730522e-06, 0.9591905474662781, 1.5720725059509277e-06, 7.666851161047816e-06, 0.8301169276237488, 0.002913147211074829, -0.010364240035414696, 0.4211154282093048, -1.1920928955078125e-07, 5.438923835754395e-07, 0.36422085762023926, 0.010770097374916077, -0.4021000266075134, 0.6909170150756836, -0.010769397020339966, 0.4020959436893463, 0.21377746760845184, -0.14152182638645172, 0.4226134121417999, -0.32589322328567505, 4.9173831939697266e-06, 6.213784217834473e-06, 1.5101157426834106, -1.1026859283447266e-06, -3.471970558166504e-06, 1.6662596464157104, -1.212581992149353e-06, 1.3425946235656738e-05, 0.4986535608768463, -0.25566214323043823, 0.21568331122398376, 0.4045449197292328, 5.776062607765198e-06, -3.8994476199150085e-06, 1.5244442224502563, 1.1324882507324219e-06, 2.037733793258667e-06, 1.5880742073059082, -4.898756742477417e-07, 1.8924474716186523e-06, 0.5391389727592468, 0.3971848785877228, -0.4572330117225647, -0.07864370197057724, -1.2372620403766632e-06, -3.725290298461914e-06, 0.6107519865036011, 7.101334631443024e-08, 1.0952353477478027e-06, 0.6107367873191833, 0.13632488250732422, 0.009616464376449585, 0.08745434880256653, -1.341104507446289e-07, 7.897615432739258e-07, 0.5533830523490906, -1.7881393432617188e-06, 6.4373016357421875e-06, 0.9564054608345032, 5.543231964111328e-06, -4.231929779052734e-06, 0.8709108829498291, -0.13923820853233337, 0.0007465237285941839, 0.11133337020874023, 5.774199962615967e-08, -4.470348358154297e-08, 0.5475769639015198, -8.940696716308594e-08, -2.9206275939941406e-06, 0.9591905474662781, 1.6130506992340088e-06, 7.456168532371521e-06, 0.8301166296005249, 0.002913177013397217, -0.010364413261413574, 0.42111626267433167, -2.9802322387695312e-08, 5.597248673439026e-07, 0.3642207384109497, 0.010770093649625778, -0.40209996700286865, 0.6909175515174866, -0.010769441723823547, 0.4020956754684448, 0.21377846598625183, -0.14152203500270844, 0.4226132333278656, -0.3258934020996094, 4.976987838745117e-06, 6.198883056640625e-06, 1.5101157426834106, -1.1622905731201172e-06, -3.337860107421875e-06, 1.6662601232528687, -1.2274831533432007e-06, 1.3366341590881348e-05, 0.4986535906791687, -0.25566208362579346, 0.21568304300308228, 0.40454477071762085, 5.727633833885193e-06, -3.9227306842803955e-06, 1.5244441032409668, 9.760260581970215e-07, 1.9706785678863525e-06, 1.5880740880966187, -3.7439167499542236e-07, 1.8998980522155762e-06, 0.5391389727592468, 0.3971850872039795, -0.4572337567806244, -0.07864387333393097, -1.2833625078201294e-06, -3.7997961044311523e-06, 0.6107515096664429, 5.587935447692871e-09, 1.1064112186431885e-06, 0.6107367277145386, 0.136324942111969, 0.009616300463676453, 0.08745479583740234, 5.960464477539063e-08, 5.960464477539063e-08, 0.5533828735351562, -1.5497207641601562e-06, 6.22868537902832e-06, 0.9564046263694763, 5.602836608886719e-06, -3.814697265625e-06, 0.8709111213684082, -0.13923819363117218, 0.0007456131279468536, 0.11133445054292679, 4.023313522338867e-07, 1.0728836059570312e-06, 0.5475772619247437, 3.427267074584961e-07, -2.909451723098755e-06, 0.9591907858848572, 1.7173588275909424e-06, 6.814487278461456e-06, 0.830115795135498, 0.002913183532655239, -0.01036473922431469, 0.4211166501045227, -1.862645149230957e-08, 3.688037395477295e-07, 0.36422115564346313, 0.010769948363304138, -0.4021003544330597, 0.6909176111221313, -0.010769754648208618, 0.4020952582359314, 0.213778555393219, -0.1415216326713562, 0.422613263130188, -0.3258931040763855, 5.0961971282958984e-06, 6.243586540222168e-06, 1.510115623474121, -9.611248970031738e-07, -3.509223461151123e-06, 1.6662603616714478, -1.1418014764785767e-06, 1.341104507446289e-05, 0.4986536502838135, -0.2556617558002472, 0.21568328142166138, 0.40454500913619995, 5.714595317840576e-06, -3.948807716369629e-06, 1.5244439840316772, 1.087784767150879e-06, 2.0936131477355957e-06, 1.5880744457244873, -4.805624485015869e-07, 1.9669532775878906e-06, 0.539138913154602, 0.39718490839004517, -0.4572330117225647, -0.07864353060722351, -1.214444637298584e-06, -3.7923455238342285e-06, 0.6107523441314697, 5.587935447692871e-08, 1.1771917343139648e-06, 0.610737144947052, 0.1363249570131302, 0.009616464376449585, 0.0874544158577919, -3.8743019104003906e-07, 1.0654330253601074e-06, 0.5533830523490906, -1.6689300537109375e-06, 6.496906280517578e-06, 0.9564052820205688, 5.4836273193359375e-06, -4.589557647705078e-06, 0.8709105849266052, -0.1392381340265274, 0.0007464922964572906, 0.11133372783660889, 1.7881393432617188e-07, 3.650784492492676e-07, 0.5475770831108093, 7.450580596923828e-08, -2.8312206268310547e-06, 0.9591910243034363, 1.8030405044555664e-06, 7.137656211853027e-06, 0.8301162719726562, 0.0029131993651390076, -0.010364895686507225, 0.42111682891845703, -5.21540641784668e-08, 4.470348358154297e-07, 0.36422064900398254, 0.010770238935947418, -0.40210044384002686, 0.6909165978431702, -0.010769113898277283, 0.4020957052707672, 0.21377694606781006, -0.14152170717716217, 0.4226131737232208, -0.32589325308799744, 4.947185516357422e-06, 6.124377250671387e-06, 1.5101155042648315, -7.82310962677002e-07, -3.509223461151123e-06, 1.6662601232528687, -1.101754605770111e-06, 1.3515353202819824e-05, 0.49865347146987915, -0.25566181540489197, 0.21568284928798676, 0.4045449197292328, 5.751848220825195e-06, -3.870576620101929e-06, 1.5244441032409668, 1.0058283805847168e-06, 2.0600855350494385e-06, 1.588073968887329, -3.818422555923462e-07, 1.944601535797119e-06, 0.539138913154602, 0.39718517661094666, -0.45723333954811096, -0.07864369451999664, -1.2442469596862793e-06, -3.725290298461914e-06, 0.6107521057128906, 2.7939677238464355e-08, 1.148320734500885e-06, 0.6107361912727356, 0.1363249272108078, 0.009616374969482422, 0.08745434880256653, -5.066394805908203e-07, 1.4454126358032227e-06, 0.553382933139801, -1.3709068298339844e-06, 6.735324859619141e-06, 0.9564054012298584, 5.543231964111328e-06, -4.0531158447265625e-06, 0.8709107637405396, -0.13923822343349457, 0.0007463917136192322, 0.11133396625518799, 4.3213367462158203e-07, 1.6763806343078613e-07, 0.5475770235061646, 8.270144462585449e-07, -2.7120113372802734e-06, 0.959191620349884, 1.6391277313232422e-06, 7.092952728271484e-06, 0.830116331577301, 0.002913177013397217, -0.01036486029624939, 0.4211167097091675, -1.4901161193847656e-07, 4.6193599700927734e-07, 0.36422112584114075, 0.010769961401820183, -0.4021003246307373, 0.6909173727035522, -0.010769590735435486, 0.40209609270095825, 0.21377748250961304, -0.14152193069458008, 0.42261409759521484, -0.3258933126926422, 4.887580871582031e-06, 6.020069122314453e-06, 1.5101161003112793, -1.1175870895385742e-06, -3.5017728805541992e-06, 1.6662601232528687, -1.1064112186431885e-06, 1.3336539268493652e-05, 0.4986535310745239, -0.25566211342811584, 0.215683713555336, 0.4045448899269104, 5.729496479034424e-06, -3.974884748458862e-06, 1.5244438648223877, 1.0244548320770264e-06, 1.9371509552001953e-06, 1.5880742073059082, -3.9301812648773193e-07, 1.9781291484832764e-06, 0.539138913154602, 0.3971850275993347, -0.45723292231559753, -0.0786438137292862, -1.2293457984924316e-06, -3.6582350730895996e-06, 0.6107515692710876, -6.798654794692993e-08, 9.471550583839417e-07, 0.6107364892959595, 0.1363249123096466, 0.009616488590836525, 0.08745381981134415, -1.7881393432617188e-07, 4.246830940246582e-07, 0.5533831715583801, -1.2516975402832031e-06, 6.5267086029052734e-06, 0.9564048647880554, 5.304813385009766e-06, -4.172325134277344e-06, 0.8709105253219604, -0.13923820853233337, 0.0007456913590431213, 0.11133410036563873, 1.7508864402770996e-07, 5.550682544708252e-07, 0.5475772619247437, 1.0728836059570312e-06, -2.868473529815674e-06, 0.9591917395591736, 1.6391277313232422e-06, 7.063150405883789e-06, 0.830116331577301, 0.00291316956281662, -0.010364912450313568, 0.42111605405807495, 2.9802322387695312e-08, 7.599592208862305e-07, 0.36421993374824524, 0.010769844055175781, -0.4021008014678955, 0.6909173727035522, -0.01076962798833847, 0.40209531784057617, 0.21377773582935333, -0.14152225852012634, 0.42261362075805664, -0.32589322328567505, 4.649162292480469e-06, 6.109476089477539e-06, 1.5101157426834106, -7.301568984985352e-07, -3.598630428314209e-06, 1.6662602424621582, -1.1138617992401123e-06, 1.3381242752075195e-05, 0.4986535310745239, -0.25566232204437256, 0.21568331122398376, 0.40454500913619995, 5.759298801422119e-06, -3.885477781295776e-06, 1.5244441032409668, 8.642673492431641e-07, 2.0563602447509766e-06, 1.5880740880966187, -4.6566128730773926e-07, 1.948326826095581e-06, 0.5391389727592468, 0.39718443155288696, -0.45723292231559753, -0.07864362001419067, -1.2367963790893555e-06, -3.7923455238342285e-06, 0.6107522249221802, -9.872019290924072e-08, 9.723007678985596e-07, 0.6107370257377625, 0.1363249123096466, 0.009616137482225895, 0.08745494484901428, -6.109476089477539e-07, 1.2293457984924316e-06, 0.5533831715583801, -1.1026859283447266e-06, 6.064772605895996e-06, 0.9564046859741211, 5.647540092468262e-06, -3.6656856536865234e-06, 0.8709110021591187, -0.13923826813697815, 0.0007457882165908813, 0.1113341674208641, 3.166496753692627e-08, -2.658925950527191e-07, 0.5475768446922302, 9.685754776000977e-07, -2.787448465824127e-06, 0.9591913819313049, 1.6987323760986328e-06, 7.4803829193115234e-06, 0.8301160335540771, 0.0029130950570106506, -0.01036486029624939, 0.4211162030696869, 2.2351741790771484e-07, 4.76837158203125e-07, 0.3642209470272064, 0.010769635438919067, -0.4021003544330597, 0.6909177303314209, -0.010769769549369812, 0.4020955264568329, 0.21377821266651154, -0.1415219008922577, 0.4226134121417999, -0.3258933424949646, 4.991888999938965e-06, 5.796551704406738e-06, 1.5101155042648315, -1.0207295417785645e-06, -3.382563591003418e-06, 1.6662601232528687, -1.2926757335662842e-06, 1.329183578491211e-05, 0.4986535906791687, -0.2556622326374054, 0.21568334102630615, 0.4045448899269104, 5.8710575103759766e-06, -3.8929283618927e-06, 1.5244437456130981, 9.98377799987793e-07, 1.996755599975586e-06, 1.5880742073059082, -4.6938657760620117e-07, 1.9511207938194275e-06, 0.5391389727592468, 0.3971847593784332, -0.45723310112953186, -0.07864376902580261, -1.2218952178955078e-06, -3.6954879760742188e-06, 0.6107520461082458, 1.0058283805847168e-07, 1.1324882507324219e-06, 0.6107366681098938, 0.13632485270500183, 0.009616486728191376, 0.08745408058166504, -4.470348358154297e-07, 1.7881393432617188e-06, 0.5533831119537354, -1.1026859283447266e-06, 6.467103958129883e-06, 0.956404983997345, 5.424022674560547e-06, -4.149973392486572e-06, 0.8709109425544739, -0.13923823833465576, 0.000745728611946106, 0.11133433878421783, 3.8743019104003906e-07, 8.568167686462402e-07, 0.5475772619247437, 6.556510925292969e-07, -2.8014183044433594e-06, 0.9591911435127258, 1.9222497940063477e-06, 6.601214408874512e-06, 0.8301160335540771, 0.00291312113404274, -0.010364532470703125, 0.4211159944534302, -2.9802322387695312e-08, 4.6193599700927734e-07, 0.36422067880630493, 0.0107697993516922, -0.4020998775959015, 0.6909176707267761, -0.010769963264465332, 0.4020955562591553, 0.21377874910831451, -0.14152202010154724, 0.42261338233947754, -0.3258931636810303, 4.947185516357422e-06, 5.856156349182129e-06, 1.5101155042648315, -1.2069940567016602e-06, -3.5241246223449707e-06, 1.666260004043579, -9.620562195777893e-07, 1.3232231140136719e-05, 0.4986536502838135, -0.25566214323043823, 0.21568314731121063, 0.40454497933387756, 5.826354026794434e-06, -3.8333237171173096e-06, 1.5244442224502563, 1.1995434761047363e-06, 1.9669532775878906e-06, 1.5880742073059082, -4.284083843231201e-07, 1.948326826095581e-06, 0.5391390323638916, 0.39718496799468994, -0.45723357796669006, -0.07864367961883545, -1.2777745723724365e-06, -3.6507844924926758e-06, 0.6107511520385742, -2.60770320892334e-08, 1.1026859283447266e-06, 0.6107375621795654, 0.13632503151893616, 0.009616687893867493, 0.08745382726192474, -8.940696716308594e-08, 3.501772880554199e-07, 0.5533829927444458, -1.862645149230957e-06, 6.536487489938736e-06, 0.956405758857727, 5.245208740234375e-06, -4.161149263381958e-06, 0.87091064453125, -0.13923804461956024, 0.0007461383938789368, 0.11133358627557755, -1.4901161193847656e-08, 4.889443516731262e-09, 0.5475770831108093, 1.043081283569336e-07, -2.466142177581787e-06, 0.9591907262802124, 1.6316771507263184e-06, 7.517635822296143e-06, 0.8301175832748413, 0.002913322299718857, -0.010364383459091187, 0.4211152195930481, -6.705522537231445e-08, 4.6566128730773926e-08, 0.36422041058540344, 0.010769784450531006, -0.40210041403770447, 0.6909178495407104, -0.010769784450531006, 0.4020951986312866, 0.21377918124198914, -0.14152204990386963, 0.42261338233947754, -0.32589298486709595, 5.02169132232666e-06, 6.079673767089844e-06, 1.5101161003112793, -1.1175870895385742e-06, -3.6135315895080566e-06, 1.6662603616714478, -1.3168901205062866e-06, 1.3306736946105957e-05, 0.49865344166755676, -0.25566232204437256, 0.215683251619339, 0.4045450687408447, 5.7891011238098145e-06, -3.85381281375885e-06, 1.5244441032409668, 1.039355993270874e-06, 2.0042061805725098e-06, 1.5880742073059082, -4.6193599700927734e-07, 1.952052116394043e-06, 0.539138913154602, 0.39718490839004517, -0.4572335481643677, -0.07864360511302948, -1.3299286365509033e-06, -3.7103891372680664e-06, 0.6107515096664429, 7.450580596923828e-09, 9.462237358093262e-07, 0.6107370853424072, 0.1363249570131302, 0.009616605937480927, 0.08745467662811279, -5.587935447692871e-08, 4.721805453300476e-07, 0.5533830523490906, -2.339482307434082e-06, 6.586313247680664e-06, 0.9564052820205688, 5.200505256652832e-06, -4.0763989090919495e-06, 0.8709105849266052, -0.1392381340265274, 0.0007462576031684875, 0.11133421957492828, -1.341104507446289e-07, 6.416812539100647e-07, 0.5475770235061646, 6.444752216339111e-07, -2.816319465637207e-06, 0.9591915607452393, 1.6652047634124756e-06, 7.329508662223816e-06, 0.8301166296005249, 0.0029131975024938583, -0.010364733636379242, 0.42111650109291077, -1.0058283805847168e-07, 3.110617399215698e-07, 0.36422088742256165, 0.010769814252853394, -0.40209972858428955, 0.690916895866394, -0.010769769549369812, 0.4020960032939911, 0.21377795934677124, -0.14152175188064575, 0.42261332273483276, -0.3258932828903198, 4.887580871582031e-06, 6.124377250671387e-06, 1.5101157426834106, -1.1324882507324219e-06, -3.4049153327941895e-06, 1.6662602424621582, -1.1781230568885803e-06, 1.3455748558044434e-05, 0.4986535906791687, -0.25566214323043823, 0.2156834751367569, 0.40454497933387756, 5.7676807045936584e-06, -3.874301910400391e-06, 1.5244439840316772, 9.872019290924072e-07, 2.034008502960205e-06, 1.588073968887329, -5.178153514862061e-07, 1.914799213409424e-06, 0.539138913154602, 0.3971848487854004, -0.4572329521179199, -0.07864363491535187, -1.3336539268493652e-06, -3.807246685028076e-06, 0.610751748085022, -2.421438694000244e-08, 1.1846423149108887e-06, 0.6107369065284729, 0.136324942111969, 0.009616896510124207, 0.08745414763689041, 2.421438694000244e-07, 2.1979212760925293e-07, 0.5533830523490906, -1.7583370208740234e-06, 6.057322025299072e-06, 0.956405520439148, 5.252659320831299e-06, -4.416098818182945e-06, 0.87091064453125, -0.13923819363117218, 0.000746406614780426, 0.11133391410112381, 5.848705768585205e-07, 2.868473529815674e-07, 0.5475772023200989, -2.0489096641540527e-08, -2.823770046234131e-06, 0.9591907262802124, 1.6689300537109375e-06, 7.4803829193115234e-06, 0.8301169872283936, 0.0029131509363651276, -0.01036468893289566, 0.42111629247665405, 8.568167686462402e-08, 7.636845111846924e-07, 0.3642200827598572, 0.010769814252853394, -0.40210098028182983, 0.6909173130989075, -0.010769352316856384, 0.4020955562591553, 0.21377742290496826, -0.14152184128761292, 0.4226134419441223, -0.325893372297287, 5.029141902923584e-06, 6.027519702911377e-06, 1.5101157426834106, -1.087784767150879e-06, -3.56137752532959e-06, 1.666260004043579, -1.2721866369247437e-06, 1.3560056686401367e-05, 0.4986535310745239, -0.25566214323043823, 0.2156834751367569, 0.4045448899269104, 5.7406723499298096e-06, -3.93320806324482e-06, 1.524444341659546, 1.0468065738677979e-06, 2.034008502960205e-06, 1.5880742073059082, -4.675239324569702e-07, 1.9371509552001953e-06, 0.5391389727592468, 0.3971847891807556, -0.45723286271095276, -0.07864370942115784, -1.2889504432678223e-06, -3.7550926208496094e-06, 0.6107518672943115, 6.705522537231445e-08, 8.270144462585449e-07, 0.6107370257377625, 0.13632488250732422, 0.009616851806640625, 0.08745405822992325, -1.4156103134155273e-07, 7.450580596923828e-07, 0.553382933139801, -1.7033889889717102e-06, 6.847083568572998e-06, 0.9564054012298584, 5.1781535148620605e-06, -4.244968295097351e-06, 0.8709109425544739, -0.13923820853233337, 0.0007462166249752045, 0.1113336831331253, 2.849847078323364e-07, -5.401670932769775e-07, 0.5475772023200989, -6.332993507385254e-08, -2.779066562652588e-06, 0.959190845489502, 1.6614794731140137e-06, 7.309019565582275e-06, 0.8301176428794861, 0.002913139760494232, -0.010364320129156113, 0.4211154580116272, -7.264316082000732e-08, 5.811452865600586e-07, 0.36422115564346313, 0.010769665241241455, -0.4021002948284149, 0.6909179091453552, -0.010769784450531006, 0.4020952880382538, 0.2137785404920578, -0.14152193069458008, 0.42261338233947754, -0.32589322328567505, 5.0961971282958984e-06, 5.900859832763672e-06, 1.510116457939148, -9.238719940185547e-07, -3.516674041748047e-06, 1.6662602424621582, -1.2274831533432007e-06, 1.3433396816253662e-05, 0.4986533522605896, -0.255662202835083, 0.21568357944488525, 0.40454503893852234, 5.729496479034424e-06, -3.998633474111557e-06, 1.5244439840316772, 9.760260581970215e-07, 2.0042061805725098e-06, 1.5880742073059082, -4.116445779800415e-07, 1.989305019378662e-06, 0.5391389727592468, 0.3971850872039795, -0.45723339915275574, -0.07864376902580261, -1.3336539268493652e-06, -3.6284327507019043e-06, 0.6107509136199951, -2.2351741790771484e-08, 7.078051567077637e-07, 0.6107364296913147, 0.136324942111969, 0.009615987539291382, 0.08745481818914413, -3.5762786865234375e-07, 1.3560056686401367e-06, 0.5533831119537354, -1.3634562492370605e-06, 6.444752216339111e-06, 0.9564051628112793, 5.185604095458984e-06, -4.477798938751221e-06, 0.8709102272987366, -0.1392381638288498, 0.0007452517747879028, 0.11133503913879395, 7.003545761108398e-07, 8.344650268554688e-07, 0.5475773811340332, 2.60770320892334e-07, -2.816319465637207e-06, 0.9591912031173706, 1.7583370208740234e-06, 7.5511634349823e-06, 0.8301168084144592, 0.0029132217168807983, -0.010365210473537445, 0.4211164712905884, -7.078051567077637e-08, 6.966292858123779e-07, 0.3642204999923706, 0.010769873857498169, -0.4021003544330597, 0.6909177899360657, -0.010769560933113098, 0.402096152305603, 0.21377789974212646, -0.1415218859910965, 0.42261338233947754, -0.3258934020996094, 4.954636096954346e-06, 6.116926670074463e-06, 1.5101159811019897, -9.98377799987793e-07, -3.300607204437256e-06, 1.6662601232528687, -1.2526288628578186e-06, 1.3329088687896729e-05, 0.49865347146987915, -0.2556622624397278, 0.21568334102630615, 0.40454480051994324, 5.811452865600586e-06, -3.866851329803467e-06, 1.524444341659546, 9.667128324508667e-07, 1.9632279872894287e-06, 1.588073968887329, -3.8370490074157715e-07, 1.8924474716186523e-06, 0.5391389727592468, 0.39718496799468994, -0.45723336935043335, -0.07864392548799515, -1.2628734111785889e-06, -3.6731362342834473e-06, 0.6107520461082458, -2.60770320892334e-08, 1.2088567018508911e-06, 0.6107370853424072, 0.1363249123096466, 0.009616781957447529, 0.08745472133159637, -1.7881393432617188e-07, 5.587935447692871e-07, 0.553382933139801, -8.195638656616211e-07, 6.332993507385254e-06, 0.9564039707183838, 5.662441253662109e-06, -3.7178397178649902e-06, 0.8709113001823425, -0.1392381638288498, 0.0007463928777724504, 0.11133430898189545, 3.674067556858063e-07, 9.872019290924072e-07, 0.5475773215293884, 4.246830940246582e-07, -2.8461217880249023e-06, 0.9591909050941467, 1.7434358596801758e-06, 6.794929504394531e-06, 0.8301167488098145, 0.0029131602495908737, -0.010364150628447533, 0.42111608386039734, -4.0978193283081055e-08, 7.599592208862305e-07, 0.36422044038772583, 0.010769814252853394, -0.4020997881889343, 0.6909176111221313, -0.010769792832434177, 0.40209564566612244, 0.2137790024280548, -0.14152199029922485, 0.4226137101650238, -0.3258932828903198, 4.902482032775879e-06, 6.042420864105225e-06, 1.510115623474121, -1.1175870895385742e-06, -3.4347176551818848e-06, 1.6662601232528687, -1.1129304766654968e-06, 1.3366341590881348e-05, 0.4986536204814911, -0.255662202835083, 0.21568356454372406, 0.4045448303222656, 5.766749382019043e-06, -3.7811696529388428e-06, 1.5244438648223877, 8.884817361831665e-07, 2.037733793258667e-06, 1.5880740880966187, -5.075708031654358e-07, 1.944601535797119e-06, 0.5391389727592468, 0.39718514680862427, -0.4572332203388214, -0.07864389568567276, -1.1865049600601196e-06, -3.7886202335357666e-06, 0.6107518672943115, -3.026798367500305e-08, 1.5348196029663086e-06, 0.6107362508773804, 0.136324942111969, 0.009616246446967125, 0.08745522797107697, -4.917383193969727e-07, 1.1473894119262695e-06, 0.5533829927444458, -1.773238182067871e-06, 6.139278411865234e-06, 0.9564051032066345, 5.513429641723633e-06, -3.7997961044311523e-06, 0.8709109425544739, -0.1392381638288498, 0.0007460805936716497, 0.1113346591591835, 1.0989606380462646e-07, -1.7508864402770996e-07, 0.5475770235061646, 5.587935447692871e-07, -2.7958303689956665e-06, 0.959190845489502, 1.691281795501709e-06, 7.379800081253052e-06, 0.8301172256469727, 0.0029131935443729162, -0.010364470072090626, 0.42111659049987793, -2.384185791015625e-07, 6.966292858123779e-07, 0.3642214834690094, 0.01076999306678772, -0.402100145816803, 0.6909170150756836, -0.01076950877904892, 0.4020956754684448, 0.21377773582935333, -0.1415219008922577, 0.42261356115341187, -0.3258931636810303, 5.122274160385132e-06, 6.087124347686768e-06, 1.5101157426834106, -8.791685104370117e-07, -3.3602118492126465e-06, 1.6662601232528687, -9.592622518539429e-07, 1.3306736946105957e-05, 0.49865373969078064, -0.25566229224205017, 0.21568365395069122, 0.40454503893852234, 5.766749382019043e-06, -3.9692968130111694e-06, 1.524444580078125, 9.853392839431763e-07, 2.000480890274048e-06, 1.5880740880966187, -4.6566128730773926e-07, 1.996755599975586e-06, 0.539138913154602, 0.3971848785877228, -0.45723310112953186, -0.07864366471767426, -1.2628734111785889e-06, -3.866851329803467e-06, 0.6107523441314697, -6.146728992462158e-08, 1.0812655091285706e-06, 0.6107362508773804, 0.13632497191429138, 0.009616512805223465, 0.08745400607585907, -2.980232238769531e-07, 1.564621925354004e-07, 0.5533829927444458, -1.2293457984924316e-06, 6.1802566051483154e-06, 0.9564051032066345, 5.304813385009766e-06, -4.112720489501953e-06, 0.8709107637405396, -0.1392381340265274, 0.0007461460772901773, 0.11133356392383575, 2.905726432800293e-07, 1.4901161193847656e-07, 0.5475769639015198, 1.2665987014770508e-07, -2.8489157557487488e-06, 0.9591909050941467, 1.6726553440093994e-06, 7.424503564834595e-06, 0.8301170468330383, 0.0029132096096873283, -0.010364314541220665, 0.4211157560348511, -1.043081283569336e-07, -3.3155083656311035e-07, 0.3642216622829437, 0.0107697993516922, -0.4021003842353821, 0.6909177899360657, -0.010769452899694443, 0.4020960032939911, 0.21377766132354736, -0.14152167737483978, 0.42261362075805664, -0.32589346170425415, 4.820525646209717e-06, 6.020069122314453e-06, 1.5101157426834106, -9.387731552124023e-07, -3.6209821701049805e-06, 1.6662601232528687, -1.193024218082428e-06, 1.3388693332672119e-05, 0.4986535906791687, -0.25566184520721436, 0.21568328142166138, 0.40454474091529846, 5.751848220825195e-06, -3.643333911895752e-06, 1.524444341659546, 9.592622518539429e-07, 2.0042061805725098e-06, 1.5880742073059082, -3.6600977182388306e-07, 1.952052116394043e-06, 0.5391389727592468, 0.397184818983078, -0.4572327136993408, -0.0786437839269638, -1.2665987014770508e-06, -3.829598426818848e-06, 0.610751748085022, 1.955777406692505e-08, 7.478520274162292e-07, 0.6107367873191833, 0.13632486760616302, 0.00961689930409193, 0.08745402097702026, 4.470348358154297e-08, -7.450580596923828e-08, 0.5533828735351562, -1.1622905731201172e-06, 6.3963234424591064e-06, 0.9564047455787659, 5.304813385009766e-06, -4.470348358154297e-06, 0.8709109425544739, -0.13923822343349457, 0.000746201490983367, 0.11133414506912231, 6.444752216339111e-07, 1.0132789611816406e-06, 0.5475773811340332, -4.76837158203125e-07, -3.162771463394165e-06, 0.9591906070709229, 1.6801059246063232e-06, 7.601454854011536e-06, 0.8301175832748413, 0.002913128584623337, -0.010363996960222721, 0.4211156964302063, -5.960464477539063e-08, 5.289912223815918e-07, 0.36421939730644226, 0.010770261287689209, -0.4021000266075134, 0.6909173727035522, -0.010769348591566086, 0.40209588408470154, 0.21377839148044586, -0.14152179658412933, 0.422613263130188, -0.3258931636810303, 4.909932613372803e-06, 6.109476089477539e-06, 1.5101159811019897, -8.195638656616211e-07, -3.427267074584961e-06, 1.6662598848342896, -1.1324882507324219e-06, 1.3314187526702881e-05, 0.49865373969078064, -0.2556620240211487, 0.21568334102630615, 0.40454497933387756, 5.841255187988281e-06, -3.766268491744995e-06, 1.5244442224502563, 1.1082738637924194e-06, 1.9818544387817383e-06, 1.5880742073059082, -4.777684807777405e-07, 1.9222497940063477e-06, 0.539138913154602, 0.39718449115753174, -0.45723283290863037, -0.0786435604095459, -1.317821443080902e-06, -3.7960708141326904e-06, 0.6107516288757324, 1.1641532182693481e-09, 1.014210283756256e-06, 0.6107373833656311, 0.13632497191429138, 0.009616314433515072, 0.08745535463094711, -2.8312206268310547e-07, 3.7997961044311523e-07, 0.5533828139305115, -9.760260581970215e-07, 6.590038537979126e-06, 0.9564045667648315, 5.27501106262207e-06, -3.4570693969726562e-06, 0.8709111213684082, -0.1392381340265274, 0.0007458283798769116, 0.11133506149053574, 9.667128324508667e-07, 3.986060619354248e-07, 0.5475770831108093, -1.564621925354004e-07, -2.8740614652633667e-06, 0.9591904282569885, 1.7844140529632568e-06, 7.228925824165344e-06, 0.830116868019104, 0.0029132049530744553, -0.010364474728703499, 0.42111659049987793, 7.450580596923828e-09, 4.805624485015869e-07, 0.36422163248062134, 0.01076991856098175, -0.4021008610725403, 0.6909183263778687, -0.010769307613372803, 0.4020954370498657, 0.21377837657928467, -0.14152199029922485, 0.4226136803627014, -0.3258932828903198, 5.2675604820251465e-06, 6.064772605895996e-06, 1.5101159811019897, -9.685754776000977e-07, -3.4943222999572754e-06, 1.6662601232528687, -1.1529773473739624e-06, 1.3366341590881348e-05, 0.49865370988845825, -0.25566235184669495, 0.21568354964256287, 0.404544860124588, 5.796551704406738e-06, -3.959983587265015e-06, 1.5244442224502563, 9.164214134216309e-07, 2.0228326320648193e-06, 1.5880740880966187, -4.2654573917388916e-07, 1.9744038581848145e-06, 0.5391389727592468, 0.3971843123435974, -0.4572325348854065, -0.07864367216825485, -1.1976808309555054e-06, -3.6992132663726807e-06, 0.6107518672943115, -8.381903171539307e-08, 8.456408977508545e-07, 0.6107366681098938, 0.1363249272108078, 0.009616447612643242, 0.08745454251766205, -2.8312206268310547e-07, 5.587935447692871e-07, 0.5533829927444458, -1.8402934074401855e-06, 6.079673767089844e-06, 0.9564054608345032, 5.5730342864990234e-06, -4.06801700592041e-06, 0.8709113001823425, -0.1392381638288498, 0.0007459553307853639, 0.1113341748714447, -1.3224780559539795e-07, -2.8312206268310547e-07, 0.5475770235061646, -6.705522537231445e-08, -2.7932110242545605e-06, 0.9591906666755676, 1.7024576663970947e-06, 7.295981049537659e-06, 0.8301165103912354, 0.0029131826013326645, -0.010364538989961147, 0.4211162328720093, -2.7939677238464355e-07, -1.4901161193847656e-08, 0.36422213912010193, 0.010770127177238464, -0.4020995497703552, 0.690916895866394, -0.010769471526145935, 0.4020962119102478, 0.21377849578857422, -0.14152206480503082, 0.4226134717464447, -0.3258933424949646, 4.8764050006866455e-06, 6.146728992462158e-06, 1.5101158618927002, -8.940696716308594e-07, -3.56137752532959e-06, 1.666260004043579, -1.1818483471870422e-06, 1.33514404296875e-05, 0.4986536502838135, -0.2556622624397278, 0.21568329632282257, 0.40454480051994324, 5.7891011238098145e-06, -3.919005393981934e-06, 1.5244439840316772, 1.0579824447631836e-06, 2.0116567611694336e-06, 1.5880742073059082, -5.206093192100525e-07, 1.914799213409424e-06, 0.5391389727592468, 0.3971840739250183, -0.4572325646877289, -0.07864359766244888, -1.2777745723724365e-06, -3.829598426818848e-06, 0.6107520461082458, -1.1175870895385742e-08, 8.996576070785522e-07, 0.6107368469238281, 0.1363249272108078, 0.00961664505302906, 0.08745516091585159, 2.8312206268310547e-07, 3.7997961044311523e-07, 0.5533828735351562, -1.7881393432617188e-06, 6.59748911857605e-06, 0.9564051032066345, 5.662441253662109e-06, -3.7476420402526855e-06, 0.8709115386009216, -0.139238178730011, 0.0007466226816177368, 0.11133389919996262, -6.379559636116028e-08, 7.7858567237854e-07, 0.5475769639015198, 9.08970832824707e-07, -2.639368176460266e-06, 0.9591915607452393, 1.9073486328125e-06, 6.727874279022217e-06, 0.8301166892051697, 0.0029132079798728228, -0.01036423072218895, 0.4211158752441406, -1.4528632164001465e-07, -2.644956111907959e-07, 0.3642217218875885, 0.010770246386528015, -0.4020999073982239, 0.6909176111221313, -0.010769348591566086, 0.4020959138870239, 0.2137782871723175, -0.1415218859910965, 0.4226135015487671, -0.3258932828903198, 4.887580871582031e-06, 6.012618541717529e-06, 1.5101158618927002, -1.1175870895385742e-06, -3.516674041748047e-06, 1.6662598848342896, -1.2647360563278198e-06, 1.3485550880432129e-05, 0.4986535310745239, -0.25566235184669495, 0.215683251619339, 0.40454500913619995, 5.7891011238098145e-06, -3.9227306842803955e-06, 1.5244441032409668, 1.0039657354354858e-06, 2.119690179824829e-06, 1.588073968887329, -3.557652235031128e-07, 1.9744038581848145e-06, 0.539138913154602, 0.39718449115753174, -0.45723289251327515, -0.07864358276128769, -1.2367963790893555e-06, -3.8929283618927e-06, 0.6107526421546936, -6.379559636116028e-08, 1.0207295417785645e-06, 0.6107367873191833, 0.1363248974084854, 0.009616589173674583, 0.08745469152927399, -1.1920928955078125e-07, 7.227063179016113e-07, 0.5533829927444458, -1.3262033462524414e-06, 6.187707185745239e-06, 0.9564050436019897, 5.27501106262207e-06, -4.604458808898926e-06, 0.8709108233451843, -0.13923819363117218, 0.0007460410706698895, 0.11133412271738052, 3.166496753692627e-07, 3.390014171600342e-07, 0.5475769639015198, 7.599592208862305e-07, -2.7194619178771973e-06, 0.9591906070709229, 1.8030405044555664e-06, 6.709247827529907e-06, 0.8301162719726562, 0.002913164906203747, -0.010364428162574768, 0.42111578583717346, -2.9243528842926025e-07, -2.384185791015625e-07, 0.3642222583293915, 0.010769844055175781, -0.4020994305610657, 0.690916895866394, -0.010769739747047424, 0.40209633111953735, 0.21377772092819214, -0.1415221095085144, 0.42261314392089844, -0.3258932828903198, 4.909932613372803e-06, 6.1318278312683105e-06, 1.5101157426834106, -9.98377799987793e-07, -3.6135315895080566e-06, 1.6662602424621582, -1.0710209608078003e-06, 1.3470649719238281e-05, 0.49865368008613586, -0.2556624412536621, 0.21568328142166138, 0.40454497933387756, 5.804002285003662e-06, -3.85381281375885e-06, 1.5244441032409668, 9.015202522277832e-07, 2.0116567611694336e-06, 1.5880738496780396, -4.377216100692749e-07, 1.959502696990967e-06, 0.539138913154602, 0.3971843719482422, -0.4572330415248871, -0.07864361256361008, -1.2405216693878174e-06, -3.8035213947296143e-06, 0.6107518076896667, 3.91155481338501e-08, 1.3932585716247559e-06, 0.6107361316680908, 0.13632500171661377, 0.009616047143936157, 0.087454654276371, -5.513429641723633e-07, 5.513429641723633e-07, 0.5533831119537354, -1.5497207641601562e-06, 6.042420864105225e-06, 0.9564054012298584, 5.334615707397461e-06, -4.090368747711182e-06, 0.8709108829498291, -0.1392381489276886, 0.0007458962500095367, 0.1113341823220253, 1.1175870895385742e-07, 4.209578037261963e-07, 0.5475770831108093, 4.0978193283081055e-08, -2.942979335784912e-06, 0.9591914415359497, 1.9222497940063477e-06, 6.9588422775268555e-06, 0.8301170468330383, 0.002913201227784157, -0.010364849120378494, 0.4211162328720093, -1.8719583749771118e-07, 2.0116567611694336e-07, 0.36422109603881836, 0.010770171880722046, -0.4020997881889343, 0.6909176111221313, -0.010769374668598175, 0.4020959138870239, 0.21377816796302795, -0.1415223330259323, 0.4226134419441223, -0.3258932828903198, 5.066394805908203e-06, 6.087124347686768e-06, 1.5101159811019897, -1.1920928955078125e-06, -3.5688281059265137e-06, 1.6662602424621582, -1.278705894947052e-06, 1.3299286365509033e-05, 0.4986536502838135, -0.2556622624397278, 0.21568289399147034, 0.4045448899269104, 5.826354026794434e-06, -3.851018846035004e-06, 1.5244441032409668, 9.164214134216309e-07, 2.0191073417663574e-06, 1.588073968887329, -4.507601261138916e-07, 1.9222497940063477e-06, 0.5391389727592468, 0.3971845507621765, -0.4572332501411438, -0.07864370197057724, -1.2703239917755127e-06, -3.7401914596557617e-06, 0.6107514500617981, -1.1920928955078125e-07, 1.0021030902862549e-06, 0.610737681388855, 0.1363249570131302, 0.009616248309612274, 0.08745501190423965, -3.0547380447387695e-07, 8.195638656616211e-07, 0.5533830523490906, -1.9371509552001953e-06, 6.2212347984313965e-06, 0.9564053416252136, 5.4836273193359375e-06, -3.945082426071167e-06, 0.8709111213684082, -0.13923819363117218, 0.0007462445646524429, 0.11133447289466858, 9.499490261077881e-07, 7.189810276031494e-07, 0.5475772023200989, 5.085021257400513e-07, -2.8386712074279785e-06, 0.959190845489502, 1.817941665649414e-06, 7.204711437225342e-06, 0.830117404460907, 0.0029131807386875153, -0.010364644229412079, 0.4211164712905884, -1.1920928955078125e-07, 1.126900315284729e-07, 0.36422014236450195, 0.010769858956336975, -0.40209993720054626, 0.6909171342849731, -0.010769650340080261, 0.40209585428237915, 0.21377822756767273, -0.14152202010154724, 0.42261338233947754, -0.3258932828903198, 4.805624485015869e-06, 6.034970283508301e-06, 1.5101158618927002, -1.0281801223754883e-06, -3.6135315895080566e-06, 1.6662601232528687, -1.2023374438285828e-06, 1.3418495655059814e-05, 0.4986535906791687, -0.25566229224205017, 0.2156834900379181, 0.4045448899269104, 5.833804607391357e-06, -3.8491853047162294e-06, 1.524444341659546, 1.171603798866272e-06, 2.0191073417663574e-06, 1.5880740880966187, -3.417953848838806e-07, 1.9669532775878906e-06, 0.5391389727592468, 0.397184282541275, -0.45723241567611694, -0.07864357531070709, -1.2367963790893555e-06, -3.777444362640381e-06, 0.610752284526825, -3.119930624961853e-08, 1.1529773473739624e-06, 0.6107372641563416, 0.1363249570131302, 0.009616121649742126, 0.08745534718036652, -4.7264620661735535e-07, 1.0665971785783768e-06, 0.5533830523490906, -1.4845281839370728e-06, 6.336718797683716e-06, 0.9564045667648315, 5.766749382019043e-06, -3.3890828490257263e-06, 0.8709116578102112, -0.13923822343349457, 0.0007457099854946136, 0.11133460700511932, 2.4586915969848633e-07, 1.0728836059570312e-06, 0.5475772023200989, 5.122274160385132e-07, -2.868473529815674e-06, 0.9591906666755676, 1.7434358596801758e-06, 7.189810276031494e-06, 0.8301167488098145, 0.002913147211074829, -0.010364562273025513, 0.4211164116859436, -1.7695128917694092e-07, -2.086162567138672e-07, 0.36422213912010193, 0.010769955813884735, -0.4021000266075134, 0.6909181475639343, -0.010769560933113098, 0.4020956754684448, 0.2137785106897354, -0.14152242243289948, 0.4226134419441223, -0.32589346170425415, 4.753470420837402e-06, 6.034970283508301e-06, 1.5101159811019897, -1.1026859283447266e-06, -3.6507844924926758e-06, 1.6662601232528687, -1.1408701539039612e-06, 1.3314187526702881e-05, 0.4986536502838135, -0.25566262006759644, 0.21568350493907928, 0.40454474091529846, 5.7853758335113525e-06, -3.7979334592819214e-06, 1.5244442224502563, 9.369105100631714e-07, 2.0489096641540527e-06, 1.588073968887329, -4.293397068977356e-07, 1.952052116394043e-06, 0.5391389727592468, 0.39718425273895264, -0.45723265409469604, -0.07864382863044739, -1.2852251529693604e-06, -3.814697265625e-06, 0.6107522249221802, -8.66129994392395e-08, 1.2218952178955078e-06, 0.6107368469238281, 0.1363249272108078, 0.00961642898619175, 0.08745501190423965, -8.23289155960083e-07, 1.0598450899124146e-06, 0.5533830523490906, -1.8924474716186523e-06, 6.541609764099121e-06, 0.956405758857727, 5.6549906730651855e-06, -3.446824848651886e-06, 0.8709108829498291, -0.1392381340265274, 0.0007457807660102844, 0.11133480072021484, 4.3213367462158203e-07, 1.0896474123001099e-06, 0.5475775599479675, 7.450580596923828e-07, -2.816319465637207e-06, 0.9591912627220154, 1.911073923110962e-06, 7.197260856628418e-06, 0.8301162123680115, 0.0029131844639778137, -0.010364614427089691, 0.42111656069755554, -1.4156103134155273e-07, 3.427267074584961e-07, 0.3642209470272064, 0.010769862681627274, -0.40210047364234924, 0.6909182071685791, -0.010769564658403397, 0.4020954966545105, 0.21377888321876526, -0.1415221244096756, 0.42261338233947754, -0.3258932828903198, 5.066394805908203e-06, 6.243586540222168e-06, 1.510115385055542, -9.462237358093262e-07, -3.5241246223449707e-06, 1.666260004043579, -1.1352822184562683e-06, 1.3321638107299805e-05, 0.49865368008613586, -0.2556624412536621, 0.21568338572978973, 0.4045449197292328, 5.8587174862623215e-06, -3.896653652191162e-06, 1.5244441032409668, 1.0356307029724121e-06, 1.9371509552001953e-06, 1.5880738496780396, -4.330649971961975e-07, 1.9744038581848145e-06, 0.539138913154602, 0.39718425273895264, -0.4572329819202423, -0.07864363491535187, -1.259148120880127e-06, -3.978610038757324e-06, 0.610752284526825, 5.9371814131736755e-08, 1.026783138513565e-06, 0.6107363104820251, 0.13632504642009735, 0.009616801515221596, 0.08745359629392624, -6.705522537231445e-08, 3.948807716369629e-07, 0.5533826947212219, -1.2516975402832031e-06, 6.015412509441376e-06, 0.956404447555542, 5.386769771575928e-06, -3.893859684467316e-06, 0.8709108829498291, -0.13923805952072144, 0.0007462650537490845, 0.11133377254009247, 2.2351741790771484e-07, 9.313225746154785e-08, 0.5475769639015198, 7.450580596923828e-08, -3.1441450119018555e-06, 0.9591909050941467, 1.8402934074401855e-06, 6.837770342826843e-06, 0.8301162719726562, 0.0029133185744285583, -0.010364115238189697, 0.42111557722091675, -2.60770320892334e-07, 1.9371509552001953e-07, 0.3642220199108124, 0.010769844055175781, -0.402100145816803, 0.6909176111221313, -0.010769620537757874, 0.4020959138870239, 0.21377763152122498, -0.1415216028690338, 0.4226135313510895, -0.3258934020996094, 4.887580871582031e-06, 5.900859832763672e-06, 1.5101157426834106, -1.2218952178955078e-06, -3.680586814880371e-06, 1.6662602424621582, -1.109205186367035e-06, 1.3239681720733643e-05, 0.4986535608768463, -0.25566205382347107, 0.2156834900379181, 0.4045448303222656, 5.776062607765198e-06, -3.721565008163452e-06, 1.524444341659546, 1.0021030902862549e-06, 2.0265579223632812e-06, 1.5880742073059082, -3.7439167499542236e-07, 1.9371509552001953e-06, 0.539138913154602, 0.39718514680862427, -0.45723283290863037, -0.0786438137292862, -1.259148120880127e-06, -3.859400749206543e-06, 0.6107519865036011, -2.5494955480098724e-08, 1.1383090168237686e-06, 0.6107363104820251, 0.13632497191429138, 0.009617019444704056, 0.08745427429676056, -2.2351741790771484e-07, 5.140900611877441e-07, 0.553382933139801, -1.5795230865478516e-06, 6.426125764846802e-06, 0.9564054012298584, 5.517154932022095e-06, -4.451721906661987e-06, 0.8709107637405396, -0.1392381638288498, 0.0007464513182640076, 0.11133414506912231, 4.842877388000488e-07, 6.845803000032902e-07, 0.5475772023200989, -3.129243850708008e-07, -2.8014183044433594e-06, 0.9591907858848572, 1.996755599975586e-06, 6.666406989097595e-06, 0.8301157355308533, 0.0029132179915905, -0.010363921523094177, 0.42111554741859436, -2.5331974029541016e-07, -2.9802322387695312e-08, 0.364221453666687, 0.010769810527563095, -0.4020998477935791, 0.6909170150756836, -0.0107696782797575, 0.4020955562591553, 0.21377840638160706, -0.14152169227600098, 0.4226132333278656, -0.3258931040763855, 5.155801773071289e-06, 6.034970283508301e-06, 1.5101158618927002, -1.0281801223754883e-06, -3.777444362640381e-06, 1.6662602424621582, -1.3355165719985962e-06, 1.3470649719238281e-05, 0.4986536502838135, -0.2556617259979248, 0.21568317711353302, 0.4045449197292328, 5.792826414108276e-06, -3.9674341678619385e-06, 1.524444341659546, 9.648501873016357e-07, 1.9818544387817383e-06, 1.5880743265151978, -4.163011908531189e-07, 1.952052116394043e-06, 0.539138913154602, 0.39718490839004517, -0.4572329521179199, -0.07864360511302948, -1.296401023864746e-06, -3.7848949432373047e-06, 0.6107522249221802, 4.7497451305389404e-08, 1.6186386346817017e-06, 0.6107358932495117, 0.1363247036933899, 0.009616723284125328, 0.08745382726192474, -1.6391277313232422e-07, 6.109476089477539e-07, 0.5533829927444458, -1.430511474609375e-06, 6.191432476043701e-06, 0.9564048051834106, 4.783272743225098e-06, -4.582107067108154e-06, 0.87091064453125, -0.13923832774162292, 0.0007462725043296814, 0.11133357882499695, 1.4156103134155273e-07, 4.041939973831177e-07, 0.5475771427154541, 9.462237358093262e-07, -2.905726432800293e-06, 0.9591911435127258, 1.6093254089355469e-06, 7.063150405883789e-06, 0.8301174640655518, 0.002913004718720913, -0.010364815592765808, 0.4211161732673645, -2.0116567611694336e-07, 2.2351741790771484e-07, 0.3642212450504303, 0.010769858956336975, -0.4021003842353821, 0.6909169554710388, -0.010769635438919067, 0.40209561586380005, 0.21377789974212646, -0.1415218710899353, 0.4226134419441223, -0.32589325308799744, 4.9173831939697266e-06, 6.020069122314453e-06, 1.5101157426834106, -9.387731552124023e-07, -3.553926944732666e-06, 1.6662598848342896, -1.1390075087547302e-06, 1.3381242752075195e-05, 0.49865373969078064, -0.25566205382347107, 0.21568341553211212, 0.4045449197292328, 5.826354026794434e-06, -3.7923455238342285e-06, 1.5244442224502563, 8.866190910339355e-07, 2.0563602447509766e-06, 1.5880742073059082, -4.200264811515808e-07, 1.9297003746032715e-06, 0.539138913154602, 0.39718466997146606, -0.45723289251327515, -0.07864363491535187, -1.2889504432678223e-06, -3.6507844924926758e-06, 0.6107510328292847, -4.6566128730773926e-08, 1.2842938303947449e-06, 0.6107367873191833, 0.13632482290267944, 0.009616188704967499, 0.0874553844332695, -5.066394805908203e-07, 2.346932888031006e-06, 0.5533831119537354, -1.4603137969970703e-06, 6.16908073425293e-06, 0.956404447555542, 5.27501106262207e-06, -4.477798938751221e-06, 0.8709110617637634, -0.13923834264278412, 0.0007461905479431152, 0.11133420467376709, 3.241002559661865e-07, 5.988404154777527e-07, 0.5475771427154541, 5.951151251792908e-07, -2.8226058930158615e-06, 0.9591913819313049, 1.9073486328125e-06, 6.794929504394531e-06, 0.8301166296005249, 0.002913055941462517, -0.010364726185798645, 0.42111673951148987, -1.862645149230957e-08, -7.450580596923828e-08, 0.3642209768295288, 0.010769873857498169, -0.40209975838661194, 0.6909174919128418, -0.010769665241241455, 0.4020960032939911, 0.21377834677696228, -0.14152199029922485, 0.42261356115341187, -0.32589322328567505, 4.887580871582031e-06, 5.945563316345215e-06, 1.510115385055542, -9.08970832824707e-07, -3.46451997756958e-06, 1.6662601232528687, -1.1194497346878052e-06, 1.3478100299835205e-05, 0.4986535906791687, -0.2556620240211487, 0.21568341553211212, 0.4045448899269104, 5.774199962615967e-06, -3.9674341678619385e-06, 1.5244439840316772, 9.872019290924072e-07, 1.9669532775878906e-06, 1.5880743265151978, -3.8743019104003906e-07, 1.9818544387817383e-06, 0.5391389727592468, 0.3971846103668213, -0.4572329819202423, -0.07864364981651306, -1.2069940567016602e-06, -3.725290298461914e-06, 0.6107522249221802, -1.0803341865539551e-07, 1.2386590242385864e-06, 0.6107358932495117, 0.13632486760616302, 0.009616505354642868, 0.08745434880256653, 2.384185791015625e-07, 2.8312206268310547e-07, 0.5533831715583801, -1.6391277313232422e-06, 6.258487701416016e-06, 0.9564050436019897, 5.602836608886719e-06, -4.336237907409668e-06, 0.8709108829498291, -0.13923823833465576, 0.0007461681962013245, 0.11133413761854172, 5.243346095085144e-07, 7.131602615118027e-07, 0.5475772619247437, -2.2351741790771484e-07, -2.898275852203369e-06, 0.9591901302337646, 1.7285346984863281e-06, 7.510185241699219e-06, 0.8301169276237488, 0.0029131025075912476, -0.010364249348640442, 0.42111581563949585, 3.725290298461914e-09, 5.960464477539063e-08, 0.36422136425971985, 0.010769933462142944, -0.4021000862121582, 0.6909163594245911, -0.01076960563659668, 0.4020956754684448, 0.21377702057361603, -0.1415213942527771, 0.4226131737232208, -0.32589343190193176, 5.155801773071289e-06, 6.034970283508301e-06, 1.5101158618927002, -1.214444637298584e-06, -3.7997961044311523e-06, 1.6662602424621582, -1.16787850856781e-06, 1.3381242752075195e-05, 0.4986535310745239, -0.25566166639328003, 0.2156832367181778, 0.4045446813106537, 5.826354026794434e-06, -3.9227306842803955e-06, 1.5244441032409668, 1.0095536708831787e-06, 1.9222497940063477e-06, 1.5880743265151978, -4.0605664253234863e-07, 1.9818544387817383e-06, 0.5391389727592468, 0.39718517661094666, -0.4572329521179199, -0.07864388823509216, -1.3113021850585938e-06, -3.7997961044311523e-06, 0.6107518076896667, -5.029141902923584e-08, 8.177012205123901e-07, 0.6107372641563416, 0.13632498681545258, 0.009616397321224213, 0.08745408803224564, -2.682209014892578e-07, 5.736947059631348e-07, 0.5533829927444458, -1.3113021850585938e-06, 6.198883056640625e-06, 0.9564051032066345, 5.550682544708252e-06, -4.0978193283081055e-06, 0.8709111213684082, -0.1392381191253662, 0.0007459856569766998, 0.11133401095867157, 5.364418029785156e-07, 8.67992639541626e-07, 0.5475772619247437, 2.4586915969848633e-07, -2.771615982055664e-06, 0.9591905474662781, 1.8775463104248047e-06, 6.854534149169922e-06, 0.8301162719726562, 0.0029132068157196045, -0.010364662855863571, 0.42111626267433167, -2.3655593395233154e-07, 1.1920928955078125e-07, 0.36422163248062134, 0.010769963264465332, -0.4021000862121582, 0.6909178495407104, -0.010769575834274292, 0.402096152305603, 0.21377772092819214, -0.1415223479270935, 0.4226135313510895, -0.3258931338787079, 5.036592483520508e-06, 6.064772605895996e-06, 1.5101159811019897, -9.387731552124023e-07, -3.375113010406494e-06, 1.6662602424621582, -1.3494864106178284e-06, 1.341104507446289e-05, 0.4986536204814911, -0.2556624710559845, 0.21568326652050018, 0.40454503893852234, 5.781650543212891e-06, -3.7848949432373047e-06, 1.5244441032409668, 9.126961231231689e-07, 2.041459083557129e-06, 1.5880742073059082, -4.256144165992737e-07, 1.996755599975586e-06, 0.539138913154602, 0.3971840739250183, -0.4572327136993408, -0.07864344120025635, -1.2069940567016602e-06, -3.769993782043457e-06, 0.610752284526825, 3.725290298461914e-08, 1.039355993270874e-06, 0.6107370257377625, 0.136324942111969, 0.009616672992706299, 0.08745352923870087, -2.980232238769531e-07, 3.2782554626464844e-07, 0.5533831119537354, -1.7285346984863281e-06, 6.5267086029052734e-06, 0.9564054012298584, 4.902482032775879e-06, -4.4405460357666016e-06, 0.8709107637405396, -0.13923820853233337, 0.0007460489869117737, 0.11133312433958054, 9.313225746154785e-07, 1.1920928955078125e-06, 0.5475772023200989, -2.980232238769531e-07, -2.7865171432495117e-06, 0.959190845489502, 1.8477439880371094e-06, 6.943941116333008e-06, 0.8301160931587219, 0.0029131583869457245, -0.010364510118961334, 0.4211156964302063, -2.2724270820617676e-07, 1.7136335372924805e-07, 0.36422112584114075, 0.010769963264465332, -0.40209996700286865, 0.6909177303314209, -0.010769471526145935, 0.40209612250328064, 0.21377815306186676, -0.141522616147995, 0.4226134717464447, -0.3258932828903198, 5.155801773071289e-06, 5.930662155151367e-06, 1.510115623474121, -9.387731552124023e-07, -3.419816493988037e-06, 1.6662602424621582, -1.0086223483085632e-06, 1.3470649719238281e-05, 0.49865370988845825, -0.25566262006759644, 0.21568331122398376, 0.4045448899269104, 5.751848220825195e-06, -3.859400749206543e-06, 1.5244442224502563, 1.0579824447631836e-06, 2.0191073417663574e-06, 1.5880743265151978, -4.1909515857696533e-07, 1.959502696990967e-06, 0.539138913154602, 0.39718398451805115, -0.4572327733039856, -0.07864363491535187, -1.2889504432678223e-06, -3.7997961044311523e-06, 0.6107527613639832, -4.470348358154297e-08, 1.1138617992401123e-06, 0.6107363700866699, 0.13632503151893616, 0.009616486728191376, 0.08745510131120682, -1.7881393432617188e-07, -2.3096799850463867e-07, 0.5533829927444458, -1.7881393432617188e-06, 6.556510925292969e-06, 0.9564055800437927, 5.200505256652832e-06, -3.993511199951172e-06, 0.87091064453125, -0.13923805952072144, 0.0007458589971065521, 0.11133447289466858, 9.5367431640625e-07, 6.109476089477539e-07, 0.5475773811340332, -1.4901161193847656e-08, -2.8908252716064453e-06, 0.9591907262802124, 1.7881393432617188e-06, 6.9141387939453125e-06, 0.8301166296005249, 0.002913298085331917, -0.010364409536123276, 0.42111626267433167, -2.0116567611694336e-07, -2.8312206268310547e-07, 0.3642219305038452, 0.010769933462142944, -0.40210026502609253, 0.6909171938896179, -0.010769583284854889, 0.40209582448005676, 0.21377772092819214, -0.14152170717716217, 0.4226134419441223, -0.32589325308799744, 5.066394805908203e-06, 6.3478946685791016e-06, 1.5101161003112793, -1.214444637298584e-06, -3.553926944732666e-06, 1.6662598848342896, -1.0831281542778015e-06, 1.3329088687896729e-05, 0.4986536502838135, -0.25566208362579346, 0.2156834602355957, 0.4045449197292328, 5.826354026794434e-06, -3.7364661693573e-06, 1.5244439840316772, 1.0021030902862549e-06, 1.9669532775878906e-06, 1.588073968887329, -4.759058356285095e-07, 2.0042061805725098e-06, 0.539138913154602, 0.3971846103668213, -0.45723259449005127, -0.07864363491535187, -1.248437911272049e-06, -3.7476420402526855e-06, 0.610752284526825, 1.862645149230957e-08, 6.966292858123779e-07, 0.6107372641563416, 0.13632482290267944, 0.00961659848690033, 0.08745507150888443, -4.470348358154297e-07, 3.0547380447387695e-07, 0.5533831119537354, -1.4901161193847656e-06, 6.198883056640625e-06, 0.9564043283462524, 5.662441253662109e-06, -3.933906555175781e-06, 0.8709113001823425, -0.13923829793930054, 0.0007460992783308029, 0.11133486777544022, 6.109476089477539e-07, 9.238719940185547e-07, 0.5475770235061646, -3.129243850708008e-07, -2.7120113372802734e-06, 0.9591905474662781, 1.7583370208740234e-06, 7.078051567077637e-06, 0.8301168084144592, 0.002913089469075203, -0.010364096611738205, 0.4211162328720093, -1.6391277313232422e-07, 8.195638656616211e-08, 0.3642211854457855, 0.010770009830594063, -0.40210065245628357, 0.69091796875, -0.010769490152597427, 0.4020956754684448, 0.2137780636548996, -0.14152178168296814, 0.4226135015487671, -0.3258933126926422, 5.27501106262207e-06, 6.0051679611206055e-06, 1.5101152658462524, -9.611248970031738e-07, -3.5390257835388184e-06, 1.6662602424621582, -1.2833625078201294e-06, 1.3440847396850586e-05, 0.49865347146987915, -0.2556619346141815, 0.21568340063095093, 0.40454480051994324, 5.856156349182129e-06, -3.807246685028076e-06, 1.524444341659546, 1.0766088962554932e-06, 2.0638108253479004e-06, 1.5880743265151978, -4.889443516731262e-07, 1.9371509552001953e-06, 0.5391389727592468, 0.3971846103668213, -0.45723286271095276, -0.07864373922348022, -1.3280659914016724e-06, -3.8817524909973145e-06, 0.6107519865036011, -6.705522537231445e-08, 9.723007678985596e-07, 0.6107372045516968, 0.13632488250732422, 0.009616285562515259, 0.08745457231998444, -3.8743019104003906e-07, -2.7939677238464355e-07, 0.5533831119537354, -1.7881393432617188e-06, 6.735324859619141e-06, 0.9564059972763062, 5.185604095458984e-06, -4.172325134277344e-06, 0.8709108829498291, -0.13923820853233337, 0.0007462799549102783, 0.11133337765932083, 5.21540641784668e-07, 1.0132789611816406e-06, 0.5475771427154541, 1.4901161193847656e-07, -2.913177013397217e-06, 0.9591915011405945, 1.7881393432617188e-06, 6.638467311859131e-06, 0.8301166296005249, 0.002913190983235836, -0.010364480316638947, 0.4211159348487854, -1.7136335372924805e-07, 3.427267074584961e-07, 0.3642217516899109, 0.010769844055175781, -0.40210023522377014, 0.6909176707267761, -0.010769638232886791, 0.4020955264568329, 0.21377810835838318, -0.14152199029922485, 0.4226130247116089, -0.3258933424949646, 4.947185516357422e-06, 6.020069122314453e-06, 1.510115623474121, -1.259148120880127e-06, -3.635883331298828e-06, 1.666260004043579, -1.189298927783966e-06, 1.3373792171478271e-05, 0.49865347146987915, -0.25566214323043823, 0.21568290889263153, 0.4045448303222656, 5.602836608886719e-06, -3.777444362640381e-06, 1.5244441032409668, 1.0207295417785645e-06, 1.9371509552001953e-06, 1.5880743265151978, -5.504116415977478e-07, 2.0042061805725098e-06, 0.5391390323638916, 0.3971846103668213, -0.45723339915275574, -0.078643798828125, -1.2069940567016602e-06, -3.6954879760742188e-06, 0.6107513904571533, 0.0, 9.387731552124023e-07, 0.6107369065284729, 0.13632488250732422, 0.009616300463676453, 0.08745519816875458, -2.9802322387695312e-08, 1.0058283805847168e-07, 0.5533827543258667, -2.0265579223632812e-06, 6.496906280517578e-06, 0.9564062356948853, 5.21540641784668e-06, -4.231929779052734e-06, 0.8709108829498291, -0.13923820853233337, 0.0007459763437509537, 0.11133478581905365, 2.682209014892578e-07, -4.76837158203125e-07, 0.5475769639015198, 7.450580596923828e-08, -2.7008354663848877e-06, 0.9591912627220154, 1.8328428268432617e-06, 7.167458534240723e-06, 0.8301167488098145, 0.002913147211074829, -0.010364958085119724, 0.42111736536026, -2.738088369369507e-07, -7.078051567077637e-08, 0.36422139406204224, 0.010769933462142944, -0.4020996391773224, 0.6909180879592896, -0.010769467800855637, 0.4020959734916687, 0.2137785106897354, -0.14152221381664276, 0.42261365056037903, -0.3258930742740631, 5.125999450683594e-06, 6.064772605895996e-06, 1.5101159811019897, -9.98377799987793e-07, -3.5762786865234375e-06, 1.6662601232528687, -1.0207295417785645e-06, 1.3403594493865967e-05, 0.49865370988845825, -0.2556625008583069, 0.21568360924720764, 0.4045451283454895, 5.751848220825195e-06, -3.933906555175781e-06, 1.5244442224502563, 9.872019290924072e-07, 2.0116567611694336e-06, 1.5880742073059082, -4.6566128730773926e-07, 1.9669532775878906e-06, 0.539138913154602, 0.39718446135520935, -0.4572327435016632, -0.07864345610141754, -1.2442469596862793e-06, -3.732740879058838e-06, 0.6107513904571533, 0.0, 9.350478649139404e-07, 0.6107378005981445, 0.1363249123096466, 0.009616613388061523, 0.08745408058166504, -2.9802322387695312e-08, 1.2833625078201294e-06, 0.5533831119537354, -2.205371856689453e-06, 6.854534149169922e-06, 0.9564054608345032, 5.185604095458984e-06, -4.172325134277344e-06, 0.8709108829498291, -0.1392381489276886, 0.0007464997470378876, 0.11133342981338501, 2.60770320892334e-07, -3.2782554626464844e-07, 0.5475770235061646, 2.682209014892578e-07, -2.738088369369507e-06, 0.9591909646987915, 1.7583370208740234e-06, 7.227063179016113e-06, 0.8301169872283936, 0.002913188189268112, -0.010364379733800888, 0.4211161434650421, -2.1513551473617554e-07, 2.7776695787906647e-07, 0.36422106623649597, 0.01076996698975563, -0.40209969878196716, 0.6909181475639343, -0.010769538581371307, 0.40209639072418213, 0.2137782871723175, -0.14152196049690247, 0.4226137697696686, -0.325893372297287, 5.036592483520508e-06, 6.16908073425293e-06, 1.510115623474121, -9.313225746154785e-07, -3.5241246223449707e-06, 1.6662601232528687, -1.27498060464859e-06, 1.3381242752075195e-05, 0.4986536502838135, -0.25566205382347107, 0.21568334102630615, 0.40454480051994324, 5.841255187988281e-06, -3.732740879058838e-06, 1.524444580078125, 1.0021030902862549e-06, 2.034008502960205e-06, 1.5880740880966187, -5.755573511123657e-07, 1.9669532775878906e-06, 0.5391390323638916, 0.3971848785877228, -0.4572330713272095, -0.078643798828125, -1.2442469596862793e-06, -3.7401914596557617e-06, 0.6107518076896667, -1.4901161193847656e-08, 1.0281801223754883e-06, 0.6107372045516968, 0.1363248974084854, 0.009616568684577942, 0.08745503425598145, -5.364418029785156e-07, 1.4528632164001465e-06, 0.5533831119537354, -1.2516975402832031e-06, 6.4373016357421875e-06, 0.9564048647880554, 5.7220458984375e-06, -3.993511199951172e-06, 0.8709109425544739, -0.13923820853233337, 0.0007458580657839775, 0.11133510619401932, 3.129243850708008e-07, 6.407499313354492e-07, 0.5475771427154541, 9.5367431640625e-07, -2.6281923055648804e-06, 0.9591913223266602, 1.8775463104248047e-06, 6.845220923423767e-06, 0.8301162719726562, 0.0029131732881069183, -0.010364359244704247, 0.42111650109291077, -2.3422762751579285e-07, 9.906943887472153e-08, 0.3642226457595825, 0.010769881308078766, -0.4020993113517761, 0.6909178495407104, -0.010769583284854889, 0.4020964503288269, 0.21377874910831451, -0.1415220946073532, 0.42261382937431335, -0.3258931636810303, 5.0067901611328125e-06, 5.900859832763672e-06, 1.5101157426834106, -1.1026859283447266e-06, -3.471970558166504e-06, 1.6662602424621582, -1.125037670135498e-06, 1.3269484043121338e-05, 0.498653769493103, -0.25566214323043823, 0.21568353474140167, 0.40454497933387756, 5.781650543212891e-06, -3.8780272006988525e-06, 1.524444341659546, 9.57399606704712e-07, 1.9371509552001953e-06, 1.5880738496780396, -4.0046870708465576e-07, 1.952052116394043e-06, 0.539138913154602, 0.39718449115753174, -0.4572324752807617, -0.07864360511302948, -1.214444637298584e-06, -3.896653652191162e-06, 0.6107522249221802, 7.450580596923828e-09, 9.685754776000977e-07, 0.6107368469238281, 0.13632488250732422, 0.00961659848690033, 0.08745414018630981, -3.2782554626464844e-07, 8.568167686462402e-08, 0.5533829927444458, -1.6093254089355469e-06, 6.16908073425293e-06, 0.9564047455787659, 5.185604095458984e-06, -4.231929779052734e-06, 0.8709107041358948, -0.13923822343349457, 0.0007459837943315506, 0.11133439093828201, 4.917383193969727e-07, 1.1175870895385742e-06, 0.5475772023200989, -2.682209014892578e-07, -3.0333176255226135e-06, 0.9591903686523438, 1.8477439880371094e-06, 6.601214408874512e-06, 0.830116868019104, 0.002913147211074829, -0.010364627465605736, 0.42111608386039734, -2.0675361156463623e-07, 1.2526288628578186e-07, 0.3642213046550751, 0.010769948363304138, -0.4021000862121582, 0.6909171342849731, -0.010769546031951904, 0.40209609270095825, 0.2137778103351593, -0.1415219008922577, 0.42261314392089844, -0.3258931636810303, 5.066394805908203e-06, 5.856156349182129e-06, 1.510115623474121, -1.0207295417785645e-06, -3.3974647521972656e-06, 1.6662598848342896, -1.044943928718567e-06, 1.3329088687896729e-05, 0.4986536204814911, -0.25566211342811584, 0.21568314731121063, 0.4045448899269104, 5.714595317840576e-06, -3.825873136520386e-06, 1.5244441032409668, 9.126961231231689e-07, 1.9744038581848145e-06, 1.5880744457244873, -4.908069968223572e-07, 2.0191073417663574e-06, 0.5391388535499573, 0.3971845209598541, -0.45723262429237366, -0.07864357531070709, -1.2442469596862793e-06, -3.8370490074157715e-06, 0.6107519865036011, -4.470348358154297e-08, 7.003545761108398e-07, 0.6107375025749207, 0.136324942111969, 0.00961717963218689, 0.08745381981134415, -5.066394805908203e-07, 4.386529326438904e-07, 0.5533829927444458, -1.3113021850585938e-06, 6.139278411865234e-06, 0.9564047455787659, 5.304813385009766e-06, -4.231929779052734e-06, 0.8709108233451843, -0.1392381638288498, 0.0007465723901987076, 0.11133355647325516, 2.9802322387695312e-08, -2.8312206268310547e-07, 0.5475771427154541, 8.642673492431641e-07, -2.596527338027954e-06, 0.9591912031173706, 1.8849968910217285e-06, 6.9122761487960815e-06, 0.8301162123680115, 0.0029131919145584106, -0.01036410965025425, 0.42111584544181824, -2.1792948246002197e-07, -1.0058283805847168e-07, 0.3642222285270691, 0.010769868269562721, -0.4020994305610657, 0.6909170150756836, -0.010769687592983246, 0.402096688747406, 0.2137775868177414, -0.14152202010154724, 0.42261338233947754, -0.32589322328567505, 5.0067901611328125e-06, 5.9157609939575195e-06, 1.510115385055542, -7.972121238708496e-07, -3.546476364135742e-06, 1.6662602424621582, -1.0188668966293335e-06, 1.3224780559539795e-05, 0.4986536204814911, -0.2556619644165039, 0.2156832069158554, 0.4045448899269104, 5.714595317840576e-06, -3.941357135772705e-06, 1.5244439840316772, 8.828938007354736e-07, 2.0191073417663574e-06, 1.588073968887329, -4.1816383600234985e-07, 2.0116567611694336e-06, 0.5391389727592468, 0.3971843421459198, -0.45723259449005127, -0.07864360511302948, -1.1771917343139648e-06, -3.866851329803467e-06, 0.6107523441314697, 7.450580596923828e-09, 1.0915100574493408e-06, 0.6107369661331177, 0.136324942111969, 0.009616553783416748, 0.08745479583740234, -7.152557373046875e-07, 6.745103746652603e-07, 0.5533831119537354, -1.3113021850585938e-06, 6.198883056640625e-06, 0.9564039707183838, 5.662441253662109e-06, -3.933906555175781e-06, 0.8709114193916321, -0.1392381489276886, 0.0007462329231202602, 0.11133381724357605, 2.086162567138672e-07, 3.725290298461914e-07, 0.5475770235061646, 2.3096799850463867e-07, -2.9150396585464478e-06, 0.9591907262802124, 1.773238182067871e-06, 6.996095180511475e-06, 0.8301166296005249, 0.0029132217168807983, -0.010364411398768425, 0.42111602425575256, -1.564621925354004e-07, 3.213062882423401e-07, 0.3642207980155945, 0.010769937187433243, -0.4021008014678955, 0.6909174919128418, -0.010769590735435486, 0.4020957350730896, 0.21377785503864288, -0.14152197539806366, 0.422613263130188, -0.3258931636810303, 5.0961971282958984e-06, 6.109476089477539e-06, 1.510115623474121, -1.0058283805847168e-06, -3.375113010406494e-06, 1.6662598848342896, -1.2628734111785889e-06, 1.3299286365509033e-05, 0.4986535310745239, -0.2556621730327606, 0.21568313241004944, 0.40454497933387756, 5.7443976402282715e-06, -3.855675458908081e-06, 1.5244439840316772, 9.201467037200928e-07, 1.9669532775878906e-06, 1.5880742073059082, -4.5727938413619995e-07, 1.9818544387817383e-06, 0.5391389727592468, 0.3971846401691437, -0.457233190536499, -0.0786435455083847, -1.214444637298584e-06, -3.732740879058838e-06, 0.6107516288757324, -9.685754776000977e-08, 8.828938007354736e-07, 0.6107372641563416, 0.13632485270500183, 0.00961601734161377, 0.08745510876178741, -1.1920928955078125e-07, 1.1810334399342537e-06, 0.5533831119537354, -1.8477439880371094e-06, 6.616115570068359e-06, 0.9564048051834106, 5.4836273193359375e-06, -4.291534423828125e-06, 0.8709105849266052, -0.13923826813697815, 0.0007456624880433083, 0.11133454740047455, 4.6193599700927734e-07, 8.642673492431641e-07, 0.547576904296875, 9.760260581970215e-07, -2.588145434856415e-06, 0.9591913819313049, 1.8477439880371094e-06, 6.988644599914551e-06, 0.830116868019104, 0.0029131025075912476, -0.0103645920753479, 0.4211156964302063, -1.6763806343078613e-07, 1.6763806343078613e-08, 0.3642219007015228, 0.010769837535917759, -0.4020998477935791, 0.6909173727035522, -0.010769583284854889, 0.40209585428237915, 0.21377795934677124, -0.14152203500270844, 0.4226134121417999, -0.3258931636810303, 4.976987838745117e-06, 6.109476089477539e-06, 1.510115385055542, -8.046627044677734e-07, -3.516674041748047e-06, 1.6662601232528687, -1.2209638953208923e-06, 1.3381242752075195e-05, 0.4986536204814911, -0.25566235184669495, 0.2156834900379181, 0.4045449495315552, 5.751848220825195e-06, -3.937631845474243e-06, 1.5244442224502563, 1.0207295417785645e-06, 1.9669532775878906e-06, 1.5880740880966187, -5.159527063369751e-07, 1.9744038581848145e-06, 0.5391390323638916, 0.39718472957611084, -0.4572332203388214, -0.07864362001419067, -1.2814998626708984e-06, -3.807246685028076e-06, 0.6107514500617981, -6.705522537231445e-08, 1.1436641216278076e-06, 0.6107370853424072, 0.136324942111969, 0.009616859257221222, 0.08745331317186356, -1.1920928955078125e-07, -6.609479896724224e-08, 0.553382933139801, -1.9073486328125e-06, 6.3478946685791016e-06, 0.956405758857727, 5.4836273193359375e-06, -3.874301910400391e-06, 0.8709108233451843, -0.1392381191253662, 0.0007462929934263229, 0.11133293062448502, 3.0547380447387695e-07, 1.9371509552001953e-07, 0.5475771427154541, 2.1606683731079102e-07, -2.9299408197402954e-06, 0.9591901898384094, 1.7955899238586426e-06, 6.988644599914551e-06, 0.8301168084144592, 0.0029132217168807983, -0.010364646092057228, 0.4211157560348511, -1.4901161193847656e-07, 8.102506399154663e-08, 0.36422106623649597, 0.010769886896014214, -0.4020994007587433, 0.69091796875, -0.010769523680210114, 0.40209585428237915, 0.2137792855501175, -0.14152178168296814, 0.42261338233947754, -0.32589322328567505, 5.185604095458984e-06, 6.183981895446777e-06, 1.5101155042648315, -1.0281801223754883e-06, -3.4868717193603516e-06, 1.6662601232528687, -1.1669471859931946e-06, 1.3388693332672119e-05, 0.4986535906791687, -0.2556619942188263, 0.21568351984024048, 0.4045448899269104, 5.662441253662109e-06, -3.7811696529388428e-06, 1.524444341659546, 1.0561197996139526e-06, 1.9371509552001953e-06, 1.5880742073059082, -5.522742867469788e-07, 1.959502696990967e-06, 0.5391389727592468, 0.3971845209598541, -0.4572322964668274, -0.07864362001419067, -1.30385160446167e-06, -3.814697265625e-06, 0.6107527017593384, 0.0, 1.080334186553955e-06, 0.6107374429702759, 0.1363249123096466, 0.009616173803806305, 0.08745542168617249, -5.662441253662109e-07, 1.6693957149982452e-06, 0.5533830523490906, -1.6093254089355469e-06, 6.3478946685791016e-06, 0.9564047455787659, 5.424022674560547e-06, -3.814697265625e-06, 0.8709105253219604, -0.1392381638288498, 0.0007460990455001593, 0.11133434623479843, 3.427267074584961e-07, 3.5762786865234375e-07, 0.5475770831108093, 7.003545761108398e-07, -2.7259811758995056e-06, 0.9591917395591736, 1.8775463104248047e-06, 6.502494215965271e-06, 0.8301165699958801, 0.0029131919145584106, -0.01036451943218708, 0.4211164712905884, -2.8312206268310547e-07, 2.5797635316848755e-07, 0.36422199010849, 0.010769933462142944, -0.40209922194480896, 0.6909170150756836, -0.010769538581371307, 0.4020967185497284, 0.21377764642238617, -0.14152204990386963, 0.4226134419441223, -0.32589325308799744, 5.0961971282958984e-06, 6.109476089477539e-06, 1.510115623474121, -1.080334186553955e-06, -3.5390257835388184e-06, 1.6662598848342896, -1.0486692190170288e-06, 1.3470649719238281e-05, 0.4986535608768463, -0.255662202835083, 0.21568316221237183, 0.4045448899269104, 5.766749382019043e-06, -3.866851329803467e-06, 1.5244441032409668, 1.0337680578231812e-06, 1.914799213409424e-06, 1.5880742073059082, -4.870817065238953e-07, 1.959502696990967e-06, 0.539138913154602, 0.39718466997146606, -0.4572330117225647, -0.07864364981651306, -1.2367963790893555e-06, -3.777444362640381e-06, 0.6107521653175354, -1.564621925354004e-07, 9.350478649139404e-07, 0.6107370257377625, 0.136324942111969, 0.009616345167160034, 0.08745449781417847, -2.384185791015625e-07, 1.3585668057203293e-07, 0.553382933139801, -1.8477439880371094e-06, 6.288290023803711e-06, 0.9564051628112793, 5.424022674560547e-06, -3.993511199951172e-06, 0.8709111213684082, -0.1392381340265274, 0.0007461966015398502, 0.11133415251970291, 6.92903995513916e-07, 5.21540641784668e-07, 0.5475771427154541, 2.60770320892334e-07, -2.8279609978199005e-06, 0.9591906666755676, 1.8030405044555664e-06, 7.057562470436096e-06, 0.8301170468330383, 0.0029132068157196045, -0.010364562273025513, 0.4211159646511078, -2.2724270820617676e-07, 3.259629011154175e-07, 0.3642212450504303, 0.010769937187433243, -0.40210020542144775, 0.6909186244010925, -0.010769523680210114, 0.402095764875412, 0.21377907693386078, -0.1415218710899353, 0.4226131737232208, -0.3258932828903198, 5.125999450683594e-06, 5.841255187988281e-06, 1.5101157426834106, -8.940696716308594e-07, -3.598630428314209e-06, 1.666260004043579, -1.1418014764785767e-06, 1.3381242752075195e-05, 0.4986538290977478, -0.25566211342811584, 0.21568338572978973, 0.40454480051994324, 5.736947059631348e-06, -3.863126039505005e-06, 1.5244439840316772, 9.98377799987793e-07, 1.9297003746032715e-06, 1.5880742073059082, -4.1443854570388794e-07, 1.952052116394043e-06, 0.5391389727592468, 0.3971846401691437, -0.45723286271095276, -0.07864369451999664, -1.3113021850585938e-06, -3.859400749206543e-06, 0.6107527613639832, -5.960464477539063e-08, 7.413327693939209e-07, 0.6107368469238281, 0.13632503151893616, 0.009616516530513763, 0.0874553844332695, -3.2782554626464844e-07, 7.935450412333012e-07, 0.5533831119537354, -1.8477439880371094e-06, 6.496906280517578e-06, 0.9564058780670166, 5.245208740234375e-06, -4.0531158447265625e-06, 0.8709105253219604, -0.13923802971839905, 0.0007463183719664812, 0.1113346666097641, 2.384185791015625e-07, 5.811452865600586e-07, 0.5475770831108093, -7.450580596923828e-08, -3.0044466257095337e-06, 0.9591907262802124, 1.8328428268432617e-06, 7.020309567451477e-06, 0.8301167488098145, 0.002913348376750946, -0.010364353656768799, 0.42111676931381226, -1.9744038581848145e-07, 2.4586915969848633e-07, 0.3642207384109497, 0.010769907385110855, -0.40209993720054626, 0.6909171342849731, -0.010769523680210114, 0.40209531784057617, 0.2137783169746399, -0.14152202010154724, 0.4226137101650238, -0.3258931040763855, 5.036592483520508e-06, 6.377696990966797e-06, 1.5101152658462524, -9.015202522277832e-07, -3.56137752532959e-06, 1.6662601232528687, -1.1622905731201172e-06, 1.3433396816253662e-05, 0.4986536502838135, -0.2556622326374054, 0.2156836837530136, 0.40454500913619995, 5.81890344619751e-06, -3.874301910400391e-06, 1.5244439840316772, 1.0151416063308716e-06, 1.9818544387817383e-06, 1.5880742073059082, -5.038455128669739e-07, 1.944601535797119e-06, 0.539138913154602, 0.3971844017505646, -0.4572325050830841, -0.07864351570606232, -1.1920928955078125e-06, -3.829598426818848e-06, 0.6107521057128906, -6.705522537231445e-08, 8.344650268554688e-07, 0.6107373237609863, 0.1363249123096466, 0.009616337716579437, 0.08745455741882324, -7.152557373046875e-07, 1.2881937436759472e-06, 0.5533831119537354, -1.7881393432617188e-06, 6.407499313354492e-06, 0.956405520439148, 5.245208740234375e-06, -3.814697265625e-06, 0.8709110617637634, -0.139238178730011, 0.0007457996252924204, 0.111334428191185, 4.917383193969727e-07, 7.301568984985352e-07, 0.5475771427154541, 8.195638656616211e-08, -2.7706846594810486e-06, 0.9591907858848572, 1.8402934074401855e-06, 6.845220923423767e-06, 0.8301169872283936, 0.0029131919145584106, -0.010364511981606483, 0.4211159944534302, -2.5704503059387207e-07, -3.3993273973464966e-07, 0.36422157287597656, 0.010769929736852646, -0.40209972858428955, 0.6909171938896179, -0.010769553482532501, 0.40209585428237915, 0.21377822756767273, -0.1415218710899353, 0.42261335253715515, -0.3258932828903198, 5.125999450683594e-06, 5.826354026794434e-06, 1.5101157426834106, -8.717179298400879e-07, -3.635883331298828e-06, 1.6662598848342896, -1.1259689927101135e-06, 1.3485550880432129e-05, 0.4986536502838135, -0.25566208362579346, 0.2156832218170166, 0.40454480051994324, 5.781650543212891e-06, -3.896653652191162e-06, 1.5244442224502563, 9.629875421524048e-07, 1.948326826095581e-06, 1.5880743265151978, -5.19677996635437e-07, 1.944601535797119e-06, 0.539138913154602, 0.3971841037273407, -0.4572322964668274, -0.07864360511302948, -1.3113021850585938e-06, -3.844499588012695e-06, 0.6107518076896667, -3.725290298461914e-08, 1.2032687664031982e-06, 0.6107368469238281, 0.136324942111969, 0.009616374969482422, 0.08745468407869339, -5.960464477539062e-07, 1.0612784535624087e-06, 0.5533831715583801, -1.4901161193847656e-06, 6.198883056640625e-06, 0.9564043879508972, 5.543231964111328e-06, -4.0531158447265625e-06, 0.8709110021591187, -0.1392381638288498, 0.0007460261695086956, 0.11133459955453873, 3.3527612686157227e-07, -1.9371509552001953e-07, 0.5475772023200989, 3.7997961044311523e-07, -2.744607627391815e-06, 0.9591912031173706, 1.8328428268432617e-06, 6.8908557295799255e-06, 0.830116868019104, 0.0029131919145584106, -0.010364649817347527, 0.4211166799068451, -1.7881393432617188e-07, 2.169981598854065e-07, 0.36422139406204224, 0.01076999306678772, -0.4021003544330597, 0.6909187436103821, -0.010769516229629517, 0.4020955264568329, 0.21377894282341003, -0.14152230322360992, 0.422613263130188, -0.32589325308799744, 5.036592483520508e-06, 6.020069122314453e-06, 1.5101152658462524, -8.642673492431641e-07, -3.6582350730895996e-06, 1.6662602424621582, -1.2498348951339722e-06, 1.3381242752075195e-05, 0.4986535310745239, -0.25566235184669495, 0.2156831920146942, 0.40454480051994324, 5.796551704406738e-06, -3.851950168609619e-06, 1.5244442224502563, 1.0933727025985718e-06, 1.8849968910217285e-06, 1.5880744457244873, -4.4889748096466064e-07, 1.9818544387817383e-06, 0.539138913154602, 0.39718395471572876, -0.45723238587379456, -0.07864364981651306, -1.2367963790893555e-06, -3.7550926208496094e-06, 0.6107520461082458, 7.450580596923828e-09, 8.009374141693115e-07, 0.6107369661331177, 0.1363249123096466, 0.009616203606128693, 0.08745419979095459, -7.450580596923828e-07, 7.861526682972908e-07, 0.5533829927444458, -1.6093254089355469e-06, 5.8710575103759766e-06, 0.9564043879508972, 5.364418029785156e-06, -4.351139068603516e-06, 0.8709108829498291, -0.1392381638288498, 0.0007459172047674656, 0.11133355647325516, 4.842877388000488e-07, 7.599592208862305e-07, 0.5475770831108093, 1.9371509552001953e-07, -2.971850335597992e-06, 0.9591904878616333, 1.8328428268432617e-06, 6.971880793571472e-06, 0.8301172256469727, 0.0029132068157196045, -0.010364511981606483, 0.4211156964302063, -1.862645149230957e-07, 4.284083843231201e-08, 0.36422091722488403, 0.010769912973046303, -0.40209969878196716, 0.6909171938896179, -0.0107695572078228, 0.40209606289863586, 0.21377791464328766, -0.14152179658412933, 0.4226132035255432, -0.3258933126926422, 5.0067901611328125e-06, 6.16908073425293e-06, 1.510115623474121, -1.1473894119262695e-06, -3.345310688018799e-06, 1.666260004043579, -1.1110678315162659e-06, 1.3403594493865967e-05, 0.4986536204814911, -0.25566190481185913, 0.2156830132007599, 0.40454477071762085, 5.930662155151367e-06, -3.7550926208496094e-06, 1.5244441032409668, 1.016072928905487e-06, 1.9222497940063477e-06, 1.5880744457244873, -5.094334483146667e-07, 1.9818544387817383e-06, 0.5391388535499573, 0.39718449115753174, -0.4572327733039856, -0.07864367961883545, -1.2367963790893555e-06, -3.7550926208496094e-06, 0.6107511520385742, -1.2665987014770508e-07, 9.98377799987793e-07, 0.6107366681098938, 0.13632482290267944, 0.009616076946258545, 0.08745469152927399, -3.2782554626464844e-07, 1.3369135558605194e-06, 0.5533829927444458, -1.5497207641601562e-06, 6.22868537902832e-06, 0.9564045071601868, 5.304813385009766e-06, -4.172325134277344e-06, 0.8709110021591187, -0.13923825323581696, 0.0007463367655873299, 0.11133340001106262, -1.043081283569336e-07, -1.341104507446289e-07, 0.5475767850875854, 8.046627044677734e-07, -2.7241185307502747e-06, 0.9591915011405945, 1.8700957298278809e-06, 7.102265954017639e-06, 0.8301169872283936, 0.00291307270526886, -0.010364929214119911, 0.42111629247665405, -1.341104507446289e-07, -3.25031578540802e-07, 0.36422252655029297, 0.010769996792078018, -0.40209972858428955, 0.6909180283546448, -0.01076953113079071, 0.4020965099334717, 0.21377843618392944, -0.14152178168296814, 0.4226132035255432, -0.3258931338787079, 4.827976226806641e-06, 6.243586540222168e-06, 1.510115385055542, -9.08970832824707e-07, -3.553926944732666e-06, 1.6662602424621582, -1.085922122001648e-06, 1.3478100299835205e-05, 0.49865370988845825, -0.25566205382347107, 0.2156830132007599, 0.4045449495315552, 5.856156349182129e-06, -3.769993782043457e-06, 1.5244442224502563, 9.480863809585571e-07, 1.8961727619171143e-06, 1.5880744457244873, -4.4517219066619873e-07, 1.9371509552001953e-06, 0.5391390323638916, 0.3971844017505646, -0.4572327733039856, -0.07864350080490112, -1.2367963790893555e-06, -3.7550926208496094e-06, 0.6107514500617981, 2.2351741790771484e-08, 9.872019290924072e-07, 0.6107372045516968, 0.13632488250732422, 0.009616300463676453, 0.08745487034320831, -5.960464477539062e-07, 8.102506399154663e-07, 0.5533831119537354, -1.430511474609375e-06, 6.0498714447021484e-06, 0.9564054012298584, 5.245208740234375e-06, -4.172325134277344e-06, 0.870911180973053, -0.13923822343349457, 0.0007457784377038479, 0.111334890127182, 1.7881393432617188e-07, 2.5331974029541016e-07, 0.5475768446922302, 5.21540641784668e-08, -2.8489157557487488e-06, 0.9591907262802124, 1.8477439880371094e-06, 6.847083568572998e-06, 0.8301171064376831, 0.002913154661655426, -0.01036514900624752, 0.42111724615097046, -1.9371509552001953e-07, 9.406358003616333e-08, 0.36422112584114075, 0.010769883170723915, -0.40210095047950745, 0.6909181475639343, -0.010769585147500038, 0.402095228433609, 0.2137782871723175, -0.1415221244096756, 0.42261314392089844, -0.3258932828903198, 5.066394805908203e-06, 5.945563316345215e-06, 1.510115623474121, -9.08970832824707e-07, -3.6284327507019043e-06, 1.6662601232528687, -1.296401023864746e-06, 1.3388693332672119e-05, 0.49865370988845825, -0.25566238164901733, 0.21568305790424347, 0.404544860124588, 5.796551704406738e-06, -3.7178397178649902e-06, 1.5244439840316772, 1.02166086435318e-06, 1.944601535797119e-06, 1.5880744457244873, -4.3213367462158203e-07, 1.952052116394043e-06, 0.5391390323638916, 0.39718422293663025, -0.45723292231559753, -0.07864359021186829, -1.2814998626708984e-06, -3.6954879760742188e-06, 0.6107521057128906, -4.470348358154297e-08, 9.126961231231689e-07, 0.6107372045516968, 0.13632488250732422, 0.009616062045097351, 0.08745577186346054, -3.5762786865234375e-07, 9.378418326377869e-07, 0.5533828735351562, -1.6093254089355469e-06, 6.377696990966797e-06, 0.9564058184623718, 5.304813385009766e-06, -4.172325134277344e-06, 0.8709107041358948, -0.13923822343349457, 0.0007456382736563683, 0.11133494973182678, 2.2351741790771484e-08, 1.7881393432617188e-07, 0.5475769639015198, 1.1175870895385742e-07, -2.896413207054138e-06, 0.9591904878616333, 1.8477439880371094e-06, 7.027760148048401e-06, 0.8301167488098145, 0.0029131323099136353, -0.010364973917603493, 0.42111703753471375, -1.4901161193847656e-07, 2.3283064365386963e-08, 0.3642216622829437, 0.01076996885240078, -0.40210095047950745, 0.6909182667732239, -0.010769575834274292, 0.4020957052707672, 0.2137780636548996, -0.14152191579341888, 0.42261356115341187, -0.32589343190193176, 5.036592483520508e-06, 6.0498714447021484e-06, 1.510115623474121, -1.0356307029724121e-06, -3.6284327507019043e-06, 1.666260004043579, -1.1315569281578064e-06, 1.3373792171478271e-05, 0.49865370988845825, -0.25566205382347107, 0.21568337082862854, 0.4045447111129761, 5.841255187988281e-06, -3.7476420402526855e-06, 1.5244441032409668, 8.87550413608551e-07, 1.9632279872894287e-06, 1.5880742073059082, -4.7124922275543213e-07, 1.9073486328125e-06, 0.5391389727592468, 0.39718419313430786, -0.4572322964668274, -0.07864375412464142, -1.2218952178955078e-06, -3.7401914596557617e-06, 0.6107516288757324, -3.725290298461914e-08, 8.940696716308594e-07, 0.6107377409934998, 0.136324942111969, 0.009616322815418243, 0.08745501935482025, -6.854534149169922e-07, 1.2023374438285828e-06, 0.5533831119537354, -1.3709068298339844e-06, 6.109476089477539e-06, 0.9564051628112793, 5.245208740234375e-06, -3.7550926208496094e-06, 0.8709112405776978, -0.1392381191253662, 0.0007466757670044899, 0.11133335530757904, 1.341104507446289e-07, -1.2218952178955078e-06, 0.547576904296875, 4.3958425521850586e-07, -2.748332917690277e-06, 0.9591909050941467, 1.8253922462463379e-06, 6.804242730140686e-06, 0.8301172852516174, 0.002913251519203186, -0.010364359244704247, 0.4211159348487854, -1.993030309677124e-07, -2.3283064365386963e-08, 0.3642220199108124, 0.010769933462142944, -0.4021003842353821, 0.6909180283546448, -0.010769530199468136, 0.40209516882896423, 0.21377897262573242]
    q (float, 9408):  [-0.4762400686740875, -0.22142887115478516, 0.8143185377120972, 0.2470829337835312, -0.5239993333816528, 0.5166120529174805, 0.4938910901546478, 0.4632583558559418, -0.372234582901001, -0.031573161482810974, -0.16545599699020386, 0.9127260446548462, 0.5309106707572937, -0.013534903526306152, 0.11776677519083023, 0.8390957713127136, 0.3235086500644684, -0.01001411210745573, 0.03589409962296486, 0.9454911351203918, -0.5056732892990112, 0.06456620246171951, 0.6156104207038879, 0.6009571552276611, -0.37338313460350037, -0.02004082128405571, -0.02583109214901924, 0.9271010160446167, 0.6047409772872925, 0.10437687486410141, -0.15441684424877167, 0.7743057012557983, 0.3712683320045471, -0.02686261013150215, -0.029872020706534386, 0.9276561737060547, 0.34833475947380066, 0.664644181728363, -0.17583711445331573, 0.6371752619743347, -0.09867847710847855, 0.0250034611672163, -0.08021258562803268, 0.9915661215782166, -0.09811136871576309, 0.02737373299896717, -0.0840163305401802, 0.9912447333335876, -0.5201050043106079, 0.5347698926925659, -0.42770785093307495, 0.5104684233665466, -0.5098605155944824, -0.07639645040035248, -0.037527959793806076, 0.8560359477996826, 0.148404061794281, -0.4286361038684845, -0.0342574343085289, 0.8905469179153442, 0.01550921518355608, -0.06429444253444672, -0.24822376668453217, 0.9664422869682312, -0.5645308494567871, -0.5199436545372009, 0.38331758975982666, 0.5138396620750427, -0.5145319700241089, -0.13263633847236633, 0.06271439790725708, 0.8448262214660645, 0.09885828197002411, 0.37892505526542664, -0.06778761744499207, 0.9176316261291504, -0.17094898223876953, 0.28665533661842346, 0.1533983200788498, 0.9300936460494995, 0.050933465361595154, 0.006561108399182558, 0.009052171371877193, 0.9986394643783569, -0.13881300389766693, 0.057186309248209, -0.1634032279253006, 0.9750692844390869, 0.2634436786174774, 0.005610660649836063, -0.0017617992125451565, 0.9646568298339844, -0.5149354338645935, -0.013791892677545547, 1.037678671877984e-07, 0.8571180105209351, -0.475985586643219, -0.22136202454566956, 0.8144973516464233, 0.24704378843307495, -0.5239748358726501, 0.5165497064590454, 0.4939406216144562, 0.46330270171165466, -0.3722545802593231, -0.03135492652654648, -0.16512402892112732, 0.9127855896949768, 0.5309427976608276, -0.013684258796274662, 0.11784453690052032, 0.8390620946884155, 0.3235108256340027, -0.010014498606324196, 0.035894136875867844, 0.9454904198646545, -0.5055667161941528, 0.06474824249744415, 0.6155014038085938, 0.6011388897895813, -0.3733994960784912, -0.020243404433131218, -0.025534164160490036, 0.9270982146263123, 0.604693591594696, 0.1044044941663742, -0.1544332206249237, 0.7743356823921204, 0.3712703287601471, -0.026861118152737617, -0.029882201924920082, 0.927655041217804, 0.3483538031578064, 0.6646671295166016, -0.17583370208740234, 0.6371419429779053, -0.09863734245300293, 0.025088924914598465, -0.08022276312112808, 0.9915671944618225, -0.09806551784276962, 0.02744075283408165, -0.08402404189109802, 0.99124675989151, -0.5201207399368286, 0.5347421169281006, -0.4277050495147705, 0.5104839205741882, -0.5097715258598328, -0.07635447382926941, -0.03755088895559311, 0.8560916781425476, 0.14842835068702698, -0.4287160336971283, -0.0343070849776268, 0.8905024528503418, 0.015461960807442665, -0.06431087106466293, -0.24822357296943665, 0.9664419889450073, -0.5646028518676758, -0.5198944807052612, 0.3832094669342041, 0.5138908624649048, -0.5144895315170288, -0.13253115117549896, 0.06276598572731018, 0.8448647260665894, 0.09872818738222122, 0.37868326902389526, -0.06770305335521698, 0.9177516102790833, -0.17067910730838776, 0.28639286756515503, 0.1534465253353119, 0.9302160739898682, 0.05110457167029381, 0.006638101302087307, 0.009142009541392326, 0.9986293911933899, -0.13904932141304016, 0.05740995705127716, -0.16379417479038239, 0.9749568700790405, 0.26344624161720276, 0.005605377722531557, -0.001767316716723144, 0.9646561741828918, -0.5149354934692383, -0.013791901059448719, 1.0268129102541934e-07, 0.8571180105209351, -0.4747411012649536, -0.22102469205856323, 0.8154102563858032, 0.24672873318195343, -0.5237719416618347, 0.5163041353225708, 0.49415335059165955, 0.46357908844947815, -0.37230315804481506, -0.030333897098898888, -0.16349543631076813, 0.9130933880805969, 0.5310952663421631, -0.014391264878213406, 0.11819152534008026, 0.8389049768447876, 0.32352063059806824, -0.010016671381890774, 0.035894282162189484, 0.9454870223999023, -0.505008339881897, 0.06580954790115356, 0.6149570941925049, 0.6020494103431702, -0.37347620725631714, -0.021286556497216225, -0.024201883003115654, 0.9270796775817871, 0.6044272780418396, 0.10462185740470886, -0.15455438196659088, 0.7744901180267334, 0.3712625205516815, -0.026917893439531326, -0.029899053275585175, 0.9276559948921204, 0.3485027849674225, 0.6647250056266785, -0.17576126754283905, 0.6370201110839844, -0.09844447672367096, 0.025450797751545906, -0.0800728127360344, 0.9915893077850342, -0.097849041223526, 0.027722548693418503, -0.08386564254760742, 0.9912737607955933, -0.5202507972717285, 0.5346381068229675, -0.4276222884654999, 0.510529637336731, -0.5094304084777832, -0.07601340115070343, -0.03774341568350792, 0.8563165664672852, 0.1485469937324524, -0.4291558265686035, -0.03449080511927605, 0.8902636766433716, 0.015170447528362274, -0.06447802484035492, -0.24816739559173584, 0.9664499163627625, -0.564885139465332, -0.5195990204811096, 0.38282790780067444, 0.5141639113426208, -0.5144386887550354, -0.13190294802188873, 0.06283530592918396, 0.8449888825416565, 0.09812463074922562, 0.37715214490890503, -0.0673801377415657, 0.9184703230857849, -0.16964688897132874, 0.28475120663642883, 0.1540617048740387, 0.9308070540428162, 0.05185466632246971, 0.007232025731354952, 0.009250547736883163, 0.9985856413841248, -0.14011205732822418, 0.05900998041033745, -0.16613008081912994, 0.9743137359619141, 0.26346555352211, 0.0055713229812681675, -0.0018016115063801408, 0.9646510481834412, -0.5149354934692383, -0.013791928999125957, 7.87766509802168e-08, 0.8571180105209351, -0.47389787435531616, -0.22074179351329803, 0.8161131143569946, 0.24627883732318878, -0.5233402848243713, 0.5160791277885437, 0.49423491954803467, 0.46422961354255676, -0.3726002275943756, -0.02922014705836773, -0.1621626764535904, 0.9132461547851562, 0.5313631892204285, -0.015085640363395214, 0.11848565191030502, 0.8386815786361694, 0.3235292136669159, -0.010020330548286438, 0.035895757377147675, 0.9454839825630188, -0.5045892000198364, 0.06690801680088043, 0.614375650882721, 0.6028727293014526, -0.3737232983112335, -0.022408658638596535, -0.02334044687449932, 0.9269757270812988, 0.6042589545249939, 0.1050015538930893, -0.1547490656375885, 0.7745311856269836, 0.37127071619033813, -0.027062958106398582, -0.029864031821489334, 0.9276496171951294, 0.3488028049468994, 0.6645907163619995, -0.17547044157981873, 0.6370761394500732, -0.09840492159128189, 0.025573359802365303, -0.07921905070543289, 0.991658627986908, -0.09777551144361496, 0.02780981920659542, -0.08302124589681625, 0.9913496375083923, -0.5203421711921692, 0.5345481038093567, -0.42757293581962585, 0.5105720162391663, -0.5093368887901306, -0.07565709948539734, -0.037931762635707855, 0.856395423412323, 0.1487819403409958, -0.42980584502220154, -0.0345461331307888, 0.8899086713790894, 0.01462162658572197, -0.06466972082853317, -0.24799944460391998, 0.9664886593818665, -0.565089225769043, -0.5194084644317627, 0.38254544138908386, 0.5143423676490784, -0.5143614411354065, -0.1312752515077591, 0.0626392811536789, 0.8451482057571411, 0.09769771248102188, 0.3755027651786804, -0.0672193244099617, 0.9192031621932983, -0.1694088727235794, 0.28263768553733826, 0.15488258004188538, 0.9313580989837646, 0.052688583731651306, 0.008021563291549683, 0.008494565263390541, 0.9985426664352417, -0.14110060036182404, 0.06206357479095459, -0.1695513129234314, 0.9733915328979492, 0.2635011076927185, 0.005519747268408537, -0.0018528595101088285, 0.9646415114402771, -0.5149355530738831, -0.013791941106319427, 7.443036054155527e-08, 0.8571179509162903, -0.47355541586875916, -0.22049474716186523, 0.8165597915649414, 0.24567747116088867, -0.5226297378540039, 0.5158893465995789, 0.49415621161460876, 0.46532362699508667, -0.3732736110687256, -0.027876337990164757, -0.1611386239528656, 0.9131944179534912, 0.53176349401474, -0.015850987285375595, 0.11875046044588089, 0.8383762240409851, 0.32353758811950684, -0.010026366449892521, 0.03590022400021553, 0.9454808831214905, -0.5043978095054626, 0.06802794337272644, 0.6137617826461792, 0.6035326719284058, -0.3741452395915985, -0.02363281324505806, -0.023114297538995743, 0.9267807602882385, 0.6042412519454956, 0.10556275397539139, -0.15496055781841278, 0.7744264602661133, 0.3712772727012634, -0.027197297662496567, -0.029853373765945435, 0.9276434183120728, 0.34924623370170593, 0.6642508506774902, -0.175026535987854, 0.637309730052948, -0.09844742715358734, 0.025378020480275154, -0.07774359732866287, 0.9917762279510498, -0.09778343141078949, 0.027647696435451508, -0.08157970011234283, 0.9914730191230774, -0.5201276540756226, 0.5342809557914734, -0.42783379554748535, 0.5108516216278076, -0.5097029209136963, -0.07545489072799683, -0.03810612112283707, 0.8561877608299255, 0.14911137521266937, -0.43048280477523804, -0.034809861332178116, 0.8895159363746643, 0.01500184927135706, -0.06440781056880951, -0.24801130592823029, 0.9664973020553589, -0.5654400587081909, -0.5192775726318359, 0.38203421235084534, 0.5144689679145813, -0.5136536955833435, -0.13113291561603546, 0.06281185895204544, 0.8455877900123596, 0.09705545008182526, 0.3744538724422455, -0.06671907007694244, 0.9197353720664978, -0.16904829442501068, 0.2807151675224304, 0.15505266189575195, 0.9319765567779541, 0.053548216819763184, 0.008744955062866211, 0.00745858671143651, 0.9984991550445557, -0.14188311994075775, 0.06622660905122757, -0.17391866445541382, 0.9722322225570679, 0.2635422646999359, 0.005457250401377678, -0.0019165320554748178, 0.9646305441856384, -0.5149356126785278, -0.01379192154854536, 9.75200720176872e-08, 0.8571179509162903, -0.47350379824638367, -0.22046226263046265, 0.8168250918388367, 0.24492312967777252, -0.521878182888031, 0.515904426574707, 0.4942392110824585, 0.46606165170669556, -0.3733879625797272, -0.027115866541862488, -0.16070622205734253, 0.9132468104362488, 0.5319234728813171, -0.01617732085287571, 0.11880140006542206, 0.8382612466812134, 0.3235516846179962, -0.010075359605252743, 0.03582940250635147, 0.9454782605171204, -0.5043140649795532, 0.06900792568922043, 0.6132311224937439, 0.604030430316925, -0.37432289123535156, -0.024930624291300774, -0.023363370448350906, 0.9266687631607056, 0.6041445136070251, 0.10620664805173874, -0.15521132946014404, 0.77436363697052, 0.37127870321273804, -0.027336720377206802, -0.0298471637070179, 0.9276389479637146, 0.3498183786869049, 0.6638408899307251, -0.1743694692850113, 0.6376031041145325, -0.09861114621162415, 0.025234287604689598, -0.07574830204248428, 0.9919179677963257, -0.09788607060909271, 0.02750612609088421, -0.07961777597665787, 0.9916263222694397, -0.5199683308601379, 0.5339475870132446, -0.4280620813369751, 0.5111709833145142, -0.5100378394126892, -0.07506655901670456, -0.03822063282132149, 0.8560173511505127, 0.14939570426940918, -0.43134805560112, -0.03464004769921303, 0.889055609703064, 0.014425141736865044, -0.06432174146175385, -0.24754463136196136, 0.9666314125061035, -0.5658843517303467, -0.5189140439033508, 0.38154110312461853, 0.5147131085395813, -0.513198733329773, -0.1305176317691803, 0.0626581460237503, 0.8459705710411072, 0.09635375440120697, 0.37264084815979004, -0.06669003516435623, 0.9205472469329834, -0.16845791041851044, 0.2788212299346924, 0.15549087524414062, 0.9325788617134094, 0.05479346960783005, 0.009493311867117882, 0.006292595062404871, 0.9984327554702759, -0.1419757604598999, 0.07122667878866196, -0.18045324087142944, 0.970673143863678, 0.26357680559158325, 0.0053911032155156136, -0.0019917888566851616, 0.9646212458610535, -0.5149356126785278, -0.01379191130399704, 9.045733406765066e-08, 0.8571178913116455, -0.4735698699951172, -0.22052262723445892, 0.817051887512207, 0.24398279190063477, -0.5210574865341187, 0.5159811973571777, 0.4944688379764557, 0.46665096282958984, -0.3729565739631653, -0.026613770052790642, -0.16045598685741425, 0.9134818315505981, 0.5318267345428467, -0.0162959024310112, 0.11873528361320496, 0.8383297324180603, 0.32356950640678406, -0.010142992250621319, 0.035708021372556686, 0.9454759955406189, -0.5042428970336914, 0.06999373435974121, 0.6127030849456787, 0.6045122146606445, -0.374176949262619, -0.02626180648803711, -0.02382994070649147, 0.9266790747642517, 0.6038926839828491, 0.10680650919675827, -0.15541070699691772, 0.7744376063346863, 0.3713308572769165, -0.027508141472935677, -0.029821570962667465, 0.9276137948036194, 0.35044869780540466, 0.663401186466217, -0.17363494634628296, 0.6379149556159973, -0.09878045320510864, 0.02511380985379219, -0.07354317605495453, 0.9920701384544373, -0.09795640408992767, 0.02739814482629299, -0.07746224105358124, 0.9917930960655212, -0.5198432803153992, 0.5334681868553162, -0.42833295464515686, 0.5115717649459839, -0.5105639100074768, -0.07469415664672852, -0.03832097351551056, 0.855731725692749, 0.14948448538780212, -0.4317452311515808, -0.034816719591617584, 0.8888409733772278, 0.014551385305821896, -0.06401806324720383, -0.2474297732114792, 0.9666790962219238, -0.5663584470748901, -0.5183537602424622, 0.381054550409317, 0.5151164531707764, -0.5128645300865173, -0.12959343194961548, 0.06223544478416443, 0.8463464379310608, 0.09569282829761505, 0.37059032917022705, -0.06687258183956146, 0.9214302897453308, -0.1686730533838272, 0.27648285031318665, 0.1559637486934662, 0.9331569671630859, 0.05660642683506012, 0.010285367257893085, 0.0032250462099909782, 0.9983384013175964, -0.14006131887435913, 0.07974031567573547, -0.19154196977615356, 0.9681611061096191, 0.2636033892631531, 0.00527837872505188, -0.002116975374519825, 0.9646143913269043, -0.5149356126785278, -0.013791919685900211, 9.290212688028987e-08, 0.8571178913116455, -0.47359752655029297, -0.22061938047409058, 0.8173503279685974, 0.24283930659294128, -0.520039975643158, 0.5158277750015259, 0.49477168917655945, 0.46763351559638977, -0.3725067377090454, -0.025801988318562508, -0.1597937047481537, 0.9138046503067017, 0.531697154045105, -0.016502205282449722, 0.11872220784425735, 0.8384097814559937, 0.3235771358013153, -0.010181518271565437, 0.03563200309872627, 0.9454758167266846, -0.5039097666740417, 0.07114176452159882, 0.6122130751609802, 0.6051520109176636, -0.374026894569397, -0.027523856610059738, -0.024350309744477272, 0.9266895055770874, 0.6035283207893372, 0.10741698741912842, -0.1556480973958969, 0.7745895385742188, 0.3713439702987671, -0.02763097546994686, -0.02980160154402256, 0.9276055693626404, 0.35116225481033325, 0.6629735827445984, -0.17294710874557495, 0.6381539106369019, -0.09868518263101578, 0.02510814741253853, -0.07131661474704742, 0.9922423362731934, -0.09776226431131363, 0.027406353503465652, -0.0752870962023735, 0.9919794797897339, -0.5195282697677612, 0.5327968597412109, -0.4289369285106659, 0.5120850801467896, -0.5116888284683228, -0.0741729885339737, -0.038381900638341904, 0.8551021814346313, 0.14943575859069824, -0.43154609203338623, -0.03541197255253792, 0.8889223337173462, 0.015203073620796204, -0.06378550827503204, -0.24783490598201752, 0.9665806293487549, -0.5670711398124695, -0.5176718235015869, 0.3803821802139282, 0.5155149698257446, -0.5125529170036316, -0.12880587577819824, 0.062182601541280746, 0.846659243106842, 0.09537482261657715, 0.3689802289009094, -0.0670381635427475, 0.9220971465110779, -0.1684030145406723, 0.2749614417552948, 0.15598303079605103, 0.9336519241333008, 0.05991508439183235, 0.01188250258564949, -0.001726090325973928, 0.998131275177002, -0.13639190793037415, 0.09116962552070618, -0.2092921882867813, 0.9639928340911865, 0.26362407207489014, 0.005117971450090408, -0.0023005048278719187, 0.9646092057228088, -0.5149357318878174, -0.0137919457629323, 6.899748683508733e-08, 0.8571178913116455, -0.47307324409484863, -0.22103381156921387, 0.8178889155387878, 0.24166829884052277, -0.5192368626594543, 0.5154409408569336, 0.49543485045433044, 0.4682498574256897, -0.3717878758907318, -0.025399794802069664, -0.15865975618362427, 0.9143061637878418, 0.5316430926322937, -0.01653590425848961, 0.11861506849527359, 0.8384585380554199, 0.3236132562160492, -0.010349634103477001, 0.035381220281124115, 0.9454710483551025, -0.503128707408905, 0.07196333259344101, 0.611797034740448, 0.606124758720398, -0.3737541139125824, -0.028937770053744316, -0.02400713600218296, 0.9267654418945312, 0.6031336188316345, 0.10806836932897568, -0.15595953166484833, 0.7747436165809631, 0.37119799852371216, -0.0276710856705904, -0.029957637190818787, 0.9276577830314636, 0.35184192657470703, 0.6627104878425598, -0.1722681224346161, 0.6382364630699158, -0.09855077415704727, 0.025473421439528465, -0.0693422183394432, 0.9923862814903259, -0.09744551032781601, 0.027726229280233383, -0.0733606219291687, 0.9921460747718811, -0.5190508961677551, 0.5322204828262329, -0.4298219382762909, 0.5124262571334839, -0.5126627683639526, -0.07445193827152252, -0.03824756294488907, 0.854500412940979, 0.14888504147529602, -0.4301140308380127, -0.03703087195754051, 0.889642596244812, 0.014912356622517109, -0.06311305612325668, -0.2491808533668518, 0.9662832617759705, -0.5681547522544861, -0.516606867313385, 0.37930479645729065, 0.5161834955215454, -0.5124810338020325, -0.12823118269443512, 0.062083277851343155, 0.8467972874641418, 0.09447726607322693, 0.36678698658943176, -0.06745269149541855, 0.9230338931083679, -0.16815288364887238, 0.27360162138938904, 0.15592211484909058, 0.9341065883636475, 0.06434260308742523, 0.01396030094474554, -0.008391776122152805, 0.9977949261665344, -0.13241104781627655, 0.10286010056734085, -0.23034094274044037, 0.9585562944412231, 0.2636547386646271, 0.004939865320920944, -0.0025078188627958298, 0.9646012187004089, -0.5149357914924622, -0.013791989535093307, 3.803011594527561e-08, 0.8571178317070007, -0.4735827147960663, -0.22120021283626556, 0.8179490566253662, 0.24031080305576324, -0.5181095004081726, 0.5153149366378784, 0.4957217276096344, 0.4693325459957123, -0.37127605080604553, -0.024796467274427414, -0.15849509835243225, 0.9145592451095581, 0.5315583944320679, -0.016583073884248734, 0.11851575970649719, 0.8385252952575684, 0.32361921668052673, -0.010405417531728745, 0.035298801958560944, 0.9454715251922607, -0.503125011920929, 0.07286542654037476, 0.6113601922988892, 0.6064606308937073, -0.3732284903526306, -0.030317362397909164, -0.025128675624728203, 0.9269034266471863, 0.6027153134346008, 0.10891048610210419, -0.15633493661880493, 0.7748755812644958, 0.37126654386520386, -0.027906889095902443, -0.029891112819314003, 0.9276254177093506, 0.3524283468723297, 0.6623314023017883, -0.1716425120830536, 0.6384748816490173, -0.0985899493098259, 0.02542196959257126, -0.06737219542264938, 0.9925194382667542, -0.09721288084983826, 0.027662957087159157, -0.07147600501775742, 0.9923082590103149, -0.5197224617004395, 0.5318982601165771, -0.4295365810394287, 0.5123194456100464, -0.5120180249214172, -0.07444072514772415, -0.03859846293926239, 0.8548721075057983, 0.14804169535636902, -0.4294053316116333, -0.038022082298994064, 0.8900837302207947, 0.014866144396364689, -0.06231488287448883, -0.24933019280433655, 0.9662972688674927, -0.5686294436454773, -0.5154916644096375, 0.37901076674461365, 0.516991138458252, -0.5125976800918579, -0.12657035887241364, 0.06178605183959007, 0.8469982743263245, 0.0925559476017952, 0.3631315231323242, -0.06630203127861023, 0.9247556328773499, -0.1688481718301773, 0.27211663126945496, 0.1578546017408371, 0.9340903759002686, 0.06862197816371918, 0.01543826051056385, -0.015367978252470493, 0.997404932975769, -0.12904706597328186, 0.1137363612651825, -0.24970699846744537, 0.9529204368591309, 0.26368165016174316, 0.004789914935827255, -0.0026907629799097776, 0.9645941257476807, -0.5149357914924622, -0.013792010024189949, 2.9880805385573694e-08, 0.8571178317070007, -0.474765807390213, -0.22115550935268402, 0.8176637291908264, 0.23898471891880035, -0.5168672204017639, 0.5152269601821899, 0.49566078186035156, 0.47086089849472046, -0.3712064027786255, -0.02378031238913536, -0.15891464054584503, 0.9145416617393494, 0.5316488742828369, -0.016850577667355537, 0.11854204535484314, 0.8384589552879333, 0.3236011266708374, -0.010351146571338177, 0.035367973148822784, 0.945475697517395, -0.5038027763366699, 0.07383718341588974, 0.6109116077423096, 0.6062325835227966, -0.3726256787776947, -0.03172118216753006, -0.027164550498127937, 0.9270415306091309, 0.6023911833763123, 0.10989551991224289, -0.15675216913223267, 0.7749043107032776, 0.37120577692985535, -0.02811872772872448, -0.029992589727044106, 0.9276400804519653, 0.35285043716430664, 0.66194087266922, -0.1710900217294693, 0.638795018196106, -0.0988137423992157, 0.025137485936284065, -0.0656387060880661, 0.992620587348938, -0.09718981385231018, 0.02740688994526863, -0.06980409473180771, 0.9924366474151611, -0.5200061798095703, 0.5323212742805481, -0.4298025965690613, 0.5113682150840759, -0.5107664465904236, -0.07556728273630142, -0.03887416794896126, 0.8555092215538025, 0.14703986048698425, -0.4289964437484741, -0.038772065192461014, 0.8904145359992981, 0.015205133706331253, -0.06174545735120773, -0.24871736764907837, 0.966486394405365, -0.569298505783081, -0.514772891998291, 0.3784710764884949, 0.5173662304878235, -0.5122535228729248, -0.12489873170852661, 0.06181762367486954, 0.8474522233009338, 0.09105569869279861, 0.35906070470809937, -0.06581328809261322, 0.9265273213386536, -0.16835133731365204, 0.2727791965007782, 0.158665731549263, 0.9338493347167969, 0.07332926988601685, 0.016719723120331764, -0.01952243596315384, 0.9969764947891235, -0.12616273760795593, 0.12369804084300995, -0.26936399936676025, 0.9466915130615234, 0.2637135982513428, 0.0046653104946017265, -0.002863481407985091, 0.964585542678833, -0.5149358510971069, -0.013792037963867188, 1.3853829194943046e-08, 0.857117772102356, -0.4761013090610504, -0.2211485505104065, 0.8171766996383667, 0.23799817264080048, -0.5157909393310547, 0.5146620273590088, 0.495552122592926, 0.47276920080184937, -0.3715789318084717, -0.022162236273288727, -0.15927332639694214, 0.9143686294555664, 0.5319070219993591, -0.01754787378013134, 0.11878317594528198, 0.8382467031478882, 0.3235032856464386, -0.010218559764325619, 0.03552183508872986, 0.9455048441886902, -0.5046330094337463, 0.07450813055038452, 0.6104289293289185, 0.6059459447860718, -0.3724142611026764, -0.0331716351211071, -0.029117072001099586, 0.9270164370536804, 0.6023120284080505, 0.11080218106508255, -0.15711624920368195, 0.7747629284858704, 0.3711470067501068, -0.02823876589536667, -0.030311444774270058, 0.9276495575904846, 0.3530111312866211, 0.6616628766059875, -0.17063714563846588, 0.6391153335571289, -0.09931247681379318, 0.0248122476041317, -0.06444387137889862, 0.9926572442054749, -0.097379170358181, 0.02710420824587345, -0.06866710633039474, 0.992505669593811, -0.5188543200492859, 0.5326289534568787, -0.43150240182876587, 0.5107859969139099, -0.51031893491745, -0.0789201483130455, -0.03870249167084694, 0.8554813861846924, 0.14530707895755768, -0.42715197801589966, -0.03961097076535225, 0.8915480971336365, 0.014177927747368813, -0.06219358369708061, -0.24788539111614227, 0.966687023639679, -0.5706929564476013, -0.5139410495758057, 0.3769184947013855, 0.5177901387214661, -0.5113866329193115, -0.12438245117664337, 0.061947472393512726, 0.8480420112609863, 0.08981259167194366, 0.3552418053150177, -0.06556621193885803, 0.9281368851661682, -0.16692735254764557, 0.2739707827568054, 0.1590903401374817, 0.9336838722229004, 0.07774902880191803, 0.017757896333932877, -0.02191104181110859, 0.9965739846229553, -0.12296935170888901, 0.13345666229724884, -0.28888818621635437, 0.9400061368942261, 0.26374855637550354, 0.004549020901322365, -0.003034908091649413, 0.964576005935669, -0.5149358510971069, -0.013792031444609165, 8.149311447880336e-09, 0.857117772102356, -0.47936078906059265, -0.22128285467624664, 0.8155712485313416, 0.2368348240852356, -0.5139535069465637, 0.5121475458145142, 0.4952338635921478, 0.4778076708316803, -0.3732070326805115, -0.017327770590782166, -0.15942752361297607, 0.9137828946113586, 0.5323041081428528, -0.01986272633075714, 0.11985766142606735, 0.8377899527549744, 0.32333794236183167, -0.009980454109609127, 0.035825636237859726, 0.9455524682998657, -0.506287157535553, 0.07503552734851837, 0.6099609136581421, 0.604971706867218, -0.3727811276912689, -0.03487803786993027, -0.03322186321020126, 0.9266682863235474, 0.6024833917617798, 0.11241813004016876, -0.15786705911159515, 0.7742440700531006, 0.3711455464363098, -0.02832943946123123, -0.03041667863726616, 0.9276439547538757, 0.35311251878738403, 0.6612762212753296, -0.17022359371185303, 0.6395696401596069, -0.0999402329325676, 0.024123167619109154, -0.06314428150653839, 0.9926947355270386, -0.09765893965959549, 0.02650819532573223, -0.067462258040905, 0.9925769567489624, -0.5173945426940918, 0.5322728157043457, -0.43337976932525635, 0.5110484957695007, -0.5102255344390869, -0.08338139206171036, -0.03876839950680733, 0.8551108241081238, 0.14344638586044312, -0.4255859851837158, -0.04019049555063248, 0.8925718069076538, 0.012578636407852173, -0.06407275795936584, -0.24641844630241394, 0.9669614434242249, -0.572384774684906, -0.5128257274627686, 0.37496018409729004, 0.518450140953064, -0.5109416246414185, -0.12541382014751434, 0.062113866209983826, 0.8481462001800537, 0.08869946002960205, 0.3523295223712921, -0.06539087742567062, 0.9293655753135681, -0.16567876935005188, 0.27479860186576843, 0.15988978743553162, 0.9335263967514038, 0.08294765651226044, 0.018896235153079033, -0.024892475455999374, 0.996063768863678, -0.1208074614405632, 0.14202351868152618, -0.30650120973587036, 0.9334301948547363, 0.26378682255744934, 0.004439994692802429, -0.003191632917150855, 0.9645655155181885, -0.5149359703063965, -0.013792007230222225, 3.178231366973705e-08, 0.857117772102356, -0.4864334464073181, -0.22244565188884735, 0.8115450143814087, 0.2351493388414383, -0.5108221173286438, 0.5079184174537659, 0.49484795331954956, 0.486009418964386, -0.3760160803794861, -0.010815770365297794, -0.16158442199230194, 0.9123516082763672, 0.5326581001281738, -0.022681480273604393, 0.12120785564184189, 0.8372990489006042, 0.32271575927734375, -0.00987689383327961, 0.0355016253888607, 0.9457783102989197, -0.509361982345581, 0.07462632656097412, 0.6097913980484009, 0.6026074886322021, -0.3739398121833801, -0.03734487667679787, -0.0413961224257946, 0.9257757663726807, 0.6032537221908569, 0.11526209115982056, -0.15924771130084991, 0.772942304611206, 0.37114062905311584, -0.028942890465259552, -0.030736437067389488, 0.9276164174079895, 0.35334956645965576, 0.6606929302215576, -0.16961362957954407, 0.6402032971382141, -0.10076218098402023, 0.023113645613193512, -0.06101261079311371, 0.9927689433097839, -0.0980633795261383, 0.02564331702888012, -0.0654957965016365, 0.9926914572715759, -0.5169268250465393, 0.5315691232681274, -0.4341416656970978, 0.51160728931427, -0.5089214444160461, -0.08845687657594681, -0.03961222991347313, 0.8553392291069031, 0.14227934181690216, -0.4271826446056366, -0.04084872826933861, 0.8919658064842224, 0.008844171650707722, -0.06736532598733902, -0.2437116503715515, 0.9674649238586426, -0.574208676815033, -0.5114110112190247, 0.37278565764427185, 0.5193979740142822, -0.5106222629547119, -0.1294681429862976, 0.06257755309343338, 0.8476951122283936, 0.08726315200328827, 0.35345977544784546, -0.06417470425367355, 0.9291571378707886, -0.16520023345947266, 0.26980623602867126, 0.16020147502422333, 0.9350128173828125, 0.08825571835041046, 0.020281637087464333, -0.030074598267674446, 0.9954371452331543, -0.11940203607082367, 0.1486821323633194, -0.3205365538597107, 0.9278432130813599, 0.26381900906562805, 0.004343019332736731, -0.003318001050502062, 0.9645567536354065, -0.5149359107017517, -0.013791967183351517, 8.692598640891447e-08, 0.857117772102356, -0.49668124318122864, -0.22486653923988342, 0.8053685426712036, 0.23264634609222412, -0.5070160627365112, 0.5045596957206726, 0.4947108328342438, 0.49357420206069946, -0.3774094581604004, -0.007534325588494539, -0.16795925796031952, 0.9106563925743103, 0.5321310758590698, -0.023530520498752594, 0.12155706435441971, 0.8375599980354309, 0.3221169114112854, -0.009830995462834835, 0.035269591957330704, 0.9459916353225708, -0.513935923576355, 0.07312165200710297, 0.6100344657897949, 0.5986493825912476, -0.37417566776275635, -0.040391210466623306, -0.053557999432086945, 0.9249284863471985, 0.6038498282432556, 0.11921390891075134, -0.1612364798784256, 0.7714636921882629, 0.3711731731891632, -0.029719721525907516, -0.031009020283818245, 0.9275698065757751, 0.35364219546318054, 0.6603862643241882, -0.16916730999946594, 0.6404761672019958, -0.10108219087123871, 0.022809335961937904, -0.059221889823675156, 0.9928519129753113, -0.09813959151506424, 0.025313807651400566, -0.06389375030994415, 0.992796778678894, -0.5167128443717957, 0.530664324760437, -0.43450266122817993, 0.5124557018280029, -0.507717490196228, -0.09392781555652618, -0.04047717526555061, 0.8554309606552124, 0.14279396831989288, -0.43196722865104675, -0.040215153247117996, 0.889604926109314, 0.004000299610197544, -0.07215186953544617, -0.24001961946487427, 0.9680747389793396, -0.5755055546760559, -0.5108888745307922, 0.37129759788513184, 0.5195422172546387, -0.5107204914093018, -0.1324131041765213, 0.06262730807065964, 0.8471772074699402, 0.08420765399932861, 0.350700706243515, -0.06251204013824463, 0.9305967688560486, -0.16439767181873322, 0.265347957611084, 0.1618824005126953, 0.9361399412155151, 0.09196651726961136, 0.019868865609169006, -0.03530358523130417, 0.9949377179145813, -0.11789565533399582, 0.15389278531074524, -0.3312906324863434, 0.9233981370925903, 0.26383015513420105, 0.004289328586310148, -0.003400071756914258, 0.9645536541938782, -0.5149359107017517, -0.013791881501674652, 6.35646273394741e-08, 0.857117772102356, -0.5098772644996643, -0.22807888686656952, 0.7970566153526306, 0.22957788407802582, -0.5028261542320251, 0.5022391080856323, 0.49469149112701416, 0.5002020001411438, -0.377401202917099, -0.007206019479781389, -0.17845693230628967, 0.9086636304855347, 0.5308789014816284, -0.02262129634618759, 0.1210186779499054, 0.8384571671485901, 0.32189512252807617, -0.009794479236006737, 0.03518742695450783, 0.9460705518722534, -0.5204455256462097, 0.0704752579331398, 0.6106083393096924, 0.5927285552024841, -0.3728051483631134, -0.04336898401379585, -0.06969259679317474, 0.924271821975708, 0.604031503200531, 0.12379154562950134, -0.16361895203590393, 0.7700976729393005, 0.37128329277038574, -0.030616572126746178, -0.031307466328144073, 0.9274864792823792, 0.3534931540489197, 0.6604980230331421, -0.169265016913414, 0.6404173374176025, -0.10111885517835617, 0.022885644808411598, -0.059014078229665756, 0.9928588271141052, -0.09810482710599899, 0.02530396357178688, -0.06386125087738037, 0.9928025007247925, -0.5146727561950684, 0.5301112532615662, -0.4367375373840332, 0.5131807327270508, -0.5082400441169739, -0.10311280936002731, -0.04048951715230942, 0.8540611267089844, 0.1431232988834381, -0.43604332208633423, -0.03847721219062805, 0.8876381516456604, 0.0013875209260731936, -0.0766621083021164, -0.23536038398742676, 0.968878984451294, -0.5773409605026245, -0.5105589628219604, 0.36902788281440735, 0.5194472074508667, -0.5118225812911987, -0.13667967915534973, 0.062309667468070984, 0.8458568453788757, 0.08053923398256302, 0.3444923460483551, -0.06300940364599228, 0.9332032203674316, -0.16128596663475037, 0.26414787769317627, 0.16445991396903992, 0.9365712404251099, 0.09478548169136047, 0.018358614295721054, -0.03740904852747917, 0.9946252107620239, -0.11626647412776947, 0.15732577443122864, -0.3395357131958008, 0.920025110244751, 0.26381823420524597, 0.0042783888056874275, -0.003444481175392866, 0.9645568132400513, -0.5149358510971069, -0.013791895471513271, 9.072899587181382e-08, 0.857117772102356, -0.5246235728263855, -0.23188574612140656, 0.7875089049339294, 0.22545267641544342, -0.4975726008415222, 0.5000002980232239, 0.494912326335907, 0.5074278712272644, -0.3769243359565735, -0.008078815415501595, -0.1905277520418167, 0.9064005613327026, 0.5291937589645386, -0.02079949527978897, 0.12005770951509476, 0.8397068381309509, 0.3216647505760193, -0.009806412272155285, 0.03498849645256996, 0.9461561441421509, -0.527283251285553, 0.06816308945417404, 0.6113709211349487, 0.5861329436302185, -0.37097930908203125, -0.04665569216012955, -0.08855671435594559, 0.9232309460639954, 0.603847861289978, 0.12883885204792023, -0.16617141664028168, 0.7688663005828857, 0.37131667137145996, -0.031982503831386566, -0.0319996103644371, 0.9274033904075623, 0.353263258934021, 0.660682201385498, -0.16960932314395905, 0.6402630805969238, -0.10084962099790573, 0.02291782945394516, -0.05925523862242699, 0.992871105670929, -0.09784852713346481, 0.025279728695750237, -0.064236119389534, 0.9928042888641357, -0.5113731622695923, 0.5301223397254944, -0.4403756856918335, 0.5133587718009949, -0.5099403262138367, -0.11076053977012634, -0.04134128987789154, 0.8520469069480896, 0.14307968318462372, -0.44096365571022034, -0.03731592372059822, 0.8852608799934387, -0.0015996979782357812, -0.08074569702148438, -0.23013067245483398, 0.9698027968406677, -0.5795415639877319, -0.5107532739639282, 0.36626899242401123, 0.5187579393386841, -0.5125753879547119, -0.1413472443819046, 0.06193956360220909, 0.844660222530365, 0.07743438333272934, 0.34129956364631653, -0.06474048644304276, 0.9345197677612305, -0.15757928788661957, 0.26275572180747986, 0.165474995970726, 0.9374146461486816, 0.09719923138618469, 0.016230590641498566, -0.03862916678190231, 0.9943825602531433, -0.11515815556049347, 0.1612975299358368, -0.3467610478401184, 0.9167761206626892, 0.2638093829154968, 0.004270175937563181, -0.003485793247818947, 0.9645590782165527, -0.5149359703063965, -0.013791983015835285, 9.887830998422942e-08, 0.857117772102356, -0.5409148931503296, -0.2366151511669159, 0.7763767838478088, 0.2205980122089386, -0.4916354715824127, 0.49541717767715454, 0.49593982100486755, 0.5166236162185669, -0.3764144480228424, -0.007838589139282703, -0.20272602140903473, 0.9039651155471802, 0.5271986722946167, -0.019491737708449364, 0.11934112012386322, 0.8410941362380981, 0.32158398628234863, -0.00962869357317686, 0.035261787474155426, 0.9461752772331238, -0.5348447561264038, 0.06380004435777664, 0.6117475628852844, 0.5793406367301941, -0.368193656206131, -0.045347534120082855, -0.09293495118618011, 0.9239805936813354, 0.6106188893318176, 0.12372764199972153, -0.16411246359348297, 0.7647896409034729, 0.3673645257949829, -0.031727638095617294, -0.035560328513383865, 0.928855299949646, 0.3526551425457001, 0.6611967086791992, -0.1701544225215912, 0.6399224400520325, -0.10058676451444626, 0.02327434904873371, -0.06074083223938942, 0.9927996397018433, -0.09743817895650864, 0.025480126962065697, -0.06592348963022232, 0.9927289485931396, -0.5066165328025818, 0.5303140878677368, -0.44553354382514954, 0.5134262442588806, -0.5134717226028442, -0.11847838014364243, -0.042094506323337555, 0.8488449454307556, 0.14219222962856293, -0.44383367896080017, -0.03717704489827156, 0.8839744925498962, -0.002423379570245743, -0.08445174247026443, -0.22621721029281616, 0.9704059958457947, -0.581780195236206, -0.5112484693527222, 0.3634330630302429, 0.5177578926086426, -0.514077365398407, -0.1454710215330124, 0.06256324052810669, 0.8429996371269226, 0.07813030481338501, 0.34076058864593506, -0.06306444108486176, 0.9347730875015259, -0.15716519951820374, 0.25830551981925964, 0.16770242154598236, 0.9383247494697571, 0.09963695704936981, 0.014175225980579853, -0.0389690175652504, 0.994159460067749, -0.11440222710371017, 0.1648705154657364, -0.3527710735797882, 0.9139378666877747, 0.2637794315814972, 0.004227383527904749, -0.00354441674426198, 0.964567244052887, -0.5149364471435547, -0.01379213947802782, -5.2698894137392926e-08, 0.8571174740791321, -0.5584706664085388, -0.2415710985660553, 0.7639452219009399, 0.21480612456798553, -0.48472318053245544, 0.48977091908454895, 0.49692535400390625, 0.5274782180786133, -0.37624409794807434, -0.007247607223689556, -0.21514324843883514, 0.9011666178703308, 0.5250119566917419, -0.018150292336940765, 0.11861743032932281, 0.8425929546356201, 0.32141241431236267, -0.009429552592337132, 0.03546188399195671, 0.9462280869483948, -0.543179452419281, 0.058726418763399124, 0.6114917993545532, 0.5723504424095154, -0.36472904682159424, -0.04015414044260979, -0.0871681347489357, 0.9261544942855835, 0.6226030588150024, 0.11044902354478836, -0.1584177315235138, 0.7583338618278503, 0.3617267310619354, -0.02854069136083126, -0.04061351343989372, 0.9309617280960083, 0.35206809639930725, 0.6616728901863098, -0.17095345258712769, 0.639540433883667, -0.09992386400699615, 0.02366025745868683, -0.06274566799402237, 0.99273282289505, -0.09665611386299133, 0.025651711970567703, -0.06811172515153885, 0.9926531910896301, -0.5011253952980042, 0.5316024422645569, -0.4516368508338928, 0.5121487975120544, -0.5182150602340698, -0.12585574388504028, -0.04202892631292343, 0.8448947072029114, 0.14063642919063568, -0.4442216157913208, -0.03679760918021202, 0.8840444087982178, -0.0066977087408304214, -0.08940813690423965, -0.2228986769914627, 0.9707098007202148, -0.5840838551521301, -0.5111596584320068, 0.3605046272277832, 0.5172991156578064, -0.5148710608482361, -0.1504187285900116, 0.06389772146940231, 0.8415456414222717, 0.07932667434215546, 0.34351441264152527, -0.06133086606860161, 0.933779239654541, -0.15722139179706573, 0.2547801733016968, 0.16824892163276672, 0.9391809105873108, 0.10199156403541565, 0.012319710105657578, -0.03928360342979431, 0.9939329624176025, -0.11375019699335098, 0.1685020923614502, -0.360754132270813, 0.910233199596405, 0.2637432813644409, 0.004178870934993029, -0.003613492473959923, 0.9645771384239197, -0.5149383544921875, -0.013793159276247025, -7.057315656311403e-07, 0.8571162819862366, -0.5777768492698669, -0.24685828387737274, 0.7495712637901306, 0.2082735300064087, -0.47669509053230286, 0.48423510789871216, 0.4979308545589447, 0.5388348698616028, -0.3763042688369751, -0.007968144491314888, -0.2295013666152954, 0.8975861072540283, 0.5223934650421143, -0.015930013731122017, 0.11746824532747269, 0.8444244265556335, 0.3209812343120575, -0.009584598243236542, 0.03488299995660782, 0.9463943839073181, -0.552520751953125, 0.05434146523475647, 0.6112530827522278, 0.5640368461608887, -0.3609234690666199, -0.0344330258667469, -0.08295507729053497, 0.9282602071762085, 0.6334310173988342, 0.0978010892868042, -0.153026282787323, 0.7521855235099792, 0.35941681265830994, -0.024249248206615448, -0.04507419094443321, 0.9317724108695984, 0.3512037694454193, 0.6623632311820984, -0.17209818959236145, 0.6389937996864319, -0.09904682636260986, 0.02406756766140461, -0.06570728868246078, 0.9926192760467529, -0.09575212746858597, 0.025872034952044487, -0.07116276025772095, 0.9925210475921631, -0.4968533217906952, 0.5339864492416382, -0.4566788971424103, 0.5093522071838379, -0.5215758085250854, -0.13238351047039032, -0.04111534729599953, 0.8418686985969543, 0.13841520249843597, -0.44322669506073, -0.03489471971988678, 0.884971022605896, -0.014565848745405674, -0.09223946183919907, -0.21852391958236694, 0.9713531732559204, -0.5859727263450623, -0.5099778771400452, 0.35812774300575256, 0.5179798007011414, -0.5164732933044434, -0.15626271069049835, 0.06498028337955475, 0.8394134640693665, 0.0804627537727356, 0.3464043140411377, -0.06198565661907196, 0.9325704574584961, -0.15586581826210022, 0.25409868359565735, 0.1677442193031311, 0.9396816492080688, 0.10414160788059235, 0.010019461624324322, -0.04013514518737793, 0.9937018752098083, -0.11330260336399078, 0.17204056680202484, -0.3692910671234131, 0.9061946272850037, 0.26369789242744446, 0.0041532390750944614, -0.003667232347652316, 0.9645894169807434, -0.514940619468689, -0.013794790022075176, -1.8433804598316783e-06, 0.857114851474762, -0.5996894240379333, -0.25303956866264343, 0.7322421073913574, 0.20041240751743317, -0.467024564743042, 0.477822870016098, 0.49944278597831726, 0.5514799952507019, -0.37636446952819824, -0.009843396954238415, -0.24625366926193237, 0.8930912613868713, 0.5189794301986694, -0.013030079193413258, 0.1160372719168663, 0.8467739224433899, 0.32085293531417847, -0.009877881966531277, 0.03431529924273491, 0.9464556574821472, -0.5627341270446777, 0.05066559836268425, 0.6114642024040222, 0.5539629459381104, -0.35671162605285645, -0.028700726106762886, -0.08219102770090103, 0.9301493167877197, 0.6420384049415588, 0.08737165480852127, -0.14892950654029846, 0.746975839138031, 0.35942450165748596, -0.021064063534140587, -0.04959440231323242, 0.931617259979248, 0.35008668899536133, 0.6633052825927734, -0.17356380820274353, 0.6382327675819397, -0.09779797494411469, 0.02451651357114315, -0.06944180279970169, 0.9924778342247009, -0.09463439881801605, 0.026058876886963844, -0.07502681016921997, 0.9923387765884399, -0.4947848916053772, 0.5376132130622864, -0.4597083628177643, 0.5048051476478577, -0.5223159193992615, -0.1368989646434784, -0.040146756917238235, 0.8407336473464966, 0.13576744496822357, -0.442460298538208, -0.030053265392780304, 0.8859418034553528, -0.017010198906064034, -0.0991666316986084, -0.21083691716194153, 0.9723293781280518, -0.5877364873886108, -0.508741021156311, 0.35584816336631775, 0.518768310546875, -0.5178569555282593, -0.16510216891765594, 0.06710100919008255, 0.8366975784301758, 0.08247572183609009, 0.35247930884361267, -0.06097477674484253, 0.9301818013191223, -0.1517016440629959, 0.251016229391098, 0.1680256426334381, 0.9411401748657227, 0.10623729974031448, 0.00801366288214922, -0.04028661921620369, 0.993492066860199, -0.11407001316547394, 0.17455074191093445, -0.3773765563964844, 0.9022788405418396, 0.26364830136299133, 0.004167892504483461, -0.0036891112104058266, 0.9646028280258179, -0.5149425864219666, -0.013796737417578697, -3.1614047202310758e-06, 0.8571136593818665, -0.6239241361618042, -0.26048246026039124, 0.7115817070007324, 0.19109949469566345, -0.45606470108032227, 0.4688149392604828, 0.5021275281906128, 0.5657609105110168, -0.37628528475761414, -0.011617365293204784, -0.2643834948539734, 0.8879052996635437, 0.5152125358581543, -0.01002288144081831, 0.11461742967367172, 0.8493046760559082, 0.32073381543159485, -0.010429827496409416, 0.03336549550294876, 0.9465240836143494, -0.5742804408073425, 0.04774126037955284, 0.6119698882102966, 0.5416786074638367, -0.3517722487449646, -0.024072030559182167, -0.08757370710372925, 0.931669294834137, 0.649641752243042, 0.07726194709539413, -0.145222008228302, 0.7422309517860413, 0.359760582447052, -0.018468327820301056, -0.05476783961057663, 0.9312527775764465, 0.34898215532302856, 0.6642627120018005, -0.17510776221752167, 0.6374196410179138, -0.09665276855230331, 0.025042161345481873, -0.07321996986865997, 0.9923053979873657, -0.0933915451169014, 0.026382649317383766, -0.0788690596818924, 0.9921500086784363, -0.4909266233444214, 0.5413395166397095, -0.4644944369792938, 0.5001875758171082, -0.5237299203872681, -0.14183831214904785, -0.04009836167097092, 0.8390358090400696, 0.13363423943519592, -0.44008302688598633, -0.030524246394634247, 0.8874329328536987, -0.02136165276169777, -0.10294757783412933, -0.20913752913475037, 0.9722175598144531, -0.5894794464111328, -0.5093318819999695, 0.3536461293697357, 0.5177156329154968, -0.5171910524368286, -0.1759064495563507, 0.07004306465387344, 0.8346642255783081, 0.08721213042736053, 0.3644922971725464, -0.057619985193014145, 0.9253212213516235, -0.14617666602134705, 0.24466398358345032, 0.16743601858615875, 0.9437886476516724, 0.10851287096738815, 0.0058878762647509575, -0.04082416743040085, 0.9932389855384827, -0.11704487353563309, 0.17771919071674347, -0.3845875561237335, 0.8982253670692444, 0.26364460587501526, 0.004136023577302694, -0.003739468054845929, 0.9646037817001343, -0.5149447917938232, -0.01379904244095087, -4.74510216008639e-06, 0.8571122884750366, -0.6503125429153442, -0.2692210376262665, 0.6871481537818909, 0.18011409044265747, -0.44365131855010986, 0.45735833048820496, 0.5059276223182678, 0.5814070105552673, -0.37574300169944763, -0.013690480031073093, -0.2843386232852936, 0.8819191455841064, 0.510819673538208, -0.006799351889640093, 0.11314838379621506, 0.8521822094917297, 0.32067662477493286, -0.011730949394404888, 0.0312640555202961, 0.9465999603271484, -0.5868369936943054, 0.04651254042983055, 0.6124212145805359, 0.527635395526886, -0.34750300645828247, -0.021102115511894226, -0.10050345957279205, 0.9320383071899414, 0.6569761633872986, 0.06658288091421127, -0.1412043273448944, 0.7375706434249878, 0.35969090461730957, -0.01800185814499855, -0.061698127537965775, 0.930855393409729, 0.3478739857673645, 0.6653918027877808, -0.17678950726985931, 0.6363826990127563, -0.09524904936552048, 0.025884971022605896, -0.07728933542966843, 0.9921108484268188, -0.09193985909223557, 0.027130110189318657, -0.08291678130626678, 0.9919353723526001, -0.4876743257045746, 0.5444108843803406, -0.46848925948143005, 0.49629470705986023, -0.5228617191314697, -0.14508047699928284, -0.042704615741968155, 0.838894248008728, 0.1305563896894455, -0.4415781497955322, -0.03342852368950844, 0.8870435953140259, -0.024455664679408073, -0.10398441553115845, -0.2050243765115738, 0.9729101657867432, -0.5904947519302368, -0.5080358386039734, 0.352405846118927, 0.5186769366264343, -0.5192448496818542, -0.187978133559227, 0.07291615754365921, 0.8305011987686157, 0.09079236537218094, 0.3739158809185028, -0.05716332048177719, 0.9212361574172974, -0.13861443102359772, 0.24280232191085815, 0.16681140661239624, 0.9455194473266602, 0.1102801039814949, 0.004398714751005173, -0.040877774357795715, 0.9930498600006104, -0.1206497922539711, 0.18008896708488464, -0.39103540778160095, 0.8944846987724304, 0.2636851966381073, 0.004096918739378452, -0.0037889413069933653, 0.9645926356315613, -0.5149471163749695, -0.013801706954836845, -6.571657650056295e-06, 0.857110857963562, -0.6782162189483643, -0.27872434258461, 0.6590167880058289, 0.1674289107322693, -0.4300884008407593, 0.44396448135375977, 0.510566771030426, 0.5976965427398682, -0.3745940029621124, -0.016691934317350388, -0.3064187467098236, 0.8749333024024963, 0.5056120753288269, -0.0035495057236403227, 0.11171869933605194, 0.8554898500442505, 0.32116928696632385, -0.013012506067752838, 0.029567178338766098, 0.9464706778526306, -0.6003748774528503, 0.04738924652338028, 0.6124439835548401, 0.512070894241333, -0.34369412064552307, -0.019584771245718002, -0.12165901809930801, 0.9309618473052979, 0.6635701656341553, 0.05596080422401428, -0.13706625998020172, 0.7333184480667114, 0.35946330428123474, -0.019421260803937912, -0.07020984590053558, 0.9303115606307983, 0.34699201583862305, 0.6665295958518982, -0.17833387851715088, 0.6352416276931763, -0.0937749519944191, 0.027100801467895508, -0.08085248619318008, 0.9919348359107971, -0.09031085669994354, 0.028217146173119545, -0.08647788316011429, 0.9917506575584412, -0.48347771167755127, 0.5476453304290771, -0.47340497374534607, 0.49216023087501526, -0.5219072699546814, -0.14945967495441437, -0.04668014496564865, 0.8385079503059387, 0.12692774832248688, -0.4431764483451843, -0.038410697132349014, 0.8865712881088257, -0.029621943831443787, -0.10892462730407715, -0.20121607184410095, 0.9730210900306702, -0.5917505025863647, -0.5062687397003174, 0.35075441002845764, 0.5200909972190857, -0.5209802389144897, -0.20124314725399017, 0.07490083575248718, 0.8261178731918335, 0.09344080090522766, 0.38257700204849243, -0.05497020483016968, 0.9175412654876709, -0.12752901017665863, 0.2355918437242508, 0.16989223659038544, 0.9483509063720703, 0.11203121393918991, 0.0028797034174203873, -0.041562777012586594, 0.9928309917449951, -0.12476618587970734, 0.1825203150510788, -0.3983784019947052, 0.8901766538619995, 0.26373767852783203, 0.004039129242300987, -0.003851881017908454, 0.9645782709121704, -0.5149492025375366, -0.013804510235786438, -8.493293535138946e-06, 0.857109546661377, -0.7074323892593384, -0.2880207896232605, 0.6269215941429138, 0.15346914529800415, -0.41522181034088135, 0.4301025867462158, 0.5153637528419495, 0.6140056252479553, -0.3735724091529846, -0.02140876092016697, -0.3317547142505646, 0.8659815788269043, 0.49971967935562134, 0.0004214573127683252, 0.11067976802587509, 0.8590867519378662, 0.3217719495296478, -0.014264130033552647, 0.02859351970255375, 0.9462778568267822, -0.6150180101394653, 0.051604580134153366, 0.6113377809524536, 0.4953342080116272, -0.3410906195640564, -0.019060414284467697, -0.15171223878860474, 0.9275113344192505, 0.6683069467544556, 0.04834470525383949, -0.13394948840141296, 0.7301275134086609, 0.3608551025390625, -0.022611064836382866, -0.07895182073116302, 0.9289988875389099, 0.3466574251651764, 0.6678177714347839, -0.18034657835960388, 0.6335008144378662, -0.09251930564641953, 0.028852170333266258, -0.08473916351795197, 0.9916788935661316, -0.08920492976903915, 0.030293002724647522, -0.08959708362817764, 0.9915125966072083, -0.48005691170692444, 0.551816463470459, -0.47728416323661804, 0.4870768189430237, -0.5198765993118286, -0.15262535214424133, -0.05059238523244858, 0.8389721512794495, 0.12518392503261566, -0.45033347606658936, -0.043995995074510574, 0.882945716381073, -0.036285582929849625, -0.10815068334341049, -0.19738738238811493, 0.9736658334732056, -0.5921144485473633, -0.5051259398460388, 0.35006406903266907, 0.5212517976760864, -0.5236309766769409, -0.21064543724060059, 0.07571890205144882, 0.822013258934021, 0.09238284826278687, 0.3846657872200012, -0.055411480367183685, 0.9167481660842896, -0.11757458746433258, 0.2308509796857834, 0.17048287391662598, 0.9506943225860596, 0.11428128182888031, 0.002485585166141391, -0.0425269715487957, 0.9925346374511719, -0.1282462626695633, 0.18201445043087006, -0.40570732951164246, 0.8864678144454956, 0.2640315592288971, 0.0036948814522475004, -0.003065129043534398, 0.9645021557807922, -0.5149510502815247, -0.013807632960379124, -1.0610247954900842e-05, 0.8571083545684814, -0.7350006103515625, -0.2961712181568146, 0.5936796069145203, 0.1400044560432434, -0.40193095803260803, 0.41775545477867126, 0.5203486084938049, 0.6270321011543274, -0.3699715733528137, -0.028406191617250443, -0.3577268719673157, 0.8569396734237671, 0.4919258952140808, 0.004287658259272575, 0.10896243155002594, 0.8637810945510864, 0.3228065073490143, -0.016132771968841553, 0.02645421214401722, 0.9459576606750488, -0.6289257407188416, 0.05787307024002075, 0.6091746091842651, 0.4795929789543152, -0.3392244577407837, -0.01601945236325264, -0.1854565590620041, 0.9221041202545166, 0.6705490946769714, 0.040216121822595596, -0.12929148972034454, 0.729404091835022, 0.3643858730792999, -0.031093943864107132, -0.09092745184898376, 0.9262766242027283, 0.3457881510257721, 0.6692691445350647, -0.18198558688163757, 0.6319736242294312, -0.09121829271316528, 0.031279902905225754, -0.08906517922878265, 0.9913466572761536, -0.08794508874416351, 0.03228661045432091, -0.09407414495944977, 0.991147518157959, -0.47447359561920166, 0.5566232800483704, -0.48349279165267944, 0.480915904045105, -0.5221043825149536, -0.15683254599571228, -0.052208393812179565, 0.8367107510566711, 0.12593762576580048, -0.45818305015563965, -0.04036534205079079, 0.8789645433425903, -0.03567526116967201, -0.10674691200256348, -0.1913207322359085, 0.9750531911849976, -0.5931458473205566, -0.5044582486152649, 0.3485819697380066, 0.5217188596725464, -0.5230787992477417, -0.2182430624961853, 0.0782603919506073, 0.8201426267623901, 0.08797170221805573, 0.38656845688819885, -0.050043027848005295, 0.9166905283927917, -0.11090245842933655, 0.22686974704265594, 0.17118127644062042, 0.95232754945755, 0.1163446456193924, 0.0011053956113755703, -0.04242406040430069, 0.9923018217086792, -0.13238422572612762, 0.1820523589849472, -0.4119592010974884, 0.8829615116119385, 0.26411905884742737, 0.0037002479657530785, -0.0030586335342377424, 0.9644781351089478, -0.514959990978241, -0.013818403705954552, -1.7922277038451284e-05, 0.8571028709411621, -0.7590064406394958, -0.303093284368515, 0.5618936419487, 0.1277465969324112, -0.39017990231513977, 0.40792033076286316, 0.5253281593322754, 0.6367031335830688, -0.36606431007385254, -0.03763525187969208, -0.382286012172699, 0.8476071953773499, 0.48403921723365784, 0.009148535318672657, 0.10669909417629242, 0.8684685826301575, 0.3237076997756958, -0.017985016107559204, 0.024252379313111305, 0.945675253868103, -0.640798807144165, 0.06385289132595062, 0.6061118841171265, 0.46682778000831604, -0.33850547671318054, -0.012933186255395412, -0.21617138385772705, 0.9157055616378784, 0.6706504821777344, 0.034420762211084366, -0.12662197649478912, 0.7300753593444824, 0.36887797713279724, -0.043551698327064514, -0.10327078402042389, 0.9226957559585571, 0.3445795476436615, 0.6709594130516052, -0.1833505630493164, 0.630445122718811, -0.09026405960321426, 0.03353384882211685, -0.09362617880105972, 0.9909399747848511, -0.08707534521818161, 0.03415130451321602, -0.098891980946064, 0.990692675113678, -0.4673982262611389, 0.561965823173523, -0.4909856915473938, 0.47398990392684937, -0.5263575315475464, -0.16147612035274506, -0.05215657874941826, 0.8331584334373474, 0.12706059217453003, -0.4640834927558899, -0.03458583354949951, 0.8759486079216003, -0.031181583181023598, -0.10646475106477737, -0.18633192777633667, 0.9762035608291626, -0.5944386720657349, -0.5035731792449951, 0.3465786576271057, 0.5224364995956421, -0.5226688385009766, -0.2252042144536972, 0.07981457561254501, 0.8183703422546387, 0.08621612936258316, 0.39267364144325256, -0.04396696016192436, 0.9145715832710266, -0.1060732752084732, 0.21954616904258728, 0.17371539771556854, 0.9541335701942444, 0.11803867667913437, -0.000653626280836761, -0.042280592024326324, 0.9921082854270935, -0.13761869072914124, 0.1839374154806137, -0.41726574301719666, 0.8792709112167358, 0.2642413079738617, 0.003725572722032666, -0.003048840444535017, 0.9644445776939392, -0.5149617791175842, -0.013821164146065712, -1.971626807062421e-05, 0.8571017384529114, -0.7786004543304443, -0.3087923228740692, 0.5334676504135132, 0.11764765530824661, -0.3810335397720337, 0.39887744188308716, 0.5300025343894958, 0.6440556645393372, -0.3616408705711365, -0.04578864574432373, -0.40305235981941223, 0.8394451141357422, 0.47653940320014954, 0.013378914445638657, 0.10467583686113358, 0.8727967739105225, 0.32420191168785095, -0.019310999661684036, 0.022614384070038795, 0.9455204010009766, -0.6502518057823181, 0.06893451511859894, 0.602777898311615, 0.4572521150112152, -0.3389730453491211, -0.009572358801960945, -0.2423454076051712, 0.9089963436126709, 0.6685137748718262, 0.03170954808592796, -0.12556186318397522, 0.7323374152183533, 0.3748742938041687, -0.05849947780370712, -0.11506032198667526, 0.9180458784103394, 0.34304478764533997, 0.6730549931526184, -0.18489843606948853, 0.6285936236381531, -0.08943531662225723, 0.03638444095849991, -0.09933885186910629, 0.9903581738471985, -0.0863906741142273, 0.0365188792347908, -0.10482422262430191, 0.9900580644607544, -0.46305081248283386, 0.5675663948059082, -0.49563854932785034, 0.4666849970817566, -0.5286078453063965, -0.16371874511241913, -0.05155686289072037, 0.8313313722610474, 0.12762734293937683, -0.46963414549827576, -0.028546294197440147, 0.873120903968811, -0.02498749829828739, -0.10791832208633423, -0.18125686049461365, 0.9771772027015686, -0.5947004556655884, -0.5019362568855286, 0.34583327174186707, 0.5242048501968384, -0.5230522751808167, -0.22651246190071106, 0.0807315781712532, 0.8176740407943726, 0.08448705822229385, 0.3967684507369995, -0.03929014503955841, 0.9131774306297302, -0.09865068644285202, 0.2127179354429245, 0.17583507299423218, 0.9560863375663757, 0.118388831615448, -0.001145342830568552, -0.04115797579288483, 0.9921132922172546, -0.14277346432209015, 0.183372363448143, -0.42028477787971497, 0.8771265745162964, 0.26434746384620667, 0.003800436155870557, -0.0030005222652107477, 0.9644153714179993, -0.5149632692337036, -0.013822883367538452, -2.077083263429813e-05, 0.857100784778595, -0.7908961176872253, -0.31234776973724365, 0.5143000483512878, 0.11143460869789124, -0.3758794069290161, 0.39141416549682617, 0.5333433151245117, 0.6488871574401855, -0.3576582670211792, -0.04966769739985466, -0.4156998097896576, 0.8347499370574951, 0.47120484709739685, 0.015863366425037384, 0.10341686755418777, 0.875796377658844, 0.3239246904850006, -0.019838998094201088, 0.021688617765903473, 0.9456261396408081, -0.6560027003288269, 0.07157203555107117, 0.6003167033195496, 0.4518383741378784, -0.3393630087375641, -0.0054828934371471405, -0.2553922235965729, 0.9053052067756653, 0.666790783405304, 0.02781173214316368, -0.12358640134334564, 0.7343997359275818, 0.379457950592041, -0.07208961993455887, -0.12502115964889526, 0.9138842821121216, 0.3415186405181885, 0.6751971244812012, -0.1866496056318283, 0.6266065835952759, -0.08824564516544342, 0.0393797867000103, -0.10560696572065353, 0.9897015690803528, -0.08534502983093262, 0.03903714939951897, -0.11120239645242691, 0.9893565773963928, -0.4587908089160919, 0.5720114707946777, -0.4998602271080017, 0.4609270393848419, -0.5337268114089966, -0.16024120151996613, -0.05136460065841675, 0.8287461400032043, 0.12819407880306244, -0.4706801772117615, -0.025842977687716484, 0.8725586533546448, -0.023369526490569115, -0.11492371559143066, -0.1810295581817627, 0.976460337638855, -0.5943247675895691, -0.5002843141555786, 0.34587162733078003, 0.526181161403656, -0.5210649967193604, -0.22155465185642242, 0.08034783601760864, 0.8203346729278564, 0.08427610993385315, 0.4025525152683258, -0.03601526841521263, 0.9107974171638489, -0.09265787154436111, 0.2056356966495514, 0.1757705807685852, 0.9582448601722717, 0.11715812981128693, -0.001301944488659501, -0.04044345021247864, 0.9922885894775391, -0.14867360889911652, 0.18195883929729462, -0.4232950806617737, 0.8749905824661255, 0.26445692777633667, 0.0038997200317680836, -0.0029353538993746042, 0.9643851518630981, -0.5149637460708618, -0.013824536465108395, -2.1795500288135372e-05, 0.8571004867553711, -0.7950129508972168, -0.3134365379810333, 0.5074436068534851, 0.11051195859909058, -0.3753378093242645, 0.3874494135379791, 0.5342758297920227, 0.650810182094574, -0.35556548833847046, -0.04927787557244301, -0.4190140664577484, 0.8340096473693848, 0.4683903157711029, 0.015837958082556725, 0.10337994992733002, 0.8773096799850464, 0.323782742023468, -0.019832000136375427, 0.02159333974123001, 0.9456771016120911, -0.6585714221000671, 0.07249730825424194, 0.5990637540817261, 0.4496116042137146, -0.33913418650627136, -0.0022500837221741676, -0.2532311677932739, 0.9060115814208984, 0.6664298176765442, 0.023005280643701553, -0.12122710049152374, 0.7352864146232605, 0.3814358413219452, -0.08398038148880005, -0.1316976249217987, 0.9111036062240601, 0.3402155041694641, 0.6770875453948975, -0.18824392557144165, 0.6247960925102234, -0.08693885803222656, 0.04230947047472, -0.11128950119018555, 0.9890733957290649, -0.08429471403360367, 0.041467320173978806, -0.11690850555896759, 0.9886897206306458, -0.45605170726776123, 0.5751135945320129, -0.502388060092926, 0.4570203721523285, -0.5389695763587952, -0.14746122062206268, -0.05154496058821678, 0.8277137875556946, 0.12932181358337402, -0.4720170199871063, -0.025727493688464165, 0.8716731071472168, -0.022952409461140633, -0.12330295145511627, -0.1835886836051941, 0.9749691486358643, -0.5934076309204102, -0.49737727642059326, 0.34652847051620483, 0.529529333114624, -0.5200586318969727, -0.2086758315563202, 0.0795467421412468, 0.8244184851646423, 0.08746802061796188, 0.4075036346912384, -0.03477507829666138, 0.9083396196365356, -0.07970589399337769, 0.20367924869060516, 0.17578718066215515, 0.9598231911659241, 0.11523432284593582, -0.0006663593812845647, -0.03997902572154999, 0.992533266544342, -0.15359120070934296, 0.17897053062915802, -0.42571821808815, 0.8735807538032532, 0.26451775431632996, 0.004026111215353012, -0.002847188152372837, 0.9643682241439819, -0.5149627327919006, -0.013826900161802769, -2.3186870748759247e-05, 0.8571010828018188, -0.794474720954895, -0.3130258321762085, 0.5080991387367249, 0.1125171035528183, -0.37723520398139954, 0.38718175888061523, 0.5333948135375977, 0.6505950689315796, -0.3552827537059784, -0.04782859981060028, -0.41764193773269653, 0.834902286529541, 0.4672486484050751, 0.01425870880484581, 0.10416349768638611, 0.877852737903595, 0.32369548082351685, -0.019788209348917007, 0.021528802812099457, 0.9457093477249146, -0.6597190499305725, 0.07280269265174866, 0.5984746217727661, 0.44866323471069336, -0.3382664620876312, 0.000285644200630486, -0.24362283945083618, 0.908968448638916, 0.6674165725708008, 0.017697876319289207, -0.11853057146072388, 0.7349778413772583, 0.3814510405063629, -0.09373532235622406, -0.13572874665260315, 0.9095529317855835, 0.33968570828437805, 0.6779197454452515, -0.18896529078483582, 0.6239636540412903, -0.08612656593322754, 0.04375283792614937, -0.113812156021595, 0.9887945652008057, -0.08378312736749649, 0.042691297829151154, -0.11935553699731827, 0.98838871717453, -0.4535479247570038, 0.5768156051635742, -0.5045713782310486, 0.45495691895484924, -0.5426206588745117, -0.13227838277816772, -0.05267986282706261, 0.8278225064277649, 0.12689487636089325, -0.4691459536552429, -0.026298388838768005, 0.8735606670379639, -0.02076294645667076, -0.1353221833705902, -0.18452563881874084, 0.9732456803321838, -0.5927316546440125, -0.49488013982772827, 0.34697404503822327, 0.5323269367218018, -0.5194374322891235, -0.19356244802474976, 0.07827255129814148, 0.8286083340644836, 0.09381397813558578, 0.4159223437309265, -0.03852013498544693, 0.903727650642395, -0.06799022853374481, 0.2033497393131256, 0.17097876965999603, 0.9616613388061523, 0.11424991488456726, -0.000984243699349463, -0.04009641706943512, 0.9926420450210571, -0.15871809422969818, 0.1779128611087799, -0.4290563464164734, 0.8712440729141235, 0.26458048820495605, 0.004151225555688143, -0.0027645837981253862, 0.9643507599830627, -0.5149615406990051, -0.013829356990754604, -2.476730696798768e-05, 0.8571017384529114, -0.7912935018539429, -0.31253376603126526, 0.5125842094421387, 0.11590781807899475, -0.3806472718715668, 0.3887828588485718, 0.5323610305786133, 0.648496150970459, -0.3553065359592438, -0.04604790732264519, -0.41433799266815186, 0.8366366624832153, 0.46772241592407227, 0.012424762360751629, 0.1050587147474289, 0.8775215744972229, 0.323345422744751, -0.019691506400704384, 0.02148739993572235, 0.9458320140838623, -0.6600580811500549, 0.0725250169634819, 0.598576545715332, 0.44807326793670654, -0.3371693789958954, 0.001956396037712693, -0.2314968705177307, 0.9125361442565918, 0.6688019633293152, 0.012016719207167625, -0.11537900567054749, 0.7343345880508423, 0.38064828515052795, -0.10136166960000992, -0.1385783553123474, 0.9086411595344543, 0.3400333821773529, 0.6777150630950928, -0.18866051733493805, 0.6240888237953186, -0.08588846772909164, 0.04377084597945213, -0.11287292093038559, 0.988922119140625, -0.0839313194155693, 0.04276736453175545, -0.11827335506677628, 0.9885029196739197, -0.4548971354961395, 0.577028751373291, -0.5030446648597717, 0.45503026247024536, -0.5416020750999451, -0.11553078144788742, -0.0545927919447422, 0.8308666944503784, 0.12116707861423492, -0.46452876925468445, -0.023594815284013748, 0.8769121170043945, -0.011211216449737549, -0.14215216040611267, -0.17929255962371826, 0.9734070301055908, -0.5916180610656738, -0.4933329224586487, 0.34818923473358154, 0.5342050790786743, -0.5193731784820557, -0.1759173572063446, 0.07554852217435837, 0.83282470703125, 0.10073764622211456, 0.42253509163856506, -0.04724988341331482, 0.8994907140731812, -0.061099596321582794, 0.20822381973266602, 0.16202646493911743, 0.9626302719116211, 0.11257435381412506, -0.0003984151699114591, -0.042026106268167496, 0.9927541017532349, -0.1616155058145523, 0.17764876782894135, -0.4329008460044861, 0.8688603043556213, 0.2646564245223999, 0.004290219862014055, -0.0026766853407025337, 0.9643294811248779, -0.5149607062339783, -0.01383125875145197, -2.601796222734265e-05, 0.8571022152900696, -0.7862401008605957, -0.31186699867248535, 0.5197451114654541, 0.12012723088264465, -0.38473087549209595, 0.39137741923332214, 0.5311332941055298, 0.6455256342887878, -0.35586482286453247, -0.04382862150669098, -0.4093429744243622, 0.8389741778373718, 0.4698525667190552, 0.011014577932655811, 0.10569922626018524, 0.8763246536254883, 0.32315999269485474, -0.01916540414094925, 0.02217017486691475, 0.9458904266357422, -0.6594675779342651, 0.07299291342496872, 0.5990722179412842, 0.4482041597366333, -0.3374086916446686, 0.001715106307528913, -0.21793313324451447, 0.9157825112342834, 0.6698241829872131, 0.007183121517300606, -0.11272850632667542, 0.7338775396347046, 0.38025131821632385, -0.10766709595918655, -0.14103618264198303, 0.9077034592628479, 0.340939998626709, 0.6769305467605591, -0.18787062168121338, 0.624683678150177, -0.0857744812965393, 0.043015580624341965, -0.11004511266946793, 0.9892838001251221, -0.08416156470775604, 0.04211443290114403, -0.11534745246171951, 0.9888570308685303, -0.45769011974334717, 0.5765556693077087, -0.5001174211502075, 0.4560548663139343, -0.538032591342926, -0.10369239747524261, -0.055280379951000214, 0.8346933126449585, 0.1149144172668457, -0.45680466294288635, -0.018009694293141365, 0.8819296360015869, -0.0011556976241990924, -0.14371496438980103, -0.17164655029773712, 0.9746189713478088, -0.5899819135665894, -0.4927416741847992, 0.35023635625839233, 0.5352210998535156, -0.5224156975746155, -0.15955428779125214, 0.07340897619724274, 0.8344072699546814, 0.10832389444112778, 0.4258601665496826, -0.052486494183540344, 0.8967464566230774, -0.05563212186098099, 0.21513395011425018, 0.15887002646923065, 0.961968183517456, 0.10903289914131165, 0.0009012839291244745, -0.04355388879776001, 0.993083119392395, -0.16203400492668152, 0.17872688174247742, -0.43428805470466614, 0.8678684234619141, 0.2647063732147217, 0.004391195718199015, -0.002614375203847885, 0.9643155336380005, -0.5149608254432678, -0.01383193302899599, -2.654333547980059e-05, 0.85710209608078, -0.7793316841125488, -0.31107592582702637, 0.5292118191719055, 0.1257326602935791, -0.3891647756099701, 0.3949229121208191, 0.5292982459068298, 0.642207145690918, -0.35910338163375854, -0.04175833985209465, -0.4019235372543335, 0.8412838578224182, 0.4729318916797638, 0.009551011957228184, 0.1063331589102745, 0.8746070265769958, 0.3235248327255249, -0.01870882697403431, 0.02306581661105156, 0.9457534551620483, -0.6578823328018188, 0.07235139608383179, 0.5998988747596741, 0.4495302438735962, -0.3396140933036804, 0.0006281776004470885, -0.20143236219882965, 0.9187420010566711, 0.6710822582244873, 0.004164441023021936, -0.11118263006210327, 0.7329868674278259, 0.3805239200592041, -0.11185412853956223, -0.1419922411441803, 0.9069335460662842, 0.34214940667152405, 0.6755900979042053, -0.1869090348482132, 0.6257610321044922, -0.08574152737855911, 0.04121830314397812, -0.10602454096078873, 0.9898021817207336, -0.08450885862112045, 0.04055742174386978, -0.11128585040569305, 0.9893577694892883, -0.46122410893440247, 0.5757744908332825, -0.49623557925224304, 0.45771870017051697, -0.5360882878303528, -0.09192130714654922, -0.055990226566791534, 0.8372723460197449, 0.11256848275661469, -0.4511551260948181, -0.010936196893453598, 0.8852501511573792, 0.006320160813629627, -0.13821357488632202, -0.16588926315307617, 0.9763901829719543, -0.5882853269577026, -0.49337270855903625, 0.35218384861946106, 0.5352292656898499, -0.5239251255989075, -0.14821292459964752, 0.07162643224000931, 0.835706353187561, 0.11260968446731567, 0.4286767840385437, -0.05348728969693184, 0.8948152661323547, -0.05193335562944412, 0.2173370122909546, 0.15956678986549377, 0.9615643620491028, 0.10136829316616058, 0.0038412767462432384, -0.03582125902175903, 0.9941964745521545, -0.16293558478355408, 0.17776042222976685, -0.4118237793445587, 0.8787801265716553, 0.2646659016609192, 0.004403266124427319, -0.0025740426499396563, 0.9643267393112183, -0.5149636268615723, -0.013829657807946205, -2.529271114326548e-05, 0.8571004867553711, -0.7714095711708069, -0.31029435992240906, 0.5394605398178101, 0.13276682794094086, -0.3943081498146057, 0.39939090609550476, 0.5272253751754761, 0.6379979252815247, -0.3641493320465088, -0.04037681221961975, -0.393644243478775, 0.8430950045585632, 0.47591879963874817, 0.007653173059225082, 0.10715967416763306, 0.8729029297828674, 0.32392510771751404, -0.018663160502910614, 0.023317350074648857, 0.9456111788749695, -0.6563369035720825, 0.07016075402498245, 0.60067218542099, 0.45110124349594116, -0.3425513803958893, -0.0004714577808044851, -0.18323184549808502, 0.9214577674865723, 0.6724846363067627, 0.0017205008771270514, -0.11008856445550919, 0.7318757176399231, 0.38121065497398376, -0.11439888924360275, -0.1421031504869461, 0.9063101410865784, 0.3434162437915802, 0.6741930246353149, -0.18573540449142456, 0.6269221901893616, -0.08602141588926315, 0.03943748027086258, -0.10161516815423965, 0.9903127551078796, -0.08516813069581985, 0.03898134082555771, -0.10682510584592819, 0.9898561835289001, -0.4655846953392029, 0.5747837424278259, -0.49124833941459656, 0.45992353558540344, -0.5350905656814575, -0.07915116101503372, -0.057359639555215836, 0.8391204476356506, 0.1135636568069458, -0.4511919617652893, -0.0044336142018437386, 0.8851606845855713, 0.012715510092675686, -0.12617695331573486, -0.16225044429302216, 0.9785665273666382, -0.5870298147201538, -0.4948916733264923, 0.35326898097991943, 0.5344897508621216, -0.5247859954833984, -0.13999849557876587, 0.06920017302036285, 0.8367863893508911, 0.1138104498386383, 0.4279495179653168, -0.054933011531829834, 0.8949238657951355, -0.050091128796339035, 0.21577252447605133, 0.16122153401374817, 0.9617383480072021, 0.09019891172647476, 0.006351663265377283, -0.010934606194496155, 0.9958435297012329, -0.16253918409347534, 0.16839857399463654, -0.342663049697876, 0.9098379015922546, 0.26433923840522766, 0.004283329006284475, -0.002539334585890174, 0.9644169211387634, -0.5149695873260498, -0.013821486383676529, -2.0333567590569146e-05, 0.8570970296859741, -0.7626262307167053, -0.30940550565719604, 0.5503804683685303, 0.14053750038146973, -0.4005434513092041, 0.40368717908859253, 0.5255417823791504, 0.6327775120735168, -0.3683781921863556, -0.03828098997473717, -0.3849289119243622, 0.84537672996521, 0.4792453646659851, 0.005723448470234871, 0.10791468620300293, 0.8710026144981384, 0.3242415487766266, -0.018521402031183243, 0.02364639937877655, 0.9454973340034485, -0.6545885801315308, 0.06640522181987762, 0.6014905571937561, 0.4531150758266449, -0.34483110904693604, -0.0012191481655463576, -0.1640629917383194, 0.9242150187492371, 0.673886239528656, -0.0012275953777134418, -0.10851075500249863, 0.7308223843574524, 0.3812471628189087, -0.11583304405212402, -0.14174705743789673, 0.9061684012413025, 0.3448752462863922, 0.6728596687316895, -0.18422482907772064, 0.6279985904693604, -0.08661774545907974, 0.0380963496863842, -0.09672369062900543, 0.9908030033111572, -0.08607062697410583, 0.037643469870090485, -0.10185404866933823, 0.9903537631034851, -0.4687693119049072, 0.5732119679450989, -0.4870377779006958, 0.4631173312664032, -0.5340563058853149, -0.06856971234083176, -0.059974513947963715, 0.8405267000198364, 0.11417733132839203, -0.4537755846977234, -0.0006601986242458224, 0.8837708234786987, 0.019644398242235184, -0.1142110824584961, -0.15863245725631714, 0.9805129766464233, -0.5860700011253357, -0.49644529819488525, 0.35369032621383667, 0.5338231921195984, -0.5263029336929321, -0.13291588425636292, 0.0654236301779747, 0.8372923135757446, 0.11366226524114609, 0.42184317111968994, -0.056396231055259705, 0.8977465033531189, -0.04649211838841438, 0.2106896936893463, 0.1672530472278595, 0.9620160460472107, 0.07311613112688065, 0.007199885789304972, 0.030575308948755264, 0.9968286752700806, -0.15344646573066711, 0.14183861017227173, -0.22589616477489471, 0.9514762163162231, 0.26357024908065796, 0.004257874563336372, -0.0023547355085611343, 0.9646279811859131, -0.5149747133255005, -0.01380541268736124, -1.0440640835440718e-05, 0.8570942282676697, -0.7523192763328552, -0.3078663945198059, 0.563251256942749, 0.1482633501291275, -0.40741607546806335, 0.40827110409736633, 0.5239001512527466, 0.6267818808555603, -0.371452659368515, -0.0348808690905571, -0.37514927983283997, 0.8485689759254456, 0.4845133423805237, 0.00425655348226428, 0.1083826795220375, 0.8680334091186523, 0.32430577278137207, -0.01793956384062767, 0.024511834606528282, 0.9454644918441772, -0.6518610119819641, 0.06269800662994385, 0.6024474501609802, 0.4562928080558777, -0.3466411828994751, -0.002162192715331912, -0.14355990290641785, 0.9269443154335022, 0.67576003074646, -0.0047444868832826614, -0.10637611895799637, 0.7293902039527893, 0.3799389898777008, -0.11641638725996017, -0.14062632620334625, 0.9068174362182617, 0.3466379940509796, 0.6711714863777161, -0.1821650266647339, 0.6294337511062622, -0.08786351978778839, 0.03619648888707161, -0.09050438553094864, 0.9913520216941833, -0.0874752476811409, 0.03580033779144287, -0.09547831118106842, 0.9909340739250183, -0.46954262256622314, 0.570727527141571, -0.4849734902381897, 0.46754732728004456, -0.5345080494880676, -0.0607483834028244, -0.06369161605834961, 0.8405677676200867, 0.11295358836650848, -0.4537070691585541, -0.0012774324277415872, 0.8839625716209412, 0.030085282400250435, -0.10237735509872437, -0.15575239062309265, 0.9820157885551453, -0.5849334597587585, -0.4978828728199005, 0.3544121980667114, 0.5332518815994263, -0.5279443264007568, -0.126256063580513, 0.06127631664276123, 0.8376033902168274, 0.11465701460838318, 0.417075514793396, -0.05955023318529129, 0.8996419310569763, -0.043359994888305664, 0.2058684378862381, 0.17148573696613312, 0.9624607563018799, 0.05049624294042587, 0.007565947249531746, 0.07835470885038376, 0.9956170916557312, -0.1365298628807068, 0.09454835206270218, -0.09472551196813583, 0.9815535545349121, 0.26269009709358215, 0.004631377756595612, -0.0018788921879604459, 0.9648672938346863, -0.5149734616279602, -0.01378544420003891, 2.0580266664183e-06, 0.8570953011512756, -0.7394716143608093, -0.3049308955669403, 0.5795145034790039, 0.1560830920934677, -0.41452735662460327, 0.4149579703807831, 0.5217334628105164, 0.6194927096366882, -0.3735775053501129, -0.0313580147922039, -0.36356788873672485, 0.8528041839599609, 0.4913260042667389, 0.0038741235621273518, 0.10828938335180283, 0.864208996295929, 0.32391294836997986, -0.017283501103520393, 0.025227362290024757, 0.9455925822257996, -0.6467275619506836, 0.06016023829579353, 0.6037534475326538, 0.4621751606464386, -0.34939879179000854, -0.003130082506686449, -0.11991217732429504, 0.9292640686035156, 0.6780035495758057, -0.007855691015720367, -0.10452774912118912, 0.7275461554527283, 0.3778095841407776, -0.11485225707292557, -0.1375114768743515, 0.9083828926086426, 0.34815919399261475, 0.6693379878997803, -0.18017618358135223, 0.6311168074607849, -0.08924572169780731, 0.033685941249132156, -0.08451412618160248, 0.9918456673622131, -0.08911125361919403, 0.03353828191757202, -0.08939850330352783, 0.9914345145225525, -0.47126731276512146, 0.5677770376205444, -0.48222580552101135, 0.472223162651062, -0.5345975756645203, -0.05266681686043739, -0.06663425266742706, 0.8408279418945312, 0.11142651736736298, -0.45585864782333374, -0.0002746118407230824, 0.8830497860908508, 0.04088480398058891, -0.09234904497861862, -0.15108247101306915, 0.9833484888076782, -0.5827318429946899, -0.498973548412323, 0.35692721605300903, 0.5329651832580566, -0.5311381220817566, -0.12059047818183899, 0.059895746409893036, 0.8365182280540466, 0.11676716059446335, 0.41619861125946045, -0.06578721106052399, 0.8993420600891113, -0.036605626344680786, 0.21218056976795197, 0.1695224791765213, 0.9617180228233337, 0.03105360083281994, 0.005075267981737852, 0.08882024884223938, 0.9955505728721619, -0.12532325088977814, 0.06749068200588226, -0.01537969522178173, 0.9896982312202454, 0.2625004053115845, 0.004886813927441835, -0.00156690226867795, 0.9649181962013245, -0.5149673819541931, -0.013774949125945568, 8.37387142382795e-06, 0.8570990562438965, -0.7246829271316528, -0.3008895814418793, 0.5978589653968811, 0.16390468180179596, -0.42151939868927, 0.42357349395751953, 0.5189732313156128, 0.6112067699432373, -0.37582412362098694, -0.029090695083141327, -0.3507765233516693, 0.8572431206703186, 0.49763602018356323, 0.0036694954615086317, 0.10811161249876022, 0.8606142401695251, 0.3237277865409851, -0.01652637869119644, 0.026250401511788368, 0.9456416368484497, -0.639474630355835, 0.05687566474080086, 0.6050497889518738, 0.4709056317806244, -0.35259193181991577, -0.002702329307794571, -0.09159873425960541, 0.9312794208526611, 0.6804549694061279, -0.010655623860657215, -0.10301456600427628, 0.7254346609115601, 0.3754541873931885, -0.11256863176822662, -0.1328582763671875, 0.9103357195854187, 0.34915733337402344, 0.667804479598999, -0.1787186861038208, 0.6326025724411011, -0.09038889408111572, 0.03128770366311073, -0.08017890155315399, 0.992180585861206, -0.09058430045843124, 0.031272366642951965, -0.08505993336439133, 0.9917567372322083, -0.47401225566864014, 0.5646316409111023, -0.4786509573459625, 0.4768614172935486, -0.5348081588745117, -0.04516705870628357, -0.06738530844449997, 0.8410704135894775, 0.11062923818826675, -0.4609825909137726, 0.006500145420432091, 0.8804624080657959, 0.049555566161870956, -0.0827653706073761, -0.14275869727134705, 0.9850452542304993, -0.5815427899360657, -0.4990062713623047, 0.3581399619579315, 0.5334197282791138, -0.5343087911605835, -0.12077007442712784, 0.061238162219524384, 0.8343732357025146, 0.12096073478460312, 0.4194343090057373, -0.0688515156507492, 0.8970522880554199, -0.029597047716379166, 0.21970650553703308, 0.16821344196796417, 0.9604985117912292, 0.01605069451034069, 0.0018213246949017048, 0.10059575736522675, 0.9947962164878845, -0.11634083092212677, 0.04734077304601669, 0.04115254431962967, 0.9912266135215759, 0.26244980096817017, 0.005099606234580278, -0.0013278938131406903, 0.964931309223175, -0.5149601697921753, -0.01376803033053875, 1.2586548109538853e-05, 0.8571035861968994, -0.7073711156845093, -0.2960553467273712, 0.618421733379364, 0.17184868454933167, -0.42895716428756714, 0.4332323968410492, 0.5161172151565552, 0.6016049385070801, -0.37764373421669006, -0.027419082820415497, -0.3361957371234894, 0.8623258471488953, 0.502250611782074, 0.002169333165511489, 0.10853365808725357, 0.8578811883926392, 0.32363614439964294, -0.015624149702489376, 0.027576712891459465, 0.9456506371498108, -0.6299213767051697, 0.052191559225320816, 0.6064020395278931, 0.4824434220790863, -0.3553747534751892, -0.0007805837085470557, -0.05831756815314293, 0.9329026341438293, 0.6825934648513794, -0.013120526447892189, -0.101678267121315, 0.7235714197158813, 0.3730853199958801, -0.10883833467960358, -0.1265212446451187, 0.9126631021499634, 0.34975168108940125, 0.6664413213729858, -0.17763812839984894, 0.6340145468711853, -0.0914543867111206, 0.02881198190152645, -0.07706324011087418, 0.9924047589302063, -0.09201766550540924, 0.02893006056547165, -0.08201145380735397, 0.9919525980949402, -0.47430434823036194, 0.5633857846260071, -0.4777514934539795, 0.4789419174194336, -0.5351013541221619, -0.04328513145446777, -0.06684400886297226, 0.8410260677337646, 0.10822142660617828, -0.46366897225379944, 0.01653393916785717, 0.8792188763618469, 0.05757021903991699, -0.07439873367547989, -0.13184286653995514, 0.9867968559265137, -0.5817354917526245, -0.49893292784690857, 0.3575209975242615, 0.5336931943893433, -0.5357256531715393, -0.1262403428554535, 0.0631873682141304, 0.8325074911117554, 0.12575535476207733, 0.42823609709739685, -0.07007505744695663, 0.8921260833740234, -0.024381637573242188, 0.22232522070407867, 0.16733933985233307, 0.9601950645446777, 0.004391104448586702, -0.002070830436423421, 0.11418803036212921, 0.9934473037719727, -0.10895821452140808, 0.03529698774218559, 0.07766041159629822, 0.990379273891449, 0.26249510049819946, 0.005243439227342606, -0.0011739801848307252, 0.9649183750152588, -0.5149522423744202, -0.013763741590082645, 1.5168478967098054e-05, 0.8571083545684814, -0.6889370083808899, -0.29087358713150024, 0.639218270778656, 0.17932766675949097, -0.43639567494392395, 0.4435533583164215, 0.5136210322380066, 0.5907730460166931, -0.3788599371910095, -0.026673616841435432, -0.3216058015823364, 0.8673657774925232, 0.5059306621551514, 0.0008002225658856332, 0.10889098048210144, 0.8556729555130005, 0.3238309621810913, -0.015058823861181736, 0.02855917066335678, 0.9455639123916626, -0.6191102862358093, 0.0470329113304615, 0.6077431440353394, 0.49511462450027466, -0.35735470056533813, 0.0028349130880087614, -0.024088166654109955, 0.9336537718772888, 0.6834600567817688, -0.014217058196663857, -0.10130089521408081, 0.7227851152420044, 0.37230366468429565, -0.10297539085149765, -0.11859963089227676, 0.9147241115570068, 0.3499653935432434, 0.6651643514633179, -0.176949143409729, 0.6354286670684814, -0.0926034152507782, 0.025923147797584534, -0.07503459602594376, 0.9925333261489868, -0.0933745801448822, 0.02635151706635952, -0.08002890646457672, 0.992059588432312, -0.4740472733974457, 0.562667191028595, -0.47753024101257324, 0.48026010394096375, -0.5335871577262878, -0.04477449506521225, -0.06544405221939087, 0.8420196175575256, 0.10646629333496094, -0.46610337495803833, 0.02145042084157467, 0.8780389428138733, 0.06175560876727104, -0.06870468705892563, -0.12553927302360535, 0.9877781867980957, -0.5826138257980347, -0.4980500340461731, 0.35596156120300293, 0.5346014499664307, -0.5373293161392212, -0.13672666251659393, 0.0648505911231041, 0.8296851515769958, 0.1316308081150055, 0.4405934512615204, -0.07086476683616638, 0.8851717114448547, -0.022797932848334312, 0.21828128397464752, 0.167415052652359, 0.9611481428146362, -0.005201042629778385, -0.0018321637762710452, 0.12715500593185425, 0.9918675422668457, -0.1039896309375763, 0.024392366409301758, 0.10331021994352341, 0.988897442817688, 0.2625608444213867, 0.00530096935108304, -0.001092787948437035, 0.9649002552032471, -0.5149440169334412, -0.013760924339294434, 1.685557799646631e-05, 0.8571133613586426, -0.6699215173721313, -0.2858324944972992, 0.6594657301902771, 0.18603749573230743, -0.4436230957508087, 0.45487967133522034, 0.5115388631820679, 0.5784558057785034, -0.379421204328537, -0.028352709487080574, -0.3077165484428406, 0.8720930218696594, 0.5089288353919983, 0.0006460611475631595, 0.10873536765575409, 0.8539131283760071, 0.3245318830013275, -0.014809535816311836, 0.029386868700385094, 0.9453021883964539, -0.607546865940094, 0.04258003830909729, 0.6088742613792419, 0.5082773566246033, -0.3590286076068878, 0.0065887002274394035, 0.007790975738316774, 0.9332707524299622, 0.6840628981590271, -0.01527042593806982, -0.10056259483098984, 0.7222963571548462, 0.3707731366157532, -0.09544090926647186, -0.11054179072380066, 0.917168915271759, 0.350314199924469, 0.6640012860298157, -0.17645889520645142, 0.6365881562232971, -0.09319094568490982, 0.0234269667416811, -0.0732661634683609, 0.9926725029945374, -0.09418535232543945, 0.024147512391209602, -0.07828258723020554, 0.9921783208847046, -0.4750363230705261, 0.5607309341430664, -0.47604843974113464, 0.4830106496810913, -0.5319101214408875, -0.04467912018299103, -0.06379210948944092, 0.8432116508483887, 0.1088360920548439, -0.47266995906829834, 0.022200558334589005, 0.8742110729217529, 0.06471764296293259, -0.06488846987485886, -0.12606431543827057, 0.9877797961235046, -0.5826680064201355, -0.4974702000617981, 0.3556302785873413, 0.5353022813796997, -0.537604033946991, -0.14612504839897156, 0.06644672155380249, 0.8277766704559326, 0.13465388119220734, 0.45075446367263794, -0.06889485567808151, 0.8797398805618286, -0.01856185868382454, 0.21190235018730164, 0.1686355620622635, 0.9624525904655457, -0.01226828433573246, 0.00102428428363055, 0.1377754658460617, 0.9903870224952698, -0.10395172983407974, 0.01324163842946291, 0.12294860184192657, 0.9868649244308472, 0.26264822483062744, 0.005315239541232586, -0.0010513659799471498, 0.9648764729499817, -0.5149368047714233, -0.013758749701082706, 1.8206648746854626e-05, 0.857117772102356, -0.651292622089386, -0.2809465229511261, 0.6783298850059509, 0.19171735644340515, -0.4503936469554901, 0.46839481592178345, 0.5095061659812927, 0.5640526413917542, -0.3789810836315155, -0.03393071889877319, -0.2967187464237213, 0.8758881688117981, 0.5112203359603882, 0.0021679773926734924, 0.10779892653226852, 0.8526596426963806, 0.32541218400001526, -0.01497180387377739, 0.029701679944992065, 0.9449871182441711, -0.5966429114341736, 0.04057086259126663, 0.6095862984657288, 0.5203612446784973, -0.36069342494010925, 0.009248100221157074, 0.034767359495162964, 0.931990385055542, 0.6843851804733276, -0.01585141196846962, -0.09984390437602997, 0.7220781445503235, 0.36914849281311035, -0.08725322782993317, -0.10318519920110703, 0.9194939732551575, 0.3510303199291229, 0.6626832485198975, -0.17570734024047852, 0.637773871421814, -0.0936264842748642, 0.02104448713362217, -0.07053355127573013, 0.9928827881813049, -0.09482567012310028, 0.022077497094869614, -0.07550325244665146, 0.9923809766769409, -0.477046936750412, 0.5583546161651611, -0.47358277440071106, 0.48619523644447327, -0.5266361236572266, -0.04764208942651749, -0.06203168258070946, 0.8464849591255188, 0.11029713600873947, -0.47768864035606384, 0.021016109734773636, 0.8713245987892151, 0.06742408126592636, -0.06338195502758026, -0.12719596922397614, 0.9875515103340149, -0.5821659564971924, -0.49780088663101196, 0.35622113943099976, 0.5351482033729553, -0.5369619727134705, -0.15336081385612488, 0.0678827166557312, 0.8267673254013062, 0.13669301569461823, 0.4594568610191345, -0.06761201471090317, 0.8750103116035461, -0.015551557764410973, 0.20821242034435272, 0.1677151471376419, 0.963471531867981, -0.017683248966932297, 0.0061205108650028706, 0.1478581726551056, 0.9888315796852112, -0.10686354339122772, 3.286126593593508e-05, 0.13968919217586517, 0.9844120740890503, 0.26272886991500854, 0.005319451913237572, -0.0010226479498669505, 0.9648545384407043, -0.5149298906326294, -0.013756552711129189, 1.959628025360871e-05, 0.8571219444274902, -0.633186399936676, -0.27698051929473877, 0.6953310370445251, 0.1971586048603058, -0.4572713375091553, 0.47961515188217163, 0.5083068013191223, 0.5499966740608215, -0.3781487047672272, -0.03866970166563988, -0.28607669472694397, 0.8795841932296753, 0.5137452483177185, 0.003046755213290453, 0.10723564773797989, 0.8512092232704163, 0.32617276906967163, -0.01509863417595625, 0.030011476948857307, 0.9447129964828491, -0.5865210890769958, 0.03886624798178673, 0.6102206110954285, 0.5311432480812073, -0.3620094358921051, 0.011175207793712616, 0.058393001556396484, 0.93027663230896, 0.6842735409736633, -0.0160607248544693, -0.09918533265590668, 0.722270131111145, 0.36778637766838074, -0.07844816148281097, -0.09653332084417343, 0.9215532541275024, 0.3521154224872589, 0.6612057685852051, -0.17455868422985077, 0.6390234231948853, -0.09409696608781815, 0.018802134320139885, -0.0667342022061348, 0.9931458830833435, -0.09555691480636597, 0.02014157548546791, -0.0715421736240387, 0.9926454424858093, -0.48267558217048645, 0.5542834401130676, -0.46730858087539673, 0.4913419187068939, -0.5176981091499329, -0.049164071679115295, -0.0589323453605175, 0.8521141409873962, 0.11219805479049683, -0.48138800263404846, 0.01996135711669922, 0.8690677285194397, 0.06766507029533386, -0.06476223468780518, -0.12942637503147125, 0.9871556162834167, -0.5797813534736633, -0.4984295070171356, 0.3595266044139862, 0.5349414348602295, -0.5401866436004639, -0.15640968084335327, 0.06724552810192108, 0.8241435289382935, 0.13857460021972656, 0.4631179869174957, -0.07155265659093857, 0.8724672198295593, -0.015237151645123959, 0.20848862826824188, 0.16599948704242706, 0.9637139439582825, -0.024174172431230545, 0.011107582598924637, 0.15726043283939362, 0.9871987700462341, -0.11009792238473892, -0.015990421175956726, 0.15772253274917603, 0.981196403503418, 0.2628328204154968, 0.005325344856828451, -0.000991160748526454, 0.964826226234436, -0.5149226188659668, -0.013754400424659252, 2.089679765049368e-05, 0.8571262955665588, -0.6137785315513611, -0.2729025185108185, 0.7123441696166992, 0.20338618755340576, -0.4650396704673767, 0.4866146147251129, 0.507527232170105, 0.5379223227500916, -0.37835538387298584, -0.038318440318107605, -0.27187225222587585, 0.8840047121047974, 0.517777681350708, 0.0010688352631404996, 0.10815746337175369, 0.8486501574516296, 0.32686492800712585, -0.015011944808065891, 0.030644670128822327, 0.9444547891616821, -0.57673180103302, 0.03821788355708122, 0.6109213829040527, 0.5410128831863403, -0.36320093274116516, 0.012159558944404125, 0.08142884075641632, 0.928066074848175, 0.6839345097541809, -0.016518203541636467, -0.09821108728647232, 0.7227138876914978, 0.36601802706718445, -0.07012572884559631, -0.09066380560398102, 0.9235222339630127, 0.3537839353084564, 0.6591197848320007, -0.17276246845722198, 0.6407427191734314, -0.09488542377948761, 0.01595444045960903, -0.060846541076898575, 0.9934988021850586, -0.096529021859169, 0.01767140068113804, -0.06551387161016464, 0.9930145144462585, -0.4900948703289032, 0.5502105355262756, -0.4591478705406189, 0.4962446391582489, -0.5067172050476074, -0.04820934683084488, -0.05554414168000221, 0.8589693903923035, 0.11402373760938644, -0.48271504044532776, 0.017802216112613678, 0.868140459060669, 0.06824670732021332, -0.06759999692440033, -0.1338273286819458, 0.9863381385803223, -0.5760819315910339, -0.4997163414955139, 0.3646693825721741, 0.5342560410499573, -0.5452946424484253, -0.1554039716720581, 0.0665544793009758, 0.8210200071334839, 0.14204147458076477, 0.4683566093444824, -0.07423589378595352, 0.8688817024230957, -0.014714398421347141, 0.2038247138261795, 0.16479262709617615, 0.9649261236190796, -0.03169665485620499, 0.015047349035739899, 0.1634199321269989, 0.985932469367981, -0.1110355406999588, -0.03304910659790039, 0.1789286881685257, 0.9770176410675049, 0.26290974020957947, 0.005349547602236271, -0.0009361548582091928, 0.9648051261901855, -0.5149146914482117, -0.013752584345638752, 2.2024527424946427e-05, 0.8571311235427856, -0.5912601947784424, -0.2676698565483093, 0.7309907674789429, 0.2107529491186142, -0.4747779667377472, 0.49047189950942993, 0.5068269968032837, 0.5264498591423035, -0.37839868664741516, -0.0334663949906826, -0.2530635595321655, 0.8897489905357361, 0.5226298570632935, -0.0040147677063941956, 0.11058815568685532, 0.8453474044799805, 0.32681870460510254, -0.01458883285522461, 0.03132837638258934, 0.9444550275802612, -0.5670286417007446, 0.03946360573172569, 0.6114030480384827, 0.5505520105361938, -0.363323837518692, 0.012092622928321362, 0.10519437491893768, 0.9256261587142944, 0.6838693618774414, -0.01837358996272087, -0.09623251110315323, 0.7229968905448914, 0.3617783784866333, -0.061433710157871246, -0.08516780287027359, 0.9263308048248291, 0.3560802936553955, 0.6564716696739197, -0.16994547843933105, 0.6429387927055359, -0.09635288268327713, 0.012995109893381596, -0.05244888737797737, 0.993879497051239, -0.09799749404191971, 0.014920156449079514, -0.05712888389825821, 0.9934335350990295, -0.4964786767959595, 0.5465644001960754, -0.45204561948776245, 0.5004310011863708, -0.4987116754055023, -0.04464881494641304, -0.05144169181585312, 0.8640872836112976, 0.11516992747783661, -0.4819920063018799, 0.01721484586596489, 0.8684027194976807, 0.07075195759534836, -0.07065889239311218, -0.13782557845115662, 0.985396146774292, -0.5714173913002014, -0.4986335337162018, 0.3709999918937683, 0.5359159111976624, -0.5538445711135864, -0.15190327167510986, 0.06765065342187881, 0.8158462047576904, 0.146693155169487, 0.47629106044769287, -0.07150360941886902, 0.8640111088752747, -0.0057060387916862965, 0.19247926771640778, 0.16796083748340607, 0.9668031930923462, -0.03824484348297119, 0.016733573749661446, 0.16651283204555511, 0.9851552248001099, -0.10893192887306213, -0.05288869887590408, 0.20453621447086334, 0.9713401198387146, 0.2629531919956207, 0.005480490624904633, -0.0007947635604068637, 0.9647927284240723, -0.5149052143096924, -0.013751964084804058, 2.2373709725798108e-05, 0.8571367859840393, -0.5655393004417419, -0.26106759905815125, 0.7509918212890625, 0.21913538873195648, -0.4860450029373169, 0.49367696046829224, 0.5057907104492188, 0.5140222311019897, -0.3788030445575714, -0.02716180682182312, -0.23180745542049408, 0.8955644965171814, 0.5279209613800049, -0.01068922970443964, 0.1139049082994461, 0.8415526747703552, 0.326434850692749, -0.013441222719848156, 0.033014412969350815, 0.9445473551750183, -0.5572137236595154, 0.04213780164718628, 0.6114653944969177, 0.5602208971977234, -0.36274248361587524, 0.01225447840988636, 0.13014307618141174, 0.9226757287979126, 0.6841053366661072, -0.020805787295103073, -0.09377098828554153, 0.7230311632156372, 0.35588783025741577, -0.05121416226029396, -0.07895396649837494, 0.9297780394554138, 0.35904672741889954, 0.6532565951347351, -0.16634370386600494, 0.645500659942627, -0.09793192893266678, 0.009918549098074436, -0.04180629178881645, 0.9942651987075806, -0.09957309812307358, 0.011980947107076645, -0.046532128006219864, 0.993869423866272, -0.502506673336029, 0.5414410829544067, -0.44502946734428406, 0.506238579750061, -0.49655693769454956, -0.03463634103536606, -0.048137154430150986, 0.8659759759902954, 0.11680464446544647, -0.4815431833267212, 0.01868264749646187, 0.8684030175209045, 0.07439883798360825, -0.07681383192539215, -0.14112985134124756, 0.9841985702514648, -0.56704181432724, -0.49992746114730835, 0.3770968019962311, 0.5351020097732544, -0.5596408247947693, -0.14724041521549225, 0.07007096707820892, 0.8125345706939697, 0.1510537713766098, 0.48653721809387207, -0.06695687025785446, 0.8578934073448181, 0.0020155825186520815, 0.18146733939647675, 0.16925635933876038, 0.9687196612358093, -0.04365574195981026, 0.017735915258526802, 0.1696387082338333, 0.9843791723251343, -0.1076463907957077, -0.07649244368076324, 0.2316298633813858, 0.9637991786003113, 0.26304319500923157, 0.005692129489034414, -0.0005995198735035956, 0.9647670984268188, -0.5148942470550537, -0.013751882128417492, 2.2315405658446252e-05, 0.8571434020996094, -0.536422610282898, -0.2531639635562897, 0.7722064852714539, 0.22771893441677094, -0.4980000853538513, 0.4966984689235687, 0.5047670602798462, 0.5004967451095581, -0.3789916932582855, -0.020527740940451622, -0.20812930166721344, 0.9014577865600586, 0.5328863263130188, -0.018187174573540688, 0.11772527545690536, 0.8377602100372314, 0.3265173137187958, -0.012062913738191128, 0.035416435450315475, 0.9444504380226135, -0.5458533763885498, 0.047153543680906296, 0.6106694340705872, 0.5717546343803406, -0.3636553883552551, 0.012224724516272545, 0.15505746006965637, 0.9184566140174866, 0.6828967928886414, -0.021646786481142044, -0.09212334454059601, 0.7243595719337463, 0.3513582944869995, -0.04096997529268265, -0.07263709604740143, 0.9325195550918579, 0.36229372024536133, 0.6498633623123169, -0.16238869726657867, 0.6481132507324219, -0.09959901124238968, 0.006969176698476076, -0.03028571791946888, 0.9945422410964966, -0.1010914146900177, 0.009088392369449139, -0.03496327996253967, 0.994221031665802, -0.5101732611656189, 0.5352446436882019, -0.43611815571784973, 0.5128716826438904, -0.4982777535915375, -0.019201798364520073, -0.0456392802298069, 0.8656024932861328, 0.12095946073532104, -0.48328840732574463, 0.018466996029019356, 0.8668679594993591, 0.07006249576807022, -0.08423049747943878, -0.14826448261737823, 0.9828601479530334, -0.5623016357421875, -0.50239497423172, 0.38376951217651367, 0.5330451130867004, -0.5633763670921326, -0.14272871613502502, 0.07295975834131241, 0.8105013966560364, 0.15424096584320068, 0.4950132668018341, -0.06253375113010406, 0.8527960777282715, 0.009394606575369835, 0.17356428503990173, 0.17057949304580688, 0.9698917269706726, -0.04635675996541977, 0.01957830972969532, 0.17078690230846405, 0.9840221405029297, -0.10759256035089493, -0.09823165833950043, 0.2524690330028534, 0.956574022769928, 0.26314905285835266, 0.005934952758252621, -0.00039642295450903475, 0.9647368788719177, -0.5148841738700867, -0.013753414154052734, 2.124718412233051e-05, 0.8571494221687317, -0.504659116268158, -0.2447480410337448, 0.7935175895690918, 0.23610879480838776, -0.5102133750915527, 0.4989441931247711, 0.5044777393341064, 0.48604440689086914, -0.3783476948738098, -0.0139841353520751, -0.18230798840522766, 0.9074256420135498, 0.5369427800178528, -0.02610619366168976, 0.1218244805932045, 0.8343678712844849, 0.3263818919658661, -0.010900324210524559, 0.037339869886636734, 0.9444373250007629, -0.5331062078475952, 0.05436299368739128, 0.6090385317802429, 0.5847345590591431, -0.3662717640399933, 0.011121783405542374, 0.17722804844379425, 0.9134065508842468, 0.6797145009040833, -0.019247382879257202, -0.09207696467638016, 0.7274198532104492, 0.3489324450492859, -0.03294959291815758, -0.06664464622735977, 0.9341943264007568, 0.36548951268196106, 0.6465609669685364, -0.15835334360599518, 0.6506155729293823, -0.10142581164836884, 0.004263469483703375, -0.01881730556488037, 0.994655966758728, -0.10273408144712448, 0.006430199835449457, -0.023281298577785492, 0.9944155812263489, -0.5182011127471924, 0.5278289318084717, -0.42658090591430664, 0.520473837852478, -0.4994821846485138, -0.0006666505360044539, -0.04693610966205597, 0.8650515079498291, 0.12201937288045883, -0.4893524646759033, 0.016271520406007767, 0.8633543252944946, 0.06774052232503891, -0.0879901871085167, -0.15052495896816254, 0.9823498725891113, -0.5568509101867676, -0.5072786808013916, 0.3915351331233978, 0.5284748673439026, -0.5661107897758484, -0.13813337683677673, 0.07632110267877579, 0.809081494808197, 0.1568770557641983, 0.5036570429801941, -0.05978216230869293, 0.8474345207214355, 0.024893950670957565, 0.16805531084537506, 0.17068161070346832, 0.9705696702003479, -0.04480348154902458, 0.023289771750569344, 0.1680210679769516, 0.9844892621040344, -0.10775475203990936, -0.11590901762247086, 0.26352638006210327, 0.9515817761421204, 0.263226717710495, 0.0061730011366307735, -0.00021389307221397758, 0.9647142291069031, -0.5148772597312927, -0.013756080530583858, 1.9577630155254155e-05, 0.857153594493866, -0.4704189896583557, -0.23565006256103516, 0.8145812749862671, 0.24419745802879333, -0.5228510499000549, 0.5004281997680664, 0.5052627921104431, 0.4700085520744324, -0.3759016692638397, -0.007957957684993744, -0.15443278849124908, 0.913665771484375, 0.5396907329559326, -0.03424116596579552, 0.12607647478580475, 0.8316647410392761, 0.32592129707336426, -0.010143248364329338, 0.03840874880552292, 0.9445619583129883, -0.5200672745704651, 0.06466443836688995, 0.6067227721214294, 0.5976922512054443, -0.3693583309650421, 0.008610077202320099, 0.19499936699867249, 0.9085568785667419, 0.6739500164985657, -0.01453289296478033, -0.09307298809289932, 0.7327466607093811, 0.3485843241214752, -0.02791311778128147, -0.061678238213062286, 0.9348292350769043, 0.3686974346637726, 0.643187403678894, -0.15435108542442322, 0.6531063318252563, -0.10322460532188416, 0.0014276014408096671, -0.007282718550413847, 0.9946303963661194, -0.1043965294957161, 0.003555864095687866, -0.011619635857641697, 0.9944615364074707, -0.5254247188568115, 0.5212533473968506, -0.41799288988113403, 0.5267882943153381, -0.5018843412399292, 0.020512284711003304, -0.05006573721766472, 0.8632408380508423, 0.12399014085531235, -0.49900296330451965, 0.017381619662046432, 0.8575083017349243, 0.06553737819194794, -0.09172718226909637, -0.14833088219165802, 0.9824911952018738, -0.5520274639129639, -0.5137425065040588, 0.39843636751174927, 0.5220946669578552, -0.5693867206573486, -0.13760870695114136, 0.07829131186008453, 0.8066803216934204, 0.16304348409175873, 0.5115580558776855, -0.054788172245025635, 0.8418571352958679, 0.03831039369106293, 0.16150672733783722, 0.17783977091312408, 0.9699592590332031, -0.03918685019016266, 0.02782074734568596, 0.16221797466278076, 0.9855839610099792, -0.10761894285678864, -0.1284104287624359, 0.2664159834384918, 0.9491846561431885, 0.26328524947166443, 0.00641204696148634, -4.7330042434623465e-05, 0.9646967053413391, -0.5148744583129883, -0.013759283348917961, 1.761315252224449e-05, 0.8571551442146301, -0.4356512427330017, -0.22704212367534637, 0.8337230682373047, 0.25212252140045166, -0.5354318618774414, 0.5004778504371643, 0.5072580575942993, 0.45334741473197937, -0.37249279022216797, -0.0031078008469194174, -0.1263611614704132, 0.9193869233131409, 0.5415995121002197, -0.04195474833250046, 0.1301322728395462, 0.8294428586959839, 0.3255469799041748, -0.009798351675271988, 0.03887486830353737, 0.9446755647659302, -0.507525622844696, 0.07608422636985779, 0.6040775179862976, 0.609687864780426, -0.3729623556137085, 0.004407376982271671, 0.20803502202033997, 0.9042129516601562, 0.6671246886253357, -0.008310184814035892, -0.09492415934801102, 0.7388267517089844, 0.34905150532722473, -0.02472665347158909, -0.057387497276067734, 0.9350178241729736, 0.3718996047973633, 0.6399861574172974, -0.15029919147491455, 0.6553767323493958, -0.10503140836954117, -0.0009072676184587181, 0.004190103150904179, 0.9944596886634827, -0.10614780336618423, 0.0011027408763766289, -0.00014766481763217598, 0.9943497776985168, -0.5297930240631104, 0.5158900022506714, -0.41262367367744446, 0.531900942325592, -0.5057207942008972, 0.03912995383143425, -0.05229409039020538, 0.8602213263511658, 0.12740449607372284, -0.5079569220542908, 0.02103346213698387, 0.8516486883163452, 0.06594966351985931, -0.09425961226224899, -0.1467484086751938, 0.9824615120887756, -0.5471857190132141, -0.5204389691352844, 0.4052159786224365, 0.5152971148490906, -0.56993168592453, -0.14069277048110962, 0.08207783848047256, 0.8053860664367676, 0.1646135300397873, 0.5186225771903992, -0.049648720771074295, 0.8375368714332581, 0.05049174278974533, 0.15668664872646332, 0.18074852228164673, 0.9696545004844666, -0.030757419764995575, 0.032644208520650864, 0.15534608066082, 0.9868413805961609, -0.10917158424854279, -0.13821005821228027, 0.2672630250453949, 0.9473912119865417, 0.2633207440376282, 0.0066011520102620125, 8.108137990348041e-05, 0.9646857976913452, -0.5148747563362122, -0.013762925751507282, 1.5530282325926237e-05, 0.8571549654006958, -0.40031617879867554, -0.21879634261131287, 0.8512159585952759, 0.2594350576400757, -0.5473893284797668, 0.4983346462249756, 0.5104934573173523, 0.4375201165676117, -0.36847391724586487, 0.0017669162480160594, -0.09701014310121536, 0.9245609045028687, 0.5426367521286011, -0.049636777490377426, 0.13412724435329437, 0.827702522277832, 0.3251504600048065, -0.009329822845757008, 0.03949722647666931, 0.9447910785675049, -0.4949456453323364, 0.08873879909515381, 0.6010193228721619, 0.6212326884269714, -0.37689995765686035, -0.0009038742282427847, 0.2180091142654419, 0.9002320170402527, 0.659236490726471, -0.0010246036108583212, -0.09756173193454742, 0.745578944683075, 0.3502710461616516, -0.02319973148405552, -0.053573545068502426, 0.9348271489143372, 0.37485235929489136, 0.6373500823974609, -0.14683708548545837, 0.6570461392402649, -0.10621443390846252, -0.002383524551987648, 0.014010202139616013, 0.9942417144775391, -0.10746754705905914, -0.0005776234902441502, 0.009750730358064175, 0.9941605925559998, -0.5338514447212219, 0.5101864337921143, -0.40748006105422974, 0.5372825264930725, -0.5062652230262756, 0.05603285878896713, -0.05424118414521217, 0.8588444590568542, 0.13047276437282562, -0.5159047842025757, 0.026414334774017334, 0.8462395668029785, 0.06571798026561737, -0.08780808001756668, -0.14355117082595825, 0.9835466742515564, -0.5422884821891785, -0.5282183885574341, 0.4119267463684082, 0.507173478603363, -0.569046139717102, -0.1471480429172516, 0.08480425179004669, 0.8045758008956909, 0.16618748009204865, 0.5254934430122375, -0.046448878943920135, 0.8331151604652405, 0.06160895526409149, 0.1534886211156845, 0.18206873536109924, 0.9692763090133667, -0.021257948130369186, 0.03788365423679352, 0.14835722744464874, 0.9879792928695679, -0.1118403822183609, -0.1461726576089859, 0.2672986686229706, 0.945873498916626, 0.2633129060268402, 0.006731319706887007, 0.00016888498794287443, 0.9646869897842407, -0.5148782730102539, -0.013766683638095856, 1.342788618785562e-05, 0.8571527600288391, -0.3655257225036621, -0.21086746454238892, 0.8664894104003906, 0.2666871249675751, -0.5585085153579712, 0.4952337145805359, 0.5149021148681641, 0.42153021693229675, -0.3643970787525177, 0.0061247157864272594, -0.06888376176357269, 0.9286723136901855, 0.5435583591461182, -0.055887673050165176, 0.13760173320770264, 0.8261275291442871, 0.3244822323322296, -0.008976117707788944, 0.039784252643585205, 0.9450121521949768, -0.4842970073223114, 0.1027253121137619, 0.5981676578521729, 0.6301583051681519, -0.3803919851779938, -0.00872416328638792, 0.2236901968717575, 0.8973230123519897, 0.6509146094322205, 0.007618763484060764, -0.10132119059562683, 0.7523205280303955, 0.3515978455543518, -0.022971823811531067, -0.05000695586204529, 0.9345322847366333, 0.3771858513355255, 0.6360995173454285, -0.14489874243736267, 0.6573527455329895, -0.10699374973773956, -0.0024847975000739098, 0.02139357663691044, 0.9940264225006104, -0.10853002220392227, -0.0009361931588500738, 0.016620948910713196, 0.9939537644386292, -0.5368458032608032, 0.5043779611587524, -0.40335068106651306, 0.5428699851036072, -0.5040639042854309, 0.06932181119918823, -0.05480534955859184, 0.8591336011886597, 0.13382062315940857, -0.5236661434173584, 0.031436987221241, 0.8407601118087769, 0.07797641307115555, -0.08069072663784027, -0.14283692836761475, 0.9833648204803467, -0.5362817645072937, -0.5403071641921997, 0.41941070556640625, 0.4945348799228668, -0.5627104640007019, -0.15135321021080017, 0.0876857191324234, 0.807935893535614, 0.16352519392967224, 0.5291480422019958, -0.0388387031853199, 0.8317171931266785, 0.06836118549108505, 0.15014207363128662, 0.18051499128341675, 0.9696383476257324, -0.012860860675573349, 0.04213464632630348, 0.14238493144512177, 0.9888305068016052, -0.11561331152915955, -0.15353822708129883, 0.26802948117256165, 0.9440444111824036, 0.26327648758888245, 0.006956289988011122, 5.091948696644977e-05, 0.9646953344345093, -0.5148850679397583, -0.013769564218819141, 1.197579604195198e-05, 0.8571486473083496, -0.33079707622528076, -0.20314809679985046, 0.8799830675125122, 0.2737407684326172, -0.5693488717079163, 0.4896138608455658, 0.5204274654388428, 0.4065408706665039, -0.3595393896102905, 0.010591218248009682, -0.03904161974787712, 0.9322526454925537, 0.5440192818641663, -0.06270664185285568, 0.14115743339061737, 0.8247336149215698, 0.32431042194366455, -0.008645588532090187, 0.04028364643454552, 0.9450530409812927, -0.4748517572879791, 0.11692128330469131, 0.5955997705459595, 0.637264609336853, -0.38200643658638, -0.01708121970295906, 0.22731910645961761, 0.895603358745575, 0.6418057680130005, 0.016096016392111778, -0.10519672185182571, 0.7594471573829651, 0.35254186391830444, -0.02371492236852646, -0.04687065631151199, 0.9343206286430359, 0.3794001340866089, 0.6347914934158325, -0.14293035864830017, 0.6577736735343933, -0.10683822631835938, -0.0023073218762874603, 0.02723064087331295, 0.9939007759094238, -0.10891662538051605, -0.0009226747206412256, 0.022404151037335396, 0.9937979578971863, -0.5386808514595032, 0.49952077865600586, -0.40049073100090027, 0.5476396679878235, -0.4984726905822754, 0.08053609728813171, -0.05480309575796127, 0.8614148497581482, 0.13594838976860046, -0.5275806784629822, 0.03545977175235748, 0.837806224822998, 0.08632051944732666, -0.07386404275894165, -0.14089514315128326, 0.9834843873977661, -0.5336481332778931, -0.551923930644989, 0.42226508259773254, 0.4819665551185608, -0.5525119304656982, -0.15803022682666779, 0.08972188085317612, 0.813453733921051, 0.16069026291370392, 0.5319286584854126, -0.033927083015441895, 0.830710232257843, 0.07725343853235245, 0.1491679549217224, 0.1803697943687439, 0.9691478610038757, -0.005505488719791174, 0.04545142501592636, 0.13561277091503143, 0.9897035360336304, -0.11919794976711273, -0.1555917114019394, 0.2688494920730591, 0.9430286884307861, 0.2631996273994446, 0.006894111167639494, 1.2230455467943102e-05, 0.9647167325019836, -0.5148928165435791, -0.01377192698419094, 1.0826301149791107e-05, 0.8571439385414124, -0.2973501980304718, -0.19529370963573456, 0.8914689421653748, 0.28058210015296936, -0.5793938636779785, 0.48347845673561096, 0.5261732935905457, 0.3920370936393738, -0.35492247343063354, 0.014438898302614689, -0.010388786904513836, 0.9347265362739563, 0.5446760058403015, -0.06965752691030502, 0.1448015719652176, 0.8231090307235718, 0.3243916630744934, -0.008565159514546394, 0.04060855135321617, 0.9450120329856873, -0.4664270281791687, 0.13010451197624207, 0.5932176113128662, 0.6431264877319336, -0.3823572099208832, -0.023746276274323463, 0.23061451315879822, 0.894458532333374, 0.6315058469772339, 0.024980008602142334, -0.10947878658771515, 0.7671967148780823, 0.35462310910224915, -0.025281736627221107, -0.043535325676202774, 0.9336529970169067, 0.3814953863620758, 0.6334120631217957, -0.14126154780387878, 0.658251941204071, -0.1064407229423523, -0.0025866718497127295, 0.032663650810718536, 0.9937790036201477, -0.10903169959783554, -0.0013362865429371595, 0.027693599462509155, 0.9936515092849731, -0.5391882658004761, 0.4954378008842468, -0.3991195261478424, 0.5518343448638916, -0.495052695274353, 0.08931772410869598, -0.052980657666921616, 0.8626344799995422, 0.13798697292804718, -0.527247428894043, 0.044355086982250214, 0.8372588753700256, 0.08713635802268982, -0.06655553728342056, -0.13561777770519257, 0.9846752882003784, -0.5308294296264648, -0.559571385383606, 0.42525532841682434, 0.47355884313583374, -0.5448481440544128, -0.16392795741558075, 0.090567447245121, 0.817352831363678, 0.15588513016700745, 0.5291999578475952, -0.030342765152454376, 0.8335025906562805, 0.08069151639938354, 0.1510995775461197, 0.18175053596496582, 0.9683101773262024, 0.00045921767014078796, 0.04865974932909012, 0.1283673197031021, 0.9905321002006531, -0.12322548776865005, -0.15479552745819092, 0.26788610219955444, 0.9429161548614502, 0.2631623446941376, 0.006796483416110277, -5.492709897225723e-05, 0.9647276401519775, -0.514899730682373, -0.01377413235604763, 9.78055231826147e-06, 0.8571397662162781, -0.2667611837387085, -0.18786565959453583, 0.9007536768913269, 0.28668418526649475, -0.58771812915802, 0.4778308868408203, 0.5315366387367249, 0.37912240624427795, -0.3518155515193939, 0.01725662872195244, 0.015564285218715668, 0.9357808828353882, 0.5457060933113098, -0.07582367211580276, 0.14794255793094635, 0.8213213086128235, 0.32436904311180115, -0.008458604104816914, 0.040929995477199554, 0.9450068473815918, -0.45976561307907104, 0.14119912683963776, 0.5914092063903809, 0.6472353339195251, -0.37966522574424744, -0.029541347175836563, 0.23302750289440155, 0.8948071599006653, 0.6199246048927307, 0.03374997898936272, -0.11437729746103287, 0.7755464315414429, 0.35739147663116455, -0.02689417265355587, -0.04021425545215607, 0.9327008724212646, 0.3831712305545807, 0.6322506666183472, -0.13999730348587036, 0.6586651802062988, -0.10603483766317368, -0.0031190006993710995, 0.03680918738245964, 0.9936760067939758, -0.10907204449176788, -0.0018648931290954351, 0.031697869300842285, 0.9935265779495239, -0.5412541031837463, 0.4922574460506439, -0.39609864354133606, 0.554826557636261, -0.48900309205055237, 0.09649661928415298, -0.05022533982992172, 0.8654720187187195, 0.1403404325246811, -0.5270240902900696, 0.05055578425526619, 0.8366566300392151, 0.089370496571064, -0.059750258922576904, -0.1330699920654297, 0.9852589964866638, -0.5275657176971436, -0.5635424256324768, 0.4289614260196686, 0.46913382411003113, -0.542137861251831, -0.16984012722969055, 0.09039459377527237, 0.8179668188095093, 0.1518184244632721, 0.5218149423599243, -0.02899535745382309, 0.8389396071434021, 0.08282238245010376, 0.15474335849285126, 0.18598787486553192, 0.9667489528656006, 0.004985760431736708, 0.05123267322778702, 0.12089024484157562, 0.9913303852081299, -0.12752452492713928, -0.1534850001335144, 0.26555779576301575, 0.9432173371315002, 0.2631473243236542, 0.006682069506496191, -0.00013232887431513518, 0.9647325277328491, -0.5149133801460266, -0.013779457658529282, 7.0126416176208295e-06, 0.8571314811706543, -0.23936827480793, -0.18129321932792664, 0.908060610294342, 0.29199567437171936, -0.5946058630943298, 0.4713188707828522, 0.5371522307395935, 0.3684696555137634, -0.34860876202583313, 0.02048085816204548, 0.03964267671108246, 0.9362056255340576, 0.5460500717163086, -0.08125640451908112, 0.15079402923583984, 0.8200535774230957, 0.32475441694259644, -0.008486009202897549, 0.041139185428619385, 0.9448651671409607, -0.45341628789901733, 0.15173351764678955, 0.5897243022918701, 0.6508578658103943, -0.3784480690956116, -0.03434774652123451, 0.2337988317012787, 0.8949499130249023, 0.6096920967102051, 0.04093943536281586, -0.11824171990156174, 0.782699465751648, 0.36014434695243835, -0.028038911521434784, -0.03725891560316086, 0.9317305088043213, 0.3843023478984833, 0.6313322186470032, -0.13915042579174042, 0.659066379070282, -0.1058516874909401, -0.003783718217164278, 0.039684832096099854, 0.993582546710968, -0.10936418920755386, -0.00243309885263443, 0.03452768921852112, 0.993398904800415, -0.5434248447418213, 0.48939839005470276, -0.3930039703845978, 0.5574285387992859, -0.48246946930885315, 0.0995989441871643, -0.04717183858156204, 0.8689522743225098, 0.1425389051437378, -0.5262182950973511, 0.054843008518218994, 0.836522102355957, 0.09251002222299576, -0.05595551058650017, -0.13253909349441528, 0.9852635264396667, -0.5246632099151611, -0.5669783353805542, 0.43220725655555725, 0.4652537703514099, -0.5410966873168945, -0.1758287101984024, 0.08975077420473099, 0.8174616098403931, 0.1493409276008606, 0.5152570009231567, -0.030808143317699432, 0.8433613777160645, 0.09126323461532593, 0.15985673666000366, 0.18811793625354767, 0.9647427201271057, 0.009229275397956371, 0.052823930978775024, 0.1136569231748581, 0.9920718669891357, -0.1315484642982483, -0.1509094387292862, 0.26269325613975525, 0.9438822269439697, 0.26316288113594055, 0.006543608382344246, -0.00023057512589730322, 0.9647291898727417, -0.5149205327033997, -0.013781530782580376, 5.976096417725785e-06, 0.8571271300315857, -0.2180948257446289, -0.17675819993019104, 0.91293865442276, 0.29619958996772766, -0.5994656085968018, 0.4650449752807617, 0.5423493385314941, 0.3608758747577667, -0.34598299860954285, 0.023220466449856758, 0.05904866382479668, 0.9360928535461426, 0.5458167791366577, -0.08502340316772461, 0.15285030007362366, 0.8194460868835449, 0.3247748613357544, -0.00843794085085392, 0.04133002832531929, 0.9448502063751221, -0.447843462228775, 0.16008388996124268, 0.5886504650115967, 0.6536819934844971, -0.37856096029281616, -0.03816578537225723, 0.2327113151550293, 0.8950309753417969, 0.601640522480011, 0.046400006860494614, -0.12121251225471497, 0.7881518006324768, 0.3628474473953247, -0.02910649962723255, -0.034947410225868225, 0.9307380318641663, 0.3850520849227905, 0.6306992769241333, -0.1385272741317749, 0.6593660712242126, -0.10585041344165802, -0.004335920792073011, 0.041698288172483444, 0.9934979677200317, -0.10976840555667877, -0.0027573700062930584, 0.03642289713025093, 0.9932858347892761, -0.5448962450027466, 0.4872114360332489, -0.3907671570777893, 0.5594767332077026, -0.47753262519836426, 0.09733594954013824, -0.04214507341384888, 0.872188150882721, 0.14686685800552368, -0.5258631110191345, 0.05812188237905502, 0.8357751369476318, 0.09532947093248367, -0.05462336540222168, -0.13604505360126495, 0.9845914244651794, -0.5220374464988708, -0.5692968368530273, 0.4350997805595398, 0.4626729488372803, -0.541091799736023, -0.18191857635974884, 0.08957677334547043, 0.8161503076553345, 0.14680048823356628, 0.5083754658699036, -0.03282042220234871, 0.8478955626487732, 0.09167982637882233, 0.16120131313800812, 0.18854980170726776, 0.9643951058387756, 0.012071209028363228, 0.05411827936768532, 0.10717231780290604, 0.9926931262016296, -0.13539482653141022, -0.14821656048297882, 0.2619183361530304, 0.9439803957939148, 0.26318246126174927, 0.006364298518747091, -0.0003542871563695371, 0.9647250175476074, -0.5149245858192444, -0.013782082125544548, 5.878322554053739e-06, 0.8571246862411499, -0.2014325112104416, -0.17382903397083282, 0.9163463711738586, 0.29919514060020447, -0.6028406620025635, 0.4600328803062439, 0.5469595789909363, 0.3546662926673889, -0.34343621134757996, 0.0238852109760046, 0.0741228312253952, 0.935941755771637, 0.5458326935768127, -0.0868854969739914, 0.1539643108844757, 0.8190314769744873, 0.3243288993835449, -0.00867896806448698, 0.040709659457206726, 0.9450281262397766, -0.442631334066391, 0.1660357266664505, 0.5880075693130493, 0.6563205718994141, -0.37828776240348816, -0.04032384976744652, 0.23272882401943207, 0.8950473070144653, 0.594795823097229, 0.0500398725271225, -0.12329123914241791, 0.7927882671356201, 0.36506086587905884, -0.029787447303533554, -0.03339406102895737, 0.9299075603485107, 0.3856135308742523, 0.6302530765533447, -0.1380315124988556, 0.6595685482025146, -0.10582681745290756, -0.004763824865221977, 0.04319027438759804, 0.9934347867965698, -0.1101403683423996, -0.003037596819922328, 0.03777202591300011, 0.9931934475898743, -0.5478651523590088, 0.4857451319694519, -0.387050062417984, 0.5604353547096252, -0.4713791608810425, 0.0946914479136467, -0.03716226667165756, 0.8760446310043335, 0.15125519037246704, -0.527527391910553, 0.063261978328228, 0.8335674405097961, 0.0951671302318573, -0.056000903248786926, -0.13633893430233002, 0.9844891428947449, -0.5199065208435059, -0.5708017349243164, 0.4374378025531769, 0.46101054549217224, -0.5411821603775024, -0.18791215121746063, 0.08923467248678207, 0.8147687315940857, 0.14437979459762573, 0.5006288886070251, -0.033631693571805954, 0.8528740406036377, 0.0921211987733841, 0.16446571052074432, 0.19071219861507416, 0.9633761644363403, 0.014268926344811916, 0.05549044534564018, 0.10152652114629745, 0.9931815266609192, -0.13885174691677094, -0.14587508141994476, 0.26208144426345825, 0.9437976479530334, 0.2632272243499756, 0.006205050740391016, -0.0004647471068892628, 0.9647138118743896, -0.5149279236793518, -0.013782470487058163, 5.804448846902233e-06, 0.8571227192878723, -0.18927939236164093, -0.17190304398536682, 0.9186556935310364, 0.3011550009250641, -0.6049419045448303, 0.4563279449939728, 0.5505602955818176, 0.35027632117271423, -0.3415384292602539, 0.02367481030523777, 0.08518429845571518, 0.9357000589370728, 0.5460676550865173, -0.08762098103761673, 0.15449576079845428, 0.8186963796615601, 0.3242622911930084, -0.008986536413431168, 0.04020838811993599, 0.9450696110725403, -0.43836846947669983, 0.1696784347295761, 0.5874909162521362, 0.658708393573761, -0.3773041069507599, -0.04075542837381363, 0.23500630259513855, 0.8948478698730469, 0.5897234082221985, 0.05179018899798393, -0.1244209036231041, 0.796281099319458, 0.36649367213249207, -0.02939644455909729, -0.03230002149939537, 0.9293949604034424, 0.3859834372997284, 0.6299108862876892, -0.1376591920852661, 0.6597568392753601, -0.10579049587249756, -0.0051715187728405, 0.044217415153980255, 0.9933914542198181, -0.11052769422531128, -0.0033389246091246605, 0.03863748162984848, 0.9931160807609558, -0.5512832403182983, 0.48534858226776123, -0.3831716477870941, 0.560092031955719, -0.4651166796684265, 0.09150541573762894, -0.03277554735541344, 0.8798971772193909, 0.15507616102695465, -0.5306423306465149, 0.06797654181718826, 0.8305115103721619, 0.09617290645837784, -0.06472016125917435, -0.1353473961353302, 0.9839934706687927, -0.5183199048042297, -0.5722766518592834, 0.4391416311264038, 0.4593457579612732, -0.5406413078308105, -0.19206900894641876, 0.08857526630163193, 0.8142302632331848, 0.14106783270835876, 0.4918373227119446, -0.03450322523713112, 0.8584902286529541, 0.09718086570501328, 0.16707077622413635, 0.19325749576091766, 0.9619224667549133, 0.017355039715766907, 0.05652943253517151, 0.09686030447483063, 0.9935398101806641, -0.14255359768867493, -0.1444459706544876, 0.2626698911190033, 0.9433018565177917, 0.263298362493515, 0.0060995095409452915, -0.0005404711700975895, 0.9646950364112854, -0.514930248260498, -0.013782666996121407, 5.763712579209823e-06, 0.8571212887763977, -0.18125887215137482, -0.17079561948776245, 0.9198618531227112, 0.3030318319797516, -0.6063969135284424, 0.45314469933509827, 0.553285539150238, 0.34758856892585754, -0.34076324105262756, 0.023906756192445755, 0.09276429563760757, 0.9352559447288513, 0.5465896129608154, -0.08793123811483383, 0.15481840074062347, 0.818253755569458, 0.32417523860931396, -0.009173376485705376, 0.03987153619527817, 0.9451119303703308, -0.43573370575904846, 0.17103487253189087, 0.587274432182312, 0.6602969765663147, -0.37615853548049927, -0.040163278579711914, 0.2402106374502182, 0.8939745426177979, 0.5871900320053101, 0.05165910720825195, -0.12454581260681152, 0.7981401085853577, 0.366939514875412, -0.02820569835603237, -0.03177698329091072, 0.9292739629745483, 0.3861011564731598, 0.6297824382781982, -0.13734513521194458, 0.6598760485649109, -0.10591532289981842, -0.0053607444278895855, 0.04464617371559143, 0.9933578968048096, -0.11102244257926941, -0.003409391036257148, 0.03890532627701759, 0.993050217628479, -0.5537779927253723, 0.48463138937950134, -0.3802596628665924, 0.5602366328239441, -0.4605051577091217, 0.08772220462560654, -0.028937451541423798, 0.8828377723693848, 0.15882299840450287, -0.5336949825286865, 0.07020693272352219, 0.8276568651199341, 0.09957312792539597, -0.08017197996377945, -0.1376892626285553, 0.9821910262107849, -0.5177735686302185, -0.5738332867622375, 0.43957698345184326, 0.4576002061367035, -0.539810299873352, -0.19432032108306885, 0.08737990260124207, 0.8143765926361084, 0.13744193315505981, 0.4828031063079834, -0.03637262061238289, 0.864111065864563, 0.1000477522611618, 0.16996009647846222, 0.1949385553598404, 0.9607824683189392, 0.02063455432653427, 0.055731162428855896, 0.09311244636774063, 0.9938804507255554, -0.14550529420375824, -0.14315000176429749, 0.26381585001945496, 0.9427287578582764, 0.26336732506752014, 0.006029901094734669, -0.0005916508380323648, 0.9646766185760498, -0.5149311423301697, -0.013782711699604988, 5.828638677485287e-06, 0.8571207523345947, -0.17674781382083893, -0.1706361621618271, 0.9202486276626587, 0.304608017206192, -0.6072120666503906, 0.4504294991493225, 0.555368959903717, 0.34636998176574707, -0.3407449722290039, 0.024398621171712875, 0.09737799316644669, 0.9347807765007019, 0.5472860932350159, -0.08793646097183228, 0.15492619574069977, 0.8177670836448669, 0.3241499960422516, -0.009337938390672207, 0.039608485996723175, 0.9451299905776978, -0.43383002281188965, 0.17102371156215668, 0.5875345468521118, 0.6613211631774902, -0.37583690881729126, -0.03963065147399902, 0.24413639307022095, 0.8930696845054626, 0.5864515900611877, 0.050772473216056824, -0.12426041066646576, 0.7987841367721558, 0.3666400909423828, -0.026565611362457275, -0.031594227999448776, 0.9294466972351074, 0.385932058095932, 0.6300718784332275, -0.13730572164058685, 0.6597068309783936, -0.10599260032176971, -0.004988112952560186, 0.04401068761944771, 0.9933799505233765, -0.11135387420654297, -0.0029776988085359335, 0.03812018781900406, 0.9930449724197388, -0.5551692247390747, 0.484000563621521, -0.37864816188812256, 0.5604963898658752, -0.45555123686790466, 0.0825030505657196, -0.025676432996988297, 0.886006236076355, 0.16095930337905884, -0.5354801416397095, 0.06968492269515991, 0.8261339068412781, 0.10258693993091583, -0.10025680810213089, -0.14216303825378418, 0.979394793510437, -0.518390417098999, -0.5747633576393127, 0.4387056529521942, 0.4565696716308594, -0.5395857095718384, -0.19510826468467712, 0.08605355769395828, 0.8144782781600952, 0.13466067612171173, 0.4746715724468231, -0.03785289451479912, 0.8689767122268677, 0.09912391752004623, 0.1714944690465927, 0.19711539149284363, 0.9601612687110901, 0.02397632785141468, 0.05343908444046974, 0.09039867669343948, 0.9941818118095398, -0.14715977013111115, -0.14189226925373077, 0.2640194892883301, 0.9426050782203674, 0.26340195536613464, 0.006009209435433149, -0.0006092487019486725, 0.9646672606468201, -0.5149317979812622, -0.013782604597508907, 5.929420694883447e-06, 0.8571203351020813, -0.17498217523097992, -0.17080461978912354, 0.9201586246490479, 0.305802583694458, -0.6075328588485718, 0.44895267486572266, 0.55655437707901, 0.3458216190338135, -0.34149256348609924, 0.02455812133848667, 0.09891856461763382, 0.9343419075012207, 0.5481725335121155, -0.08778297156095505, 0.15500567853450775, 0.8171746134757996, 0.3242701590061188, -0.009404435753822327, 0.039593737572431564, 0.9450887441635132, -0.43265625834465027, 0.1701614409685135, 0.5881139636039734, 0.661797285079956, -0.3758333921432495, -0.03914974257349968, 0.24591438472270966, 0.892604410648346, 0.5865210890769958, 0.050306327641010284, -0.12416182458400726, 0.7987778782844543, 0.3660673499107361, -0.025307852774858475, -0.03140692040324211, 0.9297138452529907, 0.3854821026325226, 0.6306445598602295, -0.13763877749443054, 0.6593531966209412, -0.10592776536941528, -0.004346025642007589, 0.04237169399857521, 0.9934611916542053, -0.11152298003435135, -0.002345921704545617, 0.036331094801425934, 0.993094801902771, -0.5563457608222961, 0.4840947687625885, -0.37751805782318115, 0.560010552406311, -0.4507816731929779, 0.07563063502311707, -0.021513544023036957, 0.8891642689704895, 0.16309672594070435, -0.5355238914489746, 0.06958529353141785, 0.8256946206092834, 0.10317179560661316, -0.12351854890584946, -0.14704659581184387, 0.9759488105773926, -0.5193905234336853, -0.574711263179779, 0.4375331699848175, 0.45662376284599304, -0.5400265455245972, -0.19471853971481323, 0.08562066406011581, 0.8143249154090881, 0.13147388398647308, 0.46807730197906494, -0.03930210694670677, 0.872968316078186, 0.10021769255399704, 0.17139744758605957, 0.19783329963684082, 0.9599173665046692, 0.02748137339949608, 0.050728797912597656, 0.08889995515346527, 0.9943682551383972, -0.14802566170692444, -0.14113982021808624, 0.26351040601730347, 0.942724883556366, 0.2634267508983612, 0.006031233351677656, -0.0005979090929031372, 0.9646604061126709, -0.51493239402771, -0.013782565481960773, 5.942461939412169e-06, 0.8571200370788574, -0.1765250414609909, -0.1713067889213562, 0.9193627834320068, 0.3070259392261505, -0.6078394055366516, 0.44882649183273315, 0.5567461252212524, 0.34513741731643677, -0.3426917493343353, 0.02383609302341938, 0.09634769707918167, 0.9341902136802673, 0.5492706298828125, -0.0873274952173233, 0.15488341450691223, 0.816508948802948, 0.3244984745979309, -0.009452530182898045, 0.039722736924886703, 0.9450045228004456, -0.4328084886074066, 0.16754311323165894, 0.5892281532287598, 0.661374568939209, -0.37581562995910645, -0.03859693557024002, 0.24546414613723755, 0.8927599191665649, 0.5873246788978577, 0.05043558403849602, -0.12429957091808319, 0.7981576323509216, 0.36548975110054016, -0.02497972920536995, -0.03126197308301926, 0.9299548268318176, 0.3848488926887512, 0.631366491317749, -0.13824151456356049, 0.6589059233665466, -0.10576542466878891, -0.00359580316580832, 0.040144871920347214, 0.9935739636421204, -0.11151736229658127, -0.001615799032151699, 0.03391961380839348, 0.9931821823120117, -0.5569852590560913, 0.4846174120903015, -0.37709277868270874, 0.5592086911201477, -0.44762903451919556, 0.06716566532850266, -0.016559693962335587, 0.8915395736694336, 0.1654452085494995, -0.5335272550582886, 0.07003322243690491, 0.8264816999435425, 0.10371185839176178, -0.14583353698253632, -0.1526988297700882, 0.9719359874725342, -0.5204063057899475, -0.5742355585098267, 0.43636971712112427, 0.4571787714958191, -0.5406370162963867, -0.1929136961698532, 0.08569534122943878, 0.8143416047096252, 0.12845824658870697, 0.4630560278892517, -0.038272157311439514, 0.8761351704597473, 0.0981404185295105, 0.17017719149589539, 0.19997911155223846, 0.9599044322967529, 0.030320456251502037, 0.04730002209544182, 0.08864782005548477, 0.9944772124290466, -0.14841529726982117, -0.14040477573871613, 0.2635442018508911, 0.9427639245986938, 0.2634445130825043, 0.006074451841413975, -0.0005717418971471488, 0.9646552801132202, -0.5149324536323547, -0.013782482594251633, 5.987555141473422e-06, 0.8571199774742126, -0.18176162242889404, -0.17237906157970428, 0.9177334904670715, 0.308242529630661, -0.6081653833389282, 0.4496992230415344, 0.5560910701751709, 0.3444826006889343, -0.34380456805229187, 0.022344477474689484, 0.08977022022008896, 0.9344733357429504, 0.5503324270248413, -0.08622326701879501, 0.15443667769432068, 0.8159958124160767, 0.32448622584342957, -0.009390363469719887, 0.03964659571647644, 0.9450125694274902, -0.4342023432254791, 0.16275987029075623, 0.5910497307777405, 0.6600286960601807, -0.3756650686264038, -0.037693288177251816, 0.24233484268188477, 0.8937162756919861, 0.5885673761367798, 0.05094799026846886, -0.12458562105894089, 0.7971644997596741, 0.36521533131599426, -0.02511589601635933, -0.031154504045844078, 0.9300625920295715, 0.38416436314582825, 0.6321841478347778, -0.13912911713123322, 0.6583343744277954, -0.10527190566062927, -0.002772864419966936, 0.03751568868756294, 0.9937317371368408, -0.11121299862861633, -0.0008005434647202492, 0.03116275928914547, 0.9933075904846191, -0.5573179721832275, 0.48527806997299194, -0.3769388198852539, 0.5584076046943665, -0.44529733061790466, 0.05857601389288902, -0.01210337970405817, 0.893382728099823, 0.1671723872423172, -0.5304033756256104, 0.06952087581157684, 0.8281862735748291, 0.10340997576713562, -0.16549749672412872, -0.15831442177295685, 0.9679118990898132, -0.5213189721107483, -0.573557436466217, 0.4352853298187256, 0.45802292227745056, -0.5425558686256409, -0.19076375663280487, 0.0858001857995987, 0.8135604858398438, 0.12705115973949432, 0.4601983428001404, -0.03777382895350456, 0.8778659701347351, 0.09484214335680008, 0.16758790612220764, 0.20205195248126984, 0.9602574110031128, 0.03086491860449314, 0.04307186231017113, 0.08754827082157135, 0.9947499632835388, -0.14798732101917267, -0.13760922849178314, 0.2609073519706726, 0.943976104259491, 0.26348790526390076, 0.006090360693633556, -0.0005654715932905674, 0.9646432995796204, -0.5149324536323547, -0.013782423920929432, 6.037537787051406e-06, 0.8571199774742126, -0.19050323963165283, -0.17445755004882812, 0.9152594804763794, 0.3091490864753723, -0.608323872089386, 0.45097604393959045, 0.5550400018692017, 0.3442283868789673, -0.34434762597084045, 0.020138094201683998, 0.08008325099945068, 0.9352036714553833, 0.5512006878852844, -0.08416344970464706, 0.1535090059041977, 0.8157998323440552, 0.32505711913108826, -0.009759560227394104, 0.03937481343746185, 0.9448239207267761, -0.43654924631118774, 0.15599532425403595, 0.5937014818191528, 0.6577300429344177, -0.37525779008865356, -0.03712483495473862, 0.23600074648857117, 0.8956043124198914, 0.5902608633041382, 0.051888734102249146, -0.12506742775440216, 0.7957749962806702, 0.3650180995464325, -0.024823952466249466, -0.03105412796139717, 0.9301511645317078, 0.38331273198127747, 0.6332679390907288, -0.14042693376541138, 0.6575129628181458, -0.10445524007081985, -0.0016584205441176891, 0.03399362415075302, 0.9939471483230591, -0.11058328300714493, 0.0003276318311691284, 0.027593066915869713, 0.9934837222099304, -0.5565095543861389, 0.4863829016685486, -0.3780689835548401, 0.5574878454208374, -0.4452459216117859, 0.048529792577028275, -0.008292299695312977, 0.8940538167953491, 0.16869862377643585, -0.5262543559074402, 0.06651488691568375, 0.830766499042511, 0.09937678277492523, -0.18121282756328583, -0.16575799882411957, 0.9642667770385742, -0.522983193397522, -0.5731410384178162, 0.4331497550010681, 0.4586712718009949, -0.5440386533737183, -0.18984438478946686, 0.08674295991659164, 0.8126848936080933, 0.12742839753627777, 0.46183040738105774, -0.03681193292140961, 0.8769946098327637, 0.09134280681610107, 0.16416342556476593, 0.20260103046894073, 0.9610721468925476, 0.03056676685810089, 0.038321007043123245, 0.08197442442178726, 0.9954282641410828, -0.14716291427612305, -0.12729981541633606, 0.24201956391334534, 0.9505600929260254, 0.26357388496398926, 0.006073329597711563, -0.0005951419589109719, 0.9646199345588684, -0.5149332880973816, -0.013782106339931488, 6.249150828807615e-06, 0.8571195006370544, -0.20231223106384277, -0.17711403965950012, 0.9119895100593567, 0.3097992539405823, -0.6083259582519531, 0.45342400670051575, 0.5532465577125549, 0.3438960611820221, -0.3448309898376465, 0.016806738451123238, 0.06699792295694351, 0.9361199140548706, 0.5520391464233398, -0.08113690465688705, 0.1520916223526001, 0.8158049583435059, 0.32549214363098145, -0.010072651319205761, 0.0390842966735363, 0.9446829557418823, -0.43996578454971313, 0.14768190681934357, 0.5969036221504211, 0.6544663906097412, -0.37464261054992676, -0.03658759593963623, 0.22681951522827148, 0.8982523083686829, 0.5921745896339417, 0.053362004458904266, -0.12580938637256622, 0.7941371202468872, 0.36503341794013977, -0.024481376633048058, -0.030928542837500572, 0.9301584362983704, 0.3821438252925873, 0.6346398591995239, -0.14226853847503662, 0.6564739942550659, -0.10334592312574387, -0.00039538872078992426, 0.02920164167881012, 0.9942166805267334, -0.10966457426548004, 0.0016689213225618005, 0.02283579111099243, 0.9937049150466919, -0.5545510649681091, 0.48728489875793457, -0.3803649842739105, 0.5570898056030273, -0.4480915069580078, 0.03622007742524147, -0.005102711729705334, 0.8932391405105591, 0.16973108053207397, -0.5211783647537231, 0.06204633414745331, 0.8340951800346375, 0.09295769780874252, -0.19023014605045319, -0.17362065613269806, 0.9617833495140076, -0.5251119136810303, -0.5729355216026306, 0.430353045463562, 0.45912814140319824, -0.5451492071151733, -0.1902114748954773, 0.08817856758832932, 0.8116997480392456, 0.12900856137275696, 0.4675576090812683, -0.03582138940691948, 0.8737639784812927, 0.08624222129583359, 0.15902774035930634, 0.20113372802734375, 0.9627137780189514, 0.02844521589577198, 0.0315161757171154, 0.07143192738294601, 0.9965416193008423, -0.1424228847026825, -0.10760099440813065, 0.20475617051124573, 0.962399423122406, 0.2636655271053314, 0.006043007597327232, -0.0006470399093814194, 0.9645950198173523, -0.5149347186088562, -0.013781599700450897, 6.602022040169686e-06, 0.8571186661720276, -0.2182050496339798, -0.18000264465808868, 0.9078729748725891, 0.3094387948513031, -0.6074604392051697, 0.4581848978996277, 0.5499215126037598, 0.344448447227478, -0.3459223806858063, 0.012763595208525658, 0.04960157722234726, 0.9368641972541809, 0.5528106093406677, -0.07706187665462494, 0.15015102922916412, 0.816037118434906, 0.3260793089866638, -0.010489814914762974, 0.038706742227077484, 0.944491446018219, -0.44477954506874084, 0.13817696273326874, 0.6003089547157288, 0.6501596570014954, -0.37377551198005676, -0.03556284308433533, 0.213704913854599, 0.9018632769584656, 0.5943660736083984, 0.05526185780763626, -0.1267675757408142, 0.7922153472900391, 0.36538541316986084, -0.024336762726306915, -0.030764808878302574, 0.9300294518470764, 0.38057348132133484, 0.6361590623855591, -0.14472903311252594, 0.6553769707679749, -0.10203586518764496, 0.0006404618034139276, 0.023148925974965096, 0.9945111274719238, -0.10842788964509964, 0.002818030770868063, 0.016838092356920242, 0.9939576983451843, -0.5522521138191223, 0.4895683228969574, -0.38343313336372375, 0.5552653074264526, -0.45101198554039, 0.019327159970998764, -0.0028072369750589132, 0.8923042416572571, 0.16950136423110962, -0.5159673690795898, 0.05659696087241173, 0.8377611637115479, 0.08384791016578674, -0.19237171113491058, -0.17964406311511993, 0.9610882997512817, -0.5268206596374512, -0.5724371671676636, 0.42815178632736206, 0.4598497152328491, -0.5467954277992249, -0.1902773529291153, 0.08976112306118011, 0.8104025721549988, 0.13129445910453796, 0.47409459948539734, -0.03381679952144623, 0.8699727058410645, 0.08056510984897614, 0.14721882343292236, 0.20012839138507843, 0.965289831161499, 0.025795897468924522, 0.02409246377646923, 0.058443740010261536, 0.9976664781570435, -0.13483867049217224, -0.08282837271690369, 0.15944573283195496, 0.9744409322738647, 0.2637063264846802, 0.006035870406776667, -0.0006858925335109234, 0.9645839333534241, -0.5149365067481995, -0.013781237415969372, 6.821518127253512e-06, 0.8571175336837769, -0.23900339007377625, -0.1833379864692688, 0.9024913311004639, 0.30785390734672546, -0.6055061221122742, 0.4659109115600586, 0.5446234941482544, 0.3459402322769165, -0.3475532829761505, 0.007235271390527487, 0.026615500450134277, 0.9372545480728149, 0.5529319643974304, -0.07194993644952774, 0.14767105877399445, 0.8168737292289734, 0.32688865065574646, -0.011164667084813118, 0.03805935010313988, 0.9442301988601685, -0.4512976109981537, 0.12746502459049225, 0.603748083114624, 0.6446483135223389, -0.3729661703109741, -0.03391264006495476, 0.19580650329589844, 0.906314492225647, 0.5969995260238647, 0.0575653500854969, -0.1278725415468216, 0.7898901104927063, 0.3659668564796448, -0.024228535592556, -0.03053164854645729, 0.9298112988471985, 0.37882199883461, 0.6375319361686707, -0.14732827246189117, 0.6544779539108276, -0.10093953460454941, 0.0012214125599712133, 0.01706254668533802, 0.9947454929351807, -0.10715093463659286, 0.003641693154349923, 0.010753399692475796, 0.9941779971122742, -0.5493822693824768, 0.49189549684524536, -0.387187123298645, 0.5534476041793823, -0.45459726452827454, 0.0008759982301853597, -0.0020818610209971666, 0.890694260597229, 0.168434739112854, -0.511366605758667, 0.04975728690624237, 0.841224193572998, 0.07507144659757614, -0.18911460041999817, -0.184736967086792, 0.9614948034286499, -0.5290102958679199, -0.571252167224884, 0.4254687428474426, 0.46129754185676575, -0.5472230315208435, -0.19032570719718933, 0.090400829911232, 0.8100313544273376, 0.13306595385074615, 0.47933945059776306, -0.029659995809197426, 0.8669760227203369, 0.06414760649204254, 0.1333891898393631, 0.2006331831216812, 0.9684207439422607, 0.02273864485323429, 0.017133696004748344, 0.04761594906449318, 0.9984598755836487, -0.1262545883655548, -0.05959586426615715, 0.11758080869913101, 0.9832003116607666, 0.26365962624549866, 0.0060479301027953625, -0.0007046189275570214, 0.9645965695381165, -0.5149380564689636, -0.013781162910163403, 6.885090442665387e-06, 0.8571166396141052, -0.263278990983963, -0.18792231380939484, 0.8958443403244019, 0.3046838939189911, -0.6018908619880676, 0.4739069938659668, 0.5388562083244324, 0.35039040446281433, -0.3486172556877136, 0.001611677696928382, 0.0018004615558311343, 0.9372621178627014, 0.551910400390625, -0.06620410829782486, 0.1447872519493103, 0.8185649514198303, 0.3274105191230774, -0.011625366285443306, 0.03755256533622742, 0.9440641403198242, -0.45834505558013916, 0.11656290292739868, 0.6069998741149902, 0.6386579871177673, -0.3723076581954956, -0.03235311806201935, 0.17426487803459167, 0.9110280275344849, 0.5996085405349731, 0.06079201400279999, -0.12949271500110626, 0.7874043583869934, 0.36679768562316895, -0.024145416915416718, -0.03020915947854519, 0.9294965863227844, 0.37706512212753296, 0.6390308737754822, -0.1496962010860443, 0.6534925103187561, -0.10013888031244278, 0.0022661276161670685, 0.011251719668507576, 0.9949072599411011, -0.10604574531316757, 0.0047801039181649685, 0.0049677747301757336, 0.9943373203277588, -0.5474732518196106, 0.4934714138507843, -0.38983282446861267, 0.5520773530006409, -0.4582216739654541, -0.0133033012971282, -0.0034461847972124815, 0.8887317180633545, 0.16867373883724213, -0.5107768177986145, 0.0433841273188591, 0.8418872356414795, 0.06513389945030212, -0.18453581631183624, -0.18789030611515045, 0.9624974727630615, -0.5312931537628174, -0.5703279972076416, 0.4227708876132965, 0.4622967541217804, -0.5472342371940613, -0.18848304450511932, 0.08968056738376617, 0.8105345368385315, 0.13381505012512207, 0.4813309609889984, -0.0265206191688776, 0.8658583760261536, 0.048998888581991196, 0.11924329400062561, 0.20135483145713806, 0.9709976315498352, 0.021975792944431305, 0.011334209702908993, 0.0396144837141037, 0.998909056186676, -0.11840619891881943, -0.044420138001441956, 0.0856812372803688, 0.9882639050483704, 0.26352205872535706, 0.006132603622972965, -0.0006637410260736942, 0.9646336436271667, -0.5149391889572144, -0.013781496323645115, 6.685981134069152e-06, 0.8571159243583679, -0.2881597578525543, -0.19363805651664734, 0.888346791267395, 0.3005134165287018, -0.5972718596458435, 0.47911638021469116, 0.5340502858161926, 0.35847458243370056, -0.34873858094215393, -0.002058511832728982, -0.020307226106524467, 0.9369977712631226, 0.5497745871543884, -0.06136555224657059, 0.1422051191329956, 0.8208288550376892, 0.32763853669166565, -0.0117501774802804, 0.037376515567302704, 0.9439904093742371, -0.46515169739723206, 0.10646186023950577, 0.6099538207054138, 0.6326581239700317, -0.3717731535434723, -0.031973324716091156, 0.1514315903186798, 0.9153310060501099, 0.6019544005393982, 0.06473313271999359, -0.1315920501947403, 0.7849485278129578, 0.36769065260887146, -0.024019520729780197, -0.03009340539574623, 0.9291507005691528, 0.375602126121521, 0.6404720544815063, -0.15148945152759552, 0.6525101065635681, -0.0992460548877716, 0.004069946706295013, 0.005415849853307009, 0.9950398802757263, -0.10474690049886703, 0.006429895758628845, -0.0005461762775667012, 0.9944779872894287, -0.5451937913894653, 0.49544569849967957, -0.39312344789505005, 0.550228476524353, -0.4628916084766388, -0.024831436574459076, -0.006127968430519104, 0.8860458135604858, 0.1702403873205185, -0.5109902620315552, 0.03526836633682251, 0.8418214321136475, 0.05647037550806999, -0.17849677801132202, -0.19359062612056732, 0.963053822517395, -0.5340418815612793, -0.5678095817565918, 0.41991281509399414, 0.46482765674591064, -0.5476412773132324, -0.18570160865783691, 0.08861949294805527, 0.8110182285308838, 0.13388600945472717, 0.4813493490219116, -0.025598952546715736, 0.8658648729324341, 0.033450618386268616, 0.10704603791236877, 0.20219272375106812, 0.9729030132293701, 0.023978836834430695, 0.007604706101119518, 0.0323929563164711, 0.9991586208343506, -0.11129460483789444, -0.034330692142248154, 0.05401262640953064, 0.9917245507240295, 0.2633305788040161, 0.006231594365090132, -0.00060574448434636, 0.964685320854187, -0.5149405002593994, -0.013782182708382607, 6.262221631914144e-06, 0.8571150898933411, -0.31087997555732727, -0.19947046041488647, 0.880987823009491, 0.29567837715148926, -0.592231273651123, 0.4826946258544922, 0.5305609107017517, 0.3671146035194397, -0.3476143479347229, -0.0053693512454628944, -0.03945478796958923, 0.936791718006134, 0.547123908996582, -0.05678336322307587, 0.13967737555503845, 0.8233597874641418, 0.32760944962501526, -0.011935064569115639, 0.03692174702882767, 0.9440160989761353, -0.47108712792396545, 0.09805550426244736, 0.612464427947998, 0.6271758079528809, -0.37079015374183655, -0.0323382169008255, 0.1299329549074173, 0.9190137982368469, 0.6035480499267578, 0.06894978135824203, -0.1339278370141983, 0.7829681038856506, 0.3685948848724365, -0.024307576939463615, -0.03019365668296814, 0.9287816286087036, 0.3738945722579956, 0.6424612402915955, -0.15337157249450684, 0.6510941982269287, -0.0984673947095871, 0.0067780823446810246, -0.0014296065783128142, 0.9951161742210388, -0.10344620048999786, 0.008867166005074978, -0.007093171123415232, 0.994570255279541, -0.5428645014762878, 0.498058021068573, -0.39663439989089966, 0.54764723777771, -0.4685564935207367, -0.034051667898893356, -0.009256510064005852, 0.8827285170555115, 0.17255687713623047, -0.5112556219100952, 0.02708967961370945, 0.8414915204048157, 0.048379432410001755, -0.1684722602367401, -0.2007540464401245, 0.9638331532478333, -0.5370763540267944, -0.5635836720466614, 0.4168725311756134, 0.4691905677318573, -0.5473918318748474, -0.18109530210494995, 0.0872390866279602, 0.8123767971992493, 0.1325398087501526, 0.47847047448158264, -0.026154762133955956, 0.8676491975784302, 0.015951527282595634, 0.09765688329935074, 0.20052188634872437, 0.9746792316436768, 0.027840008959174156, 0.004931682720780373, 0.023025505244731903, 0.999334990978241, -0.10612829029560089, -0.023025037720799446, 0.016087353229522705, 0.993955671787262, 0.2631421387195587, 0.006294948980212212, -0.0005943354917690158, 0.9647364020347595, -0.5149417519569397, -0.013783367350697517, 5.491298907145392e-06, 0.8571144342422485, -0.3313584327697754, -0.20477861166000366, 0.8740957379341125, 0.2902137041091919, -0.5854567885398865, 0.48475587368011475, 0.5275850296020508, 0.3793497085571289, -0.3496406078338623, -0.005014394409954548, -0.0540594607591629, 0.9353095293045044, 0.545576274394989, -0.05384676158428192, 0.1378345638513565, 0.8248931765556335, 0.3272020220756531, -0.01188192144036293, 0.036594558507204056, 0.9441708326339722, -0.4764348566532135, 0.09096929430961609, 0.6148704290390015, 0.6218270063400269, -0.3686911165714264, -0.033118654042482376, 0.10972131788730621, 0.9224593639373779, 0.6048015356063843, 0.07363072037696838, -0.13664782047271729, 0.7811024188995361, 0.3689136803150177, -0.02451353333890438, -0.0301529448479414, 0.928650975227356, 0.3718568980693817, 0.6450027227401733, -0.15553194284439087, 0.6492332220077515, -0.09779595583677292, 0.009676270186901093, -0.008652555756270885, 0.9951218366622925, -0.10213687270879745, 0.01165546104311943, -0.014321171678602695, 0.9945989847183228, -0.5410028100013733, 0.501266360282898, -0.3997669816017151, 0.5442741513252258, -0.4739440083503723, -0.03889516741037369, -0.014344954863190651, 0.8795785903930664, 0.17471829056739807, -0.5138359069824219, 0.018204564228653908, 0.8397111892700195, 0.043360475450754166, -0.1548636555671692, -0.20828454196453094, 0.9647562503814697, -0.540493369102478, -0.5576882362365723, 0.4132721722126007, 0.4754544496536255, -0.5454760193824768, -0.17494505643844604, 0.08524632453918457, 0.8152197599411011, 0.13057884573936462, 0.4737040102481842, -0.027721622958779335, 0.8705085515975952, -0.005876998882740736, 0.0949561595916748, 0.19502094388008118, 0.9761739373207092, 0.03200584650039673, 0.004059272818267345, 0.01014360785484314, 0.9994279742240906, -0.10410965979099274, -0.0063104089349508286, -0.030802816152572632, 0.9940686821937561, 0.26302680373191833, 0.0062586041167378426, -0.0006769461324438453, 0.9647679924964905, -0.5149388909339905, -0.013788609765470028, 2.1851064957445487e-06, 0.8571159839630127, -0.35166069865226746, -0.20999835431575775, 0.8669255971908569, 0.28403422236442566, -0.5783311128616333, 0.48491188883781433, 0.5255886912345886, 0.3926193416118622, -0.35015252232551575, -0.002965382067486644, -0.06735987961292267, 0.9342628717422485, 0.5436684489250183, -0.051191672682762146, 0.13638530671596527, 0.8265609741210938, 0.32644766569137573, -0.01164738368242979, 0.03640994802117348, 0.9444419741630554, -0.4810640513896942, 0.08682508021593094, 0.6166147589683533, 0.6171103119850159, -0.3689739406108856, -0.03497445583343506, 0.08843906223773956, 0.9245612621307373, 0.6063791513442993, 0.0785655528306961, -0.13943594694137573, 0.7789027690887451, 0.3688203692436218, -0.024913758039474487, -0.030308423563838005, 0.9286723136901855, 0.36967194080352783, 0.6476518511772156, -0.15794764459133148, 0.6472575664520264, -0.0973053127527237, 0.012701350264251232, -0.016339682042598724, 0.9950394034385681, -0.1010236144065857, 0.01471174880862236, -0.022001061588525772, 0.9945319294929504, -0.5396185517311096, 0.5052784085273743, -0.4023313820362091, 0.5400324463844299, -0.4788019359111786, -0.04208093509078026, -0.02042304538190365, 0.8766760230064392, 0.17753317952156067, -0.5177434682846069, 0.004280537832528353, 0.8369022607803345, 0.0412982702255249, -0.14305973052978516, -0.22056062519550323, 0.9639405608177185, -0.5430812835693359, -0.5512317419052124, 0.41056185960769653, 0.48233309388160706, -0.5433318614959717, -0.1654845029115677, 0.08321616798639297, 0.8188287019729614, 0.12772445380687714, 0.46502697467803955, -0.030025189742445946, 0.8755197525024414, -0.02265435829758644, 0.09666522592306137, 0.18953095376491547, 0.9768421649932861, 0.03509867936372757, 0.004619643557816744, -0.0033424030989408493, 0.9993675947189331, -0.10535363852977753, 0.013191877864301205, -0.08129147440195084, 0.9910188317298889, 0.2630549371242523, 0.006143614649772644, -0.0008314978331327438, 0.964760959148407, -0.5149394273757935, -0.013789490796625614, 1.6282364185826737e-06, 0.8571156859397888, -0.3730354905128479, -0.21535679697990417, 0.8586833477020264, 0.2777210474014282, -0.5708933472633362, 0.4855940341949463, 0.52332603931427, 0.4054739475250244, -0.35105669498443604, -0.002485170029103756, -0.08253642171621323, 0.9327061772346497, 0.5418255925178528, -0.04775913432240486, 0.13457299768924713, 0.8282718658447266, 0.3259776830673218, -0.01141433883458376, 0.036294128745794296, 0.9446116089820862, -0.48643505573272705, 0.08221187442541122, 0.6184031367301941, 0.6117187142372131, -0.3689846098423004, -0.0368904247879982, 0.0659380778670311, 0.9263593554496765, 0.6079647541046143, 0.0839969590306282, -0.14250078797340393, 0.7765416502952576, 0.36862802505493164, -0.025233082473278046, -0.030426710844039917, 0.9287362098693848, 0.3677106499671936, 0.6499361395835876, -0.1600576788187027, 0.6455644965171814, -0.09700381755828857, 0.015272930264472961, -0.022921741008758545, 0.9949028491973877, -0.10008948296308517, 0.017363430932164192, -0.028462456539273262, 0.9944196939468384, -0.5373938083648682, 0.5078006982803345, -0.40534648299217224, 0.5376248359680176, -0.48556187748908997, -0.043086860328912735, -0.02764490246772766, 0.8727020621299744, 0.17940416932106018, -0.5208603143692017, -0.00980465579777956, 0.8345193862915039, 0.03380177542567253, -0.13274869322776794, -0.23131050169467926, 0.9631878137588501, -0.5460880398750305, -0.5451780557632446, 0.4070698022842407, 0.4887361526489258, -0.5405188202857971, -0.15556225180625916, 0.0799993947148323, 0.8229458928108215, 0.125312939286232, 0.45470669865608215, -0.03636299446225166, 0.881031334400177, -0.039213571697473526, 0.10273808240890503, 0.18227192759513855, 0.9770793914794922, 0.0359230563044548, 0.005682139657437801, -0.016073547303676605, 0.9992091655731201, -0.10853108018636703, 0.03301998972892761, -0.12615981698036194, 0.9855021238327026, 0.26321014761924744, 0.005989823956042528, -0.0010109454160556197, 0.9647194147109985, -0.5149394869804382, -0.013790258206427097, 1.1495990293042269e-06, 0.857115626335144, -0.3965248167514801, -0.22130186855793, 0.8486021757125854, 0.27141842246055603, -0.5637383460998535, 0.48627522587776184, 0.5207799673080444, 0.4177605211734772, -0.35101887583732605, -0.004872444551438093, -0.09972663223743439, 0.9310299158096313, 0.5388249754905701, -0.043472785502672195, 0.13197913765907288, 0.8308786153793335, 0.3260318636894226, -0.011328005231916904, 0.03620074316859245, 0.9445975422859192, -0.4920412302017212, 0.07231288403272629, 0.6185824871063232, 0.6082943677902222, -0.367445170879364, -0.036419786512851715, 0.04588950052857399, 0.9281981587409973, 0.6081932187080383, 0.08953066170215607, -0.14584562182426453, 0.7751221656799316, 0.3698385953903198, -0.024586116895079613, -0.030232153832912445, 0.9282785058021545, 0.3661322295665741, 0.6513893008232117, -0.1608118861913681, 0.6448091268539429, -0.09677557647228241, 0.01762368157505989, -0.02862527407705784, 0.9947383999824524, -0.09931191802024841, 0.01948346011340618, -0.03365505859255791, 0.9942961931228638, -0.5360356569290161, 0.5097797513008118, -0.4071473479270935, 0.5357438921928406, -0.49382442235946655, -0.042065031826496124, -0.03425934165716171, 0.867867648601532, 0.18138687312602997, -0.5233207941055298, -0.01833629049360752, 0.8324049115180969, 0.02751038409769535, -0.11939764767885208, -0.23624533414840698, 0.963937520980835, -0.5480501055717468, -0.5389466285705566, 0.4049864709377289, 0.4951399266719818, -0.5387911200523376, -0.14484785497188568, 0.0756751149892807, 0.8264360427856445, 0.12296045571565628, 0.44110509753227234, -0.04538838192820549, 0.8878327012062073, -0.05580981820821762, 0.11295328289270401, 0.1786612570285797, 0.9758109450340271, 0.036468565464019775, 0.006796746049076319, -0.026406073942780495, 0.9989627599716187, -0.11457177996635437, 0.049621351063251495, -0.1625944823026657, 0.9787614941596985, 0.2634805738925934, 0.005971724633127451, -0.0013952432200312614, 0.964645266532898, -0.5149391293525696, -0.013790914788842201, 7.540846240772225e-07, 0.8571158647537231, -0.41786080598831177, -0.22628672420978546, 0.8391841053962708, 0.2644931674003601, -0.5561693906784058, 0.4893362522125244, 0.5183327198028564, 0.4272666275501251, -0.34986716508865356, -0.010113273747265339, -0.11723655462265015, 0.9293795228004456, 0.5349547863006592, -0.0385449193418026, 0.12918953597545624, 0.8340550065040588, 0.32585495710372925, -0.011846392415463924, 0.03505804389715195, 0.944695234298706, -0.49660488963127136, 0.06320825219154358, 0.6171097159385681, 0.6070946455001831, -0.3659248650074005, -0.03558290749788284, 0.02931269444525242, 0.9295018315315247, 0.6068440079689026, 0.09561203420162201, -0.1492876410484314, 0.7747980356216431, 0.37266525626182556, -0.02400369569659233, -0.029532743617892265, 0.9271851181983948, 0.3643118143081665, 0.653264582157135, -0.16240711510181427, 0.6435419321060181, -0.09634134918451309, 0.019715050235390663, -0.034566715359687805, 0.9945526123046875, -0.09848057478666306, 0.02148555777966976, -0.03934096172451973, 0.994128942489624, -0.5339442491531372, 0.5124089121818542, -0.4099093973636627, 0.533211886882782, -0.502753734588623, -0.04243173822760582, -0.039347365498542786, 0.8624905943870544, 0.18225035071372986, -0.5228955149650574, -0.026152683421969414, 0.8322746753692627, 0.01939268782734871, -0.10803095996379852, -0.2414185255765915, 0.964194118976593, -0.5491799116134644, -0.5333989858627319, 0.4037599265575409, 0.5008641481399536, -0.5369126796722412, -0.13559134304523468, 0.07178568840026855, 0.8295701742172241, 0.1197635605931282, 0.4270770847797394, -0.053046815097332, 0.8946775794029236, -0.0678384006023407, 0.1287645399570465, 0.1750769466161728, 0.9737379550933838, 0.03778046742081642, 0.007243698462843895, -0.033960409462451935, 0.9986825585365295, -0.12172797322273254, 0.0616326630115509, -0.1922643929719925, 0.9718117713928223, 0.26368117332458496, 0.006000356748700142, -0.0015900094294920564, 0.9645899534225464, -0.5149386525154114, -0.01379139069467783, 4.482130009364482e-07, 0.8571161031723022, -0.43567463755607605, -0.22937524318695068, 0.8313519358634949, 0.2577374577522278, -0.5486942529678345, 0.4936247169971466, 0.5157488584518433, 0.4350544214248657, -0.34922850131988525, -0.015471071936190128, -0.13238142430782318, 0.9275102615356445, 0.5322960615158081, -0.03334449231624603, 0.12646472454071045, 0.8363944888114929, 0.32599544525146484, -0.012770280241966248, 0.03353706747293472, 0.9446899890899658, -0.5002409219741821, 0.057632651180028915, 0.6156184673309326, 0.6061777472496033, -0.36514168977737427, -0.03441818803548813, 0.014134767465293407, 0.930208146572113, 0.6051970720291138, 0.10025966167449951, -0.15193402767181396, 0.7749842405319214, 0.37502118945121765, -0.023354317992925644, -0.02877606265246868, 0.9262751340866089, 0.3622470498085022, 0.6551671624183655, -0.1647757738828659, 0.6421697735786438, -0.09556930512189865, 0.02098493091762066, -0.0412202812731266, 0.9943475723266602, -0.09744217246770859, 0.022886810824275017, -0.045817967504262924, 0.9939224720001221, -0.5285767316818237, 0.5158076286315918, -0.41633906960487366, 0.5302932262420654, -0.5145330429077148, -0.045484509319067, -0.04277576133608818, 0.8551942110061646, 0.18080183863639832, -0.5159902572631836, -0.03454996645450592, 0.8365829586982727, 0.011973375454545021, -0.09600700438022614, -0.24859140813350677, 0.9637643098831177, -0.5509477853775024, -0.5298704504966736, 0.4014798700809479, 0.5044875741004944, -0.5321419835090637, -0.13079331815242767, 0.0687839463353157, 0.8336586952209473, 0.11636145412921906, 0.41830727458000183, -0.05919358879327774, 0.8988744020462036, -0.07688384503126144, 0.14229892194271088, 0.16960397362709045, 0.9721493721008301, 0.038150567561388016, 0.0061113908886909485, -0.03830764815211296, 0.9985187649726868, -0.12720008194446564, 0.073609858751297, -0.21319197118282318, 0.9658938646316528, 0.26381561160087585, 0.005972657352685928, -0.0017068678280338645, 0.9645531177520752, -0.5149382948875427, -0.013791652396321297, 2.5398728098480206e-07, 0.8571163415908813, -0.449798583984375, -0.2309032678604126, 0.8249467015266418, 0.252641886472702, -0.5423101186752319, 0.4983159899711609, 0.5129774808883667, 0.440947949886322, -0.350456178188324, -0.0207151398062706, -0.14542151987552643, 0.9249886274337769, 0.5308966040611267, -0.02930450811982155, 0.12438852339982986, 0.8377455472946167, 0.32612574100494385, -0.012994560413062572, 0.033122897148132324, 0.9446565508842468, -0.5036951303482056, 0.05338764935731888, 0.6145203709602356, 0.6048187613487244, -0.3638269603252411, -0.03322071209549904, 0.0010762696620076895, 0.9308733940124512, 0.605139970779419, 0.10287526994943619, -0.15366409718990326, 0.7743446826934814, 0.37434419989585876, -0.02228524349629879, -0.028313513845205307, 0.9265894889831543, 0.35989898443222046, 0.6570439338684082, -0.1673952043056488, 0.640893816947937, -0.09482163190841675, 0.0220476184040308, -0.04867615923285484, 0.9940590262413025, -0.09658073633909225, 0.02411920391023159, -0.05309361591935158, 0.9936153888702393, -0.5243024826049805, 0.520811140537262, -0.4218076765537262, 0.5253008008003235, -0.5227521657943726, -0.045996297150850296, -0.04580932855606079, 0.8500094413757324, 0.1780739724636078, -0.5090214014053345, -0.0417381189763546, 0.8410974144935608, 0.012409224174916744, -0.08562528342008591, -0.25305941700935364, 0.963574230670929, -0.5513484477996826, -0.5259206295013428, 0.40101930499076843, 0.5085331201553345, -0.5300782918930054, -0.12631823122501373, 0.06619444489479065, 0.8358702063560486, 0.11374086886644363, 0.40910786390304565, -0.06545237451791763, 0.9030004143714905, -0.08150552958250046, 0.15558108687400818, 0.16599799692630768, 0.9703587293624878, 0.03812091797590256, 0.005548371467739344, -0.03985545411705971, 0.9984626173973083, -0.13045541942119598, 0.08330950140953064, -0.22529831528663635, 0.9619156122207642, 0.2639119327068329, 0.005922818556427956, -0.001800910453312099, 0.964526891708374, -0.5149379968643188, -0.013791918754577637, 8.339473822616128e-08, 0.8571165204048157, -0.46096405386924744, -0.23112209141254425, 0.8199560642242432, 0.24852927029132843, -0.5366682410240173, 0.5030572414398193, 0.5098407864570618, 0.44607511162757874, -0.35301488637924194, -0.024981766939163208, -0.15598641335964203, 0.9221847653388977, 0.5300667881965637, -0.025800468400120735, 0.12264436483383179, 0.8386428952217102, 0.32657870650291443, -0.013274703174829483, 0.03287053108215332, 0.9445050358772278, -0.5069292187690735, 0.05114376172423363, 0.6135910153388977, 0.6032521724700928, -0.36261752247810364, -0.0320400707423687, -0.009971166029572487, 0.9313337206840515, 0.6053953766822815, 0.10502742230892181, -0.15501178801059723, 0.773587167263031, 0.37308138608932495, -0.02164880745112896, -0.02791040949523449, 0.9271259903907776, 0.3577835261821747, 0.6585555672645569, -0.16981984674930573, 0.6398880481719971, -0.09409841895103455, 0.022596364840865135, -0.05535468831658363, 0.9937659502029419, -0.09577373415231705, 0.024881433695554733, -0.0596185028553009, 0.9933045506477356, -0.5185486674308777, 0.5272523164749146, -0.42895641922950745, 0.5187569856643677, -0.5291656851768494, -0.04929142817854881, -0.047682393342256546, 0.8457425236701965, 0.17249055206775665, -0.49686360359191895, -0.04831000789999962, 0.8491405844688416, 0.015965035185217857, -0.07529664784669876, -0.2566865384578705, 0.9634249210357666, -0.5528591871261597, -0.5231413841247559, 0.3990316689014435, 0.5113155245780945, -0.5250734090805054, -0.12507030367851257, 0.06493699550628662, 0.8393083214759827, 0.11078567802906036, 0.40437185764312744, -0.07007861137390137, 0.9051513075828552, -0.08529852330684662, 0.16799363493919373, 0.1600433737039566, 0.968962550163269, 0.03806181997060776, 0.004358602687716484, -0.039312366396188736, 0.9984923005104065, -0.13244177401065826, 0.09156650304794312, -0.2321181744337082, 0.9592684507369995, 0.2639530599117279, 0.005854749586433172, -0.0018848760519176722, 0.9645159244537354, -0.5149377584457397, -0.013792053796350956, -9.235898268400433e-09, 0.8571166396141052, -0.47027429938316345, -0.23137569427490234, 0.8157448768615723, 0.24467892944812775, -0.5316921472549438, 0.5056747198104858, 0.5074109435081482, 0.4518083333969116, -0.3549695611000061, -0.027270644903182983, -0.16317985951900482, 0.9201224446296692, 0.5292131304740906, -0.02316424809396267, 0.1213182881474495, 0.8394514918327332, 0.32670891284942627, -0.013570168986916542, 0.032396022230386734, 0.9444721937179565, -0.5090189576148987, 0.049137093126773834, 0.6125946640968323, 0.6026715636253357, -0.3618002235889435, -0.03067980520427227, -0.018651027232408524, 0.9315639734268188, 0.6057196855545044, 0.1066422089934349, -0.1559777557849884, 0.7729179263114929, 0.3718598186969757, -0.021311648190021515, -0.02762191742658615, 0.9276331067085266, 0.3561229705810547, 0.6598581075668335, -0.17166228592395782, 0.6389803290367126, -0.09362515807151794, 0.023338472470641136, -0.060614198446273804, 0.9934865832328796, -0.0950443297624588, 0.025675835087895393, -0.0646824762225151, 0.9930375218391418, -0.5137717723846436, 0.5343589782714844, -0.434981107711792, 0.5111659169197083, -0.5316437482833862, -0.055647946894168854, -0.04711708799004555, 0.8438235521316528, 0.16676704585552216, -0.4805448353290558, -0.05381588637828827, 0.8592841625213623, 0.009248125366866589, -0.0645429864525795, -0.2620543837547302, 0.9628479480743408, -0.5546144247055054, -0.5214728116989136, 0.3966998755931854, 0.5129310488700867, -0.5195860862731934, -0.12420383095741272, 0.0640394315123558, 0.8429131507873535, 0.1070348471403122, 0.3997141718864441, -0.07290059328079224, 0.9074456691741943, -0.08652015775442123, 0.17807318270206451, 0.15630069375038147, 0.967664361000061, 0.038618527352809906, 0.0038611306808888912, -0.037901271134614944, 0.9985275268554688, -0.13396196067333221, 0.09597993642091751, -0.23607727885246277, 0.9576584100723267, 0.2639279365539551, 0.005790691822767258, -0.0019471545238047838, 0.9645230770111084, -0.5149374604225159, -0.013792149722576141, -6.139154606898956e-08, 0.8571167588233948, -0.47825995087623596, -0.2318829894065857, 0.8118642568588257, 0.2416074126958847, -0.5276365280151367, 0.5076535940170288, 0.5054948925971985, 0.4564673602581024, -0.35600340366363525, -0.029635364189743996, -0.16933248937129974, 0.9185368418693542, 0.528566300868988, -0.020178766921162605, 0.11981924623250961, 0.8401511311531067, 0.32647547125816345, -0.013393786735832691, 0.03243657574057579, 0.9445539712905884, -0.5102474093437195, 0.04729754105210304, 0.6113939881324768, 0.6029991507530212, -0.3625519275665283, -0.029562802985310555, -0.02534114383161068, 0.9311498403549194, 0.6056981682777405, 0.10786192119121552, -0.15666085481643677, 0.7726273536682129, 0.3716776371002197, -0.02078329771757126, -0.027551840990781784, 0.9277201890945435, 0.3546786606311798, 0.6611323952674866, -0.17287911474704742, 0.6381378173828125, -0.09362862259149551, 0.02447802573442459, -0.06486725807189941, 0.9931901693344116, -0.09489906579256058, 0.026638593524694443, -0.06864088028669357, 0.9927603006362915, -0.5155479907989502, 0.5372679829597473, -0.43339571356773376, 0.5076628923416138, -0.5287052392959595, -0.054216839373111725, -0.04643011465668678, 0.8457987904548645, 0.16300265491008759, -0.4714857041835785, -0.05238693580031395, 0.8650936484336853, 0.002945065265521407, -0.05568832904100418, -0.2599896192550659, 0.9639998078346252, -0.5542364716529846, -0.5197640061378479, 0.3972308337688446, 0.5146600604057312, -0.5199440121650696, -0.12012337893247604, 0.0625123530626297, 0.84339839220047, 0.10260363668203354, 0.3890214264392853, -0.07766977697610855, 0.9121963977813721, -0.08233940601348877, 0.1897812932729721, 0.1560428887605667, 0.9658436179161072, 0.03896502032876015, 0.004556469153612852, -0.03357228636741638, 0.9986660480499268, -0.13348093628883362, 0.09227091073989868, -0.23378068208694458, 0.9586529731750488, 0.26385101675987244, 0.005826463922858238, -0.0019091855501756072, 0.9645439386367798, -0.5149374008178711, -0.013792216777801514, -9.942169754140195e-08, 0.8571168780326843, -0.48527610301971436, -0.23201601207256317, 0.8081925511360168, 0.2397925704717636, -0.5246139764785767, 0.5098208785057068, 0.5034494400024414, 0.4597841203212738, -0.3573473393917084, -0.03201846033334732, -0.17548741400241852, 0.9167779684066772, 0.5280417799949646, -0.017563799396157265, 0.11853159964084625, 0.8407221436500549, 0.3264737129211426, -0.013050807639956474, 0.03293771296739578, 0.9445421099662781, -0.5123388767242432, 0.04593007266521454, 0.6104003190994263, 0.6023377180099487, -0.3632543683052063, -0.02903522178530693, -0.03143743425607681, 0.9307066798210144, 0.6058063507080078, 0.10899759829044342, -0.1573127657175064, 0.7722505331039429, 0.3716351389884949, -0.02055736631155014, -0.02758508175611496, 0.9277412295341492, 0.35377010703086853, 0.661649227142334, -0.17338834702968597, 0.6379683017730713, -0.09420609474182129, 0.024591656401753426, -0.0668017789721489, 0.9930045008659363, -0.09518326818943024, 0.026723364368081093, -0.07038064301013947, 0.9926089644432068, -0.5170480608940125, 0.5385290384292603, -0.4318595826625824, 0.5061079263687134, -0.5267797708511353, -0.05337728559970856, -0.04638403654098511, 0.847055196762085, 0.15936556458473206, -0.46348801255226135, -0.051560256630182266, 0.8701281547546387, -0.0011818797793239355, -0.050128500908613205, -0.2578693628311157, 0.9648778438568115, -0.554840087890625, -0.5189244747161865, 0.39639797806739807, 0.5154982805252075, -0.5197064280509949, -0.1171775758266449, 0.06129026412963867, 0.8440486788749695, 0.10066714882850647, 0.3821083903312683, -0.07943589985370636, 0.9151771664619446, -0.08170554786920547, 0.19912560284137726, 0.1579900085926056, 0.9636972546577454, 0.03891536593437195, 0.00552936689928174, -0.0283111110329628, 0.9988260269165039, -0.1325288861989975, 0.08850030601024628, -0.22991645336151123, 0.9600740671157837, 0.2637629806995392, 0.005849240347743034, -0.0018753806361928582, 0.9645679593086243, -0.5149371027946472, -0.01379221398383379, -9.290222635627288e-08, 0.8571170568466187, -0.49065151810646057, -0.2318067103624344, 0.8052525520324707, 0.2389458417892456, -0.522589921951294, 0.5109764337539673, 0.5017723441123962, 0.46263086795806885, -0.35853925347328186, -0.03286411985754967, -0.1798223853111267, 0.9154416918754578, 0.5271945595741272, -0.016136355698108673, 0.1178467869758606, 0.8413784503936768, 0.32654738426208496, -0.012726062908768654, 0.03348417580127716, 0.9445018172264099, -0.5146364569664001, 0.04545773193240166, 0.6097626090049744, 0.6010594367980957, -0.36357206106185913, -0.029139606282114983, -0.0368141308426857, 0.9303821325302124, 0.6056114435195923, 0.11010543256998062, -0.15792512893676758, 0.772121250629425, 0.37163862586021423, -0.020299674943089485, -0.027603022754192352, 0.92774498462677, 0.3531206250190735, 0.6618242263793945, -0.17366285622119904, 0.6380719542503357, -0.09487243741750717, 0.024206237867474556, -0.06784707307815552, 0.9928796887397766, -0.09563710540533066, 0.02646990492939949, -0.07127366960048676, 0.9925084114074707, -0.5183695554733276, 0.5388069152832031, -0.4303513169288635, 0.5057448744773865, -0.5251874327659607, -0.053397297859191895, -0.04590967297554016, 0.8480679392814636, 0.156736820936203, -0.4560452401638031, -0.0514877624809742, 0.8745315074920654, -0.0026481200475245714, -0.04847081005573273, -0.2573893070220947, 0.9650877714157104, -0.5552429556846619, -0.5187810659408569, 0.3957391083240509, 0.5157151222229004, -0.520365297794342, -0.1155615970492363, 0.06066438555717468, 0.8439107537269592, 0.10052289068698883, 0.378118634223938, -0.0810355693101883, 0.9167085886001587, -0.08320892602205276, 0.20872479677200317, 0.1585768759250641, 0.9614382982254028, 0.037578608840703964, 0.008395114913582802, -0.024254681542515755, 0.9989640116691589, -0.13054630160331726, 0.08378508687019348, -0.22501076757907867, 0.9619292616844177, 0.2637280523777008, 0.0058527239598333836, -0.0018483883468434215, 0.9645775556564331, -0.5149369239807129, -0.013792171142995358, -5.487206777843312e-08, 0.8571171760559082, -0.4939830005168915, -0.23153111338615417, 0.8031971454620361, 0.23926664888858795, -0.5217306613922119, 0.511108934879303, 0.5007560849189758, 0.4645516574382782, -0.3595966696739197, -0.032631728798151016, -0.1822325587272644, 0.9145582318305969, 0.5262271165847778, -0.015504920855164528, 0.11755124479532242, 0.8420370221138, 0.32639560103416443, -0.01235489547252655, 0.033990684896707535, 0.9445411562919617, -0.5163023471832275, 0.04494510218501091, 0.6096110939979553, 0.5998216867446899, -0.3638571798801422, -0.02899676002562046, -0.04009361192584038, 0.9301396012306213, 0.6053435206413269, 0.11072805523872375, -0.15825621783733368, 0.7721745371818542, 0.3716374337673187, -0.020245149731636047, -0.027666231617331505, 0.9277447462081909, 0.3523699939250946, 0.6620267629623413, -0.17384430766105652, 0.6382274031639099, -0.09583332389593124, 0.02382047288119793, -0.06901106983423233, 0.9927164912223816, -0.09645488858222961, 0.026251887902617455, -0.07234509289264679, 0.9923575520515442, -0.5189193487167358, 0.5383999943733215, -0.42959854006767273, 0.506254255771637, -0.5244389772415161, -0.05503712221980095, -0.044729433953762054, 0.8484892249107361, 0.15477898716926575, -0.45021969079971313, -0.05017645284533501, 0.8779681324958801, -0.0004619189421646297, -0.0502610020339489, -0.25641727447509766, 0.9652584195137024, -0.5554043054580688, -0.5191664695739746, 0.3953634798526764, 0.5154415965080261, -0.521049976348877, -0.11577240377664566, 0.060720063745975494, 0.8434552550315857, 0.10147707909345627, 0.3770633339881897, -0.08227011561393738, 0.9169281721115112, -0.08734787255525589, 0.21928955614566803, 0.1572285145521164, 0.9589377641677856, 0.03731122985482216, 0.012538434937596321, -0.019849546253681183, 0.9990278482437134, -0.1293489784002304, 0.07742071896791458, -0.21951253712177277, 0.9638926982879639, 0.26373326778411865, 0.005853304173797369, -0.001819649594835937, 0.9645761847496033, -0.5149365663528442, -0.013792118988931179, -3.368383616475512e-08, 0.8571173548698425, -0.49511444568634033, -0.2309388369321823, 0.8023861050605774, 0.24021965265274048, -0.5216320157051086, 0.5115145444869995, 0.5000090003013611, 0.46502023935317993, -0.3606504201889038, -0.032726969569921494, -0.18324798345565796, 0.9139367938041687, 0.5255553126335144, -0.01472356729209423, 0.11717713624238968, 0.8425226211547852, 0.32608163356781006, -0.011967222206294537, 0.034403279423713684, 0.9446396231651306, -0.5171670913696289, 0.04517363756895065, 0.6098533868789673, 0.5988124012947083, -0.3640841841697693, -0.02878219448029995, -0.0414053313434124, 0.9299999475479126, 0.6049708724021912, 0.11096199601888657, -0.1583157330751419, 0.7724207639694214, 0.37165728211402893, -0.020282426849007607, -0.027719896286725998, 0.9277344346046448, 0.35165324807167053, 0.6622658371925354, -0.17402860522270203, 0.6383244395256042, -0.09669224172830582, 0.023574326187372208, -0.07028550654649734, 0.9925496578216553, -0.0972168818116188, 0.02610205113887787, -0.0736164078116417, 0.9921936392784119, -0.5186376571655273, 0.5386149287223816, -0.4298352897167206, 0.5061132907867432, -0.5244276523590088, -0.05812268331646919, -0.04317733645439148, 0.8483708500862122, 0.15445804595947266, -0.4475352466106415, -0.04742546007037163, 0.8795486092567444, 0.00039202437619678676, -0.05392220988869667, -0.2555791139602661, 0.965283215045929, -0.5561010241508484, -0.5197780132293701, 0.3944442570209503, 0.5147778987884521, -0.5207918286323547, -0.11681527644395828, 0.06077367067337036, 0.8434670567512512, 0.10208679735660553, 0.3760510981082916, -0.08232805877923965, 0.9172709584236145, -0.09374889731407166, 0.23094046115875244, 0.15645208954811096, 0.9557198286056519, 0.03945627808570862, 0.01578625664114952, -0.015101287513971329, 0.9989824295043945, -0.1309274137020111, 0.07129116356372833, -0.21398498117923737, 0.9653942584991455, 0.2637459635734558, 0.005850969813764095, -0.0017940076068043709, 0.9645727872848511, -0.5149362087249756, -0.013792111538350582, -4.183313961902968e-08, 0.8571175336837769, -0.49473997950553894, -0.2304079383611679, 0.8024364709854126, 0.24133022129535675, -0.5217630863189697, 0.5119644403457642, 0.4996016025543213, 0.4648159444332123, -0.3620002865791321, -0.03292045742273331, -0.18313784897327423, 0.9134181141853333, 0.525739848613739, -0.013508950360119343, 0.1166720986366272, 0.8424979448318481, 0.32578837871551514, -0.011760792694985867, 0.03454945981502533, 0.9447380304336548, -0.5172626972198486, 0.04580783471465111, 0.6103171110153198, 0.598209023475647, -0.3643955886363983, -0.02882670983672142, -0.04138176888227463, 0.9298776984214783, 0.604579508304596, 0.1111307442188263, -0.15834246575832367, 0.7726974487304688, 0.37164580821990967, -0.020329568535089493, -0.027715373784303665, 0.9277381300926208, 0.35106733441352844, 0.6625156402587891, -0.17410852015018463, 0.6383658647537231, -0.09748143702745438, 0.023499954491853714, -0.0713641494512558, 0.9923972487449646, -0.09788945317268372, 0.02610427886247635, -0.07474216818809509, 0.9920433163642883, -0.5179574489593506, 0.5388781428337097, -0.43056753277778625, 0.5059071779251099, -0.5245080590248108, -0.06112021580338478, -0.04206794127821922, 0.8481662273406982, 0.15441568195819855, -0.44559523463249207, -0.045905184000730515, 0.880621075630188, 0.005104637239128351, -0.05506591871380806, -0.25560930371284485, 0.9651972055435181, -0.5571335554122925, -0.520535945892334, 0.3931087553501129, 0.5139163732528687, -0.5199264287948608, -0.11724896728992462, 0.06042823567986488, 0.8439654111862183, 0.10138903558254242, 0.373313844203949, -0.08176030218601227, 0.9185163378715515, -0.10179665684700012, 0.24201786518096924, 0.15632176399230957, 0.9521703720092773, 0.04155876114964485, 0.01569731906056404, -0.010412766598165035, 0.9989584684371948, -0.13323721289634705, 0.0687420591711998, -0.2085442841053009, 0.9664531946182251, 0.2637602984905243, 0.005831543821841478, -0.0017885223496705294, 0.9645689725875854, -0.5149361491203308, -0.013792079873383045, -4.346300208624143e-09, 0.8571175932884216, -0.4935123026371002, -0.2298298478126526, 0.8030102849006653, 0.24248379468917847, -0.521994948387146, 0.5122403502464294, 0.49936848878860474, 0.4645019471645355, -0.3634839653968811, -0.032855357974767685, -0.18218639492988586, 0.9130213856697083, 0.526244580745697, -0.012789390049874783, 0.1164182722568512, 0.8422291278839111, 0.3255842328071594, -0.011553958989679813, 0.03475167974829674, 0.9448035359382629, -0.5167515277862549, 0.04674018546938896, 0.6108272075653076, 0.5980579853057861, -0.3650197982788086, -0.02895321696996689, -0.04042435437440872, 0.9296709299087524, 0.6042155027389526, 0.1112423911690712, -0.1584375649690628, 0.7729465365409851, 0.37163448333740234, -0.020388273522257805, -0.027695180848240852, 0.9277419447898865, 0.3505162000656128, 0.6628478765487671, -0.17419028282165527, 0.6383016109466553, -0.09816267341375351, 0.023693202063441277, -0.07253429293632507, 0.9922406673431396, -0.09841013699769974, 0.02626696787774563, -0.07593831419944763, 0.9918965697288513, -0.5187264680862427, 0.5390059351921082, -0.42969146370887756, 0.5057280659675598, -0.5229548811912537, -0.06129905954003334, -0.04156326502561569, 0.8491367101669312, 0.15508195757865906, -0.44676122069358826, -0.04362383112311363, 0.8800289630889893, 0.005311070941388607, -0.054415974766016006, -0.2541857659816742, 0.9656087756156921, -0.5576701164245605, -0.5207058191299438, 0.392395555973053, 0.5137073993682861, -0.5206281542778015, -0.11666297912597656, 0.05968908220529556, 0.8436665534973145, 0.10048168152570724, 0.3684343695640564, -0.08137546479701996, 0.9206180572509766, -0.11053488403558731, 0.25222259759902954, 0.157384991645813, 0.948364794254303, 0.04312356561422348, 0.014712471514940262, -0.006059836130589247, 0.998943030834198, -0.1350509524345398, 0.06694190949201584, -0.20278619229793549, 0.9675524830818176, 0.26375678181648254, 0.005816319026052952, -0.0017799418419599533, 0.9645700454711914, -0.5149359107017517, -0.013792051933705807, 5.432874150557154e-09, 0.8571177124977112, -0.4914020299911499, -0.2290947139263153, 0.8042632341384888, 0.24331127107143402, -0.52217698097229, 0.5126020312309265, 0.49910223484039307, 0.46418461203575134, -0.36486589908599854, -0.03264810889959335, -0.18033714592456818, 0.9128447771072388, 0.5268080830574036, -0.012463412247598171, 0.1163521483540535, 0.8418907523155212, 0.32532012462615967, -0.011272809468209743, 0.035036105662584305, 0.9448873996734619, -0.5154775381088257, 0.048265691846609116, 0.6111790537834167, 0.5986765027046204, -0.3660339415073395, -0.028902195394039154, -0.038504209369421005, 0.9293553233146667, 0.6039950251579285, 0.11104536801576614, -0.1583578884601593, 0.7731634974479675, 0.37165626883506775, -0.020512500777840614, -0.027642617002129555, 0.9277320504188538, 0.35010239481925964, 0.6632331013679504, -0.17440025508403778, 0.6380711793899536, -0.09837792813777924, 0.024100225418806076, -0.07383542507886887, 0.9921135902404785, -0.09849497675895691, 0.026628782972693443, -0.07726143300533295, 0.9917764067649841, -0.519054114818573, 0.5387778282165527, -0.4292880892753601, 0.5059773325920105, -0.521415114402771, -0.06147162988781929, -0.04160531982779503, 0.8500685691833496, 0.1553473323583603, -0.44722214341163635, -0.042963992804288864, 0.8797804713249207, 0.006843820679932833, -0.05356190726161003, -0.25390541553497314, 0.9657206535339355, -0.5587091445922852, -0.5210924744606018, 0.3910144865512848, 0.5132392048835754, -0.5206018686294556, -0.11701417714357376, 0.05964142456650734, 0.8436375856399536, 0.0996854156255722, 0.36575818061828613, -0.080331951379776, 0.9218625426292419, -0.12002594769001007, 0.26325199007987976, 0.1576208770275116, 0.9441651701927185, 0.04507388174533844, 0.01264909841120243, -0.0020664490293711424, 0.9989014267921448, -0.13765166699886322, 0.06585907191038132, -0.19740015268325806, 0.9683737754821777, 0.2637479603290558, 0.005788224749267101, -0.0017827170668169856, 0.9645726680755615, -0.5149358510971069, -0.013792025856673717, 2.7707658389886092e-08, 0.857117772102356, -0.4886262118816376, -0.22809413075447083, 0.8060235381126404, 0.24401557445526123, -0.522474467754364, 0.5128374695777893, 0.49865955114364624, 0.4640654921531677, -0.36622029542922974, -0.03207172825932503, -0.17746609449386597, 0.9128854870796204, 0.5273799896240234, -0.012489576824009418, 0.11643774807453156, 0.8415204286575317, 0.3250081241130829, -0.010959801264107227, 0.035327788442373276, 0.9449875950813293, -0.5136350989341736, 0.05025230720639229, 0.6114574670791626, 0.5998111367225647, -0.3673937916755676, -0.02834603562951088, -0.03567586466670036, 0.9289486408233643, 0.6039562225341797, 0.1104004979133606, -0.1580345779657364, 0.7733522653579712, 0.3716149926185608, -0.020753417164087296, -0.027703281491994858, 0.9277413487434387, 0.34974104166030884, 0.6636857986450195, -0.17464254796504974, 0.637732207775116, -0.0984090194106102, 0.024731820449233055, -0.07522698491811752, 0.9919903874397278, -0.09839183837175369, 0.027112146839499474, -0.07871807366609573, 0.9916589260101318, -0.5185408592224121, 0.5385260581970215, -0.4297904372215271, 0.5063450932502747, -0.5201547145843506, -0.06287061423063278, -0.04106563702225685, 0.8507643938064575, 0.1544347107410431, -0.4458288848400116, -0.041274964809417725, 0.8807286620140076, 0.007028962019830942, -0.055498361587524414, -0.2523922324180603, 0.9660066366195679, -0.5597028732299805, -0.5210202932357788, 0.389682412147522, 0.513242781162262, -0.5204516649246216, -0.11682116985321045, 0.05978244170546532, 0.8437470197677612, 0.09863997250795364, 0.3638536334037781, -0.0784938856959343, 0.9228864312171936, -0.12985193729400635, 0.2708972096443176, 0.15758733451366425, 0.9407016038894653, 0.046600114554166794, 0.010418257676064968, 0.0015565367648378015, 0.9988580942153931, -0.13938088715076447, 0.06470529735088348, -0.19253046810626984, 0.9691843390464783, 0.2637127935886383, 0.005772207397967577, -0.001778176985681057, 0.9645823240280151, -0.5149356126785278, -0.013792037032544613, 2.0644916887135878e-08, 0.8571179509162903, -0.48628509044647217, -0.22702918946743011, 0.8076194524765015, 0.24440832436084747, -0.522539496421814, 0.5132735967636108, 0.4980637729167938, 0.46414995193481445, -0.36744338274002075, -0.03153013810515404, -0.17488272488117218, 0.9129114151000977, 0.5277869701385498, -0.012604514136910439, 0.11656851321458817, 0.8412454128265381, 0.3246902823448181, -0.010847539640963078, 0.03533273935317993, 0.9450979828834534, -0.5118729472160339, 0.0522669292986393, 0.6118978261947632, 0.6006957292556763, -0.3685479164123535, -0.02704733796417713, -0.03327938914299011, 0.9286190867424011, 0.6040613055229187, 0.10945729166269302, -0.15746091306209564, 0.7735213041305542, 0.37162086367607117, -0.021546952426433563, -0.02791658602654934, 0.9277145862579346, 0.3495277762413025, 0.664027988910675, -0.17488563060760498, 0.6374261975288391, -0.0982440710067749, 0.02523140236735344, -0.07631747424602509, 0.9919108748435974, -0.09812237322330475, 0.02752465382218361, -0.07988500595092773, 0.9915809631347656, -0.5182394981384277, 0.5379734635353088, -0.4300448000431061, 0.5070245265960693, -0.5185496211051941, -0.06428524851799011, -0.040627606213092804, 0.8516590595245361, 0.15353603661060333, -0.4439133405685425, -0.04039142653346062, 0.881893515586853, 0.008840113878250122, -0.056482985615730286, -0.2516233026981354, 0.9661352038383484, -0.5610164403915405, -0.5208530426025391, 0.3879430592060089, 0.5132960677146912, -0.5202077031135559, -0.1183042898774147, 0.060568489134311676, 0.8436347246170044, 0.09844803810119629, 0.3651565611362457, -0.0760280042886734, 0.9225987195968628, -0.13883884251117706, 0.27642011642456055, 0.15734367072582245, 0.937847912311554, 0.04739419370889664, 0.009155020117759705, 0.0043855938129127026, 0.9988246560096741, -0.14006944000720978, 0.06279835104942322, -0.1875520795583725, 0.970186173915863, 0.2636706829071045, 0.005745705682784319, -0.0017766286619007587, 0.9645940065383911, -0.5149356126785278, -0.013792028650641441, 1.8471768115091436e-08, 0.8571179509162903, -0.4842916429042816, -0.22603875398635864, 0.8089611530303955, 0.2448468804359436, -0.5226269364356995, 0.5139685273170471, 0.497415155172348, 0.4639780819416046, -0.3686376214027405, -0.031535737216472626, -0.17290180921554565, 0.9128071069717407, 0.5285279750823975, -0.012369425036013126, 0.11656486988067627, 0.8407840728759766, 0.3241107165813446, -0.010732942260801792, 0.03512772172689438, 0.9453058242797852, -0.5102049708366394, 0.05393895506858826, 0.6127158999443054, 0.6011329293251038, -0.36946743726730347, -0.024981891736388206, -0.03121941350400448, 0.9283830523490906, 0.6043016314506531, 0.10828626155853271, -0.15660250186920166, 0.7736726403236389, 0.3716340959072113, -0.022420870140194893, -0.02816346101462841, 0.9276810884475708, 0.3493639826774597, 0.6642669439315796, -0.17508091032505035, 0.6372134685516357, -0.09811358153820038, 0.025544265285134315, -0.07716196030378342, 0.9918504357337952, -0.09789438545703888, 0.027785921469330788, -0.08079689741134644, 0.9915223121643066, -0.5186541676521301, 0.537274181842804, -0.4295262396335602, 0.507780909538269, -0.5162370204925537, -0.06548671424388885, -0.040291156619787216, 0.8529873490333557, 0.1527913510799408, -0.44224444031715393, -0.03916221484541893, 0.8829162120819092, 0.009630408138036728, -0.058102697134017944, -0.2507391571998596, 0.9662614464759827, -0.5622482299804688, -0.5203940272331238, 0.38629135489463806, 0.5136594772338867, -0.52007657289505, -0.12118980288505554, 0.061688922345638275, 0.8432247042655945, 0.0984487310051918, 0.3688109219074249, -0.07406629621982574, 0.9213036894798279, -0.14704658091068268, 0.2792069911956787, 0.156243234872818, 0.9359534382820129, 0.04787623882293701, 0.00901840440928936, 0.0064240372739732265, 0.9987919330596924, -0.1401253193616867, 0.06011824682354927, -0.18260137736797333, 0.9712916612625122, 0.2636294960975647, 0.005718509666621685, -0.0017723150085657835, 0.9646053910255432, -0.5149353742599487, -0.013792016543447971, 2.3904636492488862e-08, 0.8571180701255798, -0.48243215680122375, -0.22502923011779785, 0.8102012276649475, 0.24534685909748077, -0.5227738618850708, 0.5146970152854919, 0.4967312812805176, 0.46373748779296875, -0.369747132062912, -0.031644321978092194, -0.17118218541145325, 0.9126786589622498, 0.5294013619422913, -0.012262675911188126, 0.11661063879728317, 0.8402296304702759, 0.3237936198711395, -0.010832920670509338, 0.03473632037639618, 0.9454278349876404, -0.5087705850601196, 0.055985745042562485, 0.6138544678688049, 0.6009997725486755, -0.3702799677848816, -0.02282671630382538, -0.029668373987078667, 0.9281656742095947, 0.60457843542099, 0.1070810928940773, -0.15578103065490723, 0.7737899422645569, 0.3716762363910675, -0.0236924197524786, -0.028555694967508316, 0.9276206493377686, 0.3491625189781189, 0.6644682884216309, -0.17525425553321838, 0.6370662450790405, -0.09809313714504242, 0.02574307844042778, -0.07795552909374237, 0.9917852878570557, -0.09780115634202957, 0.027934536337852478, -0.0816536694765091, 0.9914571642875671, -0.5196169018745422, 0.5368138551712036, -0.4284474849700928, 0.5081948041915894, -0.5135821104049683, -0.06676463037729263, -0.039540015161037445, 0.8545247316360474, 0.1523561030626297, -0.44083547592163086, -0.03705008700489998, 0.8837867379188538, 0.009201382286846638, -0.06032344698905945, -0.2491922676563263, 0.9665297269821167, -0.5628383755683899, -0.5191208720207214, 0.38554319739341736, 0.5148620009422302, -0.5212171673774719, -0.12378501147031784, 0.06233163923025131, 0.8420954346656799, 0.09881553798913956, 0.37134039402008057, -0.07312476634979248, 0.9203231334686279, -0.15428781509399414, 0.28133073449134827, 0.15569132566452026, 0.9342421889305115, 0.0481051504611969, 0.009467477910220623, 0.007921409793198109, 0.9987660050392151, -0.1394789069890976, 0.0573442243039608, -0.17776213586330414, 0.9724494218826294, 0.2635871171951294, 0.005700130481272936, -0.0017608946654945612, 0.964617133140564, -0.5149353742599487, -0.01379200629889965, 3.069572684921695e-08, 0.8571180701255798, -0.4807255268096924, -0.22414664924144745, 0.8113155364990234, 0.24582193791866302, -0.5230683088302612, 0.5154634118080139, 0.4959893524646759, 0.4633481204509735, -0.37050363421440125, -0.0320773720741272, -0.16970166563987732, 0.9126332402229309, 0.5297285914421082, -0.012400954030454159, 0.11676311492919922, 0.8400001525878906, 0.3240987956523895, -0.010903229005634785, 0.034843359142541885, 0.9453184604644775, -0.5075883865356445, 0.057835258543491364, 0.6144019961357117, 0.6012647747993469, -0.3712548315525055, -0.0214261244982481, -0.02789703756570816, 0.9278644919395447, 0.6047439575195312, 0.10596303641796112, -0.15516144037246704, 0.7739390134811401, 0.37177982926368713, -0.02517453208565712, -0.029091686010360718, 0.9275234341621399, 0.3489465117454529, 0.6645638346672058, -0.1754142940044403, 0.637040913105011, -0.09816530346870422, 0.02565908059477806, -0.0786169096827507, 0.9917281270027161, -0.09785676747560501, 0.027882901951670647, -0.08234801143407822, 0.9913957118988037, -0.5198634266853333, 0.5366445779800415, -0.42816799879074097, 0.5083569884300232, -0.5120766162872314, -0.06972301751375198, -0.03867298364639282, 0.8552313446998596, 0.15160124003887177, -0.4378284215927124, -0.03557860478758812, 0.8854702711105347, 0.010691856034100056, -0.06228439882397652, -0.24871550500392914, 0.9665127992630005, -0.5631718039512634, -0.5190479159355164, 0.3851276934146881, 0.51488196849823, -0.52085280418396, -0.12557198107242584, 0.06218830496072769, 0.8420668840408325, 0.09911033511161804, 0.37302201986312866, -0.07301695644855499, 0.919619619846344, -0.16039243340492249, 0.28246748447418213, 0.15445631742477417, 0.9330753684043884, 0.0487418957054615, 0.00910089910030365, 0.009207388386130333, 0.9987275004386902, -0.13920697569847107, 0.0562269501388073, -0.17358508706092834, 0.9733078479766846, 0.26355472207069397, 0.0056794025003910065, -0.001757295336574316, 0.964626133441925, -0.5149354338645935, -0.013791990466415882, 4.26480504245319e-08, 0.8571180105209351, -0.47919896245002747, -0.22333474457263947, 0.8123178482055664, 0.2462310642004013, -0.5233643054962158, 0.5157451033592224, 0.4953532814979553, 0.46338096261024475, -0.37114217877388, -0.03196592628955841, -0.16837157309055328, 0.9126240611076355, 0.5300459265708923, -0.012746200896799564, 0.11712384968996048, 0.8397445678710938, 0.3242500424385071, -0.01088253129273653, 0.034991975873708725, 0.9452613592147827, -0.5065906047821045, 0.05944380164146423, 0.6144137382507324, 0.6019369959831238, -0.3723992109298706, -0.020874755457043648, -0.026444006711244583, 0.9274609088897705, 0.6046838760375977, 0.10512302070856094, -0.15459252893924713, 0.7742143273353577, 0.37210893630981445, -0.025559255853295326, -0.029566694051027298, 0.9273658990859985, 0.34874632954597473, 0.664607048034668, -0.1755766123533249, 0.6370607018470764, -0.09825485199689865, 0.025443555787205696, -0.07918335497379303, 0.9916797280311584, -0.09790641069412231, 0.027729354798793793, -0.08295838534832001, 0.9913442730903625, -0.5191164016723633, 0.5364535450935364, -0.4289589822292328, 0.5086551308631897, -0.5120811462402344, -0.073761485517025, -0.03781569376587868, 0.8549281358718872, 0.1502721607685089, -0.43331214785575867, -0.03500425070524216, 0.8879378437995911, 0.013912941329181194, -0.06327754259109497, -0.2491118311882019, 0.9663051962852478, -0.5638288259506226, -0.5193854570388794, 0.38425570726394653, 0.5144739151000977, -0.5188496708869934, -0.12779200077056885, 0.06230607256293297, 0.8429603576660156, 0.09895658493041992, 0.37479114532470703, -0.07172904908657074, 0.919018030166626, -0.16415522992610931, 0.2831687033176422, 0.15334159135818481, 0.9323920607566833, 0.049640197306871414, 0.008467184379696846, 0.010167151689529419, 0.998679518699646, -0.13927264511585236, 0.0559217594563961, -0.17003536224365234, 0.9739424586296082, 0.26351863145828247, 0.005654970649629831, -0.0017595423851162195, 0.9646361470222473, -0.5149355530738831, -0.013791965320706367, 5.9489959625125266e-08, 0.8571179509162903, -0.4779171645641327, -0.22251713275909424, 0.8131868839263916, 0.2465936839580536, -0.5236475467681885, 0.5160231590270996, 0.4947185218334198, 0.46342962980270386, -0.3716624081134796, -0.03180473670363426, -0.16715151071548462, 0.912642240524292, 0.5304803252220154, -0.012993551790714264, 0.11726656556129456, 0.839446485042572, 0.3240777254104614, -0.010557417757809162, 0.03538886457681656, 0.9453093409538269, -0.5060363411903381, 0.06129409745335579, 0.6145796775817871, 0.6020482778549194, -0.37310534715652466, -0.020647775381803513, -0.02575729414820671, 0.927201509475708, 0.604713499546051, 0.10454092919826508, -0.15435783565044403, 0.7743167877197266, 0.37200313806533813, -0.025973284617066383, -0.029857974499464035, 0.9273874759674072, 0.34857678413391113, 0.6646391153335571, -0.17570750415325165, 0.6370839476585388, -0.09837904572486877, 0.025285422801971436, -0.07965044677257538, 0.9916340708732605, -0.09792739152908325, 0.02759452350437641, -0.083453468978405, 0.9913043975830078, -0.5194553136825562, 0.535811185836792, -0.4285430908203125, 0.5093362331390381, -0.5111889839172363, -0.0750008076429367, -0.037606094032526016, 0.8553633689880371, 0.1495179533958435, -0.4312232434749603, -0.034474048763513565, 0.889102041721344, 0.014640560373663902, -0.06382372230291367, -0.2487027645111084, 0.9663639068603516, -0.5639110803604126, -0.5192930698394775, 0.3841772675514221, 0.5145356059074402, -0.5176652073860168, -0.1289975792169571, 0.06257054954767227, 0.8434851765632629, 0.09898141771554947, 0.3756013512611389, -0.06945551186800003, 0.9188592433929443, -0.16679830849170685, 0.28486984968185425, 0.15392883121967316, 0.9313073754310608, 0.0502614788711071, 0.008082692511379719, 0.010202917270362377, 0.9986512660980225, -0.13902194797992706, 0.05561882629990578, -0.1668529510498047, 0.9745458364486694, 0.2634735107421875, 0.005638218019157648, -0.0017561696004122496, 0.9646486043930054, -0.5149356126785278, -0.01379195787012577, 6.437954880311736e-08, 0.8571178913116455, -0.4768776595592499, -0.22181737422943115, 0.8139018416404724, 0.24687756597995758, -0.5238720178604126, 0.5163378715515137, 0.49417853355407715, 0.46340134739875793, -0.3720655143260956, -0.03158649057149887, -0.16591805219650269, 0.9127106666564941, 0.5308521389961243, -0.013277114368975163, 0.11743312329053879, 0.8391836285591125, 0.32377031445503235, -0.01018473133444786, 0.0357997789978981, 0.9454033374786377, -0.5058115720748901, 0.06329413503408432, 0.6151493787765503, 0.6014480590820312, -0.3732973635196686, -0.02035071700811386, -0.025783436372876167, 0.9271300435066223, 0.6048153638839722, 0.10432858020067215, -0.15435850620269775, 0.774265706539154, 0.37164944410324097, -0.026501905173063278, -0.02984943613409996, 0.9275146126747131, 0.34844204783439636, 0.6646440029144287, -0.17580735683441162, 0.6371250748634338, -0.09852424263954163, 0.02512795478105545, -0.08001019805669785, 0.991594672203064, -0.09796665608882904, 0.027469342574477196, -0.08381129056215286, 0.9912737607955933, -0.5201453566551208, 0.5349108576774597, -0.4277101755142212, 0.5102775692939758, -0.5100459456443787, -0.07507026195526123, -0.037834398448467255, 0.8560293316841125, 0.14900341629981995, -0.43010228872299194, -0.034629642963409424, 0.8897251486778259, 0.014531157910823822, -0.06419487297534943, -0.24861420691013336, 0.9663637280464172, -0.5641347765922546, -0.5194687843322754, 0.3838774859905243, 0.5143367052078247, -0.5162811875343323, -0.1309286504983902, 0.0627528503537178, 0.844022274017334, 0.0993485227227211, 0.3774110972881317, -0.06768399477005005, 0.9182100296020508, -0.1692691296339035, 0.2856605052947998, 0.15428921580314636, 0.9305593967437744, 0.0504639558494091, 0.007336961105465889, 0.009712795726954937, 0.9986517429351807, -0.1385757476091385, 0.056178655475378036, -0.16444526612758636, 0.9749864339828491, 0.2634411156177521, 0.005620668642222881, -0.0017578898696228862, 0.9646575450897217, -0.5149355530738831, -0.013791930861771107, 8.339460322304149e-08, 0.8571179509162903, -0.476239949464798, -0.22143122553825378, 0.8143154382705688, 0.2470913678407669, -0.5240046381950378, 0.5166066288948059, 0.49389323592185974, 0.4632560610771179, -0.37222981452941895, -0.0315721333026886, -0.16545544564723969, 0.9127281308174133, 0.5309037566184998, -0.013533757999539375, 0.11776919662952423, 0.8390997648239136, 0.3234843909740448, -0.010010536760091782, 0.0358915776014328, 0.94549959897995, -0.505676805973053, 0.06456542760133743, 0.6156110763549805, 0.6009536981582642, -0.37338271737098694, -0.020045064389705658, -0.025839416310191154, 0.9271008372306824, 0.6047504544258118, 0.10438597202301025, -0.15436053276062012, 0.7743083238601685, 0.3712867796421051, -0.02685783989727497, -0.02988717146217823, 0.9276484251022339, 0.3483487665653229, 0.6646429300308228, -0.17584674060344696, 0.6371663212776184, -0.0986386314034462, 0.025011194869875908, -0.08020982146263123, 0.9915701150894165, -0.09807942807674408, 0.027380390092730522, -0.08401314169168472, 0.9912479519844055, -0.5201206803321838, 0.5347654223442078, -0.4277224540710449, 0.5104449391365051, -0.5098626613616943, -0.0763930082321167, -0.0375274159014225, 0.8560349941253662, 0.14840416610240936, -0.42863723635673523, -0.03425736725330353, 0.8905463218688965, 0.015511970035731792, -0.06430443376302719, -0.2482239305973053, 0.9664415121078491, -0.5645322799682617, -0.5199455618858337, 0.3833182454109192, 0.5138356685638428, -0.5145323276519775, -0.13263662159442902, 0.06271813809871674, 0.8448256850242615, 0.09885913878679276, 0.3789263069629669, -0.06778834760189056, 0.9176309108734131, -0.1709510236978531, 0.2866571545600891, 0.1533985584974289, 0.9300926327705383, 0.050932176411151886, 0.0065603842958807945, 0.009051840752363205, 0.9986395239830017, -0.13881275057792664, 0.05718645080924034, -0.1634029597043991, 0.9750693440437317, 0.26344314217567444, 0.00560990022495389, -0.001762224012054503, 0.9646570086479187, -0.5149354934692383, -0.013791900128126144, 9.96932101315906e-08, 0.8571180105209351]
    s (float, 2352):  [1.0000001192092896, 1.0, 1.0, 1.0, 1.0, 1.000000238418579, 1.0, 0.9999998807907104, 0.9999999403953552, 0.9999999403953552, 0.9999999403953552, 0.9999997615814209, 1.0, 1.0, 1.0000001192092896, 1.0, 0.9999998807907104, 1.0, 1.0000001192092896, 1.0, 1.0, 1.0000001192092896, 0.9999999403953552, 0.9999998807907104, 1.0000001192092896, 1.0, 0.9999998807907104, 1.0000001192092896, 0.9999998807907104, 1.0, 0.9999998807907104, 1.0, 1.0, 0.9999999403953552, 1.0000001192092896, 1.0, 1.0, 1.0, 1.0000001192092896, 0.9999998807907104, 0.9999998211860657, 1.0, 1.0, 1.0, 0.9999999403953552, 1.0000001192092896, 0.9999999403953552, 0.9999999403953552, 1.0000001192092896, 1.0, 1.0, 0.9999999403953552, 1.0, 1.0000001192092896, 0.9999998211860657, 0.9999998807907104, 0.9999999403953552, 0.9999999403953552, 1.0, 0.9999998211860657, 1.0, 1.0, 1.0000001192092896, 1.0, 0.9999999403953552, 1.0, 0.9999999403953552, 1.0, 1.0, 1.0, 1.0, 0.9999999403953552, 1.0000001192092896, 1.0000001192092896, 1.0, 1.0, 1.0, 1.0, 1.0, 0.9999999403953552, 0.9999998807907104, 0.9999999403953552, 1.0000001192092896, 0.9999998807907104, 1.0, 1.0000001192092896, 1.0, 0.9999999403953552, 1.0, 1.0, 1.0, 1.0000001192092896, 1.0000001192092896, 1.0, 1.0, 1.0, 1.0000001192092896, 0.9999999403953552, 1.0, 0.9999998807907104, 1.0, 1.0, 1.0000001192092896, 0.9999998807907104, 1.0, 0.9999999403953552, 1.0000001192092896, 1.0, 0.9999999403953552, 1.0000001192092896, 1.0000001192092896, 1.0, 0.9999999403953552, 0.9999999403953552, 0.9999998211860657, 1.0, 1.0, 1.0, 0.9999999403953552, 0.9999999403953552, 1.0000001192092896, 1.0000001192092896, 0.9999998807907104, 0.9999998211860657, 1.0, 1.0, 1.0000001192092896, 0.9999999403953552, 0.9999999403953552, 1.0, 0.9999999403953552, 0.9999998807907104, 1.0, 0.9999999403953552, 1.0, 1.0, 0.9999998807907104, 0.9999999403953552, 0.9999998807907104, 1.0000001192092896, 0.9999998807907104, 1.0, 1.0, 1.0, 1.0000001192092896, 1.0000001192092896, 0.9999998807907104, 1.0, 1.0, 1.0, 0.9999999403953552, 1.0, 1.0, 1.0, 0.9999999403953552, 1.0, 0.9999999403953552, 1.0, 0.9999999403953552, 0.9999999403953552, 0.9999999403953552, 0.9999999403953552, 1.0, 1.0, 0.9999998807907104, 1.0, 1.0, 1.0, 1.0000001192092896, 1.0000001192092896, 0.9999999403953552, 0.9999998211860657, 1.0000001192092896, 1.0000001192092896, 0.9999999403953552, 0.9999999403953552, 0.9999998807907104, 1.0, 1.0, 1.0, 1.0000001192092896, 1.0000001192092896, 1.0, 1.0, 1.0000001192092896, 0.9999999403953552, 1.0000001192092896, 1.0000001192092896, 0.9999999403953552, 0.9999999403953552, 0.9999998807907104, 0.9999998211860657, 1.0, 1.0, 0.9999998211860657, 0.9999998807907104, 0.9999999403953552, 1.0, 1.0000001192092896, 1.0, 0.9999999403953552, 0.9999999403953552, 1.0000001192092896, 0.9999998807907104, 1.0, 0.9999999403953552, 1.0, 0.9999998807907104, 1.0, 0.9999999403953552, 1.0000001192092896, 1.0, 1.0, 1.0, 1.0000001192092896, 1.0, 1.0000001192092896, 1.0000001192092896, 0.9999998211860657, 1.0, 0.9999998807907104, 1.0000001192092896, 1.0, 0.9999999403953552, 0.9999998211860657, 1.0000001192092896, 0.9999999403953552, 1.0, 0.9999999403953552, 1.0, 1.0, 0.9999999403953552, 0.9999999403953552, 1.0, 1.0000001192092896, 1.0, 1.0000001192092896, 1.0, 0.9999998807907104, 0.9999999403953552, 1.0000001192092896, 1.0, 0.9999999403953552, 0.9999999403953552, 0.9999999403953552, 1.0000001192092896, 1.0, 0.9999999403953552, 0.9999999403953552, 1.0, 0.9999999403953552, 0.9999999403953552, 0.9999998807907104, 1.0, 1.0, 0.9999999403953552, 0.9999998211860657, 1.0, 1.0, 1.0000001192092896, 0.9999998211860657, 1.0, 0.9999998807907104, 0.9999998211860657, 1.0, 1.0000001192092896, 0.9999999403953552, 0.9999998807907104, 1.0000001192092896, 1.0000001192092896, 0.9999999403953552, 0.9999999403953552, 0.9999998807907104, 1.0, 0.9999998807907104, 0.9999998211860657, 0.9999999403953552, 1.0, 1.0, 0.9999998807907104, 0.9999999403953552, 0.9999999403953552, 0.9999999403953552, 1.0000001192092896, 0.9999999403953552, 1.0, 1.0, 0.9999999403953552, 1.0, 1.0, 1.0, 1.0, 0.9999999403953552, 1.0, 1.0, 1.0, 0.9999998807907104, 0.9999999403953552, 1.000000238418579, 0.9999999403953552, 0.9999999403953552, 1.0, 1.0, 0.9999998807907104, 0.9999998807907104, 1.0, 1.0000001192092896, 1.0000001192092896, 0.9999999403953552, 1.0, 0.9999999403953552, 0.9999999403953552, 1.0000001192092896, 0.9999999403953552, 0.9999999403953552, 0.9999999403953552, 0.9999998807907104, 1.0, 0.9999999403953552, 1.0000001192092896, 1.0, 0.9999999403953552, 1.0, 0.9999998211860657, 1.0000001192092896, 1.0, 0.9999999403953552, 1.0, 0.9999999403953552, 0.9999999403953552, 0.9999999403953552, 1.0000001192092896, 1.0, 0.9999999403953552, 0.9999998211860657, 0.9999999403953552, 1.0, 1.0000001192092896, 1.0, 0.9999998807907104, 1.0, 1.0000001192092896, 0.9999999403953552, 0.9999999403953552, 0.9999999403953552, 1.0, 1.0, 0.9999998211860657, 0.9999998807907104, 1.0, 0.9999998807907104, 1.0, 0.9999997615814209, 1.0, 1.0, 1.0, 1.0, 1.0, 0.9999999403953552, 0.9999999403953552, 1.0000001192092896, 1.0000001192092896, 0.9999999403953552, 0.9999998211860657, 0.9999998807907104, 1.0000001192092896, 1.0, 1.0, 1.0000001192092896, 1.0, 1.0, 0.9999997615814209, 1.0000001192092896, 1.0, 1.0, 1.0000001192092896, 0.9999999403953552, 1.0, 1.0, 1.0000001192092896, 1.0, 0.9999999403953552, 1.0, 1.0, 1.0000001192092896, 1.0, 0.9999999403953552, 0.9999998807907104, 1.0, 1.0, 1.0, 1.0, 1.0, 0.9999998807907104, 1.0, 0.9999999403953552, 0.9999999403953552, 1.0, 1.0, 0.9999999403953552, 0.9999999403953552, 1.0, 0.9999998807907104, 1.0, 0.9999999403953552, 1.0, 0.9999999403953552, 1.0, 1.0, 1.0, 0.9999998807907104, 1.0, 1.0000001192092896, 1.0, 1.0000001192092896, 0.9999999403953552, 1.0, 1.0, 1.0, 0.9999998211860657, 1.0000001192092896, 1.0, 1.0, 1.0, 1.0000001192092896, 0.9999998807907104, 1.0, 1.0, 0.9999999403953552, 0.9999998807907104, 1.0000001192092896, 0.9999998211860657, 1.0000001192092896, 0.9999999403953552, 0.9999998211860657, 1.0, 0.9999998807907104, 0.9999998211860657, 1.0, 0.9999999403953552, 0.9999998807907104, 1.0, 1.0000001192092896, 0.9999999403953552, 1.0, 1.0000001192092896, 1.0, 1.0, 1.0, 1.0, 1.0, 0.9999999403953552, 1.0, 0.9999998211860657, 1.0, 0.9999999403953552, 1.0, 1.0000001192092896, 0.9999998211860657, 1.0, 1.0, 1.0, 1.0, 1.0, 1.0, 1.0, 1.0, 0.9999998807907104, 1.0000001192092896, 1.0000001192092896, 1.0000001192092896, 0.9999999403953552, 1.0, 1.0, 1.0, 1.0, 0.9999999403953552, 1.0, 1.0, 0.9999999403953552, 1.0000001192092896, 1.0000001192092896, 1.0, 0.9999998807907104, 0.9999999403953552, 0.9999999403953552, 1.0, 1.0, 1.0, 0.9999998807907104, 0.9999999403953552, 0.9999998807907104, 1.0, 1.0, 1.0, 1.0, 0.9999999403953552, 1.0, 1.0, 1.0, 1.0000001192092896, 1.0, 1.0000001192092896, 1.0, 1.0000001192092896, 1.0, 0.9999999403953552, 0.9999999403953552, 0.9999999403953552, 1.0, 1.0000001192092896, 0.9999998807907104, 1.0, 0.9999998807907104, 0.9999998807907104, 0.9999998807907104, 0.9999998807907104, 1.0, 0.9999998807907104, 1.0, 0.9999999403953552, 1.0, 1.0, 1.0000001192092896, 1.0, 0.9999999403953552, 1.0000001192092896, 1.0, 1.0, 1.0, 1.0, 0.9999999403953552, 0.9999999403953552, 1.0, 1.0000001192092896, 0.9999999403953552, 1.0, 1.0000001192092896, 1.0, 1.0, 1.0, 1.0000001192092896, 1.0, 0.9999998807907104, 1.0, 1.0, 1.0, 1.0, 1.0, 1.0000001192092896, 0.9999999403953552, 0.9999998807907104, 1.0, 1.0000001192092896, 0.9999998807907104, 0.9999999403953552, 1.0, 0.9999998807907104, 1.0, 0.9999999403953552, 0.9999998807907104, 1.0, 0.9999999403953552, 0.9999998211860657, 0.9999999403953552, 1.0000001192092896, 1.0, 1.0, 1.0, 0.9999999403953552, 1.0000001192092896, 1.0, 0.9999999403953552, 1.0, 1.0, 1.0, 1.0, 0.9999999403953552, 1.0, 0.9999999403953552, 0.9999999403953552, 1.0000001192092896, 1.0000001192092896, 0.9999999403953552, 1.0, 0.9999999403953552, 0.9999999403953552, 0.9999998807907104, 0.9999998807907104, 1.0000001192092896, 1.0, 0.9999999403953552, 0.9999998211860657, 1.0, 1.0, 1.0000001192092896, 0.9999999403953552, 1.0000001192092896, 1.0, 1.0, 1.0, 1.0, 1.0, 0.9999999403953552, 0.9999999403953552, 1.0, 1.0000001192092896, 1.0, 0.9999999403953552, 0.9999999403953552, 1.0, 0.9999998807907104, 1.0, 1.0000001192092896, 1.0, 1.0, 0.9999999403953552, 1.0000001192092896, 1.0, 1.0, 0.9999999403953552, 1.0000001192092896, 0.9999998211860657, 0.9999998807907104, 1.0, 1.0000001192092896, 0.9999999403953552, 1.0, 1.0, 1.0, 1.0000001192092896, 0.9999999403953552, 1.0, 1.0, 1.0000001192092896, 0.9999999403953552, 1.0, 1.0000001192092896, 1.0, 0.9999999403953552, 0.9999998807907104, 1.0, 0.9999999403953552, 1.0, 1.0, 1.000000238418579, 1.0000001192092896, 1.0, 1.0, 0.9999999403953552, 0.9999998807907104, 1.0, 0.9999998807907104, 1.0, 1.0, 0.9999999403953552, 1.0, 1.0, 0.9999999403953552, 0.9999998807907104, 1.0, 1.0, 1.0, 0.9999999403953552, 1.0, 1.0, 1.0, 1.0000001192092896, 1.0, 1.0, 0.9999999403953552, 1.0, 1.0000001192092896, 1.0000001192092896, 0.9999999403953552, 1.0, 1.0, 1.0, 1.0, 1.0, 0.9999999403953552, 1.0, 1.0, 0.9999998807907104, 1.0, 1.0, 1.0, 1.0, 0.9999999403953552, 1.0, 1.0, 1.0, 1.0, 1.0, 1.0, 1.0, 1.0, 0.9999999403953552, 1.0, 1.0, 1.0, 0.9999999403953552, 0.9999999403953552, 0.9999998807907104, 0.9999999403953552, 0.9999999403953552, 0.9999999403953552, 0.9999999403953552, 1.0, 0.9999999403953552, 0.9999999403953552, 1.0, 0.9999999403953552, 0.9999999403953552, 1.0, 1.000000238418579, 1.0, 1.0, 1.0, 1.0, 1.0, 1.0000001192092896, 0.9999999403953552, 0.9999999403953552, 1.0, 1.0000001192092896, 1.0000001192092896, 1.0, 1.0, 1.0000001192092896, 1.0, 0.9999999403953552, 0.9999998807907104, 1.0, 1.0, 1.0000001192092896, 0.9999999403953552, 0.9999999403953552, 1.0, 1.0000001192092896, 1.0, 1.0, 0.9999999403953552, 0.9999998807907104, 1.0000001192092896, 1.0000001192092896, 1.0, 0.9999999403953552, 1.0, 0.9999999403953552, 1.0, 0.9999998807907104, 0.9999998807907104, 0.9999999403953552, 1.0, 0.9999999403953552, 1.0000001192092896, 1.0000001192092896, 1.0, 1.0, 1.0, 1.0, 1.0, 1.0000001192092896, 1.0, 1.0, 1.0, 1.0, 1.0, 1.0000001192092896, 0.9999998211860657, 1.0, 1.0, 1.0000001192092896, 1.0, 0.9999998807907104, 1.0, 0.9999999403953552, 1.0, 1.0, 1.0, 1.0000001192092896, 0.9999999403953552, 1.0, 0.9999999403953552, 1.0, 1.0, 1.0, 1.0, 0.9999998807907104, 1.0, 0.9999999403953552, 1.0000001192092896, 0.9999999403953552, 1.0000001192092896, 0.9999999403953552, 1.0, 1.0, 1.0, 0.9999998807907104, 1.0, 0.9999999403953552, 0.9999999403953552, 0.9999999403953552, 1.0, 1.0, 0.9999999403953552, 0.9999998807907104, 1.0, 0.9999999403953552, 1.0, 1.0, 0.9999999403953552, 0.9999998807907104, 1.0, 1.0, 1.0, 1.0, 0.9999998211860657, 0.9999999403953552, 1.0, 0.9999998807907104, 1.0, 0.9999999403953552, 1.0000001192092896, 1.0, 1.0, 0.9999998807907104, 0.9999999403953552, 1.0, 1.0, 1.0, 0.9999998807907104, 0.9999999403953552, 1.0, 1.0000001192092896, 1.0, 0.9999999403953552, 1.0, 0.9999999403953552, 1.0, 1.0000001192092896, 1.0, 0.9999999403953552, 1.0, 0.9999999403953552, 0.9999998807907104, 0.9999998807907104, 1.0000001192092896, 1.0, 1.0, 0.9999998807907104, 1.0, 1.0000001192092896, 1.0, 0.9999998211860657, 1.0000001192092896, 1.0, 1.0, 1.0, 0.9999999403953552, 1.0, 0.9999998211860657, 0.9999998807907104, 1.0000001192092896, 1.0, 0.9999998211860657, 0.9999998807907104, 1.0, 1.0000001192092896, 1.0, 0.9999998807907104, 1.0000001192092896, 1.0000001192092896, 0.9999999403953552, 0.9999998807907104, 0.9999998807907104, 1.0000001192092896, 1.0, 1.0000001192092896, 0.9999998211860657, 1.0, 1.0, 1.0000001192092896, 0.9999999403953552, 0.9999998807907104, 1.0, 0.9999999403953552, 1.0, 1.0000001192092896, 0.9999997615814209, 1.0000001192092896, 1.0, 1.000000238418579, 0.9999999403953552, 0.9999999403953552, 1.0, 1.0000001192092896, 1.0000001192092896, 0.9999998807907104, 1.0, 0.9999999403953552, 1.0, 1.0, 0.9999999403953552, 1.0, 1.0000001192092896, 1.0000001192092896, 0.9999999403953552, 1.0, 1.0, 1.0, 1.0, 1.0000001192092896, 1.0, 0.9999998807907104, 1.0, 1.0000001192092896, 0.9999999403953552, 1.0, 0.9999999403953552, 1.0000001192092896, 1.0, 0.9999998211860657, 1.0, 0.9999999403953552, 0.9999999403953552, 1.0, 0.9999998807907104, 1.0, 1.0, 1.0, 1.0, 1.0, 0.9999998211860657, 0.9999998211860657, 1.0, 1.0000001192092896, 0.9999998807907104, 0.9999999403953552, 1.0, 1.0000001192092896, 1.0, 1.0, 1.0, 1.0, 1.0000001192092896, 0.9999998807907104, 1.0, 1.0, 0.9999999403953552, 0.9999999403953552, 1.0, 0.9999999403953552, 1.0, 1.0000001192092896, 1.0, 1.0, 1.0, 1.0, 1.0, 1.0, 1.0, 0.9999999403953552, 0.9999999403953552, 1.0000001192092896, 0.9999998807907104, 1.0, 1.0, 0.9999999403953552, 1.0, 1.0, 1.0, 1.0, 1.0000001192092896, 1.0000001192092896, 0.9999999403953552, 1.0, 0.9999999403953552, 1.0, 1.0, 1.0, 1.0000001192092896, 1.0, 1.0, 1.0, 0.9999999403953552, 1.0, 1.0, 1.0000001192092896, 1.0000001192092896, 0.9999998211860657, 1.0, 1.0, 1.0, 0.9999998807907104, 0.9999999403953552, 1.0000001192092896, 1.0, 0.9999999403953552, 1.0, 0.9999999403953552, 1.0, 1.0000001192092896, 0.9999998211860657, 0.9999999403953552, 1.0, 0.9999999403953552, 1.0000001192092896, 0.9999999403953552, 0.9999998807907104, 1.0, 1.0, 0.9999999403953552, 0.9999998807907104, 1.0, 0.9999999403953552, 0.9999998807907104, 1.0, 0.9999998211860657, 1.0, 1.0, 0.9999999403953552, 0.9999999403953552, 1.0, 1.0, 1.0000001192092896, 1.0, 1.0000001192092896, 1.0, 0.9999999403953552, 0.9999998211860657, 1.0, 1.000000238418579, 0.9999999403953552, 1.0, 0.9999999403953552, 1.0000001192092896, 0.9999999403953552, 0.9999998807907104, 0.9999998807907104, 1.0, 1.0, 0.9999998807907104, 1.0, 1.0, 1.0, 1.0, 1.0, 0.9999999403953552, 1.0, 1.0000001192092896, 0.9999999403953552, 0.9999999403953552, 1.0, 1.0, 1.0000001192092896, 1.0000001192092896, 1.0, 1.0, 1.0, 1.0, 1.0, 0.9999999403953552, 0.9999998807907104, 1.0, 1.0, 0.9999998211860657, 0.9999999403953552, 1.0, 1.0, 0.9999999403953552, 1.0, 1.0000001192092896, 0.9999999403953552, 1.0, 1.0, 1.0, 0.9999998807907104, 0.9999998807907104, 1.0, 1.0, 1.0, 0.9999998211860657, 1.0, 1.0, 1.0, 0.9999998211860657, 1.0, 0.9999998807907104, 0.9999998211860657, 0.9999998211860657, 1.0, 1.0, 1.0, 1.0000001192092896, 0.9999999403953552, 1.0000001192092896, 0.9999999403953552, 1.0, 0.9999999403953552, 1.0, 1.0, 0.9999999403953552, 1.0000001192092896, 1.0000001192092896, 0.9999998807907104, 0.9999998807907104, 1.0, 1.0, 1.0, 1.0, 0.9999998807907104, 1.0, 1.0, 0.9999999403953552, 0.9999999403953552, 0.9999998807907104, 1.0, 1.0000001192092896, 0.9999998807907104, 1.0, 1.0000001192092896, 1.0000001192092896, 0.9999999403953552, 1.0000001192092896, 0.9999999403953552, 0.9999998807907104, 1.0, 1.0, 1.0, 1.0, 0.9999999403953552, 1.0, 1.0, 1.0, 0.9999998807907104, 1.0, 0.9999999403953552, 0.9999998211860657, 1.0000001192092896, 1.0, 1.0000001192092896, 1.0, 1.0, 1.0, 0.9999998807907104, 0.9999999403953552, 0.9999999403953552, 1.0, 0.9999999403953552, 0.9999998807907104, 1.0000001192092896, 0.9999999403953552, 0.9999999403953552, 1.0, 1.0, 1.0, 1.0, 1.0, 0.9999998807907104, 1.0, 0.9999998807907104, 0.9999998211860657, 1.0000001192092896, 1.0, 1.0, 0.9999999403953552, 1.0, 0.9999998807907104, 1.0, 1.0, 1.0000001192092896, 1.0, 1.0, 0.9999999403953552, 1.0, 1.0, 0.9999998211860657, 0.9999999403953552, 0.9999999403953552, 1.0, 1.0000001192092896, 0.9999998807907104, 0.9999998807907104, 0.9999998807907104, 1.0, 0.9999998807907104, 1.0, 1.0, 0.9999999403953552, 0.9999999403953552, 0.9999999403953552, 0.9999999403953552, 1.0, 1.0000001192092896, 1.0000001192092896, 0.9999998211860657, 1.0000001192092896, 0.9999999403953552, 1.0, 1.0000001192092896, 0.9999999403953552, 1.0, 1.0, 1.0000001192092896, 1.0, 0.9999999403953552, 1.0, 1.0, 1.0000001192092896, 0.9999999403953552, 1.0, 1.0, 0.9999998807907104, 1.0000001192092896, 0.9999998807907104, 1.0, 1.0, 1.0000001192092896, 1.0, 0.9999999403953552, 1.0, 0.9999999403953552, 1.0000001192092896, 1.0, 0.9999999403953552, 1.0, 0.9999999403953552, 1.0, 0.9999998211860657, 0.9999998807907104, 1.0000001192092896, 0.9999999403953552, 0.9999999403953552, 0.9999998211860657, 1.0, 0.9999999403953552, 1.0, 0.9999999403953552, 1.0, 0.9999999403953552, 1.0, 1.0000001192092896, 1.0, 1.0, 0.9999999403953552, 0.9999999403953552, 1.0000001192092896, 1.0, 0.9999998807907104, 1.0, 0.9999999403953552, 1.0, 1.0, 0.9999999403953552, 0.9999999403953552, 1.0, 0.9999999403953552, 1.0, 1.0, 0.9999999403953552, 1.0, 0.9999999403953552, 0.9999998807907104, 1.0, 1.0000001192092896, 1.0000001192092896, 0.9999998807907104, 0.9999999403953552, 0.9999999403953552, 1.0, 1.0000001192092896, 1.0, 0.9999999403953552, 0.9999998807907104, 1.0, 1.0, 0.9999999403953552, 0.9999998807907104, 1.0, 0.9999999403953552, 0.9999998807907104, 0.9999999403953552, 0.9999998807907104, 0.9999999403953552, 1.0, 1.0, 0.9999997615814209, 1.0000001192092896, 1.0, 1.0, 0.9999999403953552, 1.0, 1.0, 1.0, 1.0, 0.9999999403953552, 0.9999999403953552, 1.0, 0.9999999403953552, 0.9999999403953552, 1.0, 1.0000001192092896, 0.9999998807907104, 0.9999998807907104, 0.9999998211860657, 0.9999998807907104, 1.0, 1.0, 0.9999999403953552, 1.0000001192092896, 0.9999999403953552, 0.9999999403953552, 1.0000001192092896, 1.0, 1.0, 1.0, 1.0, 1.0, 1.0000001192092896, 0.9999999403953552, 0.9999998211860657, 0.9999999403953552, 0.9999999403953552, 1.0, 1.0, 1.0, 0.9999999403953552, 0.9999998211860657, 1.0, 0.9999998211860657, 0.9999999403953552, 1.0000001192092896, 1.0, 0.9999999403953552, 0.9999999403953552, 1.0, 1.0, 1.0000001192092896, 1.0, 0.9999998211860657, 1.0, 1.0, 1.0000001192092896, 1.0, 0.9999998211860657, 1.0000001192092896, 1.0, 1.0000001192092896, 1.0000001192092896, 1.0, 0.9999999403953552, 1.0000001192092896, 0.9999999403953552, 1.0, 1.0, 1.0000001192092896, 1.0000001192092896, 1.0, 0.9999999403953552, 0.9999999403953552, 1.0, 1.0000001192092896, 1.0, 0.9999999403953552, 0.9999999403953552, 1.0, 1.0000001192092896, 1.0, 1.0, 1.0, 0.9999999403953552, 1.0000001192092896, 1.0, 0.9999998807907104, 1.0, 0.9999999403953552, 0.9999999403953552, 0.9999997615814209, 1.0, 1.0, 0.9999999403953552, 1.0, 0.9999998807907104, 1.0000001192092896, 1.0000001192092896, 1.0, 1.0, 0.9999999403953552, 1.0, 1.0, 1.0000001192092896, 1.0, 0.9999999403953552, 1.0000001192092896, 0.9999999403953552, 1.0, 1.0, 1.0000001192092896, 0.9999998807907104, 0.9999998211860657, 1.0, 0.9999998211860657, 0.9999999403953552, 0.9999999403953552, 0.9999998211860657, 1.0000001192092896, 0.9999998211860657, 0.9999999403953552, 0.9999998807907104, 1.0, 1.0, 1.0, 0.9999998807907104, 1.0, 1.0000001192092896, 1.0, 1.0, 0.9999999403953552, 1.0, 0.9999998807907104, 1.0, 1.0, 1.0, 0.9999999403953552, 1.0000001192092896, 1.0, 1.0, 1.0000001192092896, 0.9999999403953552, 1.0, 0.9999998807907104, 1.0, 0.9999999403953552, 0.9999999403953552, 1.0, 0.9999999403953552, 1.0, 1.0, 1.0, 1.0, 0.9999998807907104, 1.0, 0.9999998807907104, 1.0, 1.0, 1.0, 0.9999998807907104, 1.0, 1.0, 0.9999998807907104, 0.9999999403953552, 1.0, 1.0, 1.0, 0.9999998807907104, 1.0, 1.0, 1.0000001192092896, 0.9999999403953552, 0.9999999403953552, 1.0, 0.9999999403953552, 1.0000001192092896, 1.0, 1.0, 0.9999998807907104, 0.9999998211860657, 1.0, 0.9999999403953552, 1.0000001192092896, 0.9999999403953552, 0.9999999403953552, 1.0, 0.9999999403953552, 1.0, 0.9999999403953552, 1.0, 1.0, 1.0, 1.0, 1.0, 0.9999999403953552, 1.0, 0.9999999403953552, 1.0, 1.0, 1.0, 0.9999999403953552, 1.0, 1.0, 1.0000001192092896, 0.9999998807907104, 1.0, 1.0000001192092896, 0.9999999403953552, 0.9999998211860657, 1.0, 0.9999999403953552, 0.9999999403953552, 1.0, 0.9999999403953552, 1.0, 0.9999998211860657, 1.0, 1.0, 1.000000238418579, 0.9999998807907104, 1.0000001192092896, 1.0, 0.9999999403953552, 1.0000001192092896, 0.9999999403953552, 1.0, 0.9999999403953552, 0.9999998807907104, 0.9999999403953552, 1.0, 0.9999998807907104, 1.0, 1.0, 0.9999999403953552, 0.9999999403953552, 1.0, 0.9999998807907104, 1.0, 0.9999999403953552, 0.9999998807907104, 1.0, 1.0, 1.0000001192092896, 1.0, 1.0, 1.0, 1.0, 1.0000001192092896, 1.0, 1.0, 0.9999999403953552, 0.9999999403953552, 0.9999999403953552, 1.0, 1.0, 0.9999999403953552, 1.0, 1.0, 0.9999998807907104, 0.9999998807907104, 1.0, 1.0000001192092896, 1.0, 0.9999998807907104, 0.9999998807907104, 1.0, 1.0, 0.9999998807907104, 1.0, 1.0, 0.9999998807907104, 1.0000001192092896, 1.000000238418579, 1.0, 1.0, 1.0, 1.0000001192092896, 1.0, 1.0, 1.0, 1.0000001192092896, 0.9999999403953552, 1.0, 1.0000001192092896, 0.9999999403953552, 0.9999999403953552, 1.0, 1.0, 0.9999999403953552, 1.0, 1.0000001192092896, 1.0, 0.9999999403953552, 0.9999999403953552, 1.0, 1.0, 1.0, 0.9999999403953552, 1.0, 1.0, 1.0, 0.9999998807907104, 0.9999999403953552, 0.9999998807907104, 0.9999999403953552, 1.0, 0.9999999403953552, 1.0, 1.0, 1.0, 1.0, 1.0, 1.0000001192092896, 0.9999999403953552, 0.9999999403953552, 1.0000001192092896, 1.0000001192092896, 0.9999999403953552, 0.9999999403953552, 1.0000001192092896, 1.0000001192092896, 1.0, 0.9999999403953552, 1.0, 1.0000001192092896, 0.9999999403953552, 0.9999999403953552, 0.9999998807907104, 1.000000238418579, 1.0, 0.9999999403953552, 1.0, 0.9999999403953552, 1.0, 1.0, 1.0, 1.0, 1.0000001192092896, 1.0, 1.0, 0.9999999403953552, 0.9999999403953552, 0.9999998807907104, 1.0000001192092896, 1.0, 0.9999999403953552, 1.0, 1.0, 1.0, 0.9999999403953552, 1.0, 1.0, 1.0, 1.0, 0.9999998807907104, 1.0, 0.9999999403953552, 1.0, 1.0, 1.0, 1.0, 1.0, 1.0, 1.0, 0.9999999403953552, 0.9999999403953552, 0.9999999403953552, 1.0000001192092896, 1.0000001192092896, 0.9999999403953552, 0.9999998807907104, 1.0, 1.0, 1.0, 0.9999999403953552, 1.0, 1.0, 0.9999998807907104, 0.9999998807907104, 1.0, 0.9999999403953552, 1.0, 1.0, 0.9999999403953552, 1.0000001192092896, 1.0, 1.0000001192092896, 0.9999999403953552, 1.0, 0.9999999403953552, 1.0, 1.0000001192092896, 1.0, 1.0, 1.0, 1.0, 1.0000001192092896, 0.9999998807907104, 0.9999998211860657, 1.0, 1.0, 1.0, 0.9999998807907104, 1.0, 1.0, 1.0, 1.0, 1.0, 0.9999999403953552, 1.0000001192092896, 1.0, 1.0, 1.0, 1.0, 1.0, 1.0000001192092896, 1.0, 0.9999999403953552, 0.9999999403953552, 1.0, 1.0000001192092896, 1.0, 1.0, 0.9999998807907104, 0.9999998807907104, 0.9999999403953552, 0.9999998807907104, 1.0, 0.9999998211860657, 0.9999998807907104, 0.9999999403953552, 0.9999999403953552, 1.0000001192092896, 1.0000001192092896, 1.0, 1.0000001192092896, 0.9999999403953552, 1.0, 0.9999999403953552, 1.0000001192092896, 0.9999998211860657, 0.9999999403953552, 1.0, 1.0, 0.9999998807907104, 1.0, 1.0, 0.9999999403953552, 1.0, 0.9999999403953552, 0.9999999403953552, 0.9999999403953552, 1.0, 0.9999999403953552, 0.9999999403953552, 0.9999999403953552, 1.0, 1.0000001192092896, 1.0, 1.0, 1.0, 1.0, 0.9999999403953552, 1.0000001192092896, 1.0000001192092896, 0.9999998807907104, 0.9999999403953552, 0.9999999403953552, 1.0, 1.0, 1.0, 0.9999999403953552, 1.0, 1.0, 0.9999998807907104, 1.0, 0.9999999403953552, 0.9999999403953552, 0.9999999403953552, 1.0, 1.0, 1.0000001192092896, 1.0000001192092896, 0.9999999403953552, 0.9999999403953552, 0.9999999403953552, 0.9999999403953552, 1.0000001192092896, 1.0, 0.9999999403953552, 1.0, 1.0, 1.0, 0.9999998807907104, 1.0, 1.0, 1.0, 1.0, 0.9999999403953552, 1.0, 1.0, 1.0, 0.9999999403953552, 1.0, 0.9999999403953552, 1.0, 1.0, 1.0000001192092896, 1.0, 1.0, 1.0, 1.0000001192092896, 1.0, 0.9999998211860657, 0.9999999403953552, 1.0000001192092896, 1.0, 1.0, 1.0, 0.9999999403953552, 0.9999998211860657, 1.0, 0.9999998807907104, 1.0, 0.9999998807907104, 0.9999999403953552, 0.9999999403953552, 0.9999999403953552, 1.0, 1.0, 1.0, 1.0000001192092896, 0.9999998807907104, 0.9999999403953552, 0.9999998807907104, 1.0000001192092896, 1.0, 1.0, 1.0000001192092896, 1.0000001192092896, 1.0000001192092896, 1.0000001192092896, 0.9999999403953552, 1.0, 1.0, 0.9999999403953552, 0.9999998211860657, 1.0000001192092896, 1.0000001192092896, 1.0000001192092896, 0.9999999403953552, 1.0, 0.9999999403953552, 1.0, 1.0000001192092896, 1.0000001192092896, 1.0, 1.0000001192092896, 0.9999999403953552, 1.0, 1.0000001192092896, 0.9999999403953552, 0.9999998807907104, 1.0, 1.0, 1.0, 1.0, 0.9999998807907104, 1.0, 1.0, 0.9999998807907104, 1.0, 1.0, 0.9999999403953552, 0.9999998211860657, 1.0, 1.0, 1.000000238418579, 1.0, 1.0000001192092896, 1.0, 0.9999998807907104, 0.9999999403953552, 1.0, 0.9999999403953552, 0.9999998807907104, 0.9999998807907104, 1.0, 1.0000001192092896, 1.0, 0.9999998807907104, 0.9999998807907104, 1.0, 1.0, 0.9999998211860657, 1.0, 1.0000001192092896, 0.9999999403953552, 1.0000001192092896, 0.9999998807907104, 0.9999999403953552, 1.0, 1.0, 1.0000001192092896, 1.0, 1.0, 0.9999999403953552, 1.0000001192092896, 0.9999999403953552, 0.9999999403953552, 0.9999999403953552, 0.9999998211860657, 0.9999999403953552, 0.9999999403953552, 0.9999998807907104, 0.9999999403953552, 1.0, 1.0000001192092896, 0.9999998807907104, 1.0, 1.0, 1.0, 0.9999998211860657, 0.9999999403953552, 1.0, 1.0, 1.0, 0.9999999403953552, 1.0, 0.9999999403953552, 0.9999998807907104, 1.0000001192092896, 1.0, 1.0, 0.9999999403953552, 1.0, 1.0000001192092896, 1.0000001192092896, 0.9999999403953552, 0.9999998211860657, 1.0000001192092896, 0.9999999403953552, 0.9999999403953552, 1.0000001192092896, 1.0, 1.0000001192092896, 0.9999999403953552, 0.9999998807907104, 0.9999999403953552, 1.0, 0.9999999403953552, 1.0, 1.0, 0.9999998807907104, 0.9999998807907104, 1.0000001192092896, 1.0000001192092896, 1.0, 0.9999999403953552, 0.9999998211860657, 1.000000238418579, 1.0000001192092896, 0.9999999403953552, 0.9999999403953552, 1.0, 0.9999998807907104, 1.0, 0.9999999403953552, 1.0, 0.9999999403953552, 1.0, 1.0, 0.9999999403953552, 1.0, 1.0000001192092896, 1.0, 1.0, 1.0, 0.9999999403953552, 1.0, 1.0, 1.0, 0.9999998807907104, 0.9999999403953552, 1.0, 1.0, 1.0, 1.0000001192092896, 1.0, 1.0, 0.9999999403953552, 0.9999999403953552, 1.0000001192092896, 1.0, 0.9999999403953552, 0.9999998807907104, 1.0, 0.9999999403953552, 1.0, 1.0, 0.9999999403953552, 1.0, 1.0000001192092896, 1.0000001192092896, 1.0, 0.9999998807907104, 0.9999999403953552, 0.9999998807907104, 1.000000238418579, 0.9999998807907104, 0.9999998807907104, 0.9999998807907104, 1.0, 1.0, 0.9999998807907104, 0.9999998807907104, 1.0000001192092896, 1.0, 0.9999998807907104, 0.9999998807907104, 0.9999999403953552, 0.9999999403953552, 1.0, 1.0, 1.0, 1.0, 1.0, 1.0000001192092896, 1.0, 0.9999998807907104, 1.0, 1.0, 1.0, 1.0, 1.0000001192092896, 0.9999999403953552, 0.9999999403953552, 1.0, 0.9999999403953552, 0.9999999403953552, 1.0000001192092896, 1.0000001192092896, 1.0, 0.9999998807907104, 1.0, 1.0000001192092896, 1.0000001192092896, 0.9999998807907104, 0.9999999403953552, 0.9999999403953552, 1.0, 1.0000001192092896, 1.0000001192092896, 0.9999998807907104, 1.0000001192092896, 0.9999999403953552, 0.9999999403953552, 1.0, 0.9999998807907104, 1.0, 1.0, 1.0, 0.9999998807907104, 1.0, 1.0000001192092896, 1.0000001192092896, 0.9999999403953552, 0.9999998807907104, 0.9999999403953552, 1.0, 1.0, 0.9999998807907104, 1.0, 0.9999999403953552, 0.9999998807907104, 1.0, 1.0, 0.9999999403953552, 1.0, 0.9999998211860657, 1.0000001192092896, 1.0, 1.0, 0.9999999403953552, 0.9999998807907104, 1.0, 0.9999999403953552, 1.0, 1.0, 1.0, 1.0000001192092896, 1.0, 1.0, 1.0, 1.0000001192092896, 1.0, 1.0, 1.0, 0.9999999403953552, 1.0, 1.0000001192092896, 0.9999999403953552, 1.0, 0.9999999403953552, 1.0, 0.9999999403953552, 0.9999999403953552, 1.0, 1.0, 0.9999999403953552, 1.0, 0.9999998807907104, 1.0, 0.9999999403953552, 1.0, 0.9999999403953552, 1.0, 1.000000238418579, 1.0, 0.9999998807907104, 1.0, 1.0, 1.0, 1.0, 1.0000001192092896, 1.0, 1.0, 1.0000001192092896, 1.0, 1.0, 1.0, 1.0, 0.9999999403953552, 1.0, 0.9999998807907104, 1.0000001192092896, 1.0, 1.0000001192092896, 1.0, 0.9999998807907104, 0.9999999403953552, 0.9999999403953552, 1.0000001192092896, 1.0000001192092896, 1.0, 0.9999999403953552, 0.9999999403953552, 1.0000001192092896, 1.0, 0.9999999403953552, 0.9999998807907104, 1.0, 1.0000001192092896, 0.9999998807907104, 0.9999999403953552, 1.0, 1.0000001192092896, 1.0, 0.9999997615814209, 0.9999998211860657, 1.0, 1.0000001192092896, 1.0, 0.9999998807907104, 1.0, 0.9999998807907104, 1.0, 1.0, 0.9999998211860657, 0.9999999403953552, 1.0, 1.0000001192092896, 1.0, 1.0, 0.9999998807907104, 1.0, 1.0, 0.9999998807907104, 1.0, 0.9999998211860657, 1.0, 1.0, 0.9999998211860657, 1.0, 1.0, 1.0, 1.0000001192092896, 0.9999999403953552, 0.9999999403953552, 1.0, 1.0, 1.0, 1.0, 1.0, 0.9999998211860657, 1.0000001192092896, 1.0, 1.0, 0.9999998807907104, 1.0, 1.0, 1.0, 0.9999999403953552, 1.0, 1.0, 1.0, 1.0, 1.0, 1.0, 1.0, 1.0, 0.9999999403953552, 0.9999999403953552, 1.0000001192092896, 1.0000001192092896, 1.0, 1.0, 1.0, 0.9999999403953552, 1.0000001192092896, 0.9999999403953552, 1.0, 1.0, 1.0000001192092896, 1.0, 1.0, 1.0, 1.0, 0.9999999403953552, 1.0, 0.9999998211860657, 0.9999998807907104, 1.0, 0.9999999403953552, 0.9999999403953552, 1.0, 1.0, 1.0, 1.0000001192092896, 1.0, 1.0, 0.9999999403953552, 0.9999999403953552, 1.0, 0.9999999403953552, 0.9999998807907104, 1.0000001192092896, 1.0, 1.0, 1.0, 1.0, 0.9999998211860657, 0.9999999403953552, 1.0, 0.9999998211860657, 0.9999999403953552, 1.0, 0.9999999403953552, 0.9999999403953552, 0.9999998807907104, 1.0, 1.0, 1.0000001192092896, 0.9999999403953552, 1.0, 1.0, 1.0, 1.0000001192092896, 1.0, 0.9999998807907104, 0.9999999403953552, 0.9999998807907104, 1.0000001192092896, 0.9999999403953552, 1.0, 0.9999999403953552, 0.9999999403953552, 1.0, 0.9999998807907104, 0.9999997615814209, 0.9999999403953552, 1.0, 0.9999998807907104, 0.9999998807907104, 1.0, 1.0, 1.0000001192092896, 1.0, 1.0000001192092896, 1.0, 0.9999999403953552, 1.0, 1.0, 0.9999998807907104, 0.9999999403953552, 1.0000001192092896, 1.0, 1.0, 1.0, 1.0, 1.0, 1.0, 0.9999999403953552, 1.0, 1.0, 1.0, 0.9999999403953552, 1.0, 0.9999998807907104, 1.0000001192092896, 1.0, 1.0, 0.9999999403953552, 1.0, 0.9999998807907104, 1.0000001192092896, 1.0, 0.9999998807907104, 1.0000001192092896, 0.9999998807907104, 1.0, 1.0, 1.0, 0.9999999403953552, 0.9999998807907104, 0.9999999403953552, 0.9999998807907104, 1.0, 1.0, 0.9999999403953552, 1.0, 0.9999998807907104, 1.0, 0.9999999403953552, 1.0000001192092896, 1.0, 0.9999998807907104, 0.9999998807907104, 0.9999998807907104, 1.0, 1.0, 0.9999999403953552, 1.0, 1.0, 1.0, 1.0, 0.9999998211860657, 1.0, 1.0, 1.0, 0.9999999403953552, 0.9999999403953552, 1.0000001192092896, 0.9999999403953552, 1.0, 0.9999997615814209, 1.0, 1.0, 1.0, 0.9999998211860657, 0.9999999403953552, 1.0, 0.9999999403953552]
