package_id,working_name,resolved_tag,source_starting_force_archetype,force_profile,military_tradition_score,support_access_direction,navy_inheritance,air_inheritance,reinforcement_pathways,officer_commander_direction,force_specific_risk_tradeoff,research_sensitive_leader_or_symbol_flag,research_sensitive_direction,evidence
"IW-001","Scotland","SCO","territorial army and coastal defense","territorial_defense","70","Engineers and reconnaissance are opening support; artillery and signals follow depot and command integration.","yes","yes","integrate militias | secure depots | convert defecting host units | create a professional officer corps | complete capital and border defense missions","Retain only verified Scottish territorial officers and naval liaisons; use an institutional defence staff until period commanders are sourced.","Defending ports and the central belt spreads a modest army thin, while inherited ships and aircraft intensify the host asset dispute.","no","Normal accepted provenance checks apply.","006_candidate_country_registry.csv IW-001 starting_force_archetype; REG-01 military_identity; 006_package_research_resolution.csv IW-001"
"IW-002","Wales","WLS","territorial infantry and mountain defense","mountain_frontier","58","Engineers and foot reconnaissance are immediate; artillery and hospitals unlock after north-south supply links are secured.","no","no","integrate militias | recruit regional guards | recruit mountain, desert, island, frontier, or cavalry units | create a professional officer corps | complete capital and border defense missions","Build a bilingual territorial command from vetted local officers, with an institutional general staff if no period commander is safely available.","Mountain defence protects the interior but leaves the industrial south and long internal communications vulnerable to simultaneous pressure.","no","Normal accepted provenance checks apply.","006_candidate_country_registry.csv IW-002 starting_force_archetype; REG-01 military_identity; 006_package_research_resolution.csv IW-002"
"IW-003","Cornwall","ACX","coastal guards and mining militia","coastal_maritime","42","Engineers and reconnaissance support mine and port defence first; maintenance and artillery require secured workshops and depots.","no","no","integrate militias | recruit regional guards | secure depots | mobilize factory or railway guards | complete capital and border defense missions","Use a port-and-mines security committee with a locally generated officer pool; do not invent a senior historical commander.","A small manpower base must cover ports, mines, and the peninsula approach, so stronger static defence reduces mobile reserve depth.","no","Normal accepted provenance checks apply.","006_candidate_country_registry.csv IW-003 starting_force_archetype; REG-01 military_identity; 006_package_research_resolution.csv IW-003"
"IW-004","Brittany","BRI","coastal infantry, sailors, local guards","coastal_maritime","58","Engineers and coastal reconnaissance open immediately; artillery, logistics, and signals depend on integrating sailors and port depots.","yes","no","integrate militias | recruit regional guards | secure depots | create a professional officer corps | complete capital and border defense missions","Form a joint coastal command from verified naval personnel and territorial officers; keep institutional leadership until a sourced period commander is cleared.","Port defence and fleet inheritance improve survival but consume crews and fuel that the inland defensive line also needs.","no","Normal accepted provenance checks apply.","006_candidate_country_registry.csv IW-004 starting_force_archetype; REG-01 military_identity; 006_package_research_resolution.csv IW-004"
"IW-005","Flanders","","industrial militia and defecting regulars","industrial_security","62","Engineers and maintenance support industrial formations first; artillery and signals follow regular-unit vetting and rail-depot control.","no","yes","integrate militias | secure depots | convert defecting host units | mobilize factory or railway guards | create a professional officer corps","Place defecting regular officers under a civilian-industrial security board, with separate air liaison vetting for inherited crews.","Dense industry produces equipment but creates many fixed objectives, and defectors can turn the army into a rival political centre.","no","Normal accepted provenance checks apply.","006_candidate_country_registry.csv IW-005 starting_force_archetype; REG-01 military_identity; 006_package_research_resolution.csv IW-005"
"IW-006","Wallonia","AFX","industrial militia and regular defectors","industrial_security","61","Engineers, maintenance, and reconnaissance are available around mines and rail; artillery and signals require a unified regular command.","no","no","integrate militias | secure depots | convert defecting host units | mobilize factory or railway guards | create a professional officer corps","Vetted defecting officers command field units while mine and factory guards remain under a civilian reserve inspectorate.","Industrial manpower can mobilize quickly, but divided loyalties and dependence on imported food and raw materials punish prolonged war.","no","Normal accepted provenance checks apply.","006_candidate_country_registry.csv IW-006 starting_force_archetype; REG-01 military_identity; 006_package_research_resolution.csv IW-006"
"IW-007","Frisia","AGX","coastal guards and light infantry","coastal_maritime","45","Engineers and reconnaissance support dike and coast defence; artillery and logistics wait for regional depots and rail access.","no","no","integrate militias | recruit regional guards | secure depots | open volunteer corridors | complete capital and border defense missions","Use a small coastal constabulary staff and locally vetted junior officers rather than assigning an unsupported famous commander.","Light forces move well along the coast but lack depth against armour, and flooding or port loss can isolate the entire compact state.","no","Normal accepted provenance checks apply.","006_candidate_country_registry.csv IW-007 starting_force_archetype; REG-01 military_identity; 006_package_research_resolution.csv IW-007"
"IW-008","Rhineland","RHI","defecting regulars and industrial guards","regular_defectors","70","Engineers, artillery, and signals may accompany defecting formations; maintenance and logistics scale with secured Rhine depots.","no","yes","secure depots | convert defecting host units | mobilize factory or railway guards | create a professional officer corps | complete capital and border defense missions","Create a screened regular headquarters with industrial-guard liaison officers and a separate review for transferred air personnel.","A capable defecting army deters intervention but gives military commanders leverage over the neutral or civilian settlement.","no","Normal accepted provenance checks apply.","006_candidate_country_registry.csv IW-008 starting_force_archetype; REG-01 military_identity; 006_package_research_resolution.csv IW-008"
"IW-009","Bavaria","BAY","defecting regulars and mountain units","regular_defectors","75","Engineers, artillery, and reconnaissance open with defectors; logistics and signals deepen after Alpine command and depots are unified.","no","yes","secure depots | convert defecting host units | recruit mountain, desert, island, frontier, or cavalry units | create a professional officer corps | complete capital and border defense missions","Use verified Bavarian regular officers with a mountain-warfare inspectorate; transfer no named commander whose nationality or current service conflicts.","Professional defectors grant immediate strength, but their equipment claim escalates the German settlement and their autonomy can threaten civilian rule.","no","Normal accepted provenance checks apply.","006_candidate_country_registry.csv IW-009 starting_force_archetype; REG-01 military_identity; 006_package_research_resolution.csv IW-009"
"IW-010","Saar","AJX","industrial guards and foreign-backed security","industrial_security","50","Engineers and maintenance support mine and border security; artillery, signals, and foreign specialist support require recognized access.","no","no","integrate militias | secure depots | mobilize factory or railway guards | accept foreign arms missions | complete capital and border defense missions","Keep security companies under a neutral institutional command and bar patron officers from permanent senior appointments without recognition review.","Foreign backing offsets tiny manpower, but every imported weapon or adviser raises dependency and invites competing host claims.","no","Normal accepted provenance checks apply.","006_candidate_country_registry.csv IW-010 starting_force_archetype; REG-01 military_identity; 006_package_research_resolution.csv IW-010"
"IW-011","Faroe Islands","AKX","coastal guards and patrol craft","coastal_maritime","35","Reconnaissance and engineers support harbour defence; maintenance and signals are available only through a maritime sponsor corridor.","yes","no","integrate militias | recruit regional guards | open volunteer corridors | accept foreign arms missions | complete capital and border defense missions","Use a harbour command council with a small locally trained officer cadre and visiting naval advisers who hold no sovereign command.","Patrol craft improve surveillance but consume scarce crews and fuel, while the island force cannot replace losses without outside access.","no","Normal accepted provenance checks apply.","006_candidate_country_registry.csv IW-011 starting_force_archetype; REG-01 military_identity; 006_package_research_resolution.csv IW-011"
"IW-012","Icelandic emergency republic","ICE","coastal guards, patrol craft, foreign volunteers","coastal_maritime","45","Engineers, reconnaissance, and coastal signals open first; logistics and maintenance depend on an active North Atlantic volunteer corridor.","yes","no","integrate militias | open volunteer corridors | accept foreign arms missions | train league cadres | complete capital and border defense missions","Retain verified Icelandic officers where available and place foreign volunteers under an Icelandic emergency defence staff.","External volunteers make island defence credible but can turn bases, fuel, and communications into patron leverage.","no","Normal accepted provenance checks apply.","006_candidate_country_registry.csv IW-012 starting_force_archetype; REG-01 military_identity; 006_package_research_resolution.csv IW-012"
"IW-013","Basque Country","NAV","mountain infantry and industrial militia","mountain_frontier","67","Engineers, reconnaissance, and mountain logistics are early support; artillery and maintenance expand after industrial depots are secured.","no","no","integrate militias | secure depots | mobilize factory or railway guards | recruit mountain, desert, island, frontier, or cavalry units | create a professional officer corps","Combine vetted mountain officers with industrial militia representatives so neither regularists nor factory formations monopolize command.","Strong mountain positions and industry aid survival, but guarding passes and factories simultaneously can exhaust limited trained infantry.","no","Normal accepted provenance checks apply.","006_candidate_country_registry.csv IW-013 starting_force_archetype; REG-02 military_identity; 006_package_research_resolution.csv IW-013"
"IW-014","Catalonia","CAT","industrial militia, coastal defense, regular defectors","regular_defectors","72","Engineers, artillery, and reconnaissance may follow defectors; logistics, signals, and maintenance scale through port and factory integration.","yes","yes","integrate militias | secure depots | convert defecting host units | mobilize factory or railway guards | create a professional officer corps","Create a mixed regular-militia staff with separate civilian oversight of inherited naval and air assets.","A broad inherited force can defend industry and coast, but factional officer politics and contested Spanish assets can trigger immediate escalation.","no","Normal accepted provenance checks apply.","006_candidate_country_registry.csv IW-014 starting_force_archetype; REG-02 military_identity; 006_package_research_resolution.csv IW-014"
"IW-015","Galicia","GLC","territorial infantry and coastal guards","territorial_defense","50","Engineers and reconnaissance support territorial units; artillery and logistics depend on port access and a secured inland depot.","no","no","integrate militias | recruit regional guards | secure depots | open volunteer corridors | complete capital and border defense missions","Build a territorial district command from vetted local officers and coast-guard leaders, with institutional leadership if biographies remain unresolved.","The territorial army covers dispersed coast and countryside but lacks the concentration and heavy support needed for offensive war.","no","Normal accepted provenance checks apply.","006_candidate_country_registry.csv IW-015 starting_force_archetype; REG-02 military_identity; 006_package_research_resolution.csv IW-015"
"IW-016","Occitania","OCC","territorial infantry and urban militia","territorial_defense","48","Engineers and reconnaissance are common support; artillery, signals, and logistics unlock region by region as urban commands integrate.","no","no","integrate militias | recruit regional guards | secure depots | mobilize factory or railway guards | create a professional officer corps","Use a federated territorial staff with city militia liaison officers rather than one invented commander for the broad cultural region.","A wide recruiting base brings numbers but uneven command standards and long internal distances slow concentration against a host counterattack.","no","Normal accepted provenance checks apply.","006_candidate_country_registry.csv IW-016 starting_force_archetype; REG-02 military_identity; 006_package_research_resolution.csv IW-016"
"IW-017","Corsica","COR","mountain and coastal infantry","coastal_maritime","53","Engineers, reconnaissance, and mountain logistics open first; artillery and coastal signals require secure ports and interior roads.","yes","no","integrate militias | recruit regional guards | secure depots | recruit mountain, desert, island, frontier, or cavalry units | complete capital and border defense missions","Form an island defence command from vetted territorial and maritime officers, with no personal leader assigned solely from a surname or symbol.","Island and mountain defence is stubborn but replacement equipment, fuel, and food remain vulnerable to blockade.","no","Normal accepted provenance checks apply.","006_candidate_country_registry.csv IW-017 starting_force_archetype; REG-02 military_identity; 006_package_research_resolution.csv IW-017"
"IW-018","Sardinia","ARX","coastal guards and mountain infantry","coastal_maritime","52","Engineers, reconnaissance, and mountain logistics are early support; artillery and maintenance follow port-depot consolidation.","yes","no","integrate militias | recruit regional guards | secure depots | recruit mountain, desert, island, frontier, or cavalry units | create a professional officer corps","Use a joint island territorial staff and naval liaison, with generated junior officers drawn from a reviewed regional name pool.","Coastal coverage and mountain defence compete for the same manpower, and inherited vessels become liabilities if fuel access collapses.","no","Normal accepted provenance checks apply.","006_candidate_country_registry.csv IW-018 starting_force_archetype; REG-02 military_identity; 006_package_research_resolution.csv IW-018"
"IW-019","Sicily","ASX","coastal infantry, regular defectors, port defense","regular_defectors","65","Engineers, artillery, and reconnaissance may follow regular defectors; logistics and maintenance depend on functioning ports and depots.","yes","yes","integrate militias | secure depots | convert defecting host units | recruit regional guards | create a professional officer corps","Screen defecting officers through a Sicilian provisional command and place naval and air inheritances under separate service boards.","A comparatively strong opening force can deter invasion, but port dependence and ambitious defectors raise coup and blockade risks.","no","Normal accepted provenance checks apply.","006_candidate_country_registry.csv IW-019 starting_force_archetype; REG-02 military_identity; 006_package_research_resolution.csv IW-019"
"IW-020","Venice","ATX","naval militia, coastal guards, urban units","coastal_maritime","64","Engineers, naval signals, reconnaissance, and maintenance are available around the lagoon; field artillery requires mainland depots.","yes","yes","integrate militias | secure depots | mobilize factory or railway guards | open volunteer corridors | create a professional officer corps","Use a modern joint port command and civic defence staff; historical restoration imagery does not authorize an invented admiral or dogal commander.","Lagoon defence and inherited craft are powerful locally, but a mainland supply cut can trap the force and make naval officers politically dominant.","no","Normal accepted provenance checks apply.","006_candidate_country_registry.csv IW-020 starting_force_archetype; REG-02 military_identity; 006_package_research_resolution.csv IW-020"
"IW-021","Trieste Free State","ICX","port guards and foreign-backed security","foreign_volunteers","51","Engineers, reconnaissance, and port signals open first; artillery and maintenance require a recognized sponsor and secured depots.","yes","no","recruit regional guards | secure depots | open volunteer corridors | accept foreign arms missions | complete capital and border defense missions","Place local guards and foreign security detachments under a neutral port command, with patron officers restricted to liaison roles.","Sponsor support keeps the microstate armed but makes command legitimacy fragile and turns every vessel or depot into an international dispute.","no","Normal accepted provenance checks apply.","006_candidate_country_registry.csv IW-021 starting_force_archetype; REG-02 military_identity; 006_package_research_resolution.csv IW-021"
"IW-022","Dalmatia","","coastal infantry and sailors","coastal_maritime","49","Engineers, reconnaissance, and coastal signals are initial support; artillery and logistics require integration of island and mainland depots.","yes","no","integrate militias | recruit regional guards | secure depots | open volunteer corridors | complete capital and border defense missions","Create a coastal district staff from sailors and territorial officers, with dispersed island commands subordinate to one civilian authority.","Dispersed coastline and islands favor defence but fragment the force, and ships can drain fuel without protecting inland approaches.","no","Normal accepted provenance checks apply.","006_candidate_country_registry.csv IW-022 starting_force_archetype; REG-02 military_identity; 006_package_research_resolution.csv IW-022"
"IW-023","Transylvania","TRA","mountain infantry and defecting regulars","mountain_frontier","68","Engineers, reconnaissance, and artillery open with vetted defectors; logistics and signals follow mountain-depot integration.","no","no","secure depots | convert defecting host units | recruit regional guards | recruit mountain, desert, island, frontier, or cavalry units | create a professional officer corps","Use a multiethnic screened officer commission so no single defecting army faction becomes the state command by default.","Mountain troops are defensible and experienced, but contested loyalties and overlapping claims can fracture units along political lines.","no","Normal accepted provenance checks apply.","006_candidate_country_registry.csv IW-023 starting_force_archetype; REG-03 military_identity; 006_package_research_resolution.csv IW-023"
"IW-024","Banat","AXX","border guards and industrial militia","industrial_security","53","Engineers and reconnaissance support border and factory defence; artillery and signals wait for rail-depot security.","no","no","integrate militias | recruit regional guards | secure depots | mobilize factory or railway guards | complete capital and border defense missions","Use a multiethnic border command with industrial-guard representation and no unsupported national hero appointment.","Border readiness and industry are useful, but mixed-unit loyalties and pressure from several neighbours can immobilize the reserve.","no","Normal accepted provenance checks apply.","006_candidate_country_registry.csv IW-024 starting_force_archetype; REG-03 military_identity; 006_package_research_resolution.csv IW-024"
"IW-025","Vojvodina","","border infantry and cavalry","mounted_mobile","56","Reconnaissance and engineers open first; artillery and logistics expand after cavalry remount and river depots are secured.","no","no","integrate militias | recruit regional guards | secure depots | recruit mountain, desert, island, frontier, or cavalry units | create a professional officer corps","Combine border officers with a mounted reserve inspectorate under a federal civilian command.","Mobile forces cover open borders efficiently, but cavalry upkeep and weak heavy support leave them vulnerable to mechanized intervention.","no","Normal accepted provenance checks apply.","006_candidate_country_registry.csv IW-025 starting_force_archetype; REG-03 military_identity; 006_package_research_resolution.csv IW-025"
"IW-026","Macedonia","MAC","mountain infantry and veteran networks","mountain_frontier","65","Engineers, reconnaissance, and mountain logistics are early support; artillery and signals require veteran-network integration.","no","no","integrate militias | recruit regional guards | secure depots | recruit mountain, desert, island, frontier, or cavalry units | create a professional officer corps","Vet veteran-network commanders through a regional defence council and prevent clandestine factions from retaining private chains of command.","Experienced mountain networks improve resilience, but rival patrons and clandestine loyalties can turn reinforcement into factional militarization.","no","Normal accepted provenance checks apply.","006_candidate_country_registry.csv IW-026 starting_force_archetype; REG-03 military_identity; 006_package_research_resolution.csv IW-026"
"IW-027","Thrace","BAX","border guards and cavalry","mounted_mobile","54","Reconnaissance, engineers, and light logistics support the frontier force; artillery follows corridor and depot control.","no","no","recruit regional guards | secure depots | recruit mountain, desert, island, frontier, or cavalry units | open volunteer corridors | complete capital and border defense missions","Create a corridor defence staff with separate mounted and border-guard commands under civilian arbitration.","Cavalry responds quickly across the corridor, but simultaneous pressure from several approaches can bypass thin fixed garrisons.","no","Normal accepted provenance checks apply.","006_candidate_country_registry.csv IW-027 starting_force_archetype; REG-03 military_identity; 006_package_research_resolution.csv IW-027"
"IW-028","Epirus","BBX","mountain infantry","mountain_frontier","58","Engineers, reconnaissance, and mountain logistics are opening support; artillery requires secured roads and external supply.","no","no","integrate militias | recruit regional guards | secure depots | recruit mountain, desert, island, frontier, or cavalry units | create a professional officer corps","Place screened mountain formations under the sourced historical corps commander Spyros Spyromilios while the civic council retains political authority.","Excellent defensive terrain cannot replace equipment, and isolation makes every lost road junction disproportionately damaging.","no","Normal accepted provenance checks apply.","006_candidate_country_registry.csv IW-028 starting_force_archetype; REG-03 military_identity; 006_package_research_resolution.csv IW-028; Spyros Spyromilios sourced portrait and corps-command record"
"IW-029","Bosnia","BOS","mountain infantry and regular defectors","mountain_frontier","66","Engineers, reconnaissance, and artillery open with defecting formations; logistics and hospitals follow a unified mountain supply service.","no","no","integrate militias | secure depots | convert defecting host units | recruit mountain, desert, island, frontier, or cavalry units | create a professional officer corps","Establish a multi-community officer vetting board and mixed territorial commands rather than assigning the force to one communal faction.","Defectors give combat power, but fractured political loyalty and difficult supply can split the army into competing enclaves.","no","Normal accepted provenance checks apply.","006_candidate_country_registry.csv IW-029 starting_force_archetype; REG-03 military_identity; 006_package_research_resolution.csv IW-029"
"IW-030","Montenegro","MNT","mountain infantry and traditional guards","mountain_frontier","62","Engineers, reconnaissance, and mountain logistics open first; artillery and signals require a secured capital route and depot.","no","no","integrate militias | recruit regional guards | secure depots | recruit mountain, desert, island, frontier, or cavalry units | create a professional officer corps","Retain verified territorial officers and place traditional guards under a national mountain command instead of a private household chain.","Traditional cohesion strengthens defence but can resist professional integration, while the small equipment pool limits recovery after losses.","no","Normal accepted provenance checks apply.","006_candidate_country_registry.csv IW-030 starting_force_archetype; REG-03 military_identity; 006_package_research_resolution.csv IW-030"
"IW-031","Kosovo","KOS","mountain infantry and local guards","mountain_frontier","55","Engineers and reconnaissance support local guards; artillery, logistics, and signals depend on depot security and outside access.","no","no","integrate militias | recruit regional guards | secure depots | open volunteer corridors | complete capital and border defense missions","Use an institutional territorial command with community-vetted junior officers and no unsupported personal leader.","Local knowledge aids mountain defence, but contested legitimacy and scarce heavy equipment can make every reinforcement corridor politically costly.","no","Normal accepted provenance checks apply.","006_candidate_country_registry.csv IW-031 starting_force_archetype; REG-03 military_identity; 006_package_research_resolution.csv IW-031"
"IW-032","Slavonia","BFX","border infantry and river guards","river_jungle","50","Engineers, reconnaissance, and river logistics open first; artillery and signals follow bridge and rail-depot control.","no","no","integrate militias | recruit regional guards | secure depots | mobilize factory or railway guards | complete capital and border defense missions","Create a river-border command with railway liaison officers and a civilian board supervising bridge demolition authority.","River lines anchor defence but also channel movement through vulnerable bridges, so a single depot or crossing loss can divide the army.","no","Normal accepted provenance checks apply.","006_candidate_country_registry.csv IW-032 starting_force_archetype; REG-03 military_identity; 006_package_research_resolution.csv IW-032"
"IW-033","Karelia","KAR","forest infantry and ski troops","mountain_frontier","69","Engineers, reconnaissance, and cold-weather logistics are early support; artillery and hospitals require secured railheads.","no","no","integrate militias | recruit regional guards | secure depots | recruit mountain, desert, island, frontier, or cavalry units | create a professional officer corps","Use verified Karelian officers with a ski and forest warfare school; otherwise retain an institutional frontier staff.","Forest mobility and winter skill raise defensive value, but low population and rail dependence make casualties and ammunition shortages hard to replace.","no","Normal accepted provenance checks apply.","006_candidate_country_registry.csv IW-033 starting_force_archetype; REG-04 military_identity; 006_package_research_resolution.csv IW-033"
"IW-034","Ingria","BHX","local guards and defecting units","regular_defectors","55","Engineers and reconnaissance open with local guards; artillery and signals require defecting-unit vetting and a secured urban depot.","no","no","integrate militias | secure depots | convert defecting host units | open volunteer corridors | create a professional officer corps","Place defectors under an Ingrian civic defence council and use a sourced commander only if the route becomes a concrete territorial package.","A small defecting core can hold an urban anchor, but a route-only identity risks isolation and overwhelming host retaliation.","no","Normal accepted provenance checks apply.","006_candidate_country_registry.csv IW-034 starting_force_archetype; REG-04 military_identity; 006_package_research_resolution.csv IW-034"
"IW-035","Livonia","","territorial infantry and port guards","territorial_defense","52","Engineers, reconnaissance, and coastal signals open first; artillery and logistics depend on negotiated port and rail access.","yes","no","integrate militias | recruit regional guards | secure depots | open volunteer corridors | complete capital and border defense missions","Use a federal territorial staff for the negotiated restoration, with port officers subordinate to the civil compact.","A formable territorial army can defend ports, but overlapping Baltic identities and shared assets make premature central command destabilizing.","no","Normal accepted provenance checks apply.","006_candidate_country_registry.csv IW-035 starting_force_archetype; REG-04 military_identity; 006_package_research_resolution.csv IW-035"
"IW-036","Courland","BJX","coastal guards and territorial infantry","coastal_maritime","49","Engineers, reconnaissance, and coastal signals are available; artillery and logistics require a viable port-state depot.","yes","no","integrate militias | recruit regional guards | secure depots | open volunteer corridors | complete capital and border defense missions","Form a coastal territorial staff from vetted local officers, leaving any restoration claimant outside operational command.","A compact coast is defensible, but inherited craft and static guards cannot compensate for a tiny reserve or contested Baltic access.","no","Normal accepted provenance checks apply.","006_candidate_country_registry.csv IW-036 starting_force_archetype; REG-04 military_identity; 006_package_research_resolution.csv IW-036"
"IW-037","Polesia","BKX","light infantry and local guides","river_jungle","45","Engineers, reconnaissance, and light logistics open first; artillery remains limited until firm roads and depots are established.","no","no","integrate militias | recruit regional guards | secure depots | train league cadres | complete capital and border defense missions","Use a decentralized marsh-defence staff with local guide officers and a small professional coordination cadre.","Marsh mobility frustrates invaders but restricts heavy weapons and supply, making the force ineffective outside its home terrain.","no","Normal accepted provenance checks apply.","006_candidate_country_registry.csv IW-037 starting_force_archetype; REG-04 military_identity; 006_package_research_resolution.csv IW-037"
"IW-038","Ruthenia","RUT","mountain infantry and border guards","mountain_frontier","60","Engineers, reconnaissance, and mountain logistics open first; artillery and signals follow border-depot consolidation.","no","no","integrate militias | recruit regional guards | secure depots | recruit mountain, desert, island, frontier, or cavalry units | create a professional officer corps","Create a borderland officer commission that represents the compact territory and bars external claimant factions from direct command.","Mountain and border units defend narrow approaches, but competing patrons can fracture loyalty and close the supply route they rely on.","no","Normal accepted provenance checks apply.","006_candidate_country_registry.csv IW-038 starting_force_archetype; REG-04 military_identity; 006_package_research_resolution.csv IW-038"
"IW-039","Cossack Don","DON","cavalry and defecting regulars","mounted_mobile","82","Reconnaissance, engineers, and artillery open with the defecting host; logistics and signals follow remount and rail-depot integration.","no","no","secure depots | convert defecting host units | recruit regional guards | recruit mountain, desert, island, frontier, or cavalry units | create a professional officer corps","Retain only verified Don officers, place host formations under a national command, and prevent ataman institutions from becoming an unchecked private army.","Exceptional mobile tradition gives immediate offensive power, but officer autonomy and remount costs can produce warlordism and chronic supply strain.","no","Normal accepted provenance checks apply.","006_candidate_country_registry.csv IW-039 starting_force_archetype; REG-04 military_identity; 006_package_research_resolution.csv IW-039"
"IW-040","Kuban Cossack Host","KUB","cavalry and frontier infantry","mounted_mobile","80","Reconnaissance, engineers, and light artillery are early support; logistics and signals depend on railheads and remount depots.","no","no","integrate militias | recruit regional guards | secure depots | recruit mountain, desert, island, frontier, or cavalry units | create a professional officer corps","Use verified Kuban officers within a mixed frontier command and subject host leadership to civilian or congress oversight.","Fast cavalry and frontier infantry can seize initiative, but dispersed settlements, horse supply, and autonomous commanders weaken sustained defence.","no","Normal accepted provenance checks apply.","006_candidate_country_registry.csv IW-040 starting_force_archetype; REG-04 military_identity; 006_package_research_resolution.csv IW-040"
"IW-041","Crimean Tatar state","CRI","cavalry, coastal guards, defecting units","mounted_mobile","66","Reconnaissance, engineers, and coastal signals open first; artillery and logistics follow depot and defecting-unit integration.","yes","yes","integrate militias | secure depots | convert defecting host units | recruit mountain, desert, island, frontier, or cavalry units | create a professional officer corps","Establish a screened peninsular command with separate mounted, coastal, naval, and air liaison sections.","Mixed inherited services make the peninsula formidable, but fuel and contested bases tie survival to holding a few exposed ports and airfields.","no","Normal accepted provenance checks apply.","006_candidate_country_registry.csv IW-041 starting_force_archetype; REG-04 military_identity; 006_package_research_resolution.csv IW-041"
"IW-042","Galicia-Lodomeria","GAL","territorial infantry and defecting regulars","regular_defectors","63","Engineers, reconnaissance, and artillery open with vetted units; logistics and signals require a negotiated multiethnic command.","no","no","integrate militias | secure depots | convert defecting host units | train league cadres | create a professional officer corps","Use a territorial federation staff and screen defecting officers for loyalty to the compact rather than a restoration claimant.","Regular formations improve survival, but a high-chaos restoration label can turn command appointments into ethnic and dynastic flashpoints.","no","Normal accepted provenance checks apply.","006_candidate_country_registry.csv IW-042 starting_force_archetype; REG-04 military_identity; 006_package_research_resolution.csv IW-042"
"IW-043","Volga Bulgaria","CHU","river guards, cavalry, defecting units","river_jungle","62","Engineers, reconnaissance, and river logistics open first; artillery and signals require congress-approved integration of defectors and mounted units.","no","no","integrate militias | secure depots | convert defecting host units | recruit mountain, desert, island, frontier, or cavalry units | create a professional officer corps","The opening commander is a collective Middle Volga defence commission; named officers require community-specific source and portrait review.","River and mounted forces cover the Middle Volga well, but restoration politics can let one constituency dominate command and alienate the federal congress.","yes","Do not assign a fictional khan, universalized medieval symbol, or single-community commander. The accepted force identity remains active under an institutional defence commission.","006_candidate_country_registry.csv IW-043 starting_force_archetype; REG-05 military_identity; 006_signature_country_research_dossiers.md IW-043"
"IW-044","Tatarstan","TAT","defecting regulars and river infantry","regular_defectors","69","Engineers, artillery, and reconnaissance open with defectors; river logistics and signals follow depot and command screening.","no","no","secure depots | convert defecting host units | recruit regional guards | create a professional officer corps | complete capital and border defense missions","Use verified registered-tag officers when valid, otherwise a Tatarstan institutional staff with river-defence specialists.","A professional opening army can secure Kazan, but contested Middle Volga reservations and defecting officers increase political and host pressure.","no","Normal accepted provenance checks apply.","006_candidate_country_registry.csv IW-044 starting_force_archetype; REG-05 military_identity; 006_package_research_resolution.csv IW-044"
"IW-045","Bashkiria","BSK","cavalry, frontier infantry, defecting units","mounted_mobile","70","Reconnaissance, engineers, and light artillery are early support; logistics and signals scale with remount and rail-depot control.","no","no","secure depots | convert defecting host units | recruit regional guards | recruit mountain, desert, island, frontier, or cavalry units | create a professional officer corps","Combine verified defecting officers with a Bashkir frontier command and keep mounted formations under the national staff.","Mobile tradition covers a broad frontier, but long distances, horse supply, and contested officers can exhaust the small industrial base.","no","Normal accepted provenance checks apply.","006_candidate_country_registry.csv IW-045 starting_force_archetype; REG-05 military_identity; 006_package_research_resolution.csv IW-045"
"IW-046","Chuvashia","CHU","river infantry and local guards","river_jungle","48","Engineers, reconnaissance, and river logistics open first; artillery and signals require Kazan-Cheboksary reservation and depot resolution.","no","no","integrate militias | recruit regional guards | secure depots | train league cadres | complete capital and border defense missions","Use a Chuvash territorial staff with local guard officers and league-trained specialists, without borrowing a leader from another Volga package.","River defence supports a compact state, but shared coarse-state reservations and limited heavy industry constrain independent force growth.","no","Normal accepted provenance checks apply.","006_candidate_country_registry.csv IW-046 starting_force_archetype; REG-05 military_identity; 006_package_research_resolution.csv IW-046"
"IW-047","Mari El","MEL","forest infantry and local guards","river_jungle","47","Engineers, reconnaissance, and light logistics support forest units; artillery and signals require an external rail and training corridor.","no","no","integrate militias | recruit regional guards | secure depots | train league cadres | create a professional officer corps","Use a compact institutional territorial command with locally vetted officers and no transferred commander from a neighbouring identity.","Forest defence aids concealment and delay, but low manpower and limited depots make prolonged conventional fighting unsustainable.","no","Normal accepted provenance checks apply.","006_candidate_country_registry.csv IW-047 starting_force_archetype; REG-05 military_identity; 006_package_research_resolution.csv IW-047"
"IW-048","Udmurtia","UDM","industrial guards and forest infantry","industrial_security","54","Engineers, maintenance, and reconnaissance open around workshops; artillery and logistics follow forest rail and depot security.","no","no","integrate militias | secure depots | mobilize factory or railway guards | recruit regional guards | create a professional officer corps","Place factory guards and forest battalions under a joint territorial-industrial staff with screened technical officers.","Industrial security improves equipment access, but fixed factories and thin forest routes force a choice between defending production and preserving the field army.","no","Normal accepted provenance checks apply.","006_candidate_country_registry.csv IW-048 starting_force_archetype; REG-05 military_identity; 006_package_research_resolution.csv IW-048"
"IW-049","Mordovia","BWX","local infantry and guards","territorial_defense","44","Engineers and reconnaissance are initial support; artillery, logistics, and signals depend on a secured external depot route.","no","no","integrate militias | recruit regional guards | secure depots | train league cadres | complete capital and border defense missions","Create an institutional territorial staff with locally generated junior officers and league-trained command specialists.","The compact guard force is politically controllable but lacks depth, heavy weapons, and independent supply for a long host conflict.","no","Normal accepted provenance checks apply.","006_candidate_country_registry.csv IW-049 starting_force_archetype; REG-05 military_identity; 006_package_research_resolution.csv IW-049"
"IW-050","Komi","KOM","forest and cold-weather infantry","mountain_frontier","55","Engineers, reconnaissance, and cold-weather logistics open first; artillery and signals require railhead and depot construction.","no","no","integrate militias | recruit regional guards | secure depots | recruit mountain, desert, island, frontier, or cavalry units | create a professional officer corps","Use verified registered-tag personnel when valid, otherwise a Komi frontier staff trained for dispersed cold-weather command.","Cold-weather skill and forest cover improve defence, but huge distances and weak transport make concentration and replacement extremely slow.","no","Normal accepted provenance checks apply.","006_candidate_country_registry.csv IW-050 starting_force_archetype; REG-05 military_identity; 006_package_research_resolution.csv IW-050"
"IW-051","Sakha","YAK","cold-weather infantry, cavalry, river guards","mountain_frontier","62","Engineers, reconnaissance, and cold-weather logistics open first; artillery and signals require river and rail depot consolidation.","no","no","integrate militias | recruit regional guards | secure depots | recruit mountain, desert, island, frontier, or cavalry units | create a professional officer corps","Use verified Sakha officers where valid and create a dispersed frontier staff with mounted and river liaison sections.","The force can patrol immense territory, but distance and seasonal transport make reinforcement slow and punish any attempt to defend every settlement.","no","Normal accepted provenance checks apply.","006_candidate_country_registry.csv IW-051 starting_force_archetype; REG-05 military_identity; 006_package_research_resolution.csv IW-051"
"IW-052","Buryatia","BYA","cavalry, mountain and frontier units","mounted_mobile","68","Reconnaissance, engineers, and mountain logistics are early support; artillery and signals follow remount and rail-depot control.","no","no","integrate militias | recruit regional guards | secure depots | recruit mountain, desert, island, frontier, or cavalry units | create a professional officer corps","Form a Buryat frontier command from verified officers, with mounted formations subordinated to an institutional national staff.","Mounted mobility offsets sparse infrastructure, but remounts, ammunition, and long rail links limit sustained operations far from the anchor.","no","Normal accepted provenance checks apply.","006_candidate_country_registry.csv IW-052 starting_force_archetype; REG-05 military_identity; 006_package_research_resolution.csv IW-052"
"IW-053","Altai","ALT","mountain cavalry and local guards","mounted_mobile","61","Reconnaissance, engineers, and mountain logistics open first; artillery remains light until an external depot corridor is secured.","no","no","integrate militias | recruit regional guards | secure depots | recruit mountain, desert, island, frontier, or cavalry units | train league cadres","Use a compact mountain-and-mounted staff with locally vetted officers and league-trained specialists.","Local mobility is high, but the small industrial and manpower base cannot replace heavy losses or support a large artillery train.","no","Normal accepted provenance checks apply.","006_candidate_country_registry.csv IW-053 starting_force_archetype; REG-05 military_identity; 006_package_research_resolution.csv IW-053"
"IW-054","Khakassia","KHA","cavalry and local guards","mounted_mobile","55","Reconnaissance and engineers support the mounted guard; logistics and artillery require rail access and a secured reserve depot.","no","no","integrate militias | recruit regional guards | secure depots | recruit mountain, desert, island, frontier, or cavalry units | complete capital and border defense missions","Create an institutional territorial command with a mounted reserve inspector and locally vetted junior officers.","The force can screen a wide steppe frontier, but limited heavy support and a coarse-state anchor make defeat difficult to recover from.","no","Normal accepted provenance checks apply.","006_candidate_country_registry.csv IW-054 starting_force_archetype; REG-05 military_identity; 006_package_research_resolution.csv IW-054"
"IW-055","Nenets state","NEN","light frontier guards and scouts","mountain_frontier","43","Reconnaissance, engineers, and cold-weather logistics are the only opening support; heavier companies require a sponsor corridor and fixed depot.","no","no","integrate militias | recruit regional guards | open volunteer corridors | recruit mountain, desert, island, frontier, or cavalry units | accept foreign arms missions","The exact named Nenets community uses an institutional defence council and local scout officers; no fictional person represents the broad identity.","Arctic scouting protects a compact anchor, but dispersed population and fragile supply make broad territorial defence impossible.","yes","Do not assign a generic northern leader or pan-Arctic symbol. Preserve the accepted frontier-scout force under the named community council.","006_candidate_country_registry.csv IW-055 starting_force_archetype; REG-05 military_identity; 006_sensitive_package_resolution.md IW-055"
"IW-056","Evenk state","EVE","frontier scouts and local guards","mountain_frontier","42","Reconnaissance, engineers, and light logistics open first; artillery and signals require a named district depot and outside training.","no","no","integrate militias | recruit regional guards | open volunteer corridors | recruit mountain, desert, island, frontier, or cavalry units | train league cadres","Use the selected Evenk district or river council as institutional command, with local officers only after community-specific review.","Scouts cover difficult terrain well, but a dispersed population cannot sustain a continuous front or large conventional formation.","yes","Do not create a pan-Evenk commander or symbol from the broad label. The accepted scout-and-guard identity remains available to the selected district package.","006_candidate_country_registry.csv IW-056 starting_force_archetype; REG-05 military_identity; 006_sensitive_package_resolution.md IW-056"
"IW-057","Far Eastern Republic","FER","defecting regulars, railway troops, coastal guards","regular_defectors","67","Engineers, artillery, signals, and railway logistics may open with defectors; naval support and maintenance depend on port and depot control.","yes","yes","secure depots | convert defecting host units | mobilize factory or railway guards | recruit regional guards | create a professional officer corps","Create a screened railway-port headquarters with verified regular officers and separate naval and air asset boards.","Rail and port forces make the republic viable, but its military depends on a narrow transport spine and may become a foreign-backed command state.","no","Normal accepted provenance checks apply.","006_candidate_country_registry.csv IW-057 starting_force_archetype; REG-05 military_identity; 006_package_research_resolution.csv IW-057"
"IW-058","Assyria","ASY","mountain infantry, local guards, foreign volunteers","foreign_volunteers","60","Engineers, reconnaissance, and mountain logistics open first; artillery, hospitals, and signals depend on an accountable volunteer corridor.","no","no","integrate militias | recruit regional guards | open volunteer corridors | accept foreign arms missions | create a professional officer corps","A provisional national council appoints the command and includes Levies, secular, church, village, urban, and diaspora representation; named officers require item-level sourcing.","Volunteers and mountain defence improve survival, but sponsor influence and unequal community representation can militarize the founding council.","yes","Do not assign an unsourced personal leader or treat one church, Levies, or movement emblem as universal. The mountain-and-volunteer force remains active under the national council.","006_candidate_country_registry.csv IW-058 starting_force_archetype; REG-06 military_identity; 006_signature_country_research_dossiers.md IW-058"
"IW-059","Mesopotamia","","river guards, regular defectors, tribal and urban units","river_jungle","67","Engineers, river logistics, reconnaissance, and artillery open through Baghdad depots; signals require integration of urban, tribal, and defecting commands.","no","yes","integrate militias | secure depots | convert defecting host units | recruit regional guards | create a professional officer corps","Use a Baghdad civic defence cabinet with river-province, army, urban, and minority liaison officers; ancient revival provides no baseline commander.","A diverse river army protects the capital but can split among officer, urban, provincial, and customary power centres if command integration fails.","yes","Do not use an ancient imperial leader or symbol as the opening military identity. Keep the accepted civic river-force package under a plural institutional staff.","006_candidate_country_registry.csv IW-059 starting_force_archetype; REG-06 military_identity; 006_signature_country_research_dossiers.md IW-059"
"IW-060","Kurdistan","KUR","mountain infantry and tribal or regular forces","mountain_frontier","72","Engineers, reconnaissance, and mountain logistics open first; artillery and signals follow compact-anchor depot and mixed-command integration.","no","no","integrate militias | secure depots | convert defecting host units | recruit mountain, desert, island, frontier, or cavalry units | create a professional officer corps","Use an institutional Kurdish defence council or a sourced period commander from the exact compact package; no fictional individual represents all regions.","Mountain and irregular experience makes the force resilient, but cross-border ambitions and divided command loyalties can overextend the compact state.","yes","Do not assign a broad pan-Kurdish personal leader or unsupported movement symbol. The accepted mountain-force identity continues under a compact-anchor defence council.","006_candidate_country_registry.csv IW-060 starting_force_archetype; REG-06 military_identity; 006_sensitive_package_resolution.md IW-060"
"IW-061","Luristan","CIX","mountain infantry and local levies","mountain_frontier","57","Engineers, reconnaissance, and mountain logistics open first; artillery and signals require a secured pass and external depot.","no","no","integrate militias | recruit regional guards | secure depots | recruit mountain, desert, island, frontier, or cavalry units | create a professional officer corps","Create a mountain levy inspectorate under a provisional regional command, with personal leaders drawn only from reviewed sources or name pools.","Levies control difficult passes but vary in training and loyalty, so rapid expansion risks armed localism and supply collapse.","no","Normal accepted provenance checks apply.","006_candidate_country_registry.csv IW-061 starting_force_archetype; REG-06 military_identity; 006_package_research_resolution.csv IW-061"
"IW-062","Khuzestan or Arabistan","CJX","river guards, industrial militia, local units","river_jungle","55","Engineers, maintenance, and river logistics open around oil and transport sites; artillery and signals require depot and identity-settlement control.","no","no","integrate militias | secure depots | mobilize factory or railway guards | recruit regional guards | complete capital and border defense missions","Use a plural river-and-industry security staff whose public naming and officer composition follow the selected settlement.","Oil security supports equipment access, but fixed infrastructure, contested naming, and river bottlenecks make the army vulnerable to sabotage and patron pressure.","no","Normal accepted provenance checks apply.","006_candidate_country_registry.csv IW-062 starting_force_archetype; REG-06 military_identity; 006_package_research_resolution.csv IW-062"
"IW-063","Bakhtiari","CKX","mountain and mobile tribal forces","mountain_frontier","64","Reconnaissance, engineers, and mountain logistics are early support; artillery and signals require a central depot and negotiated force integration.","no","no","integrate militias | recruit regional guards | secure depots | recruit mountain, desert, island, frontier, or cavalry units | create a professional officer corps","Place mobile local forces under a regional congress command and use personal officers only from a reviewed period or fictional name pool.","High local mobility improves pass defence, but autonomous formations may resist national command and consume scarce transport animals.","no","Normal accepted provenance checks apply.","006_candidate_country_registry.csv IW-063 starting_force_archetype; REG-06 military_identity; 006_package_research_resolution.csv IW-063"
"IW-064","Circassia","CLX","mountain infantry and cavalry","mountain_frontier","68","Engineers, reconnaissance, and mountain logistics open first; artillery and signals depend on diaspora access and compact depots.","no","no","integrate militias | recruit regional guards | open volunteer corridors | recruit mountain, desert, island, frontier, or cavalry units | create a professional officer corps","Use a provisional mountain command with diaspora liaisons and regionally reviewed officers; restoration symbolism grants no automatic commander.","Cavalry and mountain infantry provide tactical flexibility, but diaspora patronage and scarce equipment can pull the force toward external agendas.","no","Normal accepted provenance checks apply.","006_candidate_country_registry.csv IW-064 starting_force_archetype; REG-06 military_identity; 006_package_research_resolution.csv IW-064"
"IW-065","Chechnya","CIN","mountain infantry and local guards","mountain_frontier","66","Engineers, reconnaissance, and mountain logistics open first; artillery and signals require secured depots and command unification.","no","no","integrate militias | recruit regional guards | secure depots | recruit mountain, desert, island, frontier, or cavalry units | complete capital and border defense missions","Use verified registered-tag officers when valid, otherwise an institutional mountain defence staff with local guard liaison.","Local defence networks are resilient, but limited heavy support and intense host attention can trap the army in a costly static struggle.","no","Normal accepted provenance checks apply.","006_candidate_country_registry.csv IW-065 starting_force_archetype; REG-06 military_identity; 006_package_research_resolution.csv IW-065"
"IW-066","Dagestan","DAG","mountain infantry and local guards","mountain_frontier","64","Engineers, reconnaissance, and mountain logistics open first; artillery and signals follow federation-approved depot and command integration.","no","no","integrate militias | recruit regional guards | secure depots | recruit mountain, desert, island, frontier, or cavalry units | create a professional officer corps","A constituent federal defence council appoints commanders and balances named communities; no fictional person represents Dagestan as one ethnicity.","Mountain guards defend local districts effectively, but fragmented authority can prevent concentration and turn officer selection into a federal crisis.","yes","Do not assign one ethnic leader or symbol to the entire Dagestan federation. Preserve the accepted mountain-force identity through constituent commands and a federal staff.","006_candidate_country_registry.csv IW-066 starting_force_archetype; REG-06 military_identity; 006_sensitive_package_resolution.md IW-066"
"IW-067","Lazistan","COX","mountain and coastal infantry","coastal_maritime","53","Engineers, reconnaissance, and mountain logistics open first; coastal signals and artillery require a secure port and road link.","no","no","integrate militias | recruit regional guards | secure depots | recruit mountain, desert, island, frontier, or cavalry units | complete capital and border defense missions","Create a joint mountain-coast territorial command with locally vetted officers and no assumed historical claimant.","The force can defend narrow coastal approaches, but loss of the port or mountain road isolates units and blocks heavy resupply.","no","Normal accepted provenance checks apply.","006_candidate_country_registry.csv IW-067 starting_force_archetype; REG-06 military_identity; 006_package_research_resolution.csv IW-067"
"IW-068","Pontus","CPX","mountain and coastal infantry","mountain_frontier","56","Engineers, reconnaissance, and mountain logistics are initial support; artillery and coastal signals require a viable compact port.","no","no","integrate militias | recruit regional guards | secure depots | open volunteer corridors | recruit mountain, desert, island, frontier, or cavalry units","Use a modern provisional defence council; historical restoration identity does not provide a default dynastic or exile commander.","Mountain defence is credible, but a high-chaos restoration can depend too heavily on external volunteers and a contested coastline.","no","Normal accepted provenance checks apply.","006_candidate_country_registry.csv IW-068 starting_force_archetype; REG-06 military_identity; 006_package_research_resolution.csv IW-068"
"IW-069","Cilicia","CQX","coastal guards and regular infantry","coastal_maritime","55","Engineers, reconnaissance, and coastal signals open first; artillery and logistics require port, rail, and depot control.","no","no","integrate militias | recruit regional guards | secure depots | open volunteer corridors | complete capital and border defense missions","Create a modern coastal regional staff with screened regular officers and civilian control over port guards.","A compact coastal army can hold ports and passes, but contested history and a narrow supply corridor attract immediate neighbour intervention.","no","Normal accepted provenance checks apply.","006_candidate_country_registry.csv IW-069 starting_force_archetype; REG-06 military_identity; 006_package_research_resolution.csv IW-069"
"IW-070","Armenia","ARM","mountain infantry and regular defectors","mountain_frontier","72","Engineers, artillery, reconnaissance, and mountain logistics open with defectors; signals follow national command screening.","no","yes","secure depots | convert defecting host units | recruit regional guards | recruit mountain, desert, island, frontier, or cavalry units | create a professional officer corps","Use verified registered-tag officers when period-valid, with a national mountain staff and separate review of inherited air crews.","Experienced defectors improve survival, but contested officers and air assets escalate host claims while mountain logistics cap offensive reach.","no","Normal accepted provenance checks apply.","006_candidate_country_registry.csv IW-070 starting_force_archetype; REG-06 military_identity; 006_package_research_resolution.csv IW-070"
"IW-071","Georgia","GEO","mountain infantry and regular defectors","mountain_frontier","71","Engineers, artillery, reconnaissance, and mountain logistics open with vetted units; signals require a unified national staff.","no","yes","secure depots | convert defecting host units | recruit regional guards | recruit mountain, desert, island, frontier, or cavalry units | create a professional officer corps","Retain only verified Georgian officers and place transferred air personnel under a civilian-reviewed service command.","Defectors and air access create a capable defence, but a few mountain roads and contested service loyalties remain critical failure points.","no","Normal accepted provenance checks apply.","006_candidate_country_registry.csv IW-071 starting_force_archetype; REG-06 military_identity; 006_package_research_resolution.csv IW-071"
"IW-072","Azerbaijan","AZR","regular defectors, cavalry, oil security","regular_defectors","73","Engineers, artillery, reconnaissance, and maintenance open with regulars; logistics and signals scale through oil and rail security.","yes","yes","secure depots | convert defecting host units | mobilize factory or railway guards | recruit mountain, desert, island, frontier, or cavalry units | create a professional officer corps","Use verified national officers with mounted, oil-security, Caspian, and air liaison branches under one screened headquarters.","Oil and inherited services strengthen the army, but fuel sites, fleet assets, and officer loyalties become strategic targets and coup leverage.","no","Normal accepted provenance checks apply.","006_candidate_country_registry.csv IW-072 starting_force_archetype; REG-06 military_identity; 006_package_research_resolution.csv IW-072"
"IW-073","Hejaz","CUX","desert infantry, tribal levies, port guards","desert_nomadic","65","Reconnaissance, engineers, and desert logistics open first; artillery and coastal signals depend on port and pilgrimage-route security.","no","no","integrate militias | recruit regional guards | secure depots | recruit mountain, desert, island, frontier, or cavalry units | complete capital and border defense missions","Create a holy-city and port defence council that integrates levy officers without granting any one local authority sovereign military command.","Desert mobility and port access support survival, but holy-city security and long routes consume manpower and expose command to legitimacy disputes.","no","Normal accepted provenance checks apply.","006_candidate_country_registry.csv IW-073 starting_force_archetype; REG-07 military_identity; 006_package_research_resolution.csv IW-073"
"IW-074","Najd","CVX","desert cavalry and tribal levies","desert_nomadic","72","Reconnaissance and desert logistics are opening support; engineers and light artillery require oasis depots and route consolidation.","no","no","integrate militias | recruit regional guards | secure depots | recruit mountain, desert, island, frontier, or cavalry units | create a professional officer corps","Use a sourced period incumbent or claimant only after identity review; otherwise an institutional regency commands the desert force.","Mobile levies control distance effectively, but dynastic rivalry, remount costs, and thin depots can fracture the army into local followings.","yes","No invented dynasty member or unsourced royal symbol may front the package. The accepted cavalry-and-levy identity continues under an institutional regency.","006_candidate_country_registry.csv IW-074 starting_force_archetype; REG-07 military_identity; 006_package_research_resolution.csv IW-074"
"IW-075","Jabal Shammar","CWX","desert cavalry and tribal levies","desert_nomadic","73","Reconnaissance and desert logistics open first; engineers and artillery require captured route depots and external arms access.","no","no","integrate militias | secure depots | recruit mountain, desert, island, frontier, or cavalry units | open volunteer corridors | accept foreign arms missions","A sourced period claimant may command only after provenance review; otherwise use a Rashidi-aligned institutional restoration council without an invented prince.","Cavalry tradition enables raids and rapid concentration, but restoration politics and foreign arms can turn the host into a patron-dependent war band.","yes","Do not invent a Rashidi claimant or present an unverified dynastic emblem as historical. Preserve the accepted desert-force identity under a restoration council.","006_candidate_country_registry.csv IW-075 starting_force_archetype; REG-07 military_identity; 006_package_research_resolution.csv IW-075"
"IW-076","Hadhramaut","CXX","desert infantry, coastal guards, tribal levies","desert_nomadic","58","Reconnaissance, desert logistics, and engineers open first; artillery and coastal signals depend on port and sultanate-route coordination.","no","no","integrate militias | recruit regional guards | secure depots | recruit mountain, desert, island, frontier, or cavalry units | open volunteer corridors","Use a sourced period incumbent where the exact territory supports one; otherwise a council of named local authorities appoints the field command.","Coast and interior forces cover complementary terrain, but divided sultanate loyalties and scarce heavy equipment hinder unified operations.","yes","Do not assign an invented sultan or generic dynastic symbol. The accepted desert-and-coastal force remains under a named institutional council until sourcing is complete.","006_candidate_country_registry.csv IW-076 starting_force_archetype; REG-07 military_identity; 006_package_research_resolution.csv IW-076"
"IW-077","Mahra","CYX","desert scouts and coastal guards","desert_nomadic","49","Reconnaissance and desert logistics are immediate; engineers and coastal signals require a sponsor corridor and harbour depot.","no","no","integrate militias | recruit regional guards | open volunteer corridors | recruit mountain, desert, island, frontier, or cavalry units | accept foreign arms missions","Use a sourced period authority only for the exact scenario package; otherwise an institutional sultanate council controls the scouts.","A tiny force can watch coast and desert approaches, but it cannot replace casualties or resist a patron that controls maritime supply.","yes","Do not invent a ruler or reuse an unrelated sultanate emblem. The scenario retains its accepted scout-and-coastal-guard identity under council command.","006_candidate_country_registry.csv IW-077 starting_force_archetype; REG-07 military_identity; 006_package_research_resolution.csv IW-077"
"IW-078","Oman Imamate","IMO","mountain and desert infantry","mountain_frontier","69","Engineers, reconnaissance, and mountain logistics open first; artillery and signals require interior depot and route control.","no","no","integrate militias | recruit regional guards | secure depots | recruit mountain, desert, island, frontier, or cavalry units | create a professional officer corps","Use the registered tag's verified period command where valid, otherwise an institutional imamate defence council with distinct civil and military authority.","Strong interior defence raises survival, but weak coastal access and divided religious-political authority can starve the army of equipment.","no","Normal accepted provenance checks apply.","006_candidate_country_registry.csv IW-078 starting_force_archetype; REG-07 military_identity; 006_package_research_resolution.csv IW-078"
"IW-079","Druze Mountain","DAX","mountain infantry and local guards","mountain_frontier","61","Engineers, reconnaissance, and mountain logistics open first; artillery and signals require a Jabal al-Druze depot and recognized supply route.","no","no","integrate militias | recruit regional guards | secure depots | open volunteer corridors | complete capital and border defense missions","Use a territorial autonomy council or a sourced period leader from Jabal al-Druze; no fictional personal leader represents the community.","Local defence networks are effective in the mountain, but communal isolation and foreign sponsorship can narrow politics into permanent militarization.","yes","Do not reduce the package to a sectarian commander or sacred symbol. The accepted mountain-guard force stays active under a territorial autonomy council.","006_candidate_country_registry.csv IW-079 starting_force_archetype; REG-07 military_identity; 006_sensitive_package_resolution.md IW-079"
"IW-080","Alawite State","DBX","coastal and mountain infantry","coastal_maritime","55","Engineers, reconnaissance, and mountain logistics open first; coastal signals and artillery depend on a secure port and civic depot.","no","no","integrate militias | recruit regional guards | secure depots | open volunteer corridors | complete capital and border defense missions","Use a coastal autonomy cabinet with civilian, municipal, labor, and military representation; no fictional communal strongman is assigned.","Coast and hills are defensible, but dependence on one port and the risk of sectarianized command make outside support politically dangerous.","yes","Do not assign a sectarian caricature as leader or use a religious symbol as the whole state emblem. Preserve the accepted coastal-mountain force under a civic cabinet.","006_candidate_country_registry.csv IW-080 starting_force_archetype; REG-07 military_identity; 006_sensitive_package_resolution.md IW-080"
"IW-081","Lebanon","LEB","mountain and coastal infantry","mountain_frontier","56","Engineers, reconnaissance, and mountain logistics open first; artillery and coastal signals require port-depot and multi-community command integration.","no","no","integrate militias | recruit regional guards | secure depots | open volunteer corridors | create a professional officer corps","Use verified registered-tag officers when period-valid and a multi-community institutional staff for unresolved appointments.","The force can defend mountain approaches and ports, but communal bargaining and external patronage can paralyze command decisions.","no","Normal accepted provenance checks apply.","006_candidate_country_registry.csv IW-081 starting_force_archetype; REG-07 military_identity; 006_package_research_resolution.csv IW-081"
"IW-082","Palestine","PAL","local guards, irregulars, foreign volunteers","foreign_volunteers","57","Engineers, reconnaissance, and field hospitals open first; artillery, logistics, and signals depend on accountable volunteer and depot access.","no","no","integrate militias | recruit regional guards | open volunteer corridors | accept foreign arms missions | create a professional officer corps","Use an institutional national council or a sourced period commander for the exact compact package; no fictional leader stands in for the contested political field.","Volunteers and irregulars provide manpower, but competing armed organizations, foreign sponsors, and disputed borders can split the command immediately.","yes","Leadership, symbols, and community relations require period-specific review. The accepted guard-and-volunteer force remains under institutional command while that review is unresolved.","006_candidate_country_registry.csv IW-082 starting_force_archetype; REG-07 military_identity; 006_sensitive_package_resolution.md IW-082"
"IW-083","Rif","RIF","mountain infantry and veteran resistance","mountain_frontier","72","Engineers, reconnaissance, and mountain logistics are early support; artillery and signals require veteran integration and secured external depots.","no","no","integrate militias | secure depots | open volunteer corridors | recruit mountain, desert, island, frontier, or cavalry units | create a professional officer corps","Use verified Rif veteran officers where period-valid, otherwise a republican mountain command with institutional leadership.","Veteran cohesion raises combat value, but reliance on smuggling routes and a restoration narrative can invite blockade and rival patron control.","no","Normal accepted provenance checks apply.","006_candidate_country_registry.csv IW-083 starting_force_archetype; REG-08 military_identity; 006_package_research_resolution.csv IW-083"
"IW-084","Kabylia","DFX","mountain infantry and local guards","mountain_frontier","60","Engineers, reconnaissance, and mountain logistics open first; artillery and signals depend on a compact anchor depot and volunteer corridor.","no","no","integrate militias | recruit regional guards | secure depots | recruit mountain, desert, island, frontier, or cavalry units | open volunteer corridors","Create a Kabyle regional defence council and use personal officers only from reviewed period sources or a regional name pool.","Mountain defence protects the anchor, but limited industry and external supply dependence constrain force growth and offensive action.","no","Normal accepted provenance checks apply.","006_candidate_country_registry.csv IW-084 starting_force_archetype; REG-08 military_identity; 006_package_research_resolution.csv IW-084"
"IW-085","Cyrenaica","","desert infantry, cavalry, coastal guards","desert_nomadic","68","Reconnaissance, desert logistics, and engineers open first; artillery and coastal signals require port and oasis depot control.","no","no","integrate militias | recruit regional guards | secure depots | recruit mountain, desert, island, frontier, or cavalry units | open volunteer corridors","Use a sourced period incumbent or claimant after provenance review; otherwise an institutional regency coordinates desert and coastal commands.","Desert cavalry and coastal guards cover a broad region, but dynastic rivalry and long supply lines can divide the army into separate spheres.","yes","Do not invent a royal claimant or reuse an unverified dynastic symbol. The accepted desert-and-coastal force remains under regency command.","006_candidate_country_registry.csv IW-085 starting_force_archetype; REG-08 military_identity; 006_package_research_resolution.csv IW-085"
"IW-086","Tripolitania","DHX","coastal infantry and urban militia","coastal_maritime","55","Engineers, reconnaissance, and coastal signals open first; artillery, maintenance, and logistics require port and urban depot security.","yes","no","integrate militias | secure depots | mobilize factory or railway guards | recruit regional guards | complete capital and border defense missions","Use a modern coastal regional staff with urban militia liaison and screened port officers.","Ports and urban manpower support a viable defence, but static city commitments and fuel-hungry craft reduce capacity to cover the interior.","no","Normal accepted provenance checks apply.","006_candidate_country_registry.csv IW-086 starting_force_archetype; REG-08 military_identity; 006_package_research_resolution.csv IW-086"
"IW-087","Fezzan","HYX","desert scouts and cavalry","desert_nomadic","58","Reconnaissance and desert logistics are immediate; engineers and light artillery require oasis depots and a sponsor route.","no","no","integrate militias | recruit regional guards | secure depots | recruit mountain, desert, island, frontier, or cavalry units | accept foreign arms missions","Create a dispersed desert command with scout officers and strict control over sponsor liaison personnel.","Scouts and cavalry cover great distances, but sparse manpower and fuel make fixed defence and sustained combat extremely difficult.","no","Normal accepted provenance checks apply.","006_candidate_country_registry.csv IW-087 starting_force_archetype; REG-08 military_identity; 006_package_research_resolution.csv IW-087"
"IW-088","Tuareg Confederation","DJX","desert scouts, cavalry, mobile guards","desert_nomadic","76","Reconnaissance and desert logistics open first; engineers, signals, and light artillery require a named confederation depot and consent rules.","no","no","integrate militias | recruit regional guards | secure depots | recruit mountain, desert, island, frontier, or cavalry units | open volunteer corridors","The selected Kel or named confederation appoints a representative mobile command; no pan-Tuareg personal leader is generated.","Excellent mobility does not solve dispersed consent, depot scarcity, or the danger that a wider confederation becomes an imposed maximal state.","yes","Do not assign a generic Tuareg leader or ceremonial symbol to all communities. Preserve the accepted mobile desert force within the selected named confederation.","006_candidate_country_registry.csv IW-088 starting_force_archetype; REG-08 military_identity; 006_sensitive_package_resolution.md IW-088"
"IW-089","Darfur","DKX","cavalry, desert infantry, local guards","desert_nomadic","66","Reconnaissance, desert logistics, and engineers open first; artillery and signals require capital and route depots.","no","no","integrate militias | recruit regional guards | secure depots | recruit mountain, desert, island, frontier, or cavalry units | create a professional officer corps","Use a sourced period incumbent or claimant where valid; otherwise an institutional regency commands cavalry and regional guards.","Mobile forces cover the sultanate anchor, but dynastic competition and distant supply can turn regional commanders into autonomous power brokers.","yes","Do not invent a sultan or claim an unverified royal emblem as historical. The accepted cavalry-and-guard force continues under an institutional regency.","006_candidate_country_registry.csv IW-089 starting_force_archetype; REG-08 military_identity; 006_package_research_resolution.csv IW-089"
"IW-090","Wadai","DLX","cavalry and desert infantry","desert_nomadic","64","Reconnaissance and desert logistics open first; engineers and artillery require caravan-route depots and foreign access.","no","no","integrate militias | secure depots | recruit mountain, desert, island, frontier, or cavalry units | open volunteer corridors | accept foreign arms missions","Use a sourced period claimant only after provenance review; otherwise a restoration council appoints the mobile command.","A high-chaos mounted force can raid effectively, but imported arms and claimant politics create severe dependency and cohesion risk.","yes","Do not invent a dynastic claimant or present a speculative restoration flag as authentic. Preserve the accepted desert force under council command.","006_candidate_country_registry.csv IW-090 starting_force_archetype; REG-08 military_identity; 006_package_research_resolution.csv IW-090"
"IW-091","Toubou state","DMX","desert scouts and mobile guards","desert_nomadic","65","Reconnaissance and desert logistics are immediate; engineers and signals require one named anchor and a secured external route.","no","no","integrate militias | recruit regional guards | open volunteer corridors | recruit mountain, desert, island, frontier, or cavalry units | accept foreign arms missions","Use a named Toubou or Teda-Daza regional council with local scout officers; no broad-label fictional commander is allowed.","Mobile guards operate well across desert routes, but dispersed communities and a single anchor cannot sustain a maximal Saharan front.","yes","Do not assign a generic Toubou leader or pan-Saharan symbol. The accepted scout-and-mobile-guard force remains with the selected named regional package.","006_candidate_country_registry.csv IW-091 starting_force_archetype; REG-08 military_identity; 006_sensitive_package_resolution.md IW-091"
"IW-092","Amazigh Atlas state","DNX","mountain infantry and local guards","mountain_frontier","62","Engineers, reconnaissance, and mountain logistics open first; artillery and signals require a named Atlas package and compact depot.","no","no","integrate militias | recruit regional guards | secure depots | recruit mountain, desert, island, frontier, or cavalry units | create a professional officer corps","The selected named Atlas or adjacent regional package uses an institutional command; no person or symbol represents all Amazigh identities.","Mountain guards defend a compact anchor, but broad identity claims and limited supply can undermine consent and external recognition.","yes","Do not use a generic Amazigh leader or universalized cultural symbol. Preserve the accepted mountain-force identity for the selected named regional package.","006_candidate_country_registry.csv IW-092 starting_force_archetype; REG-08 military_identity; 006_sensitive_package_resolution.md IW-092"
"IW-093","Asante","DOX","colonial veterans, local guards, forest infantry","river_jungle","64","Engineers, reconnaissance, and field logistics open with veterans; artillery and signals follow Kumasi depot and confederacy integration.","no","no","integrate militias | recruit regional guards | secure depots | open volunteer corridors | create a professional officer corps","Prempeh II may hold the sourced political role, while a modern staff integrates veterans, local guards, chiefs, and the provisional cabinet.","Veteran and forest forces defend the heartland, but royal institutions, chiefs, and cabinet can contest appointments and expansion priorities.","yes","Prempeh II, the Golden Stool, and royal regalia require item-level provenance and correct context. The accepted veteran-and-forest force does not depend on using those assets.","006_candidate_country_registry.csv IW-093 starting_force_archetype; REG-09 military_identity; 006_signature_country_research_dossiers.md IW-093"
"IW-094","Fante","DPX","coastal guards, colonial veterans, local infantry","coastal_maritime","55","Engineers, reconnaissance, and coastal signals open first; artillery and logistics depend on port and compact-anchor depots.","no","no","integrate militias | recruit regional guards | secure depots | open volunteer corridors | create a professional officer corps","Use a modern coastal confederacy or republican staff with veteran liaison officers and no invented historical commander.","Coastal access aids supply, but a coarse shared state and competition with Asante can leave the force without a viable separate anchor.","no","Normal accepted provenance checks apply.","006_candidate_country_registry.csv IW-094 starting_force_archetype; REG-09 military_identity; 006_package_research_resolution.csv IW-094"
"IW-095","Dahomey","DAH","local infantry, veterans, palace or national guards","territorial_defense","57","Engineers and reconnaissance open with veteran cadres; artillery and signals require integration of palace or national guards into one staff.","no","no","integrate militias | recruit regional guards | secure depots | open volunteer corridors | create a professional officer corps","Use the registered tag's verified period leadership where valid and place palace formations under a modern national command.","Guard cohesion helps secure the capital, but an unreformed palace chain can politicize the army and crowd out territorial defence.","no","Normal accepted provenance checks apply.","006_candidate_country_registry.csv IW-095 starting_force_archetype; REG-09 military_identity; 006_package_research_resolution.csv IW-095"
"IW-096","Benin Kingdom","BIA","urban guards, veterans, local infantry","territorial_defense","61","Engineers, reconnaissance, and maintenance open in the urban anchor; artillery and signals require veteran and guard integration.","no","no","integrate militias | recruit regional guards | secure depots | mobilize factory or railway guards | create a professional officer corps","Akenzua II may serve as sourced head of state, while court, guild, veteran, urban, and cabinet institutions share oversight of the field command.","Urban defence and veterans make the anchor viable, but court authority and modern cabinet control can clash over recruitment and command.","yes","Akenzua II, court art, and regalia require exact provenance and must not be confused with the Republic of Benin. The accepted urban-guard force remains independent of asset clearance.","006_candidate_country_registry.csv IW-096 starting_force_archetype; REG-09 military_identity; 006_signature_country_research_dossiers.md IW-096"
"IW-097","Oyo","DSX","cavalry tradition, veterans, local infantry","mounted_mobile","69","Reconnaissance, engineers, and light artillery open with veterans; logistics and signals follow city and mounted-command integration.","no","no","integrate militias | recruit regional guards | secure depots | recruit mountain, desert, island, frontier, or cavalry units | create a professional officer corps","Ladigbolu I is the sourced Alaafin, while the Oyo Mesi, Ibadan interests, veterans, and a modern cabinet supervise the army.","Mounted tradition and veteran cadres provide mobility, but palace, council, and city interests can split the officer corps and overburden scarce remounts.","yes","Ladigbolu I and any royal or cavalry symbol require correct sourcing and cannot stand for all Yoruba identities. The accepted mounted force remains under the mixed institutional command.","006_candidate_country_registry.csv IW-097 starting_force_archetype; REG-09 military_identity; 006_signature_country_research_dossiers.md IW-097"
"IW-098","Sokoto","SOK","cavalry, colonial veterans, local infantry","mounted_mobile","70","Reconnaissance, engineers, and light artillery open with veterans; logistics and signals require emirate and civic command integration.","no","no","integrate militias | recruit regional guards | secure depots | recruit mountain, desert, island, frontier, or cavalry units | create a professional officer corps","Apply the dossier's date-aware Sultan succession and use an emirate-civic defence staff that represents Hausa and Fulani institutions distinctly.","A strong mounted and veteran core aids survival, but succession timing, emirate autonomy, and identity balance can destabilize central command.","yes","Leader selection is date-gated and symbols must not collapse Hausa and Fulani institutions. The accepted cavalry-and-veteran force persists under the emirate-civic staff.","006_candidate_country_registry.csv IW-098 starting_force_archetype; REG-09 military_identity; 006_signature_country_research_dossiers.md IW-098"
"IW-099","Kanem-Bornu","DUX","cavalry, desert infantry, local guards","desert_nomadic","66","Reconnaissance and desert logistics open first; engineers and artillery depend on a compact anchor and caravan-route depots.","no","no","integrate militias | recruit regional guards | secure depots | recruit mountain, desert, island, frontier, or cavalry units | open volunteer corridors","Use a modern provisional command with mounted and local-guard sections; high-chaos historical identity supplies no automatic ruler.","Mobile forces fit the Sahel, but thin industry and restoration politics can make the army dependent on foreign arms and local commanders.","no","Normal accepted provenance checks apply.","006_candidate_country_registry.csv IW-099 starting_force_archetype; REG-09 military_identity; 006_package_research_resolution.csv IW-099"
"IW-100","Hausa Federation","DVX","cavalry, urban guards, colonial veterans","mounted_mobile","61","Reconnaissance, engineers, and maintenance open through city guards; artillery and signals require federal depot and veteran integration.","no","no","integrate militias | recruit regional guards | secure depots | recruit mountain, desert, island, frontier, or cavalry units | create a professional officer corps","A federal city-state defence council allocates commands among urban guards, veterans, and mounted formations.","Federal breadth supplies manpower and cities, but a route-only formation can stall if members contest command quotas or cavalry costs.","no","Normal accepted provenance checks apply.","006_candidate_country_registry.csv IW-100 starting_force_archetype; REG-09 military_identity; 006_package_research_resolution.csv IW-100"
"IW-101","Kongo","","river infantry, colonial veterans, local guards","river_jungle","62","Engineers, reconnaissance, and river logistics open with veteran cadres; artillery and signals require capital and river-depot integration.","no","no","integrate militias | recruit regional guards | secure depots | open volunteer corridors | create a professional officer corps","Use a sourced period incumbent or claimant only after review; otherwise an institutional regency supervises veteran and river commands.","River mobility and veterans support a viable core, but restoration politics and long basin routes can divide authority among regional commanders.","yes","Do not invent a royal claimant or use an unsourced Kongo symbol as settled history. The accepted river-and-veteran force continues under regency command.","006_candidate_country_registry.csv IW-101 starting_force_archetype; REG-09 military_identity; 006_package_research_resolution.csv IW-101"
"IW-102","Kuba","","local guards and forest infantry","river_jungle","48","Engineers, reconnaissance, and light forest logistics open first; artillery and signals require a compact depot and outside training.","no","no","integrate militias | recruit regional guards | secure depots | train league cadres | create a professional officer corps","Use a sourced period incumbent where valid, otherwise an institutional royal council appoints a compact forest command.","Forest defence aids survival, but low heavy-equipment access and contested royal authority limit operations beyond the anchor.","yes","Do not invent a monarch or reuse court art without provenance. The accepted local-guard and forest-infantry package remains under a royal council.","006_candidate_country_registry.csv IW-102 starting_force_archetype; REG-09 military_identity; 006_package_research_resolution.csv IW-102"
"IW-103","Luba","DYX","local infantry, mine guards, veterans","industrial_security","55","Engineers, maintenance, and reconnaissance open around mines; artillery and signals follow veteran integration and rail-depot security.","no","no","integrate militias | recruit regional guards | secure depots | mobilize factory or railway guards | create a professional officer corps","Use a sourced period incumbent or an institutional regency, with mine guards and veterans subordinate to a national staff.","Mine security provides equipment leverage, but fixed extraction sites and competing local commands can immobilize the field reserve.","yes","Do not invent a dynastic leader or claim an unverified court symbol. The accepted mine-guard and veteran force remains active under regency oversight.","006_candidate_country_registry.csv IW-103 starting_force_archetype; REG-09 military_identity; 006_package_research_resolution.csv IW-103"
"IW-104","Lunda","DZX","local infantry and frontier guards","territorial_defense","50","Engineers and reconnaissance open first; artillery, signals, and logistics require frontier posts and a central depot.","no","no","integrate militias | recruit regional guards | secure depots | recruit mountain, desert, island, frontier, or cavalry units | create a professional officer corps","Use a sourced period incumbent where valid, otherwise an institutional federal or royal council controls the frontier command.","Frontier guards cover dispersed approaches but lack concentration, and restoration authority may not command equal loyalty across the federation.","yes","Do not invent a claimant or universal dynastic emblem. The accepted territorial and frontier force persists under institutional council command.","006_candidate_country_registry.csv IW-104 starting_force_archetype; REG-09 military_identity; 006_package_research_resolution.csv IW-104"
"IW-105","Loango","","coastal guards and local infantry","coastal_maritime","50","Engineers, reconnaissance, and coastal signals open first; artillery and logistics depend on port and compact-depot security.","no","no","integrate militias | recruit regional guards | secure depots | open volunteer corridors | complete capital and border defense missions","Use a sourced period incumbent only after review; otherwise an institutional regency appoints the coastal command.","The port eases resupply, but a small local army and uncertain restoration authority remain vulnerable to blockade and patron capture.","yes","Do not invent a royal leader or treat an unverified historical emblem as authentic. Preserve the accepted coastal-guard force under a regency.","006_candidate_country_registry.csv IW-105 starting_force_archetype; REG-09 military_identity; 006_package_research_resolution.csv IW-105"
"IW-106","Aro Confederacy","EBX","local guards, veterans, forest infantry","river_jungle","55","Engineers, reconnaissance, and light forest logistics open with veterans; artillery and signals require a federal depot and training route.","no","no","integrate militias | recruit regional guards | secure depots | open volunteer corridors | create a professional officer corps","Use a modern confederacy or republican defence council with veteran liaison officers, not an invented precolonial command recreation.","Veterans and forest guards defend local routes, but high-chaos confederation politics can fragment recruitment and invite sponsor dependence.","no","Normal accepted provenance checks apply.","006_candidate_country_registry.csv IW-106 starting_force_archetype; REG-09 military_identity; 006_package_research_resolution.csv IW-106"
"IW-107","Biafran regional state","BIA","industrial and local militia","industrial_security","53","Engineers, maintenance, and reconnaissance open around industry; artillery and signals require depot and militia-command integration.","no","no","integrate militias | recruit regional guards | secure depots | mobilize factory or railway guards | create a professional officer corps","Use the registered tag's verified personnel only when period-valid, otherwise a modern regional security staff with civilian oversight.","Industry supports rapid mobilization, but a single coarse anchor, contested naming, and fixed factories expose the force to encirclement and blockade.","no","Normal accepted provenance checks apply.","006_candidate_country_registry.csv IW-107 starting_force_archetype; REG-09 military_identity; 006_package_research_resolution.csv IW-107"
"IW-108","Buganda","UGA","colonial veterans, local guards, lake units","river_jungle","59","Engineers, reconnaissance, and lake logistics open with veteran cadres; artillery and signals follow guard and transport integration.","no","no","integrate militias | recruit regional guards | secure depots | open volunteer corridors | create a professional officer corps","Use verified registered-tag leaders where period-valid and place lake units and veterans under a constitutional national staff.","Lake mobility and veteran experience aid defence, but court-cabinet rivalry and limited heavy equipment can divide the command.","no","Normal accepted provenance checks apply.","006_candidate_country_registry.csv IW-108 starting_force_archetype; REG-10 military_identity; 006_package_research_resolution.csv IW-108"
"IW-109","Bunyoro","EEX","local guards and veterans","territorial_defense","54","Engineers and reconnaissance open with veterans; artillery and signals require a capital depot and professional cadre.","no","no","integrate militias | recruit regional guards | secure depots | open volunteer corridors | create a professional officer corps","Use a sourced period incumbent only after provenance review; otherwise an institutional regency oversees the territorial staff.","Veteran cadres improve cohesion, but a small guard army can become a royal instrument and lacks depth after early losses.","yes","Do not invent a ruler or use unverified royal regalia. The accepted guard-and-veteran force remains operational under an institutional regency.","006_candidate_country_registry.csv IW-109 starting_force_archetype; REG-10 military_identity; 006_package_research_resolution.csv IW-109"
"IW-110","Rwanda","RWA","local infantry and colonial veterans","territorial_defense","57","Engineers, reconnaissance, and field logistics open with veterans; artillery and signals require compact-depot and national-command integration.","no","no","integrate militias | recruit regional guards | secure depots | train league cadres | create a professional officer corps","Use verified registered-tag leadership where valid and keep veterans under a national institutional staff with civilian oversight.","A compact army can concentrate effectively, but political control of veteran formations and scarce equipment make command disputes dangerous.","no","Normal accepted provenance checks apply.","006_candidate_country_registry.csv IW-110 starting_force_archetype; REG-10 military_identity; 006_package_research_resolution.csv IW-110"
"IW-111","Burundi","BRD","local infantry and colonial veterans","territorial_defense","55","Engineers, reconnaissance, and field logistics open first; artillery and signals depend on veteran screening and a secured depot.","no","no","integrate militias | recruit regional guards | secure depots | train league cadres | create a professional officer corps","Use period-valid registered-tag officers or an institutional national staff that balances court and civilian authority.","Veterans give a credible nucleus, but narrow manpower and political competition over the army can make defeat or coup equally likely.","no","Normal accepted provenance checks apply.","006_candidate_country_registry.csv IW-111 starting_force_archetype; REG-10 military_identity; 006_package_research_resolution.csv IW-111"
"IW-112","Ankole","EHX","local guards and pastoral mobile units","mounted_mobile","55","Reconnaissance and light logistics open first; engineers and artillery require a compact depot and professional training.","no","no","integrate militias | recruit regional guards | secure depots | recruit mountain, desert, island, frontier, or cavalry units | create a professional officer corps","Use a sourced period incumbent where valid, otherwise an institutional regency coordinates local guards and mobile units.","Pastoral mobility helps frontier coverage, but remount and supply demands strain a small state and autonomous units can resist central command.","yes","Do not invent a royal leader or present a generic pastoral symbol as the state emblem. Preserve the accepted mobile-guard force under regency command.","006_candidate_country_registry.csv IW-112 starting_force_archetype; REG-10 military_identity; 006_package_research_resolution.csv IW-112"
"IW-113","Harar","HAR","urban guards, mountain infantry, trade-route forces","mountain_frontier","60","Engineers, reconnaissance, and mountain logistics open first; artillery and signals require urban depot and trade-route control.","no","no","integrate militias | recruit regional guards | secure depots | open volunteer corridors | complete capital and border defense missions","Use verified registered-tag personnel where valid and a city-emirate or republican staff with distinct urban and route commands.","The fortified urban anchor and highlands aid defence, but trade-route dependence and rival external claims can isolate the force.","no","Normal accepted provenance checks apply.","006_candidate_country_registry.csv IW-113 starting_force_archetype; REG-10 military_identity; 006_package_research_resolution.csv IW-113"
"IW-114","Afar state","AFA","desert scouts and mobile guards","desert_nomadic","61","Reconnaissance and desert logistics open first; engineers and signals require oasis, port-route, and sponsor access.","no","no","integrate militias | recruit regional guards | open volunteer corridors | recruit mountain, desert, island, frontier, or cavalry units | accept foreign arms missions","Use period-valid registered-tag officers or an institutional pastoral-sultanate council with strict sponsor liaison limits.","Mobile guards cover sparse terrain, but low equipment depth and dependence on external routes make patron control a persistent danger.","no","Normal accepted provenance checks apply.","006_candidate_country_registry.csv IW-114 starting_force_archetype; REG-10 military_identity; 006_package_research_resolution.csv IW-114"
"IW-115","Somaliland sultanate federation","SOM","desert infantry, cavalry, coastal guards","desert_nomadic","66","Reconnaissance, desert logistics, and engineers open first; artillery and coastal signals require member-approved depots and command integration.","no","no","integrate militias | recruit regional guards | secure depots | recruit mountain, desert, island, frontier, or cavalry units | create a professional officer corps","A congress of named northern Somali sultanates appoints a federal command with member vetoes; no single dynasty represents every community.","Desert and coastal forces complement each other, but member vetoes, long routes, and dynastic rivalry can slow concentration.","yes","Do not assign one clan or dynasty leader or symbol to all Somali communities. Preserve the accepted desert-cavalry-coastal force through the federal congress.","006_candidate_country_registry.csv IW-115 starting_force_archetype; REG-10 military_identity; 006_sensitive_package_resolution.md IW-115"
"IW-116","Zanzibar","ELX","coastal guards, sailors, colonial veterans","coastal_maritime","59","Engineers, coastal signals, reconnaissance, and maintenance open with sailors; artillery and logistics require harbour-depot control.","yes","no","integrate militias | recruit regional guards | secure depots | open volunteer corridors | create a professional officer corps","Use a sourced period incumbent after review or an institutional regency, with sailors and veterans under a joint island staff.","Maritime experience strengthens island defence, but fleet fuel, a small manpower pool, and royal-patron competition create acute dependency.","yes","Do not invent a sultan or use unverified dynastic regalia. The accepted sailor-and-veteran force remains under a joint staff and regency.","006_candidate_country_registry.csv IW-116 starting_force_archetype; REG-10 military_identity; 006_package_research_resolution.csv IW-116"
"IW-117","Kilwa restoration","EMX","coastal guards and merchant militia","coastal_maritime","50","Engineers, reconnaissance, coastal signals, and maintenance open first; artillery requires a secured port and external depot.","yes","no","integrate militias | recruit regional guards | secure depots | open volunteer corridors | mobilize factory or railway guards","Use a modern Swahili coastal council and merchant-port command; historical restoration supplies no automatic sultan or admiral.","Merchant shipping supports supply and patrols, but a high-chaos restoration has little manpower and may become dependent on port elites.","no","Normal accepted provenance checks apply.","006_candidate_country_registry.csv IW-117 starting_force_archetype; REG-10 military_identity; 006_package_research_resolution.csv IW-117"
"IW-118","Maasai regional state","ENX","mobile local guards and scouts","mounted_mobile","60","Reconnaissance and light logistics open first; engineers, signals, and heavier support require a named district depot and training route.","no","no","integrate militias | recruit regional guards | open volunteer corridors | recruit mountain, desert, island, frontier, or cavalry units | train league cadres","The selected local Maasai territorial section appoints an institutional command with community-vetted scout officers.","Mobility fits the regional package, but a broad pan-Maasai map or generic command would erase local consent and overstretch supply.","yes","Do not assign a pan-Maasai leader or cultural symbol to the broad identity. Preserve the accepted mobile-guard force for the selected named territorial section.","006_candidate_country_registry.csv IW-118 starting_force_archetype; REG-10 military_identity; 006_sensitive_package_resolution.md IW-118"
"IW-119","Tigray","TIG","highland infantry and defecting units","mountain_frontier","68","Engineers, reconnaissance, artillery, and mountain logistics open with vetted defectors; signals require a unified highland staff.","no","no","secure depots | convert defecting host units | recruit regional guards | recruit mountain, desert, island, frontier, or cavalry units | create a professional officer corps","Use verified registered-tag officers where valid and screen all defecting personnel through a highland national command.","Experienced highland units improve survival, but defecting officers and difficult supply can draw the state into a prolonged regional war.","no","Normal accepted provenance checks apply.","006_candidate_country_registry.csv IW-119 starting_force_archetype; REG-10 military_identity; 006_package_research_resolution.csv IW-119"
"IW-120","Oromo regional federation","ORO","cavalry, highland and local units","mounted_mobile","66","Reconnaissance, engineers, and mountain logistics open first; artillery and signals require a named regional package and federal command agreement.","no","no","integrate militias | recruit regional guards | secure depots | recruit mountain, desert, island, frontier, or cavalry units | create a professional officer corps","One named Oromo regional package forms a representative federal defence council; no fictional individual commands every Oromo community.","Mounted and highland units are flexible, but a broad cultural federation can overreach its anchor and split over regional command quotas.","yes","Do not assign a pan-Oromo leader or universal symbol. Preserve the accepted cavalry-and-highland force within the named regional federation.","006_candidate_country_registry.csv IW-120 starting_force_archetype; REG-10 military_identity; 006_sensitive_package_resolution.md IW-120"
"IW-121","Zulu","EQX","infantry, veterans, traditional guards","territorial_defense","65","Engineers, reconnaissance, and field logistics open with veterans; artillery and signals follow integration of traditional guards.","no","no","integrate militias | recruit regional guards | secure depots | open volunteer corridors | create a professional officer corps","Use a sourced period incumbent after provenance review or an institutional regency, with veterans and traditional guards under a modern national staff.","Guard and veteran cohesion provide a strong core, but royal authority and modern command can clash and politicize promotions.","yes","Do not invent a royal claimant or treat ceremonial regalia as a generic military emblem. The accepted infantry-and-veteran force remains under national staff control.","006_candidate_country_registry.csv IW-121 starting_force_archetype; REG-11 military_identity; 006_package_research_resolution.csv IW-121"
"IW-122","Ndebele","ERX","infantry, veterans, mounted scouts","mounted_mobile","62","Reconnaissance, engineers, and light logistics open with scouts and veterans; artillery and signals require a compact depot.","no","no","integrate militias | recruit regional guards | secure depots | recruit mountain, desert, island, frontier, or cavalry units | create a professional officer corps","Use a sourced period incumbent or an institutional regency, with mounted scouts and veterans integrated into a modern staff.","Mobile scouting improves frontier awareness, but limited equipment and royal-command competition can leave the infantry under-supported.","yes","Do not invent a monarch or use unverified royal symbolism. Preserve the accepted veteran-and-mounted-scout force under an institutional regency.","006_candidate_country_registry.csv IW-122 starting_force_archetype; REG-11 military_identity; 006_package_research_resolution.csv IW-122"
"IW-123","Xhosa","ESX","infantry, veterans, local guards","territorial_defense","60","Engineers, reconnaissance, and field logistics open with veterans; artillery and signals require depot and guard integration.","no","no","integrate militias | recruit regional guards | secure depots | open volunteer corridors | create a professional officer corps","Use a modern regional defence council with veteran liaison and regionally sourced officers, not a generic traditional command.","Veteran cadres improve training, but land conflict, limited heavy equipment, and external pressure can force the army into static defence.","no","Normal accepted provenance checks apply.","006_candidate_country_registry.csv IW-123 starting_force_archetype; REG-11 military_identity; 006_package_research_resolution.csv IW-123"
"IW-124","Basotho","HZX","mountain infantry and mounted scouts","mountain_frontier","66","Engineers, reconnaissance, and mountain logistics open first; artillery and signals require capital-route and remount depots.","no","no","integrate militias | recruit regional guards | secure depots | recruit mountain, desert, island, frontier, or cavalry units | create a professional officer corps","Use a sourced period incumbent after review or an institutional regency, with scouts subordinate to the mountain staff.","Mountain defence and mounted reconnaissance are strong, but encirclement, remount supply, and a small manpower pool limit endurance.","yes","Do not invent a royal leader or use an unsourced dynastic symbol. The accepted mountain-and-scout force remains under regency and national staff command.","006_candidate_country_registry.csv IW-124 starting_force_archetype; REG-11 military_identity; 006_package_research_resolution.csv IW-124"
"IW-125","Eswatini","EUX","local guards and mountain infantry","mountain_frontier","57","Engineers, reconnaissance, and mountain logistics open first; artillery and signals require a compact national depot.","no","no","integrate militias | recruit regional guards | secure depots | recruit mountain, desert, island, frontier, or cavalry units | complete capital and border defense missions","Use a sourced period incumbent or an institutional regency, with local guards under a professional territorial command.","Compact terrain supports defence, but a small army, royal-command concentration, and external encirclement make losses difficult to replace.","yes","Do not invent a monarch or use unverified royal regalia. Preserve the accepted guard-and-mountain force under institutional regency control.","006_candidate_country_registry.csv IW-125 starting_force_archetype; REG-11 military_identity; 006_package_research_resolution.csv IW-125"
"IW-126","Barotseland","BAR","river guards, local infantry, mounted scouts","river_jungle","58","Engineers, reconnaissance, and river logistics open first; artillery and signals require capital, ferry, and route depots.","no","no","integrate militias | recruit regional guards | secure depots | recruit mountain, desert, island, frontier, or cavalry units | create a professional officer corps","Use period-valid registered-tag leadership or an institutional national staff with river and mounted liaison officers.","River mobility and scouts cover a broad region, but seasonal transport, low industry, and court-cabinet tension constrain concentration.","no","Normal accepted provenance checks apply.","006_candidate_country_registry.csv IW-126 starting_force_archetype; REG-11 military_identity; 006_package_research_resolution.csv IW-126"
"IW-127","Herero state","EWX","mounted scouts, local guards, veterans","mounted_mobile","58","Reconnaissance, engineers, and light logistics open with veterans; artillery and signals require a named community depot and outside training.","no","no","integrate militias | recruit regional guards | secure depots | recruit mountain, desert, island, frontier, or cavalry units | train league cadres","Community leadership and survival institutions appoint the command; no fictional personal leader stands in for the Herero package.","Mounted scouting aids territorial survival, but land dispossession, small population, and weak depots make offensive expansion strategically and ethically inappropriate.","yes","Leader and symbol work must treat genocide history gravely and use community-specific provenance. The accepted scout-and-veteran force remains active without turning suffering into a bonus.","006_candidate_country_registry.csv IW-127 starting_force_archetype; REG-11 military_identity; 006_sensitive_package_resolution.md IW-127"
"IW-128","Nama state","EXX","mounted scouts and local guards","mounted_mobile","55","Reconnaissance and light logistics open first; engineers, signals, and heavier support require a named community depot.","no","no","integrate militias | recruit regional guards | secure depots | recruit mountain, desert, island, frontier, or cavalry units | train league cadres","A named Nama community council appoints locally vetted officers; no broad-label fictional commander is used.","Mobility helps protect dispersed communities, but land loss, low manpower, and limited equipment make prolonged conventional war dangerous.","yes","Leader and symbol choices require named-community provenance and grave treatment of genocide and dispossession. The accepted mobile-guard identity remains intact.","006_candidate_country_registry.csv IW-128 starting_force_archetype; REG-11 military_identity; 006_sensitive_package_resolution.md IW-128"
"IW-129","Ovambo state","EYX","local guards and frontier infantry","territorial_defense","49","Engineers and reconnaissance open first; artillery and logistics require one named kingdom or district depot.","no","no","integrate militias | recruit regional guards | secure depots | recruit mountain, desert, island, frontier, or cavalry units | complete capital and border defense missions","The selected Ovambo kingdom or district uses an institutional command with locally sourced officers, not one invented pan-Ovambo ruler.","A compact guard force can defend the anchor, but low equipment depth and mistaken aggregation of communities would undermine legitimacy.","yes","Do not merge northern Namibian communities under a generic leader or symbol. Preserve the accepted guard-and-frontier force for the selected named package.","006_candidate_country_registry.csv IW-129 starting_force_archetype; REG-11 military_identity; 006_sensitive_package_resolution.md IW-129"
"IW-130","Madagascar restoration","MAD","highland infantry, coastal guards, colonial veterans","mountain_frontier","60","Engineers, reconnaissance, and mountain logistics open with veterans; artillery and coastal signals require highland-port integration.","yes","no","integrate militias | recruit regional guards | secure depots | open volunteer corridors | create a professional officer corps","Use verified registered-tag personnel where period-valid and a joint highland-coastal national staff.","Highland defence and port access support survival, but long internal distances and fleet fuel needs compete with the field army.","no","Normal accepted provenance checks apply.","006_candidate_country_registry.csv IW-130 starting_force_archetype; REG-11 military_identity; 006_package_research_resolution.csv IW-130"
"IW-131","Comoros","FAX","coastal guards and sailors","coastal_maritime","47","Engineers, coastal signals, reconnaissance, and maintenance open first; artillery and logistics require inter-island supply access.","yes","no","integrate militias | recruit regional guards | open volunteer corridors | recruit mountain, desert, island, frontier, or cavalry units | accept foreign arms missions","Use a sourced period incumbent where valid or an institutional sultanate federation council, with sailors under a joint island command.","Maritime mobility links the islands, but small crews, fuel scarcity, and dynastic competition make outside sponsorship decisive.","yes","Do not invent a sultan or use an unrelated island dynasty symbol. The accepted sailor-and-coastal-guard force remains under federation council command.","006_candidate_country_registry.csv IW-131 starting_force_archetype; REG-11 military_identity; 006_package_research_resolution.csv IW-131"
"IW-132","Mauritius","FBX","coastal guards and colonial volunteers","foreign_volunteers","48","Engineers, reconnaissance, coastal signals, and field hospitals open first; artillery and maintenance depend on volunteer and maritime access.","yes","no","integrate militias | recruit regional guards | open volunteer corridors | accept foreign arms missions | create a professional officer corps","Use an island provisional staff with locally vetted officers and place colonial volunteers under national command rather than sponsor command.","Volunteers and maritime access improve defence, but a tiny manpower pool and patron-controlled shipping create severe dependency.","no","Normal accepted provenance checks apply.","006_candidate_country_registry.csv IW-132 starting_force_archetype; REG-11 military_identity; 006_package_research_resolution.csv IW-132"
"IW-133","Bengal","BAN","regular defectors, river infantry, militia","regular_defectors","70","Engineers, artillery, reconnaissance, and river logistics open with vetted defectors; signals require east-west federal command agreement.","no","yes","integrate militias | secure depots | convert defecting host units | recruit regional guards | create a professional officer corps","Use an institutional Bengali federal command or sourced period officers for the specific east or west package; no unified commander is assumed.","A large defecting force can defend a regional state, but a premature unified Bengal command would override partition-sensitive consent and strain river supply.","yes","A unified Bengal is formable only. Do not assign a single leader or symbol to both opening packages without negotiated settlement; their accepted regular-and-river force identities remain available separately.","006_candidate_country_registry.csv IW-133 starting_force_archetype; REG-12 military_identity; 006_sensitive_package_resolution.md IW-133"
"IW-134","Punjab","FDX","regular defectors, cavalry, frontier infantry","regular_defectors","74","Engineers, artillery, reconnaissance, and logistics open with defectors; signals require compact-anchor and communal command screening.","no","yes","secure depots | convert defecting host units | recruit regional guards | recruit mountain, desert, island, frontier, or cavalry units | create a professional officer corps","Use an institutional compact Punjab command or sourced period officers with explicit community and border review.","Professional defectors and cavalry provide strength, but partition-sensitive borders and officer loyalties can turn the army into the settlement's main threat.","yes","Do not use a broad Punjab leader or symbol to pre-decide cross-border or communal settlement. Preserve the accepted regular-frontier force for the compact anchor.","006_candidate_country_registry.csv IW-134 starting_force_archetype; REG-12 military_identity; 006_sensitive_package_resolution.md IW-134"
"IW-135","Sikh state","KHL","regular defectors, cavalry, local guards","mounted_mobile","72","Reconnaissance, engineers, and artillery open with vetted units; logistics and signals require a distinct high-chaos command and depot.","no","no","integrate militias | secure depots | convert defecting host units | recruit mountain, desert, island, frontier, or cavalry units | create a professional officer corps","Use an institutional Sikh command or sourced period officers; no leader or emblem may imply authority over all Punjabi communities.","A strong mounted and regular core improves survival, but mutual exclusion with broad Punjab and communal militarization make expansion highly destabilizing.","yes","Do not assign a leader or symbol that claims all Punjab. The accepted Sikh regular-and-mounted force remains active only within its distinct high-chaos package.","006_candidate_country_registry.csv IW-135 starting_force_archetype; REG-12 military_identity; 006_sensitive_package_resolution.md IW-135"
"IW-136","Sindh","SIN","river infantry, port guards, regular defectors","regular_defectors","67","Engineers, artillery, reconnaissance, and river logistics open with defectors; coastal signals follow port-command screening.","yes","yes","secure depots | convert defecting host units | recruit regional guards | mobilize factory or railway guards | create a professional officer corps","Use verified registered-tag officers where period-valid and separate river, port, naval, and air commands under civilian oversight.","River and port assets make the force viable, but contested Karachi-area resources and transferred services intensify host and patron claims.","no","Normal accepted provenance checks apply.","006_candidate_country_registry.csv IW-136 starting_force_archetype; REG-12 military_identity; 006_package_research_resolution.csv IW-136"
"IW-137","Balochistan","BLC","frontier scouts, tribal and regular units","mountain_frontier","65","Reconnaissance, engineers, and frontier logistics open first; artillery and signals require Kalat or Balochistan identity resolution and depot control.","no","no","integrate militias | secure depots | convert defecting host units | recruit mountain, desert, island, frontier, or cavalry units | create a professional officer corps","Use an institutional compact-frontier council or sourced period commander tied to the exact Kalat or Balochistan package.","Frontier mobility aids defence, but cross-border ambitions, local command autonomy, and weak logistics can fracture the army.","yes","Leader and symbol selection must follow the exact Kalat or Balochistan settlement. Preserve the accepted scout-and-regular force without claiming cross-border authority.","006_candidate_country_registry.csv IW-137 starting_force_archetype; REG-12 military_identity; 006_sensitive_package_resolution.md IW-137"
"IW-138","Pashtunistan","PSH","mountain infantry, frontier scouts, defecting regulars","mountain_frontier","72","Engineers, artillery, reconnaissance, and mountain logistics open with vetted units; signals require compact-anchor command integration.","no","no","secure depots | convert defecting host units | recruit regional guards | recruit mountain, desert, island, frontier, or cavalry units | create a professional officer corps","Use an institutional northwest-frontier command or sourced period officers; no personal leader claims all cross-border Pashtun communities.","Mountain and defecting forces are formidable locally, but cross-border aspiration and autonomous frontier commands risk immediate regional war.","yes","Do not assign a pan-Pashtun leader or symbol to the compact opening state. Preserve the accepted mountain-frontier force within the northwest anchor.","006_candidate_country_registry.csv IW-138 starting_force_archetype; REG-12 military_identity; 006_sensitive_package_resolution.md IW-138"
"IW-139","Kashmir","KAS","mountain infantry, princely troops, local guards","mountain_frontier","69","Engineers, reconnaissance, and mountain logistics open first; artillery and signals require neutral command and capital-depot integration.","no","no","integrate militias | recruit regional guards | secure depots | recruit mountain, desert, island, frontier, or cavalry units | create a professional officer corps","Use an institutional neutral founding command or a sourced period leader whose appointment does not pre-decide the border settlement.","Princely and mountain troops defend the anchor, but rival patrons and communal-border politics can split the officer corps before recognition.","yes","Do not use a leader or symbol that settles Kashmir's later alignment in advance. The accepted mountain-and-princely force remains under neutral institutional command.","006_candidate_country_registry.csv IW-139 starting_force_archetype; REG-12 military_identity; 006_sensitive_package_resolution.md IW-139"
"IW-140","Hyderabad","HYD","princely troops, regular infantry, urban guards","territorial_defense","66","Engineers, artillery, reconnaissance, and maintenance open with regular units; signals require princely-urban command integration.","no","yes","integrate militias | recruit regional guards | secure depots | mobilize factory or railway guards | create a professional officer corps","Use verified registered-tag leadership where period-valid and place princely troops, urban guards, and inherited air crews under one screened staff.","A substantial regular force can secure the capital, but princely command, urban politics, and surrounding pressure create coup and encirclement risks.","no","Normal accepted provenance checks apply.","006_candidate_country_registry.csv IW-140 starting_force_archetype; REG-12 military_identity; 006_package_research_resolution.csv IW-140"
"IW-141","Mysore","MYS","princely troops and regular infantry","territorial_defense","63","Engineers, artillery, reconnaissance, and logistics open with regular units; signals require civil-princely command integration.","no","yes","recruit regional guards | secure depots | convert defecting host units | mobilize factory or railway guards | create a professional officer corps","Use period-valid registered-tag leaders or an institutional national staff, with inherited air personnel under separate review.","Regular troops and administration improve readiness, but princely authority and external encirclement can limit strategic autonomy.","no","Normal accepted provenance checks apply.","006_candidate_country_registry.csv IW-141 starting_force_archetype; REG-12 military_identity; 006_package_research_resolution.csv IW-141"
"IW-142","Travancore","FLX","princely troops and coastal guards","coastal_maritime","58","Engineers, reconnaissance, and coastal signals open first; artillery and logistics require port and princely-command integration.","yes","no","integrate militias | recruit regional guards | secure depots | open volunteer corridors | create a professional officer corps","Use a provisional state defence staff with sourced officers or a reviewed regional pool; princely identity supplies no unsupported commander.","Coastal access and trained troops aid survival, but a narrow shoreline, small fleet, and court-cabinet tension constrain strategic depth.","no","Normal accepted provenance checks apply.","006_candidate_country_registry.csv IW-142 starting_force_archetype; REG-12 military_identity; 006_package_research_resolution.csv IW-142"
"IW-143","Tamil state","RAS","regular defectors, local militia, coastal guards","regular_defectors","67","Engineers, artillery, reconnaissance, and coastal logistics open with defectors; signals require militia and port-command integration.","yes","yes","integrate militias | secure depots | convert defecting host units | mobilize factory or railway guards | create a professional officer corps","Use verified registered-tag officers where valid and a mixed regular-militia staff with separate naval and air boards.","Defectors and coastal assets provide power, but a single linguistic package can face disputed borders and heavy host claims over ports and aircraft.","no","Normal accepted provenance checks apply.","006_candidate_country_registry.csv IW-143 starting_force_archetype; REG-12 military_identity; 006_package_research_resolution.csv IW-143"
"IW-144","Dravidian federation","FNX","regional regulars and militia","territorial_defense","64","Engineers, reconnaissance, artillery, and logistics become available through member integration; signals require a federal command charter.","no","no","integrate militias | train league cadres | secure depots | convert defecting host units | create a professional officer corps","A federal defence council assigns member quotas and keeps regional regular commands subordinate to the negotiated project.","The formable can pool large forces, but member rivalry, command quotas, and divergent host settlements can paralyze mobilization.","no","Normal accepted provenance checks apply.","006_candidate_country_registry.csv IW-144 starting_force_archetype; REG-12 military_identity; 006_package_research_resolution.csv IW-144"
"IW-145","Assam","FOX","river infantry, local guards, regular defectors","river_jungle","65","Engineers, reconnaissance, river logistics, and artillery open with vetted units; signals require valley-depot and command integration.","no","no","integrate militias | secure depots | convert defecting host units | recruit regional guards | create a professional officer corps","Use a provisional valley command with local-guard and defecting-officer vetting, and no invented broad regional strongman.","River and hill approaches favor defence, but difficult internal movement and disputed regional authority can isolate formations.","no","Normal accepted provenance checks apply.","006_candidate_country_registry.csv IW-145 starting_force_archetype; REG-12 military_identity; 006_package_research_resolution.csv IW-145"
"IW-146","Naga state","FPX","highland local guards and scouts","mountain_frontier","58","Engineers, reconnaissance, and mountain logistics open first; artillery and signals require one named political package and compact depot.","no","no","integrate militias | recruit regional guards | open volunteer corridors | recruit mountain, desert, island, frontier, or cavalry units | train league cadres","The selected named Naga package uses an institutional council and community-vetted scout officers; no pan-Naga personal leader is generated.","Highland guards know the terrain, but a broad federation without consent would undermine legitimacy and stretch limited supply.","yes","Do not assign a generic Naga leader or symbol to distinct communities. Preserve the accepted highland-guard force for the selected named package.","006_candidate_country_registry.csv IW-146 starting_force_archetype; REG-12 military_identity; 006_sensitive_package_resolution.md IW-146"
"IW-147","Manipur","MPU","princely troops, hill and valley units","mountain_frontier","61","Engineers, reconnaissance, and mountain logistics open first; artillery and signals require hill-valley command integration.","no","no","integrate militias | recruit regional guards | secure depots | recruit mountain, desert, island, frontier, or cavalry units | create a professional officer corps","Use verified registered-tag leadership where valid and a joint hill-valley staff that limits separate private commands.","Terrain diversity supports layered defence, but princely authority and hill-valley competition can fragment recruitment and depots.","no","Normal accepted provenance checks apply.","006_candidate_country_registry.csv IW-147 starting_force_archetype; REG-12 military_identity; 006_package_research_resolution.csv IW-147"
"IW-148","Sikkim","SKK","mountain guards","mountain_frontier","55","Engineers, reconnaissance, and mountain logistics open first; artillery and signals require an external corridor and league training.","no","no","integrate militias | recruit regional guards | open volunteer corridors | recruit mountain, desert, island, frontier, or cavalry units | train league cadres","Use verified registered-tag leadership where period-valid and a compact mountain guard staff.","Strong terrain offsets tiny numbers, but the state cannot replace losses or field heavy support without a foreign route.","no","Normal accepted provenance checks apply.","006_candidate_country_registry.csv IW-148 starting_force_archetype; REG-12 military_identity; 006_package_research_resolution.csv IW-148"
"IW-149","Himalayan confederation","FSX","mountain infantry and local guards","mountain_frontier","62","Engineers, reconnaissance, and mountain logistics open through members; artillery and signals require a federal depot and training charter.","no","no","integrate militias | recruit regional guards | train league cadres | recruit mountain, desert, island, frontier, or cavalry units | create a professional officer corps","A confederal defence board coordinates member guards while preserving local commands and vetoes.","Pooling mountain forces improves defence, but divergent routes, sparse logistics, and member vetoes can prevent timely concentration.","no","Normal accepted provenance checks apply.","006_candidate_country_registry.csv IW-149 starting_force_archetype; REG-12 military_identity; 006_package_research_resolution.csv IW-149"
"IW-150","Aceh","ATJ","coastal guards, local infantry, foreign volunteers","foreign_volunteers","66","Engineers, reconnaissance, coastal signals, and field hospitals open first; artillery and logistics require port and volunteer-corridor control.","yes","no","integrate militias | recruit regional guards | open volunteer corridors | accept foreign arms missions | create a professional officer corps","The opening coalition of uleebalang, ulama, merchants, veterans, and district notables appoints the command; Daud Beureueh enters only through sourced and date-correct content.","Volunteers and coastal defence aid survival, but sponsor influence, Sumatra reservation conflict, and institutional rivalry can split the army.","yes","Do not use PUSA before 1939 or assign an unsourced personal or religious symbol to the opening. The accepted coastal-and-volunteer force remains under the coalition command.","006_candidate_country_registry.csv IW-150 starting_force_archetype; REG-13 military_identity; 006_signature_country_research_dossiers.md IW-150"
"IW-151","Minangkabau","FUX","local guards, veterans, mountain infantry","mountain_frontier","61","Engineers, reconnaissance, and mountain logistics open with veterans; artillery and signals require a secure highland depot.","no","no","integrate militias | recruit regional guards | secure depots | recruit mountain, desert, island, frontier, or cavalry units | create a professional officer corps","Use a modern regional council with veteran liaison officers and regionally reviewed personal appointments.","Highland defence and veterans support survival, but Sumatra reservation conflict and limited heavy equipment constrain force growth.","no","Normal accepted provenance checks apply.","006_candidate_country_registry.csv IW-151 starting_force_archetype; REG-13 military_identity; 006_package_research_resolution.csv IW-151"
"IW-152","Riau","FVX","coastal guards, sailors, local infantry","coastal_maritime","55","Engineers, coastal signals, reconnaissance, and maintenance open with sailors; artillery and logistics require river-island depot integration.","yes","no","integrate militias | recruit regional guards | secure depots | open volunteer corridors | create a professional officer corps","Use a sourced period incumbent where valid or an institutional sultanate council, with sailors under a joint maritime staff.","Maritime access and river routes aid defence, but dispersed islands, fleet fuel, and dynastic competition strain central command.","yes","Do not invent a sultan or use an unverified dynastic emblem. Preserve the accepted sailor-and-coastal-guard force under council command.","006_candidate_country_registry.csv IW-152 starting_force_archetype; REG-13 military_identity; 006_package_research_resolution.csv IW-152"
"IW-153","Dayak federation","POK","river and jungle guards","river_jungle","60","Engineers, reconnaissance, river logistics, and field hospitals open first; artillery and signals require a named polity or river-region compact.","no","no","integrate militias | recruit regional guards | secure depots | train league cadres | complete capital and border defense missions","The selected named polity or river-region federation appoints a representative command; no fictional person represents all Dayak peoples.","River and jungle guards fit the terrain, but a generic federation would erase distinct peoples and overextend scarce depots.","yes","Do not assign a pan-Dayak leader or universal cultural symbol. Preserve the accepted river-and-jungle force for the selected named polity or federation.","006_candidate_country_registry.csv IW-153 starting_force_archetype; REG-13 military_identity; 006_sensitive_package_resolution.md IW-153"
"IW-154","Bugis state","FXX","sailors, coastal infantry, local guards","coastal_maritime","58","Engineers, coastal signals, reconnaissance, and maintenance open with sailors; artillery and logistics depend on port-depot control.","yes","no","integrate militias | recruit regional guards | secure depots | open volunteer corridors | create a professional officer corps","Create a modern maritime regional staff with sailor and local-guard liaison, using sourced or reviewed regional officers.","Maritime experience aids island movement, but fleet fuel, scattered coastlines, and a small heavy-weapons pool limit sustained war.","no","Normal accepted provenance checks apply.","006_candidate_country_registry.csv IW-154 starting_force_archetype; REG-13 military_identity; 006_package_research_resolution.csv IW-154"
"IW-155","Bali","BLI","local guards and coastal defense","coastal_maritime","54","Engineers, reconnaissance, and coastal signals open first; artillery and maintenance require island depot and command integration.","yes","no","integrate militias | recruit regional guards | secure depots | recruit mountain, desert, island, frontier, or cavalry units | complete capital and border defense missions","Use a sourced period incumbent where valid or an institutional regency, with local guards under a modern island staff.","Compact island defence is cohesive, but limited manpower, fleet fuel, and court-command concentration make losses and blockade severe.","yes","Do not invent a royal leader or use sacred or dynastic imagery without context. The accepted local-guard and coastal force remains under regency oversight.","006_candidate_country_registry.csv IW-155 starting_force_archetype; REG-13 military_identity; 006_package_research_resolution.csv IW-155"
"IW-156","Moluccan federation","","coastal guards, sailors, local infantry","coastal_maritime","56","Engineers, coastal signals, reconnaissance, and maintenance open first; artillery and logistics require inter-island command and depot agreements.","yes","no","integrate militias | recruit regional guards | open volunteer corridors | recruit mountain, desert, island, frontier, or cavalry units | create a professional officer corps","A federal island defence board allocates sailor, guard, and infantry commands among member islands.","Maritime mobility links the federation, but scattered islands, fuel scarcity, and member rivalry can prevent concentration.","no","Normal accepted provenance checks apply.","006_candidate_country_registry.csv IW-156 starting_force_archetype; REG-13 military_identity; 006_package_research_resolution.csv IW-156"
"IW-157","West Papua regional state","WPG","jungle guards and coastal units","river_jungle","55","Engineers, reconnaissance, jungle logistics, and field hospitals open first; artillery and coastal signals require one named people-and-district package.","no","no","integrate militias | recruit regional guards | secure depots | open volunteer corridors | train league cadres","The selected named people and district appoint an institutional command with community-vetted officers.","Jungle guards protect a compact district, but a generic West Papua state would erase local consent and could not supply a broad front.","yes","Do not assign a generic Papuan leader or symbol to the broad label. Preserve the accepted jungle-and-coastal force for the named people-and-district package.","006_candidate_country_registry.csv IW-157 starting_force_archetype; REG-13 military_identity; 006_sensitive_package_resolution.md IW-157"
"IW-158","Pattani","GBX","local infantry, coastal guards, foreign volunteers","foreign_volunteers","58","Engineers, reconnaissance, coastal signals, and field hospitals open first; artillery and logistics require a controlled volunteer corridor.","no","no","integrate militias | recruit regional guards | open volunteer corridors | accept foreign arms missions | create a professional officer corps","Use a sourced period incumbent where valid or an institutional regency, with volunteers subordinate to a Pattani national staff.","Volunteer support raises combat power, but patron officers, coastal isolation, and dynastic rivalry can undermine sovereign command.","yes","Do not invent a sultan or reuse an unrelated Malay dynastic symbol. The accepted local-and-volunteer force remains under national staff and regency control.","006_candidate_country_registry.csv IW-158 starting_force_archetype; REG-13 military_identity; 006_package_research_resolution.csv IW-158"
"IW-159","Shan federation","GCX","local forces, cavalry, mountain infantry","mounted_mobile","65","Reconnaissance, engineers, and mountain logistics open first; artillery and signals require federal command quotas and depots.","no","no","integrate militias | recruit regional guards | secure depots | recruit mountain, desert, island, frontier, or cavalry units | create a professional officer corps","A federal highland defence council integrates local and mounted commands while preserving member representation.","Cavalry and mountain units are flexible, but local command autonomy and sparse roads can fragment the federation's response.","no","Normal accepted provenance checks apply.","006_candidate_country_registry.csv IW-159 starting_force_archetype; REG-13 military_identity; 006_package_research_resolution.csv IW-159"
"IW-160","Karen state","GDX","mountain infantry and local guards","mountain_frontier","63","Engineers, reconnaissance, and mountain logistics open first; artillery and signals require one named political-territorial package and depot.","no","no","integrate militias | recruit regional guards | open volunteer corridors | recruit mountain, desert, island, frontier, or cavalry units | create a professional officer corps","The selected named Karen package uses an institutional command or sourced period officers; no fictional person represents all communities.","Highland guards defend difficult terrain, but a broad borderland claim and competing armed networks could fracture authority.","yes","Do not assign a pan-Karen leader or symbol to all communities. Preserve the accepted mountain-and-local-guard force for the named territorial package.","006_candidate_country_registry.csv IW-160 starting_force_archetype; REG-13 military_identity; 006_sensitive_package_resolution.md IW-160"
"IW-161","Mon state","IAX","local guards, river and coastal infantry","river_jungle","58","Engineers, reconnaissance, river logistics, and coastal signals open first; artillery requires a distinct Lower Burma or Tenasserim depot.","no","no","integrate militias | recruit regional guards | secure depots | open volunteer corridors | create a professional officer corps","Monasteries, cultural associations, municipal notables, veterans, and lower-Burma communities appoint a provisional federal defence council.","River-coastal units defend the anchor, but coarse-map competition and premature use of later organizations would distort command legitimacy.","yes","Do not use post-1947 organizations or their symbols in a 1936 opening. Preserve the accepted river-and-coastal force under the period-correct federal council.","006_candidate_country_registry.csv IW-161 starting_force_archetype; REG-13 military_identity; 006_signature_country_research_dossiers.md IW-161"
"IW-162","Kachin state","IBX","mountain infantry and local guards","mountain_frontier","64","Engineers, reconnaissance, and mountain logistics open first; artillery and signals require compact-depot and federal command integration.","no","no","integrate militias | recruit regional guards | secure depots | recruit mountain, desert, island, frontier, or cavalry units | create a professional officer corps","Use a highland federal defence council with locally vetted officers and separate guard commands under national oversight.","Mountain defence is strong, but limited roads, small depots, and local command autonomy restrict sustained concentration.","no","Normal accepted provenance checks apply.","006_candidate_country_registry.csv IW-162 starting_force_archetype; REG-13 military_identity; 006_package_research_resolution.csv IW-162"
"IW-163","Chin state","GGX","mountain infantry and local guards","mountain_frontier","58","Engineers, reconnaissance, and mountain logistics open first; artillery and signals require a named Chin or Zo district and compact depot.","no","no","integrate militias | recruit regional guards | open volunteer corridors | recruit mountain, desert, island, frontier, or cavalry units | train league cadres","The selected named Chin or Zo district appoints an institutional command and chooses its public identity through the accepted settlement.","Local guards fit the highlands, but a broad federation without member consent would fracture recruitment and recognition.","yes","Do not impose a broad-label leader, symbol, or public name. Preserve the accepted mountain-guard force for the self-chosen named district package.","006_candidate_country_registry.csv IW-163 starting_force_archetype; REG-13 military_identity; 006_sensitive_package_resolution.md IW-163"
"IW-164","Arakan or Rakhine","GHX","coastal infantry and local guards","coastal_maritime","55","Engineers, reconnaissance, and coastal signals open first; artillery and logistics require a selected identity settlement and port depot.","no","no","integrate militias | recruit regional guards | secure depots | open volunteer corridors | complete capital and border defense missions","Use an institutional coastal council or sourced period officers, with command names following the selected Arakan or Rakhine settlement.","A coastal force can hold the anchor, but unresolved public naming and community settlement can split loyalty and foreign support.","yes","Do not treat Arakan and Rakhine as interchangeable leader or symbol labels. Preserve the accepted coastal-force identity while the selected settlement controls naming.","006_candidate_country_registry.csv IW-164 starting_force_archetype; REG-13 military_identity; 006_sensitive_package_resolution.md IW-164"
"IW-165","Wa state","GIX","local guards and mountain infantry","mountain_frontier","55","Engineers, reconnaissance, and mountain logistics open first; artillery and signals require a compact depot and outside training.","no","no","integrate militias | recruit regional guards | secure depots | recruit mountain, desert, island, frontier, or cavalry units | train league cadres","Use a highland institutional staff with locally vetted guard officers and no invented historic strongman.","Terrain protects the compact state, but weak heavy support, limited roads, and local command autonomy constrain wider operations.","no","Normal accepted provenance checks apply.","006_candidate_country_registry.csv IW-165 starting_force_archetype; REG-13 military_identity; 006_package_research_resolution.csv IW-165"
"IW-166","Lan Xang restoration","LAO","regular infantry and river units","river_jungle","64","Engineers, artillery, reconnaissance, and river logistics open with regular units; signals require federal or royal command integration.","no","no","secure depots | convert defecting host units | recruit regional guards | train league cadres | create a professional officer corps","Use period-valid registered-tag personnel and a modern river-state staff; restoration identity does not recreate an ancient command.","Regular and river units support a viable state, but a high-chaos restoration can overreach into contested territories and strain transport.","no","Normal accepted provenance checks apply.","006_candidate_country_registry.csv IW-166 starting_force_archetype; REG-13 military_identity; 006_package_research_resolution.csv IW-166"
"IW-167","Champa restoration","CHM","coastal guards and local infantry","coastal_maritime","50","Engineers, reconnaissance, and coastal signals open first; artillery and logistics require a viable compact port and sponsor route.","no","no","integrate militias | recruit regional guards | secure depots | open volunteer corridors | complete capital and border defense missions","Use a modern coastal provisional staff; historical identity supplies neither an automatic ruler nor a recreated ancient officer corps.","The force can hold a coastal anchor, but high-chaos restoration claims and limited manpower invite host retaliation and patron dependence.","no","Normal accepted provenance checks apply.","006_candidate_country_registry.csv IW-167 starting_force_archetype; REG-13 military_identity; 006_package_research_resolution.csv IW-167"
"IW-168","Hmong regional state","GLX","mountain guards and scouts","mountain_frontier","57","Engineers, reconnaissance, and mountain logistics open first; artillery and signals require one named highland package and external training.","no","no","integrate militias | recruit regional guards | open volunteer corridors | recruit mountain, desert, island, frontier, or cavalry units | train league cadres","The named Hmong regional package uses an institutional council with community-vetted scout officers.","Scouts defend a highland anchor well, but a cross-border state would exceed consent, fragment supply, and provoke several hosts.","yes","Do not assign a pan-Hmong leader or universal symbol. Preserve the accepted mountain-scout force for the selected named regional package.","006_candidate_country_registry.csv IW-168 starting_force_archetype; REG-13 military_identity; 006_sensitive_package_resolution.md IW-168"
"IW-169","East Turkestan","GMX","cavalry, frontier infantry, local guards","mounted_mobile","68","Reconnaissance, engineers, and frontier logistics open first; artillery and signals require oasis, rail, and command integration.","no","no","integrate militias | recruit regional guards | secure depots | recruit mountain, desert, island, frontier, or cavalry units | create a professional officer corps","Create a provisional frontier republic or emirate staff with screened local officers and no automatic restoration claimant.","Mounted mobility fits the frontier, but long routes, foreign patrons, and internal political rivalry can split the army.","no","Normal accepted provenance checks apply.","006_candidate_country_registry.csv IW-169 starting_force_archetype; REG-13 military_identity; 006_package_research_resolution.csv IW-169"
"IW-170","Inner Mongolia","MEN","cavalry and frontier infantry","mounted_mobile","70","Reconnaissance, engineers, and light artillery open first; logistics and signals require railhead and sponsor-command screening.","no","no","integrate militias | recruit regional guards | secure depots | recruit mountain, desert, island, frontier, or cavalry units | create a professional officer corps","Use verified registered-tag officers where period-valid and place sponsor liaisons outside the sovereign chain of command.","A strong mounted force covers open terrain, but foreign influence, remount costs, and thin depots can turn it into a client army.","no","Normal accepted provenance checks apply.","006_candidate_country_registry.csv IW-170 starting_force_archetype; REG-13 military_identity; 006_package_research_resolution.csv IW-170"
"IW-171","Ryukyu","OKN","coastal guards, sailors, local infantry","coastal_maritime","57","Engineers, coastal signals, reconnaissance, and maintenance open with sailors; artillery and logistics require island-port control.","yes","no","integrate militias | recruit regional guards | open volunteer corridors | recruit mountain, desert, island, frontier, or cavalry units | create a professional officer corps","Use a sourced period incumbent or claimant where valid, otherwise an institutional regency controls a modern island staff.","Sailors and ports improve island defence, but a tiny manpower base, fleet fuel, and restoration politics increase sponsor dependence.","yes","Do not invent a royal claimant or use an unverified kingdom emblem. The accepted sailor-and-coastal force remains under a modern staff and regency.","006_candidate_country_registry.csv IW-171 starting_force_archetype; REG-13 military_identity; 006_package_research_resolution.csv IW-171"
"IW-172","Ainu state","ANU","local guards, scouts, coastal units","coastal_maritime","53","Engineers, reconnaissance, and cold-coastal logistics open first; artillery and signals require a named Ainu institution and Hokkaido depot.","no","no","integrate militias | recruit regional guards | secure depots | open volunteer corridors | train league cadres","A named Ainu institution appoints community-vetted guard and scout officers; no invented personal leader represents the whole package.","Local knowledge supports Hokkaido defence, but limited manpower, contested land, and external supply dependence constrain the force.","yes","Do not assign a generic Ainu leader or ceremonial symbol. Preserve the accepted guard-scout-coastal identity under the named Hokkaido institution.","006_candidate_country_registry.csv IW-172 starting_force_archetype; REG-13 military_identity; 006_sensitive_package_resolution.md IW-172"
"IW-173","Hawaii","HAW","coastal guards, sailors, local infantry","coastal_maritime","62","Engineers, coastal signals, reconnaissance, and maintenance open first; artillery and logistics follow port and base integration.","yes","yes","integrate militias | recruit regional guards | secure depots | open volunteer corridors | create a professional officer corps","Use verified registered-tag officers where period-valid and create separate naval and air boards under a civilian island staff.","Inherited ships and aircraft make the islands defensible, but disputed bases, fuel, and external guarantees can dominate sovereignty.","no","Normal accepted provenance checks apply.","006_candidate_country_registry.csv IW-173 starting_force_archetype; REG-13 military_identity; 006_package_research_resolution.csv IW-173"
"IW-174","Aotearoa Maori state","GRX","local guards, veterans, coastal units","coastal_maritime","59","Engineers, reconnaissance, coastal logistics, and field hospitals open with veterans; artillery and signals require iwi-led congress approval.","no","no","integrate militias | recruit regional guards | open volunteer corridors | train league cadres | create a professional officer corps","An iwi-led congress appoints a representative defence board with member rules; no fictional personal leader claims all Maori communities.","Veterans provide a trained core, but an automatic Aotearoa-wide command would bypass iwi consent and overstretch local forces.","yes","Do not assign a pan-Maori leader or universal symbol without iwi-led consent and provenance. Preserve the accepted veteran-and-coastal force under the congress.","006_candidate_country_registry.csv IW-174 starting_force_archetype; REG-13 military_identity; 006_sensitive_package_resolution.md IW-174"
"IW-175","Samoa","SAM","coastal guards and local infantry","coastal_maritime","50","Engineers, reconnaissance, and coastal signals open first; artillery and logistics require island depots and maritime access.","no","no","integrate militias | recruit regional guards | open volunteer corridors | recruit mountain, desert, island, frontier, or cavalry units | complete capital and border defense missions","Use period-valid registered-tag leadership or an institutional island defence council with locally vetted officers.","Compact island defence is cohesive, but small manpower and dependence on shipping make blockade and attrition decisive.","no","Normal accepted provenance checks apply.","006_candidate_country_registry.csv IW-175 starting_force_archetype; REG-13 military_identity; 006_package_research_resolution.csv IW-175"
"IW-176","Tonga","GTX","royal guards and coastal units","coastal_maritime","56","Engineers, reconnaissance, and coastal signals open first; artillery and maintenance require port-depot and royal-command integration.","yes","no","integrate militias | recruit regional guards | open volunteer corridors | recruit mountain, desert, island, frontier, or cavalry units | create a professional officer corps","Use a sourced period incumbent after review or an institutional regency, with royal guards under a professional island staff.","Royal guard cohesion and maritime access aid survival, but court control, fleet fuel, and tiny reserves limit strategic endurance.","yes","Do not invent a royal leader or use unverified dynastic regalia. The accepted royal-guard and coastal force remains under professional staff and regency oversight.","006_candidate_country_registry.csv IW-176 starting_force_archetype; REG-13 military_identity; 006_package_research_resolution.csv IW-176"
"IW-177","Fiji","FIJ","coastal guards and local infantry","coastal_maritime","53","Engineers, reconnaissance, coastal signals, and maintenance open first; artillery and logistics require inter-island depots.","yes","no","integrate militias | recruit regional guards | open volunteer corridors | recruit mountain, desert, island, frontier, or cavalry units | create a professional officer corps","Use period-valid registered-tag officers or an institutional federal island staff with local guard liaison.","Inter-island mobility improves coverage, but scattered forces, fuel scarcity, and a small replacement pool weaken prolonged defence.","no","Normal accepted provenance checks apply.","006_candidate_country_registry.csv IW-177 starting_force_archetype; REG-13 military_identity; 006_package_research_resolution.csv IW-177"
"IW-178","Papua regional federation","PNG","jungle and coastal guards","river_jungle","52","Engineers, reconnaissance, jungle logistics, and field hospitals open first; artillery and signals require a named people-and-district compact.","no","no","integrate militias | recruit regional guards | secure depots | open volunteer corridors | train league cadres","The selected named Papuan people and district appoint an institutional command; a wider federation requires later consent.","Jungle guards defend the anchor, but a generic Papua-wide command would erase distinct communities and exceed supply capacity.","yes","Do not assign a pan-Papuan leader or symbol. Preserve the accepted jungle-and-coastal force for the named district package while wider federation remains negotiated.","006_candidate_country_registry.csv IW-178 starting_force_archetype; REG-13 military_identity; 006_sensitive_package_resolution.md IW-178"
"IW-179","Micronesian federation","FSM","coastal guards and patrol craft","coastal_maritime","46","Engineers, coastal signals, reconnaissance, and maintenance open first; heavier support requires inter-island volunteer and supply corridors.","yes","no","integrate militias | recruit regional guards | open volunteer corridors | recruit mountain, desert, island, frontier, or cavalry units | accept foreign arms missions","Use verified registered-tag personnel where valid and a federal maritime board for island guard and patrol commands.","Patrol craft improve surveillance, but scattered islands, scarce crews, and sponsor-controlled fuel make unified defence fragile.","no","Normal accepted provenance checks apply.","006_candidate_country_registry.csv IW-179 starting_force_archetype; REG-13 military_identity; 006_package_research_resolution.csv IW-179"
"IW-180","Quebec","QUE","regular defectors, local militia, river and coastal units","regular_defectors","72","Engineers, artillery, reconnaissance, river logistics, and signals open with vetted defectors; naval and air support require asset-board control.","yes","yes","integrate militias | secure depots | convert defecting host units | mobilize factory or railway guards | create a professional officer corps","Use verified registered-tag officers where period-valid and place river, naval, and air inheritances under separate civilian-reviewed commands.","A capable inherited force deters intervention, but disputed federal assets and officer loyalties can make the army the centre of the constitutional crisis.","no","Normal accepted provenance checks apply.","006_candidate_country_registry.csv IW-180 starting_force_archetype; REG-14 military_identity; 006_package_research_resolution.csv IW-180"
"IW-181","Acadia","GYX","coastal guards and local militia","coastal_maritime","48","Engineers, reconnaissance, and coastal signals open first; artillery and logistics require compact ports and an outside supply route.","no","no","integrate militias | recruit regional guards | secure depots | open volunteer corridors | complete capital and border defense missions","Use a coastal provisional council with locally reviewed officers and no invented historical military leader.","Local militia can cover a compact coast, but small manpower, divided settlements, and weak heavy support limit strategic depth.","no","Normal accepted provenance checks apply.","006_candidate_country_registry.csv IW-181 starting_force_archetype; REG-14 military_identity; 006_package_research_resolution.csv IW-181"
"IW-182","Newfoundland","GZX","coastal guards, sailors, local infantry","coastal_maritime","60","Engineers, coastal signals, reconnaissance, and maintenance open with sailors; artillery and air liaison require port and base integration.","yes","yes","integrate militias | recruit regional guards | secure depots | open volunteer corridors | create a professional officer corps","Create a dominion or republican joint staff with sailor, coastal, and air-service boards under civilian oversight.","Maritime and air access strengthen defence, but fuel, convoys, and a small manpower pool make prolonged isolation dangerous.","no","Normal accepted provenance checks apply.","006_candidate_country_registry.csv IW-182 starting_force_archetype; REG-14 military_identity; 006_package_research_resolution.csv IW-182"
"IW-183","Cascadia","HAX","local guards, industrial militia, coastal units","industrial_security","60","Engineers, maintenance, and reconnaissance open through industry; artillery and signals require federal rail and port integration.","no","no","integrate militias | secure depots | mobilize factory or railway guards | recruit regional guards | create a professional officer corps","A route-only regional defence council integrates factory, rail, and coastal commands without borrowing an existing state's general staff.","Industry supplies equipment, but a multi-state formable can stall over command quotas and exposes fixed factories to host counterattack.","no","Normal accepted provenance checks apply.","006_candidate_country_registry.csv IW-183 starting_force_archetype; REG-14 military_identity; 006_package_research_resolution.csv IW-183"
"IW-184","California","HBX","regular defectors, industrial and coastal units","regular_defectors","76","Engineers, artillery, reconnaissance, maintenance, and signals open with defectors; naval and air support depend on base and depot screening.","yes","yes","secure depots | convert defecting host units | mobilize factory or railway guards | recruit regional guards | create a professional officer corps","Create a screened state headquarters with industrial, coastal, naval, and air-service commands under civilian oversight.","A large inherited force and industrial base can snowball rapidly, while contested federal assets and officer autonomy create immediate escalation and coup risk.","no","Normal accepted provenance checks apply.","006_candidate_country_registry.csv IW-184 starting_force_archetype; REG-14 military_identity; 006_package_research_resolution.csv IW-184"
"IW-185","Texas","HCX","regular defectors, cavalry, militia","mounted_mobile","73","Reconnaissance, engineers, artillery, and logistics open with defectors; air support and signals require command and base screening.","no","yes","integrate militias | secure depots | convert defecting host units | recruit mountain, desert, island, frontier, or cavalry units | create a professional officer corps","Use a screened republican staff with separate regular, mounted, militia, and air-service branches.","Mobile strength and aircraft enable aggressive war, but officer politics, long borders, and a powerful militia culture can overwhelm civilian control.","no","Normal accepted provenance checks apply.","006_candidate_country_registry.csv IW-185 starting_force_archetype; REG-14 military_identity; 006_package_research_resolution.csv IW-185"
"IW-186","Cherokee state","HDX","local guards, veterans, scouts","territorial_defense","60","Engineers, reconnaissance, and field logistics open with veterans; artillery and signals require Cherokee Nation institutional approval and compact depots.","no","no","integrate militias | recruit regional guards | secure depots | train league cadres | create a professional officer corps","Cherokee Nation institutions appoint the command and use sourced period leaders or an institutional council; no generic Native government is permitted.","Veterans and scouts give a capable compact force, but treaty-land pressure and low strategic depth make expansion and attrition dangerous.","yes","Do not use a generic Indigenous leader or symbol. Preserve the accepted guard-veteran-scout force under Cherokee Nation institutions and one compact anchor.","006_candidate_country_registry.csv IW-186 starting_force_archetype; REG-14 military_identity; 006_sensitive_package_resolution.md IW-186"
"IW-187","Haudenosaunee Confederacy","HEX","local guards and veterans","territorial_defense","61","Engineers, reconnaissance, and field logistics open through members; artillery and signals require a negotiated confederate command charter.","no","no","integrate militias | recruit regional guards | train league cadres | secure depots | create a professional officer corps","Member nations appoint representatives to a confederate defence council; no personal leader or one-nation symbol stands for the whole confederacy.","Veteran cadres provide training, but member consent and cross-border geography prevent an automatic centralized army or maximal release.","yes","Do not assign a single-nation leader or symbol to the Haudenosaunee Confederacy. Preserve the accepted guard-and-veteran force through negotiated member representation.","006_candidate_country_registry.csv IW-187 starting_force_archetype; REG-14 military_identity; 006_sensitive_package_resolution.md IW-187"
"IW-188","Lakota state","HFX","mounted scouts, local guards, veterans","mounted_mobile","66","Reconnaissance and field logistics open with scouts and veterans; engineers and artillery require treaty-anchor depots and training.","no","no","integrate militias | recruit regional guards | secure depots | recruit mountain, desert, island, frontier, or cavalry units | create a professional officer corps","A named Lakota political authority appoints community-vetted officers; no generic Plains commander is used.","Mounted scouting supports a compact treaty-territory defence, but sparse depots and pressure to claim a maximal homeland risk overextension.","yes","Do not assign a generic Lakota leader or ceremonial symbol without provenance. Preserve the accepted scout-guard-veteran force within the compact treaty anchor.","006_candidate_country_registry.csv IW-188 starting_force_archetype; REG-14 military_identity; 006_sensitive_package_resolution.md IW-188"
"IW-189","Dine state","HGX","mounted scouts and local guards","mounted_mobile","61","Reconnaissance and light logistics open first; engineers and heavier support require a compact Diné anchor and depot network.","no","no","integrate militias | recruit regional guards | secure depots | recruit mountain, desert, island, frontier, or cavalry units | train league cadres","Use Diné political institutions and community-vetted officers; no invented generic southwestern commander is assigned.","Scouts protect a compact territory, but low heavy-equipment access and pressure for broader claims can exhaust the guard force.","yes","Use the preferred public identity only after source and localisation review, and do not universalize a ceremonial symbol. The accepted mounted-guard force remains intact.","006_candidate_country_registry.csv IW-189 starting_force_archetype; REG-14 military_identity; 006_sensitive_package_resolution.md IW-189"
"IW-190","Pueblo federation","HHX","local guards and scouts","mountain_frontier","55","Engineers, reconnaissance, and light logistics open through named members; artillery and signals require explicit federal consent and depots.","no","no","integrate militias | recruit regional guards | train league cadres | secure depots | complete capital and border defense missions","Named Pueblo members appoint a federal defence council with member consent; no single Pueblo supplies the leader or universal symbol.","Local guards defend their communities well, but forced centralization would erase distinct members and undermine reinforcement cooperation.","yes","Do not assign one Pueblo leader or symbol to all members. Preserve the accepted guard-and-scout force through named-member consent and federal command.","006_candidate_country_registry.csv IW-190 starting_force_archetype; REG-14 military_identity; 006_sensitive_package_resolution.md IW-190"
"IW-191","Maya federation","MAY","jungle infantry, local guards, foreign volunteers","river_jungle","61","Engineers, reconnaissance, jungle logistics, and field hospitals open first; artillery and signals require named member packages and a controlled volunteer corridor.","no","no","integrate militias | recruit regional guards | open volunteer corridors | train league cadres | accept foreign arms missions","Named Maya member packages appoint a negotiated federal command; no pan-Maya personal leader or universal symbol is generated.","Jungle troops and volunteers aid defence, but a generic automatic federation would erase member identities and amplify patron influence.","yes","Do not assign a pan-Maya leader or symbol. Preserve the accepted jungle-guard-volunteer force for named members while the wider federation remains negotiated.","006_candidate_country_registry.csv IW-191 starting_force_archetype; REG-14 military_identity; 006_sensitive_package_resolution.md IW-191"
"IW-192","Yucatan","YUC","local infantry, coastal guards","coastal_maritime","54","Engineers, reconnaissance, and coastal signals open first; artillery and logistics require peninsula depots and port access.","no","no","integrate militias | recruit regional guards | secure depots | open volunteer corridors | complete capital and border defense missions","Use period-valid registered-tag leadership or a modern peninsular staff with civilian oversight.","The peninsula is defensible, but limited heavy support and exposed ports make blockade and land isolation severe.","no","Normal accepted provenance checks apply.","006_candidate_country_registry.csv IW-192 starting_force_archetype; REG-14 military_identity; 006_package_research_resolution.csv IW-192"
"IW-193","Zapotec-Mixtec Oaxaca federation","HKX","mountain guards and local infantry","mountain_frontier","59","Engineers, reconnaissance, and mountain logistics open through named members; artillery and signals require a negotiated Oaxaca compact.","no","no","integrate militias | recruit regional guards | secure depots | train league cadres | recruit mountain, desert, island, frontier, or cavalry units","Zapotec and Mixtec member institutions appoint separate representatives to a federal defence council.","Mountain guards defend local anchors, but collapsing distinct identities into one command would fracture consent and recruitment.","yes","Do not merge Zapotec and Mixtec leadership or symbols. Preserve the accepted mountain-guard force through a negotiated federation with distinct member representation.","006_candidate_country_registry.csv IW-193 starting_force_archetype; REG-14 military_identity; 006_sensitive_package_resolution.md IW-193"
"IW-194","Miskito state","MIS","coastal guards and local scouts","coastal_maritime","54","Engineers, reconnaissance, coastal signals, and light logistics open first; artillery requires compact coastal depots and foreign access.","no","no","integrate militias | recruit regional guards | open volunteer corridors | secure depots | complete capital and border defense missions","Use period-valid registered-tag leadership or an institutional coastal council with locally vetted scout officers.","Coastal scouts control difficult terrain, but weak heavy equipment and foreign-route dependence make patron pressure dangerous.","no","Normal accepted provenance checks apply.","006_candidate_country_registry.csv IW-194 starting_force_archetype; REG-14 military_identity; 006_package_research_resolution.csv IW-194"
"IW-195","Garifuna coastal state","HMX","coastal guards and local militia","coastal_maritime","52","Engineers, reconnaissance, and coastal logistics open first; artillery and signals require one named community-and-coast package.","no","no","integrate militias | recruit regional guards | open volunteer corridors | secure depots | train league cadres","The selected named Garifuna community appoints an institutional coastal command; dispersed settlements remain diplomatic links.","A compact coastal militia can defend one anchor, but dispersed communities and shipping dependence prevent a continuous territorial army.","yes","Do not assign a generic Garifuna leader or symbol to all dispersed settlements. Preserve the accepted coastal-guard force for the selected named community.","006_candidate_country_registry.csv IW-195 starting_force_archetype; REG-14 military_identity; 006_sensitive_package_resolution.md IW-195"
"IW-196","Caribbean Federation","","coastal guards, sailors, local infantry","coastal_maritime","62","Engineers, coastal signals, reconnaissance, and maintenance open through members; artillery, logistics, and air support require a federal assets charter.","yes","yes","integrate militias | recruit regional guards | open volunteer corridors | train league cadres | create a professional officer corps","A federal maritime board assigns island guard, naval, and air commands with member quotas and civilian oversight.","Pooling island assets creates real power, but member rivalry, fuel allocation, and disputed basing can paralyze the federation.","no","Normal accepted provenance checks apply.","006_candidate_country_registry.csv IW-196 starting_force_archetype; REG-14 military_identity; 006_package_research_resolution.csv IW-196"
"IW-197","Mapuche or Wallmapu state","","mounted and mountain guards, local militia","mounted_mobile","70","Reconnaissance, engineers, and mountain logistics open first; artillery and signals require represented territorial identities and compact depots.","no","no","integrate militias | recruit regional guards | secure depots | recruit mountain, desert, island, frontier, or cavalry units | create a professional officer corps","A federation with Mapuche, Lafkenche, Williche, Pehuenche, and other represented territorial identities appoints the command; period figures enter only through sourced roles.","Mounted and mountain guards defend the compact anchor, but cross-border ambition and unequal territorial representation can split the federation.","yes","Period leaders and organization or territorial symbols require attribution review. Do not present one ceremonial motif as universal; the accepted force remains under representative federal command.","006_candidate_country_registry.csv IW-197 starting_force_archetype; REG-14 military_identity; 006_signature_country_research_dossiers.md IW-197"
"IW-198","Aymara state","HPX","mountain infantry, local guards, mine and rail units","mountain_frontier","66","Engineers, reconnaissance, mountain logistics, and maintenance open first; artillery and signals require an Altiplano anchor and rail-depot control.","no","no","integrate militias | recruit regional guards | secure depots | mobilize factory or railway guards | create a professional officer corps","Aymara political institutions appoint an institutional highland command; cross-border communities receive no automatic single leader.","Highland and rail units defend the anchor, but cross-border ambitions, mine exposure, and thin logistics can overextend the state.","yes","Do not assign a pan-border leader or symbol. Preserve the accepted mountain-guard and mine-rail force within one Altiplano anchor.","006_candidate_country_registry.csv IW-198 starting_force_archetype; REG-14 military_identity; 006_sensitive_package_resolution.md IW-198"
"IW-199","Quechua federation","HQX","mountain infantry, local guards, mine and rail units","mountain_frontier","67","Engineers, reconnaissance, mountain logistics, and maintenance open through named members; artillery and signals require a federal rail charter.","no","no","integrate militias | recruit regional guards | secure depots | mobilize factory or railway guards | train league cadres","Named regional members appoint a negotiated federal defence council; no pan-Quechua personal leader is generated.","Mountain and rail units offer a strong defensive network, but a generic federation would erase regional members and overload contested mines and routes.","yes","Do not assign a pan-Quechua leader or symbol. Preserve the accepted mountain-and-rail force for named regional members while federation remains negotiated.","006_candidate_country_registry.csv IW-199 starting_force_archetype; REG-14 military_identity; 006_sensitive_package_resolution.md IW-199"
"IW-200","Guarani state","GAR","forest infantry and local guards","river_jungle","57","Engineers, reconnaissance, river logistics, and field hospitals open first; artillery and signals require one Paraguay or Chaco anchor and compact depots.","no","no","integrate militias | recruit regional guards | secure depots | train league cadres | create a professional officer corps","Use the registered package's institutional command or sourced period leaders for the exact anchor; no cross-border universal commander is assigned.","Forest guards defend the anchor, but cross-border community claims and weak heavy supply make expansion destabilizing.","yes","Do not assign a pan-border Guaraní leader or symbol. Preserve the accepted forest-guard force within the selected compact Paraguay or Chaco anchor.","006_candidate_country_registry.csv IW-200 starting_force_archetype; REG-14 military_identity; 006_sensitive_package_resolution.md IW-200"
"IW-201","Muisca restoration","HSX","mountain guards and local militia","mountain_frontier","55","Engineers, reconnaissance, and mountain logistics open first; artillery and signals require a modern highland depot and training cadre.","no","no","integrate militias | recruit regional guards | secure depots | recruit mountain, desert, island, frontier, or cavalry units | train league cadres","Use a modern provisional highland council and regionally reviewed officers; historical restoration supplies no recreated ancient command.","Mountain militia can hold the anchor, but a high-chaos restoration with weak heavy support risks patron dependence and historical caricature.","no","Normal accepted provenance checks apply.","006_candidate_country_registry.csv IW-201 starting_force_archetype; REG-14 military_identity; 006_package_research_resolution.csv IW-201"
"IW-202","Gran Chaco federation","HTX","frontier scouts and local guards","mountain_frontier","55","Reconnaissance, engineers, and light logistics open through named members; artillery and signals require a negotiated federal depot network.","no","no","integrate militias | recruit regional guards | secure depots | train league cadres | recruit mountain, desert, island, frontier, or cavalry units","Named Chaco member peoples appoint a federal defence council with explicit consent; no generic Chaco leader is allowed.","Frontier scouts cover sparse terrain, but a broad automatic federation would erase members and cannot sustain a continuous front.","yes","Do not assign a generic Chaco leader or symbol. Preserve the accepted scout-and-guard force for named member packages while the wider federation remains negotiated.","006_candidate_country_registry.csv IW-202 starting_force_archetype; REG-14 military_identity; 006_sensitive_package_resolution.md IW-202"
"IW-203","Patagonian state","HUX","mounted scouts, local guards, coastal units","mounted_mobile","61","Reconnaissance, engineers, and frontier logistics open first; artillery and coastal signals require long-route and port depots.","no","no","integrate militias | recruit regional guards | secure depots | recruit mountain, desert, island, frontier, or cavalry units | complete capital and border defense missions","Use a high-chaos regional republican staff with mounted and coastal liaison, and no invented historical claimant.","Mobility covers long distances, but sparse population, severe logistics, and competition with southern-cone packages make concentration difficult.","no","Normal accepted provenance checks apply.","006_candidate_country_registry.csv IW-203 starting_force_archetype; REG-14 military_identity; 006_package_research_resolution.csv IW-203"
"IW-204","Araucania and Patagonia restoration","","mounted guards and foreign adventurers","foreign_volunteers","60","Reconnaissance and frontier logistics open first; engineers, artillery, and signals require controlled volunteer access and compact depots.","no","no","integrate militias | open volunteer corridors | recruit mountain, desert, island, frontier, or cavalry units | accept foreign arms missions | create a professional officer corps","A modern restoration council controls all adventurer detachments and bars foreign officers from sovereign command.","Foreign adventurers add trained manpower but create extreme legitimacy, dependency, and rogue-command risks in a contested southern anchor.","no","Normal accepted provenance checks apply.","006_candidate_country_registry.csv IW-204 starting_force_archetype; REG-14 military_identity; 006_package_research_resolution.csv IW-204"
"IW-205","Amazonian confederation","HWX","river guards, local scouts, coastal or air support","river_jungle","61","Engineers, reconnaissance, river logistics, field hospitals, and air liaison open first; artillery and signals require named-member depots.","no","yes","integrate militias | recruit regional guards | secure depots | open volunteer corridors | train league cadres","Named river peoples appoint a confederal defence council; local scout commands and any inherited air support remain under member-approved coordination.","River and air mobility can connect one anchor, but a generic Amazon-wide state would erase peoples and make supply and command unmanageable.","yes","Do not assign a generic Amazonian leader or symbol. Preserve the accepted river-scout and air-support identity for named peoples while wider confederation remains negotiated.","006_candidate_country_registry.csv IW-205 starting_force_archetype; REG-14 military_identity; 006_sensitive_package_resolution.md IW-205"
"IW-206","Maroon republic","HXX","local guards and jungle infantry","river_jungle","62","Engineers, reconnaissance, jungle logistics, and field hospitals open first; artillery and signals require one named historical community and compact depot.","no","no","integrate militias | recruit regional guards | secure depots | open volunteer corridors | train league cadres","The selected Jamaican or Surinamese maroon nation appoints its own institutional command; no generic global maroon leader is generated.","Jungle defence and local cohesion aid survival, but dispersed histories and a small anchor cannot support a generic transregional state.","yes","Do not assign a generic maroon leader or symbol across distinct communities. Preserve the accepted guard-and-jungle force for the selected named historical polity.","006_candidate_country_registry.csv IW-206 starting_force_archetype; REG-14 military_identity; 006_sensitive_package_resolution.md IW-206"
