"acceptance_surface","matrix_row","acceptance_key","classification","disposition","source_file","implementation_evidence","validation_evidence","notes"
"action_concept","1","guarantee_sovereignty","Protection","accepted_pending_implementation","012_africa_decision_mission_matrix.csv","","",""
"action_concept","2","open_aid_corridor","Protection","accepted_pending_implementation","012_africa_decision_mission_matrix.csv","","",""
"action_concept","3","dispatch_charter_mission","Protection","accepted_pending_implementation","012_africa_decision_mission_matrix.csv","","",""
"action_concept","4","deploy_volunteers","Protection","accepted_pending_implementation","012_africa_decision_mission_matrix.csv","","",""
"action_concept","5","intervene_against_coloniser","Protection","accepted_pending_implementation","012_africa_decision_mission_matrix.csv","","",""
"action_concept","6","evacuate_leaders_archives","Protection","accepted_pending_implementation","012_africa_decision_mission_matrix.csv","","",""
"action_concept","7","recognise_provisional_government","Protection","accepted_pending_implementation","012_africa_decision_mission_matrix.csv","","",""
"action_concept","8","secure_border_sanctuary","Protection","accepted_pending_implementation","012_africa_decision_mission_matrix.csv","","",""
"action_concept","9","break_blockade","Protection","accepted_pending_implementation","012_africa_decision_mission_matrix.csv","","",""
"action_concept","10","emergency_relief_column","Protection","accepted_pending_implementation","012_africa_decision_mission_matrix.csv","","",""
"action_concept","11","offer_defence_charter","Accession","accepted_pending_implementation","012_africa_decision_mission_matrix.csv","","",""
"action_concept","12","offer_development_charter","Accession","accepted_pending_implementation","012_africa_decision_mission_matrix.csv","","",""
"action_concept","13","offer_federal_charter","Accession","accepted_pending_implementation","012_africa_decision_mission_matrix.csv","","",""
"action_concept","14","offer_crown_charter","Accession","accepted_pending_implementation","012_africa_decision_mission_matrix.csv","","",""
"action_concept","15","offer_peoples_charter","Accession","accepted_pending_implementation","012_africa_decision_mission_matrix.csv","","",""
"action_concept","16","offer_security_charter","Accession","accepted_pending_implementation","012_africa_decision_mission_matrix.csv","","",""
"action_concept","17","offer_sacred_ecological_compact","Accession","accepted_pending_implementation","012_africa_decision_mission_matrix.csv","","",""
"action_concept","18","renegotiate_accession_clauses","Accession","accepted_pending_implementation","012_africa_decision_mission_matrix.csv","","",""
"action_concept","19","hold_accession_referendum","Accession","accepted_pending_implementation","012_africa_decision_mission_matrix.csv","","",""
"action_concept","20","admit_member_in_emergency","Accession","accepted_pending_implementation","012_africa_decision_mission_matrix.csv","","",""
"action_concept","21","convene_regional_congress","Regional congress","accepted_pending_implementation","012_africa_decision_mission_matrix.csv","","",""
"action_concept","22","settle_overlapping_claims","Regional congress","accepted_pending_implementation","012_africa_decision_mission_matrix.csv","","",""
"action_concept","23","create_regional_charter","Regional congress","accepted_pending_implementation","012_africa_decision_mission_matrix.csv","","",""
"action_concept","24","form_regional_federation","Regional congress","accepted_pending_implementation","012_africa_decision_mission_matrix.csv","","",""
"action_concept","25","restore_historical_polity","Regional congress","accepted_pending_implementation","012_africa_decision_mission_matrix.csv","","",""
"action_concept","26","approve_direct_integration_schedule","Regional congress","accepted_pending_implementation","012_africa_decision_mission_matrix.csv","","",""
"action_concept","27","guarantee_regional_representation","Regional congress","accepted_pending_implementation","012_africa_decision_mission_matrix.csv","","",""
"action_concept","28","fund_congress_security","Regional congress","accepted_pending_implementation","012_africa_decision_mission_matrix.csv","","",""
"action_concept","29","invite_diaspora_delegates","Regional congress","accepted_pending_implementation","012_africa_decision_mission_matrix.csv","","",""
"action_concept","30","enforce_congress_settlement","Regional congress","accepted_pending_implementation","012_africa_decision_mission_matrix.csv","","",""
"action_concept","31","build_administrative_bridge","Integration","accepted_pending_implementation","012_africa_decision_mission_matrix.csv","","",""
"action_concept","32","connect_member_capitals","Integration","accepted_pending_implementation","012_africa_decision_mission_matrix.csv","","",""
"action_concept","33","standardise_customs","Integration","accepted_pending_implementation","012_africa_decision_mission_matrix.csv","","",""
"action_concept","34","integrate_security_services","Integration","accepted_pending_implementation","012_africa_decision_mission_matrix.csv","","",""
"action_concept","35","harmonise_officer_corps","Integration","accepted_pending_implementation","012_africa_decision_mission_matrix.csv","","",""
"action_concept","36","negotiate_autonomy_statute","Integration","accepted_pending_implementation","012_africa_decision_mission_matrix.csv","","",""
"action_concept","37","launch_local_settlement_programme","Integration","accepted_pending_implementation","012_africa_decision_mission_matrix.csv","","",""
"action_concept","38","grant_core_recognition","Integration","accepted_pending_implementation","012_africa_decision_mission_matrix.csv","","",""
"action_concept","39","impose_emergency_administration","Integration","accepted_pending_implementation","012_africa_decision_mission_matrix.csv","","",""
"action_concept","40","federalise_restored_polities","Integration","accepted_pending_implementation","012_africa_decision_mission_matrix.csv","","",""
"action_concept","41","survey_continental_resources","Economy","accepted_pending_implementation","012_africa_decision_mission_matrix.csv","","",""
"action_concept","42","build_regional_rail_spine","Economy","accepted_pending_implementation","012_africa_decision_mission_matrix.csv","","",""
"action_concept","43","expand_river_transport","Economy","accepted_pending_implementation","012_africa_decision_mission_matrix.csv","","",""
"action_concept","44","modernise_continental_port","Economy","accepted_pending_implementation","012_africa_decision_mission_matrix.csv","","",""
"action_concept","45","create_local_processing_chain","Economy","accepted_pending_implementation","012_africa_decision_mission_matrix.csv","","",""
"action_concept","46","continental_procurement_contract","Economy","accepted_pending_implementation","012_africa_decision_mission_matrix.csv","","",""
"action_concept","47","food_security_reserve","Economy","accepted_pending_implementation","012_africa_decision_mission_matrix.csv","","",""
"action_concept","48","resource_sovereignty_review","Economy","accepted_pending_implementation","012_africa_decision_mission_matrix.csv","","",""
"action_concept","49","charter_development_fund","Economy","accepted_pending_implementation","012_africa_decision_mission_matrix.csv","","",""
"action_concept","50","continental_industrial_plan","Economy","accepted_pending_implementation","012_africa_decision_mission_matrix.csv","","",""
"action_concept","51","open_voluntary_return_registry","Diaspora","accepted_pending_implementation","012_africa_decision_mission_matrix.csv","","",""
"action_concept","52","charter_passage_programme","Diaspora","accepted_pending_implementation","012_africa_decision_mission_matrix.csv","","",""
"action_concept","53","build_returnee_housing","Diaspora","accepted_pending_implementation","012_africa_decision_mission_matrix.csv","","",""
"action_concept","54","invite_afro_american_technical_mission","Diaspora","accepted_pending_implementation","012_africa_decision_mission_matrix.csv","","",""
"action_concept","55","veterans_and_volunteers_programme","Diaspora","accepted_pending_implementation","012_africa_decision_mission_matrix.csv","","",""
"action_concept","56","diaspora_investment_bonds","Diaspora","accepted_pending_implementation","012_africa_decision_mission_matrix.csv","","",""
"action_concept","57","citizenship_and_representation_convention","Diaspora","accepted_pending_implementation","012_africa_decision_mission_matrix.csv","","",""
"action_concept","58","diaspora_emergency_evacuation","Diaspora","accepted_pending_implementation","012_africa_decision_mission_matrix.csv","","",""
"action_concept","59","monitor_rival_bloc","Rival blocs","accepted_pending_implementation","012_africa_decision_mission_matrix.csv","","",""
"action_concept","60","offer_rival_arbitration","Rival blocs","accepted_pending_implementation","012_africa_decision_mission_matrix.csv","","",""
"action_concept","61","support_rival_member_defection","Rival blocs","accepted_pending_implementation","012_africa_decision_mission_matrix.csv","","",""
"action_concept","62","counter_foreign_patronage","Rival blocs","accepted_pending_implementation","012_africa_decision_mission_matrix.csv","","",""
"action_concept","63","prepare_member_exit_terms","Rival blocs","accepted_pending_implementation","012_africa_decision_mission_matrix.csv","","",""
"action_concept","64","suspend_disloyal_member","Rival blocs","accepted_pending_implementation","012_africa_decision_mission_matrix.csv","","",""
"action_concept","65","emergency_leadership_vote","Rival blocs","accepted_pending_implementation","012_africa_decision_mission_matrix.csv","","",""
"action_concept","66","contain_regional_secession_war","Rival blocs","accepted_pending_implementation","012_africa_decision_mission_matrix.csv","","",""
"action_concept","67","consult_oracle_network","High chaos","accepted_pending_implementation","012_africa_decision_mission_matrix.csv","","",""
"action_concept","68","bargain_with_the_green","High chaos","accepted_pending_implementation","012_africa_decision_mission_matrix.csv","","",""
"action_concept","69","petition_the_rain","High chaos","accepted_pending_implementation","012_africa_decision_mission_matrix.csv","","",""
"action_concept","70","defy_the_drought","High chaos","accepted_pending_implementation","012_africa_decision_mission_matrix.csv","","",""
"action_concept","71","contain_emergent_disease","High chaos","accepted_pending_implementation","012_africa_decision_mission_matrix.csv","","",""
"action_concept","72","research_disease_countermeasure","High chaos","accepted_pending_implementation","012_africa_decision_mission_matrix.csv","","",""
"action_concept","73","weaponise_fictional_pathogen","High chaos","accepted_pending_implementation","012_africa_decision_mission_matrix.csv","","",""
"action_concept","74","awaken_stone_cohort","High chaos","accepted_pending_implementation","012_africa_decision_mission_matrix.csv","","",""
"action_concept","75","train_gorilla_heavy_infantry","High chaos","accepted_pending_implementation","012_africa_decision_mission_matrix.csv","","",""
"action_concept","76","organise_pan_sappers","High chaos","accepted_pending_implementation","012_africa_decision_mission_matrix.csv","","",""
"action_concept","77","seek_international_recognition","Scramble response","accepted_pending_implementation","012_africa_decision_mission_matrix.csv","","",""
"action_concept","78","prepare_anti_sanctions_network","Scramble response","accepted_pending_implementation","012_africa_decision_mission_matrix.csv","","",""
"action_concept","79","answer_foreign_ultimatum","Scramble response","accepted_pending_implementation","012_africa_decision_mission_matrix.csv","","",""
"action_concept","80","mobilise_continental_defence","Scramble response","accepted_pending_implementation","012_africa_decision_mission_matrix.csv","","",""
"action_concept","81","disrupt_expedition_planning","Scramble response","accepted_pending_implementation","012_africa_decision_mission_matrix.csv","","",""
"action_concept","82","offer_base_withdrawal_treaty","Scramble response","accepted_pending_implementation","012_africa_decision_mission_matrix.csv","","",""
"action_concept","83","call_global_anti_colonial_conference","Scramble response","accepted_pending_implementation","012_africa_decision_mission_matrix.csv","","",""
"action_concept","84","break_intervention_coalition","Scramble response","accepted_pending_implementation","012_africa_decision_mission_matrix.csv","","",""
"action_concept","85","sponsor_continent_unifier","World order","accepted_pending_implementation","012_africa_decision_mission_matrix.csv","","",""
"action_concept","86","mediate_continent_union","World order","accepted_pending_implementation","012_africa_decision_mission_matrix.csv","","",""
"action_concept","87","prepare_continental_war","World order","accepted_pending_implementation","012_africa_decision_mission_matrix.csv","","",""
"action_concept","88","force_continent_submission","World order","accepted_pending_implementation","012_africa_decision_mission_matrix.csv","","",""
"action_concept","89","form_dynamic_two_continent_union","World order","accepted_pending_implementation","012_africa_decision_mission_matrix.csv","","",""
"action_concept","90","declare_the_world_is_one","World order","accepted_pending_implementation","012_africa_decision_mission_matrix.csv","","",""
"action_concept","91","administer_world_regions","World order","accepted_pending_implementation","012_africa_decision_mission_matrix.csv","","",""
"action_concept","92","contain_terminal_high_chaos","World order","accepted_pending_implementation","012_africa_decision_mission_matrix.csv","","",""
"action_concept","93","convene_federal_deadlock_conference","Constitutional route crises","accepted_pending_implementation","012_africa_decision_mission_matrix.csv","","",""
"action_concept","94","conduct_first_continental_election","Constitutional route crises","accepted_pending_implementation","012_africa_decision_mission_matrix.csv","","",""
"action_concept","95","arbitrate_continental_succession","Constitutional route crises","accepted_pending_implementation","012_africa_decision_mission_matrix.csv","","",""
"action_concept","96","balance_food_and_industrial_plan","Constitutional route crises","accepted_pending_implementation","012_africa_decision_mission_matrix.csv","","",""
"action_concept","97","review_victorious_commander_loyalty","Constitutional route crises","accepted_pending_implementation","012_africa_decision_mission_matrix.csv","","",""
"action_concept","98","ratify_confederal_emergency_action","Constitutional route crises","accepted_pending_implementation","012_africa_decision_mission_matrix.csv","","",""
"action_concept","99","review_covenant_obligation","Constitutional route crises","accepted_pending_implementation","012_africa_decision_mission_matrix.csv","","",""
"action_concept","100","hold_postwar_constitutional_review","Post-unification governance","accepted_pending_implementation","012_africa_decision_mission_matrix.csv","","",""
"action_concept","101","recover_failed_host_proof","Host opening","accepted_pending_implementation","012_africa_decision_mission_matrix.csv","","",""
"action_concept","102","promote_priority_member_package","Regional congress and restorations","accepted_pending_implementation","012_africa_decision_mission_matrix.csv","","",""
"focus_payoff","1","Shared opening :: early :: Identify the host problem","Shared opening","accepted_pending_implementation","012_africa_focus_route_payoff_matrix.csv","","",""
"focus_payoff","2","Shared opening :: early :: The first corridor","Shared opening","accepted_pending_implementation","012_africa_focus_route_payoff_matrix.csv","","",""
"focus_payoff","3","Shared opening :: early :: The first protected partner","Shared opening","accepted_pending_implementation","012_africa_focus_route_payoff_matrix.csv","","",""
"focus_payoff","4","Shared opening :: early :: The provisional congress","Shared opening","accepted_pending_implementation","012_africa_focus_route_payoff_matrix.csv","","",""
"focus_payoff","5","Shared opening :: early :: The constitutional principle","Shared opening","accepted_pending_implementation","012_africa_focus_route_payoff_matrix.csv","","",""
"focus_payoff","6","Charter federalism :: early :: Representation before merger","Charter federalism","accepted_pending_implementation","012_africa_focus_route_payoff_matrix.csv","","",""
"focus_payoff","7","Charter federalism :: early :: Rights of the protected member","Charter federalism","accepted_pending_implementation","012_africa_focus_route_payoff_matrix.csv","","",""
"focus_payoff","8","Charter federalism :: middle :: Executive design","Charter federalism","accepted_pending_implementation","012_africa_focus_route_payoff_matrix.csv","","",""
"focus_payoff","9","Charter federalism :: middle :: Contribution and equalisation","Charter federalism","accepted_pending_implementation","012_africa_focus_route_payoff_matrix.csv","","",""
"focus_payoff","10","Charter federalism :: middle :: Court or political arbitration","Charter federalism","accepted_pending_implementation","012_africa_focus_route_payoff_matrix.csv","","",""
"focus_payoff","11","Charter federalism :: middle :: Common command under law","Charter federalism","accepted_pending_implementation","012_africa_focus_route_payoff_matrix.csv","","",""
"focus_payoff","12","Charter federalism :: late :: Federal conversion","Charter federalism","accepted_pending_implementation","012_africa_focus_route_payoff_matrix.csv","","",""
"focus_payoff","13","Charter federalism :: late :: Deadlock conference","Charter federalism","accepted_pending_implementation","012_africa_focus_route_payoff_matrix.csv","","",""
"focus_payoff","14","Charter federalism :: capstone :: Federation with enforceable limits","Charter federalism","accepted_pending_implementation","012_africa_focus_route_payoff_matrix.csv","","",""
"focus_payoff","15","Continental republic :: early :: Civic status and staged accession","Continental republic","accepted_pending_implementation","012_africa_focus_route_payoff_matrix.csv","","",""
"focus_payoff","16","Continental republic :: early :: Political vehicle","Continental republic","accepted_pending_implementation","012_africa_focus_route_payoff_matrix.csv","","",""
"focus_payoff","17","Continental republic :: middle :: Franchise design","Continental republic","accepted_pending_implementation","012_africa_focus_route_payoff_matrix.csv","","",""
"focus_payoff","18","Continental republic :: middle :: Executive form","Continental republic","accepted_pending_implementation","012_africa_focus_route_payoff_matrix.csv","","",""
"focus_payoff","19","Continental republic :: middle :: Public service","Continental republic","accepted_pending_implementation","012_africa_focus_route_payoff_matrix.csv","","",""
"focus_payoff","20","Continental republic :: middle :: First continental election","Continental republic","accepted_pending_implementation","012_africa_focus_route_payoff_matrix.csv","","",""
"focus_payoff","21","Continental republic :: middle :: Traditional and royal institutions","Continental republic","accepted_pending_implementation","012_africa_focus_route_payoff_matrix.csv","","",""
"focus_payoff","22","Continental republic :: late :: Republican guard","Continental republic","accepted_pending_implementation","012_africa_focus_route_payoff_matrix.csv","","",""
"focus_payoff","23","Continental republic :: capstone :: Republic accepted beyond the capital","Continental republic","accepted_pending_implementation","012_africa_focus_route_payoff_matrix.csv","","",""
"focus_payoff","24","Council of crowns :: early :: Recognition of crowns","Council of crowns","accepted_pending_implementation","012_africa_focus_route_payoff_matrix.csv","","",""
"focus_payoff","25","Council of crowns :: early :: Precedence without supremacy","Council of crowns","accepted_pending_implementation","012_africa_focus_route_payoff_matrix.csv","","",""
"focus_payoff","26","Council of crowns :: middle :: Dual chambers","Council of crowns","accepted_pending_implementation","012_africa_focus_route_payoff_matrix.csv","","",""
"focus_payoff","27","Council of crowns :: middle :: Succession law","Council of crowns","accepted_pending_implementation","012_africa_focus_route_payoff_matrix.csv","","",""
"focus_payoff","28","Council of crowns :: middle :: Land, court, and community rights","Council of crowns","accepted_pending_implementation","012_africa_focus_route_payoff_matrix.csv","","",""
"focus_payoff","29","Council of crowns :: middle :: Royal service","Council of crowns","accepted_pending_implementation","012_africa_focus_route_payoff_matrix.csv","","",""
"focus_payoff","30","Council of crowns :: middle :: Republics in the council","Council of crowns","accepted_pending_implementation","012_africa_focus_route_payoff_matrix.csv","","",""
"focus_payoff","31","Council of crowns :: late :: Restoration without support","Council of crowns","accepted_pending_implementation","012_africa_focus_route_payoff_matrix.csv","","",""
"focus_payoff","32","Council of crowns :: capstone :: Crowns bound by the Charter","Council of crowns","accepted_pending_implementation","012_africa_focus_route_payoff_matrix.csv","","",""
"focus_payoff","33","People's union :: early :: Coalition of revolution","People's union","accepted_pending_implementation","012_africa_focus_route_payoff_matrix.csv","","",""
"focus_payoff","34","People's union :: early :: Land settlement","People's union","accepted_pending_implementation","012_africa_focus_route_payoff_matrix.csv","","",""
"focus_payoff","35","People's union :: middle :: Resource ownership","People's union","accepted_pending_implementation","012_africa_focus_route_payoff_matrix.csv","","",""
"focus_payoff","36","People's union :: middle :: Planning scale","People's union","accepted_pending_implementation","012_africa_focus_route_payoff_matrix.csv","","",""
"focus_payoff","37","People's union :: middle :: Party and councils","People's union","accepted_pending_implementation","012_africa_focus_route_payoff_matrix.csv","","",""
"focus_payoff","38","People's union :: middle :: Liberation versus consolidation","People's union","accepted_pending_implementation","012_africa_focus_route_payoff_matrix.csv","","",""
"focus_payoff","39","People's union :: middle :: People's defence","People's union","accepted_pending_implementation","012_africa_focus_route_payoff_matrix.csv","","",""
"focus_payoff","40","People's union :: late :: Bureaucracy and technical dependence","People's union","accepted_pending_implementation","012_africa_focus_route_payoff_matrix.csv","","",""
"focus_payoff","41","People's union :: capstone :: Union through social institutions","People's union","accepted_pending_implementation","012_africa_focus_route_payoff_matrix.csv","","",""
"focus_payoff","42","Military continentalism :: early :: Emergency or permanent mandate","Military continentalism","accepted_pending_implementation","012_africa_focus_route_payoff_matrix.csv","","",""
"focus_payoff","43","Military continentalism :: early :: General staff or regional commands","Military continentalism","accepted_pending_implementation","012_africa_focus_route_payoff_matrix.csv","","",""
"focus_payoff","44","Military continentalism :: middle :: Army integration","Military continentalism","accepted_pending_implementation","012_africa_focus_route_payoff_matrix.csv","","",""
"focus_payoff","45","Military continentalism :: middle :: Protectorate doctrine","Military continentalism","accepted_pending_implementation","012_africa_focus_route_payoff_matrix.csv","","",""
"focus_payoff","46","Military continentalism :: middle :: Logistics first","Military continentalism","accepted_pending_implementation","012_africa_focus_route_payoff_matrix.csv","","",""
"focus_payoff","47","Military continentalism :: middle :: Officer corps settlement","Military continentalism","accepted_pending_implementation","012_africa_focus_route_payoff_matrix.csv","","",""
"focus_payoff","48","Military continentalism :: middle :: The successful commander","Military continentalism","accepted_pending_implementation","012_africa_focus_route_payoff_matrix.csv","","",""
"focus_payoff","49","Military continentalism :: late :: Handover or permanent command","Military continentalism","accepted_pending_implementation","012_africa_focus_route_payoff_matrix.csv","","",""
"focus_payoff","50","Military continentalism :: capstone :: Command of Africa","Military continentalism","accepted_pending_implementation","012_africa_focus_route_payoff_matrix.csv","","",""
"focus_payoff","51","Confederation of African states :: early :: Sovereignty reservation","Confederation of African states","accepted_pending_implementation","012_africa_focus_route_payoff_matrix.csv","","",""
"focus_payoff","52","Confederation of African states :: early :: Voting rule","Confederation of African states","accepted_pending_implementation","012_africa_focus_route_payoff_matrix.csv","","",""
"focus_payoff","53","Confederation of African states :: middle :: Secretariat","Confederation of African states","accepted_pending_implementation","012_africa_focus_route_payoff_matrix.csv","","",""
"focus_payoff","54","Confederation of African states :: middle :: Common defence","Confederation of African states","accepted_pending_implementation","012_africa_focus_route_payoff_matrix.csv","","",""
"focus_payoff","55","Confederation of African states :: middle :: Market and corridors","Confederation of African states","accepted_pending_implementation","012_africa_focus_route_payoff_matrix.csv","","",""
"focus_payoff","56","Confederation of African states :: middle :: Foreign policy coordination","Confederation of African states","accepted_pending_implementation","012_africa_focus_route_payoff_matrix.csv","","",""
"focus_payoff","57","Confederation of African states :: middle :: Withdrawal rules","Confederation of African states","accepted_pending_implementation","012_africa_focus_route_payoff_matrix.csv","","",""
"focus_payoff","58","Confederation of African states :: late :: Free rider and divergent war crisis","Confederation of African states","accepted_pending_implementation","012_africa_focus_route_payoff_matrix.csv","","",""
"focus_payoff","59","Confederation of African states :: capstone :: Africa in concert","Confederation of African states","accepted_pending_implementation","012_africa_focus_route_payoff_matrix.csv","","",""
"focus_payoff","60","Covenant with the land and nonhuman congress :: hidden opening :: Recognition of the impossible","Covenant with the land and nonhuman congress","accepted_pending_implementation","012_africa_focus_route_payoff_matrix.csv","","",""
"focus_payoff","61","Covenant with the land and nonhuman congress :: hidden opening :: Consent across incompatible actors","Covenant with the land and nonhuman congress","accepted_pending_implementation","012_africa_focus_route_payoff_matrix.csv","","",""
"focus_payoff","62","Covenant with the land and nonhuman congress :: middle :: Favor and wrath","Covenant with the land and nonhuman congress","accepted_pending_implementation","012_africa_focus_route_payoff_matrix.csv","","",""
"focus_payoff","63","Covenant with the land and nonhuman congress :: middle :: Boundaries","Covenant with the land and nonhuman congress","accepted_pending_implementation","012_africa_focus_route_payoff_matrix.csv","","",""
"focus_payoff","64","Covenant with the land and nonhuman congress :: middle :: Warfare doctrine","Covenant with the land and nonhuman congress","accepted_pending_implementation","012_africa_focus_route_payoff_matrix.csv","","",""
"focus_payoff","65","Covenant with the land and nonhuman congress :: middle :: Nonhuman forces","Covenant with the land and nonhuman congress","accepted_pending_implementation","012_africa_focus_route_payoff_matrix.csv","","",""
"focus_payoff","66","Covenant with the land and nonhuman congress :: middle :: Human government under covenant","Covenant with the land and nonhuman congress","accepted_pending_implementation","012_africa_focus_route_payoff_matrix.csv","","",""
"focus_payoff","67","Covenant with the land and nonhuman congress :: late :: Containment breach or member revolt","Covenant with the land and nonhuman congress","accepted_pending_implementation","012_africa_focus_route_payoff_matrix.csv","","",""
"focus_payoff","68","Covenant with the land and nonhuman congress :: capstone :: Charter that includes the impossible","Covenant with the land and nonhuman congress","accepted_pending_implementation","012_africa_focus_route_payoff_matrix.csv","","",""
"focus_payoff","69","Shared support lane :: middle :: Corridor philosophy","Shared support lane","accepted_pending_implementation","012_africa_focus_route_payoff_matrix.csv","","",""
"focus_payoff","70","Shared support lane :: middle :: Resource settlement","Shared support lane","accepted_pending_implementation","012_africa_focus_route_payoff_matrix.csv","","",""
"focus_payoff","71","Shared support lane :: middle :: Food, water, and health","Shared support lane","accepted_pending_implementation","012_africa_focus_route_payoff_matrix.csv","","",""
"focus_payoff","72","Shared support lane :: middle :: Military purpose","Shared support lane","accepted_pending_implementation","012_africa_focus_route_payoff_matrix.csv","","",""
"focus_payoff","73","Shared support lane :: middle :: Diaspora programme","Shared support lane","accepted_pending_implementation","012_africa_focus_route_payoff_matrix.csv","","",""
"focus_payoff","74","Shared support lane :: middle :: Intelligence purpose","Shared support lane","accepted_pending_implementation","012_africa_focus_route_payoff_matrix.csv","","",""
"focus_payoff","75","Shared support lane :: late :: Restoration sequence","Shared support lane","accepted_pending_implementation","012_africa_focus_route_payoff_matrix.csv","","",""
"focus_payoff","76","Shared support lane :: late :: Scramble response","Shared support lane","accepted_pending_implementation","012_africa_focus_route_payoff_matrix.csv","","",""
"focus_payoff","77","Shared support lane :: post-unification :: Constitutional review","Shared support lane","accepted_pending_implementation","012_africa_focus_route_payoff_matrix.csv","","",""
"focus_payoff","78","Shared support lane :: post-unification :: External continent sponsorship","Shared support lane","accepted_pending_implementation","012_africa_focus_route_payoff_matrix.csv","","",""
"host_playbook","1","ethiopia","full host dossier","accepted_full_playbook_pending_implementation","012_africa_host_country_playbook_matrix.csv","","",""
"host_playbook","2","egypt","full host dossier","accepted_full_playbook_pending_implementation","012_africa_host_country_playbook_matrix.csv","","",""
"host_playbook","3","sudan","full host dossier","accepted_full_playbook_pending_implementation","012_africa_host_country_playbook_matrix.csv","","",""
"host_playbook","4","morocco","full host dossier","accepted_full_playbook_pending_implementation","012_africa_host_country_playbook_matrix.csv","","",""
"host_playbook","5","algeria","full host dossier","accepted_full_playbook_pending_implementation","012_africa_host_country_playbook_matrix.csv","","",""
"host_playbook","6","tunisia","full host dossier","accepted_full_playbook_pending_implementation","012_africa_host_country_playbook_matrix.csv","","",""
"host_playbook","7","libya","full host dossier","accepted_full_playbook_pending_implementation","012_africa_host_country_playbook_matrix.csv","","",""
"host_playbook","8","liberia","full host dossier","accepted_full_playbook_pending_implementation","012_africa_host_country_playbook_matrix.csv","","",""
"host_playbook","9","nigeria","full host dossier","accepted_full_playbook_pending_implementation","012_africa_host_country_playbook_matrix.csv","","",""
"host_playbook","10","gold_coast","full host dossier","accepted_full_playbook_pending_implementation","012_africa_host_country_playbook_matrix.csv","","",""
"host_playbook","11","senegal_fwa","full host dossier","accepted_full_playbook_pending_implementation","012_africa_host_country_playbook_matrix.csv","","",""
"host_playbook","12","sierra_leone","full host dossier","accepted_full_playbook_pending_implementation","012_africa_host_country_playbook_matrix.csv","","",""
"host_playbook","13","belgian_congo","full host dossier","accepted_full_playbook_pending_implementation","012_africa_host_country_playbook_matrix.csv","","",""
"host_playbook","14","angola","full host dossier","accepted_full_playbook_pending_implementation","012_africa_host_country_playbook_matrix.csv","","",""
"host_playbook","15","french_equatorial_africa","full host dossier","accepted_full_playbook_pending_implementation","012_africa_host_country_playbook_matrix.csv","","",""
"host_playbook","16","kenya","full host dossier","accepted_full_playbook_pending_implementation","012_africa_host_country_playbook_matrix.csv","","",""
"host_playbook","17","uganda","full host dossier","accepted_full_playbook_pending_implementation","012_africa_host_country_playbook_matrix.csv","","",""
"host_playbook","18","tanganyika","full host dossier","accepted_full_playbook_pending_implementation","012_africa_host_country_playbook_matrix.csv","","",""
"host_playbook","19","somali_territories","full host dossier","accepted_full_playbook_pending_implementation","012_africa_host_country_playbook_matrix.csv","","",""
"host_playbook","20","madagascar","full host dossier","accepted_full_playbook_pending_implementation","012_africa_host_country_playbook_matrix.csv","","",""
"host_playbook","21","south_africa","full host dossier","accepted_full_playbook_pending_implementation","012_africa_host_country_playbook_matrix.csv","","",""
"host_playbook","22","southern_rhodesia","full host dossier","accepted_full_playbook_pending_implementation","012_africa_host_country_playbook_matrix.csv","","",""
"host_playbook","23","portuguese_guinea","compact host signature","accepted_compact_playbook_pending_implementation","012_africa_host_country_playbook_matrix.csv","","",""
"host_playbook","24","cape_verde","compact host signature","accepted_compact_playbook_pending_implementation","012_africa_host_country_playbook_matrix.csv","","",""
"host_playbook","25","gambia","compact host signature","accepted_compact_playbook_pending_implementation","012_africa_host_country_playbook_matrix.csv","","",""
"host_playbook","26","cote_divoire","compact host signature","accepted_compact_playbook_pending_implementation","012_africa_host_country_playbook_matrix.csv","","",""
"host_playbook","27","dahomey","compact host signature","accepted_compact_playbook_pending_implementation","012_africa_host_country_playbook_matrix.csv","","",""
"host_playbook","28","togo","compact host signature","accepted_compact_playbook_pending_implementation","012_africa_host_country_playbook_matrix.csv","","",""
"host_playbook","29","french_sudan_mali","compact host signature","accepted_compact_playbook_pending_implementation","012_africa_host_country_playbook_matrix.csv","","",""
"host_playbook","30","mauritania","compact host signature","accepted_compact_playbook_pending_implementation","012_africa_host_country_playbook_matrix.csv","","",""
"host_playbook","31","niger","compact host signature","accepted_compact_playbook_pending_implementation","012_africa_host_country_playbook_matrix.csv","","",""
"host_playbook","32","upper_volta","compact host signature","accepted_compact_playbook_pending_implementation","012_africa_host_country_playbook_matrix.csv","","",""
"host_playbook","33","chad","compact host signature","accepted_compact_playbook_pending_implementation","012_africa_host_country_playbook_matrix.csv","","",""
"host_playbook","34","cameroon","compact host signature","accepted_compact_playbook_pending_implementation","012_africa_host_country_playbook_matrix.csv","","",""
"host_playbook","35","gabon","compact host signature","accepted_compact_playbook_pending_implementation","012_africa_host_country_playbook_matrix.csv","","",""
"host_playbook","36","equatorial_guinea","compact host signature","accepted_compact_playbook_pending_implementation","012_africa_host_country_playbook_matrix.csv","","",""
"host_playbook","37","sao_tome","compact host signature","accepted_compact_playbook_pending_implementation","012_africa_host_country_playbook_matrix.csv","","",""
"host_playbook","38","ruanda_urundi","compact host signature","accepted_compact_playbook_pending_implementation","012_africa_host_country_playbook_matrix.csv","","",""
"host_playbook","39","northern_rhodesia","compact host signature","accepted_compact_playbook_pending_implementation","012_africa_host_country_playbook_matrix.csv","","",""
"host_playbook","40","nyasaland","compact host signature","accepted_compact_playbook_pending_implementation","012_africa_host_country_playbook_matrix.csv","","",""
"host_playbook","41","mozambique","compact host signature","accepted_compact_playbook_pending_implementation","012_africa_host_country_playbook_matrix.csv","","",""
"host_playbook","42","bechuanaland","compact host signature","accepted_compact_playbook_pending_implementation","012_africa_host_country_playbook_matrix.csv","","",""
"host_playbook","43","basutoland","compact host signature","accepted_compact_playbook_pending_implementation","012_africa_host_country_playbook_matrix.csv","","",""
"host_playbook","44","swaziland","compact host signature","accepted_compact_playbook_pending_implementation","012_africa_host_country_playbook_matrix.csv","","",""
"host_playbook","45","eritrea","compact host signature","accepted_compact_playbook_pending_implementation","012_africa_host_country_playbook_matrix.csv","","",""
"host_playbook","46","djibouti","compact host signature","accepted_compact_playbook_pending_implementation","012_africa_host_country_playbook_matrix.csv","","",""
"host_playbook","47","zanzibar","compact host signature","accepted_compact_playbook_pending_implementation","012_africa_host_country_playbook_matrix.csv","","",""
"host_playbook","48","mauritius","compact host signature","accepted_compact_playbook_pending_implementation","012_africa_host_country_playbook_matrix.csv","","",""
"host_playbook","49","comoros","compact host signature","accepted_compact_playbook_pending_implementation","012_africa_host_country_playbook_matrix.csv","","",""
"host_playbook","50","seychelles","compact host signature","accepted_compact_playbook_pending_implementation","012_africa_host_country_playbook_matrix.csv","","",""
"host_playbook","51","reunion","compact host signature","accepted_compact_playbook_pending_implementation","012_africa_host_country_playbook_matrix.csv","","",""
"priority_member_package","1","asante","West Africa","accepted_mandatory_full_package_pending_implementation","012_africa_priority_member_package_matrix.csv","","",""
"priority_member_package","2","oyo","West Africa","accepted_mandatory_full_package_pending_implementation","012_africa_priority_member_package_matrix.csv","","",""
"priority_member_package","3","sokoto","Sahel and Northern Nigeria","accepted_mandatory_full_package_pending_implementation","012_africa_priority_member_package_matrix.csv","","",""
"priority_member_package","4","kanem_bornu","Lake Chad and Sahel","accepted_mandatory_full_package_pending_implementation","012_africa_priority_member_package_matrix.csv","","",""
"priority_member_package","5","manden","Upper Guinea and Niger","accepted_mandatory_full_package_pending_implementation","012_africa_priority_member_package_matrix.csv","","",""
"priority_member_package","6","kongo","Congo Basin and Atlantic","accepted_mandatory_full_package_pending_implementation","012_africa_priority_member_package_matrix.csv","","",""
"priority_member_package","7","buganda","Great Lakes and East Africa","accepted_mandatory_full_package_pending_implementation","012_africa_priority_member_package_matrix.csv","","",""
"priority_member_package","8","aksum","Horn and Red Sea","accepted_mandatory_full_package_pending_implementation","012_africa_priority_member_package_matrix.csv","","",""
"priority_member_package","9","harar","Horn","accepted_mandatory_full_package_pending_implementation","012_africa_priority_member_package_matrix.csv","","",""
"priority_member_package","10","kilwa","Swahili Coast and Indian Ocean","accepted_mandatory_full_package_pending_implementation","012_africa_priority_member_package_matrix.csv","","",""
"priority_member_package","11","nubia","Nile","accepted_mandatory_full_package_pending_implementation","012_africa_priority_member_package_matrix.csv","","",""
"priority_member_package","12","luba","Central Africa","accepted_mandatory_full_package_pending_implementation","012_africa_priority_member_package_matrix.csv","","",""
"priority_member_package","13","lunda","Central and Southern Africa","accepted_mandatory_full_package_pending_implementation","012_africa_priority_member_package_matrix.csv","","",""
"priority_member_package","14","great_zimbabwe","Southern Africa","accepted_mandatory_full_package_pending_implementation","012_africa_priority_member_package_matrix.csv","","",""
"priority_member_package","15","merina","Madagascar and Indian Ocean","accepted_mandatory_full_package_pending_implementation","012_africa_priority_member_package_matrix.csv","","",""
"priority_member_package","16","zulu","Southern Africa","accepted_mandatory_full_package_pending_implementation","012_africa_priority_member_package_matrix.csv","","",""
"achievement","1","africa_guardians_without_borders","Protection","accepted_pending_implementation","012_africa_achievement_matrix.csv","","",""
"achievement","2","africa_last_convoy_home","Protection","accepted_pending_implementation","012_africa_achievement_matrix.csv","","",""
"achievement","3","africa_no_empty_promises","Protection","accepted_pending_implementation","012_africa_achievement_matrix.csv","","",""
"achievement","4","africa_the_interveners_left","Protection","accepted_pending_implementation","012_africa_achievement_matrix.csv","","",""
"achievement","5","africa_archive_of_the_living_state","Protection","accepted_pending_implementation","012_africa_achievement_matrix.csv","","",""
"achievement","6","africa_twelve_empty_chairs_filled","League","accepted_pending_implementation","012_africa_achievement_matrix.csv","","",""
"achievement","7","africa_the_clause_is_the_country","League","accepted_pending_implementation","012_africa_achievement_matrix.csv","","",""
"achievement","8","africa_exit_without_war","League","accepted_pending_implementation","012_africa_achievement_matrix.csv","","",""
"achievement","9","africa_no_second_capital","League","accepted_pending_implementation","012_africa_achievement_matrix.csv","","",""
"achievement","10","africa_every_region_speaks","League","accepted_pending_implementation","012_africa_achievement_matrix.csv","","",""
"achievement","11","africa_confidence_is_contagious","League","accepted_pending_implementation","012_africa_achievement_matrix.csv","","",""
"achievement","12","africa_federation_by_consent","Constitutional","accepted_pending_implementation","012_africa_achievement_matrix.csv","","",""
"achievement","13","africa_republic_of_many_capitals","Constitutional","accepted_pending_implementation","012_africa_achievement_matrix.csv","","",""
"achievement","14","africa_crowns_at_one_table","Constitutional","accepted_pending_implementation","012_africa_achievement_matrix.csv","","",""
"achievement","15","africa_union_of_work_and_land","Constitutional","accepted_pending_implementation","012_africa_achievement_matrix.csv","","",""
"achievement","16","africa_order_without_partition","Constitutional","accepted_pending_implementation","012_africa_achievement_matrix.csv","","",""
"achievement","17","africa_confederation_that_endured","Constitutional","accepted_pending_implementation","012_africa_achievement_matrix.csv","","",""
"achievement","18","africa_covenant_with_the_impossible","Constitutional","accepted_pending_implementation","012_africa_achievement_matrix.csv","","",""
"achievement","19","africa_kings_of_the_savanna","Restoration","accepted_pending_implementation","012_africa_achievement_matrix.csv","","",""
"achievement","20","africa_nile_has_many_memories","Restoration","accepted_pending_implementation","012_africa_achievement_matrix.csv","","",""
"achievement","21","africa_ports_of_the_monsoon","Restoration","accepted_pending_implementation","012_africa_achievement_matrix.csv","","",""
"achievement","22","africa_walls_courts_and_caravans","Restoration","accepted_pending_implementation","012_africa_achievement_matrix.csv","","",""
"achievement","23","africa_the_old_gold_roads","Restoration","accepted_pending_implementation","012_africa_achievement_matrix.csv","","",""
"achievement","24","africa_member_who_said_no","Restoration","accepted_pending_implementation","012_africa_achievement_matrix.csv","","",""
"achievement","25","africa_return_without_compulsion","Diaspora","accepted_pending_implementation","012_africa_achievement_matrix.csv","","",""
"achievement","26","africa_tools_books_and_ballots","Diaspora","accepted_pending_implementation","012_africa_achievement_matrix.csv","","",""
"achievement","27","africa_four_oceans_homeward","Diaspora","accepted_pending_implementation","012_africa_achievement_matrix.csv","","",""
"achievement","28","africa_capital_without_capture","Diaspora","accepted_pending_implementation","012_africa_achievement_matrix.csv","","",""
"achievement","29","africa_rails_rivers_roads_and_ports","Economy","accepted_pending_implementation","012_africa_achievement_matrix.csv","","",""
"achievement","30","africa_ore_leaves_as_machines","Economy","accepted_pending_implementation","012_africa_achievement_matrix.csv","","",""
"achievement","31","africa_bread_before_banners","Economy","accepted_pending_implementation","012_africa_achievement_matrix.csv","","",""
"achievement","32","africa_development_without_overstretch","Economy","accepted_pending_implementation","012_africa_achievement_matrix.csv","","",""
"achievement","33","africa_common_reserve_answers","Military","accepted_pending_implementation","012_africa_achievement_matrix.csv","","",""
"achievement","34","africa_no_foreign_boot_remains","Military","accepted_pending_implementation","012_africa_achievement_matrix.csv","","",""
"achievement","35","africa_beasts_but_not_caricatures","Military","accepted_pending_implementation","012_africa_achievement_matrix.csv","","",""
"achievement","36","africa_elephants_crossed_the_desert","Military","accepted_pending_implementation","012_africa_achievement_matrix.csv","","",""
"achievement","37","africa_the_forest_kept_its_word","High chaos","accepted_pending_implementation","012_africa_achievement_matrix.csv","","",""
"achievement","38","africa_rain_on_command","High chaos","accepted_pending_implementation","012_africa_achievement_matrix.csv","","",""
"achievement","39","africa_disease_made_and_unmade","High chaos","accepted_pending_implementation","012_africa_achievement_matrix.csv","","",""
"achievement","40","africa_stone_walks_into_parliament","High chaos","accepted_pending_implementation","012_africa_achievement_matrix.csv","","",""
"achievement","41","africa_another_continent_stood_up","World order","accepted_pending_implementation","012_africa_achievement_matrix.csv","","",""
"achievement","42","africa_two_continents_one_name","World order","accepted_pending_implementation","012_africa_achievement_matrix.csv","","",""
"achievement","43","africa_war_between_worlds","World order","accepted_pending_implementation","012_africa_achievement_matrix.csv","","",""
"achievement","44","africa_the_world_is_one","World order","accepted_pending_implementation","012_africa_achievement_matrix.csv","","",""
"ai_profile","1","host_maghreb_sahara","Maghreb and Sahara host","accepted_pending_implementation","012_africa_ai_route_matrix.csv","","",""
"ai_profile","2","host_west_atlantic","West Atlantic host","accepted_pending_implementation","012_africa_ai_route_matrix.csv","","",""
"ai_profile","3","host_sahel_lake_chad","Sahel and Lake Chad host","accepted_pending_implementation","012_africa_ai_route_matrix.csv","","",""
"ai_profile","4","host_nile_horn","Nile and Horn host","accepted_pending_implementation","012_africa_ai_route_matrix.csv","","",""
"ai_profile","5","host_congo_basin","Congo Basin host","accepted_pending_implementation","012_africa_ai_route_matrix.csv","","",""
"ai_profile","6","host_great_lakes","Great Lakes host","accepted_pending_implementation","012_africa_ai_route_matrix.csv","","",""
"ai_profile","7","host_swahili_indian_ocean","Swahili and Indian Ocean host","accepted_pending_implementation","012_africa_ai_route_matrix.csv","","",""
"ai_profile","8","host_southern_africa","Southern African host","accepted_pending_implementation","012_africa_ai_route_matrix.csv","","",""
"ai_profile","9","host_madagascar_islands","Madagascar and island host","accepted_pending_implementation","012_africa_ai_route_matrix.csv","","",""
"ai_profile","10","route_charter_federalism","Event 12 host AI","accepted_pending_implementation","012_africa_ai_route_matrix.csv","","",""
"ai_profile","11","route_continental_republic","Event 12 host AI","accepted_pending_implementation","012_africa_ai_route_matrix.csv","","",""
"ai_profile","12","route_council_of_crowns","Event 12 host AI","accepted_pending_implementation","012_africa_ai_route_matrix.csv","","",""
"ai_profile","13","route_peoples_union","Event 12 host AI","accepted_pending_implementation","012_africa_ai_route_matrix.csv","","",""
"ai_profile","14","route_military_continentalism","Event 12 host AI","accepted_pending_implementation","012_africa_ai_route_matrix.csv","","",""
"ai_profile","15","route_continental_confederation","Event 12 host AI","accepted_pending_implementation","012_africa_ai_route_matrix.csv","","",""
"ai_profile","16","route_high_chaos_covenant","Event 12 host AI","accepted_pending_implementation","012_africa_ai_route_matrix.csv","","",""
"ai_profile","17","member_outside_threatened","Outside threatened African state","accepted_pending_implementation","012_africa_ai_route_matrix.csv","","",""
"ai_profile","18","member_outside_strong","Strong independent African state","accepted_pending_implementation","012_africa_ai_route_matrix.csv","","",""
"ai_profile","19","member_protected_partner","Protected partner","accepted_pending_implementation","012_africa_ai_route_matrix.csv","","",""
"ai_profile","20","member_associate_member","Associate member","accepted_pending_implementation","012_africa_ai_route_matrix.csv","","",""
"ai_profile","21","member_chartered_member","Chartered member","accepted_pending_implementation","012_africa_ai_route_matrix.csv","","",""
"ai_profile","22","member_federal_member","Autonomous federal member","accepted_pending_implementation","012_africa_ai_route_matrix.csv","","",""
"ai_profile","23","member_resistant_member","Resistant or leaving member","accepted_pending_implementation","012_africa_ai_route_matrix.csv","","",""
"ai_profile","24","member_rival_bloc_leader","Rival African bloc leader","accepted_pending_implementation","012_africa_ai_route_matrix.csv","","",""
"ai_profile","25","power_negotiated_withdrawal","Colonial or great power","accepted_pending_implementation","012_africa_ai_route_matrix.csv","","",""
"ai_profile","26","power_containment_sanctions","Colonial or great power","accepted_pending_implementation","012_africa_ai_route_matrix.csv","","",""
"ai_profile","27","power_expedition_coalition","Colonial or great power","accepted_pending_implementation","012_africa_ai_route_matrix.csv","","",""
"ai_profile","28","power_recognition_partner","Non-colonial or anti-colonial major","accepted_pending_implementation","012_africa_ai_route_matrix.csv","","",""
"ai_profile","29","power_opportunist_patron","External opportunist power","accepted_pending_implementation","012_africa_ai_route_matrix.csv","","",""
"ai_profile","30","chaos_pan","Pan nation","accepted_pending_implementation","012_africa_ai_route_matrix.csv","","",""
"ai_profile","31","chaos_gorilla","Gorilla Kingdom","accepted_pending_implementation","012_africa_ai_route_matrix.csv","","",""
"ai_profile","32","chaos_green","The Green","accepted_pending_implementation","012_africa_ai_route_matrix.csv","","",""
"ai_profile","33","chaos_stoneborn","Stoneborn","accepted_pending_implementation","012_africa_ai_route_matrix.csv","","",""
"ai_profile","34","chaos_rain_drought","Rain or Drought prophet state","accepted_pending_implementation","012_africa_ai_route_matrix.csv","","",""
"ai_profile","35","chaos_disease_cult","Disease or plague cult actor","accepted_pending_implementation","012_africa_ai_route_matrix.csv","","",""
"ai_profile","36","world_middle_east","Middle East continent movement","accepted_pending_implementation","012_africa_ai_route_matrix.csv","","",""
"ai_profile","37","world_europe","Europe continent movement","accepted_pending_implementation","012_africa_ai_route_matrix.csv","","",""
"ai_profile","38","world_asia","Asia continent movement","accepted_pending_implementation","012_africa_ai_route_matrix.csv","","",""
"ai_profile","39","world_north_america","North America continent movement","accepted_pending_implementation","012_africa_ai_route_matrix.csv","","",""
"ai_profile","40","world_south_america","South America continent movement","accepted_pending_implementation","012_africa_ai_route_matrix.csv","","",""
"ai_profile","41","world_oceania","Oceania continent movement","accepted_pending_implementation","012_africa_ai_route_matrix.csv","","",""
"ai_profile","42","world_africa_world","Unified Africa","accepted_pending_implementation","012_africa_ai_route_matrix.csv","","",""
"ai_profile","43","host_ethiopia_specific","Ethiopia","accepted_pending_implementation","012_africa_ai_route_matrix.csv","","",""
"ai_profile","44","host_egypt_specific","Egypt","accepted_pending_implementation","012_africa_ai_route_matrix.csv","","",""
"ai_profile","45","host_sudan_specific","Sudan","accepted_pending_implementation","012_africa_ai_route_matrix.csv","","",""
"ai_profile","46","host_morocco_specific","Morocco","accepted_pending_implementation","012_africa_ai_route_matrix.csv","","",""
"ai_profile","47","host_algeria_specific","Algeria","accepted_pending_implementation","012_africa_ai_route_matrix.csv","","",""
"ai_profile","48","host_tunisia_specific","Tunisia","accepted_pending_implementation","012_africa_ai_route_matrix.csv","","",""
"ai_profile","49","host_libya_specific","Libya","accepted_pending_implementation","012_africa_ai_route_matrix.csv","","",""
"ai_profile","50","host_liberia_specific","Liberia","accepted_pending_implementation","012_africa_ai_route_matrix.csv","","",""
"ai_profile","51","host_nigeria_specific","Nigeria","accepted_pending_implementation","012_africa_ai_route_matrix.csv","","",""
"ai_profile","52","host_gold_coast_specific","Gold Coast","accepted_pending_implementation","012_africa_ai_route_matrix.csv","","",""
"ai_profile","53","host_senegal_fwa_specific","Senegal and French West Africa","accepted_pending_implementation","012_africa_ai_route_matrix.csv","","",""
"ai_profile","54","host_sierra_leone_specific","Sierra Leone","accepted_pending_implementation","012_africa_ai_route_matrix.csv","","",""
"ai_profile","55","host_belgian_congo_specific","Belgian Congo","accepted_pending_implementation","012_africa_ai_route_matrix.csv","","",""
"ai_profile","56","host_angola_specific","Angola","accepted_pending_implementation","012_africa_ai_route_matrix.csv","","",""
"ai_profile","57","host_french_equatorial_africa_specific","French Equatorial Africa and Congo-Brazzaville","accepted_pending_implementation","012_africa_ai_route_matrix.csv","","",""
"ai_profile","58","host_kenya_specific","Kenya","accepted_pending_implementation","012_africa_ai_route_matrix.csv","","",""
"ai_profile","59","host_uganda_specific","Uganda","accepted_pending_implementation","012_africa_ai_route_matrix.csv","","",""
"ai_profile","60","host_tanganyika_specific","Tanganyika","accepted_pending_implementation","012_africa_ai_route_matrix.csv","","",""
"ai_profile","61","host_somali_specific","Somali territories","accepted_pending_implementation","012_africa_ai_route_matrix.csv","","",""
"ai_profile","62","host_madagascar_specific","Madagascar","accepted_pending_implementation","012_africa_ai_route_matrix.csv","","",""
"ai_profile","63","host_south_africa_specific","South Africa","accepted_pending_implementation","012_africa_ai_route_matrix.csv","","",""
"ai_profile","64","host_southern_rhodesia_specific","Southern Rhodesia","accepted_pending_implementation","012_africa_ai_route_matrix.csv","","",""
"polity_candidate","1","numidia","B | grounded candidate","accepted_controlled_pool_pending_disposition","012_africa_polity_catalog.csv","","",""
"polity_candidate","2","mauretania","B | grounded candidate","accepted_controlled_pool_pending_disposition","012_africa_polity_catalog.csv","","",""
"polity_candidate","3","carthage","C | grounded candidate","accepted_controlled_pool_pending_disposition","012_africa_polity_catalog.csv","","",""
"polity_candidate","4","garamantes","A | grounded candidate","accepted_controlled_pool_pending_disposition","012_africa_polity_catalog.csv","","",""
"polity_candidate","5","fezzan","B | grounded candidate","accepted_controlled_pool_pending_disposition","012_africa_polity_catalog.csv","","",""
"polity_candidate","6","tuat","C | grounded candidate","accepted_controlled_pool_pending_disposition","012_africa_polity_catalog.csv","","",""
"polity_candidate","7","sijilmasa","B | grounded candidate","accepted_controlled_pool_pending_disposition","012_africa_polity_catalog.csv","","",""
"polity_candidate","8","tlemcen","B | grounded candidate","accepted_controlled_pool_pending_disposition","012_africa_polity_catalog.csv","","",""
"polity_candidate","9","hafsid","B | grounded candidate","accepted_controlled_pool_pending_disposition","012_africa_polity_catalog.csv","","",""
"polity_candidate","10","idrisid","C | grounded candidate","accepted_controlled_pool_pending_disposition","012_africa_polity_catalog.csv","","",""
"polity_candidate","11","rustamid","C | grounded candidate","accepted_controlled_pool_pending_disposition","012_africa_polity_catalog.csv","","",""
"polity_candidate","12","ahaggar","B | grounded candidate","accepted_controlled_pool_pending_disposition","012_africa_polity_catalog.csv","","",""
"polity_candidate","13","air","B | grounded candidate","accepted_controlled_pool_pending_disposition","012_africa_polity_catalog.csv","","",""
"polity_candidate","14","adrar_ifoghas","C | grounded candidate","accepted_controlled_pool_pending_disposition","012_africa_polity_catalog.csv","","",""
"polity_candidate","15","kanem","B | grounded candidate","accepted_controlled_pool_pending_disposition","012_africa_polity_catalog.csv","","",""
"polity_candidate","16","kanem_bornu","A | grounded candidate","accepted_controlled_pool_pending_disposition","012_africa_polity_catalog.csv","","",""
"polity_candidate","17","bornu","B | grounded candidate","accepted_controlled_pool_pending_disposition","012_africa_polity_catalog.csv","","",""
"polity_candidate","18","sao","B | grounded candidate","accepted_controlled_pool_pending_disposition","012_africa_polity_catalog.csv","","",""
"polity_candidate","19","baguirmi","B | grounded candidate","accepted_controlled_pool_pending_disposition","012_africa_polity_catalog.csv","","",""
"polity_candidate","20","wadai","B | grounded candidate","accepted_controlled_pool_pending_disposition","012_africa_polity_catalog.csv","","",""
"polity_candidate","21","darfur","B | grounded candidate","accepted_controlled_pool_pending_disposition","012_africa_polity_catalog.csv","","",""
"polity_candidate","22","wagadu","B | grounded candidate","accepted_controlled_pool_pending_disposition","012_africa_polity_catalog.csv","","",""
"polity_candidate","23","manden","A | grounded candidate","accepted_controlled_pool_pending_disposition","012_africa_polity_catalog.csv","","",""
"polity_candidate","24","mali","B | grounded candidate","accepted_controlled_pool_pending_disposition","012_africa_polity_catalog.csv","","",""
"polity_candidate","25","songhai","A | grounded candidate","accepted_controlled_pool_pending_disposition","012_africa_polity_catalog.csv","","",""
"polity_candidate","26","gao","C | grounded candidate","accepted_controlled_pool_pending_disposition","012_africa_polity_catalog.csv","","",""
"polity_candidate","27","timbuktu","C | grounded candidate","accepted_controlled_pool_pending_disposition","012_africa_polity_catalog.csv","","",""
"polity_candidate","28","jenne","C | grounded candidate","accepted_controlled_pool_pending_disposition","012_africa_polity_catalog.csv","","",""
"polity_candidate","29","mossi","A | grounded candidate","accepted_controlled_pool_pending_disposition","012_africa_polity_catalog.csv","","",""
"polity_candidate","30","yatenga","B | grounded candidate","accepted_controlled_pool_pending_disposition","012_africa_polity_catalog.csv","","",""
"polity_candidate","31","ouagadougou","B | grounded candidate","accepted_controlled_pool_pending_disposition","012_africa_polity_catalog.csv","","",""
"polity_candidate","32","gurma","B | grounded candidate","accepted_controlled_pool_pending_disposition","012_africa_polity_catalog.csv","","",""
"polity_candidate","33","dagbon","B | grounded candidate","accepted_controlled_pool_pending_disposition","012_africa_polity_catalog.csv","","",""
"polity_candidate","34","mamprusi","C | grounded candidate","accepted_controlled_pool_pending_disposition","012_africa_polity_catalog.csv","","",""
"polity_candidate","35","gonja","B | grounded candidate","accepted_controlled_pool_pending_disposition","012_africa_polity_catalog.csv","","",""
"polity_candidate","36","bono","B | grounded candidate","accepted_controlled_pool_pending_disposition","012_africa_polity_catalog.csv","","",""
"polity_candidate","37","denkyira","C | grounded candidate","accepted_controlled_pool_pending_disposition","012_africa_polity_catalog.csv","","",""
"polity_candidate","38","akwamu","C | grounded candidate","accepted_controlled_pool_pending_disposition","012_africa_polity_catalog.csv","","",""
"polity_candidate","39","asante","A | grounded candidate","accepted_controlled_pool_pending_disposition","012_africa_polity_catalog.csv","","",""
"polity_candidate","40","fante","B | grounded candidate","accepted_controlled_pool_pending_disposition","012_africa_polity_catalog.csv","","",""
"polity_candidate","41","akyem","C | grounded candidate","accepted_controlled_pool_pending_disposition","012_africa_polity_catalog.csv","","",""
"polity_candidate","42","baoule","C | grounded candidate","accepted_controlled_pool_pending_disposition","012_africa_polity_catalog.csv","","",""
"polity_candidate","43","jolof","B | grounded candidate","accepted_controlled_pool_pending_disposition","012_africa_polity_catalog.csv","","",""
"polity_candidate","44","waalo","C | grounded candidate","accepted_controlled_pool_pending_disposition","012_africa_polity_catalog.csv","","",""
"polity_candidate","45","cayor","B | grounded candidate","accepted_controlled_pool_pending_disposition","012_africa_polity_catalog.csv","","",""
"polity_candidate","46","baol","C | grounded candidate","accepted_controlled_pool_pending_disposition","012_africa_polity_catalog.csv","","",""
"polity_candidate","47","sine","C | grounded candidate","accepted_controlled_pool_pending_disposition","012_africa_polity_catalog.csv","","",""
"polity_candidate","48","saloum","C | grounded candidate","accepted_controlled_pool_pending_disposition","012_africa_polity_catalog.csv","","",""
"polity_candidate","49","tekrur","B | grounded candidate","accepted_controlled_pool_pending_disposition","012_africa_polity_catalog.csv","","",""
"polity_candidate","50","futa_toro","A | grounded candidate","accepted_controlled_pool_pending_disposition","012_africa_polity_catalog.csv","","",""
"polity_candidate","51","futa_jallon","A | grounded candidate","accepted_controlled_pool_pending_disposition","012_africa_polity_catalog.csv","","",""
"polity_candidate","52","massina","B | grounded candidate","accepted_controlled_pool_pending_disposition","012_africa_polity_catalog.csv","","",""
"polity_candidate","53","kaabu","B | grounded candidate","accepted_controlled_pool_pending_disposition","012_africa_polity_catalog.csv","","",""
"polity_candidate","54","koya","C | grounded candidate","accepted_controlled_pool_pending_disposition","012_africa_polity_catalog.csv","","",""
"polity_candidate","55","kabu","C | grounded candidate","accepted_controlled_pool_pending_disposition","012_africa_polity_catalog.csv","","",""
"polity_candidate","56","oyo","A | grounded candidate","accepted_controlled_pool_pending_disposition","012_africa_polity_catalog.csv","","",""
"polity_candidate","57","ife","A | grounded candidate","accepted_controlled_pool_pending_disposition","012_africa_polity_catalog.csv","","",""
"polity_candidate","58","ijebu","B | grounded candidate","accepted_controlled_pool_pending_disposition","012_africa_polity_catalog.csv","","",""
"polity_candidate","59","owo","B | grounded candidate","accepted_controlled_pool_pending_disposition","012_africa_polity_catalog.csv","","",""
"polity_candidate","60","egba","B | grounded candidate","accepted_controlled_pool_pending_disposition","012_africa_polity_catalog.csv","","",""
"polity_candidate","61","ijesha","C | grounded candidate","accepted_controlled_pool_pending_disposition","012_africa_polity_catalog.csv","","",""
"polity_candidate","62","ondo","C | grounded candidate","accepted_controlled_pool_pending_disposition","012_africa_polity_catalog.csv","","",""
"polity_candidate","63","edoland","A | grounded candidate","accepted_controlled_pool_pending_disposition","012_africa_polity_catalog.csv","","",""
"polity_candidate","64","dahomey","A | grounded candidate","accepted_controlled_pool_pending_disposition","012_africa_polity_catalog.csv","","",""
"polity_candidate","65","allada","C | grounded candidate","accepted_controlled_pool_pending_disposition","012_africa_polity_catalog.csv","","",""
"polity_candidate","66","ouidah","C | grounded candidate","accepted_controlled_pool_pending_disposition","012_africa_polity_catalog.csv","","",""
"polity_candidate","67","porto_novo","C | grounded candidate","accepted_controlled_pool_pending_disposition","012_africa_polity_catalog.csv","","",""
"polity_candidate","68","nupe","B | grounded candidate","accepted_controlled_pool_pending_disposition","012_africa_polity_catalog.csv","","",""
"polity_candidate","69","borgu","B | grounded candidate","accepted_controlled_pool_pending_disposition","012_africa_polity_catalog.csv","","",""
"polity_candidate","70","nikki","C | grounded candidate","accepted_controlled_pool_pending_disposition","012_africa_polity_catalog.csv","","",""
"polity_candidate","71","sokoto","A | grounded candidate","accepted_controlled_pool_pending_disposition","012_africa_polity_catalog.csv","","",""
"polity_candidate","72","gwandu","B | grounded candidate","accepted_controlled_pool_pending_disposition","012_africa_polity_catalog.csv","","",""
"polity_candidate","73","kano","B | grounded candidate","accepted_controlled_pool_pending_disposition","012_africa_polity_catalog.csv","","",""
"polity_candidate","74","katsina","B | grounded candidate","accepted_controlled_pool_pending_disposition","012_africa_polity_catalog.csv","","",""
"polity_candidate","75","zazzau","B | grounded candidate","accepted_controlled_pool_pending_disposition","012_africa_polity_catalog.csv","","",""
"polity_candidate","76","gobir","C | grounded candidate","accepted_controlled_pool_pending_disposition","012_africa_polity_catalog.csv","","",""
"polity_candidate","77","kebbi","C | grounded candidate","accepted_controlled_pool_pending_disposition","012_africa_polity_catalog.csv","","",""
"polity_candidate","78","daura","C | grounded candidate","accepted_controlled_pool_pending_disposition","012_africa_polity_catalog.csv","","",""
"polity_candidate","79","kwararafa","B | grounded candidate","accepted_controlled_pool_pending_disposition","012_africa_polity_catalog.csv","","",""
"polity_candidate","80","jukunu","C | grounded candidate","accepted_controlled_pool_pending_disposition","012_africa_polity_catalog.csv","","",""
"polity_candidate","81","adamawa","B | grounded candidate","accepted_controlled_pool_pending_disposition","012_africa_polity_catalog.csv","","",""
"polity_candidate","82","bamum","A | grounded candidate","accepted_controlled_pool_pending_disposition","012_africa_polity_catalog.csv","","",""
"polity_candidate","83","bamileke","B | grounded candidate","accepted_controlled_pool_pending_disposition","012_africa_polity_catalog.csv","","",""
"polity_candidate","84","mandara","B | grounded candidate","accepted_controlled_pool_pending_disposition","012_africa_polity_catalog.csv","","",""
"polity_candidate","85","kongo","A | grounded candidate","accepted_controlled_pool_pending_disposition","012_africa_polity_catalog.csv","","",""
"polity_candidate","86","loango","B | grounded candidate","accepted_controlled_pool_pending_disposition","012_africa_polity_catalog.csv","","",""
"polity_candidate","87","kakongo","C | grounded candidate","accepted_controlled_pool_pending_disposition","012_africa_polity_catalog.csv","","",""
"polity_candidate","88","ngoyo","C | grounded candidate","accepted_controlled_pool_pending_disposition","012_africa_polity_catalog.csv","","",""
"polity_candidate","89","ndongo","A | grounded candidate","accepted_controlled_pool_pending_disposition","012_africa_polity_catalog.csv","","",""
"polity_candidate","90","matamba","A | grounded candidate","accepted_controlled_pool_pending_disposition","012_africa_polity_catalog.csv","","",""
"polity_candidate","91","kasanje","B | grounded candidate","accepted_controlled_pool_pending_disposition","012_africa_polity_catalog.csv","","",""
"polity_candidate","92","luba","A | grounded candidate","accepted_controlled_pool_pending_disposition","012_africa_polity_catalog.csv","","",""
"polity_candidate","93","lunda","A | grounded candidate","accepted_controlled_pool_pending_disposition","012_africa_polity_catalog.csv","","",""
"polity_candidate","94","kazembe","A | grounded candidate","accepted_controlled_pool_pending_disposition","012_africa_polity_catalog.csv","","",""
"polity_candidate","95","kuba","A | grounded candidate","accepted_controlled_pool_pending_disposition","012_africa_polity_catalog.csv","","",""
"polity_candidate","96","yeke","B | grounded candidate","accepted_controlled_pool_pending_disposition","012_africa_polity_catalog.csv","","",""
"polity_candidate","97","chokwe","B | grounded candidate","accepted_controlled_pool_pending_disposition","012_africa_polity_catalog.csv","","",""
"polity_candidate","98","mbunda","C | grounded candidate","accepted_controlled_pool_pending_disposition","012_africa_polity_catalog.csv","","",""
"polity_candidate","99","ovimbundu_bailundu","B | grounded candidate","accepted_controlled_pool_pending_disposition","012_africa_polity_catalog.csv","","",""
"polity_candidate","100","ovimbundu_bie","B | grounded candidate","accepted_controlled_pool_pending_disposition","012_africa_polity_catalog.csv","","",""
"polity_candidate","101","teke","B | grounded candidate","accepted_controlled_pool_pending_disposition","012_africa_polity_catalog.csv","","",""
"polity_candidate","102","yaka","C | grounded candidate","accepted_controlled_pool_pending_disposition","012_africa_polity_catalog.csv","","",""
"polity_candidate","103","pende","C | grounded candidate","accepted_controlled_pool_pending_disposition","012_africa_polity_catalog.csv","","",""
"polity_candidate","104","songye","C | grounded candidate","accepted_controlled_pool_pending_disposition","012_africa_polity_catalog.csv","","",""
"polity_candidate","105","azande","B | grounded candidate","accepted_controlled_pool_pending_disposition","012_africa_polity_catalog.csv","","",""
"polity_candidate","106","mangbetu","B | grounded candidate","accepted_controlled_pool_pending_disposition","012_africa_polity_catalog.csv","","",""
"polity_candidate","107","kush","A | grounded candidate","accepted_controlled_pool_pending_disposition","012_africa_polity_catalog.csv","","",""
"polity_candidate","108","meroe","B | grounded candidate","accepted_controlled_pool_pending_disposition","012_africa_polity_catalog.csv","","",""
"polity_candidate","109","nobatia","C | grounded candidate","accepted_controlled_pool_pending_disposition","012_africa_polity_catalog.csv","","",""
"polity_candidate","110","makuria","A | grounded candidate","accepted_controlled_pool_pending_disposition","012_africa_polity_catalog.csv","","",""
"polity_candidate","111","alodia","A | grounded candidate","accepted_controlled_pool_pending_disposition","012_africa_polity_catalog.csv","","",""
"polity_candidate","112","nubia","A | grounded candidate","accepted_controlled_pool_pending_disposition","012_africa_polity_catalog.csv","","",""
"polity_candidate","113","funj","B | grounded candidate","accepted_controlled_pool_pending_disposition","012_africa_polity_catalog.csv","","",""
"polity_candidate","114","shilluk","B | grounded candidate","accepted_controlled_pool_pending_disposition","012_africa_polity_catalog.csv","","",""
"polity_candidate","115","aksum","A | grounded candidate","accepted_controlled_pool_pending_disposition","012_africa_polity_catalog.csv","","",""
"polity_candidate","116","zagwe","B | grounded candidate","accepted_controlled_pool_pending_disposition","012_africa_polity_catalog.csv","","",""
"polity_candidate","117","damot","C | grounded candidate","accepted_controlled_pool_pending_disposition","012_africa_polity_catalog.csv","","",""
"polity_candidate","118","kaffa","B | grounded candidate","accepted_controlled_pool_pending_disposition","012_africa_polity_catalog.csv","","",""
"polity_candidate","119","jimma","B | grounded candidate","accepted_controlled_pool_pending_disposition","012_africa_polity_catalog.csv","","",""
"polity_candidate","120","limmu_enarea","C | grounded candidate","accepted_controlled_pool_pending_disposition","012_africa_polity_catalog.csv","","",""
"polity_candidate","121","gomma","C | grounded candidate","accepted_controlled_pool_pending_disposition","012_africa_polity_catalog.csv","","",""
"polity_candidate","122","gera","C | grounded candidate","accepted_controlled_pool_pending_disposition","012_africa_polity_catalog.csv","","",""
"polity_candidate","123","gumma","C | grounded candidate","accepted_controlled_pool_pending_disposition","012_africa_polity_catalog.csv","","",""
"polity_candidate","124","janjero","C | grounded candidate","accepted_controlled_pool_pending_disposition","012_africa_polity_catalog.csv","","",""
"polity_candidate","125","harar","A | grounded candidate","accepted_controlled_pool_pending_disposition","012_africa_polity_catalog.csv","","",""
"polity_candidate","126","adal","A | grounded candidate","accepted_controlled_pool_pending_disposition","012_africa_polity_catalog.csv","","",""
"polity_candidate","127","ifat","B | grounded candidate","accepted_controlled_pool_pending_disposition","012_africa_polity_catalog.csv","","",""
"polity_candidate","128","ajuran","A | grounded candidate","accepted_controlled_pool_pending_disposition","012_africa_polity_catalog.csv","","",""
"polity_candidate","129","geledi","B | grounded candidate","accepted_controlled_pool_pending_disposition","012_africa_polity_catalog.csv","","",""
"polity_candidate","130","majeerteen","B | grounded candidate","accepted_controlled_pool_pending_disposition","012_africa_polity_catalog.csv","","",""
"polity_candidate","131","hobyo","B | grounded candidate","accepted_controlled_pool_pending_disposition","012_africa_polity_catalog.csv","","",""
"polity_candidate","132","warsangali","C | grounded candidate","accepted_controlled_pool_pending_disposition","012_africa_polity_catalog.csv","","",""
"polity_candidate","133","medri_bahri","B | grounded candidate","accepted_controlled_pool_pending_disposition","012_africa_polity_catalog.csv","","",""
"polity_candidate","134","beja","B | grounded candidate","accepted_controlled_pool_pending_disposition","012_africa_polity_catalog.csv","","",""
"polity_candidate","135","buganda","A | grounded candidate","accepted_controlled_pool_pending_disposition","012_africa_polity_catalog.csv","","",""
"polity_candidate","136","bunyoro","A | grounded candidate","accepted_controlled_pool_pending_disposition","012_africa_polity_catalog.csv","","",""
"polity_candidate","137","ankole","B | grounded candidate","accepted_controlled_pool_pending_disposition","012_africa_polity_catalog.csv","","",""
"polity_candidate","138","toro","B | grounded candidate","accepted_controlled_pool_pending_disposition","012_africa_polity_catalog.csv","","",""
"polity_candidate","139","busoga","B | grounded candidate","accepted_controlled_pool_pending_disposition","012_africa_polity_catalog.csv","","",""
"polity_candidate","140","rwanda","A | grounded candidate","accepted_controlled_pool_pending_disposition","012_africa_polity_catalog.csv","","",""
"polity_candidate","141","burundi","A | grounded candidate","accepted_controlled_pool_pending_disposition","012_africa_polity_catalog.csv","","",""
"polity_candidate","142","karagwe","B | grounded candidate","accepted_controlled_pool_pending_disposition","012_africa_polity_catalog.csv","","",""
"polity_candidate","143","kiziba","C | grounded candidate","accepted_controlled_pool_pending_disposition","012_africa_polity_catalog.csv","","",""
"polity_candidate","144","nyamwezi","B | grounded candidate","accepted_controlled_pool_pending_disposition","012_africa_polity_catalog.csv","","",""
"polity_candidate","145","hehe","B | grounded candidate","accepted_controlled_pool_pending_disposition","012_africa_polity_catalog.csv","","",""
"polity_candidate","146","nyakyusa","C | grounded candidate","accepted_controlled_pool_pending_disposition","012_africa_polity_catalog.csv","","",""
"polity_candidate","147","masai","B | grounded candidate","accepted_controlled_pool_pending_disposition","012_africa_polity_catalog.csv","","",""
"polity_candidate","148","chagga","C | grounded candidate","accepted_controlled_pool_pending_disposition","012_africa_polity_catalog.csv","","",""
"polity_candidate","149","kilwa","A | grounded candidate","accepted_controlled_pool_pending_disposition","012_africa_polity_catalog.csv","","",""
"polity_candidate","150","zanzibar","A | grounded candidate","accepted_controlled_pool_pending_disposition","012_africa_polity_catalog.csv","","",""
"polity_candidate","151","mombasa","B | grounded candidate","accepted_controlled_pool_pending_disposition","012_africa_polity_catalog.csv","","",""
"polity_candidate","152","malindi","B | grounded candidate","accepted_controlled_pool_pending_disposition","012_africa_polity_catalog.csv","","",""
"polity_candidate","153","lamu","B | grounded candidate","accepted_controlled_pool_pending_disposition","012_africa_polity_catalog.csv","","",""
"polity_candidate","154","pate","B | grounded candidate","accepted_controlled_pool_pending_disposition","012_africa_polity_catalog.csv","","",""
"polity_candidate","155","brava","B | grounded candidate","accepted_controlled_pool_pending_disposition","012_africa_polity_catalog.csv","","",""
"polity_candidate","156","mogadishu","B | grounded candidate","accepted_controlled_pool_pending_disposition","012_africa_polity_catalog.csv","","",""
"polity_candidate","157","merca","C | grounded candidate","accepted_controlled_pool_pending_disposition","012_africa_polity_catalog.csv","","",""
"polity_candidate","158","sofala","B | grounded candidate","accepted_controlled_pool_pending_disposition","012_africa_polity_catalog.csv","","",""
"polity_candidate","159","tumbatu","C | grounded candidate","accepted_controlled_pool_pending_disposition","012_africa_polity_catalog.csv","","",""
"polity_candidate","160","pemba","C | grounded candidate","accepted_controlled_pool_pending_disposition","012_africa_polity_catalog.csv","","",""
"polity_candidate","161","mafia","C | grounded candidate","accepted_controlled_pool_pending_disposition","012_africa_polity_catalog.csv","","",""
"polity_candidate","162","comoros","A | grounded candidate","accepted_controlled_pool_pending_disposition","012_africa_polity_catalog.csv","","",""
"polity_candidate","163","ngazidja","B | grounded candidate","accepted_controlled_pool_pending_disposition","012_africa_polity_catalog.csv","","",""
"polity_candidate","164","ndzuwani","B | grounded candidate","accepted_controlled_pool_pending_disposition","012_africa_polity_catalog.csv","","",""
"polity_candidate","165","mwali","C | grounded candidate","accepted_controlled_pool_pending_disposition","012_africa_polity_catalog.csv","","",""
"polity_candidate","166","maore","C | grounded candidate","accepted_controlled_pool_pending_disposition","012_africa_polity_catalog.csv","","",""
"polity_candidate","167","mapungubwe","B | grounded candidate","accepted_controlled_pool_pending_disposition","012_africa_polity_catalog.csv","","",""
"polity_candidate","168","great_zimbabwe","A | grounded candidate","accepted_controlled_pool_pending_disposition","012_africa_polity_catalog.csv","","",""
"polity_candidate","169","torwa","B | grounded candidate","accepted_controlled_pool_pending_disposition","012_africa_polity_catalog.csv","","",""
"polity_candidate","170","mutapa","A | grounded candidate","accepted_controlled_pool_pending_disposition","012_africa_polity_catalog.csv","","",""
"polity_candidate","171","rozwi","A | grounded candidate","accepted_controlled_pool_pending_disposition","012_africa_polity_catalog.csv","","",""
"polity_candidate","172","butua","C | grounded candidate","accepted_controlled_pool_pending_disposition","012_africa_polity_catalog.csv","","",""
"polity_candidate","173","mthwakazi","A | grounded candidate","accepted_controlled_pool_pending_disposition","012_africa_polity_catalog.csv","","",""
"polity_candidate","174","zulu","A | grounded candidate","accepted_controlled_pool_pending_disposition","012_africa_polity_catalog.csv","","",""
"polity_candidate","175","ndwandwe","B | grounded candidate","accepted_controlled_pool_pending_disposition","012_africa_polity_catalog.csv","","",""
"polity_candidate","176","swazi","A | grounded candidate","accepted_controlled_pool_pending_disposition","012_africa_polity_catalog.csv","","",""
"polity_candidate","177","xhosa","B | grounded candidate","accepted_controlled_pool_pending_disposition","012_africa_polity_catalog.csv","","",""
"polity_candidate","178","thembu","C | grounded candidate","accepted_controlled_pool_pending_disposition","012_africa_polity_catalog.csv","","",""
"polity_candidate","179","mpondo","C | grounded candidate","accepted_controlled_pool_pending_disposition","012_africa_polity_catalog.csv","","",""
"polity_candidate","180","basotho","A | grounded candidate","accepted_controlled_pool_pending_disposition","012_africa_polity_catalog.csv","","",""
"polity_candidate","181","pedi","B | grounded candidate","accepted_controlled_pool_pending_disposition","012_africa_polity_catalog.csv","","",""
"polity_candidate","182","tswana","B | grounded candidate","accepted_controlled_pool_pending_disposition","012_africa_polity_catalog.csv","","",""
"polity_candidate","183","bangwato","B | grounded candidate","accepted_controlled_pool_pending_disposition","012_africa_polity_catalog.csv","","",""
"polity_candidate","184","bakwena","C | grounded candidate","accepted_controlled_pool_pending_disposition","012_africa_polity_catalog.csv","","",""
"polity_candidate","185","batawana","C | grounded candidate","accepted_controlled_pool_pending_disposition","012_africa_polity_catalog.csv","","",""
"polity_candidate","186","barotse","A | grounded candidate","accepted_controlled_pool_pending_disposition","012_africa_polity_catalog.csv","","",""
"polity_candidate","187","kololo","C | grounded candidate","accepted_controlled_pool_pending_disposition","012_africa_polity_catalog.csv","","",""
"polity_candidate","188","maravi","B | grounded candidate","accepted_controlled_pool_pending_disposition","012_africa_polity_catalog.csv","","",""
"polity_candidate","189","yao","B | grounded candidate","accepted_controlled_pool_pending_disposition","012_africa_polity_catalog.csv","","",""
"polity_candidate","190","gaza","B | grounded candidate","accepted_controlled_pool_pending_disposition","012_africa_polity_catalog.csv","","",""
"polity_candidate","191","nama","B | grounded candidate","accepted_controlled_pool_pending_disposition","012_africa_polity_catalog.csv","","",""
"polity_candidate","192","herero","B | grounded candidate","accepted_controlled_pool_pending_disposition","012_africa_polity_catalog.csv","","",""
"polity_candidate","193","ondonga","B | grounded candidate","accepted_controlled_pool_pending_disposition","012_africa_polity_catalog.csv","","",""
"polity_candidate","194","uukwanyama","B | grounded candidate","accepted_controlled_pool_pending_disposition","012_africa_polity_catalog.csv","","",""
"polity_candidate","195","griqua","C | grounded candidate","accepted_controlled_pool_pending_disposition","012_africa_polity_catalog.csv","","",""
"polity_candidate","196","merina","A | grounded candidate","accepted_controlled_pool_pending_disposition","012_africa_polity_catalog.csv","","",""
"polity_candidate","197","betsimisaraka","B | grounded candidate","accepted_controlled_pool_pending_disposition","012_africa_polity_catalog.csv","","",""
"polity_candidate","198","sakalava","A | grounded candidate","accepted_controlled_pool_pending_disposition","012_africa_polity_catalog.csv","","",""
"polity_candidate","199","boina","B | grounded candidate","accepted_controlled_pool_pending_disposition","012_africa_polity_catalog.csv","","",""
"polity_candidate","200","menabe","B | grounded candidate","accepted_controlled_pool_pending_disposition","012_africa_polity_catalog.csv","","",""
"polity_candidate","201","betsileo","B | grounded candidate","accepted_controlled_pool_pending_disposition","012_africa_polity_catalog.csv","","",""
"polity_candidate","202","antemoro","C | grounded candidate","accepted_controlled_pool_pending_disposition","012_africa_polity_catalog.csv","","",""
"polity_candidate","203","antandroy","C | grounded candidate","accepted_controlled_pool_pending_disposition","012_africa_polity_catalog.csv","","",""
"polity_candidate","204","mahafaly","C | grounded candidate","accepted_controlled_pool_pending_disposition","012_africa_polity_catalog.csv","","",""
"polity_candidate","205","bara","C | grounded candidate","accepted_controlled_pool_pending_disposition","012_africa_polity_catalog.csv","","",""
"polity_candidate","206","antanosy","C | grounded candidate","accepted_controlled_pool_pending_disposition","012_africa_polity_catalog.csv","","",""
"polity_candidate","207","sihanaka","C | grounded candidate","accepted_controlled_pool_pending_disposition","012_africa_polity_catalog.csv","","",""
"polity_candidate","208","pan_high_chaos","A | fictional approved direction","accepted_controlled_pool_pending_disposition","012_africa_polity_catalog.csv","","",""
"polity_candidate","209","gorilla_kingdom","A | fictional approved direction","accepted_controlled_pool_pending_disposition","012_africa_polity_catalog.csv","","",""
"polity_candidate","210","the_green","A | fictional approved direction","accepted_controlled_pool_pending_disposition","012_africa_polity_catalog.csv","","",""
"polity_candidate","211","living_rivers","A | fictional approved direction","accepted_controlled_pool_pending_disposition","012_africa_polity_catalog.csv","","",""
"polity_candidate","212","stoneborn","A | fictional approved direction","accepted_controlled_pool_pending_disposition","012_africa_polity_catalog.csv","","",""
"polity_candidate","213","the_rain","B | fictional approved direction","accepted_controlled_pool_pending_disposition","012_africa_polity_catalog.csv","","",""
"polity_candidate","214","the_drought","B | fictional approved direction","accepted_controlled_pool_pending_disposition","012_africa_polity_catalog.csv","","",""
"polity_candidate","215","ancient_hosts","A | fictional approved direction","accepted_controlled_pool_pending_disposition","012_africa_polity_catalog.csv","","",""
"asset_item","1","entry_proclamation","report event image | Event pictures","accepted_pending_production","012_africa_asset_animation_matrix.csv","","",""
"asset_item","2","first_protection_request","report event image | Event pictures","accepted_pending_production","012_africa_asset_animation_matrix.csv","","",""
"asset_item","3","first_defended_partner","report event image | Event pictures","accepted_pending_production","012_africa_asset_animation_matrix.csv","","",""
"asset_item","4","first_failed_guarantee","report event image | Event pictures","accepted_pending_production","012_africa_asset_animation_matrix.csv","","",""
"asset_item","5","first_regional_congress","report event image | Event pictures","accepted_pending_production","012_africa_asset_animation_matrix.csv","","",""
"asset_item","6","first_member_departure","report event image | Event pictures","accepted_pending_production","012_africa_asset_animation_matrix.csv","","",""
"asset_item","7","first_restoration","report event image | Event pictures","accepted_pending_production","012_africa_asset_animation_matrix.csv","","",""
"asset_item","8","first_diaspora_arrival","report event image | Event pictures","accepted_pending_production","012_africa_asset_animation_matrix.csv","","",""
"asset_item","9","first_continental_corridor","report event image | Event pictures","accepted_pending_production","012_africa_asset_animation_matrix.csv","","",""
"asset_item","10","first_high_chaos_manifestation","report event image | Event pictures","accepted_pending_production","012_africa_asset_animation_matrix.csv","","",""
"asset_item","11","league_formation","news event image | News pictures","accepted_pending_production","012_africa_asset_animation_matrix.csv","","",""
"asset_item","12","colonial_withdrawal","news event image | News pictures","accepted_pending_production","012_africa_asset_animation_matrix.csv","","",""
"asset_item","13","rival_bloc","news event image | News pictures","accepted_pending_production","012_africa_asset_animation_matrix.csv","","",""
"asset_item","14","africa_is_one_news","news event image | News pictures","accepted_pending_production","012_africa_asset_animation_matrix.csv","","",""
"asset_item","15","scramble_response_news","news event image | News pictures","accepted_pending_production","012_africa_asset_animation_matrix.csv","","",""
"asset_item","16","continental_war_news","news event image | News pictures","accepted_pending_production","012_africa_asset_animation_matrix.csv","","",""
"asset_item","17","africa_is_one_super","super-event image | Super events","accepted_pending_production","012_africa_asset_animation_matrix.csv","","",""
"asset_item","18","scramble_super","super-event image | Super events","accepted_pending_production","012_africa_asset_animation_matrix.csv","","",""
"asset_item","19","continental_wars_super","super-event image | Super events","accepted_pending_production","012_africa_asset_animation_matrix.csv","","",""
"asset_item","20","the_world_super","super-event image | Super events","accepted_pending_production","012_africa_asset_animation_matrix.csv","","",""
"asset_item","21","charter_window_background","scripted GUI panel | Charter GUI","accepted_pending_production","012_africa_asset_animation_matrix.csv","","",""
"asset_item","22","charter_header_plate","scripted GUI header | Charter GUI","accepted_pending_production","012_africa_asset_animation_matrix.csv","","",""
"asset_item","23","member_card_frame","scripted GUI frame | Charter GUI","accepted_pending_production","012_africa_asset_animation_matrix.csv","","",""
"asset_item","24","regional_card_frame","scripted GUI frame | Charter GUI","accepted_pending_production","012_africa_asset_animation_matrix.csv","","",""
"asset_item","25","relationship_badges","UI icon family | Charter GUI","accepted_pending_production","012_africa_asset_animation_matrix.csv","","",""
"asset_item","26","primary_value_icons","UI icon family | Charter GUI","accepted_pending_production","012_africa_asset_animation_matrix.csv","","",""
"asset_item","27","secondary_value_icons","UI icon family | Charter GUI","accepted_pending_production","012_africa_asset_animation_matrix.csv","","",""
"asset_item","28","clause_tabs","scripted GUI button family | Charter GUI","accepted_pending_production","012_africa_asset_animation_matrix.csv","","",""
"asset_item","29","regional_overlay_buttons","scripted GUI button family | Charter GUI","accepted_pending_production","012_africa_asset_animation_matrix.csv","","",""
"asset_item","30","project_progress_frame","scripted GUI meter | Charter GUI","accepted_pending_production","012_africa_asset_animation_matrix.csv","","",""
"asset_item","31","rival_bloc_panel","scripted GUI panel | Charter GUI","accepted_pending_production","012_africa_asset_animation_matrix.csv","","",""
"asset_item","32","diaspora_summary_panel","scripted GUI panel | Charter GUI","accepted_pending_production","012_africa_asset_animation_matrix.csv","","",""
"asset_item","33","charter_seal_activation","animated scripted GUI sprite | Animations","accepted_pending_production","012_africa_asset_animation_matrix.csv","","",""
"asset_item","34","charter_authority_ring","animated scripted GUI sprite | Animations","accepted_pending_production","012_africa_asset_animation_matrix.csv","","",""
"asset_item","35","colonial_pressure_border","animated scripted GUI sprite | Animations","accepted_pending_production","012_africa_asset_animation_matrix.csv","","",""
"asset_item","36","selected_member_confidence","animated scripted GUI sprite | Animations","accepted_pending_production","012_africa_asset_animation_matrix.csv","","",""
"asset_item","37","congress_ready_emblem","animated scripted GUI sprite | Animations","accepted_pending_production","012_africa_asset_animation_matrix.csv","","",""
"asset_item","38","member_departure_warning","animated scripted GUI sprite | Animations","accepted_pending_production","012_africa_asset_animation_matrix.csv","","",""
"asset_item","39","rival_bloc_alert","animated scripted GUI sprite | Animations","accepted_pending_production","012_africa_asset_animation_matrix.csv","","",""
"asset_item","40","africa_is_one_completion","animated scripted GUI sprite | Animations","accepted_pending_production","012_africa_asset_animation_matrix.csv","","",""
"asset_item","41","ecological_wrath_active","animated scripted GUI sprite | Animations","accepted_pending_production","012_africa_asset_animation_matrix.csv","","",""
"asset_item","42","continent_war_terminal","animated scripted GUI sprite | Animations","accepted_pending_production","012_africa_asset_animation_matrix.csv","","",""
"asset_item","43","idea_continental_mandate","idea or national spirit icon | Ideas","accepted_pending_production","012_africa_asset_animation_matrix.csv","","",""
"asset_item","44","idea_disputed_host_legitimacy","idea or national spirit icon | Ideas","accepted_pending_production","012_africa_asset_animation_matrix.csv","","",""
"asset_item","45","idea_charter_authority_low","idea or national spirit icon | Ideas","accepted_pending_production","012_africa_asset_animation_matrix.csv","","",""
"asset_item","46","idea_charter_authority_medium","idea or national spirit icon | Ideas","accepted_pending_production","012_africa_asset_animation_matrix.csv","","",""
"asset_item","47","idea_charter_authority_high","idea or national spirit icon | Ideas","accepted_pending_production","012_africa_asset_animation_matrix.csv","","",""
"asset_item","48","idea_integration_burden_low","idea or national spirit icon | Ideas","accepted_pending_production","012_africa_asset_animation_matrix.csv","","",""
"asset_item","49","idea_integration_burden_high","idea or national spirit icon | Ideas","accepted_pending_production","012_africa_asset_animation_matrix.csv","","",""
"asset_item","50","idea_integration_burden_critical","idea or national spirit icon | Ideas","accepted_pending_production","012_africa_asset_animation_matrix.csv","","",""
"asset_item","51","idea_colonial_pressure_low","idea or national spirit icon | Ideas","accepted_pending_production","012_africa_asset_animation_matrix.csv","","",""
"asset_item","52","idea_colonial_pressure_high","idea or national spirit icon | Ideas","accepted_pending_production","012_africa_asset_animation_matrix.csv","","",""
"asset_item","53","idea_regional_confidence","idea or national spirit icon | Ideas","accepted_pending_production","012_africa_asset_animation_matrix.csv","","",""
"asset_item","54","idea_corridor_network","idea or national spirit icon | Ideas","accepted_pending_production","012_africa_asset_animation_matrix.csv","","",""
"asset_item","55","idea_diaspora_trust","idea or national spirit icon | Ideas","accepted_pending_production","012_africa_asset_animation_matrix.csv","","",""
"asset_item","56","idea_common_reserve","idea or national spirit icon | Ideas","accepted_pending_production","012_africa_asset_animation_matrix.csv","","",""
"asset_item","57","idea_rival_bloc_pressure","idea or national spirit icon | Ideas","accepted_pending_production","012_africa_asset_animation_matrix.csv","","",""
"asset_item","58","idea_continental_overextension","idea or national spirit icon | Ideas","accepted_pending_production","012_africa_asset_animation_matrix.csv","","",""
"asset_item","59","idea_restoration_settlement","idea or national spirit icon | Ideas","accepted_pending_production","012_africa_asset_animation_matrix.csv","","",""
"asset_item","60","idea_ecological_wrath","idea or national spirit icon | Ideas","accepted_pending_production","012_africa_asset_animation_matrix.csv","","",""
"asset_item","61","idea_high_chaos_disease_control","idea or national spirit icon | Ideas","accepted_pending_production","012_africa_asset_animation_matrix.csv","","",""
"asset_item","62","idea_world_order_sponsorship","idea or national spirit icon | Ideas","accepted_pending_production","012_africa_asset_animation_matrix.csv","","",""
"asset_item","63","idea_food_security","idea or national spirit icon | Ideas","accepted_pending_production","012_africa_asset_animation_matrix.csv","","",""
"asset_item","64","idea_resource_sovereignty","idea or national spirit icon | Ideas","accepted_pending_production","012_africa_asset_animation_matrix.csv","","",""
"asset_item","65","idea_federal_representation","idea or national spirit icon | Ideas","accepted_pending_production","012_africa_asset_animation_matrix.csv","","",""
"asset_item","66","idea_emergency_continental_command","idea or national spirit icon | Ideas","accepted_pending_production","012_africa_asset_animation_matrix.csv","","",""
"asset_item","67","decision_guarantee","decision icon | Decisions","accepted_pending_production","012_africa_asset_animation_matrix.csv","","",""
"asset_item","68","decision_aid_corridor","decision icon | Decisions","accepted_pending_production","012_africa_asset_animation_matrix.csv","","",""
"asset_item","69","decision_volunteer_force","decision icon | Decisions","accepted_pending_production","012_africa_asset_animation_matrix.csv","","",""
"asset_item","70","decision_intervention","decision icon | Decisions","accepted_pending_production","012_africa_asset_animation_matrix.csv","","",""
"asset_item","71","decision_evacuation","decision icon | Decisions","accepted_pending_production","012_africa_asset_animation_matrix.csv","","",""
"asset_item","72","decision_accession_offer","decision icon | Decisions","accepted_pending_production","012_africa_asset_animation_matrix.csv","","",""
"asset_item","73","decision_accession_clause","decision icon | Decisions","accepted_pending_production","012_africa_asset_animation_matrix.csv","","",""
"asset_item","74","decision_accession_referendum","decision icon | Decisions","accepted_pending_production","012_africa_asset_animation_matrix.csv","","",""
"asset_item","75","decision_regional_congress","decision icon | Decisions","accepted_pending_production","012_africa_asset_animation_matrix.csv","","",""
"asset_item","76","decision_representation_concession","decision icon | Decisions","accepted_pending_production","012_africa_asset_animation_matrix.csv","","",""
"asset_item","77","decision_claim_settlement","decision icon | Decisions","accepted_pending_production","012_africa_asset_animation_matrix.csv","","",""
"asset_item","78","decision_integration_project","decision icon | Decisions","accepted_pending_production","012_africa_asset_animation_matrix.csv","","",""
"asset_item","79","decision_coercive_action","decision icon | Decisions","accepted_pending_production","012_africa_asset_animation_matrix.csv","","",""
"asset_item","80","decision_departure_response","decision icon | Decisions","accepted_pending_production","012_africa_asset_animation_matrix.csv","","",""
"asset_item","81","decision_rival_bloc_counteraction","decision icon | Decisions","accepted_pending_production","012_africa_asset_animation_matrix.csv","","",""
"asset_item","82","decision_resource_project","decision icon | Decisions","accepted_pending_production","012_africa_asset_animation_matrix.csv","","",""
"asset_item","83","decision_corridor_project","decision icon | Decisions","accepted_pending_production","012_africa_asset_animation_matrix.csv","","",""
"asset_item","84","decision_diaspora_invitation","decision icon | Decisions","accepted_pending_production","012_africa_asset_animation_matrix.csv","","",""
"asset_item","85","decision_diaspora_transport","decision icon | Decisions","accepted_pending_production","012_africa_asset_animation_matrix.csv","","",""
"asset_item","86","decision_resettlement_support","decision icon | Decisions","accepted_pending_production","012_africa_asset_animation_matrix.csv","","",""
"asset_item","87","decision_disease_containment","decision icon | Decisions","accepted_pending_production","012_africa_asset_animation_matrix.csv","","",""
"asset_item","88","decision_ecological_bargain","decision icon | Decisions","accepted_pending_production","012_africa_asset_animation_matrix.csv","","",""
"asset_item","89","decision_disaster_retaliation","decision icon | Decisions","accepted_pending_production","012_africa_asset_animation_matrix.csv","","",""
"asset_item","90","decision_strange_unit_recruitment","decision icon | Decisions","accepted_pending_production","012_africa_asset_animation_matrix.csv","","",""
"asset_item","91","decision_scramble_recognition","decision icon | Decisions","accepted_pending_production","012_africa_asset_animation_matrix.csv","","",""
"asset_item","92","decision_scramble_sanctions","decision icon | Decisions","accepted_pending_production","012_africa_asset_animation_matrix.csv","","",""
"asset_item","93","decision_scramble_mobilisation","decision icon | Decisions","accepted_pending_production","012_africa_asset_animation_matrix.csv","","",""
"asset_item","94","decision_continent_sponsorship","decision icon | Decisions","accepted_pending_production","012_africa_asset_animation_matrix.csv","","",""
"asset_item","95","decision_continent_union","decision icon | Decisions","accepted_pending_production","012_africa_asset_animation_matrix.csv","","",""
"asset_item","96","decision_terminal_war_action","decision icon | Decisions","accepted_pending_production","012_africa_asset_animation_matrix.csv","","",""
"asset_item","97","focus_family_host_proclamation","focus icon family | Focus icons","accepted_pending_production","012_africa_asset_animation_matrix.csv","","",""
"asset_item","98","focus_family_host_legitimacy","focus icon family | Focus icons","accepted_pending_production","012_africa_asset_animation_matrix.csv","","",""
"asset_item","99","focus_family_charter_law","focus icon family | Focus icons","accepted_pending_production","012_africa_asset_animation_matrix.csv","","",""
"asset_item","100","focus_family_continental_representation","focus icon family | Focus icons","accepted_pending_production","012_africa_asset_animation_matrix.csv","","",""
"asset_item","101","focus_family_protection_guarantee","focus icon family | Focus icons","accepted_pending_production","012_africa_asset_animation_matrix.csv","","",""
"asset_item","102","focus_family_aid_and_relief","focus icon family | Focus icons","accepted_pending_production","012_africa_asset_animation_matrix.csv","","",""
"asset_item","103","focus_family_volunteer_intervention","focus icon family | Focus icons","accepted_pending_production","012_africa_asset_animation_matrix.csv","","",""
"asset_item","104","focus_family_federal_accession","focus icon family | Focus icons","accepted_pending_production","012_africa_asset_animation_matrix.csv","","",""
"asset_item","105","focus_family_crown_charter","focus icon family | Focus icons","accepted_pending_production","012_africa_asset_animation_matrix.csv","","",""
"asset_item","106","focus_family_republican_citizenship","focus icon family | Focus icons","accepted_pending_production","012_africa_asset_animation_matrix.csv","","",""
"asset_item","107","focus_family_peoples_union","focus icon family | Focus icons","accepted_pending_production","012_africa_asset_animation_matrix.csv","","",""
"asset_item","108","focus_family_military_command","focus icon family | Focus icons","accepted_pending_production","012_africa_asset_animation_matrix.csv","","",""
"asset_item","109","focus_family_confederal_sovereignty","focus icon family | Focus icons","accepted_pending_production","012_africa_asset_animation_matrix.csv","","",""
"asset_item","110","focus_family_regional_congress","focus icon family | Focus icons","accepted_pending_production","012_africa_asset_animation_matrix.csv","","",""
"asset_item","111","focus_family_restored_polity","focus icon family | Focus icons","accepted_pending_production","012_africa_asset_animation_matrix.csv","","",""
"asset_item","112","focus_family_claim_overlap_settlement","focus icon family | Focus icons","accepted_pending_production","012_africa_asset_animation_matrix.csv","","",""
"asset_item","113","focus_family_local_processing","focus icon family | Focus icons","accepted_pending_production","012_africa_asset_animation_matrix.csv","","",""
"asset_item","114","focus_family_resource_sovereignty","focus icon family | Focus icons","accepted_pending_production","012_africa_asset_animation_matrix.csv","","",""
"asset_item","115","focus_family_food_security","focus icon family | Focus icons","accepted_pending_production","012_africa_asset_animation_matrix.csv","","",""
"asset_item","116","focus_family_rail_corridor","focus icon family | Focus icons","accepted_pending_production","012_africa_asset_animation_matrix.csv","","",""
"asset_item","117","focus_family_river_corridor","focus icon family | Focus icons","accepted_pending_production","012_africa_asset_animation_matrix.csv","","",""
"asset_item","118","focus_family_road_corridor","focus icon family | Focus icons","accepted_pending_production","012_africa_asset_animation_matrix.csv","","",""
"asset_item","119","focus_family_port_corridor","focus icon family | Focus icons","accepted_pending_production","012_africa_asset_animation_matrix.csv","","",""
"asset_item","120","focus_family_air_corridor","focus icon family | Focus icons","accepted_pending_production","012_africa_asset_animation_matrix.csv","","",""
"asset_item","121","focus_family_army_common_reserve","focus icon family | Focus icons","accepted_pending_production","012_africa_asset_animation_matrix.csv","","",""
"asset_item","122","focus_family_air_defence","focus icon family | Focus icons","accepted_pending_production","012_africa_asset_animation_matrix.csv","","",""
"asset_item","123","focus_family_naval_defence","focus icon family | Focus icons","accepted_pending_production","012_africa_asset_animation_matrix.csv","","",""
"asset_item","124","focus_family_intelligence_counter_subversion","focus icon family | Focus icons","accepted_pending_production","012_africa_asset_animation_matrix.csv","","",""
"asset_item","125","focus_family_diaspora_travel","focus icon family | Focus icons","accepted_pending_production","012_africa_asset_animation_matrix.csv","","",""
"asset_item","126","focus_family_diaspora_citizenship","focus icon family | Focus icons","accepted_pending_production","012_africa_asset_animation_matrix.csv","","",""
"asset_item","127","focus_family_diaspora_skills","focus icon family | Focus icons","accepted_pending_production","012_africa_asset_animation_matrix.csv","","",""
"asset_item","128","focus_family_rival_bloc","focus icon family | Focus icons","accepted_pending_production","012_africa_asset_animation_matrix.csv","","",""
"asset_item","129","focus_family_scramble_diplomacy","focus icon family | Focus icons","accepted_pending_production","012_africa_asset_animation_matrix.csv","","",""
"asset_item","130","focus_family_scramble_defence","focus icon family | Focus icons","accepted_pending_production","012_africa_asset_animation_matrix.csv","","",""
"asset_item","131","focus_family_high_chaos_nature","focus icon family | Focus icons","accepted_pending_production","012_africa_asset_animation_matrix.csv","","",""
"asset_item","132","focus_family_high_chaos_nonhuman","focus icon family | Focus icons","accepted_pending_production","012_africa_asset_animation_matrix.csv","","",""
"asset_item","133","focus_family_high_chaos_disease","focus icon family | Focus icons","accepted_pending_production","012_africa_asset_animation_matrix.csv","","",""
"asset_item","134","focus_family_ancient_host","focus icon family | Focus icons","accepted_pending_production","012_africa_asset_animation_matrix.csv","","",""
"asset_item","135","focus_family_continent_sponsorship","focus icon family | Focus icons","accepted_pending_production","012_africa_asset_animation_matrix.csv","","",""
"asset_item","136","focus_family_continent_union","focus icon family | Focus icons","accepted_pending_production","012_africa_asset_animation_matrix.csv","","",""
"asset_item","137","focus_family_terminal_continent_war","focus icon family | Focus icons","accepted_pending_production","012_africa_asset_animation_matrix.csv","","",""
"asset_item","138","focus_family_the_world","focus icon family | Focus icons","accepted_pending_production","012_africa_asset_animation_matrix.csv","","",""
"asset_item","139","identity_charter_federalism","flag and emblem package | Host identity","accepted_pending_production","012_africa_asset_animation_matrix.csv","","",""
"asset_item","140","identity_continental_republic","flag and emblem package | Host identity","accepted_pending_production","012_africa_asset_animation_matrix.csv","","",""
"asset_item","141","identity_council_of_crowns","flag and emblem package | Host identity","accepted_pending_production","012_africa_asset_animation_matrix.csv","","",""
"asset_item","142","identity_peoples_union","flag and emblem package | Host identity","accepted_pending_production","012_africa_asset_animation_matrix.csv","","",""
"asset_item","143","identity_military_continentalism","flag and emblem package | Host identity","accepted_pending_production","012_africa_asset_animation_matrix.csv","","",""
"asset_item","144","identity_continental_confederation","flag and emblem package | Host identity","accepted_pending_production","012_africa_asset_animation_matrix.csv","","",""
"asset_item","145","identity_high_chaos_covenant","flag and emblem package | Host identity","accepted_pending_production","012_africa_asset_animation_matrix.csv","","",""
"asset_item","146","continental_leader_frame","portrait frame | Portrait frames","accepted_pending_production","012_africa_asset_animation_matrix.csv","","",""
"asset_item","147","restored_polity_frame","portrait frame | Portrait frames","accepted_pending_production","012_africa_asset_animation_matrix.csv","","",""
"asset_item","148","rival_bloc_leader_frame","portrait frame | Portrait frames","accepted_pending_production","012_africa_asset_animation_matrix.csv","","",""
"asset_item","149","high_chaos_leader_frame","portrait frame | Portrait frames","accepted_pending_production","012_africa_asset_animation_matrix.csv","","",""
"asset_item","150","terminal_world_frame","portrait frame | Portrait frames","accepted_pending_production","012_africa_asset_animation_matrix.csv","","",""
"asset_item","151","country_package_garamantes","Tier A country visual package | Restored polities","accepted_pending_production","012_africa_asset_animation_matrix.csv","","",""
"asset_item","152","country_package_kanem_bornu","Tier A country visual package | Restored polities","accepted_pending_production","012_africa_asset_animation_matrix.csv","","",""
"asset_item","153","country_package_manden","Tier A country visual package | Restored polities","accepted_pending_production","012_africa_asset_animation_matrix.csv","","",""
"asset_item","154","country_package_songhai","Tier A country visual package | Restored polities","accepted_pending_production","012_africa_asset_animation_matrix.csv","","",""
"asset_item","155","country_package_mossi","Tier A country visual package | Restored polities","accepted_pending_production","012_africa_asset_animation_matrix.csv","","",""
"asset_item","156","country_package_asante","Tier A country visual package | Restored polities","accepted_pending_production","012_africa_asset_animation_matrix.csv","","",""
"asset_item","157","country_package_futa_toro","Tier A country visual package | Restored polities","accepted_pending_production","012_africa_asset_animation_matrix.csv","","",""
"asset_item","158","country_package_futa_jallon","Tier A country visual package | Restored polities","accepted_pending_production","012_africa_asset_animation_matrix.csv","","",""
"asset_item","159","country_package_oyo","Tier A country visual package | Restored polities","accepted_pending_production","012_africa_asset_animation_matrix.csv","","",""
"asset_item","160","country_package_ife","Tier A country visual package | Restored polities","accepted_pending_production","012_africa_asset_animation_matrix.csv","","",""
"asset_item","161","country_package_edoland","Tier A country visual package | Restored polities","accepted_pending_production","012_africa_asset_animation_matrix.csv","","",""
"asset_item","162","country_package_dahomey","Tier A country visual package | Restored polities","accepted_pending_production","012_africa_asset_animation_matrix.csv","","",""
"asset_item","163","country_package_sokoto","Tier A country visual package | Restored polities","accepted_pending_production","012_africa_asset_animation_matrix.csv","","",""
"asset_item","164","country_package_bamum","Tier A country visual package | Restored polities","accepted_pending_production","012_africa_asset_animation_matrix.csv","","",""
"asset_item","165","country_package_kongo","Tier A country visual package | Restored polities","accepted_pending_production","012_africa_asset_animation_matrix.csv","","",""
"asset_item","166","country_package_ndongo","Tier A country visual package | Restored polities","accepted_pending_production","012_africa_asset_animation_matrix.csv","","",""
"asset_item","167","country_package_matamba","Tier A country visual package | Restored polities","accepted_pending_production","012_africa_asset_animation_matrix.csv","","",""
"asset_item","168","country_package_luba","Tier A country visual package | Restored polities","accepted_pending_production","012_africa_asset_animation_matrix.csv","","",""
"asset_item","169","country_package_lunda","Tier A country visual package | Restored polities","accepted_pending_production","012_africa_asset_animation_matrix.csv","","",""
"asset_item","170","country_package_kazembe","Tier A country visual package | Restored polities","accepted_pending_production","012_africa_asset_animation_matrix.csv","","",""
"asset_item","171","country_package_kuba","Tier A country visual package | Restored polities","accepted_pending_production","012_africa_asset_animation_matrix.csv","","",""
"asset_item","172","country_package_kush","Tier A country visual package | Restored polities","accepted_pending_production","012_africa_asset_animation_matrix.csv","","",""
"asset_item","173","country_package_makuria","Tier A country visual package | Restored polities","accepted_pending_production","012_africa_asset_animation_matrix.csv","","",""
"asset_item","174","country_package_alodia","Tier A country visual package | Restored polities","accepted_pending_production","012_africa_asset_animation_matrix.csv","","",""
"asset_item","175","country_package_nubia","Tier A country visual package | Restored polities","accepted_pending_production","012_africa_asset_animation_matrix.csv","","",""
"asset_item","176","country_package_aksum","Tier A country visual package | Restored polities","accepted_pending_production","012_africa_asset_animation_matrix.csv","","",""
"asset_item","177","country_package_harar","Tier A country visual package | Restored polities","accepted_pending_production","012_africa_asset_animation_matrix.csv","","",""
"asset_item","178","country_package_adal","Tier A country visual package | Restored polities","accepted_pending_production","012_africa_asset_animation_matrix.csv","","",""
"asset_item","179","country_package_ajuran","Tier A country visual package | Restored polities","accepted_pending_production","012_africa_asset_animation_matrix.csv","","",""
"asset_item","180","country_package_buganda","Tier A country visual package | Restored polities","accepted_pending_production","012_africa_asset_animation_matrix.csv","","",""
"asset_item","181","country_package_bunyoro","Tier A country visual package | Restored polities","accepted_pending_production","012_africa_asset_animation_matrix.csv","","",""
"asset_item","182","country_package_rwanda","Tier A country visual package | Restored polities","accepted_pending_production","012_africa_asset_animation_matrix.csv","","",""
"asset_item","183","country_package_burundi","Tier A country visual package | Restored polities","accepted_pending_production","012_africa_asset_animation_matrix.csv","","",""
"asset_item","184","country_package_kilwa","Tier A country visual package | Restored polities","accepted_pending_production","012_africa_asset_animation_matrix.csv","","",""
"asset_item","185","country_package_zanzibar","Tier A country visual package | Restored polities","accepted_pending_production","012_africa_asset_animation_matrix.csv","","",""
"asset_item","186","country_package_comoros","Tier A country visual package | Restored polities","accepted_pending_production","012_africa_asset_animation_matrix.csv","","",""
"asset_item","187","country_package_great_zimbabwe","Tier A country visual package | Restored polities","accepted_pending_production","012_africa_asset_animation_matrix.csv","","",""
"asset_item","188","country_package_mutapa","Tier A country visual package | Restored polities","accepted_pending_production","012_africa_asset_animation_matrix.csv","","",""
"asset_item","189","country_package_rozwi","Tier A country visual package | Restored polities","accepted_pending_production","012_africa_asset_animation_matrix.csv","","",""
"asset_item","190","country_package_mthwakazi","Tier A country visual package | Restored polities","accepted_pending_production","012_africa_asset_animation_matrix.csv","","",""
"asset_item","191","country_package_zulu","Tier A country visual package | Restored polities","accepted_pending_production","012_africa_asset_animation_matrix.csv","","",""
"asset_item","192","country_package_swazi","Tier A country visual package | Restored polities","accepted_pending_production","012_africa_asset_animation_matrix.csv","","",""
"asset_item","193","country_package_basotho","Tier A country visual package | Restored polities","accepted_pending_production","012_africa_asset_animation_matrix.csv","","",""
"asset_item","194","country_package_barotse","Tier A country visual package | Restored polities","accepted_pending_production","012_africa_asset_animation_matrix.csv","","",""
"asset_item","195","country_package_merina","Tier A country visual package | Restored polities","accepted_pending_production","012_africa_asset_animation_matrix.csv","","",""
"asset_item","196","country_package_sakalava","Tier A country visual package | Restored polities","accepted_pending_production","012_africa_asset_animation_matrix.csv","","",""
"asset_item","197","country_package_pan_high_chaos","Tier A country visual package | Restored polities","accepted_pending_production","012_africa_asset_animation_matrix.csv","","",""
"asset_item","198","country_package_gorilla_kingdom","Tier A country visual package | Restored polities","accepted_pending_production","012_africa_asset_animation_matrix.csv","","",""
"asset_item","199","country_package_the_green","Tier A country visual package | Restored polities","accepted_pending_production","012_africa_asset_animation_matrix.csv","","",""
"asset_item","200","country_package_living_rivers","Tier A country visual package | Restored polities","accepted_pending_production","012_africa_asset_animation_matrix.csv","","",""
"asset_item","201","country_package_stoneborn","Tier A country visual package | Restored polities","accepted_pending_production","012_africa_asset_animation_matrix.csv","","",""
"asset_item","202","country_package_ancient_hosts","Tier A country visual package | Restored polities","accepted_pending_production","012_africa_asset_animation_matrix.csv","","",""
"asset_item","203","unit_identity_elephant_logistics","unit identity and technology icon family | Strange units","accepted_pending_production","012_africa_asset_animation_matrix.csv","","",""
"asset_item","204","unit_identity_elephant_shock","unit identity and technology icon family | Strange units","accepted_pending_production","012_africa_asset_animation_matrix.csv","","",""
"asset_item","205","unit_identity_gorilla_heavy_infantry","unit identity and technology icon family | Strange units","accepted_pending_production","012_africa_asset_animation_matrix.csv","","",""
"asset_item","206","unit_identity_pan_sappers","unit identity and technology icon family | Strange units","accepted_pending_production","012_africa_asset_animation_matrix.csv","","",""
"asset_item","207","unit_identity_stone_cohorts","unit identity and technology icon family | Strange units","accepted_pending_production","012_africa_asset_animation_matrix.csv","","",""
"asset_item","208","unit_identity_riverborn","unit identity and technology icon family | Strange units","accepted_pending_production","012_africa_asset_animation_matrix.csv","","",""
"asset_item","209","unit_identity_forest_giants","unit identity and technology icon family | Strange units","accepted_pending_production","012_africa_asset_animation_matrix.csv","","",""
"asset_item","210","unit_identity_oracle_recon","unit identity and technology icon family | Strange units","accepted_pending_production","012_africa_asset_animation_matrix.csv","","",""
"asset_item","211","unit_identity_disaster_wardens","unit identity and technology icon family | Strange units","accepted_pending_production","012_africa_asset_animation_matrix.csv","","",""
"asset_item","212","unit_identity_plague_carriers","unit identity and technology icon family | Strange units","accepted_pending_production","012_africa_asset_animation_matrix.csv","","",""
"asset_item","213","continent_package_middle_east","continent-unifier identity package | World order","accepted_pending_production","012_africa_asset_animation_matrix.csv","","",""
"asset_item","214","continent_package_europe","continent-unifier identity package | World order","accepted_pending_production","012_africa_asset_animation_matrix.csv","","",""
"asset_item","215","continent_package_asia","continent-unifier identity package | World order","accepted_pending_production","012_africa_asset_animation_matrix.csv","","",""
"asset_item","216","continent_package_north_america","continent-unifier identity package | World order","accepted_pending_production","012_africa_asset_animation_matrix.csv","","",""
"asset_item","217","continent_package_south_america","continent-unifier identity package | World order","accepted_pending_production","012_africa_asset_animation_matrix.csv","","",""
"asset_item","218","continent_package_oceania","continent-unifier identity package | World order","accepted_pending_production","012_africa_asset_animation_matrix.csv","","",""
"asset_item","219","continent_package_the_world","continent-unifier identity package | World order","accepted_pending_production","012_africa_asset_animation_matrix.csv","","",""
"asset_item","220","host_overlay_sovereignty_treaty","host overlay motif kit | Host overlays","accepted_pending_production","012_africa_asset_animation_matrix.csv","","",""
"asset_item","221","host_overlay_invasion_resistance","host overlay motif kit | Host overlays","accepted_pending_production","012_africa_asset_animation_matrix.csv","","",""
"asset_item","222","host_overlay_federal_amalgamation","host overlay motif kit | Host overlays","accepted_pending_production","012_africa_asset_animation_matrix.csv","","",""
"asset_item","223","host_overlay_concession_resource","host overlay motif kit | Host overlays","accepted_pending_production","012_africa_asset_animation_matrix.csv","","",""
"asset_item","224","host_overlay_land_settlement","host overlay motif kit | Host overlays","accepted_pending_production","012_africa_asset_animation_matrix.csv","","",""
"asset_item","225","host_overlay_corridor_island","host overlay motif kit | Host overlays","accepted_pending_production","012_africa_asset_animation_matrix.csv","","",""
"asset_item","226","host_first_proof_state_kit","scripted GUI state kit | Host overlays","accepted_pending_production","012_africa_asset_animation_matrix.csv","","",""
"asset_item","227","host_legacy_post_unification_card","scripted GUI card frame and icon family | Host overlays","accepted_pending_production","012_africa_asset_animation_matrix.csv","","",""
"asset_item","228","federal_deadlock_warning","decision and scripted GUI warning icon | Constitutional route dilemmas","accepted_pending_production","012_africa_asset_animation_matrix.csv","","",""
"asset_item","229","republic_first_election_states","decision and mission icon family | Constitutional route dilemmas","accepted_pending_production","012_africa_asset_animation_matrix.csv","","",""
"asset_item","230","crowns_succession_arbitration_states","decision and member-card icon family | Constitutional route dilemmas","accepted_pending_production","012_africa_asset_animation_matrix.csv","","",""
"asset_item","231","peoples_food_industry_balance","decision and mission icon family | Constitutional route dilemmas","accepted_pending_production","012_africa_asset_animation_matrix.csv","","",""
"asset_item","232","military_commander_loyalty_states","decision warning and portrait-frame overlay | Constitutional route dilemmas","accepted_pending_production","012_africa_asset_animation_matrix.csv","","",""
"asset_item","233","confederal_emergency_ratification_states","decision and congress icon family | Constitutional route dilemmas","accepted_pending_production","012_africa_asset_animation_matrix.csv","","",""
"asset_item","234","covenant_obligation_review_states","high-chaos decision and scripted GUI state family | Constitutional route dilemmas","accepted_pending_production","012_africa_asset_animation_matrix.csv","","",""
"asset_item","235","postwar_constitutional_review_states","decision category and congress icon family | Post-unification governance","accepted_pending_production","012_africa_asset_animation_matrix.csv","","",""
"asset_item","236","priority_member_promotion_card","scripted GUI target card and status icons | Restored polities","accepted_pending_production","012_africa_asset_animation_matrix.csv","","",""
"asset_item","237","priority_member_distinct_mechanic_icons","coordinated decision icon family | Restored polities","accepted_pending_production","012_africa_asset_animation_matrix.csv","","",""
"asset_item","238","route_commitment_value_icons","scripted GUI value icons | Constitutional routes","accepted_pending_production","012_africa_asset_animation_matrix.csv","","",""
"asset_item","239","route_capstone_seal_family","focus, scripted GUI, and identity seal family | Constitutional routes","accepted_pending_production","012_africa_asset_animation_matrix.csv","","",""
