"package_id","working_name","resolved_tag","automatic_pool_disposition","readiness_verdict","anchor_binding_mode","anchor_state_ids","anchor_state_names","compact_state_ids","compact_state_names","extended_state_ids","extended_state_names","reservation_group","baseline_state_ids","baseline_state_names","rebind_status","initial_owner_by_state","initial_owner_capitals","host_survival_implication","binding_reason","source_evidence","installed_state_history_files","missing_current_state_ids"
"IW-001","Scotland","SCO","automatic_pool_ready_if_not_living","ready_if_tag_not_living","fixed_anchor_compact","121","Lothian","121|133","Lothian|Lanark","120|136|933","Scottish Highlands|Aberdeenshire|Shetland Islands","RG-121-120-133","121|120|133","Lothian | Scottish Highlands | Lanark","expanded_with_current_splits","120=ENG|121=ENG|133=ENG|136=ENG|933=ENG","ENG=126","ENG retains at least one 1936 state after the compact set. Trim extension, then compact, before losing the anchor; runtime ownership is authoritative.","Edinburgh remains the anchor; current Scottish splits place Lanark in compact territory and the Highlands, Ayrshire, and Shetland in extension.","Edinburgh VP 9392 is in state 121; SCO installed cores confirm the Scottish split. Installed state history and STATE_n localisation were also checked.","120-Scottish Highlands.txt|121-Scottish Lowlands.txt|133-Strathclyde.txt|136-Aberdeenshire.txt|933-Shetland.txt",""
"IW-002","Wales","WLS","automatic_pool_ready_if_not_living","ready_if_tag_not_living","fixed_anchor_compact","122","Wales","122","Wales","","","RG-122","122","Wales","unchanged_current_ids","122=ENG","ENG=126","ENG retains at least one 1936 state after the compact set. Trim extension, then compact, before losing the anchor; runtime ownership is authoritative.","Accepted baseline binding remains valid on the installed map.","Installed state history and STATE_n localisation checked.","122-Wales.txt",""
"IW-003","Cornwall","ACX","automatic_pool_ready","disabled_no_unique_current_state","unbound","","","","","","","RG-123","123","Cornwall","baseline_rejected","","","Not selectable: the exact split has no compatible legal state ID.","Province 6526 is the audited Truro-only Cornwall anchor; province 11406 and Plymouth remain in state 123. Legal next ID 1082 collides in eleven installed Workshop mods, every ID through 2525 is claimed, and first unused ID 2526 would create an invalid gap.","Vanilla state history, geometry, buildings, supply, railway, strategic-region, and installed-mod state-ID scans are recorded in the 2026-07-16 IW-003 feasibility audit; no generic substitute assigned.","123-Cornwall.txt",""
"IW-004","Brittany","BRI","automatic_pool_ready_if_not_living","ready_if_tag_not_living","fixed_anchor_compact","14","Brittany","14","Brittany","","","RG-14","14","Brittany","unchanged_current_ids","14=FRA","FRA=16","FRA retains at least one 1936 state after the compact set. Trim extension, then compact, before losing the anchor; runtime ownership is authoritative.","Accepted baseline binding remains valid on the installed map.","Installed state history and STATE_n localisation checked.","14-Brittany.txt",""
"IW-005","Flanders","","vanilla_route_overlay_only","overlay_nonselectable","overlay_carrier_route","6","Flanders","6|977","Flanders|Antwerp","","","RG-6","6","Vlaanderen","expanded_with_current_splits","6=BEL|977=BEL","BEL=6","BEL anchor contains protected capital state 6: skip/reject while protection applies; BEL retains at least one 1936 state after the compact set. Trim extension, then compact, before losing the anchor; runtime ownership is authoritative.","Brussels remains in the Flanders anchor and Antwerp is a current split.","Brussels VP 516 is in state 6; Antwerp is current split state 977. Installed state history and STATE_n localisation were also checked.","6-Belgium.txt|977 - Antwerp.txt",""
"IW-006","Wallonia","AFX","automatic_pool_ready","ready_automatic","fixed_anchor_compact","34","Wallonia","34","Wallonia","","","RG-34","34","Wallonie","unchanged_current_ids","34=BEL","BEL=6","BEL retains at least one 1936 state after the compact set. Trim extension, then compact, before losing the anchor; runtime ownership is authoritative.","Accepted baseline binding remains valid on the installed map.","Installed state history and STATE_n localisation checked.","34-Wallonie.txt",""
"IW-007","Frisia","AGX","automatic_pool_ready_if_unique_state_exists","ready_unique_state_confirmed","fixed_anchor_compact","36","Friesland","36","Friesland","","","RG-36","36","Friesland","unchanged_current_ids","36=HOL","HOL=7","HOL retains at least one 1936 state after the compact set. Trim extension, then compact, before losing the anchor; runtime ownership is authoritative.","Accepted baseline binding remains valid on the installed map.","Installed state history and STATE_n localisation checked.","36-Friesland.txt",""
"IW-008","Rhineland","RHI","automatic_pool_ready_if_not_living","ready_if_tag_not_living","fixed_anchor_compact","51","Rhineland","51","Rhineland","42","Moselland","RG-RHINE-SAAR","51","Rhineland","expanded_with_current_splits","42=GER|51=GER","GER=64","GER retains at least one 1936 state after the compact set. Trim extension, then compact, before losing the anchor; runtime ownership is authoritative.","Rhineland is the core anchor; Moselland remains an optional extension subject to the Saar reservation.","RHI installed cores are states 51 and 42. Installed state history and STATE_n localisation were also checked.","42-Rhineland.txt|51-Moselland.txt",""
"IW-009","Bavaria","BAY","automatic_pool_ready_if_not_living","ready_if_tag_not_living","fixed_anchor_compact","52","Oberbayern","52|53|54","Oberbayern|Niederbayern|Franken","","","RG-52-53-54","52|53|54","Oberbayern | Niederbayern | Franken","unchanged_current_ids","52=GER|53=GER|54=GER","GER=64","GER retains at least one 1936 state after the compact set. Trim extension, then compact, before losing the anchor; runtime ownership is authoritative.","The three installed Bavarian states remain the compact package.","Installed state history and STATE_n localisation checked.","52-Wuttemberg.txt|53-Oberbayern.txt|54-Bayreuth.txt",""
"IW-010","Saar","AJX","automatic_pool_ready_if_unique_state_exists","ready_unique_state_confirmed","fixed_anchor_compact","42","Moselland","42","Moselland","","","RG-RHINE-SAAR","42","Moselland, used only as a Saar compact if a unique host remnant remains","unchanged_current_ids","42=GER","GER=64","GER retains at least one 1936 state after the compact set. Trim extension, then compact, before losing the anchor; runtime ownership is authoritative.","Accepted baseline binding remains valid on the installed map.","Installed state history and STATE_n localisation checked.","42-Rhineland.txt",""
"IW-011","Faroe Islands","AKX","scenario_variant_only","scenario_only_bound","fixed_anchor_compact","337","Faroe Islands","337","Faroe Islands","","","RG-FAROE-ISLANDS","","No unique Faroe state in the public 763-state baseline","new_current_state_binding","337=DEN","DEN=37","DEN retains at least one 1936 state after the compact set. Trim extension, then compact, before losing the anchor; runtime ownership is authoritative.","The installed map has a unique Faroe Islands state, but the accepted disposition remains scenario-only.","Current state 337 is Faroe Islands. Installed state history and STATE_n localisation were also checked.","337-Faroe Islands.txt",""
"IW-012","Icelandic emergency republic","ICE","automatic_pool_ready_if_not_living","ready_if_tag_not_living","fixed_anchor_compact","100","Iceland","100","Iceland","","","RG-100","100","Iceland","unchanged_current_ids","100=ICE","ICE=100","ICE anchor contains protected capital state 100: skip/reject while protection applies; ICE anchor would erase the 1936 host: reject. Trim extension, then compact, before losing the anchor; runtime ownership is authoritative.","Accepted baseline binding remains valid on the installed map.","Installed state history and STATE_n localisation checked.","100-Iceland.txt",""
"IW-013","Basque Country","NAV","automatic_pool_ready_if_unique_state_exists","ready_unique_state_confirmed","fixed_anchor_compact","792","País Vasco","792","País Vasco","172|806","Navarra|Pyrénées-Atlantiques","RG-172","172","Navarre, used as the compact Basque anchor in the baseline","expanded_with_current_splits","172=SPR|792=SPR|806=FRA","FRA=16|SPR=41","SPR retains at least one 1936 state after the compact set. Trim extension, then compact, before losing the anchor; runtime ownership is authoritative.","The current Basque anchor is País Vasco; Navarra and Pyrénées-Atlantiques are optional extensions.","NAV installed cores are states 792, 172, and 806. Installed state history and STATE_n localisation were also checked.","172-Navarre.txt|792-Basque Country.txt|806-French Basque Country.txt",""
"IW-014","Catalonia","CAT","automatic_pool_ready_if_not_living","ready_if_tag_not_living","fixed_anchor_compact","165","Catalonia","165","Catalonia","","","RG-165","165","Catalonia","unchanged_current_ids","165=SPR","SPR=41","SPR retains at least one 1936 state after the compact set. Trim extension, then compact, before losing the anchor; runtime ownership is authoritative.","Accepted baseline binding remains valid on the installed map.","Installed state history and STATE_n localisation checked.","165-Catalonia.txt",""
"IW-015","Galicia","GLC","automatic_pool_ready_if_not_living","ready_if_tag_not_living","fixed_anchor_compact","171","Galicia","171","Galicia","","","RG-171","171","Galicia","unchanged_current_ids","171=SPR","SPR=41","SPR retains at least one 1936 state after the compact set. Trim extension, then compact, before losing the anchor; runtime ownership is authoritative.","Accepted baseline binding remains valid on the installed map.","Installed state history and STATE_n localisation checked.","171-Galicia.txt",""
"IW-016","Occitania","OCC","automatic_pool_ready_if_unique_state_exists","ready_unique_state_confirmed","fixed_anchor_compact","22","Languedoc","22","Languedoc","","","RG-22","22","Languedoc, used as the compact Occitan anchor","unchanged_current_ids","22=FRA","FRA=16","FRA retains at least one 1936 state after the compact set. Trim extension, then compact, before losing the anchor; runtime ownership is authoritative.","Accepted baseline binding remains valid on the installed map.","Installed state history and STATE_n localisation checked.","22-Roussillion.txt",""
"IW-017","Corsica","COR","automatic_pool_ready_if_not_living","ready_if_tag_not_living","fixed_anchor_compact","1","Corsica","1","Corsica","","","RG-1","1","Corsica","unchanged_current_ids","1=FRA","FRA=16","FRA retains at least one 1936 state after the compact set. Trim extension, then compact, before losing the anchor; runtime ownership is authoritative.","Accepted baseline binding remains valid on the installed map.","Installed state history and STATE_n localisation checked.","1-France.txt",""
"IW-018","Sardinia","ARX","automatic_pool_ready","ready_automatic","fixed_anchor_compact","114","Sardinia","114","Sardinia","","","RG-114","114","Sardinia","unchanged_current_ids","114=ITA","ITA=2","ITA retains at least one 1936 state after the compact set. Trim extension, then compact, before losing the anchor; runtime ownership is authoritative.","Accepted baseline binding remains valid on the installed map.","Installed state history and STATE_n localisation checked.","114-Sardinia.txt",""
"IW-019","Sicily","ASX","automatic_pool_ready","ready_automatic","fixed_anchor_compact","115","Sicily","115","Sicily","","","RG-115","115","Sicily","unchanged_current_ids","115=ITA","ITA=2","ITA retains at least one 1936 state after the compact set. Trim extension, then compact, before losing the anchor; runtime ownership is authoritative.","Accepted baseline binding remains valid on the installed map.","Installed state history and STATE_n localisation checked.","115-Sicily.txt",""
"IW-020","Venice","ATX","high_chaos_only","ready_high_chaos","fixed_anchor_compact","160","Veneto","160","Veneto","","","RG-160","160","Veneto","unchanged_current_ids","160=ITA","ITA=2","ITA retains at least one 1936 state after the compact set. Trim extension, then compact, before losing the anchor; runtime ownership is authoritative.","Accepted baseline binding remains valid on the installed map.","Installed state history and STATE_n localisation checked.","160-Veneto.txt",""
"IW-021","Trieste Free State","ICX","automatic_pool_ready_if_unique_state_exists","ready_unique_state_confirmed","fixed_anchor_compact","736","Litorale","736","Litorale","","","RG-ADRIATIC-TRIESTE-DALMATIA","736","Istria, with Trieste as the required capital location","unchanged_current_ids","736=ITA","ITA=2","ITA retains at least one 1936 state after the compact set. Trim extension, then compact, before losing the anchor; runtime ownership is authoritative.","Trieste is located in current state 736 Litorale; state 852 Istria does not contain Trieste.","Trieste VP 6626 is in state 736. Installed state history and STATE_n localisation were also checked.","736-Litorale.txt",""
"IW-022","Dalmatia","","vanilla_route_overlay_only","overlay_nonselectable","overlay_carrier_route","103","Dalmatia","103|163","Dalmatia|Zadar","","","RG-ADRIATIC-TRIESTE-DALMATIA","103|163","Dalmatia | Zara","unchanged_current_ids","103=YUG|163=ITA","ITA=2|YUG=107","ITA retains at least one 1936 state after the compact set; YUG retains at least one 1936 state after the compact set. Trim extension, then compact, before losing the anchor; runtime ownership is authoritative.","Dalmatia and Zadar remain the compact coastal package.","Installed state history and STATE_n localisation checked.","103-Croatia.txt|163-Dalmatia.txt",""
"IW-023","Transylvania","TRA","automatic_pool_ready_if_not_living","ready_if_tag_not_living","fixed_anchor_compact","84","Transylvania","84|76","Transylvania|North Transylvania","","","RG-DANUBE-BORDERLAND","84|76","Transylvania | North Transylvania","unchanged_current_ids","76=ROM|84=ROM","ROM=46","ROM retains at least one 1936 state after the compact set. Trim extension, then compact, before losing the anchor; runtime ownership is authoritative.","Transylvania and North Transylvania remain the compact package.","TRA installed cores confirm states 84 and 76. Installed state history and STATE_n localisation were also checked.","76-Northern Transylvania.txt|84-Transylvania.txt",""
"IW-024","Banat","AXX","automatic_pool_ready_if_unique_state_exists","ready_unique_state_confirmed","fixed_anchor_compact","82","Banat","82","Banat","764","West Banat","RG-DANUBE-BORDERLAND","82","Banat","expanded_with_current_splits","82=ROM|764=YUG","ROM=46|YUG=107","ROM retains at least one 1936 state after the compact set. Trim extension, then compact, before losing the anchor; runtime ownership is authoritative.","Banat anchors on state 82; West Banat is optional and collides with Vojvodina's extension.","Installed state history and STATE_n localisation checked.","82-Banat.txt|764-West Banat.txt",""
"IW-025","Vojvodina","","vanilla_route_overlay_only","overlay_nonselectable","overlay_carrier_route","45","Vojvodina","45","Vojvodina","764","West Banat","RG-DANUBE-BORDERLAND","45","Vojvodina","expanded_with_current_splits","45=YUG|764=YUG","YUG=107","YUG retains at least one 1936 state after the compact set. Trim extension, then compact, before losing the anchor; runtime ownership is authoritative.","Vojvodina anchors on state 45; West Banat is optional and collides with Banat's extension.","Installed state history and STATE_n localisation checked.","45-Yugoslavia.txt|764-West Banat.txt",""
"IW-026","Macedonia","MAC","automatic_pool_ready_if_not_living","ready_if_tag_not_living","fixed_anchor_compact","106","Macedonia","106","Macedonia","970","Debar","RG-106","106","Macedonia","expanded_with_current_splits","106=YUG|970=YUG","YUG=107","YUG retains at least one 1936 state after the compact set. Trim extension, then compact, before losing the anchor; runtime ownership is authoritative.","Macedonia anchors on state 106; Debar is optional extension.","MAC installed cores are states 106 and 970. Installed state history and STATE_n localisation were also checked.","106-Macedonia.txt|970 - Western Macedonia.txt",""
"IW-027","Thrace","BAX","automatic_pool_ready_if_unique_state_exists","ready_unique_state_confirmed","fixed_anchor_compact","184","Thrace","184","Thrace","","","RG-184","184","Thrace","unchanged_current_ids","184=GRE","GRE=47","GRE retains at least one 1936 state after the compact set. Trim extension, then compact, before losing the anchor; runtime ownership is authoritative.","Accepted baseline binding remains valid on the installed map.","Installed state history and STATE_n localisation checked.","184-Thrace.txt",""
"IW-028","Epirus","BBX","automatic_pool_ready_if_unique_state_exists","ready_unique_state_confirmed","fixed_anchor_compact","185","Epirus","185","Epirus","805","Northern Epirus","RG-185","185","Epirus","expanded_with_current_splits","185=GRE|805=ALB","ALB=44|GRE=47","GRE retains at least one 1936 state after the compact set. Trim extension, then compact, before losing the anchor; runtime ownership is authoritative.","Epirus anchors on state 185; Northern Epirus is optional extension.","Installed state history and STATE_n localisation checked.","185-Epirus.txt|805-Northern Epirus.txt",""
"IW-029","Bosnia","BOS","automatic_pool_ready_if_not_living","ready_if_tag_not_living","fixed_anchor_compact","104","Bosnia","104","Bosnia","804","Herzegovina","RG-104","104","Bosnia","expanded_with_current_splits","104=YUG|804=YUG","YUG=107","YUG retains at least one 1936 state after the compact set. Trim extension, then compact, before losing the anchor; runtime ownership is authoritative.","Bosnia anchors on state 104; Herzegovina is optional extension.","BOS installed cores are states 104 and 804. Installed state history and STATE_n localisation were also checked.","104-Bosnia.txt|804-Herzegovina.txt",""
"IW-030","Montenegro","MNT","automatic_pool_ready_if_not_living","ready_if_tag_not_living","fixed_anchor_compact","105","Montenegro","105","Montenegro","","","RG-105","105","Montenegro","unchanged_current_ids","105=YUG","YUG=107","YUG retains at least one 1936 state after the compact set. Trim extension, then compact, before losing the anchor; runtime ownership is authoritative.","Accepted baseline binding remains valid on the installed map.","Installed state history and STATE_n localisation checked.","105-Montenegro.txt",""
"IW-031","Kosovo","KOS","automatic_pool_ready_if_unique_state_exists","ready_unique_state_confirmed","fixed_anchor_compact","802","Kosovo","802","Kosovo","","","RG-DANUBE-BORDERLAND","","Kosovo has no unique state in the public 763-state baseline, use a current-map Kosovo state only","new_current_state_binding","802=YUG","YUG=107","YUG retains at least one 1936 state after the compact set. Trim extension, then compact, before losing the anchor; runtime ownership is authoritative.","The installed map has a unique Kosovo state.","Current state 802 is Kosovo. Installed state history and STATE_n localisation were also checked.","802-Kosovo.txt",""
"IW-032","Slavonia","BFX","automatic_pool_ready_if_unique_state_exists","disabled_no_unique_current_state","unbound","","","","","","","RG-DANUBE-BORDERLAND","109","Croatia, with a Slavonia substate required before automatic use","baseline_rejected","","","Not selectable: no authoritative current-map binding.","The installed map still has broad Croatia state 109 and no distinct Slavonia state.","Installed 1081-state map and accepted package requirement checked; no generic substitute assigned.","",""
"IW-033","Karelia","KAR","automatic_pool_ready_if_not_living","ready_if_tag_not_living","fixed_anchor_compact","146","Karjala","146|147","Karjala|Salla","215|216","Onega|Olonets","RG-146","146","Karjala","expanded_with_current_splits","146=FIN|147=FIN|215=SOV|216=SOV","FIN=111|SOV=219","FIN retains at least one 1936 state after the compact set. Trim extension, then compact, before losing the anchor; runtime ownership is authoritative.","Karjala and Salla form the compact set; Onega and Olonets are optional extensions.","KAR installed cores are states 146, 147, 215, and 216. Installed state history and STATE_n localisation were also checked.","146-Karelia.txt|147-Salla.txt|215-Eastern Karelia.txt|216-Below Zero.txt",""
"IW-034","Ingria","BHX","formable_or_route_only","route_only_bound","fixed_anchor_compact","195","Leningrad","195","Leningrad","","","RG-BALTIC-LIVONIA","195","Leningrad, which is protected as a host capital in normal play","unchanged_current_ids","195=SOV","SOV=219","SOV retains at least one 1936 state after the compact set. Trim extension, then compact, before losing the anchor; runtime ownership is authoritative.","Accepted baseline binding remains valid on the installed map.","Installed state history and STATE_n localisation checked.","195-Leningrad Area.txt",""
"IW-035","Livonia","","vanilla_route_overlay_only","overlay_nonselectable","overlay_carrier_route","12","Vidzeme","12|191","Vidzeme|Tartu","","","RG-BALTIC-LIVONIA","12|191","Vidzeme | Tartu, used only for a negotiated Livonian formable","unchanged_current_ids","12=LAT|191=EST","EST=812|LAT=808","EST retains at least one 1936 state after the compact set; LAT retains at least one 1936 state after the compact set. Trim extension, then compact, before losing the anchor; runtime ownership is authoritative.","Vidzeme and Tartu remain the negotiated route-only Livonian compact.","Installed state history and STATE_n localisation checked.","12-Latvia.txt|191-Tartu.txt",""
"IW-036","Courland","BJX","automatic_pool_ready_if_unique_state_exists","ready_unique_state_confirmed","fixed_anchor_compact","190","Kurzeme","190","Kurzeme","","","RG-BALTIC-LIVONIA","190","Kurzeme","unchanged_current_ids","190=LAT","LAT=808","LAT retains at least one 1936 state after the compact set. Trim extension, then compact, before losing the anchor; runtime ownership is authoritative.","Accepted baseline binding remains valid on the installed map.","Installed state history and STATE_n localisation checked.","190-Kurzeme.txt",""
"IW-037","Polesia","BKX","automatic_pool_ready_if_unique_state_exists","ready_unique_state_confirmed","fixed_anchor_compact","94","Polesie","94","Polesie","","","RG-94","94","Polesie","unchanged_current_ids","94=POL","POL=10","POL retains at least one 1936 state after the compact set. Trim extension, then compact, before losing the anchor; runtime ownership is authoritative.","Accepted baseline binding remains valid on the installed map.","Installed state history and STATE_n localisation checked.","94-Polesie.txt",""
"IW-038","Ruthenia","RUT","automatic_pool_ready_if_unique_state_exists","ready_unique_state_confirmed","fixed_anchor_compact","73","Carpathian Ruthenia","73","Carpathian Ruthenia","","","RG-73","73","Carpathian Ruthenia","unchanged_current_ids","73=CZE","CZE=9","CZE retains at least one 1936 state after the compact set. Trim extension, then compact, before losing the anchor; runtime ownership is authoritative.","Accepted baseline binding remains valid on the installed map.","Installed state history and STATE_n localisation checked.","73-Carpathian Ruthenia.txt",""
"IW-039","Cossack Don","DON","automatic_pool_ready_if_not_living","ready_if_tag_not_living","fixed_anchor_compact","245|238","Millerovo|Volgodonsk","245|238","Millerovo|Volgodonsk","","","RG-DON-KUBAN","245|238","Millerovo | Volgodonsk","unchanged_current_ids","238=SOV|245=SOV","SOV=219","SOV retains at least one 1936 state after the compact set. Trim extension, then compact, before losing the anchor; runtime ownership is authoritative.","Accepted baseline binding remains valid on the installed map.","Installed state history and STATE_n localisation checked.","238-volgodonsk.txt|245-Donetsk.txt",""
"IW-040","Kuban Cossack Host","KUB","automatic_pool_ready_if_not_living","ready_if_tag_not_living","fixed_anchor_compact","234","Krasnodar","234","Krasnodar","","","RG-DON-KUBAN","234","Krasnodar","unchanged_current_ids","234=SOV","SOV=219","SOV retains at least one 1936 state after the compact set. Trim extension, then compact, before losing the anchor; runtime ownership is authoritative.","Accepted baseline binding remains valid on the installed map.","Installed state history and STATE_n localisation checked.","234-Krasodar.txt",""
"IW-041","Crimean Tatar state","CRI","automatic_pool_ready_if_not_living","ready_if_tag_not_living","fixed_anchor_compact","137","Crimea","137","Crimea","","","RG-137","137","Crimea","unchanged_current_ids","137=SOV","SOV=219","SOV retains at least one 1936 state after the compact set. Trim extension, then compact, before losing the anchor; runtime ownership is authoritative.","Accepted baseline binding remains valid on the installed map.","Installed state history and STATE_n localisation checked.","137-Crimea.txt",""
"IW-042","Galicia-Lodomeria","GAL","high_chaos_only","ready_high_chaos","fixed_anchor_compact","91","Lwów","91|89","Lwów|Stanisławów","","","RG-91-89","91|89","Lwow | Stanislawow","unchanged_current_ids","89=POL|91=POL","POL=10","POL retains at least one 1936 state after the compact set. Trim extension, then compact, before losing the anchor; runtime ownership is authoritative.","Lwów and Stanisławów remain the compact high-chaos package.","Installed state history and STATE_n localisation checked.","89-Krakow.txt|91-Tarnopol.txt",""
"IW-043","Volga Bulgaria","CHU","high_chaos_only","ready_high_chaos","fixed_anchor_compact","249|256","Kazan|Chuvashia","249|256","Kazan|Chuvashia","","","RG-MIDDLE-VOLGA-KAZAN","249|256","Kazan | Cheboksary","unchanged_current_ids","249=SOV|256=SOV","SOV=219","SOV retains at least one 1936 state after the compact set. Trim extension, then compact, before losing the anchor; runtime ownership is authoritative.","Accepted baseline binding remains valid on the installed map.","Installed state history and STATE_n localisation checked.","249-Kazan.txt|256-Cheboksary.txt",""
"IW-044","Tatarstan","TAT","automatic_pool_ready_if_not_living","ready_if_tag_not_living","fixed_anchor_compact","249","Kazan","249","Kazan","","","RG-MIDDLE-VOLGA-KAZAN","249","Kazan","unchanged_current_ids","249=SOV","SOV=219","SOV retains at least one 1936 state after the compact set. Trim extension, then compact, before losing the anchor; runtime ownership is authoritative.","Accepted baseline binding remains valid on the installed map.","Installed state history and STATE_n localisation checked.","249-Kazan.txt",""
"IW-045","Bashkiria","BSK","automatic_pool_ready_if_not_living","ready_if_tag_not_living","fixed_anchor_compact","651","Ufa","651","Ufa","","","RG-651","651","Ufa","unchanged_current_ids","651=SOV","SOV=219","SOV retains at least one 1936 state after the compact set. Trim extension, then compact, before losing the anchor; runtime ownership is authoritative.","Accepted baseline binding remains valid on the installed map.","Installed state history and STATE_n localisation checked.","651-Sov state 5.txt",""
"IW-046","Chuvashia","CHU","automatic_pool_ready_if_not_living","ready_if_tag_not_living","fixed_anchor_compact","256","Chuvashia","256","Chuvashia","","","RG-MIDDLE-VOLGA-KAZAN","256","Cheboksary","unchanged_current_ids","256=SOV","SOV=219","SOV retains at least one 1936 state after the compact set. Trim extension, then compact, before losing the anchor; runtime ownership is authoritative.","Accepted baseline binding remains valid on the installed map.","Installed state history and STATE_n localisation checked.","256-Cheboksary.txt",""
"IW-047","Mari El","MEL","automatic_pool_ready_if_unique_state_exists","ready_unique_state_confirmed","fixed_anchor_compact","833","Mari El","833","Mari El","","","RG-MIDDLE-VOLGA-KAZAN","256","Cheboksary, only if a distinct Mari substate exists in the installed map","rebound_to_current_split","833=SOV","SOV=219","SOV retains at least one 1936 state after the compact set. Trim extension, then compact, before losing the anchor; runtime ownership is authoritative.","The installed map provides a unique Mari El state.","Current state 833 is Mari El; MEL installed core is state 833. Installed state history and STATE_n localisation were also checked.","833 - Mari El.txt",""
"IW-048","Udmurtia","UDM","automatic_pool_ready_if_not_living","ready_if_tag_not_living","fixed_anchor_compact","399","Udmurtia","399","Udmurtia","","","RG-399","399","Izhevsk","unchanged_current_ids","399=SOV","SOV=219","SOV retains at least one 1936 state after the compact set. Trim extension, then compact, before losing the anchor; runtime ownership is authoritative.","Accepted baseline binding remains valid on the installed map.","Installed state history and STATE_n localisation checked.","399-Izhevsk.txt",""
"IW-049","Mordovia","BWX","automatic_pool_ready_if_unique_state_exists","disabled_no_unique_current_state","unbound","","","","","","","RG-MORDOVIA","","Mordovia or Penza map group, current-map split required","unbound_current_map","","","Not selectable: no authoritative current-map binding.","Mordovia or Penza map group, current-map split required","Installed 1081-state map and accepted package requirement checked; no generic substitute assigned.","",""
"IW-050","Komi","KOM","automatic_pool_ready_if_not_living","ready_if_tag_not_living","fixed_anchor_compact","397","Syktyvkar","397","Syktyvkar","262|581","Pechora|Northern Urals","RG-397","397","Syktyvkar","expanded_with_current_splits","262=SOV|397=SOV|581=SOV","SOV=219","SOV retains at least one 1936 state after the compact set. Trim extension, then compact, before losing the anchor; runtime ownership is authoritative.","Syktyvkar is the anchor; Pechora and the northern interior are optional extensions.","KOM installed core is state 397. Installed state history and STATE_n localisation were also checked.","262-Torzhok.txt|397-Syktyvkar.txt|581-Northern Urals.txt",""
"IW-051","Sakha","YAK","automatic_pool_ready_if_not_living","ready_if_tag_not_living","fixed_anchor_compact","574","Yakutsk","574","Yakutsk","644|876|877","Kolyma|Udachny|Verkhoyansk","RG-574","574","Yakutsk","expanded_with_current_splits","574=SOV|644=SOV|876=SOV|877=SOV","SOV=219","SOV retains at least one 1936 state after the compact set. Trim extension, then compact, before losing the anchor; runtime ownership is authoritative.","Yakutsk is the anchor; Kolyma, Udachny, and Verkhoyansk are optional extensions.","Installed state history and STATE_n localisation checked.","574-Siberia 1.txt|644-state 3.txt|876-Udachny.txt|877-Verkhoyansk.txt",""
"IW-052","Buryatia","BYA","automatic_pool_ready_if_not_living","ready_if_tag_not_living","fixed_anchor_compact","564","Buryatia","564","Buryatia","","","RG-564","564","Ulan Ude","unchanged_current_ids","564=SOV","SOV=219","SOV retains at least one 1936 state after the compact set. Trim extension, then compact, before losing the anchor; runtime ownership is authoritative.","Accepted baseline binding remains valid on the installed map.","Installed state history and STATE_n localisation checked.","564-TS 6.txt",""
"IW-053","Altai","ALT","automatic_pool_ready_if_not_living","ready_if_tag_not_living","fixed_anchor_compact","654","Oyrot Region","654","Oyrot Region","40","Altai Krai","RG-654-40","654|40","Gorno-Altaysk | Barnaul","restructured_with_current_splits","40=SOV|654=SOV","SOV=219","SOV retains at least one 1936 state after the compact set. Trim extension, then compact, before losing the anchor; runtime ownership is authoritative.","The Oyrot Region is the anchor; Altai Krai is optional extension.","Installed state history and STATE_n localisation checked.","40-USSR.txt|654-sov state 8.txt",""
"IW-054","Khakassia","KHA","automatic_pool_ready_if_unique_state_exists","ready_unique_state_confirmed","fixed_anchor_compact","569","Khakassia","569","Khakassia","","","RG-KHAKASSIA","","Khakass or Minusinsk map group, current-map state required","new_current_state_binding","569=SOV","SOV=219","SOV retains at least one 1936 state after the compact set. Trim extension, then compact, before losing the anchor; runtime ownership is authoritative.","The installed map provides a unique Khakassia state.","Current state 569 is Khakassia; KHA installed core is state 569. Installed state history and STATE_n localisation were also checked.","569-TS 11.txt",""
"IW-055","Nenets state","NEN","specific_community_variant_only","specific_variant_only_bound","fixed_anchor_compact","825","Nenets","825","Nenets","","","RG-579","579","Salekhard, used only when a distinct Nenets or Yamalo-Nenets package exists","rebound_to_current_split","825=SOV","SOV=219","SOV retains at least one 1936 state after the compact set. Trim extension, then compact, before losing the anchor; runtime ownership is authoritative.","The installed map provides a unique Nenets state; the package remains specific-community-only.","Current state 825 is Nenets; NEN installed core is state 825. Installed state history and STATE_n localisation were also checked.","825 - Nenetsia.txt",""
"IW-056","Evenk state","EVE","specific_community_variant_only","specific_variant_only_unbound","unbound","","","","","","","RG-EVENK-STATE","","Evenkia river-settlement map group, current-map state required","unbound_current_map","","","Not selectable: no authoritative current-map binding.","Evenkia river-settlement map group, current-map state required","Installed 1081-state map and accepted package requirement checked; no generic substitute assigned.","",""
"IW-057","Far Eastern Republic","FER","automatic_pool_ready_if_not_living","ready_if_tag_not_living","choose_one_ordered","408|409","Vladivostok|Khabarovsk","408|409","Vladivostok|Khabarovsk","","","RG-408-409","408|409","Vladivostok | Khabarovsk","unchanged_current_ids","408=SOV|409=SOV","SOV=219","Alternatives evaluated independently: 408=SOV retains at least one 1936 state; 409=SOV retains at least one 1936 state. Runtime ownership remains authoritative.","Vladivostok and Khabarovsk are ordered alternative anchors, not a cumulative compact set.","Installed state history and STATE_n localisation checked.","408-Vladivostok.txt|409-Khabarovsk.txt",""
"IW-058","Assyria","ASY","high_chaos_only","ready_high_chaos","fixed_anchor_compact","676","Mosul","676","Mosul","","","RG-NORTHERN-MESOPOTAMIA","676","Mosul","unchanged_current_ids","676=IRQ","IRQ=291","IRQ retains at least one 1936 state after the compact set. Trim extension, then compact, before losing the anchor; runtime ownership is authoritative.","Accepted baseline binding remains valid on the installed map.","Installed state history and STATE_n localisation checked.","676-Mosul.txt",""
"IW-059","Mesopotamia","","vanilla_route_overlay_only","overlay_nonselectable","overlay_carrier_route","291","Baghdad","291","Baghdad","","","RG-LEVANT-MESOPOTAMIA-COARSE","291","Baghdad","unchanged_current_ids","291=IRQ","IRQ=291","IRQ anchor contains protected capital state 291: skip/reject while protection applies; IRQ retains at least one 1936 state after the compact set. Trim extension, then compact, before losing the anchor; runtime ownership is authoritative.","Accepted baseline binding remains valid on the installed map.","Installed state history and STATE_n localisation checked.","291-Iraq.txt",""
"IW-060","Kurdistan","KUR","automatic_pool_ready_if_not_living","ready_if_tag_not_living","fixed_anchor_compact","1001","Kurdistan","1001","Kurdistan","","","RG-NORTHERN-MESOPOTAMIA","421","Kurdistan","rebound_to_current_split","1001=PER","PER=266","PER retains at least one 1936 state after the compact set. Trim extension, then compact, before losing the anchor; runtime ownership is authoritative.","Current state 1001 is the dedicated Kurdistan anchor; broader KUR cores are not granted automatically.","KUR installed cores include state 1001. Installed state history and STATE_n localisation were also checked.","1001-Kurdistan.txt",""
"IW-061","Luristan","CIX","automatic_pool_ready_if_unique_state_exists","disabled_no_unique_current_state","unbound","","","","","","","RG-LURISTAN","","Luristan map group, current-map state required","unbound_current_map","","","Not selectable: no authoritative current-map binding.","Luristan map group, current-map state required","Installed 1081-state map and accepted package requirement checked; no generic substitute assigned.","",""
"IW-062","Khuzestan or Arabistan","CJX","automatic_pool_ready_if_unique_state_exists","ready_unique_state_confirmed","fixed_anchor_compact","413","Khuzestan","413","Khuzestan","","","RG-413","413","Khuzestan","unchanged_current_ids","413=PER","PER=266","PER retains at least one 1936 state after the compact set. Trim extension, then compact, before losing the anchor; runtime ownership is authoritative.","Accepted baseline binding remains valid on the installed map.","Installed state history and STATE_n localisation checked.","413-Khuzestan.txt",""
"IW-063","Bakhtiari","CKX","automatic_pool_ready_if_unique_state_exists","disabled_no_unique_current_state","unbound","","","","","","","RG-BAKHTIARI","","Bakhtiari highland map group, current-map state required","unbound_current_map","","","Not selectable: no authoritative current-map binding.","Bakhtiari highland map group, current-map state required","Installed 1081-state map and accepted package requirement checked; no generic substitute assigned.","",""
"IW-064","Circassia","CLX","high_chaos_only","ready_high_chaos","fixed_anchor_compact","827","Kabardino-Balkaria","827","Kabardino-Balkaria","","","RG-234","234","Krasnodar, only with a distinct northwest Caucasus split","rebound_to_current_split","827=SOV","SOV=219","SOV retains at least one 1936 state after the compact set. Trim extension, then compact, before losing the anchor; runtime ownership is authoritative.","Kabardino-Balkaria is the installed northwest Caucasus split used for the high-chaos Circassian package.","Current state 827 is Kabardino-Balkaria. Installed state history and STATE_n localisation were also checked.","827 - Kabardino-Balkaria.txt",""
"IW-065","Chechnya","CIN","automatic_pool_ready_if_unique_state_exists","ready_unique_state_confirmed","fixed_anchor_compact","821","Chechnya-Ingushetia","821","Chechnya-Ingushetia","","","RG-232","232","Grozny","rebound_to_current_split","821=SOV","SOV=219","SOV retains at least one 1936 state after the compact set. Trim extension, then compact, before losing the anchor; runtime ownership is authoritative.","The installed map provides a unique Chechnya-Ingushetia state.","CIN installed core is state 821. Installed state history and STATE_n localisation were also checked.","821 - Chenchnya-Ingushetia.txt",""
"IW-066","Dagestan","DAG","automatic_pool_ready_if_unique_state_exists","ready_unique_state_confirmed","fixed_anchor_compact","232","Dagestan","232","Dagestan","","","RG-DAGESTAN","","Dagestan map group, current-map state required","new_current_state_binding","232=SOV","SOV=219","SOV retains at least one 1936 state after the compact set. Trim extension, then compact, before losing the anchor; runtime ownership is authoritative.","The installed map provides a unique Dagestan state.","DAG installed core is state 232. Installed state history and STATE_n localisation were also checked.","232-Grozny.txt",""
"IW-067","Lazistan","COX","automatic_pool_ready_if_unique_state_exists","ready_unique_state_confirmed","fixed_anchor_compact","354","Trabzon","354","Trabzon","","","RG-LAZISTAN","","Lazistan or Trabzon coastal map group, current-map state required","new_current_state_binding","354=TUR","TUR=49","TUR retains at least one 1936 state after the compact set. Trim extension, then compact, before losing the anchor; runtime ownership is authoritative.","Trabzon is the only defensible installed Lazistan coast anchor; it collides cross-group with Pontus.","Current state 354 is Trabzon. Installed state history and STATE_n localisation were also checked.","354-Trabzon.txt",""
"IW-068","Pontus","CPX","high_chaos_only","ready_high_chaos","fixed_anchor_compact","354","Trabzon","354","Trabzon","","","RG-PONTUS","","Pontic or Trabzon coastal map group, current-map state required","new_current_state_binding","354=TUR","TUR=49","TUR retains at least one 1936 state after the compact set. Trim extension, then compact, before losing the anchor; runtime ownership is authoritative.","Trabzon is the only defensible installed Pontic coast anchor; it collides cross-group with Lazistan.","Current state 354 is Trabzon. Installed state history and STATE_n localisation were also checked.","354-Trabzon.txt",""
"IW-069","Cilicia","CQX","high_chaos_only","ready_high_chaos","fixed_anchor_compact","345","Mersin","345","Mersin","","","RG-CILICIA","","Cilicia or Adana map group, current-map state required","new_current_state_binding","345=TUR","TUR=49","TUR retains at least one 1936 state after the compact set. Trim extension, then compact, before losing the anchor; runtime ownership is authoritative.","Mersin is the current Cilician coast anchor; broad Malatya state 344 is not added.","Mersin VP 10056 is in state 345. Installed state history and STATE_n localisation were also checked.","345-Mersin.txt",""
"IW-070","Armenia","ARM","automatic_pool_ready_if_not_living","ready_if_tag_not_living","fixed_anchor_compact","230","Armenia","230","Armenia","","","RG-230","230","Armenia","unchanged_current_ids","230=SOV","SOV=219","SOV retains at least one 1936 state after the compact set. Trim extension, then compact, before losing the anchor; runtime ownership is authoritative.","Accepted baseline binding remains valid on the installed map.","Installed state history and STATE_n localisation checked.","230-Armenia.txt",""
"IW-071","Georgia","GEO","automatic_pool_ready_if_not_living","ready_if_tag_not_living","fixed_anchor_compact","231","Georgia","231","Georgia","","","RG-231","231","Georgia","unchanged_current_ids","231=SOV","SOV=219","SOV retains at least one 1936 state after the compact set. Trim extension, then compact, before losing the anchor; runtime ownership is authoritative.","Accepted baseline binding remains valid on the installed map.","Installed state history and STATE_n localisation checked.","231-Georgia.txt",""
"IW-072","Azerbaijan","AZR","automatic_pool_ready_if_not_living","ready_if_tag_not_living","fixed_anchor_compact","229","Azerbaijan","229","Azerbaijan","","","RG-229","229","Azerbaijan","unchanged_current_ids","229=SOV","SOV=219","SOV retains at least one 1936 state after the compact set. Trim extension, then compact, before losing the anchor; runtime ownership is authoritative.","Accepted baseline binding remains valid on the installed map.","Installed state history and STATE_n localisation checked.","229-baku.txt",""
"IW-073","Hejaz","CUX","automatic_pool_ready","ready_automatic","fixed_anchor_compact","679","Madinah","679|856","Madinah|Asir-Makkah","855","Tabuk","RG-ARABIA-HEJAZ-NAJD","679","Hejaz","expanded_with_current_splits","679=SAU|855=SAU|856=SAU","SAU=292","SAU retains at least one 1936 state after the compact set. Trim extension, then compact, before losing the anchor; runtime ownership is authoritative.","Madinah and Asir-Makkah form the compact Hejaz set; Tabuk is optional extension.","Medina VP 12758 is in state 679; Mecca VP 5037 is in state 856. Installed state history and STATE_n localisation were also checked.","679-Hejaz.txt|855-Tabuk.txt|856-Asir-Makkah.txt",""
"IW-074","Najd","CVX","formable_or_route_only","route_only_bound","fixed_anchor_compact","292","Nejd","292|857","Nejd|Al-Qassim","","","RG-ARABIA-HEJAZ-NAJD","292","Nejd, normally protected because it contains the Saudi capital","expanded_with_current_splits","292=SAU|857=SAU","SAU=292","SAU anchor contains protected capital state 292: skip/reject while protection applies; SAU retains at least one 1936 state after the compact set. Trim extension, then compact, before losing the anchor; runtime ownership is authoritative.","The route-only Najd package uses Nejd and Al-Qassim and remains protected by the Saudi capital gate.","Installed state history and STATE_n localisation checked.","292-Saudi Arabia.txt|857-Ha'il.txt",""
"IW-075","Jabal Shammar","CWX","high_chaos_only","disabled_no_unique_current_state","unbound","","","","","","","RG-ARABIA-HEJAZ-NAJD","292","Nejd, with a Ha'il substate required","baseline_rejected","","","Not selectable: no authoritative current-map binding.","Current Nejd is still too broad and the installed map has no unique Ha'il or Jabal Shammar state.","Installed 1081-state map and accepted package requirement checked; no generic substitute assigned.","",""
"IW-076","Hadhramaut","CXX","automatic_pool_ready_if_unique_state_exists","ready_unique_state_confirmed","fixed_anchor_compact","659","South Yemen","659","South Yemen","","","RG-HADHRAMAUT","","Hadhramaut map group, current-map state required","new_current_state_binding","659=ENG","ENG=126","ENG retains at least one 1936 state after the compact set. Trim extension, then compact, before losing the anchor; runtime ownership is authoritative.","South Yemen is the installed map group containing the Hadhramaut capital location.","Al Mukalla VP 2029 is in state 659. Installed state history and STATE_n localisation were also checked.","659-Arabian UK 2.txt",""
"IW-077","Mahra","CYX","scenario_variant_only","scenario_only_unbound","unbound","","","","","","","RG-MAHRA","","Mahra map group, current-map state required","unbound_current_map","","","Not selectable: no authoritative current-map binding.","Mahra map group, current-map state required","Installed 1081-state map and accepted package requirement checked; no generic substitute assigned.","",""
"IW-078","Oman Imamate","IMO","automatic_pool_ready_if_unique_state_exists","ready_unique_state_confirmed","fixed_anchor_compact","1015","Oman","1015","Oman","","","RG-294","294","Oman, with a distinct interior imamate state required","rebound_to_current_split","1015=OMA","OMA=294","OMA retains at least one 1936 state after the compact set. Trim extension, then compact, before losing the anchor; runtime ownership is authoritative.","The installed map splits interior Oman from Muscat.","Current state 1015 is Oman; IMO installed core is state 1015. Installed state history and STATE_n localisation were also checked.","1015 - Interior Oman.txt",""
"IW-079","Druze Mountain","DAX","specific_community_variant_only","specific_variant_only_unbound","unbound","","","","","","","RG-LEVANT-MESOPOTAMIA-COARSE","554","Damascus, with a Jabal al-Druze substate required","baseline_rejected","","","Not selectable: no authoritative current-map binding.","The installed map has no unique Jabal al-Druze state; broad Damascus state 554 is rejected.","Installed 1081-state map and accepted package requirement checked; no generic substitute assigned.","",""
"IW-080","Alawite State","DBX","specific_community_variant_only","specific_variant_only_unbound","unbound","","","","","","","RG-LEVANT-MESOPOTAMIA-COARSE","677","Aleppo, with a distinct Syrian coastal state required","baseline_rejected","","","Not selectable: no authoritative current-map binding.","The installed map has no unique Syrian coastal or Alawite state; broad Aleppo state 677 is rejected.","Installed 1081-state map and accepted package requirement checked; no generic substitute assigned.","",""
"IW-081","Lebanon","LEB","automatic_pool_ready_if_not_living","ready_if_tag_not_living","fixed_anchor_compact","553","Lebanon","553","Lebanon","","","RG-LEVANT-MESOPOTAMIA-COARSE","553","Lebanon","unchanged_current_ids","553=LEB","LEB=553","LEB anchor contains protected capital state 553: skip/reject while protection applies; LEB anchor would erase the 1936 host: reject. Trim extension, then compact, before losing the anchor; runtime ownership is authoritative.","Accepted baseline binding remains valid on the installed map.","Installed state history and STATE_n localisation checked.","553-Lebanon.txt",""
"IW-082","Palestine","PAL","automatic_pool_ready_if_not_living","ready_if_tag_not_living","fixed_anchor_compact","454","Palestine","454","Palestine","","","RG-LEVANT-MESOPOTAMIA-COARSE","454","Palestine","unchanged_current_ids","454=PAL","PAL=454","PAL anchor contains protected capital state 454: skip/reject while protection applies; PAL anchor would erase the 1936 host: reject. Trim extension, then compact, before losing the anchor; runtime ownership is authoritative.","Accepted baseline binding remains valid on the installed map.","Installed state history and STATE_n localisation checked.","454-Israel.txt",""
"IW-083","Rif","RIF","automatic_pool_ready_if_unique_state_exists","ready_unique_state_confirmed","fixed_anchor_compact","290","Spanish Africa","290","Spanish Africa","","","RG-MAGHREB-MOUNTAIN","","Rif map group, use the registered tag core set in the installed build","new_current_state_binding","290=SPR","SPR=41","SPR retains at least one 1936 state after the compact set. Trim extension, then compact, before losing the anchor; runtime ownership is authoritative.","The registered Rif tag's installed core identifies the usable map state despite its broad display name.","RIF installed core is state 290. Installed state history and STATE_n localisation were also checked.","290-Spanish Africa.txt",""
"IW-084","Kabylia","DFX","automatic_pool_ready_if_unique_state_exists","disabled_no_unique_current_state","unbound","","","","","","","RG-MAGHREB-MOUNTAIN","460","Constantine, with a Kabyle mountain substate required","baseline_rejected","","","Not selectable: no authoritative current-map binding.","The installed map has no unique Kabyle mountain state; broad Constantine state 460 is rejected.","Installed 1081-state map and accepted package requirement checked; no generic substitute assigned.","",""
"IW-085","Cyrenaica","","vanilla_route_overlay_only","overlay_nonselectable","overlay_carrier_route","450","Benghasi","450|451|663","Benghasi|Derna|Cyrenaica","","","RG-663","663","Cyrenaica","expanded_with_current_splits","450=ITA|451=ITA|663=ITA","ITA=2","ITA retains at least one 1936 state after the compact set. Trim extension, then compact, before losing the anchor; runtime ownership is authoritative.","Benghasi, Derna, and Cyrenaica form the compact package.","Benghasi VP evidence and the current Cyrenaican split support states 450, 451, and 663. Installed state history and STATE_n localisation were also checked.","450-Benghasi.txt|451-Derna.txt|663-Cyrenaica.txt",""
"IW-086","Tripolitania","DHX","automatic_pool_ready","ready_automatic","fixed_anchor_compact","448","Tripoli","448|661","Tripoli|Tripolitania","662","Sirte","RG-661","661","Tripolitania","expanded_with_current_splits","448=ITA|661=ITA|662=ITA","ITA=2","ITA retains at least one 1936 state after the compact set. Trim extension, then compact, before losing the anchor; runtime ownership is authoritative.","Tripoli and Tripolitania form the compact set; Sirte is optional extension.","Tripoli VP 1149 is in state 448. Installed state history and STATE_n localisation were also checked.","448-Tripoli.txt|661-Tripolitania.txt|662-Sirte.txt",""
"IW-087","Fezzan","HYX","automatic_pool_ready_if_unique_state_exists","disabled_no_unique_current_state","unbound","","","","","","","RG-FEZZAN","","Fezzan map group, current-map state required","unbound_current_map","","","Not selectable: no authoritative current-map binding.","The installed map has no unique Fezzan state.","Installed 1081-state map and accepted package requirement checked; no generic substitute assigned.","",""
"IW-088","Tuareg Confederation","DJX","specific_community_variant_only","specific_variant_only_unbound","unbound","","","","","","","RG-SAHARA-CONFEDERATIONS","514|515","Algerian Desert | Southern Sahara, only after a named confederation package is selected","baseline_rejected","","","Not selectable: no authoritative current-map binding.","The accepted package requires a named Tuareg confederation; broad desert states 514 and 515 are not a substitute.","Installed 1081-state map and accepted package requirement checked; no generic substitute assigned.","",""
"IW-089","Darfur","DKX","automatic_pool_ready_if_unique_state_exists","ready_unique_state_confirmed","fixed_anchor_compact","767","North Darfur","767|887","North Darfur|South Darfur","","","RG-549","549","Sudan, with a distinct Darfur state required","rebound_to_current_split","767=ENG|887=ENG","ENG=126","ENG retains at least one 1936 state after the compact set. Trim extension, then compact, before losing the anchor; runtime ownership is authoritative.","North and South Darfur replace the old broad Sudan baseline.","Current states 767 and 887 are North Darfur and South Darfur. Installed state history and STATE_n localisation were also checked.","767-North Darfur.txt|887-South Darfur.txt",""
"IW-090","Wadai","DLX","high_chaos_only","disabled_no_unique_current_state","unbound","","","","","","","RG-SAHARA-CONFEDERATIONS","","Wadai or Ouaddai map group, current-map state required","unbound_current_map","","","Not selectable: no authoritative current-map binding.","The installed map has no unique Wadai or Ouaddai state.","Installed 1081-state map and accepted package requirement checked; no generic substitute assigned.","",""
"IW-091","Toubou state","DMX","specific_community_variant_only","specific_variant_only_bound","fixed_anchor_compact","775","B.E.T.","775","B.E.T.","","","RG-SAHARA-CONFEDERATIONS","","Tibesti or Toubou map group, current-map state required","new_current_state_binding","775=FRA","FRA=16","FRA retains at least one 1936 state after the compact set. Trim extension, then compact, before losing the anchor; runtime ownership is authoritative.","B.E.T. is the installed Tibesti map state; the package remains specific-community-only.","Current state 775 is B.E.T. Installed state history and STATE_n localisation were also checked.","775-B.E.T..txt",""
"IW-092","Amazigh Atlas state","DNX","specific_community_variant_only","specific_variant_only_unbound","unbound","","","","","","","RG-MAGHREB-MOUNTAIN","462","Marrakech, only after a named Atlas community package is selected","baseline_rejected","","","Not selectable: no authoritative current-map binding.","The accepted package requires a named Atlas community; broad Marrakech state 462 is not a substitute.","Installed 1081-state map and accepted package requirement checked; no generic substitute assigned.","",""
"IW-093","Asante","DOX","high_chaos_only","ready_high_chaos","fixed_anchor_compact","274","Ghana","274","Ghana","","","RG-GHANA-ASANTE-FANTE","274","Ghana, with Kumasi as the required capital location","unchanged_current_ids","274=ENG","ENG=126","ENG retains at least one 1936 state after the compact set. Trim extension, then compact, before losing the anchor; runtime ownership is authoritative.","The high-chaos package retains broad Ghana only because the accepted direction explicitly requires Kumasi as its capital location.","Kumasi VP 12787 is in state 274. Installed state history and STATE_n localisation were also checked.","274-British Africa.txt",""
"IW-094","Fante","DPX","automatic_pool_ready_if_unique_state_exists","disabled_no_unique_current_state","unbound","","","","","","","RG-GHANA-ASANTE-FANTE","274","Ghana, with Cape Coast as the required capital location","baseline_rejected","","","Not selectable: no authoritative current-map binding.","The installed map has no distinct Fante or Cape Coast state separate from broad Ghana state 274.","Installed 1081-state map and accepted package requirement checked; no generic substitute assigned.","",""
"IW-095","Dahomey","DAH","automatic_pool_ready_if_unique_state_exists","ready_unique_state_confirmed","fixed_anchor_compact","776","Dahomey","776","Dahomey","","","RG-NIGERIA-COARSE","556","French West Africa, with an Abomey or Dahomey state required","rebound_to_current_split","776=FRA","FRA=16","FRA retains at least one 1936 state after the compact set. Trim extension, then compact, before losing the anchor; runtime ownership is authoritative.","The installed map provides a dedicated Dahomey state.","Current state 776 is Dahomey; DAH installed core is state 776. Installed state history and STATE_n localisation were also checked.","776-Dahomey.txt",""
"IW-096","Benin Kingdom","BIA","automatic_pool_ready_if_unique_state_exists","disabled_no_unique_current_state","unbound","","","","","","","RG-NIGERIA-COARSE","558","Nigeria, with Benin City as the required capital location","baseline_rejected","","","Not selectable: no authoritative current-map binding.","The installed map has no unique Edo or Benin City state; broad Lagos state 558 is rejected.","Installed 1081-state map and accepted package requirement checked; no generic substitute assigned.","",""
"IW-097","Oyo","DSX","high_chaos_only","ready_high_chaos","fixed_anchor_compact","558","Lagos","558","Lagos","","","RG-NIGERIA-COARSE","558","Nigeria, with Oyo or Ibadan as the required capital location","unchanged_current_ids","558=ENG","ENG=126","ENG retains at least one 1936 state after the compact set. Trim extension, then compact, before losing the anchor; runtime ownership is authoritative.","Accepted baseline binding remains valid on the installed map.","Installed state history and STATE_n localisation checked.","558-Nigeria.txt",""
"IW-098","Sokoto","SOK","automatic_pool_ready_if_not_living","ready_if_tag_not_living","fixed_anchor_compact","902","Sokoto","902","Sokoto","","","RG-NIGERIA-COARSE","558","Nigeria, with Sokoto as the required capital location","rebound_to_current_split","902=ENG","ENG=126","ENG retains at least one 1936 state after the compact set. Trim extension, then compact, before losing the anchor; runtime ownership is authoritative.","The installed map provides a dedicated Sokoto state.","Sokoto VP 1891 is in state 902; SOK installed cores include state 902. Installed state history and STATE_n localisation were also checked.","902-Sokoto.txt",""
"IW-099","Kanem-Bornu","DUX","high_chaos_only","ready_high_chaos","fixed_anchor_compact","901","Borno","901","Borno","","","RG-NIGERIA-COARSE","558","Nigeria or Lake Chad map group, with a Bornu state required","rebound_to_current_split","901=ENG","ENG=126","ENG retains at least one 1936 state after the compact set. Trim extension, then compact, before losing the anchor; runtime ownership is authoritative.","The installed map provides a dedicated Borno state.","Current state 901 is Borno. Installed state history and STATE_n localisation were also checked.","901-Borno.txt",""
"IW-100","Hausa Federation","DVX","formable_or_route_only","route_only_bound","fixed_anchor_compact","902","Sokoto","902","Sokoto","","","RG-NIGERIA-COARSE","558","Nigeria, reserved for a later Hausa federal formable","rebound_to_current_split","902=ENG","ENG=126","ENG retains at least one 1936 state after the compact set. Trim extension, then compact, before losing the anchor; runtime ownership is authoritative.","The Hausa package remains route-only and shares the Sokoto reservation.","Installed state history and STATE_n localisation checked.","902-Sokoto.txt",""
"IW-101","Kongo","","vanilla_route_overlay_only","overlay_nonselectable","overlay_carrier_route","295","Léopoldville","295","Léopoldville","","","RG-CONGO-BASIN-COARSE","538","Central Congo, with a Kongo or lower Congo substate required","rebound_to_current_split","295=BEL","BEL=6","BEL retains at least one 1936 state after the compact set. Trim extension, then compact, before losing the anchor; runtime ownership is authoritative.","The high-chaos Kongo package uses the current lower-Congo capital region and does not claim the entire Congo Basin.","Current state 295 is Léopoldville. Installed state history and STATE_n localisation were also checked.","295-Congo.txt",""
"IW-102","Kuba","","vanilla_route_overlay_only","overlay_nonselectable","overlay_carrier_route","","","","","","","RG-CONGO-BASIN-COARSE","538","Central Congo, with a Kuba substate required","baseline_rejected","","","Not selectable: no authoritative current-map binding.","The installed map has no uniquely evidenced Kuba state; broad Congo state 538 is rejected.","Installed 1081-state map and accepted package requirement checked; no generic substitute assigned.","",""
"IW-103","Luba","DYX","automatic_pool_ready_if_unique_state_exists","disabled_no_unique_current_state","unbound","","","","","","","RG-CONGO-BASIN-COARSE","538","Central Congo, with a Luba substate required","baseline_rejected","","","Not selectable: no authoritative current-map binding.","The installed map has no uniquely evidenced Luba state; broad Congo state 538 is rejected.","Installed 1081-state map and accepted package requirement checked; no generic substitute assigned.","",""
"IW-104","Lunda","DZX","high_chaos_only","disabled_no_unique_current_state","unbound","","","","","","","RG-CONGO-BASIN-COARSE","538","Central Congo, with a Lunda substate required","baseline_rejected","","","Not selectable: no authoritative current-map binding.","The installed map has no uniquely evidenced Lunda state; broad Congo state 538 is rejected.","Installed 1081-state map and accepted package requirement checked; no generic substitute assigned.","",""
"IW-105","Loango","","vanilla_route_overlay_only","overlay_nonselectable","overlay_carrier_route","","","","","","","RG-CONGO-BASIN-COARSE","660","Equatorial Africa, with a Loango coastal substate required","baseline_rejected","","","Not selectable: no authoritative current-map binding.","The installed map has no uniquely evidenced Loango coastal state; broad Equatorial Africa state 660 is rejected.","Installed 1081-state map and accepted package requirement checked; no generic substitute assigned.","",""
"IW-106","Aro Confederacy","EBX","high_chaos_only","ready_high_chaos","fixed_anchor_compact","900","Benue","900","Benue","","","RG-NIGERIA-COARSE","558","Nigeria, with an Aro or southeast Nigerian substate required","rebound_to_current_split","900=ENG","ENG=126","ENG retains at least one 1936 state after the compact set. Trim extension, then compact, before losing the anchor; runtime ownership is authoritative.","The high-chaos Aro package uses the current southeast Nigerian split.","Current state 900 is Benue. Installed state history and STATE_n localisation were also checked.","900-Benue.txt",""
"IW-107","Biafran regional state","BIA","automatic_pool_ready_if_unique_state_exists","ready_unique_state_confirmed","fixed_anchor_compact","900","Benue","900","Benue","","","RG-NIGERIA-COARSE","558","Nigeria, with a southeast Nigerian or Biafran state required","rebound_to_current_split","900=ENG","ENG=126","ENG retains at least one 1936 state after the compact set. Trim extension, then compact, before losing the anchor; runtime ownership is authoritative.","The installed Biafran core identifies the current southeast Nigerian split.","BIA installed core is state 900. Installed state history and STATE_n localisation were also checked.","900-Benue.txt",""
"IW-108","Buganda","UGA","automatic_pool_ready_if_not_living","ready_if_tag_not_living","fixed_anchor_compact","548","Uganda","548","Uganda","","","RG-GREAT-LAKES-COARSE","548","Uganda, with Buganda as the required capital location","unchanged_current_ids","548=ENG","ENG=126","ENG retains at least one 1936 state after the compact set. Trim extension, then compact, before losing the anchor; runtime ownership is authoritative.","Buganda uses the accepted Kampala/Uganda anchor, but runtime host-survival must reject it when the host owns no safe remnant.","Kampala VP 12989 is in state 548. Installed state history and STATE_n localisation were also checked.","548-Uganda.txt",""
"IW-109","Bunyoro","EEX","automatic_pool_ready_if_unique_state_exists","disabled_no_unique_current_state","unbound","","","","","","","RG-GREAT-LAKES-COARSE","548","Uganda, with a Bunyoro substate required","baseline_rejected","","","Not selectable: no authoritative current-map binding.","The installed map has no unique Bunyoro state; broad Uganda state 548 is rejected.","Installed 1081-state map and accepted package requirement checked; no generic substitute assigned.","",""
"IW-110","Rwanda","RWA","automatic_pool_ready_if_unique_state_exists","ready_unique_state_confirmed","fixed_anchor_compact","768","Rwanda","768","Rwanda","","","RG-GREAT-LAKES-COARSE","","Rwanda map group, use registered tag cores from the installed build","new_current_state_binding","768=BEL","BEL=6","BEL retains at least one 1936 state after the compact set. Trim extension, then compact, before losing the anchor; runtime ownership is authoritative.","The installed map provides a unique Rwanda state.","RWA installed core is state 768; Kigali VP 9962 is in state 768. Installed state history and STATE_n localisation were also checked.","768-Rwanda.txt",""
"IW-111","Burundi","BRD","automatic_pool_ready_if_unique_state_exists","ready_unique_state_confirmed","fixed_anchor_compact","769","Burundi","769","Burundi","","","RG-GREAT-LAKES-COARSE","","Burundi map group, use registered tag cores from the installed build","new_current_state_binding","769=BEL","BEL=6","BEL retains at least one 1936 state after the compact set. Trim extension, then compact, before losing the anchor; runtime ownership is authoritative.","The installed map provides a unique Burundi state.","BRD installed core is state 769; Bujumbura VP 2220 is in state 769. Installed state history and STATE_n localisation were also checked.","769-Burundi.txt",""
"IW-112","Ankole","EHX","automatic_pool_ready_if_unique_state_exists","disabled_no_unique_current_state","unbound","","","","","","","RG-GREAT-LAKES-COARSE","548","Uganda, with an Ankole substate required","baseline_rejected","","","Not selectable: no authoritative current-map binding.","The installed map has no unique Ankole state; broad Uganda state 548 is rejected.","Installed 1081-state map and accepted package requirement checked; no generic substitute assigned.","",""
"IW-113","Harar","HAR","automatic_pool_ready_if_unique_state_exists","ready_unique_state_confirmed","fixed_anchor_compact","835","Hararghe","835","Hararghe","","","RG-HORN-HIGHLANDS-COARSE","","Harar map group, use registered tag cores from the installed build","new_current_state_binding","835=ETH","ETH=271","ETH retains at least one 1936 state after the compact set. Trim extension, then compact, before losing the anchor; runtime ownership is authoritative.","The installed map provides a unique Hararghe state for Harar.","HAR installed core is state 835; Harar VP 13249 is in state 835. Installed state history and STATE_n localisation were also checked.","835-Haraghe.txt",""
"IW-114","Afar state","AFA","automatic_pool_ready_if_unique_state_exists","ready_unique_state_confirmed","fixed_anchor_compact","908","Afar","908","Afar","","","RG-HORN-HIGHLANDS-COARSE","268","French Somaliland, with an Afar or Aussa state required","rebound_to_current_split","908=AFA","AFA=908","AFA anchor contains protected capital state 908: skip/reject while protection applies; AFA anchor would erase the 1936 host: reject. Trim extension, then compact, before losing the anchor; runtime ownership is authoritative.","The installed map provides a dedicated Afar state.","AFA installed cores include state 908. Installed state history and STATE_n localisation were also checked.","908-Afar.txt",""
"IW-115","Somaliland sultanate federation","SOM","automatic_pool_ready_if_unique_state_exists","ready_unique_state_confirmed","fixed_anchor_compact","269","British Somaliland","269","British Somaliland","","","RG-HORN-HIGHLANDS-COARSE","269|559","British Somaliland | Somaliland, northern package only","narrowed_to_current_anchor","269=ENG","ENG=126","ENG retains at least one 1936 state after the compact set. Trim extension, then compact, before losing the anchor; runtime ownership is authoritative.","The package is restricted to the northern British Somaliland anchor; broader Somalia is not granted.","Installed state history and STATE_n localisation checked.","269-British Somaliland.txt",""
"IW-116","Zanzibar","ELX","scenario_variant_only","scenario_only_unbound","unbound","","","","","","","RG-ZANZIBAR","","Zanzibar island state, current-map state required","unbound_current_map","","","Not selectable: no authoritative current-map binding.","Zanzibar island state, current-map state required","Installed 1081-state map and accepted package requirement checked; no generic substitute assigned.","",""
"IW-117","Kilwa restoration","EMX","high_chaos_only","disabled_no_unique_current_state","unbound","","","","","","","RG-546","546","Tanganyika, with a Kilwa coastal substate required","baseline_rejected","","","Not selectable: no authoritative current-map binding.","The installed map has no unique Kilwa coastal state; broad Tanganyika state 546 is rejected.","Installed 1081-state map and accepted package requirement checked; no generic substitute assigned.","",""
"IW-118","Maasai regional state","ENX","specific_community_variant_only","specific_variant_only_unbound","unbound","","","","","","","RG-546-547","546|547","Tanganyika | Kenya, only after a named local Maasai section is selected","baseline_rejected","","","Not selectable: no authoritative current-map binding.","The accepted package requires a named Maasai section; broad Tanganyika and Kenya states are not substitutes.","Installed 1081-state map and accepted package requirement checked; no generic substitute assigned.","",""
"IW-119","Tigray","TIG","automatic_pool_ready_if_unique_state_exists","ready_unique_state_confirmed","fixed_anchor_compact","842","Tigray","842","Tigray","","","RG-HORN-HIGHLANDS-COARSE","","Tigray map group, use registered tag cores from the installed build","new_current_state_binding","842=ETH","ETH=271","ETH retains at least one 1936 state after the compact set. Trim extension, then compact, before losing the anchor; runtime ownership is authoritative.","The installed map provides a unique Tigray state.","TIG installed core is state 842. Installed state history and STATE_n localisation were also checked.","842-Tigray.txt",""
"IW-120","Oromo regional federation","ORO","specific_community_variant_only","specific_variant_only_unbound","unbound","","","","","","","RG-HORN-HIGHLANDS-COARSE","","Oromo regional map group, use one named regional package and registered tag cores","unbound_current_map","","","Not selectable: no authoritative current-map binding.","Oromo regional map group, use one named regional package and registered tag cores","Installed 1081-state map and accepted package requirement checked; no generic substitute assigned.","",""
"IW-121","Zulu","EQX","automatic_pool_ready_if_unique_state_exists","ready_unique_state_confirmed","fixed_anchor_compact","719","Natal","719","Natal","","","RG-SOUTHERN-AFRICA-COARSE","","Natal or Zululand map group, current-map state required","new_current_state_binding","719=SAF","SAF=275","SAF retains at least one 1936 state after the compact set. Trim extension, then compact, before losing the anchor; runtime ownership is authoritative.","Natal is the installed Zululand map anchor.","Current state 719 is Natal. Installed state history and STATE_n localisation were also checked.","719-Natal.txt",""
"IW-122","Ndebele","ERX","automatic_pool_ready_if_unique_state_exists","disabled_no_unique_current_state","unbound","","","","","","","RG-SOUTHERN-AFRICA-COARSE","","Matabeleland map group, current-map state required","unbound_current_map","","","Not selectable: no authoritative current-map binding.","Matabeleland map group, current-map state required","Installed 1081-state map and accepted package requirement checked; no generic substitute assigned.","",""
"IW-123","Xhosa","ESX","automatic_pool_ready_if_unique_state_exists","disabled_no_unique_current_state","unbound","","","","","","","RG-SOUTHERN-AFRICA-COARSE","","Eastern Cape or Xhosa map group, current-map state required","unbound_current_map","","","Not selectable: no authoritative current-map binding.","Eastern Cape or Xhosa map group, current-map state required","Installed 1081-state map and accepted package requirement checked; no generic substitute assigned.","",""
"IW-124","Basotho","HZX","automatic_pool_ready_if_unique_state_exists","disabled_no_unique_current_state","unbound","","","","","","","RG-SOUTHERN-AFRICA-COARSE","","Lesotho or Basutoland map group, current-map state required","unbound_current_map","","","Not selectable: no authoritative current-map binding.","Lesotho or Basutoland map group, current-map state required","Installed 1081-state map and accepted package requirement checked; no generic substitute assigned.","",""
"IW-125","Eswatini","EUX","automatic_pool_ready_if_unique_state_exists","disabled_no_unique_current_state","unbound","","","","","","","RG-SOUTHERN-AFRICA-COARSE","","Eswatini or Swaziland map group, current-map state required","unbound_current_map","","","Not selectable: no authoritative current-map binding.","Eswatini or Swaziland map group, current-map state required","Installed 1081-state map and accepted package requirement checked; no generic substitute assigned.","",""
"IW-126","Barotseland","BAR","automatic_pool_ready_if_unique_state_exists","ready_unique_state_confirmed","fixed_anchor_compact","981","Barotseland","981","Barotseland","","","RG-SOUTHERN-AFRICA-COARSE","","Barotseland map group, use registered tag cores from the installed build","new_current_state_binding","981=ENG","ENG=126","ENG retains at least one 1936 state after the compact set. Trim extension, then compact, before losing the anchor; runtime ownership is authoritative.","The installed map provides a unique Barotseland state.","BAR installed core is state 981. Installed state history and STATE_n localisation were also checked.","981 - Barotseland.txt",""
"IW-127","Herero state","EWX","specific_community_variant_only","specific_variant_only_unbound","unbound","","","","","","","RG-SOUTHERN-AFRICA-COARSE","","Herero central Namibian map group, current-map state required","unbound_current_map","","","Not selectable: no authoritative current-map binding.","Herero central Namibian map group, current-map state required","Installed 1081-state map and accepted package requirement checked; no generic substitute assigned.","",""
"IW-128","Nama state","EXX","specific_community_variant_only","specific_variant_only_unbound","unbound","","","","","","","RG-SOUTHERN-AFRICA-COARSE","","Nama southern Namibian map group, current-map state required","unbound_current_map","","","Not selectable: no authoritative current-map binding.","Nama southern Namibian map group, current-map state required","Installed 1081-state map and accepted package requirement checked; no generic substitute assigned.","",""
"IW-129","Ovambo state","EYX","specific_community_variant_only","specific_variant_only_unbound","unbound","","","","","","","RG-SOUTHERN-AFRICA-COARSE","","Ovambo northern Namibian map group, current-map state required","unbound_current_map","","","Not selectable: no authoritative current-map binding.","Ovambo northern Namibian map group, current-map state required","Installed 1081-state map and accepted package requirement checked; no generic substitute assigned.","",""
"IW-130","Madagascar restoration","MAD","automatic_pool_ready_if_not_living","ready_if_tag_not_living","fixed_anchor_compact","543","Madagascar","543","Madagascar","","","RG-543","543","Madagascar","unchanged_current_ids","543=FRA","FRA=16","FRA retains at least one 1936 state after the compact set. Trim extension, then compact, before losing the anchor; runtime ownership is authoritative.","Accepted baseline binding remains valid on the installed map.","Installed state history and STATE_n localisation checked.","543-Madagascar.txt",""
"IW-131","Comoros","FAX","automatic_pool_ready_if_unique_state_exists","ready_unique_state_confirmed","fixed_anchor_compact","708","Comoro Islands","708","Comoro Islands","","","RG-708","708","Comoro Islands","unchanged_current_ids","708=FRA","FRA=16","FRA retains at least one 1936 state after the compact set. Trim extension, then compact, before losing the anchor; runtime ownership is authoritative.","Accepted baseline binding remains valid on the installed map.","Installed state history and STATE_n localisation checked.","708-Comoro Islands.txt",""
"IW-132","Mauritius","FBX","automatic_pool_ready_if_unique_state_exists","ready_unique_state_confirmed","fixed_anchor_compact","707","Mauritius","707","Mauritius","","","RG-707","707","Mauritius","unchanged_current_ids","707=ENG","ENG=126","ENG retains at least one 1936 state after the compact set. Trim extension, then compact, before losing the anchor; runtime ownership is authoritative.","Accepted baseline binding remains valid on the installed map.","Installed state history and STATE_n localisation checked.","707-Mauritius.txt",""
"IW-133","Bengal","BAN","formable_or_route_only","route_only_bound","fixed_anchor_compact","430|431","East Bengal|West Bengal","430|431","East Bengal|West Bengal","","","RG-BENGAL-UNION","430|431","East Bengal | West Bengal, not an automatic unified release","unchanged_current_ids","430=RAJ|431=RAJ","RAJ=439","RAJ retains at least one 1936 state after the compact set. Trim extension, then compact, before losing the anchor; runtime ownership is authoritative.","Accepted baseline binding remains valid on the installed map.","Installed state history and STATE_n localisation checked.","430-Bangladesh.txt|431-Calcutta.txt",""
"IW-134","Punjab","FDX","automatic_pool_ready_if_unique_state_exists","ready_unique_state_confirmed","choose_one_host_safe","440|986","West Punjab|East Punjab","440|986","West Punjab|East Punjab","","","RG-PUNJAB-SIKH","440","Punjab","expanded_with_current_splits","440=RAJ|986=RAJ","RAJ=439","Alternatives evaluated independently: 440=RAJ retains at least one 1936 state; 986=RAJ retains at least one 1936 state. Runtime ownership remains authoritative.","West Punjab and East Punjab are alternative host-safe anchors, not a cumulative cross-border grant.","Lahore VPs are in state 440; Amritsar VP 10729 is in state 986. Installed state history and STATE_n localisation were also checked.","440-West Punjab.txt|986 - East Punjab.txt",""
"IW-135","Sikh state","KHL","high_chaos_only","ready_high_chaos","fixed_anchor_compact","986","East Punjab","986","East Punjab","","","RG-PUNJAB-SIKH","440","Punjab, mutually exclusive with the broad Punjab package","rebound_to_current_split","986=RAJ","RAJ=439","RAJ retains at least one 1936 state after the compact set. Trim extension, then compact, before losing the anchor; runtime ownership is authoritative.","East Punjab is the high-chaos Sikh anchor and is mutually exclusive with broad Punjab.","KHL installed core is state 986. Installed state history and STATE_n localisation were also checked.","986 - East Punjab.txt",""
"IW-136","Sindh","SIN","automatic_pool_ready_if_not_living","ready_if_tag_not_living","fixed_anchor_compact","443","Sind","443","Sind","","","RG-443","443","Sind","unchanged_current_ids","443=RAJ","RAJ=439","RAJ retains at least one 1936 state after the compact set. Trim extension, then compact, before losing the anchor; runtime ownership is authoritative.","Accepted baseline binding remains valid on the installed map.","Installed state history and STATE_n localisation checked.","443-Sind.txt",""
"IW-137","Balochistan","BLC","automatic_pool_ready_if_unique_state_exists","ready_unique_state_confirmed","fixed_anchor_compact","1012","Kalat","1012|444|988","Kalat|South Baluchistan|North Baluchistan","","","RG-NORTHWEST-SOUTH-ASIA","444|445","Baluchistan | Quetta","restructured_with_current_splits","444=RAJ|988=RAJ|1012=RAJ","RAJ=439","RAJ retains at least one 1936 state after the compact set. Trim extension, then compact, before losing the anchor; runtime ownership is authoritative.","Kalat anchors a compact Baloch set with South and North Baluchistan; cross-border Sistan is not automatic.","BLC installed cores include states 1012, 444, and 988; Kalat VP 8098 is in 1012 and Quetta VP 5105 is in 988. Installed state history and STATE_n localisation were also checked.","444-Baluchistan States.txt|988-Baluchistan.txt|1012-Kalat.txt",""
"IW-138","Pashtunistan","PSH","automatic_pool_ready_if_unique_state_exists","ready_unique_state_confirmed","fixed_anchor_compact","442","Peshawar","442|987","Peshawar|Waziristan","","","RG-NORTHWEST-SOUTH-ASIA","442","Peshawar","expanded_with_current_splits","442=RAJ|987=RAJ","RAJ=439","RAJ retains at least one 1936 state after the compact set. Trim extension, then compact, before losing the anchor; runtime ownership is authoritative.","Peshawar and Waziristan form the compact Pashtun set.","Installed state history and STATE_n localisation checked.","442-Peshawar.txt|987 - Waziristan.txt",""
"IW-139","Kashmir","KAS","automatic_pool_ready_if_unique_state_exists","ready_unique_state_confirmed","fixed_anchor_compact","441","Kashmir","441|787","Kashmir|Northern Kashmir","","","RG-NORTHWEST-SOUTH-ASIA","441","Kashmir","expanded_with_current_splits","441=RAJ|787=RAJ","RAJ=439","RAJ retains at least one 1936 state after the compact set. Trim extension, then compact, before losing the anchor; runtime ownership is authoritative.","Kashmir and Northern Kashmir form the compact set.","KAS installed cores are states 441 and 787. Installed state history and STATE_n localisation were also checked.","441-Kashmir.txt|787-North Kashmir.txt",""
"IW-140","Hyderabad","HYD","automatic_pool_ready_if_not_living","ready_if_tag_not_living","fixed_anchor_compact","427","Hyderabad","427","Hyderabad","","","RG-SOUTH-INDIA","427","Hyderabad","unchanged_current_ids","427=RAJ","RAJ=439","RAJ retains at least one 1936 state after the compact set. Trim extension, then compact, before losing the anchor; runtime ownership is authoritative.","Accepted baseline binding remains valid on the installed map.","Installed state history and STATE_n localisation checked.","427-Hyderabad.txt",""
"IW-141","Mysore","MYS","automatic_pool_ready_if_not_living","ready_if_tag_not_living","fixed_anchor_compact","425","Mysore","425","Mysore","","","RG-SOUTH-INDIA","425","Mysore","unchanged_current_ids","425=RAJ","RAJ=439","RAJ retains at least one 1936 state after the compact set. Trim extension, then compact, before losing the anchor; runtime ownership is authoritative.","Accepted baseline binding remains valid on the installed map.","Installed state history and STATE_n localisation checked.","425-Mysore.txt",""
"IW-142","Travancore","FLX","automatic_pool_ready_if_unique_state_exists","ready_unique_state_confirmed","fixed_anchor_compact","982","Madras States","982","Madras States","","","RG-SOUTH-INDIA","","Travancore or southern Kerala map group, current-map state required","new_current_state_binding","982=RAJ","RAJ=439","RAJ retains at least one 1936 state after the compact set. Trim extension, then compact, before losing the anchor; runtime ownership is authoritative.","Kochin is in current Madras States; Travancore remains mutually exclusive within the South India reservation.","Kochin VP 1321 is in state 982. Installed state history and STATE_n localisation were also checked.","982 - Madras States.txt",""
"IW-143","Tamil state","RAS","automatic_pool_ready_if_unique_state_exists","ready_unique_state_confirmed","fixed_anchor_compact","982","Madras States","982","Madras States","","","RG-SOUTH-INDIA","","Tamil Nadu or Madras map group, use registered tag cores from the installed build","new_current_state_binding","982=RAJ","RAJ=439","RAJ retains at least one 1936 state after the compact set. Trim extension, then compact, before losing the anchor; runtime ownership is authoritative.","The registered Tamil tag's installed core identifies current Madras States; it shares the South India reservation.","RAS installed core is state 982. Installed state history and STATE_n localisation were also checked.","982 - Madras States.txt",""
"IW-144","Dravidian federation","FNX","formable_or_route_only","route_only_bound","fixed_anchor_compact","425|427","Mysore|Hyderabad","425|427","Mysore|Hyderabad","","","RG-SOUTH-INDIA","425|427","Southern Indian state group, formable only","unchanged_current_ids","425=RAJ|427=RAJ","RAJ=439","RAJ retains at least one 1936 state after the compact set. Trim extension, then compact, before losing the anchor; runtime ownership is authoritative.","Accepted baseline binding remains valid on the installed map.","Installed state history and STATE_n localisation checked.","425-Mysore.txt|427-Hyderabad.txt",""
"IW-145","Assam","FOX","automatic_pool_ready_if_unique_state_exists","ready_unique_state_confirmed","fixed_anchor_compact","432","Assam","432","Assam","","","RG-NORTHEAST-HIMALAYA","432","Assam","unchanged_current_ids","432=RAJ","RAJ=439","RAJ retains at least one 1936 state after the compact set. Trim extension, then compact, before losing the anchor; runtime ownership is authoritative.","Accepted baseline binding remains valid on the installed map.","Installed state history and STATE_n localisation checked.","432-Assam.txt",""
"IW-146","Naga state","FPX","specific_community_variant_only","specific_variant_only_unbound","unbound","","","","","","","RG-NORTHEAST-HIMALAYA","432","Assam, with a named Naga highland substate required","baseline_rejected","","","Not selectable: no authoritative current-map binding.","The accepted package requires a named Naga highland state; broad Assam state 432 is rejected.","Installed 1081-state map and accepted package requirement checked; no generic substitute assigned.","",""
"IW-147","Manipur","MPU","automatic_pool_ready_if_unique_state_exists","ready_unique_state_confirmed","fixed_anchor_compact","990","Manipur","990","Manipur","","","RG-NORTHEAST-HIMALAYA","","Manipur map group, use registered tag cores from the installed build","new_current_state_binding","990=RAJ","RAJ=439","RAJ retains at least one 1936 state after the compact set. Trim extension, then compact, before losing the anchor; runtime ownership is authoritative.","The installed map provides a unique Manipur state.","MPU installed core is state 990. Installed state history and STATE_n localisation were also checked.","990-Manipur.txt",""
"IW-148","Sikkim","SKK","automatic_pool_ready_if_unique_state_exists","ready_unique_state_confirmed","fixed_anchor_compact","985","Sikkim","985","Sikkim","","","RG-NORTHEAST-HIMALAYA","","Sikkim map group, use registered tag cores from the installed build","new_current_state_binding","985=RAJ","RAJ=439","RAJ retains at least one 1936 state after the compact set. Trim extension, then compact, before losing the anchor; runtime ownership is authoritative.","The installed map provides a unique Sikkim state.","SKK installed core is state 985. Installed state history and STATE_n localisation were also checked.","985 - Sikkim.txt",""
"IW-149","Himalayan confederation","FSX","formable_or_route_only","route_only_bound","fixed_anchor_compact","441|432","Kashmir|Assam","441|432","Kashmir|Assam","","","RG-NORTHEAST-HIMALAYA","441|432","Himalayan state group, formable only","unchanged_current_ids","432=RAJ|441=RAJ","RAJ=439","RAJ retains at least one 1936 state after the compact set. Trim extension, then compact, before losing the anchor; runtime ownership is authoritative.","Accepted baseline binding remains valid on the installed map.","Installed state history and STATE_n localisation checked.","432-Assam.txt|441-Kashmir.txt",""
"IW-150","Aceh","ATJ","high_chaos_only","ready_high_chaos","fixed_anchor_compact","1050","Atjeh","1050","Atjeh","","","RG-SUMATRA","672","Sumatra, with Banda Aceh as the required capital location","rebound_to_current_split","1050=INS","INS=1058","INS retains at least one 1936 state after the compact set. Trim extension, then compact, before losing the anchor; runtime ownership is authoritative.","Atjeh is the current Aceh split.","Banda Aceh VP 13398 is in state 1050. Installed state history and STATE_n localisation were also checked.","1050-Ajteh.txt",""
"IW-151","Minangkabau","FUX","high_chaos_only","ready_high_chaos","fixed_anchor_compact","1048","Padang","1048","Padang","","","RG-SUMATRA","672","Sumatra, with a West Sumatra substate required","rebound_to_current_split","1048=INS","INS=1058","INS retains at least one 1936 state after the compact set. Trim extension, then compact, before losing the anchor; runtime ownership is authoritative.","Padang is the current West Sumatra split.","Padang VP 10382 is in state 1048. Installed state history and STATE_n localisation were also checked.","1048-Padang.txt",""
"IW-152","Riau","FVX","automatic_pool_ready_if_unique_state_exists","ready_unique_state_confirmed","fixed_anchor_compact","1049","Medan and Riouw","1049","Medan and Riouw","","","RG-SUMATRA","672","Sumatra, with a Riau substate required","rebound_to_current_split","1049=INS","INS=1058","INS retains at least one 1936 state after the compact set. Trim extension, then compact, before losing the anchor; runtime ownership is authoritative.","Medan and Riouw is the current Riau map split.","Medan VP 4652 is in state 1049. Installed state history and STATE_n localisation were also checked.","1049-Medan and Riouw.txt",""
"IW-153","Dayak federation","POK","specific_community_variant_only","specific_variant_only_unbound","unbound","","","","","","","RG-BORNEO-DAYAK","334","Kalimantan, only after a named Dayak polity is selected","baseline_rejected","","","Not selectable: no authoritative current-map binding.","The accepted package requires a named Dayak polity; broad Kalimantan state 334 is not a substitute.","Installed 1081-state map and accepted package requirement checked; no generic substitute assigned.","",""
"IW-154","Bugis state","FXX","automatic_pool_ready_if_unique_state_exists","ready_unique_state_confirmed","fixed_anchor_compact","673","Sulawesi","673","Sulawesi","","","RG-EAST-INDONESIA","673","Sulawesi, with a South Sulawesi substate required","unchanged_current_ids","673=INS","INS=1058","INS retains at least one 1936 state after the compact set. Trim extension, then compact, before losing the anchor; runtime ownership is authoritative.","The current Sulawesi state contains Makassar while Manado is separately split.","Makassar VP 10263 is in state 673. Installed state history and STATE_n localisation were also checked.","673-Sulawesi.txt",""
"IW-155","Bali","BLI","automatic_pool_ready_if_unique_state_exists","ready_unique_state_confirmed","fixed_anchor_compact","1052","Bali","1052","Bali","","","RG-EAST-INDONESIA","667","Lesser Sunda Islands, with a Bali substate required","rebound_to_current_split","1052=INS","INS=1058","INS retains at least one 1936 state after the compact set. Trim extension, then compact, before losing the anchor; runtime ownership is authoritative.","The installed map provides a unique Bali state.","Current state 1052 is Bali. Installed state history and STATE_n localisation were also checked.","1052-Bali.txt",""
"IW-156","Moluccan federation","","vanilla_route_overlay_only","overlay_nonselectable","overlay_carrier_route","668","The Moluccas","668","The Moluccas","","","RG-EAST-INDONESIA","668","The Moluccas","unchanged_current_ids","668=INS","INS=1058","INS retains at least one 1936 state after the compact set. Trim extension, then compact, before losing the anchor; runtime ownership is authoritative.","Accepted baseline binding remains valid on the installed map.","Installed state history and STATE_n localisation checked.","668-The Moluccas.txt",""
"IW-157","West Papua regional state","WPG","specific_community_variant_only","specific_variant_only_unbound","unbound","","","","","","","RG-NEW-GUINEA","669","West Papua, only after a named people and district package is selected","baseline_rejected","","","Not selectable: no authoritative current-map binding.","The accepted package requires a named West Papuan people and district; broad state 669 is not a substitute.","Installed 1081-state map and accepted package requirement checked; no generic substitute assigned.","",""
"IW-158","Pattani","GBX","automatic_pool_ready_if_unique_state_exists","ready_unique_state_confirmed","fixed_anchor_compact","724","Southern Siam","724","Southern Siam","","","RG-MAINLAND-SE-ASIA-COARSE","","Pattani or southern Siam map group, current-map state required","new_current_state_binding","724=SIA","SIA=1076","SIA retains at least one 1936 state after the compact set. Trim extension, then compact, before losing the anchor; runtime ownership is authoritative.","Southern Siam contains the Pattani-region city evidence used by the package.","Hat Yai VP 7236 and Songkhla VP 4371 are in state 724. Installed state history and STATE_n localisation were also checked.","724-Southern Siam.txt",""
"IW-159","Shan federation","GCX","automatic_pool_ready_if_unique_state_exists","ready_unique_state_confirmed","fixed_anchor_compact","999","Federated Shan","999|993","Federated Shan|Kentung and Yawnghwe","","","RG-MAINLAND-SE-ASIA-COARSE","640","Mandalay or Shan States map group, current-map state required","rebound_to_current_split","993=BRM|999=BRM","BRM=995","BRM retains at least one 1936 state after the compact set. Trim extension, then compact, before losing the anchor; runtime ownership is authoritative.","Federated Shan anchors the package, with Kentung and Yawnghwe in the compact set.","Current states 999 and 993 are dedicated Shan splits. Installed state history and STATE_n localisation were also checked.","993-Kentung and Yawnghwe.txt|999-Federated Shan States.txt",""
"IW-160","Karen state","GDX","specific_community_variant_only","specific_variant_only_unbound","unbound","","","","","","","RG-MAINLAND-SE-ASIA-COARSE","288","Burma, with a named Karen district package required","baseline_rejected","","","Not selectable: no authoritative current-map binding.","The accepted package requires a named Karen district; broad Magwe state 288 is rejected.","Installed 1081-state map and accepted package requirement checked; no generic substitute assigned.","",""
"IW-161","Mon state","IAX","high_chaos_only","ready_high_chaos","fixed_anchor_compact","994","Tenasserim","994","Tenasserim","","","RG-MAINLAND-SE-ASIA-COARSE","288","Burma, with a Lower Burma or Mon substate required","rebound_to_current_split","994=BRM","BRM=995","BRM retains at least one 1936 state after the compact set. Trim extension, then compact, before losing the anchor; runtime ownership is authoritative.","Tenasserim is the current lower-Burma coastal state containing Moulmein.","Moulmein VP 1403 is in state 994. Installed state history and STATE_n localisation were also checked.","994-Tenasserim.txt",""
"IW-162","Kachin state","IBX","automatic_pool_ready_if_unique_state_exists","ready_unique_state_confirmed","fixed_anchor_compact","998","Sagaing","998","Sagaing","","","RG-MAINLAND-SE-ASIA-COARSE","640","Mandalay or Kachin highland map group, current-map state required","rebound_to_current_split","998=BRM","BRM=995","BRM retains at least one 1936 state after the compact set. Trim extension, then compact, before losing the anchor; runtime ownership is authoritative.","Sagaing is the current northern highland state containing Myitkyina.","Myitkyina VP 4425 is in state 998. Installed state history and STATE_n localisation were also checked.","998-Sagaing.txt",""
"IW-163","Chin state","GGX","specific_community_variant_only","specific_variant_only_unbound","unbound","","","","","","","RG-MAINLAND-SE-ASIA-COARSE","288","Burma, with a named Chin district package required","baseline_rejected","","","Not selectable: no authoritative current-map binding.","The accepted package requires a named Chin district; broad Magwe state 288 is rejected.","Installed 1081-state map and accepted package requirement checked; no generic substitute assigned.","",""
"IW-164","Arakan or Rakhine","GHX","automatic_pool_ready_if_unique_state_exists","ready_unique_state_confirmed","fixed_anchor_compact","997","Arakan","997","Arakan","","","RG-MAINLAND-SE-ASIA-COARSE","288","Burma, with an Arakan or Rakhine coastal substate required","rebound_to_current_split","997=BRM","BRM=995","BRM retains at least one 1936 state after the compact set. Trim extension, then compact, before losing the anchor; runtime ownership is authoritative.","The installed map provides a dedicated Arakan state.","Current state 997 is Arakan. Installed state history and STATE_n localisation were also checked.","997-Arakan.txt",""
"IW-165","Wa state","GIX","automatic_pool_ready_if_unique_state_exists","disabled_no_unique_current_state","unbound","","","","","","","RG-MAINLAND-SE-ASIA-COARSE","640","Shan States map group, with a Wa substate required","baseline_rejected","","","Not selectable: no authoritative current-map binding.","The installed map has no unique Wa state; broad Mandalay state 640 is rejected.","Installed 1081-state map and accepted package requirement checked; no generic substitute assigned.","",""
"IW-166","Lan Xang restoration","LAO","high_chaos_only","ready_high_chaos","fixed_anchor_compact","1069","Lan Chang","1069|670","Lan Chang|Laos","1068","Bassac","RG-LAOS-VIETNAM-HIGHLANDS","670","Laos","expanded_with_current_splits","670=FRA|1068=FRA|1069=FRA","FRA=16","FRA retains at least one 1936 state after the compact set. Trim extension, then compact, before losing the anchor; runtime ownership is authoritative.","Lan Chang and Laos form the compact restoration; Bassac is optional extension.","LAO installed cores include states 1069, 670, and 1068. Installed state history and STATE_n localisation were also checked.","670-Laos.txt|1068 - Bassac.txt|1069 - Lan Chang.txt",""
"IW-167","Champa restoration","CHM","high_chaos_only","ready_high_chaos","fixed_anchor_compact","286","South Annam","286","South Annam","","","RG-LAOS-VIETNAM-HIGHLANDS","671","Tonkin or central Vietnamese coastal map group, with a Champa substate required","rebound_to_current_split","286=FRA","FRA=16","FRA retains at least one 1936 state after the compact set. Trim extension, then compact, before losing the anchor; runtime ownership is authoritative.","South Annam is the defensible current central Vietnamese coastal anchor for the high-chaos restoration.","Current state 286 is South Annam. Installed state history and STATE_n localisation were also checked.","286-Indochina.txt",""
"IW-168","Hmong regional state","GLX","specific_community_variant_only","specific_variant_only_unbound","unbound","","","","","","","RG-LAOS-VIETNAM-HIGHLANDS","670|671","Laos | Tonkin, only after a named Hmong regional package is selected","baseline_rejected","","","Not selectable: no authoritative current-map binding.","The accepted package requires a named Hmong regional package; broad Laos and Tonkin states are not substitutes.","Installed 1081-state map and accepted package requirement checked; no generic substitute assigned.","",""
"IW-169","East Turkestan","GMX","high_chaos_only","ready_high_chaos","fixed_anchor_compact","617|619","Urumqi|Yarkand","617|619","Urumqi|Yarkand","","","RG-INNER-ASIA","617|619","Urumqi | Yarkand","unchanged_current_ids","617=SIK|619=SIK","SIK=617","SIK anchor contains protected capital state 617: skip/reject while protection applies; SIK retains at least one 1936 state after the compact set. Trim extension, then compact, before losing the anchor; runtime ownership is authoritative.","Accepted baseline binding remains valid on the installed map.","Installed state history and STATE_n localisation checked.","617-Xinjiang.txt|619-China 16.txt",""
"IW-170","Inner Mongolia","MEN","automatic_pool_ready_if_not_living","ready_if_tag_not_living","fixed_anchor_compact","621|746","Suiyuan|Ordos","621|746","Suiyuan|Ordos","","","RG-INNER-ASIA","621|746","Suiyuan | Ordos","unchanged_current_ids","621=SHX|746=SHX","SHX=615","SHX retains at least one 1936 state after the compact set. Trim extension, then compact, before losing the anchor; runtime ownership is authoritative.","Accepted baseline binding remains valid on the installed map.","Installed state history and STATE_n localisation checked.","621-China 18.txt|746-Ordos.txt",""
"IW-171","Ryukyu","OKN","high_chaos_only","ready_high_chaos","fixed_anchor_compact","526","Okinawa","526","Okinawa","","","RG-526","526","Okinawa","unchanged_current_ids","526=JAP","JAP=282","JAP retains at least one 1936 state after the compact set. Trim extension, then compact, before losing the anchor; runtime ownership is authoritative.","Accepted baseline binding remains valid on the installed map.","Installed state history and STATE_n localisation checked.","526-Okinawa.txt",""
"IW-172","Ainu state","ANU","specific_community_variant_only","specific_variant_only_bound","fixed_anchor_compact","536","Hokkaido","536","Hokkaido","","","RG-HOKKAIDO-AINU","536","Hokkaido, only after a named Ainu institutional package is selected","unchanged_current_ids","536=JAP","JAP=282","JAP retains at least one 1936 state after the compact set. Trim extension, then compact, before losing the anchor; runtime ownership is authoritative.","Accepted baseline binding remains valid on the installed map.","Installed state history and STATE_n localisation checked.","536-Hokkaido.txt",""
"IW-173","Hawaii","HAW","automatic_pool_ready_if_not_living","ready_if_tag_not_living","fixed_anchor_compact","629","Hawaii","629","Hawaii","630|631|642|727","Johnston Atoll|Midway Island|Phoenix Island|Line Islands","RG-629","629","Hawaii","expanded_with_current_splits","629=USA|630=USA|631=USA|642=USA|727=USA","USA=361","USA retains at least one 1936 state after the compact set. Trim extension, then compact, before losing the anchor; runtime ownership is authoritative.","Hawaii is the anchor; outlying island states remain optional extensions.","HAW installed cores include states 629, 630, 631, 642, and 727. Installed state history and STATE_n localisation were also checked.","629-Hawaii.txt|630-Johnston Atoll.txt|631-Midway Island.txt|642-Phoenix Island.txt|727-Line Islands.txt",""
"IW-174","Aotearoa Maori state","GRX","specific_community_variant_only","specific_variant_only_unbound","unbound","","","","","","","RG-AOTEAROA-MAORI","284|723","North Island | South Island, only after an iwi-led package is selected","baseline_rejected","","","Not selectable: no authoritative current-map binding.","The accepted package requires an iwi-led Aotearoa package; whole-island states 284 and 723 are not substitutes.","Installed 1081-state map and accepted package requirement checked; no generic substitute assigned.","",""
"IW-175","Samoa","SAM","automatic_pool_ready_if_not_living","ready_if_tag_not_living","fixed_anchor_compact","726","Samoa","726","Samoa","1072","American Samoa","RG-PACIFIC-ISLANDS","726","Samoa","expanded_with_current_splits","726=NZL|1072=USA","NZL=284|USA=361","NZL retains at least one 1936 state after the compact set. Trim extension, then compact, before losing the anchor; runtime ownership is authoritative.","Samoa is the anchor; American Samoa is optional extension.","SAM installed cores include states 726 and 1072. Installed state history and STATE_n localisation were also checked.","726-Samoa.txt|1072 - American Samoa.txt",""
"IW-176","Tonga","GTX","automatic_pool_ready_if_unique_state_exists","disabled_no_unique_current_state","unbound","","","","","","","RG-PACIFIC-ISLANDS","","Tonga island state, current-map state required","unbound_current_map","","","Not selectable: no authoritative current-map binding.","Tonga island state, current-map state required","Installed 1081-state map and accepted package requirement checked; no generic substitute assigned.","",""
"IW-177","Fiji","FIJ","automatic_pool_ready_if_not_living","ready_if_tag_not_living","fixed_anchor_compact","636","Fiji","636","Fiji","","","RG-PACIFIC-ISLANDS","636","Fiji","unchanged_current_ids","636=ENG","ENG=126","ENG retains at least one 1936 state after the compact set. Trim extension, then compact, before losing the anchor; runtime ownership is authoritative.","Accepted baseline binding remains valid on the installed map.","Installed state history and STATE_n localisation checked.","636-Fiji.txt",""
"IW-178","Papua regional federation","PNG","specific_community_variant_only","specific_variant_only_unbound","unbound","","","","","","","RG-NEW-GUINEA","523","Papua, only after a named people and district package is selected","baseline_rejected","","","Not selectable: no authoritative current-map binding.","The accepted package requires a named Papuan people and district; broad Papua state 523 is not a substitute.","Installed 1081-state map and accepted package requirement checked; no generic substitute assigned.","",""
"IW-179","Micronesian federation","FSM","automatic_pool_ready_if_unique_state_exists","ready_unique_state_confirmed","fixed_anchor_compact","684","Caroline Islands","684","Caroline Islands","","","RG-PACIFIC-ISLANDS","684","Caroline Islands, with additional Micronesian members added by consent","unchanged_current_ids","684=JAP","JAP=282","JAP retains at least one 1936 state after the compact set. Trim extension, then compact, before losing the anchor; runtime ownership is authoritative.","Accepted baseline binding remains valid on the installed map.","Installed state history and STATE_n localisation checked.","684-Caroline Islands.txt",""
"IW-180","Quebec","QUE","automatic_pool_ready_if_not_living","ready_if_tag_not_living","fixed_anchor_compact","468","Saint Lawrence","468|860|861|862|863","Saint Lawrence|Côte-Nord|Saguenay|Ouest du Quebec|Maurice","466","Nord du Quebec","RG-466","466","Quebec","expanded_with_current_splits","466=CAN|468=CAN|860=CAN|861=CAN|862=CAN|863=CAN","CAN=276","CAN retains at least one 1936 state after the compact set. Trim extension, then compact, before losing the anchor; runtime ownership is authoritative.","Saint Lawrence and the current Quebec regional splits form the compact set; Nord du Quebec is optional.","QUE installed cores include states 468, 860, 861, 862, 863, and 466. Installed state history and STATE_n localisation were also checked.","466-Quebec.txt|468-Nunavut.txt|860-Cote-Nord.txt|861-Saguenay.txt|862-ouest du quebec.txt|863-Maurice.txt",""
"IW-181","Acadia","GYX","automatic_pool_ready_if_unique_state_exists","disabled_no_unique_current_state","unbound","","","","","","","RG-ACADIA","","New Brunswick or Nova Scotia map group, current-map state required","unbound_current_map","","","Not selectable: no authoritative current-map binding.","The installed map has no unique Acadia state; New Brunswick and Nova Scotia cannot be treated as a generic substitute.","Installed 1081-state map and accepted package requirement checked; no generic substitute assigned.","",""
"IW-182","Newfoundland","GZX","automatic_pool_ready","ready_automatic","fixed_anchor_compact","331","Newfoundland","331|332","Newfoundland|Labrador","","","RG-331","331","Newfoundland","expanded_with_current_splits","331=ENG|332=ENG","ENG=126","ENG retains at least one 1936 state after the compact set. Trim extension, then compact, before losing the anchor; runtime ownership is authoritative.","Newfoundland anchors the package; Labrador is compact territory subject to host survival.","Installed state history and STATE_n localisation checked.","331-Newfoundland.txt|332-Labrador.txt",""
"IW-183","Cascadia","HAX","formable_or_route_only","route_only_bound","fixed_anchor_compact","385|386|473","Oregon|Washington|British Columbia","385|386|473","Oregon|Washington|British Columbia","","","RG-CASCADIA-CROSS-BORDER","385|386|473","Oregon | Washington | British Columbia, high-chaos formable only","unchanged_current_ids","385=USA|386=USA|473=CAN","CAN=276|USA=361","CAN retains at least one 1936 state after the compact set; USA retains at least one 1936 state after the compact set. Trim extension, then compact, before losing the anchor; runtime ownership is authoritative.","Accepted baseline binding remains valid on the installed map.","Installed state history and STATE_n localisation checked.","385-Oregon.txt|386-Washington.txt|473-British Columbia.txt",""
"IW-184","California","HBX","automatic_pool_ready","ready_automatic","fixed_anchor_compact","378","California","378","California","","","RG-378","378","California","unchanged_current_ids","378=USA","USA=361","USA retains at least one 1936 state after the compact set. Trim extension, then compact, before losing the anchor; runtime ownership is authoritative.","Accepted baseline binding remains valid on the installed map.","Installed state history and STATE_n localisation checked.","378-California.txt",""
"IW-185","Texas","HCX","automatic_pool_ready","ready_automatic","fixed_anchor_compact","375","Texas","375","Texas","","","RG-375","375","Texas","unchanged_current_ids","375=USA","USA=361","USA retains at least one 1936 state after the compact set. Trim extension, then compact, before losing the anchor; runtime ownership is authoritative.","Accepted baseline binding remains valid on the installed map.","Installed state history and STATE_n localisation checked.","375-Texas.txt",""
"IW-186","Cherokee state","HDX","automatic_pool_ready_if_unique_state_exists","disabled_no_unique_current_state","unbound","","","","","","","RG-NORTH-AMERICAN-INDIGENOUS-SUBSTATES","","Cherokee Nation map package, current-map substate required","unbound_current_map","","","Not selectable: no authoritative current-map binding.","Cherokee Nation map package, current-map substate required","Installed 1081-state map and accepted package requirement checked; no generic substitute assigned.","",""
"IW-187","Haudenosaunee Confederacy","HEX","specific_community_variant_only","specific_variant_only_unbound","unbound","","","","","","","RG-NORTH-AMERICAN-INDIGENOUS-SUBSTATES","","Haudenosaunee member-nation map package, negotiated formable only","unbound_current_map","","","Not selectable: no authoritative current-map binding.","Haudenosaunee member-nation map package, negotiated formable only","Installed 1081-state map and accepted package requirement checked; no generic substitute assigned.","",""
"IW-188","Lakota state","HFX","automatic_pool_ready_if_unique_state_exists","disabled_no_unique_current_state","unbound","","","","","","","RG-NORTH-AMERICAN-INDIGENOUS-SUBSTATES","","Lakota treaty-territory map package, current-map substate required","unbound_current_map","","","Not selectable: no authoritative current-map binding.","Lakota treaty-territory map package, current-map substate required","Installed 1081-state map and accepted package requirement checked; no generic substitute assigned.","",""
"IW-189","Dine state","HGX","automatic_pool_ready_if_unique_state_exists","disabled_no_unique_current_state","unbound","","","","","","","RG-NORTH-AMERICAN-INDIGENOUS-SUBSTATES","","Diné or Navajo Nation map package, current-map substate required","unbound_current_map","","","Not selectable: no authoritative current-map binding.","Diné or Navajo Nation map package, current-map substate required","Installed 1081-state map and accepted package requirement checked; no generic substitute assigned.","",""
"IW-190","Pueblo federation","HHX","specific_community_variant_only","specific_variant_only_unbound","unbound","","","","","","","RG-NORTH-AMERICAN-INDIGENOUS-SUBSTATES","","Named Pueblo map package, broad Pueblo federation is not automatic","unbound_current_map","","","Not selectable: no authoritative current-map binding.","Named Pueblo map package, broad Pueblo federation is not automatic","Installed 1081-state map and accepted package requirement checked; no generic substitute assigned.","",""
"IW-191","Maya federation","MAY","specific_community_variant_only","specific_variant_only_unbound","unbound","","","","","","","RG-MESOAMERICA-CARIBBEAN-COARSE","474|475","Yucatan | Chiapas, specific Maya member packages first","baseline_rejected","","","Not selectable: no authoritative current-map binding.","The accepted package requires specific Maya member packages before federation; broad Yucatan and Chiapas states are not direct bindings.","Installed 1081-state map and accepted package requirement checked; no generic substitute assigned.","",""
"IW-192","Yucatan","YUC","automatic_pool_ready_if_not_living","ready_if_tag_not_living","fixed_anchor_compact","474","Yucatan","474","Yucatan","","","RG-MESOAMERICA-CARIBBEAN-COARSE","474","Yucatan","unchanged_current_ids","474=MEX","MEX=277","MEX retains at least one 1936 state after the compact set. Trim extension, then compact, before losing the anchor; runtime ownership is authoritative.","Accepted baseline binding remains valid on the installed map.","Installed state history and STATE_n localisation checked.","474-Yucatan.txt",""
"IW-193","Zapotec-Mixtec Oaxaca federation","HKX","specific_community_variant_only","specific_variant_only_bound","fixed_anchor_compact","476","Oaxaca","476","Oaxaca","","","RG-MESOAMERICA-CARIBBEAN-COARSE","476","Oaxaca, negotiated Zapotec and Mixtec federation only","unchanged_current_ids","476=MEX","MEX=277","MEX retains at least one 1936 state after the compact set. Trim extension, then compact, before losing the anchor; runtime ownership is authoritative.","Accepted baseline binding remains valid on the installed map.","Installed state history and STATE_n localisation checked.","476-Oaxaca.txt",""
"IW-194","Miskito state","MIS","automatic_pool_ready_if_unique_state_exists","disabled_no_unique_current_state","unbound","","","","","","","RG-MESOAMERICA-CARIBBEAN-COARSE","","Mosquito Coast map group, use registered tag cores from the installed build","unbound_current_map","","","Not selectable: no authoritative current-map binding.","No registered Miskito core or unique Mosquito Coast state exists in the installed map.","Installed 1081-state map and accepted package requirement checked; no generic substitute assigned.","",""
"IW-195","Garifuna coastal state","HMX","specific_community_variant_only","specific_variant_only_unbound","unbound","","","","","","","RG-MESOAMERICA-CARIBBEAN-COARSE","","Named Garifuna coastal community map package, current-map substate required","unbound_current_map","","","Not selectable: no authoritative current-map binding.","The accepted package requires a named Garifuna coastal community; no unique current substate is available.","Installed 1081-state map and accepted package requirement checked; no generic substitute assigned.","",""
"IW-196","Caribbean Federation","","vanilla_route_overlay_only","overlay_nonselectable","overlay_carrier_route","689|691|692|694","Jamaica|Trinidad|Windward Islands|French Caribbean","689|691|692|694","Jamaica|Trinidad|Windward Islands|French Caribbean","","","RG-689-691-692-694","689|691|692|694","Jamaica | Trinidad | Windward | French Caribbean, formable by member consent","unchanged_current_ids","689=ENG|691=ENG|692=ENG|694=FRA","ENG=126|FRA=16","ENG retains at least one 1936 state after the compact set; FRA retains at least one 1936 state after the compact set. Trim extension, then compact, before losing the anchor; runtime ownership is authoritative.","Accepted baseline binding remains valid on the installed map.","Installed state history and STATE_n localisation checked.","689-Jamaica.txt|691-Trinidad.txt|692-Windward Islands.txt|694-French Caribbean.txt",""
"IW-197","Mapuche or Wallmapu state","","vanilla_route_overlay_only","overlay_nonselectable","overlay_carrier_route","950","Araucanía","950","Araucanía","","","RG-SOUTHERN-CONE","","Araucanía or south-central Chile map group, Mapuche federation only","new_current_state_binding","950=CHL","CHL=279","CHL retains at least one 1936 state after the compact set. Trim extension, then compact, before losing the anchor; runtime ownership is authoritative.","The installed map provides a unique Araucanía state for the high-chaos Mapuche package.","Current state 950 is Araucanía. Installed state history and STATE_n localisation were also checked.","950 - Araucania.txt",""
"IW-198","Aymara state","HPX","high_chaos_only","ready_high_chaos","fixed_anchor_compact","302","La Paz","302","La Paz","","","RG-ANDES-CHACO","302","La Paz, with cross-border Aymara territory added through diplomacy","unchanged_current_ids","302=BOL","BOL=302","BOL anchor contains protected capital state 302: skip/reject while protection applies; BOL retains at least one 1936 state after the compact set. Trim extension, then compact, before losing the anchor; runtime ownership is authoritative.","Accepted baseline binding remains valid on the installed map.","Installed state history and STATE_n localisation checked.","302-bolivia.txt",""
"IW-199","Quechua federation","HQX","specific_community_variant_only","specific_variant_only_unbound","unbound","","","","","","","RG-ANDES-CHACO","492|494","Arequipa | Ucayali, specific Quechua regional members first","baseline_rejected","","","Not selectable: no authoritative current-map binding.","The accepted package requires specific Quechua regional members before federation; broad Arequipa and Ucayali states are not direct bindings.","Installed 1081-state map and accepted package requirement checked; no generic substitute assigned.","",""
"IW-200","Guarani state","GAR","high_chaos_only","ready_high_chaos","choose_one_host_safe","301|688","Paraguay|Chaco Boreal","301|688","Paraguay|Chaco Boreal","","","RG-ANDES-CHACO","301|688","Paraguay | Chaco Boreal","unchanged_current_ids","301=PAR|688=PAR","PAR=301","Alternatives evaluated independently: 301=PAR protected capital: skip while protection applies; 688=PAR retains at least one 1936 state. Runtime ownership remains authoritative.","Paraguay and Chaco Boreal are alternative host-safe anchors, not a cumulative grant; runtime may reject both if the protected host cannot survive.","Installed state history and STATE_n localisation checked.","301-paraguay.txt|688-Chaco Boreal.txt",""
"IW-201","Muisca restoration","HSX","high_chaos_only","ready_high_chaos","fixed_anchor_compact","306","Cundinamarca","306","Cundinamarca","","","RG-ANDES-CHACO","306","Cundinamarca","unchanged_current_ids","306=COL","COL=306","COL anchor contains protected capital state 306: skip/reject while protection applies; COL retains at least one 1936 state after the compact set. Trim extension, then compact, before losing the anchor; runtime ownership is authoritative.","Accepted baseline binding remains valid on the installed map.","Installed state history and STATE_n localisation checked.","306-Colombia.txt",""
"IW-202","Gran Chaco federation","HTX","specific_community_variant_only","specific_variant_only_unbound","unbound","","","","","","","RG-ANDES-CHACO","688","Chaco Boreal, named member peoples required","baseline_rejected","","","Not selectable: no authoritative current-map binding.","The accepted package requires named Gran Chaco member peoples; broad Chaco Boreal state 688 is not a direct binding.","Installed 1081-state map and accepted package requirement checked; no generic substitute assigned.","",""
"IW-203","Patagonian state","HUX","high_chaos_only","ready_high_chaos","choose_one_host_branch","512|507","Río Negro|Magallanes","512|507","Río Negro|Magallanes","","","RG-SOUTHERN-CONE","512|507","Patagonia | Magallanes","unchanged_current_ids","507=CHL|512=ARG","ARG=278|CHL=279","Alternatives evaluated independently: 512=ARG retains at least one 1936 state; 507=CHL retains at least one 1936 state. Runtime ownership remains authoritative.","Río Negro and Magallanes are alternative host-branch anchors, not a cumulative cross-border grant.","Installed state history and STATE_n localisation checked.","507-Southern Chile.txt|512-Patagonia.txt",""
"IW-204","Araucania and Patagonia restoration","","vanilla_route_overlay_only","overlay_nonselectable","overlay_carrier_route","950","Araucanía","950","Araucanía","","","RG-SOUTHERN-CONE","512|507","Patagonia | Magallanes, hidden restoration route only","rebound_to_current_split","950=CHL","CHL=279","CHL retains at least one 1936 state after the compact set. Trim extension, then compact, before losing the anchor; runtime ownership is authoritative.","The hidden restoration uses Araucanía and shares the Southern Cone reservation with the Mapuche package.","Current state 950 is Araucanía. Installed state history and STATE_n localisation were also checked.","950 - Araucania.txt",""
"IW-205","Amazonian confederation","HWX","specific_community_variant_only","specific_variant_only_unbound","unbound","","","","","","","RG-AMAZON-MAROON-SPECIFIC","494|495|496","Ucayali | Amazonas | Pará, named river peoples required","baseline_rejected","","","Not selectable: no authoritative current-map binding.","The accepted package requires named river peoples; the public-baseline Pará ID is also stale because current state 496 is Minas Gerais.","Installed 1081-state map and accepted package requirement checked; no generic substitute assigned.","",""
"IW-206","Maroon republic","HXX","specific_community_variant_only","specific_variant_only_unbound","unbound","","","","","","","RG-AMAZON-MAROON-SPECIFIC","689","Jamaica, or another named maroon community state selected by scenario type","baseline_rejected","","","Not selectable: no authoritative current-map binding.","The accepted package requires a specifically selected maroon community state; Jamaica is not a generic binding.","Installed 1081-state map and accepted package requirement checked; no generic substitute assigned.","",""
