pdxasset (int, 2):  [1, 0]
info:
    fps (float, 1):  [24.0]
    sa (int, 1):  [25]
    j (int, 1):  [24]
    Hips:
        sa (str, 1):  ['tqs']
        t (float, 3):  [0.050227136563053776, 4.423699705779484, -0.021606561292267124]
        q (float, 4):  [-0.586009681224823, 0.28090590238571167, 0.22625377774238586, 0.725598931312561]
        s (float, 1):  [1.0]
    LeftUpLeg:
        sa (str, 1):  ['tqs']
        t (float, 3):  [0.3919290484707503, -0.07022374198242431, -0.4087956943686528]
        q (float, 4):  [0.9817310571670532, -0.13980451226234436, 0.11909700930118561, 0.049747124314308167]
        s (float, 1):  [1.0]
    LeftLeg:
        sa (str, 1):  ['tqs']
        t (float, 3):  [-2.4543049512715243e-06, 8.570588718725958e-07, 1.6516758625760417]
        q (float, 4):  [-0.24473099410533905, -0.05039326474070549, -0.15630023181438446, 0.955582320690155]
        s (float, 1):  [1.0]
    LeftFoot:
        sa (str, 1):  ['tqs']
        t (float, 3):  [-7.815792553156342e-07, 2.668569669239673e-06, 1.6898430315738153]
        q (float, 4):  [0.47963449358940125, -0.04938754066824913, 0.07112662494182587, 0.8731853365898132]
        s (float, 1):  [1.0]
    LeftToeBase:
        sa (str, 1):  ['tqs']
        t (float, 3):  [-8.229713031049357e-07, 1.2466310863601393e-06, 0.45326524578074157]
        q (float, 4):  [0.30237606167793274, -0.01811368577182293, 0.009341547265648842, 0.9529708027839661]
        s (float, 1):  [1.0]
    RightUpLeg:
        sa (str, 1):  ['tqs']
        t (float, 3):  [-0.396384040486744, -0.07774885522774078, -0.40040263370806883]
        q (float, 4):  [-0.9566779732704163, -0.12181153893470764, 0.21895483136177063, 0.14828376471996307]
        s (float, 1):  [1.0]
    RightLeg:
        sa (str, 1):  ['tqs']
        t (float, 3):  [2.512740783444656e-06, -8.190755809600603e-06, 1.6534412480232135]
        q (float, 4):  [-0.25094330310821533, -0.02138405479490757, -0.02544526942074299, 0.9674310088157654]
        s (float, 1):  [1.0]
    RightFoot:
        sa (str, 1):  ['tqs']
        t (float, 3):  [-5.454011002825609e-07, -3.944418671686378e-06, 1.64801606536426]
        q (float, 4):  [0.571797251701355, 0.13741837441921234, -0.11080772429704666, 0.8011777400970459]
        s (float, 1):  [1.0]
    RightToeBase:
        sa (str, 1):  ['tqs']
        t (float, 3):  [5.819234953907682e-07, 7.642919882977495e-06, 0.49071860160990965]
        q (float, 4):  [0.33509841561317444, -0.016947535797953606, -0.00024426402524113655, 0.942030668258667]
        s (float, 1):  [1.0]
    Spine02:
        sa (str, 1):  ['tqs']
        t (float, 3):  [0.00445483405663491, 0.14796978255091542, 0.5151478960359945]
        q (float, 4):  [-0.20310315489768982, 0.01183683704584837, -0.03350453823804855, 0.9785123467445374]
        s (float, 1):  [1.0]
    Spine01:
        sa (str, 1):  ['tqs']
        t (float, 3):  [-3.043532925683934e-08, 8.120145845724736e-07, 0.5360060209290936]
        q (float, 4):  [-0.11908720433712006, 0.02831706404685974, -0.07915563881397247, 0.9893183708190918]
        s (float, 1):  [1.0]
    Spine:
        sa (str, 1):  ['tqs']
        t (float, 3):  [-4.869652681094294e-08, -6.866210280342955e-07, 0.5359924248588079]
        q (float, 4):  [-0.03321078419685364, 0.01782013103365898, -0.08193720877170563, 0.9959245920181274]
        s (float, 1):  [1.0]
    LeftShoulder:
        sa (str, 1):  ['tqs']
        t (float, 3):  [0.14236793863199715, -0.022352080769479254, 0.2417764051483129]
        q (float, 4):  [-0.5350561738014221, 0.5300059914588928, -0.48055973649024963, 0.44930049777030945]
        s (float, 1):  [1.0]
    LeftArm:
        sa (str, 1):  ['tqs']
        t (float, 3):  [5.648797110069381e-07, 2.532219394169033e-07, 0.5724129468329267]
        q (float, 4):  [-0.35720622539520264, -0.003168397815898061, -0.041407108306884766, 0.9331018924713135]
        s (float, 1):  [1.0]
    LeftForeArm:
        sa (str, 1):  ['tqs']
        t (float, 3):  [3.0386632730028396e-06, -6.603249035563863e-06, 1.063485708543027]
        q (float, 4):  [0.168232724070549, -0.37445810437202454, 0.07228637486696243, 0.9089849591255188]
        s (float, 1):  [1.0]
    LeftHand:
        sa (str, 1):  ['tqs']
        t (float, 3):  [-3.0873597998137825e-06, 1.324545529257648e-06, 0.9957387887858715]
        q (float, 4):  [0.2041555643081665, -0.0579458512365818, -0.06535829603672028, 0.9750339388847351]
        s (float, 1):  [1.0]
    RightShoulder:
        sa (str, 1):  ['tqs']
        t (float, 3):  [-0.14133717924898992, -0.023136060763566668, 0.22547212622063384]
        q (float, 4):  [-0.587216317653656, -0.5037569999694824, 0.43224698305130005, 0.46321526169776917]
        s (float, 1):  [1.0]
    RightArm:
        sa (str, 1):  ['tqs']
        t (float, 3):  [1.9478610724377177e-07, 3.993115198497321e-07, 0.5638612134093819]
        q (float, 4):  [-0.5553906559944153, -0.2284909337759018, 0.0026366168167442083, 0.7995787858963013]
        s (float, 1):  [1.0]
    RightForeArm:
        sa (str, 1):  ['tqs']
        t (float, 3):  [1.9478610724377177e-08, 1.1492380327382534e-06, 1.0839305362737761]
        q (float, 4):  [-0.03554106131196022, 0.3122473359107971, -0.08036684989929199, 0.9459279179573059]
        s (float, 1):  [1.0]
    RightHand:
        sa (str, 1):  ['tqs']
        t (float, 3):  [-2.7270055014128047e-07, -1.5972460793989285e-06, 0.9706571167294058]
        q (float, 4):  [-0.09222239255905151, 0.153264120221138, 0.08677744120359421, 0.9800381660461426]
        s (float, 1):  [1.0]
    neck:
        sa (str, 1):  ['tqs']
        t (float, 3):  [-0.0010309931263359218, 0.045487079948761444, 0.39098406315006784]
        q (float, 4):  [-0.008037802763283253, 0.0014416761696338654, 0.01285451278090477, 0.9998840093612671]
        s (float, 1):  [1.0]
    Head:
        sa (str, 1):  ['tqs']
        t (float, 3):  [-2.2887367601143183e-07, -1.8991645456267747e-07, 0.29551808692297676]
        q (float, 4):  [-0.15693417191505432, 0.06638990342617035, -0.1627623736858368, 0.9718397259712219]
        s (float, 1):  [1.0]
    head_end:
        sa (str, 1):  ['tqs']
        t (float, 3):  [0.0001567504675649145, -0.5493316501834116, 0.7418958712590751]
        q (float, 4):  [0.3170134127140045, -0.0022064894437789917, -0.0023940750397741795, 0.9484154582023621]
        s (float, 1):  [1.0]
    headfront:
        sa (str, 1):  ['tqs']
        t (float, 3):  [-0.0001567370760200415, 0.5493258845146372, 0.33147250522107186]
        q (float, 4):  [-0.49160754680633545, -0.00012442375009413809, -4.348779384599766e-06, 0.8708168864250183]
        s (float, 1):  [1.0]
samples:
    t (float, 1800):  [0.0020517587646283753, 0.18061234032129292, -0.0008826195266190134, 0.39192912638519317, -0.07022366406798142, -0.40879666829918904, -2.4543049512715243e-06, 9.349733147701045e-07, 1.6516755509182701, -6.574031119477297e-07, 2.649091058515296e-06, 1.6898431874027011, -6.79316549012654e-07, 1.3440241399820252e-06, 0.4532652068235201, -0.396384040486744, -0.07774885522774078, -0.4004038803391552, 2.3763905083740156e-06, -7.733008457577739e-06, 1.6534414038520993, -5.064438788338066e-07, -3.7204146483560407e-06, 1.6480163770220315, 8.19319063594115e-07, 7.6063974878692875e-06, 0.4907185626526882, 0.004454866926790507, 0.14796978255091542, 0.5151466494049082, 5.600100583258438e-08, 7.925359738480964e-07, 0.536005709271322, -5.843583217313153e-08, -7.060996387586727e-07, 0.5359911782277216, 0.14236795811060787, -0.02235192494059346, 0.24177702846385607, 9.154947040457273e-07, 8.814071352780672e-07, 0.5724128689184838, 4.012593809221698e-06, -7.012299860775784e-06, 1.0634853968852553, -3.1360563266247254e-06, 1.4803744150526654e-06, 0.9957387887858715, -0.14133716950968456, -0.02313589519537551, 0.22547214569924456, -1.0713235898407447e-07, -5.454011002825609e-07, 0.563861135494939, 2.7270055014128047e-07, 1.3440241399820252e-06, 1.0839303025304474, -3.506149930387892e-07, -1.6362033008476828e-06, 0.9706568050716342, -0.0010309736477251974, 0.04548723577764724, 0.39098406315006784, -1.0956718532462162e-08, -4.187901305741093e-07, 0.29551878815296284, 0.00015663359590056825, -0.5493320787128475, 0.7418964166601754, -0.00015679307702587408, 0.5493254949424227, 0.33147297270772924, 0.002051758003745144, 0.1806123208426822, -0.0008825550798093121, 0.3919290874279717, -0.07022344980326345, -0.4087959281119815, -2.5906552263421645e-06, 9.349733147701045e-07, 1.6516753950893843, -8.375802611482186e-07, 2.6101338370665417e-06, 1.689843343231587, -7.28013075823597e-07, 1.324545529257648e-06, 0.4532652068235201, -0.39638396257230113, -0.07774864096302281, -0.40040329598083346, 2.4932621727202786e-06, -7.713529846853362e-06, 1.6534412480232135, -5.064438788338066e-07, -3.847025618064492e-06, 1.64801606536426, 6.172284773287018e-07, 7.562570613739439e-06, 0.4907189522249027, 0.004454903753538908, 0.147970094208687, 0.5151479739504374, 3.408756876766006e-08, 9.495822728133874e-07, 0.5360058651002078, -6.817513753532012e-08, -8.132319977427471e-07, 0.5359917625860433, 0.14236799706782932, -0.022351849460976903, 0.24177669732747376, 9.252340094079159e-07, 7.572309919101627e-07, 0.5724128689184838, 3.4671927089391374e-06, -6.5642918141151085e-06, 1.0634860202007985, -3.2334493802466113e-06, 9.349733147701045e-07, 0.9957389446147573, -0.14133709159524166, -0.023135749105795078, 0.22547195091313732, -4.869652681094294e-08, -1.9478610724377177e-07, 0.5638612523666033, -9.739305362188588e-08, 1.324545529257648e-06, 1.0839303025304474, -3.8957221448754353e-07, -1.869946629540209e-06, 0.9706567271571913, -0.0010309152118930243, 0.04548760100159832, 0.39098406315006784, -2.982662267170255e-08, -5.356617949203724e-07, 0.29551999582682775, 0.00015664211779276016, -0.5493313774828614, 0.741896728317947, -0.00015675411980442533, 0.5493260013863015, 0.33147336227994373, 0.002051756481978681, 0.18061228188546075, -0.0008823765005148976, 0.3919290484707503, -0.0702235666749278, -0.40879612289808875, -2.55169800489341e-06, 7.207085968019555e-07, 1.6516761742338133, -7.9375338701837e-07, 2.5711766156177873e-06, 1.689843343231587, -7.840140816561814e-07, 1.1492380327382534e-06, 0.45326508995185577, -0.39638396257230113, -0.07774873835607643, -0.40040321806639056, 2.512740783444656e-06, -7.733008457577739e-06, 1.6534414038520993, -4.6748665738505224e-07, -3.5718902415826648e-06, 1.6480165328509173, 7.000125729073048e-07, 7.616136793231476e-06, 0.4907188743104598, 0.004454873622562944, 0.14797003577285484, 0.5151480129076589, 1.0348011947325375e-07, 7.438394470371534e-07, 0.5360063325868651, -1.8504680188158318e-07, -6.135762378178811e-07, 0.535991996329372, 0.14236793863199715, -0.022351995550557335, 0.24177683367774883, 7.888837343372757e-07, 8.010578660400114e-07, 0.5724129078757052, 3.759371869804795e-06, -7.031778471500161e-06, 1.0634860202007985, -3.1360563266247254e-06, 2.298476065476507e-06, 0.9957387887858715, -0.141337208466906, -0.023135865977459424, 0.22547189247730515, 1.4608958043282882e-07, -3.1165777159003483e-07, 0.5638611744521604, 6.038369324556925e-07, 1.2661096970845165e-06, 1.0839310816748764, -1.9478610724377177e-07, -1.3635027507064024e-06, 0.9706566492427484, -0.0010309882566832407, 0.04548720655973115, 0.39098437480783943, -1.193064906868102e-07, -1.5582888579501741e-07, 0.2955184570165805, 0.0001565982909186303, -0.5493311826967542, 0.7418957154301893, -0.00015675898945710642, 0.5493261572151873, 0.3314725441782933, 0.002051753894975694, 0.18061222344962857, -0.0008821066913210357, 0.3919290874279717, -0.07022358615353852, -0.4087958501975386, -2.5711766156177873e-06, 1.0713235898407447e-06, 1.6516758625760417, -6.866210280342955e-07, 2.649091058515296e-06, 1.6898430315738153, -8.205364767643886e-07, 1.207673864911385e-06, 0.45326524578074157, -0.396384040486744, -0.07774869939885498, -0.4004028674513975, 2.649091058515296e-06, -7.5577009610583445e-06, 1.6534412480232135, -5.064438788338066e-07, -3.90059179755653e-06, 1.6480163770220315, 4.857478549391558e-07, 7.2752611055548755e-06, 0.4907190301393456, 0.004454880927041965, 0.14797000655493875, 0.5151481297793232, 5.7218419002857956e-08, 8.375802611482186e-07, 0.5360052028274431, -1.9478610724377177e-07, -8.375802611482186e-07, 0.5359912561421645, 0.1423679483713025, -0.02235224146801773, 0.24177677524191665, 4.6748665738505224e-07, 1.7993366656643417e-06, 0.5724129078757052, 3.856764923426681e-06, -6.583770424839486e-06, 1.063485708543027, -3.048402578365028e-06, 1.0908022005651219e-06, 0.9957387887858715, -0.14133715003107383, -0.02313642111786507, 0.22547197039174804, 5.843583217313153e-08, -1.2612400444034222e-06, 0.5638615250671535, 7.012299860775784e-07, 1.4024599721551567e-06, 1.0839307700171048, -3.506149930387892e-07, -1.7141177437451915e-06, 0.9706570388149629, -0.0010309346905037486, 0.04548702638258195, 0.3909841021072893, -9.252340094079159e-08, 2.1913437064924324e-07, 0.295517716829373, 0.00015664211779276016, -0.5493310268678684, 0.7418960270879609, -0.00015672003223565767, 0.5493258845146372, 0.3314727000071791, 0.002051750699266122, 0.18061218449240712, -0.0008817685548129922, 0.3919290874279717, -0.07022350823909562, -0.4087951100103311, -2.512740783444656e-06, 9.544519254944817e-07, 1.6516758625760417, -7.012299860775784e-07, 2.6588303638774846e-06, 1.6898431874027011, -6.647075909693712e-07, 1.1297594220138762e-06, 0.45326516786629867, -0.39638396257230113, -0.07774860200580136, -0.4004024389219616, 2.532219394169033e-06, -7.752487068302116e-06, 1.6534410921943277, -3.1165777159003483e-07, -3.93467936632419e-06, 1.6480165328509173, 4.5812779363857414e-07, 7.733008457577739e-06, 0.49071875743879545, 0.004454902231772445, 0.14796995785841194, 0.5151482466509876, 1.5826371213556456e-08, 8.2784095578603e-07, 0.5360062546724222, -1.4608958043282882e-07, -5.405314476014667e-07, 0.5359918405004862, 0.14236793863199715, -0.022351722850007194, 0.24177663889164158, 1.0128877576676132e-06, 4.833130285986087e-07, 0.5724128299612623, 3.2724066016953657e-06, -6.62272764628824e-06, 1.06348633185857, -3.1555349373491026e-06, 1.6362033008476828e-06, 0.9957394900158576, -0.14133716950968456, -0.023136226331757825, 0.22547284692923064, 1.1687166434626306e-07, -3.7983290912535494e-07, 0.5638612523666033, 1.3440241399820252e-06, 1.1492380327382534e-06, 1.0839312375037622, -3.8957221448754353e-07, -1.6362033008476828e-06, 0.9706571946438487, -0.0010309699954856866, 0.04548709455771949, 0.3909845306367252, 4.382687412984865e-08, -4.5287769934176936e-07, 0.295518846588795, 0.00015671151034346575, -0.5493309879106469, 0.7418968841468327, -0.000156659161577144, 0.5493261182579658, 0.33147328436550083, 0.0020517470470266114, 0.18061210657796423, -0.0008813849935760329, 0.3919290874279717, -0.0702235666749278, -0.40879604498364586, -2.41534772982277e-06, 6.038369324556925e-07, 1.651675706747156, -8.960160933213501e-07, 2.6393517531531074e-06, 1.6898434990604727, -5.600100583258438e-07, 1.3148062238954594e-06, 0.45326516786629867, -0.39638396257230113, -0.0777487188774657, -0.400402906408619, 2.41534772982277e-06, -7.65509401468023e-06, 1.6534412480232135, -5.259224895581838e-07, -3.691196732269475e-06, 1.64801606536426, 5.734016031988531e-07, 7.528483044971779e-06, 0.4907188743104598, 0.004454882144455136, 0.1479700455121602, 0.5151480129076589, 8.826245484483408e-08, 8.482326263881124e-07, 0.5360057871857649, -5.3566179492037236e-08, -9.301036620890102e-07, 0.5359920742438149, 0.14236790941408106, -0.02235205885604219, 0.24177751542912418, 5.356617949203724e-07, 1.0834977215434805e-07, 0.5724129078757052, 3.739893259080418e-06, -6.7298600052723145e-06, 1.0634852410563695, -3.2334493802466113e-06, 1.65568191157206e-06, 0.9957397237591863, -0.14133716950968456, -0.023135656582394137, 0.22547224309229819, 0.0, 2.629612447790919e-07, 0.5638612134093819, 1.0518449791163675e-06, 1.8017714920048888e-06, 1.0839312375037622, -2.3374332869252612e-07, -1.5193316365014198e-06, 0.9706568829860771, -0.0010309827783239744, 0.04548745978167057, 0.39098488125171826, -4.869652681094294e-09, -4.772259627472408e-07, 0.295518846588795, 0.00015671637999614685, -0.5493317280978545, 0.7418975074623759, -0.00015671029293029548, 0.5493252222418725, 0.3314738297666011, 0.002051743090433808, 0.18061202866352133, -0.0008809788341071004, 0.3919290095135288, -0.07022346928187417, -0.408795538539767, -2.55169800489341e-06, 6.963603333964841e-07, 1.651675706747156, -6.233155431800697e-07, 2.6247427951098246e-06, 1.6898428757449295, -9.325384884295573e-07, 1.358633098025308e-06, 0.45326516786629867, -0.396384040486744, -0.07774864096302281, -0.4004030232802833, 2.4932621727202786e-06, -7.5577009610583445e-06, 1.6534410921943277, -3.7983290912535494e-07, -3.7204146483560407e-06, 1.64801606536426, 3.822677354659021e-07, 7.596658182507099e-06, 0.4907187963960169, 0.004454832230515154, 0.1479700455121602, 0.5151478570787731, 7.745791295865612e-08, 7.859923780578759e-07, 0.5360055534424362, -4.382687412984865e-08, -5.916628007529567e-07, 0.5359918015432648, 0.1423680262857454, -0.022351627891779913, 0.24177675576330593, 1.1881952541870078e-06, 7.030561058329887e-07, 0.5724129468329267, 3.1555349373491026e-06, -6.496116676579788e-06, 1.063485708543027, -3.0386632730028396e-06, 1.7920321866427003e-06, 0.995739178358086, -0.14133707211663094, -0.02313571988787899, 0.22547195091313732, 7.791444289750871e-08, -8.2784095578603e-08, 0.5638613692382677, 1.441417193603911e-06, 1.5485495525879855e-06, 1.0839310816748764, -2.7270055014128047e-07, -1.6946391330208144e-06, 0.9706567271571913, -0.001030900602934981, 0.045487751960831435, 0.39098367357785335, 4.869652681094294e-08, -3.408756876766006e-08, 0.29551830118769473, 0.0001566311610742277, -0.5493310268678684, 0.7418962608312896, -0.0001567504675649145, 0.5493265467874018, 0.33147289479328634, 0.002051739286017651, 0.18061195074907843, -0.0008805725985498447, 0.3919290874279717, -0.07022344980326345, -0.408796317684196, -2.3958691190983927e-06, 4.772259627472408e-07, 1.6516753950893843, -9.544519254944817e-07, 2.615003489747636e-06, 1.6898428757449295, -7.888837343372757e-07, 1.4121992775173453e-06, 0.45326524578074157, -0.39638396257230113, -0.07774873835607643, -0.40040399721081954, 2.3569118976496384e-06, -7.733008457577739e-06, 1.6534412480232135, -3.5304981937933633e-07, -3.7642415224858894e-06, 1.6480163770220315, 4.455732203201279e-07, 7.694051236128985e-06, 0.490718718481574, 0.004454866318083922, 0.14797002603354947, 0.5151472727204514, 1.521766462841967e-08, 8.235800096900725e-07, 0.5360061767579793, -1.4121992775173453e-07, -9.447126201322931e-07, 0.5359926196449152, 0.1423679775892186, -0.02235192981024614, 0.2417769700280239, 9.349733147701045e-07, 1.1073894550100993e-06, 0.5724130247473695, 3.856764923426681e-06, -6.8954281964295205e-06, 1.0634846177408264, -3.428235487490383e-06, 1.8115107973670774e-06, 0.9957391004436431, -0.14133717924898992, -0.0231360266759979, 0.22547235996396253, -3.213970769522234e-07, -9.739305362188588e-09, 0.5638613302810462, 1.0518449791163675e-06, 1.0128877576676132e-06, 1.0839310816748764, -7.791444289750871e-08, -1.7141177437451915e-06, 0.9706571946438487, -0.0010309444298091108, 0.045487396476185715, 0.39098398523562494, -9.739305362188588e-09, -1.0226270630298018e-07, 0.29551855440963415, 0.00015665794416397372, -0.5493315333117472, 0.7418964945746183, -0.00015669811879859274, 0.5493257676429728, 0.3314730116649507, 0.0020517357859547863, 0.18061189231324626, -0.0008801887329595928, 0.3919290874279717, -0.07022352771770635, -0.40879612289808875, -2.6393517531531074e-06, 7.901011475075492e-07, 1.6516755509182701, -6.330548485422582e-07, 2.6198731424287303e-06, 1.6898431874027011, -7.207085968019555e-07, 1.2466310863601393e-06, 0.4532650120374129, -0.3963839236150797, -0.07774861174510672, -0.400403257023612, 2.220561622578998e-06, -7.5406571766745145e-06, 1.6534410921943277, -4.236597832552036e-07, -4.012593809221698e-06, 1.6480163770220315, 5.697493636880324e-07, 7.4408292967120815e-06, 0.4907187963960169, 0.004454943015113649, 0.14797003577285484, 0.5151477402071087, 5.96532453434051e-08, 8.826245484483408e-07, 0.5360050859557788, -6.817513753532012e-08, -7.986230396994642e-07, 0.5359914509282717, 0.14236793863199715, -0.022351769111707664, 0.2417770479424668, 4.869652681094294e-07, 7.152302375357245e-07, 0.5724129857901481, 3.1555349373491026e-06, -6.763947574039975e-06, 1.0634868772596704, -3.3503210445928744e-06, 1.65568191157206e-06, 0.9957388667003144, -0.14133718898829528, -0.02313624094071587, 0.22547341180894165, 5.648797110069381e-07, -1.606985384761117e-07, 0.5638615640243749, 5.064438788338066e-07, 1.9089038509889633e-06, 1.0839307700171048, -3.1165777159003483e-07, -1.1492380327382534e-06, 0.9706574283871774, -0.0010309833870305596, 0.045487445172712526, 0.3909847643800539, -9.739305362188588e-09, -2.386129813736204e-07, 0.29551832066630546, 0.0001566512483915372, -0.5493317280978545, 0.7418963387457325, -0.0001567042058644441, 0.5493257676429728, 0.3314733233227223, 0.0020517325902452144, 0.18061183387741409, -0.0008798505203632262, 0.39192912638519317, -0.07022358615353852, -0.408796317684196, -2.6929179326451447e-06, 1.2782838287872522e-06, 1.6516761742338133, -7.53578752399342e-07, 2.3593467239901855e-06, 1.6898434990604727, -9.93409146943236e-07, 1.1638469907815363e-06, 0.45326493412297, -0.3963839236150797, -0.07774873835607643, -0.4004035686813836, 2.34717259228745e-06, -7.5577009610583445e-06, 1.6534412480232135, -1.8504680188158318e-07, -3.895722144875435e-06, 1.6480163770220315, 8.381889677333554e-07, 7.582049224463816e-06, 0.49071875743879545, 0.0044549168407304884, 0.14796983124744223, 0.5151470779343441, 3.6522395108207206e-09, 7.426220338668799e-07, 0.5360063715440866, -1.0713235898407447e-07, -9.556693386647552e-07, 0.5359918015432648, 0.1423678996747757, -0.022351562151468718, 0.241777456993292, 7.012299860775784e-07, 1.2831534814683465e-06, 0.5724129468329267, 3.6522395108207206e-06, -6.666554520418089e-06, 1.063485708543027, -3.077620494451594e-06, 1.869946629540209e-06, 0.9957394121014147, -0.1413371597703792, -0.023136002327734495, 0.22547319754422368, 4.285294359362979e-07, 8.351454348076714e-07, 0.5638613692382677, 9.349733147701045e-07, 1.541245073566344e-06, 1.0839307700171048, -3.1165777159003483e-07, -9.739305362188588e-07, 0.970656181756091, -0.0010309833870305596, 0.0454874256941018, 0.39098534873837565, -3.8957221448754353e-08, -5.040090524932594e-07, 0.2955174636074336, 0.0001566427264993453, -0.5493308320817611, 0.7418955596013035, -0.00015669203173274138, 0.5493260013863015, 0.33147297270772924, 0.0020517300032422275, 0.1806117754415819, -0.0008795807872576875, 0.39192912638519317, -0.07022350823909562, -0.4087960839408673, -2.6880482799640504e-06, 3.0191846622784624e-07, 1.6516755509182701, -4.5774735202286365e-07, 2.366651203011827e-06, 1.689843343231587, -7.401872075263327e-07, 1.3829813614307795e-06, 0.45326516786629867, -0.3963840794439655, -0.07774862148441208, -0.40040271162251173, 2.2108223172168096e-06, -7.616136793231476e-06, 1.6534410921943277, -4.4800804666067506e-07, -3.7009360376316636e-06, 1.6480162211931457, 6.525334592666354e-07, 7.659963667361325e-06, 0.49071899118212414, 0.004454853535245634, 0.14797016238382454, 0.5151479739504374, 3.408756876766006e-08, 8.558414587023222e-07, 0.5360063715440866, -1.0469753264352732e-07, -8.047101055508321e-07, 0.5359928533882439, 0.14236800680713468, -0.02235161084799553, 0.24177642462692361, 8.181016504238414e-07, 1.1894126673572814e-06, 0.5724129468329267, 3.2334493802466113e-06, -6.559422161434014e-06, 1.063485708543027, -3.077620494451594e-06, 1.4998530257770426e-06, 0.9957389446147573, -0.14133711107385238, -0.023135641973436094, 0.22547160029814428, 1.9478610724377177e-08, 1.3635027507064024e-07, 0.5638613692382677, 7.012299860775784e-07, 9.252340094079159e-07, 1.0839308479315477, -2.3374332869252612e-07, -1.2174131702735735e-06, 0.9706568829860771, -0.0010309152118930243, 0.045487435433407164, 0.390984335850618, -5.843583217313153e-08, -2.9217916086565765e-08, 0.29551872971713067, 0.00015662568271496147, -0.5493308320817611, 0.7418954816868606, -0.00015672855412784958, 0.5493265857446232, 0.3314718429483072, 0.002051728177122472, 0.18061173648436046, -0.0008794029688465044, 0.3919290874279717, -0.07022362511075997, -0.4087965514275247, -2.6880482799640504e-06, 4.96704573471618e-07, 1.6516758625760417, -7.499265128885213e-07, 2.5711766156177873e-06, 1.6898434990604727, -1.3050669185332708e-06, 1.2295873019763093e-06, 0.4532648562085271, -0.3963840015295226, -0.07774876757399252, -0.40040360763860505, 2.429956687866053e-06, -7.509004434247402e-06, 1.6534403130498987, -7.012299860775784e-07, -3.739893259080418e-06, 1.6480162211931457, 4.96704573471618e-07, 7.577179571782722e-06, 0.49071891326768124, 0.004454888840227572, 0.14796992864049585, 0.5151473506348943, 4.869652681094294e-08, 8.400150874887657e-07, 0.5360063715440866, -7.913185606778228e-08, -6.774904292572437e-07, 0.5359913340566074, 0.1423679775892186, -0.022351937114725162, 0.24177751542912418, 8.570588718725958e-07, 2.532219394169033e-07, 0.572413063704591, 3.7155449956749464e-06, -6.834557537915842e-06, 1.0634846956552693, -2.8049199443103134e-06, 1.753074965193946e-06, 0.9957393341869718, -0.14133716950968456, -0.023136255549673912, 0.22547286640784137, 3.7983290912535494e-07, 8.887116142997087e-08, 0.5638612523666033, 6.233155431800697e-07, 8.667981772347844e-07, 1.083930614188219, -3.8957221448754353e-07, -2.1231685689571123e-06, 0.9706557921838765, -0.001030949299461792, 0.04548729908313209, 0.39098464750838957, -4.869652681094294e-08, -4.869652681094294e-07, 0.2955192945968417, 0.00015663420460715338, -0.5493303645951038, 0.7418954037724177, -0.0001567188148224874, 0.5493269363596163, 0.3314724662638504, 0.002051727568415887, 0.18061171700574974, -0.0008793376850652485, 0.3919290095135288, -0.07022360563214924, -0.4087960060264244, -2.580915920979976e-06, 3.6522395108207206e-07, 1.6516758625760417, -7.207085968019555e-07, 2.6101338370665417e-06, 1.6898430315738153, -9.93409146943236e-07, 1.2807186551277994e-06, 0.4532650509946343, -0.3963840794439655, -0.07774874809538179, -0.40040337389527636, 2.44943529859043e-06, -7.5577009610583445e-06, 1.653441559680985, -4.285294359362979e-07, -3.7009360376316636e-06, 1.6480159095353741, 5.015742261527123e-07, 7.6063974878692875e-06, 0.4907186405671311, 0.004454807577898456, 0.14796989942257976, 0.5151477012498873, 7.791444289750871e-08, 8.753200694266994e-07, 0.536005709271322, -8.400150874887657e-08, -7.809705487304974e-07, 0.5359923079871436, 0.1423679775892186, -0.022352202510796282, 0.24177763230078853, 3.31136382314412e-07, 1.5802022950150985e-06, 0.5724129857901481, 3.705805690312758e-06, -6.975777465667576e-06, 1.0634855527141411, -3.1555349373491026e-06, 1.5680281633123627e-06, 0.9957386329569857, -0.1413371305524631, -0.02313628476759, 0.2254732949372773, 1.1200201166516877e-07, 4.1635530423356215e-07, 0.5638613302810462, 6.62272764628824e-07, 1.3878510141118738e-06, 1.0839305362737761, -5.064438788338066e-07, -2.2887367601143183e-06, 0.9706564154994197, -0.0010309200815457054, 0.045487172472162385, 0.39098519290948985, -8.76537482596973e-08, -4.407035676390336e-07, 0.29551880763157357, 0.00015665368321787776, -0.5493309489534255, 0.7418962608312896, -0.00015670177103810357, 0.5493260013863015, 0.33147305062217214, 0.002051728177122472, 0.18061173648436046, -0.0008794025884048887, 0.39192912638519317, -0.07022362511075997, -0.4087965514275247, -2.4932621727202786e-06, 9.179295303862745e-07, 1.651675706747156, -7.694051236128985e-07, 2.580915920979976e-06, 1.6898428757449295, -7.401872075263327e-07, 1.2271524756357621e-06, 0.45326508995185577, -0.396384040486744, -0.07774878705260324, -0.40040360763860505, 2.020905862654132e-06, -7.538222350333967e-06, 1.653440157221013, -3.506149930387892e-07, -3.993115198497321e-06, 1.6480162211931457, 3.993115198497321e-07, 7.591788529826005e-06, 0.4907188743104598, 0.004454857187485145, 0.14796992864049585, 0.5151473506348943, 7.060996387586727e-08, 8.753200694266994e-07, 0.5360057482285434, -1.0469753264352732e-07, -6.610553514585504e-07, 0.5359919573721506, 0.1423679483713025, -0.022352090508784617, 0.241776892113581, 7.012299860775784e-07, 8.619285245536901e-07, 0.5724129468329267, 3.691196732269475e-06, -6.919776459834992e-06, 1.063484929398598, -3.1165777159003483e-06, 1.6751605222964372e-06, 0.9957393341869718, -0.1413371597703792, -0.02313625068002123, 0.22547224309229819, 3.7983290912535494e-07, 9.130598777051802e-08, 0.5638613302810462, 5.843583217313153e-07, 1.141933553716612e-06, 1.0839305362737761, -3.1165777159003483e-07, -2.118298916276018e-06, 0.9706560259272052, -0.001030954169114473, 0.04548720169007847, 0.3909840241928464, -3.8957221448754353e-08, -1.8504680188158318e-07, 0.2955186712812985, 0.0001566561180442183, -0.5493309879106469, 0.7418960270879609, -0.0001566956839722522, 0.5493257676429728, 0.3314729337505078, 0.0020517300032422275, 0.1806117754415819, -0.0008795807872576875, 0.39192912638519317, -0.07022350823909562, -0.4087960839408673, -2.58578557366107e-06, 3.8957221448754353e-07, 1.6516758625760417, -7.012299860775784e-07, 2.3569118976496384e-06, 1.689843343231587, -7.207085968019555e-07, 1.490113720414854e-06, 0.45326555743851316, -0.3963840794439655, -0.07774862148441208, -0.40040271162251173, 2.2108223172168096e-06, -7.616136793231476e-06, 1.6534410921943277, -6.038369324556925e-07, -3.6619788161829092e-06, 1.6480162211931457, 6.038369324556925e-07, 7.645354709318042e-06, 0.49071891326768124, 0.004454866926790507, 0.14797016238382454, 0.5151479739504374, 5.478359266231081e-08, 8.619285245536901e-07, 0.5360063715440866, -1.4121992775173453e-07, -7.767096026345399e-07, 0.5359922300727007, 0.14236800680713468, -0.022351683892785745, 0.24177638566970217, 5.843583217313153e-07, 1.23323954148713e-06, 0.5724128299612623, 3.623021594734155e-06, -6.963603333964841e-06, 1.0634860202007985, -3.194492158797857e-06, 1.753074965193946e-06, 0.9957389446147573, -0.14133710133454702, -0.023135695539615586, 0.22547158081953356, -1.5582888579501741e-07, -4.4800804666067506e-07, 0.5638612913238248, 1.0128877576676132e-06, 1.3464589663225723e-06, 1.0839307700171048, -3.1165777159003483e-07, -1.6946391330208144e-06, 0.9706566492427484, -0.001030905472587662, 0.04548740621549108, 0.390984335850618, -2.9217916086565765e-08, -2.6052641843854474e-07, 0.2955186907599092, 0.00015663481331373852, -0.54933133852564, 0.7418955596013035, -0.0001567188148224874, 0.5493261961724087, 0.331471998777193, 0.0020517325902452144, 0.18061183387741409, -0.0008798509008048419, 0.39192912638519317, -0.07022364458937069, -0.4087960060264244, -2.498131825401373e-06, 1.0481927396055468e-06, 1.6516755509182701, -8.521892191915015e-07, 2.4883925200391843e-06, 1.6898434990604727, -7.012299860775784e-07, 1.193064906868102e-06, 0.45326532369518446, -0.39638396257230113, -0.0777488747063515, -0.400403257023612, 2.366651203011827e-06, -7.538222350333967e-06, 1.653440780536556, -3.31136382314412e-07, -3.856764923426681e-06, 1.6480163770220315, 6.969690399816209e-07, 7.560135787398892e-06, 0.49071891326768124, 0.0044549125797843925, 0.14796985072605295, 0.5151473895921157, 3.043532925683934e-08, 6.951429202262105e-07, 0.5360063715440866, -6.574031119477297e-08, -7.767096026345399e-07, 0.5359917625860433, 0.14236790941408106, -0.022351557281816037, 0.241777456993292, 6.817513753532012e-07, 1.3184584634062801e-06, 0.5724129468329267, 3.506149930387892e-06, -6.55455250875292e-06, 1.063484929398598, -3.3892782660416287e-06, 1.6751605222964372e-06, 0.995739178358086, -0.14133718898829528, -0.023135997458081814, 0.22547319754422368, 4.285294359362979e-07, 8.351454348076714e-07, 0.5638612134093819, 9.349733147701045e-07, 1.0194313534578336e-06, 1.0839307700171048, -4.285294359362979e-07, -8.473195665104072e-07, 0.9706564154994197, -0.0010309833870305596, 0.0454874256941018, 0.39098534873837565, -1.9478610724377177e-08, -5.015742261527123e-07, 0.2955174636074336, 0.0001566561180442183, -0.5493311047823113, 0.7418955596013035, -0.00015667985760103864, 0.5493256897285299, 0.33147297270772924, 0.0020517357859547863, 0.18061189231324626, -0.0008801887329595928, 0.3919290874279717, -0.07022360563214924, -0.40879612289808875, -2.5249149151473915e-06, 6.306200222017111e-07, 1.6516755509182701, -6.525334592666354e-07, 2.5419586995312216e-06, 1.689843343231587, -9.057553986835387e-07, 1.1954997332086492e-06, 0.4532650509946343, -0.3963839236150797, -0.07774868965954962, -0.40040321806639056, 2.3958691190983927e-06, -7.605788781284151e-06, 1.6534410921943277, -3.993115198497321e-07, -3.954157977048567e-06, 1.6480163770220315, 5.721841900285796e-07, 7.431089991349893e-06, 0.49071875743879545, 0.004454945145586697, 0.1479699675977173, 0.5151477402071087, 7.182737704614084e-08, 8.887116142997087e-07, 0.5360050859557788, -9.739305362188588e-09, -9.301036620890102e-07, 0.5359926975593581, 0.1423679775892186, -0.022351586499732123, 0.24177644410553434, 7.791444289750871e-07, 7.097518782694934e-07, 0.5724128299612623, 3.17501354807348e-06, -6.62272764628824e-06, 1.063487188917442, -3.194492158797857e-06, 1.6946391330208144e-06, 0.9957389446147573, -0.14133716950968456, -0.02313602180634522, 0.2254728079720092, 5.746190163691267e-07, -1.3878510141118738e-07, 0.563861486109932, 5.454011002825609e-07, 1.9113386773295105e-06, 1.0839304583593332, -1.5582888579501741e-07, -1.2661096970845165e-06, 0.9706571946438487, -0.0010309249511983865, 0.04548760100159832, 0.39098414106451074, -9.739305362188588e-09, -3.6035429840097777e-07, 0.29551896346045936, 0.0001566475961520264, -0.5493316501834116, 0.7418969620612756, -0.00015672124964882794, 0.5493257676429728, 0.33147394663826546, 0.002051739286017651, 0.18061195074907843, -0.000880572218108229, 0.3919290484707503, -0.07022344980326345, -0.4087956943686528, -2.34717259228745e-06, 1.65568191157206e-07, 1.6516753950893843, -7.012299860775784e-07, 2.7221358487317104e-06, 1.6898431874027011, -7.547961655696156e-07, 1.3062843317035444e-06, 0.45326516786629867, -0.396384040486744, -0.07774873835607643, -0.40040337389527636, 2.317954676200884e-06, -7.65509401468023e-06, 1.6534410921943277, -5.015742261527123e-07, -3.6863270795883807e-06, 1.6480162211931457, 5.210528368770895e-07, 7.596658182507099e-06, 0.49071867952435255, 0.0044548328392217396, 0.1479700162942441, 0.5151478960359945, 2.982662267170255e-08, 8.923638538105294e-07, 0.5360061767579793, -1.5095923311392312e-07, -1.127324595673329e-06, 0.535991996329372, 0.1423678996747757, -0.022352024768473422, 0.24177693107080245, 6.62272764628824e-07, 1.1711895139647488e-06, 0.5724128689184838, 4.178162000378904e-06, -6.651945562374806e-06, 1.0634846956552693, -3.0386632730028396e-06, 1.1881952541870078e-06, 0.9957394121014147, -0.14133722794551673, -0.02313607537252471, 0.2254723404853518, 1.3635027507064024e-07, -6.476638065855411e-07, 0.5638614471527106, 9.739305362188588e-07, 1.3878510141118738e-06, 1.0839312375037622, -1.9478610724377177e-07, -9.93409146943236e-07, 0.9706570388149629, -0.0010310126049466461, 0.045487347779658904, 0.3909845695939467, -3.8957221448754353e-08, -1.0226270630298018e-07, 0.29551793109409097, 0.0001566822924273792, -0.5493317280978545, 0.7418963387457325, -0.00015670298845127384, 0.549325611814087, 0.3314726220927362, 0.002051743090433808, 0.18061202866352133, -0.0008809788341071004, 0.3919290095135288, -0.07022346928187417, -0.408795538539767, -2.55169800489341e-06, 6.963603333964841e-07, 1.651675706747156, -6.233155431800697e-07, 2.6247427951098246e-06, 1.6898428757449295, -9.325384884295573e-07, 1.358633098025308e-06, 0.45326516786629867, -0.396384040486744, -0.07774864096302281, -0.4004030232802833, 2.4932621727202786e-06, -7.5577009610583445e-06, 1.6534410921943277, -3.7983290912535494e-07, -3.7204146483560407e-06, 1.64801606536426, 3.822677354659021e-07, 7.596658182507099e-06, 0.4907187963960169, 0.004454832230515154, 0.1479700455121602, 0.5151478570787731, 7.745791295865612e-08, 7.859923780578759e-07, 0.5360055534424362, -4.382687412984865e-08, -5.916628007529567e-07, 0.5359918015432648, 0.1423680262857454, -0.022351627891779913, 0.24177675576330593, 1.1881952541870078e-06, 7.030561058329887e-07, 0.5724129468329267, 3.1555349373491026e-06, -6.496116676579788e-06, 1.063485708543027, -3.0386632730028396e-06, 1.7920321866427003e-06, 0.995739178358086, -0.14133707211663094, -0.02313571988787899, 0.22547195091313732, 7.791444289750871e-08, -8.2784095578603e-08, 0.5638613692382677, 1.441417193603911e-06, 1.5485495525879855e-06, 1.0839310816748764, -2.7270055014128047e-07, -1.6946391330208144e-06, 0.9706567271571913, -0.001030900602934981, 0.045487751960831435, 0.39098367357785335, 4.869652681094294e-08, -3.408756876766006e-08, 0.29551830118769473, 0.0001566311610742277, -0.5493310268678684, 0.7418962608312896, -0.0001567504675649145, 0.5493265467874018, 0.33147289479328634, 0.0020517470470266114, 0.18061210657796423, -0.0008813846131344172, 0.3919290484707503, -0.07022360563214924, -0.40879635664141745, -2.317954676200884e-06, 6.233155431800697e-07, 1.651675706747156, -8.375802611482186e-07, 2.6393517531531074e-06, 1.689843343231587, -6.852514382177377e-07, 1.3635027507064024e-06, 0.4532651289090772, -0.3963840015295226, -0.07774867992024426, -0.40040321806639056, 2.649091058515296e-06, -7.577179571782722e-06, 1.6534412480232135, -6.427941539044468e-07, -3.8031987439346437e-06, 1.6480162211931457, 5.454011002825609e-07, 7.625876098593665e-06, 0.490718718481574, 0.004454880013982088, 0.14797002603354947, 0.5151477012498873, 3.865286815618596e-08, 9.118424645349066e-07, 0.5360057871857649, -8.76537482596973e-08, -7.718399499534456e-07, 0.5359914509282717, 0.14236807498227222, -0.022352385122771823, 0.24177751542912418, 4.772259627472408e-07, 8.400150874887657e-08, 0.5724129468329267, 3.623021594734155e-06, -6.856470974980766e-06, 1.0634853968852553, -3.4671927089391374e-06, 1.0128877576676132e-06, 0.9957387887858715, -0.14133702342010412, -0.02313598284912377, 0.22547222361368746, 9.739305362188588e-09, 2.532219394169033e-07, 0.5638610575804961, 4.285294359362979e-07, 1.5680281633123627e-06, 1.0839309258459906, -1.5582888579501741e-07, -1.8309894080914546e-06, 0.9706572725582916, -0.0010308313625609217, 0.045487172472162385, 0.39098429689339653, -4.869652681094294e-08, -3.7983290912535494e-07, 0.29551880763157357, 0.00015673464119370095, -0.5493318060122974, 0.741897429547933, -0.00015665672675080344, 0.5493253780707583, 0.331473907681044, 0.002051750699266122, 0.18061218449240712, -0.0008817685548129922, 0.3919290874279717, -0.07022350823909562, -0.4087951100103311, -2.629612447790919e-06, 9.544519254944817e-07, 1.6516758625760417, -6.330548485422582e-07, 2.678308974601862e-06, 1.6898428757449295, -7.341001416749648e-07, 1.3440241399820252e-06, 0.45326508995185577, -0.39638396257230113, -0.07774860200580136, -0.4004024389219616, 2.3763905083740156e-06, -7.674572625404608e-06, 1.6534417155098708, -4.285294359362979e-07, -3.93467936632419e-06, 1.6480165328509173, 5.217376317853684e-07, 7.694051236128985e-06, 0.49071867952435255, 0.004454902231772445, 0.14796995785841194, 0.5151482466509876, 1.5826371213556456e-08, 8.2784095578603e-07, 0.5360062546724222, -5.843583217313153e-08, -5.892279744124096e-07, 0.5359918405004862, 0.1423679775892186, -0.022351769111707664, 0.24177661941303086, 1.0518449791163675e-06, 4.650518310445051e-07, 0.5724129078757052, 3.2334493802466113e-06, -6.525334592666354e-06, 1.0634860202007985, -3.27727625437646e-06, 1.7920321866427003e-06, 0.9957392562725289, -0.14133717924898992, -0.023135953631207684, 0.2254728079720092, 7.791444289750871e-08, -3.6035429840097777e-07, 0.5638610575804961, 6.62272764628824e-07, 1.4121992775173453e-06, 1.0839310037604335, -3.506149930387892e-07, -1.753074965193946e-06, 0.9706570388149629, -0.0010309590387671541, 0.045487357518964266, 0.3909844916795038, 4.869652681094294e-09, -2.629612447790919e-07, 0.29551880763157357, 0.00015666037899031426, -0.5493308710389826, 0.741896728317947, -0.0001567322063673604, 0.5493263520012945, 0.33147312853661504, 0.002051753894975694, 0.18061222344962857, -0.0008821071478509745, 0.3919290095135288, -0.0702234887604849, -0.4087958501975386, -2.5711766156177873e-06, 8.960160933213501e-07, 1.6516760184049275, -6.427941539044468e-07, 2.629612447790919e-06, 1.6898430315738153, -8.083623450616528e-07, 1.2855883078088937e-06, 0.45326516786629867, -0.396384040486744, -0.07774862148441208, -0.4004028674513975, 2.55169800489341e-06, -7.616136793231476e-06, 1.653440780536556, -3.1165777159003483e-07, -3.885982839513247e-06, 1.648016688679803, 5.320095554095516e-07, 7.5723099191016274e-06, 0.49071875743879545, 0.004454820969443329, 0.14797008446938165, 0.5151481297793232, 7.304479021641441e-08, 9.629738176863967e-07, 0.5360058261429863, -9.739305362188588e-08, -8.375802611482186e-07, 0.5359919184149291, 0.1423679775892186, -0.022352207380448963, 0.241778021873003, 1.0810628952029333e-06, 5.064438788338066e-07, 0.5724128689184838, 3.642500205458532e-06, -7.129171525122047e-06, 1.063485630628584, -3.360060349955063e-06, 8.181016504238414e-07, 0.9957386329569857, -0.14133715003107383, -0.02313643085717043, 0.22547317806561296, 4.382687412984865e-07, -1.5582888579501741e-06, 0.5638612134093819, 7.401872075263327e-07, 1.441417193603911e-06, 1.0839310037604335, -4.285294359362979e-07, -1.9089038509889633e-06, 0.9706571167294058, -0.0010309931263359218, 0.04548697768605514, 0.3909853097811542, 8.034926923805585e-08, -3.408756876766006e-08, 0.29551904137490226, 0.0001566494222717818, -0.5493306762528753, 0.7418954037724177, -0.00015667377053518727, 0.549326040343523, 0.33147227147774316, 0.002051756481978681, 0.18061228188546075, -0.0008823765005148976, 0.3919290484707503, -0.07022364458937069, -0.40879612289808875, -2.4737835619959014e-06, 7.596658182507099e-07, 1.6516758625760417, -7.353175548452384e-07, 2.532219394169033e-06, 1.6898434990604727, -7.474916865479742e-07, 1.2661096970845165e-06, 0.45326516786629867, -0.39638396257230113, -0.07774881627051933, -0.40040321806639056, 2.220561622578998e-06, -7.6063974878692875e-06, 1.6534410921943277, -3.1165777159003483e-07, -3.7411106722506915e-06, 1.6480165328509173, 5.843583217313153e-07, 7.625876098593665e-06, 0.4907187963960169, 0.004454873926916236, 0.1479699675977173, 0.5151480129076589, 1.0348011947325375e-07, 6.854036148640219e-07, 0.5360063715440866, -1.2661096970845165e-07, -6.914906807153898e-07, 0.5359926586021366, 0.1423679483713025, -0.022351993115730995, 0.24177691159219172, 7.10969291439767e-07, 6.768817226721069e-07, 0.5724129078757052, 3.6814574269072864e-06, -6.583770424839486e-06, 1.0634853968852553, -3.1555349373491026e-06, 1.5972460793989285e-06, 0.9957391004436431, -0.14133716950968456, -0.023135812411279932, 0.22547198987035877, -6.817513753532012e-08, 1.65568191157206e-07, 0.5638612134093819, 4.090508252119207e-07, 1.2661096970845165e-06, 1.083930692102662, -1.5582888579501741e-07, -1.5972460793989285e-06, 0.9706562596705339, -0.0010309639084198352, 0.04548719682042579, 0.3909844916795038, -9.130598777051802e-08, -3.6522395108207206e-07, 0.29551798952992314, 0.00015664820485861153, -0.5493311826967542, 0.7418957154301893, -0.00015676385910978752, 0.5493261572151873, 0.3314725441782933, 0.002051758003745144, 0.1806123208426822, -0.0008825546993676964, 0.3919290874279717, -0.07022344980326345, -0.4087959281119815, -2.55169800489341e-06, 8.375802611482186e-07, 1.651675706747156, -7.353175548452384e-07, 2.5711766156177873e-06, 1.6898430315738153, -6.598379382882769e-07, 1.2271524756357621e-06, 0.45326508995185577, -0.39638396257230113, -0.07774864096302281, -0.40040329598083346, 2.317954676200884e-06, -7.781704984388682e-06, 1.6534414038520993, -4.285294359362979e-07, -3.593803678647589e-06, 1.6480163770220315, 5.70966776858306e-07, 7.465177560117553e-06, 0.490718718481574, 0.004454898883886227, 0.14797008446938165, 0.5151479739504374, 2.434826340547147e-08, 9.398429674511988e-07, 0.5360058651002078, -5.843583217313153e-08, -8.132319977427471e-07, 0.5359917625860433, 0.14236799706782932, -0.022351851895803243, 0.24177669732747376, 9.252340094079159e-07, 7.596658182507099e-07, 0.5724128689184838, 3.17501354807348e-06, -6.720120699910126e-06, 1.0634862539441272, -3.1165777159003483e-06, 1.441417193603911e-06, 0.9957387887858715, -0.14133709159524166, -0.02313575884510044, 0.22547195091313732, -5.843583217313153e-08, -2.3374332869252612e-07, 0.5638612523666033, -4.090508252119207e-07, 1.2466310863601393e-06, 1.0839303804448903, -2.3374332869252612e-07, -1.441417193603911e-06, 0.9706565713283055, -0.0010309152118930243, 0.04548759613194564, 0.39098406315006784, -2.982662267170255e-08, -5.356617949203724e-07, 0.29551999582682775, 0.00015672003223565767, -0.54933133852564, 0.7418968062323898, -0.00015675655463076588, 0.549326040343523, 0.3314734401943866, 0.0020517587646283753, 0.18061234032129292, -0.0008826195266190134, 0.39192912638519317, -0.07022366406798142, -0.40879666829918904, -2.4543049512715243e-06, 9.349733147701045e-07, 1.6516755509182701, -6.574031119477297e-07, 2.649091058515296e-06, 1.6898431874027011, -6.79316549012654e-07, 1.3440241399820252e-06, 0.4532652068235201, -0.396384040486744, -0.07774885522774078, -0.4004038803391552, 2.3763905083740156e-06, -7.733008457577739e-06, 1.6534414038520993, -5.064438788338066e-07, -3.7204146483560407e-06, 1.6480163770220315, 8.19319063594115e-07, 7.6063974878692875e-06, 0.4907185626526882, 0.004454866926790507, 0.14796978255091542, 0.5151466494049082, 5.600100583258438e-08, 7.925359738480964e-07, 0.536005709271322, -5.843583217313153e-08, -7.060996387586727e-07, 0.5359911782277216, 0.14236795811060787, -0.02235192494059346, 0.24177702846385607, 9.154947040457273e-07, 8.814071352780672e-07, 0.5724128689184838, 4.012593809221698e-06, -7.012299860775784e-06, 1.0634853968852553, -3.1360563266247254e-06, 1.4803744150526654e-06, 0.9957387887858715, -0.14133716950968456, -0.02313589519537551, 0.22547214569924456, -1.0713235898407447e-07, -5.454011002825609e-07, 0.563861135494939, 2.7270055014128047e-07, 1.3440241399820252e-06, 1.0839303025304474, -3.506149930387892e-07, -1.6362033008476828e-06, 0.9706568050716342, -0.0010309736477251974, 0.04548723577764724, 0.39098406315006784, -1.0956718532462162e-08, -4.187901305741093e-07, 0.29551878815296284, 0.00015663359590056825, -0.5493320787128475, 0.7418964166601754, -0.00015679307702587408, 0.5493254949424227, 0.33147297270772924]
    q (float, 2400):  [-0.5860096216201782, 0.2809058725833893, 0.22625377774238586, 0.725598931312561, 0.9817310571670532, -0.13980452716350555, 0.11909700930118561, 0.049747128039598465, -0.24473099410533905, -0.05039326474070549, -0.15630026161670685, 0.955582320690155, 0.47963449358940125, -0.049387555569410324, 0.07112661749124527, 0.8731853365898132, 0.3023760914802551, -0.018113676458597183, 0.009341579861938953, 0.9529708027839661, -0.9566779732704163, -0.12181154638528824, 0.21895484626293182, 0.14828376471996307, -0.2509433329105377, -0.021384043619036674, -0.025445250794291496, 0.9674310088157654, 0.571797251701355, 0.13741834461688995, -0.11080770194530487, 0.8011777400970459, 0.33509841561317444, -0.016947537660598755, -0.0002442682161927223, 0.942030668258667, -0.20310312509536743, 0.011836845427751541, -0.033504560589790344, 0.9785123467445374, -0.11908721923828125, 0.028317078948020935, -0.07915569096803665, 0.9893183708190918, -0.03321078419685364, 0.017820123583078384, -0.08193721622228622, 0.9959245920181274, -0.5350561738014221, 0.5300059914588928, -0.48055973649024963, 0.44930052757263184, -0.35720619559288025, -0.003168397815898061, -0.04140707477927208, 0.9331018924713135, 0.1682327389717102, -0.3744581341743469, 0.07228640466928482, 0.908984899520874, 0.2041555494070053, -0.05794584006071091, -0.06535827368497849, 0.9750339388847351, -0.587216317653656, -0.5037569999694824, 0.43224698305130005, 0.46321532130241394, -0.5553905963897705, -0.2284909188747406, 0.0026365933008491993, 0.7995787858963013, -0.03554106876254082, 0.3122473359107971, -0.08036684989929199, 0.9459279179573059, -0.09222240746021271, 0.153264120221138, 0.08677742630243301, 0.9800381660461426, -0.00803781021386385, 0.0014416795456781983, 0.012854520231485367, 0.9998840093612671, -0.1569342017173767, 0.06638989597558975, -0.1627623736858368, 0.9718397259712219, 0.3170134127140045, -0.0022064929362386465, -0.0023940776009112597, 0.9484155178070068, -0.49160754680633545, -0.00012442177103366703, -4.350245490059024e-06, 0.8708168864250183, -0.5856357216835022, 0.28102245926856995, 0.2261090874671936, 0.7259007096290588, 0.9821118116378784, -0.13880637288093567, 0.1202588602900505, 0.04155761003494263, -0.24781742691993713, -0.04988795146346092, -0.15646225214004517, 0.9547865390777588, 0.48189035058021545, -0.04920349642634392, 0.07125411182641983, 0.871942400932312, 0.3023760914802551, -0.018113698810338974, 0.00934157520532608, 0.9529708027839661, -0.9578986167907715, -0.12361741065979004, 0.21789683401584625, 0.14024955034255981, -0.2540680766105652, -0.02130172960460186, -0.025514231994748116, 0.9666150212287903, 0.5738665461540222, 0.1371314376592636, -0.11116261035203934, 0.7996968626976013, 0.3350984454154968, -0.016947530210018158, -0.00024426155141554773, 0.942030668258667, -0.20259903371334076, 0.01181957870721817, -0.03351064398884773, 0.9786168336868286, -0.11840768158435822, 0.028262704610824585, -0.07917512208223343, 0.9893999099731445, -0.033210769295692444, 0.017820138484239578, -0.08193724602460861, 0.9959245920181274, -0.5350561738014221, 0.5300059914588928, -0.48055967688560486, 0.44930049777030945, -0.36235660314559937, -0.0029634886886924505, -0.04142133146524429, 0.9311139583587646, 0.1663556694984436, -0.3746091425418854, 0.0715128481388092, 0.9093292951583862, 0.2041555792093277, -0.057945869863033295, -0.06535828858613968, 0.9750338792800903, -0.587216317653656, -0.5037570595741272, 0.43224698305130005, 0.46321532130241394, -0.5509653687477112, -0.22847287356853485, 0.0038987714797258377, 0.8026345372200012, -0.0335884690284729, 0.31207752227783203, -0.08100976049900055, 0.9460004568099976, -0.09222240746021271, 0.1532641053199768, 0.08677741140127182, 0.9800381660461426, -0.008381183259189129, 0.0014372688019648194, 0.012855005450546741, 0.9998812079429626, -0.15726794302463531, 0.06644580513238907, -0.1627396047115326, 0.9717857837677002, 0.3170134127140045, -0.0022064982913434505, -0.002394078066572547, 0.9484154582023621, -0.49160754680633545, -0.0001244305749423802, -4.347572030383162e-06, 0.8708168864250183, -0.5846013426780701, 0.2813441753387451, 0.22570861876010895, 0.7267340421676636, 0.982807457447052, -0.13600598275661469, 0.12341706454753876, 0.018976682797074318, -0.2555237114429474, -0.04862215742468834, -0.15686024725437164, 0.9527530670166016, 0.4875163435935974, -0.04874188452959061, 0.07157061994075775, 0.8688093423843384, 0.30237606167793274, -0.018113702535629272, 0.009341536089777946, 0.9529708027839661, -0.9609023928642273, -0.12855392694473267, 0.2149234563112259, 0.1181037425994873, -0.2618696689605713, -0.021094853058457375, -0.02568548172712326, 0.9645307660102844, 0.5790237188339233, 0.13640999794006348, -0.11204670369625092, 0.7959707379341125, 0.3350984454154968, -0.016947543248534203, -0.0002442664990667254, 0.942030668258667, -0.2012050747871399, 0.011771827936172485, -0.03352740406990051, 0.9789044260978699, -0.11652860045433044, 0.028112301602959633, -0.07922866195440292, 0.989622950553894, -0.033210765570402145, 0.017820129171013832, -0.08193723857402802, 0.9959246516227722, -0.5350561738014221, 0.5300059914588928, -0.48055973649024963, 0.44930049777030945, -0.3765158951282501, -0.0023839338682591915, -0.04145556315779686, 0.9254790544509888, 0.16116535663604736, -0.37501662969589233, 0.06937408447265625, 0.9102612733840942, 0.2041555494070053, -0.0579458586871624, -0.0653582513332367, 0.9750338792800903, -0.587216317653656, -0.5037569999694824, 0.4322470426559448, 0.46321526169776917, -0.5386620163917542, -0.22838693857192993, 0.007382309529930353, 0.8109427690505981, -0.02819213829934597, 0.3116031885147095, -0.08278541266918182, 0.9461792707443237, -0.09222240746021271, 0.153264120221138, 0.08677744120359421, 0.9800381660461426, -0.009330501779913902, 0.0014250435633584857, 0.012856371700763702, 0.9998728036880493, -0.1581905335187912, 0.06660029292106628, -0.16267642378807068, 0.9716360569000244, 0.3170134425163269, -0.00220649316906929, -0.0023940762039273977, 0.9484154582023621, -0.49160751700401306, -0.00012442280421964824, -4.349050868768245e-06, 0.8708168864250183, -0.583036482334137, 0.2818291485309601, 0.22510282695293427, 0.7279900312423706, -0.9828758239746094, 0.13165631890296936, -0.12804698944091797, 0.015024718828499317, -0.2655186653137207, -0.04697159677743912, -0.15736237168312073, 0.9500160813331604, 0.4948006570339203, -0.04813867807388306, 0.07197774201631546, 0.864681601524353, 0.3023761212825775, -0.018113698810338974, 0.009341569617390633, 0.9529708027839661, -0.9644395112991333, -0.1358662098646164, 0.21027575433254242, 0.084740549325943, -0.2719879746437073, -0.02082388661801815, -0.02590569667518139, 0.9617264866828918, 0.5856926441192627, 0.13546356558799744, -0.11318910866975784, 0.7910764813423157, 0.3350984454154968, -0.016947513446211815, -0.00024426376330666244, 0.942030668258667, -0.1990985870361328, 0.0116996755823493, -0.03355269506573677, 0.9793350100517273, -0.11368929594755173, 0.027884896844625473, -0.07930894196033478, 0.9899532198905945, -0.03321080654859543, 0.017820140346884727, -0.08193721622228622, 0.9959245920181274, -0.5350561141967773, 0.5300060510635376, -0.48055973649024963, 0.4493005871772766, -0.397701621055603, -0.0014823226956650615, -0.041491858661174774, 0.9165749549865723, 0.15332022309303284, -0.37560588121414185, 0.06614149361848831, 0.9116131067276001, 0.2041555494070053, -0.057945869863033295, -0.06535829603672028, 0.9750338792800903, -0.587216317653656, -0.5037570595741272, 0.4322470426559448, 0.46321526169776917, -0.5198709964752197, -0.22815671563148499, 0.012632325291633606, 0.8231155276298523, -0.02004331722855568, 0.31087151169776917, -0.08546265214681625, 0.9463896751403809, -0.09222240746021271, 0.153264120221138, 0.08677742630243301, 0.9800381660461426, -0.01076455321162939, 0.0014066256117075682, 0.01285837683826685, 0.9998584389686584, -0.1595838963985443, 0.06683354079723358, -0.1625807285308838, 0.9714081883430481, 0.3170134425163269, -0.0022064947988837957, -0.002394078066572547, 0.9484154582023621, -0.49160754680633545, -0.00012442188744898885, -4.349180017015897e-06, 0.8708168864250183, -0.581071138381958, 0.2824350893497467, 0.22434194386005402, 0.7295597791671753, -0.9813107252120972, 0.1260053962469101, -0.13361167907714844, 0.05744466185569763, -0.27548426389694214, -0.04531586170196533, -0.15784715116024017, 0.9471743106842041, 0.5020499229431152, -0.0475321002304554, 0.07237975299358368, 0.8604927659034729, 0.30237606167793274, -0.01811366155743599, 0.009341557510197163, 0.9529708623886108, -0.967208206653595, -0.1447926163673401, 0.20418253540992737, 0.04304599389433861, -0.28207629919052124, -0.02055058442056179, -0.026123004034161568, 0.9588160514831543, 0.5923200845718384, 0.13450758159160614, -0.11432357132434845, 0.786126434803009, 0.33509841561317444, -0.01694752648472786, -0.00024426798336207867, 0.942030668258667, -0.19645680487155914, 0.011609152890741825, -0.0335841104388237, 0.9798684120178223, -0.1101289689540863, 0.027599560096859932, -0.07940875738859177, 0.9903556108474731, -0.03321077302098274, 0.017820140346884727, -0.08193723857402802, 0.9959246516227722, -0.5350561738014221, 0.5300059914588928, -0.48055973649024963, 0.44930046796798706, -0.4239102303981781, -0.00031135373865254223, -0.0415109321475029, 0.9047524333000183, 0.14347726106643677, -0.37630000710487366, 0.06208572909235954, 0.9132130146026611, 0.20415551960468292, -0.057945847511291504, -0.06535828113555908, 0.9750338792800903, -0.587216317653656, -0.5037570595741272, 0.43224698305130005, 0.46321526169776917, -0.4959723651409149, -0.22769884765148163, 0.019191868603229523, 0.8377328515052795, -0.009832764975726604, 0.3099282383918762, -0.08881009370088577, 0.9465519189834595, -0.09222240746021271, 0.153264120221138, 0.08677742630243301, 0.9800381660461426, -0.012562140822410583, 0.0013834952842444181, 0.012860914692282677, 0.9998374581336975, -0.16133011877536774, 0.06712573766708374, -0.1624603420495987, 0.9711196422576904, 0.3170134127140045, -0.0022065015509724617, -0.0023940817918628454, 0.9484155178070068, -0.49160754680633545, -0.00012442127626854926, -4.348779384599766e-06, 0.8708168864250183, -0.578835666179657, 0.28312042355537415, 0.2234765738248825, 0.7313345670700073, -0.9773399233818054, 0.11933732777833939, -0.13959971070289612, 0.10524863004684448, -0.28312814235687256, -0.04403902590274811, -0.15820811688899994, 0.9449175596237183, 0.5076014995574951, -0.047063250094652176, 0.07268550246953964, 0.8572295904159546, 0.3023761212825775, -0.01811365969479084, 0.009341574274003506, 0.9529708027839661, 0.9681433439254761, 0.15460892021656036, -0.19692108035087585, 0.004093218594789505, -0.2898140251636505, -0.02033883146941662, -0.026288190856575966, 0.9565056562423706, 0.5973892211914062, 0.13376574218273163, -0.11519058048725128, 0.7822812795639038, 0.3350984752178192, -0.01694752462208271, -0.00024425709852948785, 0.942030668258667, -0.19345715641975403, 0.011506319977343082, -0.03361949324607849, 0.9804650545120239, -0.10608702898025513, 0.02727530710399151, -0.07952067255973816, 0.990796685218811, -0.03321077674627304, 0.01782013103365898, -0.08193721622228622, 0.9959245920181274, -0.5350561738014221, 0.5300059914588928, -0.48055973649024963, 0.44930052757263184, -0.4531687796115875, 0.001075499108992517, -0.04149780794978142, 0.8904576897621155, 0.13229407370090485, -0.37702786922454834, 0.05747787654399872, 0.9149014353752136, 0.20415551960468292, -0.057945817708969116, -0.06535827368497849, 0.9750339388847351, -0.587216317653656, -0.5037569999694824, 0.43224698305130005, 0.46321526169776917, -0.4684072732925415, -0.22695234417915344, 0.02660229057073593, 0.8534515500068665, 0.0017491680337116122, 0.30882278084754944, -0.09259769320487976, 0.9465997815132141, -0.09222244471311569, 0.153264120221138, 0.08677742630243301, 0.9800381660461426, -0.014602013863623142, 0.00135725736618042, 0.012863713316619396, 0.999809741973877, -0.16331107914447784, 0.06745705753564835, -0.1623230278491974, 0.9707884788513184, 0.3170134127140045, -0.002206498757004738, -0.002394080860540271, 0.9484155178070068, -0.49160754680633545, -0.00012442718434613198, -4.353053100203397e-06, 0.8708168864250183, -0.5764616131782532, 0.283843457698822, 0.22255751490592957, 0.7332074046134949, -0.97062087059021, 0.11198792606592178, -0.14556169509887695, 0.15545329451560974, -0.2861799895763397, -0.043527595698833466, -0.1583496332168579, 0.9439977407455444, 0.5098159909248352, -0.04687519371509552, 0.07280691713094711, 0.8559144735336304, 0.30237606167793274, -0.018113724887371063, 0.009341539815068245, 0.9529708027839661, 0.9666022062301636, 0.16467273235321045, -0.1888439655303955, 0.053861167281866074, -0.29290321469306946, -0.020253796130418777, -0.02635379694402218, 0.9555642008781433, 0.5994095802307129, 0.13346749544143677, -0.11553604155778885, 0.7807343006134033, 0.33509841561317444, -0.016947533935308456, -0.00024426772142760456, 0.942030668258667, -0.1902773380279541, 0.011397256515920162, -0.033656638115644455, 0.9810870885848999, -0.10180309414863586, 0.02693130448460579, -0.07963783293962479, 0.9912460446357727, -0.03321079537272453, 0.01782013662159443, -0.08193720877170563, 0.9959246516227722, -0.5350561738014221, 0.5300059914588928, -0.48055967688560486, 0.44930052757263184, -0.483592689037323, 0.0026251438539475203, -0.0414450578391552, 0.8743075132369995, 0.12042956799268723, -0.37772807478904724, 0.05258964002132416, 0.9165438413619995, 0.2041555792093277, -0.05794584006071091, -0.06535827368497849, 0.9750339388847351, -0.587216317653656, -0.5037569999694824, 0.4322470426559448, 0.46321526169776917, -0.4387056231498718, -0.22590035200119019, 0.03441079705953598, 0.8690927624702454, 0.014013757929205894, 0.307613343000412, -0.09659849852323532, 0.9464915990829468, -0.0922224149107933, 0.153264120221138, 0.08677742630243301, 0.9800381660461426, -0.016763009130954742, 0.0013294470263645053, 0.012866606004536152, 0.9997758865356445, -0.1654089391231537, 0.06780774146318436, -0.16217684745788574, 0.970433235168457, 0.31701338291168213, -0.0022065008524805307, -0.0023940762039273977, 0.9484154582023621, -0.49160754680633545, -0.00012442503066267818, -4.351315055828309e-06, 0.8708168864250183, -0.5740814805030823, 0.28456351161003113, 0.22163605690002441, 0.7350724935531616, -0.9613245725631714, 0.10434115678071976, -0.15113712847232819, 0.2052452266216278, -0.28312814235687256, -0.0440390408039093, -0.15820811688899994, 0.9449175596237183, 0.5076014995574951, -0.04706324636936188, 0.07268547266721725, 0.8572295904159546, 0.30237606167793274, -0.01811368763446808, 0.009341565892100334, 0.9529708623886108, 0.9624918103218079, 0.1743217557668686, -0.18024753034114838, 0.10359666496515274, -0.28981396555900574, -0.020338833332061768, -0.026288215070962906, 0.9565057158470154, 0.5973891019821167, 0.13376574218273163, -0.11519058793783188, 0.7822813391685486, 0.3350984752178192, -0.016947532072663307, -0.0002442756376694888, 0.942030668258667, -0.1870955526828766, 0.011288084089756012, -0.03369339182972908, 0.9816988110542297, -0.09751726686954498, 0.026586798951029778, -0.07975351810455322, 0.9916768074035645, -0.03321080654859543, 0.017820138484239578, -0.08193721622228622, 0.9959245920181274, -0.5350561738014221, 0.5300059914588928, -0.48055973649024963, 0.44930052757263184, -0.5134425759315491, 0.0041717770509421825, -0.041343070566654205, 0.8571172952651978, 0.10854090750217438, -0.37836503982543945, 0.047691021114587784, 0.9180328249931335, 0.20415553450584412, -0.0579458586871624, -0.06535828113555908, 0.9750339388847351, -0.587216317653656, -0.5037570595741272, 0.43224698305130005, 0.46321532130241394, -0.40848249197006226, -0.22457975149154663, 0.04217833653092384, 0.8837007284164429, 0.026278644800186157, 0.3063519299030304, -0.10058388113975525, 0.9462245106697083, -0.0922224223613739, 0.1532641351222992, 0.08677743375301361, 0.9800381660461426, -0.018923886120319366, 0.001301623065955937, 0.012869455851614475, 0.9997372627258301, -0.1675061136484146, 0.0681580901145935, -0.16202989220619202, 0.9700734615325928, 0.3170134127140045, -0.0022064950317144394, -0.0023940782994031906, 0.9484154582023621, -0.49160751700401306, -0.00012442188744898885, -4.350316430645762e-06, 0.8708168864250183, -0.5718291997909546, 0.2852404713630676, 0.2207641750574112, 0.7368258833885193, -0.9501672983169556, 0.09684385359287262, -0.15604732930660248, 0.2518981099128723, -0.27548423409461975, -0.045315857976675034, -0.15784712135791779, 0.9471743106842041, 0.5020499229431152, -0.0475320965051651, 0.07237976789474487, 0.8604927659034729, 0.3023760914802551, -0.01811365969479084, 0.009341565892100334, 0.9529708027839661, 0.9562660455703735, 0.18295185267925262, -0.17156125605106354, 0.1505008190870285, -0.28207623958587646, -0.02055058814585209, -0.026123017072677612, 0.9588160514831543, 0.5923200845718384, 0.13450758159160614, -0.11432354152202606, 0.786126434803009, 0.3350984752178192, -0.016947543248534203, -0.00024426376330666244, 0.942030668258667, -0.18409033119678497, 0.01118492428213358, -0.03372778743505478, 0.9822668433189392, -0.09346998482942581, 0.026261145249009132, -0.07986130565404892, 0.992066502571106, -0.033210765570402145, 0.017820129171013832, -0.08193720877170563, 0.9959246516227722, -0.5350561738014221, 0.5300059914588928, -0.48055973649024963, 0.44930052757263184, -0.5411023497581482, 0.005550053436309099, -0.04119272902607918, 0.839928925037384, 0.09729574620723724, -0.3789169192314148, 0.04305628687143326, 0.9192941188812256, 0.20415551960468292, -0.057945847511291504, -0.06535828113555908, 0.9750339388847351, -0.587216317653656, -0.5037569999694824, 0.4322470426559448, 0.46321526169776917, -0.3794657588005066, -0.22308583557605743, 0.04947499930858612, 0.8965437412261963, 0.03785790503025055, 0.30510249733924866, -0.10432767122983932, 0.9458302855491638, -0.09222240746021271, 0.153264120221138, 0.08677741140127182, 0.9800381660461426, -0.020963503047823906, 0.0012753605842590332, 0.012872090563178062, 0.9996965527534485, -0.1694849282503128, 0.06848853081464767, -0.16189049184322357, 0.9697297215461731, 0.3170134127140045, -0.002206496661528945, -0.0023940771352499723, 0.9484154582023621, -0.49160754680633545, -0.00012442414299584925, -4.347241883806419e-06, 0.8708168864250183, -0.5698400139808655, 0.28583475947380066, 0.21999412775039673, 0.7383653521537781, -0.9384060502052307, 0.09001649171113968, -0.16008290648460388, 0.2926851212978363, -0.2655186355113983, -0.04697160795331001, -0.15736232697963715, 0.9500161409378052, 0.4948005676269531, -0.04813868924975395, 0.07197770476341248, 0.864681601524353, 0.3023761212825775, -0.018113717436790466, 0.009341560304164886, 0.9529708027839661, 0.948879599571228, 0.1901591420173645, -0.1634751409292221, 0.1916840672492981, -0.2719879746437073, -0.020823873579502106, -0.02590569667518139, 0.9617264866828918, 0.5856926441192627, 0.1354636251926422, -0.11318913847208023, 0.7910764813423157, 0.3350984752178192, -0.016947537660598755, -0.0002442635304760188, 0.942030668258667, -0.18144068121910095, 0.011093921959400177, -0.03375782445073128, 0.9827597141265869, -0.08990219980478287, 0.025973830372095108, -0.07995527982711792, 0.9923961758613586, -0.03321079909801483, 0.01782013103365898, -0.08193723112344742, 0.9959245920181274, -0.5350561738014221, 0.5300059914588928, -0.48055973649024963, 0.44930046796798706, -0.5650466084480286, 0.006708721164613962, -0.041017767041921616, 0.824011504650116, 0.08737141638994217, -0.3793618679046631, 0.038965027779340744, 0.9202893972396851, 0.20415553450584412, -0.0579458549618721, -0.06535830348730087, 0.9750339388847351, -0.587216317653656, -0.5037569999694824, 0.43224698305130005, 0.46321526169776917, -0.35351255536079407, -0.22156992554664612, 0.05587329715490341, 0.9070909023284912, 0.048060543835163116, 0.30395597219467163, -0.10761178284883499, 0.9453679919242859, -0.09222240746021271, 0.153264120221138, 0.08677742630243301, 0.9800381660461426, -0.022760827094316483, 0.001252241083420813, 0.012874340638518333, 0.9996572732925415, -0.1712280660867691, 0.06877949088811874, -0.1617671251296997, 0.9694234132766724, 0.3170134425163269, -0.002206493401899934, -0.0023940769024193287, 0.9484154582023621, -0.49160754680633545, -0.00012442348815966398, -4.34717094321968e-06, 0.8708168864250183, -0.5682502388954163, 0.2863074243068695, 0.21937869489192963, 0.7395895719528198, -0.9277222752571106, 0.08442621678113937, -0.16310033202171326, 0.3249644935131073, -0.2555237114429474, -0.04862215742468834, -0.15686017274856567, 0.9527530670166016, 0.4875163435935974, -0.048741865903139114, 0.07157064974308014, 0.8688093423843384, 0.30237603187561035, -0.018113691359758377, 0.009341558441519737, 0.9529708623886108, 0.94171142578125, 0.19562925398349762, -0.15674974024295807, 0.2243618369102478, -0.2618696391582489, -0.021094875410199165, -0.025685500353574753, 0.9645307660102844, 0.5790237188339233, 0.13641002774238586, -0.11204671859741211, 0.7959707379341125, 0.3350984752178192, -0.016947535797953606, -0.00024426475283689797, 0.942030668258667, -0.17932596802711487, 0.011021262966096401, -0.03378162160515785, 0.9831477999687195, -0.08705506473779678, 0.02574436366558075, -0.0800294503569603, 0.9926499724388123, -0.03321080654859543, 0.01782013289630413, -0.08193723112344742, 0.9959245920181274, -0.5350561738014221, 0.5300059914588928, -0.48055973649024963, 0.44930049777030945, -0.5838481783866882, 0.007597319316118956, -0.04084984213113785, 0.8107989430427551, 0.07944583892822266, -0.37968897819519043, 0.035697195678949356, 0.9210050702095032, 0.2041555792093277, -0.05794583633542061, -0.06535827368497849, 0.9750338792800903, -0.587216317653656, -0.5037569999694824, 0.43224698305130005, 0.46321526169776917, -0.3325595557689667, -0.2202264666557312, 0.0609537735581398, 0.9149803519248962, 0.056197572499513626, 0.3030112087726593, -0.11022133380174637, 0.9449218511581421, -0.09222237765789032, 0.153264120221138, 0.08677741885185242, 0.9800381660461426, -0.024194516241550446, 0.001233761548064649, 0.012876140885055065, 0.9996235966682434, -0.1726183444261551, 0.06901142746210098, -0.1616683453321457, 0.9691768288612366, 0.3170134127140045, -0.0022064968943595886, -0.0023940776009112597, 0.9484155178070068, -0.49160754680633545, -0.00012442455044947565, -4.3489126255735755e-06, 0.8708168864250183, -0.5671963095664978, 0.2866195738315582, 0.21897068619728088, 0.740398108959198, -0.9200092554092407, 0.08065570145845413, -0.16499750316143036, 0.3461987376213074, -0.24781747162342072, -0.04988795146346092, -0.15646225214004517, 0.9547865390777588, 0.4818902611732483, -0.04920347034931183, 0.07125406712293625, 0.8719425201416016, 0.30237606167793274, -0.018113726750016212, 0.009341572411358356, 0.9529708623886108, 0.9363450407981873, 0.19910787045955658, -0.15216581523418427, 0.24588510394096375, -0.2540680468082428, -0.02130173146724701, -0.02551424130797386, 0.9666150808334351, 0.5738665461540222, 0.1371314376592636, -0.11116262525320053, 0.7996968626976013, 0.3350984752178192, -0.016947533935308456, -0.00024426699383184314, 0.9420307278633118, -0.17792558670043945, 0.010973148979246616, -0.03379726782441139, 0.9834021925926208, -0.08516988903284073, 0.025592342019081116, -0.08007816970348358, 0.9928135275840759, -0.033210791647434235, 0.017820138484239578, -0.08193721622228622, 0.9959245920181274, -0.5350561738014221, 0.5300059914588928, -0.48055973649024963, 0.44930046796798706, -0.596145749092102, 0.008166722021996975, -0.04072463512420654, 0.8018012046813965, 0.07419586926698685, -0.37989187240600586, 0.033532220870256424, 0.9214405417442322, 0.2041555792093277, -0.057945847511291504, -0.06535828858613968, 0.9750338792800903, -0.587216317653656, -0.5037570595741272, 0.43224698305130005, 0.46321526169776917, -0.3185684382915497, -0.21927139163017273, 0.06430491805076599, 0.9199451208114624, 0.06158258765935898, 0.3023708760738373, -0.11194350570440292, 0.9445888996124268, -0.0922224298119545, 0.153264120221138, 0.08677742630243301, 0.9800381660461426, -0.025143589824438095, 0.0012215360766276717, 0.012877291068434715, 0.9996001720428467, -0.1735384166240692, 0.06916488707065582, -0.1616026908159256, 0.9690124988555908, 0.3170134127140045, -0.0022064964286983013, -0.0023940771352499723, 0.9484154582023621, -0.49160754680633545, -0.00012442280421964824, -4.347880803834414e-06, 0.8708168864250183, -0.5668147802352905, 0.2867323160171509, 0.21882298588752747, 0.740690290927887, -0.9170899391174316, 0.07927681505680084, -0.165664404630661, 0.35385972261428833, -0.24473099410533905, -0.050393279641866684, -0.15630023181438446, 0.955582320690155, 0.47963449358940125, -0.04938759654760361, 0.07112669199705124, 0.8731853365898132, 0.30237603187561035, -0.018113693222403526, 0.009341556578874588, 0.9529708623886108, 0.9342812895774841, 0.2003369927406311, -0.15047955513000488, 0.25365203619003296, -0.25094330310821533, -0.02138405106961727, -0.02544526569545269, 0.9674310088157654, 0.571797251701355, 0.13741837441921234, -0.11080773919820786, 0.8011777400970459, 0.3350984752178192, -0.016947533935308456, -0.0002442612894810736, 0.942030668258667, -0.17741899192333221, 0.010955728590488434, -0.03380296006798744, 0.9834936857223511, -0.08448793739080429, 0.025537338107824326, -0.08009576797485352, 0.9928717613220215, -0.03321079909801483, 0.017820138484239578, -0.08193723112344742, 0.9959245920181274, -0.5350561738014221, 0.5300059914588928, -0.48055973649024963, 0.44930046796798706, -0.6005664467811584, 0.008367645554244518, -0.04067637026309967, 0.7984957098960876, 0.07229626178741455, -0.3799627721309662, 0.03274877741932869, 0.9215905070304871, 0.2041555792093277, -0.05794584006071091, -0.06535830348730087, 0.9750338792800903, -0.587216317653656, -0.5037569999694824, 0.4322470426559448, 0.46321526169776917, -0.3134818971157074, -0.21891285479068756, 0.0655151754617691, 0.921690821647644, 0.06353017687797546, 0.3021361827850342, -0.11256536096334457, 0.9444611072540283, -0.0922224149107933, 0.153264120221138, 0.08677742630243301, 0.9800381660461426, -0.02548687346279621, 0.0012171166017651558, 0.01287771761417389, 0.9995915293693542, -0.17387117445468903, 0.06922038644552231, -0.1615789234638214, 0.9689528942108154, 0.3170134127140045, -0.0022064954973757267, -0.002394076669588685, 0.9484154582023621, -0.49160754680633545, -0.00012442375009413809, -4.347187314124312e-06, 0.8708168864250183, -0.5671963095664978, 0.2866196036338806, 0.21897071599960327, 0.740398108959198, -0.9200092554092407, 0.08065572381019592, -0.16499745845794678, 0.3461987376213074, -0.24781747162342072, -0.04988796263933182, -0.15646225214004517, 0.9547865390777588, 0.48189035058021545, -0.04920351132750511, 0.07125408202409744, 0.871942400932312, 0.3023761212825775, -0.018113676458597183, 0.009341562166810036, 0.9529708027839661, 0.936345100402832, 0.19910785555839539, -0.15216581523418427, 0.24588510394096375, -0.2540680766105652, -0.021301716566085815, -0.02551424317061901, 0.9666150808334351, 0.5738665461540222, 0.1371314376592636, -0.11116261780261993, 0.7996968626976013, 0.3350984752178192, -0.016947537660598755, -0.00024426550953648984, 0.942030668258667, -0.17792558670043945, 0.010973149910569191, -0.03379726782441139, 0.9834021925926208, -0.08516989648342133, 0.025592343881726265, -0.08007816970348358, 0.9928135275840759, -0.033210765570402145, 0.017820142209529877, -0.08193723857402802, 0.9959246516227722, -0.5350561738014221, 0.5300059914588928, -0.48055973649024963, 0.4493004381656647, -0.596145749092102, 0.008166709914803505, -0.04072461277246475, 0.8018012046813965, 0.07419587671756744, -0.37989190220832825, 0.03353222832083702, 0.921440601348877, 0.2041555792093277, -0.05794584006071091, -0.06535827368497849, 0.9750338792800903, -0.587216317653656, -0.5037570595741272, 0.43224698305130005, 0.46321532130241394, -0.3185684382915497, -0.21927139163017273, 0.0643049106001854, 0.9199451208114624, 0.06158262491226196, 0.3023708760738373, -0.11194352805614471, 0.944588840007782, -0.0922224223613739, 0.153264120221138, 0.08677743375301361, 0.9800381660461426, -0.025143586099147797, 0.0012215381721034646, 0.01287727802991867, 0.9996001720428467, -0.17353838682174683, 0.06916487962007523, -0.1616027057170868, 0.9690125584602356, 0.3170134127140045, -0.0022064971271902323, -0.0023940776009112597, 0.9484154582023621, -0.49160751700401306, -0.00012442296429071575, -4.3476429709699005e-06, 0.8708168864250183, -0.5682502388954163, 0.2863074243068695, 0.21937869489192963, 0.7395895719528198, -0.9277222752571106, 0.08442622423171997, -0.16310034692287445, 0.3249644637107849, -0.2555237114429474, -0.04862215369939804, -0.15686018764972687, 0.9527530670166016, 0.4875163435935974, -0.04874188080430031, 0.07157065719366074, 0.8688093423843384, 0.3023760914802551, -0.018113698810338974, 0.00934156309813261, 0.9529708027839661, 0.94171142578125, 0.1956292688846588, -0.15674975514411926, 0.2243618369102478, -0.2618696391582489, -0.02109486795961857, -0.02568550407886505, 0.9645307660102844, 0.5790237188339233, 0.13641002774238586, -0.11204668134450912, 0.7959707379341125, 0.3350984752178192, -0.016947532072663307, -0.00024424746516160667, 0.942030668258667, -0.17932596802711487, 0.011021263897418976, -0.033781617879867554, 0.9831477999687195, -0.08705505728721619, 0.02574435994029045, -0.0800294578075409, 0.9926499724388123, -0.03321080282330513, 0.01782013289630413, -0.08193722367286682, 0.9959246516227722, -0.5350561738014221, 0.5300059914588928, -0.48055973649024963, 0.44930052757263184, -0.5838481783866882, 0.0075973691418766975, -0.040849823504686356, 0.8107989430427551, 0.07944582402706146, -0.37968894839286804, 0.03569718077778816, 0.9210050702095032, 0.2041555643081665, -0.0579458586871624, -0.06535828858613968, 0.9750339388847351, -0.587216317653656, -0.5037569999694824, 0.43224698305130005, 0.46321526169776917, -0.3325594961643219, -0.2202264666557312, 0.060953788459300995, 0.914980411529541, 0.05619757995009422, 0.3030112385749817, -0.11022133380174637, 0.9449218511581421, -0.09222239255905151, 0.153264120221138, 0.08677742630243301, 0.9800381660461426, -0.02419450879096985, 0.001233764342032373, 0.012876142747700214, 0.9996235966682434, -0.1726183146238327, 0.06901142746210098, -0.1616683155298233, 0.9691767692565918, 0.3170134127140045, -0.002206494566053152, -0.0023940776009112597, 0.9484154582023621, -0.49160751700401306, -0.00012442376464605331, -4.348570200818358e-06, 0.8708168864250183, -0.5698400139808655, 0.28583475947380066, 0.21999412775039673, 0.7383653521537781, -0.9384060502052307, 0.09001648426055908, -0.16008295118808746, 0.29268524050712585, -0.2655186951160431, -0.046971604228019714, -0.15736240148544312, 0.9500161409378052, 0.4948005676269531, -0.04813870042562485, 0.07197777181863785, 0.864681601524353, 0.3023760914802551, -0.018113719299435616, 0.009341560304164886, 0.9529708027839661, 0.9488796591758728, 0.1901591569185257, -0.1634751260280609, 0.1916840374469757, -0.2719879746437073, -0.020823873579502106, -0.025905687361955643, 0.9617264866828918, 0.5856925845146179, 0.13546356558799744, -0.11318910866975784, 0.7910765409469604, 0.3350984454154968, -0.016947533935308456, -0.0002442588156554848, 0.942030668258667, -0.18144068121910095, 0.01109391637146473, -0.03375780209898949, 0.9827597141265869, -0.08990218490362167, 0.02597382292151451, -0.07995527982711792, 0.9923961758613586, -0.03321080282330513, 0.01782013662159443, -0.08193721622228622, 0.9959245920181274, -0.5350561738014221, 0.5300059914588928, -0.48055973649024963, 0.44930049777030945, -0.5650466084480286, 0.0067087081260979176, -0.04101778194308281, 0.8240114450454712, 0.08737137168645859, -0.3793618977069855, 0.03896504268050194, 0.9202893972396851, 0.2041555494070053, -0.05794588848948479, -0.06535831093788147, 0.9750339388847351, -0.587216317653656, -0.5037569999694824, 0.43224698305130005, 0.4632152020931244, -0.35351261496543884, -0.22156992554664612, 0.05587330460548401, 0.9070908427238464, 0.04806056618690491, 0.30395594239234924, -0.1076117530465126, 0.9453679919242859, -0.09222240746021271, 0.153264120221138, 0.08677742630243301, 0.9800381660461426, -0.022760827094316483, 0.0012522382894530892, 0.012874346226453781, 0.9996572732925415, -0.1712280809879303, 0.06877949088811874, -0.1617671251296997, 0.9694234132766724, 0.3170134127140045, -0.002206494566053152, -0.0023940764367580414, 0.9484154582023621, -0.4916074872016907, -0.00012442347360774875, -4.3478389670781326e-06, 0.8708168864250183, -0.5718291997909546, 0.2852404713630676, 0.2207641750574112, 0.7368258833885193, -0.9501672983169556, 0.09684385359287262, -0.15604735910892487, 0.2518981993198395, -0.27548426389694214, -0.04531585052609444, -0.15784713625907898, 0.9471743702888489, 0.5020499229431152, -0.0475320890545845, 0.07237976789474487, 0.8604927659034729, 0.3023760914802551, -0.018113678321242332, 0.009341559372842312, 0.9529708027839661, 0.9562660455703735, 0.18295185267925262, -0.17156125605106354, 0.1505008041858673, -0.28207623958587646, -0.02055058814585209, -0.02612301893532276, 0.9588160514831543, 0.5923200845718384, 0.13450758159160614, -0.11432354152202606, 0.786126434803009, 0.3350984752178192, -0.016947541385889053, -0.0002442660043016076, 0.942030668258667, -0.18409033119678497, 0.011184928938746452, -0.03372778743505478, 0.9822668433189392, -0.0934700071811676, 0.02626115083694458, -0.07986132800579071, 0.992066502571106, -0.033210769295692444, 0.017820138484239578, -0.08193723112344742, 0.9959245920181274, -0.5350561738014221, 0.5300059914588928, -0.48055967688560486, 0.44930049777030945, -0.5411023497581482, 0.005550048779696226, -0.041192732751369476, 0.839928925037384, 0.09729577600955963, -0.3789169192314148, 0.043056290596723557, 0.9192941188812256, 0.2041555643081665, -0.05794582515954971, -0.06535827368497849, 0.9750338792800903, -0.587216317653656, -0.5037569999694824, 0.43224698305130005, 0.46321526169776917, -0.379465788602829, -0.22308585047721863, 0.04947499558329582, 0.8965437412261963, 0.03785790503025055, 0.30510252714157104, -0.10432765632867813, 0.9458303451538086, -0.09222239255905151, 0.153264120221138, 0.08677744120359421, 0.9800381660461426, -0.0209635142236948, 0.0012753718765452504, 0.012872075662016869, 0.9996966123580933, -0.169484943151474, 0.06848853826522827, -0.16189049184322357, 0.9697297215461731, 0.3170134127140045, -0.002206499455496669, -0.0023940778337419033, 0.9484155178070068, -0.49160754680633545, -0.000124426165712066, -4.3491090764291584e-06, 0.8708168864250183, -0.5740814805030823, 0.2845635414123535, 0.2216360867023468, 0.7350724935531616, -0.9613245725631714, 0.10434113442897797, -0.1511370837688446, 0.20524518191814423, -0.28312817215919495, -0.04403902590274811, -0.15820811688899994, 0.9449175596237183, 0.5076014995574951, -0.04706323519349098, 0.07268550992012024, 0.8572295904159546, 0.3023760914802551, -0.018113695085048676, 0.009341558441519737, 0.9529708027839661, 0.9624918103218079, 0.17432180047035217, -0.18024756014347076, 0.10359665006399155, -0.2898139953613281, -0.020338840782642365, -0.026288222521543503, 0.9565057158470154, 0.5973891019821167, 0.13376574218273163, -0.11519059538841248, 0.7822813391685486, 0.3350984752178192, -0.016947545111179352, -0.00024426475283689797, 0.942030668258667, -0.18709556758403778, 0.011288078501820564, -0.033693380653858185, 0.9816988110542297, -0.09751725941896439, 0.02658679522573948, -0.07975350320339203, 0.9916768074035645, -0.03321078419685364, 0.01782013475894928, -0.08193725347518921, 0.9959245920181274, -0.5350561738014221, 0.5300059914588928, -0.48055973649024963, 0.4493005573749542, -0.5134425163269043, 0.004171793349087238, -0.041343118995428085, 0.8571173548698425, 0.10854092985391617, -0.37836503982543945, 0.04769105091691017, 0.9180328249931335, 0.2041555494070053, -0.057945847511291504, -0.06535829603672028, 0.9750338792800903, -0.587216317653656, -0.5037569999694824, 0.4322470426559448, 0.46321526169776917, -0.40848255157470703, -0.22457972168922424, 0.042178329080343246, 0.8837007284164429, 0.02627863921225071, 0.3063519299030304, -0.10058389604091644, 0.9462245106697083, -0.0922224149107933, 0.153264120221138, 0.08677742630243301, 0.9800381660461426, -0.018923893570899963, 0.0013016255106776953, 0.012869469821453094, 0.9997372627258301, -0.1675061285495758, 0.0681581124663353, -0.1620299518108368, 0.9700734615325928, 0.3170134127140045, -0.0022064947988837957, -0.002394078066572547, 0.9484154582023621, -0.49160754680633545, -0.0001244221639353782, -4.349652499513468e-06, 0.8708168864250183, -0.5764616131782532, 0.283843457698822, 0.22255751490592957, 0.7332074046134949, -0.97062087059021, 0.11198792606592178, -0.14556169509887695, 0.15545329451560974, -0.2861799895763397, -0.043527595698833466, -0.1583496332168579, 0.9439977407455444, 0.5098159909248352, -0.04687519371509552, 0.07280691713094711, 0.8559144735336304, 0.30237606167793274, -0.018113724887371063, 0.009341539815068245, 0.9529708027839661, 0.9666022062301636, 0.16467273235321045, -0.1888439655303955, 0.053861167281866074, -0.29290321469306946, -0.020253796130418777, -0.02635379694402218, 0.9555642008781433, 0.5994095802307129, 0.13346749544143677, -0.11553604155778885, 0.7807343006134033, 0.33509841561317444, -0.016947533935308456, -0.00024426772142760456, 0.942030668258667, -0.1902773380279541, 0.011397256515920162, -0.033656638115644455, 0.9810870885848999, -0.10180309414863586, 0.02693130448460579, -0.07963783293962479, 0.9912460446357727, -0.03321079537272453, 0.01782013662159443, -0.08193720877170563, 0.9959246516227722, -0.5350561738014221, 0.5300059914588928, -0.48055967688560486, 0.44930052757263184, -0.483592689037323, 0.0026251438539475203, -0.0414450578391552, 0.8743075132369995, 0.12042956799268723, -0.37772807478904724, 0.05258964002132416, 0.9165438413619995, 0.2041555792093277, -0.05794584006071091, -0.06535827368497849, 0.9750339388847351, -0.587216317653656, -0.5037569999694824, 0.4322470426559448, 0.46321526169776917, -0.4387056231498718, -0.22590035200119019, 0.03441079705953598, 0.8690927624702454, 0.014013757929205894, 0.307613343000412, -0.09659849852323532, 0.9464915990829468, -0.0922224149107933, 0.153264120221138, 0.08677742630243301, 0.9800381660461426, -0.016763009130954742, 0.0013294470263645053, 0.012866606004536152, 0.9997758865356445, -0.1654089391231537, 0.06780774146318436, -0.16217684745788574, 0.970433235168457, 0.31701338291168213, -0.0022065008524805307, -0.0023940762039273977, 0.9484154582023621, -0.49160754680633545, -0.00012442503066267818, -4.351315055828309e-06, 0.8708168864250183, -0.578835666179657, 0.28312042355537415, 0.2234765589237213, 0.7313345670700073, -0.9773399233818054, 0.11933732777833939, -0.1395997256040573, 0.10524867475032806, -0.28312817215919495, -0.044039029628038406, -0.15820813179016113, 0.9449175596237183, 0.5076015591621399, -0.04706324636936188, 0.07268549501895905, 0.8572295904159546, 0.3023760914802551, -0.018113700672984123, 0.00934155099093914, 0.9529708623886108, 0.9681432843208313, 0.15460890531539917, -0.19692111015319824, 0.00409320741891861, -0.2898139953613281, -0.020338818430900574, -0.026288211345672607, 0.9565056562423706, 0.5973891615867615, 0.13376571238040924, -0.11519056558609009, 0.7822813391685486, 0.3350984752178192, -0.016947530210018158, -0.0002442620461806655, 0.942030668258667, -0.19345714151859283, 0.011506319977343082, -0.033619485795497894, 0.9804650545120239, -0.10608702152967453, 0.02727530337870121, -0.07952068001031876, 0.990796685218811, -0.03321076184511185, 0.017820140346884727, -0.08193723112344742, 0.9959245920181274, -0.5350561738014221, 0.5300059914588928, -0.48055973649024963, 0.44930049777030945, -0.4531687796115875, 0.0010754897957667708, -0.04149778559803963, 0.8904576897621155, 0.13229408860206604, -0.37702780961990356, 0.05747784674167633, 0.9149014353752136, 0.2041555792093277, -0.05794584006071091, -0.06535828858613968, 0.9750338792800903, -0.5872163772583008, -0.5037569403648376, 0.4322469234466553, 0.4632152020931244, -0.4684073030948639, -0.22695240378379822, 0.02660229057073593, 0.8534515500068665, 0.0017491503385826945, 0.3088228404521942, -0.09259772300720215, 0.9465997815132141, -0.0922224223613739, 0.153264120221138, 0.08677741140127182, 0.9800381660461426, -0.014602011069655418, 0.001357256667688489, 0.012863718904554844, 0.999809741973877, -0.16331109404563904, 0.06745704263448715, -0.1623230278491974, 0.9707884788513184, 0.3170134127140045, -0.0022064941003918648, -0.0023940792307257652, 0.9484155178070068, -0.49160754680633545, -0.00012442315346561372, -4.3489126255735755e-06, 0.8708168864250183, -0.581071138381958, 0.2824350893497467, 0.22434194386005402, 0.7295597791671753, -0.9813107252120972, 0.1260054111480713, -0.13361167907714844, 0.05744466930627823, -0.27548423409461975, -0.04531585052609444, -0.15784712135791779, 0.9471743106842041, 0.50204998254776, -0.0475321002304554, 0.07237976044416428, 0.8604927659034729, 0.3023760914802551, -0.018113695085048676, 0.009341541677713394, 0.9529708027839661, -0.967208206653595, -0.1447926163673401, 0.20418253540992737, 0.043045997619628906, -0.28207626938819885, -0.020550580695271492, -0.02612302079796791, 0.9588160514831543, 0.5923201441764832, 0.13450756669044495, -0.11432355642318726, 0.786126434803009, 0.3350984752178192, -0.016947530210018158, -0.00024426524760201573, 0.942030668258667, -0.19645680487155914, 0.011609152890741825, -0.0335841104388237, 0.9798684120178223, -0.1101289689540863, 0.027599560096859932, -0.07940875738859177, 0.9903556108474731, -0.033210769295692444, 0.017820145934820175, -0.08193723857402802, 0.9959245920181274, -0.5350561738014221, 0.5300059914588928, -0.48055973649024963, 0.44930046796798706, -0.4239102900028229, -0.00031139288330450654, -0.0415109246969223, 0.9047523736953735, 0.14347730576992035, -0.37629997730255127, 0.06208568438887596, 0.9132130146026611, 0.20415551960468292, -0.05794582515954971, -0.06535828113555908, 0.9750339388847351, -0.587216317653656, -0.5037570595741272, 0.43224698305130005, 0.46321526169776917, -0.4959723949432373, -0.22769878804683685, 0.019191838800907135, 0.8377328515052795, -0.009832758456468582, 0.3099282383918762, -0.08881011605262756, 0.9465519189834595, -0.09222240746021271, 0.153264120221138, 0.08677742630243301, 0.9800381660461426, -0.012562141753733158, 0.001383477821946144, 0.012860920280218124, 0.9998374581336975, -0.16133005917072296, 0.06712572276592255, -0.1624603271484375, 0.9711197018623352, 0.3170134127140045, -0.002206499455496669, -0.0023940785322338343, 0.9484154582023621, -0.49160754680633545, -0.00012442075239960104, -4.344104581832653e-06, 0.8708168864250183, -0.583036482334137, 0.2818291187286377, 0.22510281205177307, 0.7279900312423706, -0.9828758239746094, 0.13165631890296936, -0.12804698944091797, 0.015024714171886444, -0.2655186355113983, -0.04697161167860031, -0.15736231207847595, 0.9500161409378052, 0.4948005676269531, -0.048138681799173355, 0.07197777926921844, 0.864681601524353, 0.30237606167793274, -0.01811370626091957, 0.009341555647552013, 0.9529708027839661, -0.9644395112991333, -0.13586623966693878, 0.2102757692337036, 0.084740549325943, -0.2719879746437073, -0.020823882892727852, -0.025905685499310493, 0.9617264866828918, 0.5856926441192627, 0.13546356558799744, -0.11318910866975784, 0.7910764813423157, 0.33509841561317444, -0.01694752834737301, -0.0002442650147713721, 0.942030668258667, -0.1990985870361328, 0.011699682101607323, -0.033552687615156174, 0.9793350100517273, -0.11368931829929352, 0.02788490802049637, -0.07930896431207657, 0.9899531602859497, -0.03321080654859543, 0.017820129171013832, -0.08193720132112503, 0.9959245920181274, -0.5350561738014221, 0.5300059914588928, -0.48055973649024963, 0.44930052757263184, -0.3977016806602478, -0.0014823267702013254, -0.04149182513356209, 0.9165749549865723, 0.15332025289535522, -0.3756057918071747, 0.06614146381616592, 0.9116131663322449, 0.2041555792093277, -0.0579458624124527, -0.06535828858613968, 0.9750338792800903, -0.587216317653656, -0.5037569999694824, 0.4322470426559448, 0.46321526169776917, -0.5198709964752197, -0.22815671563148499, 0.012632333673536777, 0.8231155276298523, -0.020043302327394485, 0.31087157130241394, -0.08546265959739685, 0.9463896155357361, -0.0922224223613739, 0.153264120221138, 0.08677742630243301, 0.9800381660461426, -0.010764594189822674, 0.0014066213043406606, 0.012858384288847446, 0.9998584389686584, -0.1595839262008667, 0.06683353334665298, -0.1625806987285614, 0.9714081287384033, 0.3170134127140045, -0.002206495963037014, -0.0023940750397741795, 0.9484154582023621, -0.49160754680633545, -0.0001244198065251112, -4.3474506128404755e-06, 0.8708168864250183, -0.5846013426780701, 0.2813441753387451, 0.22570864856243134, 0.7267340421676636, 0.982807457447052, -0.13600602746009827, 0.12341704964637756, 0.01897669956088066, -0.2555237114429474, -0.048622168600559235, -0.15686017274856567, 0.9527530670166016, 0.4875163435935974, -0.0487419031560421, 0.07157062739133835, 0.8688093423843384, 0.30237606167793274, -0.01811370812356472, 0.009341542609035969, 0.9529708623886108, -0.9609023928642273, -0.12855394184589386, 0.21492350101470947, 0.11810381710529327, -0.2618696391582489, -0.021094877272844315, -0.0256855059415102, 0.9645307660102844, 0.5790236592292786, 0.13640999794006348, -0.11204665154218674, 0.7959707975387573, 0.3350984454154968, -0.016947541385889053, -0.0002442612894810736, 0.942030668258667, -0.2012050747871399, 0.011771829798817635, -0.03352740406990051, 0.9789044260978699, -0.11652862280607224, 0.028112297877669334, -0.07922867685556412, 0.989622950553894, -0.03321077302098274, 0.01782013662159443, -0.08193724602460861, 0.9959246516227722, -0.5350561141967773, 0.5300060510635376, -0.48055973649024963, 0.44930052757263184, -0.3765159845352173, -0.0023839538916945457, -0.04145554080605507, 0.9254790544509888, 0.16116535663604736, -0.37501659989356995, 0.06937409937381744, 0.9102612733840942, 0.2041555792093277, -0.0579458624124527, -0.06535828113555908, 0.9750338792800903, -0.587216317653656, -0.5037570595741272, 0.4322470426559448, 0.46321526169776917, -0.5386620163917542, -0.22838696837425232, 0.007382282055914402, 0.8109428286552429, -0.028192143887281418, 0.31160324811935425, -0.08278539776802063, 0.9461792707443237, -0.0922224223613739, 0.153264120221138, 0.08677742630243301, 0.9800381660461426, -0.009330499917268753, 0.0014250479871407151, 0.012856371700763702, 0.9998728036880493, -0.15819051861763, 0.06660029292106628, -0.16267642378807068, 0.9716360569000244, 0.3170134127140045, -0.0022064943332225084, -0.0023940724786370993, 0.9484154582023621, -0.49160751700401306, -0.00012442440493032336, -4.347713911556639e-06, 0.8708168864250183, -0.5856357216835022, 0.28102245926856995, 0.2261090874671936, 0.7259007096290588, 0.9821118116378784, -0.13880635797977448, 0.1202588602900505, 0.04155762121081352, -0.24781742691993713, -0.04988794028759003, -0.15646225214004517, 0.9547865390777588, 0.4818902611732483, -0.049203500151634216, 0.07125411182641983, 0.8719425201416016, 0.3023760914802551, -0.01811370439827442, 0.009341564029455185, 0.9529708027839661, -0.9578986763954163, -0.12361742556095123, 0.21789684891700745, 0.14024950563907623, -0.2540680468082428, -0.021301699802279472, -0.025514235720038414, 0.9666150808334351, 0.5738665461540222, 0.1371314376592636, -0.11116259545087814, 0.7996968626976013, 0.3350984454154968, -0.016947530210018158, -0.0002442617842461914, 0.942030668258667, -0.20259901881217957, 0.01181957870721817, -0.03351064398884773, 0.9786168336868286, -0.11840768158435822, 0.028262704610824585, -0.07917512208223343, 0.9893999099731445, -0.033210765570402145, 0.017820140346884727, -0.08193724602460861, 0.9959245920181274, -0.5350561738014221, 0.5300059914588928, -0.48055967688560486, 0.44930049777030945, -0.36235660314559937, -0.00296345679089427, -0.04142133146524429, 0.9311139583587646, 0.1663556843996048, -0.3746091425418854, 0.0715128481388092, 0.9093292951583862, 0.20415551960468292, -0.05794583633542061, -0.06535828113555908, 0.9750339388847351, -0.587216317653656, -0.5037570595741272, 0.43224698305130005, 0.46321532130241394, -0.5509653091430664, -0.22847288846969604, 0.00389878056012094, 0.8026345372200012, -0.033588483929634094, 0.3120775520801544, -0.08100978285074234, 0.9460004568099976, -0.09222240746021271, 0.153264120221138, 0.0867774486541748, 0.9800381660461426, -0.008381182327866554, 0.0014372674049809575, 0.012855004519224167, 0.9998812079429626, -0.15726794302463531, 0.06644580513238907, -0.1627395898103714, 0.9717857837677002, 0.3170134127140045, -0.002206502016633749, -0.0023940769024193287, 0.9484154582023621, -0.49160754680633545, -0.00012442588922567666, -4.350115887064021e-06, 0.8708168864250183, -0.5860096216201782, 0.2809058725833893, 0.22625377774238586, 0.725598931312561, 0.9817310571670532, -0.13980452716350555, 0.11909700930118561, 0.049747128039598465, -0.24473099410533905, -0.05039326474070549, -0.15630026161670685, 0.955582320690155, 0.47963449358940125, -0.049387555569410324, 0.07112661749124527, 0.8731853365898132, 0.3023760914802551, -0.018113676458597183, 0.009341579861938953, 0.9529708027839661, -0.9566779732704163, -0.12181154638528824, 0.21895484626293182, 0.14828376471996307, -0.2509433329105377, -0.021384043619036674, -0.025445250794291496, 0.9674310088157654, 0.571797251701355, 0.13741834461688995, -0.11080770194530487, 0.8011777400970459, 0.33509841561317444, -0.016947537660598755, -0.0002442682161927223, 0.942030668258667, -0.20310312509536743, 0.011836845427751541, -0.033504560589790344, 0.9785123467445374, -0.11908721923828125, 0.028317078948020935, -0.07915569096803665, 0.9893183708190918, -0.03321078419685364, 0.017820123583078384, -0.08193721622228622, 0.9959245920181274, -0.5350561738014221, 0.5300059914588928, -0.48055973649024963, 0.44930052757263184, -0.35720619559288025, -0.003168397815898061, -0.04140707477927208, 0.9331018924713135, 0.1682327389717102, -0.3744581341743469, 0.07228640466928482, 0.908984899520874, 0.2041555494070053, -0.05794584006071091, -0.06535827368497849, 0.9750339388847351, -0.587216317653656, -0.5037569999694824, 0.43224698305130005, 0.46321532130241394, -0.5553905963897705, -0.2284909188747406, 0.0026365933008491993, 0.7995787858963013, -0.03554106876254082, 0.3122473359107971, -0.08036684989929199, 0.9459279179573059, -0.09222240746021271, 0.153264120221138, 0.08677742630243301, 0.9800381660461426, -0.00803781021386385, 0.0014416795456781983, 0.012854520231485367, 0.9998840093612671, -0.1569342017173767, 0.06638989597558975, -0.1627623736858368, 0.9718397259712219, 0.3170134127140045, -0.0022064929362386465, -0.0023940776009112597, 0.9484155178070068, -0.49160754680633545, -0.00012442177103366703, -4.350245490059024e-06, 0.8708168864250183]
    s (float, 600):  [1.0, 1.0, 1.0, 1.0, 1.0, 1.0, 1.0, 1.0, 1.0, 1.0, 1.0, 1.0, 1.0, 1.0, 1.0, 1.0, 1.0, 1.0, 1.0, 1.0, 1.0, 1.0, 1.0, 1.0, 1.0, 1.0, 1.0, 1.0, 1.0, 1.0, 1.0, 1.0, 1.0, 1.0, 1.0, 1.0, 1.0, 1.0, 1.0, 1.0, 1.0, 1.0, 1.0, 1.0, 1.0, 1.0, 1.0, 1.0, 1.0, 1.0, 1.0, 1.0, 1.0, 1.0, 1.0, 1.0, 1.0, 1.0, 1.0, 1.0, 1.0, 1.0, 1.0, 1.0, 1.0, 1.0, 1.0, 1.0, 1.0, 1.0, 1.0, 1.0, 1.0, 1.0, 1.0, 1.0, 1.0, 1.0, 1.0, 1.0, 1.0, 1.0, 1.0, 1.0, 1.0, 1.0, 1.0, 1.0, 1.0, 1.0, 1.0, 1.0, 1.0, 1.0, 1.0, 1.0, 1.0, 1.0, 1.0, 1.0, 1.0, 1.0, 1.0, 1.0, 1.0, 1.0, 1.0, 1.0, 1.0, 1.0, 1.0, 1.0, 1.0, 1.0, 1.0, 1.0, 1.0, 1.0, 1.0, 1.0, 1.0, 1.0, 1.0, 1.0, 1.0, 1.0, 1.0, 1.0, 1.0, 1.0, 1.0, 1.0, 1.0, 1.0, 1.0, 1.0, 1.0, 1.0, 1.0, 1.0, 1.0, 1.0, 1.0, 1.0, 1.0, 1.0, 1.0, 1.0, 1.0, 1.0, 1.0, 1.0, 1.0, 1.0, 1.0, 1.0, 1.0, 1.0, 1.0, 1.0, 1.0, 1.0, 1.0, 1.0, 1.0, 1.0, 1.0, 1.0, 1.0, 1.0, 1.0, 1.0, 1.0, 1.0, 1.0, 1.0, 1.0, 1.0, 1.0, 1.0, 1.0, 1.0, 1.0, 1.0, 1.0, 1.0, 1.0, 1.0, 1.0, 1.0, 1.0, 1.0, 1.0, 1.0, 1.0, 1.0, 1.0, 1.0, 1.0, 1.0, 1.0, 1.0, 1.0, 1.0, 1.0, 1.0, 1.0, 1.0, 1.0, 1.0, 1.0, 1.0, 1.0, 1.0, 1.0, 1.0, 1.0, 1.0, 1.0, 1.0, 1.0, 1.0, 1.0, 1.0, 1.0, 1.0, 1.0, 1.0, 1.0, 1.0, 1.0, 1.0, 1.0, 1.0, 1.0, 1.0, 1.0, 1.0, 1.0, 1.0, 1.0, 1.0, 1.0, 1.0, 1.0, 1.0, 1.0, 1.0, 1.0, 1.0, 1.0, 1.0, 1.0, 1.0, 1.0, 1.0, 1.0, 1.0, 1.0, 1.0, 1.0, 1.0, 1.0, 1.0, 1.0, 1.0, 1.0, 1.0, 1.0, 1.0, 1.0, 1.0, 1.0, 1.0, 1.0, 1.0, 1.0, 1.0, 1.0, 1.0, 1.0, 1.0, 1.0, 1.0, 1.0, 1.0, 1.0, 1.0, 1.0, 1.0, 1.0, 1.0, 1.0, 1.0, 1.0, 1.0, 1.0, 1.0, 1.0, 1.0, 1.0, 1.0, 1.0, 1.0, 1.0, 1.0, 1.0, 1.0, 1.0, 1.0, 1.0, 1.0, 1.0, 1.0, 1.0, 1.0, 1.0, 1.0, 1.0, 1.0, 1.0, 1.0, 1.0, 1.0, 1.0, 1.0, 1.0, 1.0, 1.0, 1.0, 1.0, 1.0, 1.0, 1.0, 1.0, 1.0, 1.0, 1.0, 1.0, 1.0, 1.0, 1.0, 1.0, 1.0, 1.0, 1.0, 1.0, 1.0, 1.0, 1.0, 1.0, 1.0, 1.0, 1.0, 1.0, 1.0, 1.0, 1.0, 1.0, 1.0, 1.0, 1.0, 1.0, 1.0, 1.0, 1.0, 1.0, 1.0, 1.0, 1.0, 1.0, 1.0, 1.0, 1.0, 1.0, 1.0, 1.0, 1.0, 1.0, 1.0, 1.0, 1.0, 1.0, 1.0, 1.0, 1.0, 1.0, 1.0, 1.0, 1.0, 1.0, 1.0, 1.0, 1.0, 1.0, 1.0, 1.0, 1.0, 1.0, 1.0, 1.0, 1.0, 1.0, 1.0, 1.0, 1.0, 1.0, 1.0, 1.0, 1.0, 1.0, 1.0, 1.0, 1.0, 1.0, 1.0, 1.0, 1.0, 1.0, 1.0, 1.0, 1.0, 1.0, 1.0, 1.0, 1.0, 1.0, 1.0, 1.0, 1.0, 1.0, 1.0, 1.0, 1.0, 1.0, 1.0, 1.0, 1.0, 1.0, 1.0, 1.0, 1.0, 1.0, 1.0, 1.0, 1.0, 1.0, 1.0, 1.0, 1.0, 1.0, 1.0, 1.0, 1.0, 1.0, 1.0, 1.0, 1.0, 1.0, 1.0, 1.0, 1.0, 1.0, 1.0, 1.0, 1.0, 1.0, 1.0, 1.0, 1.0, 1.0, 1.0, 1.0, 1.0, 1.0, 1.0, 1.0, 1.0, 1.0, 1.0, 1.0, 1.0, 1.0, 1.0, 1.0, 1.0, 1.0, 1.0, 1.0, 1.0, 1.0, 1.0, 1.0, 1.0, 1.0, 1.0, 1.0, 1.0, 1.0, 1.0, 1.0, 1.0, 1.0, 1.0, 1.0, 1.0, 1.0, 1.0, 1.0, 1.0, 1.0, 1.0, 1.0, 1.0, 1.0, 1.0, 1.0, 1.0, 1.0, 1.0, 1.0, 1.0, 1.0, 1.0, 1.0, 1.0, 1.0, 1.0, 1.0, 1.0, 1.0, 1.0, 1.0, 1.0, 1.0, 1.0, 1.0, 1.0, 1.0, 1.0, 1.0, 1.0, 1.0, 1.0, 1.0, 1.0, 1.0, 1.0, 1.0, 1.0, 1.0, 1.0, 1.0, 1.0, 1.0, 1.0, 1.0, 1.0, 1.0, 1.0, 1.0, 1.0, 1.0, 1.0, 1.0, 1.0, 1.0, 1.0, 1.0, 1.0, 1.0, 1.0, 1.0, 1.0, 1.0, 1.0, 1.0, 1.0, 1.0, 1.0, 1.0, 1.0, 1.0, 1.0, 1.0, 1.0, 1.0, 1.0, 1.0, 1.0, 1.0, 1.0, 1.0, 1.0, 1.0, 1.0, 1.0, 1.0, 1.0, 1.0]
