pdxasset (int, 2):  [1, 0]
info:
    fps (float, 1):  [24.0]
    sa (int, 1):  [98]
    j (int, 1):  [24]
    Hips:
        sa (str, 1):  ['tqs']
        t (float, 3):  [0.05022648161445176, 4.423668424228708, -0.02156628035852748]
        q (float, 4):  [-0.5764616131782532, 0.283843457698822, 0.22255751490592957, 0.7332074046134949]
        s (float, 1):  [1.0]
    LeftUpLeg:
        sa (str, 1):  ['tqs']
        t (float, 3):  [0.3919270176027112, -0.07022303300757926, -0.40879365066331275]
        q (float, 4):  [-0.97062087059021, 0.11198791116476059, -0.14556168019771576, 0.15545330941677094]
        s (float, 1):  [1.0]
    LeftLeg:
        sa (str, 1):  ['tqs']
        t (float, 3):  [-2.5516842754313984e-06, 9.252290311678735e-07, 1.6516665082169766]
        q (float, 4):  [-0.32708412408828735, -0.03657904267311096, -0.16009752452373505, 0.9306163191795349]
        s (float, 1):  [1.0]
    LeftFoot:
        sa (str, 1):  ['tqs']
        t (float, 3):  [-6.622692012570042e-07, 2.5516842754313984e-06, 1.6898337835116308]
        q (float, 4):  [0.539376437664032, -0.04430568218231201, 0.07439848780632019, 0.8376007080078125]
        s (float, 1):  [1.0]
    LeftToeBase:
        sa (str, 1):  ['tqs']
        t (float, 3):  [-8.935764590489725e-07, 1.3050598965946847e-06, 0.4532627290640221]
        q (float, 4):  [0.3023760914802551, -0.01811370812356472, 0.009341539815068245, 0.9529708027839661]
        s (float, 1):  [1.0]
    RightUpLeg:
        sa (str, 1):  ['tqs']
        t (float, 3):  [-0.3963818298204842, -0.07774826159192116, -0.4004008689038301]
        q (float, 4):  [0.9666022062301636, 0.16467274725437164, -0.1888439655303955, 0.05386117845773697]
        s (float, 1):  [1.0]
    RightLeg:
        sa (str, 1):  ['tqs']
        t (float, 3):  [2.4348132399154565e-06, -7.51870328485893e-06, 1.653432039993504]
        q (float, 4):  [-0.3343055546283722, -0.019084973260760307, -0.027212193235754967, 0.9418784976005554]
        s (float, 1):  [1.0]
    RightFoot:
        sa (str, 1):  ['tqs']
        t (float, 3):  [-4.2852713022512035e-07, -3.856744172026083e-06, 1.6480071981809488]
        q (float, 4):  [0.6262916326522827, 0.12935404479503632, -0.12012361735105515, 0.7593396306037903]
        s (float, 1):  [1.0]
    RightToeBase:
        sa (str, 1):  ['tqs']
        t (float, 3):  [5.234848465818231e-07, 7.499224778939606e-06, 0.49071615607374497]
        q (float, 4):  [0.3350984454154968, -0.016947533935308456, -0.00024426006712019444, 0.942030668258667]
        s (float, 1):  [1.0]
    Spine02:
        sa (str, 1):  ['tqs']
        t (float, 3):  [0.004454881609950334, 0.1479692493563789, 0.5151450853154529]
        q (float, 4):  [-0.1902773529291153, 0.01139726210385561, -0.03365661948919296, 0.9810870885848999]
        s (float, 1):  [1.0]
    Spine01:
        sa (str, 1):  ['tqs']
        t (float, 3):  [5.797899027548681e-08, 8.638260847737556e-07, 0.5360032927660541]
        q (float, 4):  [-0.10180310904979706, 0.026931308209896088, -0.07963784784078598, 0.9912460446357727]
        s (float, 1):  [1.0]
    Spine:
        sa (str, 1):  ['tqs']
        t (float, 3):  [-8.278365015712552e-08, -6.13572936458695e-07, 0.5359889176286856]
        q (float, 4):  [-0.033210769295692444, 0.017820142209529877, -0.08193723112344742, 0.9959245920181274]
        s (float, 1):  [1.0]
    LeftShoulder:
        sa (str, 1):  ['tqs']
        t (float, 3):  [0.14236725053248733, -0.022351780327483084, 0.24177607819083846]
        q (float, 4):  [-0.5350561738014221, 0.530005931854248, -0.48055967688560486, 0.44930049777030945]
        s (float, 1):  [1.0]
    LeftArm:
        sa (str, 1):  ['tqs']
        t (float, 3):  [6.427906953376805e-07, 1.3227122925840717e-06, 0.5724097890396251]
        q (float, 4):  [-0.483592689037323, 0.0026251557283103466, -0.04144507646560669, 0.8743075132369995]
        s (float, 1):  [1.0]
    LeftForeArm:
        sa (str, 1):  ['tqs']
        t (float, 3):  [3.194474970769079e-06, -6.3499929296995106e-06, 1.0634804539211018]
        q (float, 4):  [0.12042953819036484, -0.37772807478904724, 0.05258965864777565, 0.9165438413619995]
        s (float, 1):  [1.0]
    LeftHand:
        sa (str, 1):  ['tqs']
        t (float, 3):  [-2.9996899115758424e-06, 2.02576461560966e-06, 0.9957334311934574]
        q (float, 4):  [0.2041555792093277, -0.0579458549618721, -0.06535827368497849, 0.9750338792800903]
        s (float, 1):  [1.0]
    RightShoulder:
        sa (str, 1):  ['tqs']
        t (float, 3):  [-0.1413363311282012, -0.023136033672059853, 0.22547198438118699]
        q (float, 4):  [-0.587216317653656, -0.5037569999694824, 0.43224698305130005, 0.46321526169776917]
        s (float, 1):  [1.0]
    RightArm:
        sa (str, 1):  ['tqs']
        t (float, 3):  [5.551374187007241e-07, -9.252290311678735e-08, 0.5638583353709237]
        q (float, 4):  [-0.4387056827545166, -0.22590035200119019, 0.03441079705953598, 0.8690927624702454]
        s (float, 1):  [1.0]
    RightForeArm:
        sa (str, 1):  ['tqs']
        t (float, 3):  [5.06441153902415e-07, 1.7238477738601432e-06, 1.0839246262498818]
        q (float, 4):  [0.014013763517141342, 0.307613343000412, -0.09659849852323532, 0.9464915990829468]
        s (float, 1):  [1.0]
    RightHand:
        sa (str, 1):  ['tqs']
        t (float, 3):  [-2.3374207103188382e-07, -1.4998449557879212e-06, 0.9706513486912627]
        q (float, 4):  [-0.0922224223613739, 0.153264120221138, 0.08677741885185242, 0.9800381660461426]
        s (float, 1):  [1.0]
    neck:
        sa (str, 1):  ['tqs']
        t (float, 3):  [-0.0010308926213404845, 0.04548692772752361, 0.3909828165067779]
        q (float, 4):  [-0.016763007268309593, 0.0013294394593685865, 0.012866605073213577, 0.9997758865356445]
        s (float, 1):  [1.0]
    Head:
        sa (str, 1):  ['tqs']
        t (float, 3):  [0.0, -4.7235376854359856e-07, 0.29551729550075834]
        q (float, 4):  [-0.16540896892547607, 0.06780772656202316, -0.16217681765556335, 0.970433235168457]
        s (float, 1):  [1.0]
    head_end:
        sa (str, 1):  ['tqs']
        t (float, 3):  [0.00015666805792236005, -0.549328382837416, 0.7418928923558497]
        q (float, 4):  [0.3170134127140045, -0.0022064971271902323, -0.0023940778337419033, 0.9484154582023621]
        s (float, 1):  [1.0]
    headfront:
        sa (str, 1):  ['tqs']
        t (float, 3):  [-0.00015671188456067853, 0.5493229678127705, 0.33147173460895374]
        q (float, 4):  [-0.49160757660865784, -0.00012442551087588072, -4.347972662799293e-06, 0.8708168864250183]
        s (float, 1):  [1.0]
samples:
    t (float, 7056):  [0.0020517209421537785, 0.18068622443124127, -0.000880969376532259, 0.3919269396886875, -0.07022305248608518, -0.40879365066331275, -2.5516842754313984e-06, 1.0859267050022936e-06, 1.6516669757011186, -6.817477071763278e-07, 2.629598299108693e-06, 1.689834250995773, -8.034883691721006e-07, 1.1589711021997573e-06, 0.4532627290640221, -0.3963818298204842, -0.07774814472088565, -0.4004008689038301, 2.5322057695120748e-06, -7.577138802616901e-06, 1.6534328191337408, -4.918322744629222e-07, -3.89570118386473e-06, 1.6480073540089961, 6.890521468960742e-07, 7.538181790778253e-06, 0.4907160781597213, 0.004454860914037795, 0.1479692493563789, 0.5151447736593582, 6.300079258281244e-08, 8.636739089462608e-07, 0.5360039160782435, -1.0226215607644917e-07, -5.916596172994559e-07, 0.5359898525969697, 0.14236717261846366, -0.02235185580669352, 0.24177605871233254, 7.401832249342988e-07, 6.981826965457572e-07, 0.572409827996637, 3.46717405363961e-06, -6.739563048085984e-06, 1.063479441038794, -3.2334319826077262e-06, 1.4219309321106266e-06, 0.9957341324196705, -0.14133638956371897, -0.023135902192144897, 0.22547134159049165, 2.629598299108693e-07, -8.765327663695643e-08, 0.5638584132849473, 8.180972486115934e-07, 1.1492318492400955e-06, 1.0839250158200002, -1.5582804735458922e-07, -1.7725440386584523e-06, 0.9706516603473574, -0.001030965665737682, 0.04548703972893264, 0.39098215423757665, -9.739252959661826e-08, -1.5582804735458922e-07, 0.295516652710063, 0.00015664979682306068, -0.5493277205682148, 0.7418916457314708, -0.0001567301456599779, 0.5493236690389836, 0.3314704879845749, 0.0020582021106467785, 0.18068885402954038, -0.0008883431323414293, 0.39192697864569936, -0.07022318883562662, -0.4087933779642299, -2.522466516552413e-06, 1.1394925962804336e-06, 1.6516663523889292, -7.986187426922697e-07, 2.6003805402297075e-06, 1.6898344068238202, -8.059231824120161e-07, 1.22714587291739e-06, 0.4532627290640221, -0.3963818298204842, -0.07774824211341524, -0.400400167677617, 2.5906412872700457e-06, -7.694009838132843e-06, 1.6534325074776461, -5.502677922208932e-07, -3.8372656661067595e-06, 1.6480070423529014, 5.673114849003014e-07, 7.771923861810137e-06, 0.49071615607374497, 0.004454872783752339, 0.14796919092086114, 0.5151453969715476, 7.913143029725234e-09, 8.358257325147278e-07, 0.5360032927660541, -1.0226215607644917e-07, -8.862720193292262e-07, 0.5359889176286856, 0.1423672310539814, -0.02235187772001268, 0.24177576653474375, 5.843551775797096e-07, 1.8650669417752397e-06, 0.5724099448676725, 3.700916124671494e-06, -6.875912589521249e-06, 1.0634795189528177, -2.960732899737195e-06, 2.181592662964249e-06, 0.9957346778178362, -0.14133637008521305, -0.02313606288981873, 0.2254716922035982, 6.817477071763278e-08, -5.356589127814004e-07, 0.5638584132849473, 1.3634954143526556e-06, 1.5777589794652158e-06, 1.083925093734024, -2.7269908287053113e-07, -1.8894150741743942e-06, 0.97065150451931, -0.0010309242739126034, 0.04548713712146224, 0.390982076323553, -3.8957011838647304e-08, -6.18442562938526e-07, 0.29551772402788856, 0.00015663640535024115, -0.5493276426541911, 0.7418919573875655, -0.0001567216238136382, 0.549323318425877, 0.33147072172664593, 0.0020870773217380734, 0.18070367717254499, -0.0009195909167591942, 0.3919269007316757, -0.0702231693571207, -0.40879357274928907, -2.4250739869557947e-06, 7.401832249342988e-07, 1.6516669757011186, -7.401832249342988e-07, 2.619859046149031e-06, 1.689834250995773, -7.57226917613707e-07, 1.2174066199577283e-06, 0.4532625342789629, -0.3963819077345079, -0.07774828107042708, -0.4004011026459011, 2.395856228076809e-06, -7.674531332213519e-06, 1.6534321958215514, -5.01571527422584e-07, -3.759351642429465e-06, 1.6480073540089961, 6.257470026582723e-07, 7.538181790778253e-06, 0.49071611711673313, 0.004454803695926657, 0.1479692006601141, 0.5151451242724647, 9.039244153186132e-08, 9.299464818202097e-07, 0.5360034875511133, -1.509584208747583e-07, -8.351409412910016e-07, 0.5359898915539816, 0.1423672310539814, -0.02235161476018277, 0.24177603923382662, 7.207047190149751e-07, 1.0603611659831813e-06, 0.5724099448676725, 3.2334319826077262e-06, -6.5252994829734234e-06, 1.0634803760070781, -3.1165609470917843e-06, 1.8115010504970996e-06, 0.9957345219897888, -0.1413363603459601, -0.023135668450073865, 0.22547145846152716, 3.8957011838647304e-07, 7.547921043737915e-07, 0.5638584132849473, 1.1687103551594191e-06, 1.0226215607644917e-06, 1.083925093734024, -4.2852713022512035e-07, -1.5582804735458922e-06, 0.9706515824333337, -0.0010309267087258434, 0.045487278340630155, 0.39098285546378975, -8.765327663695643e-08, -5.01571527422584e-07, 0.29551702280167547, 0.00015666197088926026, -0.549327915353274, 0.7418915678174471, -0.0001566607534826403, 0.5493232015548415, 0.3314713839958472, 0.002098699598387155, 0.18070320968840292, -0.0009349036854887638, 0.3919269007316757, -0.07022328622815621, -0.40879427397550216, -2.619859046149031e-06, 9.54446790046859e-07, 1.651667131529166, -5.843551775797096e-07, 2.512727263592751e-06, 1.6898344068238202, -6.671388277368351e-07, 1.1394925962804336e-06, 0.4532626511499984, -0.39638186877749604, -0.07774832002743892, -0.40040121951693664, 2.5906412872700457e-06, -7.655052826294195e-06, 1.6534326633056935, -6.866173336561587e-07, -3.8372656661067595e-06, 1.6480073540089961, 5.06441153902415e-07, 7.401832249342988e-06, 0.49071615607374497, 0.004454806739443207, 0.14796911300683746, 0.5151445399172871, 2.2141582900481183e-08, 8.098987759053156e-07, 0.5360035654651369, -7.30443971974637e-08, -8.278365015712552e-07, 0.535989540940875, 0.14236718235771662, -0.022351734066031526, 0.24177584444876743, 1.0907963314821245e-06, 3.2991719400854436e-07, 0.5724098669536488, 3.856744172026083e-06, -6.8564340836019255e-06, 1.063479207296723, -3.1165609470917843e-06, 1.792022544577776e-06, 0.9957337428495521, -0.1413364285207308, -0.023135702537459224, 0.22547173116061003, 1.6556730031425104e-07, -4.3826638318478217e-07, 0.5638581016288526, 7.791402367729461e-07, 9.739252959661826e-07, 1.083925093734024, 0.0, -1.3829739202719793e-06, 0.9706520499174758, -0.001030963230924442, 0.045487292949509595, 0.39098285546378975, -7.791402367729461e-08, -5.60007045180555e-07, 0.29551688645213403, 0.00015667292754883988, -0.5493275647401674, 0.741892814441826, -0.00015667475365876982, 0.5493233963399007, 0.3314718904370011, 0.002083947978021472, 0.18068371170397768, -0.0009439100596632111, 0.39192686177466385, -0.07022314987861478, -0.4087934169212417, -2.6685553109473403e-06, 1.1443622227602646e-06, 1.651667131529166, -7.986187426922697e-07, 2.5029880106330893e-06, 1.6898339393396782, -8.740979531296489e-07, 1.3342776554736702e-06, 0.45326276802103393, -0.3963819077345079, -0.0777482031564034, -0.4004003624626762, 2.4932487576734275e-06, -7.460267767100959e-06, 1.6534326633056935, -5.259196598217386e-07, -3.8372656661067595e-06, 1.6480075098370435, 5.186152201019922e-07, 7.596617308536224e-06, 0.49071611711673313, 0.004454817696102786, 0.14796926883488482, 0.5151456307136186, 1.1945802458335208e-07, 7.260308729772902e-07, 0.536003059023983, -6.817477071763278e-08, -5.453981657410623e-07, 0.5359896188548987, 0.1423672115754755, -0.022351804675615483, 0.24177615610486214, 8.570542604502407e-07, 5.453981657410623e-07, 0.5724097500826133, 3.4866525595589337e-06, -6.437646206336467e-06, 1.0634791293826993, -3.077603935253137e-06, 1.5388019676265685e-06, 0.9957342882477178, -0.14133637008521305, -0.023135683058953305, 0.22547126367646797, 2.3374207103188382e-07, -3.652219859873185e-07, 0.5638582964139118, 3.1165609470917843e-07, 1.7141085209004814e-06, 1.0839246262498818, -1.5582804735458922e-07, -1.5582804735458922e-06, 0.9706524394875942, -0.001030934013165563, 0.04548744390793047, 0.3909819984095293, -9.739252959661826e-08, -5.940944305393714e-07, 0.2955177629849004, 0.0001566302422292276, -0.5493272530840727, 0.7418924248717076, -0.00015669955831865146, 0.5493231236408178, 0.3314715787809064, 0.0020518332479144696, 0.18068098471314897, -0.0009406029745800959, 0.3919269396886875, -0.07022295509355558, -0.4087932221361825, -2.619859046149031e-06, 9.641860430065208e-07, 1.651667131529166, -6.817477071763278e-07, 2.619859046149031e-06, 1.689834250995773, -7.012262130956515e-07, 1.2953206436350229e-06, 0.45326249532195106, -0.3963818298204842, -0.07774818367789749, -0.400400401419688, 2.298463698480191e-06, -7.596617308536224e-06, 1.6534323516495988, -6.087033099788641e-07, -3.798308654268112e-06, 1.6480070423529014, 4.796582082633449e-07, 7.538181790778253e-06, 0.49071623398776865, 0.004454865174960965, 0.1479693662274144, 0.515145786541666, 6.573995747771733e-08, 8.527933372803886e-07, 0.5360026304968528, -8.765327663695643e-08, -5.916596172994559e-07, 0.5359888786716738, 0.14236727001099325, -0.022351763283790405, 0.241776915766593, 6.817477071763278e-07, 1.608194144964159e-06, 0.572409827996637, 3.5061310654782574e-06, -7.226525696069075e-06, 1.0634800643509834, -2.9996899115758424e-06, 1.9283720860130416e-06, 0.9957338986775994, -0.14133632138894825, -0.023136165151974808, 0.22547284143544744, 1.1687103551594191e-07, -5.8435517757970956e-08, 0.5638583743279355, 4.2852713022512035e-07, 1.460887943949274e-06, 1.0839250158200002, -7.791402367729461e-08, -1.5388019676265685e-06, 0.9706519720034521, -0.0010308999257802043, 0.04548678163872921, 0.390983517732991, -4.869626479830913e-08, -4.967019009427531e-07, 0.29551741237179385, 0.00015662544869066153, -0.5493269803849898, 0.7418910224192814, -0.00015673501528645772, 0.5493238638240427, 0.33147021528549203, 0.0020313640773581554, 0.18070895584764912, -0.0009305331957231155, 0.3919269007316757, -0.07022313040010886, -0.40879326109319436, -2.5906412872700457e-06, 8.570542604502407e-07, 1.6516668198730713, -6.622692012570042e-07, 2.619859046149031e-06, 1.6898340951677255, -7.84009863252777e-07, 1.2661028847560374e-06, 0.4532626511499984, -0.39638186877749604, -0.0777482031564034, -0.400400401419688, 2.5906412872700457e-06, -7.479746273020282e-06, 1.6534328191337408, -5.892248040595405e-07, -3.993093713461349e-06, 1.6480073540089961, 4.650493288238522e-07, 7.635574320374872e-06, 0.49071611711673313, 0.004454822565729266, 0.14796933700965553, 0.5151457475846541, 4.6261451558393674e-08, 8.506628756954626e-07, 0.5360029811099594, -1.0713178255628009e-07, -1.1297533433207718e-06, 0.5359898525969697, 0.14236720183622253, -0.02235189963333184, 0.24177477313094187, 7.012262130956515e-07, 1.5826286059450467e-08, 0.5724099448676725, 3.2139534766884026e-06, -6.72008454216666e-06, 1.0634803760070781, -2.960732899737195e-06, 1.6361944972231868e-06, 0.995733509107481, -0.14133634086745417, -0.02313615054309537, 0.22547062088577263, 1.2661028847560374e-07, -7.937491162124388e-07, 0.5638583353709237, 4.6748414206376765e-07, 1.402452426191303e-06, 1.083925093734024, -1.9478505919323652e-07, -1.3829739202719793e-06, 0.97065150451931, -0.001030909665033164, 0.045486674506946656, 0.3909818815384938, -5.8435517757970956e-08, -4.3339675670495126e-07, 0.295517139672711, 0.00015665101422968064, -0.549327915353274, 0.7418925806997549, -0.0001567240586268781, 0.5493230067697823, 0.3314718904370011, 0.002040376995093185, 0.18074810764454696, -0.0009348736307628336, 0.3919269007316757, -0.07022318883562662, -0.4087936896203246, -2.5419450224717366e-06, 7.060958395754824e-07, 1.651666664045024, -7.986187426922697e-07, 2.5419450224717366e-06, 1.689834250995773, -8.643587001699871e-07, 1.2466243788367137e-06, 0.45326269010701026, -0.39638186877749604, -0.077748300548933, -0.40040094681785376, 2.298463698480191e-06, -7.460267767100959e-06, 1.6534321958215514, -5.06441153902415e-07, -3.798308654268112e-06, 1.6480073540089961, 6.622692012570042e-07, 7.499224778939606e-06, 0.49071623398776865, 0.004454791521860457, 0.1479693175311496, 0.5151455138425831, 2.2522022469217973e-08, 7.791402367729461e-07, 0.5360034096370896, -5.8435517757970956e-08, -8.229668750914243e-07, 0.5359887228436264, 0.14236719209696957, -0.022352057896192434, 0.24177648723946277, 5.648766716603859e-07, 1.0737526388027163e-06, 0.572409827996637, 3.584045089155552e-06, -6.9148696013598965e-06, 1.063479908522936, -3.2334319826077262e-06, 1.908893580093718e-06, 0.9957336649355284, -0.141336379824466, -0.023136004454300974, 0.22547215968774026, 1.9478505919323652e-07, -1.8017617975374378e-07, 0.5638583353709237, 5.06441153902415e-07, 1.5290627146669067e-06, 1.0839250158200002, -1.5582804735458922e-07, -1.3245384025140083e-06, 0.9706525953156415, -0.001030909665033164, 0.045487000771920805, 0.39098324503390813, -5.8435517757970956e-08, -9.739252959661826e-08, 0.29551721758673466, 0.0001566461446032008, -0.5493269024709662, 0.741893281925968, -0.00015668510161503946, 0.5493240196520901, 0.33147204626504845, 0.002035397497665903, 0.18079972568523317, -0.0009806380760686295, 0.3919269396886875, -0.0702229745720615, -0.4087933779642299, -2.6101197931893694e-06, 1.01288230780483e-06, 1.6516672873572134, -7.207047190149751e-07, 2.5419450224717366e-06, 1.6898340951677255, -7.426180381742142e-07, 1.402452426191303e-06, 0.45326257323597474, -0.3963819077345079, -0.0777482031564034, -0.4004007909898064, 2.415334733996133e-06, -7.538181790778253e-06, 1.6534328191337408, -4.041789978259658e-07, -3.89570118386473e-06, 1.6480071981809488, 4.7235376854359856e-07, 7.713488344052166e-06, 0.49071615607374497, 0.0044548414355318755, 0.14796928831339073, 0.5151450074014292, 8.156624353716779e-08, 8.126189188217836e-07, 0.5360036823361725, -1.6556730031425104e-07, -1.1054052109216173e-06, 0.5359889565856975, 0.14236728948949917, -0.022351768153416884, 0.24177547435715496, 5.06441153902415e-07, 1.2661028847560374e-06, 0.5724098669536488, 3.6230021009941993e-06, -6.681127530328013e-06, 1.063479674780865, -3.194474970769079e-06, 1.8309795564164233e-06, 0.9957338207635757, -0.1413363116496953, -0.023135702537459224, 0.22547122471945613, 3.6035235950748756e-07, -5.575722319406395e-07, 0.563858491198971, 3.5061310654782574e-07, 1.1297533433207718e-06, 1.0839254833041423, 3.8957011838647304e-08, -1.3634954143526556e-06, 0.9706518161754047, -0.0010308901865272446, 0.04548743903830399, 0.39098156988239907, -1.1687103551594191e-07, -2.678294563907002e-07, 0.29551721758673466, 0.00015673745009969764, -0.5493278763962621, 0.7418917236454945, -0.0001566230138774216, 0.5493231236408178, 0.3314708775546933, 0.0020222645715772813, 0.1808322158331066, -0.0010256734469848983, 0.3919270955167349, -0.07022305248608518, -0.40879306630813517, -2.522466516552413e-06, 9.057505252485498e-07, 1.651667131529166, -7.207047190149751e-07, 2.512727263592751e-06, 1.6898337835116308, -7.596617308536224e-07, 1.402452426191303e-06, 0.45326269010701026, -0.3963818298204842, -0.07774814472088565, -0.400400401419688, 2.6685553109473403e-06, -7.382353743423664e-06, 1.6534326633056935, -3.5548273302765665e-07, -3.8372656661067595e-06, 1.6480076656650908, 3.6035235950748756e-07, 7.538181790778253e-06, 0.4907160781597213, 0.004454938828061472, 0.1479692006601141, 0.5151450074014292, 7.060958395754824e-08, 7.359223017644467e-07, 0.5360031758950186, -9.739252959661826e-08, -8.619238869300716e-07, 0.5359888786716738, 0.14236717261846366, -0.02235187041557296, 0.24177668202452196, 1.0907963314821245e-06, 1.9332417124928725e-06, 0.5724098669536488, 3.5645665832362283e-06, -6.992783625037191e-06, 1.0634803760070781, -3.311346006285021e-06, 1.947850591932365e-06, 0.9957341324196705, -0.1413364285207308, -0.023135868104759538, 0.22547212073072842, 3.8957011838647304e-07, 4.869626479830913e-07, 0.563858491198971, 3.1165609470917843e-07, 9.349682841275353e-07, 1.0839249379059765, -5.843551775797096e-07, -1.285581390675361e-06, 0.97065150451931, -0.0010309875790568412, 0.04548720042660648, 0.3909832060768963, -2.9217758878985478e-08, -4.772233950234295e-07, 0.2955169838446636, 0.00015666805792236005, -0.5493279543102858, 0.7418925027857313, -0.00015671188456067853, 0.5493234352969125, 0.33147153982389455, 0.0019879691618622797, 0.18083568300716024, -0.0010654702411275752, 0.3919270176027112, -0.07022309144309702, -0.4087943908465377, -2.512727263592751e-06, 9.300986576477044e-07, 1.6516669757011186, -7.596617308536224e-07, 2.5906412872700457e-06, 1.6898345626518676, -7.669661705733688e-07, 1.3050598965946847e-06, 0.45326257323597474, -0.39638186877749604, -0.07774826159192116, -0.4004011805599248, 2.4348132399154565e-06, -7.694009838132843e-06, 1.6534325074776461, -1.7530655327391287e-07, -3.856744172026083e-06, 1.6480075098370435, 6.768780806964969e-07, 7.479746273020282e-06, 0.49071615607374497, 0.004454880392543714, 0.14796932727040257, 0.5151446567883227, 4.260923169852049e-08, 6.464429151975537e-07, 0.5360038771212317, -1.5582804735458922e-07, -5.502677922208932e-07, 0.5359887228436264, 0.14236727001099325, -0.022351960503662838, 0.2417759028842852, 8.180972486115934e-07, 7.718357970531997e-07, 0.5724097890396251, 3.2723889944463735e-06, -6.836955577682602e-06, 1.063479908522936, -3.194474970769079e-06, 2.1426356511256017e-06, 0.9957335870215047, -0.1413363311282012, -0.023135975236542095, 0.2254716922035982, 6.13572936458695e-07, -6.233121894183569e-07, 0.5638583353709237, -5.06441153902415e-07, 9.934038018855063e-07, 1.0839243925078108, 0.0, -1.4803664498685976e-06, 0.9706520499174758, -0.0010308901865272446, 0.04548705433781208, 0.3909834008619555, -8.765327663695643e-08, -4.431360096646131e-07, 0.2955179382914537, 0.00015666562310912013, -0.5493278374392503, 0.7418918794735418, -0.0001567240586268781, 0.5493234742539244, 0.3314711112967643, 0.001956677855157851, 0.18080284224618026, -0.0010955095212112909, 0.3919269396886875, -0.07022318883562662, -0.4087936896203246, -2.4250739869557947e-06, 8.132276221317625e-07, 1.6516669757011186, -6.817477071763278e-07, 2.6003805402297075e-06, 1.6898340951677255, -8.083579956519316e-07, 1.2076673669980664e-06, 0.45326257323597474, -0.39638186877749604, -0.07774824211341524, -0.40040063516175906, 2.512727263592751e-06, -7.538181790778253e-06, 1.6534321958215514, -4.869626479830913e-07, -3.89570118386473e-06, 1.6480078214931382, 5.259196598217386e-07, 7.479746273020282e-06, 0.4907161950307568, 0.004454857261817935, 0.14796925909563186, 0.5151454359285594, 6.817477071763278e-08, 8.022709625521429e-07, 0.5360025525828291, -1.2661028847560374e-07, -7.25574345494806e-07, 0.5359895019838632, 0.1423671628792107, -0.022351743805284485, 0.24177586392727335, 4.2852713022512035e-07, 8.010535559321852e-07, 0.5724098669536488, 3.915179689784054e-06, -6.29155741194154e-06, 1.0634800643509834, -3.0386469234144897e-06, 1.908893580093718e-06, 0.9957340545056468, -0.14133644799923673, -0.023135887583265458, 0.22547206229521066, 4.869626479830913e-07, -2.4348132399154565e-07, 0.5638581795428763, 6.233121894183569e-07, 1.3537561613929938e-06, 1.0839249379059765, -1.5582804735458922e-07, -1.5193234617072449e-06, 0.9706527511436889, -0.001030997318309801, 0.04548720529623296, 0.39098266067873055, -2.9217758878985478e-08, -8.278365015712552e-08, 0.29551608783339134, 0.00015679223339759574, -0.5493287724075344, 0.7418921132156129, -0.00015657310020600335, 0.5493229288557586, 0.33147083859768145, 0.0019412980529762702, 0.18069161997738092, -0.0011058118247326831, 0.3919269396886875, -0.07022301352907334, -0.4087934169212417, -2.473770251754104e-06, 7.207047190149751e-07, 1.6516669757011186, -7.012262130956515e-07, 2.473770251754104e-06, 1.6898340951677255, -6.98791399855736e-07, 1.4219309321106266e-06, 0.45326276802103393, -0.3963818298204842, -0.07774824211341524, -0.4004006741187709, 2.3763777221574856e-06, -7.51870328485893e-06, 1.6534323516495988, -4.6748414206376765e-07, -3.915179689784054e-06, 1.6480071981809488, 7.694009838132843e-07, 7.460267767100959e-06, 0.4907161950307568, 0.004454860914037795, 0.1479694149236792, 0.515145552799595, 1.0104474945649145e-07, 8.460976008706211e-07, 0.5360023967547818, -9.739252959661826e-09, -5.161804068620768e-07, 0.5359897357259342, 0.14236718235771662, -0.02235192885109072, 0.2417762145403799, 7.596617308536224e-07, 1.1857540478388273e-06, 0.5724097500826133, 3.4866525595589337e-06, -6.992783625037191e-06, 1.0634802201790308, -3.194474970769079e-06, 1.7141085209004814e-06, 0.9957340545056468, -0.14133641878147785, -0.02313584862625362, 0.22547161428957452, 1.3634954143526556e-07, -3.8957011838647304e-08, 0.5638582184998882, 2.3374207103188382e-07, 1.0226215607644917e-06, 1.0839243925078108, -3.1165609470917843e-07, -1.5972374853845395e-06, 0.9706518161754047, -0.0010309583612979623, 0.045486995902294325, 0.39098297233482526, 9.739252959661826e-09, -1.0713178255628009e-07, 0.2955166721885689, 0.00015669484086799912, -0.5493281101383332, 0.741893048183897, -0.00015666318829588022, 0.5493230457267941, 0.3314718125229774, 0.0019006310413640648, 0.18046331240950053, -0.0011030887904754927, 0.3919269007316757, -0.07022305248608518, -0.40879376753434826, -2.6101197931893694e-06, 6.622692012570042e-07, 1.651667131529166, -6.622692012570042e-07, 2.5614235283910602e-06, 1.6898340951677255, -5.405285392612313e-07, 1.344016908433332e-06, 0.45326257323597474, -0.3963818298204842, -0.07774824211341524, -0.40040094681785376, 2.512727263592751e-06, -7.51870328485893e-06, 1.6534328191337408, -5.940944305393714e-07, -3.817787160187436e-06, 1.6480071981809488, 6.525299482973423e-07, 7.713488344052166e-06, 0.49071615607374497, 0.004454834131092156, 0.14796926883488482, 0.5151448515733819, 4.74788581783514e-08, 7.913143029725234e-07, 0.5360039939922672, -7.791402367729461e-08, -5.502677922208932e-07, 0.535989540940875, 0.14236725053248733, -0.022351751109724205, 0.2417758249702615, 8.37575754530917e-07, 1.0104474945649145e-06, 0.5724098669536488, 3.8372656661067595e-06, -6.3499929296995106e-06, 1.0634795189528177, -2.960732899737195e-06, 1.8309795564164233e-06, 0.9957343661617415, -0.1413363603459601, -0.02313579019073586, 0.22547124419796205, 4.2852713022512035e-07, 3.8957011838647304e-08, 0.5638582184998882, 6.233121894183569e-07, 1.344016908433332e-06, 1.083925093734024, -1.5582804735458922e-07, -1.0323608137241536e-06, 0.9706519720034521, -0.0010309194042861236, 0.04548687903125881, 0.39098305024884894, -1.1687103551594191e-07, -6.817477071763278e-08, 0.29551719810822874, 0.0001565974483384025, -0.5493284607514397, 0.7418923469576839, -0.0001567411023195575, 0.5493227730277113, 0.3314713839958472, 0.0017792749276843711, 0.18024347799169504, -0.001075967862323557, 0.3919269396886875, -0.07022314987861478, -0.40879454667458504, -2.3179422043995146e-06, 6.622692012570042e-07, 1.6516668198730713, -6.233121894183569e-07, 2.6490768050280167e-06, 1.6898340951677255, -6.573995747771733e-07, 1.3634954143526556e-06, 0.4532628459350576, -0.39638186877749604, -0.077748300548933, -0.4004017649151024, 2.5322057695120748e-06, -7.557660296697577e-06, 1.6534325074776461, -9.057505252485498e-07, -3.8372656661067595e-06, 1.6480073540089961, 4.309619434650358e-07, 7.655052826294195e-06, 0.49071615607374497, 0.004454824391839196, 0.14796921039936706, 0.5151442282611924, 3.652219859873185e-08, 7.876620831126502e-07, 0.5360031758950186, 9.739252959661826e-09, -8.034883691721006e-07, 0.5359888397146619, 0.1423671628792107, -0.022351256842636502, 0.24177553279267272, 1.2076673669980664e-06, 5.429633525011468e-07, 0.5724096332115778, 3.584045089155552e-06, -6.836955577682602e-06, 1.0634809993192675, -3.0386469234144897e-06, 2.1036786392869544e-06, 0.9957338986775994, -0.1413364772169956, -0.02313555644866483, 0.2254706987997963, 6.525299482973423e-07, 3.798308654268112e-07, 0.5638582964139118, 6.233121894183569e-07, 1.3342776554736702e-06, 1.0839249379059765, -3.8957011838647304e-07, -1.0907963314821245e-06, 0.9706521278314995, -0.0010310265360686799, 0.04548750234344823, 0.3909819204955056, -5.8435517757970956e-08, -2.4835095047137656e-07, 0.29551688645213403, 0.00015652927356768487, -0.5493283438804042, 0.7418927365278023, -0.00015677762451815624, 0.5493231236408178, 0.3314715008668827, 0.0015907876651120034, 0.18005821792189636, -0.0010331273994551582, 0.3919269396886875, -0.07022322779263845, -0.4087931831791707, -2.4932487576734275e-06, 7.207047190149751e-07, 1.6516665082169766, -5.259196598217386e-07, 2.45429174583478e-06, 1.6898340951677255, -8.278365015712552e-07, 1.4219309321106266e-06, 0.4532625342789629, -0.3963819077345079, -0.07774826159192116, -0.40039993393554596, 2.5322057695120748e-06, -7.51870328485893e-06, 1.6534325074776461, -6.914869601359896e-07, -3.6619591128328466e-06, 1.6480071981809488, 4.5531007586419037e-07, 7.499224778939606e-06, 0.49071615607374497, 0.004454838392015326, 0.14796911300683746, 0.5151452411435002, 2.3130725779196837e-08, 6.007901669491389e-07, 0.5360036433791606, -8.278365015712552e-08, -6.233121894183569e-07, 0.5359890344997211, 0.14236725053248733, -0.022351799805989003, 0.24177683785256932, 9.739252959661826e-07, 4.4557082290452854e-07, 0.5724099838246843, 3.1165609470917843e-06, -7.090176154633809e-06, 1.063479674780865, -2.8828188760599005e-06, 1.8309795564164233e-06, 0.9957342103336941, -0.1413363116496953, -0.023135415229496914, 0.22547171168210411, 5.551374187007241e-07, -4.041789978259658e-07, 0.5638582184998882, 6.233121894183569e-07, 1.796892171057607e-06, 1.0839251716480476, -2.7269908287053113e-07, -1.8699365682550706e-06, 0.97065150451931, -0.0010308999257802043, 0.04548686442237937, 0.39098375147506204, -6.330514423780187e-08, -3.8957011838647304e-07, 0.2955170812371932, 0.00015670458012095878, -0.5493274868261437, 0.741893048183897, -0.00015661692684432182, 0.5493235911249599, 0.33147173460895374, 0.0014509578625019337, 0.1798683609247007, -0.0010064224439276792, 0.3919269396886875, -0.07022313040010886, -0.40879384544837194, -2.6101197931893694e-06, 9.349682841275353e-07, 1.651667131529166, -5.648766716603859e-07, 2.6685553109473403e-06, 1.6898337835116308, -7.207047190149751e-07, 1.178449608119081e-06, 0.45326257323597474, -0.3963819077345079, -0.07774827133117412, -0.4004014922160195, 2.6101197931893694e-06, -7.577138802616901e-06, 1.6534323516495988, -5.940944305393714e-07, -3.7203946305908175e-06, 1.6480075098370435, 5.746159246200477e-07, 7.577138802616901e-06, 0.4907160781597213, 0.004454845087751735, 0.1479692980526437, 0.5151445399172871, 3.8957011838647304e-08, 7.785315334629672e-07, 0.5360039160782435, -9.739252959661826e-09, -8.570542604502407e-07, 0.5359897357259342, 0.14236722131472845, -0.022351753544537445, 0.24177566914221416, 8.667935134099025e-07, 9.934038018855063e-07, 0.5724099059106607, 3.3308245122043445e-06, -6.953826613198544e-06, 1.063479908522936, -2.7659478405439586e-06, 2.064721627448307e-06, 0.9957344440757652, -0.1413363116496953, -0.023135697667832744, 0.2254712831549739, -9.739252959661826e-08, -1.3634954143526556e-07, 0.5638581795428763, 7.791402367729461e-07, 1.402452426191303e-06, 1.0839251716480476, -1.5582804735458922e-07, -1.344016908433332e-06, 0.9706519720034521, -0.0010309291435390833, 0.0454870494681856, 0.3909826217217187, -3.408738535881639e-08, -5.01571527422584e-07, 0.29551680853811035, 0.00015660718759136216, -0.549328149095345, 0.7418920353015892, -0.0001567240586268781, 0.5493227730277113, 0.3314713060818235, 0.0013616927395001532, 0.17965026009392204, -0.001090365826066142, 0.3919269396886875, -0.0702231693571207, -0.4087933779642299, -2.512727263592751e-06, 1.1005355844417863e-06, 1.651666664045024, -7.986187426922697e-07, 2.512727263592751e-06, 1.6898340951677255, -6.160077496986105e-07, 1.3050598965946847e-06, 0.4532627290640221, -0.3963819077345079, -0.0777483979414626, -0.4004006741187709, 2.3374207103188382e-06, -7.674531332213519e-06, 1.653432039993504, -5.940944305393714e-07, -3.7788301483487885e-06, 1.6480073540089961, 6.866173336561587e-07, 7.635574320374872e-06, 0.49071615607374497, 0.004454830478872296, 0.14796922987787298, 0.5151455917566068, 4.5044044938435945e-08, 7.992274460022486e-07, 0.536003059023983, 4.869626479830913e-09, -7.620965440935379e-07, 0.5359893851128277, 0.14236712392219886, -0.022351743805284485, 0.24177527957209577, 9.154897782082116e-07, 4.2852713022512035e-07, 0.5724097890396251, 3.2723889944463735e-06, -6.866173336561587e-06, 1.0634802201790308, -2.804904852382606e-06, 1.7530655327391287e-06, 0.9957340545056468, -0.1413364772169956, -0.023135726885591623, 0.22547116628393837, 8.278365015712552e-08, -8.765327663695643e-08, 0.5638583353709237, 2.7269908287053113e-07, 1.1833192345989119e-06, 1.0839244704218345, -1.5582804735458922e-07, -1.5777589794652158e-06, 0.9706524394875942, -0.0010310167968157202, 0.045487536430833586, 0.3909817257104464, -7.060958395754824e-08, -4.017441845860503e-07, 0.2955174513288057, 0.00015663640535024115, -0.5493277595252266, 0.7418920353015892, -0.00015666562310912013, 0.5493233573828888, 0.33147122816779984, 0.0013286905199672017, 0.17937132788915733, -0.0012363735868329284, 0.39192686177466385, -0.07022311092160294, -0.40879345587825355, -2.571162781350722e-06, 7.596617308536224e-07, 1.651666664045024, -6.233121894183569e-07, 2.4835095047137656e-06, 1.689834250995773, -6.841825204162433e-07, 1.3147991495543465e-06, 0.4532627290640221, -0.39638179086347236, -0.077748300548933, -0.4004006741187709, 2.45429174583478e-06, -7.538181790778253e-06, 1.653432039993504, -5.746159246200477e-07, -4.012572219380672e-06, 1.6480075098370435, 5.940944305393714e-07, 7.538181790778253e-06, 0.49071615607374497, 0.004454847522564975, 0.1479691032675845, 0.5151450853154529, 4.5044044938435945e-08, 7.715314453982103e-07, 0.5360031758950186, -1.2174066199577283e-07, -5.453981657410623e-07, 0.535989073456733, 0.1423672115754755, -0.02235160015130333, 0.24177547435715496, 6.817477071763278e-07, 3.633958760573819e-07, 0.5724097890396251, 3.6619591128328466e-06, -7.333657478625355e-06, 1.0634798306089124, -3.2334319826077262e-06, 1.967329097851689e-06, 0.9957340545056468, -0.14133639930297193, -0.02313581940849474, 0.22547114680543245, 2.4348132399154565e-07, 6.817477071763278e-08, 0.5638582184998882, 6.622692012570042e-07, 1.7287174003399741e-06, 1.0839251716480476, -3.8957011838647304e-07, -2.1036786392869544e-06, 0.9706513486912627, -0.001030938882792043, 0.045487317297641994, 0.39098195945251746, -4.473969328344651e-08, -4.833104281232181e-07, 0.295517373414782, 0.00015645135954400757, -0.5493279932672976, 0.7418923469576839, -0.00015689936518015202, 0.5493228898987468, 0.33147146190987087, 0.0013748927751287, 0.17902295481079022, -0.0013649594979889823, 0.3919269007316757, -0.07022326674965029, -0.4087934169212417, -2.5516842754313984e-06, 4.577448891041058e-07, 1.6516669757011186, -8.765327663695643e-07, 2.522466516552413e-06, 1.6898340951677255, -7.085306528153978e-07, 1.344016908433332e-06, 0.4532626511499984, -0.39638186877749604, -0.0777483979414626, -0.40040063516175906, 2.473770251754104e-06, -7.5284425378185915e-06, 1.653432039993504, -3.8957011838647304e-07, -3.856744172026083e-06, 1.6480073540089961, 5.551374187007241e-07, 7.635574320374872e-06, 0.49071615607374497, 0.004454823174432576, 0.14796917144235522, 0.5151452411435002, -3.728307773620543e-09, 7.496942141527185e-07, 0.5360035265081251, -1.12001409036111e-07, -4.753972850934929e-07, 0.5359886059725909, 0.14236720183622253, -0.022351512498026693, 0.2417759028842852, 6.18442562938526e-07, 1.8748061947349015e-07, 0.572409827996637, 3.847004919066421e-06, -6.369471435618834e-06, 1.0634795189528177, -2.960732899737195e-06, 1.4998449557879212e-06, 0.9957335870215047, -0.14133639930297193, -0.023136053150565772, 0.2254726076933764, 6.354862556179341e-07, 2.4348132399154565e-07, 0.5638584132849473, 1.0713178255628009e-06, 1.3147991495543465e-06, 1.0839246262498818, -2.7269908287053113e-07, -1.2953206436350229e-06, 0.9706517382613811, -0.0010309486220450026, 0.045487239383618316, 0.39098273859275423, -5.356589127814004e-08, -5.301805829915907e-07, 0.29551762663535897, 0.00015655849132656385, -0.5493280711813213, 0.7418921911296366, -0.0001568019726505554, 0.5493233573828888, 0.3314711112967643, 0.0015052065667180425, 0.17860928978058155, -0.0014939240986917568, 0.39192697864569936, -0.07022315961786774, -0.40879357274928907, -2.629598299108693e-06, 6.963565866158206e-07, 1.6516665082169766, -5.843551775797096e-07, 2.4932487576734275e-06, 1.689834250995773, -6.72008454216666e-07, 1.285581390675361e-06, 0.45326288489206945, -0.3963818298204842, -0.07774829080968004, -0.4004008689038301, 2.5322057695120748e-06, -7.606356561495886e-06, 1.6534321958215514, -4.2852713022512035e-07, -3.700916124671494e-06, 1.6480075098370435, 5.06441153902415e-07, 7.51870328485893e-06, 0.49071623398776865, 0.0044548718706973744, 0.14796927857413777, 0.5151452801005121, 1.4000176129513875e-08, 6.978783448907677e-07, 0.5360032927660541, -8.278365015712552e-08, -6.257470026582723e-07, 0.5359885670155791, 0.14236719209696957, -0.022351390757364697, 0.24177578601324967, 1.115144463881279e-06, 1.4657575704291048e-06, 0.5724097500826133, 3.248040862047219e-06, -6.629996452289788e-06, 1.0634809214052439, -3.1555179589304316e-06, 1.6946300149811577e-06, 0.9957335870215047, -0.14133638956371897, -0.023135683058953305, 0.22547138054750349, 1.7530655327391287e-07, -1.0713178255628009e-06, 0.563858491198971, 9.739252959661826e-07, 1.9721987243315198e-06, 1.0839257170462133, -5.8435517757970956e-08, -1.4809751531785764e-06, 0.9706522057455231, -0.0010309559264847223, 0.04548739521166567, 0.39098305024884894, -6.794650697639071e-08, -5.493737592343617e-07, 0.29551632157546237, 0.00015674353713279743, -0.5493281101383332, 0.7418917236454945, -0.0001564708380499269, 0.5493219938874745, 0.33147224105010764, 0.001646846500796162, 0.1781751917976635, -0.0017060947896487821, 0.39192697864569936, -0.07022314013936182, -0.4087941960614785, -2.5906412872700457e-06, 6.379210688578496e-07, 1.6516672873572134, -8.37575754530917e-07, 2.619859046149031e-06, 1.6898340951677255, -7.547921043737915e-07, 1.3245384025140083e-06, 0.45326269010701026, -0.3963819466915197, -0.0777482031564034, -0.4004015701300432, 2.6490768050280167e-06, -7.615487111145569e-06, 1.6534323516495988, -7.207047190149751e-07, -3.856744172026083e-06, 1.6480073540089961, 4.869626479830913e-07, 7.596617308536224e-06, 0.49071611711673313, 0.004454822261377611, 0.14796927857413777, 0.5151441893041806, 5.721811113801323e-08, 7.870533798026713e-07, 0.5360033317230659, -4.991367141826686e-08, -7.497703020664659e-07, 0.5359891903277685, 0.1423672115754755, -0.022351743805284485, 0.24177578601324967, 7.547921043737915e-07, 9.398379106073662e-07, 0.572409827996637, 3.57430583619589e-06, -6.566691308051986e-06, 1.0634802980930544, -3.0386469234144897e-06, 2.2862896322806137e-06, 0.9957338207635757, -0.14133639930297193, -0.023136033672059853, 0.22547184803164555, 5.06441153902415e-07, 2.4348132399154565e-07, 0.5638582964139118, 6.038336834990332e-07, 1.232015499397221e-06, 1.0839247041639055, -4.577448891041058e-07, -1.7141085209004814e-06, 0.970651037035168, -0.0010309498394516226, 0.045487312428015514, 0.3909821931945885, -5.356589127814004e-08, -2.8228616000269824e-07, 0.2955173344577702, 0.0001565254691719975, -0.5493281101383332, 0.7418928923558497, -0.00015689936518015202, 0.5493230067697823, 0.3314718125229774, 0.0017753217040377134, 0.17766526399120153, -0.0019021304297923702, 0.3919269007316757, -0.07022324727114437, -0.40879353379227723, -2.5419450224717366e-06, 9.982734283653372e-07, 1.651667131529166, -6.427906953376805e-07, 2.571162781350722e-06, 1.6898339393396782, -7.864446764926925e-07, 1.3634954143526556e-06, 0.4532626121929866, -0.3963819077345079, -0.07774829567930652, -0.4004004793337117, 2.4348132399154565e-06, -7.549138450357873e-06, 1.6534325074776461, -7.30443971974637e-07, -3.6619591128328466e-06, 1.6480073540089961, 4.6748414206376765e-07, 7.460267767100959e-06, 0.4907160781597213, 0.004454795174080317, 0.14796923961712594, 0.5151454748855713, 2.9217758878985478e-08, 7.675748738833477e-07, 0.5360038381642198, -7.791402367729461e-08, -6.650083661519091e-07, 0.5359889565856975, 0.1423672115754755, -0.02235128849520862, 0.24177492895898922, 6.13572936458695e-07, 7.012262130956515e-07, 0.5724097890396251, 3.4915221860387646e-06, -6.444950646056213e-06, 1.063479207296723, -2.795165599422944e-06, 2.2187235648729597e-06, 0.9957340545056468, -0.14133639930297193, -0.023136019063180413, 0.22547165324658636, 1.9478505919323652e-07, -7.596617308536224e-07, 0.5638581405858645, 1.236885125877052e-06, 1.402452426191303e-06, 1.0839254053901186, -4.869626479830913e-07, -1.5874982324248776e-06, 0.970651037035168, -0.001030963230924442, 0.0454871712088476, 0.3909829333778134, -8.765327663695643e-08, -4.309619434650358e-07, 0.29551739289328793, 0.00015669971049447895, -0.5493277595252266, 0.7418914119893998, -0.0001566461446032008, 0.5493223055435692, 0.33147173460895374, 0.0018385732823842371, 0.1771149572419688, -0.0021171830265704905, 0.3919269007316757, -0.0702231206608559, -0.40879353379227723, -2.4920313510534697e-06, 7.937491162124388e-07, 1.651667131529166, -5.648766716603859e-07, 2.527336143032244e-06, 1.6898339393396782, -6.45225508577596e-07, 1.3829739202719793e-06, 0.4532626121929866, -0.3963818298204842, -0.07774833463631836, -0.40040094681785376, 2.5029880106330893e-06, -7.547921043737915e-06, 1.6534326633056935, -6.233121894183569e-07, -3.759351642429465e-06, 1.6480073540089961, 5.843551775797096e-07, 7.479746273020282e-06, 0.49071611711673313, 0.004454834131092156, 0.14796922987787298, 0.5151452411435002, 4.017441845860503e-08, 8.260103916413186e-07, 0.5360027473678883, -7.791402367729461e-08, -4.575927132766111e-07, 0.5359891513707566, 0.14236722131472845, -0.02235186798075972, 0.24177637036842725, 8.570542604502407e-07, 9.447075370871971e-07, 0.5724096721685896, 3.535348824357243e-06, -6.598343880170887e-06, 1.063479674780865, -3.0879518915227777e-06, 1.6546077723500474e-06, 0.9957342103336941, -0.141336379824466, -0.023136043411312812, 0.22547194542417515, 2.3374207103188382e-07, -2.24002818072222e-07, 0.5638585691129947, 7.84009863252777e-07, 1.008012681324999e-06, 1.0839249379059765, -2.7269908287053113e-07, -1.3294080289938393e-06, 0.9706517382613811, -0.0010309437524185228, 0.045486991032667845, 0.3909829333778134, -4.869626479830913e-08, -4.869626479830913e-07, 0.29551731497926426, 0.00015652196912796512, -0.5493272530840727, 0.7418929702698733, -0.00015674353713279743, 0.549323084683806, 0.3314725137491905, 0.0018769740915733912, 0.17649980654653064, -0.002236167784330334, 0.3919269396886875, -0.07022318396600014, -0.40879376753434826, -2.4299436134356256e-06, 8.838372060893107e-07, 1.6516672873572134, -8.180972486115934e-07, 2.634467925588524e-06, 1.6898340951677255, -7.243569388748483e-07, 1.3537561613929938e-06, 0.4532626121929866, -0.3963818298204842, -0.07774836872370372, -0.4004009857748656, 2.45429174583478e-06, -7.596617308536224e-06, 1.653432039993504, -5.843551775797096e-07, -3.642480606913523e-06, 1.6480075098370435, 5.746159246200477e-07, 7.460267767100959e-06, 0.4907161950307568, 0.004454836565905396, 0.14796918118160818, 0.515145046358441, 4.2000528388541625e-08, 8.112493363743312e-07, 0.5360033706800778, -5.356589127814004e-08, -8.42445381010748e-07, 0.5359892682417922, 0.14236736740352285, -0.02235160989055629, 0.24177588340577927, 9.252290311678735e-07, 7.718357970531997e-07, 0.5724099059106607, 3.798308654268112e-06, -7.036610263355669e-06, 1.0634799864369597, -3.1506483324506007e-06, 1.1906236743186582e-06, 0.9957339765916231, -0.14133627269268345, -0.02313615541272185, 0.22547268560740008, 6.233121894183569e-07, 5.770507378599632e-07, 0.563858724941042, 4.547013725542115e-07, 8.12923270476773e-07, 1.0839247820779292, -3.8957011838647304e-07, -1.5923678589047086e-06, 0.9706511149491917, -0.0010308268813830068, 0.04548711764295632, 0.3909834008619555, -8.765327663695643e-08, -5.453981657410623e-07, 0.2955168474951222, 0.000156582839458963, -0.5493280711813213, 0.7418927365278023, -0.00015670458012095878, 0.5493230067697823, 0.3314722020930958, 0.0019002639932681475, 0.17587635800757084, -0.0021801562753285264, 0.3919269007316757, -0.07022305735571166, -0.4087940012764193, -2.5419450224717366e-06, 8.266190949512975e-07, 1.6516668198730713, -7.694009838132843e-07, 2.6442071785481858e-06, 1.689834250995773, -7.70618390433242e-07, 1.2466243788367137e-06, 0.4532626511499984, -0.3963819466915197, -0.07774821776528285, -0.4004008689038301, 2.6588160579876785e-06, -7.5868780555765625e-06, 1.6534325074776461, -5.453981657410623e-07, -4.022311472340334e-06, 1.6480073540089961, 4.3826638318478217e-07, 7.479746273020282e-06, 0.4907160002456976, 0.004454825913597471, 0.14796938570592033, 0.5151449684444174, 4.139182507856276e-08, 7.797489400829249e-07, 0.536003059023983, -8.765327663695643e-08, -8.789675796094798e-07, 0.5359889176286856, 0.14236707522593406, -0.022351400496617657, 0.2417753185291076, 7.292265653546792e-07, 7.453572030691191e-07, 0.5724100227816962, 4.012572219380672e-06, -6.759041554005307e-06, 1.063479908522936, -2.9802114056565188e-06, 1.684890762021496e-06, 0.9957344440757652, -0.14133651617400744, -0.023135941149156736, 0.22547215968774026, 4.48005636144444e-07, -1.2295806861573055e-07, 0.563858491198971, 8.473150074905789e-07, 1.6313248707433559e-06, 1.0839248599919529, -2.532205769512075e-07, -1.8748061947349015e-06, 0.9706522057455231, -0.0010310411449481194, 0.045487268601377195, 0.39098297233482526, 3.8957011838647304e-08, -5.746159246200477e-07, 0.29551639948948605, 0.00015658527427220292, -0.5493282659663805, 0.741892814441826, -0.00015676301563871675, 0.5493223055435692, 0.331472396878155, 0.0019323805494850799, 0.17532579803776116, -0.0020426069796692925, 0.391926822817652, -0.07022315961786774, -0.40879326109319436, -2.459161372314611e-06, 8.96011272288888e-07, 1.651667131529166, -6.914869601359896e-07, 2.4981183841532584e-06, 1.689834250995773, -7.219221256349329e-07, 1.3147991495543465e-06, 0.4532625342789629, -0.3963818298204842, -0.07774826646154764, -0.40040020663462883, 2.4518569325948647e-06, -7.62583506741521e-06, 1.6534328191337408, -7.791402367729461e-07, -3.905440436824392e-06, 1.6480075098370435, 4.3826638318478217e-07, 7.5284425378185915e-06, 0.4907160781597213, 0.004454829870168986, 0.14796917144235522, 0.5151455138425831, 5.356589127814004e-08, 7.998361493122275e-07, 0.5360033317230659, -4.869626479830913e-08, -7.986187426922697e-07, 0.5359890344997211, 0.1423673576642699, -0.022351419975123576, 0.24177613662635622, 7.012262130956515e-07, 1.8918498874143097e-06, 0.5724098669536488, 2.843861864221253e-06, -6.330514423780187e-06, 1.063480142265007, -3.136039453011108e-06, 1.6361944972231868e-06, 0.995733509107481, -0.14133629217118937, -0.023135868104759538, 0.22547274404291784, 1.3634954143526556e-07, -9.447075370871971e-07, 0.5638581016288526, 7.596617308536224e-07, 1.22714587291739e-06, 1.0839248599919529, -1.3634954143526556e-07, -1.7725440386584523e-06, 0.9706515824333337, -0.0010308122725035673, 0.04548682059574105, 0.3909841020881686, -2.9217758878985478e-08, -1.5582804735458922e-07, 0.29551702280167547, 0.00015669879743951398, -0.5493281880523568, 0.7418923469576839, -0.0001566522316363006, 0.5493232015548415, 0.33147153982389455, 0.0020001636196227413, 0.1748589177293809, -0.001809228608865121, 0.3919269396886875, -0.0702231693571207, -0.4087938844053838, -2.50785763711292e-06, 8.034883691721006e-07, 1.6516668198730713, -6.038336834990332e-07, 2.6442071785481858e-06, 1.6898340951677255, -7.681835771933265e-07, 1.1979281140384046e-06, 0.45326257323597474, -0.39638186877749604, -0.07774821289565637, -0.4004005572477354, 2.513944670212709e-06, -7.611226187975717e-06, 1.6534326633056935, -5.453981657410623e-07, -3.876222677945407e-06, 1.6480075098370435, 5.259196598217386e-07, 7.333657478625355e-06, 0.4907160002456976, 0.004454826826652436, 0.14796922987787298, 0.51514481261637, 2.678294563907002e-08, 7.280091587347215e-07, 0.5360036044221488, -3.8957011838647304e-08, -7.158350925351442e-07, 0.5359898915539816, 0.14236720183622253, -0.022351234929317343, 0.24177489000197738, 9.836645489258444e-07, 1.4901057028282594e-06, 0.5724100227816962, 3.3892600299623155e-06, -7.284961213827046e-06, 1.063479674780865, -3.194474970769079e-06, 1.460887943949274e-06, 0.9957334311934574, -0.141336379824466, -0.023135756103350502, 0.22547134159049165, 2.921775887898548e-07, -4.017441845860503e-07, 0.5638581795428763, -1.1687103551594191e-07, 1.1492318492400955e-06, 1.0839244704218345, -7.401832249342988e-07, -1.1102748374014482e-06, 0.9706521278314995, -0.0010309583612979623, 0.04548733677614791, 0.39098234902263584, -1.0713178255628009e-07, -2.921775887898548e-07, 0.2955166332315571, 0.00015658770908544284, -0.5493279932672976, 0.7418921911296366, -0.00015671431937391844, 0.5493225003286284, 0.3314720073080366, 0.002123155014744693, 0.1745787973357551, -0.0015087455677622597, 0.3919269007316757, -0.07022306222533814, -0.4087933000502062, -2.5419450224717366e-06, 3.8957011838647304e-07, 1.6516669757011186, -6.622692012570042e-07, 2.5650757482509334e-06, 1.6898340951677255, -7.060958395754824e-07, 1.3829739202719793e-06, 0.45326257323597474, -0.39638186877749604, -0.07774826646154764, -0.4004005572477354, 2.450639525974907e-06, -7.535746977538338e-06, 1.6534323516495988, -6.427906953376805e-07, -3.691176871711832e-06, 1.6480071981809488, 5.356589127814004e-07, 7.435919634701804e-06, 0.4907160781597213, 0.004454865783664275, 0.14796938570592033, 0.5151454748855713, 6.330514423780187e-08, 7.718357970531997e-07, 0.5360026304968528, -2.9217758878985478e-08, -6.233121894183569e-07, 0.5359886449296027, 0.1423671141829459, -0.02235161476018277, 0.24177670150302788, 4.577448891041058e-07, 5.892248040595405e-07, 0.5724099448676725, 3.350303018123668e-06, -7.090176154633809e-06, 1.0634805318351255, -3.0386469234144897e-06, 1.3634954143526556e-06, 0.9957338986775994, -0.1413364772169956, -0.023135634362688506, 0.2254722960372817, -1.3634954143526556e-07, -7.207047190149751e-07, 0.5638582964139118, 5.259196598217386e-07, 1.792022544577776e-06, 1.083925093734024, -2.7269908287053113e-07, -1.947850591932365e-06, 0.9706513486912627, -0.0010310557538275589, 0.04548720042660648, 0.3909832060768963, -5.8435517757970956e-08, -4.869626479830913e-07, 0.2955177435063945, 0.00015653901282064453, -0.5493275647401674, 0.7418921132156129, -0.00015678249414463608, 0.5493226951136876, 0.33147204626504845, 0.0022946271936932217, 0.17447635987312538, -0.001237962378559887, 0.39192697864569936, -0.07022319857487958, -0.40879326109319436, -2.495683570913343e-06, 6.72008454216666e-07, 1.6516672873572134, -5.06441153902415e-07, 2.5151620768326666e-06, 1.6898339393396782, -6.549647615372578e-07, 1.1687103551594191e-06, 0.4532625342789629, -0.39638186877749604, -0.0777483248970654, -0.4004003624626762, 2.4853356146437022e-06, -7.5868780555765625e-06, 1.6534321958215514, -4.869626479830913e-07, -4.129443254896614e-06, 1.6480076656650908, 4.6748414206376765e-07, 7.49192033921986e-06, 0.4907160781597213, 0.004454862131444415, 0.1479693175311496, 0.5151457475846541, 7.791402367729461e-08, 9.54446790046859e-07, 0.5360027473678883, -4.869626479830913e-08, -7.888794897326079e-07, 0.5359891903277685, 0.14236719209696957, -0.0223518971985186, 0.2417770326376285, 8.862720193292262e-07, 9.836645489258444e-07, 0.5724098669536488, 3.46717405363961e-06, -6.9733051191178674e-06, 1.063479674780865, -3.0386469234144897e-06, 1.5582804735458922e-06, 0.9957340545056468, -0.141336379824466, -0.023135887583265458, 0.2254721986447521, 2.921775887898548e-07, -7.109654660553133e-07, 0.5638584132849473, 7.012262130956515e-07, 1.1297533433207718e-06, 1.0839245483358582, -3.1165609470917843e-07, -1.5193234617072449e-06, 0.9706516603473574, -0.0010309778398038816, 0.04548677189947625, 0.39098449165828697, -5.8511605671718314e-08, -2.3374207103188382e-07, 0.29551710071569914, 0.00015660718759136216, -0.5493286555364989, 0.7418922690436602, -0.00015668510161503946, 0.5493226561566757, 0.3314715008668827, 0.0022899627002288536, 0.17445429072591878, -0.0010483566236554331, 0.3919269007316757, -0.07022298431131446, -0.4087937285773364, -2.554119088671314e-06, 1.2076673669980664e-06, 1.651667131529166, -6.914869601359896e-07, 2.558988715151145e-06, 1.6898339393396782, -9.507945701869858e-07, 1.2563636317963756e-06, 0.4532627290640221, -0.39638186877749604, -0.07774813011200621, -0.40040075203279457, 2.461291833899537e-06, -7.645313573334533e-06, 1.6534325074776461, -5.259196598217386e-07, -3.963875954582363e-06, 1.6480073540089961, 5.356589127814004e-07, 7.328787852145524e-06, 0.49071615607374497, 0.004454825609245816, 0.1479693175311496, 0.5151445399172871, 5.356589127814004e-08, 8.740979531296489e-07, 0.5360025525828291, -1.2661028847560374e-07, -5.746159246200477e-07, 0.5359880605744252, 0.14236727001099325, -0.022351760848977165, 0.24177586392727335, 5.453981657410623e-07, 1.124883716840941e-06, 0.5724099448676725, 3.700916124671494e-06, -6.311035917860863e-06, 1.0634790514686756, -3.1555179589304316e-06, 1.4414094380299503e-06, 0.9957336649355284, -0.1413363603459601, -0.023136257674877925, 0.22547192594566923, 9.739252959661826e-09, -6.695736409767505e-07, 0.563858023714829, -7.791402367729461e-08, 1.4803664498685976e-06, 1.0839244704218345, -3.8957011838647304e-07, -1.4803664498685976e-06, 0.9706515824333337, -0.001030938882792043, 0.045486732942464414, 0.3909834008619555, -1.0713178255628009e-07, -3.8957011838647304e-07, 0.29551700332316955, 0.00015673379787983777, -0.5493276036971793, 0.7418926586137786, -0.00015662666609728149, 0.5493228119847231, 0.33147235792114316, 0.0020885646882760067, 0.17450010417184103, -0.0009474494411469969, 0.3919269007316757, -0.07022320831413253, -0.4087941960614785, -2.4981183841532584e-06, 5.989640570192023e-07, 1.6516668198730713, -6.427906953376805e-07, 2.4835095047137656e-06, 1.6898336276835835, -7.426180381742142e-07, 1.1589711021997573e-06, 0.4532627290640221, -0.39638186877749604, -0.07774835411482428, -0.40040145325900767, 2.5200317033124975e-06, -7.43835444794172e-06, 1.6534325074776461, -4.6748414206376765e-07, -3.817787160187436e-06, 1.6480073540089961, 5.356589127814004e-07, 7.351309874614742e-06, 0.4907162729447805, 0.004454823783135886, 0.14796912274609042, 0.5151442282611924, 3.652219859873185e-08, 7.742706102931152e-07, 0.5360030200669712, -9.739252959661826e-09, -7.109654660553133e-07, 0.5359892292847803, 0.14236725053248733, -0.022351790066736044, 0.24177623401888582, 8.37575754530917e-07, 1.2466243788367137e-06, 0.5724097500826133, 3.4282170418009628e-06, -6.8564340836019255e-06, 1.0634806097491492, -3.0386469234144897e-06, 1.6361944972231868e-06, 0.9957335870215047, -0.1413363603459601, -0.023136247935624965, 0.22547276352142376, 3.408738535881639e-07, -5.8435517757970956e-08, 0.5638583353709237, 1.402452426191303e-06, 1.7141085209004814e-06, 1.0839254833041423, -1.1687103551594191e-07, -1.5582804735458922e-06, 0.9706518940894284, -0.001030880447274285, 0.045486713463958495, 0.3909842189592041, -1.2021890372082567e-07, -3.8957011838647304e-07, 0.295517373414782, 0.00015663640535024115, -0.5493279932672976, 0.7418925027857313, -0.00015668510161503946, 0.5493230067697823, 0.33147185147998925, 0.0018163626116580733, 0.17458169963313708, -0.0009073594041847377, 0.3919269007316757, -0.07022313526973534, -0.40879396231940746, -2.4835095047137656e-06, 6.817477071763278e-07, 1.6516669757011186, -5.161804068620768e-07, 2.42750880019571e-06, 1.6898339393396782, -8.339235346710439e-07, 1.3927131732316411e-06, 0.45326257323597474, -0.3963818298204842, -0.07774831515781244, -0.40040145325900767, 2.571162781350722e-06, -7.49192033921986e-06, 1.6534321958215514, -3.700916124671494e-07, -3.993093713461349e-06, 1.6480071981809488, 6.13572936458695e-07, 7.52646425206116e-06, 0.4907163119017923, 0.004454826826652436, 0.14796911300683746, 0.5151441503471688, 2.4348132399154565e-08, 8.302713148111707e-07, 0.5360025136258173, -9.739252959661826e-08, -7.596617308536224e-07, 0.5359891124137448, 0.142367328446511, -0.022351381018111738, 0.2417759223627911, 7.888794897326079e-07, 9.836645489258444e-07, 0.572409827996637, 3.7788301483487885e-06, -6.8564340836019255e-06, 1.0634785839845335, -3.0386469234144897e-06, 1.7141085209004814e-06, 0.9957338207635757, -0.14133627269268345, -0.023135673319700345, 0.22547192594566923, -2.9217758878985478e-08, -4.21222690505374e-07, 0.5638581405858645, 8.96011272288888e-07, 1.402452426191303e-06, 1.0839247041639055, -3.311346006285021e-07, -1.6361944972231868e-06, 0.9706520499174758, -0.0010308025332506077, 0.04548741469017159, 0.39098316711988446, -1.0956659579619554e-07, -3.5061310654782574e-07, 0.2955164774035097, 0.00015668510161503946, -0.5493279543102858, 0.7418918794735418, -0.00015662666609728149, 0.5493224613716166, 0.33147173460895374, 0.0015544926650237212, 0.17457792080298873, -0.0009559485372004906, 0.3919269396886875, -0.07022326188002381, -0.4087937285773364, -2.4786398782339347e-06, 1.0323608137241536e-06, 1.651667131529166, -4.48005636144444e-07, 2.3517252381033416e-06, 1.6898337835116308, -8.290539081912129e-07, 1.3147991495543465e-06, 0.45326257323597474, -0.3963819466915197, -0.07774829080968004, -0.4004003624626762, 2.558988715151145e-06, -7.523572911338761e-06, 1.6534321958215514, -5.453981657410623e-07, -3.808047907227774e-06, 1.6480073540089961, 3.311346006285021e-07, 7.56679084634726e-06, 0.4907160781597213, 0.004454837783312016, 0.14796913248534338, 0.5151447347023463, 9.739252959661826e-09, 7.949665228323965e-07, 0.5360027084108765, 3.8957011838647304e-08, -7.499224778939606e-07, 0.5359888007576501, 0.1423671628792107, -0.022351449192882455, 0.24177598079830886, 4.967019009427531e-07, 1.1297533433207718e-06, 0.5724099838246843, 3.1165609470917843e-06, -6.895391095440573e-06, 1.0634802980930544, -3.077603935253137e-06, 1.7530655327391287e-06, 0.9957338986775994, -0.1413364285207308, -0.023135702537459224, 0.22547157533256268, 1.9478505919323652e-08, 2.191331915923911e-08, 0.5638583743279355, 1.9478505919323652e-07, 1.4414094380299503e-06, 1.0839246262498818, -3.019168417495166e-07, -1.947850591932365e-06, 0.9706516603473574, -0.001030938882792043, 0.045487589996724864, 0.39098215423757665, -9.739252959661826e-09, -3.700916124671494e-07, 0.29551671114558076, 0.00015662666609728149, -0.549327915353274, 0.7418927365278023, -0.00015674353713279743, 0.5493227340706994, 0.33147146190987087, 0.0012356729693231427, 0.17450518806188597, -0.0010799928368728784, 0.39192697864569936, -0.07022305735571166, -0.4087931831791707, -2.4445524928751183e-06, 3.140909079490939e-07, 1.651667131529166, -5.551374187007241e-07, 2.5188142966925398e-06, 1.6898337835116308, -6.367036622378919e-07, 1.2563636317963756e-06, 0.45326257323597474, -0.39638186877749604, -0.07774825672229468, -0.40040051829072354, 2.5029880106330893e-06, -7.557660296697577e-06, 1.6534325074776461, -5.06441153902415e-07, -3.866483424985745e-06, 1.6480073540089961, 5.648766716603859e-07, 7.557660296697577e-06, 0.4907163119017923, 0.004454845087751735, 0.14796932727040257, 0.5151455138425831, 7.791402367729461e-08, 8.850546127092684e-07, 0.5360031369380067, -9.739252959661826e-09, -8.473150074905789e-07, 0.5359896188548987, 0.1423673576642699, -0.022351527106906133, 0.24177527957209577, 7.986187426922697e-07, 7.791402367729461e-07, 0.572409827996637, 3.584045089155552e-06, -6.8564340836019255e-06, 1.063479674780865, -3.194474970769079e-06, 1.5972374853845395e-06, 0.9957335870215047, -0.1413363311282012, -0.023136004454300974, 0.22547147794003308, 2.532205769512075e-07, 8.278365015712552e-07, 0.563858491198971, 4.869626479830913e-07, 1.4803664498685976e-06, 1.0839244704218345, -4.2852713022512035e-07, -1.5582804735458922e-06, 0.9706518940894284, -0.0010308609687683656, 0.045487034859306164, 0.39098277754976607, -7.791402367729461e-08, -4.6748414206376765e-07, 0.2955169838446636, 0.00015661692684432182, -0.5493278374392503, 0.7418921132156129, -0.00015672892825335794, 0.5493225392856402, 0.3314718125229774, 0.0008431911186533858, 0.1745056165890162, -0.0012297702211504502, 0.3919269396886875, -0.0702230719645911, -0.4087938844053838, -2.5029880106330893e-06, 7.30443971974637e-07, 1.6516669757011186, -7.499224778939606e-07, 2.369073282437739e-06, 1.6898344068238202, -6.963565866158206e-07, 1.236885125877052e-06, 0.4532626511499984, -0.3963819077345079, -0.07774816419939157, -0.40040102473187744, 2.5955109137498766e-06, -7.547921043737915e-06, 1.6534328191337408, -5.259196598217386e-07, -3.856744172026083e-06, 1.6480071981809488, 5.06441153902415e-07, 7.401527897687998e-06, 0.49071623398776865, 0.004454825913597471, 0.14796930779189665, 0.5151446178313108, 2.678294563907002e-08, 7.590530275436436e-07, 0.5360032538090422, -2.0452431215289835e-07, -7.937491162124388e-07, 0.5359899694680053, 0.1423672602717403, -0.022351682934953487, 0.24177574705623783, 9.349682841275353e-07, 6.573995747771733e-07, 0.5724097890396251, 3.4282170418009628e-06, -6.739563048085984e-06, 1.0634795189528177, -3.0386469234144897e-06, 1.908893580093718e-06, 0.9957335870215047, -0.1413363311282012, -0.023135965497289135, 0.22547126367646797, -3.8957011838647304e-08, -1.2514940053165446e-06, 0.5638581795428763, 4.6748414206376765e-07, 1.6167159913038631e-06, 1.0839247820779292, -2.24002818072222e-07, -1.3245384025140083e-06, 0.9706522836595468, -0.0010309194042861236, 0.045486674506946656, 0.3909836346040265, -7.791402367729461e-08, -4.577448891041058e-07, 0.29551649688201564, 0.00015656823057952352, -0.5493277595252266, 0.7418925027857313, -0.0001567240586268781, 0.5493226951136876, 0.3314720073080366, 0.0003350570847580059, 0.17459044548229485, -0.001321938782852916, 0.3919269007316757, -0.07022303300757926, -0.4087934169212417, -2.5285535496522016e-06, 1.0396652534439e-06, 1.651667131529166, -7.012262130956515e-07, 2.5906412872700457e-06, 1.689834250995773, -6.208773761784414e-07, 1.236885125877052e-06, 0.4532627290640221, -0.3963818298204842, -0.07774835411482428, -0.4004011026459011, 2.5054228238730047e-06, -7.547921043737915e-06, 1.6534321958215514, -5.259196598217386e-07, -3.8372656661067595e-06, 1.6480073540089961, 4.967019009427531e-07, 7.439115327079193e-06, 0.4907159612886858, 0.004454832000630571, 0.14796922013862002, 0.5151448515733819, 3.8957011838647304e-08, 7.176612024650808e-07, 0.5360041498203145, -1.9478505919323652e-08, -5.697462981402168e-07, 0.535988333273508, 0.14236713366145182, -0.022351838763000842, 0.2417760197553207, 4.869626479830913e-07, 6.379210688578496e-07, 0.5724098669536488, 3.817787160187436e-06, -7.012262130956515e-06, 1.0634795968668413, -3.0386469234144897e-06, 1.7530655327391287e-06, 0.9957340545056468, -0.14133638956371897, -0.023136031237246613, 0.22547221812325802, -1.5582804735458922e-07, 3.36004227108333e-07, 0.5638581795428763, -1.7530655327391287e-07, 9.349682841275353e-07, 1.0839247820779292, -5.020280549050682e-07, -1.5777589794652158e-06, 0.9706518940894284, -0.0010310167968157202, 0.04548684981349993, 0.39098347877597917, 1.5582804735458922e-07, -1.5582804735458922e-07, 0.2955167501025926, 0.00015693832219199066, -0.5493275257831556, 0.7418916457314708, -0.00015652927356768487, 0.5493228898987468, 0.3314715787809064, -2.7559142224679867e-05, 0.1747039856932986, -0.0012188265726040814, 0.39192686177466385, -0.07022318883562662, -0.40879376753434826, -2.4652484054143997e-06, 1.0341869236540902e-06, 1.6516672873572134, -7.791402367729461e-07, 2.512727263592751e-06, 1.689834250995773, -6.72008454216666e-07, 1.2466243788367137e-06, 0.4532627290640221, -0.39638186877749604, -0.07774842715922148, -0.4004011805599248, 2.522466516552413e-06, -7.538181790778253e-06, 1.653432039993504, -5.453981657410623e-07, -4.041789978259658e-06, 1.6480075098370435, 4.48005636144444e-07, 7.574703989376985e-06, 0.49071623398776865, 0.004454826826652436, 0.1479691032675845, 0.51514481261637, 4.260923169852049e-08, 7.802054675654091e-07, 0.5360024746688055, -4.869626479830913e-09, -6.768780806964969e-07, 0.535988333273508, 0.14236714340070478, -0.022351731631218286, 0.24177638984693317, 8.619238869300716e-07, 0.0, 0.5724100227816962, 3.5450880773169047e-06, -6.93434810727922e-06, 1.0634798306089124, -3.1165609470917843e-06, 1.5777589794652158e-06, 0.9957336649355284, -0.14133645773848968, -0.023135965497289135, 0.22547215968774026, 1.9478505919323652e-08, -2.800035225902775e-07, 0.5638583743279355, 7.207047190149751e-07, 1.7238477738601432e-06, 1.0839244704218345, -3.019168417495166e-07, -1.7530655327391287e-06, 0.9706519720034521, -0.0010310557538275589, 0.045486684246199616, 0.3909838293890857, 1.9478505919323652e-08, -5.453981657410623e-07, 0.295516165747415, 0.00015674353713279743, -0.5493285386654634, 0.7418925806997549, -0.00015660718759136216, 0.5493224224146047, 0.3314721241790721, -0.00023052572078591238, 0.17483047911073868, -0.0010837986021426937, 0.3919269396886875, -0.0702230232683263, -0.40879376753434826, -2.5516842754313984e-06, 4.909192194979539e-07, 1.6516669757011186, -7.012262130956515e-07, 2.512727263592751e-06, 1.6898339393396782, -6.038336834990332e-07, 1.2758421377156992e-06, 0.45326276802103393, -0.3963819077345079, -0.07774819828677693, -0.4004012584739485, 2.527336143032244e-06, -7.557660296697577e-06, 1.6534329749617882, -4.2852713022512035e-07, -3.8372656661067595e-06, 1.6480075098370435, 5.259196598217386e-07, 7.433484821461889e-06, 0.4907160781597213, 0.004454824391839196, 0.1479693175311496, 0.5151446567883227, 3.408738535881639e-08, 7.1610140023326e-07, 0.536004032949279, -8.765327663695643e-08, -6.500951350574269e-07, 0.5359891124137448, 0.1423671141829459, -0.02235190206814508, 0.24177687680958115, 1.0226215607644917e-06, 1.1090574307814904e-06, 0.5724099448676725, 3.2334319826077262e-06, -6.7979985658439546e-06, 1.0634805318351255, -3.194474970769079e-06, 1.4803664498685976e-06, 0.9957342882477178, -0.14133644799923673, -0.02313610671645705, 0.22547268560740008, 4.869626479830913e-07, 3.8683095349156815e-07, 0.563858491198971, 2.0452431215289835e-07, 1.339147281953501e-06, 1.0839243925078108, -2.678294563907002e-07, -1.5193234617072449e-06, 0.9706518940894284, -0.0010310362753216396, 0.045486961814908966, 0.3909840241741449, 1.460887943949274e-07, -2.678294563907002e-07, 0.2955170812371932, 0.0001564416202910479, -0.549328149095345, 0.7418929702698733, -0.00015686040816831337, 0.5493228509417349, 0.33147243583516683, -0.00028142815464332616, 0.17502109576966518, -0.0009464061236736931, 0.39192686177466385, -0.07022304274683222, -0.40879427397550216, -2.468900625274273e-06, 1.9721987243315198e-07, 1.6516668198730713, -7.012262130956515e-07, 2.5370753959919057e-06, 1.6898337835116308, -6.038336834990332e-07, 1.2563636317963756e-06, 0.4532627290640221, -0.3963818298204842, -0.07774815446013861, -0.40040133638797215, 2.4445524928751183e-06, -7.401832249342988e-06, 1.653432039993504, -4.6748414206376765e-07, -3.973615207542025e-06, 1.6480071981809488, 4.2852713022512035e-07, 7.460267767100959e-06, 0.49071603920270945, 0.004454824087487541, 0.14796933700965553, 0.5151441503471688, 4.260923169852049e-08, 7.678602035599003e-07, 0.5360028642389238, -7.30443971974637e-08, -9.130549649682962e-07, 0.5359895798978869, 0.1423673576642699, -0.02235132745222046, 0.24177508478703658, 1.1005355844417863e-06, 1.3147991495543465e-06, 0.5724099448676725, 3.019168417495166e-06, -6.651909771449027e-06, 1.0634802201790308, -3.136039453011108e-06, 1.908893580093718e-06, 0.9957335870215047, -0.1413363311282012, -0.023136011758740693, 0.22547208177371658, 1.9478505919323652e-07, -4.2000528388541625e-07, 0.5638584522419592, 3.5061310654782574e-07, 1.563150100025723e-06, 1.0839248599919529, -1.9478505919323652e-07, -1.7530655327391287e-06, 0.9706516603473574, -0.0010308901865272446, 0.04548687416163233, 0.39098355669000284, 4.382663831847822e-08, -2.7467736862796244e-07, 0.2955165553175334, 0.0001565919700086127, -0.5493277595252266, 0.7418927365278023, -0.00015662255734993913, 0.5493229288557586, 0.33147204626504845, -0.00026968946348621126, 0.17526128522615636, -0.0008309227795286755, 0.3919269396886875, -0.0702230963127235, -0.40879396231940746, -2.4835095047137656e-06, 5.940944305393714e-07, 1.651666664045024, -6.72008454216666e-07, 2.473770251754104e-06, 1.6898340951677255, -6.768780806964969e-07, 1.2758421377156992e-06, 0.4532626511499984, -0.3963818298204842, -0.07774839307183612, -0.4004012974309603, 2.5322057695120748e-06, -7.51870328485893e-06, 1.6534325074776461, -5.259196598217386e-07, -4.139182507856276e-06, 1.6480075098370435, 4.772233950234295e-07, 7.504094405419437e-06, 0.49071611711673313, 0.004454836261553741, 0.1479692980526437, 0.51514481261637, 5.782681444799209e-08, 8.675163485905024e-07, 0.5360027863249002, -3.408738535881639e-08, -9.364900424024825e-07, 0.5359888007576501, 0.14236725053248733, -0.022351763283790405, 0.24177646776095685, 8.083579956519316e-07, 2.8730796231002387e-07, 0.5724099448676725, 3.525609571397581e-06, -6.93434810727922e-06, 1.0634798306089124, -3.25291048852705e-06, 1.460887943949274e-06, 0.9957328857952916, -0.1413363603459601, -0.023135938714343496, 0.22547192594566923, 9.739252959661826e-08, -4.869626479830913e-08, 0.5638583353709237, 4.041789978259658e-07, 1.2490591920766292e-06, 1.0839247041639055, -2.8243833583019295e-07, -1.2381025324970096e-06, 0.9706522057455231, -0.0010309194042861236, 0.04548683033499401, 0.39098394626012123, 5.6609407828034364e-08, -4.2852713022512035e-07, 0.2955167306240867, 0.00015660718759136216, -0.5493273699551082, 0.7418919573875655, -0.00015706006285398644, 0.5493230067697823, 0.3314718125229774, -0.00024697379727650626, 0.1755420678889834, -0.0007538421467706558, 0.3919269007316757, -0.07022301352907334, -0.40879384544837194, -2.4883791311935965e-06, 5.186152201019922e-07, 1.6516668198730713, -5.259196598217386e-07, 2.464030998794442e-06, 1.6898339393396782, -5.892248040595405e-07, 1.12001409036111e-06, 0.45326276802103393, -0.39638186877749604, -0.0777482518526682, -0.4004014922160195, 2.4835095047137656e-06, -7.530877351058507e-06, 1.6534325074776461, -4.869626479830913e-07, -3.915179689784054e-06, 1.6480075098370435, 5.453981657410623e-07, 7.5868780555765625e-06, 0.49071592233167394, 0.004454821957025956, 0.14796925909563186, 0.515144345132228, 6.208773761784414e-08, 7.012262130956515e-07, 0.5360037212931843, -4.823973731582498e-08, -7.116241020586889e-07, 0.5359893851128277, 0.14236725053248733, -0.02235190206814508, 0.24177617558336806, 9.057505252485498e-07, -3.8957011838647304e-08, 0.5724099059106607, 3.642480606913523e-06, -7.031740636875838e-06, 1.0634798306089124, -3.291867500365697e-06, 1.1687103551594191e-06, 0.9957331974513863, -0.14133634086745417, -0.02313615297790861, 0.2254720038596929, 1.9478505919323652e-08, -4.869626479830913e-09, 0.5638583353709237, 9.136636682782751e-07, 1.5534108470660613e-06, 1.0839252495620713, -2.751338961104466e-07, -9.669252079014257e-07, 0.9706515824333337, -0.0010309242739126034, 0.04548676702984977, 0.3909834008619555, 4.382663831847822e-08, -1.1017529910617441e-07, 0.2955176655923708, 0.0001565487520736042, -0.5493275647401674, 0.7418921132156129, -0.00015683119040943438, 0.5493229678127705, 0.3314720073080366, -0.0003679158785735437, 0.175824408832284, -0.0006862707532090395, 0.391926822817652, -0.07022310118234998, -0.40879396231940746, -2.522466516552413e-06, 7.57226917613707e-07, 1.651667131529166, -5.161804068620768e-07, 2.3471599632785e-06, 1.6898337835116308, -6.087033099788641e-07, 1.1687103551594191e-06, 0.4532628069780458, -0.39638179086347236, -0.07774819828677693, -0.4004010636888893, 2.395856228076809e-06, -7.547921043737915e-06, 1.6534326633056935, -5.06441153902415e-07, -3.924918942743716e-06, 1.6480076656650908, 5.648766716603859e-07, 7.577138802616901e-06, 0.49071623398776865, 0.004454800652410107, 0.1479693175311496, 0.5151446178313108, 4.6261451558393674e-08, 8.247929850213609e-07, 0.5360034485941014, -3.8957011838647304e-08, -5.902900348520035e-07, 0.5359880216174133, 0.14236725053248733, -0.02235129823446158, 0.2417759223627911, 1.3342776554736702e-06, 9.252290311678735e-07, 0.5724099838246843, 3.798308654268112e-06, -6.392602161398031e-06, 1.0634798306089124, -3.0094291645355042e-06, 1.7847181048580296e-06, 0.9957337428495521, -0.141336379824466, -0.023135885148452218, 0.22547258821487048, 1.7530655327391287e-07, 2.1426356511256017e-07, 0.5638584522419592, 1.2514940053165446e-06, 1.8017617975374378e-06, 1.0839249379059765, -2.921775887898548e-07, -1.7847181048580296e-06, 0.9706518161754047, -0.0010309407089019729, 0.045486981293414885, 0.3909841020881686, 5.6609407828034364e-08, -2.3800299420173587e-07, 0.2955159709623558, 0.00015615918195521772, -0.5493289282355818, 0.7418923469576839, -0.00015699675770974864, 0.5493225392856402, 0.3314712671248117, -0.0005652675352733061, 0.1760994842928767, -0.0006385507724320227, 0.39192686177466385, -0.07022314987861478, -0.40879415710446665, -2.580902034310384e-06, 7.353135984544679e-07, 1.651666664045024, -6.622692012570042e-07, 2.3374207103188382e-06, 1.6898339393396782, -6.160077496986105e-07, 1.3634954143526556e-06, 0.4532626121929866, -0.39638179086347236, -0.07774834437557132, -0.40040133638797215, 2.6101197931893694e-06, -7.4833984928801556e-06, 1.6534325074776461, -3.8957011838647304e-07, -4.071007737138643e-06, 1.6480073540089961, 4.967019009427531e-07, 7.508964031899268e-06, 0.49071611711673313, 0.004454832304982226, 0.14796919092086114, 0.5151442672182043, 4.382663831847822e-08, 8.180972486115934e-07, 0.5360034875511133, -6.573995747771733e-08, -1.2825378741254667e-06, 0.5359895019838632, 0.14236725053248733, -0.022351695109019687, 0.2417756107066964, 9.836645489258444e-07, 6.427906953376805e-07, 0.5724099059106607, 3.350303018123668e-06, -6.5204298564935925e-06, 1.0634795968668413, -2.92055848127859e-06, 1.9007521733227506e-06, 0.9957338986775994, -0.14133638956371897, -0.02313607506388493, 0.22547167272509228, 3.2139534766884026e-07, 3.1165609470917843e-07, 0.5638582574569, 9.934038018855063e-07, 1.7092388944206505e-06, 1.0839252495620713, -2.8243833583019295e-07, -1.3472506447675947e-06, 0.9706516603473574, -0.0010309474046383826, 0.04548720042660648, 0.390982310065624, 1.1687103551594191e-07, -5.271370664416963e-07, 0.2955166721885689, 0.00015663640535024115, -0.5493278763962621, 0.7418926586137786, -0.0001566461446032008, 0.5493230457267941, 0.33147204626504845, -0.0007635445731800639, 0.17637985790707944, -0.0006314655800357394, 0.39192686177466385, -0.07022298431131446, -0.4087933000502062, -2.4932487576734275e-06, 9.54446790046859e-07, 1.6516668198730713, -7.694009838132843e-07, 2.4250739869557947e-06, 1.6898340951677255, -6.695736409767505e-07, 1.1881888610787428e-06, 0.45326276802103393, -0.3963819077345079, -0.0777482031564034, -0.40040075203279457, 2.3374207103188382e-06, -7.479746273020282e-06, 1.6534326633056935, -3.798308654268112e-07, -3.7885694013084503e-06, 1.6480075098370435, 3.8957011838647304e-07, 7.499224778939606e-06, 0.4907160002456976, 0.004454801261113417, 0.14796923961712594, 0.5151446567883227, 5.782681444799209e-08, 7.620965440935379e-07, 0.5360038381642198, -9.252290311678735e-08, -5.4661557236102e-07, 0.5359886449296027, 0.14236724079323437, -0.022351697543832927, 0.24177674046003972, 7.134002792952288e-07, 6.525299482973423e-07, 0.5724099448676725, 3.7642212689092958e-06, -7.039045076595585e-06, 1.0634797526948887, -2.863340370140577e-06, 1.8346317762762965e-06, 0.9957340545056468, -0.14133639930297193, -0.02313556131829131, 0.2254719064671633, 1.1687103551594191e-07, -9.252290311678735e-07, 0.5638583743279355, 1.3634954143526556e-06, 1.3683650408324866e-06, 1.0839249379059765, -2.24002818072222e-07, -1.263668071516122e-06, 0.9706518940894284, -0.0010309547090781024, 0.0454872199051124, 0.39098386834609755, 0.0, -5.551374187007241e-07, 0.2955178408989241, 0.00015690423480663185, -0.5493272141270609, 0.7418922690436602, -0.00015668510161503946, 0.549323084683806, 0.3314720852220603, -0.0010303728648016763, 0.17671122624977897, -0.0005924312628767248, 0.391926822817652, -0.0702230232683263, -0.40879365066331275, -2.512727263592751e-06, 7.30443971974637e-07, 1.6516668198730713, -6.525299482973423e-07, 2.405595481036471e-06, 1.6898339393396782, -5.088759671423304e-07, 1.1881888610787428e-06, 0.45326257323597474, -0.39638198564853155, -0.07774824211341524, -0.40040094681785376, 2.512727263592751e-06, -7.5868780555765625e-06, 1.6534325074776461, -5.06441153902415e-07, -3.691176871711832e-06, 1.6480073540089961, 5.259196598217386e-07, 7.4213107552623114e-06, 0.49071615607374497, 0.0044547854348273574, 0.1479693662274144, 0.5151449684444174, 3.347868204883753e-08, 7.328787852145524e-07, 0.5360027863249002, -1.5407802533839998e-08, -6.963565866158206e-07, 0.5359884501445435, 0.1423672115754755, -0.022351792501549284, 0.2417755133141668, 7.012262130956515e-07, 5.953118371593291e-07, 0.5724099448676725, 3.5280443846374965e-06, -6.42547214013689e-06, 1.0634800643509834, -2.843861864221253e-06, 1.563150100025723e-06, 0.9957338207635757, -0.1413364285207308, -0.02313610671645705, 0.22547173116061003, 5.380937260213159e-07, -9.739252959661826e-08, 0.5638584522419592, 2.921775887898548e-07, 1.5719762980204166e-06, 1.083925093734024, -3.390477436582273e-07, -2.0939393863272926e-06, 0.9706517382613811, -0.001030992448683321, 0.045487015380800244, 0.39098254380769504, -5.8435517757970956e-08, -4.2852713022512035e-07, 0.29551760715685305, 0.0001569918880832688, -0.5493286165794871, 0.7418922690436602, -0.00015656823057952352, 0.5493219549304627, 0.33147204626504845, -0.0014222762190632121, 0.17706402094898976, -0.0005219600447903261, 0.3919269007316757, -0.0702231206608559, -0.4087945077175732, -2.4932487576734275e-06, 8.619238869300716e-07, 1.6516669757011186, -7.207047190149751e-07, 2.5614235283910602e-06, 1.6898340951677255, -5.60007045180555e-07, 1.2563636317963756e-06, 0.45326288489206945, -0.3963819077345079, -0.07774816419939157, -0.40040164804406686, 2.5322057695120748e-06, -7.51870328485893e-06, 1.6534318841654567, -5.746159246200477e-07, -3.7885694013084503e-06, 1.6480073540089961, 3.9930937134613487e-07, 7.557660296697577e-06, 0.49071611711673313, 0.004454823174432576, 0.1479693467489085, 0.5151441113901569, 5.2348484658182315e-08, 6.866173336561587e-07, 0.5360032148520304, -9.617512297666053e-08, -8.619238869300716e-07, 0.5359884111875317, 0.14236725053248733, -0.022351541715785572, 0.2417762145403799, 8.180972486115934e-07, 6.026162768790755e-07, 0.5724100227816962, 3.301606753325359e-06, -6.822346698243109e-06, 1.063479674780865, -2.571162781350722e-06, 2.2108104218432345e-06, 0.9957348336458836, -0.14133639930297193, -0.0231358291477477, 0.22547243238682313, 3.2626497414867117e-07, 4.869626479830913e-07, 0.5638584522419592, 1.3050598965946847e-06, 1.4706271969089357e-06, 1.083925093734024, -3.36004227108333e-07, -1.792022544577776e-06, 0.9706518161754047, -0.0010309583612979623, 0.04548719555698, 0.3909837904320739, 1.9478505919323652e-08, -3.8957011838647304e-07, 0.2955175681998412, 0.00015615918195521772, -0.5493288113645463, 0.7418925806997549, -0.0001568798866742327, 0.5493225003286284, 0.33147115025377616, -0.001802160802557129, 0.177396908615151, -0.00037112857659965526, 0.3919269007316757, -0.07022332518516805, -0.4087941181474548, -2.3763777221574856e-06, 6.087033099788641e-07, 1.6516668198730713, -7.791402367729461e-07, 2.4445524928751183e-06, 1.6898339393396782, -5.113107803822459e-07, 1.3732346673123175e-06, 0.4532626511499984, -0.3963819077345079, -0.0777483979414626, -0.40040153117303134, 2.3763777221574856e-06, -7.577138802616901e-06, 1.6534326633056935, -3.9930937134613487e-07, -3.924918942743716e-06, 1.6480076656650908, 5.746159246200477e-07, 7.51870328485893e-06, 0.49071603920270945, 0.004454797608893557, 0.1479691519638493, 0.5151444230462516, 5.2348484658182315e-08, 8.42445381010748e-07, 0.5360023967547818, -4.413098997346765e-08, -6.525299482973423e-07, 0.5359885280585672, 0.14236722131472845, -0.022351751109724205, 0.24177584444876743, 7.791402367729461e-07, -3.36004227108333e-07, 0.5724100227816962, 3.0970824411724607e-06, -6.992783625037191e-06, 1.0634802201790308, -3.077603935253137e-06, 1.7141085209004814e-06, 0.9957334311934574, -0.14133638956371897, -0.023136014193553933, 0.22547134159049165, 3.311346006285021e-07, 2.3008985117201064e-07, 0.5638582574569, 8.96011272288888e-07, 1.792022544577776e-06, 1.0839251716480476, -2.1913319159239109e-07, -1.4803664498685976e-06, 0.9706515824333337, -0.0010310070575627606, 0.04548705433781208, 0.3909826217217187, 0.0, -3.5061310654782574e-07, 0.29551712019420506, 0.00015630527074961265, -0.5493280711813213, 0.7418928923558497, -0.00015691884368607134, 0.5493226561566757, 0.3314723189641313, -0.00213915341166504, 0.17771538218693195, -0.0001352000147453597, 0.39192686177466385, -0.07022323753189141, -0.40879353379227723, -2.4445524928751183e-06, 6.330514423780187e-07, 1.6516668198730713, -7.986187426922697e-07, 2.2789851925608673e-06, 1.6898340951677255, -6.45225508577596e-07, 1.3342776554736702e-06, 0.45326276802103393, -0.3963819077345079, -0.07774851481249812, -0.40040102473187744, 2.5322057695120748e-06, -7.577138802616901e-06, 1.6534325074776461, -4.6748414206376765e-07, -3.7885694013084503e-06, 1.6480075098370435, 5.210500333419077e-07, 7.596617308536224e-06, 0.4907160781597213, 0.004454820739619336, 0.14796919092086114, 0.5151451632294766, 3.652219859873185e-08, 8.619238869300716e-07, 0.5360027473678883, 5.1131078038224587e-08, -7.109654660553133e-07, 0.535989073456733, 0.1423672310539814, -0.022351712152712366, 0.2417759028842852, 7.791402367729461e-07, 5.843551775797096e-07, 0.5724101006957198, 3.311346006285021e-06, -6.7979985658439546e-06, 1.063479674780865, -2.960732899737195e-06, 1.5972374853845395e-06, 0.9957337428495521, -0.1413364090422249, -0.023136199239360167, 0.22547186751015147, 2.1913319159239109e-07, -5.648766716603859e-07, 0.5638582184998882, 5.843551775797096e-07, 1.285581390675361e-06, 1.0839247820779292, -2.921775887898548e-07, -1.0907963314821245e-06, 0.9706520499174758, -0.0010309778398038816, 0.04548694720602953, 0.39098316711988446, 2.3374207103188382e-07, -7.791402367729461e-08, 0.2955167501025926, 0.00015674840675927726, -0.5493279543102858, 0.7418921132156129, -0.00015701623621566796, 0.5493222665865574, 0.33147216313608396, -0.0024082935584579523, 0.1781037251594455, 0.00017082531754980534, 0.39192686177466385, -0.07022308170384406, -0.4087932221361825, -2.4299436134356256e-06, 5.06441153902415e-07, 1.651667131529166, -7.207047190149751e-07, 2.5516842754313984e-06, 1.6898340951677255, -7.207047190149751e-07, 1.12001409036111e-06, 0.45326296280609313, -0.3963819077345079, -0.07774828107042708, -0.400400401419688, 2.5516842754313984e-06, -7.596617308536224e-06, 1.6534329749617882, -3.9930937134613487e-07, -3.8372656661067595e-06, 1.6480073540089961, 5.551374187007241e-07, 7.479746273020282e-06, 0.49071611711673313, 0.0044547842174207375, 0.1479693175311496, 0.5151453190575239, 3.1652572118900935e-08, 8.619238869300716e-07, 0.5360022798837463, -1.0713178255628009e-07, -5.746159246200477e-07, 0.5359873593482121, 0.1423673089680051, -0.022351507628400213, 0.24177687680958115, 4.48005636144444e-07, 9.54446790046859e-07, 0.5724101396527317, 3.5061310654782574e-06, -6.739563048085984e-06, 1.0634802980930544, -2.8828188760599005e-06, 1.947850591932365e-06, 0.9957343661617415, -0.14133634086745417, -0.023135702537459224, 0.22547317257004806, 2.1426356511256017e-07, -1.460887943949274e-07, 0.5638581405858645, 6.038336834990332e-07, 2.064721627448307e-06, 1.0839246262498818, -3.019168417495166e-07, -1.675151509061834e-06, 0.9706513486912627, -0.001030909665033164, 0.04548764843224262, 0.39098355669000284, 5.8435517757970956e-08, -2.3374207103188382e-07, 0.2955173539362761, 0.00015663914451513605, -0.5493284607514397, 0.7418919573875655, -0.0001566376227568611, 0.5493226171996639, 0.33147134503883535, -0.002592335308581717, 0.1784910942066631, 0.0005014128460784639, 0.3919269007316757, -0.0702228771795319, -0.40879333900721804, -2.4762050649940193e-06, 5.612244518005127e-07, 1.651667599013308, -7.401832249342988e-07, 2.5322057695120748e-06, 1.6898344068238202, -7.474876646540451e-07, 1.01288230780483e-06, 0.45326276802103393, -0.39638198564853155, -0.0777482031564034, -0.40040133638797215, 2.395856228076809e-06, -7.596617308536224e-06, 1.6534323516495988, -6.233121894183569e-07, -3.993093713461349e-06, 1.6480071981809488, 3.749612389469803e-07, 7.596617308536224e-06, 0.49071611711673313, 0.004454793347970387, 0.14796935648816145, 0.5151447736593582, 1.7043692679408196e-08, 7.426180381742142e-07, 0.536002591539841, -7.30443971974637e-08, -9.641860430065208e-07, 0.5359898525969697, 0.14236710444369294, -0.0223512933648351, 0.24177555227117864, 8.521846339704098e-07, 9.958386151254217e-07, 0.5724099448676725, 3.7788301483487885e-06, -7.168090178311104e-06, 1.063479441038794, -3.0386469234144897e-06, 1.7141085209004814e-06, 0.9957340545056468, -0.14133650643475448, -0.023135473665014672, 0.2254710883699147, 4.090486243057967e-07, 4.139182507856276e-07, 0.5638584132849473, -1.9478505919323652e-08, 1.6167159913038631e-06, 1.0839246262498818, -4.796582082633449e-07, -1.675151509061834e-06, 0.9706519720034521, -0.0010310752323334782, 0.04548718094810056, 0.39098324503390813, 2.532205769512075e-07, -6.817477071763278e-07, 0.29551721758673466, 0.00015614944270225806, -0.5493275257831556, 0.741893048183897, -0.00015703571472158728, 0.549323318425877, 0.33147235792114316, -0.0026504074304636305, 0.17888800772178115, 0.0008077333899679795, 0.3919269396886875, -0.07022305248608518, -0.4087936117063009, -2.3623775460279717e-06, 7.63618302368485e-07, 1.6516672873572134, -6.038336834990332e-07, 2.4932487576734275e-06, 1.6898337835116308, -7.182699057750597e-07, 1.1297533433207718e-06, 0.4532628459350576, -0.39638186877749604, -0.07774816419939157, -0.4004008689038301, 2.629598299108693e-06, -7.752445355890814e-06, 1.6534328191337408, -7.012262130956515e-07, -3.934658195703378e-06, 1.6480071981809488, 5.259196598217386e-07, 7.4213107552623114e-06, 0.4907160781597213, 0.004454836565905396, 0.1479693954451733, 0.5151450074014292, 3.8957011838647304e-08, 7.803576433929038e-07, 0.5360032538090422, -9.739252959661826e-08, -8.96011272288888e-07, 0.5359893851128277, 0.14236717261846366, -0.022351468671388375, 0.24177605871233254, 3.019168417495166e-07, 1.2441895655967983e-06, 0.5724099838246843, 3.194474970769079e-06, -6.447385459296129e-06, 1.063480142265007, -3.1165609470917843e-06, 1.7141085209004814e-06, 0.9957336649355284, -0.14133645773848968, -0.023135980106168574, 0.2254718869886574, -3.8957011838647304e-08, 2.8243833583019295e-07, 0.5638580626718408, 1.12001409036111e-06, 1.4414094380299503e-06, 1.083925561218166, -2.24002818072222e-07, -1.1881888610787428e-06, 0.97065150451931, -0.0010310314056951597, 0.045486976423788406, 0.3909831281628726, 1.1687103551594191e-07, -3.6035235950748756e-07, 0.29551731497926426, 0.00015660718759136216, -0.5493281101383332, 0.7418925027857313, -0.00015653901282064453, 0.5493233573828888, 0.33147142295285903, -0.0026598490275047126, 0.17932101490836772, 0.001018069296972901, 0.3919269007316757, -0.0702230232683263, -0.4087937285773364, -2.500553197393174e-06, 9.22794217927958e-07, 1.6516668198730713, -5.259196598217386e-07, 2.5906412872700457e-06, 1.6898340951677255, -6.403558820977651e-07, 1.3342776554736702e-06, 0.45326269010701026, -0.3963819466915197, -0.0777482031564034, -0.4004010636888893, 2.4835095047137656e-06, -7.401832249342988e-06, 1.653431572509362, -5.551374187007241e-07, -3.993093713461349e-06, 1.6480078214931382, 5.405285392612313e-07, 7.4213107552623114e-06, 0.4907161950307568, 0.004454792739267077, 0.1479693662274144, 0.5151446567883227, 1.8261099299365924e-08, 7.432267414841931e-07, 0.5360025525828291, -9.739252959661826e-08, -1.0591437593632236e-06, 0.5359893851128277, 0.14236731870725805, -0.02235186798075972, 0.24177609766934438, 1.0323608137241536e-06, 1.7238477738601432e-06, 0.5724097890396251, 3.89570118386473e-06, -6.778520059924631e-06, 1.0634792852107466, -2.9996899115758424e-06, 1.5972374853845395e-06, 0.9957342882477178, -0.14133630191044233, -0.023136189500107207, 0.22547155585405676, 1.7530655327391287e-07, -2.1426356511256017e-07, 0.5638582574569, 2.6539464315078476e-07, 1.0567089461233081e-06, 1.0839249379059765, -1.5582804735458922e-07, -1.3634954143526556e-06, 0.9706520499174758, -0.0010308451424823062, 0.04548705920743856, 0.3909825048506832, 2.532205769512075e-07, -7.30443971974637e-08, 0.2955177629849004, 0.00015668510161503946, -0.549328149095345, 0.7418932040119444, -0.00015659060042616524, 0.5493227730277113, 0.33147216313608396, -0.0025904188062102484, 0.17977761056562258, 0.0011522472132619033, 0.39192686177466385, -0.07022318883562662, -0.4087937285773364, -2.4177695472360483e-06, 8.10792808891847e-07, 1.651667131529166, -5.06441153902415e-07, 2.571162781350722e-06, 1.6898339393396782, -6.306166291381032e-07, 1.1005355844417863e-06, 0.45326276802103393, -0.3963819077345079, -0.077748300548933, -0.4004008689038301, 2.464030998794442e-06, -7.4700070200606206e-06, 1.6534326633056935, -6.13572936458695e-07, -3.817787160187436e-06, 1.6480076656650908, 4.090486243057967e-07, 7.4213107552623114e-06, 0.49071611711673313, 0.004454831696278916, 0.14796923961712594, 0.5151448515733819, 7.547921043737915e-08, 8.205320618515088e-07, 0.5360027863249002, -8.034883691721006e-08, -8.984460855288035e-07, 0.5359893461558158, 0.14236724079323437, -0.022351478410641334, 0.24177518217956617, 7.596617308536224e-07, 2.3374207103188382e-07, 0.5724099059106607, 3.89570118386473e-06, -7.056088769274993e-06, 1.0634792852107466, -2.902297381979224e-06, 1.908893580093718e-06, 0.9957349894739309, -0.14133638956371897, -0.023136023932806893, 0.22547198438118699, 3.700916124671494e-07, -1.186971454458785e-07, 0.5638582574569, 1.3001902701148538e-06, 1.4414094380299503e-06, 1.0839252495620713, -2.4348132399154565e-07, -1.7238477738601432e-06, 0.9706515824333337, -0.0010309291435390833, 0.045487288079883115, 0.3909825827647069, 1.2661028847560374e-07, -3.521348648227729e-07, 0.2955172760222524, 0.0001568019726505554, -0.5493275257831556, 0.7418925806997549, -0.0001563929240262496, 0.549323318425877, 0.33147153982389455, -0.0024529218590356727, 0.18018178956344855, 0.0012060054547859966, 0.391926822817652, -0.07022310118234998, -0.4087937285773364, -2.6101197931893694e-06, 9.106201517283807e-07, 1.6516672873572134, -5.648766716603859e-07, 2.473770251754104e-06, 1.689834250995773, -5.380937260213159e-07, 1.1492318492400955e-06, 0.45326269010701026, -0.3963819077345079, -0.07774832976669188, -0.40040133638797215, 2.566293154870891e-06, -7.3580056110245096e-06, 1.6534331307898356, -3.408738535881639e-07, -3.954136701622701e-06, 1.6480075098370435, 4.869626479830913e-07, 7.479746273020282e-06, 0.49071603920270945, 0.004454792739267077, 0.1479692006601141, 0.5151444230462516, 3.8957011838647304e-08, 7.925317095924811e-07, 0.5360029031959357, -4.74788581783514e-08, -6.794650697639071e-07, 0.5359891124137448, 0.14236720183622253, -0.02235190206814508, 0.2417755133141668, 5.940944305393714e-07, 1.2466243788367137e-06, 0.5724102175667554, 3.739873136510141e-06, -7.17539461803085e-06, 1.063479441038794, -3.087343188212799e-06, 1.8650669417752397e-06, 0.9957342103336941, -0.1413364285207308, -0.02313583158256094, 0.22547114680543245, -4.2852713022512035e-07, -9.057505252485498e-07, 0.5638582574569, 1.1979281140384046e-06, 1.3878435467518102e-06, 1.0839251716480476, -2.6539464315078476e-07, -1.1979281140384046e-06, 0.9706517382613811, -0.0010309729701774017, 0.04548681085648809, 0.39098316711988446, -8.278365015712552e-08, -5.95920540469308e-07, 0.2955169838446636, 0.0001568798866742327, -0.549327915353274, 0.7418925027857313, -0.00015629553149665298, 0.5493232015548415, 0.3314718125229774, -0.002281224459862452, 0.1805777875887884, 0.0011894544313481026, 0.3919269007316757, -0.07022314013936182, -0.4087936896203246, -2.5955109137498766e-06, 8.911416458090571e-07, 1.6516669757011186, -6.427906953376805e-07, 2.395856228076809e-06, 1.6898339393396782, -5.989640570192023e-07, 1.2076673669980664e-06, 0.45326276802103393, -0.39638179086347236, -0.077748300548933, -0.40040121951693664, 2.597945726989792e-06, -7.49192033921986e-06, 1.6534328191337408, -2.4348132399154565e-07, -3.798308654268112e-06, 1.6480075098370435, 6.18442562938526e-07, 7.2460042019883986e-06, 0.49071611711673313, 0.004454880392543714, 0.14796919092086114, 0.515144578874299, 2.4348132399154565e-08, 7.535746977538338e-07, 0.5360034096370896, -3.8957011838647304e-08, -5.563548253206818e-07, 0.5359887618006383, 0.14236729922875213, -0.022351434584003016, 0.24177607819083846, 5.01571527422584e-07, 7.109654660553133e-07, 0.5724099838246843, 3.46717405363961e-06, -6.668953464128435e-06, 1.0634798306089124, -2.8730796231002387e-06, 1.7640221923187482e-06, 0.9957335870215047, -0.1413363603459601, -0.023136223587492566, 0.2254733089195895, 2.7756870935036204e-07, 2.1426356511256017e-07, 0.563858491198971, 1.0323608137241536e-06, 1.5874982324248776e-06, 1.0839247820779292, -2.7269908287053113e-07, -1.0640133858430545e-06, 0.9706511928632153, -0.0010309181868795037, 0.0454870494681856, 0.3909837904320739, -1.0043604614651258e-07, -5.040063406624995e-07, 0.2955181720335247, 0.00015635396701441096, -0.5493276816112029, 0.7418925027857313, -0.00015678249414463608, 0.5493228119847231, 0.33147224105010764, -0.002081946105010779, 0.1809310887291531, 0.0010718971589380732, 0.39192686177466385, -0.07022315961786774, -0.4087936896203246, -2.6442071785481858e-06, 6.72008454216666e-07, 1.6516674431852607, -5.843551775797096e-07, 2.4348132399154565e-06, 1.6898336276835835, -5.575722319406395e-07, 1.236885125877052e-06, 0.4532627290640221, -0.39638186877749604, -0.0777482518526682, -0.4004010636888893, 2.468900625274273e-06, -7.457528602206054e-06, 1.653432039993504, -4.187878772654585e-07, -3.798308654268112e-06, 1.6480076656650908, 4.918322744629222e-07, 7.382353743423664e-06, 0.49071592233167394, 0.004454839000718636, 0.14796925909563186, 0.5151446957453345, 1.4608879439492739e-08, 7.097480594353556e-07, 0.5360027084108765, -3.8957011838647304e-08, -8.832285027793318e-07, 0.5359893851128277, 0.14236725053248733, -0.022351390757364697, 0.2417763119329095, 7.012262130956515e-07, 9.349682841275353e-07, 0.5724097890396251, 3.642480606913523e-06, -6.661649024408689e-06, 1.063479674780865, -2.965602526217026e-06, 1.7052823229057879e-06, 0.9957340545056468, -0.14133634086745417, -0.023136257674877925, 0.22547295830648295, 1.8017617975374378e-07, -1.9478505919323652e-07, 0.5638582574569, 1.0518393196434772e-06, 1.8942847006542252e-06, 1.083925093734024, -3.8957011838647304e-07, -1.7092388944206505e-06, 0.9706521278314995, -0.0010309306652973582, 0.04548694233640305, 0.3909835956470147, 1.0956659579619554e-07, -5.432677041561362e-08, 0.2955171591512169, 0.00015673379787983777, -0.5493279543102858, 0.7418936714960864, -0.00015649031655584622, 0.549323084683806, 0.33147224105010764, -0.0018670220968068918, 0.18116997312574767, 0.0009447767010007935, 0.39192678386064017, -0.07022317422674718, -0.408794312932514, -2.6636856844675094e-06, 8.667935134099025e-07, 1.6516672873572134, -7.401832249342988e-07, 2.473770251754104e-06, 1.6898340951677255, -5.113107803822459e-07, 1.0713178255628009e-06, 0.4532628459350576, -0.39638198564853155, -0.07774828107042708, -0.4004012974309603, 2.639337552068355e-06, -7.350701171304763e-06, 1.6534326633056935, -7.207047190149751e-07, -3.89570118386473e-06, 1.6480075098370435, 7.25574345494806e-07, 7.440789261181635e-06, 0.4907161950307568, 0.004454741608189039, 0.1479692493563789, 0.5151441503471688, 6.817477071763278e-08, 6.062684967389487e-07, 0.5360041108633027, -4.382663831847822e-08, -6.58616981397131e-07, 0.5359889565856975, 0.14236725053248733, -0.022351483280267814, 0.24177574705623783, 1.0859267050022936e-06, 1.509584208747583e-07, 0.5724099059106607, 3.584045089155552e-06, -6.320775170820525e-06, 1.0634798306089124, -2.975341779176688e-06, 1.7666091813861584e-06, 0.9957331974513863, -0.141336379824466, -0.023136206543799887, 0.2254721012522225, -1.1078400241615327e-07, -8.180972486115934e-07, 0.5638581016288526, 1.6556730031425104e-06, 1.6361944972231868e-06, 1.0839247820779292, -2.8243833583019295e-07, -8.278365015712552e-07, 0.9706518161754047, -0.0010309413176052828, 0.04548681572611457, 0.3909830892058608, 9.739252959661826e-09, -7.207047190149751e-07, 0.2955167501025926, 0.0001567240586268781, -0.5493279932672976, 0.7418918794735418, -0.00015652927356768487, 0.5493231625978297, 0.33147134503883535, -0.0016413098876644217, 0.18136356999607983, 0.0007946514427815687, 0.391926822817652, -0.07022305735571166, -0.4087937285773364, -2.7708174670237895e-06, 6.427906953376805e-07, 1.6516668198730713, -3.5061310654782574e-07, 2.4348132399154565e-06, 1.6898336276835835, -8.059231824120161e-07, 1.2076673669980664e-06, 0.4532628069780458, -0.3963819077345079, -0.07774828594005356, -0.40040133638797215, 2.6101197931893694e-06, -7.489485525979944e-06, 1.6534323516495988, -6.72008454216666e-07, -3.7788301483487885e-06, 1.6480075098370435, 6.038336834990332e-07, 7.440789261181635e-06, 0.49071615607374497, 0.004454832913685536, 0.14796925909563186, 0.515144345132228, 5.1131078038224587e-08, 6.537473549173001e-07, 0.5360041887773264, -6.573995747771733e-08, -7.584443242336647e-07, 0.5359886838866146, 0.1423672602717403, -0.022351174058986345, 0.2417750068730129, 8.862720193292262e-07, 1.6556730031425104e-07, 0.5724099448676725, 3.3892600299623155e-06, -6.895391095440573e-06, 1.063479908522936, -3.067864682293475e-06, 1.4456703611998023e-06, 0.9957338986775994, -0.14133637008521305, -0.02313556131829131, 0.22547192594566923, -2.629598299108693e-07, 3.1165609470917843e-07, 0.5638582964139118, 1.0713178255628009e-06, 1.3951479864715566e-06, 1.083925093734024, -2.532205769512075e-07, -1.6069767383442013e-06, 0.97065150451931, -0.0010309425350119028, 0.04548741955979807, 0.3909828944208016, -3.8957011838647304e-08, -6.038336834990332e-07, 0.2955165358390275, 0.00015633448850849163, -0.5493282270093687, 0.7418923469576839, -0.0001568798866742327, 0.5493226951136876, 0.3314718125229774, -0.0014419575753605862, 0.18150915234932086, 0.0005960379060762633, 0.39192686177466385, -0.07022293561504966, -0.4087934169212417, -2.6149894196692003e-06, 7.791402367729461e-07, 1.651666664045024, -6.233121894183569e-07, 2.5906412872700457e-06, 1.689834250995773, -5.307892863015695e-07, 1.2076673669980664e-06, 0.4532627290640221, -0.3963819466915197, -0.077748178808271, -0.4004011805599248, 2.4835095047137656e-06, -7.270352334387553e-06, 1.6534328191337408, -5.697462981402168e-07, -3.817787160187436e-06, 1.6480078214931382, 4.2852713022512035e-07, 7.460267767100959e-06, 0.4907160781597213, 0.004454778130387638, 0.14796943440218513, 0.5151446178313108, 6.817477071763278e-08, 9.045331186285921e-07, 0.5360026694538647, -8.034883691721006e-08, -7.74879313603094e-07, 0.5359885670155791, 0.14236727001099325, -0.022351505193586974, 0.2417762145403799, 8.96011272288888e-07, 1.4998449557879212e-06, 0.5724101396527317, 3.5402184508370738e-06, -6.763911180485138e-06, 1.063479674780865, -3.2334319826077262e-06, 1.7707179287285157e-06, 0.995733509107481, -0.1413363603459601, -0.023135897322518417, 0.22547225708026986, 5.161804068620768e-07, 6.817477071763278e-08, 0.5638583743279355, 9.739252959661826e-07, 2.016025362649998e-06, 1.0839247820779292, -2.7269908287053113e-07, -1.899154327134056e-06, 0.9706516603473574, -0.0010309534916714824, 0.04548718581772704, 0.39098305024884894, 4.869626479830913e-08, -2.0939393863272926e-07, 0.2955169643661577, 0.00015688658241064246, -0.5493274868261437, 0.7418918794735418, -0.0001566461446032008, 0.5493229288557586, 0.3314718125229774, -0.0013055657290452771, 0.18157911914258307, 0.0003670859116103875, 0.39192678386064017, -0.07022309144309702, -0.4087942350184903, -2.848731490701084e-06, 5.356589127814004e-07, 1.6516668198730713, -5.453981657410623e-07, 2.5516842754313984e-06, 1.6898339393396782, -6.963565866158206e-07, 1.1102748374014482e-06, 0.4532627290640221, -0.3963820246055434, -0.0777482762008006, -0.40040172595809054, 2.522466516552413e-06, -7.323918225665693e-06, 1.6534328191337408, -6.087033099788641e-07, -3.700916124671494e-06, 1.6480071981809488, 5.648766716603859e-07, 7.479746273020282e-06, 0.4907163119017923, 0.0044547148252434, 0.1479692980526437, 0.5151442282611924, 1.1078400241615327e-07, 8.320974247411073e-07, 0.5360031758950186, -6.026162768790755e-08, -8.649674034799659e-07, 0.5359896188548987, 0.14236733818576397, -0.022351536846159092, 0.2417765261964746, 2.24002818072222e-07, 1.572889352985385e-06, 0.5724099838246843, 3.700916124671494e-06, -6.946522173478797e-06, 1.0634800643509834, -2.902297381979224e-06, 1.7859355114779873e-06, 0.9957340545056468, -0.14133630191044233, -0.02313607749869817, 0.22547328944108358, 3.8957011838647304e-08, 4.869626479830913e-07, 0.5638581405858645, 9.739252959661826e-07, 1.312364336314431e-06, 1.0839248599919529, -7.791402367729461e-08, -1.6946300149811577e-06, 0.9706522836595468, -0.0010308950561537245, 0.04548694233640305, 0.39098394626012123, -3.8957011838647304e-08, -2.848731490701084e-07, 0.2955169643661577, 0.00015657553501924326, -0.5493274478691319, 0.7418921911296366, -0.00015691884368607134, 0.5493232794688652, 0.33147204626504845, -0.0012567277124636567, 0.1815928514892562, 0.00013159615826566218, 0.391926822817652, -0.0702231693571207, -0.4087938844053838, -2.464030998794442e-06, 6.525299482973423e-07, 1.6516665082169766, -5.843551775797096e-07, 2.45429174583478e-06, 1.6898337835116308, -6.622692012570042e-07, 1.344016908433332e-06, 0.4532627290640221, -0.3963820246055434, -0.07774836872370372, -0.4004008689038301, 2.473770251754104e-06, -7.280091587347215e-06, 1.6534331307898356, -6.72008454216666e-07, -3.7788301483487885e-06, 1.6480078214931382, 5.307892863015695e-07, 7.616095814455548e-06, 0.49071623398776865, 0.004454761086694958, 0.14796925909563186, 0.5151451242724647, 3.1652572118900935e-08, 7.560095109937492e-07, 0.5360038381642198, 6.695736409767505e-09, -9.34055229162567e-07, 0.5359892682417922, 0.14236725053248733, -0.022350879446584315, 0.24177524061508393, 2.921775887898548e-07, -5.697462981402168e-07, 0.5724099448676725, 3.588914715635383e-06, -7.200960157049963e-06, 1.0634795189528177, -3.0386469234144897e-06, 1.2734073244757838e-06, 0.9957339765916231, -0.14133637008521305, -0.023135702537459224, 0.22547272456441192, 4.6748414206376765e-07, 1.1687103551594191e-07, 0.5638584132849473, 1.3829739202719793e-06, 1.6191508045437786e-06, 1.0839252495620713, -2.3374207103188382e-07, -1.7433262797794669e-06, 0.9706525953156415, -0.0010309486220450026, 0.04548715659996816, 0.3909843358302396, -9.739252959661826e-09, -3.1652572118900935e-08, 0.2955182694260543, 0.00015631744481581222, -0.549328149095345, 0.7418917236454945, -0.00015707467173342593, 0.5493225392856402, 0.33147103338274064, -0.0012624801109187844, 0.18157124982619166, -0.00010508850820951932, 0.391926822817652, -0.07022325701039733, -0.40879384544837194, -2.4883791311935965e-06, 7.109654660553133e-07, 1.6516669757011186, -7.401832249342988e-07, 2.629598299108693e-06, 1.6898339393396782, -5.33224099541485e-07, 1.2076673669980664e-06, 0.45326269010701026, -0.39638186877749604, -0.07774836385407724, -0.4004011026459011, 2.5322057695120748e-06, -7.392092996383326e-06, 1.6534331307898356, -6.866173336561587e-07, -3.6619591128328466e-06, 1.6480073540089961, 5.356589127814004e-07, 7.616095814455548e-06, 0.4907161950307568, 0.004454793956673697, 0.14796917144235522, 0.5151447736593582, 1.7043692679408196e-08, 8.497498207304943e-07, 0.5360038381642198, -1.1078400241615327e-07, -8.740979531296489e-07, 0.5359886838866146, 0.14236731870725805, -0.022351434584003016, 0.24177765594981793, 7.888794897326079e-07, 9.154897782082116e-07, 0.5724099838246843, 4.019876659100419e-06, -7.4213107552623114e-06, 1.0634792852107466, -3.0386469234144897e-06, 1.3354950620936279e-06, 0.9957334311934574, -0.14133634086745417, -0.023135904626958137, 0.22547379588223748, 3.2139534766884026e-07, 4.967019009427531e-07, 0.563858491198971, 8.765327663695643e-07, 1.6118463648240322e-06, 1.0839249379059765, -3.1165609470917843e-07, -1.3342776554736702e-06, 0.9706528290577126, -0.0010308731428345652, 0.04548647972188746, 0.3909861278527842, 2.9217758878985478e-08, -8.229668750914243e-07, 0.29551669166707484, 0.00015667292754883988, -0.5493270582990135, 0.7418914119893998, -0.00015676301563871675, 0.5493228898987468, 0.33147142295285903, -0.0013503102919552035, 0.18153708452680917, -0.0003136106981034559, 0.3919267059466165, -0.07022311579122942, -0.4087939233623956, -2.2059407953634036e-06, 6.038336834990332e-07, 1.651667131529166, -6.622692012570042e-07, 2.5322057695120748e-06, 1.6898340951677255, -3.8226567866672667e-07, 1.1005355844417863e-06, 0.45326276802103393, -0.39638186877749604, -0.07774812524237973, -0.40040071307578273, 2.5614235283910602e-06, -7.260613081427891e-06, 1.6534328191337408, -5.01571527422584e-07, -3.700916124671494e-06, 1.6480075098370435, 6.233121894183569e-07, 7.440789261181635e-06, 0.49071611711673313, 0.004454751347441999, 0.14796940518442625, 0.51514481261637, 5.2348484658182315e-08, 6.251382993482935e-07, 0.5360031758950186, -9.860993621657599e-08, -8.838372060893107e-07, 0.5359881384884488, 0.14236725053248733, -0.022351108319028867, 0.24177563018520232, 1.3050598965946847e-06, 5.01571527422584e-07, 0.572409827996637, 3.1116913206119534e-06, -6.636083485389577e-06, 1.0634803760070781, -3.0386469234144897e-06, 1.277059544335657e-06, 0.9957339765916231, -0.1413363603459601, -0.023135597840489908, 0.22547254925785865, -4.382663831847822e-08, -1.0810570785224627e-06, 0.5638584132849473, 1.1492318492400955e-06, 1.5022797690278367e-06, 1.083925093734024, -2.3374207103188382e-07, -1.6167159913038631e-06, 0.9706521278314995, -0.001030934013165563, 0.045487536430833586, 0.390983517732991, -1.460887943949274e-07, -1.0627959792230968e-06, 0.2955175876783471, 0.00015659988315164242, -0.5493275257831556, 0.7418918794735418, -0.0001568019726505554, 0.5493229288557586, 0.33147173460895374, -0.001527241170011795, 0.18152105371643756, -0.000473172816891132, 0.391926822817652, -0.07022310118234998, -0.40879407919044297, -2.6149894196692003e-06, 7.207047190149751e-07, 1.6516672873572134, -6.622692012570042e-07, 2.4348132399154565e-06, 1.689834250995773, -5.502677922208932e-07, 1.1881888610787428e-06, 0.4532628069780458, -0.3963818298204842, -0.07774819341715045, -0.4004010636888893, 2.580902034310384e-06, -7.4213107552623114e-06, 1.6534325074776461, -7.888794897326079e-07, -3.798308654268112e-06, 1.6480075098370435, 4.3339675670495126e-07, 7.479746273020282e-06, 0.49071603920270945, 0.004454829261465676, 0.14796940518442625, 0.5151448515733819, 3.1652572118900935e-08, 7.395745216243199e-07, 0.5360035654651369, -9.130549649682962e-08, -8.406192710808114e-07, 0.5359888007576501, 0.1423672797502462, -0.022351195972305504, 0.24177638984693317, 3.2139534766884026e-07, 1.290451017155192e-06, 0.572410061738708, 3.30647637980519e-06, -7.442006667801593e-06, 1.0634793631247703, -3.0386469234144897e-06, 1.3300167323038181e-06, 0.9957337428495521, -0.1413363116496953, -0.023135692798206264, 0.22547256873636456, -1.1687103551594191e-07, -9.154897782082116e-07, 0.5638583353709237, 1.4803664498685976e-06, 2.1158527054865317e-06, 1.0839252495620713, -3.5061310654782574e-07, -1.3147991495543465e-06, 0.9706518940894284, -0.001030907838923234, 0.04548720042660648, 0.3909841020881686, 8.765327663695643e-08, -4.5409266924423264e-07, 0.29551712019420506, 0.00015653901282064453, -0.5493280322243095, 0.7418924248717076, -0.0001568798866742327, 0.5493224224146047, 0.33147235792114316, -0.0018245098011104854, 0.18155036886784615, -0.0006361891938090891, 0.3919269007316757, -0.07022305248608518, -0.40879283256606413, -2.4202043604759638e-06, 6.622692012570042e-07, 1.651667599013308, -4.6748414206376765e-07, 2.45429174583478e-06, 1.6898339393396782, -6.111381232187796e-07, 1.2174066199577283e-06, 0.4532628069780458, -0.39638186877749604, -0.0777483248970654, -0.40040051829072354, 2.5614235283910602e-06, -7.09504578111364e-06, 1.6534328191337408, -8.862720193292262e-07, -3.739873136510141e-06, 1.6480078214931382, 4.577448891041058e-07, 7.51870328485893e-06, 0.4907161950307568, 0.004454874305510614, 0.1479692493563789, 0.5151453580145358, 2.9217758878985478e-08, 9.014896020786978e-07, 0.5360024357117936, -2.678294563907002e-08, -8.254016883313398e-07, 0.5359889176286856, 0.1423672602717403, -0.022351205711558464, 0.2417758249702615, 6.427906953376805e-07, 1.3683650408324866e-06, 0.5724101396527317, 3.6570894863530157e-06, -7.01469694419643e-06, 1.063479674780865, -3.077603935253137e-06, 1.6678470693420877e-06, 0.9957342882477178, -0.14133637008521305, -0.023135622188622307, 0.22547254925785865, 4.139182507856276e-08, -7.791402367729461e-07, 0.5638582574569, 9.54446790046859e-07, 2.0501127480088144e-06, 1.0839248599919529, -3.5061310654782574e-07, -1.2027977405182355e-06, 0.9706517382613811, -0.001030936447978803, 0.04548690337939121, 0.39098375147506204, -5.356589127814004e-08, -6.324427390680398e-07, 0.29551678905960443, 0.0001568622342782433, -0.5493272920410845, 0.7418918794735418, -0.0001568019726505554, 0.5493228509417349, 0.33147204626504845, -0.002203399459044242, 0.18161406358220233, -0.0008050259537331073, 0.39192686177466385, -0.07022306709496462, -0.4087938844053838, -2.6052501667095385e-06, 8.180972486115934e-07, 1.6516668198730713, -4.6748414206376765e-07, 2.4348132399154565e-06, 1.6898337835116308, -6.427906953376805e-07, 1.1394925962804336e-06, 0.45326288489206945, -0.3963819077345079, -0.07774826646154764, -0.40040133638797215, 2.5516842754313984e-06, -7.299570093266539e-06, 1.6534323516495988, -5.746159246200477e-07, -3.6814376187521702e-06, 1.6480078214931382, 4.7235376854359856e-07, 7.382353743423664e-06, 0.4907163119017923, 0.004454797608893557, 0.1479693175311496, 0.5151444620032635, 2.9217758878985478e-08, 6.908782568260108e-07, 0.5360029811099594, -7.30443971974637e-08, -6.458342118875748e-07, 0.5359894240698395, 0.14236727001099325, -0.02235160502092981, 0.24177598079830886, 7.791402367729461e-07, 6.817477071763278e-07, 0.5724099448676725, 3.885961930905069e-06, -7.180264244510681e-06, 1.0634795968668413, -2.8828188760599005e-06, 1.4998449557879212e-06, 0.9957340545056468, -0.14133635060670713, -0.023136033672059853, 0.22547286091395335, 2.7026426963061567e-07, -2.9217758878985478e-08, 0.5638584522419592, 4.2852713022512035e-07, 1.536367154386653e-06, 1.0839245483358582, -2.1426356511256017e-07, -1.7189781473803123e-06, 0.9706521278314995, -0.001030936447978803, 0.045486986163041365, 0.3909838293890857, -6.695736409767505e-08, 4.5804924075909526e-08, 0.2955174708073116, 0.00015682388596971464, -0.5493277205682148, 0.7418925027857313, -0.00015662666609728149, 0.5493226171996639, 0.3314725137491905, -0.0025974106767803207, 0.18168260844453243, -0.0009413598210581409, 0.391926822817652, -0.07022293561504966, -0.4087932221361825, -2.6588160579876785e-06, 6.914869601359896e-07, 1.651667599013308, -7.012262130956515e-07, 2.5322057695120748e-06, 1.6898339393396782, -5.673114849003014e-07, 1.2563636317963756e-06, 0.4532626121929866, -0.3963819077345079, -0.07774807167648845, -0.4004007909898064, 2.5516842754313984e-06, -7.450528514141297e-06, 1.6534328191337408, -3.457434800679948e-07, -3.973615207542025e-06, 1.6480076656650908, 4.3826638318478217e-07, 7.479746273020282e-06, 0.49071603920270945, 0.004454765956321438, 0.14796948309844993, 0.5151449684444174, 3.408738535881639e-08, 6.98791399855736e-07, 0.5360029421529475, -7.060958395754824e-08, -5.511808471858615e-07, 0.5359891513707566, 0.14236728948949917, -0.022351242233757063, 0.24177586392727335, 7.048784329555247e-07, 1.1687103551594191e-06, 0.5724099059106607, 3.418477788841301e-06, -6.759041554005307e-06, 1.063479674780865, -2.6101197931893694e-06, 1.5241930881870758e-06, 0.9957340545056468, -0.1413363116496953, -0.023136277153383844, 0.22547367901120197, 8.765327663695643e-08, 6.817477071763278e-08, 0.5638584132849473, 1.0518393196434772e-06, 1.5485412205862303e-06, 1.083925327476095, -2.921775887898548e-07, -1.8839367443845845e-06, 0.9706518940894284, -0.0010308901865272446, 0.045486995902294325, 0.3909841020881686, -2.678294563907002e-08, 3.2441984224029774e-08, 0.2955170422801814, 0.00015660231796488233, -0.5493276426541911, 0.7418924248717076, -0.00015676301563871675, 0.5493224613716166, 0.33147243583516683, -0.0029978464536015714, 0.18173769365927228, -0.0009619710477494214, 0.391926822817652, -0.07022315474824126, -0.40879396231940746, -2.352029589758331e-06, 3.067864682293475e-07, 1.6516665082169766, -4.48005636144444e-07, 2.5322057695120748e-06, 1.6898334718555361, -6.18442562938526e-07, 1.2076673669980664e-06, 0.45326269010701026, -0.3963818298204842, -0.07774821289565637, -0.4004012584739485, 2.6539464315078476e-06, -7.355570797784594e-06, 1.6534325074776461, -5.113107803822459e-07, -3.934658195703378e-06, 1.6480075098370435, 5.794855510998786e-07, 7.499224778939606e-06, 0.490716389815816, 0.004454873088103994, 0.1479692493563789, 0.5151441893041806, 6.087033099788641e-09, 7.74879313603094e-07, 0.5360038771212317, -2.4043780744165133e-08, -9.78490570791024e-07, 0.5359891513707566, 0.1423672797502462, -0.0223513542351661, 0.24177627297589765, 6.379210688578496e-07, 1.236885125877052e-06, 0.5724098669536488, 3.5061310654782574e-06, -6.9550440198185015e-06, 1.0634799864369597, -3.0581254293338134e-06, 1.4097568659110493e-06, 0.9957336649355284, -0.1413363311282012, -0.023135758538163742, 0.22547307517751847, 7.791402367729461e-08, -1.1687103551594191e-07, 0.5638582964139118, 6.622692012570042e-07, 1.402452426191303e-06, 1.0839250158200002, -3.019168417495166e-07, -1.8285447431765078e-06, 0.9706520499174758, -0.001030909665033164, 0.0454870494681856, 0.39098445270127513, -1.2174066199577283e-07, -2.0087209229302516e-07, 0.2955171786297228, 0.00015660718759136216, -0.5493278374392503, 0.7418920353015892, -0.00015675084157251717, 0.5493228119847231, 0.3314715008668827, -0.0033360432300324483, 0.181794259240462, -0.0008613934780833388, 0.391926822817652, -0.07022327648890325, -0.40879353379227723, -2.4250739869557947e-06, 7.84009863252777e-07, 1.6516672873572134, -4.6748414206376765e-07, 2.512727263592751e-06, 1.6898340951677255, -5.843551775797096e-07, 1.2661028847560374e-06, 0.4532627290640221, -0.3963819077345079, -0.07774838820220964, -0.4004008689038301, 2.45429174583478e-06, -7.659922452774026e-06, 1.6534321958215514, -3.1652572118900935e-07, -3.934658195703378e-06, 1.6480078214931382, 5.405285392612313e-07, 7.440789261181635e-06, 0.49071615607374497, 0.004454817696102786, 0.1479693175311496, 0.5151453580145358, -7.3044397197463695e-09, 8.768371180245538e-07, 0.5360025136258173, -7.669661705733688e-08, -7.462702580340874e-07, 0.5359892292847803, 0.14236731870725805, -0.022351454062508935, 0.24177619506187398, 6.817477071763278e-07, 1.0810570785224627e-06, 0.5724098669536488, 3.5645665832362283e-06, -6.937886195268472e-06, 1.0634798306089124, -3.1749964648497553e-06, 1.4316701850702884e-06, 0.9957335870215047, -0.14133637008521305, -0.02313577558185642, 0.22547264665038824, 4.869626479830913e-08, -7.791402367729461e-08, 0.5638581016288526, 9.54446790046859e-07, 1.3829739202719793e-06, 1.0839250158200002, -2.532205769512075e-07, -1.451148690989612e-06, 0.9706520499174758, -0.0010308901865272446, 0.045486995902294325, 0.39098425791621594, -3.8957011838647304e-08, -2.9461240202977024e-07, 0.29551700332316955, 0.00015668023198855963, -0.5493275647401674, 0.7418921132156129, -0.0001566753623620798, 0.5493228119847231, 0.3314718904370011, -0.003562877735902692, 0.18184503970539367, -0.000725036784384181, 0.39192674490362833, -0.07022310118234998, -0.40879365066331275, -2.4981183841532584e-06, 7.742706102931152e-07, 1.6516665082169766, -6.622692012570042e-07, 2.4932487576734275e-06, 1.6898339393396782, -7.694009838132843e-07, 1.3245384025140083e-06, 0.4532626121929866, -0.39638186877749604, -0.07774815446013861, -0.40040094681785376, 2.5414884949892524e-06, -7.392092996383326e-06, 1.6534326633056935, -5.843551775797096e-07, -3.915179689784054e-06, 1.6480071981809488, 2.532205769512075e-07, 7.440789261181635e-06, 0.49071615607374497, 0.004454788478343907, 0.14796940518442625, 0.5151448905303937, 4.291358335350992e-08, 8.351409412910016e-07, 0.536003799207208, -5.8435517757970956e-08, -8.290539081912129e-07, 0.5359889955427093, 0.14236733818576397, -0.022351244668570303, 0.24177609766934438, 9.836645489258444e-07, 3.408738535881639e-07, 0.5724099059106607, 3.5061310654782574e-06, -6.5739957477717326e-06, 1.0634799864369597, -2.9461240202977024e-06, 2.261941499881459e-06, 0.9957345999038125, -0.14133630191044233, -0.023136006889114213, 0.22547293882797703, -3.8957011838647304e-08, -8.302713148111707e-07, 0.5638582574569, 1.2174066199577283e-06, 1.738456653299636e-06, 1.0839247041639055, -2.7269908287053113e-07, -1.940546152212619e-06, 0.9706513486912627, -0.0010308901865272446, 0.04548718094810056, 0.390983517732991, -1.0713178255628009e-07, -6.330514423780187e-07, 0.2955178798559359, 0.0001566461446032008, -0.5493276036971793, 0.7418918794735418, -0.00015671431937391844, 0.5493232405118533, 0.3314716177379182, -0.003674393095345785, 0.18193479666066992, -0.0006478071714910438, 0.39192678386064017, -0.07022309144309702, -0.4087931831791707, -2.45429174583478e-06, 4.820930215032604e-07, 1.6516665082169766, -5.259196598217386e-07, 2.45429174583478e-06, 1.6898337835116308, -5.940944305393714e-07, 1.2466243788367137e-06, 0.4532628069780458, -0.3963819466915197, -0.07774831028818596, -0.40040071307578273, 2.5102924503528357e-06, -7.392092996383326e-06, 1.6534323516495988, -7.84009863252777e-07, -3.700916124671494e-06, 1.6480075098370435, 5.940944305393714e-07, 7.3628752375043405e-06, 0.4907161950307568, 0.004454751956145309, 0.14796932727040257, 0.5151452021864884, 1.6739341024418763e-08, 8.175646332153619e-07, 0.5360026304968528, 4.869626479830913e-09, -8.254016883313398e-07, 0.5359888786716738, 0.1423672310539814, -0.022351468671388375, 0.2417763314114154, 5.648766716603859e-07, 1.947850591932365e-06, 0.5724100227816962, 2.9996899115758424e-06, -6.822346698243109e-06, 1.0634806097491492, -3.087343188212799e-06, 1.8601973152954088e-06, 0.9957337428495521, -0.1413364090422249, -0.023135989845421534, 0.22547315309154214, 1.1687103551594191e-07, -5.697462981402168e-07, 0.5638579458008053, 1.711673707660566e-06, 2.1426356511256017e-06, 1.0839252495620713, -4.1148343754571215e-07, -1.2563636317963756e-06, 0.9706514266052864, -0.0010310021879362807, 0.04548691798827065, 0.3909842189592041, -9.739252959661826e-09, -5.113107803822459e-07, 0.2955174708073116, 0.000156582839458963, -0.5493274478691319, 0.741892814441826, -0.0001566899712415193, 0.5493231625978297, 0.33147173460895374, -0.003634565029070558, 0.18198847942298357, -0.0006561497547059592, 0.39192674490362833, -0.07022299405056742, -0.4087933000502062, -2.736730081664973e-06, 6.440081019576382e-07, 1.6516668198730713, -8.37575754530917e-07, 2.415334733996133e-06, 1.689834250995773, -4.967019009427531e-07, 1.2953206436350229e-06, 0.4532625342789629, -0.3963819077345079, -0.07774823237416228, -0.4004008689038301, 2.3715080956776546e-06, -7.294700466786708e-06, 1.6534329749617882, -5.648766716603859e-07, -3.739873136510141e-06, 1.6480075098370435, 3.311346006285021e-07, 7.499224778939606e-06, 0.49071611711673313, 0.004454750434387034, 0.14796923961712594, 0.5151444230462516, 9.130549649682962e-08, 6.580082780871521e-07, 0.5360041108633027, -6.087033099788641e-08, -6.233121894183569e-07, 0.5359882553594844, 0.1423672602717403, -0.02235136153960582, 0.24177654567498053, 1.1321881565606873e-06, 9.800123290659712e-07, 0.5724099838246843, 3.1555179589304316e-06, -6.9148696013598965e-06, 1.063480142265007, -2.9802114056565188e-06, 1.8017617975374378e-06, 0.9957341324196705, -0.14133637008521305, -0.02313582671293446, 0.2254733089195895, 2.921775887898548e-07, 3.5183051316778347e-07, 0.5638582184998882, 1.1346229698006027e-06, 1.8261099299365924e-06, 1.0839251716480476, -4.090486243057967e-07, -2.2108104218432345e-06, 0.9706516603473574, -0.0010309510568582425, 0.04548739521166567, 0.3909837904320739, 6.573995747771733e-08, -1.3634954143526556e-07, 0.2955169643661577, 0.00015660718759136216, -0.549328149095345, 0.741893048183897, -0.00015670458012095878, 0.5493224613716166, 0.3314727085342497, -0.0034861984668896895, 0.1819823631721249, -0.0007152756941932736, 0.391926822817652, -0.07022314013936182, -0.40879376753434826, -2.4177695472360483e-06, 5.971379470892657e-07, 1.6516668198730713, -5.648766716603859e-07, 2.473770251754104e-06, 1.6898340951677255, -7.280091587347215e-07, 1.3147991495543465e-06, 0.4532626511499984, -0.39638186877749604, -0.07774841741996852, -0.4004014922160195, 2.4250739869557947e-06, -7.314178972706031e-06, 1.6534326633056935, -7.596617308536224e-07, -3.798308654268112e-06, 1.6480075098370435, 7.158350925351442e-07, 7.51870328485893e-06, 0.4907161950307568, 0.004454776608629363, 0.1479692006601141, 0.5151442282611924, 3.286997873885866e-08, 7.414006315542565e-07, 0.536002825281912, -1.4608879439492739e-08, -8.132276221317625e-07, 0.5359888397146619, 0.1423672310539814, -0.022351254407823262, 0.24177539644313129, 5.794855510998786e-07, 6.823564104863067e-07, 0.5724099448676725, 3.350303018123668e-06, -6.311035917860863e-06, 1.0634803760070781, -2.7854263464632822e-06, 1.285581390675361e-06, 0.9957339765916231, -0.14133643825998377, -0.023135946018783216, 0.22547233499429353, 1.5582804735458922e-07, 6.379210688578496e-07, 0.5638582184998882, 9.349682841275353e-07, 1.626455244263525e-06, 1.0839249379059765, -3.311346006285021e-07, -1.8115010504970996e-06, 0.9706521278314995, -0.0010309790572105015, 0.04548716146959464, 0.3909837125180502, -4.869626479830913e-09, -4.869626479830913e-08, 0.2955167306240867, 0.00015668510161503946, -0.5493279932672976, 0.7418929702698733, -0.0001567240586268781, 0.5493230457267941, 0.33147165669493006, -0.003341152989968066, 0.18191076018436547, -0.0007836683806958789, 0.39192686177466385, -0.07022289665803783, -0.4087936117063009, -2.493553109328417e-06, 7.557051593387598e-07, 1.6516669757011186, -5.259196598217386e-07, 2.473770251754104e-06, 1.6898337835116308, -6.890521468960742e-07, 1.1297533433207718e-06, 0.4532625342789629, -0.3963818298204842, -0.07774812524237973, -0.40040094681785376, 2.6003805402297075e-06, -7.489485525979944e-06, 1.6534325074776461, -4.3339675670495126e-07, -3.934658195703378e-06, 1.6480076656650908, 5.697462981402168e-07, 7.401832249342988e-06, 0.4907161950307568, 0.0044548426529384955, 0.14796952205546177, 0.5151447736593582, 5.60007045180555e-08, 6.440081019576382e-07, 0.5360036433791606, -1.034795626964069e-07, -7.012262130956515e-07, 0.535989073456733, 0.14236727001099325, -0.022351468671388375, 0.2417761171478503, 6.914869601359896e-07, 3.579175462675721e-07, 0.572410061738708, 3.311346006285021e-06, -7.226525696069075e-06, 1.0634797526948887, -3.1165609470917843e-06, 1.1297533433207718e-06, 0.995733509107481, -0.14133638956371897, -0.02313608236832465, 0.22547262717188232, 2.1426356511256017e-07, 2.8243833583019295e-07, 0.5638581016288526, 2.3374207103188382e-07, 1.7141085209004814e-06, 1.0839248599919529, -2.1426356511256017e-07, -1.675151509061834e-06, 0.9706516603473574, -0.0010309851442436013, 0.045486742681717374, 0.3909844137442633, 3.408738535881639e-08, -7.012262130956515e-07, 0.295516652710063, 0.00015652927356768487, -0.5493273309980964, 0.7418914119893998, -0.00015674353713279743, 0.5493230457267941, 0.3314715787809064, -0.003141140082397076, 0.1818159388175502, -0.0008122810123968316, 0.39192678386064017, -0.0702231693571207, -0.40879357274928907, -2.4299436134356256e-06, 6.878347402761165e-07, 1.6516668198730713, -6.233121894183569e-07, 2.356899216238162e-06, 1.6898344068238202, -6.647040144969196e-07, 1.22714587291739e-06, 0.45326257323597474, -0.3963818298204842, -0.07774833950594484, -0.40040102473187744, 2.6490768050280167e-06, -7.4213107552623114e-06, 1.6534323516495988, -5.161804068620768e-07, -3.856744172026083e-06, 1.6480076656650908, 5.356589127814004e-07, 7.440789261181635e-06, 0.4907160002456976, 0.004454818913509406, 0.14796923961712594, 0.5151443840892398, 6.087033099788641e-08, 7.596617308536224e-07, 0.5360034096370896, 1.3634954143526556e-07, -6.330514423780187e-07, 0.5359886838866146, 0.14236727001099325, -0.022351819284494923, 0.24177586392727335, 7.499224778939606e-07, 6.914869601359896e-07, 0.5724097890396251, 3.350303018123668e-06, -6.93434810727922e-06, 1.0634800643509834, -3.0386469234144897e-06, 2.02576461560966e-06, 0.9957338986775994, -0.14133638956371897, -0.023136170021601288, 0.22547254925785865, 1.3634954143526556e-07, -1.3147991495543465e-07, 0.5638581016288526, 1.5777589794652158e-06, 1.908893580093718e-06, 1.0839251716480476, -1.1687103551594191e-07, -2.1036786392869544e-06, 0.9706521278314995, -0.001030968100550922, 0.04548688877051177, 0.390983517732991, -1.4608879439492739e-08, -5.259196598217386e-07, 0.2955174513288057, 0.00015652927356768487, -0.5493278374392503, 0.7418912561613524, -0.00015676301563871675, 0.5493230067697823, 0.3314712671248117, -0.002889691136429562, 0.1817915322496333, -0.0008535975865286982, 0.391926822817652, -0.0702231693571207, -0.40879384544837194, -2.5029880106330893e-06, 7.134002792952288e-07, 1.6516674431852607, -8.180972486115934e-07, 2.512727263592751e-06, 1.6898340951677255, -5.478329789809777e-07, 1.1394925962804336e-06, 0.45326276802103393, -0.3963819466915197, -0.07774848559473924, -0.40040141430199583, 2.5516842754313984e-06, -7.2460042019883986e-06, 1.6534328191337408, -5.01571527422584e-07, -3.739873136510141e-06, 1.6480073540089961, 6.817477071763278e-07, 7.460267767100959e-06, 0.4907163119017923, 0.004454767173728058, 0.14796919092086114, 0.5151443061752161, 4.869626479830913e-08, 7.864446764926925e-07, 0.5360028642389238, -1.4608879439492739e-08, -5.843551775797096e-07, 0.5359891124137448, 0.142367328446511, -0.022351400496617657, 0.2417761171478503, 6.13572936458695e-07, 6.257470026582723e-07, 0.5724099448676725, 3.3892600299623155e-06, -6.778520059924631e-06, 1.0634800643509834, -2.9996899115758424e-06, 1.3245384025140083e-06, 0.9957336649355284, -0.14133632138894825, -0.023136014193553933, 0.2254728998709652, -6.817477071763278e-08, 3.067864682293475e-07, 0.5638581795428763, 1.3634954143526556e-06, 1.7141085209004814e-06, 1.083925093734024, -3.1165609470917843e-07, -1.3634954143526556e-06, 0.9706511928632153, -0.0010308901865272446, 0.045487005641547285, 0.39098406313115674, -2.288724445520529e-07, -4.869626479830913e-07, 0.29551729550075834, 0.0001566461446032008, -0.5493274089121201, 0.7418921132156129, -0.0001566461446032008, 0.5493230067697823, 0.3314723189641313, -0.0025327557329526407, 0.18176924883886159, -0.0009261951194087237, 0.3919269396886875, -0.07022314013936182, -0.40879384544837194, -2.405595481036471e-06, 5.648766716603859e-07, 1.651666664045024, -8.765327663695643e-07, 2.5516842754313984e-06, 1.6898340951677255, -5.234848465818231e-07, 1.2174066199577283e-06, 0.4532626121929866, -0.3963818298204842, -0.07774827133117412, -0.4004011805599248, 2.5906412872700457e-06, -7.479746273020282e-06, 1.6534323516495988, -6.13572936458695e-07, -3.817787160187436e-06, 1.6480078214931382, 5.356589127814004e-07, 7.440789261181635e-06, 0.4907162729447805, 0.004454902305862873, 0.14796942466293217, 0.5151448905303937, 4.869626479830913e-08, 7.986187426922697e-07, 0.5360029421529475, -9.739252959661826e-09, -7.694009838132843e-07, 0.5359890344997211, 0.14236725053248733, -0.022351458932135415, 0.24177586392727335, 6.427906953376805e-07, 2.5565539019112293e-07, 0.5724100227816962, 3.700916124671494e-06, -6.9733051191178674e-06, 1.0634792852107466, -2.9996899115758424e-06, 1.947850591932365e-06, 0.9957342103336941, -0.14133637008521305, -0.02313612132533649, 0.22547278299992968, 5.8435517757970956e-08, 4.528752626242749e-07, 0.5638581795428763, 8.180972486115934e-07, 1.5972374853845395e-06, 1.0839247820779292, -1.3634954143526556e-07, -1.792022544577776e-06, 0.9706518940894284, -0.0010309583612979623, 0.045486986163041365, 0.3909837904320739, -2.2278541145226427e-07, -4.48005636144444e-07, 0.29551739289328793, 0.00015657796983248318, -0.549327915353274, 0.7418916457314708, -0.00015681171190351506, 0.5493226951136876, 0.3314712671248117, -0.0021287109542065252, 0.18171953969175547, -0.001075436540421859, 0.39192678386064017, -0.07022314013936182, -0.4087940012764193, -2.356899216238162e-06, 2.580902034310384e-07, 1.651666664045024, -6.817477071763278e-07, 2.5516842754313984e-06, 1.689834250995773, -6.866173336561587e-07, 1.1881888610787428e-06, 0.4532626511499984, -0.3963819077345079, -0.07774822263490933, -0.4004011805599248, 2.629598299108693e-06, -7.14861167239178e-06, 1.6534329749617882, -4.6748414206376765e-07, -3.817787160187436e-06, 1.6480079773211855, 3.62787172747403e-07, 7.51870328485893e-06, 0.4907161950307568, 0.0044547830000141175, 0.14796928831339073, 0.5151446178313108, 2.7087297294059454e-08, 6.72008454216666e-07, 0.5360022798837463, 8.765327663695643e-08, -1.0421000666838154e-06, 0.5359889565856975, 0.1423674258390406, -0.022351200841931984, 0.24177555227117864, 7.791402367729461e-07, 8.838372060893107e-07, 0.5724099448676725, 3.46717405363961e-06, -6.875912589521249e-06, 1.0634803760070781, -3.0386469234144897e-06, 1.947850591932365e-06, 0.9957338986775994, -0.1413362142571657, -0.023135722015965143, 0.22547237395130537, 2.3861169751171474e-07, -4.4070119642469763e-07, 0.5638586080700065, 8.96011272288888e-07, 1.4803664498685976e-06, 1.0839251716480476, -2.3374207103188382e-07, -1.7141085209004814e-06, 0.9706516603473574, -0.0010308122725035673, 0.045487258862124236, 0.39098316711988446, -3.530479197877412e-08, 2.9217758878985478e-08, 0.29551639948948605, 0.0001565643500959224, -0.5493273699551082, 0.7418911003333051, -0.00015672672170385926, 0.5493226951136876, 0.3314713839958472, -0.0017265376337869398, 0.18164448900844832, -0.0012148184895716119, 0.39192686177466385, -0.07022313040010886, -0.40879404023343113, -2.522466516552413e-06, 6.622692012570042e-07, 1.6516668198730713, -6.622692012570042e-07, 2.522466516552413e-06, 1.689834250995773, -5.478329789809777e-07, 1.2466243788367137e-06, 0.45326269010701026, -0.39638186877749604, -0.07774832002743892, -0.400401375344984, 2.6685553109473403e-06, -7.3044397197463695e-06, 1.6534326633056935, -6.817477071763278e-07, -3.876222677945407e-06, 1.6480075098370435, 3.6035235950748756e-07, 7.401832249342988e-06, 0.49071611711673313, 0.0044548146525862364, 0.14796923961712594, 0.5151443061752161, 9.769688125160769e-08, 8.083579956519316e-07, 0.5360034485941014, -1.9478505919323652e-08, -7.499224778939606e-07, 0.535988333273508, 0.142367328446511, -0.02235160989055629, 0.24177720794418178, 4.869626479830913e-07, 6.500951350574269e-07, 0.5724100227816962, 3.4476955477202864e-06, -6.427906953376805e-06, 1.0634798306089124, -3.077603935253137e-06, 2.181592662964249e-06, 0.9957342882477178, -0.14133627269268345, -0.023135984975795054, 0.2254736010971783, 9.130549649682962e-08, -7.657487639534111e-07, 0.5638582574569, 1.285581390675361e-06, 2.1036786392869544e-06, 1.083925093734024, -4.48005636144444e-07, -1.8699365682550706e-06, 0.9706516603473574, -0.001030880447274285, 0.04548692772752361, 0.39098507601346455, 1.2661028847560374e-07, -8.473150074905789e-07, 0.2955177824634063, 0.00015657796983248318, -0.5493279543102858, 0.7418917236454945, -0.00015679223339759574, 0.5493226171996639, 0.33147153982389455, -0.0013426741089315186, 0.18160712923409505, -0.0013247975579482318, 0.39192678386064017, -0.07022301352907334, -0.4087936896203246, -2.4835095047137656e-06, 7.012262130956515e-07, 1.6516668198730713, -7.401832249342988e-07, 2.5322057695120748e-06, 1.689834250995773, -5.965292437792868e-07, 1.1005355844417863e-06, 0.45326249532195106, -0.3963819077345079, -0.07774827133117412, -0.4004011805599248, 2.512727263592751e-06, -7.3044397197463695e-06, 1.6534325074776461, -6.476603218175114e-07, -3.876222677945407e-06, 1.6480076656650908, 4.090486243057967e-07, 7.499224778939606e-06, 0.4907160002456976, 0.004454790304453837, 0.1479693662274144, 0.515144578874299, 2.800035225902775e-08, 6.573995747771733e-07, 0.5360031369380067, -5.8435517757970956e-08, -7.109654660553133e-07, 0.5359903590381236, 0.14236712392219886, -0.02235159771649009, 0.24177635088992133, 1.0226215607644917e-06, 9.252290311678735e-07, 0.5724099448676725, 3.525609571397581e-06, -6.9733051191178674e-06, 1.0634798306089124, -2.843861864221253e-06, 2.02576461560966e-06, 0.9957341324196705, -0.14133649669550152, -0.02313606288981873, 0.22547282195694152, 1.4365398115501193e-07, 5.5392001208076636e-08, 0.5638582574569, 1.1687103551594191e-06, 1.675151509061834e-06, 1.0839249379059765, -4.2852713022512035e-07, -1.4803664498685976e-06, 0.9706514266052864, -0.0010310654930805185, 0.04548685955275289, 0.3909846085293225, -8.278365015712552e-08, -5.843551775797096e-07, 0.2955172565437465, 0.00015660718759136216, -0.5493269803849898, 0.7418921911296366, -0.00015673379787983777, 0.5493233963399007, 0.33147165669493006, -0.0009977914875196614, 0.1815377273175045, -0.001297172166928151, 0.39192686177466385, -0.07022299405056742, -0.40879345587825355, -2.356899216238162e-06, 5.648766716603859e-07, 1.6516674431852607, -7.596617308536224e-07, 2.5419450224717366e-06, 1.6898340951677255, -5.940944305393714e-07, 1.1492318492400955e-06, 0.4532626121929866, -0.3963819077345079, -0.0777482031564034, -0.4004012584739485, 2.7075123227859876e-06, -7.51870328485893e-06, 1.6534326633056935, -3.9443974486630395e-07, -3.876222677945407e-06, 1.6480075098370435, 5.088759671423304e-07, 7.440789261181635e-06, 0.4907160002456976, 0.004454843870345115, 0.14796942466293217, 0.5151446178313108, 4.869626479830913e-08, 8.083579956519316e-07, 0.5360027863249002, -6.817477071763278e-08, -8.37575754530917e-07, 0.5359881384884488, 0.14236728948949917, -0.02235107666645675, 0.24177543540014312, 9.447075370871971e-07, 1.1747973882592078e-06, 0.5724099448676725, 3.0581254293338134e-06, -7.109654660553133e-06, 1.0634797526948887, -2.7269908287053113e-06, 2.1426356511256017e-06, 0.9957345219897888, -0.1413363311282012, -0.023135663580447385, 0.2254715948110686, 4.382663831847822e-08, -6.525299482973423e-07, 0.5638582574569, 1.1687103551594191e-06, 1.899154327134056e-06, 1.0839247820779292, -4.2852713022512035e-07, -1.8699365682550706e-06, 0.9706519720034521, -0.0010309778398038816, 0.04548732703689495, 0.3909829333778134, 3.1652572118900935e-08, -4.090486243057967e-07, 0.2955179577699596, 0.00015652927356768487, -0.5493274089121201, 0.7418929702698733, -0.00015682145115647472, 0.5493233963399007, 0.3314722800071195, -0.0007399208738076979, 0.18143538724740438, -0.0012265695830586676, 0.391926822817652, -0.07022303300757926, -0.40879404023343113, -2.45429174583478e-06, 6.671388277368351e-07, 1.6516665082169766, -7.207047190149751e-07, 2.356899216238162e-06, 1.689834250995773, -5.137455936221613e-07, 1.1102748374014482e-06, 0.4532626121929866, -0.3963819077345079, -0.07774806680686197, -0.40040082994681825, 2.8243833583019295e-06, -7.460267767100959e-06, 1.6534329749617882, -3.652219859873185e-07, -3.954136701622701e-06, 1.6480078214931382, 6.281818158981878e-07, 7.51870328485893e-06, 0.4907161950307568, 0.0044547830000141175, 0.14796950257695585, 0.515144345132228, 2.9217758878985478e-08, 7.207047190149751e-07, 0.5360030200669712, -4.869626479830913e-08, -4.7235376854359856e-07, 0.535987865789366, 0.14236725053248733, -0.022351410235870617, 0.2417763314114154, 1.178449608119081e-06, 1.22714587291739e-06, 0.572409827996637, 3.408738535881639e-06, -6.544777988892747e-06, 1.063479674780865, -2.7659478405439586e-06, 1.850458062335747e-06, 0.9957337428495521, -0.1413363603459601, -0.02313612132533649, 0.2254732115270599, 1.4121916791509648e-07, 4.528752626242749e-07, 0.5638584132849473, 7.401832249342988e-07, 1.0323608137241536e-06, 1.0839245483358582, -3.5061310654782574e-07, -1.5193234617072449e-06, 0.9706520499174758, -0.0010309486220450026, 0.045486674506946656, 0.39098456957231065, -8.906090304128256e-08, -5.06441153902415e-07, 0.2955176850708767, 0.00015674353713279743, -0.5493277205682148, 0.7418921132156129, -0.00015668510161503946, 0.5493228119847231, 0.33147243583516683, -0.0004956193221059557, 0.18134305912934678, -0.0011449883502024916, 0.39192678386064017, -0.0702229745720615, -0.4087929883941115, -2.4932487576734275e-06, 7.401832249342988e-07, 1.651667131529166, -7.596617308536224e-07, 2.2692459396012055e-06, 1.6898340951677255, -4.2852713022512035e-07, 1.0713178255628009e-06, 0.4532626511499984, -0.3963819077345079, -0.0777483492451978, -0.4004010636888893, 2.5322057695120748e-06, -7.479746273020282e-06, 1.653432039993504, -6.476603218175114e-07, -3.817787160187436e-06, 1.6480076656650908, 4.017441845860503e-07, 7.460267767100959e-06, 0.49071623398776865, 0.0044547562170684785, 0.14796935648816145, 0.5151453969715476, 3.8957011838647304e-08, 6.18442562938526e-07, 0.536002825281912, -9.739252959661826e-09, -5.940944305393714e-07, 0.5359886449296027, 0.14236719209696957, -0.022351439453629496, 0.2417762145403799, 3.700916124671494e-07, 9.514032734969646e-07, 0.572410061738708, 3.077603935253137e-06, -6.885651842480911e-06, 1.0634800643509834, -2.921775887898548e-06, 1.5193234617072449e-06, 0.9957337428495521, -0.14133641878147785, -0.023136179760854247, 0.22547325048407174, 1.460887943949274e-07, 7.864446764926925e-07, 0.5638584132849473, 8.570542604502407e-07, 1.1881888610787428e-06, 1.0839246262498818, -2.3374207103188382e-07, -1.0907963314821245e-06, 0.9706521278314995, -0.0010309778398038816, 0.045487283210256635, 0.39098316711988446, -1.6252378376435672e-07, -4.918322744629222e-07, 0.2955171591512169, 0.00015666562310912013, -0.5493281101383332, 0.7418922690436602, -0.0001567240586268781, 0.5493223055435692, 0.3314718125229774, -0.00023983829174725746, 0.18125061414025367, -0.001068224471429402, 0.391926822817652, -0.0702230719645911, -0.4087933779642299, -2.4348132399154565e-06, 4.187878772654585e-07, 1.6516674431852607, -5.648766716603859e-07, 2.405595481036471e-06, 1.6898337835116308, -6.379210688578496e-07, 1.2466243788367137e-06, 0.45326257323597474, -0.39638186877749604, -0.07774831028818596, -0.4004011805599248, 2.571162781350722e-06, -7.499224778939606e-06, 1.6534326633056935, -7.499224778939606e-07, -3.954136701622701e-06, 1.6480076656650908, 3.2869978738858663e-07, 7.479746273020282e-06, 0.4907162729447805, 0.004454818304806096, 0.14796933700965553, 0.5151451242724647, 1.9478505919323652e-08, 7.694009838132843e-07, 0.5360036433791606, -1.9478505919323652e-08, -5.161804068620768e-07, 0.5359896578119105, 0.14236725053248733, -0.02235162449943573, 0.24177677941705156, 6.427906953376805e-07, 1.4890404720357964e-06, 0.5724099448676725, 3.3892600299623155e-06, -7.099915407593471e-06, 1.0634802980930544, -2.843861864221253e-06, 2.2205496748028963e-06, 0.9957334311934574, -0.14133634086745417, -0.023135936279530256, 0.22547303622050663, 2.7269908287053113e-07, 1.2661028847560374e-07, 0.5638581016288526, 1.8309795564164233e-06, 1.967329097851689e-06, 1.0839252495620713, -1.9478505919323652e-07, -1.4414094380299503e-06, 0.9706524394875942, -0.0010309194042861236, 0.04548722477473888, 0.3909836346040265, -1.4608879439492739e-08, -3.700916124671494e-07, 0.29551741237179385, 0.00015653901282064453, -0.5493271362130372, 0.7418918015595182, -0.00015673379787983777, 0.5493230457267941, 0.3314721241790721, 1.950631486292466e-05, 0.18117723860845558, -0.0010307673806344564, 0.39192686177466385, -0.07022309144309702, -0.4087941181474548, -2.4932487576734275e-06, 3.1165609470917843e-07, 1.6516663523889292, -6.622692012570042e-07, 2.2205496748028963e-06, 1.6898339393396782, -6.233121894183569e-07, 1.178449608119081e-06, 0.45326257323597474, -0.3963818298204842, -0.0777482518526682, -0.40040145325900767, 2.415334733996133e-06, -7.401832249342988e-06, 1.6534323516495988, -5.307892863015695e-07, -3.856744172026083e-06, 1.6480075098370435, 4.3339675670495126e-07, 7.382353743423664e-06, 0.4907161950307568, 0.004454827435355746, 0.14796937596666737, 0.515144345132228, 0.0, 7.474876646540451e-07, 0.5360032148520304, -8.765327663695643e-08, -9.252290311678735e-07, 0.5359889565856975, 0.14236733818576397, -0.0223512933648351, 0.24177627297589765, 5.259196598217386e-07, 4.445436360689392e-07, 0.5724099838246843, 3.1652572118900935e-06, -6.262339653062554e-06, 1.063480142265007, -2.9996899115758424e-06, 1.4998449557879212e-06, 0.9957337428495521, -0.1413362824319364, -0.023135741494471063, 0.2254733089195895, -1.1687103551594191e-07, -1.12001409036111e-07, 0.5638582574569, 1.0907963314821245e-06, 2.2010711688835727e-06, 1.0839250158200002, -3.8957011838647304e-07, -1.1297533433207718e-06, 0.9706516603473574, -0.001030880447274285, 0.04548714199108872, 0.3909843358302396, -3.8957011838647304e-08, -5.06441153902415e-07, 0.29551651636052156, 0.00015674353713279743, -0.5493276816112029, 0.7418914899034235, -0.00015669484086799912, 0.5493230457267941, 0.33147083859768145, 0.00024741115060472607, 0.1811209067693369, -0.0010267895805916583, 0.39192678386064017, -0.07022285770102599, -0.4087932221361825, -2.512727263592751e-06, 8.570542604502407e-07, 1.6516669757011186, -6.817477071763278e-07, 2.4932487576734275e-06, 1.689834250995773, -4.7235376854359856e-07, 1.2758421377156992e-06, 0.4532626511499984, -0.3963818298204842, -0.07774831028818596, -0.4004014922160195, 2.1621141570449254e-06, -7.538181790778253e-06, 1.6534323516495988, -6.72008454216666e-07, -3.7203946305908175e-06, 1.6480073540089961, 3.6765679922723393e-07, 7.460267767100959e-06, 0.4907159612886858, 0.004454817087399476, 0.14796935648816145, 0.5151442282611924, 5.60007045180555e-08, 7.888794897326079e-07, 0.5360026304968528, 3.8957011838647304e-08, -1.0761874520426318e-06, 0.5359895019838632, 0.14236727001099325, -0.022351437018816256, 0.24177566914221416, 1.0810570785224627e-06, 1.5592696164246078e-06, 0.5724100227816962, 3.476913306599272e-06, -6.671388277368351e-06, 1.0634795968668413, -2.921775887898548e-06, 1.947850591932365e-06, 0.9957340545056468, -0.14133637008521305, -0.023136028802433373, 0.22547262717188232, 2.629598299108693e-07, 1.12001409036111e-07, 0.5638580626718408, 1.7141085209004814e-06, 2.016025362649998e-06, 1.0839254833041423, -3.5061310654782574e-07, -1.6361944972231868e-06, 0.9706522836595468, -0.0010309729701774017, 0.04548686442237937, 0.3909840241741449, -1.0713178255628009e-07, -3.2139534766884026e-07, 0.2955170812371932, 0.00015650979506176554, -0.5493270972560254, 0.7418916457314708, -0.00015674353713279743, 0.5493231236408178, 0.3314720073080366, 0.00048066892206560796, 0.18105372540242115, -0.0010444336829984469, 0.39192686177466385, -0.07022295509355558, -0.4087938064913601, -2.415334733996133e-06, 6.525299482973423e-07, 1.6516669757011186, -5.648766716603859e-07, 2.3861169751171474e-06, 1.6898339393396782, -3.798308654268112e-07, 1.1881888610787428e-06, 0.4532625342789629, -0.39638186877749604, -0.0777482518526682, -0.40040172595809054, 2.5322057695120748e-06, -7.51870328485893e-06, 1.6534323516495988, -5.697462981402168e-07, -3.876222677945407e-06, 1.6480078214931382, 4.918322744629222e-07, 7.3628752375043405e-06, 0.49071623398776865, 0.004454816783047821, 0.1479695123162088, 0.5151445399172871, 7.30443971974637e-08, 8.156624353716779e-07, 0.5360029031959357, 3.8957011838647304e-08, -5.697462981402168e-07, 0.5359888007576501, 0.1423672602717403, -0.02235128606039538, 0.24177537696462537, 9.252290311678735e-07, -6.589213330521204e-08, 0.5724099448676725, 2.853601117180915e-06, -6.739563048085984e-06, 1.0634806876631728, -2.9996899115758424e-06, 1.3829739202719793e-06, 0.9957335870215047, -0.14133637008521305, -0.023135653841194426, 0.2254718869886574, 2.1426356511256017e-07, -1.7043692679408196e-07, 0.5638583743279355, 1.5582804735458922e-06, 1.6167159913038631e-06, 1.0839249379059765, -4.2852713022512035e-07, -1.4219309321106266e-06, 0.9706525953156415, -0.0010309583612979623, 0.04548706407706504, 0.39098398521713307, -1.9478505919323652e-07, -6.72008454216666e-07, 0.29551678905960443, 0.00015663153572376132, -0.5493277205682148, 0.7418926586137786, -0.00015669484086799912, 0.5493222665865574, 0.33147294227632074, 0.0006925760064454556, 0.18098893989173348, -0.00106302386252477, 0.39192686177466385, -0.07022289665803783, -0.4087933779642299, -2.3374207103188382e-06, 7.109654660553133e-07, 1.651667131529166, -5.06441153902415e-07, 2.464030998794442e-06, 1.6898337835116308, -5.502677922208932e-07, 1.2563636317963756e-06, 0.4532626121929866, -0.3963818298204842, -0.07774822263490933, -0.40040121951693664, 2.4932487576734275e-06, -7.3628752375043405e-06, 1.6534325074776461, -7.450528514141297e-07, -3.89570118386473e-06, 1.6480076656650908, 4.796582082633449e-07, 7.440789261181635e-06, 0.49071623398776865, 0.00445484843561994, 0.14796945388069105, 0.5151451242724647, 3.652219859873185e-08, 7.207047190149751e-07, 0.5360032927660541, -1.9478505919323652e-08, -6.622692012570042e-07, 0.5359890344997211, 0.1423672310539814, -0.02235133962628666, 0.24177709107314627, 6.233121894183569e-07, 9.99110395416558e-07, 0.5724099448676725, 3.7106553776311557e-06, -6.710345289206998e-06, 1.063479441038794, -2.7659478405439586e-06, 1.4803664498685976e-06, 0.9957336649355284, -0.14133637008521305, -0.023135663580447385, 0.22547328944108358, 1.460887943949274e-07, -2.629598299108693e-07, 0.5638583353709237, 8.180972486115934e-07, 1.7628047856987905e-06, 1.0839249379059765, -3.1165609470917843e-07, -1.22714587291739e-06, 0.9706518161754047, -0.0010309875790568412, 0.04548712738220928, 0.39098488122840536, 0.0, -6.281818158981878e-07, 0.2955164774035097, 0.000156582839458963, -0.5493270582990135, 0.7418907107631867, -0.00015676301563871675, 0.5493234742539244, 0.3314709944257288, 0.0009119671360654502, 0.18092119364814607, -0.0010703015953867911, 0.39192686177466385, -0.0702229745720615, -0.4087939233623956, -2.45429174583478e-06, 4.918322744629222e-07, 1.6516669757011186, -7.012262130956515e-07, 2.298463698480191e-06, 1.689834250995773, -6.038336834990332e-07, 1.22714587291739e-06, 0.45326269010701026, -0.3963819466915197, -0.07774817393864453, -0.4004012974309603, 2.5906412872700457e-06, -7.323918225665693e-06, 1.6534328191337408, -6.671388277368351e-07, -3.798308654268112e-06, 1.6480075098370435, 7.060958395754824e-07, 7.4213107552623114e-06, 0.4907162729447805, 0.004454796391486937, 0.14796930779189665, 0.5151437218200385, 3.408738535881639e-08, 6.537473549173001e-07, 0.536003799207208, 0.0, -9.300986576477044e-07, 0.5359886449296027, 0.14236738688202877, -0.02235102797019195, 0.24177543540014312, 5.06441153902415e-07, 1.062187275913118e-06, 0.5724098669536488, 3.739873136510141e-06, -6.72008454216666e-06, 1.0634793631247703, -3.0386469234144897e-06, 2.0452431215289835e-06, 0.9957337428495521, -0.1413362824319364, -0.023136014193553933, 0.2254728998709652, 2.3374207103188382e-07, -1.9478505919323652e-08, 0.5638582574569, 5.843551775797096e-07, 1.7043692679408196e-06, 1.0839247820779292, -3.5061310654782574e-07, -1.1687103551594191e-06, 0.9706518161754047, -0.001030851229515406, 0.04548711764295632, 0.39098445270127513, -1.460887943949274e-07, -4.48005636144444e-07, 0.2955171591512169, 0.0001566899712415193, -0.549326941427978, 0.7418921132156129, -0.0001566899712415193, 0.5493234742539244, 0.3314713839958472, 0.0011117739975660124, 0.18086897177377637, -0.0010771635838880966, 0.39192686177466385, -0.07022299405056742, -0.4087931831791707, -2.5516842754313984e-06, 3.8957011838647304e-07, 1.651667599013308, -6.233121894183569e-07, 2.415334733996133e-06, 1.689834250995773, -4.48005636144444e-07, 1.12001409036111e-06, 0.4532625342789629, -0.3963819077345079, -0.077748300548933, -0.4004011805599248, 2.571162781350722e-06, -7.3044397197463695e-06, 1.6534331307898356, -5.453981657410623e-07, -3.856744172026083e-06, 1.6480078214931382, 3.530479197877412e-07, 7.479746273020282e-06, 0.49071615607374497, 0.004454823174432576, 0.14796940518442625, 0.5151450853154529, 6.45225508577596e-08, 7.669661705733688e-07, 0.5360036044221488, -5.356589127814004e-08, -6.744432674565815e-07, 0.5359890344997211, 0.1423673089680051, -0.022351147276040706, 0.2417759223627911, 9.641860430065208e-07, 2.5138495603205246e-07, 0.5724099838246843, 3.4866525595589337e-06, -6.983044372077529e-06, 1.0634806097491492, -2.6490768050280167e-06, 1.792022544577776e-06, 0.9957336649355284, -0.14133639930297193, -0.02313583401737418, 0.22547297778498887, 1.2661028847560374e-07, 1.3634954143526556e-07, 0.5638584132849473, 1.1297533433207718e-06, 1.9186328330533797e-06, 1.0839252495620713, -4.6748414206376765e-07, -1.850458062335747e-06, 0.9706519720034521, -0.001030968100550922, 0.04548706407706504, 0.3909840241741449, -8.765327663695643e-08, -1.3634954143526556e-07, 0.29551739289328793, 0.00015663153572376132, -0.5493275257831556, 0.7418917236454945, -0.00015668510161503946, 0.5493223834575929, 0.3314716956519419, 0.0013041832116524876, 0.18081696416297177, -0.001092464635078949, 0.3919269007316757, -0.07022303300757926, -0.40879404023343113, -2.5322057695120748e-06, 8.473150074905789e-07, 1.6516669757011186, -7.596617308536224e-07, 2.3666384691978237e-06, 1.6898337835116308, -4.601797023440213e-07, 1.0713178255628009e-06, 0.45326257323597474, -0.3963819077345079, -0.0777482518526682, -0.4004015701300432, 2.746469334624635e-06, -7.401832249342988e-06, 1.6534328191337408, -4.6748414206376765e-07, -3.759351642429465e-06, 1.6480078214931382, 6.98791399855736e-07, 7.382353743423664e-06, 0.4907160781597213, 0.004454819522212716, 0.14796942466293217, 0.5151444620032635, 6.45225508577596e-08, 7.225308289449117e-07, 0.5360026304968528, -9.739252959661826e-09, -8.497498207304943e-07, 0.5359896188548987, 0.14236727001099325, -0.022351152145667186, 0.24177613662635622, 2.24002818072222e-07, 1.4823162026583736e-06, 0.5724099838246843, 3.6132628480345375e-06, -6.846694830642264e-06, 1.0634804539211018, -2.921775887898548e-06, 1.6361944972231868e-06, 0.9957335870215047, -0.14133637008521305, -0.023135989845421534, 0.2254735037046487, 2.629598299108693e-07, -1.2661028847560374e-07, 0.5638582184998882, 1.1687103551594191e-06, 1.6069767383442013e-06, 1.0839252495620713, -1.5582804735458922e-07, -1.460887943949274e-06, 0.9706521278314995, -0.0010309486220450026, 0.04548715659996816, 0.3909842189592041, -1.1687103551594191e-07, -6.233121894183569e-07, 0.2955166332315571, 0.00015667049273559996, -0.5493272141270609, 0.7418918794735418, -0.00015671431937391844, 0.5493230457267941, 0.3314718904370011, 0.0014951749839937634, 0.18077037157681275, -0.0010967480041833566, 0.39192678386064017, -0.0702228771795319, -0.40879314422215884, -2.5322057695120748e-06, 4.7235376854359856e-07, 1.6516668198730713, -7.401832249342988e-07, 2.4445524928751183e-06, 1.6898340951677255, -5.161804068620768e-07, 1.0907963314821245e-06, 0.4532625342789629, -0.39638186877749604, -0.07774809602462085, -0.4004005572477354, 2.45429174583478e-06, -7.3628752375043405e-06, 1.6534326633056935, -5.648766716603859e-07, -3.759351642429465e-06, 1.6480075098370435, 6.573995747771733e-07, 7.382353743423664e-06, 0.4907163119017923, 0.004454828044059056, 0.1479693954451733, 0.5151446567883227, 4.9304968108287994e-08, 6.695736409767505e-07, 0.5360031758950186, -2.9217758878985478e-08, -9.398379106073662e-07, 0.535989073456733, 0.14236728948949917, -0.022351147276040706, 0.2417762145403799, 9.252290311678735e-07, 5.25158780684265e-07, 0.5724099448676725, 3.194474970769079e-06, -6.437646206336467e-06, 1.0634798306089124, -2.921775887898548e-06, 1.7141085209004814e-06, 0.9957337428495521, -0.14133635060670713, -0.023136028802433373, 0.22547367901120197, 4.2852713022512035e-07, 6.768780806964969e-07, 0.5638582964139118, 1.0518393196434772e-06, 2.1523749040852636e-06, 1.083925093734024, -3.5061310654782574e-07, -1.6556730031425104e-06, 0.9706518161754047, -0.001030934013165563, 0.04548740495091863, 0.39098386834609755, -1.1687103551594191e-07, -3.2626497414867117e-07, 0.2955160293978736, 0.00015659257871192267, -0.5493260454167057, 0.7418913340753761, -0.00015671188456067853, 0.549323552167948, 0.3314718125229774, 0.001654804231343343, 0.18073616732041842, -0.0010581596382868153, 0.39192686177466385, -0.07022283822252007, -0.4087933779642299, -2.512727263592751e-06, 8.132276221317625e-07, 1.6516669757011186, -6.622692012570042e-07, 2.3276814573591764e-06, 1.689834250995773, -5.673114849003014e-07, 1.2758421377156992e-06, 0.4532627290640221, -0.39638186877749604, -0.07774809602462085, -0.4004011026459011, 2.45429174583478e-06, -7.187568684230428e-06, 1.6534326633056935, -5.989640570192023e-07, -3.798308654268112e-06, 1.6480075098370435, 3.8957011838647304e-07, 7.323918225665693e-06, 0.4907160781597213, 0.004454830478872296, 0.14796950257695585, 0.5151446957453345, 3.0435165498943206e-08, 8.372714028759276e-07, 0.5360022019697226, -5.356589127814004e-08, -7.937491162124388e-07, 0.535989540940875, 0.14236727001099325, -0.02235130066927482, 0.24177658463199236, 4.187878772654585e-07, 9.957244832548007e-07, 0.5724101786097435, 3.4282170418009628e-06, -6.671388277368351e-06, 1.0634800643509834, -3.2334319826077262e-06, 1.5582804735458922e-06, 0.9957335870215047, -0.14133637008521305, -0.02313605802019225, 0.2254741270168381, 2.921775887898548e-07, 1.1297533433207718e-06, 0.5638582574569, 1.4414094380299503e-06, 1.460887943949274e-06, 1.0839248599919529, -1.9478505919323652e-07, -1.3050598965946847e-06, 0.9706521278314995, -0.0010309437524185228, 0.04548746338643639, 0.39098375147506204, -5.8435517757970956e-08, -9.836645489258444e-07, 0.2955176655923708, 0.0001566230138774216, -0.5493280322243095, 0.7418927365278023, -0.00015670884104412863, 0.5493223055435692, 0.33147243583516683, 0.0017866630641092396, 0.18071888988566798, -0.00100805818189742, 0.391926822817652, -0.07022291613654374, -0.40879345587825355, -2.395856228076809e-06, 4.187878772654585e-07, 1.651667131529166, -6.233121894183569e-07, 2.4348132399154565e-06, 1.6898344068238202, -7.474876646540451e-07, 1.0323608137241536e-06, 0.4532626511499984, -0.3963819077345079, -0.07774823237416228, -0.40040114160291296, 2.7075123227859876e-06, -7.187568684230428e-06, 1.6534329749617882, -7.30443971974637e-07, -3.856744172026083e-06, 1.6480079773211855, 6.013988702591178e-07, 7.382353743423664e-06, 0.49071623398776865, 0.004454838087663671, 0.14796947335919697, 0.515145046358441, 1.3087121164545579e-08, 6.674431793918245e-07, 0.5360026304968528, 4.869626479830913e-08, -6.622692012570042e-07, 0.5359886059725909, 0.1423672797502462, -0.022351398061804417, 0.24177664306751012, 8.667935134099025e-07, 1.299581566804875e-06, 0.5724099448676725, 3.5645665832362283e-06, -7.012262130956515e-06, 1.063479441038794, -3.1165609470917843e-06, 1.4219309321106266e-06, 0.9957331974513863, -0.14133637008521305, -0.023136301501516243, 0.22547389327476708, -1.7530655327391287e-07, 1.2758421377156992e-06, 0.5638582184998882, 1.01288230780483e-06, 1.6361944972231868e-06, 1.0839247041639055, -3.5061310654782574e-07, -1.4414094380299503e-06, 0.9706518161754047, -0.0010309047954066841, 0.04548706407706504, 0.39098437478725145, -4.869626479830913e-08, -9.008808987687189e-07, 0.29551632157546237, 0.00015662864438303892, -0.5493268245569425, 0.7418926586137786, -0.00015672284122025815, 0.5493237079959954, 0.33147224105010764, 0.0019034727727667011, 0.18070272272575494, -0.0009648021268441331, 0.39192678386064017, -0.07022283822252007, -0.40879306630813517, -2.405595481036471e-06, 5.648766716603859e-07, 1.6516669757011186, -4.869626479830913e-07, 2.3861169751171474e-06, 1.689834250995773, -6.233121894183569e-07, 1.0713178255628009e-06, 0.4532625342789629, -0.3963819077345079, -0.07774808628536789, -0.40040082994681825, 2.7659478405439586e-06, -7.070697648714486e-06, 1.6534328191337408, -4.187878772654585e-07, -3.915179689784054e-06, 1.6480078214931382, 8.083579956519316e-07, 7.4213107552623114e-06, 0.49071603920270945, 0.004454801565465072, 0.1479695610124736, 0.5151446957453345, 5.447894624310834e-08, 7.098241473491029e-07, 0.5360035654651369, -4.869626479830913e-09, -9.154897782082116e-07, 0.5359886059725909, 0.1423672115754755, -0.022351685369766727, 0.24177578601324967, 9.252290311678735e-07, 1.6544555965225527e-06, 0.5724100227816962, 3.019168417495166e-06, -6.846694830642264e-06, 1.063479908522936, -2.843861864221253e-06, 1.4219309321106266e-06, 0.9957338986775994, -0.14133643825998377, -0.023136510895454876, 0.22547319204855398, 5.453981657410623e-07, 9.252290311678735e-08, 0.5638581405858645, 1.1687103551594191e-06, 1.7238477738601432e-06, 1.0839250158200002, -1.5582804735458922e-07, -1.1297533433207718e-06, 0.9706521278314995, -0.001030997318309801, 0.04548677676910273, 0.39098394626012123, -8.765327663695643e-08, -2.921775887898548e-07, 0.29551752924282937, 0.00015661023110791206, -0.5493277205682148, 0.7418918794735418, -0.00015670579752757874, 0.5493227730277113, 0.33147165669493006, 0.00199429906758275, 0.18069296399428936, -0.0009246327301878354, 0.39192674490362833, -0.07022293561504966, -0.40879263778100494, -2.415334733996133e-06, 4.139182507856276e-07, 1.651666664045024, -5.453981657410623e-07, 2.580902034310384e-06, 1.689834250995773, -6.622692012570042e-07, 1.2174066199577283e-06, 0.4532624563649392, -0.3963819077345079, -0.0777482031564034, -0.40040071307578273, 2.415334733996133e-06, -7.440789261181635e-06, 1.6534321958215514, -6.525299482973423e-07, -3.817787160187436e-06, 1.6480078214931382, 5.86789990819625e-07, 7.401832249342988e-06, 0.4907163119017923, 0.004454759564936683, 0.14796940518442625, 0.5151452411435002, 1.1698516738656295e-07, 7.802244895438459e-07, 0.5360029421529475, 9.739252959661826e-08, -6.427906953376805e-07, 0.5359888397146619, 0.142367328446511, -0.022351178928612825, 0.24177607819083846, 7.207047190149751e-07, 1.966111691231731e-07, 0.5724100227816962, 3.4866525595589337e-06, -6.7979985658439546e-06, 1.063479908522936, -3.0386469234144897e-06, 1.6946300149811577e-06, 0.9957344440757652, -0.14133632138894825, -0.023135916801024337, 0.22547319204855398, -2.629598299108693e-07, -4.7235376854359856e-07, 0.5638581016288526, 2.3374207103188382e-07, 1.6361944972231868e-06, 1.0839247820779292, -3.5061310654782574e-07, -1.6946300149811577e-06, 0.9706522836595468, -0.001030909665033164, 0.045487322167268474, 0.3909839073031094, 9.739252959661826e-09, -8.814023928493953e-07, 0.295517373414782, 0.0001566291009105214, -0.5493277595252266, 0.7418921911296366, -0.0001567009279010989, 0.5493225392856402, 0.33147274749126154, 0.002052369515530561, 0.1806870620069958, -0.0008807723849235671, 0.39192678386064017, -0.07022270187297863, -0.4087925988239931, -2.4835095047137656e-06, 5.794855510998786e-07, 1.651666664045024, -7.012262130956515e-07, 2.395856228076809e-06, 1.6898344068238202, -5.259196598217386e-07, 1.1394925962804336e-06, 0.4532627290640221, -0.39638186877749604, -0.07774812524237973, -0.4004009078608419, 2.4932487576734275e-06, -7.382353743423664e-06, 1.6534318841654567, -5.01571527422584e-07, -3.993093713461349e-06, 1.6480079773211855, 3.920049316263885e-07, 7.323918225665693e-06, 0.49071611711673313, 0.004454760173639993, 0.14796962918724432, 0.5151452801005121, 5.2348484658182315e-08, 6.796933335051492e-07, 0.5360030200669712, -4.869626479830913e-09, -7.620965440935379e-07, 0.5359889176286856, 0.1423672797502462, -0.022350874576957835, 0.24177600027681478, 6.233121894183569e-07, 9.62968636386563e-07, 0.5724099448676725, 3.3308245122043445e-06, -6.681127530328013e-06, 1.0634799864369597, -2.688033816866664e-06, 1.8699365682550706e-06, 0.9957342103336941, -0.141336379824466, -0.023135648971567946, 0.2254726076933764, -3.408738535881639e-07, -9.787949224460135e-07, 0.5638581016288526, 2.181592662964249e-06, 2.298463698480191e-06, 1.0839252495620713, -3.8957011838647304e-07, -1.967329097851689e-06, 0.9706516603473574, -0.0010309754049906417, 0.04548738060278623, 0.3909835956470147, -2.9217758878985478e-08, -7.012262130956515e-07, 0.2955173539362761, 0.0001566607534826403, -0.5493270972560254, 0.7418921132156129, -0.00015671066715405857, 0.5493230067697823, 0.3314722800071195]
    q (float, 9408):  [-0.5764616131782532, 0.283843457698822, 0.22255751490592957, 0.7332074046134949, -0.97062087059021, 0.11198792606592178, -0.14556166529655457, 0.15545329451560974, -0.32708412408828735, -0.036579031497240067, -0.16009750962257385, 0.9306163191795349, 0.539376437664032, -0.04430568963289261, 0.0743984803557396, 0.8376007080078125, 0.3023760914802551, -0.018113698810338974, 0.009341559372842312, 0.9529708027839661, 0.9666022062301636, 0.16467274725437164, -0.1888439655303955, 0.053861167281866074, -0.3343055248260498, -0.019084958359599113, -0.02721218392252922, 0.9418784379959106, 0.6262916922569275, 0.12935404479503632, -0.12012360990047455, 0.7593396306037903, 0.3350984454154968, -0.016947530210018158, -0.00024426475283689797, 0.942030668258667, -0.1902773380279541, 0.011397263966500759, -0.03365660458803177, 0.9810870885848999, -0.10180311650037766, 0.026931308209896088, -0.07963787764310837, 0.9912459850311279, -0.033210787922143936, 0.01782013662159443, -0.08193722367286682, 0.9959246516227722, -0.5350561738014221, 0.5300059914588928, -0.48055967688560486, 0.44930052757263184, -0.4835926592350006, 0.002625145949423313, -0.04144507274031639, 0.8743075132369995, 0.12042953819036484, -0.37772807478904724, 0.05258966609835625, 0.9165438413619995, 0.2041555792093277, -0.05794583633542061, -0.06535828113555908, 0.9750338792800903, -0.587216317653656, -0.5037570595741272, 0.43224698305130005, 0.46321526169776917, -0.4387056529521942, -0.22590035200119019, 0.034410763531923294, 0.8690928220748901, 0.014013757929205894, 0.3076133728027344, -0.09659849107265472, 0.9464915990829468, -0.0922224149107933, 0.153264120221138, 0.08677741885185242, 0.9800381660461426, -0.016762997955083847, 0.0013294464442878962, 0.012866606004536152, 0.9997758269309998, -0.16540899872779846, 0.06780774146318436, -0.16217684745788574, 0.970433235168457, 0.3170134127140045, -0.002206495963037014, -0.0023940785322338343, 0.9484154582023621, -0.49160754680633545, -0.00012442415754776448, -4.3467739487823565e-06, 0.8708168864250183, -0.5764612555503845, 0.2840123474597931, 0.2227972000837326, 0.7330694794654846, -0.9706395268440247, 0.11195744574069977, -0.14547120034694672, 0.15544353425502777, -0.3270982503890991, -0.03635542467236519, -0.15977154672145844, 0.9306761622428894, 0.5394183993339539, -0.04445011541247368, 0.07447923719882965, 0.8375588655471802, 0.3023771643638611, -0.018110547214746475, 0.009346810169517994, 0.9529704451560974, 0.9666205048561096, 0.16469861567020416, -0.18881185352802277, 0.05356508493423462, -0.3343243896961212, -0.019289307296276093, -0.026913980022072792, 0.941876232624054, 0.6262520551681519, 0.1293867826461792, -0.12014560401439667, 0.7593632340431213, 0.33510276675224304, -0.016945762559771538, -0.0002545293828006834, 0.9420291781425476, -0.19025819003582, 0.011436466127634048, -0.033664293587207794, 0.9810901284217834, -0.10176058858633041, 0.027017978951334953, -0.07964623719453812, 0.9912473559379578, -0.033164046704769135, 0.017903106287121773, -0.08193761855363846, 0.9959246516227722, -0.5350786447525024, 0.5299825072288513, -0.4805434048175812, 0.44931894540786743, -0.4834837317466736, 0.0026446599513292313, -0.041424624621868134, 0.8743686676025391, 0.12043927609920502, -0.37778788805007935, 0.05254022404551506, 0.9165207147598267, 0.20409439504146576, -0.057950057089328766, -0.06537926942110062, 0.9750450253486633, -0.5872888565063477, -0.5037155151367188, 0.4321454167366028, 0.4632631838321686, -0.43865907192230225, -0.22581344842910767, 0.03448036313056946, 0.8691361546516418, 0.013962209224700928, 0.3073726296424866, -0.09647484123706818, 0.9465831518173218, -0.0919041708111763, 0.15308448672294617, 0.08672160655260086, 0.9801011085510254, -0.01658022776246071, 0.001396019128151238, 0.012936130166053772, 0.9997779130935669, -0.1656515896320343, 0.06805112957954407, -0.16255314648151398, 0.9703118205070496, 0.31701281666755676, -0.0022094508167356253, -0.0023981707636266947, 0.9484156370162964, -0.49160754680633545, -0.00012442277511581779, -4.3457084757392295e-06, 0.8708168864250183, -0.5765472054481506, 0.28478094935417175, 0.22403110563755035, 0.7323272824287415, -0.9707114100456238, 0.11183127015829086, -0.14501160383224487, 0.15551483631134033, -0.32711559534072876, -0.03532446548342705, -0.15816421806812286, 0.9309842586517334, 0.5395861268043518, -0.04517964646220207, 0.07489029318094254, 0.8373751044273376, 0.3023957908153534, -0.018110472708940506, 0.009332437999546528, 0.9529646635055542, 0.9667423963546753, 0.1647358387708664, -0.18859831988811493, 0.05198071524500847, -0.33440980315208435, -0.020343035459518433, -0.025578608736395836, 0.9418609142303467, 0.6260299682617188, 0.12962456047534943, -0.12029747664928436, 0.7594817280769348, 0.3351016342639923, -0.0169999822974205, -0.0002710585540626198, 0.9420285820960999, -0.1901678740978241, 0.011616550385951996, -0.03359643369913101, 0.9811078310012817, -0.1015579104423523, 0.027381712570786476, -0.0794852003455162, 0.9912710785865784, -0.03294248506426811, 0.018282348290085793, -0.08173748850822449, 0.9959415197372437, -0.5352469682693481, 0.5299082398414612, -0.4803915321826935, 0.44936829805374146, -0.4830263555049896, 0.0028739061672240496, -0.04142145812511444, 0.874620795249939, 0.12046399712562561, -0.378118634223938, 0.05235343426465988, 0.9163917303085327, 0.20370067656040192, -0.05801699683070183, -0.06543901562690735, 0.975119411945343, -0.5875568389892578, -0.5034435391426086, 0.43180543184280396, 0.4635360836982727, -0.4386148452758789, -0.22531162202358246, 0.03468776494264603, 0.8692804574966431, 0.013789178803563118, 0.30585846304893494, -0.09594603627920151, 0.9471297860145569, -0.09035717695951462, 0.15190389752388, 0.08695045858621597, 0.9804083108901978, -0.015780029818415642, 0.001922426512464881, 0.012932870537042618, 0.9997900128364563, -0.16674290597438812, 0.06976824253797531, -0.16480036079883575, 0.9696236848831177, 0.3170166611671448, -0.002229314064607024, -0.0024238438345491886, 0.9484142661094666, -0.49160754680633545, -0.00012442174192983657, -4.348181846580701e-06, 0.8708168864250183, -0.5767914056777954, 0.28521159291267395, 0.22498174011707306, 0.7316756844520569, -0.9707722663879395, 0.11148376762866974, -0.14439651370048523, 0.15595580637454987, -0.3273821175098419, -0.03417865186929703, -0.15686318278312683, 0.931153416633606, 0.5398898720741272, -0.04583016037940979, 0.07518789172172546, 0.8371172547340393, 0.3024049699306488, -0.018108487129211426, 0.00937904603779316, 0.9529613256454468, 0.9668892025947571, 0.16475951671600342, -0.18823367357254028, 0.0504741296172142, -0.33466827869415283, -0.021480949595570564, -0.024719370529055595, 0.9417667984962463, 0.6259157061576843, 0.1300031840801239, -0.1205192506313324, 0.7594760656356812, 0.33510807156562805, -0.017142482101917267, -0.00022930347768124193, 0.942023754119873, -0.19014745950698853, 0.011732988990843296, -0.033165257424116135, 0.9811250567436218, -0.1015043780207634, 0.02749720774590969, -0.07861731201410294, 0.9913426041603088, -0.03286462277173996, 0.018504664301872253, -0.08084138482809067, 0.9960131049156189, -0.5353862047195435, 0.5298601984977722, -0.48025986552238464, 0.4493999183177948, -0.48282718658447266, 0.0031335290987044573, -0.041467346251010895, 0.874727725982666, 0.12053775042295456, -0.378675252199173, 0.05232840031385422, 0.916153609752655, 0.20305557548999786, -0.05800990015268326, -0.06549818068742752, 0.9752504229545593, -0.5877156257629395, -0.5032573938369751, 0.43159520626068115, 0.46373265981674194, -0.4385676980018616, -0.22483301162719727, 0.03465506061911583, 0.8694294095039368, 0.013766554184257984, 0.30425363779067993, -0.09562209248542786, 0.9476795792579651, -0.08929292112588882, 0.15016932785511017, 0.08777516335248947, 0.9806994795799255, -0.014913984574377537, 0.002600891748443246, 0.012059084139764309, 0.9998127222061157, -0.16775482892990112, 0.07299678027629852, -0.1680801957845688, 0.9686479568481445, 0.31703850626945496, -0.0022591366432607174, -0.0024618555326014757, 0.9484068155288696, -0.49160754680633545, -0.00012442348815966398, -4.348114998720121e-06, 0.8708168864250183, -0.5772396922111511, 0.2852681875228882, 0.22554220259189606, 0.7311272621154785, -0.9708071947097778, 0.11089874058961868, -0.1436239331960678, 0.1568664014339447, -0.32808423042297363, -0.03279602900147438, -0.15582521259784698, 0.9311303496360779, 0.5402543544769287, -0.04651385918259621, 0.07552468776702881, 0.8368140459060669, 0.30246293544769287, -0.018183836713433266, 0.009409871883690357, 0.9529412388801575, 0.9670724272727966, 0.16475677490234375, -0.18764528632164001, 0.049146417528390884, -0.33510008454322815, -0.022725246846675873, -0.024494076147675514, 0.941589891910553, 0.6259478330612183, 0.13054560124874115, -0.12075988203287125, 0.7593182325363159, 0.335114061832428, -0.017276819795370102, -0.00021208908583503217, 0.9420191049575806, -0.19015957415103912, 0.011744949035346508, -0.032408323138952255, 0.9811478853225708, -0.10152851045131683, 0.027287395671010017, -0.07712992280721664, 0.991462767124176, -0.03286811336874962, 0.018474532291293144, -0.07934166491031647, 0.9961341619491577, -0.5352290272712708, 0.5296346545219421, -0.4804196357727051, 0.4496821165084839, -0.4831145405769348, 0.0032801292836666107, -0.04159063845872879, 0.8745626211166382, 0.12075170874595642, -0.3793189525604248, 0.052150268107652664, 0.9158692955970764, 0.20341725647449493, -0.05787460878491402, -0.06542504578828812, 0.9751879572868347, -0.5880144834518433, -0.5031381249427795, 0.4311850368976593, 0.4638647735118866, -0.43778878450393677, -0.2247484177350998, 0.03488912805914879, 0.8698344230651855, 0.013506888411939144, 0.3032338321208954, -0.09496675431728363, 0.9480760097503662, -0.08842089027166367, 0.1484735757112503, 0.08795322477817535, 0.9810206890106201, -0.01403520256280899, 0.0032205989118665457, 0.010918920859694481, 0.9998366832733154, -0.16855578124523163, 0.07737740129232407, -0.172269806265831, 0.9674320816993713, 0.31706979870796204, -0.0022924134973436594, -0.002507780445739627, 0.9483960866928101, -0.49160754680633545, -0.00012442306615412235, -4.344864919403335e-06, 0.8708168864250183, -0.5777631402015686, 0.28492340445518494, 0.225990429520607, 0.7307097911834717, -0.970800518989563, 0.1107461005449295, -0.14292599260807037, 0.15765126049518585, -0.32814937829971313, -0.03206130489706993, -0.15542355179786682, 0.9312000870704651, 0.540472686290741, -0.04693834111094475, 0.07563173025846481, 0.8366397023200989, 0.30243656039237976, -0.0182180255651474, 0.009300713427364826, 0.9529500007629395, 0.967242419719696, 0.16472822427749634, -0.18707461655139923, 0.0480601005256176, -0.33528611063957214, -0.02404513955116272, -0.024750638753175735, 0.9414842128753662, 0.625909686088562, 0.13116684556007385, -0.12104234844446182, 0.7591976523399353, 0.3351154327392578, -0.017417121678590775, -0.00019868419622071087, 0.942016065120697, -0.19023078680038452, 0.011824030429124832, -0.031395863741636276, 0.9811660051345825, -0.1016712412238121, 0.027129609137773514, -0.07511764764785767, 0.9916069507598877, -0.032975226640701294, 0.018536563962697983, -0.07731982320547104, 0.9962884783744812, -0.5351229906082153, 0.5293645262718201, -0.4805331230163574, 0.45000505447387695, -0.48338186740875244, 0.0036021892447024584, -0.041664715856313705, 0.874410092830658, 0.12079329043626785, -0.3801009953022003, 0.052355602383613586, 0.9155277609825134, 0.20275995135307312, -0.05751216039061546, -0.06528021395206451, 0.9753559231758118, -0.5883991122245789, -0.5027962923049927, 0.4307783842086792, 0.4641253650188446, -0.4373515844345093, -0.2242545783519745, 0.03483867272734642, 0.8701837658882141, 0.013234514743089676, 0.3014009892940521, -0.09468112885951996, 0.9486926794052124, -0.08726228028535843, 0.14692039787769318, 0.08825312554836273, 0.9813312888145447, -0.012765223160386086, 0.0038388643879443407, 0.009637591429054737, 0.9998646974563599, -0.1686866581439972, 0.08265566825866699, -0.1786075234413147, 0.9658221006393433, 0.31711381673812866, -0.0023320254404097795, -0.002567966701462865, 0.9483811855316162, -0.49160751700401306, -0.00012442337174434215, -4.349042228568578e-06, 0.8708168864250183, -0.5784148573875427, 0.2843630611896515, 0.22644630074501038, 0.7302711606025696, -0.9707909822463989, 0.11079051345586777, -0.14214912056922913, 0.15837953984737396, -0.3276301622390747, -0.03154647722840309, -0.15522919595241547, 0.9314329028129578, 0.540401816368103, -0.04708835482597351, 0.07553214579820633, 0.8366860151290894, 0.30242419242858887, -0.018247589468955994, 0.009219138883054256, 0.9529541730880737, 0.9674147367477417, 0.1646958887577057, -0.18648387491703033, 0.04698680713772774, -0.3351128101348877, -0.025394819676876068, -0.02522333711385727, 0.9414979219436646, 0.6257032752037048, 0.13175614178180695, -0.12128060311079025, 0.7592277526855469, 0.33516696095466614, -0.017588235437870026, -0.00015935199917294085, 0.9419945478439331, -0.19030919671058655, 0.011925846338272095, -0.030286548659205437, 0.9811844229698181, -0.10181649774312973, 0.02699431963264942, -0.07289553433656693, 0.9917615652084351, -0.03308260813355446, 0.018632395192980766, -0.07510951906442642, 0.9964521527290344, -0.5350269675254822, 0.5289860963821411, -0.48066362738609314, 0.45042479038238525, -0.48384889960289, 0.003927445039153099, -0.041785404086112976, 0.8741446137428284, 0.12082301080226898, -0.38044339418411255, 0.05215860903263092, 0.9153928756713867, 0.20289674401283264, -0.05722750350832939, -0.0652037262916565, 0.9753493666648865, -0.588778018951416, -0.5022830963134766, 0.4303681254386902, 0.4645809829235077, -0.43710753321647644, -0.223492830991745, 0.034556955099105835, 0.8705135583877563, 0.012998596765100956, 0.299334317445755, -0.09458968788385391, 0.949359118938446, -0.08666924387216568, 0.14480076730251312, 0.08900554478168488, 0.9816308617591858, -0.010958228260278702, 0.004375002812594175, 0.006455612368881702, 0.999909520149231, -0.1668069213628769, 0.0916050598025322, -0.18940722942352295, 0.9632802605628967, 0.31719955801963806, -0.002411464462056756, -0.0026773237623274326, 0.9483519792556763, -0.49160754680633545, -0.0001244226732524112, -4.346911737229675e-06, 0.8708168864250183, -0.5792275071144104, 0.28370314836502075, 0.22704099118709564, 0.7296987771987915, -0.9708282947540283, 0.11056370288133621, -0.1410028636455536, 0.15933087468147278, -0.3271280527114868, -0.030737753957509995, -0.15460304915905, 0.9317404627799988, 0.5403163433074951, -0.04738154262304306, 0.07555003464221954, 0.8367230296134949, 0.30241841077804565, -0.01826413907110691, 0.009122297167778015, 0.9529566168785095, 0.9675856828689575, 0.16459587216377258, -0.1860327422618866, 0.045585278421640396, -0.33491864800453186, -0.026666980236768723, -0.025734838098287582, 0.9415180087089539, 0.6253876090049744, 0.13237297534942627, -0.12157732248306274, 0.7593330144882202, 0.33518314361572266, -0.017706964164972305, -0.0001351106766378507, 0.941986620426178, -0.19027453660964966, 0.012078487314283848, -0.029180865734815598, 0.9812228083610535, -0.10169831663370132, 0.026976214721798897, -0.07065393775701523, 0.9919363856315613, -0.03293009474873543, 0.018827803432941437, -0.07289396226406097, 0.9966180920600891, -0.5347068905830383, 0.5284327268600464, -0.4810802936553955, 0.45100900530815125, -0.4849065840244293, 0.00441364711150527, -0.04198094829916954, 0.8735466599464417, 0.1209239810705185, -0.38022977113723755, 0.051499079912900925, 0.9155056476593018, 0.20362824201583862, -0.057285431772470474, -0.06537199020385742, 0.975182294845581, -0.5893763303756714, -0.5016904473304749, 0.42973792552948, 0.4650457501411438, -0.43681588768959045, -0.2228146493434906, 0.034636564552783966, 0.8708305358886719, 0.012994058430194855, 0.29774531722068787, -0.09461173415184021, 0.9498565793037415, -0.08604696393013, 0.14343953132629395, 0.08904508501291275, 0.9818819165229797, -0.007638853974640369, 0.005592679604887962, 0.001328054117038846, 0.9999542832374573, -0.16322176158428192, 0.10368148982524872, -0.20678062736988068, 0.9590884447097778, 0.3173351585865021, -0.002546040341258049, -0.0028539143968373537, 0.9483057260513306, -0.49160751700401306, -0.00012442373554222286, -4.349042228568578e-06, 0.8708168864250183, -0.5797867774963379, 0.2831283509731293, 0.22825326025485992, 0.729099452495575, -0.9709486961364746, 0.11054276674985886, -0.13974715769290924, 0.15971773862838745, -0.32632312178611755, -0.030325962230563164, -0.1534775346517563, 0.9322221875190735, 0.5402605533599854, -0.047461796551942825, 0.07548915594816208, 0.8367600440979004, 0.30242452025413513, -0.018451228737831116, 0.008843882940709591, 0.9529536962509155, 0.9676161408424377, 0.16472487151622772, -0.18614047765731812, 0.044004518538713455, -0.33457472920417786, -0.028087159618735313, -0.025378230959177017, 0.9416086673736572, 0.625026285648346, 0.1330340951681137, -0.12196404486894608, 0.7594529986381531, 0.3350621163845062, -0.017745893448591232, -0.0003095114079769701, 0.9420288801193237, -0.19022485613822937, 0.012399137020111084, -0.028230225667357445, 0.9812562465667725, -0.10153481364250183, 0.027341203764081, -0.06866791099309921, 0.9920826554298401, -0.03269970044493675, 0.019315067678689957, -0.07095183432102203, 0.9967564940452576, -0.5341560244560242, 0.5279502868652344, -0.481794148683548, 0.45146453380584717, -0.4858912229537964, 0.00410687318071723, -0.04197406396269798, 0.8730011582374573, 0.12102381139993668, -0.37887075543403625, 0.049667321145534515, 0.9161568284034729, 0.20398461818695068, -0.05698924511671066, -0.06687755137681961, 0.9750230312347412, -0.5903703570365906, -0.5007813572883606, 0.4286556839942932, 0.4657629430294037, -0.4367774426937103, -0.22235240042209625, 0.034713663160800934, 0.8709648847579956, 0.012514404952526093, 0.29544004797935486, -0.09463663399219513, 0.9505800604820251, -0.0855160802602768, 0.1422005593776703, 0.08900369703769684, 0.9821122288703918, -0.003182676387950778, 0.007179546169936657, -0.005553156137466431, 0.9999537467956543, -0.15937376022338867, 0.1161164790391922, -0.22743189334869385, 0.9536203145980835, 0.3175055682659149, -0.0027167750522494316, -0.003067735815420747, 0.9482476115226746, -0.49160754680633545, -0.00012441920989658684, -4.343431555753341e-06, 0.8708168864250183, -0.5807964205741882, 0.2820751368999481, 0.2284819483757019, 0.728632390499115, -0.970976710319519, 0.11027008295059204, -0.13853350281715393, 0.1607896089553833, -0.32577845454216003, -0.029685867950320244, -0.153318852186203, 0.9324593544006348, 0.5401647686958313, -0.04747411608695984, 0.07539564371109009, 0.8368296027183533, 0.3024316728115082, -0.018533647060394287, 0.00879270862787962, 0.9529502987861633, 0.9677843451499939, 0.16463927924633026, -0.1855493038892746, 0.04311463609337807, -0.333994060754776, -0.02947174198925495, -0.02649449184536934, 0.9417417049407959, 0.6246339678764343, 0.13386885821819305, -0.12241616100072861, 0.7595563530921936, 0.3351233899593353, -0.017979392781853676, -0.00022509469999931753, 0.9420026540756226, -0.19024425745010376, 0.012505806051194668, -0.027261508628726006, 0.9812785387039185, -0.10155237466096878, 0.02728002518415451, -0.06669045984745026, 0.9922173619270325, -0.03257801756262779, 0.019434994086623192, -0.06902861595153809, 0.9968932271003723, -0.5347713828086853, 0.5277904272079468, -0.4813646376132965, 0.4513810873031616, -0.4851793646812439, 0.004020343534648418, -0.042168453335762024, 0.8733880519866943, 0.12056690454483032, -0.37808141112327576, 0.04835793003439903, 0.9166131019592285, 0.20420540869235992, -0.05627959594130516, -0.06721518188714981, 0.9749948382377625, -0.5907335877418518, -0.49979516863822937, 0.42831820249557495, 0.466671347618103, -0.43705299496650696, -0.22083376348018646, 0.03458566963672638, 0.8712180852890015, 0.011743486858904362, 0.29174673557281494, -0.09276801347732544, 0.9519138932228088, -0.0850268080830574, 0.14113685488700867, 0.0911458432674408, 0.9821116924285889, 0.0011196477571502328, 0.008129610680043697, -0.012704087421298027, 0.999885618686676, -0.15611790120601654, 0.1276852786540985, -0.24641844630241394, 0.9479460120201111, 0.3176646828651428, -0.0028632173780351877, -0.0032580415718257427, 0.9481931924819946, -0.49160754680633545, -0.00012443069135770202, -4.344563876657048e-06, 0.8708168864250183, -0.5820198059082031, 0.280828058719635, 0.2279631644487381, 0.7283002734184265, -0.9709599018096924, 0.10957692563533783, -0.13738621771335602, 0.1623418927192688, -0.32582664489746094, -0.028637049719691277, -0.15373554825782776, 0.9324067234992981, 0.5401787757873535, -0.04769759997725487, 0.07542942464351654, 0.8368048071861267, 0.30250656604766846, -0.018506240099668503, 0.008888773620128632, 0.9529261589050293, 0.9680736064910889, 0.16435863077640533, -0.18435260653495789, 0.04282321408390999, -0.3333878219127655, -0.030881237238645554, -0.028513984754681587, 0.9418523907661438, 0.6243400573730469, 0.13484348356723785, -0.12292106449604034, 0.7595440745353699, 0.33506888151168823, -0.018195629119873047, -0.00032433064188808203, 0.9420179128646851, -0.1903708279132843, 0.012477838434278965, -0.026402976363897324, 0.9812778234481812, -0.10177909582853317, 0.026989687234163284, -0.06495678424835205, 0.9923170804977417, -0.0326538048684597, 0.019319986924529076, -0.06731174886226654, 0.997010350227356, -0.5349515080451965, 0.5282987952232361, -0.4814913868904114, 0.4504367709159851, -0.4839419722557068, 0.0027525664772838354, -0.04213952645659447, 0.8740805983543396, 0.11983276158571243, -0.377498984336853, 0.047229740768671036, 0.9170081615447998, 0.2044268399477005, -0.05563652142882347, -0.06665027141571045, 0.9750241041183472, -0.5913209319114685, -0.49921080470085144, 0.42772209644317627, 0.4670996367931366, -0.43683892488479614, -0.21920616924762726, 0.03460199013352394, 0.871735692024231, 0.011289412155747414, 0.287598580121994, -0.09154926240444183, 0.9532986879348755, -0.08450330793857574, 0.1420515477657318, 0.09151437878608704, 0.9819906949996948, 0.005923449527472258, 0.009048208594322205, -0.017037283629179, 0.9997963905334473, -0.15336041152477264, 0.13832968473434448, -0.26571935415267944, 0.9416680335998535, 0.3178148567676544, -0.0029748850502073765, -0.0034296198282390833, 0.9481419324874878, -0.49160754680633545, -0.00012442188744898885, -4.351448751549469e-06, 0.8708168864250183, -0.5830106735229492, 0.27964648604393005, 0.22712558507919312, 0.7282241582870483, -0.9710544347763062, 0.10829059034585953, -0.13607029616832733, 0.1637420803308487, -0.3263013958930969, -0.02702365815639496, -0.15409232676029205, 0.9322299361228943, 0.5405970811843872, -0.048428285866975784, 0.07569410651922226, 0.8364687561988831, 0.30236881971359253, -0.018345439806580544, 0.009026385843753815, 0.9529716968536377, 0.9683151841163635, 0.1642623096704483, -0.18316814303398132, 0.04281391575932503, -0.33321040868759155, -0.03233705833554268, -0.030443113297224045, 0.9418059587478638, 0.6242759823799133, 0.1357363760471344, -0.12336497753858566, 0.7593656778335571, 0.33503949642181396, -0.01832999475300312, -0.0006429720087908208, 0.9420256018638611, -0.19063182175159454, 0.012387672439217567, -0.025814427062869072, 0.9812439680099487, -0.10229771584272385, 0.026666203513741493, -0.06376732140779495, 0.9923496842384338, -0.03297979757189751, 0.019098378717899323, -0.06611990183591843, 0.9970836639404297, -0.5336870551109314, 0.5286086797714233, -0.4829878509044647, 0.4499708414077759, -0.4837326109409332, -0.0007312034140340984, -0.04172792285680771, 0.8742202520370483, 0.1186574324965477, -0.3753497004508972, 0.04569290578365326, 0.9181205034255981, 0.20307976007461548, -0.05550804361701012, -0.06625598669052124, 0.9753397703170776, -0.5926945209503174, -0.49857908487319946, 0.42610692977905273, 0.46750950813293457, -0.4359603822231293, -0.21865235269069672, 0.03466137498617172, 0.8723120093345642, 0.010967410169541836, 0.2837020456790924, -0.0906420573592186, 0.954555869102478, -0.08346523344516754, 0.14355915784835815, 0.0910622626543045, 0.9819021821022034, 0.010484062135219574, 0.009834632277488708, -0.019596176221966743, 0.9997046589851379, -0.15027712285518646, 0.14875057339668274, -0.28490304946899414, 0.9349440336227417, 0.3179592192173004, -0.0030660699121654034, -0.00359093165025115, 0.9480926394462585, -0.49160751700401306, -0.00012441813305485994, -4.338886355981231e-06, 0.8708168864250183, -0.5844948887825012, 0.2772064208984375, 0.2245887815952301, 0.7287538647651672, -0.9715588688850403, 0.10403843969106674, -0.13269343972206116, 0.16625824570655823, -0.3282012939453125, -0.022134913131594658, -0.15422028303146362, 0.9316705465316772, 0.5412567257881165, -0.05069257318973541, 0.07688835263252258, 0.8357988595962524, 0.3022056818008423, -0.018114721402525902, 0.009345769882202148, 0.9530248045921326, 0.9686505198478699, 0.16405904293060303, -0.18136829137802124, 0.04366167634725571, -0.3336634933948517, -0.03405167534947395, -0.03451284393668175, 0.9414446353912354, 0.6244794726371765, 0.13728927075862885, -0.12422847002744675, 0.7587782144546509, 0.33503711223602295, -0.018431678414344788, -0.0007402488263323903, 0.9420243501663208, -0.19094344973564148, 0.01212392933666706, -0.025186333805322647, 0.9812029600143433, -0.10296060144901276, 0.025975393131375313, -0.0624789334833622, 0.9923813939094543, -0.033391110599040985, 0.018562661483883858, -0.0648309513926506, 0.9971647262573242, -0.5322067141532898, 0.5282881259918213, -0.48456627130508423, 0.45040351152420044, -0.48394277691841125, -0.005365765653550625, -0.04150533303618431, 0.8740983605384827, 0.11723294854164124, -0.3733588755130768, 0.044314902275800705, 0.9191821217536926, 0.20059174299240112, -0.056356724351644516, -0.06524915248155594, 0.9758736491203308, -0.5944004058837891, -0.49769413471221924, 0.4240676164627075, 0.4681403934955597, -0.4353432357311249, -0.21962572634220123, 0.03495540842413902, 0.8723639845848083, 0.010576062835752964, 0.2807178795337677, -0.08994831889867783, 0.9555076956748962, -0.08233308047056198, 0.14478230476379395, 0.09106019139289856, 0.9818183779716492, 0.015847817063331604, 0.01067374274134636, -0.022779159247875214, 0.9995579123497009, -0.14821772277355194, 0.1579304337501526, -0.30219751596450806, 0.9283136129379272, 0.31809619069099426, -0.0031527027022093534, -0.0037380261346697807, 0.9480458498001099, -0.49160754680633545, -0.00012442428851500154, -4.346372861618875e-06, 0.8708168864250183, -0.5866879820823669, 0.2716034948825836, 0.21901942789554596, 0.7307935953140259, -0.9723491072654724, 0.09713951498270035, -0.12694600224494934, 0.17025259137153625, -0.33146896958351135, -0.015566328540444374, -0.15636521577835083, 0.9302880764007568, 0.5419008731842041, -0.05351261422038078, 0.07838469743728638, 0.8350663185119629, 0.3015444278717041, -0.018025267869234085, 0.009100325405597687, 0.9532383680343628, 0.9690024852752686, 0.1638163924217224, -0.1789667159318924, 0.046576082706451416, -0.3350191116333008, -0.03654339164495468, -0.04264373704791069, 0.9405362010002136, 0.6253260970115662, 0.1399669498205185, -0.1257593333721161, 0.7573381662368774, 0.3350354731082916, -0.019076429307460785, -0.001023682183586061, 0.942011833190918, -0.19133096933364868, 0.011776053346693516, -0.024191545322537422, 0.9811567068099976, -0.10382553189992905, 0.024957530200481415, -0.06035769730806351, 0.9924486875534058, -0.03392034396529198, 0.01784105971455574, -0.06271679699420929, 0.9972952008247375, -0.5318381190299988, 0.5277173519134521, -0.48495563864707947, 0.4510882794857025, -0.4829098582267761, -0.010769976302981377, -0.04167307913303375, 0.8746116161346436, 0.11592182517051697, -0.3745199143886566, 0.043095361441373825, 0.9189340472221375, 0.19542784988880157, -0.057632412761449814, -0.06374480575323105, 0.9769457578659058, -0.5962616801261902, -0.49655139446258545, 0.4218095541000366, 0.4690260887145996, -0.4345282316207886, -0.2235872447490692, 0.03590165823698044, 0.87172532081604, 0.009326743893325329, 0.28182217478752136, -0.08863060176372528, 0.9553187489509583, -0.08047477900981903, 0.14022374153137207, 0.09167606383562088, 0.9825764894485474, 0.021298162639141083, 0.011610668152570724, -0.028219541534781456, 0.99930739402771, -0.14689631760120392, 0.1650923639535904, -0.3159731328487396, 0.9226738214492798, 0.3182247281074524, -0.003236533608287573, -0.0038597979582846165, 0.9480019211769104, -0.49160751700401306, -0.00012442414299584925, -4.343160071584862e-06, 0.8708168864250183, -0.5895047187805176, 0.26280897855758667, 0.2111814320087433, 0.7340422868728638, -0.9728429317474365, 0.09144715219736099, -0.12120644748210907, 0.17470867931842804, -0.3333602249622345, -0.012264439836144447, -0.16273567080497742, 0.9285675287246704, 0.541566789150238, -0.054419565945863724, 0.07882116734981537, 0.835183322429657, 0.30093395709991455, -0.018016362562775612, 0.008943365886807442, 0.9534328579902649, 0.9693301916122437, 0.16347983479499817, -0.17603227496147156, 0.051825929433107376, -0.3355030417442322, -0.03961719945073128, -0.054763611406087875, 0.9396111369132996, 0.6260510087013245, 0.14370474219322205, -0.12796466052532196, 0.755668044090271, 0.33505842089653015, -0.01988956891000271, -0.001242300495505333, 0.941986620426178, -0.19149547815322876, 0.011737963184714317, -0.023461366072297096, 0.9811428785324097, -0.10418783873319626, 0.024659695103764534, -0.05856769531965256, 0.9925253987312317, -0.03400282561779022, 0.017735294997692108, -0.060960475355386734, 0.9974031448364258, -0.5318138003349304, 0.5269128084182739, -0.4849311113357544, 0.4520828425884247, -0.482044517993927, -0.016652997583150864, -0.04170563817024231, 0.8749951124191284, 0.11532340198755264, -0.3788577616214752, 0.04362447187304497, 0.9172045588493347, 0.1885257363319397, -0.05974350869655609, -0.06151854619383812, 0.9783170819282532, -0.5975791215896606, -0.4962445795536041, 0.42025405168533325, 0.4690704047679901, -0.43432432413101196, -0.2265196144580841, 0.03649609163403511, 0.871044933795929, 0.007451784331351519, 0.278915673494339, -0.0860658809542656, 0.9564220905303955, -0.07798493653535843, 0.13655808568000793, 0.09327101707458496, 0.9831433296203613, 0.02505490742623806, 0.010700225830078125, -0.03360896557569504, 0.9990636706352234, -0.1454411745071411, 0.17068831622600555, -0.32652896642684937, 0.9181999564170837, 0.31833329796791077, -0.003303740406408906, -0.003953826613724232, 0.9479648470878601, -0.49160754680633545, -0.00012441640137694776, -4.3549284782784525e-06, 0.8708168864250183, -0.5928000807762146, 0.2513726055622101, 0.20085249841213226, 0.7382805347442627, -0.9730362892150879, 0.08703876286745071, -0.11590366810560226, 0.1794186383485794, -0.33388224244117737, -0.011955353431403637, -0.1732478141784668, 0.9264798760414124, 0.540429413318634, -0.053621385246515274, 0.07822225987911224, 0.8360275626182556, 0.30071938037872314, -0.017954176291823387, 0.00889627356082201, 0.9535021185874939, 0.9696451425552368, 0.16299940645694733, -0.17214332520961761, 0.05988454818725586, -0.334376722574234, -0.04261278733611107, -0.07085643708705902, 0.9388055205345154, 0.6263347268104553, 0.14803601801395416, -0.13061527907848358, 0.7541417479515076, 0.33515384793281555, -0.02083093486726284, -0.0014658629661425948, 0.9419320225715637, -0.19156646728515625, 0.011742904782295227, -0.02358693815767765, 0.9811259508132935, -0.10428392142057419, 0.024757687002420425, -0.0583668053150177, 0.9925246834754944, -0.033907078206539154, 0.017827164381742477, -0.06079232692718506, 0.9974150657653809, -0.52993243932724, 0.5262647271156311, -0.4867866635322571, 0.45305177569389343, -0.48336371779441833, -0.02618032693862915, -0.041089773178100586, 0.8740627765655518, 0.11439236998558044, -0.38228699564933777, 0.04504966363310814, 0.9158283472061157, 0.1833014190196991, -0.061850037425756454, -0.057520244270563126, 0.9794216156005859, -0.5995237231254578, -0.4961508512496948, 0.41792336106300354, 0.46877044439315796, -0.43510177731513977, -0.23079779744148254, 0.03693714365363121, 0.8695139288902283, 0.0052067250944674015, 0.2722156047821045, -0.08501971513032913, 0.9584587812423706, -0.07402992248535156, 0.13664041459560394, 0.0942005142569542, 0.9833490252494812, 0.02789606899023056, 0.008878697641193867, -0.03580528125166893, 0.9989299178123474, -0.14385542273521423, 0.1743951290845871, -0.33465346693992615, 0.9148218631744385, 0.3184174597263336, -0.003335835412144661, -0.00401413394138217, 0.9479362368583679, -0.49160757660865784, -0.00012441987928468734, -4.34316416431102e-06, 0.8708168864250183, -0.5966170430183411, 0.23794151842594147, 0.1894373893737793, 0.7426609992980957, -0.973078727722168, 0.08271344006061554, -0.10970550775527954, 0.18504327535629272, -0.3340144455432892, -0.012859562411904335, -0.18525385856628418, 0.9240941405296326, 0.5388097167015076, -0.051897428929805756, 0.07725684344768524, 0.8372706770896912, 0.3004772961139679, -0.018033936619758606, 0.008688118308782578, 0.9535788893699646, 0.970023512840271, 0.16193252801895142, -0.16782881319522858, 0.06830625236034393, -0.33284294605255127, -0.04591665044426918, -0.08965899795293808, 0.9375865459442139, 0.6262590885162354, 0.15283678472042084, -0.1334841102361679, 0.7527433037757874, 0.3352060616016388, -0.022260252386331558, -0.0020686276257038116, 0.9418795704841614, -0.191520094871521, 0.011697071604430676, -0.023955097422003746, 0.981126606464386, -0.1040821447968483, 0.024814434349536896, -0.058621492236852646, 0.9925294518470764, -0.033546119928359985, 0.01784786581993103, -0.061049893498420715, 0.9974111914634705, -0.5267420411109924, 0.5260701775550842, -0.49002617597579956, 0.45350584387779236, -0.48569703102111816, -0.03420834615826607, -0.041553013026714325, 0.8724686503410339, 0.11309655755758286, -0.3865578770637512, 0.04582294076681137, 0.9141567349433899, 0.17771798372268677, -0.06328452378511429, -0.05325116217136383, 0.9805997014045715, -0.6018614172935486, -0.49657484889030457, 0.415115624666214, 0.4678196907043457, -0.435543417930603, -0.23542852699756622, 0.037184249609708786, 0.868039608001709, 0.0025977655313909054, 0.2683769762516022, -0.0855594128370285, 0.9595033526420593, -0.07009080052375793, 0.1362932324409485, 0.093516044318676, 0.983751118183136, 0.03032187931239605, 0.006471278611570597, -0.03706076741218567, 0.9988319873809814, -0.1427609622478485, 0.17862778902053833, -0.3417321443557739, 0.9115539193153381, 0.3184848725795746, -0.003351070685312152, -0.004061239771544933, 0.947913408279419, -0.49160754680633545, -0.000124401442008093, -4.3223053580732085e-06, 0.8708168864250183, -0.6004633903503418, 0.2223576009273529, 0.17683030664920807, 0.7474836707115173, -0.9734960198402405, 0.07635293155908585, -0.10092736780643463, 0.19049787521362305, -0.33407536149024963, -0.012591877020895481, -0.1973990947008133, 0.9215577244758606, 0.5368453860282898, -0.05066051334142685, 0.07651440799236298, 0.8386752605438232, 0.300449013710022, -0.01786056160926819, 0.00896459724754095, 0.9535885453224182, 0.9698659181594849, 0.16224366426467896, -0.16399599611759186, 0.07837329804897308, -0.33020541071891785, -0.044638242572546005, -0.09383215010166168, 0.9381723403930664, 0.632658064365387, 0.1477843075990677, -0.13108764588832855, 0.748812198638916, 0.33160823583602905, -0.022086486220359802, -0.0061097885482013226, 0.943138837814331, -0.19156481325626373, 0.011719821020960808, -0.024877863004803658, 0.9810946583747864, -0.10388270020484924, 0.0252059493213892, -0.060117948800325394, 0.9924509525299072, -0.03308894485235214, 0.018037069588899612, -0.06261152774095535, 0.9973262548446655, -0.5220162272453308, 0.5259648561477661, -0.4947570562362671, 0.4539555609226227, -0.4899018704891205, -0.04225606843829155, -0.04220546409487724, 0.8697294592857361, 0.11156268417835236, -0.38872501254081726, 0.04526464268565178, 0.9134537577629089, 0.17452120780944824, -0.0652945414185524, -0.04934970661997795, 0.9812459349632263, -0.6041986346244812, -0.4973084032535553, 0.4122488796710968, 0.46656113862991333, -0.4365895986557007, -0.2395247519016266, 0.03863310068845749, 0.8663284182548523, 0.003753616940230131, 0.26832854747772217, -0.08417457342147827, 0.9596355557441711, -0.06769368797540665, 0.13272725045681, 0.09581822901964188, 0.9841849207878113, 0.032819442451000214, 0.004167374223470688, -0.03745950758457184, 0.9987503886222839, -0.14199651777744293, 0.18243452906608582, -0.34760087728500366, 0.9086959362030029, 0.31851887702941895, -0.0034004419576376677, -0.004127923399209976, 0.9479014873504639, -0.49160754680633545, -0.0001244071900146082, -4.358141268312465e-06, 0.8708168864250183, -0.6046648025512695, 0.2051505148410797, 0.16309161484241486, 0.7521268725395203, -0.9737916588783264, 0.06856987625360489, -0.09062567353248596, 0.19701528549194336, -0.33496665954589844, -0.011966793797910213, -0.20971210300922394, 0.9185178279876709, 0.5347829461097717, -0.04941349849104881, 0.07575932890176773, 0.8401345610618591, 0.30038267374038696, -0.01766560785472393, 0.009152712300419807, 0.9536112546920776, 0.9694667458534241, 0.16327881813049316, -0.15983900427818298, 0.08902641385793686, -0.32713043689727783, -0.03952667862176895, -0.08764808624982834, 0.9400750994682312, 0.6440110206604004, 0.13490328192710876, -0.12461595982313156, 0.7426451444625854, 0.32654401659965515, -0.018975330516695976, -0.011976530775427818, 0.9449156522750854, -0.1914757490158081, 0.011634382419288158, -0.025970343500375748, 0.9810847640037537, -0.10328106582164764, 0.025616422295570374, -0.06214103847742081, 0.9923786520957947, -0.032185427844524384, 0.018193630501627922, -0.06466533243656158, 0.9972218871116638, -0.516487717628479, 0.5268715620040894, -0.5003800392150879, 0.45306381583213806, -0.49544185400009155, -0.049989860504865646, -0.04221252724528313, 0.866173505783081, 0.10970796644687653, -0.38825494050979614, 0.04442930966615677, 0.91391921043396, 0.16818533837795258, -0.06774504482746124, -0.04719369485974312, 0.9822917580604553, -0.6067312955856323, -0.4975101947784424, 0.40912091732025146, 0.4658120274543762, -0.43676188588142395, -0.24429915845394135, 0.040554556995630264, 0.8648192286491394, 0.004724358674138784, 0.27156418561935425, -0.08311980217695236, 0.9588126540184021, -0.06657291948795319, 0.12955257296562195, 0.09677653759717941, 0.9845905303955078, 0.035264935344457626, 0.0020332534331828356, -0.03785176947712898, 0.9986588358879089, -0.14136038720607758, 0.1863776594400406, -0.35544553399086, 0.9049525260925293, 0.31855466961860657, -0.0034756390377879143, -0.004213036969304085, 0.9478887915611267, -0.49160754680633545, -0.00012442095612641424, -4.3570635170908645e-06, 0.8708168864250183, -0.608947217464447, 0.18585233390331268, 0.14755502343177795, 0.756881594657898, -0.9737314581871033, 0.06082829460501671, -0.07948499917984009, 0.20452189445495605, -0.33629775047302246, -0.012691178359091282, -0.2239397168159485, 0.9146549701690674, 0.532291829586029, -0.0472741425037384, 0.07448893785476685, 0.841951310634613, 0.2999492585659027, -0.017838511615991592, 0.008626783266663551, 0.9537493586540222, 0.9691981077194214, 0.16335198283195496, -0.15453004837036133, 0.10045699775218964, -0.3239279091358185, -0.03390605002641678, -0.08295193314552307, 0.9418280720710754, 0.6543141603469849, 0.12273643165826797, -0.11861862242221832, 0.7367078065872192, 0.32477867603302, -0.01478512492030859, -0.016886549070477486, 0.9455236792564392, -0.1913280487060547, 0.011490304954349995, -0.027543773874640465, 0.9810723662376404, -0.10253427177667618, 0.02610374055802822, -0.06511607021093369, 0.9922525882720947, -0.03112712688744068, 0.018411600962281227, -0.06760774552822113, 0.9970563054084778, -0.5121374130249023, 0.5289375185966492, -0.5049793720245361, 0.4504845440387726, -0.49977293610572815, -0.05692244693636894, -0.041273389011621475, 0.8632979989051819, 0.10706296563148499, -0.38618096709251404, 0.044566791504621506, 0.9151041507720947, 0.15913361310958862, -0.0670558512210846, -0.04594947397708893, 0.9839048385620117, -0.6089781522750854, -0.4966461658477783, 0.4063432514667511, 0.4662332236766815, -0.43778127431869507, -0.24998265504837036, 0.042253319174051285, 0.8625954389572144, 0.005054953042417765, 0.27455633878707886, -0.0842582955956459, 0.9578589797019958, -0.06538204848766327, 0.12909035384655, 0.09583262354135513, 0.9848233461380005, 0.037481486797332764, -0.0006189769483171403, -0.0387207455933094, 0.9985466599464417, -0.14094829559326172, 0.19025085866451263, -0.36383840441703796, 0.9008661508560181, 0.3186107277870178, -0.0035437080077826977, -0.00429307809099555, 0.9478693604469299, -0.49160754680633545, -0.00012441762373782694, -4.359736976766726e-06, 0.8708168864250183, -0.6134134531021118, 0.16295091807842255, 0.12961788475513458, 0.7618202567100525, -0.9734158515930176, 0.05248585343360901, -0.06617402285337448, 0.21290329098701477, -0.3374643325805664, -0.014607262797653675, -0.24057680368423462, 0.9099600315093994, 0.5289512872695923, -0.04446849972009659, 0.07293911278247833, 0.8443417549133301, 0.2997713088989258, -0.01814219355583191, 0.008085498586297035, 0.9538043141365051, 0.9690154194831848, 0.1620093286037445, -0.14822374284267426, 0.1131008192896843, -0.32023847103118896, -0.028229860588908195, -0.08175957947969437, 0.9433799982070923, 0.6625750660896301, 0.11275213956832886, -0.11413250863552094, 0.7316113114356995, 0.3253318667411804, -0.011750995181500912, -0.021528972312808037, 0.9452818036079407, -0.19106021523475647, 0.011373869143426418, -0.029542088508605957, 0.9810677766799927, -0.10145226866006851, 0.02661883272230625, -0.06882989406585693, 0.9920994639396667, -0.029767058789730072, 0.01873670145869255, -0.07128353416919708, 0.9968357682228088, -0.5100241899490356, 0.5322899222373962, -0.5075998902320862, 0.4459655284881592, -0.5015531182289124, -0.06208343431353569, -0.039642084389925, 0.8619853258132935, 0.10322830080986023, -0.383791983127594, 0.047129034996032715, 0.9164204597473145, 0.15245939791202545, -0.07033297419548035, -0.03869180753827095, 0.9850443601608276, -0.6111249923706055, -0.49569171667099, 0.4036962687969208, 0.4667389690876007, -0.4380951225757599, -0.2585258185863495, 0.045285869389772415, 0.8597593903541565, 0.005951570812612772, 0.2810673713684082, -0.08445238322019577, 0.9559463858604431, -0.060811277478933334, 0.1271432340145111, 0.09457766264677048, 0.9854905605316162, 0.039641398936510086, -0.0029722992330789566, -0.038970641791820526, 0.9984493255615234, -0.14178667962551117, 0.1930815875530243, -0.3717688322067261, 0.8968857526779175, 0.3186652958393097, -0.00360501348040998, -0.004368170164525509, 0.9478503465652466, -0.49160754680633545, -0.00012444300227798522, -4.341016847320134e-06, 0.8708168864250183, -0.6175205707550049, 0.13618028163909912, 0.10941515117883682, 0.7669104337692261, -0.9731104969978333, 0.04260420426726341, -0.049664635211229324, 0.2208491861820221, -0.3384510576725006, -0.016422126442193985, -0.2585180699825287, 0.9046267867088318, 0.5251777172088623, -0.04157165065407753, 0.07143395394086838, 0.8469695448875427, 0.2995600998401642, -0.018758229911327362, 0.007121395319700241, 0.9538664221763611, 0.9688952565193176, 0.15909987688064575, -0.14034482836723328, 0.12740682065486908, -0.31579500436782837, -0.023651305586099625, -0.08674535900354385, 0.944557785987854, 0.6698554754257202, 0.10304145514965057, -0.11006622016429901, 0.7270223498344421, 0.32627832889556885, -0.009349057450890541, -0.026750100776553154, 0.944848895072937, -0.19071973860263824, 0.011298398487269878, -0.031605180352926254, 0.9810705780982971, -0.10040371119976044, 0.02714880369603634, -0.07258451730012894, 0.9919241666793823, -0.02843167632818222, 0.019113844260573387, -0.07500552386045456, 0.9965944886207581, -0.5060025453567505, 0.535688579082489, -0.5119970440864563, 0.4414275288581848, -0.5038900971412659, -0.06753130257129669, -0.03923502564430237, 0.8602296113967896, 0.10137785971164703, -0.3806644380092621, 0.044809598475694656, 0.9180464148521423, 0.14708521962165833, -0.0721118301153183, -0.038234323263168335, 0.9857504963874817, -0.6130537390708923, -0.4964824318885803, 0.4013475477695465, 0.4653927683830261, -0.43589314818382263, -0.2687585651874542, 0.048870861530303955, 0.8575416207313538, 0.008688032627105713, 0.2941286563873291, -0.08378663659095764, 0.9520465731620789, -0.05449919030070305, 0.12219000607728958, 0.09236297011375427, 0.9866957664489746, 0.04200931265950203, -0.005375545471906662, -0.03954228758811951, 0.9983199834823608, -0.14482760429382324, 0.19661690294742584, -0.3787460923194885, 0.8927027583122253, 0.31872352957725525, -0.0037135255988687277, -0.004473477602005005, 0.9478299021720886, -0.49160754680633545, -0.00012442348815966398, -4.345838078734232e-06, 0.8708168864250183, -0.621039867401123, 0.10517429560422897, 0.08691181987524033, 0.7718122601509094, -0.9725722074508667, 0.03140381723642349, -0.03002276085317135, 0.22850774228572845, -0.3390026092529297, -0.018564539030194283, -0.27831074595451355, 0.8984852433204651, 0.5207660794258118, -0.03849668800830841, 0.06988678872585297, 0.8499627113342285, 0.2992570102214813, -0.020129378885030746, 0.0050331647507846355, 0.9539469480514526, 0.9689579010009766, 0.15445101261138916, -0.13056500256061554, 0.14219073951244354, -0.31228142976760864, -0.020765395835042, -0.09929374605417252, 0.9445580840110779, 0.6769900918006897, 0.09275035560131073, -0.10561921447515488, 0.7224447727203369, 0.3269810676574707, -0.009155397303402424, -0.03367828205227852, 0.9443862438201904, -0.19025595486164093, 0.011403143405914307, -0.033876046538352966, 0.9810835719108582, -0.0991167202591896, 0.02801811322569847, -0.07661458104848862, 0.9917263388633728, -0.026845956221222878, 0.019885431975126266, -0.07899480313062668, 0.996315062046051, -0.5027102828025818, 0.5385924577713013, -0.515572726726532, 0.4374762177467346, -0.5037139654159546, -0.07140381634235382, -0.0412110835313797, 0.8599275350570679, 0.09858690947294235, -0.3815775513648987, 0.03994308412075043, 0.9181959629058838, 0.14292344450950623, -0.07094091922044754, -0.035557568073272705, 0.9865474700927734, -0.6143354773521423, -0.49537423253059387, 0.3998297154903412, 0.4661893844604492, -0.43648210167884827, -0.2803681194782257, 0.05286389961838722, 0.8532775044441223, 0.010212717577815056, 0.3040304183959961, -0.08523966372013092, 0.9487862586975098, -0.04764292389154434, 0.12187701463699341, 0.08865226060152054, 0.9874294400215149, 0.04385857284069061, -0.007031613029539585, -0.03961801528930664, 0.9982271790504456, -0.14852502942085266, 0.19934597611427307, -0.3849705159664154, 0.8888190388679504, 0.3188304603099823, -0.0038427182007580996, -0.004586536902934313, 0.9477928876876831, -0.49160754680633545, -0.00012444313324522227, -4.329265266278526e-06, 0.8708168864250183, -0.6238539814949036, 0.07040143013000488, 0.062351830303668976, 0.7758622169494629, -0.9716227054595947, 0.019496522843837738, -0.008047815412282944, 0.23559388518333435, -0.3388235867023468, -0.021653402596712112, -0.3002680838108063, 0.8913858532905579, 0.515494704246521, -0.035437293350696564, 0.06842933595180511, 0.8534206748008728, 0.2995676100254059, -0.02146056666970253, 0.0032771367114037275, 0.9538280367851257, 0.9691999554634094, 0.14816483855247498, -0.1185123547911644, 0.1570141464471817, -0.3093186914920807, -0.01936410553753376, -0.12013210356235504, 0.9431411623954773, 0.6834790110588074, 0.08246214687824249, -0.10098715126514435, 0.7182325720787048, 0.3276841938495636, -0.010926593095064163, -0.04211380332708359, 0.9437850117683411, -0.18966355919837952, 0.01172290463000536, -0.035954415798187256, 0.9811205863952637, -0.09773174673318863, 0.029250169172883034, -0.08010701090097427, 0.9915522336959839, -0.025125212967395782, 0.021161556243896484, -0.08249012380838394, 0.9960503578186035, -0.4984050691127777, 0.541645348072052, -0.5200625658035278, 0.4332985281944275, -0.5035979747772217, -0.07647453993558884, -0.04454326629638672, 0.8593931794166565, 0.09574659913778305, -0.3827974200248718, 0.03271222487092018, 0.9182748198509216, 0.1359558254480362, -0.07282157987356186, -0.03334719315171242, 0.9874719977378845, -0.615789532661438, -0.4938206076622009, 0.3980174660682678, 0.4674683213233948, -0.43661364912986755, -0.2932969927787781, 0.05628136172890663, 0.8486329317092896, 0.01141674630343914, 0.3132975399494171, -0.08488690853118896, 0.9457845687866211, -0.034918468445539474, 0.11817999929189682, 0.08721127361059189, 0.9885385036468506, 0.04569607973098755, -0.008742304518818855, -0.04033694416284561, 0.9981024265289307, -0.15275420248508453, 0.20218883454799652, -0.3920651376247406, 0.884347677230835, 0.318968802690506, -0.004016725812107325, -0.004732747562229633, 0.9477449059486389, -0.49160754680633545, -0.0001244400773430243, -4.3570594243647065e-06, 0.8708168864250183, -0.6251529455184937, 0.032595641911029816, 0.03493565320968628, 0.7790383696556091, -0.9702200889587402, 0.007512061391025782, 0.015161586925387383, 0.2416333258152008, -0.3380359709262848, -0.025997566059231758, -0.32505714893341064, 0.8828327655792236, 0.5091046094894409, -0.03224031627178192, 0.06696920096874237, 0.8574894666671753, 0.3003951907157898, -0.022457754239439964, 0.00224533723667264, 0.9535477757453918, 0.969553530216217, 0.14019064605236053, -0.10347660630941391, 0.17206105589866638, -0.3069683015346527, -0.018348511308431625, -0.14961372315883636, 0.9397071599960327, 0.6879233121871948, 0.07433244585990906, -0.09757117182016373, 0.7153434157371521, 0.33032888174057007, -0.014260794036090374, -0.050917498767375946, 0.9423835873603821, -0.18911287188529968, 0.012369541451334953, -0.038170017302036285, 0.9811352491378784, -0.09647045284509659, 0.03115895204246044, -0.08368895202875137, 0.9913217425346375, -0.023608334362506866, 0.023052290081977844, -0.0861029177904129, 0.9957396984100342, -0.49551093578338623, 0.5456295013427734, -0.5233044028282166, 0.42767974734306335, -0.5018085241317749, -0.08031142503023148, -0.0478949137032032, 0.8599095344543457, 0.09408202767372131, -0.39016908407211304, 0.026695022359490395, 0.9155348539352417, 0.12747547030448914, -0.06903856992721558, -0.03411714732646942, 0.9888476729393005, -0.61614590883255, -0.49300244450569153, 0.3977183401584625, 0.46811631321907043, -0.43802595138549805, -0.3021678328514099, 0.058329660445451736, 0.8446452021598816, 0.009803451597690582, 0.3146527409553528, -0.08538143336772919, 0.9453082084655762, -0.025644546374678612, 0.11616892367601395, 0.08378090709447861, 0.9893573522567749, 0.04760720953345299, -0.008591588586568832, -0.04141971096396446, 0.9979699850082397, -0.15613779425621033, 0.20142991840839386, -0.39850786328315735, 0.8810439705848694, 0.3191871643066406, -0.004186828155070543, -0.004859769716858864, 0.9476699829101562, -0.49160754680633545, -0.00012442708248272538, -4.3495856516528875e-06, 0.8708168864250183, -0.625873327255249, -0.004352778196334839, 0.007567752618342638, 0.7798759341239929, -0.9680677056312561, -0.0012295050546526909, 0.03604652360081673, 0.24808084964752197, -0.3364681899547577, -0.03385224565863609, -0.35118573904037476, 0.8731046915054321, 0.5018408298492432, -0.027594909071922302, 0.06547361612319946, 0.8620368242263794, 0.30087143182754517, -0.02467070147395134, -3.6213659768691286e-05, 0.953345537185669, 0.9703154563903809, 0.1324915885925293, -0.08752799779176712, 0.18240801990032196, -0.30732131004333496, -0.0167709793895483, -0.18147775530815125, 0.933990478515625, 0.6906465291976929, 0.06776287406682968, -0.09395495802164078, 0.7138543128967285, 0.3347628116607666, -0.023272676393389702, -0.061306431889534, 0.9400179982185364, -0.18764439225196838, 0.013413711450994015, -0.040641117841005325, 0.9813042283058167, -0.09529583156108856, 0.03349921479821205, -0.08817527443170547, 0.9909700155258179, -0.022627944126725197, 0.025528663769364357, -0.090055912733078, 0.9953523278236389, -0.4886835813522339, 0.5500192046165466, -0.5298232436180115, 0.42184677720069885, -0.5062759518623352, -0.08477634191513062, -0.049318429082632065, 0.8567761182785034, 0.0922013372182846, -0.3977419435977936, 0.028078284114599228, 0.912420928478241, 0.12860944867134094, -0.06592432409524918, -0.028215276077389717, 0.9890993237495422, -0.6175680160522461, -0.4922240972518921, 0.3956484794616699, 0.4688149392604828, -0.437235027551651, -0.3098336458206177, 0.061239466071128845, 0.8420678973197937, 0.0068502845242619514, 0.31696248054504395, -0.07897363603115082, 0.9451196193695068, -0.017794344574213028, 0.11355309933423996, 0.0821874812245369, 0.989966869354248, 0.05013996735215187, -0.010741756297647953, -0.04135535657405853, 0.9978278279304504, -0.1608104109764099, 0.2024211585521698, -0.4053768217563629, 0.8768326044082642, 0.31963399052619934, -0.004633682779967785, -0.004124975763261318, 0.9475207924842834, -0.49160751700401306, -0.00012442613660823554, -4.345833986008074e-06, 0.8708168864250183, -0.6248301863670349, -0.03794936090707779, -0.018181411549448967, 0.7796258926391602, -0.9661825895309448, -0.007280611898750067, 0.05350133031606674, 0.2521425485610962, -0.3332458734512329, -0.04328891262412071, -0.3756312429904938, 0.8636981248855591, 0.493653267621994, -0.02288833260536194, 0.06315005570650101, 0.8670608997344971, 0.3015666902065277, -0.026576941832900047, -0.0023526004515588284, 0.9530717134475708, 0.9707642197608948, 0.12601299583911896, -0.0727328509092331, 0.1909121870994568, -0.3082047700881958, -0.013726933859288692, -0.21185480058193207, 0.9273289442062378, 0.6911876201629639, 0.062389448285102844, -0.09118232876062393, 0.7141799926757812, 0.3405206799507141, -0.036361005157232285, -0.07249295711517334, 0.936732828617096, -0.18731412291526794, 0.014214024879038334, -0.043270599097013474, 0.9812436699867249, -0.09440363198518753, 0.035792455077171326, -0.0926591008901596, 0.990566074848175, -0.021595444530248642, 0.027382783591747284, -0.09480009973049164, 0.9948853254318237, -0.4810374975204468, 0.5546507239341736, -0.5372746586799622, 0.41509220004081726, -0.5122091770172119, -0.08966157585382462, -0.04956560209393501, 0.8527284860610962, 0.09074979275465012, -0.40334394574165344, 0.0327620692551136, 0.9099476933479309, 0.13123588263988495, -0.06500781327486038, -0.021939221769571304, 0.9889741539955139, -0.6191325187683105, -0.49146324396133423, 0.3935876786708832, 0.4692840278148651, -0.43605270981788635, -0.31648650765419006, 0.06326059252023697, 0.8400550484657288, 0.0054853311739861965, 0.32352694869041443, -0.07323767244815826, 0.9433644413948059, -0.010654338635504246, 0.10832729935646057, 0.08314170688390732, 0.9905751347541809, 0.05182871222496033, -0.01257123053073883, -0.041281308978796005, 0.9977232217788696, -0.1661558896303177, 0.20464855432510376, -0.4104533791542053, 0.8729485869407654, 0.31979677081108093, -0.004729066975414753, -0.004196152091026306, 0.9474651217460632, -0.49160754680633545, -0.0001244235463673249, -4.34572939411737e-06, 0.8708168864250183, -0.6225864291191101, -0.06663578748703003, -0.04058459401130676, 0.7786518335342407, -0.9646870493888855, -0.012286541983485222, 0.06816231459379196, 0.25412943959236145, -0.32937097549438477, -0.05158062279224396, -0.39634573459625244, 0.8554322123527527, 0.4858860671520233, -0.018803998827934265, 0.061116259545087814, 0.871679961681366, 0.3019069731235504, -0.027942316606640816, -0.004052480682730675, 0.9529191851615906, 0.971004843711853, 0.12143857777118683, -0.06043711304664612, 0.19684931635856628, -0.3102184534072876, -0.010337133891880512, -0.23772141337394714, 0.9204054474830627, 0.6896458864212036, 0.060077086091041565, -0.09022855758666992, 0.715987503528595, 0.34771835803985596, -0.05195966735482216, -0.08284307271242142, 0.9324854612350464, -0.18700547516345978, 0.015237131156027317, -0.04652371630072594, 0.981138288974762, -0.09364564716815948, 0.038696613162755966, -0.0982871949672699, 0.9899862408638, -0.020726649090647697, 0.029665594920516014, -0.10067804902791977, 0.9942607283592224, -0.47614458203315735, 0.559624969959259, -0.5420073866844177, 0.4078409671783447, -0.5159733891487122, -0.09218692034482956, -0.048914019018411636, 0.8502237796783447, 0.08884236961603165, -0.40860921144485474, 0.037661850452423096, 0.9075942039489746, 0.13474597036838531, -0.06599289923906326, -0.014674205332994461, 0.9885712265968323, -0.6197085380554199, -0.48987042903900146, 0.3926607668399811, 0.47096261382102966, -0.43634939193725586, -0.3177841603755951, 0.06421154737472534, 0.8393386602401733, 0.004213173408061266, 0.3278907537460327, -0.06853263080120087, 0.9422171711921692, -0.0015668115811422467, 0.10401824116706848, 0.0825098380446434, 0.9911457300186157, 0.05222296342253685, -0.01301563996821642, -0.04028306156396866, 0.9977377653121948, -0.17143701016902924, 0.20430739223957062, -0.4133409857749939, 0.8706417679786682, 0.31990504264831543, -0.0048141032457351685, -0.00425335206091404, 0.9474278092384338, -0.49160754680633545, -0.00012442110164556652, -4.350383278506342e-06, 0.8708168864250183, -0.6206322312355042, -0.08507298678159714, -0.05567026138305664, 0.7774825096130371, -0.9637361764907837, -0.016661640256643295, 0.07798255980014801, 0.2546637952327728, -0.3256051540374756, -0.05541103333234787, -0.40901023149490356, 0.8506594896316528, 0.4800816476345062, -0.01689024828374386, 0.0600765161216259, 0.8750012516975403, 0.30156776309013367, -0.02852918952703476, -0.0050147236324846745, 0.9530046582221985, 0.9712271094322205, 0.1187376007437706, -0.05268663913011551, 0.1996079385280609, -0.3119519054889679, -0.005466385278850794, -0.2520926296710968, 0.9160270094871521, 0.6884902119636536, 0.05624021589756012, -0.08701716363430023, 0.7178066372871399, 0.35333630442619324, -0.06639299541711807, -0.09192755818367004, 0.9285982847213745, -0.1861678957939148, 0.016117503866553307, -0.049934014678001404, 0.9811158776283264, -0.09252412617206573, 0.041761212050914764, -0.10449127107858658, 0.9893315434455872, -0.01948205567896366, 0.03202841430902481, -0.1070881336927414, 0.9935425519943237, -0.4714353382587433, 0.5635063648223877, -0.5463231205940247, 0.40216967463493347, -0.5218580961227417, -0.08881737291812897, -0.04935888573527336, 0.8469589352607727, 0.08849276602268219, -0.4098060131072998, 0.03956253081560135, 0.90700763463974, 0.1342124342918396, -0.07232121378183365, -0.012857800349593163, 0.9882264137268066, -0.6196863651275635, -0.4882335364818573, 0.3924134075641632, 0.4728938639163971, -0.43498340249061584, -0.3128913342952728, 0.06263796985149384, 0.8420005440711975, 0.0035890950821340084, 0.33393150568008423, -0.06558556109666824, 0.9403060078620911, 0.005521209444850683, 0.09868546575307846, 0.08067440986633301, 0.9918277859687805, 0.05105575919151306, -0.013152909465134144, -0.03960852697491646, 0.9978233575820923, -0.17747437953948975, 0.20309916138648987, -0.4162052273750305, 0.86834716796875, 0.31996533274650574, -0.0049002342857420444, -0.0043167914263904095, 0.9474067687988281, -0.49160754680633545, -0.0001244175946339965, -4.342633928899886e-06, 0.8708168864250183, -0.6191949844360352, -0.09074754267930984, -0.06134789437055588, 0.7775595784187317, -0.9636393189430237, -0.019589049741625786, 0.0814327523112297, 0.2537403404712677, -0.32399386167526245, -0.05500248819589615, -0.41228991746902466, 0.8497174382209778, 0.47739046812057495, -0.016915882006287575, 0.06013040617108345, 0.8764682412147522, 0.3014325499534607, -0.028541158884763718, -0.0051023224368691444, 0.9530465602874756, 0.9711354970932007, 0.11810377240180969, -0.0495576448738575, 0.2012246698141098, -0.3120812773704529, -0.002127432031556964, -0.24975073337554932, 0.9166380763053894, 0.6883291602134705, 0.05183344706892967, -0.08464903384447098, 0.7185755372047424, 0.3559657633304596, -0.07860396802425385, -0.09784208238124847, 0.9260328412055969, -0.18565841019153595, 0.01707168109714985, -0.052999090403318405, 0.9810355305671692, -0.09130176156759262, 0.04478168860077858, -0.11012187600135803, 0.9887020587921143, -0.018164390698075294, 0.034343987703323364, -0.1129315197467804, 0.9928429126739502, -0.46837565302848816, 0.5662234425544739, -0.5489102602005005, 0.3983878493309021, -0.526852548122406, -0.07588168233633041, -0.05013090372085571, 0.8450770974159241, 0.0891914889216423, -0.41168656945228577, 0.03937213495373726, 0.9060954451560974, 0.133062943816185, -0.08050103485584259, -0.013942702673375607, 0.9877344965934753, -0.6192688941955566, -0.48527559638023376, 0.3924926221370697, 0.4764065146446228, -0.43539541959762573, -0.3002973198890686, 0.05980006605386734, 0.8465673923492432, 0.0057007926516234875, 0.3392886817455292, -0.06531284004449844, 0.9383949041366577, 0.01722254604101181, 0.09965980798006058, 0.07520289719104767, 0.992026150226593, 0.04923122003674507, -0.012561935000121593, -0.0391138419508934, 0.9979422092437744, -0.18253424763679504, 0.20024287700653076, -0.4185936152935028, 0.8668122291564941, 0.3199451267719269, -0.004965938162058592, -0.004355831071734428, 0.9474130272865295, -0.49160754680633545, -0.0001244236045749858, -4.342095053289086e-06, 0.8708168864250183, -0.6185393929481506, -0.0888366848230362, -0.061519455164670944, 0.7782881259918213, -0.9638702869415283, -0.020627053454518318, 0.07998471707105637, 0.2532409727573395, -0.3243035674095154, -0.05358100309967995, -0.41083502769470215, 0.8503945469856262, 0.47658395767211914, -0.018389780074357986, 0.06098238378763199, 0.8768185377120972, 0.30133533477783203, -0.028499605134129524, -0.005165585782378912, 0.9530782699584961, 0.9710711240768433, 0.11791665852069855, -0.04823748394846916, 0.20196445286273956, -0.3113284409046173, 0.0004840136971324682, -0.239998459815979, 0.9194972515106201, 0.689414381980896, 0.04687102884054184, -0.08187691867351532, 0.7181971669197083, 0.3563288152217865, -0.08852121978998184, -0.10145913064479828, 0.9246079325675964, -0.18539728224277496, 0.017507711425423622, -0.05431506037712097, 0.9810051918029785, -0.09057287126779556, 0.0462944395840168, -0.11262156069278717, 0.9884178042411804, -0.01734084077179432, 0.03557327762246132, -0.11553354561328888, 0.9925149083137512, -0.46572256088256836, 0.5676980018615723, -0.5510425567626953, 0.3964514136314392, -0.5298192501068115, -0.060591116547584534, -0.051710981875658035, 0.8443614840507507, 0.08747856318950653, -0.4088846743106842, 0.0376550555229187, 0.9076027870178223, 0.1317005753517151, -0.09190835058689117, -0.012280448339879513, 0.9869433045387268, -0.6190962195396423, -0.4826817214488983, 0.39233070611953735, 0.4793901741504669, -0.4365631341934204, -0.2855447828769684, 0.05624670162796974, 0.851300835609436, 0.008845996111631393, 0.34792760014533997, -0.07088498026132584, 0.9347959160804749, 0.025565875694155693, 0.1007818728685379, 0.06586048007011414, 0.9923970103263855, 0.04832953214645386, -0.01303192786872387, -0.03909062221646309, 0.9979811310768127, -0.18776367604732513, 0.19936206936836243, -0.42182642221450806, 0.8643274903297424, 0.31989598274230957, -0.004989480599761009, -0.004369761329144239, 0.9474294781684875, -0.49160754680633545, -0.00012441280705388635, -4.3538593672565185e-06, 0.8708168864250183, -0.6180055737495422, -0.08345875144004822, -0.05831047147512436, 0.7795535326004028, -0.9644948840141296, -0.019899234175682068, 0.07612051069736481, 0.252109557390213, -0.3249293863773346, -0.051862314343452454, -0.4074430763721466, 0.8518928289413452, 0.4774784743785858, -0.020047420635819435, 0.06185472011566162, 0.8762342929840088, 0.3009648621082306, -0.0283967237919569, -0.005156716797500849, 0.9531984329223633, 0.9709516167640686, 0.11775581538677216, -0.04814452305436134, 0.20265384018421173, -0.31019675731658936, 0.0021903635933995247, -0.22775164246559143, 0.9229856133460999, 0.6908354759216309, 0.04151991754770279, -0.07859686762094498, 0.7175269722938538, 0.35575753450393677, -0.09623868763446808, -0.10409417003393173, 0.9237635731697083, -0.18540331721305847, 0.017567211762070656, -0.05375736206769943, 0.9810337424278259, -0.09041079133749008, 0.046345122158527374, -0.11167436838150024, 0.9885377287864685, -0.017108064144849777, 0.03581693395972252, -0.11462581902742386, 0.9926154613494873, -0.46726468205451965, 0.5680373907089233, -0.5494295954704285, 0.39638927578926086, -0.5278151035308838, -0.04392888769507408, -0.05342065170407295, 0.8465386629104614, 0.08229220658540726, -0.40351906418800354, 0.038338713347911835, 0.9104561805725098, 0.13620975613594055, -0.09850982576608658, -0.0027605167124420404, 0.9857662320137024, -0.6184245347976685, -0.4809114634990692, 0.39296576380729675, 0.4815113842487335, -0.43892669677734375, -0.26837730407714844, 0.05105844512581825, 0.8559848666191101, 0.011746968142688274, 0.3542712926864624, -0.08102129399776459, 0.9315521121025085, 0.026786429807543755, 0.10475379973649979, 0.054407749325037, 0.9926474690437317, 0.04665498808026314, -0.012645983137190342, -0.040841855108737946, 0.9979956746101379, -0.19073934853076935, 0.19924920797348022, -0.4255887567996979, 0.861854076385498, 0.3198787569999695, -0.004971275106072426, -0.004356984980404377, 0.9474354386329651, -0.49160757660865784, -0.00012441440776456147, -4.3560021367738955e-06, 0.8708168864250183, -0.6177040934562683, -0.07570715248584747, -0.0526646263897419, 0.7809843420982361, -0.9652836918830872, -0.01826600544154644, 0.07100443542003632, 0.2507031559944153, -0.32585853338241577, -0.04968274012207985, -0.40241965651512146, 0.8540529012680054, 0.4800480604171753, -0.021244952455163002, 0.06239759176969528, 0.8747622966766357, 0.30084267258644104, -0.027867713943123817, -0.004452196415513754, 0.9532561302185059, 0.9711002111434937, 0.11718947440385818, -0.04864349961280823, 0.2021503895521164, -0.3101778030395508, 0.001882496988400817, -0.21407616138458252, 0.9262599945068359, 0.6918679475784302, 0.036974113434553146, -0.07585741579532623, 0.7170755863189697, 0.355578750371933, -0.10262395441532135, -0.10634898394346237, 0.9228878617286682, -0.1853872388601303, 0.01744314655661583, -0.0521908663213253, 0.9811235666275024, -0.09032949060201645, 0.04556664079427719, -0.10883207619190216, 0.9888983368873596, -0.01699245534837246, 0.035474181175231934, -0.11184445768594742, 0.992946982383728, -0.47035112977027893, 0.5678356289863586, -0.5464388132095337, 0.3971613943576813, -0.5235910415649414, -0.03218355029821396, -0.05365705117583275, 0.8496690988540649, 0.07645227760076523, -0.3946581482887268, 0.04174317419528961, 0.914689838886261, 0.14196725189685822, -0.09981689602136612, 0.008418925106525421, 0.9847898483276367, -0.6169967651367188, -0.48000913858413696, 0.3946402966976166, 0.4828718602657318, -0.44408318400382996, -0.2526066303253174, 0.04750622808933258, 0.8583257794380188, 0.016777895390987396, 0.3580395579338074, -0.08795316517353058, 0.9294033050537109, 0.028395140543580055, 0.11172715574502945, 0.0484415702521801, 0.9921513199806213, 0.043058961629867554, -0.011437335051596165, -0.04219597205519676, 0.9981155395507812, -0.19113893806934357, 0.20037277042865753, -0.4269106984138489, 0.8608506917953491, 0.31983527541160583, -0.0049408129416406155, -0.0043376414105296135, 0.9474503397941589, -0.49160754680633545, -0.0001244218583451584, -4.345307388575748e-06, 0.8708168864250183, -0.617088258266449, -0.06547918170690536, -0.04494814574718475, 0.7828755974769592, -0.9660508036613464, -0.0161889735609293, 0.0647590309381485, 0.24957960844039917, -0.32939204573631287, -0.04766498878598213, -0.3949899673461914, 0.8562779426574707, 0.48366814851760864, -0.022469066083431244, 0.06287029385566711, 0.8727013468742371, 0.30129274725914, -0.027366625145077705, -0.0036114093381911516, 0.9531320929527283, 0.971137285232544, 0.11759127676486969, -0.05079090967774391, 0.20120874047279358, -0.31202998757362366, 0.0006823392468504608, -0.19747474789619446, 0.9293226003646851, 0.6931817531585693, 0.03411909565329552, -0.0742606520652771, 0.7161147594451904, 0.3559272289276123, -0.10683964192867279, -0.10711508244276047, 0.9221862554550171, -0.18534401059150696, 0.016904132440686226, -0.049940139055252075, 0.9812582731246948, -0.09029550105333328, 0.04367862269282341, -0.10479725897312164, 0.9894223213195801, -0.017032509669661522, 0.034183062613010406, -0.10781989246606827, 0.9934366345405579, -0.4743342101573944, 0.5674474835395813, -0.5424807071685791, 0.39840319752693176, -0.5205506086349487, -0.020399974659085274, -0.054174672812223434, 0.8518662452697754, 0.0735168308019638, -0.3880963921546936, 0.0479687936604023, 0.917428731918335, 0.14821229875087738, -0.09482826292514801, 0.01589762046933174, 0.9842702746391296, -0.6153258085250854, -0.4802677631378174, 0.396548330783844, 0.48318374156951904, -0.4470686912536621, -0.24168038368225098, 0.04473705217242241, 0.8600690364837646, 0.019889773800969124, 0.3613603711128235, -0.09008152037858963, 0.9278514981269836, 0.031199047341942787, 0.1148422509431839, 0.047164931893348694, 0.9917728304862976, 0.03535756096243858, -0.007909213192760944, -0.0344296395778656, 0.9987501502037048, -0.19167108833789825, 0.19868335127830505, -0.4045451283454895, 0.8718546032905579, 0.31941163539886475, -0.00479649193584919, -0.004204811993986368, 0.9475946426391602, -0.49160754680633545, -0.00012442054867278785, -4.3506506699486636e-06, 0.8708168864250183, -0.615692675113678, -0.05384412035346031, -0.03644225373864174, 0.78529953956604, -0.96694016456604, -0.013230646960437298, 0.05725780874490738, 0.2481393814086914, -0.3347053825855255, -0.04638897627592087, -0.3867482542991638, 0.8580479025840759, 0.4873594641685486, -0.024111444130539894, 0.06354334950447083, 0.8705524802207947, 0.30170106887817383, -0.027300650253891945, -0.0033854302018880844, 0.9530056118965149, 0.9708260297775269, 0.11911346018314362, -0.05371838063001633, 0.20105502009391785, -0.3145284652709961, -0.0005417722859419882, -0.17922541499137878, 0.932174801826477, 0.6946914792060852, 0.03174322843551636, -0.07305175811052322, 0.714884340763092, 0.3566196858882904, -0.10938719660043716, -0.10705530643463135, 0.9216268658638, -0.185385063290596, 0.016447847709059715, -0.04746787250041962, 0.9813809990882874, -0.09055658429861069, 0.04178495705127716, -0.10034848749637604, 0.9899412989616394, -0.017430312931537628, 0.03282121196389198, -0.10329916328191757, 0.9939558506011963, -0.4792652726173401, 0.5670296549797058, -0.5373959541320801, 0.3999846875667572, -0.5179389119148254, -0.007588909473270178, -0.055523939430713654, 0.8535799980163574, 0.07285890728235245, -0.38754701614379883, 0.0549238882958889, 0.9173234105110168, 0.15613774955272675, -0.0844414010643959, 0.02014540322124958, 0.983913004398346, -0.6140159368515015, -0.4814125597476959, 0.3978164494037628, 0.4826680123806, -0.4492954909801483, -0.23392820358276367, 0.04161740839481354, 0.8612079620361328, 0.02081277035176754, 0.36068910360336304, -0.09139246493577957, 0.9279642701148987, 0.033839885145425797, 0.11426694691181183, 0.047978729009628296, 0.9917136430740356, 0.02430202066898346, -0.003737429156899452, -0.00959496758878231, 0.9996516108512878, -0.19023285806179047, 0.18699750304222107, -0.3360494375228882, 0.903279721736908, 0.3183683753013611, -0.004326381720602512, -0.0037739891558885574, 0.9479497075080872, -0.49160757660865784, -0.00012441794387996197, -4.353591975814197e-06, 0.8708168864250183, -0.613878071308136, -0.04128917679190636, -0.02707086317241192, 0.7878553867340088, -0.9681827425956726, -0.009694667533040047, 0.04912211373448372, 0.24518387019634247, -0.33893194794654846, -0.04435912147164345, -0.37823519110679626, 0.8602880835533142, 0.49138203263282776, -0.025923531502485275, 0.06425561010837555, 0.8681836724281311, 0.3020654022693634, -0.02714698389172554, -0.0030956249684095383, 0.9528955817222595, 0.9701592326164246, 0.12177691608667374, -0.0577017106115818, 0.2015737146139145, -0.316169798374176, -0.001424415153451264, -0.16012611985206604, 0.9350905418395996, 0.6961855292320251, 0.028774360194802284, -0.07118258625268936, 0.7137442231178284, 0.3566238582134247, -0.11079768091440201, -0.10665319859981537, 0.9215033054351807, -0.18545323610305786, 0.016367299482226372, -0.044743455946445465, 0.9814974069595337, -0.09110154211521149, 0.04032059386372566, -0.0953768864274025, 0.9904433488845825, -0.018105648458003998, 0.031834810972213745, -0.09817483276128769, 0.9944950938224792, -0.4830651879310608, 0.5660197138786316, -0.5331043601036072, 0.4025786519050598, -0.5151838660240173, 0.002944948384538293, -0.05807467922568321, 0.8551048040390015, 0.07204201072454453, -0.389547199010849, 0.05934850126504898, 0.916264533996582, 0.16438207030296326, -0.07431497424840927, 0.02461922913789749, 0.9832851886749268, -0.6130150556564331, -0.4825822412967682, 0.3985389769077301, 0.48217591643333435, -0.45221278071403503, -0.22756414115428925, 0.03754522651433945, 0.861573338508606, 0.021559352055191994, 0.35454368591308594, -0.09189779311418533, 0.9302627444267273, 0.04063162952661514, 0.11184097081422806, 0.05228530615568161, 0.9915174841880798, 0.007539768237620592, -0.00012937717838212848, 0.03190376237034798, 0.9994624853134155, -0.1793137490749359, 0.1561972200870514, -0.22105437517166138, 0.9458245038986206, 0.3169468641281128, -0.0032497846987098455, -0.0028494982980191708, 0.9484334588050842, -0.49160757660865784, -0.00012440745194908231, -4.364554115454666e-06, 0.8708168864250183, -0.612274706363678, -0.027026304975152016, -0.015902221202850342, 0.7900230288505554, -0.9695860147476196, -0.005608455277979374, 0.040172278881073, 0.24136634171009064, -0.3417207598686218, -0.04099049046635628, -0.3687794506549835, 0.8634514808654785, 0.49715977907180786, -0.02741585485637188, 0.06469298154115677, 0.8648094534873962, 0.3022083640098572, -0.026545537635684013, -0.0022017918527126312, 0.9528696537017822, 0.9695835709571838, 0.12477542459964752, -0.06263957172632217, 0.20103482902050018, -0.31752488017082214, -0.0025467139203101397, -0.13976044952869415, 0.9378904700279236, 0.698143720626831, 0.02515348792076111, -0.06861128658056259, 0.7122185230255127, 0.3551759123802185, -0.11130867898464203, -0.10568287968635559, 0.9221125841140747, -0.18580947816371918, 0.016243193298578262, -0.04128406196832657, 0.9815837740898132, -0.09227880090475082, 0.03830914944410324, -0.08910223841667175, 0.990998387336731, -0.019334832206368446, 0.03045167215168476, -0.09167438000440598, 0.995135486125946, -0.48445072770118713, 0.563897430896759, -0.5310470461845398, 0.40659114718437195, -0.5139164328575134, 0.010765638202428818, -0.06204809620976448, 0.8555256128311157, 0.0709897056221962, -0.3889191448688507, 0.05912111699581146, 0.9166280627250671, 0.1757480949163437, -0.06532660126686096, 0.02982236072421074, 0.9818124771118164, -0.6119958758354187, -0.4835796356201172, 0.3994704782962799, 0.48170027136802673, -0.45531630516052246, -0.22160764038562775, 0.032946374267339706, 0.8616795539855957, 0.022636424750089645, 0.34964051842689514, -0.09436098486185074, 0.9318450093269348, 0.046293891966342926, 0.10909677296876907, 0.05521184206008911, 0.9914163947105408, -0.014575069770216942, 0.0035586473532021046, 0.07982545346021652, 0.9966959357261658, -0.1603289544582367, 0.10372842103242874, -0.09268345683813095, 0.9772127866744995, 0.31587928533554077, -0.0016564613906666636, -0.0015359797980636358, 0.9487966895103455, -0.49160754680633545, -0.0001244202721863985, -4.337812697485788e-06, 0.8708168864250183, -0.6114254593849182, -0.0093044089153409, -0.0022790718358010054, 0.7912440299987793, -0.9707567691802979, -6.519884482258931e-05, 0.02934764325618744, 0.23826469480991364, -0.3437510132789612, -0.03748856112360954, -0.35739871859550476, 0.8675805926322937, 0.5042413473129272, -0.0277851615101099, 0.0644523948431015, 0.8607058525085449, 0.30186110734939575, -0.025883620604872704, -0.001415812992490828, 0.952999472618103, 0.969548761844635, 0.12782958149909973, -0.06931791454553604, 0.19705264270305634, -0.3202421963214874, -0.0036464505828917027, -0.11614908277988434, 0.9401813745498657, 0.7004966735839844, 0.022001849487423897, -0.06644881516695023, 0.7102147340774536, 0.3526754379272461, -0.10955352336168289, -0.1029265895485878, 0.9235931038856506, -0.18644843995571136, 0.015685871243476868, -0.03790375217795372, 0.981607973575592, -0.0936584323644638, 0.03573247045278549, -0.08312512189149857, 0.991484522819519, -0.020698241889476776, 0.028452638536691666, -0.08562877029180527, 0.9957056641578674, -0.4868692457675934, 0.5612034201622009, -0.528289258480072, 0.41099825501441956, -0.5126467347145081, 0.01879299059510231, -0.06512096524238586, 0.8559201955795288, 0.06899458169937134, -0.39047330617904663, 0.06021006405353546, 0.9160485863685608, 0.186343252658844, -0.057562656700611115, 0.03699120879173279, 0.9800992012023926, -0.6100518107414246, -0.4841943085193634, 0.4018378257751465, 0.48157966136932373, -0.459675669670105, -0.21613603830337524, 0.030830247327685356, 0.8608327507972717, 0.023202989250421524, 0.3481328785419464, -0.10022322088479996, 0.9317834973335266, 0.049655307084321976, 0.11593330651521683, 0.04979965463280678, 0.9907642602920532, -0.034256353974342346, 0.002057175850495696, 0.09091335535049438, 0.9952673316001892, -0.14765165746212006, 0.0736396387219429, -0.014971895143389702, 0.9861805438995361, 0.31570619344711304, -0.0007653710199519992, -0.0007674425141885877, 0.9488564133644104, -0.49160754680633545, -0.00012445020547602326, -4.3517161429917905e-06, 0.8708168864250183, -0.6110877990722656, 0.010677525773644447, 0.013065490871667862, 0.7913829684257507, -0.9715593457221985, 0.006881798151880503, 0.017014792189002037, 0.2360839545726776, -0.3459201753139496, -0.035271838307380676, -0.34476548433303833, 0.8719127774238586, 0.5107865929603577, -0.02794588916003704, 0.06411917507648468, 0.8568575382232666, 0.3017677068710327, -0.025111742317676544, -0.0003574793809093535, 0.9530506134033203, 0.9694975018501282, 0.13245128095149994, -0.07836980372667313, 0.19076007604599, -0.3233381509780884, -0.003264820436015725, -0.0878472551703453, 0.9421914219856262, 0.703033447265625, 0.019133038818836212, -0.06464565545320511, 0.7079539895057678, 0.34978026151657104, -0.10699660331010818, -0.09870324283838272, 0.9254529476165771, -0.18706433475017548, 0.014970586635172367, -0.03534167632460594, 0.9815976023674011, -0.09483060985803604, 0.033270590007305145, -0.07880261540412903, 0.9918116927146912, -0.021852906793355942, 0.02634720504283905, -0.08125214278697968, 0.9961056113243103, -0.4903274178504944, 0.5582761168479919, -0.5246843099594116, 0.41546738147735596, -0.5120425820350647, 0.02619410865008831, -0.06582741439342499, 0.8560333251953125, 0.06588656455278397, -0.3946400284767151, 0.06698159873485565, 0.9140195250511169, 0.19376349449157715, -0.048659563064575195, 0.04664392024278641, 0.9787299633026123, -0.6092387437820435, -0.48388272523880005, 0.40280449390411377, 0.4821142852306366, -0.4629685580730438, -0.21612107753753662, 0.0318119153380394, 0.8590342402458191, 0.025626327842473984, 0.3514953851699829, -0.10405793786048889, 0.9300356507301331, 0.053149912506341934, 0.12411527335643768, 0.044776853173971176, 0.9898310899734497, -0.049329664558172226, -0.00019382956088520586, 0.10320815443992615, 0.993435800075531, -0.13754244148731232, 0.051306795328855515, 0.04032134637236595, 0.9883440136909485, 0.3157188296318054, -7.28051018086262e-05, -0.00016587671416345984, 0.9488527774810791, -0.49160754680633545, -0.00012442670413292944, -4.373105639388086e-06, 0.8708168864250183, -0.6107908487319946, 0.03305448591709137, 0.03068949095904827, 0.7905062437057495, -0.9722142815589905, 0.015009262599050999, 0.0034499068278819323, 0.23358549177646637, -0.34754523634910583, -0.03364704176783562, -0.3303285837173462, 0.8769055008888245, 0.5156119465827942, -0.029460478574037552, 0.06454575806856155, 0.8538795113563538, 0.3017982542514801, -0.024163812398910522, 0.0009797835955396295, 0.9530650973320007, 0.9691409468650818, 0.1388947069644928, -0.0902390405535698, 0.1825675517320633, -0.32590582966804504, -0.0012930589728057384, -0.05457725748419762, 0.9438247084617615, 0.7051852941513062, 0.016592765226960182, -0.06303826719522476, 0.7060202360153198, 0.34669923782348633, -0.10290767252445221, -0.09287019819021225, 0.9276770949363708, -0.18770991265773773, 0.01405627653002739, -0.03336281329393387, 0.9815571308135986, -0.09594036638736725, 0.03073146939277649, -0.07571066915988922, 0.9920276999473572, -0.022987989708781242, 0.024032551795244217, -0.07811136543750763, 0.9963898062705994, -0.4910193979740143, 0.5569556951522827, -0.523794412612915, 0.417540043592453, -0.5122381448745728, 0.028021814301609993, -0.06524158269166946, 0.8559032678604126, 0.06092830374836922, -0.3959106504917145, 0.0763426348567009, 0.913079559803009, 0.19935722649097443, -0.03992026299238205, 0.05851653218269348, 0.9773632287979126, -0.6098511815071106, -0.48360541462898254, 0.40199014544487, 0.4822979271411896, -0.463802307844162, -0.2211528867483139, 0.03353748843073845, 0.8572363257408142, 0.0279218852519989, 0.36074018478393555, -0.10686957836151123, 0.9261024594306946, 0.05661528557538986, 0.12745404243469238, 0.041478872299194336, 0.9893582463264465, -0.06094036251306534, -0.0030258912593126297, 0.11724402010440826, 0.9912269711494446, -0.12938545644283295, 0.03780946508049965, 0.07600856572389603, 0.9879537224769592, 0.31585031747817993, 0.0004583274421747774, 0.000276116217719391, 0.9488089084625244, -0.49160754680633545, -0.0001244317536475137, -4.366584562376374e-06, 0.8708168864250183, -0.6101944446563721, 0.05589522421360016, 0.04897758364677429, 0.7887583374977112, -0.9726951122283936, 0.024374080821871758, -0.010600239969789982, 0.23055978119373322, -0.3484412431716919, -0.03295082598924637, -0.3158525228500366, 0.8818957805633545, 0.5193130373954773, -0.03085261955857277, 0.06493218243122101, 0.8515549898147583, 0.3020697832107544, -0.02355165407061577, 0.001952535123564303, 0.952992856502533, 0.9684816598892212, 0.14589132368564606, -0.10338294506072998, 0.1734096109867096, -0.3277193605899811, 0.0024857332464307547, -0.020364057272672653, 0.9445523619651794, 0.7060502767562866, 0.01541722472757101, -0.06247308477759361, 0.7052322030067444, 0.3450576066970825, -0.09664297103881836, -0.08535266667604446, 0.9296829104423523, -0.1883910447359085, 0.012849656865000725, -0.031918205320835114, 0.9814911484718323, -0.09713389724493027, 0.027775326743721962, -0.07373728603124619, 0.9921473860740662, -0.02421455830335617, 0.021252363920211792, -0.07601134479045868, 0.9965863227844238, -0.4910765588283539, 0.5561440587043762, -0.5235754251480103, 0.41882744431495667, -0.5107735395431519, 0.02654046192765236, -0.0635710284113884, 0.8569508194923401, 0.057760290801525116, -0.3974378705024719, 0.08101800829172134, 0.9122186899185181, 0.20239722728729248, -0.034102607518434525, 0.06506764143705368, 0.976544201374054, -0.6111246347427368, -0.48263779282569885, 0.40030813217163086, 0.48305362462997437, -0.464322954416275, -0.23123230040073395, 0.03556431457400322, 0.8542078137397766, 0.030592214316129684, 0.3738246262073517, -0.1099652424454689, 0.9204493165016174, 0.05917134881019592, 0.12404182553291321, 0.041332874447107315, 0.9896484017372131, -0.07034221291542053, -0.0016848189989104867, 0.1303582638502121, 0.9889670610427856, -0.12392023205757141, 0.02583651803433895, 0.10101063549518585, 0.986799418926239, 0.31601598858833313, 0.0008358927443623543, 0.0005896214861422777, 0.9487533569335938, -0.49160754680633545, -0.0001244416635017842, -4.35385481978301e-06, 0.8708168864250183, -0.6092960238456726, 0.07814013212919235, 0.06754080206155777, 0.7861874103546143, -0.9728624820709229, 0.03545354679226875, -0.025167249143123627, 0.2272624671459198, -0.34864741563796997, -0.0347626768052578, -0.30201268196105957, 0.8865804672241211, 0.5222052335739136, -0.030983816832304, 0.06473153084516525, 0.8497950434684753, 0.3028354346752167, -0.02325495146214962, 0.002694513648748398, 0.952755331993103, 0.9677271842956543, 0.1526486724615097, -0.11662068217992783, 0.1631012111902237, -0.3292437493801117, 0.006446715909987688, 0.011488174088299274, 0.9441530704498291, 0.7065809369087219, 0.014314702711999416, -0.0615580752491951, 0.7048043012619019, 0.3426753580570221, -0.08868289738893509, -0.07786084711551666, 0.932012140750885, -0.18876336514949799, 0.011788098141551018, -0.030653266236186028, 0.9814733266830444, -0.09773561358451843, 0.02522486262023449, -0.07203461229801178, 0.992281436920166, -0.024909047409892082, 0.01879175193607807, -0.07415390014648438, 0.9967585802078247, -0.4925236999988556, 0.5542113184928894, -0.5220823287963867, 0.4215450882911682, -0.5087704658508301, 0.026658467948436737, -0.06151902303099632, 0.8582874536514282, 0.05866635590791702, -0.4039327800273895, 0.08304046839475632, 0.9091209173202515, 0.206092968583107, -0.03183583542704582, 0.06524638086557388, 0.9758356213569641, -0.6114546060562134, -0.4819522500038147, 0.39992257952690125, 0.4836396276950836, -0.4635612368583679, -0.24022331833839417, 0.03737230598926544, 0.8520604968070984, 0.03165988251566887, 0.384562224149704, -0.10956904292106628, 0.9160262942314148, 0.06502322852611542, 0.11928260326385498, 0.041262779384851456, 0.989869236946106, -0.07715306431055069, 0.002143615623936057, 0.14089803397655487, 0.9870109558105469, -0.12359432131052017, 0.013886550441384315, 0.1201729103922844, 0.9849315285682678, 0.3161531686782837, 0.0011066256556659937, 0.000818500411696732, 0.9487071633338928, -0.49160754680633545, -0.00012441707076504827, -4.348507445683936e-06, 0.8708168864250183, -0.6083223223686218, 0.09890573471784592, 0.08544297516345978, 0.782854437828064, -0.972400963306427, 0.04922626167535782, -0.04107009992003441, 0.22433556616306305, -0.3478904664516449, -0.04065326973795891, -0.29101085662841797, 0.8902989625930786, 0.5242939591407776, -0.029358811676502228, 0.06359216570854187, 0.8486518263816833, 0.30372700095176697, -0.02337934635579586, 0.0029057078063488007, 0.9524677991867065, 0.9673013687133789, 0.15773391723632812, -0.12770996987819672, 0.15211237967014313, -0.3308676481246948, 0.009273274801671505, 0.03843368962407112, 0.9428485631942749, 0.7068732380867004, 0.013711046427488327, -0.06070421263575554, 0.7045972347259521, 0.3402952551841736, -0.080101378262043, -0.07110260426998138, 0.934198796749115, -0.1890169382095337, 0.010859220288693905, -0.02893764339387417, 0.9814872741699219, -0.09817114472389221, 0.02279246225953102, -0.06936642527580261, 0.9924874305725098, -0.025411030277609825, 0.016513638198375702, -0.07130537182092667, 0.9969940781593323, -0.4950489103794098, 0.5519385933876038, -0.5195819735527039, 0.42464691400527954, -0.5033833384513855, 0.023640789091587067, -0.05882337689399719, 0.8617343902587891, 0.059425342828035355, -0.40895599126815796, 0.08290711045265198, 0.9068351984024048, 0.20909127593040466, -0.0317956916987896, 0.06509850919246674, 0.9752086997032166, -0.6111363768577576, -0.48211225867271423, 0.4004528820514679, 0.4834435284137726, -0.4622533619403839, -0.24701380729675293, 0.03857757896184921, 0.8507748246192932, 0.03194333240389824, 0.3936231732368469, -0.10926304012537003, 0.9121962785720825, 0.06830694526433945, 0.11622817069292068, 0.039563946425914764, 0.9900807738304138, -0.08219288289546967, 0.008223683573305607, 0.15075749158859253, 0.9851136207580566, -0.12635570764541626, -1.906051875266712e-05, 0.13647107779979706, 0.982552707195282, 0.3162591755390167, 0.0013299082638695836, 0.0010087307309731841, 0.9486714005470276, -0.49160754680633545, -0.0001244277518708259, -4.378457106213318e-06, 0.8708168864250183, -0.606441855430603, 0.11793900281190872, 0.10251620411872864, 0.7796211242675781, -0.9719727635383606, 0.06183905154466629, -0.0553310327231884, 0.21996217966079712, -0.3467637598514557, -0.045672446489334106, -0.2803455889225006, 0.8939101099967957, 0.5266772508621216, -0.02832961268723011, 0.06282822787761688, 0.8472668528556824, 0.3045118749141693, -0.023477423936128616, 0.0031278375536203384, 0.9522140622138977, 0.9667201638221741, 0.16211315989494324, -0.1377684772014618, 0.14209599792957306, -0.3320770561695099, 0.011332512833178043, 0.062028948217630386, 0.9411423206329346, 0.7067245244979858, 0.013506361283361912, -0.05995403975248337, 0.7048145532608032, 0.3382832705974579, -0.07093725353479385, -0.06503751873970032, 0.9361103177070618, -0.18926098942756653, 0.01013250183314085, -0.026693645864725113, 0.981511652469635, -0.09863089770078659, 0.020505908876657486, -0.06562798470258713, 0.9927459359169006, -0.025943337008357048, 0.01448935829102993, -0.06732398271560669, 0.9972885847091675, -0.5014582872390747, 0.5482630133628845, -0.5132687091827393, 0.42953744530677795, -0.4943885803222656, 0.02197089046239853, -0.05424242839217186, 0.8672686815261841, 0.060790449380874634, -0.41279691457748413, 0.08288417011499405, 0.9050046801567078, 0.2095390111207962, -0.034097880125045776, 0.06342897564172745, 0.9751448631286621, -0.6088317632675171, -0.48238933086395264, 0.40362244844436646, 0.48343905806541443, -0.46577852964401245, -0.25012481212615967, 0.03807979077100754, 0.8479610085487366, 0.03190292790532112, 0.3970916271209717, -0.11329995095729828, 0.910199761390686, 0.0679292157292366, 0.11608733981847763, 0.037919171154499054, 0.9901875853538513, -0.08832868933677673, 0.014180672354996204, 0.15999482572078705, 0.9830557703971863, -0.12945090234279633, -0.016815152019262314, 0.15398626029491425, 0.9794120788574219, 0.3163827657699585, 0.0015300387749448419, 0.0011863290565088391, 0.9486296772956848, -0.49160757660865784, -0.00012444701860658824, -4.337816790211946e-06, 0.8708168864250183, -0.6034447550773621, 0.13789644837379456, 0.12012597173452377, 0.7761499881744385, -0.9720258712768555, 0.07076164335012436, -0.06729468703269958, 0.21361161768436432, -0.34666991233825684, -0.04537568241357803, -0.2661292552947998, 0.8982962965965271, 0.5307967066764832, -0.03015158511698246, 0.06368854641914368, 0.84456467628479, 0.3052378296852112, -0.023342249915003777, 0.0036772945895791054, 0.9519829154014587, 0.9662228226661682, 0.16537736356258392, -0.14686930179595947, 0.13226158916950226, -0.33303117752075195, 0.01238713413476944, 0.08503791689872742, 0.9389916658401489, 0.706283688545227, 0.013081631623208523, -0.05890125036239624, 0.7053530216217041, 0.3359600603580475, -0.06228204816579819, -0.059780869632959366, 0.9379115700721741, -0.18960188329219818, 0.009277978911995888, -0.02333892695605755, 0.981539785861969, -0.0993853360414505, 0.01758948154747486, -0.05980991572141647, 0.9930941462516785, -0.02676604688167572, 0.012092686258256435, -0.061255741864442825, 0.9976898431777954, -0.5096384882926941, 0.5447374582290649, -0.5051026940345764, 0.4340519309043884, -0.48305314779281616, 0.02272898517549038, -0.04914729297161102, 0.8739150762557983, 0.06273552775382996, -0.4143611490726471, 0.0818123072385788, 0.9042543172836304, 0.21053658425807953, -0.03841828927397728, 0.06012580916285515, 0.9749786257743835, -0.6050308346748352, -0.48323801159858704, 0.40868619084358215, 0.4831090569496155, -0.4716187119483948, -0.2495124489068985, 0.037796348333358765, 0.8449205756187439, 0.033276818692684174, 0.40258660912513733, -0.11678416281938553, 0.9072916507720947, 0.06924432516098022, 0.11153355985879898, 0.037132445722818375, 0.9906496405601501, -0.09563415497541428, 0.018854448571801186, 0.16609413921833038, 0.9812804460525513, -0.13014018535614014, -0.034794170409440994, 0.17457465827465057, 0.9753853678703308, 0.3165469169616699, 0.0017356688622385263, 0.0013789403019472957, 0.9485742449760437, -0.4916076362133026, -0.00012441173021215945, -4.344233730080305e-06, 0.8708168864250183, -0.5994639992713928, 0.160859614610672, 0.13975754380226135, 0.7715147137641907, -0.9724386930465698, 0.07694127410650253, -0.0787796825170517, 0.20551592111587524, -0.34748393297195435, -0.04045822471380234, -0.2473907619714737, 0.9035573601722717, 0.5363362431526184, -0.035169169306755066, 0.0661640539765358, 0.840671718120575, 0.3051881492137909, -0.02282821200788021, 0.004426221828907728, 0.9520081281661987, 0.9664323925971985, 0.16638639569282532, -0.15488013625144958, 0.1197332963347435, -0.3364107012748718, 0.013075923547148705, 0.10690943896770477, 0.9355357885360718, 0.7074071168899536, 0.011274919845163822, -0.05551417917013168, 0.7045327425003052, 0.3311748504638672, -0.053498756140470505, -0.05544408783316612, 0.940418541431427, -0.19014814496040344, 0.008423211053013802, -0.018665561452507973, 0.9815418124198914, -0.1007966548204422, 0.014544137753546238, -0.051455095410346985, 0.9934691190719604, -0.02818341553211212, 0.009793591685593128, -0.05275202542543411, 0.998161792755127, -0.5165851712226868, 0.5417110919952393, -0.4979247748851776, 0.43790391087532043, -0.4745137691497803, 0.026278989389538765, -0.04374048486351967, 0.8787678480148315, 0.0640447586774826, -0.41366279125213623, 0.0820009782910347, 0.9044651389122009, 0.21290825307369232, -0.043231744319200516, 0.05792446434497833, 0.9743951559066772, -0.6003233790397644, -0.48183727264404297, 0.4147253632545471, 0.4852294325828552, -0.48056235909461975, -0.24671654403209686, 0.04007397219538689, 0.8405860066413879, 0.03641131520271301, 0.41152825951576233, -0.11605938524007797, 0.9032435417175293, 0.08118024468421936, 0.10367712378501892, 0.037191666662693024, 0.9905945658683777, -0.10211428254842758, 0.020961374044418335, 0.16920365393161774, 0.9800527691841125, -0.12765911221504211, -0.05578415468335152, 0.1993785798549652, 0.969968855381012, 0.31679704785346985, 0.001969666453078389, 0.0016134838806465268, 0.9484899640083313, -0.49160754680633545, -0.00012443098239600658, -4.353850727056852e-06, 0.8708168864250183, -0.5942666530609131, 0.18667830526828766, 0.16123448312282562, 0.7655075192451477, -0.9730135798454285, 0.08297132700681686, -0.0912940725684166, 0.19500204920768738, -0.34741970896720886, -0.03395292907953262, -0.22631841897964478, 0.9093551635742188, 0.5419889092445374, -0.04196493327617645, 0.06981740146875381, 0.8364284634590149, 0.30494949221611023, -0.021610040217638016, 0.006092589348554611, 0.952103853225708, 0.9664285778999329, 0.16789349913597107, -0.16191212832927704, 0.1077587902545929, -0.33585700392723083, 0.013249218463897705, 0.13169480860233307, 0.9325668811798096, 0.7076296210289001, 0.00874795950949192, -0.05269531160593033, 0.7045615911483765, 0.3247220516204834, -0.04284883290529251, -0.05040685832500458, 0.9434928297996521, -0.19091162085533142, 0.007698885165154934, -0.012756813317537308, 0.9814941883087158, -0.1023186668753624, 0.011364104226231575, -0.04084300994873047, 0.9938479065895081, -0.029646115377545357, 0.007582406047731638, -0.04201898351311684, 0.9986481070518494, -0.523221492767334, 0.5371564626693726, -0.4908437132835388, 0.4435928463935852, -0.47153234481811523, 0.03623782470822334, -0.04010382667183876, 0.8801907896995544, 0.06535852700471878, -0.4131726920604706, 0.08431301265954971, 0.9043826460838318, 0.21507149934768677, -0.050810471177101135, 0.05732503533363342, 0.9735894203186035, -0.5957313179969788, -0.48278501629829407, 0.42067766189575195, 0.4848228394985199, -0.48683062195777893, -0.2424541413784027, 0.043117016553878784, 0.838064968585968, 0.03923466056585312, 0.4229888617992401, -0.11364971101284027, 0.8981229662895203, 0.09121257811784744, 0.09542393684387207, 0.03612605854868889, 0.9905904531478882, -0.10745580494403839, 0.022330211475491524, 0.17233677208423615, 0.9789048433303833, -0.12602567672729492, -0.08065944164991379, 0.22556434571743011, 0.9626693725585938, 0.31713539361953735, 0.002234434010460973, 0.0018695282051339746, 0.9483758211135864, -0.4916076362133026, -0.00012441814760677516, -4.350784365669824e-06, 0.8708168864250183, -0.5880876183509827, 0.21485760807991028, 0.1848435401916504, 0.7575103640556335, -0.9733715653419495, 0.08947189897298813, -0.10442518442869186, 0.18340682983398438, -0.34705695509910583, -0.027054116129875183, -0.20286734402179718, 0.9152401089668274, 0.5473107695579529, -0.04949740320444107, 0.07408446073532104, 0.8321732878684998, 0.3052648901939392, -0.02020847238600254, 0.008485733531415462, 0.952015221118927, 0.9666522741317749, 0.1691395789384842, -0.16873705387115479, 0.0922117829322815, -0.3371254801750183, 0.013225773349404335, 0.1563875377178192, 0.9282857775688171, 0.7066513895988464, 0.0077638267539441586, -0.05069413408637047, 0.7057008147239685, 0.31964412331581116, -0.032198935747146606, -0.045087844133377075, 0.945916473865509, -0.1917029470205307, 0.00709169078618288, -0.006395744625478983, 0.9814065098762512, -0.10393255203962326, 0.008294840343296528, -0.029328366741538048, 0.9941172003746033, -0.031112559139728546, 0.005591076798737049, -0.03035091608762741, 0.999039351940155, -0.5315442681312561, 0.5317997336387634, -0.4818015694618225, 0.450018972158432, -0.47198623418807983, 0.05170263350009918, -0.03805319219827652, 0.879265546798706, 0.06910353153944016, -0.4155396521091461, 0.08569091558456421, 0.9028890132904053, 0.2114058881998062, -0.05872209742665291, 0.05029764398932457, 0.9743354320526123, -0.5906410217285156, -0.4849216043949127, 0.42720600962638855, 0.48320722579956055, -0.4909350275993347, -0.23813222348690033, 0.04619680717587471, 0.8367447257041931, 0.04129955545067787, 0.4324975907802582, -0.11085537821054459, 0.8938407301902771, 0.1001097783446312, 0.08996722102165222, 0.03491644933819771, 0.9902852177619934, -0.11005795747041702, 0.02436765283346176, 0.17343580722808838, 0.9783728718757629, -0.1257648766040802, -0.10343839228153229, 0.2456127405166626, 0.9555930495262146, 0.3174598515033722, 0.002449378138408065, 0.0020793245639652014, 0.9482662677764893, -0.49160754680633545, -0.00012441171566024423, -4.328730483393883e-06, 0.8708168864250183, -0.5806708931922913, 0.24390433728694916, 0.21003490686416626, 0.7478083372116089, -0.973616898059845, 0.09643574804067612, -0.11711899936199188, 0.1704508364200592, -0.34573522210121155, -0.02030055783689022, -0.1774253398180008, 0.9211814403533936, 0.5517242550849915, -0.05769931524991989, 0.07871390134096146, 0.8282965421676636, 0.30526837706565857, -0.01893043704330921, 0.010389777831733227, 0.9520214796066284, 0.9669504761695862, 0.1699989289045334, -0.17523252964019775, 0.07348949462175369, -0.3404673635959625, 0.01206701248884201, 0.1782657355070114, 0.9231238961219788, 0.7040557861328125, 0.009956199675798416, -0.0503871776163578, 0.708284854888916, 0.3166951537132263, -0.02384098432958126, -0.03972960263490677, 0.9473950862884521, -0.19255761802196503, 0.006636254023760557, -9.658242925070226e-05, 0.9812632203102112, -0.1057434231042862, 0.005450614262372255, -0.017826193943619728, 0.9942187666893005, -0.0327325165271759, 0.003961299546062946, -0.01867672987282276, 0.9992818236351013, -0.5402934551239014, 0.5254711508750916, -0.47198593616485596, 0.45737558603286743, -0.4714072346687317, 0.07011536508798599, -0.039939019829034805, 0.8782163262367249, 0.06977561861276627, -0.4220103621482849, 0.08454718440771103, 0.8999391198158264, 0.20891037583351135, -0.06235429644584656, 0.047832880169153214, 0.9747719764709473, -0.5845435857772827, -0.489375501871109, 0.4349224865436554, 0.4792315363883972, -0.4938291311264038, -0.23349443078041077, 0.04941777139902115, 0.8361644744873047, 0.042441077530384064, 0.4417553246021271, -0.10970258712768555, 0.8893910050392151, 0.11470557749271393, 0.0882176086306572, 0.028842046856880188, 0.9890543222427368, -0.10839412361383438, 0.027984006330370903, 0.17056156694889069, 0.978967010974884, -0.12591905891895294, -0.12177864462137222, 0.2560531497001648, 0.9506582617759705, 0.3176818788051605, 0.0025570583529770374, 0.0021945354528725147, 0.9481913447380066, -0.49160754680633545, -0.00012443203013390303, -4.353320491645718e-06, 0.8708168864250183, -0.5719538331031799, 0.27370384335517883, 0.2363770306110382, 0.7362614870071411, -0.9737441539764404, 0.10441472381353378, -0.12943947315216064, 0.1554524451494217, -0.34227254986763, -0.014024527743458748, -0.14991293847560883, 0.9274583458900452, 0.5545719861984253, -0.06608846038579941, 0.08364993333816528, 0.8252787590026855, 0.3048945665359497, -0.018154725432395935, 0.01151758711785078, 0.9521433711051941, 0.9675751328468323, 0.16926813125610352, -0.17993879318237305, 0.052618660032749176, -0.3443836271762848, 0.009402153082191944, 0.19568446278572083, 0.9181607365608215, 0.6990604996681213, 0.014493525959551334, -0.05125932767987251, 0.7130756974220276, 0.3159194886684418, -0.01856078766286373, -0.035009052604436874, 0.94795823097229, -0.1933683604001999, 0.006120576523244381, 0.0062051378190517426, 0.9810875654220581, -0.10752778500318527, 0.002448905259370804, -0.0062391553074121475, 0.9941794872283936, -0.03439612686634064, 0.0021619070321321487, -0.006971438881009817, 0.9993816018104553, -0.5480526089668274, 0.5198875069618225, -0.46317431330680847, 0.46349212527275085, -0.47157809138298035, 0.09107235074043274, -0.043958526104688644, 0.8760066032409668, 0.06999044865369797, -0.43190306425094604, 0.08716586232185364, 0.8949654698371887, 0.2049442082643509, -0.0645938441157341, 0.049412667751312256, 0.9753891229629517, -0.5788996815681458, -0.4954748749732971, 0.44198134541511536, 0.47332048416137695, -0.4966471195220947, -0.2329435646533966, 0.051937393844127655, 0.8344947099685669, 0.047483835369348526, 0.45124155282974243, -0.10765320062637329, 0.8846113085746765, 0.13046331703662872, 0.08678299188613892, 0.030054308474063873, 0.9871903657913208, -0.10273691266775131, 0.03217887505888939, 0.16452531516551971, 0.9804800152778625, -0.125931516289711, -0.13460773229599, 0.25851160287857056, 0.9482582807540894, 0.3178499937057495, 0.0025909775868058205, 0.002240007510408759, 0.9481348395347595, -0.49160754680633545, -0.00012443405285011977, -4.347471531218616e-06, 0.8708168864250183, -0.5616560578346252, 0.30239424109458923, 0.26213333010673523, 0.724145233631134, -0.9738325476646423, 0.11248941719532013, -0.14044201374053955, 0.13882550597190857, -0.33775022625923157, -0.008968907408416271, -0.12213968485593796, 0.9332343339920044, 0.5564295649528503, -0.07399512827396393, 0.08835747092962265, 0.8228632211685181, 0.3045124411582947, -0.017783554270863533, 0.012042560614645481, 0.9522662162780762, 0.9681515693664551, 0.16755904257297516, -0.18327659368515015, 0.03187873587012291, -0.34879425168037415, 0.004943399224430323, 0.2083800733089447, 0.9137263894081116, 0.6930387020111084, 0.020594410598278046, -0.05316563695669174, 0.7186422944068909, 0.31601232290267944, -0.015179827809333801, -0.030785981565713882, 0.9481339454650879, -0.19416986405849457, 0.005855561699718237, 0.012370686046779156, 0.9808724522590637, -0.10931134968996048, -1.626730227144435e-05, 0.005273689981549978, 0.9939935803413391, -0.03615089878439903, 0.000611336377914995, 0.0045356969349086285, 0.9993358850479126, -0.552695095539093, 0.515197217464447, -0.4577297568321228, 0.46859726309776306, -0.4733333885669708, 0.10964184999465942, -0.04749363288283348, 0.8727419376373291, 0.07109957188367844, -0.44113367795944214, 0.09292222559452057, 0.8897817134857178, 0.2037108838558197, -0.06649908423423767, 0.051340069621801376, 0.9754198789596558, -0.5732517242431641, -0.5018500089645386, 0.448935329914093, 0.46688979864120483, -0.49627014994621277, -0.23558761179447174, 0.05597448721528053, 0.8337153792381287, 0.04853435605764389, 0.4591170847415924, -0.104063980281353, 0.8809237480163574, 0.14310327172279358, 0.08551958948373795, 0.027855398133397102, 0.9856125116348267, -0.09430330246686935, 0.036588579416275024, 0.15734247863292694, 0.9823500514030457, -0.1276767998933792, -0.1445920765399933, 0.2590796947479248, 0.9463981986045837, 0.3180047273635864, 0.0025807844940572977, 0.002247205004096031, 0.9480829834938049, -0.4916076362133026, -0.00012440851423889399, -4.353320946393069e-06, 0.8708168268203735, -0.5501469373703003, 0.32985541224479675, 0.28762921690940857, 0.7111984491348267, -0.9740898609161377, 0.11953934282064438, -0.148931086063385, 0.12115663290023804, -0.3323797583580017, -0.003851410234346986, -0.09308578819036484, 0.9385328888893127, 0.5571940541267395, -0.08182430267333984, 0.09305272996425629, 0.8210851550102234, 0.30414560437202454, -0.017295654863119125, 0.012720719911158085, 0.9523835778236389, 0.968601644039154, 0.16500049829483032, -0.1856689602136612, 0.010619590990245342, -0.3534645736217499, -0.0007068818085826933, 0.2179975062608719, 0.9096919298171997, 0.6859782338142395, 0.027772700414061546, -0.05597332864999771, 0.7249342203140259, 0.316890686750412, -0.013499191030859947, -0.026877669617533684, 0.947985053062439, -0.1946328580379486, 0.005931255407631397, 0.017603272572159767, 0.9807002544403076, -0.11043983697891235, -0.0015957793220877647, 0.015147576108574867, 0.9937661290168762, -0.037482477724552155, -0.000313137483317405, 0.01431188452988863, 0.9991948008537292, -0.556959331035614, 0.5102012157440186, -0.45269715785980225, 0.47387370467185974, -0.4719471037387848, 0.12670689821243286, -0.050790973007678986, 0.8709945678710938, 0.07165868580341339, -0.4493413269519806, 0.10041320323944092, 0.8848020434379578, 0.20423923432826996, -0.059664368629455566, 0.05306010693311691, 0.9756593704223633, -0.5674653053283691, -0.5092421770095825, 0.4559401273727417, 0.45910152792930603, -0.4942488670349121, -0.2414565235376358, 0.05875169858336449, 0.8330456614494324, 0.04916689544916153, 0.4665777385234833, -0.10226529836654663, 0.8771713972091675, 0.15384402871131897, 0.08505214750766754, 0.02458782307803631, 0.9841207265853882, -0.08484720438718796, 0.041451986879110336, 0.1501230001449585, 0.9841472506523132, -0.1305406540632248, -0.1526404768228531, 0.25895002484321594, 0.9447777271270752, 0.3181021809577942, 0.002499017398804426, 0.0021995087154209614, 0.9480506181716919, -0.4916076362133026, -0.00012442081060726196, -4.339955921750516e-06, 0.8708168864250183, -0.537472128868103, 0.3557067811489105, 0.3110670745372772, 0.6984509825706482, -0.9743794798851013, 0.12604090571403503, -0.15568257868289948, 0.10228084027767181, -0.32663145661354065, 0.000788913166616112, -0.06477583944797516, 0.9429291486740112, 0.5574944019317627, -0.08830881863832474, 0.0970323383808136, 0.8197476863861084, 0.30365437269210815, -0.0169261135160923, 0.0131123261526227, 0.9525416493415833, -0.9692475199699402, -0.16109786927700043, 0.18586868047714233, 0.007719045504927635, -0.3567226231098175, -0.008769885636866093, 0.22337472438812256, 0.9070699214935303, 0.6781600713729858, 0.03623785451054573, -0.059970419853925705, 0.7315663695335388, 0.31813064217567444, -0.013129309751093388, -0.02332478016614914, 0.9476690292358398, -0.19478736817836761, 0.0065673035569489, 0.02131686918437481, 0.9805918335914612, -0.11105324327945709, -0.001611297600902617, 0.022302143275737762, 0.9935628771781921, -0.038500551134347916, -0.00019404252816457301, 0.021258246153593063, 0.9990324378013611, -0.5599592924118042, 0.5050541758537292, -0.448964387178421, 0.4793713390827179, -0.4679175615310669, 0.13998740911483765, -0.05234146863222122, 0.8710436820983887, 0.0729154571890831, -0.45695751905441284, 0.10803911089897156, 0.8798867464065552, 0.21538424491882324, -0.056212168186903, 0.05854678153991699, 0.9731506109237671, -0.5604779720306396, -0.5207955241203308, 0.46393346786499023, 0.446544885635376, -0.4867396354675293, -0.24453027546405792, 0.06065050885081291, 0.8364275097846985, 0.046873509883880615, 0.4703977704048157, -0.09579767286777496, 0.8759860992431641, 0.16020499169826508, 0.08327135443687439, 0.023309286683797836, 0.9832888245582581, -0.07647550106048584, 0.04529021307826042, 0.14384809136390686, 0.9856003522872925, -0.13451144099235535, -0.15978002548217773, 0.2594958543777466, 0.942888617515564, 0.318126916885376, 0.002364985877647996, 0.002112671034410596, 0.9480428695678711, -0.49160757660865784, -0.00012443312152754515, -4.320705102145439e-06, 0.8708168864250183, -0.5239667892456055, 0.38064810633659363, 0.3342241644859314, 0.6847335696220398, -0.9747040867805481, 0.13206540048122406, -0.16010507941246033, 0.08292810618877411, -0.32022884488105774, 0.005457031540572643, -0.03519240394234657, 0.9466705918312073, 0.5575149059295654, -0.09498752653598785, 0.10120245814323425, 0.8184819221496582, 0.3034636080265045, -0.016584720462560654, 0.013640956953167915, 0.9526010751724243, -0.9700897336006165, -0.15557631850242615, 0.18457962572574615, 0.025541219860315323, -0.35854849219322205, -0.01769927516579628, 0.22674646973609924, 0.9053815603256226, 0.6698057055473328, 0.044709328562021255, -0.06437099725008011, 0.7383885979652405, 0.3186965882778168, -0.01373852975666523, -0.020008081570267677, 0.9475460052490234, -0.1943122297525406, 0.007223688066005707, 0.02414356730878353, 0.9806159734725952, -0.11081390827894211, -0.0014394726604223251, 0.0282281581312418, 0.9934391975402832, -0.03881116211414337, -3.6429366446100175e-05, 0.02675744891166687, 0.9988883137702942, -0.5619020462036133, 0.5005829930305481, -0.44648775458335876, 0.48407796025276184, -0.4610997140407562, 0.1516820192337036, -0.05292988196015358, 0.8726843595504761, 0.07335446029901505, -0.4612978398799896, 0.11408684402704239, 0.8768167495727539, 0.2240878790616989, -0.051603928208351135, 0.06229432672262192, 0.97120600938797, -0.5567623972892761, -0.5320152044296265, 0.4676583409309387, 0.4339022636413574, -0.47528478503227234, -0.25005263090133667, 0.06099333614110947, 0.8413429260253906, 0.04465952888131142, 0.4731324017047882, -0.0905146449804306, 0.8751904964447021, 0.1682194620370865, 0.08397486060857773, 0.019173702225089073, 0.9819790720939636, -0.06935444474220276, 0.04852189123630524, 0.13704922795295715, 0.9869412779808044, -0.13815350830554962, -0.16186735033988953, 0.26042184233665466, 0.9417499899864197, 0.31809201836586, 0.00223181233741343, 0.0019434707937762141, 0.9480552077293396, -0.4916076362133026, -0.00012436468387022614, -4.37417975263088e-06, 0.8708168268203735, -0.5101264119148254, 0.4043882489204407, 0.3556070923805237, 0.6706599593162537, -0.9746854901313782, 0.13819684088230133, -0.16361908614635468, 0.06417716294527054, -0.31430014967918396, 0.009447193704545498, -0.006929542403668165, 0.9492514133453369, 0.5577920079231262, -0.10160136222839355, 0.10543669760227203, 0.8169628977775574, 0.3034210801124573, -0.016469165682792664, 0.013917138800024986, 0.952612578868866, -0.970791757106781, -0.14976508915424347, 0.18269869685173035, 0.04189344495534897, -0.3592594563961029, -0.025018371641635895, 0.22981144487857819, 0.9041534662246704, 0.6603115200996399, 0.05368076637387276, -0.06937412172555923, 0.7458513975143433, 0.32023900747299194, -0.01518258173018694, -0.016213074326515198, 0.9470763206481934, -0.19343097507953644, 0.007578082848340273, 0.026353619992733, 0.9807305932044983, -0.11034487187862396, -0.0017658598953858018, 0.0339101105928421, 0.993313193321228, -0.03889848664402962, -0.0003983175556641072, 0.03163881227374077, 0.9987421035766602, -0.5625771284103394, 0.4966580271720886, -0.44549205899238586, 0.4882362186908722, -0.4574216604232788, 0.1614714413881302, -0.052021581679582596, 0.8729181885719299, 0.07313515990972519, -0.4614044427871704, 0.12409302592277527, 0.8754188418388367, 0.22608445584774017, -0.043510571122169495, 0.06538103520870209, 0.97093665599823, -0.5529848337173462, -0.5393739342689514, 0.4714687466621399, 0.4254418611526489, -0.46695685386657715, -0.25525563955307007, 0.0606125108897686, 0.8444654941558838, 0.04175638407468796, 0.46986714005470276, -0.08471525460481644, 0.8776699900627136, 0.1715085655450821, 0.08653601258993149, 0.01707322522997856, 0.9812262058258057, -0.06378010660409927, 0.05178779363632202, 0.12988020479679108, 0.9881200790405273, -0.14227594435214996, -0.16114220023155212, 0.25973257422447205, 0.9414508938789368, 0.318092942237854, 0.0021574886050075293, 0.0016586659476161003, 0.948055624961853, -0.49160754680633545, -0.00012440637510735542, -4.3570676098170225e-06, 0.8708168864250183, -0.4967708885669708, 0.4255255162715912, 0.3739556670188904, 0.6574981808662415, -0.9745397567749023, 0.1434021294116974, -0.16601887345314026, 0.04632316529750824, -0.3082675039768219, 0.012416318990290165, 0.018897881731390953, 0.951030969619751, 0.5576666593551636, -0.10738281160593033, 0.10906673967838287, 0.8158316612243652, 0.30342134833335876, -0.01632796600461006, 0.014240613207221031, 0.9526101350784302, -0.9713612198829651, -0.14421267807483673, 0.18059687316417694, 0.05518067255616188, -0.3583209216594696, -0.03106013871729374, 0.23116230964660645, 0.9039941430091858, 0.6499861478805542, 0.06223932281136513, -0.07427274435758591, 0.753742516040802, 0.3226974606513977, -0.016795268282294273, -0.012590984813869, 0.9462693929672241, -0.19304047524929047, 0.0077302115969359875, 0.028493288904428482, 0.9807465076446533, -0.10976926237344742, -0.0023357903119176626, 0.038079164922237396, 0.9932246804237366, -0.03896589204668999, -0.0009187510004267097, 0.035453323274850845, 0.9986109733581543, -0.5646722316741943, 0.4937905967235565, -0.44298604130744934, 0.49099844694137573, -0.4512508809566498, 0.16952648758888245, -0.04990016669034958, 0.8747247457504272, 0.0740692988038063, -0.4617515206336975, 0.13165336847305298, 0.8740518689155579, 0.22959601879119873, -0.03716588020324707, 0.0674714520573616, 0.9702329635620117, -0.549098789691925, -0.5430205464363098, 0.4756914973258972, 0.4211138188838959, -0.46365609765052795, -0.26087313890457153, 0.06027349457144737, 0.8445918560028076, 0.03970532491803169, 0.46195635199546814, -0.08170018345117569, 0.8822385668754578, 0.17414280772209167, 0.09105861186981201, 0.019690079614520073, 0.9803035259246826, -0.05962110310792923, 0.05429450795054436, 0.1224411278963089, 0.9891944527626038, -0.1467014104127884, -0.15959835052490234, 0.2576332688331604, 0.9416114687919617, 0.31803643703460693, 0.0019150497391819954, 0.001484895939938724, 0.9480753540992737, -0.49160754680633545, -0.00012443204468581825, -4.3570594243647065e-06, 0.8708168864250183, -0.48423171043395996, 0.4437074065208435, 0.38993072509765625, 0.6454436779022217, -0.9745731353759766, 0.14703992009162903, -0.166266068816185, 0.030694961547851562, -0.3037375807762146, 0.015695845708251, 0.043066151440143585, 0.9516525268554688, 0.557666003704071, -0.11246517300605774, 0.11215478926897049, 0.8147279024124146, 0.3037530481815338, -0.016282254830002785, 0.014397329650819302, 0.9525028467178345, -0.9716477990150452, -0.13968582451343536, 0.17926204204559326, 0.06521950662136078, -0.35398414731025696, -0.03596721217036247, 0.23234595358371735, 0.9052165150642395, 0.639014482498169, 0.0694580078125, -0.07912357151508331, 0.7619550824165344, 0.32521331310272217, -0.017800841480493546, -0.009197482839226723, 0.9454284310340881, -0.19280780851840973, 0.0077499281615018845, 0.030052371323108673, 0.9807456135749817, -0.10946496576070786, -0.003038796130567789, 0.04099321737885475, 0.9931403398513794, -0.039233338087797165, -0.001538453041575849, 0.038072045892477036, 0.9985033273696899, -0.566851794719696, 0.491170734167099, -0.44040337204933167, 0.4934321343898773, -0.4450794756412506, 0.17348045110702515, -0.047275543212890625, 0.877253532409668, 0.07535746693611145, -0.46172887086868286, 0.13722474873065948, 0.8730962872505188, 0.23372972011566162, -0.0343766026198864, 0.06867849826812744, 0.9692636132240295, -0.545566737651825, -0.5460659861564636, 0.47946086525917053, 0.41747593879699707, -0.4621284306049347, -0.26653411984443665, 0.059604570269584656, 0.8437085747718811, 0.038213323801755905, 0.4546853005886078, -0.08223593980073929, 0.8860238194465637, 0.18088367581367493, 0.097902812063694, 0.01761445216834545, 0.978460967540741, -0.05568856745958328, 0.055870167911052704, 0.11534804850816727, 0.99018794298172, -0.15084271132946014, -0.15674914419651031, 0.2550332844257355, 0.942143440246582, 0.3179568350315094, 0.0016627195291221142, 0.0012977691367268562, 0.9481028914451599, -0.4916076362133026, -0.0001244063605554402, -4.370975148049183e-06, 0.8708168864250183, -0.4737747609615326, 0.4572935998439789, 0.4020789563655853, 0.6362016797065735, -0.9747452735900879, 0.14940880239009857, -0.1649775356054306, 0.018198804929852486, -0.30003878474235535, 0.018486235290765762, 0.06253691762685776, 0.951695442199707, 0.5569552183151245, -0.11582476645708084, 0.11448994278907776, 0.8144185543060303, 0.3037824034690857, -0.01624920219182968, 0.014564399607479572, 0.9524915218353271, -0.9717682600021362, -0.135370135307312, 0.17840111255645752, 0.07425979524850845, -0.3535398244857788, -0.03999735042452812, 0.2311735898256302, 0.9055211544036865, 0.6311209797859192, 0.07496806234121323, -0.08264052122831345, 0.7676175236701965, 0.3276765048503876, -0.01879858784377575, -0.006466327700763941, 0.9445808529853821, -0.192710742354393, 0.007733584381639957, 0.030990712344646454, 0.9807355999946594, -0.10932177305221558, -0.0035896829795092344, 0.04306994378566742, 0.9930664300918579, -0.039647482335567474, -0.002121677855029702, 0.03980617970228195, 0.9984182715415955, -0.5683563947677612, 0.48913368582725525, -0.43853819370269775, 0.49538227915763855, -0.44122451543807983, 0.1723441481590271, -0.04232136905193329, 0.8796746134757996, 0.07876157015562057, -0.462654709815979, 0.14214369654655457, 0.8715173602104187, 0.2383284866809845, -0.034949157387018204, 0.06645123660564423, 0.9682780504226685, -0.5423834323883057, -0.5481346845626831, 0.48288023471832275, 0.4149644374847412, -0.461715966463089, -0.27245575189590454, 0.059672869741916656, 0.8420364856719971, 0.0369366891682148, 0.4468071758747101, -0.08222786337137222, 0.8900772929191589, 0.18136993050575256, 0.0995289608836174, 0.01656995713710785, 0.9782251119613647, -0.053183358162641525, 0.057274188846349716, 0.10895806550979614, 0.9909688830375671, -0.15474273264408112, -0.15388113260269165, 0.25454339385032654, 0.9421162009239197, 0.31790992617607117, 0.001417031278833747, 0.0010788165964186192, 0.9481192827224731, -0.49160754680633545, -0.0001244577142642811, -4.3517120502656326e-06, 0.8708168864250183, -0.4651511609554291, 0.46738725900650024, 0.41179147362709045, 0.6289764046669006, -0.9747291803359985, 0.15192952752113342, -0.16356168687343597, 0.008253078907728195, -0.29677096009254456, 0.019123051315546036, 0.07753870636224747, 0.9516034126281738, 0.5566083788871765, -0.11734335124492645, 0.11566202342510223, 0.8142726421356201, 0.30318188667297363, -0.0164906345307827, 0.01400849875062704, 0.9526870250701904, -0.9716124534606934, -0.1319590061903, 0.17856194078922272, 0.08168123662471771, -0.35304856300354004, -0.0424201637506485, 0.23105008900165558, 0.9056341052055359, 0.6244562268257141, 0.07872692495584488, -0.08517252653837204, 0.7724002599716187, 0.32968348264694214, -0.01943087764084339, -0.004495705012232065, 0.9438808560371399, -0.1927633285522461, 0.0076457178220152855, 0.03139284625649452, 0.9807131886482239, -0.10914397984743118, -0.003995505161583424, 0.044727105647325516, 0.9930111169815063, -0.040004096925258636, -0.0025962868239730597, 0.04097983241081238, 0.9983554482460022, -0.5715475082397461, 0.48779013752937317, -0.4350186288356781, 0.4961380660533905, -0.4363432228565216, 0.1706191748380661, -0.03673418238759041, 0.8826915621757507, 0.08135288953781128, -0.46538245677948, 0.14855527877807617, 0.8687532544136047, 0.23855458199977875, -0.03620360791683197, 0.06618750095367432, 0.968194305896759, -0.5397629737854004, -0.549553632736206, 0.4857293665409088, 0.41317519545555115, -0.46133753657341003, -0.2780826985836029, 0.05934048071503639, 0.8404263257980347, 0.0366271436214447, 0.4373600482940674, -0.08007298409938812, 0.8949653506278992, 0.18199898302555084, 0.10449381917715073, 0.014328021556138992, 0.9776257872581482, -0.05132183060050011, 0.05881752073764801, 0.10337887704372406, 0.9915741682052612, -0.1582568883895874, -0.15150758624076843, 0.25500789284706116, 0.9417914748191833, 0.31793662905693054, 0.001226003747433424, 0.0008151661022566259, 0.948110818862915, -0.49160757660865784, -0.0001244352461071685, -4.363480456959223e-06, 0.8708168864250183, -0.4588869512081146, 0.47415927052497864, 0.41897016763687134, 0.6237466335296631, -0.9747708439826965, 0.15367072820663452, -0.1618812531232834, 0.0012902929447591305, -0.29434889554977417, 0.018936453387141228, 0.08861815929412842, 0.9513921141624451, 0.5565343499183655, -0.11787405610084534, 0.11617035418748856, 0.814174234867096, 0.30304479598999023, -0.016799913719296455, 0.01354814600199461, 0.9527319073677063, -0.9711446166038513, -0.1302599310874939, 0.17969901859760284, 0.08728563040494919, -0.3519469201564789, -0.0428614467382431, 0.23325371742248535, 0.9054771661758423, 0.6194933652877808, 0.08050774037837982, -0.08650007843971252, 0.7760568261146545, 0.3310546278953552, -0.018999002873897552, -0.003220253624022007, 0.9434148073196411, -0.1927841305732727, 0.007675030268728733, 0.031969718635082245, 0.9806902408599854, -0.10907135903835297, -0.004435548093169928, 0.04579481482505798, 0.9929685592651367, -0.04026270657777786, -0.0029020952060818672, 0.04188491031527519, 0.9983066320419312, -0.5750898718833923, 0.48756760358810425, -0.4312850534915924, 0.49552270770072937, -0.4311135709285736, 0.16776134073734283, -0.03129309415817261, 0.8860124349594116, 0.08324995636940002, -0.4688933789730072, 0.1542578935623169, 0.8656864166259766, 0.236768439412117, -0.04424957185983658, 0.06923183798789978, 0.9680855870246887, -0.5378861427307129, -0.5508487224578857, 0.4877334237098694, 0.41153424978256226, -0.46033093333244324, -0.2821066677570343, 0.05900431424379349, 0.8396605253219604, 0.03515202924609184, 0.42791393399238586, -0.0794452354311943, 0.8996346592903137, 0.18649661540985107, 0.10848626494407654, 0.0141732357442379, 0.976344645023346, -0.04843936115503311, 0.05980408564209938, 0.0986100286245346, 0.9921457767486572, -0.16198144853115082, -0.1499476283788681, 0.25578826665878296, 0.9411961436271667, 0.3179314136505127, 0.0010557189816609025, 0.0006946643115952611, 0.9481129050254822, -0.49160757660865784, -0.00012443952437024564, -4.348507445683936e-06, 0.8708168864250183, -0.4543316662311554, 0.478718638420105, 0.4234498143196106, 0.6205654740333557, 0.9749187231063843, -0.15441714227199554, 0.16023552417755127, 0.003652815241366625, -0.2933686375617981, 0.01919255405664444, 0.09622029960155487, 0.9509511590003967, 0.5569797158241272, -0.11807423830032349, 0.11647944152355194, 0.8137964606285095, 0.30290284752845764, -0.017003830522298813, 0.013221249915659428, 0.9527779817581177, -0.9706963896751404, -0.12978580594062805, 0.18096722662448883, 0.09030590951442719, -0.3507471978664398, -0.04222876578569412, 0.23845426738262177, 0.904617428779602, 0.61702960729599, 0.08042121678590775, -0.08666300028562546, 0.7780080437660217, 0.3314948081970215, -0.017773348838090897, -0.0026875492185354233, 0.9432858228683472, -0.19293294847011566, 0.007750074379146099, 0.0322556309401989, 0.9806510210037231, -0.10920343548059464, -0.004628954920917749, 0.04623299092054367, 0.992932915687561, -0.04058763012290001, -0.003035471774637699, 0.042240604758262634, 0.9982780814170837, -0.5777257680892944, 0.48692694306373596, -0.4283881187438965, 0.4955993592739105, -0.42723318934440613, 0.16399995982646942, -0.026334302499890327, 0.8887532353401184, 0.08560231328010559, -0.47218406200408936, 0.15762297809123993, 0.8630582094192505, 0.23586739599704742, -0.0601060576736927, 0.07149556279182434, 0.9672859907150269, -0.537169337272644, -0.5523271560668945, 0.4883821904659271, 0.4097154438495636, -0.45927533507347107, -0.2842876613140106, 0.057990577071905136, 0.8395735621452332, 0.03319844603538513, 0.41806772351264954, -0.07966113090515137, 0.9043071269989014, 0.18871338665485382, 0.11207856237888336, 0.0141377504914999, 0.9755131006240845, -0.04531542584300041, 0.05884180963039398, 0.09478060156106949, 0.9927239418029785, -0.16492655873298645, -0.14857366681098938, 0.2570849359035492, 0.9405490159988403, 0.31794434785842896, 0.0009565766667947173, 0.0006236193585209548, 0.9481086730957031, -0.49160754680633545, -0.0001244138547917828, -4.329791863710852e-06, 0.8708168864250183, -0.4513305723667145, 0.48116615414619446, 0.4258997440338135, 0.6191843748092651, 0.9751927852630615, -0.15439358353614807, 0.15847444534301758, 0.00689605763182044, -0.29332345724105835, 0.01969742402434349, 0.10084554553031921, 0.9504754543304443, 0.5577226281166077, -0.11805766820907593, 0.11655428260564804, 0.8132791519165039, 0.30286139249801636, -0.017164673656225204, 0.01294394489377737, 0.9527921080589294, -0.9702543020248413, -0.1298227161169052, 0.1825951784849167, 0.09171546995639801, -0.3503114879131317, -0.041631195694208145, 0.24242790043354034, 0.9037573933601379, 0.6163195371627808, 0.07958270609378815, -0.08635316044092178, 0.7786911725997925, 0.33122116327285767, -0.016099538654088974, -0.0026106340810656548, 0.943412184715271, -0.19304168224334717, 0.008012378588318825, 0.03194299340248108, 0.9806377291679382, -0.10930932313203812, -0.00422152504324913, 0.04558122530579567, 0.9929531812667847, -0.040775250643491745, -0.002744128694757819, 0.04158421605825424, 0.9982988834381104, -0.5791787505149841, 0.48624682426452637, -0.42674151062965393, 0.49599164724349976, -0.42279788851737976, 0.158508762717247, -0.021670062094926834, 0.8919906616210938, 0.08729314804077148, -0.47393837571144104, 0.15794377028942108, 0.8618678450584412, 0.23370999097824097, -0.08073592931032181, 0.07247959077358246, 0.9662339687347412, -0.5377364754676819, -0.5533203482627869, 0.4876464307308197, 0.40850600600242615, -0.4589346945285797, -0.2851071357727051, 0.05701468139886856, 0.8395488262176514, 0.031935930252075195, 0.40932497382164, -0.07985543459653854, 0.9083260893821716, 0.18826308846473694, 0.11375690996646881, 0.016268419101834297, 0.9753726124763489, -0.04207489639520645, 0.05630321800708771, 0.09198417514562607, 0.9932767152786255, -0.16657766699790955, -0.14725284278392792, 0.2573894262313843, 0.9403824806213379, 0.3179469108581543, 0.0009202208020724356, 0.0005966053577139974, 0.948107898235321, -0.49160757660865784, -0.00012442348815966398, -4.368831923784455e-06, 0.8708168864250183, -0.4498137831687927, 0.4821692407131195, 0.426721453666687, 0.6189420819282532, 0.9753591418266296, -0.1543775498867035, 0.15738601982593536, 0.008472123183310032, -0.29414644837379456, 0.01987222209572792, 0.10235890001058578, 0.9500555992126465, 0.5587542653083801, -0.11790283769369125, 0.11652593314647675, 0.8125972747802734, 0.3030066192150116, -0.017207633703947067, 0.012941012158989906, 0.952745258808136, -0.9698881506919861, -0.13013097643852234, 0.18422989547252655, 0.09188209474086761, -0.3501536548137665, -0.04107533022761345, 0.24426843225955963, 0.9033483266830444, 0.6164337396621704, 0.07914029806852341, -0.08623451739549637, 0.7786590456962585, 0.33065906167030334, -0.014808748848736286, -0.002545988652855158, 0.9436306953430176, -0.19306696951389313, 0.008275475353002548, 0.03107958659529686, 0.9806583523750305, -0.10929061472415924, -0.0035305095370858908, 0.04391665384173393, 0.9930329322814941, -0.040793851017951965, -0.0023019160144031048, 0.03994467481970787, 0.9983661770820618, -0.5803202390670776, 0.4861859381198883, -0.42559146881103516, 0.49570518732070923, -0.41869673132896423, 0.1512776017189026, -0.01602587103843689, 0.8952940106391907, 0.08918961882591248, -0.4738112688064575, 0.15854677557945251, 0.861632764339447, 0.22851552069187164, -0.10375794023275375, 0.0726293995976448, 0.965266764163971, -0.5388014316558838, -0.5533846616744995, 0.4865032434463501, 0.4083787202835083, -0.4592705965042114, -0.28473982214927673, 0.056981898844242096, 0.8394920229911804, 0.030013078823685646, 0.40198081731796265, -0.08007055521011353, 0.9116465449333191, 0.18939094245433807, 0.11407420039176941, 0.016370341181755066, 0.9751154780387878, -0.038613416254520416, 0.05335407331585884, 0.09038153290748596, 0.9937270879745483, -0.16745661199092865, -0.14645425975322723, 0.25693193078041077, 0.94047611951828, 0.3179500102996826, 0.0009276666678488255, 0.0006005263421684504, 0.9481068253517151, -0.49160754680633545, -0.00012442348815966398, -4.361274477560073e-06, 0.8708168864250183, -0.4497082531452179, 0.4817405045032501, 0.425281286239624, 0.6203421950340271, 0.9752582907676697, -0.1547553837299347, 0.15760497748851776, 0.009095118381083012, -0.2953910231590271, 0.01914408802986145, 0.09979888051748276, 0.9499567747116089, 0.5600565075874329, -0.11743815243244171, 0.11635874956846237, 0.8117915987968445, 0.30324259400367737, -0.017282634973526, 0.0130268270149827, 0.9526675939559937, -0.9696425795555115, -0.1310732513666153, 0.18596428632736206, 0.0896126851439476, -0.3498532474040985, -0.040435705333948135, 0.24388816952705383, 0.9035962820053101, 0.6172248125076294, 0.07925397902727127, -0.08637343347072601, 0.7780051827430725, 0.33007463812828064, -0.01445890311151743, -0.0024869386106729507, 0.9438408613204956, -0.19303439557552338, 0.008490467444062233, 0.02988184243440628, 0.9807001352310181, -0.10916070640087128, -0.0027288333512842655, 0.04165776073932648, 0.993147075176239, -0.040681153535842896, -0.0018050672952085733, 0.03770289942622185, 0.998458981513977, -0.5808514356613159, 0.4864659309387207, -0.4251886308193207, 0.4951537549495697, -0.416405588388443, 0.14254048466682434, -0.009826584719121456, 0.8978819847106934, 0.09151356667280197, -0.47161439061164856, 0.15961574018001556, 0.8623965978622437, 0.2237340211868286, -0.12609130144119263, 0.07182998955249786, 0.9637866020202637, -0.5399002432823181, -0.5530468821525574, 0.485368013381958, 0.4087356626987457, -0.45982420444488525, -0.2830049991607666, 0.05751081928610802, 0.8397395014762878, 0.028534380719065666, 0.396545946598053, -0.07811084389686584, 0.9142405390739441, 0.18866324424743652, 0.11303136497735977, 0.019207650795578957, 0.9753261804580688, -0.03580712154507637, 0.04974954202771187, 0.09005100280046463, 0.9940491318702698, -0.16783207654953003, -0.14570540189743042, 0.25699830055236816, 0.9405074119567871, 0.3179512917995453, 0.0009651132859289646, 0.0006253523170016706, 0.9481063485145569, -0.4916076064109802, -0.00012445024913176894, -4.342053671280155e-06, 0.8708168268203735, -0.45109662413597107, 0.4795368015766144, 0.4214244484901428, 0.6236647963523865, 0.974981427192688, -0.15526175498962402, 0.15882347524166107, 0.008950500749051571, -0.29648810625076294, 0.0176190584897995, 0.09320714324712753, 0.9503141045570374, 0.5612476468086243, -0.11634917557239532, 0.1158023253083229, 0.8112051486968994, 0.303230345249176, -0.01725008338689804, 0.012978442013263702, 0.9526727795600891, -0.9694375991821289, -0.1327582150697708, 0.18814808130264282, 0.0846550390124321, -0.3492931127548218, -0.03942525386810303, 0.2408260703086853, 0.9046782851219177, 0.6183984279632568, 0.07971388101577759, -0.0866682156920433, 0.7769927382469177, 0.32978594303131104, -0.014587863348424435, -0.002409678651019931, 0.9439399242401123, -0.19282649457454681, 0.008671874180436134, 0.028440652415156364, 0.9807822704315186, -0.10867740958929062, -0.0018553915433585644, 0.03899494931101799, 0.993310272693634, -0.04025954380631447, -0.0012279544025659561, 0.03508567810058594, 0.9985722899436951, -0.5810784101486206, 0.48683682084083557, -0.42510125041007996, 0.494597464799881, -0.41487768292427063, 0.13370758295059204, -0.0043163481168448925, 0.8999889492988586, 0.09370976686477661, -0.4683305621147156, 0.15954415500164032, 0.8639621734619141, 0.2189842313528061, -0.14572104811668396, 0.07018052041530609, 0.9622296690940857, -0.5409051775932312, -0.5524567365646362, 0.4843533933162689, 0.40940821170806885, -0.4616449773311615, -0.2809751033782959, 0.05834268406033516, 0.8393646478652954, 0.027999436482787132, 0.3933945596218109, -0.07737179845571518, 0.9156802892684937, 0.1872074156999588, 0.11053036153316498, 0.02262795716524124, 0.9758198857307434, -0.03539315238595009, 0.04532383754849434, 0.08899987488985062, 0.9943702220916748, -0.16742371022701263, -0.14279133081436157, 0.2544417679309845, 0.941721498966217, 0.3179292380809784, 0.0009818499675020576, 0.000635008211247623, 0.948113739490509, -0.4916076362133026, -0.00012440425052773207, -4.3538552745303605e-06, 0.8708168268203735, -0.453955739736557, 0.47506675124168396, 0.4155347943305969, 0.6289409399032593, 0.9747386574745178, -0.15543457865715027, 0.16019172966480255, 0.007953669875860214, -0.2973167300224304, 0.015370642766356468, 0.08354700356721878, 0.9509923458099365, 0.5623657703399658, -0.11442127823829651, 0.11464735120534897, 0.8108689785003662, 0.3038148880004883, -0.017595967277884483, 0.012667299248278141, 0.9524843692779541, -0.9691752791404724, -0.13516981899738312, 0.19114936888217926, 0.07674887776374817, -0.34743744134902954, -0.03861388936638832, 0.2347063273191452, 0.9070331454277039, 0.6196380853652954, 0.08058018982410431, -0.08726397901773453, 0.7758482694625854, 0.329585999250412, -0.014294510707259178, -0.0023785559460520744, 0.9440143704414368, -0.19236761331558228, 0.008948883041739464, 0.026646753773093224, 0.9809202551841736, -0.10788774490356445, -0.0006844372255727649, 0.035392459481954575, 0.9935327172279358, -0.03951939567923546, -0.0003809826448559761, 0.03162602707743645, 0.9987181425094604, -0.5800257921218872, 0.4876004755496979, -0.42639556527137756, 0.49396637082099915, -0.41563698649406433, 0.12352601438760757, 4.582697874866426e-05, 0.9011033773422241, 0.0966111272573471, -0.4643418788909912, 0.15702785551548004, 0.8662535548210144, 0.21285700798034668, -0.16136105358600616, 0.06475488841533661, 0.9614891409873962, -0.5427024364471436, -0.5521087646484375, 0.48233890533447266, 0.4098772406578064, -0.4626333713531494, -0.2799927890300751, 0.06017197668552399, 0.8390195369720459, 0.0281736571341753, 0.39536160230636597, -0.07773292064666748, 0.914796769618988, 0.185059055685997, 0.10637661814689636, 0.026096699759364128, 0.9766044020652771, -0.035960521548986435, 0.04009144380688667, 0.08357828855514526, 0.9950448274612427, -0.16697728633880615, -0.1317148059606552, 0.23587127029895782, 0.948227047920227, 0.3178000748157501, 0.0008923019049689174, 0.0005976155516691506, 0.9481571316719055, -0.49160757660865784, -0.00012444595631677657, -4.354661086836131e-06, 0.8708168864250183, -0.4581964910030365, 0.4686785340309143, 0.4076201319694519, 0.6358005404472351, 0.9743462800979614, -0.15571565926074982, 0.16239140927791595, 0.00557476794347167, -0.29884111881256104, 0.011983044445514679, 0.07065286487340927, 0.951608419418335, 0.5636839270591736, -0.11163564026355743, 0.1129218190908432, 0.8105841279029846, 0.30431920289993286, -0.017915625125169754, 0.012326065450906754, 0.9523218274116516, -0.9688171744346619, -0.1384274959564209, 0.19470006227493286, 0.0657501146197319, -0.34355491399765015, -0.03756049647927284, 0.22601351141929626, 0.9107564091682434, 0.6204105615615845, 0.08194415271282196, -0.08829917758703232, 0.7749704122543335, 0.3296145498752594, -0.013957529328763485, -0.0023633986711502075, 0.9440094828605652, -0.19165675342082977, 0.009255875833332539, 0.02447427064180374, 0.9811131954193115, -0.10685316473245621, 0.0006221503717824817, 0.030430104583501816, 0.9938088655471802, -0.03852444514632225, 0.0006249436410143971, 0.026974616572260857, 0.9988933205604553, -0.5776801109313965, 0.4882473647594452, -0.42894068360328674, 0.49387258291244507, -0.4194609224796295, 0.11126972734928131, 0.0031426593195647, 0.9009227156639099, 0.09970802813768387, -0.459613561630249, 0.15289916098117828, 0.8691579699516296, 0.2069111317396164, -0.17047949135303497, 0.056982893496751785, 0.9617055058479309, -0.5449842810630798, -0.5519200563430786, 0.47969627380371094, 0.41020485758781433, -0.46295246481895447, -0.28026270866394043, 0.06289716809988022, 0.8385533690452576, 0.02838260866701603, 0.40241119265556335, -0.08000317960977554, 0.9115147590637207, 0.18086707592010498, 0.09866788983345032, 0.0311201810836792, 0.9780507683753967, -0.038570936769247055, 0.03245280310511589, 0.0734134390950203, 0.9960269331932068, -0.1629415899515152, -0.11054044216871262, 0.19913062453269958, 0.9599884748458862, 0.31757429242134094, 0.0006498415023088455, 0.000504571245983243, 0.9482330679893494, -0.4916076362133026, -0.00012441494618542492, -4.331930995249422e-06, 0.8708168268203735, -0.4645918011665344, 0.46040186285972595, 0.3971262574195862, 0.6437975764274597, 0.9735798239707947, -0.15672676265239716, 0.16606494784355164, 0.0012425072491168976, -0.2998330593109131, 0.007838078774511814, 0.05329391732811928, 0.9524697065353394, 0.564470648765564, -0.10761228948831558, 0.11065599322319031, 0.810893177986145, 0.30492034554481506, -0.018362976610660553, 0.011875406838953495, 0.9521268010139465, -0.9686498045921326, -0.14134997129440308, 0.1970527619123459, 0.053925514221191406, -0.34172868728637695, -0.03636762499809265, 0.21296940743923187, 0.9146272540092468, 0.6222110986709595, 0.08373484760522842, -0.08940985798835754, 0.7732061147689819, 0.32992735505104065, -0.013823870569467545, -0.0021697699557989836, 0.9439026117324829, -0.1909579336643219, 0.009099412709474564, 0.021168682724237442, 0.9813277125358582, -0.1055050864815712, 0.0017153348308056593, 0.024317508563399315, 0.9941198825836182, -0.03743233159184456, 0.0012679754290729761, 0.020986245945096016, 0.9990779757499695, -0.5750226974487305, 0.4900275766849518, -0.43222472071647644, 0.49234509468078613, -0.42365774512290955, 0.09464677423238754, 0.0054382141679525375, 0.9008476734161377, 0.10184013098478317, -0.45486652851104736, 0.1474350094795227, 0.8723462224006653, 0.20038950443267822, -0.1719837188720703, 0.04829562082886696, 0.9632928967475891, -0.5466145873069763, -0.5516529679298401, 0.477796345949173, 0.4106120765209198, -0.46371403336524963, -0.2802109122276306, 0.06577781587839127, 0.8379286527633667, 0.0298862773925066, 0.40922439098358154, -0.08017214387655258, 0.908413290977478, 0.17835268378257751, 0.08655805140733719, 0.03370950371026993, 0.9795721769332886, -0.04185233637690544, 0.024102985858917236, 0.06091194599866867, 0.996973991394043, -0.15614961087703705, -0.08412585407495499, 0.1545579880475998, 0.9719321131706238, 0.3174096345901489, 0.00035801995545625687, 0.0002648978552315384, 0.9482884407043457, -0.4916076362133026, -0.00012442030129022896, -4.342090505815577e-06, 0.8708168864250183, -0.4735099971294403, 0.44926437735557556, 0.3833768665790558, 0.6534309983253479, -0.9723792672157288, 0.1582007110118866, -0.17149198055267334, 0.006454355549067259, -0.3014484643936157, 0.0021778240334242582, 0.030417490750551224, 0.9529946446418762, 0.564583420753479, -0.10252819210290909, 0.10775984078645706, 0.8118629455566406, 0.30569222569465637, -0.01906260848045349, 0.011159329675137997, 0.9518741369247437, -0.9685383439064026, -0.14469759166240692, 0.19853243231773376, 0.03976266831159592, -0.3397601544857025, -0.034513793885707855, 0.195149227976799, 0.9193958044052124, 0.6242191195487976, 0.08589573204517365, -0.09072801470756531, 0.7711944580078125, 0.3304440677165985, -0.01373474020510912, -0.0018769912421703339, 0.9437237977981567, -0.19034717977046967, 0.008614220656454563, 0.017825592309236526, 0.9815171957015991, -0.1043444275856018, 0.0023418643977493048, 0.01815093867480755, 0.9943727850914001, -0.03648946434259415, 0.0015065387124195695, 0.014963410794734955, 0.9992209076881409, -0.5717493891716003, 0.49186769127845764, -0.4361928403377533, 0.49082034826278687, -0.42851734161376953, 0.07651186734437943, 0.006062375847250223, 0.9002677798271179, 0.1034441590309143, -0.4507897198200226, 0.14040376245975494, 0.875428318977356, 0.19555893540382385, -0.16835668683052063, 0.03960559144616127, 0.9653207063674927, -0.5486924648284912, -0.550803542137146, 0.4754842221736908, 0.4116635024547577, -0.46346062421798706, -0.2803664803504944, 0.0678170844912529, 0.837854266166687, 0.0317152738571167, 0.41521430015563965, -0.07797619700431824, 0.9058206081390381, 0.16797274351119995, 0.07053075730800629, 0.04257761687040329, 0.9823429584503174, -0.04547157511115074, 0.016362730413675308, 0.05050411447882652, 0.9975540041923523, -0.1482127606868744, -0.0594124011695385, 0.11336632817983627, 0.9806382060050964, 0.31727680563926697, 8.226838690461591e-05, 4.0510829421691597e-05, 0.9483329653739929, -0.49160754680633545, -0.00012442294973880053, -4.3549243855522946e-06, 0.8708168864250183, -0.48402562737464905, 0.43452829122543335, 0.3673127293586731, 0.66482013463974, -0.971747875213623, 0.15720167756080627, -0.1752798855304718, 0.016454968601465225, -0.3022577166557312, -0.00351816788315773, 0.006098474375903606, 0.9532002210617065, 0.5632169842720032, -0.09694315493106842, 0.10438825935125351, 0.8139359951019287, 0.3064122200012207, -0.019575530663132668, 0.010643869638442993, 0.9516381025314331, -0.9681164622306824, -0.14877423644065857, 0.20008212327957153, 0.024165891110897064, -0.33749473094940186, -0.03230177238583565, 0.17370353639125824, 0.9245977997779846, 0.6260085701942444, 0.08862398564815521, -0.09240265190601349, 0.7692339420318604, 0.33135178685188293, -0.013651039451360703, -0.0017187518533319235, 0.9434069991111755, -0.19038935005664825, 0.008410613052546978, 0.015560831874608994, 0.9815492630004883, -0.10343482345342636, 0.0035296217538416386, 0.011926354840397835, 0.9945585131645203, -0.0357525609433651, 0.0022035331930965185, 0.009533269330859184, 0.9993128180503845, -0.56934654712677, 0.4933931827545166, -0.4390316605567932, 0.4895496666431427, -0.43271568417549133, 0.06223997101187706, 0.004390039946883917, 0.8993687033653259, 0.10566182434558868, -0.4506399631500244, 0.1342802494764328, 0.8762009143829346, 0.18924149870872498, -0.16275767982006073, 0.03252829983830452, 0.9678013920783997, -0.5510269403457642, -0.5501051545143127, 0.4729914367198944, 0.4123503565788269, -0.4630695581436157, -0.27872171998023987, 0.0683017373085022, 0.8385795950889587, 0.032637763768434525, 0.4177878797054291, -0.07714689522981644, 0.904674768447876, 0.15863163769245148, 0.05474526062607765, 0.05347089096903801, 0.9843677282333374, -0.046518050134181976, 0.009859828278422356, 0.04254532232880592, 0.9979622960090637, -0.14093485474586487, -0.04310956597328186, 0.08190760761499405, 0.9856825470924377, 0.31721675395965576, -0.00019106242689304054, -9.914327529259026e-05, 0.9483530521392822, -0.491607666015625, -0.00012442404113244265, -4.350383733253693e-06, 0.8708168268203735, -0.4945388734340668, 0.41836121678352356, 0.3521466851234436, 0.6755722761154175, -0.9717999696731567, 0.1546112298965454, -0.17574337124824524, 0.02854021079838276, -0.30367907881736755, -0.007278440520167351, -0.01599963754415512, 0.9526122212409973, 0.5616139769554138, -0.09202305972576141, 0.10136020928621292, 0.815994918346405, 0.30656078457832336, -0.01969805546104908, 0.010444569401443005, 0.9515899419784546, -0.9678174257278442, -0.1514667272567749, 0.20072786509990692, 0.009777258150279522, -0.3346754014492035, -0.031837332993745804, 0.15100210905075073, 0.9296112656593323, 0.6273660063743591, 0.0925932377576828, -0.09508854150772095, 0.7673308253288269, 0.3321063816547394, -0.013573143631219864, -0.0013697744579985738, 0.9431433081626892, -0.1898566484451294, 0.00863587111234665, 0.012298591434955597, 0.9816968441009521, -0.1024896651506424, 0.0053092422895133495, 0.006226603873074055, 0.9947004318237305, -0.034908074885606766, 0.0035261192824691534, 0.0038994222413748503, 0.9993767142295837, -0.566560685634613, 0.4948098361492157, -0.4425053000450134, 0.48822256922721863, -0.43784597516059875, 0.050927720963954926, 0.0012269859435036778, 0.8976055979728699, 0.10913381725549698, -0.4521431624889374, 0.12709879875183105, 0.876072108745575, 0.1857411116361618, -0.15674975514411926, 0.022449111565947533, 0.9697555303573608, -0.5536524653434753, -0.5481300354003906, 0.4702833294868469, 0.4145551025867462, -0.4634486734867096, -0.27653807401657104, 0.06842008233070374, 0.8390832543373108, 0.03345006704330444, 0.41819289326667786, -0.07648734003305435, 0.904513955116272, 0.14845028519630432, 0.04022998362779617, 0.06098487973213196, 0.9862174987792969, -0.04474502429366112, 0.00543974619358778, 0.03549136966466904, 0.9983530044555664, -0.13431985676288605, -0.032110702246427536, 0.05051038786768913, 0.989128828048706, 0.3170901834964752, -0.0003821456339210272, -0.0002826211857609451, 0.9483952522277832, -0.4916077256202698, -0.00012442404113244265, -4.353855729277711e-06, 0.8708167672157288, -0.5041512250900269, 0.40247219800949097, 0.3385266065597534, 0.685016393661499, -0.9721810817718506, 0.15142646431922913, -0.1742222011089325, 0.039757873862981796, -0.30369240045547485, -0.010641469620168209, -0.035122375935316086, 0.9520630836486816, 0.5593836307525635, -0.08729534596204758, 0.09841102361679077, 0.8184037804603577, 0.3064116835594177, -0.019884975627064705, 0.01000237837433815, 0.9516388177871704, 0.9675246477127075, 0.1533825695514679, -0.20090632140636444, 0.0025490126572549343, -0.3317495584487915, -0.03215443715453148, 0.12958599627017975, 0.9338714480400085, 0.6280365586280823, 0.09682756662368774, -0.09800892323255539, 0.7658908367156982, 0.3328979015350342, -0.013928048312664032, -0.0012203510850667953, 0.9428592324256897, -0.18935000896453857, 0.00930018536746502, 0.00844073947519064, 0.9818293452262878, -0.10164760798215866, 0.008013961836695671, -0.000497160479426384, 0.9947880506515503, -0.03412063047289848, 0.0055997008457779884, -0.0028428544756025076, 0.9993979930877686, -0.5636199712753296, 0.496821790933609, -0.4462985098361969, 0.48612579703330994, -0.44375914335250854, 0.04201989620923996, -0.002707530278712511, 0.8951563239097595, 0.1133265346288681, -0.4539446532726288, 0.12010100483894348, 0.8755952715873718, 0.18447880446910858, -0.14771167933940887, 0.010580885224044323, 0.9716156125068665, -0.5567336678504944, -0.5445080399513245, 0.4672468304634094, 0.41861554980278015, -0.46355223655700684, -0.2726478576660156, 0.06784116476774216, 0.8403452038764954, 0.03313184529542923, 0.4153858721256256, -0.076407290995121, 0.9058249592781067, 0.13511386513710022, 0.02720632031559944, 0.06704681366682053, 0.9881846308708191, -0.041099268943071365, 0.001886968850158155, 0.026229726150631905, 0.9988089203834534, -0.1297893077135086, -0.0196538083255291, 0.012976836413145065, 0.9912618398666382, 0.31697988510131836, -0.0006463646423071623, -0.0005293390713632107, 0.9484319090843201, -0.4916076362133026, -0.00012442315346561372, -4.340628493082477e-06, 0.8708168864250183, -0.5132104754447937, 0.3873124420642853, 0.3261575698852539, 0.6929829120635986, -0.9733778238296509, 0.1457442194223404, -0.16957296431064606, 0.050391968339681625, -0.3030649423599243, -0.01011189166456461, -0.04973521828651428, 0.9516174793243408, 0.5568556785583496, -0.08441213518381119, 0.09663617610931396, 0.8206387162208557, 0.30597901344299316, -0.019857758656144142, 0.009712778963148594, 0.9517815709114075, 0.9674035310745239, 0.15435540676116943, -0.2004231959581375, 0.01163291372358799, -0.33075496554374695, -0.03291876241564751, 0.10906945168972015, 0.9368144869804382, 0.6289531588554382, 0.10099668800830841, -0.10080224275588989, 0.7642359137535095, 0.3332008719444275, -0.01421078760176897, -0.0011735904263332486, 0.9427480101585388, -0.18887342512607574, 0.01008276455104351, 0.004256474785506725, 0.9819404482841492, -0.10091730207204819, 0.01107304822653532, -0.007770840544253588, 0.9948028326034546, -0.03333152085542679, 0.007958727888762951, -0.010241035372018814, 0.999360203742981, -0.5610402822494507, 0.4996650218963623, -0.4498037099838257, 0.48295482993125916, -0.4488018751144409, 0.03737610578536987, -0.008576901629567146, 0.8928081393241882, 0.11716605722904205, -0.4580555856227875, 0.11241878569126129, 0.8739675283432007, 0.18684186041355133, -0.13640451431274414, -0.0007486268295906484, 0.9728737473487854, -0.5604444146156311, -0.5391638278961182, 0.46356406807899475, 0.42463257908821106, -0.462461918592453, -0.26695963740348816, 0.06587810069322586, 0.8429244756698608, 0.032102666795253754, 0.4103652238845825, -0.07708330452442169, 0.908090353012085, 0.11522752791643143, 0.01870117522776127, 0.07215883582830429, 0.9905382394790649, -0.03712556138634682, -4.805893331649713e-05, 0.013340389356017113, 0.9992215633392334, -0.1285811811685562, -0.0013442030176520348, -0.03319130465388298, 0.9911424517631531, 0.3169339895248413, -0.0010234640212729573, -0.0008708179811947048, 0.9484466314315796, -0.491607666015625, -0.00012441373837646097, -4.357602847449016e-06, 0.8708168268203735, -0.5222734808921814, 0.3716892898082733, 0.31375953555107117, 0.7004515528678894, -0.9748737215995789, 0.1385006159543991, -0.16305947303771973, 0.06205221638083458, -0.30376380681991577, -0.007915481925010681, -0.06286970525979996, 0.9506378769874573, 0.5548624992370605, -0.08171073347330093, 0.09505430608987808, 0.8224449157714844, 0.30521854758262634, -0.019674737006425858, 0.009597565978765488, 0.9520306587219238, 0.9675278663635254, 0.15443597733974457, -0.199132040143013, 0.01964346505701542, -0.3305739462375641, -0.034667547792196274, 0.08779449015855789, 0.9390479922294617, 0.6300893425941467, 0.10565150529146194, -0.10395161062479019, 0.7622461915016174, 0.3330502212047577, -0.01465177908539772, -0.0013108107959851623, 0.9427943229675293, -0.18845126032829285, 0.010894685983657837, -0.00017789009143598378, 0.9820221066474915, -0.10037657618522644, 0.01423638965934515, -0.015516289509832859, 0.9947266578674316, -0.032672468572854996, 0.010390982031822205, -0.01811223290860653, 0.9992479681968689, -0.559012234210968, 0.5031856298446655, -0.4527474045753479, 0.4788835644721985, -0.45284831523895264, 0.03429407253861427, -0.015384256839752197, 0.8907949328422546, 0.1225816160440445, -0.4641157388687134, 0.10052450746297836, 0.8714730143547058, 0.19266466796398163, -0.12895730137825012, -0.01483176276087761, 0.9726409316062927, -0.5633921027183533, -0.5331264138221741, 0.46067309379577637, 0.4314463436603546, -0.4613982141017914, -0.2580750286579132, 0.06336528062820435, 0.8464595675468445, 0.030815377831459045, 0.4011726379394531, -0.0777844563126564, 0.9121735095977783, 0.0985037162899971, 0.015354892238974571, 0.07462070882320404, 0.9922162294387817, -0.03414544090628624, -0.0004802152107004076, -0.00019970143330283463, 0.9994167685508728, -0.13066469132900238, 0.019979098811745644, -0.08275347203016281, 0.9877648949623108, 0.31696972250938416, -0.0014585837488994002, -0.0012634400045499206, 0.9484336972236633, -0.491607666015625, -0.00012443902960512787, -4.3495774662005715e-06, 0.8708168268203735, -0.5312662720680237, 0.35505685210227966, 0.30022716522216797, 0.7082051038742065, -0.9759925603866577, 0.1317329853773117, -0.1568627506494522, 0.07402049005031586, -0.3049553334712982, -0.007332268171012402, -0.07793190330266953, 0.9491444826126099, 0.552879810333252, -0.07826383411884308, 0.09299546480178833, 0.8243485689163208, 0.3047678470611572, -0.019431035965681076, 0.009542569518089294, 0.9521806240081787, 0.967622697353363, 0.15452760457992554, -0.1975044161081314, 0.028628604486584663, -0.3302694261074066, -0.03649049252271652, 0.06527771055698395, 0.9409194588661194, 0.6312878131866455, 0.11073997616767883, -0.1073681116104126, 0.7600556015968323, 0.3327912390232086, -0.015015782788395882, -0.0014168490888550878, 0.9428799152374268, -0.1881392002105713, 0.011548872105777264, -0.004031953867524862, 0.9820662140846252, -0.10003356635570526, 0.016919681802392006, -0.02214938774704933, 0.994593620300293, -0.0321451835334301, 0.012469661422073841, -0.024769920855760574, 0.9990984201431274, -0.5563743114471436, 0.5052878260612488, -0.4559592604637146, 0.4766896367073059, -0.4585641622543335, 0.03333251550793648, -0.023685013875365257, 0.8877200484275818, 0.12729687988758087, -0.4693024158477783, 0.08806312829256058, 0.8693650960922241, 0.1928950846195221, -0.12104248255491257, -0.029589906334877014, 0.9732752442359924, -0.5668137073516846, -0.5274280309677124, 0.45700958371162415, 0.4378175735473633, -0.46001842617988586, -0.2487490326166153, 0.05924832075834274, 0.8502920866012573, 0.029330946505069733, 0.38990944623947144, -0.08210692554712296, 0.9167163372039795, 0.0801401287317276, 0.01565675251185894, 0.07492510229349136, 0.9938403964042664, -0.03338349610567093, -0.0003119152970612049, -0.012937703169882298, 0.9993588328361511, -0.13451623916625977, 0.04151472449302673, -0.12665589153766632, 0.9819064140319824, 0.31707748770713806, -0.0018580978503450751, -0.0016249553300440311, 0.9483964443206787, -0.49160754680633545, -0.00012444646563380957, -4.359202648629434e-06, 0.8708168864250183, -0.5402337908744812, 0.3369186222553253, 0.2854499816894531, 0.716346025466919, -0.9765706062316895, 0.1263647824525833, -0.1513342559337616, 0.08625445514917374, -0.3055312931537628, -0.009864852763712406, -0.09562352299690247, 0.9473169445991516, 0.5499021410942078, -0.07387617975473404, 0.0904025286436081, 0.8270292282104492, 0.30460914969444275, -0.01937185786664486, 0.009340284392237663, 0.9522346258163452, 0.9666279554367065, 0.1588161289691925, -0.1974102258682251, 0.03790878504514694, -0.3292806148529053, -0.03667221963405609, 0.04494629427790642, 0.9424485564231873, 0.631364643573761, 0.1166217103600502, -0.1111854612827301, 0.7585617303848267, 0.333820104598999, -0.014594776555895805, -0.000580275955144316, 0.9425236582756042, -0.18798795342445374, 0.012085271067917347, -0.007279896177351475, 0.9820700287818909, -0.09981457889080048, 0.01916242577135563, -0.027627356350421906, 0.9944378137588501, -0.031816400587558746, 0.014337374828755856, -0.030290093272924423, 0.9989317655563354, -0.5547019243240356, 0.5066900849342346, -0.4580317437648773, 0.4751608967781067, -0.4663127064704895, 0.03496930003166199, -0.03165029361844063, 0.8833616971969604, 0.13071182370185852, -0.47384193539619446, 0.08050479739904404, 0.8671258687973022, 0.1938847005367279, -0.10843083262443542, -0.04011533409357071, 0.974187970161438, -0.569054126739502, -0.5214388370513916, 0.4547117352485657, 0.4444279372692108, -0.46014776825904846, -0.239191472530365, 0.05428536981344223, 0.8532904386520386, 0.028035687282681465, 0.3756067454814911, -0.08800885081291199, 0.9221648573875427, 0.062421977519989014, 0.020245028659701347, 0.0762203112244606, 0.9949291944503784, -0.03288016840815544, -0.00012212380534037948, -0.022996196523308754, 0.9991947412490845, -0.14108119904994965, 0.059744950383901596, -0.16251766681671143, 0.9747382402420044, 0.31724950671195984, -0.002161504700779915, -0.0019071807619184256, 0.948337733745575, -0.491607666015625, -0.0001244031882379204, -4.363485004432732e-06, 0.8708168268203735, -0.5485097169876099, 0.31912845373153687, 0.2707259953022003, 0.7238795757293701, -0.976830244064331, 0.12193850427865982, -0.14687520265579224, 0.09675443172454834, -0.3037942349910736, -0.014922740869224072, -0.11248650401830673, 0.9459562301635742, 0.5451980233192444, -0.06932312250137329, 0.08732540160417557, 0.8308596014976501, 0.3045705258846283, -0.019923560321331024, 0.008303972892463207, 0.9522452354431152, 0.9648205637931824, 0.1659710705280304, -0.19837039709091187, 0.047161027789115906, -0.3268283009529114, -0.03491221368312836, 0.028355060145258904, 0.9440129399299622, 0.6295679211616516, 0.12171041965484619, -0.11480561643838882, 0.758716344833374, 0.33668699860572815, -0.013929206877946854, -6.8658705458801705e-06, 0.9415135979652405, -0.18885450065135956, 0.012549889273941517, -0.009452871046960354, 0.9818794131278992, -0.09926856309175491, 0.02139369398355484, -0.03381719812750816, 0.994255781173706, -0.03116251900792122, 0.015920767560601234, -0.03603169322013855, 0.9987378120422363, -0.552277147769928, 0.5092946887016296, -0.46090683341026306, 0.4724128246307373, -0.4741213023662567, 0.03461708873510361, -0.03873887658119202, 0.8789255023002625, 0.133792445063591, -0.4743678569793701, 0.07366150617599487, 0.866976797580719, 0.19149459898471832, -0.09793127328157425, -0.04944834113121033, 0.9753431081771851, -0.5706930756568909, -0.5159611701965332, 0.453218013048172, 0.45020774006843567, -0.45929211378097534, -0.23026041686534882, 0.0493246428668499, 0.8565033674240112, 0.026132671162486076, 0.35988739132881165, -0.09365319460630417, 0.9279155731201172, 0.04563457518815994, 0.032078661024570465, 0.0776924192905426, 0.9954156875610352, -0.03156767040491104, -0.00015036098193377256, -0.03075578436255455, 0.9990283250808716, -0.14876136183738708, 0.07279329746961594, -0.19117148220539093, 0.9674836993217468, 0.31742459535598755, -0.0022561412770301104, -0.002484366297721863, 0.9482775926589966, -0.491607666015625, -0.00012442455044947565, -4.362419531389605e-06, 0.8708168268203735, -0.5564780831336975, 0.30469536781311035, 0.2586405575275421, 0.7284215092658997, -0.9762916564941406, 0.12026286870241165, -0.14392343163490295, 0.10806253552436829, -0.3032246232032776, -0.02029453031718731, -0.12752610445022583, 0.9441292881965637, 0.542110025882721, -0.06418780982494354, 0.08435606956481934, 0.8335950970649719, 0.3045443594455719, -0.02089517191052437, 0.006778362672775984, 0.9522448182106018, 0.9639610648155212, 0.17038169503211975, -0.19753266870975494, 0.05224975198507309, -0.3259457051753998, -0.03366986662149429, 0.013126515783369541, 0.9446975588798523, 0.6276696920394897, 0.1260933130979538, -0.11777599155902863, 0.7591179609298706, 0.33893728256225586, -0.013320935890078545, 0.0010378792649134994, 0.9407141208648682, -0.18851003050804138, 0.01259374339133501, -0.013257968239486217, 0.9819010496139526, -0.09846102446317673, 0.022708021104335785, -0.04051356017589569, 0.9940565824508667, -0.030439794063568115, 0.0167478546500206, -0.04272874444723129, 0.9984824657440186, -0.5463591814041138, 0.5120806694030762, -0.46759551763534546, 0.46970152854919434, -0.48560091853141785, 0.03204045072197914, -0.04451301321387291, 0.8724584579467773, 0.13575425744056702, -0.4685472548007965, 0.06517907232046127, 0.8705090284347534, 0.19115126132965088, -0.08726662397384644, -0.061315346509218216, 0.9757490158081055, -0.5726779699325562, -0.5125534534454346, 0.45089682936668396, 0.4538953900337219, -0.4553210139274597, -0.2256297618150711, 0.04507298395037651, 0.8600828051567078, 0.02341141737997532, 0.34988531470298767, -0.0977335274219513, 0.9313862919807434, 0.03249454125761986, 0.041397545486688614, 0.07540985941886902, 0.995762825012207, -0.031199058517813683, -0.0016810630913823843, -0.03489158675074577, 0.9989025592803955, -0.15448196232318878, 0.08568890392780304, -0.21146591007709503, 0.9612881541252136, 0.3175102472305298, -0.002373585943132639, -0.002669760724529624, 0.9482481479644775, -0.491607666015625, -0.00012442245497368276, -4.351353254605783e-06, 0.8708168268203735, -0.5627830624580383, 0.2938492000102997, 0.24838899075984955, 0.7315946817398071, -0.9754382371902466, 0.11960306018590927, -0.14241012930870056, 0.11804579198360443, -0.30459001660346985, -0.025553658604621887, -0.1404915302991867, 0.9417186975479126, 0.5403767228126526, -0.060133736580610275, 0.08200889825820923, 0.8352553248405457, 0.30464985966682434, -0.021112192422151566, 0.006358339451253414, 0.9522091746330261, 0.9633958339691162, 0.1735135018825531, -0.19628770649433136, 0.05685705691576004, -0.3244907557964325, -0.03240388259291649, -9.436534128326457e-06, 0.9453336596488953, 0.6272979974746704, 0.12841589748859406, -0.11962747573852539, 0.7587462663650513, 0.3381800055503845, -0.012248534709215164, 0.0014026660937815905, 0.9410006999969482, -0.18823477625846863, 0.012382964603602886, -0.01734696701169014, 0.9818928241729736, -0.09769941121339798, 0.023796971887350082, -0.048006344586610794, 0.9937726259231567, -0.02986554242670536, 0.017394308000802994, -0.050184112042188644, 0.9981418251991272, -0.5414078235626221, 0.516486406326294, -0.47343167662620544, 0.4647384285926819, -0.4933452010154724, 0.031862448900938034, -0.049388688057661057, 0.8678456544876099, 0.1361694484949112, -0.4622088074684143, 0.05755032226443291, 0.8743619918823242, 0.19614504277706146, -0.0791403204202652, -0.06716737151145935, 0.9750654101371765, -0.5732132196426392, -0.5086300373077393, 0.45035162568092346, 0.4581543803215027, -0.45396938920021057, -0.221521258354187, 0.04187941178679466, 0.8620244860649109, 0.02146342769265175, 0.33960777521133423, -0.10219453275203705, 0.9347524642944336, 0.023858414962887764, 0.05188422277569771, 0.0727926641702652, 0.9957108497619629, -0.031236447393894196, -0.0024996718857437372, -0.03628839924931526, 0.9988499283790588, -0.15781700611114502, 0.09597054868936539, -0.22311286628246307, 0.9571332931518555, 0.3175809979438782, -0.0024295335169881582, -0.0027734802570194006, 0.9482240080833435, -0.4916077256202698, -0.00012442581646610051, -4.347455615061335e-06, 0.8708167672157288, -0.5681072473526001, 0.2858630418777466, 0.23981204628944397, 0.733502984046936, -0.9744189977645874, 0.11907023191452026, -0.14179858565330505, 0.12737040221691132, -0.3073347508907318, -0.029834039509296417, -0.15096041560173035, 0.9390773177146912, 0.5392858386039734, -0.056592248380184174, 0.08000655472278595, 0.8364012837409973, 0.3050871193408966, -0.021380411460995674, 0.006051929201930761, 0.9520651698112488, 0.9632861614227295, 0.1752130091190338, -0.19425790011882782, 0.060365624725818634, -0.32313233613967896, -0.031169461086392403, -0.011130275204777718, 0.9457748532295227, 0.627242922782898, 0.13028587400913239, -0.12105307728052139, 0.7582467198371887, 0.33683672547340393, -0.011599711142480373, 0.001650885445997119, 0.9414901733398438, -0.1879674345254898, 0.011983250267803669, -0.020950643345713615, 0.9818786978721619, -0.09695856273174286, 0.02436024136841297, -0.05472918972373009, 0.9934839606285095, -0.02936009131371975, 0.017539817839860916, -0.05688687786459923, 0.9977946877479553, -0.5347740054130554, 0.5221737623214722, -0.4810117781162262, 0.4582346975803375, -0.4996453523635864, 0.028942374512553215, -0.052902672439813614, 0.864128589630127, 0.13464799523353577, -0.4502134919166565, 0.04947837069630623, 0.8813226819038391, 0.20353709161281586, -0.07147553563117981, -0.07097034156322479, 0.9738722443580627, -0.5748634338378906, -0.5059716105461121, 0.44835585355758667, 0.46097907423973083, -0.4491756558418274, -0.22020912170410156, 0.039520107209682465, 0.8649782538414001, 0.01869032345712185, 0.33381715416908264, -0.10534565150737762, 0.9365463256835938, 0.015220247209072113, 0.06117542088031769, 0.06781496852636337, 0.9957042932510376, -0.031296536326408386, -0.0037832786329090595, -0.03553792089223862, 0.9988710284233093, -0.15978176891803741, 0.10460404306650162, -0.22958002984523773, 0.9543693661689758, 0.31761136651039124, -0.002444739919155836, -0.0028276219964027405, 0.9482136368751526, -0.4916076362133026, -0.00012442241131793708, -4.350119979790179e-06, 0.8708168864250183, -0.5726636648178101, 0.2788645625114441, 0.23282282054424286, 0.734904408454895, -0.9738700985908508, 0.1171698123216629, -0.1399475783109665, 0.13514067232608795, -0.3092447817325592, -0.03208403289318085, -0.15806080400943756, 0.937205970287323, 0.538131058216095, -0.05393313616514206, 0.07858308404684067, 0.8374550342559814, 0.30516040325164795, -0.021725937724113464, 0.005553117487579584, 0.9520369172096252, 0.9630407094955444, 0.17708106338977814, -0.19305886328220367, 0.06263522058725357, -0.32211700081825256, -0.029770076274871826, -0.019907327368855476, 0.9460222721099854, 0.6272722482681274, 0.1316269040107727, -0.1220337525010109, 0.7578335404396057, 0.3355536162853241, -0.011254427954554558, 0.001801245496608317, 0.9419521689414978, -0.18773908913135529, 0.011824165470898151, -0.023834316059947014, 0.9818585515022278, -0.096430204808712, 0.02510824054479599, -0.0600166842341423, 0.9932113289833069, -0.02901410683989525, 0.017893504351377487, -0.06211818754673004, 0.9974865317344666, -0.5289726257324219, 0.5285556316375732, -0.48758435249328613, 0.45064234733581543, -0.5025052428245544, 0.022946488112211227, -0.053393151611089706, 0.8626187443733215, 0.1334833949804306, -0.4341166615486145, 0.042076848447322845, 0.8899182677268982, 0.20281143486499786, -0.06144934147596359, -0.08076172322034836, 0.9739450812339783, -0.57664555311203, -0.5044583082199097, 0.4461005628108978, 0.462597131729126, -0.4437386989593506, -0.2192404568195343, 0.03753247857093811, 0.8681134581565857, 0.015578142367303371, 0.3281809389591217, -0.1066354289650917, 0.9384473562240601, 0.010198328644037247, 0.06937408447265625, 0.06388631463050842, 0.9954907298088074, -0.030655840411782265, -0.004289331380277872, -0.03398999571800232, 0.9989426732063293, -0.16128864884376526, 0.10923357307910919, -0.2333417683839798, 0.9526833891868591, 0.3175808787345886, -0.0024613128043711185, -0.0028647794388234615, 0.9482237100601196, -0.491607666015625, -0.0001244235027115792, -4.341560725151794e-06, 0.8708168268203735, -0.5761715173721313, 0.27262622117996216, 0.22684647142887115, 0.736370861530304, -0.9734170436859131, 0.11559566855430603, -0.1382853090763092, 0.14132998883724213, -0.3102053999900818, -0.034425631165504456, -0.16423271596431732, 0.9357430934906006, 0.5371309518814087, -0.05101057514548302, 0.0769186019897461, 0.8384341597557068, 0.304959774017334, -0.021522551774978638, 0.0056483205407857895, 0.9521052837371826, 0.9626748561859131, 0.1792369782924652, -0.19253009557724, 0.0637451708316803, -0.32290565967559814, -0.02864619344472885, -0.026692315936088562, 0.9456208944320679, 0.6271315217018127, 0.1326431781053543, -0.12269505858421326, 0.7576660513877869, 0.33535704016685486, -0.010739688761532307, 0.0018511096714064479, 0.9420281052589417, -0.18781274557113647, 0.011994407512247562, -0.026192160323262215, 0.9817823171615601, -0.09641636908054352, 0.026257280260324478, -0.0642644613981247, 0.9929171800613403, -0.029119111597537994, 0.018787596374750137, -0.06620769947767258, 0.9972038865089417, -0.5303319692611694, 0.531487226486206, -0.4864206910133362, 0.4468381702899933, -0.4995426535606384, 0.024468231946229935, -0.05286078527569771, 0.8643288016319275, 0.13122080266475677, -0.42460140585899353, 0.04189996048808098, 0.8948403000831604, 0.19950821995735168, -0.05099613964557648, -0.08325225114822388, 0.9750205278396606, -0.5762638449668884, -0.5027676224708557, 0.446554571390152, 0.4644714295864105, -0.444717675447464, -0.21561987698078156, 0.03588823229074478, 0.8685886859893799, 0.012585264630615711, 0.31626859307289124, -0.10902085155248642, 0.9423004984855652, 0.010639457032084465, 0.08106082677841187, 0.06031002476811409, 0.9948258996009827, -0.030205903574824333, -0.0034670860040932894, -0.029654374346137047, 0.9990977048873901, -0.16083139181137085, 0.10536760836839676, -0.2312067300081253, 0.9537160992622375, 0.3175392746925354, -0.0024110348895192146, -0.0028182172682136297, 0.9482378959655762, -0.491607666015625, -0.00012442670413292944, -4.357063971838215e-06, 0.8708168268203735, -0.5787771940231323, 0.2677125930786133, 0.22106945514678955, 0.7378856539726257, -0.9728435277938843, 0.1146579384803772, -0.13781918585300446, 0.14640706777572632, -0.3115207254886627, -0.036815010011196136, -0.1703726053237915, 0.934116005897522, 0.5363337397575378, -0.04844486713409424, 0.0755530595779419, 0.839220404624939, 0.3050462603569031, -0.02120092511177063, 0.006137685850262642, 0.9520817399024963, 0.962561309337616, 0.1806713491678238, -0.19111250340938568, 0.06564784795045853, -0.32361462712287903, -0.028121594339609146, -0.03286457806825638, 0.9451998472213745, 0.6271634101867676, 0.13359662890434265, -0.1233254000544548, 0.7573696970939636, 0.33530884981155396, -0.010534074157476425, 0.001824084436520934, 0.9420475959777832, -0.18808479607105255, 0.011849308386445045, -0.027277162298560143, 0.981702446937561, -0.09697987139225006, 0.026359060779213905, -0.06619366258382797, 0.99273282289505, -0.02963913418352604, 0.018884815275669098, -0.06800790131092072, 0.9970656633377075, -0.5316086411476135, 0.532881498336792, -0.48510870337486267, 0.4450831413269043, -0.49758169054985046, 0.02536027505993843, -0.052959341555833817, 0.8654274344444275, 0.12901291251182556, -0.4161359965801239, 0.04120770841836929, 0.8991599082946777, 0.19702473282814026, -0.04410029947757721, -0.08414967358112335, 0.975784420967102, -0.5768422484397888, -0.5019856691360474, 0.44574373960494995, 0.4653771221637726, -0.44485417008399963, -0.2129642814397812, 0.03453272581100464, 0.869228720664978, 0.011828772723674774, 0.30895376205444336, -0.10961498320102692, 0.9446651339530945, 0.009488869458436966, 0.09039165079593658, 0.060564056038856506, 0.9940177798271179, -0.030102398246526718, -0.002231983933597803, -0.02441251091659069, 0.9992461800575256, -0.15985658764839172, 0.10138428956270218, -0.22752153873443604, 0.9551968574523926, 0.317464679479599, -0.0023579366970807314, -0.002765471115708351, 0.9482631087303162, -0.49160757660865784, -0.00012443044397514313, -4.338882263255073e-06, 0.8708168864250183, -0.5805497169494629, 0.26440486311912537, 0.21625269949436188, 0.7391121983528137, -0.9724944829940796, 0.11332674324512482, -0.13742303848266602, 0.15008825063705444, -0.312723308801651, -0.03768317028880119, -0.17468760907649994, 0.9328817129135132, 0.5354209542274475, -0.04710988327860832, 0.07487575709819794, 0.8399397134780884, 0.3051614761352539, -0.020874815061688423, 0.006631876341998577, 0.9520487189292908, 0.9627252817153931, 0.18110981583595276, -0.18918581306934357, 0.06758742779493332, -0.3239259123802185, -0.028226338326931, -0.03828154504299164, 0.9448861479759216, 0.6269263029098511, 0.13458435237407684, -0.12395946681499481, 0.7572876214981079, 0.33530834317207336, -0.01029178686439991, 0.0018106407951563597, 0.9420505166053772, -0.1883801817893982, 0.01155097782611847, -0.027848033234477043, 0.9816333055496216, -0.09765056520700455, 0.02596042864024639, -0.06724129617214203, 0.9926072359085083, -0.0302369836717844, 0.01855955831706524, -0.06893578916788101, 0.9969900846481323, -0.5328763127326965, 0.533310055732727, -0.48369553685188293, 0.44459185004234314, -0.4960423409938812, 0.025373021140694618, -0.05247911810874939, 0.8663395643234253, 0.12780365347862244, -0.4083826541900635, 0.04012231528759003, 0.9029285907745361, 0.19613711535930634, -0.04196909815073013, -0.08465657383203506, 0.9760134220123291, -0.5772180557250977, -0.5018465518951416, 0.44511380791664124, 0.4656640589237213, -0.4457475244998932, -0.21150559186935425, 0.03390025347471237, 0.8691520690917969, 0.012179000303149223, 0.30482277274131775, -0.11073075979948044, 0.9458718299865723, 0.005903918761759996, 0.09920357167720795, 0.06056183576583862, 0.9932049512863159, -0.03129604831337929, 0.0009697540081106126, -0.020463867112994194, 0.9993001818656921, -0.15784426033496857, 0.0963989719748497, -0.22284813225269318, 0.9571474194526672, 0.3174247741699219, -0.002328947652131319, -0.00272128963842988, 0.948276698589325, -0.491607666015625, -0.00012443526065908372, -4.3421036934887525e-06, 0.8708168268203735, -0.5811178088188171, 0.26284676790237427, 0.21280431747436523, 0.7402215600013733, -0.9724119305610657, 0.11195129156112671, -0.13710665702819824, 0.1519334316253662, -0.3138841390609741, -0.037444017827510834, -0.1770762950181961, 0.9320508241653442, 0.534395694732666, -0.04649510234594345, 0.07462266832590103, 0.8406491279602051, 0.30509090423583984, -0.020530521869659424, 0.00716056115925312, 0.9520749449729919, 0.9628212451934814, 0.18117929995059967, -0.18798312544822693, 0.06936608254909515, -0.3242766261100769, -0.028082402423024178, -0.04157550632953644, 0.9446309208869934, 0.626663327217102, 0.1351592093706131, -0.12430940568447113, 0.7573454976081848, 0.33530622720718384, -0.010249540209770203, 0.0017539005493745208, 0.9420518279075623, -0.18885192275047302, 0.011265827342867851, -0.02843848243355751, 0.9815290570259094, -0.09865938127040863, 0.025575216859579086, -0.06840769201517105, 0.9924377202987671, -0.031133797019720078, 0.018202442675828934, -0.0700269564986229, 0.9968929886817932, -0.5334979891777039, 0.533022403717041, -0.4829034209251404, 0.44505220651626587, -0.49555984139442444, 0.023762304335832596, -0.0512303002178669, 0.8667359948158264, 0.12661653757095337, -0.40207192301750183, 0.040467459708452225, 0.9059077501296997, 0.19716843962669373, -0.04376261681318283, -0.08247540146112442, 0.9759135246276855, -0.577379584312439, -0.5022087097167969, 0.4447347819805145, 0.4654354751110077, -0.44645193219184875, -0.21165740489959717, 0.03396003320813179, 0.8687511682510376, 0.013041222468018532, 0.3038044273853302, -0.11200643330812454, 0.9460377097129822, -0.0009458898566663265, 0.10790752619504929, 0.05995709076523781, 0.9923508763313293, -0.03137402981519699, 0.005513412412256002, -0.016278306022286415, 0.9993599653244019, -0.15665873885154724, 0.08974063396453857, -0.21761900186538696, 0.9591906666755676, 0.317414790391922, -0.002312125638127327, -0.0026793309953063726, 0.9482801556587219, -0.491607666015625, -0.0001244122686330229, -4.3410218495409936e-06, 0.8708168268203735, -0.5809696316719055, 0.2630636692047119, 0.2110692411661148, 0.740757405757904, -0.9722679257392883, 0.11154143512248993, -0.13760168850421906, 0.15270695090293884, -0.3150414228439331, -0.03758763521909714, -0.17810310423374176, 0.9314587712287903, 0.5337520837783813, -0.04583841189742088, 0.07422983646392822, 0.8411287069320679, 0.304811030626297, -0.020091528072953224, 0.007576848845928907, 0.9521707892417908, 0.9630204439163208, 0.18055284023284912, -0.18721814453601837, 0.07029770314693451, -0.3245769739151001, -0.027863867580890656, -0.04288366436958313, 0.9444757103919983, 0.6263201832771301, 0.1354088932275772, -0.1243906021118164, 0.7575713992118835, 0.33532753586769104, -0.01029316708445549, 0.0017074034549295902, 0.9420438408851624, -0.18928952515125275, 0.011054189875721931, -0.0290539488196373, 0.9814291596412659, -0.09958092123270035, 0.025338565930724144, -0.06968314200639725, 0.9922630190849304, -0.031920287758111954, 0.017912358045578003, -0.07129387557506561, 0.9967835545539856, -0.5332521796226501, 0.533232569694519, -0.48306798934936523, 0.444916307926178, -0.4959491789340973, 0.020683836191892624, -0.049573373049497604, 0.8666885495185852, 0.1260746270418167, -0.398931622505188, 0.04279603436589241, 0.9072636365890503, 0.19650526344776154, -0.04704173281788826, -0.08058822154998779, 0.9760524034500122, -0.578109860420227, -0.5028215646743774, 0.44381392002105713, 0.4647458791732788, -0.44609782099723816, -0.2124866545200348, 0.03389495983719826, 0.8687331676483154, 0.013853304088115692, 0.3029468059539795, -0.11207156628370285, 0.9462934732437134, -0.00982934795320034, 0.11731579154729843, 0.06075663864612579, 0.9911856651306152, -0.02899450808763504, 0.00909865740686655, -0.011771168559789658, 0.9994688630104065, -0.1582741141319275, 0.0833786204457283, -0.21228614449501038, 0.9606934785842896, 0.3173888325691223, -0.0022998638451099396, -0.002640844788402319, 0.9482890367507935, -0.4916076362133026, -0.00012441920989658684, -4.341025487519801e-06, 0.8708168864250183, -0.5803655982017517, 0.2641872763633728, 0.21072043478488922, 0.7409303188323975, -0.9721363186836243, 0.11167439818382263, -0.13821718096733093, 0.15289166569709778, -0.3164653480052948, -0.03779974579811096, -0.17796823382377625, 0.9309931397438049, 0.5338960886001587, -0.044621456414461136, 0.07363207638263702, 0.8411552906036377, 0.3045380413532257, -0.019886614754796028, 0.007767754606902599, 0.9522608518600464, 0.9632336497306824, 0.17961831390857697, -0.1869516223669052, 0.07047910988330841, -0.3249073624610901, -0.027908138930797577, -0.0428570955991745, 0.9443620443344116, 0.6259405612945557, 0.13559547066688538, -0.12443986535072327, 0.7578436732292175, 0.3353130519390106, -0.01034191157668829, 0.0017139156116172671, 0.9420484304428101, -0.18967950344085693, 0.010980422608554363, -0.029564447700977325, 0.9813394546508789, -0.10041224211454391, 0.025283103808760643, -0.07076651602983475, 0.9921039938926697, -0.03263396769762039, 0.017732124775648117, -0.07244282215833664, 0.9966808557510376, -0.5325587391853333, 0.5334447026252747, -0.48376837372779846, 0.44473159313201904, -0.4963741898536682, 0.017768988385796547, -0.048435017466545105, 0.8665742874145508, 0.12598761916160583, -0.3967881202697754, 0.04416855797171593, 0.9081494808197021, 0.2002234011888504, -0.049244314432144165, -0.07838261872529984, 0.975367546081543, -0.5791699886322021, -0.5036025643348694, 0.4425172805786133, 0.4638157784938812, -0.4452686309814453, -0.21268676221370697, 0.033273372799158096, 0.8691335320472717, 0.013950319029390812, 0.3002597391605377, -0.11097940057516098, 0.9472766518592834, -0.01974261738359928, 0.12600377202033997, 0.06295144557952881, 0.9898335337638855, -0.02673977054655552, 0.009305219165980816, -0.007101384922862053, 0.9995738863945007, -0.1605522781610489, 0.08067868649959564, -0.20689955353736877, 0.9617205858230591, 0.3173586130142212, -0.0022803221363574266, -0.002607361413538456, 0.9482992887496948, -0.4916076362133026, -0.00012442294973880053, -4.347977665020153e-06, 0.8708168268203735, -0.5795536637306213, 0.2658383250236511, 0.2111716866493225, 0.7408468127250671, -0.9720593094825745, 0.11184698343276978, -0.13872021436691284, 0.15279941260814667, -0.3179970979690552, -0.03777201473712921, -0.17700743675231934, 0.9306554198265076, 0.5343706607818604, -0.04394472762942314, 0.07333113998174667, 0.840915858745575, 0.3043591380119324, -0.019663237035274506, 0.007964449934661388, 0.9523211121559143, 0.9634394645690918, 0.1785857081413269, -0.18708044290542603, 0.06994638592004776, -0.32557326555252075, -0.028039447963237762, -0.04190490022301674, 0.9441714882850647, 0.6256120204925537, 0.13572174310684204, -0.12454714626073837, 0.7580747008323669, 0.3352992534637451, -0.010401030071079731, 0.0017372884321957827, 0.9420526623725891, -0.1900242418050766, 0.011026534251868725, -0.03012424148619175, 0.9812552332878113, -0.10112874954938889, 0.02549673058092594, -0.07193508744239807, 0.9919416308403015, -0.03321302309632301, 0.017788348719477654, -0.07366571575403214, 0.9965710639953613, -0.533355712890625, 0.5336580872535706, -0.4828968346118927, 0.44446757435798645, -0.49490460753440857, 0.01759732887148857, -0.047730814665555954, 0.8674569129943848, 0.12587913870811462, -0.39782512187957764, 0.04659257084131241, 0.9075895547866821, 0.20016105473041534, -0.048281069844961166, -0.07710135728120804, 0.9755305647850037, -0.579746663570404, -0.5037992596626282, 0.4417731463909149, 0.4635910987854004, -0.4462200403213501, -0.21206463873386383, 0.032551880925893784, 0.8688248991966248, 0.014241642318665981, 0.2954578101634979, -0.10979726165533066, 0.9489185214042664, -0.029581038281321526, 0.1340382695198059, 0.06661402434110641, 0.9882920980453491, -0.02506192959845066, 0.008542779833078384, -0.0027090187650173903, 0.9996457099914551, -0.162303164601326, 0.07872063666582108, -0.2011837512254715, 0.9628010392189026, 0.3173251450061798, -0.002250820631161332, -0.002567536197602749, 0.9483106732368469, -0.491607666015625, -0.00012442670413292944, -4.34476487498614e-06, 0.8708168268203735, -0.5788863301277161, 0.26797330379486084, 0.21254807710647583, 0.7402055263519287, -0.9719500541687012, 0.11206620186567307, -0.13925211131572723, 0.15285003185272217, -0.31945037841796875, -0.03755895048379898, -0.17512431740760803, 0.9305225610733032, 0.5349559783935547, -0.04351947084069252, 0.07320059835910797, 0.8405770659446716, 0.3041265308856964, -0.019404524937272072, 0.008309935219585896, 0.9523977637290955, 0.9636760950088501, 0.1775534600019455, -0.187492236495018, 0.06818947196006775, -0.3266403079032898, -0.027986332774162292, -0.039968959987163544, 0.9438884258270264, 0.6254333853721619, 0.13557368516921997, -0.12447470426559448, 0.7582604289054871, 0.335315465927124, -0.010521015152335167, 0.0017951750196516514, 0.9420454502105713, -0.19014012813568115, 0.011178616434335709, -0.030756495893001556, 0.9812114238739014, -0.10137277096509933, 0.025933170691132545, -0.07324039936065674, 0.9918099045753479, -0.033319976180791855, 0.01797657273709774, -0.07504982501268387, 0.9964607954025269, -0.533719003200531, 0.5334902405738831, -0.4824691116809845, 0.4446972906589508, -0.49336040019989014, 0.01743032969534397, -0.04756869003176689, 0.8683484196662903, 0.1259022057056427, -0.3982967734336853, 0.04737166687846184, 0.9073390960693359, 0.20165930688381195, -0.047809772193431854, -0.07635916024446487, 0.975303590297699, -0.5808692574501038, -0.5042523145675659, 0.4403408467769623, 0.46305564045906067, -0.44626909494400024, -0.21218135952949524, 0.03230639547109604, 0.8687803149223328, 0.014340382069349289, 0.29287928342819214, -0.1081758365035057, 0.9499021768569946, -0.04060862213373184, 0.14252014458179474, 0.06982935965061188, 0.9864901900291443, -0.02299732156097889, 0.006682850420475006, 0.0014022145187482238, 0.9997122287750244, -0.1648365706205368, 0.07752370089292526, -0.19579142332077026, 0.9635791778564453, 0.31727665662765503, -0.0022394719999283552, -0.002543951850384474, 0.9483270049095154, -0.491607666015625, -0.00012442778097465634, -4.347977665020153e-06, 0.8708168268203735, -0.578271210193634, 0.27061980962753296, 0.2145209163427353, 0.7391536235809326, -0.9718632102012634, 0.11196982860565186, -0.13983313739299774, 0.15294256806373596, -0.3208639323711395, -0.03698832541704178, -0.17224614322185516, 0.9305962920188904, 0.5355634093284607, -0.043503787368535995, 0.07322408258914948, 0.8401889801025391, 0.30384910106658936, -0.01906534470617771, 0.008649666793644428, 0.9524901509284973, 0.9639379382133484, 0.17643919587135315, -0.1881341189146042, 0.06556221842765808, -0.3280821740627289, -0.027424773201346397, -0.03712273761630058, 0.9435209631919861, 0.6254379749298096, 0.13500146567821503, -0.12412753701210022, 0.7584156394004822, 0.335281640291214, -0.010759427212178707, 0.00173606735188514, 0.9420549273490906, -0.19017615914344788, 0.01142495684325695, -0.03144121170043945, 0.9811798930168152, -0.10142818093299866, 0.026598090305924416, -0.0746350884437561, 0.9916826486587524, -0.033241357654333115, 0.018340332433581352, -0.07654589414596558, 0.9963430166244507, -0.5332173109054565, 0.5332377552986145, -0.4829130470752716, 0.4451200067996979, -0.4922941327095032, 0.016014430671930313, -0.04679438844323158, 0.8690226078033447, 0.1248750388622284, -0.3965420722961426, 0.04860861226916313, 0.9081838130950928, 0.20074987411499023, -0.049150120466947556, -0.0744948610663414, 0.9755687117576599, -0.5819803476333618, -0.5042880773544312, 0.4389100670814514, 0.46298009157180786, -0.4462532699108124, -0.21180309355258942, 0.032264966517686844, 0.8688822984695435, 0.014233474619686604, 0.291152685880661, -0.10580964386463165, 0.9507007002830505, -0.05112585052847862, 0.14770357310771942, 0.07337574660778046, 0.9849801063537598, -0.02137414924800396, 0.004593459889292717, 0.005129476077854633, 0.9997478723526001, -0.16649608314037323, 0.07624730467796326, -0.19093887507915497, 0.9643691182136536, 0.31721994280815125, -0.002219217596575618, -0.0025157532654702663, 0.9483460783958435, -0.4916077256202698, -0.00012442203296814114, -4.344769422459649e-06, 0.8708167672157288, -0.5779958963394165, 0.2729109525680542, 0.21619796752929688, 0.7380371689796448, -0.9717130661010742, 0.11188006401062012, -0.1404103934764862, 0.1534326821565628, -0.32214581966400146, -0.03644699603319168, -0.16961577534675598, 0.9306579232215881, 0.535975992679596, -0.043563131242990494, 0.0733838751912117, 0.8399088382720947, 0.30354735255241394, -0.019002949818968773, 0.008678771555423737, 0.9525873064994812, 0.9642241597175598, 0.17511647939682007, -0.1887301504611969, 0.06314197927713394, -0.3292846083641052, -0.0261162631213665, -0.034711211919784546, 0.9432309865951538, 0.6255598068237305, 0.13413281738758087, -0.12350238114595413, 0.7585713863372803, 0.33530282974243164, -0.011558987200260162, 0.0015518172876909375, 0.9420381784439087, -0.19009935855865479, 0.011632532812654972, -0.03197186812758446, 0.9811751842498779, -0.10127347707748413, 0.027124058455228806, -0.07573016732931137, 0.9916011691093445, -0.0329897478222847, 0.018614506348967552, -0.07775624841451645, 0.9962525963783264, -0.5329447984695435, 0.5327151417732239, -0.48311862349510193, 0.44584840536117554, -0.490867018699646, 0.014612915925681591, -0.04608060419559479, 0.8698923587799072, 0.12414354830980301, -0.39438948035240173, 0.04909253120422363, 0.909194827079773, 0.20177234709262848, -0.05025564134120941, -0.07282988727092743, 0.9754271507263184, -0.5834134221076965, -0.5042451620101929, 0.4371056854724884, 0.46293017268180847, -0.4458613693714142, -0.21302008628845215, 0.03295915946364403, 0.8687599897384644, 0.014411535114049911, 0.29278358817100525, -0.10341774672269821, 0.9504603743553162, -0.060423754155635834, 0.15103110671043396, 0.07662619650363922, 0.983700692653656, -0.02050241082906723, 0.0034930624533444643, 0.008028704673051834, 0.9997514486312866, -0.16711537539958954, 0.07418448477983475, -0.18602614104747772, 0.9653825163841248, 0.31716763973236084, -0.0022155719343572855, -0.0024955933913588524, 0.9483636021614075, -0.491607666015625, -0.0001244245795533061, -4.347175490693189e-06, 0.8708168268203735, -0.5777192115783691, 0.2749632000923157, 0.2175426185131073, 0.7370963096618652, -0.9714984893798828, 0.11204417794942856, -0.14121879637241364, 0.15392884612083435, -0.32339784502983093, -0.0364789180457592, -0.16761963069438934, 0.9305840730667114, 0.5367801189422607, -0.04330162703990936, 0.07330045104026794, 0.8394159078598022, 0.30291780829429626, -0.018878720700740814, 0.008544450625777245, 0.9527913928031921, 0.9644631147384644, 0.17356806993484497, -0.18953682482242584, 0.06132551655173302, -0.3302597999572754, -0.024035809561610222, -0.03264222666621208, 0.9430192112922668, 0.6257987022399902, 0.13304403424263, -0.12256696820259094, 0.7587177157402039, 0.3353329300880432, -0.012441478669643402, 0.0013387214858084917, 0.9420166015625, -0.1900431364774704, 0.011766262352466583, -0.03236568719148636, 0.9811715483665466, -0.10115606337785721, 0.02745775133371353, -0.07657994329929352, 0.9915387630462646, -0.03277778625488281, 0.018747474998235703, -0.07869228720664978, 0.9961835741996765, -0.5334300994873047, 0.5321087837219238, -0.4825498163700104, 0.44660767912864685, -0.48870784044265747, 0.013386158272624016, -0.045328572392463684, 0.8711663484573364, 0.12343103438615799, -0.3924645185470581, 0.04993647709488869, 0.9100784659385681, 0.20168863236904144, -0.05166170373558998, -0.0713660940527916, 0.9754791855812073, -0.5847840905189514, -0.5039210915565491, 0.43536999821662903, 0.4631890058517456, -0.4454283118247986, -0.21561312675476074, 0.03410455211997032, 0.8682979941368103, 0.014176750555634499, 0.29667770862579346, -0.10178624838590622, 0.9494318962097168, -0.06863010674715042, 0.15173377096652985, 0.07910612225532532, 0.9828575849533081, -0.01995064504444599, 0.003505999455228448, 0.010067548602819443, 0.9997441172599792, -0.16711337864398956, 0.07132463157176971, -0.1811816394329071, 0.9665191173553467, 0.3171268403530121, -0.002217708621174097, -0.002475976012647152, 0.9483773112297058, -0.4916076064109802, -0.00012442455044947565, -4.350116341811372e-06, 0.8708168268203735, -0.5774250030517578, 0.2769620716571808, 0.2187362164258957, 0.7362247705459595, -0.9712758660316467, 0.11223684251308441, -0.14210684597492218, 0.15437568724155426, -0.3245583772659302, -0.036631789058446884, -0.16590800881385803, 0.9304807782173157, 0.5377084612846375, -0.04321930557489395, 0.07325565814971924, 0.838829755783081, 0.30253830552101135, -0.01893487386405468, 0.00817693118005991, 0.9529140591621399, 0.9648462533950806, 0.17136764526367188, -0.1900695264339447, 0.059818852692842484, -0.33112621307373047, -0.02186858467757702, -0.0310876052826643, 0.94282066822052, 0.6260790824890137, 0.13190841674804688, -0.12165806442499161, 0.7588310241699219, 0.33540213108062744, -0.013729930855333805, 0.0010011798003688455, 0.9419744610786438, -0.19004712998867035, 0.0118416054174304, -0.03272787854075432, 0.9811578989028931, -0.10115312039852142, 0.027669411152601242, -0.07737404853105545, 0.9914714694023132, -0.03270191326737404, 0.018818795680999756, -0.07954965531826019, 0.996116578578949, -0.5344624519348145, 0.5317685008049011, -0.48144251108169556, 0.4469734728336334, -0.48626846075057983, 0.012066773138940334, -0.044091448187828064, 0.8726129531860352, 0.12274903059005737, -0.39072903990745544, 0.05168117955327034, 0.9108197093009949, 0.200160950422287, -0.053116168826818466, -0.06968507915735245, 0.975837230682373, -0.5855095386505127, -0.5027503371238708, 0.434486448764801, 0.46437305212020874, -0.4463624656200409, -0.21809379756450653, 0.035065289586782455, 0.8671597838401794, 0.014260252006351948, 0.2994213104248047, -0.10115697979927063, 0.9486362934112549, -0.07562850415706635, 0.1521558314561844, 0.08170154690742493, 0.9820660948753357, -0.019670624285936356, 0.004065355751663446, 0.011522172950208187, 0.9997318983078003, -0.16640789806842804, 0.06835702061653137, -0.176469087600708, 0.9677264094352722, 0.31709885597229004, -0.0022133910097181797, -0.0024503683671355247, 0.9483867287635803, -0.4916076958179474, -0.00012442217848729342, -4.34944831795292e-06, 0.8708167672157288, -0.5771302580833435, 0.27879247069358826, 0.21981485188007355, 0.7354432940483093, -0.9710323214530945, 0.11249155551195145, -0.14320361614227295, 0.1547084003686905, -0.32536935806274414, -0.03709184378385544, -0.16438086330890656, 0.9304503798484802, 0.5380510687828064, -0.04333489015698433, 0.07343311607837677, 0.838588535785675, 0.30287057161331177, -0.01902473159134388, 0.00820516049861908, 0.9528064727783203, 0.9651689529418945, 0.16987474262714386, -0.19028370082378387, 0.058167964220047, -0.33213916420936584, -0.020462706685066223, -0.029295777902007103, 0.9425532817840576, 0.626245379447937, 0.1308555155992508, -0.12097418308258057, 0.7589854001998901, 0.3355455994606018, -0.01523544080555439, 0.000533762970007956, 0.9419006109237671, -0.19009612500667572, 0.011781290173530579, -0.033013228327035904, 0.9811395406723022, -0.10124572366476059, 0.027593113481998444, -0.07804115861654282, 0.9914118647575378, -0.032771866768598557, 0.018644049763679504, -0.08024536818265915, 0.9960618019104004, -0.5347318649291992, 0.5316447615623474, -0.481137752532959, 0.44712650775909424, -0.48510318994522095, 0.009123265743255615, -0.04291211813688278, 0.8733557462692261, 0.12218957394361496, -0.38742950558662415, 0.05267840623855591, 0.9122461676597595, 0.20070181787014008, -0.05511646345257759, -0.06822668761014938, 0.9757182598114014, -0.5858839154243469, -0.5027223229408264, 0.4340222477912903, 0.4643651247024536, -0.4459317624568939, -0.21973837912082672, 0.034876495599746704, 0.8669738173484802, 0.014234199188649654, 0.301182359457016, -0.101195327937603, 0.9480749368667603, -0.0816405862569809, 0.15169771015644073, 0.08330393582582474, 0.9815207719802856, -0.01899694837629795, 0.0037977369502186775, 0.01282285526394844, 0.999730110168457, -0.1660623848438263, 0.06710124760866165, -0.17235182225704193, 0.9686152935028076, 0.3170776665210724, -0.002203927608206868, -0.002427600556984544, 0.9483939409255981, -0.4916076958179474, -0.00012442110164556652, -4.349816208559787e-06, 0.8708167672157288, -0.5768791437149048, 0.28044238686561584, 0.22078076004981995, 0.7347233295440674, -0.9709259271621704, 0.11224303394556046, -0.1438894420862198, 0.15492011606693268, -0.3259854316711426, -0.03696366399526596, -0.16304221749305725, 0.9304754137992859, 0.5384324193000793, -0.043594442307949066, 0.07373704761266708, 0.8383035659790039, 0.303020715713501, -0.018980784341692924, 0.008374199271202087, 0.9527581334114075, 0.9654176235198975, 0.16906894743442535, -0.19028016924858093, 0.05637388303875923, -0.33329781889915466, -0.019912848249077797, -0.027830000966787338, 0.9422003626823425, 0.6261753439903259, 0.1300714761018753, -0.12035831809043884, 0.7592757940292358, 0.3359292447566986, -0.015642469748854637, 0.00011147995974170044, 0.941757321357727, -0.19013144075870514, 0.01166277751326561, -0.033258240669965744, 0.9811258316040039, -0.10134360939264297, 0.027377765625715256, -0.07861275970935822, 0.9913626909255981, -0.03286891430616379, 0.01835034415125847, -0.08086077868938446, 0.9960142970085144, -0.5339521169662476, 0.5314303636550903, -0.4819090664386749, 0.44748246669769287, -0.48553788661956787, 0.005194108933210373, -0.042030125856399536, 0.8731892704963684, 0.12157024443149567, -0.3826804757118225, 0.05263295769691467, 0.914333701133728, 0.20331566035747528, -0.056911371648311615, -0.0670323297381401, 0.9751566648483276, -0.5865424275398254, -0.5031155943870544, 0.43318313360214233, 0.4638911187648773, -0.443686306476593, -0.2216903120279312, 0.0346858836710453, 0.8676362633705139, 0.01404071506112814, 0.30307069420814514, -0.10003570467233658, 0.9475989937782288, -0.08547793328762054, 0.15132348239421844, 0.08398900926113129, 0.981193482875824, -0.018066251650452614, 0.0032588117755949497, 0.013821905478835106, 0.999735951423645, -0.16605401039123535, 0.06669723987579346, -0.1688235104084015, 0.9692657589912415, 0.31705307960510254, -0.0021995073184370995, -0.0024122693575918674, 0.9484021663665771, -0.4916077256202698, -0.0001244261220563203, -4.3488803385116626e-06, 0.8708167672157288, -0.5767101645469666, 0.28190940618515015, 0.22155818343162537, 0.7340602874755859, -0.9708182215690613, 0.11200553178787231, -0.14454908668994904, 0.15515264868736267, -0.3265044391155243, -0.03679356351494789, -0.16182169318199158, 0.9305132031440735, 0.5388912558555603, -0.04378819093108177, 0.07384946197271347, 0.8379887342453003, 0.30289512872695923, -0.018644722178578377, 0.008808990940451622, 0.9528008103370667, 0.96579509973526, 0.1678292155265808, -0.18986046314239502, 0.05501138046383858, -0.3340279459953308, -0.019688216969370842, -0.02713868021965027, 0.9419666528701782, 0.6262286901473999, 0.1295173466205597, -0.12008251994848251, 0.7593701481819153, 0.33585184812545776, -0.01606619358062744, -0.0001769121881807223, 0.941777765750885, -0.19016727805137634, 0.011560726910829544, -0.03345227241516113, 0.9811135530471802, -0.10148122906684875, 0.02721562050282955, -0.07907734811306, 0.9913161396980286, -0.032946355640888214, 0.01815231516957283, -0.08135633170604706, 0.9959750175476074, -0.5343274474143982, 0.5308870673179626, -0.481449156999588, 0.4481739401817322, -0.4847753643989563, 0.0039794668555259705, -0.04168415442109108, 0.8736357688903809, 0.12108065187931061, -0.3804388642311096, 0.052815794944763184, 0.91532301902771, 0.20366080105304718, -0.05745939910411835, -0.06625035405158997, 0.9751059412956238, -0.5866126418113708, -0.5030509233474731, 0.4330768585205078, 0.46397170424461365, -0.4422973096370697, -0.22269606590270996, 0.03475236892700195, 0.8680851459503174, 0.014422092586755753, 0.3041723668575287, -0.09793663024902344, 0.9474595189094543, -0.08798357099294662, 0.15254069864749908, 0.08552787452936172, 0.9806504249572754, -0.0174142774194479, 0.0028944318182766438, 0.013887273147702217, 0.9997476935386658, -0.16573020815849304, 0.06630079448223114, -0.16566690802574158, 0.9698929190635681, 0.3170227110385895, -0.0022005699574947357, -0.002400451572611928, 0.9484123587608337, -0.4916077256202698, -0.000124424317618832, -4.346499281382421e-06, 0.8708167672157288, -0.5765872001647949, 0.2831147611141205, 0.2221827656030655, 0.7335039377212524, -0.970709502696991, 0.11189831048250198, -0.1451425552368164, 0.15535618364810944, -0.32690516114234924, -0.036571599543094635, -0.1605822890996933, 0.9305959343910217, 0.5392906069755554, -0.04402795806527138, 0.07399983704090118, 0.8377059102058411, 0.30263474583625793, -0.018264055252075195, 0.009261775761842728, 0.9528865814208984, 0.966284453868866, 0.16597014665603638, -0.1892220675945282, 0.054251302033662796, -0.33421531319618225, -0.01939253881573677, -0.027166128158569336, 0.9419055581092834, 0.6263512372970581, 0.1293051391839981, -0.12006062269210815, 0.7593087553977966, 0.33548614382743835, -0.01659052073955536, -0.0001901100476970896, 0.9418990015983582, -0.19020283222198486, 0.011462295427918434, -0.03358646482229233, 0.981103241443634, -0.10163739323616028, 0.02705501578748226, -0.07943499833345413, 0.99127596616745, -0.03304469212889671, 0.01797223836183548, -0.08171599358320236, 0.9959455728530884, -0.5350885391235352, 0.5301247835159302, -0.4805660843849182, 0.4491150677204132, -0.4836083650588989, 0.0039015815127640963, -0.04174788296222687, 0.8742796182632446, 0.12082058936357498, -0.3792858421802521, 0.05247587710618973, 0.9158552885055542, 0.2034456580877304, -0.05774824693799019, -0.0661512166261673, 0.9751405119895935, -0.5868142247200012, -0.5032573342323303, 0.43278154730796814, 0.46376854181289673, -0.4406285583972931, -0.22441495954990387, 0.034761782735586166, 0.8684906363487244, 0.014796251431107521, 0.30624788999557495, -0.09652479737997055, 0.946929931640625, -0.0901813954114914, 0.15288686752319336, 0.08689555525779724, 0.9802765846252441, -0.017208699136972427, 0.002136843977496028, 0.013459001667797565, 0.9997590780258179, -0.16520948708057404, 0.06680130213499069, -0.1632567197084427, 0.9703559875488281, 0.31700390577316284, -0.002205066615715623, -0.0023954419884830713, 0.9484186768531799, -0.491607666015625, -0.00012442654406186193, -4.348913080320926e-06, 0.8708168268203735, -0.5764577388763428, 0.2838454246520996, 0.22255684435367584, 0.7332098484039307, -0.9706254601478577, 0.11195875704288483, -0.14555680751800537, 0.15545018017292023, -0.3271004855632782, -0.036604780703783035, -0.1601489931344986, 0.9306007027626038, 0.5393030047416687, -0.04440094903111458, 0.0743388757109642, 0.8376482129096985, 0.3024110794067383, -0.01802031137049198, 0.009331241250038147, 0.9529615640640259, 0.9666023850440979, 0.1646718829870224, -0.18884292244911194, 0.05386441573500633, -0.3343041241168976, -0.01908908411860466, -0.02721899002790451, 0.9418787360191345, 0.6262995600700378, 0.1293688416481018, -0.1200687512755394, 0.7593392133712769, 0.33511924743652344, -0.016943393275141716, -0.00025753199588507414, 0.9420233368873596, -0.19025832414627075, 0.011401834897696972, -0.03365711495280266, 0.9810907244682312, -0.10176261514425278, 0.02693909779191017, -0.07963508367538452, 0.9912501573562622, -0.03317437693476677, 0.01782679371535778, -0.08193410933017731, 0.9959259629249573, -0.5350701212882996, 0.529998779296875, -0.48057442903518677, 0.44927650690078735, -0.4835931956768036, 0.0026265953201800585, -0.04144255816936493, 0.8743072748184204, 0.12042919546365738, -0.37772858142852783, 0.05259106680750847, 0.9165435433387756, 0.20415395498275757, -0.057954560965299606, -0.0653562992811203, 0.9750338792800903, -0.5872183442115784, -0.5037587881088257, 0.43224748969078064, 0.4632103443145752, -0.43870627880096436, -0.22589926421642303, 0.034413039684295654, 0.8690927028656006, 0.014013953506946564, 0.3076138496398926, -0.09659777581691742, 0.946491539478302, -0.09222375601530075, 0.15326520800590515, 0.08677875250577927, 0.9800378084182739, -0.016764692962169647, 0.0013286026660352945, 0.012865779921412468, 0.9997758269309998, -0.16540834307670593, 0.06780794262886047, -0.16217650473117828, 0.9704334139823914, 0.3170125186443329, -0.0022071837447583675, -0.0023945076391100883, 0.9484157562255859, -0.491607666015625, -0.00012442530714906752, -4.347434241935844e-06, 0.8708168268203735]
    s (float, 2352):  [1.0, 1.0, 1.0, 1.0, 1.0, 1.0, 1.0, 1.0, 1.0, 1.0, 1.0, 1.0, 1.0, 1.0, 1.0, 1.0, 1.0, 1.0, 1.0, 1.0, 1.0, 1.0, 1.0, 1.0, 1.0, 1.0, 1.0, 1.0, 1.0, 1.0, 1.0, 1.0, 1.0, 1.0, 1.0, 1.0, 1.0, 1.0, 1.0, 1.0, 1.0, 1.0, 1.0, 1.0, 1.0, 1.0, 1.0, 1.0, 1.0, 1.0, 1.0, 1.0, 1.0, 1.0, 1.0, 1.0, 1.0, 1.0, 1.0, 1.0, 1.0, 1.0, 1.0, 1.0, 1.0, 1.0, 1.0, 1.0, 1.0, 1.0, 1.0, 1.0, 1.0, 1.0, 1.0, 1.0, 1.0, 1.0, 1.0, 1.0, 1.0, 1.0, 1.0, 1.0, 1.0, 1.0, 1.0, 1.0, 1.0, 1.0, 1.0, 1.0, 1.0, 1.0, 1.0, 1.0, 1.0, 1.0, 1.0, 1.0, 1.0, 1.0, 1.0, 1.0, 1.0, 1.0, 1.0, 1.0, 1.0, 1.0, 1.0, 1.0, 1.0, 1.0, 1.0, 1.0, 1.0, 1.0, 1.0, 1.0, 1.0, 1.0, 1.0, 1.0, 1.0, 1.0, 1.0, 1.0, 1.0, 1.0, 1.0, 1.0, 1.0, 1.0, 1.0, 1.0, 1.0, 1.0, 1.0, 1.0, 1.0, 1.0, 1.0, 1.0, 1.0, 1.0, 1.0, 1.0, 1.0, 1.0, 1.0, 1.0, 1.0, 1.0, 1.0, 1.0, 1.0, 1.0, 1.0, 1.0, 1.0, 1.0, 1.0, 1.0, 1.0, 1.0, 1.0, 1.0, 1.0, 1.0, 1.0, 1.0, 1.0, 1.0, 1.0, 1.0, 1.0, 1.0, 1.0, 1.0, 1.0, 1.0, 1.0, 1.0, 1.0, 1.0, 1.0, 1.0, 1.0, 1.0, 1.0, 1.0, 1.0, 1.0, 1.0, 1.0, 1.0, 1.0, 1.0, 1.0, 1.0, 1.0, 1.0, 1.0, 1.0, 1.0, 1.0, 1.0, 1.0, 1.0, 1.0, 1.0, 1.0, 1.0, 1.0, 1.0, 1.0, 1.0, 1.0, 1.0, 1.0, 1.0, 1.0, 1.0, 1.0, 1.0, 1.0, 1.0, 1.0, 1.0, 1.0, 1.0, 1.0, 1.0, 1.0, 1.0, 1.0, 1.0, 1.0, 1.0, 1.0, 1.0, 1.0, 1.0, 1.0, 1.0, 1.0, 1.0, 1.0, 1.0, 1.0, 1.0, 1.0, 1.0, 1.0, 1.0, 1.0, 1.0, 1.0, 1.0, 1.0, 1.0, 1.0, 1.0, 1.0, 1.0, 1.0, 1.0, 1.0, 1.0, 1.0, 1.0, 1.0, 1.0, 1.0, 1.0, 1.0, 1.0, 1.0, 1.0, 1.0, 1.0, 1.0, 1.0, 1.0, 1.0, 1.0, 1.0, 1.0, 1.0, 1.0, 1.0, 1.0, 1.0, 1.0, 1.0, 1.0, 1.0, 1.0, 1.0, 1.0, 1.0, 1.0, 1.0, 1.0, 1.0, 1.0, 1.0, 1.0, 1.0, 1.0, 1.0, 1.0, 1.0, 1.0, 1.0, 1.0, 1.0, 1.0, 1.0, 1.0, 1.0, 1.0, 1.0, 1.0, 1.0, 1.0, 1.0, 1.0, 1.0, 1.0, 1.0, 1.0, 1.0, 1.0, 1.0, 1.0, 1.0, 1.0, 1.0, 1.0, 1.0, 1.0, 1.0, 1.0, 1.0, 1.0, 1.0, 1.0, 1.0, 1.0, 1.0, 1.0, 1.0, 1.0, 1.0, 1.0, 1.0, 1.0, 1.0, 1.0, 1.0, 1.0, 1.0, 1.0, 1.0, 1.0, 1.0, 1.0, 1.0, 1.0, 1.0, 1.0, 1.0, 1.0, 1.0, 1.0, 1.0, 1.0, 1.0, 1.0, 1.0, 1.0, 1.0, 1.0, 1.0, 1.0, 1.0, 1.0, 1.0, 1.0, 1.0, 1.0, 1.0, 1.0, 1.0, 1.0, 1.0, 1.0, 1.0, 1.0, 1.0, 1.0, 1.0, 1.0, 1.0, 1.0, 1.0, 1.0, 1.0, 1.0, 1.0, 1.0, 1.0, 1.0, 1.0, 1.0, 1.0, 1.0, 1.0, 1.0, 1.0, 1.0, 1.0, 1.0, 1.0, 1.0, 1.0, 1.0, 1.0, 1.0, 1.0, 1.0, 1.0, 1.0, 1.0, 1.0, 1.0, 1.0, 1.0, 1.0, 1.0, 1.0, 1.0, 1.0, 1.0, 1.0, 1.0, 1.0, 1.0, 1.0, 1.0, 1.0, 1.0, 1.0, 1.0, 1.0, 1.0, 1.0, 1.0, 1.0, 1.0, 1.0, 1.0, 1.0, 1.0, 1.0, 1.0, 1.0, 1.0, 1.0, 1.0, 1.0, 1.0, 1.0, 1.0, 1.0, 1.0, 1.0, 1.0, 1.0, 1.0, 1.0, 1.0, 1.0, 1.0, 1.0, 1.0, 1.0, 1.0, 1.0, 1.0, 1.0, 1.0, 1.0, 1.0, 1.0, 1.0, 1.0, 1.0, 1.0, 1.0, 1.0, 1.0, 1.0, 1.0, 1.0, 1.0, 1.0, 1.0, 1.0, 1.0, 1.0, 1.0, 1.0, 1.0, 1.0, 1.0, 1.0, 1.0, 1.0, 1.0, 1.0, 1.0, 1.0, 1.0, 1.0, 1.0, 1.0, 1.0, 1.0, 1.0, 1.0, 1.0, 1.0, 1.0, 1.0, 1.0, 1.0, 1.0, 1.0, 1.0, 1.0, 1.0, 1.0, 1.0, 1.0, 1.0, 1.0, 1.0, 1.0, 1.0, 1.0, 1.0, 1.0, 1.0, 1.0, 1.0, 1.0, 1.0, 1.0, 1.0, 1.0, 1.0, 1.0, 1.0, 1.0, 1.0, 1.0, 1.0, 1.0, 1.0, 1.0, 1.0, 1.0, 1.0, 1.0, 1.0, 1.0, 1.0, 1.0, 1.0, 1.0, 1.0, 1.0, 1.0, 1.0, 1.0, 1.0, 1.0, 1.0, 1.0, 1.0, 1.0, 1.0, 1.0, 1.0, 1.0, 1.0, 1.0, 1.0, 1.0, 1.0, 1.0, 1.0, 1.0, 1.0, 1.0, 1.0, 1.0, 1.0, 1.0, 1.0, 1.0, 1.0, 1.0, 1.0, 1.0, 1.0, 1.0, 1.0, 1.0, 1.0, 1.0, 1.0, 1.0, 1.0, 1.0, 1.0, 1.0, 1.0, 1.0, 1.0, 1.0, 1.0, 1.0, 1.0, 1.0, 1.0, 1.0, 1.0, 1.0, 1.0, 1.0, 1.0, 1.0, 1.0, 1.0, 1.0, 1.0, 1.0, 1.0, 1.0, 1.0, 1.0, 1.0, 1.0, 1.0, 1.0, 1.0, 1.0, 1.0, 1.0, 1.0, 1.0, 1.0, 1.0, 1.0, 1.0, 1.0, 1.0, 1.0, 1.0, 1.0, 1.0, 1.0, 1.0, 1.0, 1.0, 1.0, 1.0, 1.0, 1.0, 1.0, 1.0, 1.0, 1.0, 1.0, 1.0, 1.0, 1.0, 1.0, 1.0, 1.0, 1.0, 1.0, 1.0, 1.0, 1.0, 1.0, 1.0, 1.0, 1.0, 1.0, 1.0, 1.0, 1.0, 1.0, 1.0, 1.0, 1.0, 1.0, 1.0, 1.0, 1.0, 1.0, 1.0, 1.0, 1.0, 1.0, 1.0, 1.0, 1.0, 1.0, 1.0, 1.0, 1.0, 1.0, 1.0, 1.0, 1.0, 1.0, 1.0, 1.0, 1.0, 1.0, 1.0, 1.0, 1.0, 1.0, 1.0, 1.0, 1.0, 1.0, 1.0, 1.0, 1.0, 1.0, 1.0, 1.0, 1.0, 1.0, 1.0, 1.0, 1.0, 1.0, 1.0, 1.0, 1.0, 1.0, 1.0, 1.0, 1.0, 1.0, 1.0, 1.0, 1.0, 1.0, 1.0, 1.0, 1.0, 1.0, 1.0, 1.0, 1.0, 1.0, 1.0, 1.0, 1.0, 1.0, 1.0, 1.0, 1.0, 1.0, 1.0, 1.0, 1.0, 1.0, 1.0, 1.0, 1.0, 1.0, 1.0, 1.0, 1.0, 1.0, 1.0, 1.0, 1.0, 1.0, 1.0, 1.0, 1.0, 1.0, 1.0, 1.0, 1.0, 1.0, 1.0, 1.0, 1.0, 1.0, 1.0, 1.0, 1.0, 1.0, 1.0, 1.0, 1.0, 1.0, 1.0, 1.0, 1.0, 1.0, 1.0, 1.0, 1.0, 1.0, 1.0, 1.0, 1.0, 1.0, 1.0, 1.0, 1.0, 1.0, 1.0, 1.0, 1.0, 1.0, 1.0, 1.0, 1.0, 1.0, 1.0, 1.0, 1.0, 1.0, 1.0, 1.0, 1.0, 1.0, 1.0, 1.0, 1.0, 1.0, 1.0, 1.0, 1.0, 1.0, 1.0, 1.0, 1.0, 1.0, 1.0, 1.0, 1.0, 1.0, 1.0, 1.0, 1.0, 1.0, 1.0, 1.0, 1.0, 1.0, 1.0, 1.0, 1.0, 1.0, 1.0, 1.0, 1.0, 1.0, 1.0, 1.0, 1.0, 1.0, 1.0, 1.0, 1.0, 1.0, 1.0, 1.0, 1.0, 1.0, 1.0, 1.0, 1.0, 1.0, 1.0, 1.0, 1.0, 1.0, 1.0, 1.0, 1.0, 1.0, 1.0, 1.0, 1.0, 1.0, 1.0, 1.0, 1.0, 1.0, 1.0, 1.0, 1.0, 1.0, 1.0, 1.0, 1.0, 1.0, 1.0, 1.0, 1.0, 1.0, 1.0, 1.0, 1.0, 1.0, 1.0, 1.0, 1.0, 1.0, 1.0, 1.0, 1.0, 1.0, 1.0, 1.0, 1.0, 1.0, 1.0, 1.0, 1.0, 1.0, 1.0, 1.0, 1.0, 1.0, 1.0, 1.0, 1.0, 1.0, 1.0, 1.0, 1.0, 1.0, 1.0, 1.0, 1.0, 1.0, 1.0, 1.0, 1.0, 1.0, 1.0, 1.0, 1.0, 1.0, 1.0, 1.0, 1.0, 1.0, 1.0, 1.0, 1.0, 1.0, 1.0, 1.0, 1.0, 1.0, 1.0, 1.0, 1.0, 1.0, 1.0, 1.0, 1.0, 1.0, 1.0, 1.0, 1.0, 1.0, 1.0, 1.0, 1.0, 1.0, 1.0, 1.0, 1.0, 1.0, 1.0, 1.0, 1.0, 1.0, 1.0, 1.0, 1.0, 1.0, 1.0, 1.0, 1.0, 1.0, 1.0, 1.0, 1.0, 1.0, 1.0, 1.0, 1.0, 1.0, 1.0, 1.0, 1.0, 1.0, 1.0, 1.0, 1.0, 1.0, 1.0, 1.0, 1.0, 1.0, 1.0, 1.0, 1.0, 1.0, 1.0, 1.0, 1.0, 1.0, 1.0, 1.0, 1.0, 1.0, 1.0, 1.0, 1.0, 1.0, 1.0, 1.0, 1.0, 1.0, 1.0, 1.0, 1.0, 1.0, 1.0, 1.0, 1.0, 1.0, 1.0, 1.0, 1.0, 1.0, 1.0, 1.0, 1.0, 1.0, 1.0, 1.0, 1.0, 1.0, 1.0, 1.0, 1.0, 1.0, 1.0, 1.0, 1.0, 1.0, 1.0, 1.0, 1.0, 1.0, 1.0, 1.0, 1.0, 1.0, 1.0, 1.0, 1.0, 1.0, 1.0, 1.0, 1.0, 1.0, 1.0, 1.0, 1.0, 1.0, 1.0, 1.0, 1.0, 1.0, 1.0, 1.0, 1.0, 1.0, 1.0, 1.0, 1.0, 1.0, 1.0, 1.0, 1.0, 1.0, 1.0, 1.0, 1.0, 1.0, 1.0, 1.0, 1.0, 1.0, 1.0, 1.0, 1.0, 1.0, 1.0, 1.0, 1.0, 1.0, 1.0, 1.0, 1.0, 1.0, 1.0, 1.0, 1.0, 1.0, 1.0, 1.0, 1.0, 1.0, 1.0, 1.0, 1.0, 1.0, 1.0, 1.0, 1.0, 1.0, 1.0, 1.0, 1.0, 1.0, 1.0, 1.0, 1.0, 1.0, 1.0, 1.0, 1.0, 1.0, 1.0, 1.0, 1.0, 1.0, 1.0, 1.0, 1.0, 1.0, 1.0, 1.0, 1.0, 1.0, 1.0, 1.0, 1.0, 1.0, 1.0, 1.0, 1.0, 1.0, 1.0, 1.0, 1.0, 1.0, 1.0, 1.0, 1.0, 1.0, 1.0, 1.0, 1.0, 1.0, 1.0, 1.0, 1.0, 1.0, 1.0, 1.0, 1.0, 1.0, 1.0, 1.0, 1.0, 1.0, 1.0, 1.0, 1.0, 1.0, 1.0, 1.0, 1.0, 1.0, 1.0, 1.0, 1.0, 1.0, 1.0, 1.0, 1.0, 1.0, 1.0, 1.0, 1.0, 1.0, 1.0, 1.0, 1.0, 1.0, 1.0, 1.0, 1.0, 1.0, 1.0, 1.0, 1.0, 1.0, 1.0, 1.0, 1.0, 1.0, 1.0, 1.0, 1.0, 1.0, 1.0, 1.0, 1.0, 1.0, 1.0, 1.0, 1.0, 1.0, 1.0, 1.0, 1.0, 1.0, 1.0, 1.0, 1.0, 1.0, 1.0, 1.0, 1.0, 1.0, 1.0, 1.0, 1.0, 1.0, 1.0, 1.0, 1.0, 1.0, 1.0, 1.0, 1.0, 1.0, 1.0, 1.0, 1.0, 1.0, 1.0, 1.0, 1.0, 1.0, 1.0, 1.0, 1.0, 1.0, 1.0, 1.0, 1.0, 1.0, 1.0, 1.0, 1.0, 1.0, 1.0, 1.0, 1.0, 1.0, 1.0, 1.0, 1.0, 1.0, 1.0, 1.0, 1.0, 1.0, 1.0, 1.0, 1.0, 1.0, 1.0, 1.0, 1.0, 1.0, 1.0, 1.0, 1.0, 1.0, 1.0, 1.0, 1.0, 1.0, 1.0, 1.0, 1.0, 1.0, 1.0, 1.0, 1.0, 1.0, 1.0, 1.0, 1.0, 1.0, 1.0, 1.0, 1.0, 1.0, 1.0, 1.0, 1.0, 1.0, 1.0, 1.0, 1.0, 1.0, 1.0, 1.0, 1.0, 1.0, 1.0, 1.0, 1.0, 1.0, 1.0, 1.0, 1.0, 1.0, 1.0, 1.0, 1.0, 1.0, 1.0, 1.0, 1.0, 1.0, 1.0, 1.0, 1.0, 1.0, 1.0, 1.0, 1.0, 1.0, 1.0, 1.0, 1.0, 1.0, 1.0, 1.0, 1.0, 1.0, 1.0, 1.0, 1.0, 1.0, 1.0, 1.0, 1.0, 1.0, 1.0, 1.0, 1.0, 1.0, 1.0, 1.0, 1.0, 1.0, 1.0, 1.0, 1.0, 1.0, 1.0, 1.0, 1.0, 1.0, 1.0, 1.0, 1.0, 1.0, 1.0, 1.0, 1.0, 1.0, 1.0, 1.0, 1.0, 1.0, 1.0, 1.0, 1.0, 1.0, 1.0, 1.0, 1.0, 1.0, 1.0, 1.0, 1.0, 1.0, 1.0, 1.0, 1.0, 1.0, 1.0, 1.0, 1.0, 1.0, 1.0, 1.0, 1.0, 1.0, 1.0, 1.0, 1.0, 1.0, 1.0, 1.0, 1.0, 1.0, 1.0, 1.0, 1.0, 1.0, 1.0, 1.0, 1.0, 1.0, 1.0, 1.0, 1.0, 1.0, 1.0, 1.0, 1.0, 1.0, 1.0, 1.0, 1.0, 1.0, 1.0, 1.0, 1.0, 1.0, 1.0, 1.0, 1.0, 1.0, 1.0, 1.0, 1.0, 1.0, 1.0, 1.0, 1.0, 1.0, 1.0, 1.0, 1.0, 1.0, 1.0, 1.0, 1.0, 1.0, 1.0, 1.0, 1.0, 1.0, 1.0, 1.0, 1.0, 1.0, 1.0, 1.0, 1.0, 1.0, 1.0, 1.0, 1.0, 1.0, 1.0, 1.0, 1.0, 1.0, 1.0, 1.0, 1.0, 1.0, 1.0, 1.0, 1.0, 1.0, 1.0, 1.0, 1.0, 1.0, 1.0, 1.0, 1.0, 1.0, 1.0, 1.0, 1.0, 1.0, 1.0, 1.0, 1.0, 1.0, 1.0, 1.0, 1.0, 1.0, 1.0, 1.0, 1.0, 1.0, 1.0, 1.0, 1.0, 1.0, 1.0, 1.0, 1.0, 1.0, 1.0, 1.0, 1.0, 1.0, 1.0, 1.0, 1.0, 1.0, 1.0, 1.0, 1.0, 1.0, 1.0, 1.0, 1.0, 1.0, 1.0, 1.0, 1.0, 1.0, 1.0, 1.0, 1.0, 1.0, 1.0, 1.0, 1.0, 1.0, 1.0, 1.0, 1.0, 1.0, 1.0, 1.0, 1.0, 1.0, 1.0, 1.0, 1.0, 1.0, 1.0, 1.0, 1.0, 1.0, 1.0, 1.0, 1.0, 1.0, 1.0, 1.0, 1.0, 1.0, 1.0, 1.0, 1.0, 1.0, 1.0, 1.0, 1.0, 1.0, 1.0, 1.0, 1.0, 1.0, 1.0, 1.0, 1.0, 1.0, 1.0, 1.0, 1.0, 1.0, 1.0, 1.0, 1.0, 1.0, 1.0, 1.0, 1.0, 1.0, 1.0, 1.0, 1.0, 1.0, 1.0, 1.0, 1.0, 1.0, 1.0, 1.0, 1.0, 1.0, 1.0, 1.0, 1.0, 1.0, 1.0, 1.0, 1.0, 1.0, 1.0, 1.0, 1.0, 1.0, 1.0, 1.0, 1.0, 1.0, 1.0, 1.0, 1.0, 1.0, 1.0, 1.0, 1.0, 1.0, 1.0, 1.0, 1.0, 1.0, 1.0, 1.0, 1.0, 1.0, 1.0, 1.0, 1.0, 1.0, 1.0, 1.0, 1.0, 1.0, 1.0, 1.0, 1.0, 1.0, 1.0, 1.0, 1.0, 1.0, 1.0, 1.0, 1.0, 1.0, 1.0, 1.0, 1.0, 1.0, 1.0, 1.0, 1.0, 1.0, 1.0, 1.0, 1.0, 1.0, 1.0, 1.0, 1.0, 1.0, 1.0, 1.0, 1.0, 1.0, 1.0, 1.0, 1.0, 1.0, 1.0, 1.0, 1.0, 1.0, 1.0, 1.0, 1.0, 1.0, 1.0, 1.0, 1.0, 1.0, 1.0, 1.0, 1.0, 1.0, 1.0, 1.0, 1.0, 1.0, 1.0, 1.0, 1.0, 1.0, 1.0, 1.0, 1.0, 1.0, 1.0, 1.0, 1.0, 1.0, 1.0, 1.0, 1.0, 1.0, 1.0, 1.0, 1.0, 1.0, 1.0, 1.0, 1.0, 1.0, 1.0, 1.0, 1.0, 1.0, 1.0, 1.0, 1.0, 1.0, 1.0, 1.0, 1.0, 1.0, 1.0, 1.0, 1.0, 1.0, 1.0, 1.0, 1.0, 1.0, 1.0, 1.0, 1.0, 1.0, 1.0, 1.0, 1.0, 1.0, 1.0, 1.0, 1.0, 1.0, 1.0, 1.0, 1.0, 1.0, 1.0, 1.0, 1.0, 1.0, 1.0, 1.0, 1.0, 1.0, 1.0, 1.0, 1.0, 1.0, 1.0, 1.0, 1.0, 1.0, 1.0, 1.0, 1.0, 1.0, 1.0, 1.0, 1.0, 1.0, 1.0, 1.0, 1.0, 1.0, 1.0, 1.0, 1.0, 1.0, 1.0, 1.0, 1.0, 1.0, 1.0, 1.0, 1.0, 1.0, 1.0, 1.0, 1.0, 1.0, 1.0, 1.0, 1.0, 1.0, 1.0, 1.0, 1.0, 1.0, 1.0, 1.0, 1.0, 1.0, 1.0, 1.0, 1.0, 1.0, 1.0, 1.0, 1.0, 1.0, 1.0, 1.0, 1.0, 1.0, 1.0, 1.0, 1.0, 1.0, 1.0, 1.0, 1.0, 1.0, 1.0, 1.0, 1.0, 1.0, 1.0, 1.0, 1.0, 1.0, 1.0, 1.0, 1.0, 1.0, 1.0, 1.0, 1.0, 1.0, 1.0, 1.0, 1.0, 1.0, 1.0, 1.0, 1.0, 1.0, 1.0, 1.0, 1.0, 1.0, 1.0, 1.0, 1.0, 1.0, 1.0, 1.0, 1.0, 1.0, 1.0, 1.0, 1.0, 1.0, 1.0, 1.0, 1.0, 1.0, 1.0, 1.0, 1.0, 1.0, 1.0, 1.0, 1.0, 1.0, 1.0, 1.0, 1.0, 1.0, 1.0, 1.0, 1.0, 1.0, 1.0, 1.0, 1.0, 1.0, 1.0, 1.0, 1.0, 1.0, 1.0, 1.0, 1.0, 1.0, 1.0, 1.0, 1.0, 1.0, 1.0, 1.0, 1.0, 1.0, 1.0, 1.0, 1.0, 1.0, 1.0, 1.0, 1.0, 1.0, 1.0, 1.0, 1.0, 1.0, 1.0, 1.0, 1.0, 1.0, 1.0, 1.0, 1.0, 1.0, 1.0, 1.0, 1.0, 1.0, 1.0, 1.0, 1.0, 1.0, 1.0, 1.0, 1.0, 1.0, 1.0, 1.0, 1.0, 1.0, 1.0, 1.0, 1.0, 1.0, 1.0, 1.0, 1.0, 1.0, 1.0, 1.0, 1.0, 1.0, 1.0, 1.0, 1.0, 1.0, 1.0, 1.0, 1.0, 1.0, 1.0, 1.0, 1.0, 1.0, 1.0, 1.0, 1.0, 1.0, 1.0, 1.0, 1.0, 1.0, 1.0, 1.0, 1.0, 1.0, 1.0, 1.0, 1.0, 1.0, 1.0, 1.0, 1.0, 1.0, 1.0, 1.0, 1.0, 1.0, 1.0, 1.0, 1.0, 1.0, 1.0, 1.0, 1.0, 1.0, 1.0, 1.0, 1.0, 1.0, 1.0, 1.0, 1.0, 1.0, 1.0, 1.0, 1.0, 1.0, 1.0, 1.0, 1.0, 1.0, 1.0, 1.0, 1.0, 1.0, 1.0, 1.0, 1.0, 1.0, 1.0, 1.0, 1.0, 1.0, 1.0, 1.0, 1.0, 1.0, 1.0, 1.0, 1.0, 1.0, 1.0, 1.0, 1.0, 1.0, 1.0, 1.0, 1.0, 1.0, 1.0, 1.0, 1.0, 1.0, 1.0, 1.0, 1.0, 1.0, 1.0, 1.0, 1.0, 1.0, 1.0, 1.0, 1.0, 1.0, 1.0, 1.0, 1.0, 1.0, 1.0, 1.0, 1.0, 1.0, 1.0, 1.0, 1.0, 1.0, 1.0, 1.0, 1.0, 1.0, 1.0, 1.0, 1.0, 1.0, 1.0, 1.0, 1.0, 1.0, 1.0, 1.0, 1.0, 1.0, 1.0, 1.0, 1.0, 1.0, 1.0, 1.0, 1.0, 1.0, 1.0, 1.0, 1.0, 1.0, 1.0, 1.0, 1.0, 1.0, 1.0, 1.0, 1.0, 1.0, 1.0, 1.0, 1.0, 1.0, 1.0, 1.0, 1.0, 1.0, 1.0, 1.0, 1.0, 1.0, 1.0, 1.0, 1.0, 1.0, 1.0, 1.0, 1.0, 1.0, 1.0, 1.0, 1.0, 1.0, 1.0, 1.0, 1.0, 1.0, 1.0, 1.0, 1.0, 1.0, 1.0, 1.0, 1.0, 1.0, 1.0, 1.0, 1.0, 1.0, 1.0, 1.0, 1.0, 1.0, 1.0, 1.0, 1.0, 1.0, 1.0, 1.0, 1.0, 1.0, 1.0, 1.0, 1.0, 1.0, 1.0, 1.0, 1.0, 1.0, 1.0, 1.0, 1.0, 1.0, 1.0, 1.0, 1.0, 1.0, 1.0, 1.0, 1.0, 1.0, 1.0, 1.0, 1.0, 1.0, 1.0, 1.0, 1.0, 1.0, 1.0, 1.0, 1.0, 1.0, 1.0, 1.0, 1.0, 1.0, 1.0, 1.0, 1.0, 1.0, 1.0, 1.0, 1.0, 1.0, 1.0, 1.0, 1.0, 1.0, 1.0, 1.0, 1.0, 1.0, 1.0, 1.0, 1.0, 1.0, 1.0, 1.0, 1.0, 1.0, 1.0, 1.0, 1.0, 1.0, 1.0, 1.0, 1.0, 1.0, 1.0, 1.0, 1.0, 1.0, 1.0, 1.0, 1.0, 1.0, 1.0, 1.0, 1.0, 1.0, 1.0, 1.0, 1.0, 1.0, 1.0, 1.0, 1.0, 1.0, 1.0, 1.0, 1.0, 1.0, 1.0, 1.0, 1.0, 1.0, 1.0, 1.0, 1.0, 1.0, 1.0, 1.0, 1.0, 1.0, 1.0, 1.0, 1.0, 1.0, 1.0, 1.0, 1.0, 1.0, 1.0, 1.0, 1.0, 1.0, 1.0, 1.0, 1.0, 1.0, 1.0, 1.0, 1.0, 1.0, 1.0, 1.0, 1.0, 1.0, 1.0, 1.0, 1.0, 1.0]
